기준연도,학교명,학과,계열,재학생,1인당장학금
2010,가야대학교,자율전공학부,공학계열,49,2278100
2010,가야대학교 _제2캠퍼스,방사선학과,의학계열,172,649000
2010,가야대학교 _제2캠퍼스,호텔조리영양학과,자연과학계열,98,1013000
2010,가천대학교,자유전공학부(인문),공학계열,122,1641100
2010,가천대학교,식품생물공학과,공학계열,180,915600
2010,가천의과학대학교,자율전공학과,공학계열,26,834300
2010,가천의과학대학교,운동복지전공,인문사회계열,46,1341200
2010,가천의과학대학교,의료공학과,의학계열,126,1223100
2010,가톨릭대학교,사회과학부,자연과학계열,176,2497600
2010,가톨릭대학교,자연과학부,자연과학계열,124,774300
2010,가톨릭대학교,미디어공학전공,공학계열,59,1311500
2010,가톨릭대학교,사회학전공,인문사회계열,98,1328600
2010,가톨릭대학교 _제3캠퍼스,신학과,인문사회계열,221,4867100
2010,감리교신학대학교,공과대학자율전공학부,공학계열,30,1123600
2010,감리교신학대학교,임산제지공학과군,공학계열,211,1247900
2010,감리교신학대학교,농업공학부,공학계열,167,974500
2010,감리교신학대학교,생물공학과,공학계열,107,939500
2010,감리교신학대학교,에너지.자원공학과,공학계열,102,2095600
2010,감리교신학대학교,생물자원공학부,공학계열,159,855400
2010,감리교신학대학교,시스템면역과학전공,공학계열,25,931800
2010,감리교신학대학교,응용생물학과,자연과학계열,32,404600
2010,감리교신학대학교,식물자원응용공학과,공학계열,34,678800
2010,감리교신학대학교,사회학과,인문사회계열,35,415600
2010,감리교신학대학교,동물식품응용과학과,자연과학계열,61,1029500
2010,감리교신학대학교,제지공학과,공학계열,39,298400
2010,강원대학교 _제2캠퍼스,재난관리공학전공,공학계열,102,1997800
2010,강원대학교 _제2캠퍼스,메카트로닉스공학전공,공학계열,35,663600
2010,강원대학교 _제2캠퍼스,에너지・자원공학전공,공학계열,54,1438300
2010,강원대학교 _제2캠퍼스,메카트로닉스공학과,공학계열,41,926300
2010,강원대학교 _제2캠퍼스,응용생물과학전공,자연과학계열,86,1849800
2010,강원대학교 _제2캠퍼스,인터넷・미디어공학부,공학계열,160,1654000
2010,강원대학교 _제2캠퍼스,미생물공학전공,공학계열,124,1508500
2010,강원대학교 _제2캠퍼스,신재생에너지공학과,공학계열,22,1821400
2010,강원대학교 _제2캠퍼스,가스에너지공학과,공학계열,17,2760300
2010,건양대학교,건설시스템공학과,공학계열,150,1047500
2010,건양대학교,복지스포츠학과,예체능계열,135,1774400
2010,건양대학교,제약공학과,의학계열,200,1254800
2010,건양대학교 _제2캠퍼스,외식・조리학과,자연과학계열,103,996700
2010,경남대학교,나노공학과,공학계열,94,705300
2010,경남대학교,생산자동화시스템전공,공학계열,39,1046700
2010,경남대학교,"로봇,자동화공학전공",공학계열,125,757500
2010,경남대학교,IT공학부,공학계열,215,2860600
2010,경북대학교,임학・임산공학과군,공학계열,50,980400
2010,경북대학교,생물학과,자연과학계열,49,1155000
2010,경북대학교,임산공학과,공학계열,81,1343600
2010,경북대학교,인문사회자율전공계열,인문사회계열,205,832300
2010,경북대학교,자연과학자율전공계열,자연과학계열,311,1149000
2010,경북대학교,자연과학계열,자연과학계열,11,14110800
2010,경북대학교,동물공학과,공학계열,22,440600
2010,경북대학교,식품공학과,공학계열,16,1493100
2010,경북대학교,나노소재공학부 나노공학전공,공학계열,15,1759600
2010,경북대학교,생태자원응용학부 생물응용전공,자연과학계열,19,957900
2010,경북대학교,식품과학부 식품공학전공,공학계열,30,1117000
2010,경북대학교,헬스케어복지학부,의학계열,106,2528600
2010,경상국립대학교,미생물학전공,자연과학계열,103,1403000
2010,경상국립대학교,생물학전공,자연과학계열,104,882100
2010,경상국립대학교,일반사회전공,인문사회계열,32,870800
2010,경성대학교,인터넷공학전공,공학계열,58,1093600
2010,경성대학교,모바일공학과,공학계열,125,2632700
2010,경일대학교,신재생에너지학과,공학계열,40,661800
2010,경일대학교,로봇응용학과,공학계열,76,635400
2010,경일대학교,패션스타일리스트학과,예체능계열,77,1005700
2010,경일대학교,자연계열자율전공학과,공학계열,38,670000
2010,경일대학교,건설공학부,공학계열,260,1040700
2010,경희대학교,자율전공학과(인문),공학계열,230,1332200
2010,경희대학교 _분교,유전공학과,공학계열,353,1837600
2010,경희대학교 _분교,동서의료공학과,의학계열,211,2233100
2010,경희대학교 _분교,원자력공학과,공학계열,163,2039000
2010,경희대학교 _분교,NGO학과,인문사회계열,223,526600
2010,경희대학교 _분교,노인복지학과,인문사회계열,223,667500
2010,계명대학교,패션마케팅학과,예체능계열,170,1769200
2010,계명대학교,의용공학과,공학계열,30,1703000
2010,계명대학교,자연과학대학,자연과학계열,39,269100
2010,계명대학교,사회과학대학,자연과학계열,45,669000
2010,계명대학교,미생물학과,자연과학계열,81,941600
2010,계명대학교,교통공학과,공학계열,111,1067300
2010,고려대학교,식품공학부,공학계열,130,2071400
2010,고려대학교,치기공학과,의학계열,130,1555500
2010,고려대학교,조형학부,예체능계열,129,1743200
2010,고려대학교,자유전공학부,공학계열,115,1111300
2010,고려대학교(세종) _분교,인문사회학부,인문사회계열,149,799600
2010,광운대학교,자연과학군,자연과학계열,165,128500
2010,광운대학교,로봇학부,공학계열,76,1110500
2010,광운대학교,전파공학과,공학계열,280,1184400
2010,광주교육대학교,자연과학부(생물학전공),자연과학계열,61,764100
2010,광주교육대학교,식품과학과,자연과학계열,184,1040900
2010,국립경국대학교,멀티미디어공학전공,공학계열,120,931500
2010,국립공주대학교,전파공학전공,공학계열,112,775600
2010,국립공주대학교,식품공학전공,공학계열,44,1354200
2010,국립공주대학교,광공학전공,공학계열,55,994800
2010,국립공주대학교,식물자원학과(2),자연과학계열,13,333000
2010,국립공주대학교,금형설계공학전공,공학계열,22,892400
2010,국립공주대학교,식품과학부,자연과학계열,83,694600
2010,국립공주대학교,카툰코믹스전공(2),인문사회계열,70,579900
2010,국립군산대학교,제어로봇시스템공학과,공학계열,60,1273200
2010,국립군산대학교,제어로봇공학과,공학계열,101,1430400
2010,국립목포해양대학교,해상운송시스템학부,공학계열,826,1757200
2010,국립목포해양대학교,기관시스템공학부,공학계열,823,1650500
2010,국립목포해양대학교,소재프로세스공학전공,공학계열,114,907700
2010,국립목포해양대학교,생태공학과,공학계열,103,1156600
2010,국립목포해양대학교,IT융합응용공학과,공학계열,74,757600
2010,국립목포해양대학교,에너지자원공학과,공학계열,122,1695900
2010,국립목포해양대학교,자원생물학과,자연과학계열,172,854800
2010,국립목포해양대학교,냉동공조공학과,공학계열,349,1547200
2010,국립목포해양대학교,이미지시스템공학과,공학계열,264,811600
2010,국립목포해양대학교,자유전공학부(자연),공학계열,57,733000
2010,국립창원대학교,자율전공학부(인문.사회),공학계열,37,985000
2010,국립창원대학교,메카트로닉스공학부,공학계열,13,355900
2010,국립창원대학교,화공시스템공학과,공학계열,149,1814800
2010,국립한국교통대학교,에너지시스템공학과,공학계열,65,616100
2010,국립한국교통대학교,화공생물공학과,공학계열,69,755800
2010,국립한국해양대학교,수중기술학과,공학계열,55,0
2010,국립한국해양대학교,물류시스템공학과,공학계열,193,1476500
2010,국민대학교,건설시스템공학부,공학계열,134,826400
2010,국민대학교,건설시스템공학전공,공학계열,247,930400
2010,국민대학교,예체능학부,인문사회계열,260,940900
2010,극동대학교,태양광공학과,공학계열,35,1145700
2010,극동대학교,비지니스,인문사회계열,88,771100
2010,극동대학교,무전공학부,공학계열,96,7476100
2010,남부대학교,호텔조리학과,자연과학계열,75,731800
2010,남서울대학교(산업대),분자생물학과,자연과학계열,213,800500
2010,남서울대학교(산업대),파이버시스템공학과,공학계열,30,554400
2010,단국대학교(천안) _분교,공학부,공학계열,303,1360200
2010,단국대학교(천안) _분교,에너지공학과,공학계열,44,999000
2010,대구대학교,자율전공학부(자연공학계열),공학계열,69,630800
2010,대구대학교,놀이치료학과,의학계열,196,325600
2010,대구대학교,행동치료학과,의학계열,224,322400
2010,대구외국어대학교,식품조리학전공,자연과학계열,61,1001500
2010,대구외국어대학교,한방식품조리영양학부,자연과학계열,68,694400
2010,대구외국어대학교,한방식품약리학과,자연과학계열,166,1093800
2010,대구외국어대학교,한방제약공학과,의학계열,170,1414000
2010,대구외국어대학교,한약재생산가공학과,의학계열,42,1170200
2010,동명대학교,로봇시스템공학과,공학계열,79,1044400
2010,동명대학교,물류시스템전공,공학계열,211,1500300
2010,동명대학교,미디어공학과,공학계열,119,1404800
2010,동서대학교,신발지식공학전공,공학계열,38,814800
2010,동신대학교,수소에너지학과,공학계열,54,2286000
2010,동신대학교,보석공학과,공학계열,85,1839600
2010,동신대학교,유전공학전공,공학계열,55,1847700
2010,동신대학교,응용생물공학전공,공학계열,35,2024400
2010,동신대학교,응용생물공학과,공학계열,122,1288200
2010,동신대학교,융합부품공학과,공학계열,48,644400
2010,명신대학교,청소년복지학과,인문사회계열,66,440800
2010,명지대학교 _제2캠퍼스,지능로봇공학과,공학계열,80,1188900
2010,명지대학교 _제2캠퍼스,미생물나노소재학과,공학계열,24,1436700
2010,배재대학교,복지신학과,인문사회계열,94,1192000
2010,부산교육대학교,유기소재시스템공학과,공학계열,202,1181200
2010,부산교육대학교,조형학과,예체능계열,56,1075200
2010,부산교육대학교,나노융합공학과,공학계열,37,786200
2010,부산교육대학교,나노소재공학과,공학계열,93,1901900
2010,부산교육대학교,나노메카트로닉스공학과,공학계열,90,1577700
2010,부산교육대학교,나노메디컬공학과,공학계열,88,2171800
2010,상명대학교,에너지그리드학과,공학계열,30,1150900
2010,상명대학교,가구조형전공,예체능계열,52,1003500
2010,상주대학교,생물응용학과,자연과학계열,20,545200
2010,상주대학교,생물응용학전공,자연과학계열,43,951300
2010,상지대학교,건설공학군 건설시스템공학과,공학계열,194,902700
2010,상지대학교,건설공학군 신에너지.자원공학과,공학계열,48,790500
2010,상지대학교,건설공학군 자원공학과,공학계열,41,1161100
2010,상지대학교,한방의료공학과,의학계열,107,1751600
2010,서강대학교,사회과학계,자연과학계열,111,983800
2010,서울과학기술대학교(산업대),제품설계금형공학과,공학계열,317,844100
2010,서울과학기술대학교(산업대),시설물유지관리공학과,공학계열,27,218000
2010,서울과학기술대학교(산업대),건설공학부 구조공학전공,공학계열,115,681200
2010,서울교육대학교,응용생물학전공,자연과학계열,79,0
2010,서울교육대학교,원자핵공학과,공학계열,118,2320700
2010,서울교육대학교,공학계열,공학계열,119,2303300
2010,서울교육대학교,사회과학계열,자연과학계열,366,920000
2010,서울시립대학교,자연자율전공학부,공학계열,51,1003800
2010,서울시립대학교,인문자율전공학부,공학계열,137,922300
2010,서원대학교,생활복지학과,인문사회계열,175,700600
2010,선교청대학교,하이브리드공학과,공학계열,57,629300
2010,성공회대학교,멀티미디어시스템공학과,공학계열,126,1098600
2010,성신여자대학교,자율전공학부(자연),공학계열,26,5252100
2010,세종대학교,식품공학전공/식품공학부,공학계열,81,1293500
2010,세종대학교,분자생물학전공/분자생물학부,자연과학계열,62,904700
2010,세종대학교,외식창업프랜차이즈학과,자연과학계열,389,729600
2010,세종대학교,자유전공학과,공학계열,19,1070700
2010,세한대학교,복지상담학과,인문사회계열,96,2175600
2010,세한대학교,인문사회대학,인문사회계열,50,1735900
2010,순천향대학교,의료IT공학과,의학계열,111,1869100
2010,순천향대학교,경찰교정학과,인문사회계열,68,1285200
2010,신경주대학교,호텔・조리학과,자연과학계열,13,50700
2010,신경주대학교,외식ㆍ조리학전공,자연과학계열,37,866300
2010,신경주대학교,생물과학과,자연과학계열,115,1129600
2010,안양대학교,디지털미디어공학전공,공학계열,38,1183000
2010,안양대학교,상경계열,인문사회계열,373,58900
2010,연세대학교(미래) _분교,생물자원공학전공,공학계열,42,2036400
2010,연세대학교(미래) _분교,응용미생물학과,자연과학계열,24,790800
2010,연세대학교(미래) _분교,식품학부,자연과학계열,69,872900
2010,영산대학교,교통시스템학과,공학계열,70,901100
2010,영산대학교,서양조리학과,자연과학계열,142,471500
2010,영산대학교,한국식품조리학과,자연과학계열,140,533500
2010,영산대학교,동양조리학과,자연과학계열,112,429100
2010,예수대학교,스포츠무도복지학과,예체능계열,152,3867600
2010,예수대학교,스포츠복지학부,예체능계열,140,1539600
2010,우석대학교,동물자원식품학과,자연과학계열,31,992100
2010,우석대학교,실버복지학과,인문사회계열,175,824700
2010,우석대학교,외식조리영양학부,자연과학계열,140,1197200
2010,우석대학교,외식조리학부,자연과학계열,197,2634000
2010,우석대학교,외식조리유학과,자연과학계열,44,2191800
2010,우석대학교,식품생물과학과,자연과학계열,84,1433100
2010,울산과학기술원,첨단소재공학부,공학계열,486,1191400
2010,원광대학교,자연과학자율전공학부,공학계열,39,1563800
2010,원광대학교,인문사회자율전공학부,공학계열,56,389100
2010,위덕대학교,식음료조리전공,자연과학계열,27,535100
2010,위덕대학교,호텔조리전공,자연과학계열,19,5103700
2010,위덕대학교,건설공학전공,공학계열,11,1439200
2010,유원대학교,와인발효식품학과,자연과학계열,104,1407400
2010,유원대학교,호텔외식조리학과,자연과학계열,134,1077000
2010,을지대학교 _제2캠퍼스,건강식품과학전공,자연과학계열,38,4725400
2010,을지대학교 _제2캠퍼스,외식조리학전공,자연과학계열,55,1079400
2010,이화여자대학교,사회생활학과,인문사회계열,375,1432700
2010,인제대학교,나노공학부,공학계열,310,1598300
2010,인제대학교,생활상담복지학부,인문사회계열,147,1318900
2010,인제대학교 _제2캠퍼스,임베디드시스템공학과,공학계열,162,1011600
2010,인하대학교,나노시스템공학부,공학계열,113,642200
2010,인하대학교,사회기반시스템공학부,공학계열,197,653600
2010,장로회신학대학교,응용생물공학부,공학계열,442,1143700
2010,장로회신학대학교,교통・물류시스템공학부,공학계열,10,1352100
2010,장로회신학대학교,식품공학・영양학부,공학계열,54,778100
2010,전북대학교,응용시스템공학부(사회기반공학전공),공학계열,26,773400
2010,전북대학교,사회기반공학과,공학계열,27,701500
2010,전북대학교,생물과학부(생물학전공),자연과학계열,110,897700
2010,전북대학교,생물과학부(분자생물학전공),자연과학계열,156,1336200
2010,전북대학교,자원・에너지공학과,공학계열,172,1046300
2010,전북대학교,농생물학과,자연과학계열,58,1129900
2010,전북대학교,동물소재공학과,공학계열,38,782900
2010,전북대학교,자율전공학부(인문),공학계열,38,7914500
2010,전북대학교,동물자원과학부(동물소재공학전공),공학계열,43,1452700
2010,전북대학교,IT응용시스템공학과,공학계열,49,912600
2010,전북대학교,생물과학부,자연과학계열,90,1265300
2010,전북대학교,응용생물공학부(식품공학전공),공학계열,91,1357000
2010,전북대학교,생물자원과학부(농생물학전공),자연과학계열,73,944000
2010,제주대학교,광기술공학과,공학계열,172,1248100
2010,중부대학교,생물자원과학계열,자연과학계열,76,0
2010,중부대학교,식품생물공학계열,공학계열,84,20600
2010,중앙승가대학교,포교사회학과,인문사회계열,64,961900
2010,중원대학교,에너지자원공학부,공학계열,70,5081500
2010,중원대학교,의료공학부,의학계열,118,4989900
2010,진주산업대학교(산업대),미생물공학과,공학계열,68,984600
2010,춘천교육대학교,나노소재공학전공,공학계열,131,1114000
2010,춘천교육대학교,자유전공학부(과학기술),공학계열,36,1323200
2010,춘천교육대학교,임산공학전공,공학계열,77,858800
2010,춘천교육대학교,자유전공학부(인문・사회과학),공학계열,41,2725000
2010,칼빈대학교,골프시스템학과,공학계열,47,2683000
2010,평택대학교,청소년복지학전공,인문사회계열,132,1056800
2010,한경대학교(산업대),유전체공학전공,공학계열,25,312800
2010,한국과학기술원,원자력및양자공학과,공학계열,28,14765100
2010,한국교통대학교(산업대),제약공학부,의학계열,19,824700
2010,한국산업기술대학교(산업대),LED공학과,공학계열,31,970900
2010,한국산업기술대학교(산업대),로봇제어공학과,공학계열,17,1702600
2010,한국산업기술대학교(산업대),부품소재공학과,공학계열,17,1438000
2010,한국산업기술대학교(산업대),IT융합학과,공학계열,16,1578600
2010,한국산업기술대학교(산업대),메카트로닉스시스템공학과,공학계열,13,1894800
2010,한국산업기술대학교(산업대),나노-광공학과,공학계열,148,1014000
2010,한국산업기술대학교(산업대),보석딜러학과,인문사회계열,105,515000
2010,한국산업기술대학교(산업대),창업학과,인문사회계열,37,674000
2010,한국외국어대학교,사회과학전공,자연과학계열,25,4106500
2010,한국외국어대학교,인문계 자유전공학부,공학계열,32,62500
2010,한국외국어대학교,이공계자유전공학부,공학계열,16,0
2010,한국체육대학교,스포츠건강복지학부,예체능계열,128,858800
2010,한남대학교,소방설비공학과,공학계열,45,444400
2010,한남대학교,응용소재공학과,공학계열,85,542700
2010,한남대학교,생산가공공학전공,공학계열,99,538400
2010,한남대학교,응용소재공학전공,공학계열,101,649300
2010,한북대학교,에너지자원학과,공학계열,28,454300
2010,한양대학교,생체공학전공,공학계열,83,2205000
2010,한양대학교,원자력공학전공,공학계열,76,877700
2010,한양대학교,원자시스템공학전공,공학계열,113,1715900
2010,한양대학교,분자시스템공학전공,공학계열,117,1546200
2010,한양대학교,교통시스템공학 전공,공학계열,122,1700200
2010,한양대학교,인문사회과학부,자연과학계열,180,2497800
2010,한양대학교,호텔외식조리학부,자연과학계열,45,4176100
2010,협성대학교,축구학전공,예체능계열,125,1840700
2010,협성대학교,조리영양학부,자연과학계열,105,1822900
2010,호남신학대학교,패션학과,예체능계열,139,913000
2010,호남신학대학교,모바일시스템공학전공,공학계열,86,1500400
2010,호남신학대학교,로봇공학과,공학계열,80,1298700
2010,호남신학대학교,노인복지학전공,인문사회계열,79,1521700
2010,호남신학대학교,디지털디스플레이공학전공,공학계열,110,2579200
2010,호남신학대학교,시스템제어공학과,공학계열,227,727500
2010,호남신학대학교,식품조리학부,자연과학계열,16,0
2010,호남신학대학교,식품외식조리학부,자연과학계열,150,1737400
2010,홍익대학교,목조형가구학과,예체능계열,128,2022600
2011,가천대학교,에너지IT학과,공학계열,74,787400
2011,가천대학교,자유전공(인문),자연과학계열,97,2793100
2011,강원대학교_제2캠퍼스,생물소재공학전공,공학계열,95,1990800
2011,강원대학교,시스템면역과학과,공학계열,40,1912800
2011,건양대학교,스포츠복지학과,예체능계열,144,2031000
2011,경남과학기술대학교,식품과학부 영양학전공,자연과학계열,26,1090400
2011,경북대학교,에너지공학부,공학계열,30,1782400
2011,경북대학교_제2캠퍼스,영양식품과학과,자연과학계열,72,1049000
2011,경운대학교(산업대),한방자원학과,자연과학계열,13,4119600
2011,공주대학교,금형공학과,공학계열,17,717600
2011,공주대학교,식물자원학과(야간),자연과학계열,35,3298300
2011,관동대학교,에너지플랜트학과,공학계열,20,0
2011,광운대학교,지능시스템전공,공학계열,25,0
2011,광주교육대학교,자율ㆍ융복합전공학부,공학계열,13,2357500
2011,금오공과대학교,에너지・융합소재공학부,공학계열,75,1071600
2011,남서울대학교(산업대),GIS공학과,공학계열,300,1178300
2011,단국대학교,모바일커뮤니케이션공학과,공학계열,34,4058500
2011,동국대학교(경주)_분교,원자력및에너지공학부,공학계열,210,2238700
2011,동명대학교,항만물류시스템전공,공학계열,214,1829700
2011,루터대학교,노인복지학 전공,인문사회계열,28,919100
2011,목포대학교,자연계자율전공학과,공학계열,24,34000
2011,부경대학교,소방공학과,공학계열,115,973700
2011,부산대학교,IT응용공학과,공학계열,38,1043300
2011,부산대학교,분자생물학전공,자연과학계열,118,1043900
2011,부산외국어대학교,글로벌자율전공학부,공학계열,38,5688200
2011,서경대학교,무대기술전공,공학계열,42,737900
2011,서경대학교,패션전공,예체능계열,62,1769400
2011,서울신학대학교,자율전공학부(자연계열),공학계열,51,1432200
2011,세명대학교,모바일어플리케이션개발학과,공학계열,68,855500
2011,순천대학교,자유전공학부(인문사회),공학계열,39,926800
2011,신라대학교,제약공학과(공학),의학계열,39,0
2011,연세대학교,시스템생물학과,공학계열,59,2650200
2011,연세대학교,학부대학 사회과학계열,자연과학계열,397,1927700
2011,예원예술대학교,스포츠레저복지전공,예체능계열,64,2651200
2011,우송대학교,글로벌한식조리학과,자연과학계열,60,2702100
2011,인천대학교,IT공학과,공학계열,17,808600
2011,인천대학교,IT서비스공학과,공학계열,17,183800
2011,전남대학교,자율전공학부(인문・자연),공학계열,40,1581900
2011,전북대학교_제2캠퍼스,유기소재파이버공학과,공학계열,46,593300
2011,전주대학교,한식조리학과,자연과학계열,59,5902500
2011,중앙대학교,사회기반시스템공학부(건설시스템공학전공),공학계열,231,1726900
2011,중앙대학교_제2캠퍼스,식품공학부(식품공학전공),공학계열,124,2000700
2011,중앙대학교,융합공학부,공학계열,65,2203500
2011,한국교통대학교,교통생태공학과,공학계열,25,912800
2011,한국교통대학교,교통시설공학과,공학계열,27,568100
2011,한국국제대학교,그린수송시스템공학과,공학계열,17,0
2011,한국국제대학교,외식조리학과,자연과학계열,52,476000
2011,한국항공대학교,기관공학부,공학계열,82,2102400
2011,한국항공대학교,냉동공조・에너지시스템공학전공,공학계열,166,1025800
2011,한국항공대학교,제어자동화공학전공,공학계열,156,998000
2011,한양대학교,유기나노공학과,공학계열,37,2992800
2011,한중대학교,무술복지학전공,인문사회계열,13,5376000
2012,건국대학교,양자상및소자전공,인문사회계열,10,3765900
2012,경남대학교,식품공학부식품응용공학전공,공학계열,32,2235900
2012,경남대학교,글로벌리더전공,인문사회계열,29,5857500
2012,경남대학교,식품공학부식품소재공학전공,공학계열,27,1701700
2012,경남대학교,식품공학부식품생물공학전공,공학계열,21,1699800
2012,경북외국어대학교,글로벌비즈니스학부(야),인문사회계열,35,2386600
2012,경운대학교,사이버보안학과,공학계열,41,1709300
2012,경운대학교,글로벌커뮤니케이션학부,인문사회계열,81,3204000
2012,국립공주대학교,금형설계공학과,공학계열,24,2622400
2012,국립공주대학교,컨설팅학과,인문사회계열,14,826700
2012,국립공주대학교,메디컬IT융합공학과,공학계열,42,1520600
2012,국립공주대학교,광시스템공학과,공학계열,84,1766500
2012,국립창원대학교,교통사회시스템공학과,공학계열,55,1486400
2012,국립한국해양대학교,건설공학과,공학계열,129,1930200
2012,국립한밭대학교,설비공학과,공학계열,25,1691500
2012,국립한밭대학교,글로벌융합학부(공학계열),공학계열,25,1904800
2012,극동대학교,스마트모바일학과,공학계열,29,2998800
2012,극동대학교,유비쿼터스IT학과,공학계열,31,2202000
2012,극동대학교,응용불교학과,인문사회계열,11,9144300
2012,김천대학교,치유선교복지학과,인문사회계열,26,3524000
2012,대구한의대학교,한약재통상전공,의학계열,16,998100
2012,동국대학교(WISE) _분교,이공학부,공학계열,117,1321600
2012,동명대학교,항만물류시스템학과,공학계열,447,2479400
2012,명지대학교 _제2캠퍼스,반주학부,인문사회계열,119,2390100
2012,명지대학교 _제2캠퍼스,관현악학부 현악전공,예체능계열,92,1755700
2012,명지대학교 _제2캠퍼스,관현악학부 관악전공,예체능계열,76,1804300
2012,명지대학교 _제2캠퍼스,피아노학부,예체능계열,173,2018600
2012,부산대학교,나노응용공학과,공학계열,38,1480600
2012,상명대학교,해킹방어학과,공학계열,20,4309700
2012,상명대학교,공공관리학부,인문사회계열,89,2241900
2012,상명대학교,식물식품공학과,공학계열,176,2629400
2012,서울과학기술대학교,플랜트엔지니어링학과,공학계열,18,1049000
2012,서울기독대학교,기독교복지상담학과,인문사회계열,38,3239900
2012,성결대학교,유학・동양학과,인문사회계열,133,2731700
2012,세종대학교,분자생물학부,자연과학계열,52,2213900
2012,세한대학교,바둑학전공,인문사회계열,14,2172200
2012,순복음총회신학교,의약공학과,공학계열,40,2512400
2012,순복음총회신학교,글로벌통상학과,인문사회계열,768,2921700
2012,순복음총회신학교,외식・조리학전공,자연과학계열,411,1953600
2012,순복음총회신학교,GUInternationalSchool,예체능계열,22,2950600
2012,순복음총회신학교,의료과학과,의학계열,11,910300
2012,아신대학교,자유전공(자연과학계열),자연과학계열,25,1792800
2012,아신대학교,천연향장학과,자연과학계열,31,685500
2012,연세대학교,IT융합공학,공학계열,16,17631800
2012,영산대학교 _제2캠퍼스,아세안비즈니스학과,인문사회계열,130,2353600
2012,영산대학교 _제2캠퍼스,한국비즈니스학과,인문사회계열,38,2295400
2012,우송대학교,GlobalDualDegree학부,인문사회계열,40,4207700
2012,위덕대학교,그린에너지공학부,공학계열,92,3062600
2012,위덕대학교,원전시스템공학전공,공학계열,21,3315600
2012,위덕대학교,발명특허학과,인문사회계열,66,1748400
2012,위덕대학교,스마트IT학부,공학계열,98,1863700
2012,전주교육대학교,건강기능식품전공,자연과학계열,89,0
2012,전주교육대학교,축구전공,예체능계열,92,0
2012,전주교육대학교,스마트미디어학부,인문사회계열,201,2089300
2012,제주국제대학교,애완동물학과,자연과학계열,17,1174600
2012,제주국제대학교,차세대교통차량공학과,공학계열,10,1793300
2012,제주국제대학교,작업치료학과(주간),의학계열,12,1286900
2012,중앙대학교 _제2캠퍼스,영미통상학과,인문사회계열,52,4288600
2012,중앙대학교 _제2캠퍼스,한방식품공학과,공학계열,25,5005900
2012,중앙대학교 _제2캠퍼스,한방자원개발학과,자연과학계열,20,5298300
2012,중앙대학교 _제2캠퍼스,첨단소재공학과,공학계열,13,4216600
2012,중앙대학교 _제2캠퍼스,융합과학부,자연과학계열,94,2883000
2012,충남대학교,과학기술전공,공학계열,32,2092500
2012,충남대학교,해군학전공,인문사회계열,29,0
2012,충남대학교,리더십과조직과학전공,자연과학계열,11,2567200
2012,충남대학교,인문・사회과학전공,자연과학계열,81,2629100
2012,평택대학교,창의IT융합공학과,공학계열,20,195200
2012,한국공학대학교,그린조명공학과,공학계열,18,1245500
2012,한국국제대학교,메카IT융합공학과,공학계열,46,574200
2012,한라대학교,의료IT융합학과,의학계열,20,4549000
2012,한신대학교,교통물류공학과,공학계열,39,1404900
2012,한일장신대학교,디아코니아학,인문사회계열,21,3587300
2012,한중대학교,우슈경호학부,인문사회계열,19,5181500
2012,호서대학교,한방화장품과학전공,자연과학계열,33,3057800
2012,호서대학교,골프전공,예체능계열,28,1137200
2012,호서대학교,디지털비즈니스전공,인문사회계열,46,2095000
2012,호서대학교,로봇자동화공학전공,공학계열,44,1556500
2012,호서대학교,디지털제어공학과,공학계열,43,1085900
2012,호서대학교,창업학전공,인문사회계열,40,1471300
2012,호서대학교,제약공학전공,의학계열,40,2090700
2012,홍익대학교(세종) _분교,세종캠퍼스 자율전공,인문사회계열,65,2539300
2012,가야대학교(김해),항만물류학부(0208667),인문사회계열,269,1980900
2012,가야대학교(김해),방사선학과(0208652),의학계열,178,2137300
2012,가야대학교(김해),작업치료학과(0208651),의학계열,165,1935500
2012,가야대학교(김해),호텔조리영양학과(0208664),자연과학계열,142,1869900
2012,가천대학교,유비쿼터스컴퓨팅전공(0005749),인문사회계열,18,1658600
2012,가천대학교,나노시스템전공(0057573),공학계열,16,3972300
2012,가천대학교,인터랙티브미디어학과(0016381),인문사회계열,50,9379800
2012,가천대학교,수리과학과(0116663),자연과학계열,41,1560000
2012,가천대학교,약과학과(0009923),자연과학계열,13,3221200
2012,가천대학교,멀티미디어전공(0003603),공학계열,11,2115300
2012,가천대학교,관현악과(0034594),예체능계열,181,2113900
2012,가천대학교,식품생물공학과(0041530),공학계열,188,2473400
2012,가천대학교,에너지IT학과(0058948),공학계열,188,2247700
2012,가천대학교,회화과(0038644),예체능계열,193,2107600
2012,가천대학교,조소과(0041786),예체능계열,144,1934300
2012,가천대학교,피아노과(0040251),예체능계열,152,2140700
2012,가천대학교,방사선학과(0009754),의학계열,101,2554600
2012,가천대학교,치위생학과(0118450),의학계열,92,3085100
2012,가천대학교,방사선학과(0115799),의학계열,84,3041700
2012,가천대학교,경상학부(0017946),인문사회계열,125,3943100
2012,가천대학교,치위생학과(0009911),의학계열,105,2932600
2012,가천대학교,응급구조학과(0009535),의학계열,82,2678700
2012,가천대학교,태권도.경호학과(0055050),예체능계열,75,2978600
2012,가천대학교,태권도학과(0036375),예체능계열,78,2998800
2012,가천대학교,응급구조학과(0117506),의학계열,77,3527000
2012,가천대학교,자유전공(인문)(0047758),자연과학계열,77,2393900
2012,가천대학교,인터랙티브미디어학과(0011376),인문사회계열,272,2793300
2012,가천대학교,스포츠레저학부(0007611),예체능계열,138,0
2012,가천대학교,사학과(0017581),인문사회계열,140,2411500
2012,가천대학교,스포츠건강관리학전공(0006467),의학계열,151,3382200
2012,가천대학교,의료공학과(0003765),의학계열,179,2656500
2012,가천대학교,기독교학과(0011540),인문사회계열,67,4677800
2012,가천대학교,범죄수사학전공(0014812),인문사회계열,30,5828100
2012,가천대학교,에너지자원플랜트공학과(0117146),공학계열,29,3370600
2012,가천대학교,미래융합학과(0115717),인문사회계열,25,6988900
2012,가톨릭대학교,생활과학부(0023066),자연과학계열,173,2924800
2012,가톨릭대학교,미디어공학전공(0005893),공학계열,86,2374500
2012,가톨릭대학교,미디어기술콘텐츠학과(0115699),공학계열,62,3617200
2012,가톨릭대학교,국사학전공(0018102),인문사회계열,116,1914200
2012,가톨릭대학교,사회과학부(0014875),자연과학계열,160,3332200
2012,가톨릭대학교,사회학전공(0012728),인문사회계열,137,2208300
2012,가톨릭대학교,자연과학부(0021244),자연과학계열,127,2195000
2012,가톨릭대학교 _제3캠퍼스,신학과(0016057),인문사회계열,239,5084200
2012,감리교신학대학교,신학전공(0018765),인문사회계열,420,2887200
2012,감리교신학대학교,신학부(0016727),인문사회계열,218,2464400
2012,강남대학교,신학과(0019930),인문사회계열,64,2512900
2012,강남대학교,공과대학자율전공학부(0000496),공학계열,24,1934600
2012,강남대학교,자율전공학부(0117796),공학계열,18,2610600
2012,강서대학교,신학부(0010948),인문사회계열,54,2595800
2012,강서대학교,신학부(0017630),인문사회계열,133,3147100
2012,강원대학교,동물자원과학과(0020224),자연과학계열,136,1905900
2012,강원대학교,사회학과(0014262),인문사회계열,138,2208700
2012,강원대학교,응용생물학과(0023178),자연과학계열,124,1547700
2012,강원대학교,시스템면역과학과(0009731),공학계열,82,1910300
2012,강원대학교,지질학과(0020601),자연과학계열,113,1916000
2012,강원대학교,생물공학과(0001727),공학계열,116,2109700
2012,강원대학교,식물자원응용공학과(0022529),공학계열,121,1911700
2012,강원대학교,스포츠과학부(0008405),자연과학계열,187,3239400
2012,강원대학교,동물식품응용과학과(0021287),자연과학계열,148,1883600
2012,강원대학교,사학과(0013925),인문사회계열,149,2196400
2012,강원대학교,에너지.자원공학과(0026726),공학계열,157,2462400
2012,강원대학교,제지공학과(0005050),공학계열,161,1926000
2012,강원대학교,스토리텔링학과(0017431),인문사회계열,70,2049200
2012,강원대학교,생물의소재공학과(0116478),공학계열,28,1321900
2012,강원대학교,나노응용공학과(0115235),공학계열,42,1449300
2012,강원대학교 _제2캠퍼스,재난관리공학전공(0002612),공학계열,98,4100100
2012,강원대학교 _제2캠퍼스,방사선학과(0115798),의학계열,103,4650800
2012,강원대학교 _제2캠퍼스,에너지.자원공학과(0026728),공학계열,111,1964600
2012,강원대학교 _제2캠퍼스,치위생학과(0118448),의학계열,161,3930300
2012,강원대학교 _제2캠퍼스,메카트로닉스공학과(0001666),공학계열,142,1759500
2012,강원대학교 _제2캠퍼스,작업치료학과(0117835),의학계열,128,3970200
2012,강원대학교 _제2캠퍼스,응급구조학과(0117505),의학계열,126,4507100
2012,강원대학교 _제2캠퍼스,생약자원개발학과(0116486),자연과학계열,125,3425700
2012,강원대학교 _제2캠퍼스,레저스포츠학과(0115455),예체능계열,214,2610700
2012,건국대학교,자율전공학부(0117798),공학계열,189,2233900
2012,건국대학교,응용생물과학과(0117519),자연과학계열,183,2615900
2012,건국대학교,상경대학(0013648),인문사회계열,318,2266100
2012,건국대학교,인터넷・미디어공학부(0051958),공학계열,289,2398800
2012,건국대학교,커뮤니케이션학과(0017006),인문사회계열,251,2635100
2012,건국대학교,생물공학과(0116472),공학계열,161,2942400
2012,건국대학교,멀티미디어전공(0005702),공학계열,11,401900
2012,건국대학교,양자상및소자전공(0021344),인문사회계열,10,5360100
2012,건국대학교,동물자원과학과(0115321),자연과학계열,140,2862500
2012,건국대학교,사학과(0018619),인문사회계열,117,2626800
2012,건국대학교,유기나노시스템공학과(0117339),공학계열,98,2418900
2012,건국대학교(글로컬) _분교,스포츠과학부(골프지도전공)(0116737),자연과학계열,125,2155100
2012,건국대학교(글로컬) _분교,자율전공학부(0117800),공학계열,112,2167800
2012,건국대학교(글로컬) _분교,동화미디어콘텐츠학과(0115332),인문사회계열,101,3007900
2012,건국대학교(글로컬) _분교,의용메카트로닉스전공(0041584),공학계열,15,2898500
2012,건국대학교(글로컬) _분교,다이나믹미디어학과(0115279),인문사회계열,53,2733200
2012,건국대학교(글로컬) _분교,경찰학과(0114633),인문사회계열,50,2807200
2012,건국대학교(글로컬) _분교,녹색기술융합학과(0115254),공학계열,41,1815200
2012,건국대학교(글로컬) _분교,생활과학과(0038744),자연과학계열,29,2133500
2012,건양대학교,제약공학과(0009852),의학계열,109,2806600
2012,건양대학교,의료IT공학과(0000999),의학계열,96,3098400
2012,건양대학교,인테리어학과(0006550),예체능계열,93,2893200
2012,건양대학교,Global Frontier School(0114166),인문사회계열,10,6688500
2012,건양대학교,융합IT학부(0117441),공학계열,10,6476500
2012,건양대학교,운동처방학과(0117319),예체능계열,185,3178300
2012,건양대학교,디지털콘텐츠학과(0115431),인문사회계열,181,2901600
2012,건양대학교 _제2캠퍼스,병원관리학과(0017509),의학계열,234,2966500
2012,건양대학교 _제2캠퍼스,치위생학과(0009093),의학계열,210,2510300
2012,건양대학교 _제2캠퍼스,응급구조학과(0009658),의학계열,53,3580400
2012,건양대학교 _제2캠퍼스,작업치료학과(0009296),의학계열,147,2527300
2012,건양대학교 _제2캠퍼스,방사선학과(0009313),의학계열,175,2877400
2012,경기대학교,지식재산학과(0013857),인문사회계열,188,2471800
2012,경기대학교,식품생물공학과(0000885),공학계열,175,2448200
2012,경기대학교,외식・조리학과(0027711),자연과학계열,244,2627100
2012,경기대학교,이벤트학과(0020129),인문사회계열,234,2434900
2012,경기대학교,사학과(0019719),인문사회계열,153,2993500
2012,경기대학교,도예학과(0008532),예체능계열,87,2421800
2012,경기대학교,레저스포츠학과(0115458),예체능계열,38,3843800
2012,경기대학교,레저스포츠・건강학과(0027708),예체능계열,96,3902700
2012,경기대학교,경호보안학과(0028086),공학계열,106,4085600
2012,경기대학교,청소년학과(0018006),인문사회계열,136,3498900
2012,경기대학교,융합보안학과(0004477),공학계열,44,3066800
2012,경기대학교 _제2캠퍼스,연기학과(0007337),예체능계열,111,3101000
2012,경남과학기술대학교,식품과학부 영양학전공(0056118),자연과학계열,74,2650300
2012,경남과학기술대학교,농학 ・한약자원학부(한약자원전공)(0044022),의학계열,50,1862600
2012,경남과학기술대학교,농학 ・한약자원학부(농학전공)(0052249),의학계열,46,2591800
2012,경남과학기술대학교,제약공학과(0009539),의학계열,13,2666600
2012,경남과학기술대학교,메카트로닉스공학과(0004731),공학계열,34,1897500
2012,경남과학기술대학교,동물소재공학과(0022231),공학계열,77,1958400
2012,경남과학기술대학교,메카트로닉스공학과(0004147),공학계열,59,2362200
2012,경남과학기술대학교,자유전공학부(0015033),공학계열,136,2378600
2012,경남과학기술대학교,제약공학과(0009675),의학계열,87,2770100
2012,경남대학교,경찰학과(0013026),인문사회계열,326,2479900
2012,경남대학교,e-비즈니스학과(0017865),인문사회계열,133,1561800
2012,경남대학교,스포츠과학과(0116729),자연과학계열,173,2372600
2012,경남대학교,사회학과(0017309),인문사회계열,86,1662200
2012,경동대학교,경호학과(0008878),인문사회계열,40,2620200
2012,경동대학교,경찰학과(0114634),인문사회계열,72,2782800
2012,경동대학교,치기공학과(0118428),의학계열,78,3416700
2012,경동대학교,응급구조학과(0009755),의학계열,80,3653100
2012,경동대학교,IT공학부(0000817),공학계열,192,3328600
2012,경동대학교,작업치료학과(0009363),의학계열,179,3226100
2012,경동대학교,스포츠마케팅학과(0006105),예체능계열,130,3241200
2012,경동대학교 _제2캠퍼스,호텔조리학부(0119212),자연과학계열,54,2994000
2012,경동대학교 _제3캠퍼스,치위생학과(0118463),의학계열,167,3990800
2012,경북대학교,융복합시스템공학부(0117438),공학계열,67,2485900
2012,경북대학교,임학과(0023404),인문사회계열,86,3104800
2012,경북대학교,식품공학부(0020289),공학계열,108,2109300
2012,경북대학교,에너지공학부(0002400),공학계열,52,2835200
2012,경북대학교,임학・임산공학과군(0050446),공학계열,51,1823600
2012,경북대학교,식품공학부식품응용공학전공(0022887),공학계열,74,2301300
2012,경북대학교,임산공학과(0022463),공학계열,74,3311500
2012,경북대학교,레저스포츠학과(0115456),예체능계열,209,2616400
2012,경북대학교,사학과(0011916),인문사회계열,204,2319900
2012,경북대학교,자율전공부 인문사회자율전공계열(0117791),인문사회계열,194,2076600
2012,경북대학교,지질학과(0022804),자연과학계열,135,2743300
2012,경북대학교,자율전공부 자연과학자율전공계열(0117792),자연과학계열,158,2522400
2012,경북대학교,사회학과(0018359),인문사회계열,157,2425300
2012,경북대학교,영양식품과학과(0117217),자연과학계열,50,3088100
2012,경북대학교,에너지공학부 신재생에너지전공(0000677),공학계열,17,3679400
2012,경북대학교,생물학과(0021168),자연과학계열,11,342700
2012,경북대학교,식품공학부식품소재공학전공(0022022),공학계열,48,3253300
2012,경북대학교,나노소재공학부 나노공학전공(0115228),공학계열,48,2769000
2012,경북대학교,생태자원응용학부 생물응용전공(0116489),자연과학계열,46,1940400
2012,경북대학교,식품공학부식품생물공학전공(0022798),공학계열,42,2678600
2012,경북대학교,식품과학부 식품공학전공(0116838),공학계열,36,3137100
2012,경북대학교,치위생학과(0118449),의학계열,21,3703400
2012,경북대학교,글로벌인재학부(0115079),인문사회계열,31,7354400
2012,경북대학교,글로벌인재학부 글로벌리더전공(0115080),인문사회계열,36,6811300
2012,경상국립대학교,미생물학과(0020780),자연과학계열,82,2171900
2012,경상국립대학교,생물학과(0021239),자연과학계열,75,2005600
2012,경상국립대학교,생물학전공(0020279),자연과학계열,70,2248500
2012,경상국립대학교,미생물학전공(0022513),자연과학계열,68,2127500
2012,경상국립대학교,식품공학과(0022809),공학계열,142,2809000
2012,경상국립대학교,응용생물학과(0020432),자연과학계열,129,2397600
2012,경상국립대학교,농학과(0021613),자연과학계열,122,2434100
2012,경상국립대학교,사학과(0011915),인문사회계열,171,2032000
2012,경상국립대학교,사회학과(0010680),인문사회계열,157,2086300
2012,경성대학교,메카트로닉스공학과(0004422),공학계열,195,2322500
2012,경성대학교,생물학과(0021182),자연과학계열,190,2332300
2012,경성대학교,사학과(0013840),인문사회계열,153,2532000
2012,경성대학교,신학과(0017621),인문사회계열,53,2772100
2012,경성대학교,디지털콘텐츠학부(0000890),인문사회계열,87,2866600
2012,경성대학교,디지털미디어전공(0002882),인문사회계열,89,3018600
2012,경성대학교,스포츠건강학부(0007784),예체능계열,90,3912800
2012,경성대학교,물류학전공(0010563),인문사회계열,95,2242900
2012,경운대학교,경호학전공(0007124),인문사회계열,48,3719000
2012,경운대학교,모바일공학과(0001662),공학계열,50,4593100
2012,경운대학교,멀티미디어학과(0115522),공학계열,56,4169100
2012,경운대학교,작업치료학과(0009879),의학계열,65,2566400
2012,경운대학교,치위생학과(0009849),의학계열,92,2335700
2012,경운대학교,경호학부(0005990),인문사회계열,92,3460900
2012,경운대학교,의무기록학전공(0009994),의학계열,19,3512200
2012,경운대학교,경호학부(0005989),인문사회계열,21,6524900
2012,경운대학교(산업대),경기지도학전공(0039740),인문사회계열,24,5051200
2012,경운대학교(산업대),청소년상담복지학과(0118331),인문사회계열,14,311700
2012,경운대학교(산업대),경호학전공(0028670),인문사회계열,13,4713800
2012,경운대학교(산업대),멀티미디어학과(0033995),공학계열,79,4033600
2012,경운대학교(산업대),의무기록학전공(0059052),의학계열,86,3255200
2012,경운대학교(산업대),작업치료학과(0059614),의학계열,86,2286400
2012,경운대학교(산업대),치위생학과(0046931),의학계열,88,2534400
2012,경운대학교(산업대),모바일공학과(0049184),공학계열,93,4201100
2012,경운대학교(산업대),경호학전공(0059265),인문사회계열,341,3835400
2012,경운대학교(산업대),한방자원학전공(0032069),자연과학계열,78,3752400
2012,경운대학교(산업대),무도학전공(0025540),인문사회계열,33,3666600
2012,경운대학교(산업대),태권도전공(0045589),예체능계열,34,3931900
2012,경운대학교(산업대),경호학전공(0035890),인문사회계열,41,3525800
2012,경일대학교,신재생에너지학과(0004823),공학계열,119,2524900
2012,경일대학교,로봇응용학과(0004812),공학계열,117,2338500
2012,경일대학교,식품과학부(0116837),자연과학계열,97,2528800
2012,경일대학교,첨단의료기학과(0118316),의학계열,96,2347600
2012,경일대학교,경찰학과(0011704),인문사회계열,247,1636100
2012,경일대학교,건설공학부(0002846),공학계열,298,2617300
2012,경일대학교,패션스타일리스트학과(0006257),예체능계열,17,1678600
2012,경일대학교,자연계열자율전공학과(0021455),공학계열,39,2388600
2012,경일대학교,인문계열자율전공학과(0117618),공학계열,40,2364300
2012,경일대학교,사이버보안학과(0003939),공학계열,64,2710100
2012,경일대학교,스포츠학과(0006118),예체능계열,77,2615400
2012,경일대학교,응급구조학과(0117507),의학계열,81,3010200
2012,경희대학교,사회과학부(0019850),자연과학계열,279,1954400
2012,경희대학교,생물학과(0023434),자연과학계열,235,2470700
2012,경희대학교,디지털콘텐츠학과(0004098),인문사회계열,229,2755900
2012,경희대학교,스포츠지도학과(0008608),예체능계열,422,5062500
2012,경희대학교,유전공학과(0022112),공학계열,320,3088700
2012,경희대학교,태권도학과(0007830),예체능계열,314,3681200
2012,경희대학교,사회기반시스템공학과(0116146),공학계열,298,2228900
2012,경희대학교,영미어학부(0017023),인문사회계열,209,2238300
2012,경희대학교,생활과학부(0020757),자연과학계열,117,1433800
2012,경희대학교,약과학과(0009797),자연과학계열,113,2111400
2012,경희대학교,Hospitality학부(0019162),공학계열,79,1778400
2012,경희대학교,사회학과(0019701),인문사회계열,122,2620700
2012,경희대학교,자율전공학과(0001746),공학계열,193,2306800
2012,경희대학교,사학과(0011918),인문사회계열,173,2575500
2012,경희대학교,원자력공학과(0001099),공학계열,169,3428600
2012,경희대학교,도예학과(0007929),예체능계열,131,2329500
2012,경희대학교,글로벌커뮤니케이션학부(0013610),인문사회계열,148,2591700
2012,계명대학교,사학과(0018574),인문사회계열,190,2587100
2012,계명대학교,관현악과(0005951),예체능계열,195,2062200
2012,계명대학교,서양화과(0008954),예체능계열,197,2856100
2012,계명대학교,패션마케팅학과(0006618),예체능계열,200,3322000
2012,계명대학교,피아노과(0007129),예체능계열,185,2610100
2012,계명대학교,교통공학과(0002535),공학계열,152,2245000
2012,계명대학교,생물학과(0020714),자연과학계열,159,2850400
2012,계명대학교,태권도학과(0007109),예체능계열,241,3223900
2012,계명대학교,미국학과(0016322),인문사회계열,256,2264700
2012,계명대학교,Department of International Business(0056090),공학계열,143,5617200
2012,계명대학교,서예과(0008033),예체능계열,13,4073500
2012,계명대학교,공과대학(0003728),인문사회계열,16,2707300
2012,계명대학교,오르간과(0006537),인문사회계열,40,3380700
2012,계명대학교,자율전공부 자연계열(0030439),인문사회계열,47,3268900
2012,계명대학교,에너지공학과(0002060),공학계열,49,2268900
2012,계명대학교,의용공학과(0004155),공학계열,112,3461000
2012,계명대학교,Department of International Relations(0051718),공학계열,121,7051500
2012,계명대학교,미국학과(0010578),인문사회계열,122,2227700
2012,계명대학교,뮤직프로덕션과(0007371),인문사회계열,129,2550500
2012,계명대학교,동양화과(0008263),예체능계열,111,2656900
2012,계명대학교,미생물학과(0021408),자연과학계열,108,2637000
2012,계명대학교,스포츠마케팅학과(0008827),예체능계열,74,2783500
2012,계명대학교,기독교학과(0011539),인문사회계열,78,3746300
2012,계명대학교,자율전공부 인문계열(0056683),인문사회계열,50,2236500
2012,계명대학교,사회학과(0016802),인문사회계열,105,2632800
2012,고려대학교,미디어학부(0013561),인문사회계열,426,2040500
2012,고려대학교,정경대학(0015941),인문사회계열,413,2291100
2012,고려대학교,사회학과(0011999),인문사회계열,358,2539700
2012,고려대학교,방사선학과(0009019),의학계열,190,2639900
2012,고려대학교,이과대학(0020902),인문사회계열,185,2875100
2012,고려대학교,조형학부(0006265),예체능계열,81,2579600
2012,고려대학교,식품공학과(0116824),공학계열,48,1754200
2012,고려대학교,한국사학과(0016538),인문사회계열,103,2574700
2012,고려대학교,자유전공학부(0012137),공학계열,105,2111900
2012,고려대학교,치기공학과(0002407),의학계열,175,2511100
2012,고려대학교,사학과(0015847),인문사회계열,150,2794600
2012,고려대학교,식품공학부(0022736),공학계열,128,3349800
2012,고려대학교(세종) _분교,사회학과(0015479),인문사회계열,257,2754500
2012,고려대학교(세종) _분교,경상대학(0011516),인문사회계열,336,1898300
2012,고려대학교(세종) _분교,북한학과(0013338),인문사회계열,102,3274800
2012,고려대학교(세종) _분교,인문사회학부(0016362),인문사회계열,134,2297800
2012,고신대학교,신학과(0012842),인문사회계열,297,3204700
2012,고신대학교,태권도선교학과(0118635),예체능계열,29,2678900
2012,고신대학교,스포츠선교학전공(0007944),예체능계열,42,3500000
2012,고신대학교,인터넷비즈니스학과(0015614),인문사회계열,78,2471900
2012,광신대학교,신학과(0010940),인문사회계열,177,3616300
2012,광신대학교,한중통상전공(0017802),인문사회계열,167,0
2012,광신대학교,전파공학과(0004575),공학계열,47,26500
2012,광신대학교,로봇학부(0003123),공학계열,86,8583300
2012,광신대학교,지능시스템전공(0003443),공학계열,72,0
2012,광신대학교,한일통상전공(0013557),인문사회계열,67,0
2012,광신대학교,동북아통상학부(0011499),인문사회계열,61,10860700
2012,광주가톨릭대학교,신학과(0019583),인문사회계열,80,0
2012,광주과학기술원,생물전공(0204050),자연과학계열,43,3385300
2012,광주대학교,작업치료학과(0009842),의학계열,215,2982700
2012,광주대학교,스포츠레저학과(0008784),예체능계열,128,4248700
2012,광주대학교,사이버수사학과(0018187),인문사회계열,15,1828100
2012,광주대학교,재테크ㆍ자산관리학과(0014486),공학계열,14,2838500
2012,광주대학교,스포츠레저학부(0008617),예체능계열,13,2968900
2012,광주대학교,자율ㆍ융복합전공학부(0204053),공학계열,48,911000
2012,광주대학교,자율ㆍ융복합전공학부(0036337),공학계열,53,1870500
2012,광주대학교,사이버보안경찰학과(0011445),공학계열,88,2966900
2012,광주대학교,신재생에너지공학과(0002306),공학계열,74,2429500
2012,광주대학교,스튜어디스학과(0014948),인문사회계열,65,2580600
2012,광주대학교,호텔조리학과(0020951),자연과학계열,64,2522800
2012,광주여자대학교,작업치료학과(0009835),의학계열,159,3090900
2012,광주여자대학교,치위생학과(0009094),의학계열,132,2715200
2012,광주여자대학교,실버케어학과(0016242),인문사회계열,107,4245000
2012,광주여자대학교,제약향장학과(0023352),의학계열,75,3744300
2012,광주여자대학교,콜마케팅학과(0013483),인문사회계열,143,3175500
2012,광주여자대학교,생물학과(0022050),자연과학계열,119,2282800
2012,광주여자대학교,치위생학과(0009888),의학계열,112,2388400
2012,광주여자대학교,사학과(0017104),인문사회계열,110,2059200
2012,국립강릉원주대학교 _제2캠퍼스,여성인력개발학과(0057491),인문사회계열,205,1891400
2012,국립강릉원주대학교 _제2캠퍼스,멀티미디어공학과(0000938),공학계열,146,2330900
2012,국립경국대학교,생약자원학과(0116487),자연과학계열,128,2414400
2012,국립경국대학교,사학과(0013540),인문사회계열,137,2083800
2012,국립경국대학교,멀티미디어공학과(0001474),공학계열,148,2638900
2012,국립공주대학교,사학과(0019828),인문사회계열,113,2574600
2012,국립공주대학교,식물자원학과(0022403),자연과학계열,137,2305800
2012,국립공주대학교,동물자원학과(0020648),자연과학계열,140,2534200
2012,국립공주대학교,광공학과(0114851),공학계열,107,2606400
2012,국립공주대학교,전파공학전공(0001129),공학계열,107,2551000
2012,국립공주대학교,대기과학과(0021916),자연과학계열,168,2600900
2012,국립공주대학교,금형설계공학과(0001480),공학계열,35,2500500
2012,국립공주대학교,식품공학과(0022294),공학계열,47,2265000
2012,국립공주대학교,외식상품학전공(0022090),자연과학계열,48,3599500
2012,국립공주대학교,식품과학부(0022125),자연과학계열,53,0
2012,국립공주대학교,금형공학과(0001750),공학계열,57,635300
2012,국립공주대학교,메카트로닉스공학과(0115530),공학계열,15,308000
2012,국립공주대학교,광공학전공(0000802),공학계열,10,0
2012,국립공주대학교,응급구조학과(0009203),의학계열,60,2698300
2012,국립공주대학교,식물자원학과(야간)(0021040),자연과학계열,75,3129100
2012,국립공주대학교,카툰코믹스전공(0007431),인문사회계열,72,2091300
2012,국립공주대학교,전문응급구조학전공(0009765),의학계열,73,2360600
2012,국립공주대학교,식품공학전공(0020729),공학계열,74,2837100
2012,국립군산대학교,제어로봇공학과(0004592),공학계열,129,2634300
2012,국립군산대학교,물류학과(0016433),인문사회계열,120,2436700
2012,국립군산대학교,생물학과(0022918),자연과학계열,115,2485000
2012,국립군산대학교,사학과(0013676),인문사회계열,108,2692700
2012,국립군산대학교,전파공학과(0001123),공학계열,108,2470000
2012,국립금오공과대학교,에너지・융합소재공학부(0032659),공학계열,147,2687000
2012,국립금오공과대학교,광시스템공학과(0003150),공학계열,115,2410600
2012,국립금오공과대학교,컨설팅학과(0016592),인문사회계열,13,777300
2012,국립금오공과대학교,모바일공학과(0003480),공학계열,22,602700
2012,국립금오공과대학교,메디컬IT융합공학과(0005552),공학계열,63,2516500
2012,국립목포대학교,멀티미디어공학과(0005400),공학계열,142,2289300
2012,국립목포대학교,제어로봇공학과(0003497),공학계열,139,2217100
2012,국립목포대학교,식품공학과(0022420),공학계열,163,2417500
2012,국립목포대학교,지적학과(0011362),인문사회계열,215,2649700
2012,국립목포대학교,자연계자율전공학과(0021054),공학계열,22,448400
2012,국립목포대학교,한약자원학과(0020579),의학계열,117,2101600
2012,국립목포대학교,사학과(0010607),인문사회계열,108,2280200
2012,국립목포해양대학교,기관시스템공학부(0003007),공학계열,820,1855200
2012,국립목포해양대학교,해상운송시스템학부(0002163),공학계열,532,2079200
2012,국립부경대학교,IT융합응용공학과(0000680),공학계열,187,2562300
2012,국립부경대학교,자원생물학과(0021996),자연과학계열,181,1755900
2012,국립부경대학교,이미지시스템공학과(0005809),공학계열,260,1522500
2012,국립부경대학교,냉동공조공학과(0000106),공학계열,255,2467700
2012,국립부경대학교,식품공학과(0020721),공학계열,231,2062000
2012,국립부경대학교,동북아전공(0012790),인문사회계열,52,1700800
2012,국립부경대학교,생물공학과(0003889),공학계열,158,1980100
2012,국립부경대학교,미생물학과(0023093),자연과학계열,153,2236000
2012,국립부경대학교,북미학전공(0019702),인문사회계열,97,2355100
2012,국립부경대학교,생태공학과(0056017),공학계열,114,2172600
2012,국립부경대학교,소방공학과(0004205),공학계열,125,1952200
2012,국립부경대학교,사학과(0017572),인문사회계열,127,2241300
2012,국립부경대학교,에너지자원공학과(0039761),공학계열,134,2182200
2012,국립순천대학교,한약자원개발학과(0021634),의학계열,79,2282000
2012,국립순천대학교,웰빙자원학과(0022163),자연과학계열,88,2278200
2012,국립순천대학교,동물자원과학과(0020225),자연과학계열,92,2402600
2012,국립순천대학교,물류비즈니스학과(0115635),인문사회계열,17,1188900
2012,국립순천대학교,공공정책학과(0114690),인문사회계열,25,0
2012,국립순천대학교,자원식물개발학과(0023200),자연과학계열,37,1788900
2012,국립순천대학교,자유전공학부(인문사회)(0012999),공학계열,38,2007400
2012,국립순천대학교,자유전공학부(자연)(0020638),공학계열,42,2393900
2012,국립순천대학교,한약자원학과(0021005),의학계열,48,1866100
2012,국립순천대학교,식품공학과(0023183),공학계열,127,2719500
2012,국립순천대학교,피아노학과(0007182),예체능계열,124,2202900
2012,국립순천대학교,멀티미디어공학과(0000227),공학계열,117,2199500
2012,국립순천대학교,생물학과(0021824),자연과학계열,116,2278400
2012,국립순천대학교,물류학과(0011882),인문사회계열,156,2065500
2012,국립창원대학교,사학과(0017450),인문사회계열,122,2063600
2012,국립창원대학교,사회학과(0016350),인문사회계열,107,1976800
2012,국립창원대학교,생물학과(0022379),자연과학계열,124,1690300
2012,국립창원대학교,미생물학과(0023189),자연과학계열,134,2012900
2012,국립창원대학교,화공시스템공학과(0003447),공학계열,141,1993000
2012,국립창원대학교,메카융합학과(야)(0115529),인문사회계열,22,1390400
2012,국립창원대학교,융복합학부(0117440),인문사회계열,33,1499400
2012,국립한국교통대학교,자유전공학부(0030434),공학계열,37,1841400
2012,국립한국교통대학교,스포츠학과(0049326),예체능계열,33,1785000
2012,국립한국교통대학교,에너지시스템공학과(0026734),공학계열,162,2345700
2012,국립한국교통대학교,화공생물공학과(0040502),공학계열,192,2302700
2012,국립한국교통대학교,식품공학과(0055167),공학계열,130,2463300
2012,국립한국교통대학교,응급구조학과(0053800),의학계열,117,2386500
2012,국립한국교통대학교,스포츠건강관리학전공(0008966),의학계열,62,2210500
2012,국립한국해양대학교,냉동공조・에너지시스템공학전공(0024097),공학계열,177,2500000
2012,국립한국해양대학교,물류시스템공학과(0004953),공학계열,210,2794800
2012,국립한국해양대학교,기관공학부(0002945),공학계열,243,1875200
2012,국립한국해양대학교,항해학부(0001723),인문사회계열,332,2188700
2012,국립한국해양대학교,해사수송과학부(0004027),자연과학계열,342,2205100
2012,국립한국해양대학교,기관시스템공학부(0003414),공학계열,380,2193100
2012,국립한국해양대학교,전파공학과(0003341),공학계열,172,2180300
2012,국립한국해양대학교,수중기술학과(0002148),공학계열,23,1229400
2012,국립한국해양대학교,건설공학과(0000827),공학계열,125,1923900
2012,국립한국해양대학교,에너지자원공학과(0002351),공학계열,161,3111100
2012,국립한국해양대학교,제어자동화공학전공(0005671),공학계열,139,1914900
2012,국립한밭대학교,설비공학과(0003701),공학계열,38,1545100
2012,국립한밭대학교,글로벌융합학부(공학계열)(0115077),공학계열,28,1505600
2012,국립한밭대학교,메카트로닉스공학과(0000952),공학계열,26,38500
2012,국립한밭대학교,글로벌융합학부(공학계열)(0002948),공학계열,13,3712600
2012,국립한밭대학교,소방설비공학과(0004002),공학계열,10,540000
2012,국립한밭대학교,설비공학과(0000720),공학계열,54,1712100
2012,국민대학교,발효융합학과(0021650),자연과학계열,120,3125200
2012,국민대학교,건설시스템공학부(0000835),공학계열,135,2171800
2012,국민대학교,관현악전공(0008855),예체능계열,158,2372400
2012,국민대학교,회화전공(0006891),예체능계열,160,2227500
2012,국민대학교,피아노전공(0006770),예체능계열,77,3126000
2012,국민대학교,국사학과(0012826),인문사회계열,297,2869200
2012,국민대학교,건설시스템공학전공(0004044),공학계열,223,2657100
2012,국민대학교,사회학과(0016297),인문사회계열,242,2580600
2012,국민대학교,KMU International School(0114193),인문사회계열,53,4105000
2012,국민대학교,KMU International School(0032519),인문사회계열,16,2124100
2012,국민대학교,International Business 전공(0114171),인문사회계열,17,9372900
2012,국민대학교,정책학전공(0017131),인문사회계열,19,3544800
2012,국민대학교,경기지도학전공(0008762),인문사회계열,31,4393600
2012,국민대학교,비즈니스IT전공(0013083),공학계열,35,1024700
2012,국민대학교,e-비즈니스전공(0020095),인문사회계열,47,2780700
2012,극동대학교,스마트모바일학과(0005425),공학계열,44,4689800
2012,극동대학교,작업치료학과(0009878),의학계열,165,4584000
2012,극동대학교,유비쿼터스IT학부(0005764),공학계열,131,4429300
2012,극동대학교,한약발효학과(0118903),의학계열,30,3548200
2012,극동대학교,호텔외식조리학과(0119159),자연과학계열,25,3866100
2012,극동대학교,뮤지컬전공(0185885),예체능계열,18,4703300
2012,극동대학교,스텝전공(0185904),인문사회계열,12,4817900
2012,극동대학교,방사선학과(0009604),의학계열,127,5406000
2012,극동대학교,유비쿼터스IT학과(0001407),공학계열,86,3796300
2012,극동대학교,한약자원학과(0009681),의학계열,84,4269000
2012,극동대학교,태양광공학과(0000681),공학계열,62,4844100
2012,극동대학교,응용불교학과(0011467),인문사회계열,19,7715400
2012,극동대학교,불교학과(0016465),인문사회계열,32,7930200
2012,김천대학교,치유선교복지학과(0014172),인문사회계열,46,4539700
2012,김천대학교,소방학과(0000921),인문사회계열,76,1950700
2012,김천대학교,치위생학과(0009860),의학계열,146,1829700
2012,김천대학교,방사선학과(0009492),의학계열,171,1821100
2012,김천대학교,치기공학과(0002101),의학계열,281,1882000
2012,김천대학교,관현악전공(0007690),예체능계열,42,2750300
2012,김천대학교,디지털콘텐츠학전공(0013511),인문사회계열,69,2663700
2012,김천대학교,응급구조학과(0010087),의학계열,88,3152600
2012,김천대학교,기독교학부(0016324),인문사회계열,88,1337300
2012,김천대학교,수화통역학과(0016763),인문사회계열,115,2934500
2012,김천대학교,태권도학과(0006663),예체능계열,152,3350700
2012,김천대학교,신학전공(0015616),인문사회계열,151,3993700
2012,김천대학교,멀티미디어학과(0005349),공학계열,140,1973400
2012,김천대학교,피아노전공(0008910),예체능계열,126,2280700
2012,남부대학교,태권도경호학과(0006761),예체능계열,112,4067000
2012,남부대학교,의료공학과(0003877),의학계열,87,3860500
2012,남부대학교,무도경호학과(0007655),인문사회계열,13,4734100
2012,남부대학교,태권도학과(0008296),예체능계열,15,5464700
2012,남부대학교,한방제약개발학과(0009933),의학계열,133,3612300
2012,남부대학교,호텔조리학과(0021425),자연과학계열,178,2985200
2012,남부대학교,방사선학과(0009916),의학계열,176,2747100
2012,남부대학교,스포츠레저학과(0008696),예체능계열,149,3883900
2012,남서울대학교,응급구조학과(0009817),의학계열,51,4775500
2012,남서울대학교,융합비즈니스학과(0117459),인문사회계열,13,407700
2012,남서울대학교,멀티미디어학과(0003005),공학계열,143,3566700
2012,남서울대학교,GIS공학과(0020632),공학계열,124,3412300
2012,남서울대학교,노인복지학과(0010449),인문사회계열,119,3464000
2012,남서울대학교,운동건강학과(0006186),인문사회계열,108,4076100
2012,남서울대학교,치위생학과(0009362),의학계열,72,3835100
2012,남서울대학교(산업대),노인복지학과(0047426),인문사회계열,197,3581000
2012,남서울대학교(산업대),운동건강학과(0049655),인문사회계열,213,4248900
2012,남서울대학교(산업대),멀티미디어학과(0036981),공학계열,229,3540600
2012,남서울대학교(산업대),응급구조학과(0025748),의학계열,41,5583000
2012,남서울대학교(산업대),치위생학과(0042153),의학계열,73,4786800
2012,남서울대학교(산업대),GIS공학과(0039901),공학계열,162,3678900
2012,단국대학교,커뮤니케이션학부(0019327),인문사회계열,330,2969900
2012,단국대학교,분자생물학과(0021577),자연과학계열,168,2692000
2012,단국대학교,사학과(0010606),인문사회계열,198,2779900
2012,단국대학교,도예과(0006361),예체능계열,118,2421300
2012,단국대학교,파이버시스템공학과(0004800),공학계열,119,2591100
2012,단국대학교,모바일시스템공학전공(0000956),공학계열,68,5125100
2012,단국대학교,도예과(0115300),예체능계열,40,2077900
2012,단국대학교,상담학과(0116437),인문사회계열,34,2583800
2012,단국대학교(천안) _분교,동양화과(0007381),예체능계열,165,2544900
2012,단국대학교(천안) _분교,서양화과(0006856),예체능계열,164,2792500
2012,단국대학교(천안) _분교,미생물학과(0022326),자연과학계열,158,2558800
2012,단국대학교(천안) _분교,멀티미디어공학과(0003616),공학계열,231,2589100
2012,단국대학교(천안) _분교,식품공학과(0023176),공학계열,223,2525600
2012,단국대학교(천안) _분교,동물자원학과(0023095),자연과학계열,192,3275600
2012,단국대학교(천안) _분교,에너지공학과(0002670),공학계열,121,2686400
2012,단국대학교(천안) _분교,공공관리학과(0114681),인문사회계열,41,2065700
2012,단국대학교(천안) _분교,태권도학과(0118641),예체능계열,40,3213800
2012,단국대학교(천안) _분교,몽골학과(0115559),인문사회계열,34,2169400
2012,단국대학교(천안) _분교,중동학과(0118212),인문사회계열,32,2586700
2012,단국대학교(천안) _분교,치위생학과(0118451),의학계열,30,2122200
2012,단국대학교(천안) _분교,중동학과(0015983),인문사회계열,26,3640500
2012,단국대학교(천안) _분교,태권도학과(0006706),예체능계열,111,3940900
2012,단국대학교(천안) _분교,몽골학과(0018149),인문사회계열,100,2351100
2012,단국대학교(천안) _분교,조소과(0007600),예체능계열,61,2775700
2012,단국대학교(천안) _분교,공공관리학과(0114680),인문사회계열,51,2937800
2012,대구가톨릭대학교,신학전공(0017754),인문사회계열,75,8173800
2012,대구가톨릭대학교,메카트로닉스전공(0001623),공학계열,94,1560400
2012,대구가톨릭대학교,신학부(0017269),인문사회계열,21,8033800
2012,대구가톨릭대학교,식품공학전공(0116832),공학계열,175,2623900
2012,대구가톨릭대학교,피아노과(0007780),예체능계열,227,1909000
2012,대구가톨릭대학교,방사선학과(0009018),의학계열,172,2640600
2012,대구가톨릭대학교,IT공학부(0003575),공학계열,105,2374200
2012,대구가톨릭대학교,사회학과(0010681),인문사회계열,117,1521500
2012,대구가톨릭대학교,회화전공(0007128),예체능계열,120,1969200
2012,대구가톨릭대학교,자율전공학부(0117802),공학계열,125,3265100
2012,대구가톨릭대학교,도서관학과(0015968),인문사회계열,150,1925600
2012,대구가톨릭대학교,관현악과(0008880),예체능계열,160,1970200
2012,대구대학교,사회학과(0019452),인문사회계열,176,2350000
2012,대구대학교,회화과(0006730),예체능계열,166,2581600
2012,대구대학교,건강증진학과(0009873),인문사회계열,161,3957400
2012,대구대학교,스포츠레저학과(0008257),예체능계열,147,4343600
2012,대구대학교,동물자원학과(0021565),자연과학계열,149,2591900
2012,대구대학교,작업치료학과(0009691),의학계열,80,2800200
2012,대구대학교,자율전공학부(자연공학계열)(0022959),공학계열,51,2004800
2012,대구대학교,IT융합학과(0114186),공학계열,18,6229700
2012,대구대학교,식품공학과(0020281),공학계열,224,2128200
2012,대구예술대학교,피아노전공(0007015),예체능계열,112,1949900
2012,대구예술대학교,서양화전공(0006049),예체능계열,75,1909300
2012,대구한의대학교,한방식품조리영양학부(0021004),자연과학계열,66,2064200
2012,대구한의대학교,IT콘텐츠전공(0000103),공학계열,73,2941300
2012,대구한의대학교,식품조리학전공(0021881),자연과학계열,81,2417800
2012,대구한의대학교,리조트개발학과(0001518),인문사회계열,89,2972800
2012,대구한의대학교,한방의료공학과(0005571),의학계열,107,2638400
2012,대구한의대학교,한약재통상전공(0012716),의학계열,34,1774800
2012,대구한의대학교,제약공학과(0118123),의학계열,44,3283400
2012,대구한의대학교,모바일콘텐츠학부(0000957),공학계열,60,2462100
2012,대구한의대학교,한약자원학과(0010080),의학계열,141,2938300
2012,대구한의대학교,자산운용학과(0017384),인문사회계열,144,2974700
2012,대구한의대학교,한방식품약리학과(0020577),자연과학계열,149,2578400
2012,대구한의대학교,한방제약공학과(0009103),의학계열,154,3729200
2012,대구한의대학교,한약재약리학과(0010074),의학계열,165,2599700
2012,대구한의대학교,노인복지학과(0014370),인문사회계열,196,2732400
2012,대구한의대학교,화장품약리학과(0023147),자연과학계열,217,3546000
2012,대신대학교,신학과(0013122),인문사회계열,161,3036300
2012,대전가톨릭대학교,신학과(0015342),인문사회계열,77,4203200
2012,대전대학교,해킹보안학과(0003068),공학계열,121,2812700
2012,대전대학교,경호무도지도학과(0008513),인문사회계열,74,4080900
2012,대전대학교,경찰학과(0012757),인문사회계열,182,3057300
2012,대전대학교,응급구조학과(0009480),의학계열,151,3149700
2012,대전신학교,신학과(0010938),인문사회계열,26,1048100
2012,대전신학대학교,신학과(0018413),인문사회계열,176,3709900
2012,대진대학교,대순종학과(0019509),인문사회계열,52,11411100
2012,대진대학교,관현악전공(0007889),예체능계열,82,1861400
2012,대진대학교,미국학과(0019557),인문사회계열,151,2781600
2012,대진대학교,스포츠과학전공(0008201),자연과학계열,144,3101300
2012,대진대학교,건설시스템공학과(0004904),공학계열,139,2609500
2012,대진대학교,회화전공(0007473),예체능계열,125,2401800
2012,대진대학교,한국화전공(0006728),인문사회계열,105,2130800
2012,대진대학교,피아노전공(0006641),예체능계열,100,2262200
2012,대진대학교,사학과(0017010),인문사회계열,160,2571700
2012,덕성여자대학교,사회학과(0010678),인문사회계열,125,2181600
2012,덕성여자대학교,Pre-Pharm Med학과(0035694),공학계열,117,2204400
2012,덕성여자대학교,서양화과(0007351),예체능계열,93,2084000
2012,덕성여자대학교,사학과(0010605),인문사회계열,91,1967800
2012,덕성여자대학교,동양화과(0006316),예체능계열,83,1803400
2012,덕성여자대학교,디지털미디어학과(0005937),인문사회계열,157,2629000
2012,동국대학교,멀티미디어공학과(0005455),공학계열,46,847900
2012,동국대학교,식품과학부 식품공학전공(0051630),공학계열,34,2684200
2012,동국대학교,식품과학부 식품공학전공(0050763),공학계열,16,2534300
2012,동국대학교,사학과(0015743),인문사회계열,157,2312500
2012,동국대학교,불교학전공(0010565),인문사회계열,266,5610900
2012,동국대학교,화공생물공학과(0005175),공학계열,350,2372600
2012,동국대학교,서양화전공(0007621),예체능계열,61,2044900
2012,동국대학교,조소전공(0006635),예체능계열,57,2179800
2012,동국대학교,한국화전공(0007156),인문사회계열,63,2596600
2012,동국대학교,멀티미디어공학과(0115509),공학계열,108,3593600
2012,동국대학교(WISE) _분교,이공학부(0022555),공학계열,108,2241500
2012,동국대학교(WISE) _분교,불교학전공(0017470),인문사회계열,115,5599100
2012,동국대학교(WISE) _분교,국사학전공(0010395),인문사회계열,119,2476100
2012,동국대학교(WISE) _분교,자유전공학부(0014307),공학계열,67,3302700
2012,동국대학교(WISE) _분교,불교학부(0017991),인문사회계열,61,5594400
2012,동국대학교(WISE) _분교,선학전공(0018539),인문사회계열,60,6963000
2012,동국대학교(WISE) _분교,경상학부(0041545),인문사회계열,24,226900
2012,동국대학교(WISE) _분교,원자력및에너지공학부(0003387),공학계열,307,2599500
2012,동국대학교(WISE) _분교,큐레이터학과(0006912),예체능계열,73,2366900
2012,동국대학교(WISE) _분교,국사학전공(0014454),인문사회계열,99,2314300
2012,동국대학교(WISE) _분교,관현악과(0008102),예체능계열,110,2145600
2012,동국대학교(WISE) _분교,모델과(0006711),인문사회계열,120,2331500
2012,동국대학교(WISE) _분교,피아노과(0008283),예체능계열,122,2170300
2012,동국대학교(WISE) _분교,큐레이터과(0007882),예체능계열,26,1623000
2012,동국대학교(WISE) _분교,회화과(0008660),예체능계열,198,2179700
2012,동국대학교(WISE) _분교,국사학과(0114916),인문사회계열,35,1542700
2012,동명대학교,식품공학과(0020283),공학계열,103,2817700
2012,동명대학교,자율전공학부(0117805),공학계열,121,1560800
2012,동명대학교,로봇시스템공학과(0000205),공학계열,123,2370800
2012,동명대학교,의용공학과(0002877),공학계열,126,2515800
2012,동명대학교,미디어공학과(0004274),공학계열,150,2054500
2012,동명대학교,냉동공조공학과(0003254),공학계열,154,3081000
2012,동명대학교,메카트로닉스공학과(0003694),공학계열,256,2226100
2012,동명대학교,항만물류시스템학과(0001398),공학계열,436,2623600
2012,동명대학교,미디어창작전공(0016859),인문사회계열,10,2489900
2012,동명대학교,건강스포츠전공(0006003),예체능계열,26,1413800
2012,동명대학교,디지털프로덕션전공(0018511),인문사회계열,32,1777900
2012,동명대학교,International Studies과(0047622),인문사회계열,78,3708100
2012,동명대학교,운동처방학전공(0008797),예체능계열,95,2339000
2012,동명대학교,레저스포츠전공(0008232),예체능계열,100,2432100
2012,동명대학교,경호전공(0008690),인문사회계열,109,2588000
2012,동명대학교,치위생학과(0009253),의학계열,125,2969400
2012,동명대학교,뮤지컬과(0007010),예체능계열,126,1938600
2012,동명대학교,이벤트/컨벤션학전공(0015468),인문사회계열,128,2731300
2012,동명대학교,연기과(0007877),예체능계열,93,2485000
2012,동명대학교,멀티미디어공학전공(0000231),공학계열,92,2821400
2012,동명대학교,방사선학과(0010111),의학계열,73,3322900
2012,동명대학교,작업치료학과(0009041),의학계열,83,2865800
2012,동명대학교,레포츠과학부(0006442),자연과학계열,86,2007000
2012,동명대학교,디지털콘텐츠학부(0003938),인문사회계열,142,2781300
2012,동명대학교,마케팅학전공(0017118),인문사회계열,254,1993500
2012,동명대학교,메카트로닉스공학과(0000951),공학계열,184,2657800
2012,동신대학교,공연전시기획학과(0019469),예체능계열,98,3342700
2012,동신대학교,수소에너지학과(0002767),공학계열,100,2957900
2012,동신대학교,운동처방학과(0009652),예체능계열,117,2583600
2012,동신대학교,디지털콘텐츠학과(0017809),인문사회계열,87,3985000
2012,동신대학교,제약공학과(0009091),의학계열,61,3287200
2012,동신대학교,보석공학과(0003895),공학계열,17,2353600
2012,동신대학교,작업치료학과(0009043),의학계열,248,3108700
2012,동신대학교,방사선학과(0009769),의학계열,203,2836200
2012,동신대학교,스튜어디스학과(0014109),인문사회계열,182,3035700
2012,동아대학교,조각학과(0006582),인문사회계열,84,1852100
2012,동아대학교,경찰무도학과(0006341),인문사회계열,91,4152000
2012,동아대학교,석당인재학부 공공정책학전공(0043129),인문사회계열,97,14786100
2012,동아대학교,태권도학과(0007098),예체능계열,210,3803500
2012,동아대학교,스포츠지도학과(0008526),예체능계열,144,3874400
2012,동아대학교,사회학과(0015676),인문사회계열,146,2495000
2012,동아대학교,응용생물공학과(0022392),공학계열,188,2192300
2012,동아대학교,사학과(0011914),인문사회계열,191,2144100
2012,동아대학교,에너지.자원공학과(0026727),공학계열,192,3097200
2012,동아대학교,유전공학과(0020923),공학계열,199,2326600
2012,동아대학교,경찰경호학과(0114616),인문사회계열,40,4041600
2012,동아대학교,경기지도학과(0007848),인문사회계열,42,4044300
2012,동양대학교,패션스타일리스트학과(0006620),예체능계열,35,2042100
2012,동의대학교,방사선학과(0009394),의학계열,67,2781900
2012,동의대학교,분자생물학과(0023556),자연과학계열,132,2113200
2012,동의대학교,치위생학과(0009415),의학계열,137,1851600
2012,동의대학교,디지털콘텐츠공학과(0001397),공학계열,147,2391300
2012,동의대학교,사학과(0018453),인문사회계열,154,1830800
2012,동의대학교,레저스포츠학과(0007210),예체능계열,173,3267200
2012,동의대학교,융합부품공학과(0005444),공학계열,182,1761100
2012,동의대학교,태권도학과(0008339),예체능계열,122,2464400
2012,동의대학교,메카트로닉스공학과(0004255),공학계열,235,1783200
2012,동의대학교,e비즈니스학과(0015887),인문사회계열,229,1680000
2012,동의대학교,멀티미디어공학과(0001596),공학계열,206,1713800
2012,루터대학교,상담학과(0014794),인문사회계열,73,2887300
2012,루터대학교,신학과(0019204),인문사회계열,32,4593700
2012,명지대학교,교통공학과(0001767),공학계열,174,2616500
2012,명지대학교,전공자유학부(0013729),인문사회계열,99,2263300
2012,명지대학교,바둑학과(0006409),인문사회계열,106,3212700
2012,명지대학교 _제2캠퍼스,디지털미디어학과(0005376),인문사회계열,324,2613500
2012,명지대학교 _제2캠퍼스,청소년지도학과(0014362),인문사회계열,226,2914100
2012,명지대학교 _제2캠퍼스,북한학과(0014052),인문사회계열,53,1060800
2012,명지대학교 _제2캠퍼스,전공자유학부(0018020),인문사회계열,112,2480600
2012,명지대학교 _제2캠퍼스,사학과(0018131),인문사회계열,190,2660000
2012,목원대학교,피아노학부(0006709),예체능계열,158,2989100
2012,목원대학교,생의약화장품학부(0002669),자연과학계열,237,2652000
2012,목원대학교,신학과(0012231),인문사회계열,374,3878600
2012,목원대학교,회화과한국화전공(0119301),예체능계열,61,3241600
2012,목원대학교,조소과(0118169),예체능계열,71,2135400
2012,목원대학교,관현악학부 관악전공(0054862),예체능계열,73,2650700
2012,목원대학교,관현악학부 현악전공(0036792),예체능계열,84,2539800
2012,목원대학교,회화과서양화전공(0119300),예체능계열,88,2521800
2012,목원대학교,미생물나노소재학과(0023070),공학계열,89,2801500
2012,목원대학교,반주학부(0006698),인문사회계열,120,3291300
2012,목원대학교,지능로봇공학과(0005832),공학계열,116,2579100
2012,목원대학교,기술마케팅학과(0022525),공학계열,114,2027900
2012,배재대학교,레저스포츠학과(0006416),예체능계열,174,4209100
2012,배재대학교,화장품학전공(0001179),자연과학계열,33,2215800
2012,배재대학교,분자과학부(0023358),자연과학계열,31,2204400
2012,배재대학교,칠예과(0007159),인문사회계열,21,2350900
2012,배재대학교,복지신학과(0010778),인문사회계열,109,3095600
2012,백석대학교,기독교학부(0015589),인문사회계열,907,4096200
2012,백석대학교,경상학부(0017558),인문사회계열,1546,2856000
2012,백석대학교,스포츠과학부(0007488),자연과학계열,290,3969900
2012,백석대학교,치위생학과(0009738),의학계열,165,4605200
2012,백석대학교,자유선택학부(0010821),인문사회계열,58,0
2012,백석대학교,작업치료학과(0009947),의학계열,61,3185700
2012,백석대학교,응급구조학과(0009672),의학계열,135,4211700
2012,부산가톨릭대학교,노인요양관리학과(0009710),인문사회계열,205,3122400
2012,부산가톨릭대학교,치기공학과(0002254),의학계열,247,3238600
2012,부산가톨릭대학교,방사선학과(0009953),의학계열,327,3232300
2012,부산가톨릭대학교,방사선학과(0009370),의학계열,14,2888900
2012,부산가톨릭대학교,신학과(0013422),인문사회계열,57,4686400
2012,부산가톨릭대학교,멀티미디어공학과(0001672),공학계열,108,3007900
2012,부산대학교,사회학과(0012001),인문사회계열,204,2742100
2012,부산대학교,나노소재공학과(0000706),공학계열,154,3059500
2012,부산대학교,나노메카트로닉스공학과(0001389),공학계열,148,3118300
2012,부산대학교,사학과(0017585),인문사회계열,145,2393000
2012,부산대학교,스포츠과학부(0007377),자연과학계열,144,2433100
2012,부산대학교,유기소재시스템공학과(0003017),공학계열,224,2450500
2012,부산대학교,분자생물학과(0020689),자연과학계열,254,2245200
2012,부산대학교,미생물학과(0023379),자연과학계열,247,2396500
2012,부산대학교,공공정책학부(0019522),인문사회계열,82,2505200
2012,부산대학교,IT응용공학과(0002274),공학계열,67,4479400
2012,부산대학교,나노응용공학과(0004665),공학계열,59,2564600
2012,부산대학교,식품공학과(0020720),공학계열,134,2938000
2012,부산대학교,조형학과(0007950),예체능계열,126,2346700
2012,부산대학교,나노메디컬공학과(0005115),공학계열,101,2776900
2012,부산대학교,나노융합공학과(0002421),공학계열,115,2979600
2012,부산외국어대학교,디지털미디어학부(0000089),인문사회계열,197,2576800
2012,부산외국어대학교,인도네시아・말레이시아어과(0117614),인문사회계열,176,2052100
2012,부산외국어대학교,e-비즈니스학과(0114155),인문사회계열,171,2601600
2012,부산외국어대학교,베트남어과(0115860),인문사회계열,205,2178200
2012,부산외국어대학교,임베디드IT학과(0002374),공학계열,47,3604400
2012,부산외국어대학교,글로벌자율전공학부(0015425),공학계열,54,5565200
2012,부산외국어대학교,불어과(0014293),인문사회계열,111,2429700
2012,부산외국어대학교,아랍어과(0117059),인문사회계열,155,2632100
2012,부산외국어대학교,인도어과(0117615),인문사회계열,151,2483400
2012,부산외국어대학교,포르투갈(브라질)어과(0118800),인문사회계열,140,2592100
2012,부산외국어대학교,이탈리아어과(0117612),인문사회계열,126,2454300
2012,부산외국어대학교,미얀마어과(0115737),인문사회계열,126,2639800
2012,부산장신대학교,신학과(0013748),인문사회계열,118,4623700
2012,삼육대학교,카메카트로닉스학과(0002418),공학계열,169,2585500
2012,삼육대학교,신학과(0018821),인문사회계열,167,6153900
2012,삼육대학교,동물과학부(0022308),자연과학계열,54,2320800
2012,삼육대학교,기초의약과학과(0009110),자연과학계열,78,3785200
2012,삼육대학교,동물자원학전공(0021982),자연과학계열,94,2524600
2012,상명대학교,외식영양학과(0020947),자연과학계열,195,3130200
2012,상명대학교,디지털미디어학과(0115392),인문사회계열,348,2764800
2012,상명대학교,관현악과(0006895),예체능계열,132,3000900
2012,상명대학교,조소전공(0118170),예체능계열,24,3003500
2012,상명대학교,스포츠과학전공(0116739),자연과학계열,29,4357800
2012,상명대학교,한국화전공(0118895),인문사회계열,35,3060700
2012,상명대학교,스포츠건강관리전공(0116718),의학계열,38,4135600
2012,상명대학교,지적재산권학과(0118255),인문사회계열,97,3277500
2012,상명대학교,피아노과(0006639),예체능계열,88,4393100
2012,상명대학교,에너지그리드학과(0117137),공학계열,82,3470200
2012,상명대학교,서양화전공(0116536),예체능계열,63,3030700
2012,상명대학교,스포츠건강과학과(0116715),자연과학계열,58,3999900
2012,상명대학교(천안) _분교,건설시스템공학과(0000135),공학계열,185,2915000
2012,상명대학교(천안) _분교,식물식품공학과(0116812),공학계열,193,2896200
2012,상명대학교(천안) _분교,디지털콘텐츠학과(예체능)(0204099),인문사회계열,72,3765800
2012,상명대학교(천안) _분교,통・번역학전공(0026994),인문사회계열,127,2872600
2012,상지대학교,한방의료공학과(0001281),의학계열,126,4452500
2012,상지대학교,제약공학과(0009667),의학계열,122,3713200
2012,상지대학교,건설공학군 건설시스템공학과(0039089),공학계열,175,3107200
2012,상지대학교,건설시스템공학과(0005238),공학계열,48,3564400
2012,상지대학교,건설공학군 신에너지.자원공학과(0041013),공학계열,81,3249400
2012,서강대학교,인문계(0014325),인문사회계열,153,2120800
2012,서강대학교,자연과학부(0022676),자연과학계열,156,2694900
2012,서강대학교,사학전공(0017382),인문사회계열,222,3352200
2012,서강대학교,영미어문전공(0013137),인문사회계열,307,2543900
2012,서강대학교,사회과학계(0014361),자연과학계열,125,2030200
2012,서강대학교,사회학전공(0017256),인문사회계열,80,2973400
2012,서경대학교,관현악전공(0008015),예체능계열,131,2611200
2012,서경대학교,무대기술전공(0007586),공학계열,75,2099200
2012,서경대학교,공공인적자원학부(사회과학대학)(0114689),자연과학계열,340,2208600
2012,서경대학교,피아노전공(0007061),예체능계열,70,2603100
2012,서경대학교,중어학과(0014919),인문사회계열,14,1650600
2012,서경대학교,무대패션전공(0115563),예체능계열,19,1782900
2012,서경대학교,뮤지컬전공(0007050),예체능계열,56,3158000
2012,서경대학교,나노융합공학과(0001577),공학계열,55,1262100
2012,서경대학교,재즈전공(0007434),인문사회계열,31,1877100
2012,서경대학교,일어학과(0017157),인문사회계열,20,911900
2012,서경대학교,작업치료학과(0009536),의학계열,54,2001000
2012,서남대학교 _제2캠퍼스,응급구조학과(0009646),의학계열,50,1716600
2012,서남대학교 _제2캠퍼스,치위생학과(0009622),의학계열,109,1269100
2012,서남대학교 _제2캠퍼스,글로벌마케팅학과(0017048),인문사회계열,16,967400
2012,서남대학교 _제2캠퍼스,방사선학과(0009399),의학계열,20,1066000
2012,서울과학기술대학교,플랜트엔지니어링학과(0001402),공학계열,40,1611400
2012,서울과학기술대학교,시설물유지관리공학과(0005437),공학계열,28,1215400
2012,서울과학기술대학교,스포츠과학과(0006472),자연과학계열,53,2453700
2012,서울과학기술대학교,식품공학과(0020285),공학계열,103,2257000
2012,서울과학기술대학교(산업대),스포츠과학과(0116730),자연과학계열,108,1923500
2012,서울과학기술대학교(산업대),식품공학과(0116827),공학계열,136,2126400
2012,서울과학기술대학교(산업대),식품공학과(0116828),공학계열,12,4953100
2012,서울과학기술대학교(산업대),제품설계금형공학과(0034476),공학계열,25,91000
2012,서울기독대학교,신학과(0012237),인문사회계열,20,2548100
2012,서울기독대학교,기독교복지상담학과(0013324),인문사회계열,36,0
2012,서울기독대학교,신학과(0014278),인문사회계열,80,4217300
2012,서울대학교,미학과(0017664),인문사회계열,93,2260500
2012,서울대학교,인문계열1(0012718),인문사회계열,87,3862200
2012,서울대학교,응용생물학전공(0020433),자연과학계열,79,0
2012,서울대학교,동양화과(0008081),예체능계열,83,1746900
2012,서울대학교,조소과(0007286),예체능계열,102,2346300
2012,서울대학교,사회과학계열(0019154),자연과학계열,164,2791500
2012,서울대학교,원자핵공학과(0004130),공학계열,164,3316400
2012,서울대학교,사회학과(0015271),인문사회계열,148,1740800
2012,서울대학교,서양화과(0007332),예체능계열,111,1942500
2012,서울대학교,에너지자원공학과(0004925),공학계열,122,3950100
2012,서울대학교,국사학과(0015999),인문사회계열,148,2072200
2012,서울대학교,도예전공(0007412),예체능계열,27,1858300
2012,서울대학교,인문계열2(0014886),인문사회계열,28,1385000
2012,서울대학교,식물생산과학부(0021567),공학계열,61,13336600
2012,서울대학교,인문계열(0117617),인문사회계열,65,40700
2012,서울대학교,서양사학과(0011920),인문사회계열,66,1979200
2012,서울대학교,동양사학과(0015482),인문사회계열,55,2180900
2012,서울대학교,수리과학부(0020797),자연과학계열,204,3923400
2012,서울대학교,자유전공학부(자연)(0023055),공학계열,213,2942200
2012,서울대학교,자유전공학부(인문)(0015543),공학계열,354,2423400
2012,서울시립대학교,스포츠과학과(0116728),자연과학계열,183,1669000
2012,서울시립대학교,자유전공학부(0019103),공학계열,67,1476100
2012,서울시립대학교,교통공학과(0000093),공학계열,121,1802600
2012,서울시립대학교,국사학과(0018083),인문사회계열,130,1615400
2012,서울신학대학교,신학과(0018978),인문사회계열,382,3717900
2012,서울신학대학교,보육학과(0019513),인문사회계열,185,2727700
2012,서울신학대학교,보육학과(0016484),인문사회계열,112,2884700
2012,서울여자대학교,식품공학과(0020722),공학계열,209,2463500
2012,서울여자대학교,자율전공학부(자연계열)(0021133),공학계열,49,2168300
2012,서울여자대학교,서양화과(0007628),예체능계열,113,2090700
2012,서울여자대학교,기독교학과(0011538),인문사회계열,134,4156500
2012,서울여자대학교,사학과(0018886),인문사회계열,165,3253000
2012,서울여자대학교,멀티미디어학과(0003103),공학계열,167,2935900
2012,서울장신대학교,신학과(0013939),인문사회계열,230,3057100
2012,서울한영대학교,신학과(0012234),인문사회계열,68,2909700
2012,서울한영대학교,신학과(0018547),인문사회계열,119,2643800
2012,서울한영대학교,기독교상담학과(0010196),인문사회계열,146,2688000
2012,서울한영대학교,기독교상담학과(0016993),인문사회계열,39,2256900
2012,서원대학교,화장품과학과(0119225),자연과학계열,40,2310900
2012,서원대학교,제약공학과(0118124),의학계열,42,3485000
2012,서원대학교,레저스포츠학과(0115459),예체능계열,86,3820500
2012,서원대학교,식품공학과(0116825),공학계열,106,3305400
2012,서원대학교,멀티미디어학과(0115521),공학계열,120,2875200
2012,선문대학교,식품과학과(0022401),자연과학계열,185,3178100
2012,선문대학교,기초과학부(0021463),자연과학계열,164,2687800
2012,선문대학교,스포츠과학부(0007157),자연과학계열,266,3642200
2012,선문대학교,제약공학과(0009987),의학계열,150,3564300
2012,선문대학교,무도경호학과(0115564),인문사회계열,51,3919100
2012,선문대학교,응급구조학과(0009303),의학계열,104,4024700
2012,선문대학교,하이브리드공학과(0005246),공학계열,104,3029300
2012,선문대학교,통일신학과(0014082),인문사회계열,113,5388800
2012,선문대학교,동북아학과(0017534),인문사회계열,116,2229400
2012,선문대학교,치위생학과(0009491),의학계열,140,3952600
2012,선문대학교,무도경찰경호학부(0007502),인문사회계열,125,4334300
2012,성결대학교,멀티미디어공학부(0000944),공학계열,247,2652600
2012,성결대학교,신학부(0010946),인문사회계열,475,3549400
2012,성결대학교,멀티미디어공학부(0002001),공학계열,63,2495900
2012,성결대학교,신학부(0010945),인문사회계열,77,3446100
2012,성공회대학교,사회과학부(0019634),자연과학계열,340,2825900
2012,성공회대학교,디지털컨텐츠학과(0004331),인문사회계열,175,3329500
2012,성공회대학교,멀티미디어시스템공학과(0001593),공학계열,127,3694800
2012,성공회대학교,글로컬IT학과(0004611),공학계열,105,3393400
2012,성공회대학교,신학과(0012233),인문사회계열,89,3611000
2012,성균관대학교,유전공학과(0021236),공학계열,179,2954900
2012,성균관대학교,글로벌리더학부(0015225),인문사회계열,187,5465000
2012,성균관대학교,사학과(0017744),인문사회계열,201,2534000
2012,성균관대학교,사회학과(0016546),인문사회계열,91,3183700
2012,성균관대학교,유학・동양학과(0017359),인문사회계열,128,3460100
2012,성균관대학교,공학계열(0003307),공학계열,826,3174300
2012,성균관대학교,사회과학계열(0016591),자연과학계열,725,3912900
2012,성균관대학교,인문과학계열(0010961),자연과학계열,592,2920400
2012,성균관대학교,자연과학계열(0022086),자연과학계열,389,3582100
2012,성균관대학교,스포츠과학과(0008271),자연과학계열,345,5312000
2012,성신여자대학교,사학과(0016443),인문사회계열,195,3317500
2012,성신여자대학교,스포츠레저학과(0008193),예체능계열,181,3554100
2012,성신여자대학교,IT학부(0002475),공학계열,358,3584400
2012,성신여자대학교,미디어커뮤니케이션학과(0018852),인문사회계열,426,3927000
2012,성신여자대학교,서양화과(0008440),예체능계열,173,3437900
2012,성신여자대학교,동양화과(0005945),예체능계열,167,3105600
2012,성신여자대학교,융합보안학과(0117457),공학계열,21,4386300
2012,성신여자대학교,청정융합과학과(0118336),자연과학계열,22,3854500
2012,성신여자대학교,조소과(0008421),예체능계열,159,3074700
2012,세명대학교,경상학부(0011519),인문사회계열,169,2139400
2012,세명대학교,작업치료학과(0009404),의학계열,97,3659100
2012,세명대학교,미디어창작학과(0015688),인문사회계열,125,2644900
2012,세명대학교,자연약재과학과(0009880),자연과학계열,156,2607900
2012,세종대학교,분자생물학전공(0020693),자연과학계열,134,2653700
2012,세종대학교,에너지자원공학과(0004310),공학계열,72,3173000
2012,세종대학교,디지털콘텐츠전공(0016487),인문사회계열,167,2397000
2012,세종대학교,회화과(0008948),예체능계열,169,1644700
2012,세종대학교,디지털콘텐츠학과(0019571),인문사회계열,185,2296200
2012,세종대학교,식품공학전공(0021462),공학계열,174,2674200
2012,세종대학교,분자생물학전공(0021806),자연과학계열,14,2932200
2012,세종대학교,식품공학과(0116826),공학계열,55,1324500
2012,세종대학교,자유전공학부(0013269),공학계열,38,2612400
2012,세종대학교,원자력공학과(0117329),공학계열,20,1801800
2012,세종대학교,분자생물학과(0116045),자연과학계열,33,1572800
2012,세한대학교,무도학전공(0055053),인문사회계열,17,2127900
2012,세한대학교,바둑학전공(0057106),인문사회계열,16,1988900
2012,세한대학교,경호학전공(0045926),인문사회계열,15,2118800
2012,세한대학교,사이버경찰학전공(0029464),인문사회계열,13,1393100
2012,세한대학교,태권도학과(0055768),예체능계열,29,3501400
2012,세한대학교,태권도학전공(0059421),예체능계열,48,2547800
2012,세한대학교,복지상담학과(0055797),인문사회계열,160,2829900
2012,세한대학교,한중아세안대학 예능계열(0118911),인문사회계열,125,1554200
2012,세한대학교,뮤지컬학과(0053061),예체능계열,119,1966200
2012,세한대학교,작업치료학과(0033740),의학계열,106,2620300
2012,세한대학교,전통연희학과(0045687),인문사회계열,83,3042300
2012,송원대학교,치위생학과(0009882),의학계열,59,2476100
2012,수원가톨릭대학교,신학과(0012232),인문사회계열,166,7815600
2012,수원대학교,글로벌비즈니스학과(0012612),인문사회계열,211,2822000
2012,수원대학교,스포츠건강관리학과(0006098),의학계열,39,3111200
2012,수원대학교,관현악과(0006793),예체능계열,158,3288200
2012,수원대학교,피아노과(0007379),예체능계열,145,3073300
2012,수원대학교,사학과(0018641),인문사회계열,137,3155400
2012,숙명여자대학교,글로벌서비스학부(0012638),인문사회계열,168,3983000
2012,숙명여자대학교,생활과학부(0020320),자연과학계열,164,2602600
2012,숙명여자대학교,미디어학부(0014443),인문사회계열,201,3923000
2012,숙명여자대학교,회화과(0007893),예체능계열,129,2685600
2012,숙명여자대학교,의약과학과(0023473),자연과학계열,60,3432000
2012,숙명여자대학교,자연과학부(0023520),자연과학계열,91,2443600
2012,숙명여자대학교,피아노과(0006773),예체능계열,109,2884800
2012,숙명여자대학교,멀티미디어과학과(0002748),공학계열,121,3236800
2012,숙명여자대학교,관현악과(0008717),예체능계열,120,2372400
2012,순복음총회신학교,신학과(0013437),인문사회계열,57,0
2012,순복음총회신학교,청소년스포츠상담복지학과(0118333),예체능계열,13,6461600
2012,순복음총회신학교,스포츠복지학과(0116745),예체능계열,21,3584500
2012,순복음총회신학교,신학과(0018112),인문사회계열,102,2963000
2012,순천향대학교,미디어콘텐츠학과(0015729),인문사회계열,198,2518900
2012,순천향대학교,의약공학과(0001417),공학계열,71,2565100
2012,순천향대학교,의료IT공학과(0002135),의학계열,172,2541800
2012,순천향대학교,작업치료학과(0009668),의학계열,143,2736500
2012,순천향대학교,스포츠과학과(0006471),자연과학계열,136,2836800
2012,숭실대학교,벤처중소기업학과(0012442),인문사회계열,351,2227200
2012,숭실대학교,글로벌미디어학부(0000843),인문사회계열,508,3291900
2012,숭실대학교,글로벌통상학과(0017785),인문사회계열,650,3307300
2012,숭실대학교,기독교학과(0011537),인문사회계열,96,2984300
2012,숭실대학교,사학과(0010604),인문사회계열,160,1992400
2012,숭실대학교,에너지플랜트학과(0117151),공학계열,11,1283200
2012,숭실대학교,공연뮤지컬학과(0114695),예체능계열,12,2683200
2012,숭실대학교,의료과학과(0009376),의학계열,13,2095200
2012,숭실대학교,사이버수사경찰학과(0116130),인문사회계열,111,2148000
2012,숭실대학교,외식・조리학부(0117291),자연과학계열,170,1536500
2012,숭실대학교,외식조리전공(0117303),자연과학계열,451,2479800
2012,숭실대학교,스포츠어드벤처・태권도학과(0116753),예체능계열,33,1395800
2012,숭실대학교,태권도학과(0007844),예체능계열,36,2342200
2012,숭실대학교,한약자원학과(0010098),의학계열,43,2273300
2012,신라대학교,사학과(0011912),인문사회계열,136,2484100
2012,신라대학교,생물과학과(0021759),자연과학계열,139,3388000
2012,신라대학교,치위생학과(0009579),의학계열,116,3682500
2012,신라대학교,제약공학과(0009431),의학계열,154,3094700
2012,신라대학교,IT학과(0000104),공학계열,83,2983300
2012,신라대학교,IT학과(0002529),공학계열,57,3519200
2012,신라대학교,에너지관리전공(0204138),공학계열,18,0
2012,아신대학교,신학과(0016312),인문사회계열,248,2658400
2012,아신대학교,선교학과(0011935),인문사회계열,124,2623200
2012,아신대학교,신학과(0010939),인문사회계열,57,3568500
2012,아주대학교,건설시스템공학과(0114308),공학계열,153,1752500
2012,아주대학교,e-비즈니스학과(0114156),인문사회계열,236,3133000
2012,아주대학교,미디어학과(0115713),인문사회계열,483,2488400
2012,아주대학교,스포츠레저학과(0116741),예체능계열,38,5476300
2012,아주대학교,사회학과(0116333),인문사회계열,72,2766700
2012,아주대학교,사학과(0116137),인문사회계열,102,2536900
2012,아주대학교,교통시스템공학과(0114904),공학계열,107,2220000
2012,아주대학교,사회과학대학(0116140),자연과학계열,117,2586100
2012,안양대학교,신학과(0013443),인문사회계열,158,3816900
2012,안양대학교,디지털미디어학과(0003290),인문사회계열,156,3055100
2012,연세대학교,신학과(0013984),인문사회계열,200,3259300
2012,연세대학교,스포츠레저학과(0008912),예체능계열,195,4213000
2012,연세대학교,관현악과(0006318),예체능계열,153,2700900
2012,연세대학교,시스템생물학과(0021394),공학계열,133,3272200
2012,연세대학교,생활과학계열(0021089),자연과학계열,205,2612200
2012,연세대학교,사학전공(0014606),인문사회계열,219,2997000
2012,연세대학교,공학계열(0004465),공학계열,1023,3487400
2012,연세대학교,인문계열(0012258),인문사회계열,524,2767700
2012,연세대학교,학부대학 사회과학계열(0052738),자연과학계열,421,2939400
2012,연세대학교,학부대학 상경계열(0046018),인문사회계열,318,2951600
2012,연세대학교,이학계열(0022671),인문사회계열,315,3165300
2012,연세대학교,사회학과(0019135),인문사회계열,222,2764200
2012,연세대학교,IT융합공학(0003810),공학계열,37,18722700
2012,연세대학교,외국인글로벌학부(0011405),인문사회계열,27,1218900
2012,연세대학교,창의기술 매니지먼트전공(0118266),공학계열,18,6570900
2012,연세대학교,시스템생물학과(0022526),공학계열,16,1402400
2012,연세대학교,신학계열(0010929),인문사회계열,56,2961100
2012,연세대학교,자유전공(0015445),자연과학계열,94,3011600
2012,연세대학교,피아노과(0007457),예체능계열,89,2754900
2012,연세대학교,대기과학전공(0021114),자연과학계열,85,3737100
2012,연세대학교(미래) _분교,사회과학부(0011929),자연과학계열,208,1998800
2012,연세대학교(미래) _분교,작업치료학과(0009205),의학계열,193,3046400
2012,연세대학교(미래) _분교,방사선학과(0009329),의학계열,186,3031200
2012,연세대학교(미래) _분교,자연과학부(0022876),자연과학계열,186,2110900
2012,연세대학교(미래) _분교,인문과학부(0015619),자연과학계열,179,2082800
2012,연세대학교(미래) _분교,치위생학과(0009256),의학계열,174,2829400
2012,연세대학교(미래) _분교,생물자원공학전공(0020273),공학계열,12,2088200
2012,연세대학교(미래) _분교,응용과학부(0020417),자연과학계열,31,2779600
2012,연세대학교(미래) _분교,패키징학전공(0004145),인문사회계열,90,2658100
2012,영남대학교,사회학과(0015667),인문사회계열,156,2397000
2012,영남대학교,사학과(0016984),인문사회계열,150,2401400
2012,영남대학교,건설시스템공학과(0005833),공학계열,492,2492400
2012,영남대학교,인문자율전공학부(0018693),공학계열,365,2009200
2012,영남대학교,식품학부(0021025),자연과학계열,81,2263600
2012,영남대학교,한국회화전공(0006271),예체능계열,73,2110000
2012,영남대학교,중어중문전공(0016157),인문사회계열,72,1983400
2012,영남대학교,중어중문과(0015069),인문사회계열,16,113100
2012,영남대학교,일어일문과(0012333),인문사회계열,11,30700
2012,영남대학교,국사학과(0020045),인문사회계열,137,2528700
2012,영남대학교,자연자율전공학부(0022029),공학계열,133,2270700
2012,영남대학교,피아노전공(0006640),예체능계열,106,2123300
2012,영남대학교,식품공학전공(0020291),공학계열,108,3108400
2012,영남대학교,회화전공(0007408),예체능계열,111,2234800
2012,영남대학교,정책과학전공(0019237),자연과학계열,113,9594700
2012,영남대학교,관현악전공(0008205),예체능계열,116,1606900
2012,영남신학대학교,신학과(0012235),인문사회계열,261,2901700
2012,영산대학교,사이버경찰학과(0011909),인문사회계열,132,2734200
2012,영산대학교,치위생학과(0010011),의학계열,142,3076900
2012,영산대학교,교통공학과(0002828),공학계열,123,2238300
2012,영산대학교,스포츠건강관리학과(0007820),의학계열,113,3111000
2012,영산대학교,연계전공학부(0117170),공학계열,19,4749200
2012,영산대학교,자유전공학부(0013084),공학계열,66,1694000
2012,영산대학교,동양무예학과(0007026),인문사회계열,104,3339200
2012,영산대학교,태권도학과(0007942),예체능계열,105,3086500
2012,영산대학교 _제2캠퍼스,서양조리학과(0023479),자연과학계열,226,2242900
2012,영산대학교 _제2캠퍼스,동양조리학과(0020228),자연과학계열,196,2131500
2012,영산대학교 _제2캠퍼스,한국식품조리학과(0023161),자연과학계열,186,2700400
2012,영산대학교 _제2캠퍼스,일어학과(0014472),인문사회계열,178,1716200
2012,영산대학교 _제2캠퍼스,아세안비즈니스학과(0018125),인문사회계열,118,1982300
2012,영산대학교 _제2캠퍼스,인도비즈니스학과(0015867),인문사회계열,105,2889300
2012,영산대학교 _제2캠퍼스,한국비즈니스학과(0011475),인문사회계열,93,1588900
2012,영산대학교 _제2캠퍼스,연기뮤지컬학과(0006764),예체능계열,73,2655300
2012,영산선학대학교,원불교학부(0015448),인문사회계열,39,2973800
2012,예원예술대학교,스포츠레저복지전공(0008349),예체능계열,31,2808400
2012,예원예술대학교,스포츠무도복지학과(0007045),예체능계열,31,488900
2012,예원예술대학교,스포츠복지전공(0008107),예체능계열,14,3390700
2012,예원예술대학교,스포츠격기에이전시학과(0116721),예체능계열,16,1319600
2012,예원예술대학교,스포츠학과(0006486),예체능계열,18,1368800
2012,예원예술대학교,뮤지컬학과(0115694),예체능계열,22,951100
2012,예원예술대학교,뮤지컬전공(0007355),예체능계열,24,2219600
2012,용인대학교,경호학과(0008014),인문사회계열,43,2864600
2012,용인대학교,태권도학과(0008452),예체능계열,50,2061500
2012,용인대학교,스포츠미디어학과(0006901),예체능계열,51,2294200
2012,용인대학교,디지털미디어학과(0003433),인문사회계열,54,2273100
2012,용인대학교,골프학과(0005994),예체능계열,128,2169700
2012,용인대학교,스포츠레저학과(0008381),예체능계열,109,2811100
2012,용인대학교,노인복지학과(0014500),인문사회계열,83,2323300
2012,용인대학교,태권도학과(0006280),예체능계열,325,2261200
2012,용인대학교,유도학과(0007897),예체능계열,306,2185000
2012,용인대학교,유도경기지도학과(0006736),예체능계열,240,4075800
2012,용인대학교,동양무예학과(0008297),인문사회계열,220,2317700
2012,용인대학교,태권도경기지도학과(0007153),예체능계열,216,3050400
2012,용인대학교,경호학과(0007344),인문사회계열,180,2919000
2012,용인대학교,격기지도학과(0006317),인문사회계열,148,4095900
2012,우석대학교,동물자원식품학과(0023328),자연과학계열,60,2413200
2012,우석대학교,레저컨벤션학과(0018079),예체능계열,28,1675000
2012,우석대학교,제약공학과(0009988),의학계열,168,3197500
2012,우석대학교,실버복지학과(0016212),인문사회계열,180,2612700
2012,우석대학교,작업치료학과(0009456),의학계열,192,3130100
2012,우석대학교,태권도학과(0007925),예체능계열,329,3354100
2012,우석대학교,레저스포츠학과(0008531),예체능계열,134,3162000
2012,우석대학교,동물건강관리학과(0022351),의학계열,23,3701200
2012,우송대학교,스포츠건강관리학과(0025531),의학계열,192,3050200
2012,우송대학교,GlobalDualDegree학부(0019996),인문사회계열,367,2345500
2012,우송대학교,외식조리영양학부(0021274),자연과학계열,373,2375600
2012,우송대학교,외식조리학부(0021056),자연과학계열,398,3248900
2012,우송대학교,International Business학부(0042552),인문사회계열,419,4204400
2012,우송대학교,작업치료학과(0009751),의학계열,189,2132700
2012,우송대학교,글로벌한식조리학과(0022862),자연과학계열,170,2475200
2012,우송대학교,글로벌리더쉽자율전공(0013736),인문사회계열,64,2209500
2012,우송대학교,응급구조학과(0009586),의학계열,131,2961300
2012,우송대학교,자산관리학과(0016665),인문사회계열,133,2620900
2012,우송대학교,운송물류학과(0012653),인문사회계열,159,2220600
2012,우송대학교,외식조리유학과(0021502),자연과학계열,16,0
2012,울산과학기술원,기초과정부(이공계열)(0002759),인문사회계열,704,6426900
2012,울산대학교,스포츠과학부(0116736),자연과학계열,77,11651000
2012,울산대학교,사회과학부(0017918),자연과학계열,1483,1562800
2012,울산대학교,생활과학부(0022657),자연과학계열,931,1686600
2012,울산대학교,첨단소재공학부(0002806),공학계열,498,1812600
2012,원광대학교,스포츠건강관리학과(0116719),의학계열,52,3022400
2012,원광대학교,원불교학과(0010999),인문사회계열,93,6195200
2012,원광대학교,사학과(0017065),인문사회계열,128,2100800
2012,원광대학교,애완동식물학과(0117097),인문사회계열,40,1963900
2012,원광대학교,스포츠과학부(0007560),자연과학계열,267,3506700
2012,원광대학교,생활과학부(0023222),자연과학계열,432,2766400
2012,원광대학교,인문사회자율전공학부(0011454),공학계열,33,2643100
2012,원광대학교,자연과학자율전공학부(0022971),공학계열,32,2450300
2012,원광대학교,봉황인재학부(0115990),인문사회계열,23,5756900
2012,원광대학교,그린에너지공학부(0115022),공학계열,88,2022400
2012,원광대학교,레저스포츠전공(0115453),예체능계열,83,4829900
2012,원광대학교,호텔조리전공(0119196),자연과학계열,90,2703900
2012,원광대학교,사이버경찰보안학과(0116126),공학계열,52,2315500
2012,원광대학교,원전시스템공학전공(0117330),공학계열,13,2520100
2012,원광대학교,원전ㆍ제어시스템공학전공(0117331),공학계열,16,3082400
2012,원광대학교,제과제빵전공(0118121),자연과학계열,46,4349900
2012,원광대학교,레저스포츠전공(0115452),예체능계열,44,3479100
2012,원광대학교,신재생에너지공학과(0116914),공학계열,20,1537400
2012,유원대학교,발명특허학과(0019739),인문사회계열,82,2113000
2012,유원대학교,화장품학과(0204678),자연과학계열,103,1538900
2012,유원대학교,호텔외식조리학과(0204688),자연과학계열,209,1685400
2012,유원대학교,작업치료학과(0009867),의학계열,196,2164600
2012,유원대학교,와인발효식품학과(0020476),자연과학계열,182,2167500
2012,유원대학교,스마트IT학부(0004368),공학계열,162,1809500
2012,유원대학교,경찰경호무도학과(0114613),인문사회계열,154,3042400
2012,유원대학교,치위생학과(0010004),의학계열,132,2454500
2012,을지대학교 _제2캠퍼스,치위생학과(0009850),의학계열,305,2199300
2012,을지대학교 _제2캠퍼스,방사선학과(0009661),의학계열,269,2428100
2012,을지대학교 _제2캠퍼스,의료IT마케팅학과(0011409),의학계열,236,1894800
2012,을지대학교 _제2캠퍼스,의료공학과(0005080),의학계열,170,2505100
2012,을지대학교 _제2캠퍼스,응급구조학과(0009204),의학계열,167,2859000
2012,을지대학교 _제2캠퍼스,피부관리학과(0007529),예체능계열,155,1870600
2012,을지대학교 _제2캠퍼스,장례지도학과(0013101),인문사회계열,155,2327500
2012,을지대학교 _제2캠퍼스,의료공학과(0003806),의학계열,38,4642000
2012,을지대학교 _제2캠퍼스,방사선학과(0009352),의학계열,35,2913100
2012,을지대학교 _제2캠퍼스,스포츠아웃도어학과(0119885),예체능계열,34,1583300
2012,이화여자대학교,관현악전공(신)(0006889),예체능계열,197,2141300
2012,이화여자대학교,사회학전공(0015791),인문사회계열,161,2529800
2012,이화여자대학교,사학전공(0013366),인문사회계열,155,3170500
2012,이화여자대학교,서양화전공(0006829),예체능계열,213,3230800
2012,이화여자대학교,인문과학부(0014776),자연과학계열,516,2560300
2012,이화여자대학교,사회과학부(0014382),자연과학계열,391,2974000
2012,이화여자대학교,사회생활학과(0019450),인문사회계열,251,2108200
2012,이화여자대학교,동양화전공(0005949),예체능계열,141,2282700
2012,이화여자대학교,조소전공(0008695),예체능계열,10,1975700
2012,이화여자대학교,기독교학전공(0016929),인문사회계열,96,3609300
2012,이화여자대학교,식품공학전공(0020731),공학계열,126,3312500
2012,이화여자대학교,조소전공(신)(0008794),예체능계열,126,1660600
2012,이화여자대학교,동양화전공(0008834),예체능계열,15,959100
2012,이화여자대학교,서양화전공(0006404),예체능계열,16,88800
2012,이화여자대학교,자유전공(0018761),자연과학계열,40,6551800
2012,인제대학교,나노공학부(0002479),공학계열,340,2186000
2012,인제대학교,의용공학과(0005677),공학계열,344,2317600
2012,인제대학교,작업치료학과(0009206),의학계열,152,2485600
2012,인제대학교,제약공학과(0009587),의학계열,159,2523600
2012,인제대학교,한국학부(0017375),인문사회계열,177,2159800
2012,인제대학교,생활상담복지학부(0019983),인문사회계열,171,2430100
2012,인천가톨릭대학교,신학과(0013199),인문사회계열,98,4746100
2012,인천가톨릭대학교 _제2캠퍼스,회화과(0007277),예체능계열,115,1284300
2012,인천대학교,메카트로닉스공학전공(0174586),공학계열,337,2476200
2012,인천대학교,임베디드시스템공학과(0174606),공학계열,177,2140200
2012,인천대학교,창의인재개발학과(0174658),인문사회계열,105,2436000
2012,인천대학교,서양화전공(0179114),예체능계열,59,2160000
2012,인천대학교,한국화전공(0179525),인문사회계열,61,1292800
2012,인천대학교,운동건강학부(0179213),인문사회계열,348,2533600
2012,인천대학교,레저스포츠학과(0178926),예체능계열,17,1553800
2012,인하대학교,사회과학부(0020150),자연과학계열,253,2286500
2012,인하대학교,아태물류학부(0019206),인문사회계열,508,3597300
2012,인하대학교,나노시스템공학부(0022216),공학계열,103,2256100
2012,인하대학교,에너지자원공학과(0003060),공학계열,91,4165100
2012,인하대학교,자율전공학부(0117803),공학계열,18,1897600
2012,인하대학교,지적재산권학전공(0012601),인문사회계열,10,2044600
2012,인하대학교,사학전공(0019419),인문사회계열,137,3153800
2012,인하대학교,사회기반시스템공학부(0002970),공학계열,197,1910300
2012,인하대학교,생활과학부(0020321),자연과학계열,161,2195700
2012,장로회신학대학교,신학과(0013445),인문사회계열,220,3029300
2012,전남대학교,응용생물공학부(0023561),공학계열,435,2062500
2012,전남대학교,자율전공학부(인문)(0019161),공학계열,109,2384200
2012,전남대학교,사회학과(0013899),인문사회계열,123,2243900
2012,전남대학교,에너지자원공학과(0005358),공학계열,135,2716800
2012,전남대학교,생물학과(0020715),자연과학계열,148,2197100
2012,전남대학교,자율전공학부(자연)(0020438),공학계열,27,1880800
2012,전남대학교,생물공학과(0000181),공학계열,59,2602700
2012,전남대학교,자율전공학부(인문・자연)(0012627),공학계열,62,2129400
2012,전남대학교,사학과(0018034),인문사회계열,168,1967400
2012,전남대학교,동물자원학부(0021367),자연과학계열,283,2011900
2012,전남대학교 _제2캠퍼스,경상학부(0013158),인문사회계열,409,2331600
2012,전남대학교 _제2캠퍼스,식품공학・영양학부(0048086),공학계열,116,3238700
2012,전남대학교 _제2캠퍼스,냉동공조공학과(0004710),공학계열,92,2629800
2012,전북대학교,사회학과(0013019),인문사회계열,147,2129900
2012,전북대학교,식품공학과(0020284),공학계열,148,2487300
2012,전북대학교,한약자원학과(0009104),의학계열,108,2450600
2012,전북대학교,농생물학과(0023278),자연과학계열,112,2447000
2012,전북대학교,IT응용시스템공학과(0005516),공학계열,113,2475900
2012,전북대학교,자원・에너지공학과(0030400),공학계열,170,1738300
2012,전북대학교,사학과(0016193),인문사회계열,173,2300200
2012,전북대학교,동물자원과학부(동물소재공학전공)(0020620),공학계열,23,2676000
2012,전북대학교,생물자원과학부(농생물학전공)(0021045),자연과학계열,23,2470600
2012,전북대학교,융합기술공학부(0117452),공학계열,25,1655000
2012,전북대학교,응용시스템공학부(사회기반공학전공)(0002030),공학계열,29,1612800
2012,전북대학교,응용생물공학부(식품공학전공)(0021049),공학계열,29,2589100
2012,전북대학교,생물과학부(생물학전공)(0022591),자연과학계열,65,1954000
2012,전북대학교,생물과학부(분자생물학전공)(0020611),자연과학계열,59,2112400
2012,전북대학교,사회기반공학과(0000657),공학계열,48,2158900
2012,전북대학교,공공인재학부(0114687),인문사회계열,46,3903500
2012,전북대학교,동물소재공학과(0022763),공학계열,45,3160800
2012,전북대학교,동물자원과학과(0022487),자연과학계열,73,2329800
2012,전북대학교,자율전공학부(0117794),공학계열,100,2412100
2012,전북대학교,분자생물학과(0021519),자연과학계열,98,1982500
2012,전북대학교,과학학과(0020677),자연과학계열,91,2208500
2012,전북대학교,스포츠과학과(0007043),자연과학계열,84,2487600
2012,전북대학교,유기소재파이버공학과(0001352),공학계열,83,2356500
2012,전북대학교,목재응용과학과(0022782),자연과학계열,81,2865400
2012,전주대학교,작업치료학과(0009040),의학계열,139,1185500
2012,전주대학교,작업치료학과(0204190),의학계열,131,1933700
2012,전주대학교,한식조리학과(0021988),자연과학계열,160,4337100
2012,전주대학교,방사선학과(0204188),의학계열,178,2032100
2012,전주대학교,방사선학과(0009184),의학계열,176,1246300
2012,전주대학교,태권도전공(0008618),예체능계열,48,0
2012,전주대학교,운동처방전공(0007262),예체능계열,52,0
2012,전주대학교,운동처방학과(0006188),예체능계열,55,6144200
2012,전주대학교,건강관리전공(0204197),의학계열,59,0
2012,전주대학교,축구전공(0006255),예체능계열,64,0
2012,전주대학교,탄소융합공학과(0204278),공학계열,20,50000
2012,전주대학교,인터랙티브미디어학과(0209095),인문사회계열,18,97900
2012,전주대학교,건강관리전공(0007270),의학계열,69,0
2012,전주대학교,건강기능식품전공(0209094),자연과학계열,105,0
2012,전주대학교,대체건강관리학부(0209088),의학계열,114,4243900
2012,전주대학교,멀티미디어전공(0004028),공학계열,115,2646700
2012,전주대학교,공연엔터테인먼트학과(0008144),예체능계열,118,3032600
2012,전주대학교,건강기능식품전공(0204195),자연과학계열,124,0
2012,전주대학교,축구학과(0006307),예체능계열,75,7222000
2012,전주대학교,태권도학과(0008627),예체능계열,90,6356400
2012,전주대학교,경배와찬양학과(0012598),인문사회계열,96,2548400
2012,전주대학교,기독교학과(0019592),인문사회계열,100,2842500
2012,제주국제대학교,레저스포츠학과(0006061),예체능계열,50,4073300
2012,제주국제대학교,골프학과(0007688),예체능계열,43,3336100
2012,제주국제대학교,레저스포츠학과(0006415),예체능계열,21,4284000
2012,제주대학교,피아노전공(0006906),예체능계열,48,2131900
2012,제주대학교,서양화전공(0006050),예체능계열,56,2399600
2012,제주대학교,관・현악전공(0006697),인문사회계열,68,2321500
2012,제주대학교,한국화전공(0008367),인문사회계열,42,2397500
2012,제주대학교,조소전공(0008489),예체능계열,32,1700100
2012,제주대학교,사학과(0012789),인문사회계열,157,2191900
2012,제주대학교,사회학과(0010679),인문사회계열,154,2286800
2012,제주대학교,생물학과(0021450),자연과학계열,121,2540200
2012,제주대학교,에너지공학과(0004211),공학계열,111,2149300
2012,제주대학교,메카트로닉스공학전공(0005116),공학계열,107,2388300
2012,제주대학교,레저스포츠전공(0006414),예체능계열,81,2509100
2012,조선대학교,메카트로닉스공학과(0002523),공학계열,226,1968000
2012,조선대학교,원자력공학과(0001495),공학계열,209,2533100
2012,조선대학교,사학과(0015868),인문사회계열,209,2349800
2012,조선대학교,태권도학과(0006662),예체능계열,202,2665900
2012,조선대학교,에너지자원공학과(0001505),공학계열,196,2682900
2012,조선대학교,자유전공학부(0017300),공학계열,76,1942700
2012,조선대학교,작업치료학부(0117841),의학계열,20,2317900
2012,조선대학교,생물학과(0022178),자연과학계열,171,2713200
2012,조선대학교,광기술공학과(0003168),공학계열,184,2120400
2012,조선대학교,아랍어과(0018504),인문사회계열,129,2574700
2012,중부대학교,경찰경호학과(0010363),인문사회계열,269,2786100
2012,중부대학교,한방제약과학과(0021494),의학계열,184,2183500
2012,중부대학교,인테리어학과(0008782),예체능계열,107,2280500
2012,중부대학교,골프지도학과(0008415),예체능계열,113,2195200
2012,중부대학교,엔터테인먼트학과(0013071),인문사회계열,137,2242400
2012,중부대학교,한방건강관리학과(0021699),의학계열,137,2494600
2012,중부대학교,화장품과학과(0002294),자연과학계열,164,2595800
2012,중부대학교,인쇄미디어학과(0003128),인문사회계열,156,2695100
2012,중부대학교,애완동물자원학과(0023335),자연과학계열,156,2246400
2012,중부대학교,노인복지학과(0011771),인문사회계열,154,2402100
2012,중앙대학교,융합공학부(0005467),공학계열,141,3353400
2012,중앙대학교,공공인재학부(0114688),인문사회계열,421,2728000
2012,중앙대학교,사회학과(0013504),인문사회계열,268,2344700
2012,중앙대학교,사회기반시스템공학부(0000193),공학계열,113,1832200
2012,중앙대학교 _제2캠퍼스,에너지시스템공학부(0117141),공학계열,97,2158100
2012,중앙대학교 _제2캠퍼스,일어학과(0031258),인문사회계열,103,1872300
2012,중앙대학교 _제2캠퍼스,중어학과(0054913),인문사회계열,104,2413400
2012,중앙대학교 _제2캠퍼스,노어학과(0044989),인문사회계열,79,1723300
2012,중앙대학교 _제2캠퍼스,공공정책학부(0028746),인문사회계열,10,2313200
2012,중앙대학교 _제2캠퍼스,스포츠과학부(0041280),자연과학계열,564,3063300
2012,중앙대학교 _제2캠퍼스,식품공학부(식품공학전공)(0057547),공학계열,257,2645600
2012,중앙대학교 _제2캠퍼스,식품공학부(0044571),공학계열,162,2301600
2012,중앙승가대학교,불교학부(0116051),인문사회계열,22,2995800
2012,중앙승가대학교,역경학과(0013914),인문사회계열,24,0
2012,중앙승가대학교,불교사회학부(0116049),인문사회계열,31,7696400
2012,중앙승가대학교,포교사회학과(0016928),인문사회계열,45,0
2012,중앙승가대학교,불교학과(0017196),인문사회계열,57,0
2012,중원대학교,골프과학과(0114672),자연과학계열,72,4041600
2012,중원대학교,첨단소재공학과(0118314),공학계열,67,4829200
2012,중원대학교,작업치료학과(0117837),의학계열,66,5000500
2012,중원대학교,메카트로닉스학과(0115543),공학계열,56,4572100
2012,중원대학교,신재생에너지학과(0116918),공학계열,93,4750700
2012,중원대학교,의료공학과(0117540),의학계열,94,4941900
2012,중원대학교,영미통상학과(0117193),인문사회계열,77,5056700
2012,중원대학교,태권도학과(0118642),예체능계열,45,6248400
2012,중원대학교,레저스포츠학과(0115461),예체능계열,147,5390400
2012,진주교육대학교,메카트로닉스공학과(0055955),공학계열,118,1549500
2012,진주교육대학교,동물소재공학과(0044771),공학계열,63,1524100
2012,진주교육대학교,농학 ・한약자원학부(농학전공)(0035444),의학계열,42,1802800
2012,진주교육대학교,식품과학과(0035425),자연과학계열,48,2443100
2012,진주교육대학교,제약공학과(0048261),의학계열,56,1903500
2012,진주교육대학교,농학 ・한약자원학부(한약자원전공)(0058718),의학계열,15,1910800
2012,진주교육대학교,식품과학과(0024718),자연과학계열,22,582800
2012,진주교육대학교,제약공학과(0041357),의학계열,29,1378000
2012,진주교육대학교,메카트로닉스공학과(0029991),공학계열,32,1183200
2012,창신대학교,외식조리학과(0179632),자연과학계열,26,2506400
2012,창신대학교,베트남학과(0012049),인문사회계열,144,2467600
2012,창신대학교,인터넷학과(0005244),인문사회계열,143,2742300
2012,창신대학교,인터넷학과(0001105),인문사회계열,36,1847100
2012,창신대학교,베트남학과(0010739),인문사회계열,18,1682600
2012,창신대학교,화장품과학과(0004705),자연과학계열,10,2864600
2012,창신대학교,화장품과학과(0005240),자연과학계열,163,3709200
2012,창신대학교,멀티미디어학과(0115524),공학계열,226,3006000
2012,청주대학교,유전공학과(0023321),공학계열,151,2871300
2012,청주대학교,지적학과(0021160),인문사회계열,203,3010100
2012,청주대학교,레저스포츠전공(0008379),예체능계열,79,3447600
2012,청주대학교,방사선학과(0010120),의학계열,81,3621500
2012,청주대학교,사회학과(0015319),인문사회계열,102,2962800
2012,청주대학교,치위생학과(0009883),의학계열,112,3031300
2012,청주대학교,작업치료학과(0117836),의학계열,40,2755300
2012,청주대학교,태양광에너지공학과(0118644),공학계열,35,1693200
2012,초당대학교,의약관리학과(0018934),인문사회계열,68,3133000
2012,초당대학교,검도학과(0007574),예체능계열,44,3824600
2012,초당대학교,IT융합학부(0114189),공학계열,55,3354500
2012,초당대학교,치위생학과(0009254),의학계열,64,2365200
2012,초당대학교,치위생학과(0027154),의학계열,70,2323600
2012,초당대학교,검도학과(0038239),예체능계열,37,5383400
2012,초당대학교,의약관리학과(0059460),인문사회계열,93,2363600
2012,총신대학교,신학과(0016187),인문사회계열,434,3973300
2012,추계예술대학교,동양화과(0115331),예체능계열,100,2156900
2012,추계예술대학교,판화과(0118742),예체능계열,110,2018800
2012,추계예술대학교,서양화과(0116534),예체능계열,119,2722100
2012,추계예술대학교,피아노과(0118861),예체능계열,131,2322400
2012,추계예술대학교,관현악과(0114830),예체능계열,125,2378300
2012,충남대학교,회화과(0008322),예체능계열,126,1693900
2012,충남대학교,전파공학과(0001124),공학계열,134,2069400
2012,충남대학교,사학과(0011917),인문사회계열,148,1940900
2012,충남대학교,사회학과(0015164),인문사회계열,156,1888400
2012,충남대학교,메카트로닉스공학전공(0002422),공학계열,101,1967900
2012,충남대학교,메카트로닉스공학과(0000244),공학계열,108,2315600
2012,충남대학교,관현악과(0007085),예체능계열,119,2134500
2012,충남대학교,생물과학과(0021690),자연과학계열,169,2214300
2012,충남대학교,스포츠과학과(0008382),자연과학계열,173,2785800
2012,충남대학교,나노소재공학과(0001388),공학계열,176,2808200
2012,충남대학교,식품공학과(0022993),공학계열,99,2379400
2012,충남대학교,리더십과조직과학전공(0018658),자연과학계열,17,1028200
2012,충남대학교,전파공학전공(0005555),공학계열,23,450600
2012,충남대학교,리더십과조직과학전공(0012698),자연과학계열,23,3386700
2012,충남대학교,나노소재공학전공(0000097),공학계열,24,57700
2012,충남대학교,응용생물학전공(0023486),자연과학계열,34,2120700
2012,충남대학교,미생물학전공(0022373),자연과학계열,41,1883400
2012,충남대학교,해군학전공(0012631),인문사회계열,43,0
2012,충남대학교,식품공학전공(0020730),공학계열,45,2122700
2012,충남대학교,과학기술전공(0021051),공학계열,10,1521700
2012,충남대학교,임산공학전공(0022986),공학계열,45,1877700
2012,충남대학교,인문・사회과학전공(0017712),자연과학계열,81,3144700
2012,충남대학교,응용생물학과(0020431),자연과학계열,96,2075700
2012,충남대학교,국사학과(0011723),인문사회계열,69,2467900
2012,충남대학교,응용식물학과(0022205),인문사회계열,46,2117300
2012,충남대학교,생물학전공(0022115),자연과학계열,54,1629900
2012,충남대학교,식물자원학과(0022961),자연과학계열,56,1857300
2012,충남대학교,조소과(0008729),예체능계열,58,1732000
2012,충북대학교,목재・종이과학과(0045347),자연과학계열,130,2178300
2012,충북대학교,사학과(0015232),인문사회계열,122,2673800
2012,충북대학교,특용식물학과(0022285),인문사회계열,112,2464600
2012,충북대학교,사회학과(0011998),인문사회계열,162,2237500
2012,충북대학교,식물자원학과(0021849),자연과학계열,153,2313800
2012,충북대학교,미생물학과(0020338),자연과학계열,152,2702800
2012,충북대학교,서양화전공(0008274),예체능계열,31,0
2012,충북대학교,조소전공(0006926),예체능계열,29,3594400
2012,충북대학교,동양화전공(0007550),예체능계열,29,4248300
2012,충북대학교,조소전공(0007474),예체능계열,27,0
2012,충북대학교,동양화전공(0005948),예체능계열,27,0
2012,충북대학교,서양화전공(0006403),예체능계열,26,5796200
2012,충북대학교,자율전공학부(인문・자연)(0012628),공학계열,54,150300
2012,충북대학교,생물학과(0022438),자연과학계열,182,2692800
2012,충북대학교,식품공학과(0022381),공학계열,167,2852600
2012,칼빈대학교,신학과(0026144),인문사회계열,255,0
2012,칼빈대학교,신학부(0012243),인문사회계열,262,2681000
2012,탐라대학교,레저스포츠학과(0006417),예체능계열,45,4461500
2012,탐라대학교,골프시스템학과(0006345),공학계열,27,4075900
2012,평택대학교,청소년복지학과(0018599),인문사회계열,106,3416900
2012,평택대학교,미국학과(0015567),인문사회계열,161,2429900
2012,평택대학교,청소년복지학전공(0011176),인문사회계열,27,4154000
2012,평택대학교,신학과(0016152),인문사회계열,66,3970200
2012,포항공과대학교,창의IT융합공학과(0005047),공학계열,39,191800
2012,포항공과대학교,단일계열(0000826),인문사회계열,70,6573000
2012,한경국립대학교,스포츠과학과(0007733),자연과학계열,33,3272700
2012,한경국립대학교,식품생물공학과(0004996),공학계열,56,2199900
2012,한경국립대학교,식품생물공학과(0001829),공학계열,82,2758600
2012,한경대학교(산업대),식품생물공학과(0029337),공학계열,101,2670300
2012,한경대학교(산업대),동물소재과학전공(0046902),자연과학계열,57,2067600
2012,한경대학교(산업대),식물생의약전공(0040411),인문사회계열,56,2242500
2012,한경대학교(산업대),스포츠과학과(0059561),자연과학계열,50,3190000
2012,한경대학교(산업대),식품생물공학과(0029336),공학계열,46,1687400
2012,한국공학대학교,그린조명공학과(0003829),공학계열,54,708900
2012,한국공학대학교,나노-광공학과(0003268),공학계열,113,2535700
2012,한국공학대학교,메카트로닉스공학과(0002211),공학계열,151,2433600
2012,한국공학대학교,부품소재공학과(0005185),공학계열,35,1171400
2012,한국공학대학교,디지털융합공학과(0059377),공학계열,17,22100
2012,한국공학대학교,나노-광공학과(0004229),공학계열,16,3171800
2012,한국과학기술원,원자력및양자공학과(0003330),공학계열,52,5280900
2012,한국과학기술원,무학과(공학계열)(0115578),공학계열,539,17539400
2012,한국과학기술원,수리과학과(0020595),자연과학계열,352,5164900
2012,한국과학기술원,무학과(자연계열)(0115579),인문사회계열,288,0
2012,한국교원대학교,스포츠학전공(0059046),예체능계열,23,1736900
2012,한국교원대학교,식품공학전공(0055035),공학계열,22,1813800
2012,한국교원대학교,전문응급구조학과(0042971),의학계열,16,1465900
2012,한국교원대학교,화공생물공학과(0038972),공학계열,69,1828200
2012,한국교원대학교,에너지시스템공학과(0031298),공학계열,74,1151000
2012,한국국제대학교,식품과학부(0022813),자연과학계열,88,2700200
2012,한국국제대학교,병원관리학과(0017295),의학계열,68,0
2012,한국국제대학교,병원관리학과(0018865),의학계열,76,3256400
2012,한국국제대학교,외식조리학과(0020481),자연과학계열,79,2630900
2012,한국국제대학교,방사선학과(0009187),의학계열,82,0
2012,한국국제대학교,방사선학과(0009186),의학계열,86,3514300
2012,한국국제대학교,제약공학과(0009918),의학계열,100,3098100
2012,한국국제대학교,그린수송시스템공학과(0058133),공학계열,20,0
2012,한국국제대학교,자유전공학부(0117790),공학계열,24,707800
2012,한국국제대학교,외식조리학과(0021368),자연과학계열,31,0
2012,한국국제대학교,식품과학과(0020292),자연과학계열,34,2745600
2012,한국국제대학교,제약공학과(0010021),의학계열,59,0
2012,한국국제대학교,메카IT융합공학과(0039393),공학계열,90,482900
2012,한국국제대학교,메카트로닉스공학부(0002527),공학계열,636,3117400
2012,한국방송통신대학교,농학과(0021331),자연과학계열,4120,105900
2012,한국산업기술대학교(산업대),메카트로닉스공학과(0039784),공학계열,299,2574000
2012,한국산업기술대학교(산업대),나노-광공학과(0024004),공학계열,159,2436900
2012,한국산업기술대학교(산업대),부품소재공학과(0036833),공학계열,38,1011300
2012,한국산업기술대학교(산업대),LED공학과(0053119),공학계열,36,820700
2012,한국산업기술대학교(산업대),메카트로닉스시스템공학과(0047349),공학계열,25,122500
2012,한국산업기술대학교(산업대),IT융합학과(0052167),공학계열,19,1418600
2012,한국산업기술대학교(산업대),메카트로닉스공학과(0037239),공학계열,109,3212800
2012,한국산업기술대학교(산업대),나노-광공학과(0024003),공학계열,98,2788500
2012,한국성서대학교,신학부(0012244),인문사회계열,209,2825800
2012,한국성서대학교,신학부(0016154),인문사회계열,137,2879000
2012,한국성서대학교,사회과학부(0019886),자연과학계열,143,2469400
2012,한국성서대학교,사회과학부(0011927),자연과학계열,362,2574400
2012,한국예술종합학교,연기과(0008745),예체능계열,175,1471000
2012,한국예술종합학교,실기과(0008460),인문사회계열,164,1136800
2012,한국예술종합학교,서사창작과(0014187),인문사회계열,11,2654800
2012,한국예술종합학교,연출과(0006658),예체능계열,25,1994300
2012,한국예술종합학교,지휘과(0006659),예체능계열,27,1736800
2012,한국예술종합학교,극작과(0012592),인문사회계열,40,2309700
2012,한국예술종합학교,창작과(0007819),인문사회계열,52,1076900
2012,한국예술종합학교,연희과(0006660),인문사회계열,64,2258300
2012,한국외국어대학교,사회과학전공(0014565),자연과학계열,126,2013900
2012,한국외국어대학교,이란어과(0015784),인문사회계열,109,1999000
2012,한국외국어대학교,포르투갈(브라질)어과(0012844),인문사회계열,108,2218200
2012,한국외국어대학교,터키・아제르바이잔어과(0032558),인문사회계열,102,1481300
2012,한국외국어대학교,네덜란드어과(0012802),인문사회계열,110,1660600
2012,한국외국어대학교,아랍어과(0019253),인문사회계열,233,1702500
2012,한국외국어대학교,노어과(0013089),인문사회계열,217,2104000
2012,한국외국어대학교,말레이인도네시아어과(0015074),인문사회계열,140,2266100
2012,한국외국어대학교,이탈리아어과(0020108),인문사회계열,134,1732600
2012,한국외국어대학교,스칸디나비아어과(0012055),인문사회계열,134,1578000
2012,한국외국어대학교,베트남어과(0014893),인문사회계열,132,1739300
2012,한국외국어대학교,인도어과(0019295),인문사회계열,127,1627600
2012,한국외국어대학교,터어키어과(0011360),인문사회계열,21,2133500
2012,한국외국어대학교,포르투갈어과(0118801),인문사회계열,37,915800
2012,한국외국어대학교,자유전공학부(0014753),공학계열,57,1282600
2012,한국외국어대학교,몽골어과(0014220),인문사회계열,62,1739200
2012,한국외국어대학교,미디어커뮤니케이션학부(0115710),인문사회계열,82,1034900
2012,한국외국어대학교(용인) _분교,이탈리아어통번역학과(0013209),인문사회계열,138,2129700
2012,한국외국어대학교(용인) _분교,헝가리어과(0017342),인문사회계열,138,1857100
2012,한국외국어대학교(용인) _분교,말레이・인도네시아어통번역학과(0047781),인문사회계열,139,2371700
2012,한국외국어대학교(용인) _분교,루마니아어과(0018318),인문사회계열,140,2236000
2012,한국외국어대학교(용인) _분교,세르비아・크로아티아어과(0055682),인문사회계열,141,1486300
2012,한국외국어대학교(용인) _분교,폴란드어과(0017688),인문사회계열,145,2206000
2012,한국외국어대학교(용인) _분교,체코슬로바키아어과(0019003),인문사회계열,146,2377100
2012,한국외국어대학교(용인) _분교,사학과(0019880),인문사회계열,167,1733300
2012,한국외국어대학교(용인) _분교,이공계자유전공학부(0022036),공학계열,14,1255900
2012,한국외국어대학교(용인) _분교,통번역학전공(0018161),인문사회계열,14,297100
2012,한국외국어대학교(용인) _분교,영미권통상통번역전공(0019572),인문사회계열,26,3720800
2012,한국외국어대학교(용인) _분교,인문계 자유전공학부(0026234),공학계열,35,663900
2012,한국외국어대학교(용인) _분교,남아프리카어전공(0115240),인문사회계열,48,1593200
2012,한국외국어대학교(용인) _분교,서아프리카어전공(0116533),인문사회계열,49,1206800
2012,한국외국어대학교(용인) _분교,아프리카학부(0117066),인문사회계열,52,0
2012,한국외국어대학교(용인) _분교,동아프리카어전공(0115328),인문사회계열,60,2316100
2012,한국외국어대학교(용인) _분교,우크라이나어과(0015075),인문사회계열,67,2099600
2012,한국외국어대학교(용인) _분교,인도학과(0117616),인문사회계열,108,2062200
2012,한국외국어대학교(용인) _분교,그리스・불가리아학과(0115018),인문사회계열,119,1990200
2012,한국외국어대학교(용인) _분교,아프리카어과(0117065),인문사회계열,10,6011200
2012,한국외국어대학교(용인) _분교,아랍어통번역학과(0017017),인문사회계열,196,2302600
2012,한국외국어대학교(용인) _분교,브라질학과(0116106),인문사회계열,192,2106400
2012,한국전통문화대학교(일반),보존과학과(0208704),자연과학계열,77,1553000
2012,한국체육대학교,레저스포츠학과(0007284),예체능계열,127,1993900
2012,한국체육대학교,운동건강관리학과(0008742),의학계열,125,2300700
2012,한국체육대학교,태권도학과(0007235),예체능계열,116,2224500
2012,한국체육대학교,스포츠청소년지도학과(0006844),예체능계열,111,2385100
2012,한국체육대학교,스포츠건강관리전공(0007095),의학계열,57,2345600
2012,한국체육대학교,태권도학과(0008826),예체능계열,51,2619400
2012,한국체육대학교,스포츠청소년지도전공(0006485),예체능계열,48,2721200
2012,한국체육대학교,레저스포츠전공(0007257),예체능계열,48,1600100
2012,한국침례신학대학교,신학과(0012750),인문사회계열,442,3233400
2012,한국침례신학대학교,피아노과(0007390),예체능계열,47,3123800
2012,한남대학교,회화과(0006998),예체능계열,195,1846000
2012,한남대학교,멀티미디어공학전공(0001483),공학계열,175,2187300
2012,한남대학교,건설시스템공학과(0001514),공학계열,251,1794200
2012,한남대학교,사학과(0011913),인문사회계열,157,2240900
2012,한남대학교,광・센서공학과(0114832),공학계열,43,1972400
2012,한남대학교,글로벌학부(0015937),인문사회계열,68,5827400
2012,한남대학교,글로벌커뮤니케이션・컬쳐전공(0028953),인문사회계열,69,3479400
2012,한남대학교,글로벌비즈니스전공(0014247),인문사회계열,87,3443600
2012,한남대학교,기독교학과(0015926),인문사회계열,132,3374900
2012,한남대학교,글로벌리더십학부(0018961),인문사회계열,850,1212300
2012,한라대학교,미디어콘텐츠학과(0020155),인문사회계열,148,2580000
2012,한라대학교,의료IT융합학과(0117537),의학계열,25,7978000
2012,한라대학교,방사선학과(0009894),의학계열,63,1667500
2012,한라대학교,청소년복지학과(0012443),인문사회계열,29,4529000
2012,한라대학교,작업치료학과(0009590),의학계열,14,1986100
2012,한림대학교,디지털콘텐츠전공(0017911),인문사회계열,152,4000900
2012,한림대학교,유비쿼터스컴퓨팅학과(0001121),인문사회계열,121,3329500
2012,한림대학교,청각학전공(0022468),인문사회계열,115,4095500
2012,한림대학교,사학과(0015283),인문사회계열,211,3275700
2012,한림대학교,사회학과(0018788),인문사회계열,194,3223000
2012,한밭대학교(산업대),전파공학전공(0035752),공학계열,85,1633500
2012,한밭대학교(산업대),응용소재공학과(0025791),공학계열,57,1668600
2012,한밭대학교(산업대),응용소재공학전공(0052876),공학계열,113,1673500
2012,한밭대학교(산업대),멀티미디어공학전공(0029899),공학계열,99,1576200
2012,한밭대학교(산업대),생산가공공학전공(0046922),공학계열,91,1521900
2012,한북대학교,레저스포츠학과(0008896),예체능계열,55,2590300
2012,한북대학교,에너지자원학과(0002757),공학계열,57,2073600
2012,한북대학교,건강관리학과(0008255),의학계열,93,2171100
2012,한서대학교,작업치료학과(0009726),의학계열,176,3956000
2012,한서대학교,노인복지학과(0010450),인문사회계열,181,3185400
2012,한서대학교,방사선학과(0009750),의학계열,183,3851700
2012,한서대학교,치위생학과(0009514),의학계열,192,2590900
2012,한서대학교,레저게이밍학과(0115442),예체능계열,25,2287400
2012,한서대학교,헬리콥터조종학과(0001473),인문사회계열,83,6189100
2012,한서대학교,건강관리학과(0006002),의학계열,117,3029300
2012,한서대학교,식품생물공학과(0004539),공학계열,115,3604500
2012,한서대학교,의생활학부(0023100),인문사회계열,81,19090600
2012,한서대학교,의생활학부(0020899),인문사회계열,84,0
2012,한서대학교,멀티미디어공학과(0005502),공학계열,188,0
2012,한서대학교,멀티미디어공학과(0005600),공학계열,129,7466500
2012,한서대학교,회화과(0006744),예체능계열,161,0
2012,한세대학교,신학전공(0012246),인문사회계열,161,4532900
2012,한세대학교,e-비즈니스학전공(0015046),인문사회계열,119,3536200
2012,한신대학교,e-비즈니스학과(0015753),인문사회계열,137,2635500
2012,한신대학교,사회학과(0017454),인문사회계열,144,2451200
2012,한신대학교,신학과(0012236),인문사회계열,186,4352500
2012,한신대학교,국사학과(0014744),인문사회계열,94,3350300
2012,한신대학교,한국사학과(0011269),인문사회계열,92,2903200
2012,한신대학교,디지털융합학부(0003412),인문사회계열,28,3356400
2012,한신대학교,글로벌비즈니스학부(0017376),인문사회계열,63,2757800
2012,한양대학교,관현악과(0005950),예체능계열,158,2658200
2012,한양대학교,사회학전공(0015287),인문사회계열,132,2484800
2012,한양대학교,유기나노공학과(0001374),공학계열,108,2918500
2012,한양대학교,원자력공학과(0005612),공학계열,175,3035700
2012,한양대학교,미디어커뮤니케이션전공(0018180),인문사회계열,215,2318000
2012,한양대학교,사회과학부(0014423),자연과학계열,191,1782000
2012,한양대학교,사학과(0013286),인문사회계열,107,3228500
2012,한양대학교,응용시스템학과(0117525),공학계열,74,3909700
2012,한양대학교,분자시스템공학전공(0000179),공학계열,50,2933800
2012,한양대학교,에너지공학과(0001465),공학계열,101,6113600
2012,한양대학교,피아노과(0006261),예체능계열,100,2889700
2012,한양대학교,정책학과(0020214),인문사회계열,341,4928900
2012,한양대학교,생체공학전공(0002854),공학계열,89,2902600
2012,한양대학교(ERICA) _분교,교통물류공학과(0000721),공학계열,69,2872000
2012,한양대학교(ERICA) _분교,로봇공학과(0115466),공학계열,30,2104000
2012,한양대학교(ERICA) _분교,경기지도전공(0007916),인문사회계열,159,4557600
2012,한양대학교(ERICA) _분교,생활스포츠학부(0006028),예체능계열,95,3707300
2012,한양대학교(ERICA) _분교,교통공학과(0000095),공학계열,85,3138800
2012,한일장신대학교,인문사회과학부(0018062),자연과학계열,68,4405100
2012,한일장신대학교,신학부(0013751),인문사회계열,263,3882500
2012,한일장신대학교,신학부(0019445),인문사회계열,28,2797400
2012,한일장신대학교,NGO학과(0017989),인문사회계열,22,4696000
2012,한일장신대학교,디아코니아학(0018499),인문사회계열,21,4675600
2012,한일장신대학교,레저스포츠학과(0115460),예체능계열,20,3991200
2012,한일장신대학교,호텔조리전공(0022892),자연과학계열,30,4292300
2012,한일장신대학교,호텔외식조리학과(0119160),자연과학계열,15,2790800
2012,한일장신대학교,약재가공학전공(0009784),공학계열,19,4202500
2012,한일장신대학교,약재가공학과(0117100),공학계열,11,2961800
2012,한일장신대학교,우슈경기지도전공(0006669),인문사회계열,10,6309600
2012,한일장신대학교,공학부(0002561),공학계열,35,2409200
2012,한일장신대학교,태권도전공(0006279),예체능계열,113,5930900
2012,한일장신대학교,태권도스포츠학부(0118636),예체능계열,44,5330700
2012,한일장신대학교,레저스포츠전공(0007112),예체능계열,40,4407400
2012,협성대학교,피아노과(0118862),예체능계열,114,2678100
2012,협성대학교,관현악과(0114831),예체능계열,82,3273000
2012,협성대학교,신학과(0020100),인문사회계열,313,3568400
2012,호남대학교,태권도경호학과(0007896),예체능계열,110,3478400
2012,호남대학교,인터넷콘텐츠학과(0004033),인문사회계열,83,3578600
2012,호남대학교,소방학과(0002315),인문사회계열,52,1459600
2012,호남대학교,생물학과(0022683),자연과학계열,38,2373000
2012,호남대학교,치위생학과(0118452),의학계열,26,3185200
2012,호남대학교,응급구조학과(0117508),의학계열,19,2531000
2012,호남대학교,경찰학과(0018590),인문사회계열,278,2556000
2012,호남대학교,축구학과(0008654),예체능계열,164,2866900
2012,호남대학교,스포츠레저학과(0008945),예체능계열,140,2546700
2012,호남대학교,작업치료학과(0009039),의학계열,138,3128600
2012,호남신학대학교,신학과(0015082),인문사회계열,227,2695600
2012,호남신학대학교,신학과(0017093),인문사회계열,53,3033000
2012,호서대학교,디지털디스플레이공학전공(0004828),공학계열,140,3140900
2012,호서대학교,디지털비즈니스학부(0018891),인문사회계열,139,784600
2012,호서대학교,해외개발학과(0013777),인문사회계열,138,2464700
2012,호서대학교,모바일시스템공학전공(0003902),공학계열,133,2108500
2012,호서대학교,시스템제어공학과(0001732),공학계열,131,1952600
2012,호서대학교,노인복지학전공(0010452),인문사회계열,122,3050600
2012,호서대학교,식품생물공학과(0005049),공학계열,100,3056700
2012,호서대학교,로봇공학과(0000910),공학계열,89,2880800
2012,호서대학교,패션학과(0021603),예체능계열,158,2052900
2012,호서대학교,디지털제어공학과(0003348),공학계열,79,2015600
2012,호서대학교,경호학과(0005988),인문사회계열,38,3772600
2012,호서대학교,디지털콘텐츠비즈니스전공(0003234),인문사회계열,36,6441200
2012,호서대학교,벤처비즈니스전공(0015179),인문사회계열,34,3132000
2012,호서대학교,e-비즈니스전공(0015277),인문사회계열,30,8689400
2012,호서대학교,제약공학과(0009513),의학계열,29,4702700
2012,호서대학교,기독교연예학과(0005975),인문사회계열,25,3319200
2012,호서대학교,메카트로닉스학과(0003876),공학계열,14,430000
2012,호서대학교,기독교학부(0010199),인문사회계열,39,2894800
2012,호서대학교,IT융합기술학부(0005021),공학계열,41,101400
2012,호서대학교,한방화장품과학과(0022654),자연과학계열,73,3084000
2012,호서대학교,디지털비즈니스전공(0019166),인문사회계열,72,2584500
2012,호서대학교,제약공학전공(0009627),의학계열,71,2863000
2012,호서대학교,뉴미디어학과(0016038),인문사회계열,70,3562400
2012,호서대학교,식품공학전공(0023422),공학계열,69,2368900
2012,호서대학교,신학전공(0017834),인문사회계열,65,3457900
2012,호서대학교,경호전공(0008125),인문사회계열,65,2474400
2012,호서대학교,창업학전공(0011473),인문사회계열,63,2474400
2012,호서대학교,한방화장품과학전공(0022880),자연과학계열,62,3383200
2012,호서대학교,로봇자동화공학전공(0002833),공학계열,58,1856900
2012,호서대학교,골프학과(0008131),예체능계열,54,2344600
2012,호서대학교,골프전공(0008804),예체능계열,46,1839700
2012,호원대학교,식품외식조리학부(0020778),자연과학계열,100,2626100
2012,호원대학교,공연미디어학부(0114696),예체능계열,84,1750700
2012,호원대학교,외식조리학부(0022534),자연과학계열,79,2160100
2012,호원대학교,무도경호학부(0008550),인문사회계열,76,3216300
2012,호원대학교,스포츠레저학과(0007633),예체능계열,76,3031300
2012,호원대학교,치위생학과(0009255),의학계열,119,3325000
2012,호원대학교,응급구조학과(0009442),의학계열,148,2969400
2012,호원대학교,작업치료학과(0009341),의학계열,193,3124600
2012,호원대학교,사이버수사경찰학부(0010600),인문사회계열,198,2920900
2012,호원대학교,축구학과(0118413),예체능계열,17,4192900
2012,호원대학교,무도경호학과(0006938),인문사회계열,15,1548500
2012,호원대학교,사이버수사경찰학부(0018303),인문사회계열,10,2424100
2012,호원대학교,패션스타일리스트학과(0008194),예체능계열,53,2560200
2012,호원대학교,무도경호학부(0006677),인문사회계열,35,2711900
2012,홍익대학교,서울캠퍼스 자율전공(0056642),인문사회계열,229,2339400
2012,홍익대학교,회화과(0008246),예체능계열,311,3169700
2012,홍익대학교,도예ㆍ유리과(0045776),예체능계열,123,3774300
2012,홍익대학교,목조형가구학과(0007831),예체능계열,135,3583700
2012,홍익대학교,판화과(0008474),예체능계열,137,2957500
2012,홍익대학교,조소과(0006633),예체능계열,144,3042900
2012,홍익대학교,동양화과(0005946),예체능계열,143,3378000
2012,홍익대학교(세종) _분교,상경학부(0051891),인문사회계열,661,2643700
2012,홍익대학교(세종) _분교,애니매이션전공(0045667),인문사회계열,208,3918000
2012,홍익대학교(세종) _분교,E-마케팅전공(0045084),인문사회계열,157,3584200
2012,홍익대학교(세종) _분교,세종캠퍼스 자율전공(0001372),인문사회계열,117,2497900
2012,홍익대학교(세종) _분교,자율전공(과기대)(0040457),인문사회계열,118,2598200
2012,화성의과학대학교,노인복지학과(0016494),인문사회계열,91,2109300
2012,가천대학교,영양학과,자연과학계열,74,2239300
2012,가천대학교,나노시스템전공,공학계열,14,5709100
2012,가톨릭관동대학교,에너지자원플랜트공학부,공학계열,41,3763300
2012,가톨릭관동대학교,미래융합학과,인문사회계열,31,8280600
2012,가톨릭관동대학교,플랜트건설공학전공,공학계열,15,0
2012,가톨릭관동대학교,에너지자원공학전공,공학계열,14,0
2012,가톨릭대학교,미디어기술콘텐츠학과,공학계열,131,3463400
2012,강서대학교,신학부(신학전공),인문사회계열,18,2625700
2012,강원대학교,생물의소재공학과,공학계열,43,2081700
2012,강원대학교,생물자원과학부(식물자원응용과학전공),자연과학계열,34,2102800
2012,강원대학교,동물자원과학부 (사료생산과학전공),공학계열,34,1826100
2012,강원대학교,생물자원과학부(응용생물학전공),자연과학계열,32,2852100
2012,강원대학교,시설농업학과,자연과학계열,10,2382500
2012,건국대학교,응용생물과학과,자연과학계열,171,3325400
2012,건국대학교,유기나노시스템공학과,공학계열,116,3116500
2012,건국대학교(글로컬) _분교,다이나믹미디어학과,인문사회계열,95,3375100
2012,건국대학교(글로컬) _분교,녹색기술융합학과,공학계열,87,2607700
2012,건국대학교(글로컬) _분교,관세물류전공,인문사회계열,33,2597000
2012,건양대학교,융합IT학부,공학계열,38,5998600
2012,건양대학교,Global Frontier School,인문사회계열,39,6033300
2012,경남과학기술대학교,융합기술공과대학 계열,공학계열,41,1955000
2012,경남과학기술대학교,상경대학계열,인문사회계열,39,2230400
2012,경동대학교,IT융복합학과,공학계열,18,4509200
2012,경동대학교 _제2캠퍼스,호텔조리학부,자연과학계열,78,3114100
2012,경동대학교 _제3캠퍼스,치위생관리학과,의학계열,17,3994600
2012,경북대학교,자율전공부 자연과학자율전공계열,자연과학계열,155,2932600
2012,경북대학교,자율전공부 인문사회자율전공계열,인문사회계열,200,2653400
2012,경북대학교,융복합시스템공학부 플랜트시스템전공,공학계열,18,3792400
2012,경북대학교,글로벌인재학부,인문사회계열,17,7410000
2012,경북대학교,융복합시스템공학부,공학계열,70,2608000
2012,경북대학교,글로벌인재학부 글로벌리더전공,인문사회계열,46,5691300
2012,경북대학교,에너지공학부 신재생에너지전공,공학계열,29,3534900
2012,경성대학교,에너지과학과,공학계열,33,2552800
2012,경운대학교,청소년상담복지학과,인문사회계열,14,477700
2012,경일대학교,인문계열자율전공학과,공학계열,21,2372000
2012,경희대학교,사회기반시스템공학과,공학계열,298,2639000
2012,고신대학교,태권도선교학과,예체능계열,52,3942700
2012,광주과학기술원,생물전공,자연과학계열,38,6516000
2012,광주교육대학교,테솔학과,인문사회계열,11,3983200
2012,국립강릉원주대학교 _제2캠퍼스,복지학과,인문사회계열,32,2791700
2012,국립경국대학교,생약자원학과,자연과학계열,135,3179500
2012,국립공주대학교,광공학과,공학계열,123,2502600
2012,국립부경대학교,기술서비스공학전공,공학계열,12,0
2012,국립부경대학교,글로벌자율전공학부(이학계열),공학계열,17,3744400
2012,국립순천대학교,물류비즈니스학과,인문사회계열,31,2242000
2012,국립창원대학교,융복합학부,인문사회계열,34,1819500
2012,국립창원대학교,메카융합학과(야),인문사회계열,41,2158300
2012,국립창원대학교,두산중공업학과,인문사회계열,57,183100
2012,국민대학교,International Business 전공,인문사회계열,32,9311100
2012,극동대학교,스텝전공,인문사회계열,18,2281200
2012,극동대학교,한약발효학과,의학계열,51,3282700
2012,김천대학교,치유상담복지학과,인문사회계열,23,4777900
2012,남서울대학교,융합비즈니스학과,인문사회계열,12,833400
2012,단국대학교 _제2캠퍼스,공공관리학과,인문사회계열,36,2000500
2012,단국대학교 _제2캠퍼스,디스플레이공학과,공학계열,44,2301000
2012,대구경북과학기술원,기초학부,인문사회계열,165,2801400
2012,대구한의대학교,융합콘텐츠전공,인문사회계열,30,2710700
2012,대구한의대학교,스마트IT전공,공학계열,31,1804900
2012,동국대학교(WISE) _분교,원자력ㆍ에너지시스템공학과,공학계열,305,2946600
2012,동명대학교,냉동공조공학과 냉동공조시스템전공,공학계열,13,461500
2012,목원대학교,건반악학부 피아노전공,예체능계열,150,3759000
2012,목원대학교,건반악학부 반주전공,인문사회계열,114,4032000
2012,배재대학교,중소기업컨설팅학과,인문사회계열,29,3388000
2012,부산외국어대학교,디지털미디어학부(인터넷미디어전공),인문사회계열,28,2457800
2012,부산외국어대학교,인도학부,인문사회계열,57,3019200
2012,상명대학교,지적재산권학과,인문사회계열,113,3335300
2012,상명대학교(천안) _분교,디지털콘텐츠학과(예체능),인문사회계열,94,3325100
2012,서경대학교,공공인적자원학부(사회과학대학),자연과학계열,342,2490400
2012,서경대학교,무대패션전공,예체능계열,32,3082800
2012,선문대학교,신학순결학과,인문사회계열,49,5740900
2012,성신여자대학교,청정융합과학과,자연과학계열,43,3936700
2012,세종대학교,호텔외식비즈니스학과,자연과학계열,64,2964300
2012,순천향대학교,신뢰성품질공학과,공학계열,12,3683300
2012,신경주대학교,사이버수사경찰학과,인문사회계열,85,1876700
2012,신경주대학교,외식・조리학부,자연과학계열,74,2025800
2012,신경주대학교,스포츠어드벤처・태권도학과,예체능계열,52,3170500
2012,신경주대학교,외식조리전공,자연과학계열,451,2406800
2012,신경주대학교,애완동식물보호학과,인문사회계열,13,1800800
2012,신라대학교,에너지관리전공,공학계열,23,87000
2012,신한대학교,IT융합공학부,공학계열,112,2594900
2012,아주대학교,교통시스템공학과,공학계열,104,2755200
2012,연세대학교,융합사회과학부,자연과학계열,102,1877500
2012,연세대학교,창의기술 매니지먼트전공,공학계열,32,7415900
2012,연세대학교,융합과학공학부,공학계열,41,1173000
2012,연세대학교,언더우드학부,인문사회계열,111,1441100
2012,영남대학교,중어중문전공,인문사회계열,116,4116700
2012,영산대학교,연계전공학부,공학계열,15,3824500
2012,예원예술대학교,스포츠격기에이전시학과,예체능계열,13,2452000
2012,예원예술대학교,스포츠복지전공,예체능계열,31,4563500
2012,우송대학교,글로벌자유전공,자연과학계열,62,2498000
2012,우송대학교,자산관리학부,인문사회계열,153,3022900
2012,울산대학교,사회 ・복지학전공,인문사회계열,172,1743900
2012,울산대학교,운동건강관리전공,의학계열,113,3475700
2012,울산대학교,IT융합전공,공학계열,87,1595400
2012,원광대학교,애완동식물학과,인문사회계열,84,2279400
2012,원광대학교,봉황인재학과,인문사회계열,47,5243200
2012,위덕대학교,철강IT공학부,공학계열,45,2681200
2012,위덕대학교,원전ㆍ제어시스템공학전공,공학계열,33,3159500
2012,위덕대학교,자유전공학부대학,공학계열,150,3474700
2012,위덕대학교,신재생에너지공학전공,공학계열,16,7246400
2012,유원대학교,경찰경호무도학과,인문사회계열,111,4105200
2012,을지대학교 _제2캠퍼스,스포츠아웃도어학과,예체능계열,57,3155700
2012,인하대학교,사회인프라공학과,공학계열,349,2820100
2012,전북대학교,양자시스템공학과,공학계열,15,4231200
2012,전북대학교,융합기술공학부,공학계열,30,2057500
2012,전주대학교,탄소융합공학과,공학계열,27,103700
2012,조선대학교,용접.접합과학공학과,공학계열,28,3710500
2012,중부대학교,신에너지공학과,공학계열,44,3745900
2012,중앙대학교,에너지시스템공학부,공학계열,90,5681700
2012,중앙승가대학교,불교사회학부,인문사회계열,45,4424500
2012,중원대학교,골프과학과,자연과학계열,90,3049900
2012,청운대학교,Musical연기학과,예체능계열,29,4917800
2012,청운대학교,미래창업학과,인문사회계열,12,3162300
2012,청주대학교,태양광에너지공학과,공학계열,61,3278600
2012,초당대학교,IT융합학부,공학계열,67,3198700
2012,충남대학교,육군학전공,인문사회계열,30,5146900
2012,한국공학대학교,디지털융합공학과,공학계열,14,71400
2012,한국과학기술원,무학과(자연계열),인문사회계열,308,0
2012,한국과학기술원,무학과(공학계열),공학계열,561,12832800
2012,한국외국어대학교,브라질학과,인문사회계열,179,2507400
2012,한국외국어대학교,동양어대학,인문사회계열,133,972200
2012,한국외국어대학교,인도학과,인문사회계열,126,2470200
2012,한국외국어대학교,서양어대학,인문사회계열,225,1269800
2012,한국외국어대학교,포르투갈어과,인문사회계열,38,2368100
2012,한국외국어대학교,Language & Diplomacy학부,인문사회계열,38,7155800
2012,한국외국어대학교,인문대학,인문사회계열,60,1041100
2012,한남대학교,광・센서공학과,공학계열,80,3146000
2012,한서대학교,레저게이밍학과,예체능계열,39,2652700
2012,한성대학교,발레전공,예체능계열,47,2217500
2012,한양대학교,응용시스템학과,공학계열,163,3232400
2012,한양대학교(ERICA) _분교,융합공학과,공학계열,14,3924400
2012,한일장신대학교,경호무술청소년학과,인문사회계열,17,4921400
2012,한일장신대학교,약재가공학전공,공학계열,11,5002100
2012,한일장신대학교,태권도스포츠학부,예체능계열,32,5495000
2012,한일장신대학교,약재가공학과,공학계열,24,6102800
2012,호서대학교,글로벌창업전공,인문사회계열,41,2741200
2012,호원대학교,공연미디어학부,예체능계열,157,2658000
2012,홍익대학교(세종) _분교,상경학부 E-마케팅전공,인문사회계열,178,3777400
2012,가천대학교,설비·소방공학과,공학계열,110,1766500
2012,가천대학교,의용생체공학과,공학계열,37,5070100
2012,가톨릭관동대학교,호텔학부,인문사회계열,91,694500
2012,가톨릭관동대학교,스포츠레저학전공,예체능계열,233,3880000
2012,가톨릭관동대학교,에너지플랜트공학전공,공학계열,77,3895300
2012,가톨릭관동대학교,ICT공학부,공학계열,78,312600
2012,가톨릭관동대학교,에너지융합공학부,공학계열,77,520500
2012,강원대학교,지질학전공,자연과학계열,49,2605500
2012,강원대학교,사료생산과학전공,공학계열,56,2869600
2012,강원대학교,식물자원응용과학전공,자연과학계열,57,2385600
2012,강원대학교,스포츠지도전공,예체능계열,62,4937000
2012,강원대학교,자원공학과,공학계열,39,1670100
2012,강원대학교,제지공학전공,공학계열,33,2057600
2012,강원대학교 _제2캠퍼스,융합에너지공학과,공학계열,15,426300
2012,강원대학교 _제2캠퍼스,에너지자원융합공학전공,공학계열,36,2671300
2012,건국대학교,융합인재학부,인문사회계열,215,3175800
2012,건양대학교,창의융합대학,인문사회계열,107,221500
2012,건양대학교,해외건설플랜트학과,공학계열,31,3608800
2012,경동대학교,레저&리조트학과,예체능계열,28,5051900
2012,경상국립대학교,농업식물과학과,자연과학계열,63,2646100
2012,경상국립대학교,애그로시스템공학부,공학계열,71,2341300
2012,경상국립대학교,지질과학과,자연과학계열,138,2557800
2012,경성대학교,융합시스템공학부,공학계열,92,3221800
2012,경성대학교,식품응용공학부,공학계열,84,3403300
2012,경운대학교,무도지도학전공,인문사회계열,27,6045200
2012,계명대학교,뮤직프로덕션전공,인문사회계열,146,3405700
2012,계명대학교,패션마케팅학전공,예체능계열,198,4175600
2012,계명대학교,교통공학전공,공학계열,161,2747400
2012,국립공주대학교,생산기술공학과(선취업후진학),공학계열,46,0
2012,국립군산대학교,자율전공학과(자연과학계열),공학계열,19,288800
2012,국립부경대학교,융합디스플레이공학과,공학계열,271,2621100
2012,국립순천대학교,식품과학부(식품공학전공),공학계열,101,2944000
2012,국립한국교통대학교,IT응용융합학과,공학계열,38,0
2012,국립한국해양대학교,제어자동화공학부,공학계열,53,2013500
2012,국립한국해양대학교,해사IT공학부,공학계열,60,1980500
2012,국립한국해양대학교,해사글로벌학부,인문사회계열,61,1750100
2012,국립한밭대학교,창의융합학과,인문사회계열,38,6524300
2012,극동대학교,식품발효학과,자연과학계열,23,3143200
2012,김천대학교,상담치유복지학과,인문사회계열,27,4477900
2012,남부대학교,통합의료학과,의학계열,39,2939700
2012,남부대학교,무도경호학과(신),인문사회계열,59,3412500
2012,남서울대학교,스포츠비즈니스학과,예체능계열,196,5427200
2012,단국대학교 _제2캠퍼스,원자력융합공학과,공학계열,29,3271300
2012,대구가톨릭대학교,일어일문전공,인문사회계열,152,2864900
2012,대구가톨릭대학교,중남미학부,인문사회계열,58,2965500
2012,대구대학교,창조융합학부,인문사회계열,71,2806300
2012,대구한의대학교,화장품소재공학전공,공학계열,26,3494300
2012,대구한의대학교,의료공학전공,의학계열,31,3973600
2012,대구한의대학교,메디컬화장품융합전공,자연과학계열,40,4171900
2012,동서대학교,메카트로닉스 융합공학부,공학계열,162,3439500
2012,부산대학교,건설융합학부,공학계열,200,2527800
2012,부산대학교,광메카트로닉스공학과,공학계열,153,3429900
2012,부산대학교,나노에너지공학과,공학계열,42,2512100
2012,부산대학교,발전공학과,공학계열,18,0
2012,부산외국어대학교,파이데이아창의인재학과,인문사회계열,77,5313300
2012,부산외국어대학교,G2융합커뮤니케이션학과,인문사회계열,24,2986100
2012,부산외국어대학교,인도학부(인도어전공),인문사회계열,27,2919500
2012,부산외국어대학교,중남미학부(포르투갈어전공),인문사회계열,19,3116400
2012,상명대학교,휴먼서비스공공인재학과,인문사회계열,17,1093400
2012,상명대학교,공공인재학과,인문사회계열,72,2170500
2012,상명대학교,콘텐츠저작권학과,인문사회계열,118,3218200
2012,상지대학교,신에너지.자원공학과,공학계열,100,3535300
2012,선문대학교,3D창의융합학과,공학계열,10,9979000
2012,선문대학교,글로벌한국학과,인문사회계열,50,3677700
2012,선문대학교,BT융합제약공학과,의학계열,86,3805100
2012,세명대학교,디지털콘텐츠창작학과,인문사회계열,40,3107400
2012,신경주대학교,태권도・운동처방학과,예체능계열,68,3480500
2012,신경주대학교,동물·자연보호학과,자연과학계열,28,3673200
2012,신경주대학교,푸드스타일링전공,인문사회계열,18,3876700
2012,신라대학교,한국학전공,인문사회계열,14,3117200
2012,안양대학교,디지털시스템공학과,공학계열,41,3247200
2012,연세대학교,글로벌융합공학부,공학계열,30,16699600
2012,연세대학교(미래) _분교,과학수사학전공,자연과학계열,17,2724900
2012,연세대학교(미래) _분교,분자진단과학전공,자연과학계열,18,3335900
2012,영산대학교,동양무예전공,인문사회계열,86,4297100
2012,영산대학교,공직인재학부,인문사회계열,49,3522400
2012,영산대학교 _제2캠퍼스,연기뮤지컬전공,예체능계열,64,2838900
2012,우송대학교,외식조리학부 글로벌한식조리전공,자연과학계열,216,2759300
2012,우송대학교,외식조리학부 외식조리전공,자연과학계열,397,4267300
2012,우송대학교,글로벌호텔매니지먼트학과,인문사회계열,32,4060300
2012,우송대학교,글로벌조리학과,자연과학계열,42,3899500
2012,우송대학교,글로벌자유전공학부 자유전공,공학계열,78,3042500
2012,위덕대학교,건강스포츠학부,예체능계열,15,4384300
2012,위덕대학교,외식서비스학부,자연과학계열,110,3589600
2012,위덕대학교,다빈치칼리지,인문사회계열,108,3753600
2012,유원대학교,스마트IT학과,공학계열,167,2163900
2012,이화여자대학교,뇌·인지과학전공,자연과학계열,28,6081300
2012,이화여자대학교,커뮤니케이션·미디어학전공,인문사회계열,123,3342900
2012,인제대학교,스포츠헬스케어학과,의학계열,52,4251700
2012,인제대학교,나노융합공학부,공학계열,80,2204500
2012,인제대학교,의용공학부,공학계열,80,2991500
2012,인천대학교,미국통상전공,인문사회계열,23,6117300
2012,전남대학교,생물공학전공,공학계열,43,0
2012,전주대학교,스마트미디어학과,인문사회계열,65,14569200
2012,전주대학교,경배와찬양학전공,인문사회계열,13,0
2012,전주대학교,건강기능식품학과,자연과학계열,35,14640400
2012,전주대학교,신학과경배찬양학과,인문사회계열,19,0
2012,정석대학,스포츠학부 골프학과,예체능계열,11,0
2012,정석대학,스포츠학부 레저스포츠학과,예체능계열,12,0
2012,중앙승가대학교,포교사회학전공,인문사회계열,15,0
2012,중원대학교,신재생에너지자원학과,공학계열,60,2901500
2012,창신대학교,건설플랜트공학과,공학계열,37,1536400
2012,청운대학교,뮤지컬연기학과,예체능계열,66,4176100
2012,청운대학교,융합소재공학과,공학계열,15,5853900
2012,한국공학대학교,지식서비스공학과,공학계열,20,0
2012,한국국제대학교,토지주택개발학과,인문사회계열,25,2431000
2012,한국방송통신대학교,첨단공학부,공학계열,209,721000
2012,한국방송통신대학교,첨단공학부  메카트로닉스전공,공학계열,122,1576500
2012,한국성서대학교,성서학과,인문사회계열,72,4097700
2012,한국외국어대학교,Language & Diplomacy전공,인문사회계열,23,6706200
2012,한국외국어대학교,Language & Trade학부,인문사회계열,15,6281300
2012,한국외국어대학교,EICC학과,인문사회계열,71,2027800
2012,한신대학교,상담복지학과,인문사회계열,10,5656800
2012,호원대학교,외식.조리학부,자연과학계열,52,3876200
2016,가야대학교(김해),조리외식학과,자연과학계열,62,2389700
2016,가야대학교(김해),에너지플랜트공학과,공학계열,41,1847400
2016,강서대학교,식품과학부(식품과학전공),자연과학계열,27,4313900
2016,강원대학교,자원에너지시스템공학과,공학계열,31,1545500
2016,건국대학교,인프라시스템공학과,공학계열,189,3067600
2016,건국대학교,줄기세포재생생물학과,자연과학계열,98,3516200
2016,건국대학교,인터넷・미디어공학과,공학계열,290,3237100
2016,건양대학교,마케팅비즈니스학과,인문사회계열,32,3302700
2016,경기대학교,한국화·서예학과,예체능계열,35,3138800
2016,경기대학교,입체조형학과,예체능계열,37,3374900
2016,계명대학교,자연계열,인문사회계열,59,4640800
2016,국립군산대학교,융복합기술공학과,공학계열,15,804300
2016,국립금오공과대학교,제어및로봇전공,공학계열,16,2784800
2016,국립한국교통대학교,자유전공학부(의왕),공학계열,17,2331600
2016,국립한밭대학교,융합기술학과(편입),공학계열,12,0
2016,국립한밭대학교,융합기술학과,공학계열,23,0
2016,국립한밭대학교,통합물관리학과,인문사회계열,29,0
2016,국민대학교,KMU International Business school,인문사회계열,53,4458500
2016,극동대학교,연출스탭전공,예체능계열,17,4353000
2016,금강대학교,응용불교학전공,인문사회계열,21,8487900
2016,대구가톨릭대학교,사회·복지학부,인문사회계열,105,3840600
2016,대구가톨릭대학교,중남미학전공,인문사회계열,14,4051400
2016,대구예술대학교,자율전공(예체능학부),인문사회계열,18,3547100
2016,대구한의대학교,실버스포츠학과,예체능계열,41,3348100
2016,동아대학교,분자유전공학과,공학계열,62,3602800
2016,동아대학교,테크노공공인재학부,공학계열,79,2299400
2016,배재대학교,기업컨설팅학과,인문사회계열,52,3379700
2016,부산외국어대학교,G2비즈니스융합학부,인문사회계열,103,3129800
2016,부산외국어대학교,동남아창의융합학부,인문사회계열,327,3687200
2016,부산외국어대학교,디지털미디어공학부(인터넷미디어전공),공학계열,22,3313900
2016,상명대학교,뮤직테크놀로지학과,공학계열,15,1570700
2016,서울여자대학교,저널리즘전공,인문사회계열,29,3247100
2016,서울여자대학교,비즈니스커뮤니케이션전공,인문사회계열,45,3805300
2016,서울여자대학교,식품응용시스템학부,공학계열,102,3402900
2016,서원대학교,성인학부,인문사회계열,57,5464400
2016,수원대학교,사학,인문사회계열,25,2264300
2016,수원대학교,외국인 특별학생 자유전공학부,공학계열,11,0
2016,수원대학교,서양화,예체능계열,27,2387700
2016,수원대학교,피아노,예체능계열,41,2847000
2016,수원대학교,관현악,예체능계열,41,2336100
2016,수원대학교,커뮤니케이션,인문사회계열,40,2987100
2016,수원대학교,한국화,인문사회계열,27,1807500
2016,수원대학교,조소,예체능계열,28,2831600
2016,수원대학교,패션,예체능계열,31,1979100
2016,신라대학교,에너지관리학과,공학계열,15,213300
2016,연세대학교,계량위험관리전공,인문사회계열,34,4828800
2016,연세대학교,사회정의리더십전공,인문사회계열,22,4584300
2016,연세대학교,나노과학공학전공,공학계열,19,4583900
2016,연세대학교,지속개발협력전공,인문사회계열,16,3951700
2016,연세대학교,과학기술정책전공,공학계열,14,6007200
2016,연세대학교(미래) _분교,글로벌엘리트학부,인문사회계열,23,3150600
2016,영남대학교,화공시스템전공,공학계열,81,5437300
2016,영남대학교,IT·에너지화공전공,공학계열,85,3877700
2016,우송대학교,글로벌자유전공학과,공학계열,93,3276900
2016,유원대학교,미디어컨텐츠학과,인문사회계열,28,2887300
2016,유원대학교,창의융합학부,인문사회계열,26,747000
2016,유원대학교,와인발효·식음료서비스학과,자연과학계열,137,2758200
2016,이화여자대학교,융합콘텐츠학과,인문사회계열,22,5184700
2016,이화여자대학교,글로벌한국학전공,인문사회계열,14,6160000
2016,인천대학교,융합시스템공학과,공학계열,17,679900
2016,전남대학교,자율전공학부(4년),공학계열,146,2739300
2016,전남대학교,자율전공학부(1년),공학계열,16,2456300
2016,전북대학교,융합기술공학과,공학계열,37,2339900
2016,정석대학,스포츠학부 레저스포츠전공,예체능계열,17,6121100
2016,정석대학,식품패키징외식학부,자연과학계열,15,4387100
2016,정석대학,식품패키징외식학부 식품외식전공,자연과학계열,21,4423800
2016,정석대학,스포츠학부 골프전공,예체능계열,24,3897300
2016,정석대학,에너지공학전공,공학계열,93,2729100
2016,중앙대학교,창의ICT공과대학,인문사회계열,83,2153300
2016,한국공학대학교,광융합시스템공학과,공학계열,50,2032500
2016,한국과학기술원,새내기과정학부(공학계열),공학계열,261,0
2016,한국과학기술원,새내기과정학부(자연계열),인문사회계열,141,0
2016,한국국제대학교,영양식품학과,자연과학계열,36,2224400
2016,한국외국어대학교,Global Business & Technology학부,인문사회계열,37,1735600
2016,한국외국어대학교,지식콘텐츠전공,인문사회계열,18,4258900
2016,한국외국어대학교,Global Business & Technology전공,인문사회계열,35,2305000
2016,한동대학교,ICT창업학부,인문사회계열,10,6081500
2016,한림대학교,디지털미디어콘텐츠전공,인문사회계열,185,4649100
2016,한성대학교,패션학부,예체능계열,74,3482500
2016,한신대학교,IT콘텐츠학과,공학계열,22,3658500
2016,한신대학교,휴먼서비스학부,인문사회계열,86,2869800
2016,한신대학교,인문콘텐츠학부,인문사회계열,107,2842400
2016,한양대학교,응용시스템전공,공학계열,267,4305000
2016,한중대학교,태권도경호학부,예체능계열,27,5737500
2016,호서대학교,디스플레이공학전공,공학계열,80,3558500
2016,호원대학교,사이버수사보안학부,공학계열,34,3531400
2016,화성의과학대학교,ICT융합학과,인문사회계열,15,2199700
2017,가야대학교(김해),외식조리영양학과,자연과학계열,122,3369000
2017,가톨릭관동대학교,의료IT학과,의학계열,56,4643200
2017,가톨릭관동대학교,글로벌창업컨설팅학과,인문사회계열,35,3634600
2017,강남대학교,융합자유전공학부,공학계열,40,253800
2017,강남대학교,복지융합인재학부 스포츠복지전공,예체능계열,36,4011100
2017,건국대학교,줄기세포재생공학과,공학계열,141,4296100
2017,건국대학교,화장품공학과,공학계열,41,5839200
2017,건국대학교,스마트ICT융합공학과,공학계열,39,4832100
2017,건국대학교,스마트운행체공학과,공학계열,34,6391000
2017,건국대학교,미래에너지공학과,공학계열,34,6939900
2017,건국대학교,식량자원과학과,자연과학계열,86,3233800
2017,건국대학교(글로컬) _분교,ICT융합공학부,공학계열,221,3045900
2017,건국대학교(글로컬) _분교,다이나믹미디어전공,인문사회계열,45,4315300
2017,건양대학교,글로벌프론티어학과,인문사회계열,21,3372200
2017,건양대학교,융합IT학과,공학계열,30,4782700
2017,건양대학교,사이버보안공학과,공학계열,44,4160100
2017,경운대학교,무인기공학과,공학계열,53,8860700
2017,고려대학교,응용수리과학부,자연과학계열,59,3373700
2017,고려대학교,스포츠비즈니스전공,예체능계열,69,5137300
2017,고려대학교,자유공학부,공학계열,45,3105000
2017,광주대학교,패션・주얼리학부,예체능계열,40,4107300
2017,국립공주대학교,생산기술공학과,공학계열,141,0
2017,국립군산대학교,융합기술창업학과,공학계열,33,4344700
2017,국립창원대학교,메카융합공학과(야),공학계열,30,2528800
2017,국립창원대학교,에너지융합공학과,공학계열,28,1000000
2017,국립창원대학교,항노화헬스케어학과,의학계열,19,2600300
2017,국립창원대학교,창업융합학과,인문사회계열,23,1753900
2017,국립한국교통대학교,자유전공학부(충주/증평),공학계열,13,3631800
2017,국립한국해양대학교,스마트제조응용공학과,공학계열,13,1436800
2017,국립한국해양대학교,창업지식재산학과,인문사회계열,13,734600
2017,국립한국해양대학교,농어촌수자원관리학과,자연과학계열,20,0
2017,국민대학교,유라시아학과,인문사회계열,95,2727500
2017,국민대학교,미디어전공,인문사회계열,189,3397100
2017,극동대학교,스마트태양광융합학과,인문사회계열,31,2795400
2017,극동대학교,글로벌융합학부,인문사회계열,108,6977300
2017,단국대학교,모바일시스템공학과,공학계열,30,5671100
2017,대구가톨릭대학교,ICT융합학부,인문사회계열,36,6279000
2017,대구가톨릭대학교,빅데이터공학부,공학계열,37,5664200
2017,대구가톨릭대학교,스마트제조공학부,공학계열,39,5159100
2017,대구외국어대학교,경호스포츠학과,예체능계열,13,0
2017,대구한의대학교,화장품약리학전공,자연과학계열,11,2748000
2017,대구한의대학교,화장품공학부,공학계열,116,4990300
2017,대구한의대학교,실버스포츠학전공,예체능계열,36,3576900
2017,대구한의대학교,IT의료데이터과학전공,의학계열,32,3346800
2017,대구한의대학교,화장품·제약자율전공,의학계열,30,5550900
2017,대구한의대학교,천연물자원전공,자연과학계열,27,4115200
2017,대전대학교,건강운동관리학과,인문사회계열,22,3466100
2017,대진대학교,의료IT융합전공,의학계열,37,3786300
2017,대진대학교,휴먼・로봇융합전공,공학계열,36,3784800
2017,동국대학교,케어복지학과,인문사회계열,15,3020000
2017,동국대학교,치안과학융합학과,자연과학계열,17,4564400
2017,동명대학교,복지건강학부,인문사회계열,61,3847700
2017,동명대학교,자율융합공학부,공학계열,29,4100700
2017,동명대학교,융합미디어전공,인문사회계열,74,4899100
2017,동명대학교,의용공학전공,공학계열,81,6047000
2017,동신대학교,신재생에너지전공,공학계열,36,15909100
2017,동신대학교,에너지IoT전공,공학계열,20,6884200
2017,동의대학교,레저스포츠태권도학부,예체능계열,70,5125300
2017,명지대학교 _제2캠퍼스,창의융합인재학부,인문사회계열,46,5276000
2017,백석대학교,스포츠과학부 태권도전공,자연과학계열,10,0
2017,부산외국어대학교,지능형IT융합학부,공학계열,94,2484300
2017,부산외국어대학교,G2(영·중)융합학부,인문사회계열,159,3133900
2017,상명대학교,인문콘텐츠학부 지적재산권학과,인문사회계열,120,4084500
2017,상명대학교 _제2캠퍼스,휴먼지능로봇공학과,공학계열,48,3693100
2017,서강대학교,커뮤니케이션학전공,인문사회계열,162,2293000
2017,서울과학기술대학교,웰니스융합학과,인문사회계열,10,1388100
2017,선문대학교,스포츠・무도학부,예체능계열,84,3961800
2017,성신여자대학교,청정융합에너지공학과,공학계열,43,6623700
2017,세종대학교,창의소프트학부,인문사회계열,102,3858700
2017,세종대학교,데이터사이언스학과,인문사회계열,36,3205300
2017,세한대학교,보컬전공,예체능계열,16,3018300
2017,수원대학교,회화,예체능계열,58,1422800
2017,숙명여자대학교,IT공학전공,공학계열,197,5107700
2017,숙명여자대학교,기초공학부,공학계열,76,3411000
2017,숙명여자대학교,신학부 신학전공,인문사회계열,15,3182000
2017,순천향대학교,빅데이터공학과,공학계열,43,5806300
2017,순천향대학교,에너지시스템학과,공학계열,41,6183000
2017,순천향대학교,의용메카트로닉스공학과,공학계열,31,8236500
2017,순천향대학교,사물인터넷학과,공학계열,46,6665300
2017,순천향대학교,영미학과,인문사회계열,52,4307300
2017,숭실대학교,융합특성화자유전공학부,공학계열,131,3458100
2017,영산대학교,드론교통공학과,공학계열,28,3992100
2017,영산대학교 _제2캠퍼스,가상현실콘텐츠학과,공학계열,28,4200300
2017,영산대학교 _제2캠퍼스,해운항만물류학과,인문사회계열,23,3517700
2017,영산대학교 _제2캠퍼스,웰빙조리창업전공,자연과학계열,15,3922700
2017,우석대학교,패션스타일링학과,예체능계열,31,2989500
2017,우송대학교,글로벌외식창업학과,자연과학계열,28,4242700
2017,우송대학교,Endicott 자유전공학과,공학계열,92,3524600
2017,우송대학교,물류시스템학과,공학계열,187,3437500
2017,유원대학교,글로벌명품조리학과,자연과학계열,179,4238600
2017,유원대학교,글로벌창업학과,인문사회계열,13,6270600
2017,이화여자대학교,커뮤니케이션·미디어학부,인문사회계열,143,2954100
2017,이화여자대학교,인문과학대학,자연과학계열,69,3357600
2017,이화여자대학교,기후·에너지시스템공학전공,공학계열,33,7853100
2017,이화여자대학교,미래사회공학부,공학계열,36,4192400
2017,이화여자대학교,차세대기술공학부,공학계열,40,3119000
2017,인제대학교,헬스케어IT학과,의학계열,51,5428300
2017,인천대학교,동북아통상전공,인문사회계열,23,6037300
2017,전남대학교 _제2캠퍼스,물류통상학부,인문사회계열,64,2185000
2017,제주국제대학교,식품외식학과,자연과학계열,30,4271500
2017,제주대학교,실버케어복지학과,인문사회계열,18,1709800
2017,중부대학교,경호융합보안학전공,공학계열,205,4463600
2017,중부대학교,복지학부,인문사회계열,79,3911900
2017,중부대학교,출판미디어공학과,공학계열,172,3195100
2017,중부대학교,레저힐링학부,예체능계열,124,4573400
2017,중앙승가대학교,포교사회학상담학전공,인문사회계열,17,0
2017,중앙승가대학교,불교학역경학전공,인문사회계열,19,0
2017,초당대학교,드론학과,공학계열,36,3940800
2017,초당대학교,외식조리창업학과,자연과학계열,27,3099000
2017,평택대학교,스마트콘텐츠전공,인문사회계열,15,3121100
2017,한경국립대학교,융합레포츠학과,인문사회계열,12,2926400
2017,한국외국어대학교,Language & Trade전공,인문사회계열,17,6512200
2017,한국전통문화대학교,무형유산학과,인문사회계열,32,2087300
2017,한서대학교,드론응용전공,공학계열,26,4904500
2017,한성대학교,상상력인재학부,인문사회계열,109,1609600
2017,한성대학교,IT공과대학,공학계열,152,3845400
2017,한세대학교,IT융합지능로봇공학과,공학계열,17,1291800
2017,한세대학교,ICT디바이스학과,인문사회계열,116,4338300
2017,호서대학교,로봇자동화공학과,공학계열,41,5802000
2017,호서대학교,첨단미디어전공,인문사회계열,55,4419600
2017,호서대학교,디지털제어공학전공,공학계열,24,2869900
2018,가톨릭관동대학교,콘텐츠제작전공,인문사회계열,50,12546799.8
2018,강원대학교,생물자원과학부,자연과학계열,57,2345011.8
2018,강원대학교,동물응용과학과,자연과학계열,42,2097204.8
2018,강원대학교,시설농업학전공,자연과학계열,14,1824050
2018,건국대학교,융합인재학과,인문사회계열,140,3593295.1
2018,건국대학교,기술융합공학과,공학계열,51,2610557.8
2018,건국대학교,동화미디어콘텐츠전공,인문사회계열,82,4536183.3
2018,건국대학교,스포츠건강학전공,예체능계열,48,5070621
2018,경기대학교 _제2캠퍼스,외식프랜차이즈학과,자연과학계열,38,2461964.7
2018,경일대학교,신재생에너지학부,공학계열,154,3183326.3
2018,경일대학교,로봇공학부,공학계열,138,3087991.6
2018,경일대학교,상경학부 글로벌통상전공,인문사회계열,66,2539668
2018,고려대학교(세종) _분교,디스플레이융합전공,공학계열,31,3242825.8
2018,고려대학교(세종) _분교,영미학전공,인문사회계열,81,2226333.3
2018,고려대학교(세종) _분교,공공사회학전공,인문사회계열,64,3389756.2
2018,고려대학교(세종) _분교,데이터계산과학전공,자연과학계열,58,2032813.9
2018,고려대학교(세종) _분교,빅데이터전공,공학계열,46,3782732.6
2018,광운대학교,콘텐츠테크놀로지전공,공학계열,20,3705792.5
2018,광운대학교,데이터사이언스전공,인문사회계열,44,3406778.4
2018,국립목포대학교,에너지ICT공학부,공학계열,23,2009891.3
2018,국립창원대학교,창업자산융합학부,인문사회계열,81,1968540.7
2018,국립한국교통대학교,화공생물공학전공,공학계열,42,3947442.9
2018,국립한국교통대학교,의료IT공학전공,의학계열,12,3246383.3
2018,국립한밭대학교,창업비즈니스학과,인문사회계열,18,1329142.2
2018,극동대학교,에너지IT공학과,공학계열,64,3179175
2018,김천대학교,IT융복합공학과,공학계열,31,5655293.5
2018,대구가톨릭대학교,스마트제조공학전공,공학계열,18,5096041.7
2018,대구대학교,실버복지상담학과,인문사회계열,19,4615315.8
2018,대구대학교,자산관리창업학과,인문사회계열,17,4623352.9
2018,덕성여자대학교,IT미디어공학과,공학계열,189,3167184.4
2018,동국대학교(WISE) _분교,원자력·에너지시스템공학전공,공학계열,62,3673513.9
2018,명지대학교,스포츠학부 스포츠지도학전공,예체능계열,27,8957666.7
2018,명지대학교 _제2캠퍼스,뮤직콘텐츠학과,인문사회계열,19,1686421.1
2018,명지대학교 _제2캠퍼스,융합전공학부(인문),공학계열,47,2003103.2
2018,배재대학교,글로벌공공인재학부,인문사회계열,50,3026929
2018,배재대학교,정밀응용과학부,자연과학계열,44,2878524.1
2018,배재대학교,드론・로봇공학과,공학계열,39,4550016.9
2018,배재대학교,정부・공기업전공,인문사회계열,74,3164186.4
2018,부산외국어대학교,임베디드IT학부,공학계열,59,3605855.9
2018,서경대학교,공공인적자원학과(사회과학대학),자연과학계열,40,3075080
2018,서울과학기술대학교,헬스케어학과,의학계열,19,2331437.4
2018,서원대학교,화장품학부,자연과학계열,168,3869148.8
2018,서원대학교,제약식품공학부,의학계열,104,3135800.3
2018,선문대학교,스포츠과학부 무도경호학전공,자연과학계열,12,6688458.3
2018,선문대학교,스포츠과학부 스포츠과학전공,자연과학계열,29,4842148.3
2018,성공회대학교,사회융합자율학부,인문사회계열,152,3337846.9
2018,성공회대학교,IT융합자율학부,공학계열,135,3326650.6
2018,성공회대학교,인문융합자율학부,인문사회계열,135,3607139.7
2018,성공회대학교,미디어컨텐츠융합자율학부,인문사회계열,76,4131927.9
2018,세종대학교,무인이동체공학전공,공학계열,30,2860650
2018,세종대학교,스마트기기공학전공,공학계열,39,3186525.6
2018,수원대학교,데이터과학부,자연과학계열,96,3317979.2
2018,수원대학교,미디어SW,인문사회계열,32,2497265.6
2018,수원대학교,레저스포츠,예체능계열,33,2441515.2
2018,수원대학교,글로벌비즈니스,인문사회계열,42,2618081
2018,수원대학교,운동건강관리,의학계열,34,3668176.5
2018,숙명여자대학교,테슬(TESL)전공,인문사회계열,91,3541879.7
2018,숙명여자대학교,글로벌협력전공,인문사회계열,91,4160760.1
2018,숙명여자대학교,앙트러프러너십전공,인문사회계열,148,4435206.6
2018,순복음총회신학교,사회학부 스포츠복지학전공,예체능계열,15,2956666.7
2018,연세대학교,IT융합공학전공,공학계열,41,16276115.9
2018,연세대학교(미래) _분교,패키징학과,인문사회계열,15,0
2018,영남대학교,에너지화공전공,공학계열,41,6275304.9
2018,영산대학교,스마트시티공학부,공학계열,71,3404900.6
2018,영산대학교 _제2캠퍼스,일어전공,인문사회계열,13,3247013.1
2018,우송대학교,Endicott 자유전공학부,공학계열,88,3533941.2
2018,위덕대학교,철강IT융합전공,공학계열,14,4576021.4
2018,유원대학교,호텔조리와인식품학부,자연과학계열,275,4597822.3
2018,인천대학교,글로벌물류학과,인문사회계열,13,2200500
2018,전북대학교,융합기술공학부(IT응용시스템공학전공),공학계열,28,3341839.3
2018,정석대학,중한통번역학과,인문사회계열,14,2973042.9
2018,조선대학교,휴먼융합서비스학부,인문사회계열,50,5347747.2
2018,중부대학교,엔터테인먼트전공,인문사회계열,167,3790205.4
2018,청주대학교,미디어콘텐츠학부,인문사회계열,177,3009544
2018,청주대학교,에너지·광기술융합학부,공학계열,119,2014811.8
2018,청주대학교,BT융합학부,인문사회계열,116,2966696.9
2018,한국외국어대학교,KFL전공,인문사회계열,133,562352.6
2018,한국외국어대학교,FATI전공,인문사회계열,12,4640458.3
2018,한국외국어대학교,ELLT학과,인문사회계열,88,2381339.2
2018,한림대학교,미디어스쿨,인문사회계열,211,3922627.4
2018,한림대학교,데이터과학융합스쿨,자연과학계열,62,3749510.6
2018,한서대학교,인프라시스템학과,공학계열,97,3145389.8
2018,한서대학교,의료복지공학과,의학계열,24,3561614.3
2018,한양대학교(ERICA) _분교,컬처테크놀로지전공,공학계열,19,4587750
2018,한양대학교(ERICA) _분교,미디어테크놀로지전공,공학계열,32,6266132.8
2018,한양대학교(ERICA) _분교,스포츠코칭전공,예체능계열,42,19621619.8
2018,호서대학교,식품제약공학부,의학계열,90,1196322.2
2018,호원대학교,스포츠경호학과,예체능계열,36,7237356.4
2018,호원대학교,비즈니스학부,인문사회계열,35,5018774.3
2019,강원대학교,자유전공학부(자연계열),공학계열,56,2382471.8
2019,강원대학교,자유전공학부(인문계열),공학계열,53,1289204.2
2019,건국대학교,식품학전공,자연과학계열,27,3150844.4
2019,건국대학교,에너지소재학전공,공학계열,25,3950072
2019,경남과학기술대학교,데이터융합학부(데이터사이언스전공),인문사회계열,25,1702768
2019,경일대학교,식품개발학과,자연과학계열,110,3022189.2
2019,경일대학교,스마트푸드테크학과,공학계열,15,13592234.7
2019,경일대학교,스마트전력인프라학과,인문사회계열,21,13126190.5
2019,경일대학교,스마트팩토리융합학과,인문사회계열,35,13695685.7
2019,경일대학교,원자력에너지융합학과,공학계열,20,8080000
2019,광신대학교,복지상담융합학부,인문사회계열,33,4937203
2019,국립경국대학교,창의융합학부(이공계열),인문사회계열,114,3155884.5
2019,국립목포대학교,스마트에너지시스템학과,공학계열,22,12592818.2
2019,국립목포대학교,스마트비즈니스학과,인문사회계열,22,11818181.8
2019,국립목포해양대학교,해상운송학부,인문사회계열,83,2643115.9
2019,국립순천대학교,사회서비스상담학과,인문사회계열,19,3222684.2
2019,국립한국해양대학교,제어자동화공학부(IT융합전공),공학계열,24,0
2019,국립한국해양대학교,IT시스템공학과,공학계열,11,3854439.1
2019,국립한국해양대학교,융합건설시스템학과,공학계열,15,3057586.7
2019,국민대학교,나노소재전공,공학계열,42,3874552.4
2019,대구대학교,미래융합대학,인문사회계열,74,5121186.2
2019,대전대학교,빅데이터사이언스전공,공학계열,29,2393775.9
2019,대전신학대학교,현대한국화전공,인문사회계열,82,3061058.3
2019,대전신학대학교,휴먼IT융합학부,공학계열,60,3605100.8
2019,동서대학교,미래ICT융합학부,인문사회계열,11,6420727.3
2019,동의대학교,로봇·자동화공학전공,공학계열,45,3330562.2
2019,배재대학교,ICT학부,인문사회계열,1094,3297150.6
2019,삼육대학교,IT융합공학과,공학계열,40,4798960.7
2019,상명대학교 _제2캠퍼스,스포츠융합학부,예체능계열,86,4101854.1
2019,서강대학교,미디어&엔터테인먼트전공,인문사회계열,17,2192834.7
2019,서강대학교,지식융합미디어학부,인문사회계열,151,2991724.1
2019,서원대학교,비전학부,인문사회계열,133,5598743.6
2019,성결대학교,디지털컨텐츠전공,인문사회계열,17,4299995.3
2019,성균관대학교,데이터사이언스융합전공,인문사회계열,27,6025826.5
2019,성균관대학교,컬처앤테크놀로지융합전공,공학계열,21,4445466.2
2019,세종대학교,휴먼서비스융합학부,인문사회계열,36,4336972.2
2019,숭실대학교,IT전공,공학계열,39,1352733.3
2019,숭실대학교,에너지소재공학전공,공학계열,11,2248963.6
2019,숭실대학교,호텔·컨벤션전공,인문사회계열,14,1695146.4
2019,신한대학교 _제2캠퍼스,모델콘텐츠전공,인문사회계열,11,5827531.8
2019,연세대학교,융합인문사회과학부,자연과학계열,194,2292454.8
2019,연세대학교(미래) _분교,의료시스템공학전공,의학계열,10,4675955
2019,영남신학대학교,드론교통공학전공,공학계열,21,2554816.2
2019,영산대학교 _제2캠퍼스,동양조리전공,자연과학계열,34,2861785
2019,영산대학교 _제2캠퍼스,서양조리전공,자연과학계열,34,2626627.1
2019,영산대학교 _제2캠퍼스,한국식품조리전공,자연과학계열,38,2620857.1
2019,영산대학교 _제2캠퍼스,한국비즈니스전공,인문사회계열,64,1395322.8
2019,우송대학교,미래기술학부,공학계열,44,3332375
2019,유원대학교,검도전공,예체능계열,12,0
2019,유원대학교,특허전공,인문사회계열,53,0
2019,유원대학교,웰니스융합학부,인문사회계열,28,21605537.5
2019,유원대학교,영재보육학과,인문사회계열,26,4275469.2
2019,유원대학교,와인식음료학과,자연과학계열,113,4226548.7
2019,인제대학교,드론IoT시뮬레이션학부,공학계열,38,2078394.7
2019,인천대학교,한국통상전공,인문사회계열,21,12153949.2
2019,전남대학교 _제2캠퍼스,스마트융합공정공학과,공학계열,23,10869.6
2019,전북대학교,농업시스템학과,공학계열,25,2040000
2019,조선대학교,프리로스쿨학과,인문사회계열,35,3491968.6
2019,중원대학교,무예경호전공,인문사회계열,70,3685230.7
2019,청운대학교,글로벌학부(베트남학전공),인문사회계열,29,3338813.8
2019,청운대학교,사회적기업학과,인문사회계열,17,5893970.6
2019,청주대학교,광기술에너지융합전공,공학계열,15,1438146.7
2019,청주대학교,연출・제작전공,예체능계열,85,2897970
2019,한국공학대학교,ICT융합공학과,공학계열,45,12667777.8
2019,한국예술종합학교,KFL학부,인문사회계열,93,1464450.4
2019,한림대학교,미래융합스쿨,인문사회계열,84,3930396.7
2019,한림대학교,나노융합스쿨,공학계열,122,3857457.3
2019,한성대학교,비즈니스컨설팅학과,인문사회계열,17,6629435.3
2019,한양대학교(ERICA) _분교,스마트융합공학부 소재・부품융합전공,공학계열,32,13092293.8
2019,한양대학교(ERICA) _분교,스마트융합공학부 로봇융합전공,공학계열,43,13969255.8
2019,한양대학교(ERICA) _분교,스마트융합공학부 스마트ICT융합전공,공학계열,23,13931179.6
2019,호원대학교,K-POP학과,인문사회계열,25,3416668
2020,가톨릭대학교,어문계열,인문사회계열,53,1724476.4
2020,가톨릭대학교,ICT공학계열,공학계열,43,2253067.4
2020,강원대학교,미래농업융합학부,자연과학계열,11,1695000
2020,경기대학교,시큐리티매니지먼트학과,인문사회계열,152,4491312.5
2020,경남과학기술대학교,융합학부(스포츠매니지먼트전공),예체능계열,11,4090454.5
2020,경남대학교,식품개발학전공,자연과학계열,18,3347688.9
2020,경동대학교 _제4캠퍼스,외식사업학과,자연과학계열,39,2189897.4
2020,경동대학교 _제4캠퍼스,스포츠마케팅학과(예체능),예체능계열,37,2855418.9
2020,경운대학교,경호무도학전공,인문사회계열,12,5976625
2020,계명대학교,로봇공학전공,공학계열,108,3820285.9
2020,광운대학교,스포츠융합과학과,자연과학계열,37,4570051.4
2020,국립목포대학교,스마트에너지시스템공학과,공학계열,17,3957352.9
2020,국립목포대학교,식의약자원개발학과,자연과학계열,36,2770025
2020,김천대학교,경찰소방학부(소방학전공),인문사회계열,24,3811611.1
2020,나사렛대학교,쿰칼리지,인문사회계열,267,2870638.8
2020,나사렛대학교,브리지학부,인문사회계열,27,1441388.9
2020,단국대학교 _제2캠퍼스,뉴뮤직과,인문사회계열,52,3751977.7
2020,단국대학교 _제2캠퍼스,인공지능・빅데이터공학과,공학계열,106,4103971.9
2020,단국대학교 _제2캠퍼스,스마트IoT전공,공학계열,92,3652027.7
2020,대구대학교,ICT융합학부(인공지능전공),공학계열,153,3390456.3
2020,대구대학교,ICT융합학부(멀티미디어공학전공),공학계열,184,3427457.7
2020,대구예술대학교,모바일컨텐츠전공,공학계열,10,4275750
2020,대구한의대학교,시니어스포츠학전공,예체능계열,31,4036058.1
2020,대진대학교,공공서비스관리학과,인문사회계열,33,5431121.2
2020,덕성여자대학교,Art & Design대학,공학계열,101,3126420.2
2020,덕성여자대학교,과학기술대학,공학계열,330,2378058.8
2020,덕성여자대학교,글로벌융합대학,인문사회계열,641,2992938.8
2020,동덕여자대학교,자율제어전공,공학계열,68,3483804.4
2020,동덕여자대학교,자동화설계전공,공학계열,73,4268428.6
2020,동덕여자대학교,선명상치유학과,인문사회계열,27,5479305.2
2020,동덕여자대학교,시니어운동처방학과,예체능계열,30,6292466.7
2020,동덕여자대학교,실버컨설팅학과,인문사회계열,29,5149069
2020,루터대학교,디아코니아학부(신학전공),인문사회계열,39,6735115.4
2020,루터대학교,디아코니아학부,인문사회계열,71,2731126.8
2020,목원대학교,마케팅빅데이터학과,공학계열,123,3276338.4
2020,목원대학교,미생물소재학과,자연과학계열,104,3908719.9
2020,배재대학교,경찰소방전공,인문사회계열,23,3186695.7
2020,상명대학교,인문콘텐츠학부 지적재산권전공,인문사회계열,128,3852858.9
2020,상지대학교,스마트건설공학과,공학계열,149,3021880.5
2020,상지대학교,호텔컨벤션학과,인문사회계열,146,2388193.2
2020,서경대학교,연출전공,예체능계열,15,3626561
2020,서경대학교,융합사회학부,인문사회계열,127,3721845.1
2020,서경대학교,MSDE학과,인문사회계열,161,5279993.5
2020,서경대학교,융합사회학부(헬스피트니스전공),인문사회계열,42,2639619.3
2020,서원대학교,헬스케어운동학과,의학계열,161,3582002.5
2020,성균관대학교,인공지능융합전공,공학계열,29,4163764.5
2020,세명대학교,양자원자력공학과,공학계열,21,4843762.9
2020,세한대학교,휴먼서비스융합학과,인문사회계열,28,4708517.9
2020,신경주대학교,악기제작전공,인문사회계열,14,3706750
2020,신라대학교,클라우드/빅데이터전공,공학계열,12,3513725
2020,영산대학교 _제2캠퍼스,K-Food조리전공,자연과학계열,49,3421669
2020,예원예술대학교,스포츠경호무도학과,예체능계열,42,2668047.6
2020,우송대학교,글로벌조리학부 폴보퀴즈조리전공,자연과학계열,30,5115571.3
2020,우송대학교,글로벌조리학부 글로벌조리전공,자연과학계열,217,4611847.7
2020,원광대학교,SW융합학과,인문사회계열,37,4265183.8
2020,위덕대학교,제과제빵식음료전공,자연과학계열,38,0
2020,유원대학교,드론응용학과,공학계열,27,4374122.2
2020,전남대학교 _제2캠퍼스,기관시스템공학과,공학계열,27,1954093.3
2020,전남대학교 _제2캠퍼스,양식생물학과,자연과학계열,28,2184207.1
2020,제주국제대학교,외식식품학과,자연과학계열,10,957800
2020,조선대학교,스마트이동체 융합시스템공학부,공학계열,118,3120111.6
2020,조선대학교,K-컬처엔터테인먼트학과,인문사회계열,29,5471483.1
2020,조선대학교,글로벌비즈니스커뮤니케이션학과,인문사회계열,121,3128921
2020,조선대학교,휴먼융합서비스학부(지식자산컨설팅전공),인문사회계열,27,4522547
2020,중부대학교,엔터테인먼트학전공,인문사회계열,174,4019625.4
2020,중부대학교,헬스케어제약공학전공,의학계열,11,1519545.5
2020,중부대학교,애완동물자원학전공,자연과학계열,62,3912026.5
2020,한경국립대학교,인문융합공공인재학부,인문사회계열,81,1963352.3
2020,한경국립대학교,글로벌물류전공,인문사회계열,13,3205673.8
2020,한경국립대학교,융합레포츠전공,인문사회계열,15,4199808
2020,한남대학교,빅데이터응용학과,공학계열,34,3177893.8
2020,한남대학교,스마트융합공학부,공학계열,32,3901569.7
2020,한라대학교,미래라이프융합학부,인문사회계열,23,7229847.8
2010,우석대학교,운송물류학과,인문사회계열,59,1136400
2010,우석대학교,방송통신시스템학과,인문사회,74,1116900
2010,우석대학교,철도차량시스템학과,공학,81,1448500
2010,우송대학교(산업대),중국유학과,인문사회,15,0
2010,우송대학교(산업대),미국유학과,인문사회계열,11,28800
2010,울산과학기술원,디자인및인간공학부,예체능,16,8428300
2010,울산과학기술원,도시환경공학부,인문사회,17,7117300
2010,울산과학기술원,전기전자컴퓨터공학부,공학,43,6693700
2010,울산과학기술원,기계신소재공학부,공학,51,7100000
2010,울산과학기술원,친환경에너지공학부,자연과학,72,6680800
2010,울산과학기술원,테크노경영학부,인문사회,91,6320400
2010,울산과학기술원,나노생명화학공학부,자연과학,105,7015400
2010,울산과학기술원,기초과정부(경영계열),인문사회,142,5412900
2010,울산과학기술원,기초과정부(이공계열),자연과학계열,579,6533900
2010,울산과학기술원,스페인・중남미학과,인문사회,202,1320800
2010,울산과학기술원,산업정보경영공학부,인문사회,190,1451800
2010,울산과학기술원,역사・문화학과,인문사회,166,903500
2010,울산과학기술원,프랑스어・프랑스학과,인문사회,158,937900
2010,울산과학기술원,경영학부(경영학 야간),인문사회,145,1339000
2010,울산과학기술원,일본어・일본학과,인문사회,227,1144100
2010,울산과학기술원,전기전자정보시스템공학부,공학,1012,1134500
2010,울산과학기술원,중국어・중국학과,인문사회,235,1568700
2010,울산과학기술원,생명화학공학부,자연과학,318,1952700
2010,울산과학기술원,조선해양공학부,자연과학,354,3585300
2010,울산과학기술원,컴퓨터ㆍ정보통신공학부,공학,394,1311100
2010,원광대학교,수학ㆍ정보통계학부,자연과학,235,887200
2010,원광대학교,원예ㆍ애완동식물학부,자연과학,260,1081700
2010,원광대학교,전기ㆍ정보통신공학부,공학,288,778500
2010,원광대학교,순수미술학부,예체능,290,991900
2010,원광대학교,소방행정학부,인문사회,294,1244800
2010,원광대학교,예술학부,예체능,302,1381900
2010,원광대학교,토목환경・도시공학부,인문사회,308,1227200
2010,원광대학교,정보・전자상거래학부,공학,328,968000
2010,원광대학교,한국어문학부,인문사회,341,1049300
2010,원광대학교,전자및제어공학부,공학,200,542000
2010,원광대학교,군사학부,인문사회,148,1005300
2010,원광대학교,생명나노화학부,자연과학,152,1172900
2010,원광대학교,유럽문화학부,인문사회,159,681600
2010,원광대학교,영・중어문학부,인문사회,424,1177900
2010,원광대학교,전기전자및정보공학부,공학,585,1355900
2010,원광대학교,복지・보건학부,자연과학,705,1175800
2010,원광대학교,정치・행정・언론학부,인문사회,854,1090400
2010,원광대학교,반도체ㆍ디스플레이학부,공학,114,708100
2010,원광대학교,식품・환경학과,자연과학,46,808300
2010,원광대학교,한국문화학과,인문사회,87,847400
2010,원광대학교,원불교학과,인문사회계열,80,7018400
2010,위덕대학교,공중보건전공,자연과학,76,1536500
2010,위덕대학교,중등특수교육전공,인문사회,86,1269100
2010,위덕대학교,반도체공학전공,공학,98,2051300
2010,위덕대학교,에너지전기공학부,공학,105,1696000
2010,위덕대학교,유아교육전공,인문사회,118,1207400
2010,위덕대학교,초등특수교육전공,인문사회,151,1244800
2010,위덕대학교,외식산업학부,공학,226,2152100
2010,위덕대학교,게임멀티미디어전공,예체능,23,3035100
2010,위덕대학교,유아교육학부,인문사회,35,1524700
2010,위덕대학교,반도체전자공학과,공학,37,2430800
2010,위덕대학교,항공관광학과,인문사회,38,3221600
2010,위덕대학교,보건학과,자연과학,46,1572700
2010,위덕대학교,제과제빵전공,예체능계열,14,5397500
2010,위덕대학교,게임소프트웨어전공,공학,14,1776400
2010,유원대학교,호텔관광항공영어과,인문사회,74,1677400
2010,유원대학교,화장품과학과,자연과학계열,73,1461900
2010,유원대학교,디지털조형디자인학과,예체능,67,1854300
2010,유원대학교,정보통신・사이버경찰학과,공학,66,1169500
2010,유원대학교,발명특허공무원학과,공학계열,56,2425000
2010,유원대학교,도시부동산학과,인문사회,52,1794400
2010,유원대학교,임베디드소프트웨어학과,공학,47,2845200
2010,유원대학교,중국어중국통상학과,인문사회,41,1070300
2010,유원대학교,뷰티케어과,예체능,135,1908600
2010,을지대학교 _제2캠퍼스,중독재활복지학과,자연과학,123,1211800
2010,을지대학교 _제2캠퍼스,여가디자인학과,예체능,132,1062200
2010,을지대학교 _제2캠퍼스,장례지도학과,인문사회계열,135,1201500
2010,을지대학교 _제2캠퍼스,피부관리학과,예체능계열,142,1069200
2010,을지대학교 _제2캠퍼스,의료전산학 전공,공학,180,924000
2010,을지대학교 _제2캠퍼스,보건산업안전학 전공,자연과학,114,1004200
2010,을지대학교 _제2캠퍼스,보건산업유통학전공,인문사회,29,3809300
2010,을지대학교 _제2캠퍼스,의료홍보디자인학과,인문사회,36,504100
2010,을지대학교 _제2캠퍼스,의료IT마케팅학과,공학계열,78,493200
2010,을지대학교 _제2캠퍼스,홍보디자인학전공,인문사회,73,1557900
2010,을지대학교 _제2캠퍼스,보건환경안전학과,자연과학,65,792200
2010,을지대학교 _제2캠퍼스,식품산업외식학과,공학,62,772600
2010,이화여자대학교,체육과학과,예체능,121,2238600
2010,이화여자대학교,디자인학부(신),예체능,125,980400
2010,이화여자대학교,언론홍보영상학부,인문사회,125,1198700
2010,이화여자대학교,컴퓨터・전자공학부,공학,142,1178700
2010,이화여자대학교,언론정보학전공,인문사회,145,1741600
2010,이화여자대학교,관현악전공(신),예체능계열,114,1335800
2010,이화여자대학교,섬유예술전공(신),공학,75,589900
2010,이화여자대학교,국제사무학전공,인문사회,77,1281600
2010,이화여자대학교,국제사무학과,인문사회,78,1460600
2010,이화여자대학교,기독교학전공,인문사회계열,87,1481100
2010,이화여자대학교,환경・식품공학부,자연과학,89,1835000
2010,이화여자대학교,건반악기전공(신),공학,95,1306700
2010,이화여자대학교,수리물리과학부,자연과학,156,661900
2010,이화여자대학교,분자생명과학부,자연과학,432,1610400
2010,이화여자대학교,초등교육과,인문사회,204,1817100
2010,이화여자대학교,국제학전공,인문사회,328,1375900
2010,이화여자대학교,간호과학전공,자연과학,329,2217900
2010,이화여자대학교,성악전공(신),예체능,73,1693700
2010,이화여자대학교,건반악기과,예체능계열,14,3058000
2010,이화여자대학교,간호과학과,자연과학,18,812500
2010,이화여자대학교,공간디자인전공,예체능,18,1346600
2010,이화여자대학교,영상디자인전공,예체능,18,1474300
2010,이화여자대학교,패션디자인전공(신),예체능,19,2237800
2010,이화여자대학교,산업디자인전공(신),공학,20,447900
2010,이화여자대학교,도자예술전공,예체능,23,1724800
2010,이화여자대학교,환경디자인전공,자연과학,24,547700
2010,이화여자대학교,소비자인간발달학전공,인문사회,12,1227700
2010,이화여자대학교,정보통신학전공,공학,11,155400
2010,이화여자대학교,회화및판화전공,예체능계열,52,1907700
2010,이화여자대학교,도자예술전공(신),예체능,57,1505600
2010,이화여자대학교,건반악기전공,공학,59,3206200
2010,이화여자대학교,컴퓨터정보통신공학전공,공학,64,2047200
2010,이화여자대학교,의류직물학전공,자연과학,66,838100
2010,이화여자대학교,조소전공(신),예체능계열,52,855100
2010,이화여자대학교,섬유예술전공,공학,52,1308800
2010,이화여자대학교,보건교육과,인문사회,31,623500
2010,이화여자대학교,화학・나노과학전공,자연과학,42,2898600
2010,인제대학교,식품생명과학부,자연과학,252,1303400
2010,인제대학교,언론정치학부,인문사회,239,1447800
2010,인제대학교,국제경상학부,인문사회,503,1451800
2010,인제대학교,가족소비자학과,인문사회,31,321400
2010,인제대학교,산업안전보건학과,자연과학,31,1192200
2010,인제대학교,역사고고학과,인문사회,136,1160000
2010,인제대학교,전자지능로봇공학과,공학,163,1473200
2010,인제대학교,의생명화학과,자연과학,149,1429400
2010,인제대학교,경영통상학과,인문사회,148,1342500
2010,인제대학교 _제2캠퍼스,환경디자인학과,자연과학,133,404800
2010,인제대학교 _제2캠퍼스,환경조각과,자연과학,55,852300
2010,인제대학교 _제2캠퍼스,동북아경제통상대학 경제학과,인문사회,146,1439100
2010,인제대학교 _제2캠퍼스,동북아국제통상학부 중국통상전공,인문사회,65,0
2010,인제대학교 _제2캠퍼스,윤리학전공,인문사회,53,0
2010,인제대학교 _제2캠퍼스,동북아경제통상대학 동북아국제통상학부,인문사회,44,18307000
2010,인제대학교 _제2캠퍼스,윤리사회복지학부,인문사회,34,4592000
2010,인제대학교 _제2캠퍼스,동북아국제통상학부 러시아통상전공,인문사회,33,0
2010,인제대학교 _제2캠퍼스,에너지화학공학과,자연과학,32,879800
2010,인제대학교 _제2캠퍼스,창의인재개발학과,인문사회계열,30,1055000
2010,인제대학교 _제2캠퍼스,동북아국제통상학부 일본통상전공,인문사회,25,0
2010,인제대학교 _제2캠퍼스,동북아국제통상학부 미국통상전공,인문사회,21,0
2010,인제대학교 _제2캠퍼스,경영대학 경영학부,인문사회,19,1006600
2010,인제대학교 _제2캠퍼스,도시건축학부,인문사회,235,999100
2010,인제대학교 _제2캠퍼스,소비자아동학과,인문사회,181,1227200
2010,인제대학교 _제2캠퍼스,패션산업학과,공학,178,1026000
2010,인제대학교 _제2캠퍼스,운동건강과학부,예체능계열,163,1729900
2010,인하대학교,조선해양공학전공,자연과학,319,1385400
2010,인하대학교,정보공학계열,공학,321,788500
2010,인하대학교,아태물류학부,인문사회계열,412,2917200
2010,인하대학교,일어일본학전공,인문사회,239,1291400
2010,인하대학교,전자전기공학계열,공학,224,991500
2010,인하대학교,중국어중국학전공,인문사회,213,1474100
2010,인하대학교,컴퓨터정보공학전공,공학,644,1238800
2010,인하대학교,고분자신소재공학전공,공학,200,1439400
2010,인하대학교,지리정보공학전공,인문사회,128,1391200
2010,인하대학교,해양과학전공,자연과학,119,893000
2010,인하대학교,미술전공,예체능,116,869900
2010,인하대학교,글로벌금융학부,인문사회,78,2388200
2010,인하대학교,독일언어문화전공,인문사회,64,870900
2010,인하대학교,지적재산권학전공,인문사회계열,20,523900
2010,인하대학교,한국어문학전공,인문사회,138,1346900
2010,인하대학교,생활체육전공,예체능,168,2833800
2010,인하대학교,소비자아동학전공,인문사회,160,1339500
2010,인하대학교,서양어문학부,인문사회,159,777400
2010,인하대학교,섬유신소재공학전공,공학,157,1036900
2010,인하대학교,기초의과학부,자연과학,152,1558700
2010,인하대학교,의류디자인학전공,자연과학,148,1466400
2010,장로회신학대학교,교회음악학과,예체능,217,1225300
2010,장로회신학대학교,산림자원조경학부,자연과학,379,1349100
2010,장로회신학대학교,건설지구환경공학부,자연과학,423,1433100
2010,장로회신학대학교,식물생명공학부,자연과학,436,1180400
2010,장로회신학대학교,고분자 ・ 섬유시스템공학과,공학,66,787300
2010,장로회신학대학교,사회교육학부,인문사회,89,616400
2010,장로회신학대학교,지역 ・ 바이오시스템공학과,인문사회,44,773800
2010,장로회신학대학교,바이오에너지공학과,자연과학,30,616100
2010,장로회신학대학교,동물자원학부,자연과학계열,290,1177000
2010,장로회신학대학교,독일언어문학과,인문사회,196,1060100
2010,장로회신학대학교,생물산업공학과,공학,139,1294300
2010,장로회신학대학교,해양기술학부,자연과학,557,1662500
2010,장로회신학대학교,문화컨텐츠학부,인문사회,290,982800
2010,장로회신학대학교,전기・전자통신・컴퓨터공학부,공학,267,1203600
2010,장로회신학대학교,식품・수산생명의학부,의학,204,1725600
2010,장로회신학대학교,기계・자동차공학부,공학,191,1123200
2010,장로회신학대학교,건설・환경공학부,자연과학,188,1132700
2010,장로회신학대학교,전자통신・전기공학부,공학,10,3541000
2010,장로회신학대학교,특수교육학부,인문사회,121,1180700
2010,장로회신학대학교,생명・화학공학부,자연과학,167,1717300
2010,전북대학교,유럽어문학부(스페인중남미어문학전공),인문사회,14,1201500
2010,전북대학교,동양어문학부(일어일문학전공),인문사회,11,466300
2010,전북대학교,전자정보공학부(전기전자공학전공),공학,10,370200
2010,전북대학교,헬스케어기기전공,공학,14,0
2010,전북대학교,기계설계공학부(나노바이오기계시스템공학전공),자연과학,19,1244700
2010,전북대학교,전기전자컴퓨터공학부(전기공학),공학,21,2038200
2010,전북대학교,동양어문학부(중어중문학전공),인문사회,21,835300
2010,전북대학교,사회교육학부(지리교육전공),인문사회,24,1120800
2010,전북대학교,사회교육학부(일반사회교육전공),인문사회,26,979600
2010,전북대학교,생활과학부(아동학전공),인문사회,26,1447900
2010,전북대학교,응용시스템공학부(전자통신공학전공),공학,28,1563100
2010,전북대학교,응용시스템공학부(정보공학전공),공학,31,787800
2010,전북대학교,신소재공학부 정보소재공학전공,공학,184,1423200
2010,전북대학교,기계항공시스템공학부(기계공학전공),공학,229,1177500
2010,전북대학교,전자정보공학부(전기공학전공),공학,248,1689100
2010,전북대학교,기계항공시스템공학부(정밀기계공학전공),공학,278,1584200
2010,전북대학교,전자정보공학부 컴퓨터공학전공,공학,304,830100
2010,전북대학교,경제학부 경제학전공,인문사회,349,1053500
2010,전북대학교,전자정보공학부(전자공학전공),공학,461,1159300
2010,전북대학교,신소재공학부 금속시스템공학전공,공학,184,1674600
2010,전북대학교,과학기술학부(화학전공),자연과학,179,980700
2010,전북대학교,기계항공시스템공학부(기계설계공학전공),공학,173,1015900
2010,전북대학교,고분자나노공학과,공학,106,1221000
2010,전북대학교,한국음악학과,예체능,108,945200
2010,전북대학교,신소재공학부 고분자나노공학전공,공학,110,1360400
2010,전북대학교,생활과학부(식품영양학전공),자연과학,117,1577300
2010,전북대학교,반도체과학기술학과,공학,128,1656400
2010,전북대학교,행정복지학부(행정학전공),인문사회,138,865100
2010,전북대학교,스페인・중남미어문학과,인문사회,148,1071700
2010,전북대학교,섬유소재시스템공학과,공학,156,942000
2010,전북대학교,정치사회학부(정치외교학전공),인문사회,157,1221700
2010,전북대학교,산림과학부(산림자원학전공),자연과학,105,1283700
2010,전북대학교,인문학부(사학전공),인문사회,104,1187800
2010,전북대학교,기계설계공학부(기계설계공학전공),공학,56,832000
2010,전북대학교,인문학부(고고문화인류학전공),인문사회,56,970800
2010,전북대학교,전기전자컴퓨터공학부(컴퓨터공학),공학,57,1207700
2010,전북대학교,산림과학부(목재응용과학전공),자연과학,58,987300
2010,전북대학교,작물생명과학과,자연과학,59,695400
2010,전북대학교,생물환경화학과,자연과학,62,814400
2010,전북대학교,응용생물공학부(생물환경학전공),자연과학,65,881700
2010,전북대학교,생체정보공학부,공학,65,1236700
2010,전북대학교,건축도시공학부(도시공학전공),인문사회,66,1257500
2010,전북대학교,응용시스템공학부(산업전기공학전공),공학,54,702400
2010,전북대학교,화학공학부(생명화학공학전공),자연과학,31,2138900
2010,전북대학교,화학공학부(에너지화학공학전공),자연과학,33,1706700
2010,전북대학교,IT정보공학부(소프트웨어공학전공),공학,34,1113500
2010,전북대학교,생활과학부(아동주거학전공),인문사회,36,1131200
2010,전북대학교,사회교육학부(역사교육전공),인문사회,39,836000
2010,전북대학교,동물자원과학부(동물생명공학전공),자연과학,39,1219700
2010,전북대학교,고고문화인류학과,인문사회,42,648000
2010,전북대학교,목재응용과학과,자연과학계열,44,1146500
2010,전북대학교,IT정보공학부(컴퓨터시스템공학전공),공학,45,815200
2010,전북대학교,화학공학부(나노화학공학전공),자연과학,49,2518700
2010,전북대학교,생활과학부(의류학전공),자연과학,51,1380600
2010,전북대학교,과학기술학부(물리학전공),자연과학,51,1407200
2010,전북대학교,통계정보과학과,자연과학,67,785000
2010,전북대학교,인문학부(철학전공),인문사회,68,893800
2010,전북대학교,언론심리학부(심리학전공),인문사회,68,1003800
2010,전북대학교,기계설계공학부,공학,89,680700
2010,전북대학교,기계항공시스템공학부(항공우주공학전공),공학,89,1882400
2010,전북대학교,과학학과,자연과학계열,92,785500
2010,전북대학교,환경화학공학부(공업화학전공),자연과학,92,1719700
2010,전북대학교,건축도시공학부(건축공학전공),인문사회,95,1234100
2010,전북대학교,생물자원시스템공학부(지역건설공학전공),인문사회,95,1013600
2010,전북대학교,바이오메디컬공학부,자연과학,97,1025100
2010,전북대학교,정치사회학부(사회학전공),인문사회,97,1241500
2010,전북대학교,언론심리학부(신문방송학전공),인문사회,101,1384200
2010,전북대학교,환경화학공학부(화학공학전공),자연과학,102,1839600
2010,전북대학교,생물자원과학부(원예학전공),자연과학,88,1420800
2010,전북대학교,과학기술학부(지구환경과학전공),자연과학,71,1046800
2010,전북대학교,프랑스학과,인문사회,76,896700
2010,전북대학교,행정복지학부(사회복지학전공),인문사회,77,1537400
2010,전북대학교,수학통계정보과학부(수학전공),자연과학,78,976200
2010,전북대학교,전기전자컴퓨터공학부(전자공학),공학,81,1047300
2010,전북대학교,건축도시공학부(건축학전공(5년제)),인문사회,83,1423000
2010,전북대학교,생물자원과학부(작물생산공학전공),자연과학,84,990500
2010,전북대학교,수학통계정보과학부(통계정보과학전공),자연과학,85,1315600
2010,전북대학교,생물자원시스템공학부(생물산업기계공학전공),공학,85,891600
2010,전북대학교,환경화학공학부(환경공학전공),자연과학,87,985000
2010,전북대학교 _제2캠퍼스,바이오식품공학과,자연과학,60,748200
2010,전북대학교 _제2캠퍼스,생명자원유통경제학과,인문사회,54,683400
2010,전북대학교 _제2캠퍼스,생명공학부(생명자원소재공학전공),자연과학,50,882000
2010,전북대학교 _제2캠퍼스,생명공학부(환경생명공학전공),자연과학,39,945000
2010,전북대학교 _제2캠퍼스,환경자원학부(환경조경디자인학전공),자연과학,17,3324500
2010,전북대학교 _제2캠퍼스,생명공학부(바이오식품공학전공),자연과학,13,845400
2010,전북대학교 _제2캠퍼스,환경자원학부(한약자원학전공),자연과학,11,1044300
2010,전북대학교 _제2캠퍼스,사회교육과(심화전공),인문사회,138,1086900
2010,전주대학교,생산디자인공학과,예체능,113,2496400
2010,전주대학교,전기전자정보통신공학부,공학,247,1117300
2010,전주대학교,영상콘텐츠학부,예체능,311,1011300
2010,전주대학교,교회실용교육학과,인문사회,106,1432600
2010,전주대학교,여론정보통계학과,자연과학,19,1208100
2010,전주대학교,한지문화산업학과,인문사회,31,2260200
2010,전주대학교,도시환경미술학과,인문사회,39,1514800
2010,전주대학교,나노신소재공학과,공학,59,971500
2010,전주대학교,공연엔터테인먼트학과,예체능계열,62,1349000
2010,전주대학교,소방안전공학과,공학,62,1401900
2010,전주대학교,게임학과,예체능,64,928500
2010,전주대학교,경배와찬양학과,인문사회계열,78,1169100
2010,전주대학교,금융보험부동산학부,인문사회,424,1057200
2010,전주대학교,대체건강관리학부,자연과학계열,507,994900
2010,전주대학교,언어문화학부,인문사회,875,1016900
2010,정석대학,항공시스템공학과,공학,16,0
2010,정석대학,항공시스템공학과(전문),공학,30,0
2010,제주대학교,해양생산과학전공,자연과학,138,1302800
2010,제주대학교,문화조형디자인전공,인문사회,96,1183000
2010,제주대학교,독일학과,인문사회,99,1103700
2010,제주대학교,멀티미디어디자인전공,예체능,106,1301500
2010,제주대학교,해양산업공학전공,자연과학,136,1182900
2010,제주대학교,산업응용경제학과,인문사회,90,1610900
2010,제주대학교,해양생명과학전공,자연과학,10,2004400
2010,제주대학교,주거・가족복지전공,인문사회,16,1834300
2010,제주대학교,수산생명의학전공,의학,17,2058800
2010,제주대학교,아동・생활복지전공,인문사회,19,1468200
2010,제주대학교,해양과학부,자연과학,22,0
2010,제주대학교,동물자원과학전공,자연과학계열,23,1215500
2010,제주대학교,해양산업공학과,자연과학,32,1726300
2010,제주대학교,생물산업학부,공학,59,742100
2010,제주대학교,해양의생명과학부,자연과학,71,911600
2010,제주대학교,성악・피아노・작곡전공,예체능,83,967800
2010,제주대학교,원예환경전공,자연과학,56,1694800
2010,제주대학교,응용생명공학전공,자연과학,35,1462400
2010,제주대학교,해양산업경찰학과,자연과학,38,964400
2010,제주대학교,물리교육전공,인문사회,40,1236800
2010,제주대학교,생활환경복지학부,자연과학,41,546800
2010,제주대학교,지구해양과학과,자연과학,43,1260600
2010,제주대학교,생물교육전공,인문사회,49,1057600
2010,제주대학교,일반사회교육전공,인문사회,50,1649700
2010,제주대학교,지리교육전공,인문사회,50,1716700
2010,제주대학교,식물자원환경전공,자연과학,55,1716200
2010,제주대학교,선박해양공학과,자연과학,317,1217500
2010,제주대학교,정치외교학부,인문사회,303,1034500
2010,제주대학교,글로벌법학과,인문사회,45,2976700
2010,제주대학교,미술학부(조각설치미디어),예체능,42,1121500
2010,제주대학교,디자인학부(섬유・패션디자인),공학,38,1000800
2010,제주대학교,디자인학부(가구・도자디자인),예체능,35,596900
2010,제주대학교,미술학부(시각문화큐레이터전공),인문사회,29,722200
2010,제주대학교,미술학부(미학미술사),인문사회,26,1368300
2010,제주대학교,미술학부(한국화),예체능,15,2239700
2010,제주대학교,체육학부(운동과학전공),예체능,139,1860600
2010,제주대학교,행정・복지학부(사회복지학),인문사회,138,1202100
2010,제주대학교,행정.복지학부(행정학),인문사회,130,1147900
2010,제주대학교,언어치료학부,인문사회,122,1137200
2010,제주대학교,상담심리학부,인문사회,116,1116800
2010,제주대학교,아랍어과,인문사회계열,115,1133400
2010,제주대학교,디자인학부(문화산업디자인),인문사회,186,988600
2010,제주대학교,디자인학부(제품・실내디자인),예체능,190,1123800
2010,제주대학교,체육학부(사회체육학전공),예체능,193,1286600
2010,제주대학교,행정ㆍ복지학부,인문사회,226,1523600
2010,제주대학교,제어계측로봇공학과,공학,248,1237000
2010,제주대학교,건축학부(건축공학),공학,261,1047100
2010,제주대학교,만화・애니메이션학부,예체능,185,864100
2010,제주대학교,응용화학소재공학과,자연과학,164,1115300
2010,제주대학교,체육학부(체육학전공),예체능,173,2953400
2010,제주대학교,미술학부(회화전공),예체능,182,1169000
2010,제주대학교,컴퓨터통계학과,자연과학,178,1111800
2010,제주대학교,디자인학부(시각정보미디어),공학,177,1034600
2010,중부대학교,경찰경호학과,예체능계열,267,965400
2010,중부대학교,뮤지컬.음악학과,예체능,89,1150600
2010,중부대학교,식품생명과학과,자연과학,92,1046400
2010,중부대학교,골프지도학과,예체능계열,95,1703900
2010,중부대학교,엔터테인먼트학과,예체능계열,113,945700
2010,중부대학교,자동차관리학과,공학,116,870600
2010,중부대학교,물류유통관리학과,인문사회,53,942100
2010,중부대학교,항공서비스학과,공학,209,1046000
2010,중부대학교,한방제약과학과,자연과학계열,196,948800
2010,중부대학교,미용분장학과,예체능,144,778900
2010,중부대학교,애완동물자원학과,예체능계열,137,1059700
2010,중부대학교,인쇄미디어학과,인문사회계열,137,1061700
2010,중부대학교,건축디자인학과,공학,135,910300
2010,중부대학교,한방건강관리학과,자연과학계열,132,911900
2010,중부대학교,정경계열,인문사회계열,176,162500
2010,중부대학교,글로벌지식학부,인문사회계열,79,642300
2010,중부대학교,공공・인재학부,인문사회계열,333,2447100
2010,중부대학교,화학신소재공학부,자연과학,322,1596200
2010,중부대학교,신문방송학부,인문사회,305,2019100
2010,중부대학교,건설환경공학과,자연과학,295,1762400
2010,중부대학교,상경학부,인문사회계열,1569,1389200
2010,중부대학교,노어학과,인문사회계열,146,1444500
2010,중부대학교,도시및지역계획학과,인문사회,143,1704700
2010,중부대학교,조소학과,예체능계열,134,1779500
2010,중부대학교,식물응용과학과,자연과학계열,91,1974500
2010,중부대학교,불어학과,인문사회계열,27,599600
2010,중부대학교,독어학과,인문사회계열,22,598300
2010,중부대학교,공공정책학부,인문사회계열,85,1157800
2010,중부대학교,산업경제학과,인문사회,148,1912800
2010,중부대학교,정보시스템학과,공학,283,1323700
2010,중부대학교,음악예술학부,예체능,232,1681000
2010,중부대학교,연희예술학부,예체능,179,1781900
2010,중부대학교,산업정보계열,공학,173,113400
2010,중앙승가대학교,역경학과,인문사회계열,36,1009900
2010,중앙승가대학교,불교학과,인문사회계열,82,736400
2010,중원대학교,글로벌리더학부,인문사회계열,66,3966300
2010,중원대학교,한방산업학부,공학,86,4991200
2010,진주교육대학교,도덕과교육과(심화과정),인문사회,151,880700
2010,진주산업대학교(산업대),벤처경영학과,인문사회,150,859600
2010,진주산업대학교(산업대),아동가정복지학과,인문사회,129,1141600
2010,진주산업대학교(산업대),영어정보학과,인문사회,125,900600
2010,진주산업대학교(산업대),인테리어재료공학과,공학,73,538400
2010,진주산업대학교(산업대),전자상거래・무역학과,인문사회,124,793000
2010,진주산업대학교(산업대),스포츠산업학과,공학,13,192300
2010,진주산업대학교(산업대),농학 ・한약자원학부(한약자원전공),자연과학계열,22,0
2010,진주산업대학교(산업대),농학 ・한약자원학부(농학전공),자연과학계열,24,1437300
2010,진주산업대학교(산업대),보건행정정보학과,인문사회,133,1597100
2010,진주산업대학교(산업대),실버산업복지학과,공학,70,1816000
2010,청운대학교,호텔조리식당경영학과,인문사회,21,475500
2010,청운대학교,방송음악과,인문사회,22,647300
2010,청운대학교,패션디자인섬유공학과,공학,30,1499500
2010,청운대학교,건축설비소방학과,공학,30,486200
2010,청운대학교,인터넷학과,인문사회계열,32,684100
2010,청운대학교,철도행정토목학과,인문사회,33,1831200
2010,청운대학교,디지털방송공학과,인문사회,39,441100
2010,청운대학교,호텔경영컨벤션학과,인문사회,281,1350400
2010,청운대학교,공연기획경영학과,인문사회,175,1051500
2010,청운대학교,방송연기학과,인문사회,174,1016600
2010,청운대학교,베트남학과,인문사회계열,119,1439600
2010,청주대학교,반도체설계공학전공,공학,212,1205300
2010,청주대학교,문화철학전공,인문사회,28,983000
2010,청주대학교,환경조경학전공,자연과학,198,1124800
2010,청주대학교,산업ㆍ레이저광정보공학부,공학,117,472800
2010,청주대학교,바이오정보통계학전공,자연과학,95,1156900
2010,청주대학교,나노과학전공,자연과학계열,35,1077200
2010,청주대학교,레이저광정보공학전공,공학,161,1122500
2010,청주대학교,지적학전공,인문사회계열,161,1479100
2010,청주대학교,정치사회복지학부,인문사회,165,382500
2010,청주대학교,행정도시지적학부,인문사회,178,516200
2010,청주대학교,만화애니메이션전공,예체능,136,1031600
2010,청주대학교,환경조경토목공학부,자연과학,156,863000
2010,청주대학교,기업경영학과,인문사회,187,1752400
2010,청주대학교,조리과학부,자연과학,399,1096000
2010,청주대학교,건설정보공학과,공학,39,3160300
2010,청주대학교,디지털경영학과,인문사회,41,987300
2010,청주대학교,의약관리학과,의학계열,122,1128100
2010,청주대학교,한중정보문화학과,인문사회,86,2330100
2010,총신대학교,판화전공,예체능계열,106,1216200
2010,총신대학교,영상비즈니스전공,예체능,92,1021200
2010,총신대학교,영상시나리오전공,예체능,83,1046100
2010,춘천교육대학교,선박해양공학전공,자연과학,167,786800
2010,춘천교육대학교,유기소재・섬유시스템공학과,공학,201,984500
2010,춘천교육대학교,정밀응용화학과,자연과학,205,1061800
2010,춘천교육대학교,천문우주과학전공,자연과학,116,748100
2010,춘천교육대학교,산업미술학과,공학,120,1279900
2010,춘천교육대학교,지역환경토목전공,인문사회,120,923300
2010,춘천교육대학교,기계・금속공학교육과,인문사회,121,759900
2010,춘천교육대학교,전기・전자・통신공학교육과,인문사회,125,830400
2010,춘천교육대학교,지질환경과학전공,자연과학,153,906200
2010,춘천교육대학교,전자전파정보통신전공,공학,406,1346400
2010,춘천교육대학교,작물과학전공,자연과학,116,1264600
2010,춘천교육대학교,소비자생활정보학과,인문사회,112,851500
2010,춘천교육대학교,환경소재공학과,자연과학,25,750000
2010,춘천교육대학교,기계・금속공학교육전공,인문사회,27,492600
2010,춘천교육대학교,동물자원생명과학과,자연과학,29,799500
2010,춘천교육대학교,미생물분자생명과학과,자연과학,31,1367500
2010,춘천교육대학교,지역환경토목학과,인문사회,31,300500
2010,춘천교육대학교,응용식물학과,자연과학계열,32,807000
2010,춘천교육대학교,동물바이오시스템과학과,자연과학,33,415200
2010,춘천교육대학교,바이오시스템기계공학과,자연과학,33,527300
2010,춘천교육대학교,전기・전자・통신공학교육전공,인문사회,16,132700
2010,춘천교육대학교,건축공학교육과,인문사회,10,387100
2010,춘천교육대학교,천문우주과학과,자연과학,39,473400
2010,춘천교육대학교,해양환경과학과,자연과학,40,461500
2010,춘천교육대학교,해양환경과학전공,자연과학,91,1069200
2010,춘천교육대학교,생물환경화학전공,자연과학,100,1041900
2010,춘천교육대학교,낙농산업과학전공,공학,104,785300
2010,춘천교육대학교,동물자원생명과학전공,자연과학,107,1681800
2010,춘천교육대학교,생물산업기계전공,공학,109,606600
2010,춘천교육대학교,건설공학교육과,인문사회,71,1235400
2010,춘천교육대학교,재료공학과,공학,43,578500
2010,춘천교육대학교,화학공학교육과,인문사회,49,977500
2010,충북대학교,목재ㆍ종이과학전공,자연과학계열,69,1294400
2010,충북대학교,특용식물학전공,자연과학계열,90,1353300
2010,충북대학교,산림학과,자연과학,60,731300
2010,충북대학교,패션디자인정보학과,공학,116,901200
2010,충북대학교,산림학전공,자연과학,114,1014000
2010,충북대학교,정밀기계공학전공,공학,112,1174800
2010,충북대학교,소비자학과,인문사회,56,679300
2010,충북대학교,화학교육전공,인문사회,28,1380100
2010,충북대학교,특용식물학과,자연과학계열,47,686300
2010,충북대학교,목재・종이과학과,자연과학계열,45,819400
2010,충북대학교,테크노경영학과,인문사회,38,0
2010,충북대학교,지구과학교육전공,인문사회,38,912200
2010,충북대학교,농화학과,자연과학,37,720600
2010,충북대학교,국민윤리교육과,인문사회,32,1075000
2010,충북대학교,농화학전공,자연과학,127,1188800
2010,충북대학교,천문우주학과,자연과학,127,889300
2010,충북대학교,주거환경ㆍ소비자학과,인문사회,57,1166500
2010,충북대학교,토목시스템공학전공,공학,128,1000800
2010,칼빈대학교,목회비서학과,인문사회,14,1232100
2010,칼빈대학교,계약학과(영유아보육학과),인문사회,11,0
2010,칼빈대학교,사회환경시스템학과,자연과학,16,2610000
2010,칼빈대학교,항공서비스경영학과,인문사회,42,2059100
2010,평택대학교,도시및부동산개발학과,인문사회,116,677800
2010,평택대학교,재활복지학전공,자연과학,115,1402200
2010,평택대학교,디지털응용정보학과,공학,96,827300
2010,평택대학교,실용음악학전공,예체능,61,1298600
2010,평택대학교,영상애니메이션디자인전공,예체능,13,253800
2010,평택대학교,애니메이션학전공,예체능,12,812900
2010,평택대학교,패션디자인및브랜딩학과,예체능,33,771800
2010,평택대학교,e-비즈니스및창업학전공,인문사회계열,50,1447400
2010,평택대학교,방송연예학전공,인문사회,41,1415400
2010,평택대학교,단일계열,기타,71,5320100
2010,평택대학교,기계산업공학부,공학,51,5463000
2010,한경대학교(산업대),과학기술법무전공,인문사회,40,457200
2010,한경대학교(산업대),식물생의약전공,자연과학계열,70,493100
2010,한경대학교(산업대),에듀테인먼트디자인전공,예체능,71,255400
2010,한경대학교(산업대),동물소재과학전공,자연과학계열,79,489700
2010,한경대학교(산업대),웹정보공학과,공학,79,827300
2010,한경대학교(산업대),식물생명자원전공,자연과학,11,503100
2010,한경대학교(산업대),동물생명환경과학부,자연과학,13,5532500
2010,한경대학교(산업대),동물생명과학전공,자연과학,13,1368700
2010,한경대학교(산업대),식물환경과학전공,자연과학,54,450900
2010,한경대학교(산업대),디지털컨텐츠디자인전공,예체능,88,377700
2010,한경대학교(산업대),낙농생명과학전공,자연과학,18,885100
2010,한경대학교(산업대),의류산업학과,자연과학,108,675700
2010,한경대학교(산업대),지역자원시스템공학과,인문사회,111,754000
2010,한경대학교(산업대),영양조리과학과,자연과학,134,615000
2010,한국과학기술원,무학과,예체능계열,1454,14196200
2010,한국과학기술원,전기및전자공학과,공학,364,14772200
2010,한국과학기술원,전산학과,공학,213,14634700
2010,한국과학기술원,수리과학과,자연과학계열,198,15367000
2010,한국과학기술원,산업및시스템공학과,공학,170,14419100
2010,한국과학기술원,경영과학과(IT경영학),인문사회,93,5167000
2010,한국과학기술원,바이오및뇌공학과,자연과학,78,15956900
2010,한국과학기술원,건설및환경공학과,자연과학,70,15733200
2010,한국교통대학교(산업대),노인보건복지학과,자연과학,92,1081300
2010,한국교통대학교(산업대),도시공학전공,인문사회,86,774500
2010,한국교통대학교(산업대),컴퓨터멀티미디어학전공,공학,105,716500
2010,한국교통대학교(산업대),정보제어공학전공,공학,110,692200
2010,한국교통대학교(산업대),전문응급구조학과,의학계열,115,574200
2010,한국교통대학교(산업대),문예창작학전공,인문사회,66,1342400
2010,한국교통대학교(산업대),행정정보시스템학전공,인문사회,14,657400
2010,한국교통대학교(산업대),바이오산업전공,자연과학,47,565100
2010,한국교통대학교(산업대),스포츠학전공,예체능계열,65,1572600
2010,한국교통대학교(산업대),전자통신공학전공,공학,136,925600
2010,한국교통대학교(산업대),환경시스템설계학전공,자연과학,59,589000
2010,한국교통대학교(산업대),인테리어산업디자인학과,공학,61,886500
2010,한국교통대학교(산업대),관광일어학과,인문사회,102,949600
2010,한국교통대학교(산업대),병원관리학부,의학계열,25,1022400
2010,한국교통대학교(산업대),미디어광고학과,인문사회,24,771900
2010,한국교통대학교(산업대),전기에너지공학과,공학,21,231100
2010,한국교통대학교(산업대),약재산업학과,공학,41,831200
2010,한국교통대학교(산업대),산업경영학부,인문사회,657,976700
2010,한국교통대학교(산업대),정보기술공학부,공학,641,1634000
2010,한국교통대학교(산업대),디자인공학과,예체능,170,1158000
2010,한국교통대학교(산업대),기계정보공학부,공학,547,1067100
2010,한국방송통신대학교,교육과,인문사회,692,30300
2010,한국방송통신대학교,가정학과 의상학전공,인문사회,887,66200
2010,한국방송통신대학교,가정학과 식품영양학전공,인문사회,2695,89000
2010,한국방송통신대학교,가정학과 가정관리학전공,인문사회,3034,83400
2010,한국방송통신대학교,청소년교육과,인문사회,11878,107000
2010,한국방송통신대학교,가정학과,인문사회,5463,52000
2010,한국방송통신대학교,문화교양학과,인문사회,4965,85400
2010,한국산업기술대학교(산업대),기계제조공학과,공학,83,1643900
2010,한국산업기술대학교(산업대),산업디자인공학과,공학,69,1204200
2010,한국산업기술대학교(산업대),에너지전기공학과,공학,46,669600
2010,한국산업기술대학교(산업대),환경경영학과,인문사회,28,3277700
2010,한국산업기술대학교(산업대),생산기계설계공학과,공학,19,1724400
2010,한국산업기술대학교(산업대),금융자산관리학과,인문사회,60,528600
2010,한국산업기술대학교(산업대),예술상담학과,예체능,87,654200
2010,한국산업기술대학교(산업대),중국비즈니스학과,인문사회,48,650500
2010,한국산업기술대학교(산업대),영어문화학과,인문사회,112,397000
2010,한국산업기술대학교(산업대),영상연예학과,예체능,28,1372400
2010,한국산업기술대학교(산업대),법무행정경찰학과,인문사회,55,770900
2010,한국외국어대학교,노어과,인문사회계열,210,1477400
2010,한국외국어대학교,한국어교육과,인문사회,156,1294900
2010,한국외국어대학교,포르투갈(브라질)어과,인문사회계열,137,1458800
2010,한국외국어대학교,스칸디나비아어과,인문사회계열,129,1011800
2010,한국외국어대학교,말레이인도네시아어과,인문사회계열,127,986000
2010,한국외국어대학교,인도어과,인문사회계열,116,1548800
2010,한국외국어대학교,베트남어과,인문사회계열,113,896500
2010,한국외국어대학교,영어통번역학과,인문사회,265,2165400
2010,한국외국어대학교,네덜란드어과,인문사회계열,113,979800
2010,한국외국어대학교,일본학부,인문사회,112,216100
2010,한국외국어대학교,중국문학전공,인문사회,17,4067300
2010,한국외국어대학교,일본지역학전공,인문사회,30,2243800
2010,한국외국어대학교,일본문학전공,인문사회,33,1569400
2010,한국외국어대학교,통번역학전공,인문사회계열,36,1220900
2010,한국외국어대학교,중국지역학전공,인문사회,40,2866400
2010,한국외국어대학교,터키・아제르바이잔어과,인문사회계열,51,955400
2010,한국외국어대학교,방송ㆍ영상전공,인문사회,51,1096200
2010,한국외국어대학교,프랑스어교육과,인문사회,111,1194400
2010,한국외국어대학교,태국어과,인문사회,108,948900
2010,한국외국어대학교,이란어과,인문사회계열,107,1245100
2010,한국외국어대학교,독일어교육과,인문사회,95,1057200
2010,한국외국어대학교,언론ㆍ정보전공,인문사회,70,1959500
2010,한국외국어대학교,터어키어과,인문사회계열,65,1102800
2010,한국외국어대학교,영미문학전공,인문사회,63,1097300
2010,한국외국어대학교,영어통번역학부,인문사회,340,1625500
2010,한국외국어대학교,스페인어통번역학과,인문사회,319,1196600
2010,한국외국어대학교,중국어통번역학과,인문사회,300,1346200
2010,한국외국어대학교,독일어통번역학과,인문사회,244,894300
2010,한국외국어대학교,일본어통번역학과,인문사회,217,1485000
2010,한국외국어대학교,디지털정보공학과,공학,198,854100
2010,한국외국어대학교,국제스포츠레저전공,인문사회,52,2349300
2010,한국외국어대학교,우크라이나어과,인문사회계열,34,1435700
2010,한국외국어대학교,국제스포츠레저학부,인문사회,34,205900
2010,한국외국어대학교,아프리카학부,인문사회계열,34,62500
2010,한국외국어대학교,동아프리카어전공,인문사회계열,32,1323300
2010,한국외국어대학교,남아프리카어전공,인문사회계열,28,1016300
2010,한국외국어대학교,서아프리카어전공,인문사회계열,18,1193800
2010,한국외국어대학교,컴퓨터및정보통신공학부,공학,12,0
2010,한국외국어대학교,경상계열,인문사회계열,11,0
2010,한국외국어대학교,아프리카어과,인문사회계열,75,975900
2010,한국외국어대학교,영미지역학전공,인문사회,81,796200
2010,한국외국어대학교,아랍어통번역학과,인문사회계열,178,1569500
2010,한국외국어대학교,언어인지과학과,인문사회,172,770300
2010,한국외국어대학교,폴란드어과,인문사회계열,165,1229200
2010,한국외국어대학교,세르비아・크로아티아어과,인문사회계열,156,812900
2010,한국외국어대학교,체코슬로바키아어과,인문사회계열,154,998500
2010,한국외국어대학교,이탈리아어통번역학과,인문사회계열,152,964600
2010,한국외국어대학교,태국어통번역학과,인문사회,145,1127900
2010,한국외국어대학교,헝가리어과,인문사회계열,142,1195200
2010,한국외국어대학교,루마니아어과,인문사회계열,131,1154600
2010,한국외국어대학교,말레이・인도네시아어통번역학과,인문사회계열,129,1143700
2010,한국외국어대학교,중앙아시아어과,인문사회,86,1529200
2010,한국외국어대학교,그리스・불가리아어과,인문사회계열,89,1585100
2010,한국전통문화대학교(각종),전통미술공예학과,예체능,153,1020200
2010,한국전통문화대학교(각종),보존과학과,인문사회계열,59,1353300
2010,한국전통문화대학교(각종),전통조경학과,공학,73,1353500
2010,한국전통문화대학교(각종),문화재관리학과,인문사회,73,1021200
2010,한국전통문화대학교(각종),문화유적학과,인문사회,83,986400
2010,한국전통문화대학교(각종),전통건축학과,공학,83,1025000
2010,한국체육대학교,생활무용학과,예체능,161,897400
2010,한국체육대학교,스포츠청소년지도전공,예체능계열,121,1102000
2010,한국체육대학교,노인체육복지전공,예체능,48,545000
2010,한국체육대학교,안전관리전공,공학,15,682400
2010,한국침례신학대학교,항공전자및정보통신공학부,공학,1401,1232200
2010,한국침례신학대학교,항공우주및기계공학부,공학,1171,1393300
2010,한국침례신학대학교,항공우주법학과,인문사회,28,3340200
2010,한국침례신학대학교,항공교통물류학부,공학,177,2588000
2010,한국침례신학대학교,항공・교통・물류・우주법학부,인문사회,212,1555600
2010,한국침례신학대학교,항공재료공학과,공학,258,1337600
2010,한국침례신학대학교,항공운항학과,공학,322,8340700
2010,한남대학교,비즈니스통계학과,자연과학,136,660600
2010,한남대학교,특허법학전공,인문사회,96,945600
2010,한남대학교,아동영어학전공,인문사회,86,762100
2010,한남대학교,글로벌비즈니스전공,인문사회계열,45,3823400
2010,한남대학교,글로벌학부,인문사회계열,47,4051200
2010,한남대학교,글로벌커뮤니케이션・컬쳐전공,인문사회계열,57,4172300
2010,한남대학교,예술문화학과,인문사회,83,957200
2010,한남대학교,광전자물리학과,자연과학,143,746900
2010,한남대학교,나노생명화학공학과,자연과학,189,763800
2010,한남대학교,정치언론・국제학과,인문사회,151,717300
2010,한남대학교,글로벌리더십학부,인문사회계열,786,1834700
2010,한남대학교,경영경제학부,인문사회,776,1399600
2010,한남대학교,공간환경시스템공학부,자연과학,128,2796000
2010,한남대학교,언론정보문화학부,인문사회,157,1283000
2010,한남대학교,기계제어공학부,공학,181,3147000
2010,한남대학교,산업정보디자인학부,공학,185,1866600
2010,한남대학교,전산전자공학부,공학,220,2907600
2010,한남대학교,상담심리사회복지학부,인문사회,260,1651100
2010,한남대학교,신소재화학공학과,자연과학,83,1262300
2010,한남대학교,미디어콘텐츠학과,인문사회계열,107,710900
2010,한남대학교,컴퓨터응용설계학과,공학,108,530200
2010,한남대학교,레저관광경영학과,인문사회,171,762100
2010,한남대학교,정보통신방송공학부,인문사회,230,957300
2010,한남대학교,사회복지학과(사회체육복지전공),인문사회,14,3088100
2010,한남대학교,경영학과(경영전공),인문사회,11,2000000
2010,한남대학교,외국어정보관광학과,인문사회,10,2770800
2010,한남대학교,바이오메디컬학과,자연과학,218,1362800
2010,한남대학교,동아시아지역학전공,인문사회,123,4879300
2010,한남대학교,청각학전공,의학계열,110,1819900
2010,한남대학교,언어병리학전공,인문사회,110,1509100
2010,한남대학교,언어청각학부,인문사회,73,1719600
2010,한남대학교,법행정학과,인문사회,69,3446000
2010,한남대학교,레저스포츠산업학전공,공학,55,3450300
2010,한남대학교,의료경영학전공,인문사회,45,1761100
2010,한남대학교,유비쿼터스게임공학과,예체능,20,9869000
2010,한남대학교,국제통상・경영전공,인문사회,18,6278900
2010,한남대학교,국제마케팅커뮤니케이션전공,인문사회,12,7356800
2010,한남대학교,재무금융학과,인문사회,184,1283000
2010,한남대학교,법행정학부,인문사회,182,1014400
2010,한남대학교,방송통신전공,인문사회,140,1428300
2010,한남대학교,언론전공,인문사회,142,1106900
2010,한남대학교,금융정보통계학과,인문사회,143,1164600
2010,한남대학교,한민족학부,인문사회계열,86,2295300
2010,한남대학교,정보통신컴퓨터공학부,공학,183,351300
2010,한남대학교,토목환경도시공학부,인문사회,136,356600
2010,한남대학교,건축설비공학전공,공학,24,788500
2010,한남대학교,복지경영공학과,인문사회,31,361200
2010,한남대학교,협동조합금융학과,인문사회,53,320800
2010,한남대학교,산업디자인학부,공학,71,432800
2010,한북대학교,건강관리학과,자연과학계열,71,1041400
2010,한북대학교,특허법률학과,인문사회,29,388300
2010,한북대학교,전자*컴퓨터*통신학부,공학,255,868900
2010,한북대학교,항공교통관리학과,공학,208,2051200
2010,한북대학교,아동・청소년복지학과,인문사회,193,855500
2010,한북대학교,항공해양스포츠학과,자연과학,94,1056900
2010,한북대학교,헬리콥터조종학과,공학계열,79,8514100
2010,한북대학교,항공기계학과,공학,187,1585400
2010,한북대학교,항공전자시뮬레이션학과,공학,153,1731600
2010,한북대학교,의료보장구학과,의학계열,150,605000
2010,한북대학교,피부미용학과,자연과학,146,675800
2010,한북대학교,정보시스템공학과,공학,147,1121900
2010,한북대학교,지식정보학부,공학,140,1140900
2010,한북대학교,역사문화학부,인문사회,123,1021400
2010,한북대학교,의류패션산업전공,자연과학,165,1211900
2010,한북대학교,애니메이션・제품디자인전공,예체능,173,1042200
2010,한북대학교,e-비즈니스학전공,인문사회계열,84,2341300
2010,한북대학교,섬유패션디자인전공,공학,120,1210100
2010,한북대학교,공간환경디자인전공,자연과학,162,1088900
2010,한북대학교,컴퓨터정보소프트웨어학부,공학,142,533800
2010,한북대학교,일본지역학과,인문사회,205,675600
2010,한북대학교,국제관계학부,인문사회,196,733000
2010,한북대학교,중국지역학과,인문사회,195,668900
2010,한북대학교,중국문화정보학부,인문사회,190,656400
2010,한양대학교,전자통신컴퓨터공학부,공학,494,2114000
2010,한양대학교,경제금융학부,인문사회,693,1381300
2010,한양대학교,전자통신공학부,공학,220,1837000
2010,한양대학교,미디어통신공학전공,공학,185,2579200
2010,한양대학교,응용미술교육과,인문사회,99,1667000
2010,한양대학교,간호학(야간),자연과학,97,1228900
2010,한양대학교,전기생체공학부,공학,91,1635700
2010,한양대학교,영화학전공,자연과학,78,1122000
2010,한양대학교,파이낸스경영학과,인문사회,69,4794200
2010,한양대학교,자원환경공학과,자연과학,66,2198700
2010,한양대학교,지구환경시스템공학전공,자연과학,65,3816600
2010,한양대학교,연극학전공,예체능,61,1040800
2010,한양대학교,정책학과,인문사회계열,156,4584000
2010,한양대학교,응용화공생명공학부,자연과학,148,3383600
2010,한양대학교,정보기술경영전공,인문사회,147,1515200
2010,한양대학교,융합전자공학부,공학,144,4215500
2010,한양대학교,전기제어공학전공,공학,113,1829900
2010,한양대학교,실내환경디자인전공,자연과학,119,1530700
2010,한양대학교,전자및통신공학전공,공학,388,1284100
2010,한양대학교,전자정보시스템공학전공,공학,380,1485000
2010,한양대학교,건설환경시스템공학전공,자연과학,177,1419300
2010,한양대학교,정보사회학전공,공학,85,2674900
2010,한양대학교,홍보전공,인문사회,84,1834200
2010,한양대학교,전자시스템공학과,공학,77,696200
2010,한양대학교,광고홍보학부,인문사회,76,1240800
2010,한양대학교,일본언어ㆍ문화학부,인문사회,58,1165200
2010,한양대학교,생명나노공학과,자연과학,30,1396800
2010,한양대학교,프랑스어권언어ㆍ문화전공,인문사회,28,759500
2010,한양대학교,독일어권언어ㆍ문화전공,인문사회,22,1769000
2010,한양대학교,영미언어・문화학부,인문사회,95,1160500
2010,한양대학교,프랑스언어문화학과,인문사회,96,1562800
2010,한양대학교,시각ㆍ패키지디자인전공,예체능,164,1050000
2010,한양대학교,금속디자인전공,공학,161,1162400
2010,한양대학교,경기지도전공,예체능계열,153,2748300
2010,한양대학교,정보경영공학전공,인문사회,141,1372000
2010,한양대학교,생활스포츠학부,자연과학계열,131,2621600
2010,한양대학교,응용물리학전공,자연과학,107,1486700
2010,한양대학교,광고전공,인문사회,109,1314500
2010,한양대학교,한국언어문학과,인문사회,115,1375700
2010,한양대학교,생활무용예술학과,예체능,125,1177200
2010,한양대학교,실버산업학과,공학,232,789800
2010,한양대학교,광고홍보영상학과,인문사회,356,431600
2010,한양대학교,예술학부(음악학전공),예체능,111,2816300
2010,한양대학교,경호무술학부,예체능계열,13,7367500
2010,한양대학교,브랜드디자인학과,예체능,14,5403400
2010,한양대학교,태권도공연외교전공,인문사회,14,3970100
2010,한양대학교,"한국어,다문화교육학부",인문사회,17,4796200
2010,한양대학교,무술경호공연학부,예체능계열,18,7395000
2010,한양대학교,"보건한약,환경학부",자연과학,18,5777900
2010,한양대학교,보건정보행정학부,인문사회,21,4681100
2010,한양대학교,관광외국어정보학과,인문사회,23,3809200
2010,한양대학교,호텔카지노관광경영학과,인문사회,30,3749300
2010,한양대학교,태권도공연학부,예체능계열,33,4687500
2010,한양대학교,광고미디어디자인학과,인문사회,34,5709000
2010,한양대학교,전통문화학부,인문사회,40,4498800
2010,한양대학교,태권도학부,예체능계열,69,5777100
2010,협성대학교,조형회화학과,자연과학,136,902000
2010,협성대학교,가구디자인학과,예체능,119,779500
2010,협성대학교,지역개발전공,인문사회,104,790900
2010,협성대학교,도시지역학부,인문사회,64,722800
2010,협성대학교,도시행정전공,인문사회,63,1054800
2010,협성대학교,인터넷소프트웨어학과,공학,131,1684500
2010,협성대학교,전자광공학과,공학,111,1239300
2010,협성대학교,전파이동통신공학과,공학,99,2238000
2010,협성대학교,국제비즈니스학전공,인문사회,26,0
2010,협성대학교,다매체영상학과,인문사회,150,1654400
2010,협성대학교,경찰법행정학부,인문사회,185,1904300
2010,협성대학교,게임애니메이션학과,예체능,173,1342000
2010,협성대학교,조리과학전공,자연과학,166,1229900
2010,호남신학대학교,디지털기술경영학과,인문사회,16,5788800
2010,호남신학대학교,해외개발학과,인문사회계열,28,0
2010,호남신학대학교,안전보건학과,자연과학,34,0
2010,호남신학대학교,벤처비즈니스전공,인문사회계열,38,793600
2010,호남신학대학교,디지털콘텐츠비즈니스전공,인문사회계열,42,1080700
2010,호남신학대학교,IT융합기술학부,공학계열,48,560400
2010,호남신학대학교,광전자디스플레이공학전공,공학,88,2629500
2010,호남신학대학교,한국어문화학부,인문사회,161,1059500
2010,호남신학대학교,뉴미디어학과,예체능계열,186,1192200
2010,호남신학대학교,디지털음악학과,예체능,95,1054400
2010,호남신학대학교,영화방송학과,인문사회,98,914400
2010,호남신학대학교,그린에너지반도체공학부,공학,100,297800
2010,호남신학대학교,기독교연예학과,인문사회계열,102,1216100
2010,호남신학대학교,국방과학기술학과,인문사회,110,981700
2010,호남신학대학교,한방화장품과학과,자연과학계열,112,874000
2010,호남신학대학교,청소년문화.상담학과,인문사회,118,1381700
2010,호남신학대학교,디지털비즈니스학부,인문사회계열,326,1229800
2010,호남신학대학교,중국관광.통상학과,인문사회,26,1759600
2010,호남신학대학교,요가학과,예체능계열,11,2007300
2010,호남신학대학교,요가치유학과,예체능계열,13,2367700
2010,호남신학대학교,관광레저학부,인문사회,13,254900
2010,호남신학대학교,패션뷰티학부,예체능,16,2082300
2010,호남신학대학교,자동차.기계공학부,공학,17,141800
2010,호남신학대학교,방송연예학부,인문사회,68,455700
2010,호남신학대학교,행정.사회복지학부,인문사회,81,1990100
2010,호남신학대학교,컴퓨터.게임학부,공학,126,1105800
2010,호남신학대학교,무역경영학부,인문사회,153,1292400
2010,호남신학대학교,사이버수사경찰학부,공학계열,157,2309300
2010,호남신학대학교,국방기술학부,인문사회,288,2959900
2010,호남신학대학교,전기정보통신학부,공학,67,1451800
2010,호남신학대학교,중국문화관광학부,인문사회,32,1853800
2010,호남신학대학교,자동차기계조선공학부,공학,52,1104100
2010,홍익대학교,건설도시공학부,인문사회,212,1177900
2010,홍익대학교,신소재・화공시스템공학부,공학,269,1378700
2010,홍익대학교,기계ㆍ시스템디자인공학과,공학,742,2004900
2010,홍익대학교,금속조형디자인과,공학,127,1950900
2010,홍익대학교,도예ㆍ유리과,예체능계열,122,1668700
2010,홍익대학교,자율전공(미술대),예체능,105,1989200
2010,홍익대학교,서울캠퍼스 자율전공,기타,84,1314700
2010,홍익대학교,예술학과,예체능,169,2307800
2010,홍익대학교,판화과,예체능계열,154,1964300
2010,홍익대학교,섬유미술ㆍ패션디자인과,공학,148,1863600
2010,홍익대학교,자율전공(공과대),공학계열,14,151900
2010,홍익대학교,건축학부 실내건축학전공,공학,43,3711800
2010,홍익대학교,컴퓨터정보통신전공,공학,43,2053400
2010,홍익대학교,조치원캠퍼스 자율전공,기타,53,1606800
2010,홍익대학교,국제경영(중국ㆍ일본)전공,인문사회,57,1371600
2010,홍익대학교,E-마케팅전공,인문사회계열,60,2163400
2010,홍익대학교,디자인ㆍ영상학부,예체능,381,2186600
2010,홍익대학교,컴퓨터정보통신공학과,공학,311,2250700
2010,홍익대학교,게임학부 게임그래픽디자인전공,예체능,249,1983300
2010,홍익대학교,프로덕트디자인전공,예체능,246,2142800
2010,홍익대학교,영상영화전공,예체능,217,2053400
2010,홍익대학교,건축공학부 건축학전공,공학,186,2394400
2010,홍익대학교,건축공학부 건축공학전공,공학,93,2530900
2010,홍익대학교,자율전공(과기대),공학계열,107,1335400
2010,홍익대학교,산업스포츠학과,공학,113,7195000
2010,홍익대학교,바이오화학공학과,자연과학,175,1899300
2010,홍익대학교,게임학부 게임소프트웨어전공,공학,173,2092900
2010,홍익대학교,애니매이션전공,예체능계열,172,1996300
2010,홍익대학교,인터넷정보통신학과,공학,32,280300
2010,홍익대학교,"국제경영,복지학부",인문사회,165,1352400
2011,가천대학교,글로벌헬스케어경영학과,인문사회,45,840800
2011,가천대학교,바이오메디컬전공,자연과학,12,2993300
2011,가천대학교,태권도.경호학과,예체능계열,36,600500
2011,가천의과학대학교,약학과(2+4학제),자연과학,24,11986300
2011,강릉원주대학교,공예조형디자인학과,예체능,82,1038900
2011,강릉원주대학교,해양분자생명공학과,자연과학,85,1072500
2011,강릉원주대학교,해양자원육성학과,자연과학,93,1239900
2011,강원대학교,분자생명과학과,자연과학,98,2843400
2011,강원대학교,산림경영학과,인문사회,76,1988600
2011,강원대학교_제2캠퍼스,생명건강공학과,자연과학,97,2450900
2011,강원대학교,전기전자공학전공,공학,256,816900
2011,강원대학교,경영 ・ 경영정보학부,인문사회,311,1562700
2011,강원대학교,산업 ・ 섬유공학과군,공학,97,684900
2011,강원대학교,신산업융합학과,공학,114,1010400
2011,강원대학교,토목 ・ 환경공학과군,자연과학,100,945200
2011,강원대학교,화학 ・ 생물공학부,자연과학,149,945400
2011,건국대학교(글로컬)_분교,나노전자기계공학과,공학,147,684100
2011,건국대학교(글로컬)_분교,동화미디어콘텐츠학과,인문사회계열,42,418600
2011,건동대학교,골프경영전공,인문사회,11,0
2011,건동대학교,운동처방전공,예체능계열,38,50100
2011,건양대학교,글로벌관광학부,인문사회,57,1304900
2011,건양대학교,패션디자인산업학과,공학,111,1515200
2011,경기대학교,경호보안학과,예체능계열,38,3741300
2011,경기대학교_제2캠퍼스,언론미디어학과,인문사회,19,779300
2011,경기대학교,융합보안학과,공학계열,24,3310900
2011,경남과학기술대학교,식품과학부 식품생명공학전공,자연과학,26,532300
2011,경남과학기술대학교,컴퓨터융합공학과,공학,30,856300
2011,경남대학교,금융・보험학전공,인문사회,194,889400
2011,경남대학교,도시・환경공학과,인문사회,100,1032600
2011,경남대학교,행정・경찰학부,인문사회,140,753500
2011,경북대학교_제2캠퍼스,건축도시환경공학부 도시환경공학전공,인문사회,26,1843000
2011,경북대학교,"건축토목공학부(건축공학전공,토목공학전공)",공학,69,424300
2011,경북대학교,건축토목공학부(건축학전공),공학,91,1420300
2011,경북대학교,"국악학과(기악전공, 성악전공,이론작곡전공)",예체능,104,1041900
2011,경북대학교_제2캠퍼스,나노소재공학부 신소재공학전공,공학,26,1075800
2011,경북대학교,"미술학과(한국화전공, 서양화전공, 조소전공, 조형예술이론전공)",예체능,179,1136700
2011,경북대학교_제2캠퍼스,산업기계공학과,공학,59,719500
2011,경북대학교_제2캠퍼스,생태환경관광학부,인문사회,74,699000
2011,경북대학교_제2캠퍼스,생태환경보전관광학부 생태관광전공,인문사회,12,1950500
2011,경북대학교,"음악학과(성악전공, 피아노전공, 작곡전공, 관현악전공, 이론전공)",예체능,247,936700
2011,경북대학교_제2캠퍼스,자동차공학부,공학,36,649200
2011,경북대학교,전자공학부모바일공학전공,공학,18,10186300
2011,경북대학교_제2캠퍼스,축산BT학부,자연과학,58,920600
2011,경북대학교_제2캠퍼스,컴퓨터정보학부 소프트웨어전공,공학,12,2170100
2011,경상대학교,기계설계학전공,공학,12,1187700
2011,경상대학교,기계항공공학부(기계시스템・정밀기계분야),공학,23,87000
2011,경상대학교,정보과학과,공학,79,1326500
2011,경상대학교,항공우주시스템공학과,공학,48,1032500
2011,경성대학교,건축일반전공,공학,169,1553900
2011,경성대학교,경제금융물류학부,인문사회,92,1000000
2011,경성대학교,스포츠건강학부,예체능계열,100,1961700
2011,경성대학교,식품영양·건강생활학과,자연과학,206,1601200
2011,경성대학교,외식서비스경영학과,인문사회,155,1686300
2011,경성대학교,컴퓨터정보학전공,공학,136,1686900
2011,경운대학교(산업대),유도전공,예체능계열,12,2586800
2011,경일대학교,뷰티학부,예체능,180,1269300
2011,경일대학교,철도・전기공학부,공학,219,1553000
2011,경주대학교,관광홍보학과,인문사회,18,860900
2011,경주대학교,무대공연예술학과,예체능,11,2010500
2011,경주대학교,사진영화학과,자연과학,13,1260800
2011,경희대학교,Hospitality경영학부,인문사회,218,1580100
2011,경희대학교,약학과(2+4년제),자연과학,51,1473700
2011,경희대학교(국제)_분교,화공・재료공학부,공학,10,892000
2011,계명대학교,EMU경영학부,인문사회,30,5512800
2011,계명대학교,건축학대학,공학,15,255600
2011,계명대학교,언론영상학과,인문사회,471,1445800
2011,계명대학교,자율전공부 생명과학계열,자연과학,12,10540300
2011,고려대학교,디자인조형학부,예체능,50,1235300
2011,고려대학교(세종)_분교,예술경영학과,인문사회,213,328700
2011,고신대학교,의약화학전공,자연과학,13,2758200
2011,고신대학교,화학신소재전공,자연과학,17,4624900
2011,공주대학교,기술・가정교육과,인문사회,17,877300
2011,공주대학교,반도체기계공학과,공학,47,212800
2011,공주대학교,생산기계공학과,공학,64,142200
2011,공주대학교,소프트웨어응용공학과,공학,18,55600
2011,관동대학교,범죄수사학전공,인문사회계열,52,1093200
2011,관동대학교,스포츠건강관리학전공,예체능계열,229,1273400
2011,관동대학교,항공여행학전공,공학,40,1077900
2011,관동대학교,호텔조리・외식경영학전공,인문사회,305,156400
2011,광운대학교,국제법무전공,인문사회,72,17600
2011,광운대학교,문화교류전공,인문사회,71,0
2011,광운대학교,문화콘텐츠개발전공,인문사회,41,0
2011,광운대학교,일반법학전공,인문사회,293,0
2011,광운대학교,전자융합공학과,공학,157,808300
2011,광운대학교,정보제어전공,공학,32,0
2011,광운대학교,한일통상전공,인문사회계열,51,0
2011,광운대학교,한중통상전공,인문사회계열,114,0
2011,광주교육대학교,사이버보안경찰학과,공학계열,37,1700600
2011,국민대학교,KMU International School,인문사회계열,34,4738300
2011,국민대학교,기업경영전공,인문사회,10,1958000
2011,국민대학교,법무학과,인문사회,35,1042400
2011,국민대학교,비즈니스IT전공,공학계열,44,1038700
2011,국민대학교,정보시스템전공,공학,18,2136300
2011,국민대학교,보건복지학부,자연과학,837,1395800
2011,극동대학교,정보경영학과,인문사회,28,1498500
2011,극동대학교,항공정비학과,공학,27,3799600
2011,극동대학교,뇌교육,인문사회,107,1325200
2011,극동대학교,상담심리전공,인문사회,93,1313100
2011,금오공과대학교,기계계열,공학,292,895100
2011,금오공과대학교,산업공학부,공학,89,955300
2011,금오공과대학교,신소재시스템공학부(신),공학,144,1055100
2011,김천대학교,보건건강관리학과,자연과학,32,820100
2011,나사렛대학교,도시환경조경학전공,인문사회,18,1136100
2011,나사렛대학교,디지털콘텐츠학전공,인문사회계열,27,1168000
2011,나사렛대학교,방송미디어학전공,인문사회,95,1415100
2011,나사렛대학교,방송콘텐츠학부,인문사회,34,459700
2011,나사렛대학교,플라워조경디자인학과,공학,52,1028100
2011,남부대학교,의료공학과(계약학과),자연과학,23,1000000
2011,남부대학교,태권도경호학과,예체능계열,38,2335200
2011,남서울대학교(산업대),복지경영학과,인문사회,21,0
2011,단국대학교,응용컴퓨터공학과,공학,44,1066800
2011,단국대학교(천안)_분교,중동학과,인문사회계열,23,1825800
2011,대구가톨릭대학교,에너지신소재공학과,공학,35,895800
2011,대구가톨릭대학교,의료경영서비스학과,인문사회,41,759900
2011,대구가톨릭대학교,제약산업공학과,공학,44,1814800
2011,대구대학교,국제한국어교육과,인문사회,116,2333800
2011,대구대학교,기계・자동차공학부(기계공학전공),공학,176,1426300
2011,대구대학교,기계・자동차공학부(자동차공학전공),공학,188,976000
2011,대구예술대학교,건축실내디자인전공,공학,25,1033800
2011,대구예술대학교,경호보안전공,공학,55,2459000
2011,대구예술대학교,교회실용음악전공,예체능,20,1847300
2011,대구예술대학교,영상애니메이션전공,예체능,29,1551800
2011,대구예술대학교,피아노교수학전공,자연과학,23,850200
2011,대구한의대학교,통상경제학부,인문사회,47,551900
2011,대전대학교,서예・한문학과,인문사회,87,1138300
2011,대전대학교,소방방재학전공,공학,47,1409900
2011,대전대학교,영상애니메이션학전공,예체능,22,963700
2011,대전대학교,지반방재공학전공,공학,33,282900
2011,대전대학교,커뮤니케이션디자인학전공,예체능,32,1104100
2011,대전대학교,해킹보안학과,공학계열,56,1726700
2011,덕성여자대학교,Pre-Pharm Med학과,자연과학계열,86,2564600
2011,덕성여자대학교,섬유미술학과,공학,89,1617100
2011,덕성여자대학교,약학과(6년제),자연과학,96,4646500
2011,덕성여자대학교,컴퓨터시스템학과,공학,101,1567900
2011,동국대학교(경주)_분교,불교미술학과,예체능,91,2395500
2011,동국대학교(경주)_분교,큐레이터학과,예체능계열,24,1772300
2011,동명대학교,건축공학과 건설기술전공,공학,12,8300
2011,동명대학교,건축공학과 시설물유지관리전공,공학,26,305800
2011,동명대학교,경영학과 경영학전공,인문사회,25,12000
2011,동명대학교,기계공학과 기계시스템전공,공학,14,132100
2011,동명대학교,뷰티케어학과 미용보건전공,자연과학,11,131800
2011,동명대학교,사회복지학과 사회복지학전공,인문사회,24,83300
2011,동명대학교,항만물류운영정보전공,공학,106,1964000
2011,동명대학교,해운・항공물류전공,공학,44,1343500
2011,동서대학교,에너지환경공학전공,자연과학,20,1537300
2011,동서대학교,영상문학전공,인문사회,24,1175900
2011,동신대학교,건축공학ㆍ리모델링전공,공학,61,1397200
2011,동신대학교,공연전시기획학과,예체능계열,74,539900
2011,동신대학교,병원의료학과,의학계열,118,2070700
2011,동아대학교,석당인재학부 공공정책학전공,인문사회계열,38,14807800
2011,동아대학교,항공비서학과,인문사회,63,1722000
2011,동의대학교,e비즈니스학과,인문사회계열,213,661200
2011,동의대학교,법・경찰행정학부,인문사회,340,1090000
2011,동의대학교,철학・윤리문화학과,인문사회,122,1158200
2011,루터대학교,공연예술학 전공,예체능,53,2033700
2011,루터대학교,복지재활학부,자연과학,90,497500
2011,루터대학교,상담학전공,인문사회계열,50,1473100
2011,루터대학교,신학인문학부,인문사회,101,484900
2011,루터대학교,언어치료학전공,인문사회,88,1221200
2011,명지대학교_제2캠퍼스,전공자유학부,인문사회계열,115,633000
2011,배재대학교,공무원법학전공,인문사회,21,342500
2011,부경대학교,공간정보시스템공학과,공학,171,1326000
2011,부경대학교,북미학전공,인문사회계열,47,1726600
2011,부경대학교,유럽학전공,인문사회,47,1430400
2011,부경대학교,일본어문학전공,인문사회,32,916800
2011,부경대학교,해양산업경영학과,인문사회,256,1151000
2011,부산대학교,관광컨벤션학과,인문사회,33,1193700
2011,부산대학교,금융공학전공,인문사회,102,1299700
2011,부산대학교,대기환경과학전공,자연과학,77,1496900
2011,부산대학교,동물생명자원전공,자연과학,45,711100
2011,부산대학교,바이오산업기계전공,자연과학,54,1038300
2011,부산대학교,바이오소재전공,자연과학,44,783100
2011,부산대학교,바이오정보전자전공,자연과학,58,1136100
2011,부산대학교,바이오환경에너지학과,자연과학,32,1179300
2011,부산대학교,사회환경시스템공학부 토목공학전공,자연과학,164,2185800
2011,부산대학교,사회환경시스템공학부 환경공학전공,자연과학,166,1297400
2011,부산대학교,생명환경화학전공,자연과학,50,873500
2011,부산대학교,식물생명전공,자연과학,51,1192900
2011,부산대학교,원예생명전공,자연과학,53,1037100
2011,부산대학교,조선·해양공학과(삼성중공업),자연과학,62,0
2011,부산대학교,지역환경시스템전공,인문사회,62,929900
2011,부산대학교,해양시스템과학전공,자연과학,66,660300
2011,부산대학교,화학공학ㆍ생명공학전공,자연과학,169,1861000
2011,부산외국어대학교,EU지역통상학과,인문사회,125,1076500
2011,부산외국어대학교,국제비서학과,인문사회,235,1045900
2011,부산외국어대학교,데이터경영학과,인문사회,111,763100
2011,부산외국어대학교,러시아・인도통상학부,인문사회,158,920000
2011,부산외국어대학교,미얀마어과,인문사회계열,131,1011900
2011,부산외국어대학교,불어과,인문사회계열,136,996800
2011,부산외국어대학교,비즈니스일본어학부,인문사회,399,1147900
2011,부산외국어대학교,역사관광학과,인문사회,146,1046600
2011,부산외국어대학교,영상미디어학과,예체능,154,990800
2011,부산외국어대학교,인도네시아・말레이시아어과,인문사회계열,140,886200
2011,부산외국어대학교,임베디드IT학과,공학계열,39,2126300
2011,부산외국어대학교,정보수리학과,공학,87,1185600
2011,부산외국어대학교,중국어학부,인문사회,183,862500
2011,부산외국어대학교,중국지역통상학과,인문사회,186,1242200
2011,부산외국어대학교,커뮤니케이션일본어학부,인문사회,370,1298400
2011,부산외국어대학교,터키・중앙아시아어과,인문사회,120,829500
2011,부산외국어대학교,회계・세무행정학부,인문사회,262,675300
2011,삼육대학교,동물자원학전공,자연과학계열,30,1391900
2011,삼육대학교,환경그린디자인학과,자연과학,119,1000300
2011,상명대학교,국제태권도전공,인문사회,12,4850300
2011,상지대학교,디자인학부 시각영상디자인전공,예체능,118,1690600
2011,서경대학교,디자인학부(문화산업공예디자인전공),인문사회,167,645500
2011,서경대학교,디자인학부(비주얼콘텐츠디자인전공),예체능,158,729800
2011,서경대학교,무대예술전공,예체능,10,2192400
2011,서경대학교,뮤지컬전공,예체능계열,25,997400
2011,서경대학교,미용전공,예체능,162,2309800
2011,서울과학기술대학교(산업대),국제융합시스템프로그램 IT Management전공,인문사회,25,2003800
2011,서울과학기술대학교(산업대),국제융합시스템프로그램 MSDE전공,인문사회,114,1747700
2011,서울과학기술대학교(산업대),글로벌테크노경영프로그램,인문사회,36,4524700
2011,서울대학교,금속공예전공,공학,30,820700
2011,서울대학교,약학기본과정(2+4학제),자연과학,70,1472600
2011,서울대학교,이론전공,인문사회계열,45,3047300
2011,서울대학교,작물생명과학전공,자연과학,69,2586200
2011,서울대학교,정치외교학부(외교학전공),인문사회,24,3253000
2011,서울대학교,정치외교학부(정치학전공),인문사회,25,4194300
2011,서울신학대학교,생명환경공학과,자연과학,252,2061300
2011,서울신학대학교,원예생명조경학과,자연과학,176,1719700
2011,서울신학대학교,콘텐츠디자인학과,예체능,192,1900800
2011,성균관대학교,약학대학,자연과학,69,6568600
2011,성신여자대학교,메이크업디자인학과,예체능,20,2287400
2011,성신여자대학교,미디어영상연기학과,예체능,20,2178200
2011,성신여자대학교,현대실용음악학과,예체능,20,1745800
2011,세명대학교,부동산자산경영학과,인문사회,149,757400
2011,세명대학교,유통물류학과,인문사회,51,883200
2011,세명대학교,조리산업경영학과,인문사회,147,888700
2011,세한대학교,경영한국어학과,인문사회,25,863600
2011,세한대학교,관광외국어학과,인문사회,37,1846300
2011,세한대학교,레저ㆍ체육학부,예체능,183,3181700
2011,세한대학교,레저산업학부,공학,46,1770100
2011,세한대학교,뮤지컬학과,예체능계열,97,959000
2011,숙명여자대학교,가족자원경영학과,인문사회,26,1497000
2011,숙명여자대학교,나노물리학과,자연과학,25,1150400
2011,숙명여자대학교,독일언어・문화학과,인문사회,27,967400
2011,숙명여자대학교,멀티미디어과학과,공학계열,49,1319300
2011,숙명여자대학교,사회심리학과,인문사회,30,2992400
2011,숙명여자대학교,소비자경제학과,인문사회,32,2202500
2011,숙명여자대학교,시각・영상디자인과,예체능,40,788900
2011,숙명여자대학교,아동복지학부,인문사회,66,1450400
2011,숙명여자대학교,의약과학과,의학계열,22,3285200
2011,숙명여자대학교,중어중문학부,인문사회,94,1297400
2011,숙명여자대학교,프랑스언어・문화학과,인문사회,37,1772700
2011,숙명여자대학교,홍보광고학과,인문사회,58,2778800
2011,숙명여자대학교,환경디자인과,자연과학,32,1351900
2011,순천대학교,기계우주항공공학부(기계공학전공),공학,106,1379800
2011,순천대학교,기계우주항공공학부(우주항공공학전공),공학,83,1191200
2011,순천대학교,기계자동차공학부(기계공학전공),공학,38,759100
2011,순천대학교,사진예술학과,예체능,99,912500
2011,순천대학교,원예.식물의학부,의학,55,1067500
2011,순천대학교,일본어일본문화학과,인문사회,182,981300
2011,순천대학교,피아노학과,예체능계열,115,837400
2011,순천대학교,한약자원개발학과,자연과학계열,40,867900
2011,순천향대학교,국제문화학과,인문사회,142,1899200
2011,아주대학교,의학부(본과),의학,125,3653400
2011,아주대학교,의학부(예과),의학,44,3261000
2011,연세대학교,교육과학계열,인문사회,57,839600
2011,연세대학교,노어노문학전공,인문사회,108,1614400
2011,연세대학교,식품영양전공,자연과학,99,2309500
2011,연세대학교,언더우드 문학과문화전공,인문사회,31,4650600
2011,연세대학교,언더우드 생명과학전공,자연과학,56,3665400
2011,연세대학교,외국인글로벌학부,인문사회계열,46,311300
2011,연세대학교,의류환경전공,자연과학,96,2174800
2011,연세대학교,학부대학 상경계열,인문사회계열,331,2302600
2011,영남대학교,모바일영상디자인학과,예체능,33,393800
2011,영남대학교,산업인터랙션디자인학과,공학,178,1176800
2011,영남대학교,생활제품디자인학과,예체능,152,1199800
2011,영남대학교,시각커뮤니케이션디자인학과,예체능,156,1636600
2011,영남대학교,의생명과학전공,자연과학,78,15093900
2011,영남대학교,정책과학전공,인문사회계열,88,13437400
2011,영산대학교,스포츠건강관리학과,예체능계열,80,2036200
2011,예원예술대학교,게임애니메이션전공,예체능,62,1840300
2011,예원예술대학교,귀금속보석디자인전공,공학,78,2406800
2011,예원예술대학교,무용복지전공,예체능,33,850400
2011,예원예술대학교,문화관광경영전공,인문사회,29,1746700
2011,예원예술대학교,연극영화ㆍ코미디전공,예체능,32,1941700
2011,예원예술대학교,한국어ㆍIT,인문사회,10,2394600
2011,예원예술대학교,한지ㆍ조형디자인,예체능,61,1930500
2011,용인대학교,문화관광학과,인문사회,32,988700
2011,우석대학교,호텔항공관광학과,인문사회,44,998400
2011,우송대학교,미디어디자인학부,예체능,198,1280700
2011,우송대학교,방송시스템학부,인문사회,108,1192500
2011,우송대학교,철도건설시스템학과,공학,202,1219900
2011,울산대학교,컴퓨터・정보통신공학부,공학,277,1645400
2011,원광대학교,고고・미술사학과,인문사회,38,450000
2011,인천가톨릭대학교_제2캠퍼스,문화예술콘텐츠학과,인문사회,18,701700
2011,인천대학교,건설환경공학전공,자연과학,177,0
2011,인천대학교,건설환경관리공학과,자연과학,25,612300
2011,인천대학교,기계・로봇공학전공,공학,110,33400
2011,인천대학교,기초의학전공,의학,24,0
2011,인천대학교,도시건설공학전공,인문사회,170,2900
2011,인천대학교,도시건축공학과,인문사회,20,958400
2011,인천대학교,도시설계전공,인문사회,16,0
2011,인천대학교,도시시설관리공학과,인문사회,20,624800
2011,인천대학교,도시정책관리학과,인문사회,24,1260600
2011,전북대학교,기계시스템공학부(응용기계공학전공),공학,10,2338800
2011,전북대학교,산림환경과학과,자연과학,41,1199500
2011,전북대학교_제2캠퍼스,정밀기계공학부,공학,51,1154400
2011,조선대학교,디자인학부(시각.패키지디자인),예체능,33,687000
2011,조선대학교,디자인학부(실내디자인),예체능,21,432200
2011,조선대학교,미술학부 조소전공,예체능,14,338300
2011,조선대학교,미술학부(서양화),예체능,50,1167000
2011,중앙대학교,건축학부(건축공학전공),공학,164,1654200
2011,중앙대학교,건축학부(건축학전공),공학,182,2026700
2011,중앙대학교,공연영상창작학부(공간연출전공),예체능,61,1954600
2011,중앙대학교_제2캠퍼스,공연영상창작학부(무용전공),예체능,177,1167900
2011,중앙대학교_제2캠퍼스,공연영상창작학부(문예창작전공),인문사회,38,2992500
2011,중앙대학교_제2캠퍼스,공연영상창작학부(사진전공),예체능,242,2085700
2011,중앙대학교,공연영상창작학부(연극전공),예체능,145,2102900
2011,중앙대학교,공연영상창작학부(영화전공),예체능,104,4554000
2011,중앙대학교_제2캠퍼스,국제물류학과,인문사회,79,2577800
2011,중앙대학교_제2캠퍼스,디자인학부(공예전공),예체능,159,1272900
2011,중앙대학교_제2캠퍼스,디자인학부(산업디자인전공),공학,186,1392200
2011,중앙대학교_제2캠퍼스,디자인학부(시각디자인전공),예체능,24,501700
2011,중앙대학교_제2캠퍼스,디자인학부(실내환경디자인전공),자연과학,33,940000
2011,중앙대학교_제2캠퍼스,디자인학부(패션디자인전공),예체능,47,1090000
2011,중앙대학교_제2캠퍼스,미술학부(서양화전공),예체능,134,1524500
2011,중앙대학교_제2캠퍼스,미술학부(조소전공),예체능,126,1379800
2011,중앙대학교_제2캠퍼스,미술학부(한국화전공),예체능,136,1481900
2011,중앙대학교,사회기반시스템공학부(도시시스템공학전공),인문사회,54,2665200
2011,중앙대학교,사회복지학부(사회복지전공),인문사회,158,1935000
2011,중앙대학교,사회복지학부(아동복지전공),인문사회,103,1445800
2011,중앙대학교,사회복지학부(청소년전공),인문사회,96,2267000
2011,중앙대학교,생명과학부(생명과학전공),자연과학,217,1796200
2011,중앙대학교_제2캠퍼스,생명자원공학부,자연과학,128,1115300
2011,중앙대학교_제2캠퍼스,생명자원공학부(동물생명공학전공),자연과학,112,1789400
2011,중앙대학교_제2캠퍼스,생명자원공학부(식물시스템과학전공),자연과학,92,1978500
2011,중앙대학교,수학통계학부(통계전공),자연과학,147,1633700
2011,중앙대학교_제2캠퍼스,식품공학부(식품영양전공),자연과학,173,2113400
2011,중앙대학교,아시아문화학부,인문사회,89,1510600
2011,중앙대학교,아시아문화학부(비교민속학전공),인문사회,83,1870400
2011,중앙대학교,아시아문화학부(일본어문학전공),인문사회,122,2090300
2011,중앙대학교,유럽문화학부(독일어문학전공),인문사회,103,1188800
2011,중앙대학교,유럽문화학부(프랑스어문학전공),인문사회,124,1128500
2011,중앙대학교_제2캠퍼스,음악학부(관현악전공),예체능,176,1232500
2011,중앙대학교,의학부(의예),의학,79,1153600
2011,중앙대학교,의학부(의학),의학,236,1969400
2011,중앙대학교_제2캠퍼스,전통예술학부(연희예술전공),예체능,192,1674300
2011,중앙대학교_제2캠퍼스,전통예술학부(음악예술전공),예체능,232,1725800
2011,중앙대학교,정치국제학과,인문사회,166,2319000
2011,중앙대학교_제2캠퍼스,지식경영학부,인문사회,104,1388300
2011,중원대학교,골프과학전공,예체능계열,28,5096500
2011,중원대학교,국제비지니스학부,인문사회,71,3210700
2011,중원대학교,레저스포츠학전공,예체능계열,42,3519500
2011,중원대학교,스포츠건강의학전공,의학,28,4737100
2011,중원대학교,의료정보행정학전공,인문사회,20,5343500
2011,중원대학교,작업치료학전공,자연과학계열,22,2926000
2011,차의과학대학교,바이오산업응용학과,자연과학,43,1329300
2011,차의과학대학교,보건복지정보학과,자연과학,198,1635100
2011,차의과학대학교,헬스산업학과,공학,76,1579500
2011,창원대학교,금속신소재공학전공,공학,156,671300
2011,창원대학교,산업비즈니스학과,공학,30,183300
2011,창원대학교,신소재융합공학전공,공학,103,1173400
2011,청주대학교,문화정보학부,인문사회,85,804300
2011,청주대학교,산업공학ㆍ레이저광정보공학부,공학,114,613600
2011,초당대학교(산업대),검도학과,예체능계열,22,3500100
2011,춘천교육대학교,초등교육학과,인문사회,1737,1015700
2011,충남대학교,기술교육전공,인문사회,13,1085500
2011,충남대학교,제약학과(2+4학제),자연과학,24,947200
2011,칼빈대학교,국제지역학과,인문사회,17,2791800
2011,한경대학교(산업대),기타모집단위,기타,19,0
2011,한경대학교(산업대),식물생명환경과학부,자연과학,71,118900
2011,한국교통대학교,교통서비스경영학과,인문사회,26,1088800
2011,한국교통대학교,교통정보디자인전공,공학,22,713400
2011,한국교통대학교,스포츠산업학전공,공학,21,2159700
2011,한국국제대학교,조형디자인학과,예체능,29,642000
2011,한국국제대학교,한국학과,인문사회계열,18,218900
2011,한국국제대학교,에너지ㆍ신소재ㆍ화학공학부,자연과학,325,1330700
2011,한국국제대학교,전기ㆍ전자ㆍ통신공학부,공학,607,1878300
2011,한국산업기술대학교(산업대),전자제어공학과,공학,33,1635000
2011,한국예술종합학교,건축과,공학,94,717900
2011,한국예술종합학교,극작과,인문사회계열,40,1753200
2011,한국예술종합학교,디자인과,예체능,106,809500
2011,한국예술종합학교,멀티미디어영상과,예체능,69,776600
2011,한국예술종합학교,무대미술과,예체능,55,835400
2011,한국예술종합학교,미술이론과,예체능,41,1207800
2011,한국예술종합학교,방송영상과,인문사회,97,1205300
2011,한국예술종합학교,서사창작과,인문사회계열,16,2149800
2011,한국예술종합학교,실기과,예체능계열,177,1062500
2011,한국예술종합학교,애니메이션과,예체능,95,484700
2011,한국예술종합학교,연출과,예체능계열,22,1181700
2011,한국예술종합학교,연희과,예체능계열,59,978300
2011,한국예술종합학교,영상이론과,예체능,36,1506400
2011,한국예술종합학교,예술경영과,인문사회,32,1001800
2011,한국예술종합학교,이론과(무용이론),예체능,28,1297400
2011,한국예술종합학교,조형예술과,예체능,213,767900
2011,한국예술종합학교,지휘과,예체능계열,24,1190700
2011,한국예술종합학교,창작과,예체능계열,46,870900
2011,한국예술종합학교,한국예술학과,예체능,38,1613500
2011,한국외국어대학교,영어통번역심화전공,인문사회,34,4829500
2011,한국체육대학교,노인체육복지학과,예체능,42,986900
2011,한국체육대학교,스포츠청소년지도학과,예체능계열,41,851500
2011,한국체육대학교,운동건강관리학과,예체능계열,41,1226000
2011,한국항공대학교,해양플랜트운영학과,자연과학,34,2204100
2011,한라대학교,디지털방송공학전공,인문사회,54,0
2011,한라대학교,의료기계공학전공,공학,34,0
2011,한림대학교,국제회의통번역전공,인문사회,12,4195200
2011,한림대학교,재활운동학전공,자연과학,73,3056600
2011,한민학교,태권도외교학과,인문사회,51,2490000
2011,한민학교,한민족전통문화예술학과,인문사회,17,1955400
2011,한서대학교,무인항공기학과,공학,23,708800
2011,한서대학교,신체활동디자인학과,예체능,126,878400
2011,한서대학교,항공교통학과,공학,245,1811500
2011,한서대학교,항공전자공학과,공학,154,1849000
2011,한성대학교,의생활학부,의학계열,87,74800
2011,한성대학교,공연영상학과,예체능,50,1961900
2011,한신대학교,글로벌비즈니스학부,인문사회계열,32,487500
2011,한신대학교,디지털융합학부,인문사회계열,108,406600
2011,한신대학교,미디어영상광고학부,인문사회,55,599700
2011,한신대학교,중국문화콘텐츠학부,인문사회,52,597800
2011,한양대학교,미디어커뮤니케이션전공,인문사회계열,210,1352800
2011,한양대학교,미래자동차공학과,공학,38,6196000
2011,한양대학교(ERICA)_분교,광고미디어학과,인문사회,376,407700
2011,한영신학대학교,기독교실용음악학전공,예체능,15,2369700
2011,한중대학교,"경영,금융학과",인문사회,16,2759300
2011,한중대학교,교육영어학과,인문사회,18,2892100
2011,한중대학교,무술경호학부,예체능계열,18,6469200
2011,한중대학교,보건정보행정학과,인문사회,19,3657500
2011,한중대학교,약재가공.환경학부,자연과학,17,4287200
2011,한중대학교,전통문화재학전공,인문사회,12,3066900
2011,호남대학교,다매체공연영상학과,인문사회,137,1690600
2011,호남대학교,이동통신공학과,공학,100,2333600
2011,호남대학교,인터넷콘텐츠학과,인문사회계열,47,1691400
2011,호남대학교,축구학과,예체능계열,165,2370500
2011,호원대학교,무도경호학부,예체능계열,30,1679600
2011,홍익대학교(세종)_분교,국제문화학부,인문사회,214,1676700
2012,가천대학교,연기예술과,예체능,37,1772100
2012,가천대학교,환경에너지공학전공,자연과학,11,1935300
2012,가천대학교,바이오나노학과,자연과학,52,3914600
2012,가천대학교,운동재활복지학과,자연과학,49,1898200
2012,강남대학교,독일바이마르음악학부,인문사회,39,3103700
2012,강남대학교,경영학부(경영정보학전공),인문사회,35,1206300
2012,강남대학교,경영학부(경영학전공),인문사회,34,736800
2012,강남대학교,아동복지상담심리학부(아동복지학전공),인문사회,33,6580700
2012,강남대학교,경영학부(세무회계학전공),인문사회,27,1529200
2012,강남대학교,외국어학부(영어전공),인문사회,26,1227200
2012,강남대학교,아동복지상담심리학부(상담심리학전공),인문사회,26,1597200
2012,강남대학교,외국어학부(중국어전공),인문사회,25,1077400
2012,강남대학교,음악학부(기독교실용음악전공),예체능,12,1509400
2012,강남대학교,의생명소재공학과,자연과학,106,1834600
2012,강남대학교,해양건설시스템공학과,자연과학,30,3433000
2012,건국대학교,국제지역문화학전공,인문사회,68,2395300
2012,건국대학교,국제통상・문화학부,인문사회,156,143000
2012,건국대학교,의용메카트로닉스전공,공학계열,17,168900
2012,건국대학교,제약생명공학과,자연과학,103,3321300
2012,건국대학교,중국일본학부,인문사회,76,2575700
2012,건국대학교,의료건축디자인공학과,공학,61,3457400
2012,건국대학교,국방경찰학부,인문사회,89,2904500
2012,건양대학교 _제2캠퍼스,플랜트・건축공학과,공학,39,1585700
2012,경기대학교 _제2캠퍼스,애니메이션영상학과,예체능,24,2162500
2012,경남대학교,기계로봇설계공학전공,공학,155,1828800
2012,경남대학교,아동학부,인문사회,44,2375600
2012,경남대학교,"글로벌인재학부(글로벌리더전공, 융합생명과학전공, 자기설계전공)",자연과학,41,11236900
2012,경남대학교,행정학부 공공관리전공,인문사회,77,1762500
2012,경남대학교,바이오섬유소재학과,자연과학,128,1529400
2012,경남대학교,응용생명과학부 환경생명화학전공,자연과학,23,2414200
2012,경남대학교,응용생명과학부 응용생물학전공,자연과학,23,2413300
2012,경남대학교,농산업학과,공학,23,2277300
2012,경남대학교,융합생명과학전공,자연과학,22,5585000
2012,경남대학교,행정학부 공공정책전공,인문사회,21,1862900
2012,경남대학교,식품외식산업학과,공학,69,1740900
2012,경남대학교,산업전자전기공학부 전자공학전공,공학,77,1760000
2012,경남대학교,보건복지학부(노인보건복지전공),자연과학,78,1802300
2012,경남대학교,산업전자전기공학부 전기공학전공,공학,79,1876300
2012,경남대학교,건설방재공학부,공학,92,1353600
2012,경남대학교,"컴퓨터정보학부(컴퓨터시스템공학전공, 컴퓨터소프트웨어전공)",공학,96,1523500
2012,경남대학교,정밀기계공학과,공학,103,1609500
2012,경남대학교,"나노소재공학부(신소재공학전공,나노공학전공,에너지화공전공)",공학,108,1397600
2012,경남대학교,컴퓨터시스템공학전공,공학,141,1551500
2012,경남대학교,"생태환경관광학부(생물응용전공,생태환경전공)",인문사회,62,2397000
2012,경남대학교,축산BT학부(축산공학전공),자연과학,11,2516100
2012,경남대학교,생태환경관광학부생태환경전공,인문사회,15,2391500
2012,경남대학교,생태환경관광학부생물응용전공,인문사회,23,1627900
2012,경남대학교,자동차공학부 친환경자동차전공,자연과학,24,750800
2012,경남대학교,산업전자공학과,공학,53,1816500
2012,경남대학교,생태환경관광학부(생태관광전공),인문사회,41,135400
2012,경남대학교,생태환경관광학부생태관광전공,인문사회,37,164300
2012,경남대학교,축산BT학부(축산학전공),자연과학,24,1900500
2012,경운대학교,항공관광학부,인문사회,57,2817900
2012,경운대학교,항공정보통신공학과,공학,44,3444300
2012,경운대학교,보건교육사전공,인문사회,10,4565500
2012,경운대학교,특수(통합)교육과(심화과정),인문사회,29,1050800
2012,경운대학교,비즈니스외국어학부,인문사회,176,1671300
2012,계명대학교,생태조경학과,공학,68,2163600
2012,계명대학교,게임모바일콘텐츠학과,예체능,171,5414500
2012,고려대학교,사이버국방학과,인문사회,30,3008700
2012,광신대학교,IT법무전공,인문사회,20,0
2012,광주과학기술원,화학.소재전공,자연과학,26,7411100
2012,광주과학기술원,전기전산전공,공학,12,7006800
2012,광주과학기술원,응용물리전공,자연과학,18,7193500
2012,국립경국대학교,응용신소재공학전공,공학,142,2226400
2012,국립공주대학교,컴퓨터소프트웨어공학전공,공학,152,1985000
2012,국립공주대학교,지역개발학부,인문사회,44,1576200
2012,국립공주대학교,전기전자응용공학과,공학,50,230200
2012,국립공주대학교,통계컴퓨터과학과,자연과학,123,1841300
2012,국립공주대학교,기전공학과,공학,66,1724800
2012,국립공주대학교,지능기계공학과,공학,67,1337100
2012,국립공주대학교,국제해사수송과학부,인문사회,204,1446000
2012,국립공주대학교,해양정보통신공학과,자연과학,78,1592300
2012,국립공주대학교,해양・플랜트건설공학과,자연과학,69,1593600
2012,국립공주대학교,해양컴퓨터공학과,자연과학,56,1509200
2012,국립공주대학교,시스템경영공학부,인문사회,58,1778700
2012,국립공주대학교,신소재시스템공학과,공학,212,1776000
2012,국립공주대학교,회계재무학전공,인문사회,178,1895300
2012,국립순천대학교,정보통신공학부(정보통신공학전공),공학,10,1566400
2012,국립순천대학교,원예.식물의학부(식물의학전공),의학,11,2272700
2012,국립순천대학교,원예.식물의학부(원예학전공),의학,12,1180800
2012,국립순천대학교,정보통신공학부(전자공학전공),공학,16,1634300
2012,국립순천대학교,정보통신공학부(전기제어공학전공),공학,17,1847500
2012,국립순천대학교,정보통신공학부(컴퓨터공학전공),공학,21,1521700
2012,국립창원대학교,경제무역금융보험학군,인문사회,125,0
2012,국립창원대학교,철도경영물류학과,인문사회,46,1425000
2012,국립창원대학교,철도전기전자공학과,공학,38,1604200
2012,국립창원대학교,유아특수교육학과,인문사회,14,1900500
2012,국립창원대학교,IT응용융합계약학과,자연과학,26,0
2012,국립창원대학교,철도시설공학과,인문사회,35,1625900
2012,국립창원대학교,철도운전시스템공학과,공학,35,1784900
2012,국립창원대학교,철도차량시스템공학과,공학,35,1539700
2012,국립한국해양대학교,해양군사학부,인문사회,19,510500
2012,국립한밭대학교,글로벌융합학부(인문사회계열),인문사회,37,1635000
2012,국립한밭대학교,경영회계학과,인문사회,87,1733400
2012,극동대학교,중국통상법학과,인문사회,24,2047600
2012,남부대학교,국제유통학과,인문사회,87,2052700
2012,남부대학교,아동청소년복지학과,인문사회,15,0
2012,남부대학교,패션산업디자인과,공학,33,1405600
2012,대구가톨릭대학교,정보통신융합공학전공,공학,174,1650200
2012,대구가톨릭대학교,화훼원예학과,자연과학,86,688200
2012,대구대학교,전자전기공학부(전자제어공학전공),공학,235,1673900
2012,대구대학교,전자전기공학부(전자공학전공),공학,191,1618200
2012,대구예술대학교,한국미술콘텐츠전공,예체능,50,2323200
2012,대구예술대학교,뷰티예술전공,예체능,18,2382200
2012,대전대학교,국제스포츠무도학전공,인문사회,47,1869400
2012,동국대학교(WISE) _분교,불교미술학부,예체능,96,3212800
2012,동국대학교(WISE) _분교,정치행정경찰학부,인문사회,124,1791200
2012,동명대학교,자동차공학과 정밀기계시스템전공,공학,17,297800
2012,동명대학교,식품영양과학과,자연과학,40,1743400
2012,동명대학교,해운경영학과,인문사회,33,1984600
2012,동명대학교,영미문화학과,인문사회,30,2678200
2012,동명대학교,디지털애니메이션학과,예체능,133,2364300
2012,동서대학교,애니메이션&비주얼이펙트전공,예체능,35,2787700
2012,동신대학교,건축・디자인・패션대학 산업디자인학과,공학,64,2006000
2012,동신대학교,건축・디자인・패션대학 패션디자인학과,공학,68,1571900
2012,동양대학교,패션경영학과,인문사회,21,1946500
2012,동양대학교,보건의료행정학과,인문사회,33,1871900
2012,동양대학교,철도전기통신학과,공학,36,2992300
2012,명지대학교 _제2캠퍼스,영화영상학부 영화영상전공,예체능,128,2285500
2012,명지대학교 _제2캠퍼스,작곡・재즈학부,예체능,120,2629000
2012,명지대학교 _제2캠퍼스,회화과서양화전공,예체능계열,92,1879400
2012,명지대학교 _제2캠퍼스,회화과한국화전공,예체능계열,56,2541800
2012,명지대학교 _제2캠퍼스,스포츠산업과학부골프전공,공학,34,1898000
2012,명지대학교 _제2캠퍼스,영화영상학부 연기전공,공학,29,2200300
2012,명지대학교 _제2캠퍼스,섬유・패션코디네이션학과,공학,147,1894900
2012,명지대학교 _제2캠퍼스,만화・애니메이션과,예체능,165,2204000
2012,명지대학교 _제2캠퍼스,스포츠산업과학부 사회체육학전공,공학,194,2947900
2012,배재대학교,미술조형디자인학과,예체능,90,1816000
2012,배재대학교,사진영상애니메이션학과,예체능,122,1971600
2012,배재대학교,정치ㆍ언론학과,인문사회,80,2484600
2012,배재대학교,물리융합전기공학과,자연과학,32,1336700
2012,배재대학교,여가서비스경영학과,인문사회,41,1288100
2012,배재대학교,실버보건학과,자연과학,59,1694600
2012,배재대학교,바이오의생명공학과,자연과학,132,2362800
2012,상명대학교,실용예술학과,예체능,40,2373200
2012,상명대학교,무대디자인전공,예체능,82,3732100
2012,상명대학교,무대의상ㆍ분장전공,자연과학,45,3529000
2012,상명대학교,섬유디자인학과,공학,169,2794600
2012,상명대학교,동물생명자원학부 동물생명공학전공,자연과학,43,4671600
2012,상명대학교,국제한국학계,인문사회,21,240200
2012,상명대학교,국제한국학전공,인문사회,22,702800
2012,상명대학교,아트&테크놀로지계,예체능,30,4069300
2012,상명대학교,아트앤테크놀로지전공,예체능,30,2209900
2012,상명대학교,동아시아문화계,인문사회,55,1423100
2012,상명대학교,EU문화계,인문사회,59,1573100
2012,상명대학교,영미문화계,인문사회,119,1150300
2012,서경대학교,모델연기전공,공학,18,1022700
2012,서경대학교,재즈전공,예체능계열,16,4574900
2012,서경대학교,토목건축공학과,공학,47,1397900
2012,서울과학기술대학교,건축학부건축학전공,공학,60,1751500
2012,서울과학기술대학교,건축학부건축공학전공,공학,80,1306800
2012,서울과학기술대학교,건설시스템디자인공학과,예체능,125,989300
2012,서울과학기술대학교,글로벌융합산업공학과,공학,129,2535500
2012,서울과학기술대학교,전기정보시스템공학과,공학,150,1382500
2012,서울과학기술대학교,전자IT미디어공학과,공학,165,1527900
2012,서울과학기술대학교,기계시스템디자인공학과,공학,207,1510100
2012,서울과학기술대학교,시각문화융합디자인학과,인문사회,25,601300
2012,서울과학기술대학교,도자문화학과,인문사회,49,1250200
2012,서울기독대학교,기독교사회복지학과,인문사회,35,3429100
2012,서울기독대학교,고고미술사학과 미술사학전공,인문사회,19,3448200
2012,서울기독대학교,전기・정보공학부,공학,704,3299100
2012,성결대학교,연기예술학과,예체능,131,1661700
2012,성결대학교,바이오메카트로닉스학과,자연과학,89,2339700
2012,성결대학교,아동・청소년학과,인문사회,71,2284600
2012,성결대학교,반도체시스템공학과,공학,34,0
2012,성결대학교,소비자가족학과,인문사회,252,2116400
2012,성결대학교,글로벌경제학과,인문사회,249,5064300
2012,세종대학교,경제통상학전공,인문사회,98,2644900
2012,세종대학교,호텔관광외식경영학부,인문사회,183,2319100
2012,세종대학교,국방시스템공학과,인문사회,30,10244300
2012,세한대학교,해양레저학과,자연과학,30,3488800
2012,세한대학교,경호무도비서학전공,인문사회,26,2828200
2012,세한대학교,생활체육학전공,예체능,36,3553000
2012,세한대학교,해양레저선박학전공,자연과학,11,1833900
2012,세한대학교,골프경영학전공,인문사회,14,2651100
2012,송원대학교,국방공무원과,인문사회,25,3024900
2012,송원대학교,재활건강학과,자연과학,27,2399100
2012,송원대학교,금융세무경영학과,인문사회,28,2259800
2012,송원대학교,철도운수경영학과,인문사회,32,1917800
2012,송원대학교,뷰티예술학과,예체능,22,4608800
2012,송원대학교,공간환경시스템공학과,자연과학,17,3754800
2012,수원대학교,국제개발협력학과,인문사회,20,2180800
2012,순복음총회신학교,연극무용학과,예체능,160,2210600
2012,순복음총회신학교,생명시스템학과,자연과학,86,2012900
2012,순복음총회신학교,영화애니메이션학과,예체능,204,2020500
2012,순복음총회신학교,스토리텔링경영학과,인문사회,20,5000000
2012,순복음총회신학교,관광일어전공,인문사회,126,1189800
2012,순복음총회신학교,관광중국어전공,인문사회,67,1981500
2012,순복음총회신학교,관광레저학전공,인문사회,65,1454500
2012,순복음총회신학교,관광정보학전공,인문사회,55,1254700
2012,순복음총회신학교,관광・외식조리학부,인문사회,202,1468200
2012,순복음총회신학교,전기에너지컴퓨터공학과,공학,26,863700
2012,순복음총회신학교,조경도시개발학과,인문사회,26,1137800
2012,순복음총회신학교,태권도・생활체육학과,예체능,19,739900
2012,순복음총회신학교,건축・토목학과,공학,18,1343100
2012,순복음총회신학교,세무회계학전공,인문사회,60,1658400
2012,아신대학교,자유전공(인문사회계열),인문사회,35,4029300
2012,아신대학교,화장품발명디자인학과,예체능,31,2399200
2012,연세대학교,테크노아트학부,예체능,73,1733200
2012,연세대학교,아시아학부,인문사회,51,3958600
2012,연세대학교,글로벌행정학전공,인문사회,130,2214800
2012,연세대학교,융합섬유공학과,공학,49,1119900
2012,연세대학교,나노메디컬유기재료공학과,공학,53,960200
2012,영남신학대학교,그린자동차학과,공학,42,1186400
2012,예수대학교,문화재보존전공,인문사회,10,2891400
2012,예수대학교,글로벌호텔관광경영학과,인문사회,15,379600
2012,예수대학교,문화재ㆍ보존학과,인문사회,17,1797000
2012,우송대학교,보건의료경영학과,인문사회,41,2079500
2012,우송대학교,글로벌서비스경영학부,인문사회,71,4679800
2012,우송대학교,방송미디어학부,인문사회,175,1857000
2012,우송대학교,사회복지아동학부,인문사회,125,2307700
2012,위덕대학교,건축소방안전학과,공학,26,1597100
2012,위덕대학교,사이버경찰보안학과,공학계열,33,2412100
2012,위덕대학교,컴퓨터제어공학전공,공학,37,2265500
2012,위덕대학교,비주얼디자인학과,예체능,75,2131900
2012,위덕대학교,정보통신보안학과,공학,79,1760800
2012,이화여자대학교,사회과교육과,인문사회,85,2031200
2012,인천대학교,나노바이오전공,자연과학,31,2429600
2012,인천대학교,분자의생명전공,자연과학,36,1635900
2012,인천대학교,프랑스언어문화전공,인문사회,123,1705700
2012,인천대학교,문화경영전공,인문사회,79,2092400
2012,인천대학교,생명해양과학부,자연과학,82,1153800
2012,인천대학교,일본언어문화전공,인문사회,242,1606000
2012,인천대학교,국제언어문화학부,인문사회,247,1296200
2012,인천대학교,항공조선산업공학부,공학,202,1168300
2012,장로회신학대학교,정밀기계공학부(응용기계공학전공),공학,26,2697700
2012,장로회신학대학교,기계시스템공학부(정밀기계공학전공),공학,20,2337300
2012,장로회신학대학교,IT정보공학과,공학,48,1991000
2012,장로회신학대학교,정밀기계공학부(정밀기계공학전공),공학,30,3001800
2012,전주교육대학교,대체요법전공,인문사회,101,0
2012,전주교육대학교,리빙디자인전공,예체능,40,0
2012,전주교육대학교,전통음식문화전공,인문사회,125,0
2012,전주교육대학교,경영관리전공,인문사회,231,0
2012,전주교육대학교,물류・무역전공,인문사회,236,0
2012,전주교육대학교,상담심리학전공,인문사회,326,0
2012,전주교육대학교,패션산업전공,공학,129,0
2012,전주교육대학교,역사문화콘텐츠전공,인문사회,136,0
2012,전주교육대학교,회계세무전공,인문사회,156,0
2012,제주국제대학교,경영세무학과,인문사회,20,2194800
2012,제주국제대학교,아동심리언어치료학과,인문사회,26,1951400
2012,제주국제대학교,컴퓨터응용공학과,공학,17,1440100
2012,제주국제대학교,작곡・성악・피아노전공,예체능,51,1031000
2012,조선대학교,"미술학부(서양화,조소,판화미디어)",예체능,56,1297100
2012,중앙대학교,아시아문화학부(중국어문학전공),인문사회,42,2538500
2012,중앙대학교 _제2캠퍼스,일본통상학과,인문사회,40,3887800
2012,중앙대학교 _제2캠퍼스,러시아통상학과,인문사회,11,2798500
2012,청주교육대학교,법학과/사회과학대학,인문사회,86,1072400
2012,청주교육대학교,반도체설계공학과,공학,326,1969500
2012,청주교육대학교,레이저광정보공학과,공학,224,1927300
2012,초당대학교,아동청소년상담학과,인문사회,20,3425200
2012,충북대학교,디지털정보융합학과,공학,28,2376000
2012,한경국립대학교,식물생명환경과학과,자연과학,59,1389400
2012,한경국립대학교,컴퓨터웹정보공학과,공학,61,2038900
2012,한경국립대학교,토목안전환경공학과,자연과학,73,1639200
2012,한경국립대학교,동물생명환경과학과,자연과학,77,1930200
2012,한경국립대학교,전기전자제어공학과,공학,138,1680600
2012,한국국제대학교,식품의약학과,자연과학,49,2287900
2012,한국산업기술대학교(산업대),기계설계・시스템공학과,공학,58,1368900
2012,한국외국어대학교(용인) _분교,영미권통상통번역전공,인문사회계열,27,2131600
2012,한국외국어대학교(용인) _분교,영미문학문화통번역전공,인문사회,11,2653600
2012,한남대학교,생명시스템과학과,자연과학,99,1658600
2012,한려대학교(산업대),경영학과(미술경영전공),인문사회,16,805000
2012,한려대학교(산업대),사회복지학과(사회복지전공),인문사회,20,182400
2012,한려대학교(산업대),사회복지학과(환경토목복지전공),인문사회,27,0
2012,한려대학교(산업대),의료경영전공,인문사회,66,2151000
2012,한려대학교(산업대),컨벤션관광경영전공,인문사회,25,2651100
2012,한민학교,액션영화학과,자연과학,10,1589200
2012,한북대학교,항공소프트웨어공학과,공학,304,1936600
2012,한북대학교,항공기시스템학과,공학,15,277200
2012,한북대학교,부동산경영학과,인문사회,20,4076600
2012,한세대학교,전자소프트웨어학전공,공학,126,2912500
2012,한신대학교,독일어문화학부,인문사회,36,1563000
2012,한신대학교,중국어문화학부,인문사회,35,1867600
2012,한신대학교,스포츠복지경영학과,인문사회,31,458700
2012,한신대학교,디지털문화콘텐츠학과,인문사회,21,3469300
2012,한신대학교,미디어영상광고홍보학부,인문사회,54,2555600
2012,한신대학교,금속디자인학과,공학,39,774700
2012,한신대학교,시각ㆍ패키지디자인학과,예체능,38,514700
2012,한중대학교,의료정보학전공,공학,18,5402700
2012,한중대학교,특수보육학전공,인문사회,11,4131100
2012,협성대학교,국제학부(중국어학과),인문사회,180,1716500
2012,협성대학교,문화산업경영학과,인문사회,32,2335400
2012,협성대학교,미디어영상공연학과,예체능,140,2358300
2012,호서대학교,국제지역통상전공,인문사회,65,2138100
2012,호서대학교,영상미디어전공,예체능,48,1760500
2012,호서대학교,기술경영학전공,인문사회,41,1750400
2012,가야대학교(김해),간호학과(0208655),자연과학,518,2441500
2012,가야대학교(김해),사회복지학과(0208659),인문사회,214,2044900
2012,가야대학교(김해),언어치료청각학과(0208653),인문사회,170,1986500
2012,가야대학교(김해),경찰행정학과(0208656),인문사회,161,1815900
2012,가야대학교(김해),유아교육학과(0208660),인문사회,158,1858600
2012,가야대학교(김해),안경광학과(0208654),공학,146,2173100
2012,가야대학교(김해),사회복지학과(0208663),인문사회,139,2671200
2012,가야대학교(김해),귀금속주얼리학과(0208665),공학,122,2035500
2012,가야대학교(김해),초등특수교육과(0208658),인문사회,119,2171200
2012,가야대학교(김해),물리치료학과(0208666),자연과학,30,3219800
2012,가야대학교(김해),특수체육교육과(0208661),인문사회,91,2775900
2012,가천대학교,조경학과(0118145),공학,137,2459200
2012,가천대학교,조경학전공(0120161),공학,35,3693500
2012,가천대학교,영미어문학과(0117190),인문사회,33,1742800
2012,가천대학교,국제통상전공(0017700),인문사회,31,1730800
2012,가천대학교,건축공학전공(0119349),공학,28,3137900
2012,가천대학교,경영전공(0015775),인문사회,27,1617000
2012,가천대학교,연기예술과(0007755),예체능,26,2323000
2012,가천대학교,컨벤션산업전공(0019074),공학,25,2323200
2012,가천대학교,환경에너지공학전공(0027466),자연과학,24,3411300
2012,가천대학교,정보통신공학전공(0034704),공학,21,6094000
2012,가천대학교,경영학과(0184919),인문사회,20,4499600
2012,가천대학교,정보처리전공(0000291),공학,20,1864300
2012,가천대학교,체육전공(0006233),예체능,18,1717800
2012,가천대학교,컴퓨터소프트웨어전공(0046970),공학,15,97700
2012,가천대학교,체육과학부(0007980),예체능,14,1242800
2012,가천대학교,글로벌경영학과(0119485),인문사회,37,3153200
2012,가천대학교,연기예술학과(0117186),예체능,37,1950200
2012,가천대학교,프랑스어문학과(0118814),인문사회,37,2009300
2012,가천대학교,영미어문학과(0117189),인문사회,56,2213500
2012,가천대학교,산업디자인전공(0039043),공학,56,2529400
2012,가천대학교,한국어문학과(0118879),인문사회,55,2161900
2012,가천대학교,체육학과(0118340),예체능,54,2057300
2012,가천대학교,전기공학전공(0055329),공학,54,3090100
2012,가천대학교,일본어문학과(0117678),인문사회,53,2052700
2012,가천대학교,바이오메디컬전공(0054196),자연과학,47,4194200
2012,가천대학교,회계・세무학전공(0120260),인문사회,46,2576100
2012,가천대학교,에너지생명공학부(0039345),자연과학,44,3867000
2012,가천대학교,소방방재공학전공(0032897),공학,42,4418500
2012,가천대학교,나노화학과(0115237),자연과학,42,1551200
2012,가천대학교,독일어문학과(0115308),인문사회,41,1996800
2012,가천대학교,경찰・안보학과(0114608),인문사회,40,2568700
2012,가천대학교,나노물리학과(0115224),자연과학,38,2151000
2012,가천대학교,산업디자인과(0034198),공학,183,2030300
2012,가천대학교,전기공학과(0053406),공학,184,2369600
2012,가천대학교,산업정보시스템공학과(0030139),공학,185,3420500
2012,가천대학교,일어일문학과(0033836),인문사회,186,2052800
2012,가천대학교,응용통계학과(0051681),자연과학,187,1994200
2012,가천대학교,글로벌헬스케어경영학과(0038319),인문사회,188,2768700
2012,가천대학교,도시계획학과(0115289),인문사회,189,2580700
2012,가천대학교,간호학과(0024241),자연과학,193,2580700
2012,가천대학교,국제통상학과(0011800),인문사회,195,2198300
2012,가천대학교,식품영양학과(0042964),자연과학,243,2785500
2012,가천대학교,유아교육학과(0026614),인문사회,249,2747500
2012,가천대학교,시각디자인과(0025647),예체능,250,1832700
2012,가천대학교,영어영문학과(0039054),인문사회,179,2454600
2012,가천대학교,토목환경공학과(0036271),자연과학,175,2345200
2012,가천대학교,사회복지학과(0034062),인문사회,174,2876000
2012,가천대학교,정보공학부(0000451),공학,141,4073100
2012,가천대학교,건축공학과(0114344),공학,142,2260000
2012,가천대학교,산업경영공학과(0000207),인문사회,154,2054900
2012,가천대학교,건축학과(0119356),공학,155,2242200
2012,가천대학교,소방방재공학과(0050303),공학,155,2347800
2012,가천대학교,경영학과(0114518),인문사회,156,2531200
2012,가천대학교,생명과학과(0022514),자연과학,162,2808200
2012,가천대학교,국어국문학과(0028688),인문사회,169,2652000
2012,가천대학교,중어중문학과(0027519),인문사회,170,2848800
2012,가천대학교,산업디자인학과(0006454),공학,57,2539200
2012,가천대학교,중국어문학과(0118191),인문사회,57,2069500
2012,가천대학교,아동복지학과(0047107),인문사회,58,3351400
2012,가천대학교,영어영문학과(0042813),인문사회,103,3223000
2012,가천대학교,불어불문학과(0029201),인문사회,103,2222600
2012,가천대학교,체육과학부(0007920),예체능,102,4029200
2012,가천대학교,건축학전공(0119362),공학,101,2664100
2012,가천대학교,생명과학과(0021789),자연과학,97,2290600
2012,가천대학교,보건행정학과(0019651),인문사회,95,3149800
2012,가천대학교,회계・세무학과(0119287),인문사회,94,2425100
2012,가천대학교,물리치료학과(0115660),자연과학,91,3320800
2012,가천대학교,무역학과(0046015),인문사회,253,3021600
2012,가천대학교,전자공학전공(0033564),공학,89,4003600
2012,가천대학교,의공학과(0117535),공학,89,3207800
2012,가천대학교,운동재활복지학과(0117314),자연과학,87,3487800
2012,가천대학교,경영학과(글로벌경영학트랙)(0114566),인문사회,86,2395900
2012,가천대학교,약학과(2+4학제)(0009422),자연과학,84,9308700
2012,가천대학교,화학과(0120248),자연과학,103,2550700
2012,가천대학교,환경에너지공학과(0003532),자연과학,103,2241300
2012,가천대학교,소프트웨어설계・경영학과(0045425),인문사회,134,3161100
2012,가천대학교,성악과(0046573),예체능,125,2667800
2012,가천대학교,전자공학과(0030903),공학,122,2910900
2012,가천대학교,사회체육학과(0029725),예체능,121,2806200
2012,가천대학교,물리치료학과(0009405),자연과학,116,3231300
2012,가천대학교,경영학과(경영학트랙)(0114565),인문사회,115,1767200
2012,가천대학교,수학정보학과(0119881),자연과학,114,2487000
2012,가천대학교,화공생명공학전공(0056289),자연과학,112,2251100
2012,가천대학교,한의학과(0047948),의학,110,4903800
2012,가천대학교,컴퓨터미디어융합학과(0118523),공학,107,2028500
2012,가천대학교,독어독문학과(0028967),인문사회,107,2496400
2012,가천대학교,무역학과(0054286),인문사회,107,2565000
2012,가천대학교,토목환경공학과(0035771),자연과학,106,2737700
2012,가천대학교,바이오나노학과(0020644),자연과학,106,2615000
2012,가천대학교,화공생명공학과(0001907),자연과학,104,2631400
2012,가천대학교,의공학과(0000995),공학,84,3527800
2012,가천대학교,의상학과(0026038),자연과학,294,2280700
2012,가천대학교,전자공학과(0026314),공학,295,2174400
2012,가천대학교,간호학과(0009141),자연과학,371,2466100
2012,가천대학교,컴퓨터공학과(0053260),공학,375,2519400
2012,가천대학교,관광경영학과(0041986),인문사회,468,2310500
2012,가천대학교,간호학과(0010069),자연과학,508,2608500
2012,가천대학교,법학과(0045721),인문사회,533,2504400
2012,가천대학교,경영학과(0114517),인문사회,561,2814000
2012,가천대학교,언론영상광고학과(0117110),인문사회,69,2049000
2012,가천대학교,한의예과(0032140),자연과학,69,2270900
2012,가천대학교,헬스케어경영학과(0119051),인문사회,70,2262600
2012,가천대학교,보건환경시스템학과(0010008),자연과학,74,3004100
2012,가천대학교,작곡과(0025807),예체능,74,2064700
2012,가천대학교,국제통상학과(0010489),인문사회,75,2701900
2012,가천대학교,도시계획학전공(0119728),인문사회,75,2914800
2012,가천대학교,바이오나노학부(0029564),자연과학,75,1740600
2012,가천대학교,회계・세무학과(0119290),인문사회,289,2777000
2012,가천대학교,건축설비공학과(0114396),공학,283,2552100
2012,가천대학교,행정학전공(0012418),인문사회,79,2835600
2012,가천대학교,의료경영학과(0042762),인문사회,77,2953900
2012,가천대학교,식품영양학과(0021499),자연과학,76,2891700
2012,가천대학교,섬유미술과(0039521),공학,59,2125900
2012,가천대학교,시각디자인전공(0025653),예체능,60,2703400
2012,가천대학교,물리학과(0119762),자연과학,62,2595800
2012,가천대학교,도시행정학전공(0019498),인문사회,66,2263500
2012,가천대학교,경영학전공(0119393),인문사회,68,2908800
2012,가천대학교,행정학과(0016683),인문사회,262,2339800
2012,가천대학교,경제학과(0053472),인문사회,268,2507500
2012,가천대학교,기계・자동차공학과(0024580),공학,270,3020000
2012,가천대학교,실내건축학과(0116948),공학,271,2284700
2012,가천대학교,신문방송학과(0116893),인문사회,272,2593400
2012,가천대학교,영어교육과(0012169),인문사회,126,2924100
2012,가천대학교,경제금융학과(0015501),인문사회,143,1906100
2012,가천대학교,경영정보학과(0014012),인문사회,150,1672900
2012,가천대학교,지리교육과(0012913),인문사회,163,2340000
2012,가천대학교,광고홍보학과(0014020),인문사회,164,2338900
2012,가천대학교,법학과(0010732),인문사회,164,1817700
2012,가천대학교,보건환경학과(0009660),자연과학,166,2226100
2012,가천대학교,수학교육과(0020815),인문사회,173,2356800
2012,가천대학교,사회체육학전공(0006435),예체능,183,4917400
2012,가천대학교,체육교육과(0006585),인문사회,183,3043000
2012,가천대학교,국어교육과(0013131),인문사회,184,3236600
2012,가천대학교,간호학과(0009383),자연과학,191,2533700
2012,가천대학교,컴퓨터학과(0003848),공학,191,1993700
2012,가천대학교,건축공학전공(0001868),공학,120,2581000
2012,가천대학교,전자공학전공(0001560),공학,113,3462100
2012,가천대학교,인테리어디자인학과(0006548),예체능,71,0
2012,가천대학교,간호학과(0009151),자연과학,22,2989600
2012,가천대학교,미디어문학과(0018883),인문사회,84,1915000
2012,가천대학교,스포츠경영학전공(0006468),인문사회,88,2879500
2012,가천대학교,가정교육과(0021760),인문사회,89,2209600
2012,가천대학교,전자정보통신공학부(0001113),공학,89,0
2012,가천대학교,건축학전공(0003564),공학,96,3886900
2012,가천대학교,의예과(0009379),자연과학,96,1933400
2012,가천대학교,시각디자인학과(0007477),예체능,101,3401000
2012,가천대학교,정보통신공학전공(0003137),공학,105,2653600
2012,가천대학교,컴퓨터교육과(0002647),인문사회,105,2922600
2012,가천대학교,건축학부(0004593),공학,108,1675600
2012,가천대학교,무역학과(0019324),인문사회,199,2162800
2012,가천대학교,영어영문학과(0014171),인문사회,204,1711900
2012,가천대학교,경찰행정학부(0013114),인문사회,450,1090400
2012,가천대학교,경영학과(0013632),인문사회,439,1758800
2012,가천대학교,호텔경영학과(0119070),인문사회,433,2064500
2012,가천대학교,관광경영학과(0114735),인문사회,396,2262200
2012,가천대학교,경찰행정학전공(0015168),인문사회,359,3804000
2012,가천대학교,행정학과(0013809),인문사회,340,1906400
2012,가천대학교,호텔조리・외식경영학과(0119164),인문사회,312,1865600
2012,가천대학교,사회복지학과(0016585),인문사회,290,2931700
2012,가천대학교,토목공학과(0001332),공학,246,2280400
2012,가천대학교,일어일문학과(0018465),인문사회,246,1855900
2012,가천대학교,중국학과(0017598),인문사회,227,1538600
2012,가천대학교,의학과(0009704),의학,220,1833300
2012,가천대학교,의료경영학과(0015882),인문사회,220,2341300
2012,가천대학교,음악학부(0117494),예체능,206,2786800
2012,가톨릭꽃동네대학교,간호학과(0009957),자연과학,174,3937400
2012,가톨릭꽃동네대학교,사회복지학부(0011978),인문사회,325,4089400
2012,가톨릭대학교,영어영문학전공(0017904),인문사회,198,1843800
2012,가톨릭대학교,중국언어문화전공(0019836),인문사회,205,2006000
2012,가톨릭대학교,생명공학전공(0002905),자연과학,207,2546500
2012,가톨릭대학교,음악과(0006197),예체능,216,1549400
2012,가톨릭대학교,경제학전공(0010358),인문사회,231,2464100
2012,가톨릭대학교,컴퓨터정보공학부(0000602),공학,242,2196400
2012,가톨릭대학교,정보통신전자공학전공(0001007),공학,247,2314300
2012,가톨릭대학교,회계학전공(0018295),인문사회,248,2380700
2012,가톨릭대학교,국제학부(0014359),인문사회,260,2692000
2012,가톨릭대학교,심리학전공(0018270),인문사회,300,2709400
2012,가톨릭대학교,경영학전공(0015766),인문사회,329,2392700
2012,가톨릭대학교,법학전공(0014630),인문사회,179,2255200
2012,가톨릭대학교,특수교육과(0019534),인문사회,171,2416400
2012,가톨릭대학교,동아시아언어문화학부(0018288),인문사회,108,2092100
2012,가톨릭대학교,환경공학전공(0004031),자연과학,103,1939600
2012,가톨릭대학교,영미언어문화학부(0016112),인문사회,93,1874500
2012,가톨릭대학교,행정학전공(0018022),인문사회,87,2221600
2012,가톨릭대학교,종교학과(0014670),인문사회,83,2320600
2012,가톨릭대학교,정보통신전자공학부(0000328),공학,80,1722600
2012,가톨릭대학교,약학과(0009228),자연과학,80,5872400
2012,가톨릭대학교,컴퓨터공학전공(0004675),공학,73,2641200
2012,가톨릭대학교,물리학전공(0022267),자연과학,66,1702700
2012,가톨릭대학교,국제관계학전공(0018121),인문사회,65,3099400
2012,가톨릭대학교,국제통상전공(0013811),인문사회,63,2753000
2012,가톨릭대학교,정보시스템공학전공(0001941),공학,26,1831200
2012,가톨릭대학교,정보통신공학전공(0001871),공학,13,691700
2012,가톨릭대학교,프랑스어문화학과(0011260),인문사회,109,1918800
2012,가톨릭대학교,국어국문학전공(0016480),인문사회,158,2743000
2012,가톨릭대학교,의류학전공(0021970),자연과학,154,2113600
2012,가톨릭대학교,사회복지학전공(0015613),인문사회,151,2177400
2012,가톨릭대학교,식품영양학전공(0022703),자연과학,149,2497200
2012,가톨릭대학교,문화콘텐츠전공(0011879),인문사회,146,2886800
2012,가톨릭대학교,경영학부(0011638),인문사회,146,2506100
2012,가톨릭대학교,일어일본문화전공(0012342),인문사회,145,2239700
2012,가톨릭대학교,소비자주거학전공(0021573),인문사회,144,2534700
2012,가톨릭대학교,생명환경학부(0116471),자연과학,141,3066300
2012,가톨릭대학교,법정경학부(0115845),인문사회,140,2566600
2012,가톨릭대학교,생명과학전공(0116455),자연과학,133,1494400
2012,가톨릭대학교,영어영미문화전공(0013314),인문사회,130,1783000
2012,가톨릭대학교,인문학부(0015521),인문사회,125,2191800
2012,가톨릭대학교,아동학전공(0012286),인문사회,123,2135600
2012,가톨릭대학교,수학전공(0022301),자연과학,123,2101900
2012,가톨릭대학교,화학전공(0022770),자연과학,121,2377500
2012,가톨릭대학교,철학전공(0018837),인문사회,108,1818200
2012,가톨릭대학교 _제2캠퍼스,간호학과(0010148),자연과학,382,2555900
2012,가톨릭대학교 _제2캠퍼스,의학과(0009059),의학,85,2532200
2012,감리교신학대학교,종교철학전공(0012519),인문사회,98,1978100
2012,감리교신학대학교,기독교교육학전공(0020208),인문사회,126,2504900
2012,강남대학교,법학과(0018728),인문사회,66,2149800
2012,강남대학교,경제학과(0014527),인문사회,68,1695000
2012,강남대학교,중등특수교육과(0017543),인문사회,78,2736600
2012,강남대학교,초등특수교육과(0015475),인문사회,84,2457400
2012,강남대학교,철학과(0019064),인문사회,84,1793200
2012,강남대학교,응용수학과(0021907),자연과학,87,2649200
2012,강남대학교,부동산학과(0017097),인문사회,104,1722200
2012,강남대학교,도시공학과(0000129),인문사회,106,2629400
2012,강남대학교,행정학과(0011128),인문사회,60,1880500
2012,강남대학교,독일바이마르음악학부(0008699),인문사회,49,3238100
2012,강남대학교,금융정보학과(0115114),인문사회,15,3504100
2012,강남대학교,세무학과(0016568),인문사회,109,2070700
2012,강남대학교,음악학과(0008420),예체능,122,2210800
2012,강남대학교,경영학부(0014381),인문사회,641,2217600
2012,강남대학교,사회복지학부(0016717),인문사회,503,2795000
2012,강남대학교,국제통상학과(0010488),인문사회,383,1878900
2012,강남대학교,회화ㆍ디자인학부(0027600),예체능,354,2011900
2012,강남대학교,컴퓨터미디어정보공학부(0000495),공학,310,2459000
2012,강남대학교,부동산학과(0010556),인문사회,278,1794100
2012,강남대학교,세무학과(0010686),인문사회,273,2066600
2012,강남대학교,실버산업학부(0012251),공학,233,2402800
2012,강남대학교,영문학과(0016077),인문사회,207,1729100
2012,강남대학교,국제지역학부(0016749),인문사회,206,1942000
2012,강남대학교,유아교육과(0020048),인문사회,204,2272200
2012,강남대학교,중국어문화학과(0016418),인문사회,198,1765000
2012,강남대학교,경제학과(0017001),인문사회,193,2097500
2012,강남대학교,사회체육학과(0006426),예체능,183,2439000
2012,강남대학교,건축공학과(0000849),공학,133,1947400
2012,강남대학교,산업시스템공학과(0002918),공학,141,2213400
2012,강남대학교,법학과(0010730),인문사회,146,1825900
2012,강남대학교,사회복지학부(0017738),인문사회,152,2446500
2012,강남대학교,교육학과(0017361),인문사회,157,2360100
2012,강남대학교,국어국문학과(0010432),인문사회,158,2216800
2012,강남대학교,경영학부(0014217),인문사회,174,1425800
2012,강남대학교,문헌정보학과(0012115),인문사회,174,2708000
2012,강남대학교,중국실용지역학과(0016092),인문사회,175,1607000
2012,강남대학교,전자공학과(0005493),공학,178,2119400
2012,강남대학교,행정학과(0015368),인문사회,183,2062000
2012,강서대학교,아동복지상담심리학부(상담심리학전공)(0013344),인문사회,51,3194500
2012,강서대학교,경영학부(경영학전공)(0011470),인문사회,55,1753500
2012,강서대학교,경영학부(경영정보학전공)(0017426),인문사회,61,2149000
2012,강서대학교,아동복지상담심리학부(아동복지학전공)(0011487),인문사회,67,2958200
2012,강서대학교,사회복지학부(0018853),인문사회,79,2587700
2012,강서대학교,음악학부(0006577),예체능,79,2838100
2012,강서대학교,경영학부(0014676),인문사회,116,3379700
2012,강서대학교,사회복지학부(0013560),인문사회,324,3322600
2012,강서대학교,외국어학부(영어전공)(0014728),인문사회,50,2320400
2012,강서대학교,경영학부(0018106),인문사회,50,2054600
2012,강서대학교,웨딩플레너경영학과(0018111),인문사회,17,5976200
2012,강서대학교,음악학부(기독교실용음악전공)(0006308),예체능,17,2995100
2012,강서대학교,음악학부(피아노전공)(0006950),예체능,30,3841400
2012,강서대학교,외국어학부(0013580),인문사회,41,3543900
2012,강서대학교,외국어학부(중국어전공)(0019288),인문사회,43,1779000
2012,강서대학교,경영학부(세무회계학전공)(0017862),인문사회,43,2142400
2012,강원대학교,부동산학과(0020211),인문사회,163,1730600
2012,강원대학교,불어불문학과(0017268),인문사회,125,2027900
2012,강원대학교,산림자원학과(0020353),자연과학,126,2369200
2012,강원대학교,신문방송학과(0014543),인문사회,129,2540300
2012,강원대학교,건축공학과(0005365),공학,133,1921400
2012,강원대학교,일본학과(0020008),인문사회,136,1813200
2012,강원대학교,생명과학과(0021435),자연과학,137,2087000
2012,강원대학교,물리학과(0022889),자연과학,137,1719900
2012,강원대학교,신소재공학과(0004979),공학,139,2017200
2012,강원대학교,화학과(0022794),자연과학,141,2365500
2012,강원대학교,문화인류학과(0013034),인문사회,141,1826500
2012,강원대학교,미술학과(0006838),예체능,142,1715700
2012,강원대학교,원예학과(0020920),자연과학,142,1940400
2012,강원대학교,정치외교학과(0017215),인문사회,143,1756300
2012,강원대학교,독어독문학과(0013106),인문사회,143,1855400
2012,강원대학교,동물생명시스템학과(0022051),자연과학,144,2096500
2012,강원대학교,수의학과(0021554),의학,145,1642700
2012,강원대학교,건축학과(5)(0002145),공학,146,1775800
2012,강원대학교,바이오자원환경학과(0021566),자연과학,124,2131100
2012,강원대학교,수의예과(0021129),자연과학,85,1347600
2012,강원대학교,영상문화학과(0016907),인문사회,87,2352900
2012,강원대학교,한문교육과(0014552),인문사회,87,1889600
2012,강원대학교,의생명소재공학과(0022432),자연과학,91,2019300
2012,강원대학교,지구물리학과(0020586),자연과학,103,1937100
2012,강원대학교,식품생명공학과(0000186),자연과학,104,2038100
2012,강원대학교,산림환경보호학과(0021891),자연과학,110,2012100
2012,강원대학교,바이오시스템공학과(0004728),자연과학,116,1676700
2012,강원대학교,무용학과(0007810),예체능,118,1692000
2012,강원대학교,수학교육과(0023020),인문사회,118,1903400
2012,강원대학교,국어교육과(0019370),인문사회,120,2384800
2012,강원대학교,산림경영학과(0021050),인문사회,121,2242300
2012,강원대학교,조경학과(0004888),공학,121,2106000
2012,강원대학교,영어교육과(0018491),인문사회,123,1975500
2012,강원대학교,철학과(0011156),인문사회,123,1950800
2012,강원대학교,심리학과(0016167),인문사회,147,1995400
2012,강원대학교,지역건설공학과(0000616),인문사회,147,1978800
2012,강원대학교,행정학과(0011142),인문사회,175,2251600
2012,강원대학교,디자인학과(0007187),예체능,178,2030800
2012,강원대학교,화학공학과(0003420),자연과학,187,2117600
2012,강원대학교,환경공학과(0005642),자연과학,205,1747200
2012,강원대학교,영어영문학과(0017845),인문사회,205,1804500
2012,강원대학교,관광경영학과(0018841),인문사회,208,1820700
2012,강원대학교,전자공학전공(0004166),공학,210,1866400
2012,강원대학교,경제학과(0017113),인문사회,230,1798700
2012,강원대학교,전기전자공학전공(0001823),공학,240,1941500
2012,강원대학교,기계메카트로닉스공학과(0004764),공학,243,1850000
2012,강원대학교,기계의용공학과(0001788),공학,250,1883700
2012,강원대학교,전자통신공학전공(0000442),공학,259,1807400
2012,강원대학교,토목공학과(0003081),공학,263,1832900
2012,강원대학교,간호학과(0009298),자연과학,274,2261900
2012,강원대학교,회계학과(0014121),인문사회,451,2109100
2012,강원대학교,컴퓨터정보통신공학전공(0002666),공학,469,1861900
2012,강원대학교,국제무역학과(0014712),인문사회,492,1793300
2012,강원대학교,경영학과(0011592),인문사회,599,1848500
2012,강원대학교,농업자원경제학과(0021209),인문사회,171,2019800
2012,강원대학교,국어국문학과(0015214),인문사회,169,2338100
2012,강원대학교,동물생명공학과(0021205),자연과학,148,2062900
2012,강원대학교,약학과(0009440),자연과학,148,1526500
2012,강원대학교,수학과(0022797),자연과학,151,1439500
2012,강원대학교,정보통계학과(0021537),자연과학,151,1952600
2012,강원대학교,분자생명과학과(0021312),자연과학,152,1756200
2012,강원대학교,의생명공학과(0020518),자연과학,152,2145400
2012,강원대학교,생화학과(0020316),자연과학,155,1782800
2012,강원대학교,환경학과(0022483),자연과학,158,1666000
2012,강원대학교,산업공학과(0003014),공학,160,1772600
2012,강원대학교,생명건강공학과(0001870),자연과학,160,1991500
2012,강원대학교,과학교육학부(0021304),인문사회,161,2430500
2012,강원대학교,산림바이오소재공학과(0003217),자연과학,161,1606600
2012,강원대학교,음악학과(0007970),예체능,163,2227800
2012,강원대학교,중어중문학과(0014750),인문사회,164,1764100
2012,강원대학교,컴퓨터과학전공(0003127),공학,166,1845800
2012,강원대학교,역사교육과(0016540),인문사회,68,2625000
2012,강원대학교,지리교육과(0019341),인문사회,63,2680100
2012,강원대학교,교육학과(0019730),인문사회,59,2739000
2012,강원대학교,가정교육과(0023498),인문사회,60,2620100
2012,강원대학교,법학전공(0017191),인문사회,60,2265800
2012,강원대학교,윤리교육과(0014822),인문사회,63,2364500
2012,강원대학교,일반사회교육과(0018729),인문사회,63,2638900
2012,강원대학교 _제2캠퍼스,행정학과(0012405),인문사회,97,2722200
2012,강원대학교 _제2캠퍼스,안경광학과(0117067),공학,99,3172000
2012,강원대학교 _제2캠퍼스,방재안전공학전공(0003110),공학,100,3043900
2012,강원대학교 _제2캠퍼스,영미언어문화학과(0013636),인문사회,102,2791000
2012,강원대학교 _제2캠퍼스,시각멀티미디어디자인학과(0185845),예체능,102,2606800
2012,강원대학교 _제2캠퍼스,정보통신공학전공(0004042),공학,104,2175500
2012,강원대학교 _제2캠퍼스,산업디자인학과(0185844),공학,104,2367500
2012,강원대학교 _제2캠퍼스,소방방재공학전공(0002283),공학,106,4133000
2012,강원대학교 _제2캠퍼스,방송연예학과(0006846),인문사회,94,1615600
2012,강원대학교 _제2캠퍼스,공공행정학과(0019377),인문사회,91,1820100
2012,강원대학교 _제2캠퍼스,방송연예학과(0204023),인문사회,89,2010200
2012,강원대학교 _제2캠퍼스,실내가구디자인학과(0185846),예체능,87,2650600
2012,강원대학교 _제2캠퍼스,전자정보통신공학부(0003342),공학,82,2052400
2012,강원대학교 _제2캠퍼스,멀티디자인학과(0115508),예체능,80,1686400
2012,강원대학교 _제2캠퍼스,생활조형디자인학과(0116512),예체능,73,2169100
2012,강원대학교 _제2캠퍼스,문화상품디자인학과(0185843),인문사회,62,2504600
2012,강원대학교 _제2캠퍼스,해양건설시스템공학과(0002205),자연과학,52,3727200
2012,강원대학교 _제2캠퍼스,건설방재공학과(0004672),공학,46,3825500
2012,강원대학교 _제2캠퍼스,영어과(0117218),인문사회,41,1891400
2012,강원대학교 _제2캠퍼스,연극영화학과(0117175),자연과학,38,4394200
2012,강원대학교 _제2캠퍼스,관광학과(0013920),인문사회,29,69000
2012,강원대학교 _제2캠퍼스,일본어학과(0016583),인문사회,118,3856000
2012,강원대학교 _제2캠퍼스,재료금속공학과(0001776),공학,119,2208600
2012,강원대학교 _제2캠퍼스,건축공학과(0002157),공학,178,2057400
2012,강원대학교 _제2캠퍼스,유아교육과(0117346),인문사회,173,3595600
2012,강원대학교 _제2캠퍼스,사회복지학과(0116229),인문사회,171,3505600
2012,강원대학교 _제2캠퍼스,기계공학과(0003059),공학,168,2234500
2012,강원대학교 _제2캠퍼스,자동차공학과(0004474),공학,167,1699100
2012,강원대학교 _제2캠퍼스,관광학과(0010160),인문사회,161,3855900
2012,강원대학교 _제2캠퍼스,지역경제학과(0013670),인문사회,157,2304700
2012,강원대학교 _제2캠퍼스,식품영양학과(0116872),자연과학,157,4091100
2012,강원대학교 _제2캠퍼스,신소재공학과(0005220),공학,147,2558600
2012,강원대학교 _제2캠퍼스,방송영상학과(0115824),인문사회,145,3576900
2012,강원대학교 _제2캠퍼스,화학공학과(0001759),자연과학,144,2492800
2012,강원대학교 _제2캠퍼스,물리치료학과(0115658),자연과학,140,4228100
2012,강원대학교 _제2캠퍼스,환경공학과(0003304),자연과학,134,1943500
2012,강원대학교 _제2캠퍼스,제어계측공학과(0002503),공학,134,1775100
2012,강원대학교 _제2캠퍼스,컴퓨터공학과(0004472),공학,133,2472900
2012,강원대학교 _제2캠퍼스,건축학과(5)(0004025),공학,131,2286100
2012,강원대학교 _제2캠퍼스,산업경영공학과(0002174),인문사회,129,2162400
2012,강원대학교 _제2캠퍼스,소방방재학부(0000920),공학,123,3901000
2012,강원대학교 _제2캠퍼스,전자공학전공(0002944),공학,120,2197600
2012,강원대학교 _제2캠퍼스,간호학과(0114249),자연과학,262,3897900
2012,강원대학교 _제2캠퍼스,토목공학과(0003003),공학,180,2083300
2012,강원대학교 _제2캠퍼스,전기공학과(0002511),공학,188,2610600
2012,건국대학교,영상전공(0117204),예체능,221,2499700
2012,건국대학교,신산업융합학과(0116900),공학,214,2729600
2012,건국대학교,생명공학전공(0001865),자연과학,209,2232800
2012,건국대학교,응용통계학과(0021378),자연과학,207,2041000
2012,건국대학교,생명과학전공(0116456),자연과학,206,1716800
2012,건국대학교,화학과(0020532),자연과학,201,1645200
2012,건국대학교,항공우주정보시스템공학과(0003488),공학,192,2557400
2012,건국대학교,건축설계전공(0002584),공학,189,2113800
2012,건국대학교,건축공학전공(0002839),공학,164,2901600
2012,건국대학교,체육교육과(0006587),인문사회,188,5796600
2012,건국대학교,수학과(0023326),자연과학,165,2258400
2012,건국대학교,환경공학과(0005419),자연과학,166,2526400
2012,건국대학교,축산식품공학과(0118420),자연과학,186,3154800
2012,건국대학교,융합신소재공학과(0117468),공학,184,2528200
2012,건국대학교,정치대학(0017620),인문사회,174,1971200
2012,건국대학교,현대미술전공(0119053),예체능,175,1311900
2012,건국대학교,중어중문학과(0013086),인문사회,183,2293500
2012,건국대학교,산업디자인전공(0116376),공학,226,1768500
2012,건국대학교,동물생명공학과(0115314),자연과학,235,3338300
2012,건국대학교,국어국문학과(0016241),인문사회,240,2522000
2012,건국대학교,경영학전공(0016423),인문사회,1245,2061100
2012,건국대학교,경제학전공(0017996),인문사회,584,2174000
2012,건국대학교,국제무역학전공(0016417),인문사회,531,2528100
2012,건국대학교,전자공학부(0004051),공학,478,2419500
2012,건국대학교,기계공학부(0001503),공학,455,2205700
2012,건국대학교,영어영문학과(0015303),인문사회,410,2097700
2012,건국대학교,수의학과(0023430),의학,364,2355600
2012,건국대학교,부동산학과(0020004),인문사회,359,2048700
2012,건국대학교,화학공학과(0119230),자연과학,356,2534500
2012,건국대학교,법학과(0010729),인문사회,349,1435000
2012,건국대학교,전기공학과(0001015),공학,313,2115900
2012,건국대학교,행정학전공(0016042),인문사회,299,2270300
2012,건국대학교,컴퓨터공학부(0002204),공학,295,2454100
2012,건국대학교,경영 ・ 경영정보학부(0033875),인문사회,273,2349500
2012,건국대학교,의상디자인전공(0117580),자연과학,268,2031100
2012,건국대학교,커뮤니케이션디자인전공(0118483),예체능,261,1925000
2012,건국대학교,산업공학과(0004760),공학,247,2444900
2012,건국대학교,토목공학과(0002461),공학,240,1974700
2012,건국대학교,수의예과(0022336),자연과학,157,2913500
2012,건국대학교,사회환경시스템공학과(0116335),자연과학,155,2074700
2012,건국대학교,바이오산업공학과(0115764),자연과학,63,1963600
2012,건국대학교,축산경영ㆍ유통경제학전공(0031671),인문사회,61,2638000
2012,건국대학교,영어교육과(0016328),인문사회,60,2211300
2012,건국대학교,특성화학부(0118721),자연과학,57,1423600
2012,건국대학교,생명과학특성학부(0116459),자연과학,45,2337000
2012,건국대학교,녹지환경계획학과(0115255),자연과학,45,1830400
2012,건국대학교,주거환경전공(0021752),자연과학,43,3715200
2012,건국대학교,전자공학전공(0004544),공학,33,0
2012,건국대학교,섬유공학과(0005549),공학,24,2591600
2012,건국대학교,기계공학전공(0002940),공학,23,121700
2012,건국대학교,중국통상・비즈니스전공(0118203),인문사회,12,3776800
2012,건국대학교,국제학부(0114994),인문사회,12,2917000
2012,건국대학교,컴퓨터시스템전공(0001278),공학,11,190900
2012,건국대학교,보건환경과학과(0115952),자연과학,65,1952000
2012,건국대학교,물리학전공(0022852),자연과학,69,2661500
2012,건국대학교,생명자원식품공학과(0116467),자연과학,81,2977500
2012,건국대학교,영화전공(0117265),예체능,151,2199900
2012,건국대학교,소비자정보학전공(0010702),인문사회,145,2288100
2012,건국대학교,정치외교학전공(0010858),인문사회,137,2728400
2012,건국대학교,분자생명공학전공(0020687),자연과학,131,1299800
2012,건국대학교,기술경영학과(0005531),인문사회,130,2402300
2012,건국대학교,물리학부(0020308),자연과학,121,1830000
2012,건국대학교,문화콘텐츠학과(0015119),인문사회,119,2866800
2012,건국대학교,철학과(0016155),인문사회,118,2340900
2012,건국대학교,지리학과(0021785),인문사회,114,2891600
2012,건국대학교,건축학부(0004479),공학,113,1667200
2012,건국대학교,교육공학과(0017230),인문사회,107,2691800
2012,건국대학교,공예전공(0114713),예체능,106,1949900
2012,건국대학교,일어교육과(0014979),인문사회,105,2118100
2012,건국대학교,수학교육과(0022500),인문사회,105,2396900
2012,건국대학교,음악교육과(0007770),인문사회,104,2520200
2012,건국대학교,텍스타일디자인전공(0118658),예체능,102,1802500
2012,건국대학교,환경과학전공(0021300),자연과학,88,2578200
2012,건국대학교,경영정보학전공(0020072),인문사회,116,2038700
2012,건국대학교(글로컬) _분교,원예학전공(0050167),자연과학,56,2410100
2012,건국대학교(글로컬) _분교,국어국문학전공(0032946),인문사회,154,2885000
2012,건국대학교(글로컬) _분교,국제통상・문화학부(0114981),인문사회,150,2025600
2012,건국대학교(글로컬) _분교,유아교육과(0043062),인문사회,142,2837400
2012,건국대학교(글로컬) _분교,응용화학과(0041540),자연과학,140,2479100
2012,건국대학교(글로컬) _분교,행정복지학부(행정학전공)(0119014),인문사회,136,2407700
2012,건국대학교(글로컬) _분교,경영경제학부(0114456),인문사회,125,2489600
2012,건국대학교(글로컬) _분교,회화학과(0119302),자연과학,123,2459900
2012,건국대학교(글로컬) _분교,산업디자인학부(시각정보디자인전공)(0025405),공학,123,2692700
2012,건국대학교(글로컬) _분교,행정복지학부(0119012),인문사회,107,1865500
2012,건국대학교(글로컬) _분교,산업디자인학부(광고영상디자인전공)(0039209),인문사회,107,2522000
2012,건국대학교(글로컬) _분교,국제통상전공(0035195),인문사회,102,1976500
2012,건국대학교(글로컬) _분교,산림과학전공(0052557),자연과학,101,2160100
2012,건국대학교(글로컬) _분교,뷰티디자인전공(0116064),예체능,98,2428700
2012,건국대학교(글로컬) _분교,산업디자인전공(0116377),공학,155,2539100
2012,건국대학교(글로컬) _분교,행정복지학부(사회복지학전공)(0119013),인문사회,165,2789500
2012,건국대학교(글로컬) _분교,경영학과(0028426),인문사회,526,1996700
2012,건국대학교(글로컬) _분교,컴퓨터공학과(0118494),공학,460,2193300
2012,건국대학교(글로컬) _분교,신문방송학과(0116892),인문사회,426,2387400
2012,건국대학교(글로컬) _분교,의학공학부(0052545),의학,387,2570400
2012,건국대학교(글로컬) _분교,영어영문학과(0050788),인문사회,382,2037000
2012,건국대학교(글로컬) _분교,간호학과(0040879),자연과학,333,3005500
2012,건국대학교(글로컬) _분교,국제통상학전공(0114986),인문사회,308,2265600
2012,건국대학교(글로컬) _분교,경제학전공(0033310),인문사회,300,1962500
2012,건국대학교(글로컬) _분교,생명공학과(0116441),자연과학,286,2193200
2012,건국대학교(글로컬) _분교,식품생명과학부(0116846),자연과학,252,2525400
2012,건국대학교(글로컬) _분교,문헌정보학과(0115598),인문사회,228,2231400
2012,건국대학교(글로컬) _분교,스포츠과학부(생활체육학전공)(0116738),예체능,202,4908700
2012,건국대학교(글로컬) _분교,응용생화학전공(0058252),자연과학,194,2412700
2012,건국대학교(글로컬) _분교,실내디자인학과(0116952),예체능,185,2193600
2012,건국대학교(글로컬) _분교,패션디자인전공(0118758),예체능,180,2204500
2012,건국대학교(글로컬) _분교,나노전자기계공학과(0115236),공학,172,2085400
2012,건국대학교(글로컬) _분교,국제지역문화학전공(0114975),인문사회,98,2296300
2012,건국대학교(글로컬) _분교,의생명화학과(0117591),자연과학,92,2786200
2012,건국대학교(글로컬) _분교,도자디자인전공(0115302),예체능,86,2170400
2012,건국대학교(글로컬) _분교,프랑스어문학전공(0047390),인문사회,15,1638700
2012,건국대학교(글로컬) _분교,독일어문학전공(0056660),인문사회,12,1485700
2012,건국대학교(글로컬) _분교,러시아어문학전공(0034563),인문사회,19,1187200
2012,건국대학교(글로컬) _분교,의용전자공학전공(0039837),공학,21,861200
2012,건국대학교(글로컬) _분교,금속디자인전공(0115092),공학,85,1923300
2012,건국대학교(글로컬) _분교,커뮤니케이션문화학부(0118487),인문사회,63,2350700
2012,건국대학교(글로컬) _분교,법학과(0047473),인문사회,54,2365900
2012,건국대학교(글로컬) _분교,영미어문학과(0117188),인문사회,52,1651000
2012,건국대학교(글로컬) _분교,축산학전공(0031673),자연과학,52,2330100
2012,건국대학교(글로컬) _분교,유아교육과(0117348),인문사회,44,2161700
2012,건국대학교(글로컬) _분교,영상디자인전공(0117197),예체능,43,1620800
2012,건국대학교(글로컬) _분교,시각광고디자인전공(0116767),인문사회,41,2103700
2012,건국대학교(글로컬) _분교,영어학과(0117242),인문사회,38,2434300
2012,건국대학교(글로컬) _분교,전산수학전공(0034340),자연과학,33,2322500
2012,건국대학교(글로컬) _분교,국제통상・문화학부(0040361),인문사회,26,948600
2012,건국대학교(글로컬) _분교,식품영양학전공 트랙(0116885),자연과학,24,1564500
2012,건양대학교,국방경찰행정학부(0119472),인문사회,130,3204600
2012,건양대학교,전자상거래무역학과(0117972),인문사회,51,1579500
2012,건양대학교,군사학과(0015581),인문사회,125,1857200
2012,건양대학교,시각디자인학과(0116782),예체능,123,1808400
2012,건양대학교,의공학과(0000996),공학,122,2256200
2012,건양대학교,초등특수교육과(0015088),인문사회,114,2528400
2012,건양대학교,일본언어문화학과(0117685),인문사회,114,2713500
2012,건양대학교,건축학과(0001608),공학,113,2385100
2012,건양대학교,관광학과(0114821),인문사회,108,2266900
2012,건양대학교,컴퓨터학과(0003646),공학,107,2398000
2012,건양대학교,경영학과(0114514),인문사회,102,1902800
2012,건양대학교,의료공간디자인학과(0117539),예체능,101,3041800
2012,건양대학교,중국일본학부(0118200),인문사회,100,2404200
2012,건양대학교,전자정보공학과(0002372),공학,98,2483600
2012,건양대학교,영미영어문화학과(0117192),인문사회,94,3079600
2012,건양대학교,중국언어문화학과(0118198),인문사회,89,3285500
2012,건양대학교,화공생명학과(0003992),자연과학,88,2243500
2012,건양대학교,중등특수교육과(0015221),인문사회,88,3057000
2012,건양대학교,패션디자인산업학과(0118755),공학,87,4067800
2012,건양대학교,유아교육과(0016580),인문사회,84,3098200
2012,건양대학교,식품생명공학과(0022187),자연과학,75,2945400
2012,건양대학교,경찰행정학과(0011712),인문사회,131,1955400
2012,건양대학교,재활퍼스널트레이닝학과(0117871),자연과학,132,3292400
2012,건양대학교,의공학부(0000309),공학,133,3162600
2012,건양대학교,의약바이오학부(0117593),자연과학,15,6569300
2012,건양대학교,예식산업학과(0117279),공학,37,2251700
2012,건양대학교,국방공무원학과(0017824),인문사회,48,3109600
2012,건양대학교,글로벌경영학부(0115047),인문사회,343,2749600
2012,건양대학교,세무학과(0116581),인문사회,233,2503600
2012,건양대학교,사회복지학과(0017609),인문사회,232,2599000
2012,건양대학교,심리상담치료학과(0009297),인문사회,216,2783600
2012,건양대학교,의료뷰티학과(0117558),예체능,196,2778600
2012,건양대학교,금융ㆍ국제학과(0115115),인문사회,170,2583100
2012,건양대학교,기계공학과(0115132),공학,169,2318500
2012,건양대학교,제약생명공학과(0003913),자연과학,169,3462100
2012,건양대학교,아동보육학과(0010990),인문사회,163,2791000
2012,건양대학교,호텔관광학부(0119122),인문사회,159,2493900
2012,건양대학교,건설환경공학과(0114323),자연과학,144,2451000
2012,건양대학교,정보보호학과(0118046),공학,142,2529000
2012,건양대학교,나노바이오화학과(0115226),자연과학,136,2881100
2012,건양대학교,기업정보관리학과(0115217),공학,51,1712800
2012,건양대학교 _제2캠퍼스,간호학과(0009150),자연과학,468,2978400
2012,건양대학교 _제2캠퍼스,의학과(0009746),의학,234,2053600
2012,건양대학교 _제2캠퍼스,간호학과(0009778),자연과학,46,2628200
2012,건양대학교 _제2캠퍼스,물리치료학과(0009008),자연과학,82,3424600
2012,건양대학교 _제2캠퍼스,의예과(0010041),자연과학,125,2537100
2012,건양대학교 _제2캠퍼스,안경광학과(0009680),공학,181,2277900
2012,건양대학교 _제2캠퍼스,임상병리학과(0009240),자연과학,197,2787300
2012,경기대학교,교정보호학과(0011356),공학,212,2493500
2012,경기대학교,스포츠경영학과(0007449),인문사회,203,3933100
2012,경기대학교,회계세무학과(0013594),인문사회,196,3035300
2012,경기대학교,도시・교통공학과(0027710),인문사회,191,2820700
2012,경기대학교,화학과(0119238),자연과학,189,2617900
2012,경기대학교,문헌정보학과(0012116),인문사회,187,2973500
2012,경기대학교,생명과학과(0020401),자연과학,183,2985500
2012,경기대학교,화학공학과(0005057),자연과학,181,2839400
2012,경기대학교,법학과(0020107),인문사회,180,2684200
2012,경기대학교,중어중문학과(0012565),인문사회,173,2705700
2012,경기대학교,국제관계학과(0014642),인문사회,171,2667300
2012,경기대학교,수학과(0023516),자연과학,170,2628800
2012,경기대학교,체육학과(0008387),예체능,166,4060700
2012,경기대학교,경제학과(0014120),인문사회,213,2584300
2012,경기대학교,국제통상학과(0017412),인문사회,219,2276300
2012,경기대학교,환경에너지시스템공학과(0005652),자연과학,227,2710100
2012,경기대학교,경영학과(0013107),인문사회,712,2304900
2012,경기대학교,컴퓨터과학과(0001633),공학,442,2716100
2012,경기대학교,전자공학과(0002897),공학,362,2425800
2012,경기대학교,신소재공학과(0001039),공학,342,2546400
2012,경기대학교,기계시스템공학과(0005473),공학,340,2407000
2012,경기대학교,산업경영공학과(0005402),인문사회,328,2348200
2012,경기대학교,토목공학과(0001848),공학,300,2328100
2012,경기대학교,응용정보통계학과(0021225),자연과학,295,2422500
2012,경기대학교,건축학과(0003963),공학,294,2587500
2012,경기대학교,영어영문학과(0012195),인문사회,275,2343900
2012,경기대학교,행정학과(0013876),인문사회,264,2780500
2012,경기대학교,무역학과(0019318),인문사회,236,2737300
2012,경기대학교,관광개발학과(0017739),인문사회,233,2522100
2012,경기대학교,일어일문학과(0013453),인문사회,157,2490300
2012,경기대학교,건축공학과(0000855),공학,92,2178200
2012,경기대학교,건축공학과(0002141),공학,86,3177200
2012,경기대학교,환경조각학과(0008360),자연과학,82,2782300
2012,경기대학교,유아교육학과(0019952),인문사회,82,2887600
2012,경기대학교,한국화학과(0006650),자연과학,77,2612200
2012,경기대학교,서예・문자예술학과(0032280),예체능,77,3268000
2012,경기대학교,환경에너지공학과(0119267),자연과학,64,2934100
2012,경기대학교,플랜트・건축공학과(0004296),공학,63,2335500
2012,경기대학교,미술경영학과(0008770),인문사회,45,2934300
2012,경기대학교,러시아학과(0017284),인문사회,35,3216900
2012,경기대학교,예술학과(0006757),예체능,34,2400200
2012,경기대학교,경호안전학과(0008697),공학,24,5729800
2012,경기대학교,교정보호학과(0016630),공학,23,3940400
2012,경기대학교,국제산업정보학과(0019500),인문사회,100,3086800
2012,경기대학교,국어국문학과(0016363),인문사회,150,2764600
2012,경기대학교,경찰행정학과(0014149),인문사회,150,2672500
2012,경기대학교,경영정보학과(0014946),인문사회,150,2283600
2012,경기대학교,프랑스어문학과(0011258),인문사회,138,2634900
2012,경기대학교,사회체육학과(0006425),예체능,138,4481300
2012,경기대학교,전자물리학과(0020912),자연과학,129,2394800
2012,경기대학교,시각정보디자인학과(0008462),공학,129,2990900
2012,경기대학교,사회복지학과(0011970),인문사회,127,3355300
2012,경기대학교,문예창작학과(0013188),인문사회,124,2694200
2012,경기대학교,서양화학과(0008760),자연과학,123,2805400
2012,경기대학교,독어독문학과(0016854),인문사회,115,2041300
2012,경기대학교,산업디자인학과(0007376),공학,113,2398400
2012,경기대학교,러시아어문학과(0013482),인문사회,109,2455800
2012,경기대학교,장신구・금속디자인학과(0027709),공학,107,2863900
2012,경기대학교 _제2캠퍼스,전자디지털음악학과(0007463),공학,85,2704200
2012,경기대학교 _제2캠퍼스,애니메이션영상학과(0006667),예체능,40,3071400
2012,경기대학교 _제2캠퍼스,애니메이션학과(0007107),예체능,54,2778900
2012,경기대학교 _제2캠퍼스,언론미디어학과(0015789),인문사회,59,2669500
2012,경기대학교 _제2캠퍼스,관광경영학과(0017103),인문사회,456,2627400
2012,경기대학교 _제2캠퍼스,호텔경영학과(0013798),인문사회,259,2583500
2012,경기대학교 _제2캠퍼스,경영학과(0014534),인문사회,257,2624100
2012,경기대학교 _제2캠퍼스,경제학과(0015385),인문사회,195,2620000
2012,경기대학교 _제2캠퍼스,법학과(0019062),인문사회,181,2724100
2012,경기대학교 _제2캠퍼스,영어영문학과(0019114),인문사회,169,2153000
2012,경기대학교 _제2캠퍼스,행정학과(0018229),인문사회,164,2729400
2012,경기대학교 _제2캠퍼스,국어국문학과(0015456),인문사회,164,2586100
2012,경기대학교 _제2캠퍼스,회계세무학과(0012599),인문사회,146,2816400
2012,경기대학교 _제2캠퍼스,무역학과(0013792),인문사회,143,2908300
2012,경기대학교 _제2캠퍼스,영상학과(0006853),예체능,94,2791900
2012,경기대학교 _제2캠퍼스,정치매체관리학과(0015575),인문사회,15,3497600
2012,경남과학기술대학교,기계공학과(0002443),공학,73,1850200
2012,경남과학기술대학교,벤처경영학과(0019066),인문사회,51,1627700
2012,경남과학기술대학교,기계공학과(0005569),공학,49,1623100
2012,경남과학기술대학교,아동가정복지학과(0013913),인문사회,46,3205400
2012,경남과학기술대학교,산림자원학과(0020786),자연과학,46,2171000
2012,경남과학기술대학교,조경학과(0003263),공학,45,2236100
2012,경남과학기술대학교,토목공학과(0002983),공학,43,1599900
2012,경남과학기술대학교,영어학과(0010921),인문사회,43,1281200
2012,경남과학기술대학교,건축공학과(0005585),공학,73,2006800
2012,경남과학기술대학교,자동차공학과(0001144),공학,39,1549100
2012,경남과학기술대학교,산업경제학과(0016237),인문사회,38,1588400
2012,경남과학기술대학교,건축공학과(0002916),공학,12,3182000
2012,경남과학기술대학교,동물생명과학과(0022612),자연과학,12,3904400
2012,경남과학기술대학교,아동가족.사회복지학부(사회복지학전공)(0119930),인문사회,15,2547300
2012,경남과학기술대학교,아동가족.사회복지학부(아동가족학전공)(0119931),인문사회,16,2473700
2012,경남과학기술대학교,환경공학과(0001257),자연과학,27,1910500
2012,경남과학기술대학교,인테리어재료공학과(0003971),공학,30,1740500
2012,경남과학기술대학교,컴퓨터융합공학과(0000690),공학,36,2391300
2012,경남과학기술대학교,동물생명과학과(0021587),자연과학,77,2252200
2012,경남과학기술대학교,원예학과(0022528),자연과학,77,2439600
2012,경남과학기술대학교,조경학과(0005064),공학,71,2322100
2012,경남과학기술대학교,인테리어재료공학과(0004972),공학,71,2081800
2012,경남과학기술대학교,산업경제학과(0013402),인문사회,70,3103500
2012,경남과학기술대학교,환경공학과(0005684),자연과학,69,2122400
2012,경남과학기술대학교,전자공학과(0002749),공학,66,2732500
2012,경남과학기술대학교,간호학과(0009984),자연과학,62,3038500
2012,경남과학기술대학교,토목공학과(0003918),공학,61,2341800
2012,경남과학기술대학교,건축학과(5)(0000041),공학,61,2508200
2012,경남과학기술대학교,자동차공학과(0004694),공학,60,2144300
2012,경남과학기술대학교,식품과학부 식품생명공학전공(0039757),자연과학,57,2704200
2012,경남과학기술대학교,회계정보학과(0018894),인문사회,55,1746900
2012,경남과학기술대학교,컴퓨터융합공학과(0004834),공학,53,2464800
2012,경남과학기술대학교,원예학과(0023210),자연과학,51,1952700
2012,경남과학기술대학교,영어학과(0010922),인문사회,90,2491400
2012,경남과학기술대학교,회계정보학과(0014474),인문사회,89,2430600
2012,경남과학기술대학교,산림자원학과(0023051),자연과학,87,2330400
2012,경남과학기술대학교,벤처경영학과(0010740),인문사회,87,2540200
2012,경남과학기술대학교,전자상거래・무역학과(0055584),인문사회,80,2385600
2012,경남과학기술대학교,텍스타일디자인학과(0007102),예체능,78,1630200
2012,경남과학기술대학교,전자공학과(0001843),공학,38,1430800
2012,경남대학교,사회복지학과(0010655),인문사회,522,2224100
2012,경남대학교,소방방재공학과(0000917),공학,219,1819800
2012,경남대학교,식품생명학과(0021772),자연과학,209,1996700
2012,경남대학교,토목공학과(0001331),공학,207,1740900
2012,경남대학교,법학전공(0015679),인문사회,201,1921200
2012,경남대학교,중국비즈니스전공(0011282),인문사회,200,2009000
2012,경남대학교,관광경영학전공(0010536),인문사회,199,1913500
2012,경남대학교,금융・보험학전공(0052883),인문사회,199,2139500
2012,경남대학교,정보통신공학과(0002953),공학,197,1754600
2012,경남대학교,영어교육과(0010873),인문사회,194,2816800
2012,경남대학교,행정학과(0014591),인문사회,190,2493300
2012,경남대학교,기계공학부(0000745),공학,223,1821200
2012,경남대학교,신문방송학과(0019626),인문사회,245,2392800
2012,경남대학교,전자공학과(0003643),공학,276,1904300
2012,경남대학교,체육교육과(0008483),인문사회,279,3886400
2012,경남대학교,경영학부(0019857),인문사회,281,1693300
2012,경남대학교,식품영양학과(0022097),자연과학,302,2208200
2012,경남대학교,회계학전공(0018606),인문사회,304,2087300
2012,경남대학교,간호학과(0009476),자연과학,306,3293500
2012,경남대학교,영어학과(0018483),인문사회,314,1945100
2012,경남대학교,기계시스템공학전공(0002487),공학,358,2410600
2012,경남대학교,컴퓨터공학과(0005866),공학,358,1976500
2012,경남대학교,전기공학과(0005659),공학,398,1807000
2012,경남대학교,무역학과(0020074),인문사회,448,2173600
2012,경남대학교,심리학과(0016235),인문사회,219,2589200
2012,경남대학교,경영학전공(0015797),인문사회,484,2040400
2012,경남대학교,경제금융학과(0114598),인문사회,189,2179800
2012,경남대학교,교육학과(0011663),인문사회,127,2609000
2012,경남대학교,건축공학전공(0002996),공학,131,2234600
2012,경남대학교,산업디자인학과(0008915),공학,133,2072000
2012,경남대학교,나노신소재공학과(0002469),공학,136,1958600
2012,경남대학교,유아교육과(0011020),인문사회,137,2466700
2012,경남대학교,국어국문학과(0019787),인문사회,146,2376200
2012,경남대학교,정치외교학과(0012160),인문사회,146,2464000
2012,경남대학교,과학교육과(0114719),인문사회,151,2029000
2012,경남대학교,조선해양IT공학과(0003485),자연과학,151,2392300
2012,경남대학교,패션의류학과(0020960),자연과학,152,1558800
2012,경남대학교,기계로봇설계공학전공(0001884),공학,161,1529900
2012,경남대학교,호텔경영학전공(0011170),인문사회,162,2380300
2012,경남대학교,역사학과(0015642),인문사회,164,1720800
2012,경남대학교,음악교육과(0008899),인문사회,167,2359600
2012,경남대학교,국어교육과(0011728),인문사회,170,2279600
2012,경남대학교,군사학과(0019339),인문사회,172,7493000
2012,경남대학교,수학교육과(0021257),인문사회,177,2701000
2012,경남대학교,경호비서학과(0014598),인문사회,184,2356000
2012,경남대학교,일어교육과(0014246),인문사회,124,2443800
2012,경남대학교,가정교육과(0023142),인문사회,123,1606600
2012,경남대학교,도시환경공학과(0003405),인문사회,122,1748900
2012,경남대학교,경영학과(0114515),인문사회,11,0
2012,경남대학교,방산기계공학전공(0003242),공학,27,991000
2012,경남대학교,공연예술기획전공(0006005),예체능,29,1092200
2012,경남대학교,기계시스템전공(0005328),공학,33,0
2012,경남대학교,인테리어디자인전공(0008273),예체능,54,2192000
2012,경남대학교,중국언어문화전공(0013816),인문사회,55,1878200
2012,경남대학교,전자상거래학전공(0013238),공학,68,1669000
2012,경남대학교,문화콘텐츠창작전공(0013489),인문사회,72,3161700
2012,경남대학교,중국학과(0118206),인문사회,74,1962400
2012,경남대학교,법학과(0115846),인문사회,80,1499300
2012,경남대학교,철학과(0012429),인문사회,80,1708400
2012,경남대학교,경영정보학전공(0019143),인문사회,89,1759600
2012,경남대학교,건축학부(0000044),공학,90,1508200
2012,경남대학교,물리치료학과(0009608),자연과학,103,3155300
2012,경남대학교,건축학전공(5년)(0000055),공학,107,2163800
2012,경남대학교,시각디자인전공(0007217),예체능,111,1971700
2012,경남대학교,문화콘텐츠학과(0016934),인문사회,114,1844700
2012,경남대학교,관광학부(0017009),인문사회,119,1980900
2012,경남대학교,미술교육과(0006383),인문사회,189,2334000
2012,경동대학교,유아교육과(0013008),인문사회,115,3173300
2012,경동대학교,도시공간디자인학과(0115290),인문사회,27,2289000
2012,경동대학교,건축공학과(0114343),공학,29,2342600
2012,경동대학교,토목공학과(0118662),공학,30,2632900
2012,경동대학교,경영학과(0114516),인문사회,38,5853400
2012,경동대학교,보건관리학과(0115877),자연과학,38,3836500
2012,경동대학교,임상병리학과(0009079),자연과학,56,4370600
2012,경동대학교,중등특수교육과(0017518),인문사회,75,4035300
2012,경동대학교,보건복지학부(0115893),자연과학,78,3627900
2012,경동대학교,디자인학과(0007825),예체능,85,3648000
2012,경동대학교,한국어교원과(0014548),인문사회,99,3744900
2012,경동대학교,안경광학과(0009576),공학,104,2647300
2012,경동대학교,해양심층수학과(0023390),자연과학,115,3557800
2012,경동대학교,관광학부(0017302),인문사회,433,2478200
2012,경동대학교,사회복지경영학부(0014575),인문사회,257,2246000
2012,경동대학교,간호학과(0010102),자연과학,208,3655600
2012,경동대학교,물리치료학과(0010044),자연과학,163,3212900
2012,경동대학교,경찰행정학과(0010388),인문사회,162,3302600
2012,경동대학교,건축토목공학부(0004640),공학,134,3341800
2012,경동대학교,의료뷰티학과(0117559),예체능,14,1548500
2012,경동대학교 _제2캠퍼스,정보보안학과(0118043),공학,35,4206600
2012,경동대학교 _제2캠퍼스,체육학과(0118342),예체능,38,4596800
2012,경동대학교 _제2캠퍼스,행정학과(0119033),인문사회,39,2955400
2012,경동대학교 _제2캠퍼스,항공서비스학과(0118960),공학,45,2666100
2012,경동대학교 _제2캠퍼스,유아교육과(0117386),인문사회,129,3067300
2012,경동대학교 _제3캠퍼스,간호학과(0114278),자연과학,331,3773800
2012,경북대학교,보건복지학부 사회복지전공(0115896),인문사회,99,3001900
2012,경북대학교,생태환경시스템학부 산림환경자원전공(0116501),자연과학,98,2967600
2012,경북대학교,수학교육과(0021163),인문사회,96,2686100
2012,경북대학교,시각정보디자인학과(0008720),공학,95,2716700
2012,경북대학교,나노소재공학부 신소재공학전공(0115229),공학,93,3188300
2012,경북대학교,신소재공학부(0003008),공학,93,2252400
2012,경북대학교,보건복지학부(노인보건복지전공)(0115898),자연과학,92,3589700
2012,경북대학교,섬유패션디자인학부 섬유공학전공(0116555),공학,92,2412700
2012,경북대학교,"컴퓨터정보학부(컴퓨터시스템공학전공, 컴퓨터소프트웨어전공)(0118620)",공학,89,2180500
2012,경북대학교,체육교육과(0007601),인문사회,87,2139200
2012,경북대학교,식품과학부 식품영양전공(0116839),자연과학,87,2151100
2012,경북대학교,산업전자공학과(0116398),공학,87,2531200
2012,경북대학교,"나노소재공학부(신소재공학전공,나노공학전공,에너지화공전공)(0115232)",공학,100,2624800
2012,경북대학교,한문학과(0016926),인문사회,101,2280800
2012,경북대학교,의류학과(0022672),자연과학,103,1977800
2012,경북대학교,철학과(0017349),인문사회,104,2360000
2012,경북대학교,기계자동차공학부 기계공학전공(0115186),공학,105,2577900
2012,경북대학교,"건축토목공학부(건축공학전공,토목공학전공)(0002154)",공학,105,894600
2012,경북대학교,컴퓨터정보학부 컴퓨터소프트웨어전공(0118618),공학,105,3206200
2012,경북대학교,원예과학과(0020913),자연과학,108,2786700
2012,경북대학교,천문대기과학과(0020508),자연과학,109,3085900
2012,경북대학교,경영학부 회계학전공(0045001),인문사회,110,1647500
2012,경북대학교,생명과학부 생물학전공(0035393),자연과학,110,2451500
2012,경북대학교,농업토목공학과(0002894),공학,116,2462900
2012,경북대학교,"국악학과(기악전공, 성악전공,이론작곡전공)(0047799)",예체능,116,2140100
2012,경북대학교,응용생명과학부(0021856),자연과학,116,5998400
2012,경북대학교,정밀기계공학과(0118024),공학,117,2612000
2012,경북대학교,약학과(0010146),자연과학,83,2102100
2012,경북대학교,건축도시환경공학부 건축시스템공학전공(0114383),인문사회,82,2856800
2012,경북대학교,"생태환경시스템학부(산림환경자원전공, 식물자원환경전공)(0116503)",자연과학,63,2397800
2012,경북대학교,행정학부 공공관리전공(0059365),인문사회,60,2107700
2012,경북대학교,아동가족학과(0010981),인문사회,60,2841500
2012,경북대학교,해양학과(0118998),자연과학,59,3122100
2012,경북대학교,"생태환경관광학부(생물응용전공,생태환경전공)(0116493)",인문사회,59,2401300
2012,경북대학교,과학교육학부 생물교육전공(0059962),인문사회,57,2497000
2012,경북대학교,교육학과(0013723),인문사회,57,2463000
2012,경북대학교,물리및에너지학부 물리학전공(0034386),자연과학,56,1900900
2012,경북대학교,생태환경관광학부(생태관광전공)(0116494),인문사회,54,3076100
2012,경북대학교,기계자동차공학부 자동차공학전공(0115187),공학,53,2887200
2012,경북대학교,축산공학과(0118418),자연과학,53,2324600
2012,경북대학교,산업전자전기공학부 전기공학전공(0116401),공학,52,3150300
2012,경북대학교,보건복지학부 아동복지전공(0115897),인문사회,51,2897900
2012,경북대학교,자동차공학부(0117744),공학,68,2276300
2012,경북대학교,가정교육과(0022849),인문사회,69,2082400
2012,경북대학교,과학교육학부 화학교육전공(0024350),인문사회,69,2542200
2012,경북대학교,사회교육학부 일반사회교육전공(0024971),인문사회,69,2102700
2012,경북대학교,윤리교육과(0017804),인문사회,70,2619300
2012,경북대학교,건축도시환경공학부 도시환경공학전공(0114384),인문사회,71,2918100
2012,경북대학교,과학교육학부 물리교육전공(0045484),인문사회,71,2495800
2012,경북대학교,사회교육학부 지리교육전공(0029540),인문사회,75,2277600
2012,경북대학교,행정학과(0014047),인문사회,77,1470600
2012,경북대학교,사회교육학부 역사교육전공(0036448),인문사회,78,2755500
2012,경북대학교,"섬유패션디자인학부(섬유공학전공, 패션디자인전공)(0116557)",공학,79,2410900
2012,경북대학교,건설방재공학부(0114305),공학,81,2294100
2012,경북대학교,생태환경시스템학부 식물자원환경전공(0116502),자연과학,81,2351600
2012,경북대학교,나노소재공학부 화학공학전공(0115231),자연과학,82,2870000
2012,경북대학교,과학교육학부 지구과학교육전공(0050469),인문사회,67,2685600
2012,경북대학교,간호학과(0009497),자연과학,65,2446600
2012,경북대학교,통계학과(0023421),자연과학,231,2347600
2012,경북대학교,응용생명과학부 식물생명과학전공(0033113),자연과학,224,1328800
2012,경북대학교,정치외교학과(0014648),인문사회,223,2049200
2012,경북대학교,고분자공학과(0002050),공학,220,2368300
2012,경북대학교,수학과(0023436),자연과학,209,2669000
2012,경북대학교,신문방송학과(0012771),인문사회,209,2161500
2012,경북대학교,건축・토목공학부 토목공학전공(0034584),공학,194,2490000
2012,경북대학교,"미술학과(한국화전공, 서양화전공, 조소전공, 조형예술이론전공)(0057020)",예체능,189,2325300
2012,경북대학교,환경공학과(0005414),자연과학,184,2333400
2012,경북대학교,농업경제학과(0015771),인문사회,179,2428900
2012,경북대학교,국어국문학과(0010429),인문사회,177,2271700
2012,경북대학교,섬유시스템공학과(0000200),공학,166,2496300
2012,경북대학교,응용화학과(0021382),자연과학,232,2690600
2012,경북대학교,사회복지학과(0014780),인문사회,239,2339300
2012,경북대학교,전자공학부(0004782),공학,2192,2701100
2012,경북대학교,경제통상학부(0020180),인문사회,1138,2045400
2012,경북대학교,경영학부(0017049),인문사회,644,2327100
2012,경북대학교,기계공학부(0004762),공학,627,2643400
2012,경북대학교,컴퓨터학부(0002786),공학,478,2663100
2012,경북대학교,간호학과(0009999),자연과학,447,2490400
2012,경북대학교,경영학부 경영학전공(0028490),인문사회,437,1738600
2012,경북대학교,영어영문학과(0019256),인문사회,423,2245700
2012,경북대학교,생명과학부 생명공학전공(0046483),자연과학,406,2352200
2012,경북대학교,전기공학과(0001016),공학,309,2774800
2012,경북대학교,화학공학과(0005461),자연과학,286,2855700
2012,경북대학교,수의학과(0021896),의학,253,1851800
2012,경북대학교,법학부(0015156),인문사회,251,1266700
2012,경북대학교,"음악학과(성악전공, 피아노전공, 작곡전공, 관현악전공, 이론전공)(0041878)",예체능,245,2155700
2012,경북대학교,화학과(0023397),자연과학,240,2151100
2012,경북대학교,심리학과(0013360),인문사회,165,2237300
2012,경북대학교,건축토목공학부(건축학전공)(0000488),공학,164,2342600
2012,경북대학교,지리학과(0022417),인문사회,135,2257700
2012,경북대학교,섬유패션디자인학부 패션디자인전공(0116556),공학,135,2605900
2012,경북대학교,식품영양학과(0023103),자연과학,132,2278000
2012,경북대학교,건축・토목공학부 건축공학전공(0038192),공학,132,2670400
2012,경북대학교,응용생명과학부 생명식품공학전공(0057290),자연과학,131,3339900
2012,경북대학교,행정학부(0015601),인문사회,130,2391800
2012,경북대학교,바이오섬유소재학과(0002343),자연과학,127,2517500
2012,경북대학교,영어교육과(0015865),인문사회,122,2165100
2012,경북대학교,수의예과(0021431),자연과학,122,1502000
2012,경북대학교,중어중문학과(0013855),인문사회,121,2537300
2012,경북대학교,응용생명과학부 응용생물화학전공(0053660),자연과학,121,0
2012,경북대학교,생물산업기계공학과(0021329),공학,121,2743300
2012,경북대학교,식품외식산업학과(0116886),공학,120,2472000
2012,경북대학교,고고인류학과(0017735),인문사회,119,2386600
2012,경북대학교,신소재공학부 전자재료공학전공(0037493),공학,137,2609600
2012,경북대학교,국어교육과(0016535),인문사회,137,1869200
2012,경북대학교,물리학과(0020299),자연과학,163,2374900
2012,경북대학교,"행정학부(공공관리전공, 공공정책전공)(0031469)",인문사회,159,2576400
2012,경북대학교,문헌정보학과(0010796),인문사회,153,2302900
2012,경북대학교,조경학과(0004420),공학,150,2371800
2012,경북대학교,신소재공학부 금속신소재공학전공(0026078),공학,150,2764700
2012,경북대학교,노어노문학과(0019586),인문사회,149,2258700
2012,경북대학교,일어일문학과(0019672),인문사회,144,2170200
2012,경북대학교,토목공학과(0118661),공학,143,2556700
2012,경북대학교,축산학과(0118422),자연과학,143,2700000
2012,경북대학교,불어불문학과(0018532),인문사회,140,2321100
2012,경북대학교,독어독문학과(0019523),인문사회,140,2132600
2012,경북대학교,컴퓨터정보학부 컴퓨터시스템공학전공(0118619),공학,138,2725300
2012,경북대학교,생명과학부(0023432),자연과학,138,1991600
2012,경북대학교,전자공학부모바일공학전공(0000725),공학,50,5308400
2012,경북대학교,나노소재공학부 에너지화공전공(0115230),공학,18,3632400
2012,경북대학교,글로벌인재학부 융합생명과학전공(0115081),자연과학,15,4571600
2012,경북대학교,건축학부 건축공학전공(0023643),공학,15,1410700
2012,경북대학교,건설방재공학부 건설환경공학전공(0114307),자연과학,13,2805500
2012,경북대학교,금속신소재공학과(0003534),공학,12,899800
2012,경북대학교,건축학부 건축학전공(0023647),공학,11,1853400
2012,경북대학교,무기재료공학과(0003210),공학,11,880900
2012,경북대학교,행정학부 공공정책전공(0058206),인문사회,19,2052400
2012,경북대학교,생태환경보전관광학부 생태환경보전전공(0116498),인문사회,20,2564800
2012,경북대학교,토목공학과(0005638),공학,20,460100
2012,경북대학교,"산업전자전기공학부(전자공학전공, 전기공학전공)(0116403)",공학,50,1594900
2012,경북대학교,산업전자전기공학부 전자공학전공(0116402),공학,50,2900100
2012,경북대학교,농산업학과(0022246),공학,49,2544600
2012,경북대학교,건축도시환경공학부 건축디자인전공(0114382),인문사회,47,2698200
2012,경북대학교,생명공학부(0002278),자연과학,44,682300
2012,경북대학교,아동학부(0011008),인문사회,44,1993100
2012,경북대학교,물리및에너지학부 에너지과학전공(0057498),자연과학,44,1699000
2012,경북대학교,유럽어교육학부 불어교육전공(0043611),인문사회,40,2193200
2012,경북대학교,응용생명과학부 환경생명화학전공(0021976),자연과학,39,3452500
2012,경북대학교,응용생명과학부 응용생물학전공(0022359),자연과학,38,3693800
2012,경북대학교,자동차공학부 지능형자동차전공(0117745),공학,21,2421800
2012,경북대학교,기계공학부 기계설계학전공(0055130),공학,24,835100
2012,경북대학교,생태환경보전관광학부 생태관광전공(0116497),인문사회,25,2484500
2012,경북대학교,기계공학부 기계공학전공(0048924),공학,25,212500
2012,경북대학교,아동학부 아동학전공(0117058),인문사회,27,2034200
2012,경북대학교,자동차공학부 친환경자동차전공(0117746),자연과학,28,2907500
2012,경북대학교,건설방재공학부 건설방재공학전공(0114306),공학,31,2337400
2012,경북대학교,말/특수동물학과(0115501),인문사회,31,2383700
2012,경북대학교,아동학부 아동가족학전공(0117057),인문사회,32,3301900
2012,경북대학교,생태환경관광학부생물응용전공(0116495),인문사회,34,2756900
2012,경북대학교,유럽어교육학부 독어교육전공(0040019),인문사회,34,2935500
2012,경북대학교,생태환경관광학부생태환경전공(0116496),인문사회,35,3729900
2012,경상국립대학교,기계항공공학부 항공우주공학 전공(0048851),공학,10,0
2012,경상국립대학교,원예학과(0117324),자연과학,10,2707900
2012,경상국립대학교,미래해양산업융합학과(0115720),자연과학,15,1832700
2012,경상국립대학교,기계설계학전공(0005834),공학,20,1200900
2012,경상국립대학교,산업경영학과(0116350),인문사회,21,1685000
2012,경상국립대학교,유아교육과(0117347),인문사회,24,1379900
2012,경상국립대학교,기계항공공학부(0000080),공학,25,1876000
2012,경상국립대학교,기계항공공학부 기계공학전공(공대)(0041128),공학,34,0
2012,경상국립대학교,컴퓨터교육과(0005257),인문사회,36,1927900
2012,경상국립대학교,산업정보공학전공(0001488),공학,37,1909200
2012,경상국립대학교,해양환경공학전공(0020931),자연과학,39,929200
2012,경상국립대학교,해양토목공학전공(0004445),자연과학,45,1894700
2012,경상국립대학교,전자공학과(0004298),공학,269,2060300
2012,경상국립대학교,경영학과(0019918),인문사회,407,2149800
2012,경상국립대학교,국제통상학과(0015381),인문사회,368,2240900
2012,경상국립대학교,법학과(0013815),인문사회,345,1806200
2012,경상국립대학교,회계학과(0019752),인문사회,334,1999800
2012,경상국립대학교,간호학과(0010065),자연과학,292,2791200
2012,경상국립대학교,가정교육과(0021580),인문사회,48,2028200
2012,경상국립대학교,생화학전공(0023282),자연과학,56,2173400
2012,경상국립대학교,환경임산학전공(0021923),자연과학,114,1200400
2012,경상국립대학교,에너지기계공학과(0002629),공학,112,2060300
2012,경상국립대학교,조선해양공학과(0005163),자연과학,106,2311300
2012,경상국립대학교,영어교육과(0014453),인문사회,105,1769300
2012,경상국립대학교,약학과(2+4년제)(0009117),자연과학,103,3213600
2012,경상국립대학교,산림환경자원학과(0116337),자연과학,103,3124800
2012,경상국립대학교,기계시스템공학과(0000062),공학,101,2137500
2012,경상국립대학교,해양환경공학과(0021290),자연과학,99,2250000
2012,경상국립대학교,환경재료과학과(0119275),자연과학,89,2498000
2012,경상국립대학교,민속무용학과(0006855),인문사회,89,1494100
2012,경상국립대학교,체육교육과(0006800),인문사회,81,2099400
2012,경상국립대학교,미술교육과(0008187),인문사회,78,1606100
2012,경상국립대학교,생물교육과(0021683),인문사회,73,2312900
2012,경상국립대학교,해양토목공학과(0001597),자연과학,73,2256700
2012,경상국립대학교,생화학과(0021261),자연과학,72,2290500
2012,경상국립대학교,물리교육과(0022363),인문사회,70,2314100
2012,경상국립대학교,항공우주공학전공(0001298),공학,67,2340800
2012,경상국립대학교,윤리교육과(0015252),인문사회,67,1762000
2012,경상국립대학교,지리교육과(0013725),인문사회,63,2284700
2012,경상국립대학교,일반사회교육과(0013790),인문사회,63,1871000
2012,경상국립대학교,교육학과(0013693),인문사회,63,1809900
2012,경상국립대학교,일어교육과(0016452),인문사회,62,1760200
2012,경상국립대학교,역사교육과(0012124),인문사회,61,2346000
2012,경상국립대학교,화학교육과(0021077),인문사회,58,2075700
2012,경상국립대학교,영어영문학과(0012187),인문사회,253,2141900
2012,경상국립대학교,전기공학과(0005932),공학,248,2107500
2012,경상국립대학교,수의학과(0021427),의학,242,2386300
2012,경상국립대학교,사회복지학과(0015948),인문사회,144,2428200
2012,경상국립대학교,정보통계학과(0021938),자연과학,141,2355400
2012,경상국립대학교,해양식품공학과(0023301),자연과학,140,2568500
2012,경상국립대학교,생물산업기계공학과(0021087),공학,140,2109200
2012,경상국립대학교,불어불문학과(0012951),인문사회,139,1786800
2012,경상국립대학교,항공우주시스템공학과(0002221),공학,136,3097300
2012,경상국립대학교,독어독문학과(0010527),인문사회,134,2099600
2012,경상국립대학교,러시아학과(0011989),인문사회,134,1760400
2012,경상국립대학교,환경생명화학과(0022303),자연과학,133,2448800
2012,경상국립대학교,산림환경자원학전공(0021929),자연과학,133,1290000
2012,경상국립대학교,한문학과(0019216),인문사회,130,1877800
2012,경상국립대학교,정보과학과(0000453),공학,130,2029100
2012,경상국립대학교,동물생명과학과(0023265),자연과학,129,2604700
2012,경상국립대학교,지구환경과학과(0021818),자연과학,129,2065700
2012,경상국립대학교,산업공학전공(0003831),공학,128,2445000
2012,경상국립대학교,원예학과(0022261),자연과학,128,2423200
2012,경상국립대학교,음악교육과(0007127),인문사회,127,2190100
2012,경상국립대학교,국어교육과(0016945),인문사회,124,1839100
2012,경상국립대학교,정보통신공학과(0000984),공학,122,2037800
2012,경상국립대학교,해양경찰시스템학과(0015017),자연과학,122,2490600
2012,경상국립대학교,축산학과(0020954),자연과학,122,2979300
2012,경상국립대학교,수산경영학과(0017231),인문사회,122,1861400
2012,경상국립대학교,해양생명과학과(0023500),자연과학,121,2656400
2012,경상국립대학교,수학교육과(0023583),인문사회,120,1880200
2012,경상국립대학교,철학과(0017274),인문사회,119,1814800
2012,경상국립대학교,물리학과(0020741),자연과학,148,1909300
2012,경상국립대학교,수학과(0023363),자연과학,154,1912000
2012,경상국립대학교,컴퓨터과학과(0004898),공학,240,2141000
2012,경상국립대학교,토목공학과(0001846),공학,237,1834500
2012,경상국립대학교,행정학과(0012397),인문사회,226,1998600
2012,경상국립대학교,제어계측공학과(0003187),공학,212,1964300
2012,경상국립대학교,식품영양학과(0021535),자연과학,211,2281100
2012,경상국립대학교,경영정보학과(0014647),인문사회,211,2009000
2012,경상국립대학교,생명화학공학과(0003891),자연과학,205,2213300
2012,경상국립대학교,국어국문학과(0019490),인문사회,204,2080500
2012,경상국립대학교,기계공학부(0003604),공학,200,2411400
2012,경상국립대학교,고분자공학전공(0005598),공학,198,2277600
2012,경상국립대학교,반도체공학과(0003625),공학,198,1760500
2012,경상국립대학교,중어중문학과(0016278),인문사회,191,2053400
2012,경상국립대학교,도시공학과(0002827),인문사회,184,2093900
2012,경상국립대학교,금속재료공학전공(0003108),공학,184,2079700
2012,경상국립대학교,경제학과(0010344),인문사회,183,2143700
2012,경상국립대학교,화학과(0021265),자연과학,179,2009800
2012,경상국립대학교,기계공학전공(0000025),공학,171,2589200
2012,경상국립대학교,건축학과(0000755),공학,170,1962500
2012,경상국립대학교,건축공학과(0003888),공학,168,1740500
2012,경상국립대학교,산업시스템공학부(0004066),공학,165,1876600
2012,경상국립대학교,정치외교학과(0016847),인문사회,164,1987000
2012,경상국립대학교,심리학과(0017652),인문사회,164,2048900
2012,경상국립대학교,식품자원경제학과(0116888),인문사회,164,2434600
2012,경상국립대학교,세라믹공학전공(0003626),공학,160,1931100
2012,경상국립대학교,의류학과(0022394),자연과학,159,1988100
2012,경상국립대학교,지역환경기반공학과(0021021),인문사회,157,2250800
2012,경상국립대학교,수의예과(0021894),자연과학,115,1826000
2012,경성대학교,신문방송학과(0017628),인문사회,180,2681700
2012,경성대학교,화학과(0023426),자연과학,185,2006500
2012,경성대학교,국제무역통상학과(0019890),인문사회,447,2508400
2012,경성대학교,경영학전공(0020049),인문사회,425,2413600
2012,경성대학교,컴퓨터공학전공(0001570),공학,397,2519500
2012,경성대학교,회계학과(0012583),인문사회,356,2413700
2012,경성대학교,영어영문학과(0012194),인문사회,352,2242400
2012,경성대학교,음악학부(0007422),예체능,351,2438800
2012,경성대학교,행정학과(0017811),인문사회,329,2616600
2012,경성대학교,사회복지학과(0010662),인문사회,329,3129200
2012,경성대학교,법학과(0012033),인문사회,298,2313900
2012,경성대학교,연극영화학과(0006988),자연과학,297,2493900
2012,경성대학교,공예디자인학과(0007530),예체능,297,2173100
2012,경성대학교,전기공학과(0000339),공학,281,2552000
2012,경성대학교,일어일문학과(0013684),인문사회,246,2254100
2012,경성대학교,중어중문학과(0018985),인문사회,240,2620300
2012,경성대학교,의상학과(0022134),자연과학,232,2597600
2012,경성대학교,호텔관광경영학과(0011175),인문사회,214,2336700
2012,경성대학교,국어국문학과(0014353),인문사회,212,2362700
2012,경성대학교,경제금융물류학부(0018947),인문사회,211,2077200
2012,경성대학교,토목공학과(0003180),공학,210,2374900
2012,경성대학교,신소재공학과(0000359),공학,198,2288300
2012,경성대학교,광고홍보학과(0017835),인문사회,195,2558300
2012,경성대학교,환경공학과(0002774),자연과학,191,2640600
2012,경성대학교,식품영양·건강생활학과(0032630),자연과학,186,2655600
2012,경성대학교,수학과(0023494),자연과학,182,2328800
2012,경성대학교,금융학전공(0013049),인문사회,25,3284000
2012,경성대학교,시각디자인학과(0007213),예체능,136,2898100
2012,경성대학교,미술학과(0006388),예체능,137,2352900
2012,경성대학교,정보통신공학과(0000299),공학,138,2696400
2012,경성대학교,물리학과(0020303),자연과학,139,1898400
2012,경성대학교,컴퓨터공학부(0003637),공학,139,2533900
2012,경성대학교,한문학과(0013679),인문사회,140,2484300
2012,경성대학교,경영학부(0014193),인문사회,142,2057700
2012,경성대학교,전자공학과(0005152),공학,144,2481100
2012,경성대학교,인테리어디자인학과(0006549),예체능,145,2484400
2012,경성대학교,약학과(0009714),자연과학,148,2407000
2012,경성대학교,문헌정보학과(0010798),인문사회,181,2769400
2012,경성대학교,정보통계학과(0020443),자연과학,156,2341300
2012,경성대학교,도시공학과(0002955),인문사회,157,2719400
2012,경성대학교,산업경영공학과(0003269),인문사회,157,2506100
2012,경성대학교,정치외교학과(0012163),인문사회,157,2531500
2012,경성대학교,건축일반전공(0001392),공학,163,2670400
2012,경성대학교,외식서비스경영학과(0017579),인문사회,175,2277300
2012,경성대학교,식품생명공학과(0004100),자연과학,178,2714200
2012,경성대학교,경영정보학과(0019713),인문사회,179,2311200
2012,경성대학교,프랑스지역학과(0011261),인문사회,151,2281700
2012,경성대학교,독일지역학과(0016801),인문사회,133,1950300
2012,경성대학교,철학과(0014188),인문사회,133,2077400
2012,경성대학교,건축설계전공(0000174),공학,52,2604000
2012,경성대학교,간호학과(0009887),자연과학,60,2609400
2012,경성대학교,경제학전공(0010359),인문사회,65,2550200
2012,경성대학교,중국통상학과(0018095),인문사회,68,3009900
2012,경성대학교,중국어통번역학과(0017873),인문사회,73,2986700
2012,경성대학교,디지털애니메이션전공(0008003),예체능,89,2776700
2012,경성대학교,무용학과(0007254),예체능,93,2590600
2012,경성대학교,스포츠의학전공(0006476),의학,98,4208600
2012,경성대학교,디지털영상전공(0007904),예체능,99,2761800
2012,경성대학교,체육학전공(0006246),예체능,106,4030400
2012,경성대학교,물리치료학과(0009663),자연과학,114,2632600
2012,경성대학교,교육학과(0010328),인문사회,115,2446800
2012,경성대학교,제품디자인학과(0006913),예체능,117,2437200
2012,경성대학교,윤리교육과(0012369),인문사회,118,2779700
2012,경성대학교,유아교육과(0019001),인문사회,123,2995500
2012,경성대학교,사진학과(0006902),예체능,131,2331500
2012,경운대학교,신소재에너지학과(0002098),공학,62,4266200
2012,경운대학교,항공승무원서비스전공(0012708),공학,43,3743300
2012,경운대학교,사회체육학부(0008261),예체능,47,3057500
2012,경운대학교,의료경영학부(0010836),인문사회,47,3489600
2012,경운대학교,건축학과(0005127),공학,49,3827100
2012,경운대학교,항공전자공학과(0000628),공학,52,4136000
2012,경운대학교,컴퓨터공학과(0005003),공학,52,4459200
2012,경운대학교,사진영상학과(0006047),예체능,56,3788000
2012,경운대학교,항공운항학과(0000627),공학,57,2658600
2012,경운대학교,항공정보통신공학과(0001414),공학,57,3999700
2012,경운대학교,물리치료학과(0009896),자연과학,62,2142300
2012,경운대학교,항공관광학부(0016323),인문사회,66,3343600
2012,경운대학교,아동사회복지학부(0013300),인문사회,69,3472800
2012,경운대학교,군사학과(0018723),인문사회,69,3932800
2012,경운대학교,안경광학과(0009387),공학,81,2385200
2012,경운대학교,임상병리학과(0009578),자연과학,86,2033300
2012,경운대학교,경찰행정학부(0014588),인문사회,119,2243700
2012,경운대학교,간호학과(0010131),자연과학,310,2783500
2012,경운대학교,사회복지학전공(0017642),인문사회,41,2930600
2012,경운대학교,경찰행정학전공(0018403),인문사회,38,2015100
2012,경운대학교,아동사회복지학부(0019020),인문사회,10,3657400
2012,경운대학교,아동복지학전공(0014093),인문사회,10,3237500
2012,경운대학교,보건교육사전공(0009112),인문사회,13,5215800
2012,경운대학교,사회체육학전공(0006753),예체능,26,3893500
2012,경운대학교,보건바이오학부(0115885),자연과학,36,4148800
2012,경운대학교(산업대),사회복지학과(0056364),인문사회,22,1127400
2012,경운대학교(산업대),사회복지학전공(0057091),인문사회,14,3897500
2012,경운대학교(산업대),보건교육사전공(0059068),인문사회,13,4991500
2012,경운대학교(산업대),경영학전공(0028494),인문사회,11,3298500
2012,경운대학교(산업대),보건환경학전공(0039922),자연과학,24,4168500
2012,경운대학교(산업대),호텔경영학전공(0052945),인문사회,26,2139700
2012,경운대학교(산업대),물리치료학과(0059439),자연과학,79,2893400
2012,경운대학교(산업대),임상병리학과(0054516),자연과학,84,2473800
2012,경운대학교(산업대),컴퓨터공학과(0059074),공학,90,3846500
2012,경운대학교(산업대),경찰행정학전공(0034407),인문사회,381,2184400
2012,경운대학교(산업대),안경광학과(0044196),공학,201,1944800
2012,경운대학교(산업대),간호학과(0028799),자연과학,179,2591900
2012,경운대학교(산업대),사회복지학전공(0043625),인문사회,145,3760600
2012,경운대학교(산업대),사회체육학전공(0052572),예체능,123,3691300
2012,경운대학교(산업대),정보통신공학과(0040518),공학,102,4022100
2012,경운대학교(산업대),건축전공(0029091),공학,73,4139100
2012,경운대학교(산업대),아동복지학전공(0048950),인문사회,29,3667900
2012,경운대학교(산업대),군사학과(0059939),인문사회,30,4288000
2012,경운대학교(산업대),항공운항학과(0042604),공학,31,7045000
2012,경운대학교(산업대),경영학전공(0051909),인문사회,36,2773300
2012,경운대학교(산업대),디지털전자공학과(0052819),공학,98,3711100
2012,경운대학교(산업대),아동사회복지학과(0032372),인문사회,36,1182000
2012,경운대학교(산업대),신소재에너지학과(0050573),공학,39,4334800
2012,경운대학교(산업대),경찰행정학전공(0049857),인문사회,41,2683700
2012,경운대학교(산업대),경찰법학전공(0028614),인문사회,42,2801600
2012,경운대학교(산업대),사진영상학과(0029474),예체능,43,4427400
2012,경운대학교(산업대),경영학과(0028425),인문사회,47,837700
2012,경운대학교(산업대),관광경영학전공(0033402),인문사회,58,3565900
2012,경인교육대학교,체육교육과(심화전공)(0007675),인문사회,62,1951800
2012,경인교육대학교,미술교육과(심화전공)(0006384),인문사회,61,2355800
2012,경인교육대학교,윤리교육과(심화전공)(0013745),인문사회,61,1789600
2012,경인교육대학교,컴퓨터교육과(심화전공)(0002923),인문사회,60,1793300
2012,경인교육대학교,유아교육과(심화전공)(0011028),인문사회,59,2304500
2012,경인교육대학교,수학교육과(심화전공)(0021166),인문사회,98,1835500
2012,경인교육대학교,영어교육과(심화전공)(0018279),인문사회,96,1833000
2012,경인교육대학교,과학교육과(심화전공)(0022470),인문사회,95,1948100
2012,경인교육대학교,사회과교육과(심화과정)(0015435),인문사회,94,2075200
2012,경인교육대학교,교육학과(심화전공)(0013602),인문사회,93,1823600
2012,경인교육대학교,특수(통합)교육과(심화과정)(0018369),인문사회,32,2442900
2012,경인교육대학교,국어교육과(심화전공)(0019019),인문사회,89,2201300
2012,경인교육대학교,생활과학교육과(심화전공)(0021602),인문사회,67,1916000
2012,경인교육대학교,음악교육과(심화전공)(0007752),인문사회,64,1973400
2012,경인교육대학교 _제2캠퍼스,사회과교육과(심화과정)(0010613),인문사회,159,1882800
2012,경인교육대학교 _제2캠퍼스,국어교육과(심화전공)(0010402),인문사회,159,2110300
2012,경인교육대학교 _제2캠퍼스,영어교육과(심화전공)(0019362),인문사회,152,2006500
2012,경인교육대학교 _제2캠퍼스,음악교육과(심화전공)(0006564),인문사회,139,2285600
2012,경인교육대학교 _제2캠퍼스,수학교육과(심화전공)(0022882),인문사회,132,1948700
2012,경인교육대학교 _제2캠퍼스,생활과학교육과(심화전공)(0020319),인문사회,123,1959200
2012,경인교육대학교 _제2캠퍼스,유아교육과(심화전공)(0011027),인문사회,122,2132300
2012,경인교육대학교 _제2캠퍼스,교육학과(심화전공)(0010365),인문사회,121,2337300
2012,경인교육대학교 _제2캠퍼스,컴퓨터교육과(심화전공)(0000581),인문사회,120,2189600
2012,경인교육대학교 _제2캠퍼스,윤리교육과(심화전공)(0017160),인문사회,119,1881800
2012,경인교육대학교 _제2캠퍼스,미술교육과(심화전공)(0007399),인문사회,118,2021800
2012,경인교육대학교 _제2캠퍼스,과학교육과(심화전공)(0023270),인문사회,114,2036900
2012,경인교육대학교 _제2캠퍼스,체육교육과(심화전공)(0008328),인문사회,105,2128000
2012,경인교육대학교 _제2캠퍼스,특수(통합)교육과(심화과정)(0118722),인문사회,28,2383900
2012,경일대학교,세무・회계학과(0011442),인문사회,174,2105200
2012,경일대학교,심리치료학과(0117001),인문사회,163,1297200
2012,경일대학교,건축학부(0004012),공학,162,3008700
2012,경일대학교,부동산지적학과(0012122),인문사회,154,1871600
2012,경일대학교,심리치료학과(인문계열)(0204038),인문사회,148,1339100
2012,경일대학교,국제통상학과(0016732),인문사회,127,1770600
2012,경일대학교,화학공학과(0001631),자연과학,127,2457900
2012,경일대학교,공간정보공학과(0114678),공학,115,2710600
2012,경일대학교,금융증권학과(0012815),인문사회,110,1600100
2012,경일대학교,행정학과(0011127),인문사회,178,2363600
2012,경일대학교,컴퓨터공학과(0001985),공학,186,2221700
2012,경일대학교,외국어학부(0117288),인문사회,196,1890600
2012,경일대학교,전자공학과(0003143),공학,197,2262400
2012,경일대학교,디자인학부(0005968),예체능,200,1911800
2012,경일대학교,뷰티학과(0116105),예체능,204,2568200
2012,경일대학교,간호학과(0114250),자연과학,234,3320700
2012,경일대학교,사회복지학과(0116230),인문사회,282,2084700
2012,경일대학교,철도・전기공학부(0001396),공학,291,2427800
2012,경일대학교,경영학부(0013891),인문사회,327,2624700
2012,경일대학교,소방방재학과(0116631),공학,397,3330700
2012,경일대학교,기계자동차학부(0003058),공학,484,2392400
2012,경일대학교,사진영상학부(0006776),예체능,496,2381300
2012,경일대학교,건축공학과(0002848),공학,87,1636800
2012,경일대학교,건축학과(0001825),공학,85,2521400
2012,경일대학교,문헌정보학과(0019293),인문사회,85,2147300
2012,경일대학교,산업디자인학과(0006086),공학,11,2394900
2012,경일대학교,비즈니스외국어학과(0014601),인문사회,13,457400
2012,경일대학교,세무경영학과(0012003),인문사회,21,389600
2012,경일대학교,공예디자인학과(0006968),예체능,26,2895900
2012,경일대학교,테크노경영학과(0027876),인문사회,26,106600
2012,경일대학교,산업경영학과(0012777),인문사회,40,0
2012,경일대학교,철도학부(0002814),공학,77,998900
2012,경희대학교,정보전자신소재공학과(0003667),공학,267,2976200
2012,경희대학교,스페인어학과(0012862),인문사회,266,2229700
2012,경희대학교,정보디스플레이학과(0001458),공학,265,2909000
2012,경희대학교,경제학부(0013308),인문사회,257,2157400
2012,경희대학교,회계・세무학과(0032626),인문사회,256,2391600
2012,경희대학교,미술학부(0006986),예체능,256,2359300
2012,경희대학교,건축학과(0005632),공학,250,2468700
2012,경희대학교,일본어학과(0011053),인문사회,237,2625700
2012,경희대학교,식품생명공학과(0001855),자연과학,236,3053900
2012,경희대학교,수학과(0020380),자연과학,229,2656700
2012,경희대학교,생체의공학과(0002959),공학,224,3531600
2012,경희대학교,PostModern음악학과(0008687),예체능,217,2147200
2012,경희대학교,환경조경디자인학과(0021068),자연과학,216,2375900
2012,경희대학교,행정학과(0016796),인문사회,216,2735200
2012,경희대학교,한국어학과(0018904),인문사회,216,2708900
2012,경희대학교,지리학과(0022917),인문사회,215,2212000
2012,경희대학교,스포츠의학과(0009036),의학,215,2963200
2012,경희대학교,한의예과(0009980),자연과학,214,1658900
2012,경희대학교,화학과(0022638),자연과학,213,2817700
2012,경희대학교,법학부(0010735),인문사회,282,2168500
2012,경희대학교,건축공학과(0004462),공학,283,2124400
2012,경희대학교,기악과(0008318),예체능,286,2224200
2012,경희대학교,경영학부(0015794),인문사회,1661,2261300
2012,경희대학교,전자・전파공학과(0004935),공학,1001,2402400
2012,경희대학교,기계공학과(0002375),공학,807,2642100
2012,경희대학교,관광학부(0017852),인문사회,761,2582700
2012,경희대학교,국제학과(0011808),인문사회,617,2496900
2012,경희대학교,Hospitality경영학부(0033018),인문사회,562,2522800
2012,경희대학교,한의학과(0009336),의학,434,2558000
2012,경희대학교,화학공학과(0001188),자연과학,427,3216000
2012,경희대학교,무역학과(0019772),인문사회,410,1963300
2012,경희대학교,언론정보학과(0016269),인문사회,396,2722000
2012,경희대학교,영어학부(0012212),인문사회,395,2732300
2012,경희대학교,컴퓨터공학과(0003286),공학,375,2034900
2012,경희대학교,산업경영공학과(0005681),인문사회,355,3061900
2012,경희대학교,간호학과(0009465),자연과학,350,3101500
2012,경희대학교,경제학과(0011681),인문사회,338,2426600
2012,경희대학교,체육학과(0007311),예체능,320,2938400
2012,경희대학교,중국어학과(0016400),인문사회,293,2233600
2012,경희대학교,국어국문학과(0019660),인문사회,292,2963400
2012,경희대학교,시각정보디자인학과(0007650),공학,211,3041400
2012,경희대학교,무용학부(0007478),예체능,117,1571600
2012,경희대학교,동서의과학과(0010106),자연과학,114,3748400
2012,경희대학교,응용물리학과(0021152),자연과학,111,2862600
2012,경희대학교,골프경영학과(0007314),인문사회,108,2118800
2012,경희대학교,한방재료가공학과(0010037),공학,105,2776000
2012,경희대학교,원예생명공학과(0022263),자연과학,103,3543400
2012,경희대학교,식물・환경신소재공학과(0002182),자연과학,101,2900200
2012,경희대학교,무용학부(0007512),예체능,95,2848700
2012,경희대학교,외식산업학과(0020910),공학,80,2090800
2012,경희대학교,조리과학과(0021777),자연과학,72,3073000
2012,경희대학교,컨벤션경영학과(0012514),인문사회,64,2396600
2012,경희대학교,작곡과(0008637),예체능,63,2246800
2012,경희대학교,골프산업학과(0008210),공학,56,2719600
2012,경희대학교,국제경영학부(0011767),인문사회,50,1212300
2012,경희대학교,전자정보학부(0001951),공학,48,592700
2012,경희대학교,토목건축공학부(0000637),공학,11,189100
2012,경희대학교,아동가족학과(0015144),인문사회,123,3522700
2012,경희대학교,약학과(2+4년제)(0009279),자연과학,129,2845000
2012,경희대학교,응용수학과(0022057),자연과학,162,2924000
2012,경희대학교,응용화학과(0020874),자연과학,205,2695000
2012,경희대학교,의류디자인학과(0008871),자연과학,196,2827800
2012,경희대학교,간호학과(0009162),자연과학,196,1932500
2012,경희대학교,물리학과(0021328),자연과학,191,2894400
2012,경희대학교,언론정보학부(0012351),인문사회,181,2418500
2012,경희대학교,식품영양학과(0021159),자연과학,177,2441400
2012,경희대학교,프랑스어학과(0019410),인문사회,174,2150900
2012,경희대학교,연극영화학과(0007456),자연과학,173,2472100
2012,경희대학교,한약학과(0009106),자연과학,172,2557300
2012,경희대학교,환경학및환경공학과(0021889),자연과학,167,2786700
2012,경희대학교,성악과(0008515),예체능,134,2432800
2012,경희대학교,주거환경학과(0021702),자연과학,140,2528400
2012,경희대학교,회계・세무학부(0041510),인문사회,147,2769600
2012,경희대학교,우주과학과(0021622),공학,150,2777600
2012,경희대학교,철학과(0018700),인문사회,152,2293500
2012,경희대학교,의상학과(0021175),자연과학,158,2285500
2012,경희대학교,러시아어학과(0014610),인문사회,158,2365700
2012,경희대학교,산업디자인학과(0008469),공학,213,2615900
2012,경희대학교,정치외교학과(0017332),인문사회,164,3414100
2012,경희대학교,무역학부(0017242),인문사회,166,1880800
2012,계명대학교,통계학과(0020513),자연과학,190,2493600
2012,계명대학교,영상애니메이션과(0006521),예체능,190,2823000
2012,계명대학교,산업디자인과(0006451),공학,191,2798200
2012,계명대학교,환경과학과(0020555),자연과학,195,2376300
2012,계명대학교,식품가공학과(0022377),자연과학,196,2865000
2012,계명대학교,신소재공학과(0003623),공학,196,2379900
2012,계명대학교,토목공학과(0001328),공학,196,2362500
2012,계명대학교,소비자정보학과(0023114),인문사회,198,2494600
2012,계명대학교,한국어문학과(0016053),인문사회,200,2654500
2012,계명대학교,화학과(0022789),자연과학,202,3245200
2012,계명대학교,화학공학과(0003751),자연과학,207,2777300
2012,계명대학교,한국문화정보학과(0015136),인문사회,209,3133500
2012,계명대학교,성악과(0006869),예체능,190,2639400
2012,계명대학교,경영공학과(0003814),인문사회,146,2409100
2012,계명대학교,문예창작학과(0012093),인문사회,149,2360800
2012,계명대학교,정치외교학과(0019186),인문사회,153,2532000
2012,계명대학교,국제통상학과(0020022),인문사회,155,2149700
2012,계명대학교,의예과(0009054),자연과학,160,2408200
2012,계명대학교,환경계획학과(0022660),자연과학,161,2398100
2012,계명대학교,스페인어중남미학과(0020050),인문사회,162,2919400
2012,계명대학교,전자무역학과(0019639),인문사회,163,2089300
2012,계명대학교,도시계획학과(0016827),인문사회,163,2125200
2012,계명대학교,텍스타일디자인학과(0007260),예체능,164,2722700
2012,계명대학교,화학시스템공학과(0000520),자연과학,172,2545900
2012,계명대학교,수학과(0021219),자연과학,173,2312600
2012,계명대학교,세무학과(0017480),인문사회,178,2470000
2012,계명대학교,게임모바일콘텐츠학과(0004277),예체능,181,5355700
2012,계명대학교,공예디자인과(0006356),예체능,155,2389500
2012,계명대학교,건축공학과(0001682),공학,212,2332600
2012,계명대학교,법학과(0019280),인문사회,284,2242600
2012,계명대학교,일본어문학과(0011047),인문사회,284,2360700
2012,계명대학교,광고홍보학과(0019079),인문사회,285,2579800
2012,계명대학교,경제금융학과(0016892),인문사회,301,2397900
2012,계명대학교,의학과(0009325),의학,309,2431100
2012,계명대학교,컴퓨터공학과(0003515),공학,406,2674300
2012,계명대학교,언론영상학과(0018222),인문사회,421,2465300
2012,계명대학교,호텔관광학과(0015081),인문사회,429,2489900
2012,계명대학교,경찰행정학과(0012969),인문사회,482,3172800
2012,계명대학교,회계학과(0013045),인문사회,487,2458600
2012,계명대학교,간호학과(0009679),자연과학,551,3336900
2012,계명대학교,영어영문학과(0018595),인문사회,628,2177700
2012,계명대학교,국제통상학과(0010487),인문사회,703,2482600
2012,계명대학교,기계자동차공학과(0002589),공학,739,2592500
2012,계명대학교,경영학과(0019666),인문사회,841,2836500
2012,계명대학교,약학과(0009229),자연과학,55,4932000
2012,계명대학교,사회복지학과(0016690),인문사회,282,3113100
2012,계명대학교,전자공학과(0001075),공학,278,3106200
2012,계명대학교,경영학과(0011589),인문사회,217,2304800
2012,계명대학교,패션디자인과(0008923),예체능,217,2873300
2012,계명대학교,체육학과(0008630),예체능,218,3721500
2012,계명대학교,사회체육학과(0006808),예체능,219,3414600
2012,계명대학교,문헌정보학과(0013837),인문사회,222,2626000
2012,계명대학교,식품영양학과(0022055),자연과학,229,2770600
2012,계명대학교,공중보건학과(0009178),자연과학,233,2562500
2012,계명대학교,심리학과(0019348),인문사회,234,2662000
2012,계명대학교,중국어문학과(0019611),인문사회,239,1858200
2012,계명대학교,일본학과(0011059),인문사회,248,2373600
2012,계명대학교,시각디자인과(0007742),예체능,252,2776100
2012,계명대학교,경영정보학과(0019141),인문사회,260,2213700
2012,계명대학교,행정학과(0019935),인문사회,263,2696400
2012,계명대학교,중국학과(0016075),인문사회,273,2625800
2012,계명대학교,회계학과(0014873),인문사회,143,2557300
2012,계명대학교,건축학대학(0002440),공학,10,2114300
2012,계명대학교,경영대학(0013102),인문사회,12,1277700
2012,계명대학교,행정학과(0011126),인문사회,19,2074000
2012,계명대학교,경영대학(0013998),인문사회,23,1189600
2012,계명대학교,전통건축학과(0003906),공학,31,3342800
2012,계명대학교,EMU경영학부(0011446),인문사회,32,5553400
2012,계명대학교,국어교육과(0013503),인문사회,34,3094500
2012,계명대학교,제약학과(0009552),자연과학,43,4436400
2012,계명대학교,중국학과(0011306),인문사회,47,2554500
2012,계명대학교,작곡과(0007041),예체능,115,2686100
2012,계명대학교,경영정보학과(0012935),인문사회,116,2118900
2012,계명대학교,법학과(0015195),인문사회,116,2552600
2012,계명대학교,무용학과(0006113),예체능,117,3007300
2012,계명대학교,사진영상디자인과(0006046),예체능,122,1855200
2012,계명대학교,건축학과(5)(0000040),공학,126,2643800
2012,계명대학교,중국어문학과(0016198),인문사회,128,2669100
2012,계명대학교,호텔관광학과(0014378),인문사회,129,2148100
2012,계명대학교,행정학과(0016169),인문사회,129,2975300
2012,계명대학교,경제금융학과(0017939),인문사회,135,2727400
2012,계명대학교,실내환경디자인학과(0020904),자연과학,135,2225500
2012,계명대학교,지구환경학과(0022516),자연과학,140,2247600
2012,계명대학교,경찰법학과(0015223),인문사회,142,2394800
2012,계명대학교,유럽학과(0012298),인문사회,110,2238700
2012,계명대학교,자율전공부 사회계열(0030437),인문사회,55,2859400
2012,계명대학교,간호학과(0009998),자연과학,71,1828400
2012,계명대학교,한문교육과(0019699),인문사회,73,2652400
2012,계명대학교,철학과(0019052),인문사회,76,2427800
2012,계명대학교,교육학과(0015512),인문사회,77,3083000
2012,계명대학교,윤리학과(0012375),인문사회,85,2213800
2012,계명대학교,영어교육과(0015167),인문사회,89,2502100
2012,계명대학교,일본학과(0017211),인문사회,105,2228800
2012,계명대학교,연극예술과(0008815),예체능,104,2745000
2012,계명대학교,러시아어문학과(0016764),인문사회,104,2558700
2012,계명대학교,독일어문학과(0015533),인문사회,102,2487300
2012,계명대학교,생태조경학과(0000881),공학,98,2467700
2012,계명대학교,유아교육과(0015040),인문사회,91,3290200
2012,고려대학교,법학과(0016126),인문사회,293,1345400
2012,고려대학교,통계학과(0022990),자연과학,282,2251400
2012,고려대학교,심리학과(0018142),인문사회,274,2679600
2012,고려대학교,간호학과(0009441),자연과학,274,3204500
2012,고려대학교,영어교육과(0020102),인문사회,259,2936100
2012,고려대학교,산업경영공학부(0004963),인문사회,259,3763700
2012,고려대학교,건축학과(0003209),공학,256,3210500
2012,고려대학교,신문방송학과(0018220),인문사회,252,0
2012,고려대학교,식품자원경제학과(0022689),인문사회,293,2990300
2012,고려대학교,의학과(0010072),의학,242,3236400
2012,고려대학교,국어국문학과(0010431),인문사회,230,2320400
2012,고려대학교,생명과학계열학부(0021883),자연과학,224,2852900
2012,고려대학교,중어중문학과(0016976),인문사회,217,3047500
2012,고려대학교,국어교육과(0012963),인문사회,217,2555700
2012,고려대학교,교육학과(0013606),인문사회,207,2948500
2012,고려대학교,임상병리학과(0009820),자연과학,198,2592500
2012,고려대학교,보건행정학과(0015305),인문사회,197,3366200
2012,고려대학교,서어서문학과(0011934),인문사회,196,2577300
2012,고려대학교,정치외교학과(0010854),인문사회,323,2616300
2012,고려대학교,환경생태공학부(0023391),자연과학,325,3088300
2012,고려대학교,경영학과(0010238),인문사회,1944,2467400
2012,고려대학교,전기전자전파공학부(0003056),공학,837,3089900
2012,고려대학교,기계공학부(0003311),공학,623,3388200
2012,고려대학교,신소재공학부(0001479),공학,604,3097000
2012,고려대학교,영어영문학과(0016982),인문사회,568,2651700
2012,고려대학교,컴퓨터・통신공학부(0032507),공학,540,3224500
2012,고려대학교,국제어문학부(0014330),인문사회,446,1903600
2012,고려대학교,화공생명공학과(0005915),자연과학,400,3249300
2012,고려대학교,경제학과(0016923),인문사회,374,3951900
2012,고려대학교,인문학부(0016691),인문사회,371,1935000
2012,고려대학교,행정학과(0019179),인문사회,365,2331500
2012,고려대학교,생명과학부(0022114),자연과학,343,3005400
2012,고려대학교,국제학부(0017510),인문사회,343,1647100
2012,고려대학교,건축사회환경공학부(0005295),자연과학,330,3040500
2012,고려대학교,체육교육과(0008540),인문사회,327,4755900
2012,고려대학교,수학과(0021735),자연과학,183,3275100
2012,고려대학교,기계공학과(0002465),공학,94,2055100
2012,고려대학교,언어학과(0017856),인문사회,93,2776200
2012,고려대학교,보건과학부(0009023),자연과학,88,1736100
2012,고려대학교,한문학과(0012841),인문사회,82,2917800
2012,고려대학교,건축・사회환경공학과(0045636),자연과학,82,3745100
2012,고려대학교,사이버국방학과(0000676),인문사회,60,7900900
2012,고려대학교,산업시스템정보공학과(0003021),공학,31,499600
2012,고려대학교,사회환경시스템공학과(0003633),자연과학,17,1676100
2012,고려대학교,컴퓨터학과(0004786),공학,12,1280100
2012,고려대학교,미술학부(0007906),예체능,10,1465500
2012,고려대학교,생명공학부(0003856),자연과학,411,2618900
2012,고려대학교,일어일문학과(0019546),인문사회,180,1987200
2012,고려대학교,물리치료학과(0009891),자연과학,178,2673500
2012,고려대학교,지리교육과(0011343),인문사회,167,2836200
2012,고려대학교,수학교육과(0021540),인문사회,157,3775800
2012,고려대학교,철학과(0014027),인문사회,152,2792800
2012,고려대학교,생체의공학과(0003795),공학,150,3059800
2012,고려대학교,가정교육과(0022096),인문사회,146,1941200
2012,고려대학교,환경보건학과(0022694),자연과학,143,2974700
2012,고려대학교,화학과(0023110),자연과학,140,2935300
2012,고려대학교,의예과(0009799),자연과학,138,4136200
2012,고려대학교,노어노문학과(0017711),인문사회,108,2735600
2012,고려대학교,식품영양학과(0022299),자연과학,108,2840000
2012,고려대학교,지구환경과학과(0021616),자연과학,110,3765500
2012,고려대학교,독어독문학과(0018647),인문사회,111,2878100
2012,고려대학교,역사교육과(0013526),인문사회,127,3760900
2012,고려대학교,디자인조형학부(0007764),예체능,131,2367700
2012,고려대학교,물리학과(0020743),자연과학,135,2261500
2012,고려대학교,컴퓨터교육과(0002275),인문사회,135,3206100
2012,고려대학교,불어불문학과(0017752),인문사회,136,2496900
2012,고려대학교(세종) _분교,신소재화학과(0022121),자연과학,225,2339600
2012,고려대학교(세종) _분교,경제학과(0011678),인문사회,228,2507200
2012,고려대학교(세종) _분교,디스플레이・반도체물리학과(0023718),자연과학,247,2132600
2012,고려대학교(세종) _분교,컴퓨터정보학과(0003506),공학,286,2405700
2012,고려대학교(세종) _분교,사회체육학과(0007775),예체능,321,2771100
2012,고려대학교(세종) _분교,중국학부(0016102),인문사회,336,2471200
2012,고려대학교(세종) _분교,공공행정학부(0011776),인문사회,353,2886200
2012,고려대학교(세종) _분교,영어영문학과(0013845),인문사회,402,2259900
2012,고려대학교(세종) _분교,전자및정보공학과(0005078),공학,465,1959300
2012,고려대학교(세종) _분교,경영학부(0018621),인문사회,759,2299700
2012,고려대학교(세종) _분교,사회체육학부(0006733),예체능,217,2750300
2012,고려대학교(세종) _분교,정보통계학과(0023125),자연과학,207,2146400
2012,고려대학교(세종) _분교,생명정보공학과(0021386),자연과학,194,2638300
2012,고려대학교(세종) _분교,약학과(0009338),자연과학,95,2367400
2012,고려대학교(세종) _분교,고고미술사학과(0019949),인문사회,82,3054000
2012,고려대학교(세종) _분교,독일문화정보학과(0018774),인문사회,41,2436800
2012,고려대학교(세종) _분교,전자및정보공학부(0003455),공학,102,1282900
2012,고려대학교(세종) _분교,정보과학부(0003270),공학,102,1545500
2012,고려대학교(세종) _분교,바이오시스템공학부(0022764),자연과학,109,2003100
2012,고려대학교(세종) _분교,어문학부(0015157),인문사회,177,1897200
2012,고려대학교(세종) _분교,미디어문예창작학과(0019540),인문사회,175,2524900
2012,고려대학교(세종) _분교,환경시스템공학과(0005926),자연과학,169,2712200
2012,고려대학교(세종) _분교,제어계측공학과(0000499),공학,252,1865800
2012,고려대학교(세종) _분교,경영정보학과(0011550),인문사회,148,2345900
2012,고려대학교(세종) _분교,정보수학과(0020844),자연과학,134,2455200
2012,고려대학교(세종) _분교,국어국문학과(0015854),인문사회,125,2737800
2012,고려대학교(세종) _분교,식품생명공학과(0003869),자연과학,117,2519700
2012,고신대학교,기악과(0008220),예체능,106,3399600
2012,고신대학교,환경보건전공(0021875),자연과학,112,3070400
2012,고신대학교,영어영문학과(0010898),인문사회,129,2914700
2012,고신대학교,재활학과(0117872),자연과학,140,3424700
2012,고신대학교,국제문화선교학과(0209273),인문사회,145,3397600
2012,고신대학교,식품영양학과(0022795),자연과학,148,3584400
2012,고신대학교,사회복지전공(0011939),인문사회,153,3760300
2012,고신대학교,의예과(0009517),자연과학,157,1891500
2012,고신대학교,교회음악과(0006338),예체능,169,4130700
2012,고신대학교,광고홍보학과(0017251),인문사회,170,2855700
2012,고신대학교,아동복지학과(0010994),인문사회,174,3271900
2012,고신대학교,기독교교육과(0015844),인문사회,179,3598100
2012,고신대학교,의료경영학과(0019249),인문사회,219,3038200
2012,고신대학교,의학과(0009567),의학,293,2413500
2012,고신대학교,간호학과(0010070),자연과학,390,3470600
2012,고신대학교,중국학과(0019636),인문사회,95,2488800
2012,고신대학교,생명과학전공(0022356),자연과학,91,3117600
2012,고신대학교,가정복지전공(0010455),인문사회,16,3474300
2012,고신대학교,피부미용전공(0006631),자연과학,18,2055500
2012,고신대학교,의예생물전공(0023139),자연과학,33,3417800
2012,고신대학교,컴퓨터영상선교학전공(0017971),공학,33,3377600
2012,고신대학교,중국학전공(0059988),인문사회,36,1109600
2012,고신대학교,시각디자인학부(0116786),예체능,38,2516300
2012,고신대학교,실내건축디자인전공(0007781),공학,39,4010900
2012,고신대학교,시각영상디자인전공(0006498),예체능,41,4054600
2012,고신대학교,국제문화선교학과(0016474),인문사회,42,4714500
2012,고신대학교,보건환경학부(0009034),자연과학,46,2488900
2012,고신대학교,영어영문학전공(0117238),인문사회,47,2604000
2012,고신대학교,국제문화선교학부(0114950),인문사회,54,3273300
2012,고신대학교,사회복지학과(0116231),인문사회,62,3864600
2012,고신대학교,화학신소재전공(0022629),자연과학,79,2740400
2012,고신대학교,유아교육과(0016116),인문사회,87,4293300
2012,공주교육대학교,초등영어교육과(심화과정)(0012489),인문사회,234,1582100
2012,공주교육대학교,초등수학교육과(심화과정)(0020090),인문사회,176,1752600
2012,공주교육대학교,초등교육학과(심화과정)(0015487),인문사회,168,1802600
2012,공주교육대학교,초등사회과교육과(심화과정)(0015447),인문사회,159,2018000
2012,공주교육대학교,초등국어교육과(심화과정)(0018548),인문사회,128,1632600
2012,공주교육대학교,초등음악교육과(심화과정)(0011235),인문사회,124,1720500
2012,공주교육대학교,초등과학교육과(심화과정)(0011200),인문사회,123,1815500
2012,공주교육대학교,초등미술교육과(심화과정)(0011215),인문사회,117,1381800
2012,공주교육대학교,초등윤리교육과(심화과정)(0018753),인문사회,113,1919400
2012,공주교육대학교,초등실과교육과(심화과정)(0015267),인문사회,112,1723600
2012,공주교육대학교,초등컴퓨터교육과(심화과정)(0015292),인문사회,105,1817300
2012,공주교육대학교,초등체육교육과(심화과정)(0012497),인문사회,104,1889800
2012,광신대학교,유아교육과(0020185),인문사회,76,3614200
2012,광신대학교,음악학과(0007762),예체능,71,4688800
2012,광신대학교,사회복지상담학과(0013316),인문사회,62,3681100
2012,광신대학교,국제한국어교원학과(0015038),인문사회,29,4398200
2012,광신대학교,실용음악학과(0008769),예체능,22,2484800
2012,광신대학교,일본학과(0019461),인문사회,10,503500
2012,광신대학교,중국학과(0017851),인문사회,12,1157500
2012,광신대학교,IT법무전공(0019189),인문사회,31,0
2012,광신대학교,과학기술법학과(0011824),인문사회,39,2378400
2012,광신대학교,생활체육학과(0007961),예체능,163,4692800
2012,광신대학교,건축공학과(0000152),공학,168,1730700
2012,광신대학교,전자물리학과(0022542),자연과학,170,2144600
2012,광신대학교,건축학과(0002128),공학,193,2269900
2012,광신대학교,수학과(0021770),자연과학,194,1773200
2012,광신대학교,정보제어공학과(0000290),공학,42,128900
2012,광신대학교,정보제어전공(0004265),공학,138,0
2012,광신대학교,법학부(0016272),인문사회,138,7844600
2012,광신대학교,문화교류전공(0019641),인문사회,136,0
2012,광신대학교,국제협력학부(0011813),인문사회,121,2613200
2012,광신대학교,영어영문학과(0013687),인문사회,105,2324200
2012,광신대학교,국어국문학과(0016915),인문사회,102,2235100
2012,광신대학교,국제법무전공(0017673),인문사회,86,0
2012,광신대학교,문화콘텐츠개발전공(0011877),인문사회,83,0
2012,광신대학교,영어학과(0010923),인문사회,75,1894400
2012,광신대학교,국제통상학과(0010490),인문사회,66,1084700
2012,광신대학교,동북아문화산업학부(0011498),인문사회,64,9952500
2012,광신대학교,전자바이오물리학과(0117970),자연과학,55,1682400
2012,광신대학교,국제학부(0114995),인문사회,53,2686000
2012,광신대학교,국어국문학부(0015372),인문사회,51,2281400
2012,광신대학교,화학과(0021686),자연과학,255,2085600
2012,광신대학교,행정학과(0017421),인문사회,258,1975000
2012,광신대학교,환경공학과(0000564),자연과학,154,1723100
2012,광신대학교,경영학부(0010292),인문사회,716,1998300
2012,광신대학교,전자공학과(0005366),공학,644,2279500
2012,광신대학교,컴퓨터소프트웨어학과(0003734),공학,534,2074400
2012,광신대학교,전자통신공학과(0001117),공학,510,1955300
2012,광신대학교,전기공학과(0002453),공학,500,1965000
2012,광신대학교,미디어영상학부(0011896),예체능,397,2324500
2012,광신대학교,일반법학전공(0017406),인문사회,384,0
2012,광신대학교,컴퓨터공학과(0002077),공학,378,1884800
2012,광신대학교,화학공학과(0000505),자연과학,363,2313100
2012,광신대학교,전자융합공학과(0004520),공학,325,2048400
2012,광신대학교,전자재료공학과(0002717),공학,309,2021000
2012,광신대학교,산업심리학과(0016004),인문사회,262,2186400
2012,광주과학기술원,기초교육학부(0015851),인문사회,212,6167700
2012,광주과학기술원,화학전공(0119246),자연과학,56,6244100
2012,광주과학기술원,생명과학전공(0021761),자연과학,42,3017200
2012,광주과학기술원,물리전공(0115643),자연과학,33,6107100
2012,광주과학기술원,전기전산전공(0004901),공학,25,2806100
2012,광주과학기술원,공학·응용과학전공 전기전산트랙(0204049),공학,23,3429900
2012,광주교육대학교,특수ㆍ통합교육과(심화전공)(0204052),인문사회,19,1903500
2012,광주교육대학교,컴퓨터교육과(심화전공)(0005591),인문사회,124,2466000
2012,광주교육대학교,윤리교육과(심화전공)(0019628),인문사회,133,2557200
2012,광주교육대학교,영어교육과(심화전공)(0018315),인문사회,132,2100500
2012,광주교육대학교,국어교육과(심화전공)(0011730),인문사회,130,2372300
2012,광주교육대학교,사회과교육과(심화전공)(0013438),인문사회,129,3003700
2012,광주교육대학교,교육학과(심화전공)(0014807),인문사회,129,2868000
2012,광주교육대학교,과학교육과(심화전공)(0022477),인문사회,129,2428700
2012,광주교육대학교,수학교육과(심화전공)(0021743),인문사회,127,2272200
2012,광주교육대학교,음악교육과(심화전공)(0008341),인문사회,126,2099800
2012,광주교육대학교,실과교육과(심화전공)(0023228),인문사회,126,2623900
2012,광주교육대학교,미술교육과(심화전공)(0006922),인문사회,126,2287200
2012,광주교육대학교,체육교육과(심화전공)(0008162),인문사회,125,2259000
2012,광주대학교,문예창작과(0018364),인문사회,134,2674100
2012,광주대학교,사진영상학과(0008143),예체능,145,1943900
2012,광주대학교,간호학과(0009520),자연과학,161,3356100
2012,광주대학교,보건의료관리학과(0009768),자연과학,168,2707800
2012,광주대학교,식품영양학과(0020762),자연과학,179,2727100
2012,광주대학교,문헌정보학과(0016405),인문사회,186,3336800
2012,광주대학교,언어심리치료학부(0011098),인문사회,203,3190700
2012,광주대학교,경영학과(0010224),인문사회,204,2341100
2012,광주대학교,유아교육과(0012300),인문사회,356,3290400
2012,광주대학교,경찰・법・행정학부(0039119),인문사회,523,2670500
2012,광주대학교,사회복지학부(0016208),인문사회,737,3368300
2012,광주대학교,세무경영학과(0016373),인문사회,130,3019100
2012,광주대학교,관광학부(0011507),인문사회,42,1914800
2012,광주대학교,소방방재학과(0004604),공학,32,2508700
2012,광주대학교,중국학과(0011305),인문사회,29,3214800
2012,광주대학교,외국어학부(0015413),인문사회,27,2215700
2012,광주대학교,중국어학과(0013847),인문사회,26,2613700
2012,광주대학교,글로벌경영학과(0014830),인문사회,25,3034000
2012,광주대학교,한국어교육과(0011270),인문사회,21,908900
2012,광주대학교,광통신공학과(0000086),공학,21,2505800
2012,광주대학교,광고이벤트학과(0016211),인문사회,21,1830600
2012,광주대학교,음악학부(0008931),예체능,15,2232000
2012,광주대학교,신문방송광고학부(0013302),인문사회,13,946100
2012,광주대학교,중국통상학과(0012548),인문사회,12,2243100
2012,광주대학교,광통신전자공학부(0000805),공학,12,827000
2012,광주대학교,부동산금융보험학과(0017889),인문사회,10,2875500
2012,광주대학교,관광학과(0017076),인문사회,45,2949400
2012,광주대학교,전기전자공학과(0001656),공학,122,2305500
2012,광주대학교,뷰티미용학과(0008691),예체능,122,2788200
2012,광주대학교,청소년상담ㆍ평생교육학과(0045946),인문사회,116,3253100
2012,광주대학교,의상디자인학과(0007169),자연과학,113,2846100
2012,광주대학교,호텔경영학과(0011164),인문사회,112,2383200
2012,광주대학교,소방행정학과(0019330),인문사회,112,2319500
2012,광주대학교,국방기술학부(0003493),인문사회,109,3899200
2012,광주대학교,물류유통경영학과(0016789),인문사회,106,2371100
2012,광주대학교,부동산금융학과(0015452),인문사회,103,2549600
2012,광주대학교,도시계획부동산학과(0019835),인문사회,99,2979300
2012,광주대학교,신문방송학과(0016033),인문사회,96,2404200
2012,광주대학교,건축학과(0000030),공학,95,2825300
2012,광주대학교,컴퓨터공학과(0005102),공학,93,2732200
2012,광주대학교,토목공학과(0001485),공학,92,2633700
2012,광주대학교,항공서비스학과(0016307),공학,91,2077400
2012,광주대학교,산업디자인학과(0008444),공학,91,2292400
2012,광주대학교,시각영상디자인학과(0007972),예체능,89,2900200
2012,광주대학교,건축공학과(0000845),공학,89,2343700
2012,광주대학교,일본어학과(0019584),인문사회,85,2783200
2012,광주대학교,영어영문학과(0014344),인문사회,85,2398100
2012,광주대학교,정보통신학과(0002500),공학,83,2277600
2012,광주대학교,공연예술무도학과(0006303),예체능,83,2826200
2012,광주대학교,대체의학과(0009810),의학,78,2836900
2012,광주대학교,주얼리디자인학과(0006644),예체능,77,2289100
2012,광주대학교,인테리어디자인학과(0008099),예체능,73,2593900
2012,광주대학교,관광경영학과(0012734),인문사회,71,2359300
2012,광주대학교,보건의료공학과(0003858),자연과학,63,2799500
2012,광주대학교,음악학과(0006569),예체능,128,2899600
2012,광주여자대학교,사회복지학과(0013929),인문사회,136,3140900
2012,광주여자대학교,물리치료학과(0009444),자연과학,142,2471200
2012,광주여자대학교,어린이영어교육학과(0013506),인문사회,145,3043700
2012,광주여자대학교,유아교육과(0016820),인문사회,162,2847000
2012,광주여자대학교,보건행정학과(0013208),인문사회,180,2973200
2012,광주여자대학교,경찰법학과(0011701),인문사회,207,2976900
2012,광주여자대학교,간호학과(0010046),자연과학,307,3252600
2012,광주여자대학교,항공서비스학과(0017701),공학,452,2211100
2012,광주여자대학교,미용과학과(0006055),예체능,635,2666800
2012,광주여자대학교,언어치료학과(0009320),인문사회,133,3311800
2012,광주여자대학교,초등특수교육과(0013330),인문사회,130,3470700
2012,광주여자대학교,식품영양학과(0020765),자연과학,119,2889600
2012,광주여자대학교,상담심리학과(0010787),인문사회,112,3292800
2012,광주여자대학교,실내디자인학과(0007192),예체능,104,3058200
2012,광주여자대학교,미술치료학과(0009510),예체능,101,3247400
2012,광주여자대학교,대체의학과(0009373),의학,91,2957500
2012,광주여자대학교,무용학과(0007706),예체능,82,3229500
2012,광주여자대학교,중등특수교육과(0011314),인문사회,78,3262100
2012,광주여자대학교,보건의료공학과(0002473),자연과학,68,2898700
2012,광주여자대학교,미술학과(0007294),예체능,113,2344100
2012,광주여자대학교,해양자원육성학과(0020608),자연과학,115,2467800
2012,광주여자대학교,수학과(0021947),자연과학,116,1975300
2012,광주여자대학교,중어중문학과(0012567),인문사회,118,1871800
2012,광주여자대학교,정보통계학과(0020869),자연과학,118,1918500
2012,광주여자대학교,대기환경과학과(0020242),자연과학,122,2053500
2012,광주여자대학교,신소재금속공학과(0001681),공학,122,2079800
2012,광주여자대학교,세라믹신소재공학과(0002172),공학,124,1929200
2012,광주여자대학교,해양분자생명공학과(0021439),자연과학,126,2319200
2012,광주여자대학교,공예조형디자인학과(0007315),예체능,129,2093500
2012,광주여자대학교,화학신소재학과(0020978),자연과학,134,2136100
2012,광주여자대학교,식품영양학과(0022449),자연과학,136,2410100
2012,광주여자대학교,생명화학공학과(0005135),자연과학,141,2104600
2012,광주여자대학교,영어영문학과(0018009),인문사회,142,2239800
2012,광주여자대학교,해양생물공학과(0023501),자연과학,112,2021400
2012,광주여자대학교,유아교육과(0011024),인문사회,79,1959900
2012,광주여자대학교,치의예과(0009258),자연과학,81,851600
2012,광주여자대학교,철학과(0012431),인문사회,86,1734300
2012,광주여자대학교,독어독문학과(0013586),인문사회,89,2273500
2012,광주여자대학교,물리학과(0023557),자연과학,90,1488800
2012,광주여자대학교,식품가공유통학과(0023191),인문사회,104,2225000
2012,광주여자대학교,일본학과(0018773),인문사회,109,1918300
2012,광주여자대학교,토목공학과(0002822),공학,142,2142900
2012,광주여자대학교,식물생명과학과(0022298),자연과학,147,2360200
2012,광주여자대학교,전자공학과(0002118),공학,351,1989600
2012,광주여자대학교,관광경영학과(0013862),인문사회,243,2033600
2012,광주여자대학교,무역학과(0018581),인문사회,191,2097900
2012,광주여자대학교,국제통상학과(0012879),인문사회,185,1983800
2012,광주여자대학교,경영학과(0015583),인문사회,184,2195600
2012,광주여자대학교,자치행정학과(0016679),인문사회,177,2512500
2012,광주여자대학교,산업정보경영공학과(0004732),인문사회,174,2114600
2012,광주여자대학교,체육학과(0007589),예체능,164,2665700
2012,광주여자대학교,국어국문학과(0017194),인문사회,160,2355800
2012,광주여자대학교,치의학과(0009443),의학,158,2438300
2012,광주여자대학교,회계학과(0016600),인문사회,158,2086400
2012,광주여자대학교,환경조경학과(0023553),자연과학,157,2177800
2012,광주여자대학교,법학과(0010734),인문사회,156,1827000
2012,광주여자대학교,도시계획부동산학과(0010480),인문사회,153,1956800
2012,광주여자대학교,경제학과(0017388),인문사회,150,1976600
2012,광주여자대학교,해양식품공학과(0021137),자연과학,150,2018000
2012,국립강릉원주대학교 _제2캠퍼스,간호학과(0009839),자연과학,321,2393700
2012,국립강릉원주대학교 _제2캠퍼스,음악과(0006195),예체능,193,1912000
2012,국립강릉원주대학교 _제2캠퍼스,유아교육과(0014544),인문사회,158,2057200
2012,국립강릉원주대학교 _제2캠퍼스,컴퓨터공학과(0005475),공학,157,2164300
2012,국립강릉원주대학교 _제2캠퍼스,전기공학과(0001010),공학,145,2182900
2012,국립강릉원주대학교 _제2캠퍼스,정보기술공학과(0000658),공학,138,2246200
2012,국립강릉원주대학교 _제2캠퍼스,정보통신공학과(0002401),공학,126,2144000
2012,국립강릉원주대학교 _제2캠퍼스,패션디자인학과(0007647),예체능,117,2100700
2012,국립강릉원주대학교 _제2캠퍼스,기계자동차공학부(0000793),공학,115,32900
2012,국립강릉원주대학교 _제2캠퍼스,기계자동차공학부(자동차공학전공)(0004344),공학,96,2880500
2012,국립강릉원주대학교 _제2캠퍼스,기계자동차공학부(정밀기계공학전공)(0003453),공학,93,3284400
2012,국립강릉원주대학교 _제2캠퍼스,기계자동차공학부(기계의용공학전공)(0004061),공학,92,2654100
2012,국립경국대학교,국어국문학과(0017947),인문사회,136,2503900
2012,국립경국대학교,환경공학과(0001549),자연과학,136,2356500
2012,국립경국대학교,식물의학과(0116814),의학,132,2374500
2012,국립경국대학교,식품생명공학과(0116843),자연과학,129,2369900
2012,국립경국대학교,한문학과(0016146),인문사회,128,2089700
2012,국립경국대학교,음악과(0050768),예체능,127,2703900
2012,국립경국대학교,유럽문화 ・ 관광학과(0035969),인문사회,124,1986300
2012,국립경국대학교,정보전자공학교육과(0003406),인문사회,122,2054500
2012,국립경국대학교,토목공학과(0003611),공학,121,2050200
2012,국립경국대학교,원예육종학과(0047303),자연과학,121,2728000
2012,국립경국대학교,기계교육과(0000750),인문사회,118,2400600
2012,국립경국대학교,미술학과(0034488),예체능,116,2225700
2012,국립경국대학교,물리학과(0022509),자연과학,114,2377300
2012,국립경국대학교,동양철학과(0018258),인문사회,112,2042700
2012,국립경국대학교,정보통계학과(0021449),자연과학,110,2393800
2012,국립경국대학교,정보과학교육과(0021120),인문사회,105,2377900
2012,국립경국대학교,수학교육과(0021123),인문사회,84,1854800
2012,국립경국대학교,영어교육과(0013915),인문사회,84,2180500
2012,국립경국대학교,윤리교육과(0017658),인문사회,66,2148200
2012,국립경국대학교,교육공학과(0015617),인문사회,66,2865900
2012,국립경국대학교,국어교육과(0018074),인문사회,23,2730500
2012,국립경국대학교,건축공학과(0000848),공학,138,2163600
2012,국립경국대학교,경제학과(0019116),인문사회,139,2076000
2012,국립경국대학교,경영학과(0010232),인문사회,210,2017700
2012,국립경국대학교,생활환경복지학과(0018146),자연과학,186,2794100
2012,국립경국대학교,회계학과(0016424),인문사회,174,1969100
2012,국립경국대학교,법학과(0014604),인문사회,169,2158300
2012,국립경국대학교,생명과학과(0022375),자연과학,168,2398400
2012,국립경국대학교,기계공학과(0005672),공학,168,2373900
2012,국립경국대학교,무역학과(0017158),인문사회,167,2098600
2012,국립경국대학교,식품영양학과(0022152),자연과학,164,2399900
2012,국립경국대학교,체육학과(0027003),예체능,162,2842500
2012,국립경국대학교,기계설계공학과(0004129),공학,158,2188100
2012,국립경국대학교,민속학과(0010612),인문사회,158,1942300
2012,국립경국대학교,의류학과(0021354),자연과학,156,2347900
2012,국립경국대학교,행정학과(0014992),인문사회,150,2031600
2012,국립경국대학교,지구환경과학과(0022628),자연과학,147,2375200
2012,국립경국대학교,컴퓨터공학과(0005412),공학,143,2688000
2012,국립경국대학교,응용화학과(0020875),자연과학,143,2614100
2012,국립경국대학교,기계자동차공학과(0000071),공학,142,2539700
2012,국립경국대학교,중어중문학과(0019239),인문사회,140,2312800
2012,국립경국대학교,정보통신공학과(0000301),공학,140,2854200
2012,국립경국대학교,전자공학과(0001076),공학,139,2283800
2012,국립경국대학교,응용신소재공학전공(0000723),공학,139,2931900
2012,국립경국대학교,금속신소재공학전공(0003148),공학,139,3109900
2012,국립공주대학교,산업유통학과(0015749),인문사회,114,2010100
2012,국립공주대학교,특수동물학과(0021689),인문사회,114,2087200
2012,국립공주대학교,불어불문학과(0015192),인문사회,115,2033000
2012,국립공주대학교,문헌정보교육과(0014934),인문사회,115,2350800
2012,국립공주대학교,제어계측공학전공(0001184),공학,118,2268200
2012,국립공주대학교,음악교육과(0008082),인문사회,120,1894400
2012,국립공주대학교,독어독문학과(0010525),인문사회,122,1910700
2012,국립공주대학교,화학공학전공(0001198),자연과학,122,3186000
2012,국립공주대학교,지질환경과학과(0021942),자연과학,136,1883500
2012,국립공주대학교,산업시스템공학과(0005114),공학,137,2204100
2012,국립공주대학교,환경공학과(0001777),자연과학,137,2151900
2012,국립공주대학교,화학과(0023318),자연과학,140,2009500
2012,국립공주대학교,산림자원학과(0020352),자연과학,140,2196700
2012,국립공주대학교,의류상품학과(0021756),자연과학,113,2245400
2012,국립공주대학교,공업화학전공(0002730),자연과학,112,2864900
2012,국립공주대학교,생산기계공학과(0000185),공학,92,472100
2012,국립공주대학교,물리교육과(0020295),인문사회,94,2062700
2012,국립공주대학교,생물교육과(0020697),인문사회,96,2436200
2012,국립공주대학교,문화재보존과학과(0019321),인문사회,98,2784000
2012,국립공주대학교,지리학과(0023527),인문사회,100,2502000
2012,국립공주대학교,국제통상학전공(0013618),인문사회,101,2833400
2012,국립공주대학교,한문교육과(0011297),인문사회,104,2025100
2012,국립공주대학교,기계자동차공학부(야간)(0001795),공학,105,1083400
2012,국립공주대학교,정보통신공학전공(0003198),공학,107,2527000
2012,국립공주대학교,신소재시스템공학전공(0003243),공학,108,2448600
2012,국립공주대학교,조경학과(0004262),공학,108,2115600
2012,국립공주대학교,미술교육과(0006032),인문사회,109,1453200
2012,국립공주대학교,경제학전공(0010361),인문사회,110,2677000
2012,국립공주대학교,산업경영공학과(0002735),인문사회,111,528100
2012,국립공주대학교,원예학과(0021471),자연과학,142,2601700
2012,국립공주대학교,건축학부 건축공학전공(0057567),공학,144,1909800
2012,국립공주대학교,산업디자인공학부(0002938),공학,168,2754300
2012,국립공주대학교,영어교육과(0014550),인문사회,168,1921500
2012,국립공주대학교,유아교육과(0016118),인문사회,168,2214500
2012,국립공주대학교,컴퓨터소프트웨어공학전공(0002399),공학,169,2362500
2012,국립공주대학교,컴퓨터공학전공(0005043),공학,172,2359700
2012,국립공주대학교,건축학부 건축학전공(0046538),공학,172,2120300
2012,국립공주대학교,전기전자제어공학부(0003595),공학,173,98400
2012,국립공주대학교,행정학과(0017782),인문사회,182,2199300
2012,국립공주대학교,기계자동차공학부(0005795),공학,186,55100
2012,국립공주대학교,국어교육과(0010401),인문사회,189,1728800
2012,국립공주대학교,전자공학나노정보공학전공(0000404),공학,190,2687200
2012,국립공주대학교,중어중문학과(0016114),인문사회,192,2002200
2012,국립공주대학교,전기공학전공(0005346),공학,206,2913100
2012,국립공주대학교,특수교육과(0016231),인문사회,216,2139200
2012,국립공주대학교,경영학과(0019508),인문사회,246,1845900
2012,국립공주대학교,간호학과(0009140),자연과학,311,2614400
2012,국립공주대학교,사회복지학과(0010664),인문사회,168,2555400
2012,국립공주대학교,기계설계공학전공(0001929),공학,145,2090500
2012,국립공주대학교,물리학과(0020740),자연과학,150,2158700
2012,국립공주대학교,보건관리학전공(0009025),자연과학,150,2173000
2012,국립공주대학교,기계시스템공학전공(0002542),공학,151,2460600
2012,국립공주대학교,토목환경공학전공(0002100),자연과학,152,1962300
2012,국립공주대학교,영상학과(0117215),예체능,156,2283800
2012,국립공주대학교,수학교육과(0021978),인문사회,156,2191800
2012,국립공주대학교,법학과(0016594),인문사회,157,2385500
2012,국립공주대학교,응용수학과(0021372),자연과학,157,2239900
2012,국립공주대학교,자동차공학전공(0001148),공학,157,2818100
2012,국립공주대학교,관광경영학전공(0017937),인문사회,160,2726600
2012,국립공주대학교,생명과학과(0020826),자연과학,161,2560300
2012,국립공주대학교,게임디자인학과(0007673),예체능,164,2212600
2012,국립공주대학교,관광영어통역학전공(0015883),인문사회,166,3166100
2012,국립공주대학교,기계공학전공(0005023),공학,166,3050300
2012,국립공주대학교,영어영문학과(0016159),인문사회,167,1806500
2012,국립공주대학교,윤리교육과(0014394),인문사회,91,2658000
2012,국립공주대학교,관광학부(0015205),인문사회,90,74600
2012,국립공주대학교,반도체공정공학과(0115783),공학,20,462000
2012,국립공주대학교,국제학부(0018203),인문사회,34,3319600
2012,국립공주대학교,만화애니메이션학부(0006315),예체능,41,54900
2012,국립공주대학교,지역개발학부(0020135),인문사회,42,0
2012,국립공주대학교,기술・가정교육과(0032650),인문사회,43,2226200
2012,국립공주대학교,반도체기계공학과(0000702),공학,50,327500
2012,국립공주대학교,도시및교통공학전공(0004714),인문사회,54,2868700
2012,국립공주대학교,컴퓨터공학부(0005920),공학,54,29800
2012,국립공주대학교,생물산업공학부(0021561),공학,54,134200
2012,국립공주대학교,소프트웨어응용공학과(0000703),공학,56,563100
2012,국립공주대학교,생물산업기계공학전공(0020702),공학,59,2928500
2012,국립공주대학교,지역사회개발학전공(0018313),인문사회,14,5115100
2012,국립공주대학교,산업공학과(0005679),공학,10,829300
2012,국립공주대학교,전기전자제어공학부(0117923),공학,11,1153200
2012,국립공주대학교,부동산학전공(0015006),인문사회,13,4747800
2012,국립공주대학교,국제금융공학전공(0017900),인문사회,13,5511000
2012,국립공주대학교,주얼리디자인전공(0007486),예체능,60,2205600
2012,국립공주대학교,화학공학부(0003707),자연과학,75,53700
2012,국립공주대학교,지구과학교육과(0020584),인문사회,77,2196700
2012,국립공주대학교,건설환경공학부(0000841),자연과학,77,115400
2012,국립공주대학교,부동산학과(0011870),인문사회,79,2008800
2012,국립공주대학교,식품영양학전공(0022095),자연과학,79,3451500
2012,국립공주대학교,상업정보교육과(0019632),인문사회,81,2642800
2012,국립공주대학교,신소재공학부(0001054),공학,82,269900
2012,국립공주대학교,일반사회교육과(0016374),인문사회,82,2500800
2012,국립공주대학교,화학교육과(0020971),인문사회,84,2423300
2012,국립공주대학교,지리교육과(0019670),인문사회,84,2503800
2012,국립공주대학교,생활체육지도학과(0006940),예체능,86,2666100
2012,국립공주대학교,역사교육과(0015240),인문사회,88,2072200
2012,국립공주대학교,컴퓨터교육과(0003240),인문사회,89,2122300
2012,국립공주대학교,무용학과(0008677),예체능,89,1986400
2012,국립공주대학교,체육교육과(0008258),인문사회,90,2861600
2012,국립공주대학교,환경교육과(0022740),인문사회,90,2310200
2012,국립공주대학교,지역건설공학전공(0001301),인문사회,75,2950700
2012,국립공주대학교,퍼니처디자인전공(0008964),예체능,60,2434800
2012,국립공주대학교,교육학과(0017978),인문사회,62,2214400
2012,국립공주대학교,조형디자인학부(0007807),예체능,62,18800
2012,국립공주대학교,세라믹디자인전공(0006798),공학,64,2535600
2012,국립공주대학교,간호학과(0009138),자연과학,65,1281800
2012,국립공주대학교,의료정보학과(0000333),공학,66,2709100
2012,국립공주대학교,애니메이션전공(0008517),예체능,67,1919400
2012,국립공주대학교,정보통신공학부(0003444),공학,68,0
2012,국립공주대학교,경제통상학부(0013409),인문사회,69,149300
2012,국립공주대학교,고분자공학전공(0001836),공학,69,3068300
2012,국립공주대학교,나노재료공학전공(0005557),공학,69,2981500
2012,국립공주대학교,보건행정학과(0012066),인문사회,74,2099000
2012,국립공주대학교,전기전자응용공학과(0001369),공학,74,551500
2012,국립군산대학교,무역학과(0016444),인문사회,148,2532600
2012,국립군산대학교,간호학과(0009871),자연과학,146,3154100
2012,국립군산대학교,법학과(0014799),인문사회,145,2152500
2012,국립군산대학교,음악과(0008892),예체능,141,2269200
2012,국립군산대학교,수산생명의학과(0021966),의학,139,2313300
2012,국립군산대학교,해양생물공학과(0022613),자연과학,138,1915900
2012,국립군산대학교,신소재공학과(0002116),공학,137,2796400
2012,국립군산대학교,식품생명공학과(0000188),자연과학,137,2683700
2012,국립군산대학교,체육학과(0007170),예체능,137,2936900
2012,국립군산대학교,국어국문학과(0019472),인문사회,126,2351600
2012,국립군산대학교,건축공학과(0000155),공학,124,2499600
2012,국립군산대학교,사회복지학과(0015608),인문사회,149,2812400
2012,국립군산대학교,식품영양학과(0021782),자연과학,152,2684100
2012,국립군산대학교,일어일문학과(0012722),인문사회,156,2428900
2012,국립군산대학교,영어영문학과(0018549),인문사회,160,2346700
2012,국립군산대학교,행정학과(0017872),인문사회,163,2361100
2012,국립군산대학교,전자공학과(0001082),공학,164,2521500
2012,국립군산대학교,산업디자인학과(0007349),공학,164,2632800
2012,국립군산대학교,정보통신공학과(0001691),공학,198,2280000
2012,국립군산대학교,회계학과(0014026),인문사회,200,2565700
2012,국립군산대학교,전기공학과(0004644),공학,221,2360200
2012,국립군산대학교,환경공학과(0004102),자연과학,249,2284600
2012,국립군산대학교,컴퓨터정보공학과(0001284),공학,253,2177400
2012,국립군산대학교,경영학부(0016498),인문사회,281,2434100
2012,국립군산대학교,토목공학과(0000642),공학,316,2345000
2012,국립군산대학교,기계자동차공학부(0005696),공학,446,2708200
2012,국립군산대학교,경제학과(0014469),인문사회,118,2419700
2012,국립군산대학교,경영회계학부(0010310),인문사회,13,83500
2012,국립군산대학교,해양공학과(0118983),자연과학,62,2021600
2012,국립군산대학교,세라믹콘텐츠디자인학과(0116563),공학,62,2769300
2012,국립군산대학교,해양건설공학과(0001886),자연과학,74,2524200
2012,국립군산대학교,해양학과(0021030),자연과학,80,2428100
2012,국립군산대학교,철학과(0019393),인문사회,81,1941000
2012,국립군산대학교,미디어문화학과(0115705),인문사회,85,2683300
2012,국립군산대학교,주거및실내계획학과(0022197),자연과학,90,2563700
2012,국립군산대학교,아동가족학과(0014438),인문사회,91,3002100
2012,국립군산대학교,의류학과(0021755),자연과학,97,2799400
2012,국립군산대학교,미술학과(0006040),예체능,105,2341700
2012,국립군산대학교,수학과(0023243),자연과학,107,1914900
2012,국립군산대학교,해양경찰학과(0019746),자연과학,107,2432300
2012,국립군산대학교,해양생명과학과(0118989),자연과학,117,2224000
2012,국립군산대학교,조선공학과(0003332),공학,117,2900400
2012,국립군산대학교,나노화학공학과(0003464),자연과학,117,2659500
2012,국립군산대학교,중어중문학과(0012566),인문사회,117,2264100
2012,국립군산대학교,동력기계시스템공학과(0003326),공학,116,2342600
2012,국립군산대학교,화학과(0020529),자연과학,115,2258500
2012,국립군산대학교,물리학과(0022780),자연과학,114,2164900
2012,국립군산대학교,해양생산학과(0023327),자연과학,113,2848600
2012,국립군산대학교,통계컴퓨터과학과(0022312),자연과학,112,2228900
2012,국립금오공과대학교,기계계열(0004902),공학,141,2719800
2012,국립금오공과대학교,기계설계공학과(0002582),공학,129,2709900
2012,국립금오공과대학교,소재디자인공학과(0003890),예체능,125,2559600
2012,국립금오공과대학교,기전공학과(0002677),공학,124,2319300
2012,국립금오공과대학교,기계시스템공학과(0004594),공학,124,2141900
2012,국립금오공과대학교,건축공학전공(0004126),공학,123,2085500
2012,국립금오공과대학교,소프트웨어공학전공(0003792),공학,120,1568400
2012,국립금오공과대학교,경영학과(0019238),인문사회,118,588900
2012,국립금오공과대학교,지능기계공학과(0000717),공학,117,1921900
2012,국립금오공과대학교,응용수학과(0021381),자연과학,155,1884800
2012,국립금오공과대학교,컴퓨터공학전공(0004261),공학,164,1865800
2012,국립금오공과대학교,정보나노소재공학전공(0001153),공학,171,1763800
2012,국립금오공과대학교,산업공학부(0000224),공학,176,2120400
2012,국립금오공과대학교,응용화학과(0020448),자연과학,196,2619900
2012,국립금오공과대학교,토목공학전공(0001345),공학,211,1841900
2012,국립금오공과대학교,컴퓨터소프트웨어공학과(0003066),공학,247,2594500
2012,국립금오공과대학교,경영학과(0010242),인문사회,252,2489200
2012,국립금오공과대학교,기계공학과(0001838),공학,254,2560600
2012,국립금오공과대학교,신소재시스템공학부(신)(0001348),공학,292,2703400
2012,국립금오공과대학교,컴퓨터공학과(0000531),공학,351,2486900
2012,국립금오공과대학교,기계공학부(0002577),공학,456,1688400
2012,국립금오공과대학교,전자공학부(0000407),공학,1184,2366000
2012,국립금오공과대학교,건축학전공(5년)(0005720),공학,109,1956100
2012,국립금오공과대학교,환경공학전공(0001533),자연과학,108,1561800
2012,국립금오공과대학교,고분자공학전공(0003539),공학,102,1929900
2012,국립금오공과대학교,디자인공학전공(0005479),예체능,13,2757500
2012,국립금오공과대학교,컴퓨터공학전공(0001894),공학,19,0
2012,국립금오공과대학교,컴퓨터IT학과(0118493),공학,19,1393600
2012,국립금오공과대학교,기계융합공학과(0119406),공학,20,844100
2012,국립금오공과대학교,에너지・화학공학전공(0036147),자연과학,20,3697500
2012,국립금오공과대학교,기계공학부(0003673),공학,26,70100
2012,국립금오공과대학교,시스템경영공학과(0119405),인문사회,27,706000
2012,국립금오공과대학교,나노바이오텍스타일공학전공(0003498),자연과학,44,1633800
2012,국립금오공과대학교,전자공학부(0004431),공학,46,61600
2012,국립금오공과대학교,산업시스템공학전공(0004459),공학,47,1161900
2012,국립금오공과대학교,토목환경공학부(0003784),자연과학,92,2143800
2012,국립금오공과대학교,산업시스템공학전공(0002046),공학,64,1656800
2012,국립금오공과대학교,고분자융합소재공학전공(0001406),공학,63,2298900
2012,국립금오공과대학교,정보나노소재공학전공(0004548),공학,63,1223200
2012,국립금오공과대학교,건축학부(0001810),공학,63,2268600
2012,국립금오공과대학교,나노구조재료공학전공(0004886),공학,52,2838200
2012,국립금오공과대학교,에너지기능재료공학전공(0003372),공학,51,2057800
2012,국립금오공과대학교,시스템경영공학전공(0003356),인문사회,51,2096200
2012,국립금오공과대학교,물리학전공(0023152),자연과학,49,1694000
2012,국립금오공과대학교,정보전자재료공학전공(0003312),공학,49,2779300
2012,국립목포대학교,토목공학과(0004030),공학,157,1994900
2012,국립목포대학교,사회복지학과(0016653),인문사회,155,2732100
2012,국립목포대학교,미술학과(0008490),예체능,153,2142700
2012,국립목포대학교,컴퓨터공학과(0004089),공학,150,2455900
2012,국립목포대학교,영어영문학과(0016248),인문사회,146,2175000
2012,국립목포대학교,정보통신공학과(0005830),공학,145,2210900
2012,국립목포대학교,음악과(0007678),예체능,143,1968900
2012,국립목포대학교,체육학과(0006989),예체능,140,2896900
2012,국립목포대학교,정보보호학과(0002780),공학,139,2734000
2012,국립목포대학교,중어중문학과(0019837),인문사회,137,1900200
2012,국립목포대학교,정보전자공학과(0002693),공학,137,2048800
2012,국립목포대학교,생명과학과(0021957),자연과학,158,2142500
2012,국립목포대학교,아동학과(0012285),인문사회,160,2664900
2012,국립목포대학교,식품영양학과(0020328),자연과학,164,2444600
2012,국립목포대학교,관광경영학과(0011840),인문사회,166,1962600
2012,국립목포대학교,조경학과(0001787),공학,170,2365500
2012,국립목포대학교,법학과(0010733),인문사회,180,1778400
2012,국립목포대학교,전기공학과(0003437),공학,180,2527900
2012,국립목포대학교,무역학과(0012080),인문사회,189,1770400
2012,국립목포대학교,행정학과(0013434),인문사회,191,1979000
2012,국립목포대학교,조선공학과(0004330),공학,209,2453000
2012,국립목포대학교,금융보험학과(0018583),인문사회,231,2154000
2012,국립목포대학교,경제학과(0010350),인문사회,237,2109400
2012,국립목포대학교,간호학과(0010073),자연과학,249,2741300
2012,국립목포대학교,경영학과(0019342),인문사회,292,1952600
2012,국립목포대학교,도시및지역개발학과(0017953),인문사회,135,2319100
2012,국립목포대학교,화학과(0119236),자연과학,133,2528700
2012,국립목포대학교,기계해양시스템공학과(0209141),자연과학,20,0
2012,국립목포대학교,윤리교육과(0019467),인문사회,36,3521900
2012,국립목포대학교,영어교육과(0018688),인문사회,48,2332600
2012,국립목포대학교,독일언어문화학과(0013978),인문사회,59,1772400
2012,국립목포대학교,수학교육과(0020393),인문사회,68,1920900
2012,국립목포대학교,환경교육과(0021131),인문사회,68,2069700
2012,국립목포대학교,문화인류학과(0017940),인문사회,72,2159300
2012,국립목포대학교,교육학과(0014769),인문사회,73,2680600
2012,국립목포대학교,해양시스템공학과(0004890),자연과학,76,2571400
2012,국립목포대학교,고고학과(0013910),인문사회,80,1862700
2012,국립목포대학교,물리학과(0023229),자연과학,96,1942200
2012,국립목포대학교,약학과(2+4학제)(0009603),자연과학,98,1669300
2012,국립목포대학교,정치언론홍보학과(0019422),인문사회,102,2544900
2012,국립목포대학교,건축학과(0000756),공학,131,2371200
2012,국립목포대학교,의류학과(0020891),자연과학,129,2021800
2012,국립목포대학교,국어국문학과(0016216),인문사회,129,1984100
2012,국립목포대학교,기계공학과(0000735),공학,128,2307800
2012,국립목포대학교,일어일문학과(0019451),인문사회,126,2089000
2012,국립목포대학교,건축공학과(0005347),공학,122,2053400
2012,국립목포대학교,전자상거래학과(0018108),공학,116,2294500
2012,국립목포대학교,신소재공학과(0004526),공학,114,2459700
2012,국립목포대학교,해양수산자원학과(0021060),자연과학,113,1681100
2012,국립목포대학교,원예과학과(0021611),자연과학,112,2175800
2012,국립목포대학교,환경공학과(0001256),자연과학,110,1823400
2012,국립목포해양대학교,국제해사수송과학부(0003730),인문사회,310,1905700
2012,국립목포해양대학교,전자공학과(0004519),공학,108,1948700
2012,국립목포해양대학교,조선해양공학과(0000525),자연과학,108,2274300
2012,국립목포해양대학교,해양시스템공학부(0002317),자연과학,106,2247100
2012,국립목포해양대학교,해양전자통신공학부(0002426),자연과학,102,2166600
2012,국립목포해양대학교,해양정보통신공학과(0034507),자연과학,96,2118100
2012,국립목포해양대학교,해양・플랜트건설공학과(0004300),자연과학,85,2233500
2012,국립목포해양대학교,해양컴퓨터공학과(0003557),자연과학,80,2061500
2012,국립목포해양대학교,환경생명공학과(0000589),자연과학,77,1821000
2012,국립부경대학교,기계시스템공학과(0003308),공학,220,1944300
2012,국립부경대학교,해양바이오신소재학과(0004181),자연과학,212,1980300
2012,국립부경대학교,신소재시스템공학과(0005583),공학,210,1883200
2012,국립부경대학교,금속공학과(0005616),공학,206,1895400
2012,국립부경대학교,안전공학과(0002255),공학,203,2025000
2012,국립부경대학교,건축공학과(0005499),공학,196,2143700
2012,국립부경대학교,국제통상학부(0016756),인문사회,193,255900
2012,국립부경대학교,국제무역물류학전공(0010462),인문사회,193,2323400
2012,국립부경대학교,신문방송학과(0015976),인문사회,191,1898000
2012,국립부경대학교,회계재무학전공(0011483),인문사회,188,2612700
2012,국립부경대학교,식품영양학과(0023453),자연과학,188,2124400
2012,국립부경대학교,화학과(0023580),자연과학,186,2076300
2012,국립부경대학교,해양공학과(0045139),자연과학,183,2281500
2012,국립부경대학교,정보통신공학과(0005178),공학,180,1837100
2012,국립부경대학교,일어일문학부(0012339),인문사회,177,761100
2012,국립부경대학교,환경공학과(0036129),자연과학,170,1776100
2012,국립부경대학교,응용수학과(0021311),자연과학,170,1984600
2012,국립부경대학교,통계학과(0021870),자연과학,169,2104300
2012,국립부경대학교,물리학과(0023003),자연과학,168,1680100
2012,국립부경대학교,해양스포츠학과(0007444),자연과학,164,2025100
2012,국립부경대학교,해양생산시스템관리학부(0002812),자연과학,220,1696500
2012,국립부경대학교,고분자공학과(0001606),공학,221,2081400
2012,국립부경대학교,공업화학과(0000824),자연과학,222,2087600
2012,국립부경대학교,경제학부(0013028),인문사회,594,1376200
2012,국립부경대학교,전자공학과(0005280),공학,570,1867800
2012,국립부경대학교,기계공학과(0003543),공학,536,1947000
2012,국립부경대학교,전기공학과(0000341),공학,454,1932800
2012,국립부경대학교,경영학전공(0010300),인문사회,432,2018100
2012,국립부경대학교,기계자동차공학과(0002000),공학,416,1612100
2012,국립부경대학교,법학과(0010726),인문사회,399,1661000
2012,국립부경대학교,영어영문학과(0014235),인문사회,396,1618100
2012,국립부경대학교,인쇄정보공학과(0004749),공학,371,1950800
2012,국립부경대학교,화학공학과(0002501),자연과학,356,2172300
2012,국립부경대학교,행정학과(0014533),인문사회,347,1798000
2012,국립부경대학교,토목공학과(0000641),공학,320,1700100
2012,국립부경대학교,경영학부(0019848),인문사회,294,129000
2012,국립부경대학교,재료공학과(0002076),공학,270,2096500
2012,국립부경대학교,해양산업경영학과(0012691),인문사회,267,1764700
2012,국립부경대학교,컴퓨터멀티미디어공학전공(0003193),공학,251,434900
2012,국립부경대학교,제어계측공학과(0001181),공학,250,1712600
2012,국립부경대학교,건축학과(0004940),공학,247,1725200
2012,국립부경대학교,조선해양시스템공학과(0042589),자연과학,240,2439900
2012,국립부경대학교,국제통상학전공(0019397),인문사회,163,1547900
2012,국립부경대학교,공간정보시스템공학과(0057977),공학,163,2341200
2012,국립부경대학교,유아교육과(0015036),인문사회,78,2020300
2012,국립부경대학교,관광경영학전공(0010537),인문사회,71,2183200
2012,국립부경대학교,일본학전공(0018632),인문사회,69,3036200
2012,국립부경대학교,경제학전공(0016343),인문사회,69,3633600
2012,국립부경대학교,중국학전공(0011312),인문사회,66,2684000
2012,국립부경대학교,영어전공(0016893),인문사회,53,549300
2012,국립부경대학교,발전기계전기시스템공학전공(0002617),공학,31,407600
2012,국립부경대학교,기계IT융합시스템공학전공(0115127),공학,26,213200
2012,국립부경대학교,해양경찰학전공(0019047),자연과학,26,4095400
2012,국립부경대학교,해양생산학전공(0022853),자연과학,22,3654300
2012,국립부경대학교,수해양산업교육과(0021696),인문사회,16,545100
2012,국립부경대학교,수해양산업교육과 어업공학전공(0053195),인문사회,13,2787000
2012,국립부경대학교,수해양산업교육과 식품공학전공(0033366),인문사회,13,3363500
2012,국립부경대학교,수해양산업교육과 기관공학전공(0048692),인문사회,10,2744100
2012,국립부경대학교,일본어문학전공(0018384),인문사회,82,2105000
2012,국립부경대학교,시스템경영공학부(0003776),인문사회,89,1700200
2012,국립부경대학교,유럽학전공(0017082),인문사회,90,2444400
2012,국립부경대학교,해양학과(0042726),자연과학,162,1744500
2012,국립부경대학교,컴퓨터공학과(0003924),공학,162,3250300
2012,국립부경대학교,시스템경영공학과(0004505),인문사회,161,1878000
2012,국립부경대학교,환경대기과학과(0050262),자연과학,157,2288400
2012,국립부경대학교,국제경영학전공(0015707),인문사회,149,2266000
2012,국립부경대학교,지구환경과학과(0032186),자연과학,148,1721200
2012,국립부경대학교,국어국문학과(0018618),인문사회,148,1845100
2012,국립부경대학교,간호학과(0009700),자연과학,142,2253700
2012,국립부경대학교,패션디자인학과(0008173),예체능,142,1556900
2012,국립부경대학교,국제지역학부(0018998),인문사회,139,108600
2012,국립부경대학교,공업디자인학과(0007461),예체능,107,1813200
2012,국립부경대학교,정치외교학과(0015001),인문사회,116,1771500
2012,국립부경대학교,시각디자인학과(0006127),예체능,123,1754900
2012,국립부경대학교,의공학과(0005076),공학,128,2423400
2012,국립부경대학교,수산생명의학과(0020365),의학,130,1951700
2012,국립순천대학교,영상디자인학과(0007703),예체능,110,2527900
2012,국립순천대학교,인문학부(사학전공)(0011386),인문사회,79,2390100
2012,국립순천대학교,국어교육과(0013159),인문사회,80,1831500
2012,국립순천대학교,간호학과(0009164),자연과학,81,2792600
2012,국립순천대학교,생물환경학과(0021043),자연과학,81,2293100
2012,국립순천대학교,컴퓨터교육과(0003610),인문사회,81,2467200
2012,국립순천대학교,기계우주항공공학부(0005383),공학,82,2358100
2012,국립순천대학교,식물의학과(0021186),의학,88,2154200
2012,국립순천대학교,영어교육과(0019832),인문사회,88,1851400
2012,국립순천대학교,사회교육과(0018210),인문사회,92,1847300
2012,국립순천대학교,약학과(2+4학제)(0009125),자연과학,94,2376800
2012,국립순천대학교,기계우주항공공학부(우주항공공학전공)(0003995),공학,96,2298300
2012,국립순천대학교,원예학과(0021762),자연과학,100,2550900
2012,국립순천대학교,산업기계공학과(0022922),공학,78,2114300
2012,국립순천대학교,수학교육과(0020389),인문사회,77,2211800
2012,국립순천대학교,농업교육과(0022464),인문사회,77,2262700
2012,국립순천대학교,화학교육과(0022194),인문사회,36,2531100
2012,국립순천대학교,물리교육과(0022517),인문사회,39,1661100
2012,국립순천대학교,인문학부(0010971),인문사회,50,2069500
2012,국립순천대학교,인문학부(철학전공)(0019538),인문사회,58,2422900
2012,국립순천대학교,환경교육과(0020989),인문사회,63,2202200
2012,국립순천대학교,사진예술학과(0007190),예체능,103,1489500
2012,국립순천대학교,고분자공학과(0002435),공학,108,2528000
2012,국립순천대학교,패션디자인학과(0006253),예체능,108,2571100
2012,국립순천대학교,정보통신공학과(0001490),공학,139,2334700
2012,국립순천대학교,화학공학과(0005129),자연과학,136,2479700
2012,국립순천대학교,전자공학과(0003893),공학,135,2273000
2012,국립순천대학교,기계우주항공공학부(기계공학전공)(0005236),공학,135,2485800
2012,국립순천대학교,미래전략신소재공학과(0005831),공학,131,2079800
2012,국립순천대학교,환경공학과(0002451),자연과학,129,1978000
2012,국립순천대학교,문예창작학과(0015574),인문사회,124,2115400
2012,국립순천대학교,컴퓨터공학과(0001214),공학,122,2521900
2012,국립순천대학교,사회체육학과(0008282),예체능,120,2606100
2012,국립순천대학교,농업경제학과(0017449),인문사회,115,2070200
2012,국립순천대학교,기초의.화학부(0028529),자연과학,113,2533900
2012,국립순천대학교,건축학부(0002140),공학,140,2083000
2012,국립순천대학교,조리과학과(0020548),자연과학,141,2494200
2012,국립순천대학교,사회복지학부(0016882),인문사회,254,2580100
2012,국립순천대학교,법학과(0012034),인문사회,257,2026300
2012,국립순천대학교,무역학과(0015191),인문사회,223,1879400
2012,국립순천대학교,경영학과(0015160),인문사회,199,1930500
2012,국립순천대학교,행정학과(0014975),인문사회,187,2175100
2012,국립순천대학교,중어중문학과(0016807),인문사회,176,1669700
2012,국립순천대학교,일본어일본문화학과(0019421),인문사회,173,1861100
2012,국립순천대학교,경제학과(0015355),인문사회,168,2028800
2012,국립순천대학교,식품영양학과(0023584),자연과학,159,2579500
2012,국립순천대학교,전기제어공학과(0001063),공학,157,2245800
2012,국립순천대학교,산림자원학과(0020354),자연과학,156,2190800
2012,국립순천대학교,회계학과(0014529),인문사회,151,2334000
2012,국립순천대학교,조경학과(0005823),공학,145,2336700
2012,국립순천대학교,만화애니메이션학과(0008305),예체능,144,2396800
2012,국립순천대학교,토목공학과(0004218),공학,141,2453200
2012,국립창원대학교,식품영양학과(0021941),자연과학,122,2147200
2012,국립창원대학교,철학과(0015654),인문사회,120,1852800
2012,국립창원대학교,경제학과(0011680),인문사회,117,1894600
2012,국립창원대학교,금융보험학과(0019272),인문사회,116,1786800
2012,국립창원대학교,건축학부(0000043),공학,113,0
2012,국립창원대학교,의류학과(0020890),자연과학,112,1497700
2012,국립창원대학교,국제무역학과(0020027),인문사회,110,1265300
2012,국립창원대학교,화학과(0020963),자연과학,104,1720800
2012,국립창원대학교,수학과(0021986),자연과학,104,1776000
2012,국립창원대학교,건축공학전공(0001713),공학,97,1763500
2012,국립창원대학교,행정학과(0012991),인문사회,96,1520600
2012,국립창원대학교,토목공학과(0001329),공학,155,1998800
2012,국립창원대학교,간호학과(0009685),자연과학,123,2633700
2012,국립창원대학교,신문방송학과(0013450),인문사회,124,2802900
2012,국립창원대학교,통계학과(0023460),자연과학,126,1781300
2012,국립창원대학교,체육학과(0006821),예체능,128,2890100
2012,국립창원대학교,일어일문학과(0018646),인문사회,129,2164100
2012,국립창원대학교,보건의과학과(0009694),자연과학,130,1870800
2012,국립창원대학교,세무학과(0010685),인문사회,131,2219500
2012,국립창원대학교,환경공학과(0001255),자연과학,131,1800900
2012,국립창원대학교,미술학과(0008714),예체능,139,1921500
2012,국립창원대학교,음악과(0006196),예체능,143,2029900
2012,국립창원대학교,국어국문학과(0014348),인문사회,145,1983000
2012,국립창원대학교,중국학과(0012553),인문사회,145,1705600
2012,국립창원대학교,불어불문학과(0017476),인문사회,94,2011000
2012,국립창원대학교,아동가족학과(0016170),인문사회,90,2990300
2012,국립창원대학교,독어독문학과(0015788),인문사회,89,2011800
2012,국립창원대학교,영어영문학과(0012192),인문사회,167,2401600
2012,국립창원대학교,산업디자인학과(0008500),공학,167,1865300
2012,국립창원대학교,행정학과(0013335),인문사회,167,2419000
2012,국립창원대학교,산업시스템공학과(0002054),공학,188,1920500
2012,국립창원대학교,국제관계학과(0010447),인문사회,207,2469900
2012,국립창원대학교,법학과(0013476),인문사회,207,1782600
2012,국립창원대학교,제어계측공학전공(0185828),공학,214,1909100
2012,국립창원대학교,전자공학전공(0185793),공학,223,2572800
2012,국립창원대학교,전기공학전공(0185799),공학,231,1979200
2012,국립창원대학교,회계학과(0016520),인문사회,233,2004100
2012,국립창원대학교,컴퓨터공학과(0005793),공학,275,1621900
2012,국립창원대학교,신소재공학부(0185826),공학,277,1868700
2012,국립창원대학교,국제무역학과(0014563),인문사회,290,1941100
2012,국립창원대학교,경영학과(0013170),인문사회,349,1964000
2012,국립창원대학교,기계공학부(0115143),공학,510,2259500
2012,국립창원대학교,가족복지학과(0114220),인문사회,30,2080800
2012,국립창원대학교,신산업경영학과(야)(0116899),인문사회,34,774000
2012,국립창원대학교,경제금융보험학부(0114597),인문사회,66,1499900
2012,국립창원대학교,건축학전공(0005267),공학,66,3287400
2012,국립창원대학교,기업정보학과(0011421),공학,72,221200
2012,국립창원대학교,물리학과(0020301),자연과학,78,1778300
2012,국립창원대학교,특수교육과(0014213),인문사회,78,2822100
2012,국립창원대학교,환경・화공시스템공학군(0051210),자연과학,78,1937500
2012,국립창원대학교,산업비즈니스학과(0015233),공학,79,274100
2012,국립창원대학교,유아교육과(0015746),인문사회,79,2082400
2012,국립창원대학교,무용학과(0006110),예체능,87,1596100
2012,국립창원대학교,조선해양공학과(0004982),자연과학,87,2013200
2012,국립창원대학교,정보통신공학과(0002155),공학,161,2101700
2012,국립한국교통대학교,전자공학과(0051459),공학,35,3246300
2012,국립한국교통대학교,산업디자인학과(0046199),공학,30,3217500
2012,국립한국교통대학교,유아특수교육학과(0013016),인문사회,28,2794100
2012,국립한국교통대학교,토목공학과(0058771),공학,28,1591400
2012,국립한국교통대학교,환경공학전공(0044845),자연과학,27,2769900
2012,국립한국교통대학교,중국어과(0013851),인문사회,23,2496200
2012,국립한국교통대학교,실용영어학과(0030832),인문사회,19,2891100
2012,국립한국교통대학교,환경시스템설계학전공(0034143),자연과학,16,2212600
2012,국립한국교통대학교,환경공학전공(0027362),자연과학,15,2324900
2012,국립한국교통대학교,바이오산업학과(0024994),자연과학,22,1834300
2012,국립한국교통대학교,영어영문학과(0018932),인문사회,140,2281300
2012,국립한국교통대학교,환경공학과(0056381),자연과학,47,2038200
2012,국립한국교통대학교,철도차량시스템공학과(0004495),공학,46,2482400
2012,국립한국교통대학교,문예창작학과(0030206),인문사회,45,2709300
2012,국립한국교통대학교,철도전기전자공학과(0004312),공학,44,2559700
2012,국립한국교통대학교,IT응용융합계약학과(0051505),자연과학,41,0
2012,국립한국교통대학교,전기공학과(0030571),공학,148,2184800
2012,국립한국교통대학교,전자공학과(0053553),공학,150,2211900
2012,국립한국교통대학교,건축공학과(0024435),공학,152,2210200
2012,국립한국교통대학교,사회복지학과(0018754),인문사회,154,2885600
2012,국립한국교통대학교,중국어과(0011284),인문사회,160,2099500
2012,국립한국교통대학교,컴퓨터정보공학과(0003964),공학,160,2212200
2012,국립한국교통대학교,물리치료학과(0046606),자연과학,163,2596000
2012,국립한국교통대학교,제어계측공학과(0027130),공학,170,2086800
2012,국립한국교통대학교,신소재공학과(0055930),공학,173,2421200
2012,국립한국교통대학교,경영학과(0053335),인문사회,178,2899300
2012,국립한국교통대학교,산업경영공학과(0025216),인문사회,181,2116600
2012,국립한국교통대학교,기계공학과(0052668),공학,184,2275900
2012,국립한국교통대학교,정보통신공학과(0044592),공학,188,2063700
2012,국립한국교통대학교,영어영문학과(0015332),인문사회,39,3406400
2012,국립한국교통대학교,간호학과(0055018),자연과학,288,2388400
2012,국립한국교통대학교,항공・기계설계학과(0056846),공학,207,2064100
2012,국립한국교통대학교,토목공학과(0051237),공학,206,1980200
2012,국립한국교통대학교,나노고분자공학과(0046626),공학,197,2257200
2012,국립한국교통대학교,컴퓨터공학과(0042094),공학,196,2048900
2012,국립한국교통대학교,행정학과(0044121),인문사회,190,2502200
2012,국립한국교통대학교,철도운전시스템공학과(0005124),공학,48,2498100
2012,국립한국교통대학교,스포츠산업학전공(0008029),공학,50,2972900
2012,국립한국교통대학교,안전공학과(0052364),공학,128,2457900
2012,국립한국교통대학교,유아교육학과(0019737),인문사회,114,2760500
2012,국립한국교통대학교,음악학과(0008822),예체능,112,2340900
2012,국립한국교통대학교,소프트웨어학과(0005369),공학,112,2321000
2012,국립한국교통대학교,행정정보학과(0031441),인문사회,109,2397500
2012,국립한국교통대학교,환경공학과(0027342),자연과학,99,2486700
2012,국립한국교통대학교,의료정보공학과(0059565),공학,93,2724600
2012,국립한국교통대학교,도시공학과(0053529),인문사회,93,2140600
2012,국립한국교통대학교,건축학과(0059069),공학,92,1933100
2012,국립한국교통대학교,경영정보학과(0023860),인문사회,89,2971200
2012,국립한국교통대학교,국제통상학과(0013189),인문사회,85,2700400
2012,국립한국교통대학교,항공운항학과(0004045),공학,84,2042300
2012,국립한국교통대학교,전기공학과(0034985),공학,74,2145700
2012,국립한국교통대학교,커뮤니케이션디자인전공(0008861),예체능,53,2548800
2012,국립한국교통대학교,생명공학과(0039959),자연과학,57,2406000
2012,국립한국교통대학교,산업디자인전공(0058303),공학,59,2736500
2012,국립한국교통대학교,철도경영물류학과(0018217),인문사회,60,2440000
2012,국립한국교통대학교,기계공학과(0040352),공학,60,2018800
2012,국립한국교통대학교,한국어문학과(0017816),인문사회,62,2314500
2012,국립한국교통대학교,식품영양학과(0043533),자연과학,64,2383200
2012,국립한국교통대학교,안전공학과(0026498),공학,64,2099300
2012,국립한국교통대학교,영어학과(0013306),인문사회,64,2086500
2012,국립한국교통대학교,항공서비스학과(0014371),공학,68,2385900
2012,국립한국교통대학교,철도시설공학과(0004961),인문사회,70,2328100
2012,국립한국해양대학교,전기전자공학부(0005413),공학,196,2116600
2012,국립한국해양대학교,국제통상학과(0016330),인문사회,212,2075800
2012,국립한국해양대학교,해사법학부(0018869),인문사회,216,2040200
2012,국립한국해양대학교,조선해양시스템공학부(0004653),자연과학,236,2643600
2012,국립한국해양대학교,해양환경・생명과학부(0036132),자연과학,246,1971500
2012,국립한국해양대학교,기계시스템공학전공(0000065),공학,246,2119700
2012,국립한국해양대학교,해운경영학부(0015418),인문사회,300,2150200
2012,국립한국해양대학교,국제무역경제학부(0019487),인문사회,360,2060100
2012,국립한국해양대학교,해양공간건축학과(0003006),자연과학,176,2388500
2012,국립한국해양대학교,조선기자재공학부(0003821),공학,168,2497200
2012,국립한국해양대학교,건축설계전공(0002753),공학,14,2260500
2012,국립한국해양대학교,해양공간건축학부(0003132),자연과학,20,365900
2012,국립한국해양대학교,해양군사학부(0204253),인문사회,64,737100
2012,국립한국해양대학교,선박전자기계공학부(0004468),공학,78,2318800
2012,국립한국해양대학교,해양체육학과(0006982),자연과학,92,2619000
2012,국립한국해양대학교,해양플랜트운영학과(0016766),자연과학,108,1851300
2012,국립한국해양대학교,환경공학과(0000565),자연과학,113,2486700
2012,국립한국해양대학교,해양행정학과(0012606),인문사회,115,2142600
2012,국립한국해양대학교,나노반도체공학과(0003431),공학,122,2282300
2012,국립한국해양대학교,데이터정보학과(0022615),공학,122,2335800
2012,국립한국해양대학교,해양경찰학과(0011355),자연과학,163,2030600
2012,국립한국해양대학교,해양공학과(0004599),자연과학,160,2468000
2012,국립한국해양대학교,전자통신공학과(0001118),공학,155,2224100
2012,국립한국해양대학교,경제산업학부(0114601),인문사회,147,168500
2012,국립한국해양대학교,컴퓨터정보공학전공(0001286),공학,145,1939700
2012,국립한국해양대학교,동아시아학과(0011500),인문사회,133,2136100
2012,국립한국해양대학교,영어영문학과(0020205),인문사회,132,1965800
2012,국립한국해양대학교,유럽학과(0015408),인문사회,125,1983300
2012,국립한밭대학교,전자·제어공학과(0204256),공학,42,674500
2012,국립한밭대학교,산업경영공학과(0002371),인문사회,42,1857700
2012,국립한밭대학교,일본어과(0012316),인문사회,42,2022900
2012,국립한밭대학교,화학생명공학과(0020547),자연과학,43,2384800
2012,국립한밭대학교,건축공학과(0003118),공학,44,1429200
2012,국립한밭대학교,건축학과(5년제)(0204258),공학,45,2150000
2012,국립한밭대학교,경제학과(0013261),인문사회,47,1809700
2012,국립한밭대학교,신소재공학과(0003471),공학,48,1841200
2012,국립한밭대학교,중국어과(0019619),인문사회,48,1910600
2012,국립한밭대학교,컴퓨터공학과(0005650),공학,50,2064200
2012,국립한밭대학교,시각디자인학과(0006493),예체능,51,2110600
2012,국립한밭대학교,영어영문학과(0117230),인문사회,52,1960100
2012,국립한밭대학교,전기공학과(0003581),공학,52,1878700
2012,국립한밭대학교,기계공학과(0000002),공학,42,1291300
2012,국립한밭대학교,도시공학과(0004614),인문사회,39,1749700
2012,국립한밭대학교,공업디자인학과(0008470),예체능,36,2135300
2012,국립한밭대학교,건설환경공학과(0114322),자연과학,20,1189200
2012,국립한밭대학교,기계공학과(0115131),공학,18,2153800
2012,국립한밭대학교,경영학과(0018120),인문사회,12,0
2012,국립한밭대학교,신소재공학과(0116901),공학,11,1750300
2012,국립한밭대학교,건축공학과(0114342),공학,10,3096700
2012,국립한밭대학교,경영회계학과(0114596),인문사회,10,2126800
2012,국립한밭대학교,공업디자인학과(0006822),예체능,53,1645000
2012,국립한밭대학교,컴퓨터공학과(0001222),공학,65,2282900
2012,국립한밭대학교,경제학과(0013680),인문사회,66,1719000
2012,국립한밭대학교,건축공학과(0003946),공학,67,1681400
2012,국립한밭대학교,중국어과(0011283),인문사회,67,1865600
2012,국립한밭대학교,산업경영공학과(0000914),인문사회,68,2412900
2012,국립한밭대학교,영어영문학과(0117231),인문사회,70,2064700
2012,국립한밭대학교,일본어과(0019531),인문사회,72,1889300
2012,국립한밭대학교,도시공학과(0002674),인문사회,74,1345200
2012,국립한밭대학교,경영회계학과(0016876),인문사회,112,2095100
2012,국립한밭대학교,경영회계학과(0013858),인문사회,129,1935300
2012,국립한밭대학교,건설환경공학과(0000140),자연과학,135,1593300
2012,국립한밭대학교,기계공학과(0005068),공학,160,1773300
2012,국립한밭대학교,협동조합금융학과(0015264),인문사회,55,611700
2012,국립한밭대학교,시각디자인학과(0008520),예체능,58,1995200
2012,국립한밭대학교,글로벌융합학부(인문사회계열)(0014239),인문사회,59,2306400
2012,국립한밭대학교,전기공학과(0002840),공학,62,1782800
2012,국립한밭대학교,건설환경공학과(0004172),자연과학,65,2029300
2012,국립한밭대학교,정보통신공학과(0000298),공학,194,1658000
2012,국립한밭대학교,신소재공학과(0004135),공학,175,2119600
2012,국립한밭대학교,화학생명공학과(0023334),자연과학,169,1929600
2012,국립한밭대학교,전자·제어공학과(0204257),공학,164,490700
2012,국민대학교,산림환경시스템학과(0023001),자연과학,199,3025900
2012,국민대학교,행정학과(0014547),인문사회,117,2436200
2012,국민대학교,언론학전공(0019344),인문사회,127,2833500
2012,국민대학교,중국학전공(0017965),인문사회,137,2256700
2012,국민대학교,건축학전공(0002081),공학,149,2437800
2012,국민대학교,광고학전공(0016918),인문사회,153,2225500
2012,국민대학교,의상디자인학과(0006166),자연과학,153,2610200
2012,국민대학교,경영정보전공(0011545),인문사회,156,3286200
2012,국민대학교,컴퓨터공학부(0004237),공학,156,2709800
2012,국민대학교,행정정책학부(0011111),인문사회,156,2353800
2012,국민대학교,체육학부(0008906),예체능,158,3172100
2012,국민대학교,기계자동차공학전공(0004880),공학,171,2038100
2012,국민대학교,일본학전공(0012861),인문사회,116,2431800
2012,국민대학교,도자공예학과(0007790),예체능,112,2270700
2012,국민대학교,무용전공(0007727),예체능,108,2481500
2012,국민대학교,정보시스템전공(0003974),공학,64,4380100
2012,국민대학교,경제학전공(0014706),인문사회,74,1506500
2012,국민대학교,행정학전공(0015831),인문사회,77,3228700
2012,국민대학교,입체미술전공(0007054),예체능,78,2562100
2012,국민대학교,건축학전공(0003458),공학,80,2176600
2012,국민대학교,체육학전공(0008977),예체능,82,4063900
2012,국민대학교,건축학부(0004318),공학,90,2355400
2012,국민대학교,기업경영학부(0013439),인문사회,94,4160000
2012,국민대학교,성악전공(0006075),예체능,97,2859600
2012,국민대학교,영상디자인학과(0006519),예체능,98,2297900
2012,국민대학교,러시아학전공(0019889),인문사회,99,2375100
2012,국민대학교,스포츠경영학전공(0008972),인문사회,100,4523600
2012,국민대학교,국제학부(0016186),인문사회,101,1903700
2012,국민대학교,금속공예학과(0007639),공학,104,2653700
2012,국민대학교,실내디자인학과(0006176),예체능,179,2644600
2012,국민대학교,언론정보학부(0012788),인문사회,181,2483400
2012,국민대학교,컴퓨터공학전공(0000556),공학,268,3185400
2012,국민대학교,공법학전공(0010468),인문사회,277,2667900
2012,국민대학교,전자공학부(0005738),공학,288,2853400
2012,국민대학교,법학부(0017975),인문사회,311,2085400
2012,국민대학교,국어국문학과(0018966),인문사회,329,2692300
2012,국민대학교,정치외교학과(0016989),인문사회,333,2620400
2012,국민대학교,신소재공학전공(0001832),공학,346,3369300
2012,국민대학교,국제통상학과(0018509),인문사회,358,2632800
2012,국민대학교,경제학과(0020183),인문사회,365,2756700
2012,국민대학교,영어영문학과(0010902),인문사회,462,2288300
2012,국민대학교,자동차공학과(0005438),공학,516,3363100
2012,국민대학교,전자공학전공(0001436),공학,535,3027900
2012,국민대학교,경영학부(0011631),인문사회,657,1988000
2012,국민대학교,경영학전공(0015823),인문사회,722,2792800
2012,국민대학교,경영정보학부(0014718),인문사회,267,1974500
2012,국민대학교,수학과(0023289),자연과학,265,2813100
2012,국민대학교,생명나노화학과(0021572),자연과학,246,2842100
2012,국민대학교,신소재공학부(0000362),공학,184,2793800
2012,국민대학교,공업디자인학과(0006348),예체능,188,2745500
2012,국민대학교,연극영화전공(0008599),예체능,190,3608200
2012,국민대학교,교육학과(0013277),인문사회,191,2626600
2012,국민대학교,기계시스템공학전공(0000789),공학,193,3610200
2012,국민대학교,임산생명공학과(0021662),자연과학,196,3039500
2012,국민대학교,식품영양학과(0022784),자연과학,202,2793500
2012,국민대학교,나노전자물리학과(0021221),자연과학,204,2581200
2012,국민대학교,시각디자인학과(0008848),예체능,207,2203100
2012,국민대학교,기업경영전공(0012671),인문사회,223,2144800
2012,국민대학교,기계시스템공학부(0000788),공학,225,2838500
2012,국민대학교,사법학전공(0017306),인문사회,225,2568500
2012,국민대학교,중어중문학과(0015389),인문사회,242,2418300
2012,국민대학교,작곡전공(0008090),예체능,60,2334600
2012,국민대학교,법무학과(0016388),인문사회,47,4134500
2012,국민대학교,전자상거래전공(0002978),공학,10,2936200
2012,국민대학교,행정학전공(0119038),인문사회,22,130700
2012,국민대학교,경영학전공(0014512),인문사회,31,1544100
2012,국민대학교,국제통상학전공(0020203),인문사회,46,1017300
2012,극동대학교,중국통상법학과(0018553),인문사회,45,3613700
2012,극동대학교,환경디자인학과(0007501),자연과학,47,3561900
2012,극동대학교,간호학과(0009958),자연과학,304,4356200
2012,극동대학교,사회복지학과(0013523),인문사회,267,4004900
2012,극동대학교,호텔외식경영학과(0018473),인문사회,197,3371900
2012,극동대학교,항공운항서비스학과(0012596),공학,144,3543100
2012,극동대학교,법경찰학부(0018655),인문사회,139,3449800
2012,극동대학교,언론홍보학과(0012364),인문사회,128,4258800
2012,극동대학교,산업디자인학과(0007569),공학,44,3295700
2012,극동대학교,중국항공운항서비스학과(0118210),인문사회,38,4143100
2012,극동대학교,연기전공(0185911),공학,31,5840300
2012,극동대학교,사이버안보학과(0116131),인문사회,27,4795900
2012,극동대학교,관광레져경영전공(0185873),인문사회,24,3708100
2012,극동대학교,반도체장비학과(0115786),공학,24,3451900
2012,극동대학교,호텔경영전공(0185944),인문사회,19,3119300
2012,극동대학교,만화・애니메이션전공(0185881),예체능,19,9624200
2012,극동대학교,특수영상전공(0185937),인문사회,18,3443900
2012,극동대학교,일본어학과(0017957),인문사회,127,3682100
2012,극동대학교,영상제작학과(0006527),예체능,94,4360900
2012,극동대학교,영어학과(0018605),인문사회,93,2836400
2012,극동대학교,경영학부(0019942),인문사회,92,3316100
2012,극동대학교,만화애니메이션학과(0008857),예체능,88,3016200
2012,극동대학교,도시부동산학과(0014118),인문사회,85,2047100
2012,극동대학교,중등특수교육학과(0013720),인문사회,84,4540200
2012,극동대학교,초등특수교육학과(0019305),인문사회,81,3727400
2012,극동대학교,중국어학과(0012540),인문사회,81,3213200
2012,극동대학교,항공운항학과(0003495),공학,75,5355300
2012,극동대학교,정보경영학과(0011092),인문사회,71,3550300
2012,극동대학교,항공정비학과(0002547),공학,65,4990600
2012,극동대학교,경찰행정학과(0012745),인문사회,61,3753200
2012,극동대학교,광고컨텐츠디자인학과(0007271),인문사회,55,3645200
2012,극동대학교,안경광학과(0009224),공학,121,4135900
2012,극동대학교,연극연기학과(0008439),예체능,113,3822200
2012,극동대학교,사회체육학과(0007946),예체능,113,4695500
2012,극동대학교,디자인학부(0008725),예체능,112,4507400
2012,극동대학교,임상병리학과(0009076),자연과학,105,4350100
2012,극동대학교,시각디자인학과(0007745),예체능,47,3935800
2012,극동대학교,글로벌경영학과(0013842),인문사회,103,3362000
2012,극동대학교,관광경영학과(0019637),인문사회,96,3573300
2012,극동대학교,일본어통번역학과(0014377),인문사회,21,8360300
2012,극동대학교,중국어통번역학과(0012534),인문사회,23,7160800
2012,극동대학교,영어통번역학과(0018436),인문사회,24,8301100
2012,극동대학교,국제통상학과(0013827),인문사회,28,10112400
2012,극동대학교,회계학과(0017759),인문사회,30,8579700
2012,극동대학교,통상통역학전공(영어.일어.중어)(0046657),인문사회,55,8039400
2012,극동대학교,사회복지학과(0017404),인문사회,56,8705000
2012,극동대학교,행정학과(0013469),인문사회,107,7938700
2012,김천대학교,뷰티케어학과(0006027),예체능,13,2696800
2012,김천대학교,사회복지선교학과(0017073),인문사회,38,4996900
2012,김천대학교,항공관광호텔경영학과(0118934),인문사회,39,1701100
2012,김천대학교,국제호텔관광경영학과(0016086),인문사회,47,2493100
2012,김천대학교,호텔관광경영학과(0017948),인문사회,48,2129100
2012,김천대학교,영어학과(0017988),인문사회,66,2807200
2012,김천대학교,상담심리학과(0018312),인문사회,67,2364800
2012,김천대학교,보건건강관리학과(0009116),자연과학,67,2108400
2012,김천대학교,음악학과(0008901),예체능,72,2356300
2012,김천대학교,경찰행정학과(0014151),인문사회,86,1930800
2012,김천대학교,언어치료학과(0009665),인문사회,96,2540400
2012,김천대학교,유아교육과(0014672),인문사회,114,2274600
2012,김천대학교,식품영양학과(0022369),자연과학,115,2320800
2012,김천대학교,한방재활학과(0009272),자연과학,116,1711700
2012,김천대학교,의료경영학과(0014911),인문사회,118,1827600
2012,김천대학교,사회복지학과(0016822),인문사회,140,2232200
2012,김천대학교,안경광학과(0009067),공학,153,1496900
2012,김천대학교,간호학과(0009757),자연과학,199,2238500
2012,김천대학교,물리치료학과(0009617),자연과학,221,2122400
2012,김천대학교,임상병리학과(0009238),자연과학,307,1762400
2012,김천대학교,호텔조리외식경영학과(0119191),인문사회,34,2172700
2012,김천대학교,병원의료행정학과(0009558),인문사회,29,1950100
2012,김천대학교,상담심리복지학과(0018297),인문사회,33,1739500
2012,김천대학교,호텔외식산업학과(0011226),공학,31,3012600
2012,김천대학교,재활언어치료학과(0009319),인문사회,30,2042800
2012,김천대학교,음악목회학전공(0012376),예체능,73,3211200
2012,김천대학교,사회복지학부(0011977),인문사회,21,0
2012,김천대학교,캐릭터디자인학부(0008148),예체능,22,1554500
2012,김천대학교,플라워디자인학전공(0022767),예체능,33,2167300
2012,김천대학교,유니버설캐릭터디자인학전공(0007280),예체능,34,3607100
2012,김천대학교,실용음악전공(0007148),예체능,58,3410800
2012,김천대학교,방송콘텐츠학부(0011363),인문사회,62,988300
2012,김천대학교,물리치료학과(0009346),자연과학,66,2632700
2012,김천대학교,임상병리학과(0009078),자연과학,71,2727100
2012,김천대학교,플라워조경디자인학과(0020609),공학,123,1970700
2012,김천대학교,기독교교육학전공(0019399),인문사회,76,3242500
2012,김천대학교,재활자립학과(0016365),자연과학,76,1667200
2012,김천대학교,국제경영학과(0010443),인문사회,93,5493900
2012,김천대학교,점자문헌정보학과(0014560),인문사회,94,3320500
2012,김천대학교,특수체육학과(0008535),인문사회,105,3477200
2012,김천대학교,방송미디어학전공(0015714),인문사회,108,2884500
2012,김천대학교,토이캐릭터디자인학전공(0006927),예체능,110,2691900
2012,김천대학교,도시환경조경학전공(0005158),인문사회,15,961300
2012,김천대학교,언어치료학과(0010093),인문사회,14,0
2012,김천대학교,사회복지학부(0016627),인문사회,490,3236000
2012,김천대학교,인간재활학과(0009353),자연과학,274,0
2012,김천대학교,언어치료학과(0009458),인문사회,263,3007900
2012,김천대학교,경영학과(0016066),인문사회,215,2535500
2012,김천대학교,아동학과(0017034),인문사회,208,2326600
2012,김천대학교,호텔관광경영학과(0011172),인문사회,185,2806200
2012,김천대학교,심리재활학과(0009732),인문사회,180,3036300
2012,김천대학교,유아특수교육과(0015118),인문사회,177,2255800
2012,김천대학교,경찰행정학과(0015449),인문사회,172,2516400
2012,김천대학교,특수교육과(0016141),인문사회,169,2492200
2012,김천대학교,비서행정학과(0015393),인문사회,166,2724700
2012,김천대학교,간호학과(0009571),자연과학,161,2394700
2012,김천대학교,영어학과(0015502),인문사회,157,2293100
2012,김천대학교,중국학과(0017200),인문사회,145,2494700
2012,김천대학교,정보통신학과(0002341),공학,141,2033400
2012,김천대학교,재활공학과(0009588),자연과학,134,979500
2012,김천대학교,중등특수교육과(0013661),인문사회,127,2869800
2012,김천대학교,부동산학과(0019985),인문사회,123,2129700
2012,남부대학교,언어치료청각학과(0009605),인문사회,110,3467400
2012,남부대학교,식품영양학과(0023177),자연과학,110,3595400
2012,남부대학교,컴퓨터전기정보학과(0005235),공학,105,4545000
2012,남부대학교,대체의학과(0010056),의학,98,3811600
2012,남부대학교,자동차기계공학과(0005212),공학,96,3396500
2012,남부대학교,음악학과(0006935),예체능,95,4431500
2012,남부대학교,의료공학과(계약학과)(0000675),자연과학,49,1845600
2012,남부대학교,유아특수교육과(0012353),인문사회,51,2918500
2012,남부대학교,디자인학과(0005960),예체능,81,4270600
2012,남부대학교,초등특수교육과(0019096),인문사회,86,2643100
2012,남부대학교,유아교육과(0011021),인문사회,137,2555500
2012,남부대학교,간호학과(0009466),자연과학,460,2839200
2012,남부대학교,경찰행정학과(0017107),인문사회,220,2684100
2012,남부대학교,향장미용학과(0020938),예체능,185,3475700
2012,남부대학교,물리치료학과(0009007),자연과학,170,2513400
2012,남부대학교,사회복지학과(0010656),인문사회,154,2880900
2012,남서울대학교,아동복지학과(0016714),인문사회,50,0
2012,남서울대학교,경영학과(0012888),인문사회,43,0
2012,남서울대학교,스포츠산업정보학과(0116748),공학,11,227300
2012,남서울대학교,복지경영학과(0012661),인문사회,11,91000
2012,남서울대학교,영어과(0013274),인문사회,127,3533800
2012,남서울대학교,아동복지학과(0019913),인문사회,188,4307400
2012,남서울대학교,보건행정학과(0012062),인문사회,159,4000000
2012,남서울대학교,관광경영학과(0019556),인문사회,151,4730700
2012,남서울대학교,국제통상학과(0016663),인문사회,150,3804700
2012,남서울대학교,시각정보디자인학과(0006143),공학,148,4007100
2012,남서울대학교,국제유통학과(0014280),인문사회,140,3230500
2012,남서울대학교,광고홍보학과(0013322),인문사회,148,3829000
2012,남서울대학교,사회복지학과(0019078),인문사회,145,4142200
2012,남서울대학교,물리치료학과(0010055),자연과학,55,4917700
2012,남서울대학교,임상병리학과(0009307),자연과학,59,3255700
2012,남서울대학교,중국학과(0011303),인문사회,129,3567600
2012,남서울대학교,산업경영공학과(0004287),인문사회,131,3480200
2012,남서울대학교,컴퓨터학과(0003551),공학,133,3145600
2012,남서울대학교,호텔경영학과(0014521),인문사회,137,3709400
2012,남서울대학교,애니메이션학과(0008652),예체능,137,4049400
2012,남서울대학교,환경조형학과(0006721),자연과학,138,3346200
2012,남서울대학교,스포츠경영학과(0008582),인문사회,127,4220000
2012,남서울대학교,정보통신공학과(0000978),공학,122,3532100
2012,남서울대학교,경영학과(0015491),인문사회,121,4825400
2012,남서울대학교,전자공학과(0000380),공학,113,3441700
2012,남서울대학교,일본어과(0018244),인문사회,113,3093200
2012,남서울대학교,부동산학과(0012933),인문사회,106,2747600
2012,남서울대학교,간호학과(0009137),자연과학,81,4164300
2012,남서울대학교,건축공학과(0005560),공학,75,3269500
2012,남서울대학교,건축학과(5)(0005274),공학,73,3528800
2012,남서울대학교,세무학과(0015106),인문사회,141,3906000
2012,남서울대학교(산업대),경영학과(0036410),인문사회,212,5054000
2012,남서울대학교(산업대),전자공학과(0033126),공학,208,3904100
2012,남서울대학교(산업대),컴퓨터학과(0034777),공학,207,3674400
2012,남서울대학교(산업대),애니메이션학과(0044479),예체능,198,3926200
2012,남서울대학교(산업대),정보통신공학과(0037073),공학,193,3810700
2012,남서울대학교(산업대),일본어과(0037516),인문사회,182,4086100
2012,남서울대학교(산업대),호텔경영학과(0036381),인문사회,222,3660600
2012,남서울대학교(산업대),스포츠경영학과(0053135),인문사회,226,4546900
2012,남서울대학교(산업대),관광경영학과(0041496),인문사회,233,4206300
2012,남서울대학교(산업대),시각정보디자인학과(0035750),공학,239,0
2012,남서울대학교(산업대),국제통상학과(0058483),인문사회,240,4150600
2012,남서울대학교(산업대),보건행정학과(0035849),인문사회,244,4073000
2012,남서울대학교(산업대),세무학과(0038028),인문사회,246,3730100
2012,남서울대학교(산업대),사회복지학과(0053462),인문사회,249,4173300
2012,남서울대학교(산업대),유통학과(0049149),인문사회,253,3795700
2012,남서울대학교(산업대),아동복지학과(0049166),인문사회,254,5039200
2012,남서울대학교(산업대),광고홍보학과(0051229),인문사회,256,3954800
2012,남서울대학교(산업대),물리치료학과(0034188),자연과학,29,6863900
2012,남서울대학교(산업대),경영학과(0041251),인문사회,65,0
2012,남서울대학교(산업대),임상병리학과(0026695),자연과학,61,3805500
2012,남서울대학교(산업대),아동복지학과(0046012),인문사회,57,0
2012,남서울대학교(산업대),복지경영학과(0185852),인문사회,22,33500
2012,남서울대학교(산업대),건축학과(0042499),공학,22,2933700
2012,남서울대학교(산업대),시각정보디자인학과(0056475),공학,19,57763300
2012,남서울대학교(산업대),아동청소년복지학과(0185854),인문사회,13,918500
2012,남서울대학교(산업대),건축학과(5)(0052952),공학,86,3723600
2012,남서울대학교(산업대),건축공학과(0058673),공학,92,4279300
2012,남서울대학교(산업대),중국학과(0033325),인문사회,181,4402100
2012,남서울대학교(산업대),산업경영공학과(0055353),인문사회,179,4226700
2012,남서울대학교(산업대),환경조형학과(0027509),자연과학,170,3694600
2012,남서울대학교(산업대),부동산학과(0059472),인문사회,160,4085900
2012,남서울대학교(산업대),영어과(0044161),인문사회,159,4080000
2012,남서울대학교(산업대),간호학과(0024243),자연과학,96,3928100
2012,단국대학교,언론영상학부(0011080),인문사회,140,3499800
2012,단국대학교,건축학과(0003411),공학,253,2293000
2012,단국대학교,토목환경공학과(0002153),자연과학,263,2394900
2012,단국대학교,소프트웨어학과(0003323),공학,269,2495900
2012,단국대학교,무역학과(0015220),인문사회,298,2381700
2012,단국대학교,고분자시스템공학과(0003813),공학,298,2608000
2012,단국대학교,행정학과(0018844),인문사회,320,2534800
2012,단국대학교,경제학과(0013486),인문사회,323,2317400
2012,단국대학교,도시계획부동산학부(0018237),인문사회,361,2401300
2012,단국대학교,기계공학과(0000003),공학,412,2160300
2012,단국대학교,영어영문학과(0018834),인문사회,436,2284200
2012,단국대학교,화학공학과(0003770),자연과학,480,2690600
2012,단국대학교,법학과(0013250),인문사회,740,2450500
2012,단국대학교,전자전기공학부(0001096),공학,785,2343600
2012,단국대학교,경영학부(0010280),인문사회,1285,2513900
2012,단국대학교,건축공학과(0004522),공학,249,2826900
2012,단국대학교,국어국문학과(0011761),인문사회,237,3020500
2012,단국대학교,일어일문학과(0018400),인문사회,142,2696600
2012,단국대학교,시각디자인과(0006120),예체능,147,2981200
2012,단국대학교,식품영양학과(0022258),자연과학,148,2968300
2012,단국대학교,컴퓨터학부(0002102),공학,149,2678400
2012,단국대학교,경제학부(0011684),인문사회,152,2270400
2012,단국대학교,체육교육과(0008682),인문사회,158,4493200
2012,단국대학교,정보통계학과(0020442),자연과학,163,2469600
2012,단국대학교,중어중문학과(0016275),인문사회,164,2348100
2012,단국대학교,특수교육과(0012445),인문사회,171,2693900
2012,단국대학교,화학과(0022485),자연과학,177,2707800
2012,단국대학교,정치외교학과(0020169),인문사회,214,2863900
2012,단국대학교,기악과(0007099),예체능,230,2629000
2012,단국대학교,공연영화학부(0007409),자연과학,236,2829000
2012,단국대학교,수학교육과(0020387),인문사회,114,2927000
2012,단국대학교,무용과(0008557),예체능,123,2564100
2012,단국대학교,한문교육과(0011294),인문사회,125,2724800
2012,단국대학교,국악과(0006955),예체능,113,2723900
2012,단국대학교,응용컴퓨터공학과(0001347),공학,112,2792700
2012,단국대학교,성악과(0007400),예체능,85,2694100
2012,단국대학교,응용물리학과(0021994),자연과학,76,2983700
2012,단국대학교,공연영화학부(0114700),자연과학,74,2336700
2012,단국대학교,패션・제품디자인과(0041563),예체능,67,3356300
2012,단국대학교,커뮤니케이션디자인과(0118478),예체능,54,2507400
2012,단국대학교,국제경영학전공(0014464),인문사회,51,9537400
2012,단국대학교,응용통계학과(0117526),자연과학,41,1770300
2012,단국대학교,무용과(0115574),예체능,40,1924500
2012,단국대학교,작곡과(0006893),예체능,35,3820000
2012,단국대학교,패션산업디자인과(0008649),공학,32,2044000
2012,단국대학교,패션산업디자인과(0118774),공학,32,1885500
2012,단국대학교,철학과(0118302),인문사회,28,2586200
2012,단국대학교,산업경영학과(0116351),인문사회,10,2100300
2012,단국대학교,과학교육과(0023470),인문사회,136,3134900
2012,단국대학교(천안) _분교,행정학과(0016669),인문사회,167,3361900
2012,단국대학교(천안) _분교,운동처방재활학과(0008530),자연과학,168,3732000
2012,단국대학교(천안) _분교,생활음악과(0007191),예체능,171,2748700
2012,단국대학교(천안) _분교,식량생명공학과(0022229),자연과학,173,2336700
2012,단국대학교(천안) _분교,생활체육학과(0007200),예체능,174,4656300
2012,단국대학교(천안) _분교,환경원예학과(0021454),자연과학,175,3018600
2012,단국대학교(천안) _분교,화학과(0021079),자연과학,176,3066700
2012,단국대학교(천안) _분교,경제학과(0015694),인문사회,177,2608100
2012,단국대학교(천안) _분교,문예창작과(0019899),인문사회,181,2857000
2012,단국대학교(천안) _분교,공예과(0008796),예체능,164,2435800
2012,단국대학교(천안) _분교,스포츠경영학과(0007624),인문사회,162,4421000
2012,단국대학교(천안) _분교,행정학과(0017604),인문사회,161,2695200
2012,단국대학교(천안) _분교,한국어문학과(0020033),인문사회,156,3038200
2012,단국대학교(천안) _분교,스페인어과(0020092),인문사회,153,2328000
2012,단국대학교(천안) _분교,응용수학과(0022060),자연과학,150,2393900
2012,단국대학교(천안) _분교,치의예과(0009257),자연과학,140,2347100
2012,단국대학교(천안) _분교,사회복지학과(0018924),인문사회,137,2933100
2012,단국대학교(천안) _분교,생명과학부(0116453),자연과학,183,2351700
2012,단국대학교(천안) _분교,의학과(0009062),의학,184,2156900
2012,단국대학교(천안) _분교,무역학과(0015059),인문사회,185,3053600
2012,단국대학교(천안) _분교,경영학부(0016219),인문사회,1111,2371000
2012,단국대학교(천안) _분교,컴퓨터과학과(0005731),공학,398,2456900
2012,단국대학교(천안) _분교,전자공학과(0003124),공학,396,2561500
2012,단국대학교(천안) _분교,간호학과(0009368),자연과학,372,2344700
2012,단국대학교(천안) _분교,치의학과(0009097),의학,289,2267700
2012,단국대학교(천안) _분교,영어과(0010868),인문사회,289,2685400
2012,단국대학교(천안) _분교,경영학과(0017482),인문사회,253,2187700
2012,단국대학교(천안) _분교,산업공학과(0000928),공학,241,2814300
2012,단국대학교(천안) _분교,녹지조경학과(0002410),공학,224,2362100
2012,단국대학교(천안) _분교,환경자원경제학과(0018752),인문사회,219,2733200
2012,단국대학교(천안) _분교,중국어과(0012717),인문사회,203,2200400
2012,단국대학교(천안) _분교,응용화학공학과(0005510),자연과학,197,2821600
2012,단국대학교(천안) _분교,일본어과(0013953),인문사회,194,2416300
2012,단국대학교(천안) _분교,생명과학과(0023184),자연과학,192,2980000
2012,단국대학교(천안) _분교,신소재공학과(0001700),공학,190,2618400
2012,단국대학교(천안) _분교,시각디자인과(0007880),예체능,188,2969100
2012,단국대학교(천안) _분교,토목환경공학과(0005448),자연과학,186,2390500
2012,단국대학교(천안) _분교,역사학과(0017714),인문사회,135,2310700
2012,단국대학교(천안) _분교,국제통상학부(0114984),인문사회,121,1891600
2012,단국대학교(천안) _분교,운동처방재활학과(0117317),자연과학,42,1952600
2012,단국대학교(천안) _분교,스포츠경영학과(0116722),인문사회,39,2613200
2012,단국대학교(천안) _분교,생활체육학과(0116521),예체능,38,2870500
2012,단국대학교(천안) _분교,독일어과(0010529),인문사회,38,2829000
2012,단국대학교(천안) _분교,러시아어과(0115438),인문사회,34,2810200
2012,단국대학교(천안) _분교,프랑스어과(0118812),인문사회,33,2260100
2012,단국대학교(천안) _분교,심리학과(0117002),인문사회,32,3017200
2012,단국대학교(천안) _분교,독일어과(0115306),인문사회,32,2258800
2012,단국대학교(천안) _분교,국제스포츠학과(0114971),인문사회,31,8298800
2012,단국대학교(천안) _분교,해병대군사학과(0118980),인문사회,30,3562900
2012,단국대학교(천안) _분교,물리치료학과(0115661),자연과학,30,2967800
2012,단국대학교(천안) _분교,임상병리학과(0117710),자연과학,29,2472800
2012,단국대학교(천안) _분교,기악과(0008808),예체능,21,3748200
2012,단국대학교(천안) _분교,법무행정학과(0115842),인문사회,43,2071300
2012,단국대학교(천안) _분교,스페인어과(0116709),인문사회,44,2834000
2012,단국대학교(천안) _분교,글로벌경영학전공(0019458),인문사회,46,4437200
2012,단국대학교(천안) _분교,전자물리학과(0022422),자연과학,116,2889500
2012,단국대학교(천안) _분교,약학과(0009748),자연과학,89,3506000
2012,단국대학교(천안) _분교,의예과(0010105),자연과학,88,2130100
2012,단국대학교(천안) _분교,법무행정학과(0018749),인문사회,69,3147300
2012,단국대학교(천안) _분교,영어과(0117219),인문사회,68,2198400
2012,단국대학교(천안) _분교,화학과(0119239),자연과학,65,2676800
2012,단국대학교(천안) _분교,러시아어과(0011938),인문사회,63,3161500
2012,단국대학교(천안) _분교,프랑스어과(0016910),인문사회,62,2224400
2012,단국대학교(천안) _분교,물리학과(0115685),자연과학,61,2265800
2012,단국대학교(천안) _분교,나노바이오의과학과(0010082),자연과학,60,3671300
2012,단국대학교(천안) _분교,수학과(0116671),자연과학,58,2275100
2012,단국대학교(천안) _분교,사회복지학과(0116232),인문사회,58,2775100
2012,단국대학교(천안) _분교,식품영양학과(0116873),자연과학,58,3001900
2012,단국대학교(천안) _분교,중국어과(0118187),인문사회,57,2425500
2012,단국대학교(천안) _분교,일본어과(0117674),인문사회,55,2395000
2012,단국대학교(천안) _분교,음악과(0006558),예체능,48,2763600
2012,대구가톨릭대학교,교육학과(0013655),인문사회,63,2253600
2012,대구가톨릭대학교,간호학과(0009655),자연과학,62,1662000
2012,대구가톨릭대학교,정보보호학전공(0118048),공학,56,2964200
2012,대구가톨릭대학교,약학부(0009072),자연과학,56,3288000
2012,대구가톨릭대학교,화학시스템공학과(0002112),자연과학,56,2410400
2012,대구가톨릭대학교,제약학전공(0010071),자연과학,56,1881000
2012,대구가톨릭대학교,약학전공(0010030),자연과학,53,2551700
2012,대구가톨릭대학교,고위공직・법학전공(0043897),인문사회,51,9142000
2012,대구가톨릭대학교,한국어문학부(0014319),인문사회,50,1946600
2012,대구가톨릭대학교,전기에너지공학과(0001379),공학,50,2353700
2012,대구가톨릭대학교,관광경영학과(0010534),인문사회,46,563400
2012,대구가톨릭대학교,스페인어과(0019733),인문사회,38,159500
2012,대구가톨릭대학교,무역학과(0014531),인문사회,38,1526900
2012,대구가톨릭대학교,생활복지주거학과(0116508),자연과학,69,2802900
2012,대구가톨릭대학교,에너지신소재공학과(0000709),공학,70,2438700
2012,대구가톨릭대학교,건축공학전공(0001747),공학,73,1601000
2012,대구가톨릭대학교,수학교육과(0021726),인문사회,80,2518400
2012,대구가톨릭대학교,국어교육과(0015866),인문사회,80,3122300
2012,대구가톨릭대학교,무용학과(0007293),예체능,85,2704500
2012,대구가톨릭대학교,언론광고학부(0011077),인문사회,88,1959100
2012,대구가톨릭대학교,환경조각전공(0008604),자연과학,90,1288100
2012,대구가톨릭대학교,의예과(0009935),자연과학,91,1666100
2012,대구가톨릭대학교,디지털디자인과(0007774),예체능,93,2341000
2012,대구가톨릭대학교,수학과(0116672),자연과학,93,2121000
2012,대구가톨릭대학교,러시아어과(0015138),인문사회,94,1450300
2012,대구가톨릭대학교,역사교육과(0012931),인문사회,96,2469800
2012,대구가톨릭대학교,영어교육과(0015166),인문사회,97,2787400
2012,대구가톨릭대학교,중어중문학과(0013508),인문사회,35,143100
2012,대구가톨릭대학교,컴퓨터교육과(0005103),인문사회,29,2738200
2012,대구가톨릭대학교,가족소비자학과(0114223),인문사회,25,2662400
2012,대구가톨릭대학교,수학과(0022701),자연과학,10,131500
2012,대구가톨릭대학교,화훼원예학과(0023341),자연과학,10,830300
2012,대구가톨릭대학교,산업보건학과(0009847),자연과학,12,555600
2012,대구가톨릭대학교,사회복지학과(0019528),인문사회,13,215700
2012,대구가톨릭대학교,생명공학과(0002766),자연과학,13,1658400
2012,대구가톨릭대학교,생명화학과(0021601),자연과학,13,1169800
2012,대구가톨릭대학교,금속・주얼리디자인전공(0115090),공학,14,2667100
2012,대구가톨릭대학교,환경과학과(0023195),자연과학,14,738200
2012,대구가톨릭대학교,식품가공학전공(0023068),자연과학,15,405700
2012,대구가톨릭대학교,의생명과학과(0022146),자연과학,15,130200
2012,대구가톨릭대학교,조경학과(0002847),공학,17,729300
2012,대구가톨릭대학교,외식산업학전공(0019212),공학,19,0
2012,대구가톨릭대학교,외국어로서의한국어학전공(0010955),인문사회,22,3075200
2012,대구가톨릭대학교,실무영어과(0016412),인문사회,22,748000
2012,대구가톨릭대학교,화훼원예학과(0119247),자연과학,97,2015300
2012,대구가톨릭대학교,성악과(0008728),예체능,97,2128000
2012,대구가톨릭대학교,언론영상전공(0006748),인문사회,174,2715200
2012,대구가톨릭대학교,의공학과(0001924),공학,177,2701200
2012,대구가톨릭대학교,물리치료학과(0009613),자연과학,178,3157200
2012,대구가톨릭대학교,산업보건학과(0116389),자연과학,179,2314300
2012,대구가톨릭대학교,정보통신융합공학전공(0004232),공학,182,2113100
2012,대구가톨릭대학교,정치외교학과(0012162),인문사회,185,2873800
2012,대구가톨릭대학교,의학과(0009837),의학,186,2101200
2012,대구가톨릭대학교,세무ㆍ회계학과(0025164),인문사회,192,2437700
2012,대구가톨릭대학교,무역학과(0115569),인문사회,193,2905800
2012,대구가톨릭대학교,일어일문학과(0012737),인문사회,193,1799600
2012,대구가톨릭대학교,아동학과(0019349),인문사회,195,2127100
2012,대구가톨릭대학교,외식식품산업학전공(0117300),공학,195,2103800
2012,대구가톨릭대학교,전자공학과(0002434),공학,203,2280800
2012,대구가톨릭대학교,패션디자인과(0007483),예체능,206,1806000
2012,대구가톨릭대학교,시각디자인과(0007233),예체능,207,2219800
2012,대구가톨릭대학교,행정학과(0019118),인문사회,222,2097300
2012,대구가톨릭대학교,경찰행정학과(0015604),인문사회,224,2240200
2012,대구가톨릭대학교,관광경영학과(0114736),인문사회,224,2515100
2012,대구가톨릭대학교,법학과(0013198),인문사회,241,1944200
2012,대구가톨릭대학교,식품영양학과(0116874),자연과학,254,2499200
2012,대구가톨릭대학교,영어영문학과(0014909),인문사회,264,2142000
2012,대구가톨릭대학교,심리학과(0018742),인문사회,268,3287000
2012,대구가톨릭대학교,컴퓨터공학전공(0004608),공학,270,2234400
2012,대구가톨릭대학교,기계자동차공학부(0005487),공학,278,1968200
2012,대구가톨릭대학교,간호학과(0009889),자연과학,446,2955900
2012,대구가톨릭대학교,사회복지학과(0015063),인문사회,479,2383200
2012,대구가톨릭대학교,경영학과(0013516),인문사회,488,2784100
2012,대구가톨릭대학교,의생명과학과(0117585),자연과학,169,3347900
2012,대구가톨릭대학교,산업디자인과(0007871),공학,166,2223700
2012,대구가톨릭대학교,작곡과(0007865),예체능,97,2090500
2012,대구가톨릭대학교,지리교육과(0017515),인문사회,98,2676300
2012,대구가톨릭대학교,안경광학과(0009565),공학,98,1881400
2012,대구가톨릭대학교,유아교육과(0011023),인문사회,99,2708900
2012,대구가톨릭대학교,제약산업공학과(0118126),공학,99,3663900
2012,대구가톨릭대학교,체육교육과(0006588),인문사회,102,3077500
2012,대구가톨릭대학교,자동차공학전공(0003700),공학,109,2146700
2012,대구가톨릭대학교,국제의료경영학과(0114974),인문사회,110,2612400
2012,대구가톨릭대학교,생명화학과(0116470),자연과학,119,2404900
2012,대구가톨릭대학교,환경과학과(0119259),자연과학,121,1790100
2012,대구가톨릭대학교,경제금융부동산학과(0019722),인문사회,121,2032000
2012,대구가톨릭대학교,국어국문학전공(0016425),인문사회,132,2590100
2012,대구가톨릭대학교,자동차생산공학전공(0001735),공학,137,1106500
2012,대구가톨릭대학교,실무영어과(0116954),인문사회,139,1998000
2012,대구가톨릭대학교,경영정보학과(0018476),인문사회,144,1650200
2012,대구가톨릭대학교,호텔경영학과(0119071),인문사회,147,3383900
2012,대구가톨릭대학교,건축학전공(0002323),공학,148,2262200
2012,대구가톨릭대학교,중어중국학과(0118218),인문사회,150,1878200
2012,대구가톨릭대학교,광고홍보전공(0019042),인문사회,152,2684300
2012,대구가톨릭대학교,스페인어과(0116710),인문사회,153,1862000
2012,대구가톨릭대학교,조경학과(0118146),공학,155,2382100
2012,대구가톨릭대학교,언어청각치료학과(0010040),인문사회,161,2791500
2012,대구가톨릭대학교,생명공학과(0116442),자연과학,163,3157600
2012,대구교육대학교,초등교육학과(심화과정)(0011207),인문사회,152,2132200
2012,대구교육대학교,특수(통합)교육과(심화과정)(0012637),인문사회,57,1900900
2012,대구교육대학교,초등컴퓨터교육과(심화과정)(0011241),인문사회,114,2166900
2012,대구교육대학교,초등음악교육과(심화과정)(0014791),인문사회,121,1851900
2012,대구교육대학교,초등체육교육과(심화과정)(0014136),인문사회,121,1967400
2012,대구교육대학교,초등실과교육과(심화과정)(0016316),인문사회,123,2316200
2012,대구교육대학교,초등미술교육과(심화과정)(0019447),인문사회,124,1842000
2012,대구교육대학교,초등윤리교육과(심화과정)(0011225),인문사회,128,2070400
2012,대구교육대학교,초등과학교육과(심화과정)(0017163),인문사회,149,2014200
2012,대구교육대학교,초등국어교육과(심화과정)(0016943),인문사회,150,2102700
2012,대구교육대학교,초등영어교육과(심화과정)(0017787),인문사회,239,1895100
2012,대구교육대학교,초등사회교육과(심화과정)(0015607),인문사회,156,2400300
2012,대구교육대학교,초등수학교육과(심화과정)(0018501),인문사회,179,1936700
2012,대구대학교,전자전기공학부(전자공학전공)(0001403),공학,181,1872800
2012,대구대학교,산업디자인학과(0007316),공학,167,2561500
2012,대구대학교,체육학과(0008510),예체능,169,4283400
2012,대구대학교,재활공학과(0009209),자연과학,171,2619000
2012,대구대학교,시각디자인학과(0006133),예체능,172,2495400
2012,대구대학교,국제관계학과(0014460),인문사회,174,1533900
2012,대구대학교,수학교육과(0021486),인문사회,176,2530100
2012,대구대학교,영상애니메이션디자인학과(0007570),예체능,176,2393000
2012,대구대학교,산림자원학과(0023266),자연과학,177,2300700
2012,대구대학교,조경학과(0002005),공학,178,2348000
2012,대구대학교,불어불문학과(0013267),인문사회,125,1478500
2012,대구대학교,중국어중국학과(0016877),인문사회,181,1692900
2012,대구대학교,정보통신공학부(임베디드시스템공학전공)(0000667),공학,182,1900700
2012,대구대학교,경찰행정학과(0016172),인문사회,183,2659700
2012,대구대학교,유아교육과(0015064),인문사회,183,2024600
2012,대구대학교,초등특수교육과(0014943),인문사회,185,3075500
2012,대구대학교,국어교육과(0013125),인문사회,187,2486600
2012,대구대학교,화학공학과(0001815),자연과학,188,2427600
2012,대구대학교,신문방송학과(0018718),인문사회,191,2187700
2012,대구대학교,환경공학과(0001258),자연과학,191,1724600
2012,대구대학교,특수교육과(0013609),인문사회,193,3177300
2012,대구대학교,직업재활학과(0009267),자연과학,194,2984600
2012,대구대학교,산업복지학과(0012052),공학,196,2501300
2012,대구대학교,부동산학과(0014199),인문사회,196,1594500
2012,대구대학교,지역사회개발・복지학과(0059597),인문사회,164,2050000
2012,대구대학교,생명환경학부(바이오산업학전공)(0021909),자연과학,128,1543400
2012,대구대학교,역사교육과(0015113),인문사회,129,2945600
2012,대구대학교,과학교육학부(화학교육전공)(0022330),인문사회,134,2233200
2012,대구대학교,의생명과학과(0021925),자연과학,135,1938500
2012,대구대학교,컴퓨터・IT공학부(정보공학전공)(0047893),공학,136,2317400
2012,대구대학교,생활조형디자인학과(0008218),예체능,138,2426200
2012,대구대학교,일반사회교육과(0019442),인문사회,138,2284700
2012,대구대학교,도시・지역계획학과(0035835),인문사회,139,1582000
2012,대구대학교,화학・응용화학과(0055914),자연과학,139,2024100
2012,대구대학교,생명과학과(0020402),자연과학,141,2073200
2012,대구대학교,수학과(0020376),자연과학,144,1948500
2012,대구대학교,법학부(사법학전공)(0013704),인문사회,144,1492000
2012,대구대학교,국제한국어교육과(0011395),인문사회,145,2788100
2012,대구대학교,산업복지학과(0018890),공학,147,2694700
2012,대구대학교,국어국문학과(0012920),인문사회,150,2588800
2012,대구대학교,법학부(0017245),인문사회,150,1959900
2012,대구대학교,원예학과(0023117),자연과학,154,1898000
2012,대구대학교,문헌정보학과(0014057),인문사회,156,2071800
2012,대구대학교,산업경영공학과(0002013),인문사회,156,1729600
2012,대구대학교,일본어일본학과(0018069),인문사회,159,2436500
2012,대구대학교,유아특수교육과(0011088),인문사회,159,2569100
2012,대구대학교,전산통계학과(0021434),자연과학,161,2660100
2012,대구대학교,가정복지학과(0011772),인문사회,203,2628700
2012,대구대학교,물리치료학과(0009625),자연과학,208,3072100
2012,대구대학교,식품영양학과(0023409),자연과학,209,2080500
2012,대구대학교,경영학과(0010240),인문사회,596,1966300
2012,대구대학교,사회복지학과(0014900),인문사회,613,3062800
2012,대구대학교,과학교육학부(생물교육전공)(0022704),인문사회,123,2348300
2012,대구대학교,러시아어러시아학과(0016559),인문사회,122,1336500
2012,대구대학교,독어독문학과(0011832),인문사회,122,1547600
2012,대구대학교,환경교육과(0023582),인문사회,120,1839900
2012,대구대학교,과학교육학부(물리교육전공)(0021732),인문사회,115,2697800
2012,대구대학교,컴퓨터ㆍIT공학부(0027237),공학,115,2581900
2012,대구대학교,회계・세무학부(세무학전공)(0046874),인문사회,114,1450500
2012,대구대학교,물리학과(0020744),자연과학,114,1924500
2012,대구대학교,행정학과(0014104),인문사회,111,2091600
2012,대구대학교,무역학과(0012079),인문사회,106,1887600
2012,대구대학교,골프산업학과(0006813),공학,106,2415100
2012,대구대학교,건축공학과(0000850),공학,94,2576400
2012,대구대학교,생명환경학부(식품환경안전학전공)(0020695),자연과학,83,1828600
2012,대구대학교,법학부(공공안전법학전공)(0018107),인문사회,78,1756200
2012,대구대학교,생명환경학부(0021593),자연과학,73,1612500
2012,대구대학교,자율전공학부(인문사회계열)(0018306),인문사회,69,2709300
2012,대구대학교,사회복지학과(0016476),인문사회,52,3581200
2012,대구대학교,보건행정학과(0012065),인문사회,43,2924600
2012,대구대학교,경제학과(0011682),인문사회,437,1731200
2012,대구대학교,무역학과(0013789),인문사회,398,2126600
2012,대구대학교,회계학과(0042485),인문사회,377,1320700
2012,대구대학교,재활심리학과(0010096),인문사회,209,3189200
2012,대구대학교,기계・자동차공학부(자동차공학전공)(0032426),공학,213,2034000
2012,대구대학교,법학부(공법학전공)(0019757),인문사회,216,1710200
2012,대구대학교,도시행정학과(0018930),인문사회,219,1969200
2012,대구대학교,언어치료학과(0009637),인문사회,220,3327600
2012,대구대학교,심리학과(0016921),인문사회,222,2067300
2012,대구대학교,정보통신공학부(멀티미디어공학전공)(0002922),공학,225,2083100
2012,대구대학교,토목공학과(0003197),공학,226,2196300
2012,대구대학교,생명공학과(0004534),자연과학,229,2300600
2012,대구대학교,영어교육과(0015659),인문사회,230,2416100
2012,대구대학교,실내건축디자인학과(0007423),공학,233,2492300
2012,대구대학교,컴퓨터・IT공학부(전산공학전공)(0039030),공학,235,2350200
2012,대구대학교,패션디자인학과(0006616),예체능,235,2328000
2012,대구대학교,전자전기공학부(전자제어공학전공)(0005728),공학,239,2035000
2012,대구대학교,기계・자동차공학부(기계공학전공)(0051345),공학,247,2190200
2012,대구대학교,간호학과(0009966),자연과학,249,2651400
2012,대구대학교,금융보험학과(0011849),인문사회,250,1718000
2012,대구대학교,정보통신공학부(통신공학전공)(0001765),공학,251,2160600
2012,대구대학교,호텔관광학과(0019278),인문사회,251,1912900
2012,대구대학교,건축공학과(0002237),공학,258,1827700
2012,대구대학교,관광경영학과(0017764),인문사회,266,2052800
2012,대구대학교,영어영문학과(0010901),인문사회,284,1871400
2012,대구대학교,행정학과(0015137),인문사회,290,2391700
2012,대구대학교,지리교육과(0011340),인문사회,127,2925900
2012,대구예술대학교,예술치료전공(0009969),예체능,97,3144100
2012,대구예술대학교,시각디자인전공(0008224),예체능,102,1968900
2012,대구예술대학교,사진영상전공(0006398),예체능,106,1583300
2012,대구예술대학교,실용음악전공(0006178),예체능,174,2171000
2012,대구예술대학교,사회체육전공(0006785),예체능,87,3654600
2012,대구예술대학교,피아노교수학전공(0008323),자연과학,62,2721200
2012,대구예술대학교,미술콘텐츠전공(0115734),예체능,59,2907300
2012,대구예술대학교,공연음악전공(0114709),예체능,57,4134800
2012,대구예술대학교,건축실내디자인전공(0003608),공학,54,2025900
2012,대구예술대학교,영상애니메이션전공(0006522),예체능,53,2185900
2012,대구예술대학교,실용무용전공(0007965),예체능,53,2561400
2012,대구예술대학교,일본어전공(0014861),인문사회,10,1608400
2012,대구예술대학교,방송연예전공(0007763),인문사회,16,2181600
2012,대구예술대학교,사회복지전공(0015281),인문사회,21,4037000
2012,대구예술대학교,뷰티예술전공(0008852),예체능,35,2375500
2012,대구예술대학교,패션디자인전공(0008845),예체능,43,1775600
2012,대구예술대학교,경호보안전공(0007231),공학,47,4129800
2012,대구예술대학교,교회실용음악전공(0008132),예체능,52,3210100
2012,대구외국어대학교,사회복지전공(0017528),인문사회,14,4418500
2012,대구외국어대학교,경찰행정전공(0018340),인문사회,15,1597700
2012,대구외국어대학교,영어전공(0019431),인문사회,21,2261000
2012,대구외국어대학교,경찰행정전공(0014276),인문사회,48,1806400
2012,대구외국어대학교,중국어통번역전공(0019028),인문사회,50,2499100
2012,대구외국어대학교,일본어통번역전공(0019514),인문사회,81,2198500
2012,대구외국어대학교,영어통번역전공(0013688),인문사회,81,1487800
2012,대구외국어대학교,사회복지전공(0016599),인문사회,54,2830400
2012,대구한의대학교,TESOL영어전공(0015112),인문사회,68,1998600
2012,대구한의대학교,IT의료산업학과(0009120),공학,71,2920100
2012,대구한의대학교,중국어과(0013642),인문사회,77,2139000
2012,대구한의대학교,시각디자인전공(0006122),예체능,78,2169000
2012,대구한의대학교,일본어전공(0012321),인문사회,78,2444100
2012,대구한의대학교,중등특수교육과(0018398),인문사회,78,2663800
2012,대구한의대학교,토목설계학전공(0000476),공학,78,2487900
2012,대구한의대학교,한국어학전공(0013212),인문사회,81,2638600
2012,대구한의대학교,보건학부(0009699),자연과학,82,2540100
2012,대구한의대학교,한문학전공(0013975),인문사회,82,2263700
2012,대구한의대학교,세무회계전공(0012007),인문사회,84,1955500
2012,대구한의대학교,패션뷰티전공(0006256),예체능,89,2253900
2012,대구한의대학교,식품영양학전공(0020776),자연과학,103,2890800
2012,대구한의대학교,재활상담학과(0017451),자연과학,112,2891200
2012,대구한의대학교,중국어전공(0017591),인문사회,62,2611300
2012,대구한의대학교,건축학전공(0000053),공학,62,2304500
2012,대구한의대학교,중어중국학부(0016153),인문사회,13,38500
2012,대구한의대학교,중국학전공(0016829),인문사회,15,2617400
2012,대구한의대학교,인터넷정보학과(0004991),공학,16,2075600
2012,대구한의대학교,한약재유통전공(0012571),인문사회,23,2032100
2012,대구한의대학교,토목디자인전공(0204771),공학,26,2774300
2012,대구한의대학교,일본어과(0117673),인문사회,28,2994200
2012,대구한의대학교,한방의공학과(0005137),공학,28,4146300
2012,대구한의대학교,TESOL영어과(0114209),인문사회,32,2387300
2012,대구한의대학교,게임전공(0000076),예체능,43,3010300
2012,대구한의대학교,상담심리학과(0116416),인문사회,44,2626600
2012,대구한의대학교,통상경제학부(0017970),인문사회,50,1558000
2012,대구한의대학교,실버스포츠산업학과(0008962),공학,113,3132200
2012,대구한의대학교,청소년교육상담학과(0017473),인문사회,160,2866000
2012,대구한의대학교,산업안전보건전공(0009642),자연과학,127,3451200
2012,대구한의대학교,실내건축학과(0005008),공학,128,2543600
2012,대구한의대학교,보건관리전공(0009193),자연과학,133,2861200
2012,대구한의대학교,소방방재환경학과(0004163),자연과학,134,3013400
2012,대구한의대학교,관광레저학과(0011846),인문사회,148,2370700
2012,대구한의대학교,물리치료학과(0009818),자연과학,150,3466200
2012,대구한의대학교,한방스포츠의학과(0006274),의학,154,3282000
2012,대구한의대학교,한방미술치료학과(0009429),예체능,155,3133900
2012,대구한의대학교,한의예과(0009107),자연과학,239,2016500
2012,대구한의대학교,의료경영학과(0010834),인문사회,163,2439200
2012,대구한의대학교,아동복지학과(0019075),인문사회,170,2681900
2012,대구한의대학교,경찰행정학과(0019715),인문사회,175,2417000
2012,대구한의대학교,임상병리학과(0010077),자연과학,199,3007500
2012,대구한의대학교,한방피부미용학과(0006275),자연과학,201,2523700
2012,대구한의대학교,간호학과(0009616),자연과학,321,3106300
2012,대구한의대학교,한의학과(0010128),의학,440,2197000
2012,대신대학교,음악학부(0006576),예체능,72,2681400
2012,대신대학교,상담문화영어학부(0012097),인문사회,49,2841000
2012,대신대학교,사회복지학과(0018864),인문사회,48,3780200
2012,대신대학교,교회음악과(0007326),예체능,32,2495300
2012,대신대학교,유아교육과(0011022),인문사회,14,2243600
2012,대전대학교,한의학과(0009374),의학,306,1861200
2012,대전대학교,문예창작학전공(0020145),인문사회,76,2773600
2012,대전대학교,중등특수교육과(0014335),인문사회,79,2589700
2012,대전대학교,행정학전공(0011147),인문사회,98,2789600
2012,대전대학교,국어국문학전공(0014963),인문사회,106,2904100
2012,대전대학교,비즈니스정보통계학과(0014451),자연과학,109,2673900
2012,대전대학교,생명과학과(0022847),자연과학,109,3339300
2012,대전대학교,응용화학과(0022031),자연과학,109,3150200
2012,대전대학교,역사문화학과(0015767),인문사회,111,2670300
2012,대전대학교,정치언론홍보학과(0010847),인문사회,111,2908700
2012,대전대학교,커뮤니케이션디자인학전공(0007583),예체능,130,1857800
2012,대전대학교,지반방재공학전공(0004377),공학,132,2627000
2012,대전대학교,임상병리학과(0009314),자연과학,137,3164600
2012,대전대학교,신소재공학과(0001036),공학,141,2747500
2012,대전대학교,서예・한문학과(0038983),인문사회,74,1573600
2012,대전대학교,행정학과(0119020),인문사회,70,1891300
2012,대전대학교,러시아어통역학과(0017057),인문사회,67,2279900
2012,대전대학교,미생물생명공학과(0003394),자연과학,59,2790700
2012,대전대학교,생명과학부(0116454),자연과학,59,2103000
2012,대전대학교,국어국문창작학부(0114927),인문사회,57,2717600
2012,대전대학교,방송공연예술학과(0007005),인문사회,56,2796700
2012,대전대학교,영상애니메이션학전공(0008866),예체능,53,3026800
2012,대전대학교,글로벌융합창의학부(0115076),의학,39,3871700
2012,대전대학교,철학과(0016529),인문사회,30,1906800
2012,대전대학교,간호학과(특별과정)(0114290),자연과학,21,1861900
2012,대전대학교,전산정보보호학과(0003389),공학,20,2666100
2012,대전대학교,소방방재학전공(0002603),공학,144,3288000
2012,대전대학교,IT경영공학과(0000099),인문사회,149,2236500
2012,대전대학교,경영학과(0013095),인문사회,493,2587500
2012,대전대학교,사회복지학과(0012839),인문사회,350,3200800
2012,대전대학교,회계학과(0011333),인문사회,345,3111300
2012,대전대학교,간호학과(0008993),자연과학,300,2964800
2012,대전대학교,뷰티건강관리학과(0006995),예체능,261,2486400
2012,대전대학교,무역통상학과(0012073),인문사회,253,2461200
2012,대전대학교,산업・광고심리학과(0057059),인문사회,250,2908200
2012,대전대학교,군사학과(0018201),인문사회,239,2906600
2012,대전대학교,정보통신공학과(0003775),공학,236,2620600
2012,대전대학교,컴퓨터공학과(0005106),공학,234,2822400
2012,대전대학교,식품영양학과(0020331),자연과학,234,3168200
2012,대전대학교,일어일문학과(0011068),인문사회,227,2418400
2012,대전대학교,영어영문학과(0013331),인문사회,224,2442200
2012,대전대학교,아동교육상담학과(0010984),인문사회,213,2926700
2012,대전대학교,사회체육학과(0006777),예체능,205,3484900
2012,대전대학교,중국언어문화학과(0019485),인문사회,199,2170700
2012,대전대학교,법학과(0015578),인문사회,194,2552700
2012,대전대학교,병원경영학과(0017964),인문사회,190,2620700
2012,대전대학교,패션디자인・비즈니스학과(0007018),예체능,189,2301700
2012,대전대학교,건축학과(5)(0003993),공학,188,2121300
2012,대전대학교,물류유통학과(0019711),인문사회,187,2538700
2012,대전대학교,토목공학과(0005485),공학,170,1972000
2012,대전대학교,건축공학과(0002824),공학,169,2543100
2012,대전대학교,경제학과(0014597),인문사회,167,2381400
2012,대전대학교,물리치료학과(0009180),자연과학,164,3671800
2012,대전대학교,IT전자공학과(0001696),공학,160,3267200
2012,대전대학교,한의예과(0009266),자연과학,159,1828200
2012,대전대학교,환경공학과(0003552),자연과학,157,2769500
2012,대전대학교,자치행정학전공(0015981),인문사회,153,3158700
2012,대진대학교,행정학과(0017379),인문사회,78,2520500
2012,대진대학교,법학과(0017331),인문사회,74,2025800
2012,대진대학교,종교문화학과(0015139),인문사회,73,2750200
2012,대진대학교,성악전공(0008340),예체능,36,2138300
2012,대진대학교,한국무용전공(0007008),예체능,23,3560700
2012,대진대학교,작곡전공(0008909),예체능,20,1985000
2012,대진대학교,국어국문학과(0016772),인문사회,161,2832700
2012,대진대학교,통신공학과(0004009),공학,164,2421300
2012,대진대학교,환경공학과(0001614),자연과학,166,3155700
2012,대진대학교,법학과(0013651),인문사회,166,2393300
2012,대진대학교,사회복지학과(0011957),인문사회,169,3208800
2012,대진대학교,문헌정보학과(0012112),인문사회,178,2811100
2012,대진대학교,행정학과(0019151),인문사회,179,3358200
2012,대진대학교,도시공학과(0003994),인문사회,182,2497700
2012,대진대학교,일본학과(0018714),인문사회,185,3061000
2012,대진대학교,전자공학과(0000383),공학,194,2956200
2012,대진대학교,아동학과(0016654),인문사회,196,2790000
2012,대진대학교,컴퓨터응용기계설계공학과(0005667),공학,203,2972000
2012,대진대학교,건축공학과(0000846),공학,240,2705400
2012,대진대학교,디지털경제학과(0019067),인문사회,261,2605900
2012,대진대학교,물리학과(0023154),자연과학,97,2379600
2012,대진대학교,식품영양학과(0021393),자연과학,160,3121100
2012,대진대학교,문예창작학과(0012929),인문사회,158,2971800
2012,대진대학교,전기공학과(0002075),공학,153,3382100
2012,대진대학교,산업경영공학과(0000208),인문사회,139,3111900
2012,대진대학교,시각정보디자인전공(0007958),공학,137,2681700
2012,대진대학교,화학공학과(0001187),자연과학,133,3150300
2012,대진대학교,제품환경디자인전공(0007221),자연과학,131,2512500
2012,대진대학교,신소재공학과(0000356),공학,129,2715300
2012,대진대학교,연극전공(0006152),예체능,127,2712400
2012,대진대학교,영화전공(0008837),예체능,119,2462100
2012,대진대학교,생명과학과(0022631),자연과학,119,3091000
2012,대진대학교,철학과(0018300),인문사회,118,2337500
2012,대진대학교,화학과(0020962),자연과학,112,2600100
2012,대진대학교,수학과(0020374),자연과학,107,2962600
2012,대진대학교,환경조각전공(0006272),자연과학,99,1779700
2012,대진대학교,국제통상학과(0019040),인문사회,261,2784000
2012,대진대학교,신문방송학과(0017461),인문사회,275,2742300
2012,대진대학교,영어영문학과(0010897),인문사회,281,2403100
2012,대진대학교,컴퓨터공학과(0003772),공학,342,2864100
2012,대진대학교,경영학과(0016500),인문사회,320,3026000
2012,대진대학교,중국학과(0012767),인문사회,296,2795400
2012,덕성여자대학교,수학과(0022712),자연과학,151,1464100
2012,덕성여자대학교,컴퓨터학과(0005361),공학,137,2811300
2012,덕성여자대학교,미술사학과(0016206),인문사회,133,1694100
2012,덕성여자대학교,사회복지학과(0015246),인문사회,130,2062600
2012,덕성여자대학교,문헌정보학과(0019793),인문사회,123,2405800
2012,덕성여자대학교,아동가족학과(0010982),인문사회,121,2125000
2012,덕성여자대학교,문화인류학과(0010548),인문사회,121,2205000
2012,덕성여자대학교,스페인어과(0019228),인문사회,117,1887900
2012,덕성여자대학교,생활체육학과(0008710),예체능,109,2687300
2012,덕성여자대학교,불어불문학과(0010570),인문사회,98,1884400
2012,덕성여자대학교,독어독문학과(0016461),인문사회,96,1734700
2012,덕성여자대학교,시각디자인학과(0008703),예체능,95,2700500
2012,덕성여자대학교,철학과(0012426),인문사회,82,2344400
2012,덕성여자대학교,실내디자인학과(0008425),예체능,79,2615600
2012,덕성여자대학교,법학과(0016496),인문사회,156,1848400
2012,덕성여자대학교,유아교육과(0015454),인문사회,176,2381600
2012,덕성여자대학교,텍스타일디자인학과(0007090),예체능,39,1544300
2012,덕성여자대학교,인터넷정보공학과(0003046),공학,35,523800
2012,덕성여자대학교,컴퓨터시스템학과(0000699),공학,31,1342800
2012,덕성여자대학교,영어영문학과(0016775),인문사회,295,1898100
2012,덕성여자대학교,약학과(6년제)(0009676),자연과학,294,2781500
2012,덕성여자대학교,정보통계학과(0021218),자연과학,284,2020500
2012,덕성여자대학교,섬유미술학과(0008603),공학,56,1740000
2012,덕성여자대학교,식품영양학과(0023171),자연과학,282,2127700
2012,덕성여자대학교,국제통상학과(0010485),인문사회,269,2181500
2012,덕성여자대학교,중어중문학과(0014951),인문사회,268,1762200
2012,덕성여자대학교,심리학과(0018286),인문사회,263,1908900
2012,덕성여자대학교,회계학과(0017898),인문사회,259,1945600
2012,덕성여자대학교,경영학과(0011580),인문사회,236,2239000
2012,덕성여자대학교,화학과(0022251),자연과학,209,1637900
2012,덕성여자대학교,일어일문학과(0012979),인문사회,206,1492800
2012,덕성여자대학교,정치외교학과(0014312),인문사회,205,2009600
2012,덕성여자대학교,의상디자인학과(0006163),자연과학,197,1956200
2012,덕성여자대학교,국어국문학과(0013242),인문사회,196,2243600
2012,동국대학교,영화영상학과(0117260),예체능,51,2992100
2012,동국대학교,생명화학공학과(0003245),자연과학,12,1172700
2012,동국대학교,철학윤리문화학부 철학전공(0039842),인문사회,46,2598100
2012,동국대학교,정보통신공학과(0000300),공학,46,1678900
2012,동국대학교,융합에너지신소재공학과(0117470),공학,39,3306900
2012,동국대학교,컴퓨터공학과(0002973),공학,38,1985000
2012,동국대학교,산업시스템공학과(0002062),공학,33,1899100
2012,동국대학교,게임멀티미디어공학과(0001627),예체능,33,804300
2012,동국대학교,행정학전공(0016706),인문사회,30,2238000
2012,동국대학교,신문방송학전공(0010597),인문사회,29,1923600
2012,동국대학교,바이오학부 생명과학전공(0049436),자연과학,26,3796300
2012,동국대학교,바이오학부 의생명공학전공(0049102),자연과학,24,3482700
2012,동국대학교,정치외교학전공(0015520),인문사회,22,2403200
2012,동국대학교,철학과(0012430),인문사회,21,2444200
2012,동국대학교,인도철학전공(0010951),인문사회,21,2329600
2012,동국대학교,철학윤리문화학부 윤리문화학 전공(0059258),인문사회,20,2946000
2012,동국대학교,식품과학부 식품산업시스템전공(0024720),공학,20,1414900
2012,동국대학교,경영학부(0010293),인문사회,17,1877400
2012,동국대학교,사회복지학과(0116233),인문사회,17,2675100
2012,동국대학교,영어영문학전공(0014635),인문사회,15,1641500
2012,동국대학교,공연예술학부(0008028),예체능,15,1989400
2012,동국대학교,영어통번역전공(0012848),인문사회,14,1345400
2012,동국대학교,영화영상전공(0007507),예체능,12,1199800
2012,동국대학교,불교미술전공(0006908),예체능,52,2270400
2012,동국대학교,국제통상학전공(0015861),인문사회,54,1784500
2012,동국대학교,식품산업관리학과(0022270),공학,163,2937500
2012,동국대학교,전기공학과(0004826),공학,161,2683200
2012,동국대학교,영어영문학부 영어문학전공(0030713),인문사회,156,2555700
2012,동국대학교,수학과(0022663),자연과학,153,2312100
2012,동국대학교,화학과(0021292),자연과학,150,2484900
2012,동국대학교,건설환경공학과(0000838),자연과학,135,2016400
2012,동국대학교,바이오환경과학과(0022131),자연과학,132,3003000
2012,동국대학교,지리교육과(0018212),인문사회,131,2244900
2012,동국대학교,생명과학과(0021814),자연과학,131,2590900
2012,동국대학교,역사교육과(0012129),인문사회,130,2372200
2012,동국대학교,국어교육과(0014105),인문사회,129,2377600
2012,동국대학교,교육학과(0017775),인문사회,128,2587600
2012,동국대학교,사회언론정보학부 사회학전공(0036644),인문사회,120,2582200
2012,동국대학교,건축공학전공(0004423),공학,119,2164400
2012,동국대학교,영화영상학과(0008438),예체능,173,3167800
2012,동국대학교,중어중문학과(0018412),인문사회,173,2209800
2012,동국대학교,산업시스템공학과(0005783),공학,298,2592500
2012,동국대학교,체육교육과(0006886),인문사회,267,4891700
2012,동국대학교,컴퓨터정보통신공학부 컴퓨터공학전공(0045138),공학,255,2253500
2012,동국대학교,컴퓨터정보통신공학부 정보통신공학전공(0027630),공학,244,2515800
2012,동국대학교,광고홍보학과(0015796),인문사회,232,2306400
2012,동국대학교,정치행정학부 행정학전공(0031701),인문사회,221,2602100
2012,동국대학교,연극학부(0006513),예체능,220,1854300
2012,동국대학교,정치행정학부 정치외교학 전공(0027119),인문사회,202,2773200
2012,동국대학교,기계로봇에너지공학과(0000473),공학,198,2410700
2012,동국대학교,영어영문학부 영어통번역학전공(0033897),인문사회,195,2681600
2012,동국대학교,국어국문학과(0010434),인문사회,193,4193000
2012,동국대학교,일어일문학과(0017212),인문사회,191,2939600
2012,동국대학교,통계학과(0021859),자연과학,188,2556500
2012,동국대학교,식품생명공학과(0002129),자연과학,183,3204100
2012,동국대학교,IT학부 컴퓨터공학전공(0037541),공학,117,2677800
2012,동국대학교,IT학부 전자공학전공(0048117),공학,116,2336300
2012,동국대학교,건축학전공(0000772),공학,115,2642000
2012,동국대학교,정치행정학부 북한학 전공(0031700),인문사회,61,2245900
2012,동국대학교,사회언론정보학부 신문방송학전공(0052087),인문사회,333,2741000
2012,동국대학교,회계학전공(0014373),인문사회,394,2679800
2012,동국대학교,전자전기공학전공(0004993),공학,443,1997200
2012,동국대학교,경제통상학부 경제학전공(0032932),인문사회,456,2234500
2012,동국대학교,경제통상학부 국제통상학 전공(0033114),인문사회,504,2962300
2012,동국대학교,법학과(0013928),인문사회,679,2241800
2012,동국대학교,경영학전공(0013103),인문사회,900,2676800
2012,동국대학교,경찰행정학과(0019856),인문사회,332,3479500
2012,동국대학교,전자공학과(0004896),공학,61,2439200
2012,동국대학교,물리반도체과학부(0001937),자연과학,61,1621100
2012,동국대학교,경제학전공(0010360),인문사회,56,2633300
2012,동국대학교,사회환경시스템공학과(0000907),자연과학,63,1841600
2012,동국대학교,가정교육과(0021926),인문사회,113,1993900
2012,동국대학교,문예창작학과(0013844),인문사회,111,2420700
2012,동국대학교,의생명공학과(0022300),자연과학,110,3765400
2012,동국대학교,수학교육과(0022257),인문사회,108,2232100
2012,동국대학교,영어영문학부(0017719),인문사회,102,1061500
2012,동국대학교,경영정보학전공(0013697),인문사회,101,2346600
2012,동국대학교,반도체과학과(0002414),공학,99,2398300
2012,동국대학교,약학과(0009453),자연과학,92,3019900
2012,동국대학교,광고홍보학과(0010185),인문사회,83,2427900
2012,동국대학교,기계공학과(0002198),공학,79,2732300
2012,동국대학교,IT학부 정보통신공학전공(0053945),공학,78,2136900
2012,동국대학교,국어국문문예창작학부(0114926),인문사회,75,2869300
2012,동국대학교,건축공학부(0002515),공학,68,937600
2012,동국대학교,물리학과(0021229),자연과학,65,2897000
2012,동국대학교,식품자원경제학과(0021476),인문사회,10,1478100
2012,동국대학교,바이오학부 생명과학전공(0053117),자연과학,10,3077900
2012,동국대학교(WISE) _분교,정보통계학과(0020868),자연과학,75,3131000
2012,동국대학교(WISE) _분교,의학과(0009802),의학,80,4256400
2012,동국대학교(WISE) _분교,신소재화학과(0002580),자연과학,88,2856100
2012,동국대학교(WISE) _분교,한국음악과(0006269),예체능,93,2895000
2012,동국대학교(WISE) _분교,불교아동학과(0015600),인문사회,95,3147400
2012,동국대학교(WISE) _분교,불교미술학부(0006670),예체능,97,2976200
2012,동국대학교(WISE) _분교,글로벌경제통상학부(0115049),인문사회,102,2137300
2012,동국대학교(WISE) _분교,고고미술사학전공(0014724),인문사회,113,2858800
2012,동국대학교(WISE) _분교,안전공학과(0005756),공학,119,2965200
2012,동국대학교(WISE) _분교,정치행정경찰학부(0014493),인문사회,122,2504200
2012,동국대학교(WISE) _분교,정보경영학전공(0054458),인문사회,71,3317900
2012,동국대학교(WISE) _분교,정치외교학전공(0018510),인문사회,69,2971300
2012,동국대학교(WISE) _분교,경찰행정학전공(0018507),인문사회,46,3660300
2012,동국대학교(WISE) _분교,한문학전공(0019127),인문사회,45,3235400
2012,동국대학교(WISE) _분교,생명공학전공(0004536),자연과학,43,1686100
2012,동국대학교(WISE) _분교,생명과학전공(0021140),자연과학,29,2204800
2012,동국대학교(WISE) _분교,의예과(0010018),자연과학,17,3323100
2012,동국대학교(WISE) _분교,철학ㆍ논술전공(0049560),인문사회,13,3159800
2012,동국대학교(WISE) _분교,문화예술철학전공(0019821),인문사회,12,3768700
2012,동국대학교(WISE) _분교,경제금융학전공(0038975),인문사회,123,2583300
2012,동국대학교(WISE) _분교,유아교육과(0016419),인문사회,124,3064200
2012,동국대학교(WISE) _분교,경영학전공(0023965),인문사회,522,2555200
2012,동국대학교(WISE) _분교,간호학과(0009163),자연과학,338,3074500
2012,동국대학교(WISE) _분교,한의학과(0009561),의학,329,2494300
2012,동국대학교(WISE) _분교,사회복지학과(0011953),인문사회,284,2831900
2012,동국대학교(WISE) _분교,호텔컨벤션경영학전공(0052878),인문사회,278,2845700
2012,동국대학교(WISE) _분교,국제통상학전공(0059465),인문사회,272,2751800
2012,동국대학교(WISE) _분교,영어영문학과(0016513),인문사회,266,2447200
2012,동국대학교(WISE) _분교,바이오학부(0022705),자연과학,235,2498600
2012,동국대학교(WISE) _분교,정보통신공학부(0001916),공학,216,2358000
2012,동국대학교(WISE) _분교,미술학부(0006045),예체능,211,3080500
2012,동국대학교(WISE) _분교,조경학과(0002755),공학,208,2875500
2012,동국대학교(WISE) _분교,관광레저경영학전공(0057782),인문사회,206,3130800
2012,동국대학교(WISE) _분교,행정학전공(0014839),인문사회,191,2637300
2012,동국대학교(WISE) _분교,사회체육학과(0008817),예체능,190,3178400
2012,동국대학교(WISE) _분교,중어중문학과(0012773),인문사회,183,2875200
2012,동국대학교(WISE) _분교,경영학부(0114569),인문사회,182,1779900
2012,동국대학교(WISE) _분교,일어일문학과(0011069),인문사회,178,2678700
2012,동국대학교(WISE) _분교,회계학전공(0039694),인문사회,173,2240600
2012,동국대학교(WISE) _분교,인문학부(0010970),인문사회,172,2094100
2012,동국대학교(WISE) _분교,컴퓨터멀티미디어학부(0000587),공학,169,2529300
2012,동국대학교(WISE) _분교,수학교육과(0022714),인문사회,154,2648600
2012,동국대학교(WISE) _분교,한의예과(0010028),자연과학,153,2297300
2012,동국대학교(WISE) _분교,컴퓨터공학부(0004185),공학,153,2097700
2012,동국대학교(WISE) _분교,국어국문학전공(0010438),인문사회,150,4135000
2012,동국대학교(WISE) _분교,외식경영학전공(0043407),인문사회,147,2328600
2012,동국대학교(WISE) _분교,호텔관광경영학부(0031552),인문사회,144,2054000
2012,동국대학교(WISE) _분교,가정교육과(0021945),인문사회,129,2755800
2012,동국대학교(WISE) _분교,사회복지학과(0010651),인문사회,82,2387300
2012,동국대학교(WISE) _분교,문헌정보학과(0016149),인문사회,87,1868800
2012,동국대학교(WISE) _분교,성악과(0008522),예체능,95,2149700
2012,동국대학교(WISE) _분교,아동학과(0019760),인문사회,102,1703300
2012,동국대학교(WISE) _분교,정보통계학과(0021813),자연과학,106,1952500
2012,동국대학교(WISE) _분교,사회복지학과(0019532),인문사회,106,2423500
2012,동국대학교(WISE) _분교,문헌정보학과(0018407),인문사회,117,2187000
2012,동국대학교(WISE) _분교,아동학과(0014055),인문사회,117,2120500
2012,동국대학교(WISE) _분교,경제학과(0015820),인문사회,121,1923500
2012,동국대학교(WISE) _분교,국제경영학과(0015284),인문사회,123,1888100
2012,동국대학교(WISE) _분교,문예창작전공(0018797),인문사회,125,1964900
2012,동국대학교(WISE) _분교,독일어과(0010530),인문사회,129,2040500
2012,동국대학교(WISE) _분교,프랑스어과(0019742),인문사회,129,2027600
2012,동국대학교(WISE) _분교,약학과(0009069),자연과학,131,1986800
2012,동국대학교(WISE) _분교,패션디자인전공(0006924),예체능,133,2390400
2012,동국대학교(WISE) _분교,시각&실내디자인학과(0116766),예체능,71,1946600
2012,동국대학교(WISE) _분교,국어국문학과(0114928),인문사회,54,2240600
2012,동국대학교(WISE) _분교,경영학전공(0011649),인문사회,33,106100
2012,동국대학교(WISE) _분교,세무회계학과(0016894),인문사회,24,3755800
2012,동국대학교(WISE) _분교,중국어과(0011285),인문사회,12,0
2012,동국대학교(WISE) _분교,문예창작과(0115582),인문사회,38,1843000
2012,동국대학교(WISE) _분교,패션디자인학과(0118762),예체능,40,1406800
2012,동국대학교(WISE) _분교,미디어디자인학과(0115701),예체능,40,1877800
2012,동국대학교(WISE) _분교,패션디자인학과(0118761),예체능,53,1877000
2012,동국대학교(WISE) _분교,정보통계학과(0020866),자연과학,135,2172100
2012,동국대학교(WISE) _분교,경제학과(0010349),인문사회,142,1909300
2012,동국대학교(WISE) _분교,영어과(0010869),인문사회,465,1655000
2012,동국대학교(WISE) _분교,경영학과(0019530),인문사회,388,2079800
2012,동국대학교(WISE) _분교,중어중국학과(0014970),인문사회,299,1957100
2012,동국대학교(WISE) _분교,일본어과(0017167),인문사회,294,1711000
2012,동국대학교(WISE) _분교,경영학과(0018849),인문사회,247,1926200
2012,동국대학교(WISE) _분교,시각&실내디자인전공(0008472),예체능,227,2259600
2012,동국대학교(WISE) _분교,컴퓨터학과(0002772),공학,215,1843800
2012,동국대학교(WISE) _분교,컴퓨터학과(0001305),공학,211,1823700
2012,동국대학교(WISE) _분교,보건관리학과(0009753),자연과학,210,2541600
2012,동국대학교(WISE) _분교,식품영양학과(0020763),자연과학,209,2022100
2012,동국대학교(WISE) _분교,응용화학과(0021538),자연과학,198,1891600
2012,동국대학교(WISE) _분교,체육학과(0006235),예체능,144,2550200
2012,동국대학교(WISE) _분교,무용과(0007186),예체능,155,1881900
2012,동국대학교(WISE) _분교,패션디자인전공(0006613),예체능,158,1864900
2012,동국대학교(WISE) _분교,방송연예과(0008842),인문사회,166,2286100
2012,동국대학교(WISE) _분교,실용음악과(0007822),예체능,166,2180200
2012,동국대학교(WISE) _분교,방송연예과(0007534),인문사회,172,1837000
2012,동국대학교(WISE) _분교,미디어디자인전공(0006376),예체능,175,2107100
2012,동국대학교(WISE) _분교,국제경영학과(0017086),인문사회,176,2134800
2012,동국대학교(WISE) _분교,디지털공예과(0008292),예체능,180,1819700
2012,동국대학교(WISE) _분교,국어국문학전공(0011765),인문사회,192,2152500
2012,동명대학교,해운경영학과(0019873),인문사회,51,1837300
2012,동명대학교,상담심리학과(0015317),인문사회,64,2023600
2012,동명대학교,불교문화학과(0012673),인문사회,74,2276400
2012,동명대학교,식품영양과학과(0022123),자연과학,81,1948200
2012,동명대학교,전자공학과(0003248),공학,91,2157600
2012,동명대학교,체육학과(0006959),예체능,105,2768500
2012,동명대학교,광고홍보학과(0012955),인문사회,120,1900300
2012,동명대학교,디지털애니메이션학과(0006335),예체능,140,2202200
2012,동명대학교,산업디자인학과(0008284),공학,146,2369300
2012,동명대학교,영미문화학과(0020201),인문사회,51,1938800
2012,동명대학교,일본학과(0014156),인문사회,48,1853500
2012,동명대학교,신문방송전공(0014244),인문사회,44,2469200
2012,동명대학교,광고홍보전공(0011524),인문사회,41,1900800
2012,동명대학교,경영학과 경영학전공(0047551),인문사회,37,288200
2012,동명대학교,사회복지학과 사회복지학전공(0027971),인문사회,31,267100
2012,동명대학교,미디어영상전공(0010581),예체능,24,2159500
2012,동명대학교,건축공학과 시설물유지관리전공(0000692),공학,17,562500
2012,동명대학교,자동차공학과 정밀기계시스템전공(0002823),공학,16,748900
2012,동명대학교,기계공학과(후진학)(0115141),공학,13,401800
2012,동명대학교,경영학과(후진학)(0114567),인문사회,13,0
2012,동명대학교,건축공학과 건설기술전공(0004257),공학,12,58300
2012,동명대학교,게임공학과(0000778),예체능,161,1960100
2012,동명대학교,방송영상학과(0006081),인문사회,221,2099400
2012,동명대학교,건축학과(0002223),공학,222,2837600
2012,동명대학교,전기공학과(0001011),공학,223,1914900
2012,동명대학교,경영정보학과(0016652),인문사회,234,1900400
2012,동명대학교,건축공학과(0002053),공학,237,2491600
2012,동명대학교,유통경영학과(0016268),인문사회,243,1962800
2012,동명대학교,간호학과(0008989),자연과학,247,2617200
2012,동명대학교,컴퓨터공학과(0004615),공학,255,2354400
2012,동명대학교,호텔경영학과(0011163),인문사회,259,1939100
2012,동명대학교,관광경영학과(0018523),인문사회,262,1922600
2012,동명대학교,경영학과(0020181),인문사회,263,2080700
2012,동명대학교,사회복지학과(0013426),인문사회,279,2546600
2012,동명대학교,국제통상학과(0019218),인문사회,304,2087400
2012,동명대학교,뷰티케어학과(0008123),예체능,219,2801100
2012,동명대학교,자동차공학과(0002912),공학,215,2540300
2012,동명대학교,조선공학과(0001207),공학,179,3058800
2012,동명대학교,패션디자인학과(0008579),예체능,163,2363800
2012,동명대학교,시각디자인학과(0007533),예체능,165,2117800
2012,동명대학교,기계공학과(0004758),공학,166,2274900
2012,동명대학교,실내건축학과(0001536),공학,168,2293100
2012,동명대학교,유아교육과(0013032),인문사회,172,2396700
2012,동명대학교,정보통신공학과(0005592),공학,173,2803300
2012,동명대학교,언어치료학과(0009247),인문사회,180,2409800
2012,동명대학교,정보보호학과(0002423),공학,185,2754200
2012,동명대학교,금융・회계학과(0043201),인문사회,186,1980000
2012,동명대학교,국제물류학과(0016675),인문사회,204,2480100
2012,동명대학교,유통경영학과(0019596),인문사회,27,818900
2012,동명대학교,컴퓨터공학과(0002642),공학,18,640600
2012,동명대학교,경영정보학과(0019629),인문사회,13,325200
2012,동명대학교,신문방송전공(0017202),인문사회,12,266600
2012,동명대학교,디지털애니메이션학과(0005980),예체능,12,76500
2012,동명대학교,정보보호학과(0002855),공학,11,1508800
2012,동명대학교,시각디자인학과(0007263),예체능,10,420400
2012,동명대학교,연극영화연기전공(0006147),공학,12,511700
2012,동명대학교,영상문예창작전공(0015792),인문사회,12,3426000
2012,동명대학교,영화(Film&Video)전공(0007125),예체능,12,2596800
2012,동명대학교,공공사회복지전공(0013608),인문사회,14,2800400
2012,동명대학교,환경공학전공(0004662),자연과학,18,2692300
2012,동명대학교,비쥬얼디자인학전공(0007078),예체능,19,1101900
2012,동명대학교,프로덕트디자인학전공(0008632),예체능,19,1149500
2012,동명대학교,스페이스디자인학전공(0006772),예체능,19,490800
2012,동명대학교,글로벌생명공학전공(0005356),자연과학,20,4240400
2012,동명대학교,글로벌금융전공(0011484),인문사회,30,4230900
2012,동명대학교,회계학전공(0011338),인문사회,33,3328500
2012,동명대학교,디지털방송전공(0010276),인문사회,41,2894700
2012,동명대학교,소프트웨어공학전공(0005215),공학,26,4794700
2012,동명대학교,디지털영상제작전공(0005282),예체능,102,2627600
2012,동명대학교,영상디자인학전공(0008491),예체능,108,2734100
2012,동명대학교,경영정보학전공(0014072),인문사회,111,2097800
2012,동명대학교,경찰행정학과(0018219),인문사회,117,2989700
2012,동명대학교,환경디자인학전공(0008185),자연과학,117,2775700
2012,동명대학교,회계정보학전공(0020015),인문사회,120,2466100
2012,동명대학교,건축설계학전공(0004957),공학,124,3066500
2012,동명대학교,신소재공학전공(0003382),공학,126,2638800
2012,동명대학교,사회복지학부(0014421),인문사회,131,2481300
2012,동명대학교,경영학전공(0016359),인문사회,95,2777600
2012,동명대학교,애니메이션&비주얼이펙트전공(0006695),예체능,76,2889100
2012,동명대학교,정보통신공학전공(0005654),공학,72,3096400
2012,동명대학교,식품생명공학전공(0002444),자연과학,70,2585700
2012,동명대학교,애니메이션전공(0007858),예체능,48,2460100
2012,동명대학교,산업경영공학과(0005060),인문사회,47,2414400
2012,동명대학교,영상문학전공(0019977),인문사회,46,3863000
2012,동명대학교,에너지환경공학전공(0004999),자연과학,41,3037700
2012,동명대학교,물류유통학전공(0017561),인문사회,41,1716800
2012,동명대학교,멀티미디어디자인학전공(0007522),예체능,41,2138400
2012,동명대학교,시스템경영공학과(0000876),인문사회,80,2644400
2012,동명대학교,국제관계학전공(0017693),인문사회,83,2895700
2012,동명대학교,식품영양학전공(0021854),자연과학,88,3320900
2012,동명대학교,게임전공(0002390),예체능,137,2726800
2012,동명대학교,청소년상담심리전공(0012444),인문사회,143,2924200
2012,동명대학교,방송영상전공(0006080),인문사회,216,3216400
2012,동명대학교,디자인학부(0005967),예체능,226,2273700
2012,동명대학교,금융선물보험학전공(0013867),인문사회,237,2601300
2012,동명대학교,간호학과(0009701),자연과학,239,3447700
2012,동명대학교,경영학부(0016696),인문사회,240,2004100
2012,동명대학교,관광경영학전공(0015190),인문사회,241,2701700
2012,동명대학교,국제물류학전공(0015915),인문사회,251,2955800
2012,동명대학교,사회복지학전공(0018682),인문사회,268,2869800
2012,동명대학교,시각디자인학전공(0006135),예체능,268,2245000
2012,동명대학교,일본어학과(0016228),인문사회,299,2519000
2012,동명대학교,중국어학과(0017042),인문사회,303,2831100
2012,동명대학교,전자공학과(0001074),공학,304,2848000
2012,동명대학교,영어학과(0018154),인문사회,306,2378900
2012,동명대학교,국제통상학전공(0017698),인문사회,321,2579900
2012,동명대학교,컴퓨터정보공학부(0000600),공학,209,2276900
2012,동명대학교,국제학부(0019105),인문사회,203,2573700
2012,동명대학교,토목공학전공(0001344),공학,202,2738900
2012,동명대학교,에너지/생명공학부(0000487),자연과학,146,2342100
2012,동명대학교,영화과(0006529),예체능,153,2737400
2012,동명대학교,산업디자인학전공(0008493),공학,154,2495700
2012,동명대학교,패션디자인학전공(0008433),예체능,154,2288600
2012,동명대학교,건축공학전공(0005505),공학,154,2903700
2012,동명대학교,호텔경영학전공(0019654),인문사회,156,2651400
2012,동명대학교,정보네트워크공학전공(0001154),공학,158,2979100
2012,동명대학교,영상매스컴학부(0010829),예체능,159,3009200
2012,동명대학교,건축토목공학부(0005433),공학,162,2507000
2012,동명대학교,관광학부(0016495),인문사회,163,2117900
2012,동명대학교,임상병리학과(0009239),자연과학,171,2968000
2012,동명대학교,컴퓨터공학전공(0003583),공학,183,2705800
2012,동명대학교,보건행정학과(0020117),인문사회,192,2690600
2012,동명대학교,광고PR전공(0019142),인문사회,198,3120800
2012,동신대학교,중국어학과(0020044),인문사회,94,2460500
2012,동신대학교,건축공학과(0005896),공학,95,2740000
2012,동신대학교,정보통신공학과(0004288),공학,98,2723100
2012,동신대학교,토목공학과(0002556),공학,103,2394600
2012,동신대학교,한의예과(0010032),자연과학,103,3133600
2012,동신대학교,호텔관광학과(0015519),인문사회,107,2400500
2012,동신대학교,관광일본어학과(0018123),인문사회,108,2311200
2012,동신대학교,도시계획학과(0018912),인문사회,109,2305800
2012,동신대학교,한약재산업학과(0022003),공학,120,2712500
2012,동신대학교,한국어교원학과(0013494),인문사회,126,2454200
2012,동신대학교,안경광학과(0009423),공학,128,2291800
2012,동신대학교,실용음악학과(0007000),예체능,92,2403500
2012,동신대학교,방송연예학과(0007504),인문사회,90,2895800
2012,동신대학교,보석귀금속학과(0004271),공학,85,2273500
2012,동신대학교,아동영어교육학과(0019108),인문사회,84,2705300
2012,동신대학교,컴퓨터학과(0005792),공학,75,2871700
2012,동신대학교,정보보안학과(0003401),공학,47,4174600
2012,동신대학교,건축공학ㆍ리모델링전공(0035362),공학,31,2472700
2012,동신대학교,환경학과(0021326),자연과학,13,1615500
2012,동신대학교,산업디자인학과(0007620),공학,12,2204300
2012,동신대학교,사회복지학과(0011969),인문사회,11,2758200
2012,동신대학교,귀금속디자인세공학과(0008958),공학,10,3778000
2012,동신대학교,조경학과(0001202),공학,143,2773100
2012,동신대학교,생활체육학과(0007350),예체능,144,3489600
2012,동신대학교,간호학과(0009877),자연과학,542,3151900
2012,동신대학교,경찰행정학과(0013956),인문사회,420,2273900
2012,동신대학교,소방행정학과(0012014),인문사회,374,2597400
2012,동신대학교,물리치료학과(0010084),자연과학,364,3354000
2012,동신대학교,사회복지학과(0016970),인문사회,234,2992600
2012,동신대학교,한의학과(0009396),의학,205,1587000
2012,동신대학교,전기공학과(0000340),공학,204,2898000
2012,동신대학교,뷰티미용학과(0007729),예체능,190,2960400
2012,동신대학교,언어치료학과(0010126),인문사회,174,2564000
2012,동신대학교,상담심리학과(0015087),인문사회,174,3199000
2012,동신대학교,보건행정학과(0014422),인문사회,172,2670800
2012,동신대학교,관광경영학과(0016108),인문사회,172,2187300
2012,동신대학교,유아교육학과(0011040),인문사회,163,2752500
2012,동신대학교,식품영양학과(0022161),자연과학,149,2813800
2012,동아대학교,정치외교학과(0013171),인문사회,126,1900800
2012,동아대학교,국어국문학과(0010427),인문사회,120,1877300
2012,동아대학교,건축학과(0000034),공학,118,2636000
2012,동아대학교,미술학과(0115735),예체능,70,2105000
2012,동아대학교,식품영양학과(0116875),자연과학,71,2268200
2012,동아대학교,국제관광학과(0017768),인문사회,73,1803000
2012,동아대학교,기악학과(0006217),예체능,74,2245200
2012,동아대학교,섬유미술학과(0007816),공학,74,2048800
2012,동아대학교,건축학과(5)(0002252),공학,82,2691800
2012,동아대학교,의학과(0009752),의학,95,2563000
2012,동아대학교,윤리문화학과(0016173),인문사회,100,2310600
2012,동아대학교,철학과(0016590),인문사회,102,2205000
2012,동아대학교,섬유산업학과(0004374),공학,103,2176500
2012,동아대학교,관광경영학과(0013270),인문사회,131,2103400
2012,동아대학교,패션디자인학과(0008202),예체능,134,2524900
2012,동아대학교,국제학부 일본학전공(0044291),인문사회,206,2381400
2012,동아대학교,행정학과(0016788),인문사회,209,2365800
2012,동아대학교,건축공학과(0005835),공학,218,2313600
2012,동아대학교,체육학과(0006791),예체능,225,3708200
2012,동아대학교,국제무역학과(0011787),인문사회,230,2078900
2012,동아대학교,수학과(0020802),자연과학,234,2103100
2012,동아대학교,화학과(0022237),자연과학,238,2540500
2012,동아대학교,국제관광학과(0010460),인문사회,250,2368400
2012,동아대학교,식품영양학과(0022342),자연과학,252,2381200
2012,동아대학교,신문방송학과(0016185),인문사회,252,2557900
2012,동아대학교,환경공학과(0004775),자연과학,264,2275000
2012,동아대학교,국어국문학과(0020046),인문사회,265,2529400
2012,동아대학교,중어중문학과(0018381),인문사회,284,2253800
2012,동아대학교,경제학과(0015827),인문사회,304,2462300
2012,동아대학교,간호학과(0010155),자연과학,310,2331000
2012,동아대학교,금융학과(0015657),인문사회,319,2169600
2012,동아대학교,컴퓨터공학과(0003297),공학,343,2658500
2012,동아대학교,경영학과(0014085),인문사회,364,2084500
2012,동아대학교,산업경영공학과(0005661),인문사회,393,2090300
2012,동아대학교,영어영문학과(0018601),인문사회,417,1944200
2012,동아대학교,토목공학과(0001325),공학,443,2257100
2012,동아대학교,관광경영학과(0016848),인문사회,447,2188800
2012,동아대학교,신소재공학과(0004080),공학,463,2370900
2012,동아대학교,화학공학과(0003861),자연과학,465,2755900
2012,동아대학교,전기공학과(0001962),공학,510,2134600
2012,동아대학교,국제무역학과(0019053),인문사회,524,2358700
2012,동아대학교,경영정보학과(0015687),인문사회,547,2042200
2012,동아대학교,전자공학과(0001981),공학,645,2290800
2012,동아대학교,기계공학과(0004254),공학,1094,2273900
2012,동아대학교,경영학과(0013671),인문사회,1342,2214700
2012,동아대학교,도시계획학과(0015845),인문사회,205,2266700
2012,동아대학교,생명공학과(0003203),자연과학,203,2162700
2012,동아대학교,국제학부 국제학전공(0043348),인문사회,202,2370700
2012,동아대학교,건축・디자인・패션대학 패션디자인학과(0008105),공학,136,2521100
2012,동아대학교,의약생명공학과(0021671),자연과학,144,2327600
2012,동아대학교,건축・디자인・패션대학 산업디자인학과(0007793),공학,148,2668700
2012,동아대학교,교육학과(0018989),인문사회,149,2435400
2012,동아대학교,생활체육학과(0007918),예체능,151,3363800
2012,동아대학교,독어독문학과(0020041),인문사회,152,2318100
2012,동아대학교,회화학과(0007004),자연과학,155,2452400
2012,동아대학교,공예학과(0007194),예체능,156,2780900
2012,동아대학교,행정학과(0011141),인문사회,159,2117800
2012,동아대학교,영어영문학과(0012978),인문사회,160,1997500
2012,동아대학교,분자생명공학과(0023348),자연과학,164,2221300
2012,동아대학교,프랑스문화학과(0019770),인문사회,164,2233400
2012,동아대학교,아동가족학과(0015079),인문사회,166,2543400
2012,동아대학교,문예창작학과(0015846),인문사회,171,2464600
2012,동아대학교,산업디자인학과(0008079),공학,182,2723000
2012,동아대학교,정치외교학과(0010855),인문사회,184,2332300
2012,동아대학교,신소재물리학과(0020900),자연과학,185,2277000
2012,동아대학교,국제학부 중국학전공(0027816),인문사회,188,2090200
2012,동아대학교,사회복지학과(0014022),인문사회,191,2535500
2012,동아대학교,음악학과(0007226),예체능,191,2274300
2012,동아대학교,생물.의생명과학과(0032563),자연과학,194,2246500
2012,동아대학교,고고미술사학과(0015187),인문사회,196,2266000
2012,동아대학교,경제학과(0011683),인문사회,198,1550600
2012,동아대학교,법학부(0014583),인문사회,200,1884300
2012,동아대학교,조경학과(0005417),공학,202,2697700
2012,동아대학교,섬유조형디자인학과(0006216),공학,66,2263300
2012,동아대학교,생명과학과(0022637),자연과학,65,2073100
2012,동아대학교,실용음악학과(0008023),예체능,62,2736100
2012,동아대학교,무용학과(0007671),예체능,22,2921600
2012,동아대학교,법학부(0019314),인문사회,24,2205600
2012,동아대학교,국제법무학과(0016265),인문사회,29,2272800
2012,동아대학교,일어일문학과(0011065),인문사회,42,1330300
2012,동아대학교,건축학전공(5년)(0003469),공학,47,3196000
2012,동아대학교,유기재료고분자공학과(0117340),공학,50,1851700
2012,동아대학교,아동가족학과(0117007),인문사회,51,2403800
2012,동아대학교,의예과(0009212),자연과학,57,2408000
2012,동아대학교,철학・윤리문화학과(0118301),인문사회,57,1763900
2012,동아대학교,산업공학과(0003094),공학,59,6410000
2012,동양대학교,정보통신공학과(0000295),공학,91,1998500
2012,동양대학교,정보통신공학부(0002269),공학,90,2090500
2012,동양대학교,생활체육학과(0007238),예체능,82,3693500
2012,동양대학교,디자인경영학과(0006619),인문사회,72,2981600
2012,동양대학교,연극영화학과(0008685),자연과학,58,3654900
2012,동양대학교,보건의료행정학과(0012801),인문사회,58,2447200
2012,동양대학교,철도전기통신학과(0001404),공학,54,3535300
2012,동양대학교,패션경영학과(0007037),인문사회,38,2492600
2012,동양대학교,항공비서학부(0016279),인문사회,96,1417500
2012,동양대학교,문화재발굴보존학과(0016534),인문사회,103,2362100
2012,동양대학교,건축실내학과(0003904),공학,111,2331300
2012,동양대학교,행정경찰학부(0013563),인문사회,410,2950500
2012,동양대학교,철도운전제어학과(0004360),공학,320,2201600
2012,동양대학교,철도경영학과(0013036),인문사회,306,2700200
2012,동양대학교,경영관광학부(0018863),인문사회,298,2002400
2012,동양대학교,사회복지학과(0016814),인문사회,251,2483200
2012,동양대학교,철도차량학과(0001157),공학,210,2148700
2012,동양대학교,간호학과(0009147),자연과학,180,3422100
2012,동양대학교,항공비서학과(0018736),인문사회,174,2278100
2012,동양대학교,전자유도기술학과(0005653),공학,157,1994000
2012,동양대학교,컴퓨터정보전학과(0001589),공학,148,2208300
2012,동양대학교,철도토목학과(0000489),공학,137,2312800
2012,동양대학교,유아교육과(0013079),인문사회,133,2341100
2012,동양대학교,건축소방행정학과(0001987),인문사회,128,2391300
2012,동양대학교,국제통상영어과(0014994),인문사회,123,2761400
2012,동양대학교,보석귀금속학과(0001482),공학,119,1876300
2012,동양대학교,생명화학공학과(0002605),자연과학,116,2760100
2012,동의대학교,문예창작학과(0010775),인문사회,133,2288500
2012,동의대학교,정치외교학과(0012161),인문사회,149,1885900
2012,동의대학교,국제관광학과(0011778),인문사회,149,1961000
2012,동의대학교,수학과(0022985),자연과학,157,1749200
2012,동의대학교,문헌정보학과(0017860),인문사회,158,2128400
2012,동의대학교,평생교육학과(0015496),인문사회,164,2412100
2012,동의대학교,게임공학과(0005601),예체능,164,2080500
2012,동의대학교,국어국문학과(0017252),인문사회,167,1785800
2012,동의대학교,영상정보공학과(0001487),공학,175,1759700
2012,동의대학교,건축학과(0002739),공학,181,2366300
2012,동의대학교,경찰행정학과(0011715),인문사회,184,2164900
2012,동의대학교,경찰행정학부(0017729),인문사회,186,2308100
2012,동의대학교,화학과(0023118),자연과학,132,2211000
2012,동의대학교,생명응용학과(0021546),자연과학,129,1913700
2012,동의대학교,국제관광경영학과(0017720),인문사회,124,2185800
2012,동의대학교,중어중문학과(0019320),인문사회,70,1813600
2012,동의대학교,경영·회계학부(0052716),인문사회,72,293100
2012,동의대학교,독어독문학과(0019257),인문사회,74,1969200
2012,동의대학교,일어일문학과(0013877),인문사회,84,1689800
2012,동의대학교,행정학과(0014011),인문사회,84,2058000
2012,동의대학교,외식산업경영학과(0019904),인문사회,86,1664800
2012,동의대학교,경영학과(0013157),인문사회,90,1772000
2012,동의대학교,물리학과(0022337),자연과학,92,1600200
2012,동의대학교,호텔・컨벤션경영학과(0050023),인문사회,97,1903600
2012,동의대학교,사회복지학과(0016138),인문사회,99,1956100
2012,동의대학교,불어불문학과(0016284),인문사회,101,1953400
2012,동의대학교,한의예과(0009457),자연과학,106,1476300
2012,동의대학교,컴퓨터과학과(0000558),공학,111,2105900
2012,동의대학교,영화학과(0006971),자연과학,112,1932600
2012,동의대학교,미술학과(0007091),예체능,117,1941200
2012,동의대학교,데이터정보학과(0023188),공학,118,2314200
2012,동의대학교,철학・윤리문화학과(0036423),인문사회,118,1888200
2012,동의대학교,건축설비공학과(0002259),공학,187,2272500
2012,동의대학교,체육학과(0007899),예체능,188,3500200
2012,동의대학교,광고홍보학과(0019864),인문사회,245,2195200
2012,동의대학교,경제학과(0016874),인문사회,247,1851800
2012,동의대학교,경영정보학과(0013315),인문사회,249,1742100
2012,동의대학교,전자공학과(0002909),공학,251,1646900
2012,동의대학교,음악학과(0007730),예체능,254,1975800
2012,동의대학교,영어영문학과(0012184),인문사회,256,1598700
2012,동의대학교,중어중문학과(0017279),인문사회,261,1591200
2012,동의대학교,외식산업경영학과(0019839),인문사회,263,1998200
2012,동의대학교,신문방송학과(0010593),인문사회,267,2007700
2012,동의대학교,전기공학과(0005011),공학,273,1783800
2012,동의대학교,토목공학과(0004509),공학,276,1884900
2012,동의대학교,사회복지학과(0014069),인문사회,279,2182900
2012,동의대학교,호텔・컨벤션경영학과(0043500),인문사회,280,2086000
2012,동의대학교,산업디자인학과(0006084),공학,281,2038900
2012,동의대학교,일어일문학과(0018051),인문사회,286,1728900
2012,동의대학교,회계학과(0011331),인문사회,303,2051500
2012,동의대학교,무역학과(0018299),인문사회,304,2052100
2012,동의대학교,조선해양공학과(0001551),자연과학,231,1948100
2012,동의대학교,정보통신공학과(0000297),공학,228,1737800
2012,동의대학교,환경공학과(0001253),자연과학,192,2280700
2012,동의대학교,법학과(0014595),인문사회,192,2161100
2012,동의대학교,신소재공학과(0005695),공학,192,1841800
2012,동의대학교,도시공학과(0000831),인문사회,195,2199100
2012,동의대학교,산업경영공학과(0000913),인문사회,195,1617600
2012,동의대학교,한의학과(0010024),의학,196,1728200
2012,동의대학교,보육・가정상담학과(0043282),인문사회,201,2248300
2012,동의대학교,임상병리학과(0009977),자연과학,202,2179100
2012,동의대학교,재무부동산학과(0010839),인문사회,203,1415700
2012,동의대학교,생명공학과(0004038),자연과학,205,1992800
2012,동의대학교,화학공학과(0004811),자연과학,208,1814200
2012,동의대학교,패션디자인학과(0007545),예체능,212,2006100
2012,동의대학교,금융보험학과(0012823),인문사회,219,1913900
2012,동의대학교,컴퓨터소프트웨어공학과(0002692),공학,220,1762700
2012,동의대학교,행정학과(0017992),인문사회,221,2071400
2012,동의대학교,건축공학과(0005617),공학,221,2072500
2012,동의대학교,식품영양학과(0021564),자연과학,221,1909100
2012,동의대학교,운동처방재활학과(0008884),자연과학,69,3076000
2012,동의대학교,컴퓨터공학과(0001220),공학,314,1854200
2012,동의대학교,법・경찰행정학부(0027987),인문사회,65,53900
2012,동의대학교,유아교육과(0013168),인문사회,59,3421000
2012,동의대학교,의료경영학과(0014820),인문사회,53,2233300
2012,동의대학교,특수체육학과(0006595),인문사회,50,3999700
2012,동의대학교,관광경영학과(0014334),인문사회,45,88200
2012,동의대학교,디지털문화콘텐츠공학과(0002762),인문사회,27,2956200
2012,동의대학교,물리치료학과(0115662),자연과학,25,1771800
2012,동의대학교,유아교육학과(0014227),인문사회,24,1696000
2012,동의대학교,경영학과(0011576),인문사회,354,2054500
2012,동의대학교,간호학과(0009144),자연과학,359,1971200
2012,동의대학교,유통관리학과(0020120),인문사회,389,1721300
2012,동의대학교,기계공학과(0001470),공학,393,1867700
2012,루터대학교,사회복지학과(0016466),인문사회,147,1917700
2012,루터대학교,언어치료학과(0009692),인문사회,136,2625100
2012,루터대학교,공연예술학과(0008055),예체능,54,2851600
2012,루터대학교,영어학과(0018234),인문사회,16,2022200
2012,명지대학교,수학과(0020373),자연과학,177,2316100
2012,명지대학교,식품영양학과(0020325),자연과학,189,2701500
2012,명지대학교,체육학부(0008461),예체능,237,3258600
2012,명지대학교,토목환경공학과(0001161),자연과학,263,2250200
2012,명지대학교,신소재공학과(0005546),공학,267,2591100
2012,명지대학교,생명과학정보학부(0022963),자연과학,289,2421900
2012,명지대학교,환경에너지공학과(0001726),자연과학,298,2424300
2012,명지대학교,화학공학과(0004316),자연과학,328,2624700
2012,명지대학교,전기공학과(0001923),공학,340,2311000
2012,명지대학교,산업경영공학과(0005193),인문사회,343,2439100
2012,명지대학교,건축학부 건축학전공(5년제)(0059007),공학,413,2618600
2012,명지대학교,전자공학과(0002099),공학,450,2139300
2012,명지대학교,정보통신공학과(0000294),공학,512,2356700
2012,명지대학교,기계공학과(0004206),공학,524,2189400
2012,명지대학교,컴퓨터공학과(0000534),공학,537,2270400
2012,명지대학교,화학과(0020961),자연과학,170,2739900
2012,명지대학교,디자인학부 패션디자인전공(0057638),예체능,144,2230000
2012,명지대학교,음악학부(작곡전공)(0008241),예체능,56,2372200
2012,명지대학교,건축학부 전통건축전공(5년제)(0042637),공학,67,3018600
2012,명지대학교,공간디자인학과(0008167),예체능,74,2730000
2012,명지대학교,영화・뮤지컬학부 영화전공(0026106),예체능,76,2939200
2012,명지대학교,음악학부(성악전공)(0006215),예체능,105,2028700
2012,명지대학교,디자인학부 시각디자인전공(0023764),예체능,122,2121000
2012,명지대학교,영화・뮤지컬학부 뮤지컬공연전공(0030732),예체능,123,3124500
2012,명지대학교,음악학부(피아노전공)(0008414),예체능,127,2421100
2012,명지대학교,디자인학부 산업디자인전공(0023762),공학,133,1897700
2012,명지대학교,디자인학부 영상디자인전공(0028328),예체능,134,2326200
2012,명지대학교,물리학과(0023121),자연과학,134,2742400
2012,명지대학교,체육학부 경기지도학전공(0048638),예체능,139,7760800
2012,명지대학교 _제2캠퍼스,일어일문학과(0011066),인문사회,249,2358100
2012,명지대학교 _제2캠퍼스,경영정보학과(0018607),인문사회,269,2436000
2012,명지대학교 _제2캠퍼스,중어중문학과(0017732),인문사회,281,2576000
2012,명지대학교 _제2캠퍼스,경제학과(0018775),인문사회,433,2178800
2012,명지대학교 _제2캠퍼스,행정학과(0011133),인문사회,473,2381900
2012,명지대학교 _제2캠퍼스,정치외교학과(0016399),인문사회,477,2410300
2012,명지대학교 _제2캠퍼스,영어영문학과(0012190),인문사회,492,2281200
2012,명지대학교 _제2캠퍼스,법학과(0012027),인문사회,518,2129600
2012,명지대학교 _제2캠퍼스,국제통상학과(0017697),인문사회,580,2503600
2012,명지대학교 _제2캠퍼스,경영학과(0019137),인문사회,1028,2404600
2012,명지대학교 _제2캠퍼스,문예창작학과(0016043),인문사회,228,2016100
2012,명지대학교 _제2캠퍼스,국어국문학과(0018631),인문사회,227,2599100
2012,명지대학교 _제2캠퍼스,사회복지학과(0011967),인문사회,34,4851600
2012,명지대학교 _제2캠퍼스,부동산학과(0014774),인문사회,61,4227200
2012,명지대학교 _제2캠퍼스,철학과(0019335),인문사회,134,2756900
2012,명지대학교 _제2캠퍼스,미술사학과(0015083),인문사회,149,2188100
2012,명지대학교 _제2캠퍼스,문헌정보학과(0017847),인문사회,183,2682100
2012,명지대학교 _제2캠퍼스,아동학과(0012283),인문사회,199,2565500
2012,명지대학교 _제2캠퍼스,아랍지역학과(0017206),인문사회,225,2316300
2012,목원대학교,스포츠산업과학부 사회체육학전공(0048910),공학,201,3368200
2012,목원대학교,중국학과(0013003),인문사회,190,2283700
2012,목원대학교,전자공학과(0001079),공학,186,2939600
2012,목원대학교,소방안전관리학과(0004169),공학,182,2758200
2012,목원대학교,건축학부 건축공학전공(0023641),공학,174,2451100
2012,목원대학교,도시공학과(0000130),인문사회,170,2578200
2012,목원대학교,시각디자인학과(0116783),예체능,159,2739100
2012,목원대학교,만화・애니메이션과(0115489),예체능,157,2683000
2012,목원대학교,건축학부 건축학전공(5년제)(0051154),공학,156,2825700
2012,목원대학교,정보컨설팅학과(0019655),공학,149,2199500
2012,목원대학교,산업디자인학과(0116378),공학,145,2461400
2012,목원대학교,섬유・패션코디네이션학과(0116545),공학,137,2523100
2012,목원대학교,바이오건강학부(0023505),자연과학,204,2708700
2012,목원대학교,디지털경제학과(0018153),인문사회,207,2246300
2012,목원대학교,금융보험부동산학과(0018708),인문사회,213,2423500
2012,목원대학교,정보통신공학과(0003757),공학,220,2651200
2012,목원대학교,영어영문학과(0017041),인문사회,225,2318800
2012,목원대학교,행정학과(0012400),인문사회,231,2672500
2012,목원대학교,컴퓨터공학부(0003013),공학,233,2625600
2012,목원대학교,사회복지학과(0010660),인문사회,281,2866300
2012,목원대학교,경찰법학과(0011700),인문사회,284,2635000
2012,목원대학교,서비스경영학부(0019073),인문사회,289,2404000
2012,목원대학교,무역학과(0019415),인문사회,296,2661500
2012,목원대학교,광고홍보언론학과(0015924),인문사회,363,2963900
2012,목원대학교,경영학과(0011587),인문사회,401,2114700
2012,목원대학교,영어교육과(0019602),인문사회,132,2309100
2012,목원대학교,국어국문학과(0010426),인문사회,130,2405400
2012,목원대학교,스포츠산업과학부골프전공(0008065),공학,29,1231300
2012,목원대학교,TV・영화학부 연기전공(0114212),자연과학,38,2646200
2012,목원대학교,기독교미술과(0115205),예체능,67,1953400
2012,목원대학교,컴퓨터교육과(0001954),인문사회,78,2290700
2012,목원대학교,유아교육과(0012303),인문사회,79,3115600
2012,목원대학교,독일언어문화학과(0018668),인문사회,91,2313100
2012,목원대학교,프랑스문화학과(0017226),인문사회,92,2168100
2012,목원대학교,한국음악학부(0008606),예체능,94,3503200
2012,목원대학교,신소재화학공학과(0116913),자연과학,105,2150900
2012,목원대학교,미술교육과(0008646),인문사회,124,2726800
2012,목원대학교,역사학과(0019024),인문사회,124,2289900
2012,목원대학교,국어교육과(0013882),인문사회,122,3276400
2012,목원대학교,TV・영화학부 TV・영화전공(0114211),자연과학,122,2942500
2012,목원대학교,음악교육과(0006560),인문사회,120,2940100
2012,목원대학교,작곡・재즈학부(0006864),예체능,118,3187600
2012,목원대학교,수학교육과(0021518),인문사회,113,2657100
2012,목원대학교,도자디자인학과(0115303),예체능,111,2605200
2012,목원대학교,성악・뮤지컬학부(0035322),예체능,109,2818400
2012,목원대학교,수학과(0020805),자연과학,108,2740700
2012,목포가톨릭대학교,유아교육과(0015374),인문사회,74,3998900
2012,목포가톨릭대학교,사회복지학과(0011964),인문사회,79,3091000
2012,목포가톨릭대학교,간호학과(0009472),자연과학,396,3195200
2012,배재대학교,일본학과(0016039),인문사회,162,2435900
2012,배재대학교,조경학전공(0005411),공학,161,2464000
2012,배재대학교,문화예술콘텐츠학과(0008610),인문사회,157,2394700
2012,배재대학교,법학전공(0013096),인문사회,154,1966300
2012,배재대학교,게임공학과(0005256),예체능,151,2405700
2012,배재대학교,생명공학과(0004740),자연과학,139,2604100
2012,배재대학교,비주얼아트디자인학과(0006686),예체능,138,2064600
2012,배재대학교,중국통상학전공(0014063),인문사회,138,2019400
2012,배재대학교,TESOL영어과(0020014),인문사회,137,2722700
2012,배재대학교,바이오・의생명공학과(0115757),자연과학,137,2366300
2012,배재대학교,심리철학과(0012267),인문사회,134,3243400
2012,배재대학교,외국어로서의한국어학과(0014249),인문사회,132,2948300
2012,배재대학교,사진영상디자인학과(0116134),예체능,131,2159100
2012,배재대학교,생물의약학과(0022668),자연과학,129,2133800
2012,배재대학교,러시아학과(0014277),인문사회,123,1956900
2012,배재대학교,건설환경ㆍ철도공학과(0005821),자연과학,162,2199000
2012,배재대학교,국어국문학과(0012723),인문사회,169,2475600
2012,배재대학교,경영학과(0015595),인문사회,609,2269600
2012,배재대학교,무역학과(0013940),인문사회,380,2301500
2012,배재대학교,영어영문학과(0018167),인문사회,361,2122000
2012,배재대학교,호텔・컨벤션경영학과(0017722),인문사회,357,2464800
2012,배재대학교,관광・이벤트경영학과(0018470),인문사회,342,2627200
2012,배재대학교,외식경영학과(자연과학계열)(0018608),인문사회,291,2542400
2012,배재대학교,의류패션학과(0023186),자연과학,289,1966100
2012,배재대학교,컴퓨터공학과(0001547),공학,246,2547800
2012,배재대학교,전자공학과(0004471),공학,233,2017700
2012,배재대학교,유아교육과(0013411),인문사회,222,3081100
2012,배재대학교,정보통신공학과(0000293),공학,218,1932500
2012,배재대학교,전자상거래학과(0017106),공학,205,2171600
2012,배재대학교,행정학과(0012399),인문사회,190,2598200
2012,배재대학교,클래식음악전공(0118632),예체능,188,2558400
2012,배재대학교,미디어정보・사회학과(0017826),공학,174,2334300
2012,배재대학교,가정교육과(0023471),인문사회,121,2677100
2012,배재대학교,원예학전공(0020922),자연과학,120,1896000
2012,배재대학교,독일어문화학과(0011852),인문사회,65,2730100
2012,배재대학교,응용화학전공(0021440),자연과학,54,2757800
2012,배재대학교,공무원법학전공(0018677),인문사회,51,1994500
2012,배재대학교,물리융합전기공학과(0002084),자연과학,50,1670800
2012,배재대학교,음악학부(0119962),예체능,46,2663400
2012,배재대학교,광・전기공학전공(0001872),공학,29,1866200
2012,배재대학교,법학과(0017446),인문사회,28,741700
2012,배재대학교,전산전자물리학전공(0023371),자연과학,18,2042600
2012,배재대학교,국제비즈니스학전공(0019044),인문사회,14,6989700
2012,배재대학교,정치외교학과(0057457),인문사회,11,1967500
2012,배재대학교,외식경영학과(인문사회계열)(0012274),인문사회,10,735200
2012,배재대학교,법학부(0013088),인문사회,67,1904500
2012,배재대학교,건축학부(0003725),공학,67,2259000
2012,배재대학교,여가서비스경영학과(0027819),인문사회,68,1886000
2012,배재대학교,미술조형디자인학과(0007266),예체능,118,2317400
2012,배재대학교,공공행정학과(0010456),인문사회,117,4344600
2012,배재대학교,스페인어・중남미학과(0017859),인문사회,114,2098800
2012,배재대학교,건축학전공(0001778),공학,114,2841000
2012,배재대학교,정치ㆍ언론학과(0011460),인문사회,111,2388900
2012,배재대학교,정보전자소재공학과(0004663),공학,109,2229500
2012,배재대학교,전산수학과(0020474),자연과학,109,2293500
2012,배재대학교,중국어학전공(0013564),인문사회,106,2184200
2012,배재대학교,간호학과(0010026),자연과학,100,3751300
2012,배재대학교,실버보건학과(인문사회계열)(0116958),인문사회,86,2423200
2012,배재대학교,실내건축학전공(0002550),공학,86,2344600
2012,배재대학교,나노고분자재료공학과(0004899),공학,84,2437000
2012,배재대학교,중국학부(0019993),인문사회,82,2054200
2012,배재대학교,프랑스어문화학과(0016557),인문사회,81,2384200
2012,백석대학교,사회복지학부(0010669),인문사회,1746,3420200
2012,백석대학교,정보통신학부(0003679),공학,1265,2965100
2012,백석대학교,어문학부(0019710),인문사회,1152,2865300
2012,백석대학교,관광학부(0018703),인문사회,1149,3076800
2012,백석대학교,디자인영상학부(0005956),예체능,907,4078400
2012,백석대학교,법정경찰학부(0011492),인문사회,789,3406500
2012,백석대학교,기독교문화예술학부 조형회화.인테리어디자인.공예디자인전공(0028033),인문사회,427,7803500
2012,백석대학교,간호학과(0009985),자연과학,377,4297800
2012,백석대학교,기독교문화예술학부 기독교실용음악전공(0205444),인문사회,342,0
2012,백석대학교,유아교육과(0016621),인문사회,324,3570900
2012,백석대학교,특수교육과(0013861),인문사회,280,3361900
2012,백석대학교,유아특수교육과(0017424),인문사회,196,3398100
2012,백석대학교,안경광학과(0010059),공학,189,3154900
2012,백석대학교,특수체육교육과(0017790),인문사회,176,4955200
2012,백석대학교,기독교미술학부(0008059),예체능,11,281800
2012,백석대학교,정보통신학부(0005694),공학,18,0
2012,백석대학교,기독교문화예술학부 성악・뮤지컬전공(0115204),인문사회,24,0
2012,백석대학교,기독교실용음악전공(0007686),예체능,43,0
2012,백석대학교,음악학부(0006211),예체능,55,2310200
2012,백석대학교,기독교문화예술학부 공연예술전공(0058030),인문사회,95,0
2012,백석대학교,기독교문화예술학부 피아노전공(0048983),인문사회,146,0
2012,백석대학교,물리치료학과(0009857),자연과학,146,4185000
2012,부산가톨릭대학교,경영정보학과(0010205),인문사회,123,2633400
2012,부산가톨릭대학교,사회복지학과(0014388),인문사회,191,3086800
2012,부산가톨릭대학교,유통경영학과(0019852),인문사회,215,2638600
2012,부산가톨릭대학교,임상병리학과(0009438),자연과학,230,3115400
2012,부산가톨릭대학교,언어청각치료학과(0009086),인문사회,243,2846500
2012,부산가톨릭대학교,물리치료학과(0009418),자연과학,249,3281100
2012,부산가톨릭대학교,병원경영학과(0019222),인문사회,336,3348200
2012,부산가톨릭대학교,경영학과(0010234),인문사회,341,2405800
2012,부산가톨릭대학교,간호학과(0009743),자연과학,398,3320500
2012,부산가톨릭대학교,환경행정학과(0021355),인문사회,123,2820600
2012,부산가톨릭대학교,컴퓨터공학과(0000538),공학,122,2729600
2012,부산가톨릭대학교,임상병리학과(0009241),자연과학,15,2144100
2012,부산가톨릭대학교,물리치료학과(0009011),자연과학,16,2326600
2012,부산가톨릭대학교,병원경영학과(0013078),인문사회,29,2351700
2012,부산가톨릭대학교,복지행정학전공(0016395),인문사회,66,2933200
2012,부산가톨릭대학교,간호학과(0009403),자연과학,78,1535300
2012,부산가톨릭대학교,사회복지상담학과(0015697),인문사회,82,3109300
2012,부산가톨릭대학교,환경공학과(0005844),자연과학,111,2971200
2012,부산가톨릭대학교,산업보건학과(0009191),자연과학,119,2761200
2012,부산교육대학교,과학교육과(0022564),인문사회,168,2073800
2012,부산교육대학교,영어교육과(0012983),인문사회,137,1784900
2012,부산교육대학교,국어교육과(0019336),인문사회,134,1912400
2012,부산교육대학교,유아교육과(0014525),인문사회,130,2054200
2012,부산교육대학교,교육학과(0010324),인문사회,129,2197400
2012,부산교육대학교,사회교육과(0019441),인문사회,128,2089800
2012,부산교육대학교,실과교육과(0014015),인문사회,126,2524200
2012,부산교육대학교,컴퓨터교육과(0001270),인문사회,126,2448900
2012,부산교육대학교,체육교육과(0007242),인문사회,124,2422300
2012,부산교육대학교,수학교육과(0020811),인문사회,127,1898400
2012,부산교육대학교,윤리교육과(0018372),인문사회,124,1912700
2012,부산교육대학교,미술교육과(0006031),인문사회,123,2057400
2012,부산교육대학교,음악교육과(0007765),인문사회,122,2018700
2012,부산대학교,해양학과(0022774),자연과학,182,2159700
2012,부산대학교,지질환경과학과(0022045),자연과학,184,2177600
2012,부산대학교,정치외교학과(0012164),인문사회,184,2293100
2012,부산대학교,대기환경과학과(0021436),자연과학,187,2680200
2012,부산대학교,중어중문학과(0012903),인문사회,192,2128500
2012,부산대학교,일어일문학과(0019955),인문사회,200,2079500
2012,부산대학교,통계학과(0022430),자연과학,200,2887800
2012,부산대학교,회계학전공(0014191),인문사회,212,1564700
2012,부산대학교,수학과(0021698),자연과학,215,2616300
2012,부산대학교,사회복지학과(0010663),인문사회,217,2584100
2012,부산대학교,경제학부(0010351),인문사회,217,2212500
2012,부산대학교,항공우주공학과(0003159),공학,220,2470300
2012,부산대학교,독어독문학과(0015380),인문사회,178,1936900
2012,부산대학교,신문방송학과(0017182),인문사회,177,2470200
2012,부산대학교,사회환경시스템공학부 환경공학전공(0029740),자연과학,175,3120200
2012,부산대학교,도시공학과(0001443),인문사회,170,2275800
2012,부산대학교,불어불문학과(0011887),인문사회,165,2192500
2012,부산대학교,문헌정보학과(0019774),인문사회,164,2487300
2012,부산대학교,조경학과(0002646),공학,161,2737900
2012,부산대학교,사회환경시스템공학부(0003577),자연과학,157,55800
2012,부산대학교,전자공학과(0000389),공학,154,2605500
2012,부산대학교,무용학과(0007572),예체능,150,2270000
2012,부산대학교,국어국문학과(0010423),인문사회,148,2359500
2012,부산대학교,미술학과(0008709),예체능,220,2230700
2012,부산대학교,디자인학과(0007683),예체능,221,2561300
2012,부산대학교,기계공학부(0004284),공학,1554,2756000
2012,부산대학교,정보컴퓨터공학부(0005646),공학,661,2438500
2012,부산대학교,전자전기공학부(0003518),공학,615,2572200
2012,부산대학교,경영학과(0018196),인문사회,520,2846800
2012,부산대학교,재료공학부(0002987),공학,455,2852300
2012,부산대학교,경영학전공(0017663),인문사회,421,2070600
2012,부산대학교,간호학과(0009823),자연과학,367,2707700
2012,부산대학교,조선·해양공학과(0037546),자연과학,340,2959400
2012,부산대학교,사회환경시스템공학부 토목공학전공(0025155),자연과학,339,2886000
2012,부산대학교,화학과(0022614),자연과학,323,2586800
2012,부산대학교,물리학과(0023325),자연과학,287,2323100
2012,부산대학교,무역학전공(0018497),인문사회,286,2562300
2012,부산대학교,음악학과(0008850),예체능,280,2546600
2012,부산대학교,행정학과(0018104),인문사회,279,2177500
2012,부산대학교,경제학과(0019609),인문사회,278,2011300
2012,부산대학교,화공생명공학부(0005382),자연과학,265,3307500
2012,부산대학교,영어영문학과(0015870),인문사회,260,2437400
2012,부산대학교,건축공학과(0004814),공학,259,2214800
2012,부산대학교,무역학부(0016581),인문사회,253,2453400
2012,부산대학교,생명과학과(0023116),자연과학,243,2636600
2012,부산대학교,식품영양학과(0022186),자연과학,243,2508700
2012,부산대학교,심리학과(0013371),인문사회,242,2221400
2012,부산대학교,산업공학과(0004923),공학,239,2303500
2012,부산대학교,의류학과(0022026),자연과학,237,2323300
2012,부산대학교,법학과(0013767),인문사회,229,1155100
2012,부산대학교,고분자공학과(0003313),공학,225,3144700
2012,부산대학교,건축학과(0005201),공학,144,3761900
2012,부산대학교,식물생명과학과(0020258),자연과학,143,2393300
2012,부산대학교,관광컨벤션학과(0014697),인문사회,79,2938700
2012,부산대학교,화학교육과(0021506),인문사회,75,2403900
2012,부산대학교,생물교육과(0022247),인문사회,72,2844900
2012,부산대학교,약학부(0009899),자연과학,71,50300
2012,부산대학교,건축학전공(0000773),공학,70,616700
2012,부산대학교,교육학과(0016426),인문사회,70,2541600
2012,부산대학교,제약학전공(0009092),자연과학,69,4765400
2012,부산대학교,바이오환경에너지학과(0021464),자연과학,69,4866800
2012,부산대학교,약학전공(0010067),자연과학,65,5683900
2012,부산대학교,윤리교육과(0017606),인문사회,64,2580200
2012,부산대학교,국악학과(0007080),예체능,62,977300
2012,부산대학교,조선·해양공학과(삼성중공업)(0056460),자연과학,60,0
2012,부산대학교,지역환경시스템공학과(0022138),인문사회,58,298100
2012,부산대학교,물리교육과(0021804),인문사회,56,2841000
2012,부산대학교,국제학부(0016867),인문사회,55,2629100
2012,부산대학교,불어교육과(0015542),인문사회,51,1972100
2012,부산대학교,독어교육과(0010520),인문사회,42,2368400
2012,부산대학교,관광컨벤션학부(0012384),인문사회,41,3711800
2012,부산대학교,바이오메디컬공학과(0003741),자연과학,41,581600
2012,부산대학교,바이오정보전자전공(0021908),자연과학,25,2587100
2012,부산대학교,화학공학과(LG하우시스)(0204090),자연과학,17,0
2012,부산대학교,지구과학교육과(0021670),인문사회,82,2793800
2012,부산대학교,유아교육과(0014940),인문사회,86,2730100
2012,부산대학교,금융공학전공(0014184),인문사회,86,2097500
2012,부산대학교,노어노문학과(0019201),인문사회,137,2369000
2012,부산대학교,영어교육과(0016533),인문사회,136,2649400
2012,부산대학교,언어정보학과(0017773),인문사회,136,2530400
2012,부산대학교,동물생명자원과학과(0020519),자연과학,133,2302900
2012,부산대학교,바이오산업기계공학과(0005943),자연과학,132,2740100
2012,부산대학교,생명환경화학과(0022147),자연과학,130,2504000
2012,부산대학교,예술문화영상학과(0007791),인문사회,125,2331400
2012,부산대학교,한문학과(0013868),인문사회,124,2289700
2012,부산대학교,바이오소재과학과(0001172),자연과학,122,2568900
2012,부산대학교,국어교육과(0020164),인문사회,119,3106000
2012,부산대학교,전기공학과(0004741),공학,116,2714200
2012,부산대학교,수학교육과(0020392),인문사회,116,3287100
2012,부산대학교,철학과(0011154),인문사회,115,2128500
2012,부산대학교,특수교육과(0012730),인문사회,86,2839700
2012,부산대학교,지리교육과(0012587),인문사회,88,3699100
2012,부산대학교,역사교육과(0017410),인문사회,90,2454000
2012,부산대학교,일반사회교육과(0017819),인문사회,91,2938400
2012,부산대학교,한국음악학과(0008888),예체능,97,2945700
2012,부산대학교,고고학과(0018322),인문사회,108,2382600
2012,부산대학교,체육교육과(0007547),인문사회,109,3825100
2012,부산대학교,아동가족학과(0015833),인문사회,110,3135600
2012,부산대학교,농업경제학과(0016622),인문사회,113,2199500
2012,부산대학교,원예생명과학과(0023144),자연과학,113,2545900
2012,부산대학교,주거환경학과(0022976),자연과학,115,2416100
2012,부산외국어대학교,비즈니스일본어학부(0116119),인문사회,192,2271200
2012,부산외국어대학교,영어학부(0117249),인문사회,187,1977200
2012,부산외국어대학교,중국어학부(0118195),인문사회,182,1873500
2012,부산외국어대학교,러시아・인도통상학부(0115437),인문사회,175,2411300
2012,부산외국어대학교,사회체육학부(0006909),예체능,175,3160900
2012,부산외국어대학교,외교학과(0014463),인문사회,173,2642600
2012,부산외국어대학교,영상미디어학과(0016925),예체능,170,2643000
2012,부산외국어대학교,국제비서학과(0114956),인문사회,218,2653400
2012,부산외국어대학교,중국지역통상학과(0118201),인문사회,218,2256300
2012,부산외국어대학교,국제무역학과(0114948),인문사회,252,2328000
2012,부산외국어대학교,한국어문학부(0012524),인문사회,273,2402800
2012,부산외국어대학교,회계・세무행정학부(0119291),인문사회,275,2056900
2012,부산외국어대학교,스페인어과(0116711),인문사회,299,2810400
2012,부산외국어대학교,커뮤니케이션일본어학부(0118488),인문사회,341,2665100
2012,부산외국어대학교,법・경찰학부(0115835),인문사회,359,2195900
2012,부산외국어대학교,경영학부(0114570),인문사회,371,2166900
2012,부산외국어대학교,비즈니스일본어학부(0116120),인문사회,383,2663800
2012,부산외국어대학교,중국어학부(0118196),인문사회,390,2901600
2012,부산외국어대학교,영어학부(0117250),인문사회,655,2711400
2012,부산외국어대학교,러시아어과(0115439),인문사회,166,2655400
2012,부산외국어대학교,경제학과(0114603),인문사회,166,2018700
2012,부산외국어대학교,EU지역통상학과(0114143),인문사회,161,2646000
2012,부산외국어대학교,프랑스어과(0118813),인문사회,33,1853100
2012,부산외국어대학교,임베디드소프트웨어학과(0117698),공학,40,2328100
2012,부산외국어대학교,스포츠・재활복지학부(재활복지전공)(0116714),자연과학,43,1968100
2012,부산외국어대학교,데이터경영・금융학부(0204645),인문사회,58,1387800
2012,부산외국어대학교,정보수리학과(0022170),공학,65,3083200
2012,부산외국어대학교,스포츠・재활복지학부(사회체육전공)(0116713),자연과학,69,3436700
2012,부산외국어대학교,영어통번역학부(0117241),인문사회,73,2295800
2012,부산외국어대학교,데이터경영학과(0022592),인문사회,74,2137000
2012,부산외국어대학교,사회복지학과(0012889),인문사회,118,3528700
2012,부산외국어대학교,컴퓨터공학과(0001772),공학,151,3112200
2012,부산외국어대학교,태국어과(0118633),인문사회,150,2355300
2012,부산외국어대학교,역사관광학과(0014399),인문사회,142,2240100
2012,부산외국어대학교,독일어과(0115307),인문사회,137,2407400
2012,부산외국어대학교,터키・중앙아시아어과(0118645),인문사회,133,2421500
2012,부산장신대학교,사회복지학과(0018524),인문사회,19,2834900
2012,부산장신대학교,사회복지상담학과(0015507),인문사회,51,4833700
2012,부산장신대학교,특수교육과(0018197),인문사회,87,3702000
2012,삼육대학교,일본어과(0011046),인문사회,174,2408700
2012,삼육대학교,건축학과(0002819),공학,175,2606400
2012,삼육대학교,중국어과(0013501),인문사회,181,2184800
2012,삼육대학교,생활체육학과(0008859),예체능,184,2526400
2012,삼육대학교,경영학부(0011637),인문사회,185,2447300
2012,삼육대학교,상담심리학과(0012106),인문사회,198,2694200
2012,삼육대학교,물리치료학과(0009906),자연과학,201,3005300
2012,삼육대학교,식품영양학과(0022454),자연과학,213,2590500
2012,삼육대학교,커뮤니케이션디자인학과(0008753),예체능,223,2033500
2012,삼육대학교,유아교육과(0013211),인문사회,226,2500500
2012,삼육대학교,음악학과(0008024),예체능,229,2319600
2012,삼육대학교,경영학과(0013247),인문사회,261,2184100
2012,삼육대학교,간호학과(0008992),자연과학,288,3156100
2012,삼육대학교,컴퓨터학부(0001309),공학,344,2716900
2012,삼육대학교,영미어문학부(0012146),인문사회,470,2036000
2012,삼육대학교,화학과(0021418),자연과학,167,2278000
2012,삼육대학교,경영학과(0014434),인문사회,40,2901000
2012,삼육대학교,간호학과(특별과정)(0009126),자연과학,64,2276100
2012,삼육대학교,사회복지학부(0016881),인문사회,71,2920800
2012,삼육대학교,동물생명공학전공(0021458),자연과학,76,2258200
2012,삼육대학교,사회복지학전공(0018213),인문사회,98,3090200
2012,삼육대학교,보건관리학전공(0009194),자연과학,100,2623600
2012,삼육대학교,경영정보학과(0014115),인문사회,103,2541500
2012,삼육대학교,약학과(0009478),자연과학,106,2054300
2012,삼육대학교,원예학과(0021145),자연과학,148,2280500
2012,삼육대학교,생명과학과(0021910),자연과학,155,2678800
2012,삼육대학교,환경그린디자인학과(0007006),자연과학,158,2299400
2012,삼육대학교,미술컨텐츠학과(0007843),예체능,165,1957900
2012,상명대학교,공업화학과(0005373),자연과학,171,3221100
2012,상명대학교,소비자주거학과(0021857),인문사회,166,3124100
2012,상명대학교,역사콘텐츠학과(0017522),인문사회,165,3152600
2012,상명대학교,일어교육과(0012329),인문사회,164,2558800
2012,상명대학교,문헌정보학과(0014414),인문사회,164,3118000
2012,상명대학교,법학과(0016824),인문사회,157,3135400
2012,상명대학교,가족복지학과(0014032),인문사회,153,3199600
2012,상명대학교,무용예술학과(0115575),예체능,149,2716400
2012,상명대학교,지리학과(0023412),인문사회,142,3241700
2012,상명대학교,수학교육과(0023485),인문사회,142,3057400
2012,상명대학교,의류학과(0020460),자연과학,181,2470900
2012,상명대학교,생명과학과(0030324),자연과학,183,3070000
2012,상명대학교,화학과(0119240),자연과학,196,3110000
2012,상명대학교,국어교육과(0011725),인문사회,211,2914400
2012,상명대학교,영어교육과(0014068),인문사회,226,2583400
2012,상명대학교,행정학과(0018664),인문사회,241,2709200
2012,상명대학교,컴퓨터과학전공(0001816),공학,276,3124700
2012,상명대학교,금융경제학과(0014494),인문사회,324,2606200
2012,상명대학교,국제통상학과(0016397),인문사회,425,2521700
2012,상명대학교,경영학과(0114519),인문사회,575,2346600
2012,상명대학교,교육학과(0013854),인문사회,120,3131300
2012,상명대학교,불어교육과(0017186),인문사회,112,2712000
2012,상명대학교,정보보안전공(0118040),공학,10,4533400
2012,상명대학교,국제태권도전공(0114979),인문사회,11,6392500
2012,상명대학교,외식유통경영학과(0117301),인문사회,19,3113500
2012,상명대학교,게임학과(0114453),예체능,31,3774600
2012,상명대학교,조형예술학과(0118171),예체능,40,1885600
2012,상명대학교,생활예술학과(0116509),예체능,48,1382100
2012,상명대학교,컴퓨터과학과(0118518),공학,104,1622800
2012,상명대학교,뉴미디어작곡과(0008343),예체능,96,3261300
2012,상명대학교,성악과(0007999),예체능,93,3688100
2012,상명대학교,섬유아트전공(0116550),인문사회,68,2992500
2012,상명대학교,가구아트전공(0114217),예체능,59,3368800
2012,상명대학교(천안) _분교,리스크관리・보험학과(0115471),인문사회,174,2756600
2012,상명대학교(천안) _분교,실내디자인학과(0008631),예체능,176,3108100
2012,상명대학교(천안) _분교,컴퓨터소프트웨어공학과(0003948),공학,177,3197200
2012,상명대학교(천안) _분교,간호학과(0009160),자연과학,177,3432200
2012,상명대학교(천안) _분교,텍스타일디자인학과(0118659),예체능,179,2801900
2012,상명대학교(천안) _분교,한국어문학과(0016353),인문사회,179,3119200
2012,상명대학교(천안) _분교,컴퓨터시스템공학과(0003886),공학,180,2875800
2012,상명대학교(천안) _분교,패션디자인학과(0008253),예체능,180,3024100
2012,상명대학교(천안) _분교,정보통신공학과(0000983),공학,183,2999900
2012,상명대학교(천안) _분교,환경조경학과(0021082),자연과학,184,2916500
2012,상명대학교(천안) _분교,산업디자인학과(0006089),공학,185,2835300
2012,상명대학교(천안) _분교,연극학과(0007435),예체능,190,3666500
2012,상명대학교(천안) _분교,사회체육학과(0116323),예체능,219,3297700
2012,상명대학교(천안) _분교,영화영상학과(0117261),예체능,225,2971500
2012,상명대학교(천안) _분교,스포츠산업학과(0116749),공학,234,3836400
2012,상명대학교(천안) _분교,시각디자인학과(0007287),예체능,237,2911600
2012,상명대학교(천안) _분교,사진영상미디어학과(0116135),예체능,247,3066700
2012,상명대학교(천안) _분교,증권금융학과(0118222),인문사회,272,2619400
2012,상명대학교(천안) _분교,중국어문학과(0012531),인문사회,173,2672800
2012,상명대학교(천안) _분교,일본어문학과(0012320),인문사회,165,2672100
2012,상명대학교(천안) _분교,환경조경학과(0119279),자연과학,28,3297300
2012,상명대학교(천안) _분교,무대조명・음향전공(0050997),예체능,36,4012900
2012,상명대학교(천안) _분교,무대의상ㆍ분장전공(예체능)(0204105),자연과학,42,3043300
2012,상명대학교(천안) _분교,공연영상미술학과(0114697),예체능,51,2563200
2012,상명대학교(천안) _분교,영어영문학과(0117232),인문사회,55,2322900
2012,상명대학교(천안) _분교,무대디자인전공(0008212),예체능,82,4098200
2012,상명대학교(천안) _분교,영어영문학전공(0013396),인문사회,90,2943600
2012,상명대학교(천안) _분교,애니메이션학과(0117088),예체능,100,3508200
2012,상명대학교(천안) _분교,문화예술경영학과(예체능)(0204096),인문사회,108,3208200
2012,상명대학교(천안) _분교,경영공학과(0005298),인문사회,156,3352200
2012,상명대학교(천안) _분교,세라믹디자인학과(0006687),공학,151,3295100
2012,상명대학교(천안) _분교,만화학과(0115500),자연과학,149,3018200
2012,상명대학교(천안) _분교,환경공학과(0005819),자연과학,142,2570700
2012,상명대학교(천안) _분교,의생명공학과(0021503),자연과학,139,3459700
2012,상명대학교(천안) _분교,독일어문학과(0019051),인문사회,126,2463500
2012,상명대학교(천안) _분교,프랑스어문학과(0014179),인문사회,122,2725100
2012,상명대학교(천안) _분교,러시아어문학과(0017651),인문사회,122,2709500
2012,상지대학교,경제학과(0013245),인문사회,157,2566900
2012,상지대학교,사회복지학과(0017882),인문사회,150,3717400
2012,상지대학교,의료경영학과(0017066),인문사회,148,3782700
2012,상지대학교,생명과학과(0022253),자연과학,147,3096700
2012,상지대학교,경영정보학과(0013429),인문사회,139,3200500
2012,상지대학교,생활조형디자인학과(0008142),예체능,137,3380200
2012,상지대학교,문화콘텐츠학과(0019895),인문사회,136,3702400
2012,상지대학교,산림과학과(0020349),자연과학,130,3014500
2012,상지대학교,언론광고학부(0019866),인문사회,123,3393400
2012,상지대학교,디자인학부 시각영상디자인전공(0049898),예체능,121,4064800
2012,상지대학교,법학부(0012039),인문사회,120,2013700
2012,상지대학교,디자인학부 산업디자인전공(0047077),공학,117,3255400
2012,상지대학교,행정학부(0014574),인문사회,115,3129100
2012,상지대학교,체육학부 태권도학전공(0027013),예체능,157,3466700
2012,상지대학교,국어국문학과(0018347),인문사회,158,3414100
2012,상지대학교,경영학과(0014860),인문사회,344,2766800
2012,상지대학교,한의학과(0010115),의학,245,3483500
2012,상지대학교,사회복지학과(0015859),인문사회,224,4041700
2012,상지대학교,무역학과(0017746),인문사회,223,3017700
2012,상지대학교,회계학과(0012580),인문사회,211,3144600
2012,상지대학교,컴퓨터정보공학부(0003747),공학,206,2480600
2012,상지대학교,간호학과(0010015),자연과학,199,3990000
2012,상지대학교,관광학부 관광경영학전공(0053060),인문사회,195,3355800
2012,상지대학교,환경공학과(0005680),자연과학,182,2898800
2012,상지대학교,중국학과(0015843),인문사회,177,2913100
2012,상지대학교,관광학부 호텔컨벤션학전공(0023683),인문사회,174,2915500
2012,상지대학교,식품영양학과(0021284),자연과학,171,3560500
2012,상지대학교,관광학부 관광개발학전공(0058230),인문사회,168,2566500
2012,상지대학교,체육학부 체육학전공(0045063),예체능,158,3408000
2012,상지대학교,응용과학군정밀화학신소재학과(0004401),자연과학,114,3099900
2012,상지대학교,영미어문학부(0019193),인문사회,114,2453000
2012,상지대학교,한의예과(0009972),자연과학,112,2274200
2012,상지대학교,법률행정학과(야)(0013775),인문사회,64,3019300
2012,상지대학교,국제비즈니스학과(야)(0016251),인문사회,58,2181700
2012,상지대학교,친환경식물학부 원예.조경전공(0055077),자연과학,56,3797500
2012,상지대학교,영미어문학부 영어교수법전공(0044212),인문사회,55,2850400
2012,상지대학교,법률행정학과(0012017),인문사회,54,2117900
2012,상지대학교,행정학부 전자정부학전공(0056762),인문사회,49,3752600
2012,상지대학교,언론광고학부 언론영상전공(0026654),인문사회,48,2982700
2012,상지대학교,영미어문학부 영어영문학전공(0033026),인문사회,47,3111700
2012,상지대학교,경영학과(0010229),인문사회,44,2629100
2012,상지대학교,법학부 부동산법무전공(0048570),인문사회,32,2407300
2012,상지대학교,친환경식물학부 유기농생태학전공(0027158),자연과학,30,3986600
2012,상지대학교,임상병리학과(0117711),자연과학,30,2867800
2012,상지대학교,창업경영학과(0017670),인문사회,29,1842800
2012,상지대학교,물리치료학과(0115663),자연과학,29,3505700
2012,상지대학교,체육학부 태권도학전공(0031595),예체능,65,3600500
2012,상지대학교,법학부 법학전공(0046664),인문사회,68,2955100
2012,상지대학교,체육학부 생활체육학전공(0054523),예체능,108,4604700
2012,상지대학교,경영학과(0011584),인문사회,107,2383700
2012,상지대학교,컴퓨터데이터정보학과(0000584),공학,105,2486800
2012,상지대학교,동물생명자원학부 동물자원학전공(0024527),자연과학,105,3154900
2012,상지대학교,친환경식물학부(0023386),자연과학,96,2204400
2012,상지대학교,관광학부 호텔컨벤션학전공(0023684),인문사회,95,2794800
2012,상지대학교,생활과학산업학과(0022311),공학,93,3113200
2012,상지대학교,컴퓨터정보공학부 정보통신공학전공(0059678),공학,90,3539800
2012,상지대학교,동물생명자원학부 동물생명공학전공(0022220),자연과학,87,3445300
2012,상지대학교,응용과학군 응용물리전자학과(0025753),자연과학,85,3369200
2012,상지대학교,언론광고학부 광고홍보전공(0048432),인문사회,85,3463800
2012,상지대학교,컴퓨터정보공학부 컴퓨터공학전공(0051317),공학,78,3703600
2012,상지대학교,행정학부 행정학전공(0040826),인문사회,73,3294200
2012,상지대학교,동물생명자원학부(0023459),자연과학,71,2396100
2012,서강대학교,철학전공(0013522),인문사회,132,2893600
2012,서강대학교,생명과학전공(0020412),자연과학,144,3195600
2012,서강대학교,화학전공(0022328),자연과학,197,2933400
2012,서강대학교,국어국문학전공(0010436),인문사회,215,3396600
2012,서강대학교,중국문화전공(0015809),인문사회,235,3409800
2012,서강대학교,수학전공(0021989),자연과학,250,2918600
2012,서강대학교,정치외교학전공(0017993),인문사회,282,2836000
2012,서강대학교,기계공학전공(0002573),공학,364,3068300
2012,서강대학교,화공생명공학전공(0002980),자연과학,440,3319300
2012,서강대학교,컴퓨터공학전공(0001242),공학,450,2593800
2012,서강대학교,신문방송학전공(0015005),인문사회,471,2676700
2012,서강대학교,전자공학전공(0001091),공학,487,2973200
2012,서강대학교,경제학전공(0016688),인문사회,886,2315800
2012,서강대학교,경영학전공(0015863),인문사회,1425,2300400
2012,서강대학교,심리학전공(0014603),인문사회,125,3187000
2012,서강대학교,일본문화전공(0019794),인문사회,15,1213700
2012,서강대학교,국제한국학전공(0016795),인문사회,39,1451600
2012,서강대학교,EU문화계(0015316),인문사회,42,1771500
2012,서강대학교,종교학전공(0012520),인문사회,44,3933000
2012,서강대학교,동아시아문화계(0011469),인문사회,49,1838900
2012,서강대학교,아트앤테크놀로지전공(0011472),예체능,54,4175400
2012,서강대학교,독일문화전공(0017020),인문사회,66,2182500
2012,서강대학교,물리학전공(0023277),자연과학,111,3071900
2012,서강대학교,미국문화전공(0019217),인문사회,111,1977800
2012,서강대학교,프랑스문화전공(0011257),인문사회,115,2634300
2012,서강대학교,법학전공(0017736),인문사회,119,2639600
2012,서강대학교,영미문화계(0015304),인문사회,121,1543300
2012,서경대학교,디자인학부(비주얼콘텐츠디자인전공)(0007684),예체능,136,2083700
2012,서경대학교,화학생명공학과(0001201),자연과학,127,2502500
2012,서경대학교,화학생명공학부(0023090),자연과학,125,2703000
2012,서경대학교,디자인학부(문화산업공예디자인전공)(0007126),인문사회,113,2010300
2012,서경대학교,글로벌경영학과(0018332),인문사회,106,1065000
2012,서경대학교,연기전공(0007487),공학,100,1962000
2012,서경대학교,철학과(0019939),인문사회,85,2564600
2012,서경대학교,토목공학과(0004227),공학,83,2209000
2012,서경대학교,무용예술학과(0007596),예체능,72,2275900
2012,서경대학교,경영학과(0010227),인문사회,72,319800
2012,서경대학교,국어국문학과(0014736),인문사회,142,2451600
2012,서경대학교,군사학과(0015158),인문사회,147,3886000
2012,서경대학교,금융정보공학과(이공대학)(0115113),인문사회,159,2423900
2012,서경대학교,도시공학과(0001801),인문사회,166,2582300
2012,서경대학교,금융경제학과(사회과학대학)(0115098),인문사회,171,2710600
2012,서경대학교,산업공학과(0000220),공학,181,2341900
2012,서경대학교,아동학과(0016030),인문사회,187,2415600
2012,서경대학교,미용예술학과(0007792),예체능,265,908900
2012,서경대학교,컴퓨터공학과(0003202),공학,324,2627700
2012,서경대학교,전자공학과(0004176),공학,327,2660500
2012,서경대학교,미용예술학과(0006969),예체능,355,2847100
2012,서경대학교,컴퓨터과학과(0003179),공학,365,2387300
2012,서경대학교,국제비즈니스어학부(0011412),인문사회,624,2325600
2012,서경대학교,경영학부(0018823),인문사회,682,2108100
2012,서경대학교,물류유통경영학과(0019291),인문사회,69,193300
2012,서경대학교,성악전공(0006072),예체능,14,3736800
2012,서경대학교,영화전공(0008927),예체능,14,1873900
2012,서경대학교,영어학과(0014018),인문사회,18,1681400
2012,서경대학교,토목건축공학과(0005252),공학,66,2003400
2012,서경대학교,영화영상전공(0008184),예체능,64,2281200
2012,서경대학교,문화콘텐츠학부(인문과학대학)(0115632),인문사회,53,2514800
2012,서경대학교,모델연기전공(0006762),공학,32,1765600
2012,서경대학교,시각정보디자인전공(0116790),공학,31,1820800
2012,서경대학교,생활문화디자인전공(0116507),인문사회,31,1488900
2012,서경대학교,영화영상학과(0117262),예체능,30,2874300
2012,서경대학교,미용전공(0007821),예체능,23,3629000
2012,서경대학교,경찰행정법학과(0017817),인문사회,14,2005200
2012,서경대학교,사회복지학과(0019350),인문사회,17,3525500
2012,서경대학교,사회복지학과(0014268),인문사회,20,2156500
2012,서경대학교,임상병리학과(0009242),자연과학,32,2273400
2012,서경대학교,의예과(0009564),자연과학,94,229700
2012,서경대학교,사회체육학과(0007983),예체능,103,3607500
2012,서경대학교,의학과(0009407),의학,193,531200
2012,서경대학교,물리치료학과(0009445),자연과학,205,1310300
2012,서경대학교,간호학과(0008991),자연과학,301,1463400
2012,서남대학교 _제2캠퍼스,컴퓨터정보학과(0002342),공학,27,1015000
2012,서남대학교 _제2캠퍼스,토목공학과(0000639),공학,27,1372900
2012,서남대학교 _제2캠퍼스,상담심리학과(0014870),인문사회,28,1931500
2012,서남대학교 _제2캠퍼스,사회복지행정학과군(0011992),인문사회,33,1409900
2012,서남대학교 _제2캠퍼스,전기전자공학과(0005676),공학,35,1529100
2012,서남대학교 _제2캠퍼스,경영학과(0015206),인문사회,63,1291900
2012,서남대학교 _제2캠퍼스,사회체육학과(0006424),예체능,72,1874700
2012,서남대학교 _제2캠퍼스,사회복지학과(0019438),인문사회,105,1270300
2012,서남대학교 _제2캠퍼스,경찰행정법학과(0015012),인문사회,172,1064200
2012,서남대학교 _제2캠퍼스,공무원행정학과(0011782),인문사회,26,2233000
2012,서남대학교 _제2캠퍼스,건축공학과(0000148),공학,26,1704900
2012,서남대학교 _제2캠퍼스,산업보건학과(0009190),자연과학,12,1789700
2012,서남대학교 _제2캠퍼스,외국어학과(0017246),인문사회,13,753800
2012,서남대학교 _제2캠퍼스,보건의료공학과(0002687),자연과학,16,1982100
2012,서남대학교 _제2캠퍼스,환경화학공학과(0002995),자연과학,18,1099000
2012,서남대학교 _제2캠퍼스,병원행정학과(0010745),인문사회,21,1653600
2012,서남대학교 _제2캠퍼스,부동산학과(0015534),인문사회,22,1687000
2012,서남대학교 _제2캠퍼스,중국어학전공(0016456),인문사회,22,1901900
2012,서울과학기술대학교,화공생명공학과(0003756),자연과학,172,2836400
2012,서울과학기술대학교,건설시스템디자인공학과(0001400),예체능,183,1926000
2012,서울과학기술대학교,디자인학과(0008103),예체능,205,1964500
2012,서울과학기술대학교,전기정보공학과(0117924),공학,222,2269600
2012,서울과학기술대학교,전자IT미디어공학과(0001415),공학,242,2432800
2012,서울과학기술대학교,기계・자동차공학과(0000874),공학,265,2416000
2012,서울과학기술대학교,기계시스템디자인공학과(0001401),공학,291,2479800
2012,서울과학기술대학교,글로벌융합산업공학과(ITM전공)(0115062),공학,45,3296600
2012,서울과학기술대학교,컴퓨터공학과(0005198),공학,140,2749500
2012,서울과학기술대학교,건축학부건축학전공(0005693),공학,110,2298600
2012,서울과학기술대학교,건축산업학과(0001460),자연과학,40,1600200
2012,서울과학기술대학교,기계설비공학과(0000061),공학,28,2323600
2012,서울과학기술대학교,토목산업공학과(0005033),공학,23,959000
2012,서울과학기술대학교,친환경건축시스템공학과(0118468),자연과학,17,1006200
2012,서울과학기술대학교,건설시스템디자인공학과(0004450),예체능,46,2590800
2012,서울과학기술대학교,행정학과(0011140),인문사회,48,2724700
2012,서울과학기술대학교,신소재공학과(0001041),공학,52,2102600
2012,서울과학기술대학교,영어과(0015522),인문사회,57,3033800
2012,서울과학기술대학교,영어과(0019669),인문사회,57,2363800
2012,서울과학기술대학교,글로벌경영학과(경영학전공)(0115040),인문사회,60,1737000
2012,서울과학기술대학교,글로벌융합산업공학과(MSDE전공)(0115066),공학,61,3244100
2012,서울과학기술대학교,시각문화융합디자인학과(0008098),인문사회,61,1195000
2012,서울과학기술대학교,글로벌경영학과(글로벌테크노경영전공)(0115043),인문사회,62,3253800
2012,서울과학기술대학교,건축학부건축공학전공(0000719),공학,109,2096800
2012,서울과학기술대학교,안전공학과(0001568),공학,108,2569800
2012,서울과학기술대학교,신소재공학과(0004260),공학,106,2627700
2012,서울과학기술대학교,금속공예학과(0008395),공학,104,1908600
2012,서울과학기술대학교,글로벌융합산업공학과(산업정보시스템전공)(0115070),공학,102,2481600
2012,서울과학기술대학교,정밀화학과(0020927),자연과학,96,3131000
2012,서울과학기술대학교,안경광학과(0009316),공학,94,2345700
2012,서울과학기술대학교,환경공학과(0005913),자연과학,94,2876700
2012,서울과학기술대학교,글로벌경영학과(경영학전공)(0115039),인문사회,93,2458400
2012,서울과학기술대학교,도자문화학과(0008306),인문사회,90,1611500
2012,서울과학기술대학교,행정학과(0017846),인문사회,87,3041600
2012,서울과학기술대학교,조형예술학과(0007152),예체능,79,2423700
2012,서울과학기술대학교,문예창작학과(0020031),인문사회,76,2672300
2012,서울과학기술대학교(산업대),전기정보공학과(0117925),공학,450,2272800
2012,서울과학기술대학교(산업대),조형예술학과(0046061),예체능,106,1830800
2012,서울과학기술대학교(산업대),영어과(0038817),인문사회,98,2792300
2012,서울과학기술대학교(산업대),글로벌융합산업공학과(MSDE전공)(0115067),공학,91,2537400
2012,서울과학기술대학교(산업대),기계・자동차공학과(0115125),공학,77,2165600
2012,서울과학기술대학교(산업대),건축학부 건축공학전공(0050131),공학,69,2482200
2012,서울과학기술대학교(산업대),건축학부 건축학전공(0035497),공학,62,2513500
2012,서울과학기술대학교(산업대),정밀화학과(0118029),자연과학,59,2209400
2012,서울과학기술대학교(산업대),신소재공학과(0026075),공학,57,2260900
2012,서울과학기술대학교(산업대),글로벌융합산업공학과(산업정보시스템전공)(0115071),공학,56,3148800
2012,서울과학기술대학교(산업대),글로벌경영학과(경영학전공)(0115042),인문사회,53,2416200
2012,서울과학기술대학교(산업대),영어과(0034064),인문사회,48,1754700
2012,서울과학기술대학교(산업대),컴퓨터공학과(0118498),공학,44,2597700
2012,서울과학기술대학교(산업대),행정학과(0037091),인문사회,43,1882300
2012,서울과학기술대학교(산업대),공예문화정보디자인학과(0053422),인문사회,29,1102100
2012,서울과학기술대학교(산업대),문예창작학과(0043950),인문사회,110,2768200
2012,서울과학기술대학교(산업대),전자IT미디어공학과(0032680),공학,481,2157000
2012,서울과학기술대학교(산업대),기계・자동차공학과(0024579),공학,582,2123200
2012,서울과학기술대학교(산업대),기계시스템디자인공학과(0058332),공학,588,2008100
2012,서울과학기술대학교(산업대),건설시스템디자인공학과(0032662),예체능,347,1852800
2012,서울과학기술대학교(산업대),디자인학과(0023753),예체능,330,1703600
2012,서울과학기술대학교(산업대),글로벌융합산업공학과(산업정보시스템전공)(0115072),공학,277,2276500
2012,서울과학기술대학교(산업대),컴퓨터공학과(0118499),공학,259,2494100
2012,서울과학기술대학교(산업대),안전공학과(0031063),공학,226,2605800
2012,서울과학기술대학교(산업대),화공생명공학과(0031687),자연과학,204,2389200
2012,서울과학기술대학교(산업대),글로벌경영학과(경영학전공)(0115041),인문사회,197,2228800
2012,서울과학기술대학교(산업대),건축학부 건축학전공(0023644),공학,174,1767400
2012,서울과학기술대학교(산업대),행정학과(0043592),인문사회,172,2427900
2012,서울과학기술대학교(산업대),건축학부 건축공학전공(0054791),공학,152,1789400
2012,서울과학기술대학교(산업대),안경광학과(0117069),공학,149,2030600
2012,서울과학기술대학교(산업대),기계시스템디자인공학과(0204109),공학,28,1323900
2012,서울과학기술대학교(산업대),환경공학과(0119255),자연과학,127,2275400
2012,서울과학기술대학교(산업대),금속공예학과(0055925),공학,124,1673200
2012,서울과학기술대학교(산업대),도자문화학과(0033314),인문사회,119,1833800
2012,서울과학기술대학교(산업대),건설시스템디자인공학과(0045343),예체능,114,2463700
2012,서울과학기술대학교(산업대),정밀화학과(0118030),자연과학,110,3244000
2012,서울과학기술대학교(산업대),신소재공학과(0030689),공학,179,2280900
2012,서울과학기술대학교(산업대),자치행정학과(0050571),인문사회,24,248500
2012,서울과학기술대학교(산업대),전기정보공학과(0117926),공학,23,1896600
2012,서울과학기술대학교(산업대),기계설계・자동화공학부(0038263),공학,19,0
2012,서울과학기술대학교(산업대),화공생명공학과(0119221),자연과학,17,1139900
2012,서울과학기술대학교(산업대),글로벌경영학과(글로벌테크노경영전공)(0115044),인문사회,14,4411100
2012,서울과학기술대학교(산업대),전자IT미디어공학과(0204108),공학,12,496100
2012,서울과학기술대학교(산업대),전자정보공학과(0117984),공학,11,0
2012,서울과학기술대학교(산업대),안전공학과(0040858),공학,10,1237800
2012,서울과학기술대학교(산업대),디자인학과(0115349),예체능,10,77700
2012,서울과학기술대학교(산업대),글로벌융합산업공학과(ITM전공)(0115063),공학,10,3613400
2012,서울교육대학교,초등사회과교육과(심화과정)(0012892),인문사회,161,2045900
2012,서울교육대학교,초등국어교육과(심화과정)(0013081),인문사회,179,2138100
2012,서울교육대학교,초등과학교육과(심화과정)(0011199),인문사회,165,2237400
2012,서울교육대학교,초등교육학과(심화과정)(0016607),인문사회,120,2208300
2012,서울교육대학교,초등음악교육과(심화과정)(0011234),인문사회,119,1720500
2012,서울교육대학교,초등미술교육과(심화과정)(0012855),인문사회,116,2041900
2012,서울교육대학교,초등영어교육과(심화과정)(0016483),인문사회,115,2000000
2012,서울교육대학교,초등수학교육과(심화과정)(0012481),인문사회,113,2125800
2012,서울교육대학교,초등윤리교육과(심화과정)(0020094),인문사회,113,2468000
2012,서울교육대학교,초등생활과학교육과(심화과정)(0017923),인문사회,112,2205900
2012,서울교육대학교,초등체육교육과(심화과정)(0013184),인문사회,111,1998400
2012,서울교육대학교,초등컴퓨터교육과(심화과정)(0011240),인문사회,107,2091300
2012,서울교육대학교,유아ㆍ특수교육과(심화과정)(0016574),인문사회,104,2147100
2012,서울기독대학교,기독교사회복지학과(0018057),인문사회,31,0
2012,서울기독대학교,무용학과(0007907),예체능,91,2508600
2012,서울기독대학교,음악학과(0007613),예체능,104,3390900
2012,서울기독대학교,사회복지학과(0017960),인문사회,158,2612100
2012,서울기독대학교,국제경영정보학과(0018268),인문사회,171,2269300
2012,서울대학교,기악과(피아노전공)(0115213),예체능,88,3698700
2012,서울대학교,기악과(현악전공)(0115214),예체능,89,2433800
2012,서울대학교,식품생명공학전공(0002332),자연과학,89,0
2012,서울대학교,농경제사회학부(0016503),인문사회,89,8664500
2012,서울대학교,물리교육과(0021199),인문사회,91,3459300
2012,서울대학교,불어교육과(0013838),인문사회,93,1846000
2012,서울대학교,화학교육과(0021340),인문사회,93,3296300
2012,서울대학교,가족아동학전공(0010467),인문사회,94,0
2012,서울대학교,서어서문학과(0018207),인문사회,97,2233600
2012,서울대학교,사회복지학과(0014528),인문사회,97,2555700
2012,서울대학교,수의예과(0022462),자연과학,98,2037000
2012,서울대학교,사회교육과(0014147),인문사회,100,3673100
2012,서울대학교,생물교육과(0023276),인문사회,101,3442600
2012,서울대학교,농경제사회학부 농경제학전공(0047831),인문사회,102,0
2012,서울대학교,윤리교육과(0018725),인문사회,87,3489900
2012,서울대학교,바이오시스템・소재학부(바이오시스템공학전공)(0115765),자연과학,70,3228400
2012,서울대학교,지구과학교육과(0021792),인문사회,72,3658300
2012,서울대학교,환경재료과학전공(0000596),자연과학,73,0
2012,서울대학교,지리교육과(0017136),인문사회,74,3241400
2012,서울대학교,철학과(0019332),인문사회,75,2381900
2012,서울대학교,기악과(0008111),예체능,75,1074200
2012,서울대학교,교육학과(0015376),인문사회,78,3313300
2012,서울대학교,시각디자인전공(0007654),예체능,79,1572200
2012,서울대학교,역사교육과(0014896),인문사회,79,4072700
2012,서울대학교,동물생명공학전공(0020252),자연과학,81,2658100
2012,서울대학교,불어불문학과(0015997),인문사회,85,2244400
2012,서울대학교,인류학과(0012255),인문사회,87,2048700
2012,서울대학교,소비자아동학부(아동가족학전공)(0204115),인문사회,87,0
2012,서울대학교,소비자아동학부(소비자학전공)(0204112),인문사회,103,1308600
2012,서울대학교,지리학과(0023543),인문사회,103,2806100
2012,서울대학교,영어교육과(0015712),인문사회,150,2328200
2012,서울대학교,의류학과(0020463),자연과학,156,2240300
2012,서울대학교,지구환경과학부(0021937),자연과학,158,3486100
2012,서울대학교,식품영양학과(0023000),자연과학,160,2818600
2012,서울대학교,물리·천문학부(물리학전공)(0204111),인문사회,162,2140200
2012,서울대학교,건축학과(건축학전공(5년))(0114435),공학,165,2640200
2012,서울대학교,영어영문학과(0014501),인문사회,170,2013400
2012,서울대학교,산업공학과(0000221),공학,172,3317800
2012,서울대학교,물리학전공(0020310),자연과학,176,2069700
2012,서울대학교,체육교육과(0006589),인문사회,181,2617200
2012,서울대학교,의예과(0009696),자연과학,185,1157200
2012,서울대학교,조선해양공학과(0005863),자연과학,186,2950400
2012,서울대학교,수의학과(0023134),의학,201,3866500
2012,서울대학교,심리학과(0012269),인문사회,149,2336500
2012,서울대학교,소비자학전공(0018391),인문사회,111,1089200
2012,서울대학교,통계학과(0020514),자연과학,114,3335400
2012,서울대학교,건축학과(건축공학전공)(0114434),공학,115,2738500
2012,서울대학교,성악과(0008633),예체능,121,3113800
2012,서울대학교,국어국문학과(0011758),인문사회,123,2436600
2012,서울대학교,언론정보학과(0011082),인문사회,127,2298300
2012,서울대학교,국악과(0008527),예체능,131,2714100
2012,서울대학교,수학교육과(0020814),인문사회,131,2973500
2012,서울대학교,약학기본과정(2+4학제)(0009281),자연과학,136,3809200
2012,서울대학교,국어교육과(0016378),인문사회,137,3136900
2012,서울대학교,중어중문학과(0016209),인문사회,139,2098700
2012,서울대학교,정치외교학부(0010856),인문사회,146,1979800
2012,서울대학교,정치외교학부(외교학전공)(0016049),인문사회,69,3644900
2012,서울대학교,조경・지역시스템공학부(지역시스템공학전공)(0118144),인문사회,68,4570700
2012,서울대학교,언어학과(0014626),인문사회,68,2087100
2012,서울대학교,아시아언어문명학부(0016716),인문사회,14,1041400
2012,서울대학교,지구환경시스템공학부(0023138),자연과학,15,1048700
2012,서울대학교,물리학부(0021713),자연과학,16,0
2012,서울대학교,고고미술사학과(0015762),인문사회,17,2309300
2012,서울대학교,전기공학부・컴퓨터공학부군(0039638),공학,19,2111600
2012,서울대학교,작곡과(0006156),예체능,20,0
2012,서울대학교,사회교육계열(0011931),인문사회,21,2585500
2012,서울대학교,외국어교육계열(0012254),인문사회,22,1187200
2012,서울대학교,고고미술사학과 미술사학전공(0034862),인문사회,23,3863800
2012,서울대학교,디자인학부(공예전공)(0115362),예체능,23,2188000
2012,서울대학교,물리·천문학부(천문학전공)(0204113),인문사회,26,1979300
2012,서울대학교,천문학전공(0020510),인문사회,27,2462000
2012,서울대학교,작곡과(이론전공)(0117816),예체능,30,4115400
2012,서울대학교,과학교육계열(0023146),인문사회,32,1941700
2012,서울대학교,식물생산과학부(원예생명공학전공)(0185827),자연과학,32,3348400
2012,서울대학교,약학과(2+4년제)(0009736),자연과학,32,3816400
2012,서울대학교,산업인력개발학전공(0001960),공학,55,0
2012,서울대학교,노어노문학과(0013607),인문사회,55,2505200
2012,서울대학교,조경・지역시스템공학부(조경학전공)(0118143),인문사회,58,3522200
2012,서울대학교,디자인학부(디자인전공)(0115365),예체능,59,2173500
2012,서울대학교,응용생명화학전공(0020853),자연과학,60,0
2012,서울대학교,기악과(관악전공)(0115212),예체능,63,3355200
2012,서울대학교,독어독문학과(0015366),인문사회,63,2189000
2012,서울대학교,산림환경학전공(0023271),자연과학,64,0
2012,서울대학교,정치외교학부(정치학전공)(0019170),인문사회,64,2373900
2012,서울대학교,바이오소재공학전공(0001574),자연과학,65,4031300
2012,서울대학교,농경제사회학부 지역정보전공(0034736),인문사회,66,0
2012,서울대학교,식물생산과학부(작물생명과학전공)(0020704),자연과학,68,0
2012,서울대학교,소비자아동학부(0019005),인문사회,54,7754900
2012,서울대학교,원예과학전공(0021737),자연과학,33,0
2012,서울대학교,제약학과(2+4학제)(0010091),자연과학,35,4008100
2012,서울대학교,조경・지역시스템공학부(0031795),인문사회,36,2009200
2012,서울대학교,바이오시스템・소재학부(0024996),자연과학,39,3052200
2012,서울대학교,디자인학부(금속공예전공)(0007492),공학,40,2997900
2012,서울대학교,산림과학부(0022061),자연과학,41,12449500
2012,서울대학교,정치학과(0014872),인문사회,43,1142800
2012,서울대학교,응용생물화학부(0023303),자연과학,45,14057400
2012,서울대학교,식품・동물생명공학부(0043799),자연과학,45,9547700
2012,서울대학교,종교학과(0014346),인문사회,46,3435000
2012,서울대학교,작곡과(작곡전공)(0117817),예체능,46,3911600
2012,서울대학교,외교학과(0013548),인문사회,47,1577600
2012,서울대학교,공업디자인전공(0006991),예체능,50,2338200
2012,서울대학교,물리・천문학부(0056327),인문사회,53,3551200
2012,서울대학교,독어교육과(0014928),인문사회,54,3212700
2012,서울대학교,화학부(0023213),자연과학,221,4037700
2012,서울대학교,법학부(0018422),인문사회,234,1369600
2012,서울대학교,건설환경공학부(0003265),자연과학,240,3236100
2012,서울대학교,컴퓨터공학부(0001867),공학,261,3222500
2012,서울대학교,생명과학부(0021099),자연과학,298,3590500
2012,서울대학교,간호학과(0009607),자연과학,327,3266900
2012,서울대학교,의학과(0009430),의학,374,3102800
2012,서울대학교,재료공학부(0003139),공학,403,3574600
2012,서울대학교,화학생물공학부(0003337),자연과학,424,3506800
2012,서울대학교,기계항공공학부(0004964),공학,727,3763800
2012,서울대학교,전기・정보공학부(0004837),공학,732,3492000
2012,서울대학교,경제학부(0015122),인문사회,793,2169000
2012,서울대학교,경영학과(0020186),인문사회,857,2611400
2012,서울시립대학교,사회복지학과(0018430),인문사회,196,1494600
2012,서울시립대학교,신소재공학과(0002634),공학,192,1763200
2012,서울시립대학교,건축학부 건축공학전공(0036718),공학,192,1329700
2012,서울시립대학교,토목공학과(0004481),공학,190,1451700
2012,서울시립대학교,영어영문학과(0018239),인문사회,183,1309600
2012,서울시립대학교,수학과(0022812),자연과학,179,1388400
2012,서울시립대학교,소방방재학과(0002867),공학,164,153100
2012,서울시립대학교,조경학과(0004190),공학,153,1575000
2012,서울시립대학교,국어국문학과(0010424),인문사회,151,2006600
2012,서울시립대학교,환경조각학과(0007769),자연과학,151,1029700
2012,서울시립대학교,법학부(0017208),인문사회,149,877600
2012,서울시립대학교,도시공학과(0003365),인문사회,149,1602600
2012,서울시립대학교,물리학과(0020739),자연과학,141,1442000
2012,서울시립대학교,산업디자인학과(0006708),공학,138,1519700
2012,서울시립대학교,통계학과(0020512),자연과학,137,1397800
2012,서울시립대학교,공간정보공학과(0000822),공학,136,1621700
2012,서울시립대학교,음악학과(0007184),예체능,132,1789600
2012,서울시립대학교,기계정보공학과(0000078),공학,201,1803900
2012,서울시립대학교,생명과학과(0023549),자연과학,208,1539400
2012,서울시립대학교,경영학부(0011623),인문사회,70,70700
2012,서울시립대학교,중국어문화학과(0012532),인문사회,117,1336800
2012,서울시립대학교,환경원예학과(0023531),자연과학,127,1880400
2012,서울시립대학교,철학과(0017954),인문사회,129,1238000
2012,서울시립대학교,경영학부(0014775),인문사회,1120,1108400
2012,서울시립대학교,전자전기컴퓨터공학부(0003247),공학,671,1566700
2012,서울시립대학교,경제학부(0018541),인문사회,536,1265400
2012,서울시립대학교,세무학과(0016899),인문사회,452,1254300
2012,서울시립대학교,행정학과(0018236),인문사회,406,1449900
2012,서울시립대학교,환경공학부(0002122),자연과학,360,1572400
2012,서울시립대학교,컴퓨터과학부(0001247),공학,283,1547900
2012,서울시립대학교,국제관계학과(0013663),인문사회,262,1379400
2012,서울시립대학교,건축학부 건축학전공(5년제)(0053906),공학,241,1427000
2012,서울시립대학교,도시사회학과(0010505),인문사회,233,1301300
2012,서울시립대학교,도시행정학과(0018053),인문사회,225,1365700
2012,서울시립대학교,화학공학과(0002872),자연과학,224,1643900
2012,서울신학대학교,교회음악과(0007701),예체능,323,2699300
2012,서울신학대학교,사회복지학과(0016781),인문사회,272,3614500
2012,서울신학대학교,기독교교육과(0017100),인문사회,251,3649600
2012,서울신학대학교,영어과(0010867),인문사회,202,2977800
2012,서울신학대학교,중국어과(0012528),인문사회,135,2724300
2012,서울신학대학교,사회복지학과(0011960),인문사회,128,3836800
2012,서울신학대학교,유아교육과(0016952),인문사회,125,3230400
2012,서울신학대학교,영어과(0018000),인문사회,106,2880900
2012,서울신학대학교,일본어과(0019548),인문사회,72,2969200
2012,서울신학대학교,실용음악과(0116973),예체능,28,4169500
2012,서울여자대학교,콘텐츠디자인학과(0005125),예체능,198,3163300
2012,서울여자대학교,정보보호학과(0002586),공학,206,3026800
2012,서울여자대학교,중어중문학과(0011320),인문사회,208,2972500
2012,서울여자대학교,식품영양학과(0023015),자연과학,210,2818900
2012,서울여자대학교,방송영상학전공(0008396),인문사회,217,3046200
2012,서울여자대학교,화학과(0023481),자연과학,223,2607900
2012,서울여자대학교,언론홍보학전공(0012366),인문사회,234,2996600
2012,서울여자대학교,생명환경공학과(0022688),자연과학,244,2723700
2012,서울여자대학교,사회복지학과(0018429),인문사회,258,2898900
2012,서울여자대학교,의류학과(0023518),자연과학,279,2584700
2012,서울여자대학교,국어국문학과(0011759),인문사회,297,2826400
2012,서울여자대학교,경제학과(0012972),인문사회,299,2639900
2012,서울여자대학교,행정학과(0012402),인문사회,311,3091900
2012,서울여자대학교,영어영문학과(0010899),인문사회,324,2649200
2012,서울여자대학교,아동학과(0012284),인문사회,325,2572800
2012,서울여자대학교,경영학과(0010237),인문사회,732,2960000
2012,서울여자대학교,시각디자인학과(0008573),예체능,191,2253500
2012,서울여자대학교,일어일문학과(0013348),인문사회,189,2572800
2012,서울여자대학교,원예생명조경학과(0022354),자연과학,189,2626400
2012,서울여자대학교,현대미술과(0119052),예체능,41,1469100
2012,서울여자대학교,언론영상학부(0017772),인문사회,85,3146500
2012,서울여자대학교,자율전공학부(인문사회계열)(0012807),인문사회,128,2328600
2012,서울여자대학교,교육심리학과(0012755),인문사회,136,3339800
2012,서울여자대학교,체육학과(0006599),예체능,152,2579700
2012,서울여자대학교,컴퓨터학과(0002537),공학,153,3004500
2012,서울여자대학교,공예학과(0007330),예체능,161,2469500
2012,서울여자대학교,독어독문학과(0018766),인문사회,169,2777700
2012,서울여자대학교,문헌정보학과(0012114),인문사회,169,2930200
2012,서울여자대학교,산업디자인학과(0007815),공학,171,2534600
2012,서울여자대학교,불어불문학과(0019687),인문사회,179,2580100
2012,서울여자대학교,수학과(0022760),자연과학,184,2618300
2012,서울장신대학교,사회복지학과(0012872),인문사회,156,2724000
2012,서울장신대학교,교회음악과(0007849),예체능,125,2480900
2012,서울한영대학교,교회음악과(0005981),예체능,69,2781000
2012,서울한영대학교,선교영어학과(0018438),인문사회,75,2100700
2012,서울한영대학교,기독교아동복지학과(0016519),인문사회,79,2200700
2012,서울한영대학교,기독교아동복지학과(0010197),인문사회,149,2313100
2012,서원대학교,역사교육과(0019962),인문사회,154,3907300
2012,서원대학교,영어영문학과(0017917),인문사회,155,3093700
2012,서원대학교,교육학과(0013785),인문사회,156,3470000
2012,서원대학교,수학교육과(0022716),인문사회,157,2989500
2012,서원대학교,사회교육과(0012795),인문사회,158,3690400
2012,서원대학교,회계학과(0011332),인문사회,159,2614100
2012,서원대학교,체육교육과(0007146),인문사회,160,3484100
2012,서원대학교,영어교육과(0018712),인문사회,161,3015800
2012,서원대학교,무역학과(0015510),인문사회,162,2776800
2012,서원대학교,외식산업학과(0023573),공학,164,2765000
2012,서원대학교,국어교육과(0013230),인문사회,166,3224800
2012,서원대학교,의류학과(0020462),자연과학,169,2409600
2012,서원대학교,유아교육과(0014006),인문사회,175,2729300
2012,서원대학교,광고홍보학과(0114848),인문사회,179,2867400
2012,서원대학교,사회복지학과(0116234),인문사회,203,3158700
2012,서원대학교,식품영양학과(0021240),자연과학,206,3070100
2012,서원대학교,법.경찰학과(0039698),인문사회,210,3017800
2012,서원대학교,디자인학과(0008764),예체능,214,2153300
2012,서원대학교,정치행정학과(0011244),인문사회,214,2620000
2012,서원대학교,공연영상예술학과(0114699),예체능,230,3100200
2012,서원대학교,경영학과(0013614),인문사회,265,2555200
2012,서원대학교,한국어문학과(0118880),인문사회,153,3065100
2012,서원대학교,중어중문학과(0017840),인문사회,148,2575100
2012,서원대학교,생물교육과(0023302),인문사회,148,3457500
2012,서원대학교,건축학전공(0002438),공학,37,2796700
2012,서원대학교,항공호텔서비스학과(0118978),공학,40,2638500
2012,서원대학교,독어독문학과(0015398),인문사회,62,2909800
2012,서원대학교,컴퓨터교육과(0004873),인문사회,67,4127600
2012,서원대학교,음악교육과(0007459),인문사회,96,2946600
2012,서원대학교,환경공학과(0119252),자연과학,121,2333700
2012,서원대학교,경제학과(0017874),인문사회,125,2691100
2012,서원대학교,임상건강운동학과(0008681),자연과학,134,2905200
2012,서원대학교,건축학과(0002007),공학,134,2584200
2012,서원대학교,지리교육과(0011342),인문사회,134,3886900
2012,서원대학교,경영정보학과(0010204),인문사회,135,2425800
2012,서원대학교,정보통신공학과(0003136),공학,137,2848800
2012,서원대학교,윤리교육과(0019491),인문사회,138,3030100
2012,서원대학교,융합아트학과(0117469),예체능,138,2391000
2012,서원대학교,컴퓨터공학과(0002682),공학,138,2699800
2012,서원대학교,금융보험학과(0010544),인문사회,142,2841700
2012,선문대학교,간호학과(0009547),자연과학,246,4606400
2012,선문대학교,국제관계학과(0014345),인문사회,235,3923800
2012,선문대학교,행정학과(0012396),인문사회,212,3450100
2012,선문대학교,상담ㆍ산업심리학과(0046107),인문사회,207,4000500
2012,선문대학교,의생명과학과(0022307),자연과학,198,2971800
2012,선문대학교,법학과(0034246),인문사회,198,2711500
2012,선문대학교,국제레저관광학과(0010461),인문사회,186,3605700
2012,선문대학교,정보디스플레이학과(0005217),공학,165,3056800
2012,선문대학교,IT경영학과(0019316),인문사회,156,4774700
2012,선문대학교,건축학부(0000042),공학,255,3036700
2012,선문대학교,사회복지학과(0011954),인문사회,258,3382600
2012,선문대학교,중어중국학과(0011316),인문사회,273,3299000
2012,선문대학교,전자공학과(0000381),공학,276,2803000
2012,선문대학교,국제경제통상학부(0011768),인문사회,278,3274300
2012,선문대학교,기계공학과(0005762),공학,293,2972000
2012,선문대학교,일어일본학과(0011072),인문사회,321,3290300
2012,선문대학교,정보통신공학과(0005566),공학,347,2682500
2012,선문대학교,영어학과(0018084),인문사회,393,3454800
2012,선문대학교,컴퓨터공학과(0002636),공학,455,3063200
2012,선문대학교,언론광고학부(0011076),인문사회,466,2892000
2012,선문대학교,경영학부(0019870),인문사회,652,2846000
2012,선문대학교,역사학과(0013584),인문사회,155,3092800
2012,선문대학교,순결가정문화학과(0012925),인문사회,66,6195600
2012,선문대학교,행정학과(0018302),인문사회,88,2998400
2012,선문대학교,물리치료학과(0010144),자연과학,102,5133000
2012,선문대학교,수산생명의학과(0023039),의학,110,3034700
2012,선문대학교,생명화학공학과(0000875),자연과학,112,3209900
2012,선문대학교,환경공학과(0001252),자연과학,115,3047900
2012,선문대학교,문화콘텐츠학과(0011880),인문사회,115,2634200
2012,선문대학교,스페인어중남미학과(0014266),인문사회,149,3156800
2012,선문대학교,산업경영공학과(0005774),인문사회,147,2994900
2012,선문대학교,경찰행정법학과(0114644),인문사회,139,3296500
2012,선문대학교,국어국문학과(0014782),인문사회,137,3167900
2012,선문대학교,토목공학과(0001455),공학,133,2740000
2012,선문대학교,시각디자인학과(0006491),예체능,128,2701400
2012,선문대학교,노어러시아학과(0018600),인문사회,126,2632400
2012,선문대학교,신소재공학과(0002188),공학,125,2714500
2012,선문대학교,한국언어문화학과(0011279),인문사회,119,4043400
2012,성결대학교,국어국문학과(0114929),인문사회,178,2688400
2012,성결대학교,행정학부(0014885),인문사회,179,2558500
2012,성결대학교,영어영문학과(0016518),인문사회,180,2252100
2012,성결대학교,체육교육과(0006584),인문사회,183,3846900
2012,성결대학교,일어일문학과(0011067),인문사회,190,1991100
2012,성결대학교,뷰티디자인학부(0008700),예체능,195,3491000
2012,성결대학교,도시계획부동산학부(0011795),인문사회,196,2482000
2012,성결대학교,음악학부(0006974),예체능,198,2239000
2012,성결대학교,정보통신공학부(0004101),공학,211,3012000
2012,성결대학교,산업경영공학부(0002881),인문사회,214,2682400
2012,성결대학교,컴퓨터공학부(0002093),공학,231,3153400
2012,성결대학교,경영학부(0019071),인문사회,284,2758700
2012,성결대학교,사회복지학부(0018897),인문사회,326,2954100
2012,성결대학교,유아교육과(0012302),인문사회,176,2976800
2012,성결대학교,중어중문학과(0013488),인문사회,174,2155300
2012,성결대학교,정보통신공학부(0000991),공학,28,1024800
2012,성결대학교,체육학과(0006759),예체능,39,999500
2012,성결대학교,산업경영공학부(0005410),인문사회,44,2458300
2012,성결대학교,컴퓨터공학부(0004160),공학,81,2670800
2012,성결대학교,정보통신공학부(0002893),공학,83,2738300
2012,성결대학교,지역사회과학부(0016916),인문사회,101,2345000
2012,성결대학교,사회복지학부(0018502),인문사회,106,3292100
2012,성결대학교,영어영문학과(0014579),인문사회,131,2219900
2012,성결대학교,유통물류학부(0019307),인문사회,151,2736800
2012,성결대학교,행정학부(0016342),인문사회,152,2547600
2012,성결대학교,경영학부(0011627),인문사회,157,2494900
2012,성결대학교,연극영화학부(0008353),자연과학,165,2575600
2012,성결대학교,지역사회과학부(0019956),인문사회,167,2366600
2012,성공회대학교,사회복지학과(0015925),인문사회,215,3561700
2012,성공회대학교,신문방송학과(0015383),인문사회,208,3266300
2012,성공회대학교,경영학부(0013685),인문사회,202,2976900
2012,성공회대학교,영어학과(0010914),인문사회,169,2459200
2012,성공회대학교,일어일본학과(0019714),인문사회,168,3128000
2012,성공회대학교,중어중국학과(0015758),인문사회,163,2864100
2012,성공회대학교,소프트웨어공학과(0004253),공학,148,3651000
2012,성공회대학교,정보통신공학과(0001760),공학,143,3544200
2012,성균관대학교,프랑스어문학과(0012516),인문사회,181,2336100
2012,성균관대학교,철학과(0012427),인문사회,180,2196300
2012,성균관대학교,정치외교학과(0014490),인문사회,180,2734300
2012,성균관대학교,무용학과(0007800),예체능,164,2427400
2012,성균관대학교,문헌정보학과(0018301),인문사회,162,2653300
2012,성균관대학교,러시아어문학과(0013053),인문사회,162,2655500
2012,성균관대학교,독어독문학과(0018572),인문사회,160,2429600
2012,성균관대학교,한문교육과(0018012),인문사회,159,2236000
2012,성균관대학교,미술학과(0007089),예체능,186,1836600
2012,성균관대학교,디자인학과(0007592),예체능,192,1802100
2012,성균관대학교,약학과(0009770),자연과학,198,5914000
2012,성균관대학교,중어중문학과(0019891),인문사회,204,2619000
2012,성균관대학교,영상학과(0006254),예체능,215,3252100
2012,성균관대학교,의상학과(0022829),자연과학,218,2777700
2012,성균관대학교,소비자가족학과(0010701),인문사회,219,2461100
2012,성균관대학교,국어국문학과(0018689),인문사회,220,3542300
2012,성균관대학교,수학과(0021415),자연과학,221,3157300
2012,성균관대학교,심리학과(0020175),인문사회,226,2494700
2012,성균관대학교,교육학과(0018999),인문사회,156,3046000
2012,성균관대학교,고분자시스템공학과(0000113),공학,150,3108700
2012,성균관대학교,반도체시스템공학과(0005020),공학,12,7215300
2012,성균관대학교,전자전기컴퓨터공학전공(0003033),공학,21,1840300
2012,성균관대학교,조경학과(0004962),공학,42,3160500
2012,성균관대학교,의예과(0009211),자연과학,49,10554200
2012,성균관대학교,아동・청소년학과(0015062),인문사회,61,2318400
2012,성균관대학교,사회복지학과(0013871),인문사회,66,3132300
2012,성균관대학교,한문학과(0013246),인문사회,68,1876600
2012,성균관대학교,의학과(0009960),의학,80,9255900
2012,성균관대학교,사회환경시스템공학과(0004948),자연과학,83,3062600
2012,성균관대학교,건축공학과(0003080),공학,86,2260900
2012,성균관대학교,식품생명공학과(0005664),자연과학,91,3312000
2012,성균관대학교,소프트웨어학과(0000237),공학,95,7783200
2012,성균관대학교,바이오메카트로닉스학과(0003921),자연과학,97,3387600
2012,성균관대학교,수학교육과(0020817),인문사회,133,3661100
2012,성균관대학교,연기예술학과(0008518),예체능,134,2436600
2012,성균관대학교,컴퓨터교육과(0000579),인문사회,140,3055100
2012,성균관대학교,물리학과(0020300),자연과학,145,2921100
2012,성균관대학교,화학과(0022873),자연과학,226,4411500
2012,성균관대학교,생명과학과(0022196),자연과학,252,3669300
2012,성균관대학교,경영학과(0010236),인문사회,1701,3147900
2012,성균관대학교,경제학과(0016597),인문사회,954,2899600
2012,성균관대학교,전자전기공학부(0002942),공학,941,3823400
2012,성균관대학교,기계공학부(0000019),공학,758,3624500
2012,성균관대학교,화학공학부(0001196),자연과학,618,4525100
2012,성균관대학교,신소재공학부(0002871),공학,554,3237600
2012,성균관대학교,글로벌경영학과(0010515),인문사회,391,8755600
2012,성균관대학교,시스템경영공학과(0000177),인문사회,371,2999700
2012,성균관대학교,법학과(0013741),인문사회,362,3107100
2012,성균관대학교,통계학과(0023099),자연과학,264,2973500
2012,성균관대학교,행정학과(0012401),인문사회,264,2669600
2012,성균관대학교,건축학과(0003973),공학,275,3048100
2012,성균관대학교,글로벌경제학과(0015147),인문사회,304,6166100
2012,성균관대학교,컴퓨터공학과(0005511),공학,319,3823000
2012,성균관대학교,영어영문학과(0015650),인문사회,321,2872100
2012,성균관대학교,신문방송학과(0013472),인문사회,340,2860100
2012,성균관대학교,반도체시스템공학과(0001405),공학,344,7874700
2012,성균관대학교,전자전기・컴퓨터공학계열(0052428),공학,352,2959300
2012,성신여자대학교,국어국문학과(0015103),인문사회,263,3493800
2012,성신여자대학교,공예과(0008074),예체능,259,3157300
2012,성신여자대학교,정치외교학과(0018238),인문사회,236,3477800
2012,성신여자대학교,지리학과(0023056),인문사회,219,3245000
2012,성신여자대학교,사회복지학과(0018665),인문사회,209,4515800
2012,성신여자대학교,불어불문학과(0011889),인문사회,206,2947800
2012,성신여자대학교,생활문화소비자학과(0016704),인문사회,201,2649900
2012,성신여자대학교,독어독문학과(0014039),인문사회,199,3087000
2012,성신여자대학교,통계학과(0021135),자연과학,198,4054900
2012,성신여자대학교,수학과(0023524),자연과학,177,3458000
2012,성신여자대학교,심리학과(0012859),인문사회,269,3649200
2012,성신여자대학교,의류학과(0022883),자연과학,276,4044300
2012,성신여자대학교,일어일문학과(0017610),인문사회,294,2728600
2012,성신여자대학교,식품영양학과(0020326),자연과학,305,3866400
2012,성신여자대학교,중어중문학과(0012941),인문사회,320,3142400
2012,성신여자대학교,생명과학・화학부(0046203),자연과학,324,3686100
2012,성신여자대학교,기악과(0007241),예체능,330,3474800
2012,성신여자대학교,경제학과(0010345),인문사회,362,3259900
2012,성신여자대학교,산업디자인과(0007498),공학,365,3473100
2012,성신여자대학교,영어영문학과(0012191),인문사회,411,3050900
2012,성신여자대학교,간호학과(0008986),자연과학,423,4645100
2012,성신여자대학교,경영학과(0019087),인문사회,535,3175400
2012,성신여자대학교,법학과(0019242),인문사회,547,2988000
2012,성신여자대학교,컴퓨터정보학부(0004011),공학,13,1058900
2012,성신여자대학교,운동재활복지학과(0117315),자연과학,20,4843700
2012,성신여자대학교,미디어영상연기학과(0007558),예체능,46,5198000
2012,성신여자대학교,메이크업디자인학과(0006831),예체능,55,3690900
2012,성신여자대학교,유아교육과(0016886),인문사회,145,3074000
2012,성신여자대학교,성악과(0006070),예체능,145,3537600
2012,성신여자대학교,교육학과(0018633),인문사회,136,3618400
2012,성신여자대학교,윤리교육과(0018533),인문사회,135,3297700
2012,성신여자대학교,한문교육과(0014279),인문사회,134,3270700
2012,성신여자대학교,무용예술학과(0008706),예체능,133,3599600
2012,성신여자대학교,사회교육과(0019260),인문사회,130,3390500
2012,성신여자대학교,작곡과(0008894),예체능,119,4822200
2012,성신여자대학교,글로벌의과학과(0009973),자연과학,96,4430700
2012,성신여자대학교,현대실용음악학과(0006678),예체능,72,4608100
2012,성신여자대학교,문화예술경영학과(0007181),인문사회,56,4028100
2012,세명대학교,법학과(0013672),인문사회,177,3405300
2012,세명대학교,호텔경영학과(0012440),인문사회,178,2475400
2012,세명대학교,관광경영학과(0013576),인문사회,182,2582700
2012,세명대학교,영어학과(0014296),인문사회,187,2678100
2012,세명대학교,한의학과(0009108),의학,193,2615000
2012,세명대학교,일본어학과(0011052),인문사회,194,3278700
2012,세명대학교,전기공학과(0001013),공학,195,2662200
2012,세명대학교,회계학과(0017861),인문사회,200,2728800
2012,세명대학교,경영학과(0013132),인문사회,204,2688000
2012,세명대학교,생활체육학부(0008293),예체능,211,3735000
2012,세명대학교,사회복지학과(0015723),인문사회,219,3159100
2012,세명대학교,중국어학과(0014181),인문사회,240,2595600
2012,세명대학교,건축공학과(0000853),공학,255,2479800
2012,세명대학교,경찰행정학과(0014752),인문사회,266,2916200
2012,세명대학교,임상병리학과(0009077),자연과학,269,3408600
2012,세명대학교,한방식품영양학부(0022759),자연과학,275,3129300
2012,세명대학교,광고홍보학과(0011525),인문사회,281,2810300
2012,세명대학교,정보통신학부(0005359),공학,337,2607800
2012,세명대학교,컴퓨터학부(0001308),공학,340,2475100
2012,세명대학교,호텔관광학부(0011196),인문사회,405,2822100
2012,세명대학교,간호학과(0009827),자연과학,448,3463500
2012,세명대학교,보건안전공학과(0000958),자연과학,169,3029200
2012,세명대학교,미디어문학부(0014764),인문사회,83,1831500
2012,세명대학교,한의예과(0009265),자연과학,84,2282400
2012,세명대학교,외식경영학과(0015095),인문사회,86,2448400
2012,세명대학교,방송연예학과(0007174),인문사회,108,3178100
2012,세명대학교,행정학과(0015645),인문사회,119,3041500
2012,세명대학교,경찰행정학부(0010390),인문사회,134,2471600
2012,세명대학교,전자상거래학과(0011002),공학,139,2629300
2012,세명대학교,한국어문학과(0013356),인문사회,143,2518900
2012,세명대학교,토목공학과(0002870),공학,149,2694900
2012,세명대학교,소방방재학과(0003451),공학,151,2789800
2012,세명대학교,전자공학과(0003624),공학,153,2909900
2012,세명대학교,부동산학과(0016552),인문사회,155,2499700
2012,세명대학교,바이오환경공학과(0020785),자연과학,155,2794700
2012,세명대학교,패션디자인학과(0008590),예체능,156,2590300
2012,세명대학교,국제통상학과(0017614),인문사회,159,2293000
2012,세명대학교,산업디자인학과(0007619),공학,161,2842200
2012,세명대학교,시각디자인학과(0008924),예체능,166,2475300
2012,세명대학교,실내디자인학과(0008758),예체능,167,3005300
2012,세종대학교,광전자공학전공(0004425),공학,130,1438800
2012,세종대학교,행정학과(0018615),인문사회,143,2398200
2012,세종대학교,기계항공우주공학부(0003379),공학,144,1501300
2012,세종대학교,일어일문학과(0018943),인문사회,144,2706000
2012,세종대학교,나노공학전공/나노신소재공학부(0021277),공학,145,2625100
2012,세종대학교,전자공학전공(0005014),공학,146,2350400
2012,세종대학교,정보통신공학전공(0003194),공학,148,2348600
2012,세종대학교,경영학부(0013927),인문사회,152,1804500
2012,세종대학교,화학과(0022208),자연과학,155,2269500
2012,세종대학교,광전자공학과(0004178),공학,165,2239400
2012,세종대학교,건축공학전공(0002262),공학,167,2189600
2012,세종대학교,교육학과(0012923),인문사회,120,2792200
2012,세종대학교,응용통계학전공/수학통계학부(0022168),자연과학,113,2619700
2012,세종대학교,건축공학부(0000160),공학,110,1399200
2012,세종대학교,국어국문학과(0017296),인문사회,107,2756300
2012,세종대학교,나노신소재공학과(0115233),공학,103,2116200
2012,세종대학교,외식경영전공(0010986),인문사회,98,2247000
2012,세종대학교,환경에너지융합학과(0003377),자연과학,83,2314600
2012,세종대학교,물리학과(0022900),자연과학,76,2040700
2012,세종대학교,중국학과(0011304),인문사회,72,2658500
2012,세종대학교,역사학과(0019696),인문사회,72,2799200
2012,세종대학교,수학전공(0023503),자연과학,70,2053900
2012,세종대학교,공간정보공학과(0002857),공학,67,2134600
2012,세종대학교,생명공학과(0116443),자연과학,64,1825700
2012,세종대학교,경영학전공(0012876),인문사회,614,2296000
2012,세종대학교,컴퓨터공학전공(0001239),공학,489,2483900
2012,세종대학교,컴퓨터공학과(0001643),공학,336,2111800
2012,세종대학교,호텔경영전공(0011161),인문사회,277,2429100
2012,세종대학교,기계공학전공(0000022),공학,264,2179000
2012,세종대학교,건설환경공학과(0002555),자연과학,244,2097000
2012,세종대학교,영화예술학과(0007113),예체능,239,2052700
2012,세종대학교,만화애니메이션학과(0008831),예체능,228,2039200
2012,세종대학교,항공우주공학전공(0004613),공학,228,2329000
2012,세종대학교,영어영문학과(0013129),인문사회,216,2257600
2012,세종대학교,정보통신공학과(0001686),공학,206,2015100
2012,세종대학교,신문방송학과(0013635),인문사회,200,2611600
2012,세종대학교,경제통상학과(0011669),인문사회,195,2516700
2012,세종대학교,관광경영전공(0013031),인문사회,193,2430600
2012,세종대학교,건축학전공(0004412),공학,192,2597700
2012,세종대학교,전자공학과(0000382),공학,191,2218500
2012,세종대학교,산업디자인학과(0007414),공학,188,1970800
2012,세종대학교,체육학과(0007256),예체능,181,3221400
2012,세종대학교,패션디자인학과(0006252),예체능,179,1561800
2012,세종대학교,무용과(0006929),예체능,177,2137400
2012,세종대학교,호텔관광외식경영학부(0012714),인문사회,175,1922500
2012,세종대학교,생명공학전공(0000268),자연과학,175,2819100
2012,세종대학교,신소재공학전공(0001055),공학,173,2305100
2012,세종대학교,음악과(0007245),예체능,171,2239400
2012,세종대학교,천문우주학과(0021465),자연과학,60,2358300
2012,세종대학교,수학통계학부(0021781),자연과학,59,1820900
2012,세종대학교,국방시스템공학과(0004574),인문사회,58,10278200
2012,세종대학교,천문우주학전공/물리천문지구환경(0022499),자연과학,10,1312600
2012,세종대학교,식품공학전공/생명식품(0023133),자연과학,15,1842800
2012,세종대학교,행정학전공(0015606),인문사회,57,2600700
2012,세종대학교,신문방송학전공(0010595),인문사회,57,1918900
2012,세종대학교,호텔경영전공/호텔관광외식경영학부(0185837),인문사회,56,2955800
2012,세종대학교,중국통상학과(0014556),인문사회,54,2650500
2012,세종대학교,경제통상학전공(0016804),인문사회,53,1741700
2012,세종대학교,정보보호학과(0003930),공학,52,2461500
2012,세종대학교,천문우주학전공/물리천문학부(0022950),인문사회,52,2056900
2012,세종대학교,관광경영전공/호텔관광외식경영학부(0185792),인문사회,50,2964500
2012,세종대학교,지구정보공학전공(0022181),자연과학,49,2020700
2012,세종대학교,일어일문학전공(0015731),인문사회,48,2078700
2012,세종대학교,영어영문학전공(0010909),인문사회,45,1790000
2012,세종대학교,물리학전공/물리천문(0020750),자연과학,38,3265900
2012,세종대학교,역사학전공(0016266),인문사회,15,2073000
2012,세종대학교,교육학전공(0012988),인문사회,16,2781900
2012,세종대학교,생명공학전공/생명식품(0021965),자연과학,18,1361100
2012,세종대학교,지구환경과학과(0020588),자연과학,19,2782400
2012,세종대학교,국어국문학전공(0017646),인문사회,20,1829600
2012,세종대학교,응용수학전공/수학통계(0022067),자연과학,22,2066500
2012,세종대학교,화학전공/화학환경학부(0021867),자연과학,24,2108200
2012,세종대학교,바이오자원공학과(0115773),자연과학,24,2705300
2012,세종대학교,외식경영전공/호텔관광외식경영학부(0185835),인문사회,32,3176300
2012,세종대학교,지구정보공학과(0021475),자연과학,35,3596100
2012,세한대학교,만화애니메이션학과(0050168),예체능,20,1761900
2012,세한대학교,수사정보학전공(0056087),공학,19,2004300
2012,세한대학교,해양레저선박학과(0035225),자연과학,13,2995700
2012,세한대학교,제품디자인학과(0038066),예체능,12,206000
2012,세한대학교,한중아세안대학 인문사회계열(0118912),인문사회,20,3373900
2012,세한대학교,만화애니메이션학과(0029849),예체능,24,0
2012,세한대학교,국제한국어교육학과(0028896),인문사회,24,229800
2012,세한대학교,경영한국어학과(0027914),인문사회,29,20200
2012,세한대학교,경호무도비서학과(0114661),인문사회,33,3392500
2012,세한대학교,디자인전공(0023751),예체능,35,1236900
2012,세한대학교,컴퓨터교육과(0048321),인문사회,37,2520100
2012,세한대학교,해양레저학과(0032361),자연과학,37,2001200
2012,세한대학교,관광중국어학과(0054532),인문사회,38,2461100
2012,세한대학교,골프경영학전공(0039745),인문사회,40,2874100
2012,세한대학교,체육학부(0031592),예체능,50,2773500
2012,세한대학교,경영정보학과(0046539),인문사회,51,1207500
2012,세한대학교,골프경영학과(0028729),인문사회,52,2417000
2012,세한대학교,생활체육학과(0035353),예체능,57,2378300
2012,세한대학교,실용음악전공(0026267),예체능,342,2113600
2012,세한대학교,물리치료학과(0058012),자연과학,236,2824600
2012,세한대학교,경찰행정학전공(0024079),인문사회,212,2407600
2012,세한대학교,소방행정학과(0054947),인문사회,193,2131500
2012,세한대학교,사회복지학과(0025082),인문사회,171,2942700
2012,세한대학교,간호학과(0056276),자연과학,162,3171500
2012,세한대학교,특수교육과(0026964),인문사회,153,2545600
2012,세한대학교,언어치료청각학과(0031291),인문사회,134,2852900
2012,세한대학교,조형문화과(0035772),인문사회,110,2373700
2012,세한대학교,안경광학과(0047844),공학,108,1803600
2012,세한대학교,경찰행정학과(0056113),인문사회,103,1988600
2012,세한대학교,음악학과(0026760),예체능,94,2690800
2012,세한대학교,디자인학과(0055067),예체능,93,1342400
2012,세한대학교,경영학과(0053524),인문사회,89,1992300
2012,세한대학교,유아교육과(0035801),인문사회,84,2744100
2012,세한대학교,생활체육학전공(0029483),예체능,81,3551900
2012,세한대학교,수학교육과(0057499),인문사회,77,1949900
2012,세한대학교,영어교육과(0041531),인문사회,73,1990800
2012,세한대학교,실용음악학과(0047938),예체능,69,1044000
2012,세한대학교,관광외국어학과(0024560),인문사회,67,2741500
2012,세한대학교,기술교육과(0050251),인문사회,67,2106200
2012,세한대학교,사회복지상담학과(0116219),인문사회,62,2871700
2012,세한대학교,관광영어전공(0024552),인문사회,60,2010000
2012,세한대학교,경호무도비서학전공(0043930),인문사회,58,3592200
2012,세한대학교 _제2캠퍼스,해양레저학과(0204126),자연과학,30,924300
2012,세한대학교 _제2캠퍼스,실용음악학과(0204127),예체능,87,512800
2012,송원대학교,유아교육과(0017707),인문사회,124,1987200
2012,송원대학교,간호학과(0008988),자연과학,168,2439100
2012,송원대학교,건축공학과(0000851),공학,10,299400
2012,송원대학교,상담심리학과(0010786),인문사회,17,4212800
2012,송원대학교,상담심리학과(0018508),인문사회,57,2436500
2012,송원대학교,토목공학과(0118663),공학,18,3333100
2012,송원대학교,사회체육학과(0116325),예체능,19,5425600
2012,송원대학교,전기전자공학과(0001029),공학,24,5996800
2012,송원대학교,기계자동차공학과(0005508),공학,27,4936900
2012,송원대학교,언어재활심리학과(0117124),인문사회,28,2767300
2012,송원대학교,전기전자공학과(0001030),공학,29,3311100
2012,송원대학교,항공서비스학과(0118959),공학,29,1947600
2012,송원대학교,금융세무경영학과(0016761),인문사회,31,5713500
2012,송원대학교,기계자동차공학과(0000791),공학,31,2647000
2012,송원대학교,식품영양학과(0020329),자연과학,33,4092300
2012,송원대학교,컴퓨터정보학과(0004113),공학,35,2416400
2012,송원대학교,건축공학과(0003589),공학,35,3136300
2012,송원대학교,사회체육학과(0007361),예체능,35,3263700
2012,송원대학교,사회복지학과(0011966),인문사회,36,5007900
2012,송원대학교,뷰티예술학과(0007662),예체능,40,3561000
2012,송원대학교,금융세무경영학과(0013750),인문사회,53,2280200
2012,송원대학교,재활건강학과(0009534),자연과학,53,2584200
2012,송원대학교,실용예술학과(0007787),예체능,54,2945900
2012,송원대학교,국방공무원과(0016700),인문사회,55,2590600
2012,송원대학교,철도운수경영학과(0011474),인문사회,55,2321100
2012,송원대학교,사회복지학과(0010658),인문사회,56,2930100
2012,수원대학교,아동가족복지학과(0016158),인문사회,235,3204300
2012,수원대학교,전자공학과(0005603),공학,216,2712300
2012,수원대학교,회계학과(0019443),인문사회,215,2829000
2012,수원대학교,행정학과(0011130),인문사회,211,4238100
2012,수원대학교,경제금융학과(0017822),인문사회,211,2494900
2012,수원대학교,정보통신공학과(0004000),공학,208,3312900
2012,수원대학교,정보미디어학과(0000470),공학,202,3076300
2012,수원대학교,일어일문학과(0015153),인문사회,202,2693500
2012,수원대학교,국어국문학과(0014611),인문사회,199,3025900
2012,수원대학교,식품영양학과(0020330),자연과학,196,3120100
2012,수원대학교,중어중문학과(0018110),인문사회,186,3038600
2012,수원대학교,의류학과(0020461),자연과학,178,2529000
2012,수원대학교,신소재공학과(0004549),공학,173,3103700
2012,수원대학교,건축공학과(0000153),공학,243,2919500
2012,수원대학교,화학공학과(0004916),자연과학,251,3310600
2012,수원대학교,전자재료공학과(0004035),공학,253,2993500
2012,수원대학교,환경에너지공학과(0000595),자연과학,257,2889700
2012,수원대학교,전기공학과(0003628),공학,260,2759900
2012,수원대학교,토목공학과(0003647),공학,266,2350000
2012,수원대학교,연극영화학부(0006151),자연과학,295,2701300
2012,수원대학교,언론정보학과(0011083),인문사회,298,2911500
2012,수원대학교,기계공학과(0004272),공학,302,2811100
2012,수원대학교,영어영문학과(0014304),인문사회,307,2553700
2012,수원대학교,컴퓨터학과(0004189),공학,320,2930600
2012,수원대학교,조형예술학부(0007615),예체능,350,3335300
2012,수원대학교,경영학과(0019501),인문사회,359,2557600
2012,수원대학교,체육학부(0007565),예체능,394,3937600
2012,수원대학교,호텔관광학부(0011195),인문사회,405,2789100
2012,수원대학교,디자인학부(0006329),예체능,557,2870800
2012,수원대학교,도시부동산개발학과(0003340),인문사회,167,3206200
2012,수원대학교,법학과(0019353),인문사회,163,2453800
2012,수원대학교,화공생명공학과(0001582),자연과학,10,279800
2012,수원대학교,환경공학과(0003733),자연과학,10,441500
2012,수원대학교,호텔관광경영학과(0014102),인문사회,12,794100
2012,수원대학교,동양어문학부(0020125),인문사회,13,1641700
2012,수원대학교,유럽학부(0015196),인문사회,13,911400
2012,수원대학교,국제개발협력학과(0011488),인문사회,33,2446700
2012,수원대학교,인터넷정보공학과(0005752),공학,39,3680600
2012,수원대학교,산업공학과(0116356),공학,42,2100100
2012,수원대학교,경영학부(0010289),인문사회,49,1089800
2012,수원대학교,작곡과(0006514),예체능,65,3873000
2012,수원대학교,성악과(0006437),예체능,90,3595900
2012,수원대학교,무도체육학과(0007205),예체능,92,527100
2012,수원대학교,국악과(0005985),예체능,98,2772600
2012,수원대학교,무용학과(0006830),예체능,101,2882900
2012,수원대학교,프랑스어문학과(0016659),인문사회,103,2953800
2012,수원대학교,생명과학과(0021771),자연과학,157,3016000
2012,수원대학교,화학과(0022566),자연과학,155,2880900
2012,수원대학교,생명공학과(0005380),자연과학,153,3260900
2012,수원대학교,정보보호학과(0000967),공학,145,2780100
2012,수원대학교,통계정보학과(0022589),자연과학,144,2692400
2012,수원대학교,수학과(0020804),자연과학,141,2801400
2012,수원대학교,산업정보공학과(0004682),공학,126,3089800
2012,수원대학교,물리학과(0022218),자연과학,119,2733000
2012,수원대학교,간호학과(0010049),자연과학,110,3083600
2012,수원대학교,러시아어문학과(0017373),인문사회,107,2689200
2012,수원대학교,행정학과(0013801),인문사회,106,1275500
2012,숙명여자대학교,무용과(0007087),예체능,169,3003900
2012,숙명여자대학교,디자인학부(0006328),예체능,165,2624800
2012,숙명여자대학교,공예과(0006011),예체능,163,2438200
2012,숙명여자대학교,정치행정학부(0015965),인문사회,161,2942400
2012,숙명여자대학교,홍보광고학과(0018884),인문사회,158,3578600
2012,숙명여자대학교,수학・통계학부(0049591),자연과학,156,2657800
2012,숙명여자대학교,식품영양학과(0022781),자연과학,155,3222600
2012,숙명여자대학교,통계학과(0020943),자연과학,148,2943100
2012,숙명여자대학교,생명과학과(0022835),자연과학,147,2936400
2012,숙명여자대학교,정보과학부(0002849),공학,139,2914600
2012,숙명여자대학교,아동복지학부(0017798),인문사회,183,3008600
2012,숙명여자대학교,컴퓨터과학부(0004238),공학,206,2627500
2012,숙명여자대학교,약학부(0009523),자연과학,240,2683400
2012,숙명여자대학교,영어영문학부(0012924),인문사회,240,2554000
2012,숙명여자대학교,언론정보학부(0018958),인문사회,241,2775600
2012,숙명여자대학교,한국어문학부(0011275),인문사회,252,3109900
2012,숙명여자대학교,교육학부(0013509),인문사회,256,3066700
2012,숙명여자대학교,중어중문학부(0020091),인문사회,257,2809300
2012,숙명여자대학교,영어영문학부(0012197),인문사회,344,2823400
2012,숙명여자대학교,문화관광학부(0018738),인문사회,373,2944100
2012,숙명여자대학교,경제학부(0011685),인문사회,490,2929500
2012,숙명여자대학교,인문학부(0014376),인문사회,600,2716900
2012,숙명여자대학교,법학부(0015634),인문사회,751,2505900
2012,숙명여자대학교,경영학부(0015126),인문사회,947,2843800
2012,숙명여자대학교,시각・영상디자인과(0046440),예체능,125,2338900
2012,숙명여자대학교,나노물리학과(0021744),자연과학,66,2687200
2012,숙명여자대학교,산업디자인과(0006450),공학,72,2579700
2012,숙명여자대학교,독일언어・문화학과(0028128),인문사회,75,3182100
2012,숙명여자대학교,환경디자인과(0008006),자연과학,76,2534100
2012,숙명여자대학교,가족자원경영학과(0014498),인문사회,77,3314700
2012,숙명여자대학교,소비자경제학과(0017725),인문사회,84,3828700
2012,숙명여자대학교,생명과학부(0022372),자연과학,89,3080200
2012,숙명여자대학교,문헌정보학과(0016660),인문사회,91,3314600
2012,숙명여자대학교,사회심리학과(0013256),인문사회,94,3287500
2012,숙명여자대학교,기악학부(0008122),예체능,98,2544600
2012,숙명여자대학교,프랑스언어・문화학과(0032661),인문사회,99,3792300
2012,숙명여자대학교,성악과(0008935),예체능,109,2637600
2012,숙명여자대학교,작곡과(0006154),예체능,121,2855800
2012,숙명여자대학교,화학과(0020530),자연과학,121,2512100
2012,숙명여자대학교,가정・아동복지학부(0044160),인문사회,121,2449300
2012,숙명여자대학교,정치외교학과(0019006),인문사회,120,3373900
2012,숙명여자대학교,수학과(0023268),자연과학,117,2809200
2012,숙명여자대학교,행정학과(0013958),인문사회,116,3312400
2012,숙명여자대학교,일본학과(0015528),인문사회,115,2402700
2012,숙명여자대학교,체육교육과(0007462),인문사회,114,4218500
2012,숙명여자대학교,의류학과(0021248),자연과학,113,2892100
2012,숙명여자대학교,역사문화학과(0013015),인문사회,109,3016600
2012,순복음총회신학교,사회복지학과(0019267),인문사회,14,0
2012,순복음총회신학교,사회복지학과(0015546),인문사회,46,2343200
2012,순천향대학교,영화애니메이션학과(0006283),예체능,213,1885900
2012,순천향대학교,경찰행정학과(0011711),인문사회,209,2744800
2012,순천향대학교,정보보호학과(0000273),공학,207,2445400
2012,순천향대학교,간호학과(0009434),자연과학,204,2802900
2012,순천향대학교,환경보건학과(0020998),자연과학,203,2403700
2012,순천향대학교,중어중문학과(0018854),인문사회,200,2003900
2012,순천향대학교,전자정보공학과(0002878),공학,199,2134400
2012,순천향대학교,기계공학과(0002364),공학,198,2223700
2012,순천향대학교,컴퓨터공학과(0003654),공학,197,2234900
2012,순천향대학교,의예과(0009324),자연과학,195,1806400
2012,순천향대학교,나노화학공학과(0002161),자연과학,191,2329400
2012,순천향대학교,보건행정경영학과(0009428),인문사회,190,2718300
2012,순천향대학교,임상병리학과(0009244),자연과학,185,2833200
2012,순천향대학교,법학과(0018609),인문사회,214,2590900
2012,순천향대학교,식품영양학과(0022930),자연과학,225,2274300
2012,순천향대학교,청소년교육 ・ 상담학과(0057373),인문사회,228,2802100
2012,순천향대학교,정보통신공학과(0002092),공학,230,1904900
2012,순천향대학교,디스플레이신소재공학과(0000796),공학,259,2237200
2012,순천향대학교,행정학과(0012738),인문사회,259,2494500
2012,순천향대학교,전기공학과(0001014),공학,264,2068500
2012,순천향대학교,금융경영학과(0014567),인문사회,265,2143300
2012,순천향대학교,컴퓨터소프트웨어공학과(0000592),공학,267,2204600
2012,순천향대학교,신문방송학과(0020160),인문사회,273,2515500
2012,순천향대학교,사회복지학과(0019927),인문사회,278,2543000
2012,순천향대학교,영어영문학과(0010896),인문사회,280,2291300
2012,순천향대학교,관광경영학과(0018991),인문사회,325,2580900
2012,순천향대학교,의학과(0009061),의학,372,1378600
2012,순천향대학교,국제통상학과(0010484),인문사회,476,2533700
2012,순천향대학교,경영학과(0019255),인문사회,486,2238900
2012,순천향대학교,의료생명공학과(0022507),자연과학,185,2500500
2012,순천향대학교,화학과(0020531),자연과학,183,2139600
2012,순천향대학교,에너지환경공학과(0003011),자연과학,176,2049400
2012,순천향대학교,건축학과(5)(0204128),공학,43,357500
2012,순천향대학교,전기통신공학과(0001064),공학,57,249600
2012,순천향대학교,간호학과(0009408),자연과학,74,2050100
2012,순천향대학교,해양생명공학과(0002359),자연과학,75,2421700
2012,순천향대학교,전자공학과(0005840),공학,85,2206200
2012,순천향대학교,생명공학과(0002895),자연과학,91,2603300
2012,순천향대학교,생명과학과(0021343),자연과학,94,2569400
2012,순천향대학교,전자물리학과(0023428),자연과학,125,2080600
2012,순천향대학교,건축학과(0002721),공학,133,2488700
2012,순천향대학교,특수교육과(0014666),인문사회,134,3094600
2012,순천향대학교,유아교육과(0017893),인문사회,173,2460200
2012,순천향대학교,수학과(0020379),자연과학,170,2096800
2012,순천향대학교,금융보험학과(0014290),인문사회,170,2054900
2012,순천향대학교,생명시스템학과(0022005),자연과학,164,2418500
2012,순천향대학교,경제금융학과(0019738),인문사회,163,2449900
2012,순천향대학교,국제문화학과(0018240),인문사회,159,2799300
2012,순천향대학교,스포츠의학과(0009035),의학,155,2413900
2012,순천향대학교,연극무용학과(0006671),예체능,153,2206100
2012,순천향대학교,사회체육학과(0008674),예체능,151,2735600
2012,순천향대학교,전기전자공학과(0000355),공학,144,2067900
2012,순천향대학교,국어국문학과(0011755),인문사회,135,2664600
2012,숭실대학교,유기신소재파이버공학과(0000435),공학,388,2524000
2012,숭실대학교,행정학부(0013763),인문사회,373,2311500
2012,숭실대학교,사회복지학부(0017455),인문사회,240,2831400
2012,숭실대학교,의생명시스템학부(0022855),자연과학,222,2427000
2012,숭실대학교,일어일본학과(0019398),인문사회,222,2298900
2012,숭실대학교,정보통계・보험수리학과(0049079),인문사회,214,2181900
2012,숭실대학교,정치외교학과(0019424),인문사회,205,2319300
2012,숭실대학교,언론홍보학과(0017524),인문사회,200,3173600
2012,숭실대학교,화학과(0020965),자연과학,188,2295800
2012,숭실대학교,영어영문학과(0013182),인문사회,433,2032200
2012,숭실대학교,산업정보시스템공학과(0004216),공학,464,2251500
2012,숭실대학교,화학공학과(0003754),자연과학,467,2842000
2012,숭실대학교,기계공학과(0000006),공학,505,2253500
2012,숭실대학교,법학과(0010724),인문사회,514,1957500
2012,숭실대학교,경제학과(0019803),인문사회,541,2465700
2012,숭실대학교,전기공학부(0002960),공학,626,2355600
2012,숭실대학교,컴퓨터학부(0002428),공학,913,2814000
2012,숭실대학교,경영학부(0011625),인문사회,1024,2078300
2012,숭실대학교,정보통신전자공학부(0003047),공학,1208,2268400
2012,숭실대학교,국어국문학과(0015706),인문사회,183,2803200
2012,숭실대학교,중어중문학과(0012564),인문사회,173,1790500
2012,숭실대학교,수학과(0020378),자연과학,173,2630600
2012,숭실대학교,금융경제학과(0115097),인문사회,11,4225500
2012,숭실대학교,유통물류학과(0016770),인문사회,34,7302200
2012,숭실대학교,스토리텔링경영학과(0042486),인문사회,40,7142000
2012,숭실대학교,벤처경영학과(0025430),인문사회,72,7800200
2012,숭실대학교,국제법무학과(0016188),인문사회,92,4331800
2012,숭실대학교,건축학부 건축공학전공(0023642),공학,101,2677300
2012,숭실대학교,건축학부(0000049),공학,106,1859800
2012,숭실대학교,건축학부 실내건축전공(0051410),공학,108,2547500
2012,숭실대학교,회계학과(0017466),인문사회,115,3494700
2012,숭실대학교,문예창작학과(0019232),인문사회,120,2818700
2012,숭실대학교,독어독문학과(0012830),인문사회,122,2218000
2012,숭실대학교,불어불문학과(0012965),인문사회,135,2343200
2012,숭실대학교,건축학부 건축학전공(0039537),공학,137,2585700
2012,숭실대학교,정보사회학과(0013574),공학,138,2995600
2012,숭실대학교,평생교육학과(0011248),인문사회,140,2570400
2012,숭실대학교,철학과(0014959),인문사회,142,1812500
2012,숭실대학교,금융학부(0013062),인문사회,145,6918100
2012,숭실대학교,물리학과(0022410),자연과학,158,2181400
2012,숭실대학교,생활체육학과(0007278),예체능,168,4674300
2012,숭실대학교,실용음악학과(0116991),예체능,10,2446200
2012,숭실대학교,사진영상미디어학과(0006397),예체능,10,2977700
2012,숭실대학교,건축・토목학과(0001399),공학,11,3013100
2012,숭실대학교,조경도시개발학과(0014783),인문사회,13,2652100
2012,숭실대학교,글로벌경영학과(0010516),인문사회,14,1920900
2012,숭실대학교,광고홍보이벤트학과(0010178),인문사회,15,2419900
2012,숭실대학교,국제관광영어과(0014637),인문사회,54,2027200
2012,숭실대학교,경영학과(0010241),인문사회,60,1660600
2012,숭실대학교,관광레저학과(0056961),인문사회,62,1894600
2012,숭실대학교,특수체육교육학과(0018344),인문사회,71,4486100
2012,숭실대학교,환경에너지학과(0000630),자연과학,72,2218700
2012,숭실대학교,문화재학과(0018401),인문사회,86,2628300
2012,숭실대학교,군정보사관학과(0019810),공학,105,2641400
2012,숭실대학교,관광일어학과(0114809),인문사회,109,1896800
2012,숭실대학교,사회복지행정학과(0014953),인문사회,124,1825800
2012,숭실대학교,간호학과(0009364),자연과학,145,3114900
2012,숭실대학교,관광경영학과(0049136),인문사회,295,2330900
2012,숭실대학교,호텔경영학과(0056246),인문사회,369,2320900
2012,숭실대학교,관광정보학과(0040653),인문사회,49,1748300
2012,숭실대학교,관광중국어학과(0042330),인문사회,47,2486700
2012,숭실대학교,관광도시계획학과(0003218),인문사회,16,2837600
2012,숭실대학교,무역학과(0015473),인문사회,17,1861200
2012,숭실대학교,국제한국어교원학과(0014403),인문사회,18,2761700
2012,숭실대학교,건축학과(0004654),공학,21,2438400
2012,숭실대학교,국제관광학과(0114939),인문사회,21,2736000
2012,숭실대학교,컴퓨터정보공학과(0003241),공학,21,3423500
2012,숭실대학교,전기에너지전자공학과(0004754),공학,22,2658700
2012,숭실대학교,생활체육학과(0008050),예체능,23,2216100
2012,숭실대학교,시각디자인학과(0006126),예체능,24,2982700
2012,숭실대학교,철도건설환경공학과(0005098),자연과학,25,2231500
2012,숭실대학교,문화재보존학과(0015149),인문사회,32,3195500
2012,숭실대학교,조경학과(0002722),공학,46,2175600
2012,신라대학교,경영정보학전공(0018368),인문사회,131,2073100
2012,신라대학교,유아교육과(0019671),인문사회,131,3248000
2012,신라대학교,미술학과(0008671),예체능,132,2875500
2012,신라대학교,일어교육과(0011060),인문사회,133,3212000
2012,신라대학교,중국어중국학과(0012533),인문사회,133,2708600
2012,신라대학교,교육학과(0010325),인문사회,133,3120400
2012,신라대학교,국어교육과(0011726),인문사회,135,3277500
2012,신라대학교,건축학부(0005629),공학,136,3399200
2012,신라대학교,영어교육과(0010872),인문사회,138,2698900
2012,신라대학교,역사교육과(0015641),인문사회,131,3343600
2012,신라대학교,세무회계학전공(0016639),인문사회,125,2032800
2012,신라대학교,세무회계학과(0010696),인문사회,122,3868500
2012,신라대학교,경영정보학과(0016725),인문사회,121,3221500
2012,신라대학교,에너지응용화학과(0001139),자연과학,121,3888500
2012,신라대학교,국제관계학과(0015257),인문사회,113,3383900
2012,신라대학교,패션산업학부(0021858),공학,112,2466800
2012,신라대학교,패션산업학부(0021543),공학,95,2949500
2012,신라대학교,커뮤니케이션디자인학부(0008347),예체능,94,3418100
2012,신라대학교,시각디자인학과(0006132),예체능,91,2043400
2012,신라대학교,신소재공학과(0003983),공학,90,4585000
2012,신라대학교,수학교육과(0022011),인문사회,85,3723800
2012,신라대학교,지리학과(0021018),인문사회,141,3349300
2012,신라대학교,컴퓨터공학과(0004818),공학,141,2934600
2012,신라대학교,환경공학과(0003492),자연과학,146,3515300
2012,신라대학교,사회복지학과(0013178),인문사회,365,3647000
2012,신라대학교,국제관광학과(0018101),인문사회,309,3317800
2012,신라대학교,무역학과(0016259),인문사회,285,3173200
2012,신라대학교,광고홍보학과(0010183),인문사회,280,2770800
2012,신라대학교,법경찰학부(0012016),인문사회,263,2825400
2012,신라대학교,자동차기계공학과(0000468),공학,254,4253200
2012,신라대학교,식품영양학과(0021600),자연과학,251,3330300
2012,신라대학교,호텔・관광이벤트학과(0035168),인문사회,244,2484700
2012,신라대학교,보건행정학부(0018917),인문사회,244,3162400
2012,신라대학교,영어영문학과(0018410),인문사회,227,2422200
2012,신라대학교,경제학과(0010347),인문사회,220,2509300
2012,신라대학교,음악학과(0006570),예체능,217,2975800
2012,신라대학교,경영학과(0015027),인문사회,216,2484800
2012,신라대학교,체육학부(0007680),예체능,213,3130100
2012,신라대학교,가족・노인복지학과(0057780),인문사회,211,2871900
2012,신라대학교,간호학과(0009631),자연과학,203,3842100
2012,신라대학교,물리치료학과(0009506),자연과학,184,3808000
2012,신라대학교,문헌정보학과(0012111),인문사회,173,3130500
2012,신라대학교,전자공학과(0004511),공학,156,2685300
2012,신라대학교,경영학전공(0014760),인문사회,155,2076200
2012,신라대학교,일어일문학과(0014204),인문사회,154,2443600
2012,신라대학교,바이오식품소재학과(0022989),자연과학,149,2773500
2012,신라대학교,국어국문학과(0010425),인문사회,148,2686200
2012,신라대학교,귀금속ㆍ보석디자인학과(0008684),공학,81,2051600
2012,신라대학교,컴퓨터교육과(0003029),인문사회,80,3428700
2012,신라대학교,산업디자인학과(0008124),공학,78,2213400
2012,신라대학교,실내디자인학과(0007274),예체능,75,3889000
2012,신라대학교,귀금속ㆍ보석디자인학과(0028936),공학,74,3098900
2012,신라대학교,산업디자인학과(0007813),공학,70,2765000
2012,신라대학교,전자재료공학과(0000418),공학,69,2423700
2012,신라대학교,실내디자인학과(0008177),예체능,68,2161300
2012,신라대학교,경영학과(0018071),인문사회,65,428300
2012,신라대학교,중국학과(0014210),인문사회,60,3392800
2012,신라대학교,무용학과(0007188),예체능,59,3415600
2012,신라대학교,컴퓨터정보공학부(0002478),공학,45,4156000
2012,신라대학교,국제관계학전공(0010448),인문사회,43,2281200
2012,신라대학교,건축학전공(5년)(0114437),공학,37,2920900
2012,신라대학교,경영학전공(0204140),인문사회,30,256700
2012,신라대학교,건축공학전공(0005109),공학,24,2451000
2012,신라대학교,뷰티비즈니스전공(0204139),예체능,16,0
2012,신라대학교,공예학과(0008116),예체능,16,3927500
2012,신라대학교,철학과(0014899),인문사회,15,2214800
2012,신라대학교,컴퓨터정보공학부(0002209),공학,10,0
2012,아신대학교,기독교교육학과(0011531),인문사회,152,2760300
2012,아신대학교,선교영어학과(0013881),인문사회,111,2046000
2012,아신대학교,선교중국어학과(0116541),인문사회,21,2923300
2012,아주대학교,간호학과(특별과정)(0114291),자연과학,156,1362000
2012,아주대학교,수학과(0116673),자연과학,166,1921100
2012,아주대학교,생명과학과(0116448),자연과학,188,2009300
2012,아주대학교,화학과(0119242),자연과학,203,2297400
2012,아주대학교,간호학과(0114252),자연과학,296,3257500
2012,아주대학교,심리학과(0117003),인문사회,302,2606000
2012,아주대학교,화학공학과(0119231),자연과학,315,2913900
2012,아주대학교,건축학과(0114423),공학,365,2157600
2012,아주대학교,응용화학생명공학과(0117531),자연과학,366,2876200
2012,아주대학교,영어영문학과(0117233),인문사회,377,2100700
2012,아주대학교,경제학과(0114604),인문사회,427,2151800
2012,아주대학교,산업공학과(0116357),공학,441,2315200
2012,아주대학교,정보컴퓨터공학과(0118057),공학,629,2766500
2012,아주대학교,기계공학과(0115133),공학,818,2448700
2012,아주대학교,경영학과(0114520),인문사회,864,2312900
2012,아주대학교,전자공학과(0117955),공학,1089,2230800
2012,아주대학교,국어국문학과(0114930),인문사회,135,3043900
2012,아주대학교,행정학과(0119021),인문사회,133,2444600
2012,아주대학교,자유전공(인문사회계열)(0017204),인문사회,15,3839600
2012,아주대학교,의학과(예과)(0117603),의학,54,4380500
2012,아주대학교,소프트웨어융합학과(0116658),공학,68,3416300
2012,아주대학교,불어불문학과(0116054),인문사회,80,2795100
2012,아주대학교,약학과(0117101),자연과학,87,4653000
2012,아주대학교,의학과(본과)(0117602),의학,93,4659100
2012,아주대학교,금융공학과(0115099),인문사회,102,5158200
2012,아주대학교,물리학과(0115686),자연과학,113,2376200
2012,아주대학교,정치외교학과(0118115),인문사회,113,2416400
2012,아주대학교,신소재공학과(0116902),공학,116,2562300
2012,아주대학교,환경공학과(0119253),자연과학,118,2567400
2012,아주대학교,문화콘텐츠학과(0115629),인문사회,119,2638500
2012,아주대학교,법학과(0115847),인문사회,133,1825700
2012,안양대학교,중국어과(0020162),인문사회,168,2946900
2012,안양대학교,행정학과(0018702),인문사회,170,3391100
2012,안양대학교,무역유통학과(0017402),인문사회,172,2824400
2012,안양대학교,관광경영전공(0017741),인문사회,173,0
2012,안양대학교,식품영양학과(0022633),자연과학,175,3178700
2012,안양대학교,정보통계학과(0022203),자연과학,177,3065900
2012,안양대학교,디지털미디어디자인학과(0115390),예체능,182,2991800
2012,안양대학교,환경에너지공학과(0119269),자연과학,186,2918600
2012,안양대학교,정보통신공학과(0001659),공학,190,2760500
2012,안양대학교,컴퓨터공학과(0003036),공학,192,3281300
2012,안양대학교,도시정보공학과(0002169),인문사회,193,2739200
2012,안양대학교,전기전자공학과(0001028),공학,201,2471300
2012,안양대학교,경영학과(0013605),인문사회,215,3212000
2012,안양대학교,음악학부(0117495),예체능,230,2708500
2012,안양대학교,경영학과(0014671),인문사회,144,3625500
2012,안양대학교,러시아어과(0010627),인문사회,143,3331400
2012,안양대학교,신문방송학과(0010591),인문사회,15,811500
2012,안양대학교,컴퓨터공학과(0003114),공학,47,3354800
2012,안양대학교,국제관계학과(0013712),인문사회,49,2951100
2012,안양대학교,정보통신공학과(0003681),공학,49,4958300
2012,안양대학교,화장품발명디자인학과(0119227),예체능,55,2976600
2012,안양대학교,도시정보공학과(0002397),인문사회,67,3938400
2012,안양대학교,관광학부(0019130),인문사회,80,13367600
2012,안양대학교,공연예술학과(0114705),예체능,112,2458100
2012,안양대학교,관광영어통역전공(0019991),인문사회,113,0
2012,안양대학교,행정학과(0013058),인문사회,117,3105200
2012,안양대학교,기독교교육과(0013612),인문사회,124,3414000
2012,안양대학교,유아교육과(0016769),인문사회,134,2794900
2012,안양대학교,국어국문학과(0015759),인문사회,138,3181400
2012,안양대학교,영어영문학과(0014960),인문사회,138,2677300
2012,안양대학교,기독교문화학과(0019331),인문사회,141,3505000
2012,안양대학교 _제2캠퍼스,컴퓨터학과(0118624),공학,125,2358000
2012,안양대학교 _제2캠퍼스,관광경영학과(0114737),인문사회,117,2023700
2012,안양대학교 _제2캠퍼스,도시행정학과(0017428),인문사회,97,0
2012,안양대학교 _제2캠퍼스,해양생명공학과(0204141),자연과학,88,2559400
2012,안양대학교 _제2캠퍼스,해양생명공학과(0001322),자연과학,83,0
2012,안양대학교 _제2캠퍼스,도시행정학과(0204142),인문사회,83,3644100
2012,안양대학교 _제2캠퍼스,해양바이오시스템공학과(0118986),자연과학,35,2521500
2012,안양대학교 _제2캠퍼스,공공행정학과(0114692),인문사회,34,1449200
2012,안양대학교 _제2캠퍼스,공공행정학과(3)(0119427),인문사회,18,1483900
2012,연세대학교,언더우드국제학부(0014692),인문사회,203,3335000
2012,연세대학교,생명시스템대학 생명공학(0030334),자연과학,202,4238100
2012,연세대학교,교육학과(0017682),인문사회,199,2476900
2012,연세대학교,심리학과(0014573),인문사회,195,2852600
2012,연세대학교,생명시스템계열(0021669),자연과학,193,3019500
2012,연세대학교,건축학부(건축학(5년제))(0005339),공학,187,4120200
2012,연세대학교,화학전공(0020981),자연과학,180,3747400
2012,연세대학교,수학전공(0022747),자연과학,171,4203000
2012,연세대학교,중어중문학전공(0020096),인문사회,165,3008600
2012,연세대학교,정보산업공학전공(0004678),공학,164,4859200
2012,연세대학교,불어불문학전공(0015226),인문사회,163,2557300
2012,연세대학교,건축공학전공(0004944),공학,163,3866200
2012,연세대학교,간호학과(0009964),자연과학,163,1347000
2012,연세대학교,치의학과(0009938),의학,162,3380300
2012,연세대학교,물리학전공(0022867),자연과학,160,3964500
2012,연세대학교,언더우드 경제학전공(0053787),인문사회,156,3822600
2012,연세대학교,문헌정보학전공(0019729),인문사회,149,2835100
2012,연세대학교,의예과(0009914),자연과학,148,2282800
2012,연세대학교,도시공학전공(0003104),인문사회,142,3872900
2012,연세대학교,철학전공(0011158),인문사회,134,2477700
2012,연세대학교,체육교육과(0007994),인문사회,203,4454300
2012,연세대학교,경영대학 경영학과(0059929),인문사회,1565,2466800
2012,연세대학교,경제학과(0016868),인문사회,1041,2516800
2012,연세대학교,전기전자공학전공(0001033),공학,720,4400000
2012,연세대학교,기계공학전공(0003937),공학,485,4297500
2012,연세대학교,정치외교학과(0015540),인문사회,444,2433200
2012,연세대학교,행정학과(0015169),인문사회,411,2609500
2012,연세대학교,법학과(0012748),인문사회,379,1486300
2012,연세대학교,영어영문학전공(0018820),인문사회,369,2111200
2012,연세대학교,경영계열(0014707),인문사회,357,2508300
2012,연세대학교,토목환경공학전공(0004881),자연과학,290,3492400
2012,연세대학교,컴퓨터과학전공(0001249),공학,281,3403800
2012,연세대학교,의학과(0010089),의학,281,3128700
2012,연세대학교,응용통계학과(0020446),자연과학,281,2833300
2012,연세대학교,화공생명공학전공(0004582),자연과학,278,5279400
2012,연세대학교,신문방송학과(0010590),인문사회,278,2456900
2012,연세대학교,간호학과(0009294),자연과학,258,3197000
2012,연세대학교,신소재공학전공(0003037),공학,254,5418600
2012,연세대학교,국어국문학전공(0017321),인문사회,226,2824800
2012,연세대학교,노어노문학전공(0015329),인문사회,130,2864700
2012,연세대학교,생활디자인전공(0008039),예체능,128,2505700
2012,연세대학교,아동가족전공(0022606),인문사회,124,3800000
2012,연세대학교,아시아학전공(0117060),인문사회,44,5553900
2012,연세대학교,언더우드 문학과문화전공(0035095),인문사회,41,5872200
2012,연세대학교,사회체육과(0006992),예체능,37,966200
2012,연세대학교,언더우드 생명과학전공(0059822),자연과학,33,2869800
2012,연세대학교,문화・디자인 경영전공(0115603),인문사회,29,4360200
2012,연세대학교,기악과(0008768),예체능,26,1394900
2012,연세대학교,생명공학전공(0000963),자연과학,17,2112500
2012,연세대학교,정보・인터랙션 디자인전공(0118032),공학,15,5216100
2012,연세대학교,법학계열(0015060),인문사회,12,689900
2012,연세대학교,화학공학전공(0003115),자연과학,48,2952000
2012,연세대학교,아시아학부(0018233),인문사회,56,2952400
2012,연세대학교,언더우드 국제학전공(0026651),인문사회,122,4931500
2012,연세대학교,의류환경전공(0020467),자연과학,122,2880100
2012,연세대학교,성악과(0007720),예체능,122,3375200
2012,연세대학교,생명시스템대학 생화학(0030336),자연과학,119,4902700
2012,연세대학교,독어독문학전공(0011834),인문사회,119,2673600
2012,연세대학교,식품영양전공(0021558),자연과학,117,3260500
2012,연세대학교,사회복지학과(0014024),인문사회,112,3120900
2012,연세대학교,실내건축학전공(0116951),공학,107,2918700
2012,연세대학교,지구시스템과학전공(0021468),자연과학,107,3826400
2012,연세대학교,작곡과(0008147),예체능,97,2781400
2012,연세대학교,약학과(2+4학제)(0009124),자연과학,97,4366100
2012,연세대학교,교육과학계열(0014515),인문사회,57,2282600
2012,연세대학교,세라믹공학전공(0001565),공학,57,3387900
2012,연세대학교,문화인류학과(0010549),인문사회,59,2643700
2012,연세대학교,교회음악과(0005982),예체능,75,4828200
2012,연세대학교,간호전공(0009762),자연과학,79,3011700
2012,연세대학교,테크노아트학부(0118654),예체능,79,2968900
2012,연세대학교,천문우주학전공(0022066),자연과학,82,4813600
2012,연세대학교,금속시스템공학전공(0042071),공학,85,0
2012,연세대학교,언더우드 정치외교학전공(0032395),인문사회,86,4175600
2012,연세대학교,치의예과(0010076),자연과학,89,3247300
2012,연세대학교(미래) _분교,경영학부(0011633),인문사회,194,2152100
2012,연세대학교(미래) _분교,화학및의화학전공(0021303),자연과학,176,2774700
2012,연세대학교(미래) _분교,생명과학기술학부(0022007),자연과학,166,2402700
2012,연세대학교(미래) _분교,글로벌행정학전공(0019786),인문사회,150,2492300
2012,연세대학교(미래) _분교,동아시아국제학부(0016488),인문사회,147,4491000
2012,연세대학교(미래) _분교,정보통계학전공(0023467),자연과학,134,2246500
2012,연세대학교(미래) _분교,국제관계학전공(0019465),인문사회,211,2374400
2012,연세대학교(미래) _분교,간호학과(0009157),자연과학,212,3356500
2012,연세대학교(미래) _분교,물리치료학과(0009014),자연과학,212,3137600
2012,연세대학교(미래) _분교,의예과(0009323),자연과학,216,850600
2012,연세대학교(미래) _분교,임상병리학과(0009630),자연과학,228,2414500
2012,연세대학교(미래) _분교,보건행정학과(0018634),인문사회,239,3415200
2012,연세대학교(미래) _분교,영어영문학전공(0018185),인문사회,265,2717000
2012,연세대학교(미래) _분교,환경공학부(0001426),자연과학,291,2773300
2012,연세대학교(미래) _분교,컴퓨터정보통신공학부(0002700),공학,291,2197900
2012,연세대학교(미래) _분교,디자인예술학부(0007482),예체능,322,2368600
2012,연세대학교(미래) _분교,경제학전공(0017675),인문사회,337,2330700
2012,연세대학교(미래) _분교,의공학부(0003925),공학,337,3317200
2012,연세대학교(미래) _분교,의학과(0009737),의학,442,3147200
2012,연세대학교(미래) _분교,경영학전공(0017590),인문사회,744,2020700
2012,연세대학교(미래) _분교,국어국문학전공(0011764),인문사회,127,2907000
2012,연세대학교(미래) _분교,생명과학전공(0021264),자연과학,126,2836200
2012,연세대학교(미래) _분교,산업교육학부 컴퓨터공학전공(0037482),인문사회,23,3185900
2012,연세대학교(미래) _분교,산업디자인학전공(0008272),공학,27,2875700
2012,연세대학교(미래) _분교,정보통신공학전공(0001558),공학,30,2789400
2012,연세대학교(미래) _분교,산업교육학부 국제관계학전공(0052451),인문사회,30,2201200
2012,연세대학교(미래) _분교,의용전자공학전공(0003916),공학,30,4132100
2012,연세대학교(미래) _분교,환경공학전공(0005576),자연과학,30,3245100
2012,연세대학교(미래) _분교,경영정보학전공(0011551),인문사회,32,1368800
2012,연세대학교(미래) _분교,보건과학과(0009192),자연과학,111,2129100
2012,연세대학교(미래) _분교,간호학전공(0009741),자연과학,95,1784000
2012,연세대학교(미래) _분교,수학전공(0023419),자연과학,94,3069300
2012,연세대학교(미래) _분교,물리학전공(0022921),자연과학,93,2682700
2012,연세대학교(미래) _분교,역사문화학전공(0019645),인문사회,82,2838700
2012,연세대학교(미래) _분교,산업교육학부 경영학전공(0043876),인문사회,78,1754900
2012,연세대학교(미래) _분교,응용생명과학전공(0022446),자연과학,53,1934300
2012,연세대학교(미래) _분교,시각디자인학전공(0006136),예체능,53,2261300
2012,연세대학교(미래) _분교,철학전공(0019846),인문사회,50,2511500
2012,연세대학교(미래) _분교,법학전공(0018031),인문사회,49,2023500
2012,연세대학교(미래) _분교,컴퓨터공학전공(0004878),공학,45,1903800
2012,영남대학교,중국어통번역전공(0011289),인문사회,174,2604400
2012,영남대학교,일어일문학과(0019101),인문사회,176,2256200
2012,영남대학교,시각커뮤니케이션디자인학과(0006502),예체능,176,3031000
2012,영남대학교,영어교육과(0016115),인문사회,179,3732500
2012,영남대학교,법학부(0012808),인문사회,184,2514300
2012,영남대학교,디스플레이화학공학전공(0003355),자연과학,195,2191200
2012,영남대학교,건축학전공(0004523),공학,204,2714000
2012,영남대학교,경영학전공(0016754),인문사회,208,2302600
2012,영남대학교,지역및복지행정학과(0013807),인문사회,217,2537200
2012,영남대학교,심리학과(0017962),인문사회,219,3170200
2012,영남대학교,정치외교학과(0018911),인문사회,230,2513500
2012,영남대학교,화학과(0021717),자연과학,231,2734700
2012,영남대학교,정치외교학과(0020198),인문사회,168,2022700
2012,영남대학교,산업인터랙션디자인학과(0006281),공학,167,3007900
2012,영남대학교,의학과(0009940),의학,167,2621300
2012,영남대학교,생명공학부(0004394),자연과학,161,2259700
2012,영남대학교,미생물생명공학전공(0022550),자연과학,158,3156200
2012,영남대학교,조경학과(0003542),공학,154,2486700
2012,영남대학교,음악학부(0008429),예체능,153,2784000
2012,영남대학교,산림자원학과(0020787),자연과학,153,2302900
2012,영남대학교,건축학부(0003717),공학,148,2510500
2012,영남대학교,생활제품디자인학과(0007139),예체능,147,2365800
2012,영남대학교,불어불문학과(0015517),인문사회,147,2295400
2012,영남대학교,행정학과(0011135),인문사회,144,2320200
2012,영남대학교,의류패션전공(0023389),자연과학,144,2607400
2012,영남대학교,수학과(0021461),자연과학,234,2250500
2012,영남대학교,체육학전공(0007917),예체능,238,4410500
2012,영남대학교,도시공학과(0004609),인문사회,239,2340900
2012,영남대학교,경영학전공(0010302),인문사회,1480,2849000
2012,영남대학교,경제금융전공(0016547),인문사회,833,2637800
2012,영남대학교,국제통상전공(0014439),인문사회,804,2476000
2012,영남대학교,영어영문학과(0012183),인문사회,557,2442800
2012,영남대학교,전자공학과(0003369),공학,550,2563500
2012,영남대학교,신소재공학전공(0003121),공학,455,2504600
2012,영남대학교,화학공학전공(0000516),자연과학,442,3533200
2012,영남대학교,기계시스템전공(0004349),공학,431,3152300
2012,영남대학교,정보통신공학과(0002074),공학,400,2456000
2012,영남대학교,전기공학과(0003158),공학,400,2257800
2012,영남대학교,기계설계전공(0002162),공학,387,2864400
2012,영남대학교,첨단기계전공(0001654),공학,383,2560200
2012,영남대학교,컴퓨터공학과(0002740),공학,364,2432500
2012,영남대학교,행정학과(0013826),인문사회,357,2690600
2012,영남대학교,환경공학과(0004141),자연과학,320,2497700
2012,영남대학교,국제통상전공(0015058),인문사회,298,2120100
2012,영남대학교,기계공학부(0000020),공학,295,2740100
2012,영남대학교,가족주거학과(0022957),인문사회,291,2738000
2012,영남대학교,식품영양학과(0022808),자연과학,279,2767600
2012,영남대학교,국어국문학과(0020118),인문사회,276,3027200
2012,영남대학교,경제금융전공(0013104),인문사회,274,2376200
2012,영남대학교,언론정보학과(0020149),인문사회,249,2502900
2012,영남대학교,통계학과(0020944),자연과학,248,2803200
2012,영남대학교,건축공학전공(0000162),공학,248,2640000
2012,영남대학교,생명공학전공(0000964),자연과학,241,2730300
2012,영남대학교,생명과학과(0022101),자연과학,142,3366200
2012,영남대학교,물리학과(0021487),자연과학,141,2811900
2012,영남대학교,나노메디컬유기재료공학과(0003722),공학,95,2254100
2012,영남대학교,체육학부(0008375),예체능,93,3943700
2012,영남대학교,융합섬유공학과(0004884),공학,89,1907200
2012,영남대학교,의예과(0009213),자연과학,88,1517900
2012,영남대학교,미술학부(0007789),예체능,86,1796700
2012,영남대학교,중국언어문화학부(0012542),인문사회,85,2180600
2012,영남대학교,중어중문학전공(0012568),인문사회,82,2077100
2012,영남대학교,국악전공(0005987),예체능,80,2599300
2012,영남대학교,작곡전공(0008327),예체능,80,2530600
2012,영남대학교,모바일영상디자인학과(0008348),예체능,77,2512200
2012,영남대학교,섬유신소재설계전공(0000902),공학,77,2437900
2012,영남대학교,무용학전공(0007185),예체능,77,2470800
2012,영남대학교,건축디자인전공(0000868),공학,73,3273600
2012,영남대학교,입체미술전공(0008668),예체능,66,2775000
2012,영남대학교,중국어통번역전공(0017280),인문사회,56,2941500
2012,영남대학교,영어번역전공(0018013),인문사회,36,1330900
2012,영남대학교,영어영문과(0012175),인문사회,33,350000
2012,영남대학교,의생명과학전공(0023006),자연과학,30,12773700
2012,영남대학교,식품산업경영학과(0010573),인문사회,29,1811500
2012,영남대학교,법학전공(0016261),인문사회,28,42000
2012,영남대학교,경영학과(0014473),인문사회,17,66200
2012,영남대학교,성악전공(0008380),예체능,101,2704200
2012,영남대학교,외식산업학전공(0013336),공학,105,3037600
2012,영남대학교,제약학전공(0009693),자연과학,106,2657200
2012,영남대학교,독어독문학과(0019213),인문사회,141,1839800
2012,영남대학교,지역및복지행정학과(0011354),인문사회,140,2374500
2012,영남대학교,원예생명과학과(0020940),자연과학,135,2782000
2012,영남대학교,분자생명과학전공(0021523),자연과학,135,2856900
2012,영남대학교,문화인류학과(0010547),인문사회,132,3001700
2012,영남대학교,국어국문학과(0018758),인문사회,131,1959100
2012,영남대학교,식품자원경제학과(0022970),인문사회,131,2176200
2012,영남대학교,유아교육과(0014965),인문사회,130,2797200
2012,영남대학교,수학교육과(0022260),인문사회,130,3391300
2012,영남대학교,특수체육교육과(0011187),인문사회,128,4663800
2012,영남대학교,교육학과(0018260),인문사회,126,3067000
2012,영남대학교,국어교육과(0019517),인문사회,125,3243500
2012,영남대학교,철학과(0018610),인문사회,121,2729200
2012,영남대학교,섬유나노소재전공(0000900),공학,108,2270500
2012,영남대학교,약학전공(0010099),자연과학,108,3035000
2012,영남대학교,전기공학과(0001749),공학,112,2792900
2012,영남대학교,한문교육과(0011295),인문사회,114,2176900
2012,영남대학교,중국문화정보전공(0011280),인문사회,118,2245300
2012,영남대학교,군사학과(0016081),인문사회,119,360700
2012,영남대학교,의류패션학과(0021550),자연과학,121,2155100
2012,영남신학대학교,기독교교육학과(0019420),인문사회,134,2839600
2012,영남신학대학교,사회복지학과(0012900),인문사회,142,2781100
2012,영산대학교,의료경영학과(0010833),인문사회,144,2126100
2012,영산대학교,부동산금융학과(0018571),인문사회,146,1694800
2012,영산대학교,경영학과(0018622),인문사회,154,1539500
2012,영산대학교,행정학과(0015099),인문사회,167,2370800
2012,영산대학교,간호학과(0009493),자연과학,277,3785200
2012,영산대학교,국제무역학과(0011786),인문사회,296,1732600
2012,영산대학교,경찰행정학과(0018903),인문사회,322,2366800
2012,영산대학교,법률학과(0018165),인문사회,338,2315500
2012,영산대학교,컴퓨터공학과(0000535),공학,126,2100700
2012,영산대학교,기계설계학과(0115180),공학,32,1404600
2012,영산대학교,행정학과(0014725),인문사회,35,2782600
2012,영산대학교,경찰행정학과(0016543),인문사회,35,3054300
2012,영산대학교,그린자동차학과(0003409),공학,61,1283000
2012,영산대학교,물리치료학과(0009944),자연과학,92,2832100
2012,영산대학교,건축플랜트학과(0114421),공학,100,1909500
2012,영산대학교 _제2캠퍼스,미용예술학과(0006939),예체능,260,2507700
2012,영산대학교 _제2캠퍼스,외식경영학과(0010987),인문사회,204,1987400
2012,영산대학교 _제2캠퍼스,항공관광학과(0011345),인문사회,182,2212100
2012,영산대학교 _제2캠퍼스,영어학과(0019680),인문사회,175,1924700
2012,영산대학교 _제2캠퍼스,중국학과(0016015),인문사회,175,1630300
2012,영산대학교 _제2캠퍼스,관광컨벤션학과(0018073),인문사회,160,2276700
2012,영산대학교 _제2캠퍼스,시각영상디자인학과(0006138),예체능,125,2473800
2012,영산대학교 _제2캠퍼스,광고홍보학과(0013791),인문사회,119,1942200
2012,영산대학교 _제2캠퍼스,해운항만경영학과(0017974),인문사회,117,2356900
2012,영산대학교 _제2캠퍼스,실내환경디자인학과(0021165),자연과학,111,2046200
2012,영산대학교 _제2캠퍼스,패션디자인학과(0007823),예체능,108,2422900
2012,영산대학교 _제2캠퍼스,신문방송학과(0016631),인문사회,98,2104300
2012,영산대학교 _제2캠퍼스,영화영상학과(0007391),예체능,90,2030700
2012,영산대학교 _제2캠퍼스,게임・콘텐츠학과(0037790),예체능,87,2018700
2012,영산대학교 _제2캠퍼스,호텔경영학과(0014255),인문사회,349,2093700
2012,영산대학교(산업대),법률학과(0014526),인문사회,30,1325200
2012,영산대학교(산업대),경찰행정학과(0016214),인문사회,12,1707200
2012,영산대학교(산업대),외식경영학과(0018186),인문사회,11,1040500
2012,영산대학교(산업대),호텔경영학과(0011165),인문사회,15,700200
2012,예수대학교,간호학부(0009496),자연과학,500,2593700
2012,예수대학교,사회복지학부(0019226),인문사회,85,4066200
2012,예원예술대학교,한지조형디자인학과(0118914),예체능,26,1344500
2012,예원예술대학교,연극영화ㆍ코미디전공(0048062),예체능,27,2528300
2012,예원예술대학교,귀금속보석디자인학과(0115015),공학,31,1998600
2012,예원예술대학교,만화애니메이션전공(0006077),예체능,86,2381600
2012,예원예술대학교,문화재ㆍ보존학과(0011466),인문사회,25,1823500
2012,예원예술대학교,무용전공(0006835),예체능,12,1598300
2012,예원예술대학교,음악학과(0041007),예체능,14,1265100
2012,예원예술대학교,무용학과(0046652),예체능,15,1565400
2012,예원예술대학교,연극영화ㆍ코미디학과(0117178),예체능,17,1337300
2012,예원예술대학교,무용복지전공(0008400),예체능,17,1822100
2012,예원예술대학교,음악전공(0006894),예체능,19,1310800
2012,예원예술대학교,실용음악학과(0116993),예체능,20,1435700
2012,예원예술대학교,생활체육학과(0116522),예체능,22,2889500
2012,예원예술대학교,글로벌호텔관광경영학과(0016499),인문사회,25,1431800
2012,예원예술대학교,문화관광경영전공(0014840),인문사회,36,2482900
2012,예원예술대학교,만화게임영상학과(0115492),예체능,56,2258100
2012,예원예술대학교,귀금속보석디자인전공(0006958),공학,98,2398200
2012,예원예술대학교,실용음악전공(0008358),예체능,87,1701300
2012,예원예술대학교,게임애니메이션전공(0002618),예체능,85,2214000
2012,예원예술대학교,한지ㆍ조형디자인(0027584),예체능,69,2139800
2012,용인대학교,무용학과(0007121),예체능,41,1728400
2012,용인대학교,연극학과(0006153),예체능,48,2024300
2012,용인대학교,체육학과(0008066),예체능,48,3020400
2012,용인대학교,관광학과(0015740),인문사회,53,1754600
2012,용인대학교,컴퓨터정보학과(0003827),공학,41,1518700
2012,용인대학교,컴퓨터정보학과(0001721),공학,36,1446300
2012,용인대학교,노인재활복지학과(0012783),자연과학,30,1776700
2012,용인대학교,환경ㆍ생명학부(0027273),자연과학,15,1071500
2012,용인대학교,문화콘텐츠학과(0018945),인문사회,55,2514900
2012,용인대학교,산업디자인학과(0006088),공학,76,1987000
2012,용인대학교,물리치료학과(0010047),자연과학,136,2307500
2012,용인대학교,환경학과(0023065),자연과학,122,1916500
2012,용인대학교,생명과학과(0022162),자연과학,121,2361000
2012,용인대학교,회화학과(0006656),자연과학,118,2101700
2012,용인대학교,문화재학과(0014905),인문사회,117,2187300
2012,용인대학교,군사학과(0016435),인문사회,117,990300
2012,용인대학교,영어과(0012168),인문사회,116,2267700
2012,용인대학교,영화영상학과(0006755),예체능,113,2139600
2012,용인대학교,특수체육교육과(0015148),인문사회,111,2877100
2012,용인대학교,라이프디자인학과(0008071),예체능,111,2023900
2012,용인대학교,문화관광학과(0014723),인문사회,103,1933900
2012,용인대학교,사회체육학과(0008411),예체능,102,2024300
2012,용인대학교,물류통계정보학과(0021895),자연과학,99,2351000
2012,용인대학교,컴퓨터과학과(0005801),공학,91,1688900
2012,용인대학교,문화관광학과(0018857),인문사회,85,2186100
2012,용인대학교,무용과(0008482),예체능,80,1741300
2012,용인대학교,관광학과(0013743),인문사회,77,2107300
2012,용인대학교,국악과(0006832),예체능,137,1763600
2012,용인대학교,경영학과(0016044),인문사회,207,2029200
2012,용인대학교,경영정보학과(0019329),인문사회,184,1968800
2012,용인대학교,경찰행정학과(0013317),인문사회,175,2478600
2012,용인대학교,뮤지컬・연극학과(0052931),예체능,174,2057700
2012,용인대학교,식품영양학과(0021851),자연과학,172,2034600
2012,용인대학교,중국학과(0013530),인문사회,172,2211100
2012,용인대학교,미디어디자인학과(0007083),예체능,172,1732400
2012,용인대학교,체육학과(0007282),예체능,162,2717200
2012,용인대학교,경영학과(0019446),인문사회,156,2214200
2012,용인대학교,산업환경보건학과(0009747),자연과학,137,2174200
2012,우석대학교,연극영화학과(0008025),자연과학,64,3093400
2012,우석대학교,한국어학과(0012525),인문사회,60,2787800
2012,우석대학교,실용무용지도학과(0006304),예체능,60,4436000
2012,우석대학교,호텔관광학과(0017429),인문사회,59,2701400
2012,우석대학교,응용화학과(0023126),자연과학,59,3365100
2012,우석대학교,사회교육과(0017532),인문사회,52,3396000
2012,우석대학교,재활복지학과(0014693),자연과학,30,1439800
2012,우석대학교,한의예과(0009727),자연과학,65,2592800
2012,우석대학교,중국어과(0012529),인문사회,74,2546900
2012,우석대학교,국어교육과(0013273),인문사회,78,2644100
2012,우석대학교,문예창작학과(0016712),인문사회,87,3339500
2012,우석대학교,법학과(0014646),인문사회,87,2372800
2012,우석대학교,게임콘텐츠학과(0005845),예체능,87,3195500
2012,우석대학교,행정학과(0011134),인문사회,90,2981100
2012,우석대학교,산업디자인학과(0007524),공학,94,2845000
2012,우석대학교,패션디자인학과(0007712),예체능,94,2504100
2012,우석대학교,수학교육과(0020390),인문사회,95,2897700
2012,우석대학교,화장품미용학과(0021871),예체능,95,2731300
2012,우석대학교,국악과(0007093),예체능,82,3389300
2012,우석대학교,토목환경공학과(0000479),자연과학,96,2996400
2012,우석대학교,약학과(2+4학제)(0009284),자연과학,142,0
2012,우석대학교,경호비서학과(0010393),인문사회,147,3008800
2012,우석대학교,식품영양학과(0022150),자연과학,149,3470800
2012,우석대학교,한의학과(0009477),의학,150,2653500
2012,우석대학교,경영학과(0010235),인문사회,162,2856900
2012,우석대학교,외식산업조리학과(0021360),공학,174,2624300
2012,우석대학교,한약학과(0009380),자연과학,177,2578000
2012,우석대학교,특수교육과(0020034),인문사회,187,3234300
2012,우석대학교,체육학과(0006602),예체능,189,3712800
2012,우석대학교,아동복지학과(0012279),인문사회,244,2821500
2012,우석대학교,유통통상학부(0019936),인문사회,263,2438500
2012,우석대학교,경찰행정학과(0011713),인문사회,271,2857000
2012,우석대학교,간호학과(0009451),자연과학,386,2837100
2012,우석대학교,보건의료관리학과(0010086),자연과학,141,3011100
2012,우석대학교,심리학과(0019368),인문사회,135,3379900
2012,우석대학교,영어교육과(0019382),인문사회,97,2888400
2012,우석대학교,정보보안학과(0002220),공학,98,3509800
2012,우석대학교,신문방송학과(0011907),인문사회,99,2507700
2012,우석대학교,광고이벤트학과(0017674),인문사회,106,2631900
2012,우석대학교,일본어과(0011043),인문사회,106,2402500
2012,우석대학교,영어과(0018660),인문사회,107,2418400
2012,우석대학교,조경도시디자인학과(0003065),인문사회,109,3165000
2012,우석대학교,전기전자공학과(0003835),공학,111,3277800
2012,우석대학교,대체의학과(0009840),의학,113,3017100
2012,우석대학교,기계자동차공학과(0000072),공학,113,2779000
2012,우석대학교,식품생명공학과(0004616),자연과학,116,2946900
2012,우석대학교,호텔항공관광학과(0011444),인문사회,117,2333900
2012,우석대학교,소방안전학과(0005233),공학,123,2853200
2012,우석대학교,스포츠의학과(0009766),의학,125,3384100
2012,우석대학교,건축・인테리어디자인학과(0037812),공학,130,3075300
2012,우석대학교,유아특수교육과(0014557),인문사회,131,3531500
2012,우석대학교,재활학과(0009048),자연과학,132,3533900
2012,우석대학교,컴퓨터교육과(0002493),인문사회,27,4557900
2012,우석대학교,역사교육과(0019689),인문사회,21,2684400
2012,우석대학교,간호학과(0009713),자연과학,19,1542100
2012,우석대학교,실용무용지도과(0008256),예체능,15,1821000
2012,우송대학교,게임멀티미디어학과(0000074),예체능,180,2151700
2012,우송대학교,소방방재학과(0004123),공학,199,2486800
2012,우송대학교,방송미디어학부(0019497),인문사회,203,2222900
2012,우송대학교,컴퓨터정보학과(0003802),공학,211,2112800
2012,우송대학교,언어치료・청각재활학부(0051959),인문사회,214,2382300
2012,우송대학교,뷰티디자인학과(0007055),예체능,232,1920300
2012,우송대학교,철도건설시스템학과(0003997),공학,233,2324300
2012,우송대학교,철도차량시스템학과(0000475),공학,236,2702300
2012,우송대학교,외식산업경영학과(0014739),인문사회,250,2777700
2012,우송대학교,유아교육과(0019783),인문사회,257,2302700
2012,우송대학교,간호학과(0009593),자연과학,267,2257600
2012,우송대학교,미디어디자인학부(0007861),예체능,274,2183200
2012,우송대학교,철도전기시스템학과(0001357),공학,340,2335700
2012,우송대학교,국제경영학부(0019009),인문사회,371,2217400
2012,우송대학교,사회복지아동학부(0017644),인문사회,422,2496300
2012,우송대학교,철도경영학과(0017214),인문사회,500,2895900
2012,우송대학교,호텔관광경영학과(0017141),인문사회,501,2672700
2012,우송대학교,호텔관광경영학과(0015698),인문사회,14,0
2012,우송대학교,스포츠재활학과(0116760),자연과학,30,2545000
2012,우송대학교,물리치료학과(0009010),자연과학,41,3145100
2012,우송대학교,보건의료경영학과(0009290),인문사회,70,2015600
2012,우송대학교,글로벌서비스경영학부(0015132),인문사회,114,3522900
2012,우송대학교,건축디자인학과(0005658),공학,143,2094100
2012,우송대학교,건축공학과(0002891),공학,157,2047700
2012,우송대학교,IT경영학부(0013894),인문사회,163,2430500
2012,울산과학기술원,나노생명화학공학부(0021962),자연과학,518,5770500
2012,울산과학기술원,기계 및 신소재공학부(0115122),공학,249,5786000
2012,울산과학기술원,테크노경영학부(0012970),인문사회,248,4962700
2012,울산과학기술원,전기전자컴퓨터공학부(0001639),공학,228,5965500
2012,울산과학기술원,친환경에너지공학부(0000696),자연과학,215,5741500
2012,울산과학기술원,디자인및인간공학부(0005230),예체능,107,5670200
2012,울산과학기술원,기초과정부(경영계열)(0013846),인문사회,104,5244600
2012,울산과학기술원,도시환경공학부(0004161),인문사회,100,6284700
2012,울산대학교,화학과(0022037),자연과학,218,1952400
2012,울산대학교,음악학부(0008925),예체능,209,2155100
2012,울산대학교,수학과(0022580),자연과학,201,1328500
2012,울산대학교,물리학과(0022241),자연과학,195,1564900
2012,울산대학교,역사・문화학과(0048074),인문사회,187,1281500
2012,울산대학교,영어영문학과(0014821),인문사회,178,1680600
2012,울산대학교,미술학부(0006043),예체능,167,1901600
2012,울산대학교,컴퓨터정보통신공학부(0002989),공학,165,1549700
2012,울산대학교,중국어・중국학과(0031976),인문사회,155,1930100
2012,울산대학교,의학과(0009455),의학,153,8677400
2012,울산대학교,철학과(0012981),인문사회,150,1053500
2012,울산대학교,경영학부(경영학 야간)(0011423),인문사회,125,1619800
2012,울산대학교,스페인・중남미학과(0044744),인문사회,122,1663800
2012,울산대학교,일본어・일본학과(0046804),인문사회,122,2141300
2012,울산대학교,항공우주공학과(0004924),공학,83,1636500
2012,울산대학교,프랑스어・프랑스학과(0034626),인문사회,83,1510600
2012,울산대학교,의예과(0009051),자연과학,82,12639900
2012,울산대학교,체육학부(0007401),예체능,230,0
2012,울산대학교,경영정보학과(0017645),인문사회,253,1244200
2012,울산대학교,회계학과(0019111),인문사회,276,1572500
2012,울산대학교,전기공학부(0003352),공학,1033,2435000
2012,울산대학교,경영학부(0019383),인문사회,863,1674200
2012,울산대학교,기계공학부(0004851),공학,785,3060100
2012,울산대학교,디자인학부(0007064),예체능,583,1887300
2012,울산대학교,국제학부(0047350),인문사회,487,1935800
2012,울산대학교,건축학부(0002251),공학,426,1776900
2012,울산대학교,건설환경공학부(0002455),자연과학,410,1539500
2012,울산대학교,산업경영공학부(0003929),인문사회,405,1723400
2012,울산대학교,간호학과(0009893),자연과학,357,2162800
2012,울산대학교,전기전자정보시스템공학부(0004432),공학,348,0
2012,울산대학교,생명과학부(0020408),자연과학,319,1875300
2012,울산대학교,조선해양공학부(0000528),자연과학,311,3345800
2012,울산대학교,기계자동차공학부(0004168),공학,304,0
2012,울산대학교,생명화학공학부(0020256),자연과학,284,0
2012,울산대학교,국어국문학부(0017690),인문사회,277,1796000
2012,울산대학교,화학공학부(0119234),자연과학,72,14338400
2012,울산대학교,영어과(0019686),인문사회,26,2181900
2012,울산대학교,행정학과(0017183),인문사회,22,1144500
2012,울산대학교,의공학과(0003020),공학,14,2613900
2012,원광대학교,고고・미술사학과(0050051),인문사회,83,1891500
2012,원광대학교,한국어문학부(0016815),인문사회,83,2867700
2012,원광대학교,전자공학과(0117956),공학,79,2092100
2012,원광대학교,식품생명공학과(0005457),자연과학,74,3341400
2012,원광대학교,전기공학과(0117875),공학,73,2142000
2012,원광대학교,철학과(0018383),인문사회,68,2034200
2012,원광대학교,건축학부(0000764),공학,62,2249800
2012,원광대학교,미술과(0115723),예체능,60,1931100
2012,원광대학교,한국문화학과(0017949),인문사회,55,2325600
2012,원광대학교,정보통신공학과(0118065),공학,54,2064800
2012,원광대학교,스포츠산업・복지학과(0116746),공학,54,2390000
2012,원광대학교,전자융합공학과(0117974),공학,53,1931400
2012,원광대학교,식품영양학과(0116876),자연과학,52,2289800
2012,원광대학교,공간환경・산업디자인학과(0114679),자연과학,51,2842300
2012,원광대학교,시각정보디자인과(0116788),공학,51,2419900
2012,원광대학교,사회체육학과(0116324),예체능,47,2477700
2012,원광대학교,음악과(0117484),예체능,47,2082300
2012,원광대학교,귀금속보석공예과(0115013),공학,43,2067400
2012,원광대학교,원예학과(0117325),자연과학,41,2099700
2012,원광대학교,영・중어문학부(0039231),인문사회,41,303600
2012,원광대학교,가정아동복지학과(0114219),인문사회,41,1730100
2012,원광대학교,교육학과(0019050),인문사회,87,2514300
2012,원광대학교,체육교육과(0006221),인문사회,153,4300500
2012,원광대학교,행정・언론학부(0119002),인문사회,152,1969800
2012,원광대학교,군사학부(0018446),인문사회,151,3463400
2012,원광대학교,반도체ㆍ디스플레이학부(0028110),공학,145,2148400
2012,원광대학교,약학과(2+4학제)(0009123),자연과학,138,2778400
2012,원광대학교,법학과(0014584),인문사회,136,3506200
2012,원광대학교,생물환경화학과(0020635),자연과학,135,2201800
2012,원광대학교,국어국문학과(0018944),인문사회,133,2436400
2012,원광대학교,건축학과(0005121),공학,124,2642400
2012,원광대학교,역사교육과(0014848),인문사회,123,3240700
2012,원광대학교,수학교육과(0020388),인문사회,123,2486000
2012,원광대학교,중등특수교육과(0012558),인문사회,118,2741500
2012,원광대학교,일어교육과(0012330),인문사회,115,2833000
2012,원광대학교,도시공학과(0001789),인문사회,114,2232800
2012,원광대학교,국어교육과(0010397),인문사회,113,3227400
2012,원광대학교,가정교육과(0021868),인문사회,113,2601500
2012,원광대학교,한문교육과(0012537),인문사회,113,2488800
2012,원광대학교,문예창작학과(0010776),인문사회,110,2169800
2012,원광대학교,영어교육과(0019262),인문사회,110,3045200
2012,원광대학교,인문학부(0012261),인문사회,102,2359200
2012,원광대학교,유럽문화학부(0014461),인문사회,97,1695200
2012,원광대학교,패션디자인산업학과(0118756),공학,39,1854800
2012,원광대학교,전자및제어공학부(0004411),공학,270,2643600
2012,원광대학교,정보・전자상거래학부(0118033),공학,289,2197900
2012,원광대학교,소방행정학부(0016129),인문사회,291,3004400
2012,원광대학교,뷰티디자인학부(0008801),예체능,305,2622900
2012,원광대학교,경찰행정학부(0016666),인문사회,305,3424100
2012,원광대학교,영어영문학과(0018330),인문사회,320,2349400
2012,원광대학교,의학과(0009803),의학,324,2020300
2012,원광대학교,간호학과(0010058),자연과학,343,2822900
2012,원광대학교,토목환경공학과(0004934),자연과학,344,2686700
2012,원광대학교,치의학과(0009260),의학,344,2187200
2012,원광대학교,한의학과(0009937),의학,367,2129300
2012,원광대학교,국제통상학부(0114985),인문사회,423,2363700
2012,원광대학교,기계자동차공학부(0004122),공학,454,2911900
2012,원광대학교,디자인학부(0005971),예체능,458,2736400
2012,원광대학교,전기ㆍ정보통신공학부(0052881),공학,462,3174100
2012,원광대학교,정치・행정・언론학부(0025977),인문사회,603,2846100
2012,원광대학교,복지・보건학부(0059318),자연과학,702,2958600
2012,원광대학교,경영학부(0114571),인문사회,1407,2366600
2012,원광대학교,경제학부(0114606),인문사회,253,2059800
2012,원광대학교,중어중문학과(0013413),인문사회,251,2409700
2012,원광대학교,컴퓨터공학과(0001930),공학,250,2604600
2012,원광대학교,서예문화예술학과(0116537),인문사회,39,2510300
2012,원광대학교,토목환경・도시공학부(0033273),인문사회,32,190600
2012,원광대학교,생명환경학부(0023558),자연과학,17,243300
2012,원광대학교,치의예과(0009334),자연과학,158,2194100
2012,원광대학교,유아교육과(0016370),인문사회,160,3035000
2012,원광대학교,바이오나노화학부(0115761),자연과학,176,2466600
2012,원광대학교,한의예과(0009715),자연과학,180,1686600
2012,원광대학교,예술학부(0006536),예체능,181,2817100
2012,원광대학교,한약학과(0009339),자연과학,183,2664400
2012,원광대학교,환경조경학과(0022914),자연과학,189,2878200
2012,원광대학교,건축공학과(0005838),공학,191,2479400
2012,원광대학교,순수미술학부(0008571),예체능,195,2294500
2012,원광대학교,원예ㆍ애완동식물학부(0031006),자연과학,211,2462700
2012,원광대학교,생명과학부(0022347),자연과학,217,2654100
2012,원광대학교,수학ㆍ정보통계학부(0035660),자연과학,225,2310200
2012,원광대학교,의예과(0009926),자연과학,156,2434300
2012,원광대학교,유아교육전공(0117391),인문사회,85,1925000
2012,원광대학교,유아교육과(0117349),인문사회,82,1862100
2012,원광대학교,경영학과(0114521),인문사회,78,2565800
2012,원광대학교,경찰행정학과(0114648),인문사회,72,1687900
2012,원광대학교,전기공학전공(0117886),공학,70,3545600
2012,원광대학교,반도체공학전공(0115785),공학,65,1394900
2012,원광대학교,사회복지학과(0116236),인문사회,59,4673700
2012,원광대학교,사회체육학부(0116331),예체능,91,4246000
2012,원광대학교,에너지전기공학부(0117147),공학,122,1418000
2012,원광대학교,중등특수교육전공(0118213),인문사회,125,1864600
2012,원광대학교,초등특수교육전공(0118404),인문사회,129,2512000
2012,원광대학교,보건학과(0115918),자연과학,134,1511600
2012,원광대학교,간호학과(0114253),자연과학,139,2138200
2012,원광대학교,항공관광학과(0118933),인문사회,145,1788600
2012,원광대학교,사회복지학과(0116235),인문사회,178,2187500
2012,원광대학교,외식산업학부(0117298),공학,219,2038700
2012,원광대학교,사회복지전공(0116223),인문사회,51,1578600
2012,원광대학교,영어전공(0117239),인문사회,16,1839300
2012,원광대학교,게임소프트웨어전공(0114446),공학,15,2204300
2012,원광대학교,중국어전공(0118192),인문사회,14,1901100
2012,원광대학교,반도체전자공학과(0115787),공학,13,2002700
2012,원광대학교,소프트웨어공학전공(0116656),공학,10,2704900
2012,원광대학교,공중보건전공(0114715),자연과학,16,2252400
2012,원광대학교,불교문화학과(0116047),인문사회,49,4283400
2012,원광대학교,일본언어문화학과(0117686),인문사회,46,2387700
2012,원광대학교,경영학과(0114522),인문사회,45,2795500
2012,원광대학교,정보통신공학과(0118066),공학,45,2176400
2012,원광대학교,영어학과(0117243),인문사회,42,2373400
2012,원광대학교,식품영양학전공(0116883),자연과학,36,2579400
2012,원광대학교,사회체육학부(0116330),예체능,31,2221200
2012,원광대학교,정보통신공학전공(0118078),공학,28,1819200
2012,원광대학교,경찰행정전공(0114645),인문사회,28,1100900
2012,원광대학교,건축소방안전학과(0114405),공학,27,1857500
2012,원광대학교,소프트웨어공학과(0116655),공학,26,2560500
2012,원광대학교,물리치료학과(0115664),자연과학,26,2065600
2012,원광대학교,경영학전공(0114591),인문사회,26,1383100
2012,원광대학교,일본어전공(0117679),인문사회,25,1400600
2012,원광대학교,컴퓨터제어공학전공(0118622),공학,22,2390100
2012,원광대학교,일본어학과(0117681),인문사회,20,1482300
2012,원광대학교,건축공학전공(0114353),공학,18,3235200
2012,원광대학교,전자공학전공(0117969),공학,18,3598400
2012,유원대학교,경찰행정학부(0114657),인문사회,289,1896300
2012,유원대학교,정보통신보안학과(0000724),공학,99,2035700
2012,유원대학교,사회복지학전공(0204146),인문사회,97,1110700
2012,유원대학교,사회복지학전공(0013323),인문사회,97,1219500
2012,유원대학교,도시행정학과(0011822),인문사회,95,2187200
2012,유원대학교,호텔관광항공영어과(0018136),인문사회,94,1856400
2012,유원대학교,의생명과학과(0204694),자연과학,94,1969700
2012,유원대학교,건축공학과(0000151),공학,80,1935700
2012,유원대학교,유아교육과(0011019),인문사회,79,1057900
2012,유원대학교,유아교육과(0204147),인문사회,76,916200
2012,유원대학교,언어치료학과(0009461),인문사회,67,2214900
2012,유원대학교,의료경영학과(0117538),인문사회,38,2046900
2012,유원대학교,중국어과(0013271),인문사회,37,1284600
2012,유원대학교,임베디드소프트웨어학과(0000447),공학,35,1826400
2012,유원대학교,초등특수교육과(0204151),인문사회,99,1125200
2012,유원대학교,토목환경공학과(0001163),자연과학,102,1836300
2012,유원대학교,뷰티케어과(0205058),예체능,181,2588100
2012,유원대학교,간호학과(0009913),자연과학,149,3134000
2012,유원대학교,체육학과(0007366),예체능,144,1937200
2012,유원대학교,물리치료학과(0009012),자연과학,133,2263000
2012,유원대학교,사회복지학부(0015067),인문사회,131,1114900
2012,유원대학교,중등특수교육과(0016567),인문사회,117,1269500
2012,유원대학교,중등특수교육과(0204148),인문사회,114,1167700
2012,유원대학교,사회복지학부(0204149),인문사회,113,1017900
2012,유원대학교,경영학과(0010230),인문사회,110,1753700
2012,유원대학교,초등특수교육과(0017148),인문사회,104,1238300
2012,유원대학교,일본어과(0017062),인문사회,104,1372000
2012,유원대학교,스마트디자인학과(0116686),예체능,86,2190300
2012,을지대학교,간호학과(0009648),자연과학,306,1875300
2012,을지대학교,의학과(0010075),의학,192,1611300
2012,을지대학교,임상병리학과(0009708),자연과학,157,2225700
2012,을지대학교,의예과(0009304),자연과학,92,1630200
2012,을지대학교,의료경영학과(0018397),인문사회,47,2113200
2012,을지대학교,간호학과(0009350),자연과학,41,3715200
2012,을지대학교,병원경영학과(0017593),인문사회,11,3040700
2012,을지대학교 _제2캠퍼스,간호학과(0009566),자연과학,345,2376700
2012,을지대학교 _제2캠퍼스,물리치료학과(0009487),자연과학,286,2429100
2012,을지대학교 _제2캠퍼스,임상병리학과(0009075),자연과학,275,1760000
2012,을지대학교 _제2캠퍼스,안경광학과(0009599),공학,274,2024300
2012,을지대학교 _제2캠퍼스,물리치료학과(0009730),자연과학,27,3604000
2012,을지대학교 _제2캠퍼스,간호학과(0009136),자연과학,27,3979900
2012,을지대학교 _제2캠퍼스,식품산업외식학과(0021052),공학,23,4402700
2012,을지대학교 _제2캠퍼스,임상병리학과(0010054),자연과학,22,1996000
2012,을지대학교 _제2캠퍼스,의료경영학과(0012732),인문사회,21,3488800
2012,을지대학교 _제2캠퍼스,보건환경학전공(0009787),자연과학,16,869600
2012,을지대학교 _제2캠퍼스,임상병리학과(0009236),자연과학,14,3949500
2012,을지대학교 _제2캠퍼스,의료전산학 전공(0042860),공학,14,1987700
2012,을지대학교 _제2캠퍼스,보건산업안전학 전공(0058633),자연과학,12,1065200
2012,을지대학교 _제2캠퍼스,메디컬뷰티학과(0119741),예체능,28,4055600
2012,을지대학교 _제2캠퍼스,보건환경안전학과(0021053),자연과학,28,4468100
2012,을지대학교 _제2캠퍼스,보건산업유통학전공(0014759),인문사회,29,2027000
2012,을지대학교 _제2캠퍼스,보건환경안전학과(0023087),자연과학,229,2318100
2012,을지대학교 _제2캠퍼스,식품산업외식학과(0020622),공학,192,1999300
2012,을지대학교 _제2캠퍼스,식품영양학과(0020759),자연과학,171,2226700
2012,을지대학교 _제2캠퍼스,유아교육학과(0014570),인문사회,164,1837200
2012,을지대학교 _제2캠퍼스,중독재활복지학과(0012557),자연과학,151,2043100
2012,을지대학교 _제2캠퍼스,의료경영학과(0015612),인문사회,146,2186500
2012,을지대학교 _제2캠퍼스,의료홍보디자인학과(0008342),인문사회,129,1688000
2012,을지대학교 _제2캠퍼스,여가디자인학과(0018806),예체능,115,2281200
2012,을지대학교 _제2캠퍼스,중독재활복지학과(0015569),자연과학,46,4165400
2012,을지대학교 _제2캠퍼스,안경광학과(0009066),공학,33,1597100
2012,이화여자대학교,간호학전공(0009343),자연과학,175,3974700
2012,이화여자대학교,무용과(0007976),예체능,177,2785900
2012,이화여자대학교,교육공학과(0017463),인문사회,179,2523100
2012,이화여자대학교,수학전공(0022206),자연과학,184,2525000
2012,이화여자대학교,간호과학전공(0010141),자연과학,186,3470000
2012,이화여자대학교,한국음악전공(0008012),예체능,187,3108900
2012,이화여자대학교,분자생명과학부(0021556),자연과학,190,2826200
2012,이화여자대학교,전자공학전공(0001591),공학,195,3026700
2012,이화여자대학교,법학과(0017564),인문사회,212,1451200
2012,이화여자대학교,초등교육과(0011204),인문사회,173,2623500
2012,이화여자대학교,특수교육과(0019970),인문사회,172,2562300
2012,이화여자대학교,건반악기전공(신)(0008559),공학,170,3704200
2012,이화여자대학교,광고홍보학전공(0011529),인문사회,170,2560100
2012,이화여자대학교,언론정보학전공(0018311),인문사회,168,2290700
2012,이화여자대학교,사회과교육과(0016253),인문사회,168,2670600
2012,이화여자대학교,국제사무학과(0010471),인문사회,161,3237800
2012,이화여자대학교,보건관리학과(0009720),자연과학,157,3230200
2012,이화여자대학교,교육학과(0016111),인문사회,154,3161800
2012,이화여자대학교,철학전공(0012752),인문사회,150,2070500
2012,이화여자대학교,영어교육과(0010875),인문사회,213,2352400
2012,이화여자대학교,경영학전공(0010304),인문사회,823,2481400
2012,이화여자대학교,경제학전공(0012816),인문사회,543,2410300
2012,이화여자대학교,영어영문학전공(0016947),인문사회,472,2393900
2012,이화여자대학교,과학교육과(0022778),인문사회,435,2934200
2012,이화여자대학교,국제학전공(0010496),인문사회,394,1951800
2012,이화여자대학교,약학과(6년제)(0009119),자연과학,378,3307100
2012,이화여자대학교,국어국문학전공(0015110),인문사회,375,2585400
2012,이화여자대학교,정치외교학전공(0019030),인문사회,329,3084600
2012,이화여자대학교,중어중문학전공(0012570),인문사회,325,2683900
2012,이화여자대학교,생명과학전공(0021780),자연과학,300,2747100
2012,이화여자대학교,화학・나노과학전공(0039481),자연과학,254,2808900
2012,이화여자대학교,식품영양학과(0021396),자연과학,249,3207400
2012,이화여자대학교,심리학전공(0014352),인문사회,241,2469100
2012,이화여자대학교,컴퓨터공학전공(0002433),공학,231,3362900
2012,이화여자대학교,통계학전공(0020516),자연과학,225,2607200
2012,이화여자대학교,행정학전공(0013565),인문사회,222,2711700
2012,이화여자대학교,불어불문학전공(0015782),인문사회,221,1879600
2012,이화여자대학교,체육과학전공(0007418),예체능,218,3371200
2012,이화여자대학교,의류학과(0020889),자연과학,218,3128200
2012,이화여자대학교,환경공학전공(0003421),자연과학,148,3128200
2012,이화여자대학교,유아교육과(0018452),인문사회,146,2211600
2012,이화여자대학교,도자예술전공(0007025),예체능,11,3819000
2012,이화여자대학교,공간디자인전공(0005995),예체능,89,1995700
2012,이화여자대학교,산업디자인전공(신)(0006309),공학,93,2094700
2012,이화여자대학교,소비자학전공(0015744),인문사회,116,2214200
2012,이화여자대학교,언론홍보영상학부(0020063),인문사회,116,2132500
2012,이화여자대학교,성악전공(신)(0008942),예체능,117,2523900
2012,이화여자대학교,시각디자인전공(0007209),예체능,118,2810500
2012,이화여자대학교,섬유예술전공(신)(0006699),공학,121,2852000
2012,이화여자대학교,도자예술전공(신)(0006310),예체능,127,1750500
2012,이화여자대학교,작곡전공(0006516),예체능,128,3234300
2012,이화여자대학교,수리물리과학부(0023308),자연과학,131,2954300
2012,이화여자대학교,건축학전공(5년)(0003579),공학,131,2208400
2012,이화여자대학교,방송영상학전공(0008602),인문사회,136,2548200
2012,이화여자대학교,수학교육과(0023235),인문사회,138,3418900
2012,이화여자대학교,국어교육과(0019084),인문사회,138,3709100
2012,이화여자대학교,독어독문학전공(0018208),인문사회,139,2880400
2012,이화여자대학교,환경・식품공학부(0027271),자연과학,85,2824000
2012,이화여자대학교,영상디자인전공(0008044),예체능,85,3174500
2012,이화여자대학교,공간디자인전공(0007713),예체능,11,464500
2012,이화여자대학교,섬유예술전공(0007003),공학,14,935000
2012,이화여자대학교,영상디자인전공(0006967),예체능,14,1402300
2012,이화여자대학교,패션디자인전공(섬유・패션학부)(0118760),공학,25,1731300
2012,이화여자대학교,의류학과(0022630),자연과학,26,1351800
2012,이화여자대학교,섬유예술전공(섬유・패션학부)(0116551),공학,39,1051600
2012,이화여자대학교,체육과학과(0008364),예체능,51,2779500
2012,이화여자대학교,전자공학과(0117958),공학,57,2909100
2012,이화여자대학교,건축학부(0005858),공학,58,2660100
2012,이화여자대학교,문헌정보학전공(0015357),인문사회,64,2661100
2012,이화여자대학교,물리학전공(0020749),자연과학,64,3225700
2012,이화여자대학교,의류학전공(0117570),자연과학,68,2393900
2012,이화여자대학교,컴퓨터공학과(0118496),공학,68,2606200
2012,이화여자대학교,건축공학전공(0004049),공학,69,2694500
2012,이화여자대학교,패션디자인전공(신)(0007335),예체능,70,2441900
2012,인제대학교,중국학부(0019290),인문사회,249,2170000
2012,인제대학교,생명과학부(0022380),자연과학,279,2601600
2012,인제대학교,기계자동차공학부(0005332),공학,337,2118300
2012,인제대학교,컴퓨터공학부(0000549),공학,355,2201000
2012,인제대학교,국제경상학부(0010440),인문사회,438,2173600
2012,인제대학교,디자인학부(0007100),예체능,484,2413100
2012,인제대학교,경영학부(0019396),인문사회,485,2016800
2012,인제대학교,식품생명과학부(0021400),자연과학,244,2507600
2012,인제대학교,보건행정학과(0012064),인문사회,244,2346500
2012,인제대학교,사회복지학과(0016225),인문사회,206,2720400
2012,인제대학교,데이터정보학과(0020669),공학,155,2225700
2012,인제대학교,정보통신공학과(0005818),공학,149,1908900
2012,인제대학교,시스템경영공학과(0003842),인문사회,143,2273800
2012,인제대학교,인문학부(0015414),인문사회,142,2236800
2012,인제대학교,의생명화학과(0022107),자연과학,140,2380000
2012,인제대학교,유아교육과(0016821),인문사회,129,2143700
2012,인제대학교,역사고고학과(0016227),인문사회,128,2299800
2012,인제대학교,정치외교학과(0014540),인문사회,126,2196700
2012,인제대학교,특수교육과(0014492),인문사회,124,2783800
2012,인제대학교,전자지능로봇공학과(0003229),공학,113,2399900
2012,인제대학교,경영통상학과(0011552),인문사회,107,1727500
2012,인제대학교,토목공학과(0003651),공학,97,2162600
2012,인제대학교,약학과(0010053),자연과학,93,2759800
2012,인제대학교,토목도시공학부(0118684),인문사회,58,1703000
2012,인제대학교,보건관리학과(0010048),자연과학,57,1688400
2012,인제대학교,언론정치학부(0011085),인문사회,56,2211800
2012,인제대학교,전자공학과(0117959),공학,43,1548000
2012,인제대학교,환경공학과(0119254),자연과학,42,1932200
2012,인제대학교,컴퓨터시뮬레이션학과(0118532),공학,38,1529400
2012,인제대학교,임상병리학과(0009378),자연과학,33,15869200
2012,인제대학교,상담심리치료학과(0116415),인문사회,30,2652200
2012,인제대학교,응용수학과(0117521),자연과학,29,1606800
2012,인제대학교,산업안전보건학과(0009382),자연과학,20,1785100
2012,인제대학교,행정학과(0011123),인문사회,163,2159700
2012,인제대학교,의예과(0009774),자연과학,205,1598300
2012,인제대학교,임상병리학과(0009243),자연과학,202,411400
2012,인제대학교,법학과(0015506),인문사회,196,2039000
2012,인제대학교,컴퓨터응용과학부(0005691),공학,184,1931700
2012,인제대학교,사회체육학과(0007119),예체능,184,3677000
2012,인제대학교,건축학과(0000753),공학,183,2094800
2012,인제대학교,보건안전공학과(0003335),자연과학,178,2270400
2012,인제대학교,환경공학부(0004396),자연과학,175,2536700
2012,인제대학교,신문방송학과(0014935),인문사회,168,2131600
2012,인제대학교,음악학과(0007666),예체능,167,2591300
2012,인제대학교,일어일문학과(0019171),인문사회,169,1827900
2012,인제대학교,영어영문학과(0012186),인문사회,170,1732400
2012,인제대학교,물리치료학과(0009904),자연과학,175,2402600
2012,인제대학교 _제2캠퍼스,의학과(0009217),의학,390,1520600
2012,인제대학교 _제2캠퍼스,간호학과(0010064),자연과학,337,413100
2012,인제대학교 _제2캠퍼스,간호학과(0204177),자연과학,156,4849300
2012,인천가톨릭대학교 _제2캠퍼스,시각디자인학과(0008963),예체능,236,1609200
2012,인천가톨릭대학교 _제2캠퍼스,환경디자인학과(0006642),자연과학,203,1494000
2012,인천가톨릭대학교 _제2캠퍼스,문화예술콘텐츠학과(0006291),인문사회,66,1856400
2012,인천가톨릭대학교 _제2캠퍼스,환경조각과(0008854),자연과학,75,1399700
2012,인천대학교,건설환경공학전공(0174625),자연과학,167,1999000
2012,인천대학교,유아교육과(0174656),인문사회,166,2428500
2012,인천대학교,정치외교학과(0174667),인문사회,158,2472000
2012,인천대학교,신문방송학과(0174672),인문사회,157,2280900
2012,인천대학교,행정학과(0174665),인문사회,153,2368100
2012,인천대학교,독어독문학과(0174662),인문사회,153,1995600
2012,인천대학교,디자인학부(0178901),예체능,401,2182600
2012,인천대학교,전기공학과(0174589),공학,474,2305400
2012,인천대학교,정보통신공학과(0174613),공학,493,2423000
2012,인천대학교,전자공학과(0174603),공학,509,2240200
2012,인천대학교,무역학부(0174652),인문사회,580,2264600
2012,인천대학교,경영대학 경영학부(0174707),인문사회,699,2206700
2012,인천대학교,기계시스템공학부(0174615),공학,38,1890000
2012,인천대학교,컴퓨터공학부(0174600),공학,569,2568400
2012,인천대학교,기계시스템공학부(0174629),공학,169,1792800
2012,인천대학교,체육학부(0179407),예체능,348,2609500
2012,인천대학교,기계・로봇공학전공(0174703),공학,335,2464800
2012,인천대학교,영어영문학과(0174678),인문사회,304,2248600
2012,인천대학교,법학과(0174651),인문사회,302,2089900
2012,인천대학교,도시건설공학전공(0174622),인문사회,301,2333400
2012,인천대학교,중어중국학과(0174675),인문사회,279,2286200
2012,인천대학교,자동차공학전공(0174611),공학,276,2268300
2012,인천대학교,일어일문학과(0174676),인문사회,251,2124000
2012,인천대학교,동북아경제통상대학 경제학과(0174697),인문사회,238,2105600
2012,인천대학교,화학과(0174691),자연과학,205,2170800
2012,인천대학교,산업경영공학과(0174585),인문사회,204,2247000
2012,인천대학교,건축학전공(0174610),공학,201,2149700
2012,인천대학교,신소재공학과(0174623),공학,199,2375900
2012,인천대학교,건축공학전공(0174584),공학,197,2498100
2012,인천대학교,물리학과(0174692),자연과학,196,2207200
2012,인천대학교,소비자아동학과(0174674),인문사회,195,2313400
2012,인천대학교,패션산업학과(0174690),공학,194,1918900
2012,인천대학교,안전공학과(0174632),공학,190,2507200
2012,인천대학교,세무회계학과(0174650),인문사회,188,2559900
2012,인천대학교,문헌정보학과(0174673),인문사회,186,2646000
2012,인천대학교,컴퓨터공학부(0174619),공학,184,2819800
2012,인천대학교,무역학부(0174661),인문사회,179,2776500
2012,인천대학교,수학과(0174680),자연과학,178,1997700
2012,인천대학교,도시행정학과(0174649),인문사회,173,2612500
2012,인천대학교,환경공학전공(0174598),자연과학,170,2543200
2012,인천대학교,전자공학과(0174590),공학,170,3030900
2012,인천대학교,동북아국제통상학부 러시아통상전공(0174708),인문사회,36,4203900
2012,인천대학교,영어교육과(0174653),인문사회,35,2206300
2012,인천대학교,국어교육과(0174664),인문사회,34,3128300
2012,인천대학교,역사교육과(0174655),인문사회,22,3026400
2012,인천대학교,윤리교육과(0174657),인문사회,22,2173300
2012,인천대학교,사회복지학전공(0174669),인문사회,26,2694200
2012,인천대학교,동북아경제통상대학 경제학과(0174696),인문사회,150,2206400
2012,인천대학교,국어국문학과(0174671),인문사회,146,2701700
2012,인천대학교,산업경영공학과(0174604),인문사회,137,2413000
2012,인천대학교,일어교육과(0174668),인문사회,32,2152700
2012,인천대학교,도시환경공학부(0174631),인문사회,137,1860800
2012,인천대학교,불어불문학과(0174670),인문사회,127,2066100
2012,인천대학교,에너지화학공학과(0174626),자연과학,115,2413400
2012,인천대학교,기계・로봇공학전공(0174709),공학,107,2222600
2012,인천대학교,공연예술학과(0178790),예체능,107,2204500
2012,인천대학교,생명과학전공(0174682),자연과학,103,2145100
2012,인천대학교,도시건축학부(0174601),인문사회,102,1922400
2012,인천대학교,사회복지학과(0174679),인문사회,85,2838200
2012,인천대학교,윤리학전공(0174663),인문사회,26,2166400
2012,인천대학교,동북아국제통상학부 일본통상전공(0174706),인문사회,27,4527300
2012,인천대학교,동북아국제통상학부 미국통상전공(0174702),인문사회,28,7546300
2012,인천대학교,생명공학부(0174587),자연과학,66,1883400
2012,인천대학교,도시시설관리공학과(0174596),인문사회,30,1669700
2012,인천대학교,도시건축공학과(0174599),인문사회,22,1919900
2012,인천대학교,테크노경영학과(0174677),인문사회,21,1527300
2012,인천대학교,전기에너지공학과(0174592),공학,20,1705800
2012,인천대학교,체육교육과(0174642),인문사회,33,2070900
2012,인천대학교,동북아경제통상대학 동북아국제통상학부(0174698),인문사회,42,4444200
2012,인천대학교,수학교육과(0174694),인문사회,42,2356100
2012,인천대학교,나노바이오전공(0174687),자연과학,48,2549800
2012,인천대학교,도시설계전공(0174621),인문사회,52,2064900
2012,인천대학교,해양학과(0174683),자연과학,56,2367400
2012,인천대학교,동북아국제통상학부 중국통상전공(0174705),인문사회,59,4342200
2012,인천대학교,분자의생명전공(0174688),자연과학,63,2660500
2012,인천대학교,생명과학부(0174681),자연과학,63,1654500
2012,인천대학교,생명공학전공(0174588),자연과학,64,2210400
2012,인천대학교,기계자동차공학과(0174630),공학,15,1980100
2012,인하대학교,건축공학전공(0002061),공학,235,2552500
2012,인하대학교,환경공학전공(0005755),자연과학,239,2147400
2012,인하대학교,중국언어문화전공(0018587),인문사회,240,2922900
2012,인하대학교,산업공학전공(0005046),공학,250,2167800
2012,인하대학교,국제언어문화학부(0016561),인문사회,256,2372200
2012,인하대학교,정치외교학전공(0016565),인문사회,260,2301800
2012,인하대학교,영어영문학전공(0016997),인문사회,270,2867600
2012,인하대학교,언론정보학전공(0016664),인문사회,285,2801100
2012,인하대학교,조선해양공학전공(0005399),자연과학,287,2713200
2012,인하대학교,토목공학전공(0001440),공학,288,2799300
2012,인하대학교,행정학전공(0012415),인문사회,317,2647000
2012,인하대학교,간호학과(0009158),자연과학,343,2856600
2012,인하대학교,화학공학전공(0003984),자연과학,356,3139500
2012,인하대학교,전기공학전공(0000351),공학,396,3022800
2012,인하대학교,경제학부(0015432),인문사회,482,2465100
2012,인하대학교,전자공학전공(0000410),공학,489,3202200
2012,인하대학교,국제통상학부(0010491),인문사회,639,2432500
2012,인하대학교,정보통신공학부(0002771),공학,641,2464300
2012,인하대학교,신소재공학부(0003500),공학,661,2716000
2012,인하대학교,컴퓨터정보공학부(0003819),공학,803,2661400
2012,인하대학교,기계공학전공(0003768),공학,993,2849500
2012,인하대학교,경영학부(0013116),인문사회,1236,2469700
2012,인하대학교,일본언어문화전공(0015107),인문사회,232,2476500
2012,인하대학교,체육교육과(0008086),인문사회,208,4760800
2012,인하대학교,전자전기공학계열(0000420),공학,207,2077000
2012,인하대학교,인문학부(0016523),인문사회,131,2397900
2012,인하대학교,미술전공(0008114),예체능,131,2103800
2012,인하대학교,생명과학전공(0023283),자연과학,127,2632000
2012,인하대학교,지리정보공학전공(0022435),인문사회,126,3134200
2012,인하대학교,프랑스언어문화전공(0017535),인문사회,118,2367500
2012,인하대학교,건축학부(0005173),공학,110,2073400
2012,인하대학교,해양과학전공(0204628),자연과학,102,2535900
2012,인하대학교,문화경영전공(0204622),인문사회,98,2842200
2012,인하대학교,연극영화전공(0006887),예체능,97,2375300
2012,인하대학교,수학통계학부(0023199),자연과학,95,2355200
2012,인하대학교,물리화학부(0021848),자연과학,95,2045900
2012,인하대학교,생명해양과학부(0023264),자연과학,93,2101000
2012,인하대학교,문화콘텐츠학부(0017829),인문사회,92,2357200
2012,인하대학교,철학전공(0011157),인문사회,91,1891600
2012,인하대학교,기초의과학부(0009875),자연과학,76,2332900
2012,인하대학교,법학부(0013192),인문사회,25,2016100
2012,인하대학교,정보공학계열(0005611),공학,18,1253800
2012,인하대학교,기계공학부(0005196),공학,14,743600
2012,인하대학교,시각정보디자인전공(0006141),공학,136,2362600
2012,인하대학교,문화콘텐츠전공(0010558),인문사회,138,3239900
2012,인하대학교,항공우주공학전공(0004635),공학,204,2261700
2012,인하대학교,고분자신소재공학전공(0005829),공학,201,3116400
2012,인하대학교,항공조선산업공학부(0004324),공학,195,2141900
2012,인하대학교,사회교육과(0016326),인문사회,187,3239000
2012,인하대학교,생활체육전공(0006381),예체능,186,3890900
2012,인하대학교,건축학전공(0004469),공학,184,2763400
2012,인하대학교,교육학과(0014716),인문사회,181,3098800
2012,인하대학교,생명공학전공(0001724),자연과학,181,2832000
2012,인하대학교,영어교육과(0014066),인문사회,179,2737800
2012,인하대학교,소비자아동학전공(0016637),인문사회,179,3392700
2012,인하대학교,식품영양학전공(0020777),자연과학,177,3182200
2012,인하대학교,국어교육과(0011727),인문사회,175,3470900
2012,인하대학교,화학전공(0023322),자연과학,173,2807800
2012,인하대학교,수학교육과(0022687),인문사회,167,2456200
2012,인하대학교,글로벌금융학부(0014146),인문사회,163,2746700
2012,인하대학교,한국어문학전공(0014289),인문사회,161,3642900
2012,인하대학교,법학전공(0017531),인문사회,158,2148100
2012,인하대학교,통계학전공(0021639),자연과학,156,2531500
2012,인하대학교,의류디자인학전공(0007814),자연과학,152,2812400
2012,인하대학교,섬유신소재공학전공(0003525),공학,150,2434400
2012,인하대학교,물리학전공(0021715),자연과학,148,2222200
2012,인하대학교,수학전공(0023250),자연과학,146,2426400
2012,인하대학교,생명화학공학부(0023506),자연과학,144,2830100
2012,장로회신학대학교,기독교교육과(0019099),인문사회,220,2861200
2012,장로회신학대학교,교회음악학과(0007275),예체능,205,2818000
2012,전남대학교,영어영문학과(0019300),인문사회,305,2007500
2012,전남대학교,음악학과(0008157),예체능,311,1874100
2012,전남대학교,간호학과(0009573),자연과학,323,2527600
2012,전남대학교,신소재공학부(0004685),공학,339,2359900
2012,전남대학교,기계시스템공학부(0000064),공학,344,2380600
2012,전남대학교,미술학과(0008018),예체능,345,2286000
2012,전남대학교,식물생명공학부(0022405),자연과학,430,2125200
2012,전남대학교,경제학부(0016434),인문사회,630,1895500
2012,전남대학교,전자컴퓨터공학부(0001116),공학,729,2149600
2012,전남대학교,응용화학공학부(0004931),자연과학,783,2174600
2012,전남대학교,경영학부(0016317),인문사회,1459,1990000
2012,전남대학교,지구환경과학부(0023463),자연과학,289,2127200
2012,전남대학교,건축학부(0000765),공학,285,2069600
2012,전남대학교,수의예과(0021768),자연과학,94,1669400
2012,전남대학교,영어교육과(0019948),인문사회,95,1628500
2012,전남대학교,기계공학부(0115142),공학,98,2199400
2012,전남대학교,수학교육과(0022221),인문사회,99,2049700
2012,전남대학교,인류학과(0016537),인문사회,101,2121700
2012,전남대학교,생명과학기술학부(0021250),자연과학,109,0
2012,전남대학교,국어교육과(0010398),인문사회,110,2019400
2012,전남대학교,국악과(0005986),예체능,121,2466300
2012,전남대학교,지리학과(0020594),인문사회,121,2175100
2012,전남대학교,환경공학과(0001261),자연과학,125,1790900
2012,전남대학교,문헌정보학과(0015810),인문사회,127,2366600
2012,전남대학교,심리학과(0018147),인문사회,138,2094700
2012,전남대학교,철학과(0017052),인문사회,138,2218600
2012,전남대학교,통계학과(0021668),자연과학,139,2495700
2012,전남대학교,조경학과(0000521),공학,146,2722200
2012,전남대학교,지역 ・ 바이오시스템공학과(0055550),인문사회,152,2252500
2012,전남대학교,의예과(0009055),자연과학,155,1624100
2012,전남대학교,신문방송학과(0017650),인문사회,160,2382700
2012,전남대학교,토목공학과(0005689),공학,163,1842800
2012,전남대학교,식품영양학과(0020332),자연과학,164,2370700
2012,전남대학교,바이오에너지공학과(0001968),자연과학,90,2612200
2012,전남대학교,건설지구환경공학부(0000136),자연과학,86,2481800
2012,전남대학교,사회교육학부(0012893),인문사회,11,2230000
2012,전남대학교,과학교육학부(0022987),인문사회,16,2317100
2012,전남대학교,산림자원조경학부(0020351),자연과학,29,2368700
2012,전남대학교,환경에너지공학과(0119266),자연과학,38,1975600
2012,전남대학교,윤리교육과(0017108),인문사회,50,2527100
2012,전남대학교,화학교육과(0022820),인문사회,52,2167600
2012,전남대학교,유아교육과(0019884),인문사회,53,2703100
2012,전남대학교,수학통계학부(0020823),자연과학,53,892800
2012,전남대학교,행정학과(0017977),인문사회,59,10400600
2012,전남대학교,교육학과(0018769),인문사회,62,2564700
2012,전남대학교,식품영양과학부(0116865),자연과학,65,2611100
2012,전남대학교,가정교육과(0023351),인문사회,66,2274900
2012,전남대학교,생물교육과(0022042),인문사회,67,1531500
2012,전남대학교,지리교육과(0011339),인문사회,69,2540100
2012,전남대학교,역사교육과(0014802),인문사회,71,2399600
2012,전남대학교,지구과학교육과(0022009),인문사회,71,2110600
2012,전남대학교,음악교육과(0008434),인문사회,73,2072300
2012,전남대학교,물리교육과(0023004),인문사회,77,1908100
2012,전남대학교,체육교육과(0007708),인문사회,85,2404700
2012,전남대학교,정치외교학과(0014174),인문사회,173,2121100
2012,전남대학교,법학과(0018235),인문사회,273,1141900
2012,전남대학교,의학과(0009063),의학,272,1959300
2012,전남대학교,국어국문학과(0015719),인문사회,257,2060300
2012,전남대학교,중어중문학과(0013014),인문사회,248,1826600
2012,전남대학교,산림자원학부(0020790),자연과학,246,2621700
2012,전남대학교,일어일문학과(0017329),인문사회,244,1928600
2012,전남대학교,산업공학과(0003740),공학,242,1948700
2012,전남대학교,행정학과(0015803),인문사회,237,0
2012,전남대학교,생명과학기술학부(0021263),자연과학,236,2871900
2012,전남대학교,고분자 ・ 섬유시스템공학과(0056768),공학,236,2392300
2012,전남대학교,전기공학과(0000336),공학,221,2241800
2012,전남대학교,화학과(0023394),자연과학,199,2295500
2012,전남대학교,수의학과(0022219),의학,220,2003300
2012,전남대학교,생활환경복지학과(0015494),자연과학,214,2849400
2012,전남대학교,불어불문학과(0010571),인문사회,212,1808800
2012,전남대학교,의류학과(0021531),자연과학,205,2152600
2012,전남대학교,약학부(0010133),자연과학,205,2303000
2012,전남대학교,농업경제학과(0016589),인문사회,201,1891600
2012,전남대학교,물리학과(0021424),자연과학,199,1889100
2012,전남대학교,독일언어문학과(0017172),인문사회,192,2185500
2012,전남대학교,수학과(0022730),자연과학,180,2223500
2012,전남대학교 _제2캠퍼스,전기・전자통신・컴퓨터공학부(0025955),공학,287,2561200
2012,전남대학교 _제2캠퍼스,해양기술학부(0003439),자연과학,520,2585000
2012,전남대학교 _제2캠퍼스,응용수학과(0022706),자연과학,10,2865300
2012,전남대학교 _제2캠퍼스,식품・수산생명의학부(0029177),의학,18,2642000
2012,전남대학교 _제2캠퍼스,화공생명공학과(0119220),자연과학,24,2601800
2012,전남대학교 _제2캠퍼스,문화관광컨텐츠학부(0014869),인문사회,25,0
2012,전남대학교 _제2캠퍼스,생명산업공학과(0116460),자연과학,26,1407800
2012,전남대학교 _제2캠퍼스,국제학부(0010495),인문사회,270,2162600
2012,전남대학교 _제2캠퍼스,문화컨텐츠학부(0014971),인문사회,240,2802800
2012,전남대학교 _제2캠퍼스,특수교육학부(0015565),인문사회,182,2059800
2012,전남대학교 _제2캠퍼스,해양경찰학과(0016394),자연과학,146,3036900
2012,전남대학교 _제2캠퍼스,건축학과(0004684),공학,122,2791100
2012,전남대학교 _제2캠퍼스,기계・자동차공학부(0029119),공학,122,2381000
2012,전남대학교 _제2캠퍼스,생명・화학공학부(0059143),자연과학,121,2735500
2012,전남대학교 _제2캠퍼스,시각정보디자인학과(0006500),공학,94,2658000
2012,전남대학교 _제2캠퍼스,수산생명의학과(0021659),의학,82,2732200
2012,전남대학교 _제2캠퍼스,해양토목공학과(0001766),자연과학,76,2130300
2012,전남대학교 _제2캠퍼스,환경시스템공학과(0000590),자연과학,70,2588600
2012,전남대학교 _제2캠퍼스,건설・환경공학부(0059398),자연과학,58,2432400
2012,전남대학교 _제2캠퍼스,기계설계공학부(0115167),공학,52,2257300
2012,전남대학교 _제2캠퍼스,의공학과(0001616),공학,32,2759700
2012,전남대학교 _제2캠퍼스,해양바이오식품학과(0118987),자연과학,28,2478400
2012,전북대학교,원예학과(0020919),자연과학,134,2633400
2012,전북대학교,조경학과(0002587),공학,134,2696100
2012,전북대학교,의류학과(0021969),자연과학,137,2295800
2012,전북대학교,음악과(0006557),예체능,139,2336300
2012,전북대학교,전기전자컴퓨터공학부(전자공학)(0003338),공학,140,2124100
2012,전북대학교,반도체과학기술학과(0003325),공학,141,2152700
2012,전북대학교,문헌정보학과(0010797),인문사회,146,2353500
2012,전북대학교,주거환경학과(0020562),자연과학,147,3127600
2012,전북대학교,항공우주공학과(0003536),공학,147,2253500
2012,전북대학교,미술학과(0008165),예체능,152,2066600
2012,전북대학교,사회복지학과(0011968),인문사회,154,2327100
2012,전북대학교,바이오메디컬공학부(0000891),자연과학,156,2788900
2012,전북대학교,독어독문학과(0017566),인문사회,158,1826000
2012,전북대학교,수학과(0021798),자연과학,131,2226300
2012,전북대학교,화학공학부(나노화학공학전공)(0005259),자연과학,130,2884500
2012,전북대학교,작물생명과학과(0022235),자연과학,129,2392900
2012,전북대학교,도시공학과(0001819),인문사회,103,2500200
2012,전북대학교,스페인・중남미어문학과(0052251),인문사회,107,1878800
2012,전북대학교,물리학과(0020745),자연과학,108,1572200
2012,전북대학교,지역건설공학과(0003085),인문사회,112,2405800
2012,전북대학교,지구환경과학과(0022539),자연과학,113,2648600
2012,전북대학교,전기공학과(0004424),공학,117,2300900
2012,전북대학교,생명과학과(0023190),자연과학,117,2374200
2012,전북대학교,한국음악학과(0008182),예체능,120,1969600
2012,전북대학교,생물환경화학과(0020636),자연과학,125,2440900
2012,전북대학교,신문방송학과(0015620),인문사회,126,2622300
2012,전북대학교,심리학과(0012272),인문사회,126,2445800
2012,전북대학교,법학과(0012031),인문사회,127,1484100
2012,전북대학교,전자정보공학부 컴퓨터공학전공(0033430),공학,158,1957300
2012,전북대학교,환경공학과(0001260),자연과학,161,2202600
2012,전북대학교,경영학부(0017886),인문사회,211,1861000
2012,전북대학교,전자정보공학부(전자공학전공)(0003075),공학,221,2202300
2012,전북대학교,컴퓨터공학부(0001234),공학,221,2248100
2012,전북대학교,국어국문학과(0014243),인문사회,228,1970500
2012,전북대학교,화학과(0022650),자연과학,242,2251500
2012,전북대학교,기계공학과(0005928),공학,250,2642900
2012,전북대학교,기계설계공학부(기계설계공학전공)(0002935),공학,251,2426200
2012,전북대학교,경영학부 회계학전공(0040946),인문사회,273,1990000
2012,전북대학교,토목공학과(0004709),공학,278,2180800
2012,전북대학교,영어영문학과(0015268),인문사회,287,2090900
2012,전북대학교,경제학부 경제학전공(0036171),인문사회,328,2011100
2012,전북대학교,전자공학부(0003675),공학,388,2212700
2012,전북대학교,간호학과(0008994),자연과학,401,2731100
2012,전북대학교,경영학부 경영학전공(0028489),인문사회,516,2034900
2012,전북대학교,무역학과(0013874),인문사회,601,2178600
2012,전북대학교,중어중문학과(0014803),인문사회,209,1907900
2012,전북대학교,행정학과(0011139),인문사회,208,2169300
2012,전북대학교,수의학과(0022799),의학,206,2021800
2012,전북대학교,식품영양학과(0022460),자연과학,161,1913900
2012,전북대학교,프랑스학과(0018129),인문사회,162,1900100
2012,전북대학교,농업경제학과(0010465),인문사회,165,1990800
2012,전북대학교,일어일문학과(0018597),인문사회,165,1794300
2012,전북대학교,신소재공학부 금속시스템공학전공(0053305),공학,169,2204200
2012,전북대학교,산업디자인과(0008704),공학,171,2385100
2012,전북대학교,신소재공학부 전자재료공학전공(0046238),공학,175,2430800
2012,전북대학교,기계시스템공학부(0004779),공학,176,2002700
2012,전북대학교,고분자나노공학과(0000821),공학,179,2377100
2012,전북대학교,신소재공학부 정보소재공학전공(0050494),공학,188,2236700
2012,전북대학교,건축공학과(0002452),공학,193,2240200
2012,전북대학교,정치외교학과(0018656),인문사회,204,2109500
2012,전북대학교,산업정보시스템공학과(0002398),공학,205,2397000
2012,전북대학교,철학과(0012428),인문사회,103,2284200
2012,전북대학교,화학공학부(0004666),자연과학,100,3477100
2012,전북대학교,생물자원과학부(작물생산공학전공)(0022393),자연과학,19,2426100
2012,전북대학교,수학통계정보과학부(수학전공)(0022735),자연과학,19,1613900
2012,전북대학교,생물자원과학부(원예학전공)(0021991),자연과학,20,1267100
2012,전북대학교,과학기술학부(지구환경과학전공)(0021125),자연과학,20,1917300
2012,전북대학교,불어불문학과(0018371),인문사회,20,1172600
2012,전북대학교,언론심리학부(신문방송학전공)(0012634),인문사회,21,966600
2012,전북대학교,건축학과(5)(0000760),공학,22,2654700
2012,전북대학교,사회교육학부(일반사회교육전공)(0019804),인문사회,22,2316000
2012,전북대학교,환경화학공학부(공업화학전공)(0020615),자연과학,23,1187700
2012,전북대학교,국제학부(0114993),인문사회,24,4282000
2012,전북대학교,산림과학부(목재응용과학전공)(0021281),자연과학,24,2192500
2012,전북대학교,정밀기계공학부(응용기계공학전공)(0005825),공학,24,3802100
2012,전북대학교,정밀기계공학부(정밀기계공학전공)(0003977),공학,24,3568600
2012,전북대학교,응용생물공학부(생물환경학전공)(0022643),자연과학,25,1849100
2012,전북대학교,건축도시공학부(건축학전공(5년제))(0004572),인문사회,26,2482300
2012,전북대학교,정치사회학부(사회학전공)(0014466),인문사회,26,1234600
2012,전북대학교,환경화학공학부(화학공학전공)(0004047),자연과학,27,2067000
2012,전북대학교,수학통계정보과학부(통계정보과학전공)(0023187),자연과학,27,2755400
2012,전북대학교,역사교육과(0012128),인문사회,27,2914900
2012,전북대학교,일반사회교육과(0012290),인문사회,28,2432200
2012,전북대학교,기계항공시스템공학부(항공우주공학전공)(0001878),공학,29,1266100
2012,전북대학교,응용시스템공학부(전자통신공학전공)(0005544),공학,30,2872300
2012,전북대학교,동물자원과학부(동물생명공학전공)(0021541),자연과학,30,2738600
2012,전북대학교,생물자원시스템공학부(지역건설공학전공)(0020619),인문사회,31,2237400
2012,전북대학교,건축도시공학부(건축공학전공)(0005292),인문사회,32,2092200
2012,전북대학교,인문학부(사학전공)(0012623),인문사회,33,1471300
2012,전북대학교,인문학부(철학전공)(0012624),인문사회,19,1635800
2012,전북대학교,인문학부(고고문화인류학전공)(0015748),인문사회,19,2718000
2012,전북대학교,신소재공학부 고분자나노공학전공(0053867),공학,10,1181800
2012,전북대학교,음악학과(0008198),예체능,10,918500
2012,전북대학교,사회교육학부(지리교육전공)(0019205),인문사회,10,2098500
2012,전북대학교,바이오메디컬공학부(헬스케어기기공학전공)(0003417),자연과학,11,235900
2012,전북대학교,행정복지학부(사회복지학전공)(0011394),인문사회,13,3159200
2012,전북대학교,생활과학부(식품영양학전공)(0021507),자연과학,14,2353200
2012,전북대학교,환경자원학부(한약자원학전공)(0022692),자연과학,14,2200700
2012,전북대학교,환경자원학부(환경조경디자인학전공)(0022755),자연과학,14,3241700
2012,전북대학교,건축도시공학부(도시공학전공)(0000674),인문사회,16,2156200
2012,전북대학교,환경화학공학부(환경공학전공)(0005016),자연과학,16,2363100
2012,전북대학교,과학기술학부(물리학전공)(0020630),자연과학,17,940300
2012,전북대학교,사회교육학부(역사교육전공)(0015320),인문사회,17,2398900
2012,전북대학교,생명자원융합학과(0116468),자연과학,17,1391400
2012,전북대학교,언론심리학부(심리학전공)(0020223),인문사회,18,1802500
2012,전북대학교,응용시스템공학부(정보공학전공)(0004871),공학,33,1611100
2012,전북대학교,생물자원시스템공학부(생물산업기계공학전공)(0021917),공학,34,2126700
2012,전북대학교,기계항공시스템공학부(기계공학전공)(0005808),공학,72,1541100
2012,전북대학교,전자정보공학부(전기공학전공)(0005019),공학,67,2602500
2012,전북대학교,교육학과(0013664),인문사회,67,2838600
2012,전북대학교,과학교육학부 지구과학교육전공(0038653),인문사회,66,2409700
2012,전북대학교,기계설계공학부(나노바이오기계시스템공학전공)(0004994),자연과학,65,2181100
2012,전북대학교,과학교육학부 물리교육전공(0040716),인문사회,63,2116000
2012,전북대학교,바이오식품공학과(0020347),자연과학,61,2961900
2012,전북대학교,윤리교육과(0011102),인문사회,60,2293000
2012,전북대학교,과학교육학부 화학교육전공(0036151),인문사회,59,2330100
2012,전북대학교,산림자원학과(0020355),자연과학,58,2242100
2012,전북대학교,기계항공시스템공학부(기계설계공학전공)(0003012),공학,57,1507500
2012,전북대학교,기계시스템공학부(정밀기계공학전공)(0002127),공학,57,2346000
2012,전북대학교,통계정보과학과(0023356),자연과학,56,2318100
2012,전북대학교,과학교육학부 생물교육전공(0060023),인문사회,56,2433000
2012,전북대학교,과학기술학부(화학전공)(0022329),자연과학,54,1241700
2012,전북대학교,소프트웨어공학과(0005488),공학,52,2371400
2012,전북대학교,IT정보공학부(컴퓨터시스템공학전공)(0001861),공학,51,2686700
2012,전북대학교,기계시스템공학부(응용기계공학전공)(0000708),공학,47,2466200
2012,전북대학교,IT정보공학부(소프트웨어공학전공)(0005202),공학,46,3005500
2012,전북대학교,행정복지학부(행정학전공)(0016614),인문사회,42,1094700
2012,전북대학교,응용시스템공학부(산업전기공학전공)(0004689),공학,39,2284400
2012,전북대학교,독어교육과(0020154),인문사회,37,2715100
2012,전북대학교,지리교육과(0015651),인문사회,37,2587800
2012,전북대학교,정치사회학부(정치외교학전공)(0012633),인문사회,37,1565900
2012,전북대학교,전기전자컴퓨터공학부(컴퓨터공학)(0003384),공학,73,1793400
2012,전북대학교,스페인・중남미학과(0010748),인문사회,73,1582200
2012,전북대학교,수의예과(0116668),자연과학,100,1664600
2012,전북대학교,환경조경디자인학과(0023317),자연과학,98,2077900
2012,전북대학교,생명자원유통경제학과(0022896),인문사회,98,2256500
2012,전북대학교,고고문화인류학과(0013966),인문사회,98,2619000
2012,전북대학교,섬유소재시스템공학과(0003395),공학,96,2935500
2012,전북대학교,생명공학부(환경생명공학전공)(0003805),자연과학,95,1934900
2012,전북대학교,생물산업기계공학과(0023206),공학,94,2028800
2012,전북대학교,생명공학부(생명자원소재공학전공)(0004734),자연과학,91,1705700
2012,전북대학교,아동학과(0016919),인문사회,88,3071800
2012,전북대학교,동물생명공학과(0021084),자연과학,87,2440600
2012,전북대학교,통계학과(0022126),자연과학,85,2499200
2012,전북대학교,화학공학부(생명화학공학전공)(0001360),자연과학,85,2203100
2012,전북대학교,무용학과(0007527),예체능,84,2047700
2012,전북대학교,국어교육과(0017763),인문사회,84,1949900
2012,전북대학교,화학공학부(에너지화학공학전공)(0001840),자연과학,83,2179500
2012,전북대학교,경제학부(0014432),인문사회,83,1934000
2012,전북대학교,수학교육과(0021231),인문사회,82,2033900
2012,전북대학교,영어교육과(0013879),인문사회,82,2406000
2012,전북대학교,생명공학부(0000961),자연과학,78,2909700
2012,전북대학교,산림환경과학과(0020610),자연과학,76,2539300
2012,전북대학교,기계항공시스템공학부(정밀기계공학전공)(0001410),공학,74,1621800
2012,전북대학교,IT정보공학과(0005931),공학,74,2548300
2012,전북대학교,체육교육과(0007183),인문사회,74,2530600
2012,전북대학교,전기전자컴퓨터공학부(전기공학)(0000730),공학,37,2711800
2012,전북대학교,생태조경디자인학과(0116492),공학,34,2356400
2012,전북대학교,산림과학부(산림자원학전공)(0021515),자연과학,37,1972200
2012,전주교육대학교,음악교육과(심화전공)(0006563),인문사회,113,1805000
2012,전주교육대학교,초등교육학과(심화과정)(0013797),인문사회,115,2002100
2012,전주교육대학교,체육교육과(심화전공)(0007739),인문사회,115,1814700
2012,전주교육대학교,실과교육과(심화전공)(0022153),인문사회,115,2226700
2012,전주교육대학교,국어교육과(심화전공)(0013087),인문사회,113,2035800
2012,전주교육대학교,영어교육과(심화전공)(0014925),인문사회,112,2032600
2012,전주교육대학교,과학교육과(심화전공)(0021775),인문사회,112,2145000
2012,전주교육대학교,사회교육과(심화전공)(0016566),인문사회,111,1696900
2012,전주교육대학교,미술교육과(심화전공)(0006034),인문사회,111,1797000
2012,전주교육대학교,수학교육과(심화전공)(0021301),인문사회,111,2004600
2012,전주교육대학교,컴퓨터교육과(심화전공)(0001271),인문사회,109,2020300
2012,전주교육대학교,윤리교육과(심화전공)(0014582),인문사회,108,1966700
2012,전주대학교,물리치료학과(0009305),자연과학,158,1208100
2012,전주대학교,토목환경공학과(0005914),자연과학,155,2755900
2012,전주대학교,물리치료학과(0204196),자연과학,153,1985200
2012,전주대학교,전기전자공학전공(0003978),공학,151,2937900
2012,전주대학교,건축공학과(0004929),공학,148,3056900
2012,전주대학교,호텔경영전공(0012439),인문사회,147,0
2012,전주대학교,부동산학전공(0011872),인문사회,146,0
2012,전주대학교,관광경영전공(0209087),인문사회,145,0
2012,전주대학교,중국언어문화전공(0016632),인문사회,143,2247600
2012,전주대학교,수학교육과(0020391),인문사회,143,2765900
2012,전주대학교,영어교육과(0018183),인문사회,140,2663200
2012,전주대학교,국어교육과(0011729),인문사회,139,2942700
2012,전주대학교,가정교육과(0021260),인문사회,139,2540700
2012,전주대학교,예술치료학과(0209082),예체능,136,1377000
2012,전주대학교,금융경영전공(0012455),인문사회,135,0
2012,전주대학교,정보통신공학전공(0000320),공학,134,3074000
2012,전주대학교,한문교육과(0011296),인문사회,132,2136300
2012,전주대학교,예술치료학과(0204189),예체능,130,2271600
2012,전주대학교,건축학과(0000033),공학,160,2991500
2012,전주대학교,경찰행정학전공(0010392),인문사회,316,0
2012,전주대학교,경영학부(0011634),인문사회,278,9400000
2012,전주대학교,상담심리학전공(0013768),인문사회,269,0
2012,전주대학교,사회복지학전공(0018375),인문사회,267,0
2012,전주대학교,기계자동차공학과(0003864),공학,259,2846000
2012,전주대학교,금융보험학전공(0017112),인문사회,235,0
2012,전주대학교,영미언어문화전공(0016962),인문사회,230,2200000
2012,전주대학교,외식산업학과(0021724),공학,215,3303700
2012,전주대학교,물류・무역전공(0029185),인문사회,210,0
2012,전주대학교,일본언어문화전공(0016860),인문사회,197,2449400
2012,전주대학교,경영관리전공(0010174),인문사회,197,0
2012,전주대학교,음악학과(0008886),예체능,192,2847300
2012,전주대학교,간호학과(0009745),자연과학,190,1477900
2012,전주대학교,간호학과(0204193),자연과학,181,2480900
2012,전주대학교,컴퓨터공학과(0005607),공학,180,2753500
2012,전주대학교,법학전공(0017152),인문사회,165,0
2012,전주대학교,회계세무전공(0014450),인문사회,165,0
2012,전주대학교,행정학전공(0019512),인문사회,162,0
2012,전주대학교,생산디자인공학과(0002610),예체능,126,2994200
2012,전주대학교,과학교육과(0020247),인문사회,125,3114100
2012,전주대학교,재활학과(0209075),자연과학,124,1098600
2012,전주대학교,문헌정보학과(0115599),인문사회,41,9903600
2012,전주대학교,역사문화콘텐츠학과(0117168),인문사회,41,10319600
2012,전주대학교,한국어문학과(0118881),인문사회,43,9225400
2012,전주대학교,영화영상전공(0006168),예체능,48,0
2012,전주대학교,리빙디자인전공(0007748),예체능,54,0
2012,전주대학교,만화애니메이션학과(0008430),예체능,55,5449100
2012,전주대학교,만화애니메이션전공(0007838),예체능,62,0
2012,전주대학교,법학과(0115848),인문사회,62,9589200
2012,전주대학교,생활체육학과(0007106),예체능,62,5427400
2012,전주대학교,생활체육전공(0008051),예체능,63,0
2012,전주대학교,사회복지학과(0116237),인문사회,66,13477200
2012,전주대학교,디자인학부(0005964),예체능,67,13655700
2012,전주대학교,행정학과(0119022),인문사회,40,11770500
2012,전주대학교,영화영상학과(0008371),예체능,69,4779300
2012,전주대학교,스마트정보시스템전공(0116698),공학,104,3241900
2012,전주대학교,관광경영학과(0015787),인문사회,105,7474200
2012,전주대학교,호텔경영학과(0018685),인문사회,106,5456900
2012,전주대학교,게임학과(0002035),예체능,107,3146100
2012,전주대학교,문헌정보학전공(0015055),인문사회,107,0
2012,전주대학교,나노신소재공학과(0001424),공학,113,2910200
2012,전주대학교,광고홍보전공(0013418),인문사회,114,0
2012,전주대학교,환경보건전공(0204192),자연과학,116,0
2012,전주대학교,국어국문학전공(0011762),인문사회,117,0
2012,전주대학교,중등특수교육과(0015188),인문사회,117,2590200
2012,전주대학교,소방안전공학과(0001323),공학,120,2239400
2012,전주대학교,재활학과(0204203),자연과학,123,1979000
2012,전주대학교,환경보건전공(0022494),자연과학,101,0
2012,전주대학교,산업디자인전공(0008250),공학,101,0
2012,전주대학교,상담심리학과(0116417),인문사회,71,14656100
2012,전주대학교,금융보험부동산학부(0017363),인문사회,71,16706000
2012,전주대학교,대체요법전공(0209090),인문사회,74,0
2012,전주대학교,전통음식문화전공(0021080),인문사회,75,0
2012,전주대학교,보건관리학과(0204201),자연과학,79,2053300
2012,전주대학교,패션산업학과(0020959),공학,82,5927700
2012,전주대학교,보건관리학과(0009348),자연과학,82,1407800
2012,전주대학교,패션산업전공(0021903),공학,87,0
2012,전주대학교,경찰행정학과(0114649),인문사회,94,10815700
2012,전주대학교,시각디자인전공(0008291),예체능,94,0
2012,전주대학교,경제학과(0013702),인문사회,96,2065600
2012,전주대학교,대체의학전공(0204276),의학,98,0
2012,전주대학교,역사문화콘텐츠전공(0015422),인문사회,99,0
2012,정석대학,산업공학과(0000219),공학,55,0
2012,정석대학,항공시스템공학과(전문)(0004398),공학,38,0
2012,정석대학,항공시스템공학과(0003226),공학,17,0
2012,정석대학,경영학과(0014435),인문사회,45,0
2012,제주국제대학교,중국언어문화학과(0014936),인문사회,18,2612200
2012,제주국제대학교,경영세무학과(0011459),인문사회,11,1859800
2012,제주국제대학교,마산업학과(0115474),공학,11,3508700
2012,제주국제대학교,토목공학과(0005861),공학,12,2966300
2012,제주국제대학교,건축디자인학과(0001515),공학,13,2115100
2012,제주국제대학교,자동차기계공학과(0117769),공학,13,2006200
2012,제주국제대학교,소방방재학과(0000216),공학,13,2761400
2012,제주국제대학교,스포츠재활학과(0116761),자연과학,13,4141300
2012,제주국제대학교,일어일본학과(0185773),인문사회,14,2523700
2012,제주국제대학교,경영학과(0114526),인문사회,14,2778800
2012,제주국제대학교,전기에너지공학과(0001378),공학,17,3176600
2012,제주국제대학교,컴퓨터응용공학과(0005090),공학,18,2742600
2012,제주국제대학교,토목공학과(0000638),공학,19,3701500
2012,제주국제대학교,호텔경영학과(0013350),인문사회,19,2435500
2012,제주국제대학교,디자인학과(0005957),예체능,18,2795000
2012,제주국제대학교,경찰행정학과(0014696),인문사회,51,3040800
2012,제주국제대학교,유아교육과(0015611),인문사회,50,3293400
2012,제주국제대학교,아동심리언어치료학과(0016944),인문사회,38,3529100
2012,제주국제대학교,항공서비스경영학과(0013091),인문사회,37,2471000
2012,제주국제대학교,사회복지학과(0013776),인문사회,27,3022500
2012,제주국제대학교,스포츠재활학과(0116762),자연과학,23,4667900
2012,제주국제대학교,건축디자인학과(0005766),공학,23,1995600
2012,제주국제대학교,관광경영학과(0017343),인문사회,22,2613700
2012,제주대학교,문화조형디자인전공(0008262),인문사회,99,2038100
2012,제주대학교,물리교육전공(0021803),인문사회,47,3033000
2012,제주대학교,지리교육전공(0011344),인문사회,48,3003800
2012,제주대학교,일반사회교육전공(0016339),인문사회,48,2753000
2012,제주대학교,체육학부(0008101),예체능,53,2914000
2012,제주대학교,주거・가족복지전공(0046810),인문사회,56,3106600
2012,제주대학교,윤리교육과(0011100),인문사회,56,2493300
2012,제주대학교,생물산업학부(0021779),공학,58,1633400
2012,제주대학교,경영학과(0013341),인문사회,58,1925000
2012,제주대학교,물리학과(0023182),자연과학,58,2023000
2012,제주대학교,동물생명공학전공(0020251),자연과학,59,2495400
2012,제주대학교,행정학과(0014731),인문사회,65,1790700
2012,제주대학교,응용생명공학전공(0021635),자연과학,65,2708000
2012,제주대학교,수학교육과(0020813),인문사회,67,2505500
2012,제주대학교,생명공학부(0002653),자연과학,68,2192000
2012,제주대학교,국어교육과(0015371),인문사회,70,2181500
2012,제주대학교,아동・생활복지전공(0038094),인문사회,70,3374900
2012,제주대학교,원예환경전공(0020492),자연과학,70,2639400
2012,제주대학교,영어교육과(0016319),인문사회,72,2997400
2012,제주대학교,체육과학전공(0008383),예체능,73,2505100
2012,제주대학교,식물자원환경전공(0021282),자연과학,74,3024400
2012,제주대학교,생물교육전공(0022621),인문사회,46,1880000
2012,제주대학교,생활환경복지학부(0011451),자연과학,41,2355300
2012,제주대학교,작곡전공(0006158),예체능,10,2567400
2012,제주대학교,해양산업공학과(0005066),자연과학,12,626800
2012,제주대학교,관광경영학과(0010533),인문사회,24,1477300
2012,제주대학교,성악전공(0007609),예체능,27,2312300
2012,제주대학교,해양생명과학전공(0020599),자연과학,74,1685700
2012,제주대학교,법학부 법학전공(0038702),인문사회,76,1475300
2012,제주대학교,토목공학과(0001330),공학,167,1962200
2012,제주대학교,전산통계학과(0020906),자연과학,164,2256400
2012,제주대학교,식품영양학과(0021211),자연과학,164,2275200
2012,제주대학교,컴퓨터공학과(0001744),공학,160,2907100
2012,제주대학교,경영정보학과(0013029),인문사회,152,2246500
2012,제주대학교,환경공학과(0000563),자연과학,132,2072400
2012,제주대학교,통신공학과(0000493),공학,129,2352000
2012,제주대학교,수학과(0022164),자연과학,129,2449200
2012,제주대학교,의류학과(0022291),자연과학,129,1990700
2012,제주대학교,건축학전공(0005122),공학,129,2559100
2012,제주대학교,전자공학과(0001997),공학,125,2570400
2012,제주대학교,지구해양과학과(0023316),자연과학,123,1861200
2012,제주대학교,식품생명공학과(0000187),자연과학,118,2628100
2012,제주대학교,기계공학전공(0002056),공학,115,2713500
2012,제주대학교,독일학과(0015739),인문사회,107,1615000
2012,제주대학교,수산생명의학전공(0020366),의학,107,2268600
2012,제주대학교,건축공학전공(0004069),공학,105,2733700
2012,제주대학교,화학과(0022593),자연과학,104,2339200
2012,제주대학교,해양시스템공학과(0003561),자연과학,101,2083700
2012,제주대학교,해양산업경찰학과(0016166),자연과학,168,2207900
2012,제주대학교,국어국문학과(0010433),인문사회,169,2025800
2012,제주대학교,일어일문학과(0016301),인문사회,174,1916700
2012,제주대학교,분자생명공학전공(0021861),자연과학,78,2686700
2012,제주대학교,해양의생명과학부(0021483),자연과학,81,1463600
2012,제주대학교,컴퓨터교육과(0000577),인문사회,81,2766300
2012,제주대학교,철학과(0011155),인문사회,83,1544500
2012,제주대학교,수의예과(0022426),자연과학,88,1475500
2012,제주대학교,생명화학공학과(0003259),자연과학,95,2013400
2012,제주대학교,산업응용경제학과(0016031),인문사회,96,1579400
2012,제주대학교,멀티미디어디자인전공(0007312),예체능,99,2708500
2012,제주대학교,초등교육과(0012858),인문사회,495,1772100
2012,제주대학교,관광경영학과(0011839),인문사회,375,2368000
2012,제주대학교,경영학과(0011590),인문사회,331,2091800
2012,제주대학교,회계학과(0012582),인문사회,316,2155500
2012,제주대학교,영어영문학과(0014956),인문사회,177,2254300
2012,제주대학교,수의학과(0022724),의학,179,1996300
2012,제주대학교,전기공학과(0005735),공학,182,2869100
2012,제주대학교,중어중문학과(0015994),인문사회,183,2171200
2012,제주대학교,관광개발학과(0014654),인문사회,186,2368100
2012,제주대학교,경제학과(0013834),인문사회,190,1917500
2012,제주대학교,정치외교학과(0013301),인문사회,193,2119700
2012,제주대학교,언론홍보학과(0012363),인문사회,198,2041800
2012,제주대학교,무역학과(0010764),인문사회,201,1702400
2012,제주대학교,간호학과(0009540),자연과학,274,2890400
2012,제주대학교,행정학과(0014743),인문사회,293,2194600
2012,조선대학교,일본어과(0012315),인문사회,238,2373100
2012,조선대학교,신문방송학과(0015152),인문사회,227,2726500
2012,조선대학교,행정ㆍ복지학부(0026819),인문사회,225,3526400
2012,조선대학교,약학과(2+4학제)(0009795),자연과학,220,1545000
2012,조선대학교,생명화학공학과(0004708),자연과학,218,2292700
2012,조선대학교,산업공학과(0001644),공학,212,2009700
2012,조선대학교,금속재료공학과(0003738),공학,210,2116100
2012,조선대학교,기계설계공학과(0005132),공학,207,2340100
2012,조선대학교,응용화학소재공학과(0005258),자연과학,205,2336100
2012,조선대학교,수학과(0022932),자연과학,204,2344400
2012,조선대학교,만화・애니메이션학부(0050440),예체능,192,1879600
2012,조선대학교,군사학부(0014682),인문사회,191,7186800
2012,조선대학교,건축학부(건축공학)(0004726),공학,248,2269900
2012,조선대학교,환경공학과(0004325),자연과학,259,2068200
2012,조선대학교,국어국문학과(0019944),인문사회,276,2338200
2012,조선대학교,경영학부(0019083),인문사회,1402,2150800
2012,조선대학교,무역학과(0010762),인문사회,750,2253100
2012,조선대학교,법학과(0010721),인문사회,745,2281900
2012,조선대학교,경제학과(0016196),인문사회,740,2044800
2012,조선대학교,컴퓨터공학부(0003261),공학,697,2381800
2012,조선대학교,기계공학과(0000001),공학,672,2334500
2012,조선대학교,전기공학과(0002298),공학,447,2253000
2012,조선대학교,전자공학과(0002963),공학,436,2185000
2012,조선대학교,영어영문학과(0012182),인문사회,397,2370100
2012,조선대학교,토목공학과(0003260),공학,396,2401300
2012,조선대학교,간호학과(0009156),자연과학,356,0
2012,조선대학교,중국어문화학과(0018781),인문사회,327,2845300
2012,조선대학교,정치외교학과(0118116),인문사회,299,2168600
2012,조선대학교,선박해양공학과(0001575),자연과학,298,2410300
2012,조선대학교,정보통신공학과(0000982),공학,294,2272900
2012,조선대학교,영어과(0016507),인문사회,289,2536600
2012,조선대학교,제어계측로봇공학과(0002860),공학,278,1858700
2012,조선대학교,화학과(0023203),자연과학,184,2056800
2012,조선대학교,신소재공학과(0001035),공학,184,2183100
2012,조선대학교,생물교육과(0020696),인문사회,55,2400600
2012,조선대학교,"미술학부(서양화,조소,판화미디어)(0006704)",예체능,56,1734900
2012,조선대학교,물리교육과(0022845),인문사회,57,1959800
2012,조선대학교,미술학부(시각문화큐레이터전공)(0006218),인문사회,57,2509000
2012,조선대학교,화학교육과(0020970),인문사회,60,1838400
2012,조선대학교,지구과학교육과(0021185),인문사회,66,2586200
2012,조선대학교,교육학과(0015898),인문사회,68,2978200
2012,조선대학교,가정교육과(0022801),인문사회,68,2494500
2012,조선대학교,디자인학부(실내디자인)(0007627),예체능,70,2193800
2012,조선대학교,간호학과(0009519),자연과학,73,17871100
2012,조선대학교,독어교육과(0013808),인문사회,75,2076500
2012,조선대학교,행정・복지학부(사회복지학)(0048216),인문사회,88,2145000
2012,조선대학교,디자인공학과(0000800),예체능,103,2071800
2012,조선대학교,글로벌법학과(0019385),인문사회,104,3121500
2012,조선대학교,디자인학부(시각정보미디어)(0006997),공학,53,2277900
2012,조선대학교,디자인학부(제품・실내디자인)(0043748),예체능,52,2641800
2012,조선대학교,미술학부(한국화)(0006406),예체능,45,2980400
2012,조선대학교,미술학부(회화전공)(0008136),예체능,11,930400
2012,조선대학교,과학교육학부 생물교육전공(0028881),인문사회,17,3622500
2012,조선대학교,미술학부(판화미디어)(0006053),예체능,17,779200
2012,조선대학교,과학교육학부 물리교육전공(0058720),인문사회,19,3285200
2012,조선대학교,과학교육학부 지구과학교육전공(0058504),인문사회,21,2639500
2012,조선대학교,과학교육학부 화학교육전공(0028882),인문사회,25,2666700
2012,조선대학교,의학과(0009342),의학,28,1603500
2012,조선대학교,미술학부 조소전공(0055544),예체능,36,1880100
2012,조선대학교,무용과(0008738),예체능,105,1735400
2012,조선대학교,한문학과(0013130),인문사회,108,2042600
2012,조선대학교,독일어과(0016469),인문사회,111,2654000
2012,조선대학교,경찰행정학과(0015610),인문사회,153,2524700
2012,조선대학교,체육학부(체육학전공)(0007398),예체능,160,3364200
2012,조선대학교,국어교육과(0018090),인문사회,160,3089300
2012,조선대학교,스페인어과(0015701),인문사회,163,2223900
2012,조선대학교,생명공학과(0003320),자연과학,165,2604800
2012,조선대학교,건축학부 건축학전공(5년제)(0028210),공학,172,2276100
2012,조선대학교,체육학부(0006987),예체능,173,4808000
2012,조선대학교,영어교육과(0014167),인문사회,177,3620100
2012,조선대학교,컴퓨터통계학과(0022437),자연과학,177,2497300
2012,조선대학교,항공우주공학과(0000611),공학,177,2315500
2012,조선대학교,식품영양학과(0022250),자연과학,178,2958300
2012,조선대학교,문예창작학과(0019454),인문사회,181,2328800
2012,조선대학교,체육학부(사회체육학전공)(0008830),예체능,183,2217300
2012,조선대학교,프랑스어과(0013532),인문사회,151,2030200
2012,조선대학교,상담심리학부(0015308),인문사회,148,2523000
2012,조선대학교,기초의과학부(0009545),자연과학,148,3924100
2012,조선대학교,미술학부(서양화)(0007526),예체능,113,2057900
2012,조선대학교,디자인학부(시각.패키지디자인)(0028088),예체능,115,1999500
2012,조선대학교,철학과(0016744),인문사회,116,1913100
2012,조선대학교,수학교육과(0022594),인문사회,121,2286800
2012,조선대학교,특수교육과(0016201),인문사회,124,3103300
2012,조선대학교,체육학부(운동과학전공)(0008168),예체능,127,2903500
2012,조선대학교,행정.복지학부(행정학)(0057265),인문사회,130,2341500
2012,조선대학교,음악교육과(0006751),인문사회,130,2564600
2012,조선대학교,해양생명과학과(0021023),자연과학,138,2340800
2012,조선대학교,러시아어과(0010626),인문사회,139,2293400
2012,조선대학교,디자인학부(가구・도자디자인)(0040551),예체능,142,2109000
2012,조선대학교,언어치료학부(0016577),인문사회,143,2496500
2012,조선대학교,물리학과(0022279),자연과학,143,2029500
2012,조선대학교,디자인학부(섬유・패션디자인)(0053866),공학,147,2199000
2012,중부대학교,실용음악학과(0007767),예체능,190,2442000
2012,중부대학교,관광경영학과(0013887),인문사회,196,2377200
2012,중부대학교,항공서비스학과(0018529),공학,198,2854100
2012,중부대학교,호텔경영학과(0019652),인문사회,198,2703000
2012,중부대학교,보건행정학과(0019360),인문사회,203,2835600
2012,중부대학교,경영학과(0011578),인문사회,207,2136400
2012,중부대학교,호텔외식산업학과(0011227),공학,215,2008500
2012,중부대학교,간호학과(0009553),자연과학,234,3366000
2012,중부대학교,사회복지학과(0020126),인문사회,242,3065500
2012,중부대학교,경찰행정학과(0015545),인문사회,403,2820300
2012,중부대학교,경찰법학과(0012964),인문사회,184,2577300
2012,중부대학교,유아교육과(0017313),인문사회,169,2411300
2012,중부대학교,컴퓨터학과(0002712),공학,103,2128500
2012,중부대학교,산업디자인학과(0007878),공학,106,2265200
2012,중부대학교,사진영상학과(0008937),예체능,110,2421300
2012,중부대학교,도시행정학과(0013888),인문사회,112,2319000
2012,중부대학교,한국어학과(0011278),인문사회,115,2588700
2012,중부대학교,문헌정보학과(0014000),인문사회,118,3006500
2012,중부대학교,연극영화학과(0007450),자연과학,119,2130400
2012,중부대학교,미용분장학과(0008716),예체능,124,2724600
2012,중부대학교,신문방송학과(0018127),인문사회,125,2893000
2012,중부대학교,건축공학과(0004525),공학,126,2167700
2012,중부대학교,토목공학과(0003175),공학,127,2276100
2012,중부대학교,정보통신학과(0004968),공학,130,2262400
2012,중부대학교,게임학과(0002282),예체능,132,2180500
2012,중부대학교,식품생명과학과(0022030),자연과학,133,2491200
2012,중부대학교,건축디자인학과(0002482),공학,140,2017100
2012,중부대학교,방송영상학과(0007279),인문사회,140,2850500
2012,중부대학교,만화・애니메이션학과(0025269),예체능,103,2031000
2012,중부대학교,중국통상학과(0019224),인문사회,101,2190500
2012,중부대학교,물류유통관리학과(0013872),인문사회,97,2821200
2012,중부대학교,환경조경학과(0022719),자연과학,159,2003300
2012,중부대학교,사회체육학과(0008485),예체능,158,3315000
2012,중부대학교,자동차관리학과(0005778),공학,154,2345400
2012,중부대학교,광고홍보학과(0010180),인문사회,154,2216400
2012,중부대학교,식품영양학과(0023433),자연과학,151,2668100
2012,중부대학교,전기전자공학과(0001920),공학,145,2367900
2012,중부대학교,정보보호학과(0000274),공학,140,2586300
2012,중부대학교,패션디자인학과(0007967),예체능,94,2288300
2012,중부대학교,영어과(0019667),인문사회,91,1811700
2012,중부대학교,뮤지컬.음악학과(0057705),예체능,90,2952900
2012,중부대학교,특수체육교육과(0011186),인문사회,86,4692400
2012,중부대학교,초등특수교육과(0012947),인문사회,86,2816300
2012,중부대학교,중등특수교육과(0011313),인문사회,84,3452700
2012,중부대학교,중국학과(0017040),인문사회,77,2327300
2012,중부대학교,유아특수교육과(0018907),인문사회,75,3205200
2012,중부대학교,물리치료학과(0010114),자연과학,75,3637100
2012,중앙대학교,정치국제학과(0012706),인문사회,201,2593000
2012,중앙대학교,화학과(0023476),자연과학,197,2633700
2012,중앙대학교,공연영상창작학부(연극전공)(0008350),예체능,182,2422800
2012,중앙대학교,사회복지학부(사회복지전공)(0011495),인문사회,181,2645300
2012,중앙대학교,영어교육과(0013993),인문사회,179,1927600
2012,중앙대학교,의학부(의학)(0009951),의학,176,2272500
2012,중앙대학교,건축학부(건축공학전공)(0004034),공학,176,2229800
2012,중앙대학교,물리학과(0021202),자연과학,175,2365500
2012,중앙대학교,수학과(0022577),자연과학,173,2261400
2012,중앙대학교,유럽문화학부(프랑스어문학전공)(0011481),인문사회,145,2276800
2012,중앙대학교,역사학과(0010819),인문사회,144,2933700
2012,중앙대학교,체육교육과(0008219),인문사회,140,3005800
2012,중앙대학교,철학과(0016065),인문사회,135,2133800
2012,중앙대학교,문헌정보학과(0017383),인문사회,135,2649500
2012,중앙대학교,교육학과(0010326),인문사회,135,2935900
2012,중앙대학교,공연영상창작학부(영화전공)(0007661),예체능,130,3000100
2012,중앙대학교,유아교육과(0018254),인문사회,128,1724100
2012,중앙대학교,사회기반시스템공학부(건설환경플랜트공학전공)(0116147),자연과학,218,2610800
2012,중앙대학교,건축학부(건축학전공)(0004908),공학,236,2109700
2012,중앙대학교,경영학부(0017051),인문사회,1583,2471700
2012,중앙대학교,전자전기공학부(0004849),공학,1008,2398100
2012,중앙대학교,간호학과(0009148),자연과학,724,2065200
2012,중앙대학교,기계공학부(0000743),공학,699,2524400
2012,중앙대학교,경제학부(0010355),인문사회,663,2147100
2012,중앙대학교,영어영문학과(0019493),인문사회,506,2086800
2012,중앙대학교,컴퓨터공학부(0003638),공학,449,2832700
2012,중앙대학교,지식경영학부(0016937),인문사회,418,2007300
2012,중앙대학교,신문방송학부(0020051),인문사회,386,2476300
2012,중앙대학교,약학부(0009361),자연과학,357,2232500
2012,중앙대학교,화학신소재공학부(0002031),자연과학,339,2556800
2012,중앙대학교,법학과(0018298),인문사회,324,1729800
2012,중앙대학교,심리학과(0012271),인문사회,274,2346100
2012,중앙대학교,국어국문학과(0017133),인문사회,267,2954400
2012,중앙대학교,생명과학과(0042704),자연과학,264,2532500
2012,중앙대학교,광고홍보학과(0013401),인문사회,253,2436800
2012,중앙대학교,수학통계학부(통계전공)(0021046),자연과학,112,2692300
2012,중앙대학교,아시아문화학부(일본어문학전공)(0018192),인문사회,111,2170100
2012,중앙대학교,유럽문화학부(러시아어문학전공)(0011497),인문사회,16,2767600
2012,중앙대학교,가정교육과(0023451),인문사회,26,2465800
2012,중앙대학교,아시아문화학부(비교민속학전공)(0018760),인문사회,49,1909700
2012,중앙대학교,사회복지학부(아동복지전공)(0012975),인문사회,51,2519600
2012,중앙대학교,사회복지학부(청소년전공)(0011496),인문사회,63,2464200
2012,중앙대학교,아시아문화학부(중국어문학전공)(0019425),인문사회,74,2925800
2012,중앙대학교,공연영상창작학부(공간연출전공)(0008254),예체능,83,2316600
2012,중앙대학교,응용통계학과(0020873),자연과학,84,1645800
2012,중앙대학교,사회기반시스템공학부(도시시스템공학전공)(0005310),인문사회,100,2705500
2012,중앙대학교,유럽문화학부(0016139),인문사회,101,1886500
2012,중앙대학교,유럽문화학부(독일어문학전공)(0019496),인문사회,103,1879000
2012,중앙대학교,아시아문화학부(0015644),인문사회,105,1549100
2012,중앙대학교,사회복지학부(0013757),인문사회,106,2059700
2012,중앙대학교,의학부(의예)(0010035),의학,107,1204300
2012,중앙대학교 _제2캠퍼스,지식경영학부(0040878),인문사회,84,2326100
2012,중앙대학교 _제2캠퍼스,산업경제학과(0035706),인문사회,89,2047700
2012,중앙대학교 _제2캠퍼스,국제관계학과(0049327),인문사회,100,2719300
2012,중앙대학교 _제2캠퍼스,의류학과(0026018),자연과학,104,1753100
2012,중앙대학교 _제2캠퍼스,디자인학부(실내환경디자인전공)(0035923),자연과학,105,2980500
2012,중앙대학교 _제2캠퍼스,디자인학부(시각디자인전공)(0049291),예체능,114,2102000
2012,중앙대학교 _제2캠퍼스,음악학부(작곡전공)(0058855),예체능,118,2610400
2012,중앙대학교 _제2캠퍼스,공연영상창작학부(문예창작전공)(0055716),인문사회,124,5788100
2012,중앙대학교 _제2캠퍼스,정보시스템학과(0030405),공학,131,1602000
2012,중앙대학교 _제2캠퍼스,디자인학부(패션디자인전공)(0027864),예체능,143,2447000
2012,중앙대학교 _제2캠퍼스,문예창작학과(0040339),인문사회,81,0
2012,중앙대학교 _제2캠퍼스,생명공학과(0036185),자연과학,74,3131100
2012,중앙대학교 _제2캠퍼스,시스템생명공학과(0116799),자연과학,57,2453200
2012,중앙대학교 _제2캠퍼스,주거환경학과(0042056),자연과학,51,2153000
2012,중앙대학교 _제2캠퍼스,가족복지학과(0028771),인문사회,47,2103200
2012,중앙대학교 _제2캠퍼스,도시공학과(0060212),인문사회,21,979700
2012,중앙대학교 _제2캠퍼스,토목공학과(0032325),공학,16,2841400
2012,중앙대학교 _제2캠퍼스,연극학과(0025783),예체능,12,1411700
2012,중앙대학교 _제2캠퍼스,식품공학부(식품영양전공)(0040998),자연과학,145,3076100
2012,중앙대학교 _제2캠퍼스,음악학부(성악전공)(0043775),예체능,147,2478300
2012,중앙대학교 _제2캠퍼스,경영학부(0037933),인문사회,919,2261300
2012,중앙대학교 _제2캠퍼스,도시계획부동산학과(0032837),인문사회,350,2450300
2012,중앙대학교 _제2캠퍼스,국제물류학과(0041814),인문사회,344,3545600
2012,중앙대학교 _제2캠퍼스,경제학부(0033167),인문사회,320,2444800
2012,중앙대학교 _제2캠퍼스,공연영상창작학부(사진전공)(0038455),예체능,276,2112100
2012,중앙대학교 _제2캠퍼스,전통예술학부(음악예술전공)(0046712),예체능,242,2681000
2012,중앙대학교 _제2캠퍼스,디자인학부(산업디자인전공)(0027863),공학,216,2378900
2012,중앙대학교 _제2캠퍼스,음악학부(관현악전공)(0045655),예체능,200,2263300
2012,중앙대학교 _제2캠퍼스,공연영상창작학부(무용전공)(0058479),예체능,198,1905100
2012,중앙대학교 _제2캠퍼스,전통예술학부(연희예술전공)(0046836),예체능,188,2839300
2012,중앙대학교 _제2캠퍼스,생명자원공학부(동물생명공학전공)(0035717),자연과학,172,2599900
2012,중앙대학교 _제2캠퍼스,음악학부(피아노전공)(0041465),예체능,163,2566600
2012,중앙대학교 _제2캠퍼스,영어학과(0042355),인문사회,162,2443700
2012,중앙대학교 _제2캠퍼스,미술학부(한국화전공)(0044570),예체능,148,1934400
2012,중앙대학교 _제2캠퍼스,생명자원공학부(식물시스템과학전공)(0060109),자연과학,151,2760100
2012,중앙대학교 _제2캠퍼스,미술학부(조소전공)(0043936),예체능,154,2686800
2012,중앙대학교 _제2캠퍼스,미술학부(서양화전공)(0047411),예체능,159,2774700
2012,중앙대학교 _제2캠퍼스,디자인학부(공예전공)(0056416),예체능,160,1953800
2012,중앙대학교 _제2캠퍼스,생명자원공학부(0024584),자연과학,162,1876400
2012,중앙승가대학교,사회복지학과(0015779),인문사회,72,0
2012,중원대학교,산업디자인학과(0116380),공학,72,5075700
2012,중원대학교,스포츠건강의학과(0116720),의학,56,4482200
2012,중원대학교,일본통상학과(0117689),인문사회,53,4753300
2012,중원대학교,의약화학과(0117595),자연과학,47,5131900
2012,중원대학교,의료정보행정학과(0117567),인문사회,91,4539900
2012,중원대학교,경찰행정학과(0114650),인문사회,94,5362100
2012,중원대학교,사회복지학과(0116239),인문사회,135,5170600
2012,중원대학교,중국통상학과(0118205),인문사회,75,4287000
2012,중원대학교,간호학과(0114254),자연과학,86,5586400
2012,중원대학교,컴퓨터시스템공학과(0118533),공학,86,5237900
2012,중원대학교,의생명과학과(0117587),자연과학,86,4735300
2012,중원대학교,기업경영학과(0115216),인문사회,83,4413300
2012,중원대학교,융합기계·전기전자부품공학과(0204210),공학,12,0
2012,중원대학교,러시아통상학과(0115440),인문사회,14,4528300
2012,중원대학교,임상병리학과(0117713),자연과학,32,6237400
2012,중원대학교,자원순환환경공학과(0185919),자연과학,38,5031600
2012,중원대학교,방송연예학과(0185888),인문사회,42,4410600
2012,중원대학교,방재안전과학과(0115834),공학,43,4609400
2012,중원대학교,인문학부(0117622),인문사회,44,2834000
2012,중원대학교,법학과(0115849),인문사회,45,5097800
2012,중원대학교,한방산업학부(0118900),공학,167,2906800
2012,진주교육대학교,수학교육과(심화전공)(0021898),인문사회,134,2364700
2012,진주교육대학교,음악교육과(심화전공)(0006562),인문사회,130,1614100
2012,진주교육대학교,사회과교육과(심화과정)(0015290),인문사회,129,2009300
2012,진주교육대학교,과학교육과(심화전공)(0023416),인문사회,129,2120600
2012,진주교육대학교,체육교육과(심화전공)(0006224),인문사회,112,1742400
2012,진주교육대학교,컴퓨터교육과(심화전공)(0004798),인문사회,115,1976400
2012,진주교육대학교,미술교육과(심화전공)(0006033),인문사회,120,1667600
2012,진주교육대학교,실과교육과(심화전공)(0022843),인문사회,122,2403400
2012,진주교육대학교,국어교육과(심화전공)(0015337),인문사회,124,2166700
2012,진주교육대학교,교육학과(심화전공)(0019139),인문사회,127,2573700
2012,진주교육대학교,영어교육과(심화전공)(0017025),인문사회,135,2475600
2012,진주교육대학교,도덕과교육과(심화과정)(0010479),인문사회,128,2185800
2012,진주교육대학교,컴퓨터융합공학과(0045215),공학,114,2106400
2012,진주교육대학교,전자공학과(0050961),공학,105,2167900
2012,진주교육대학교,조경학과(0042749),공학,100,1718000
2012,진주교육대학교,자동차공학과(0045510),공학,100,1896300
2012,진주교육대학교,토목공학과(0059308),공학,98,1882900
2012,진주교육대학교,산림자원학과(0044396),자연과학,88,1932000
2012,진주교육대학교,환경공학과(0045071),자연과학,81,1759900
2012,진주교육대학교,건축공학과(0028975),공학,78,1989000
2012,진주교육대학교,전자상거래・무역학과(0053140),인문사회,76,1878700
2012,진주교육대학교,회계정보학과(0041333),인문사회,75,2045300
2012,진주교육대학교,동물생명과학과(0047061),자연과학,73,1542000
2012,진주교육대학교,산업경제학과(0025295),인문사회,68,2145000
2012,진주교육대학교,벤처경영학과(0047497),인문사회,64,1751300
2012,진주교육대학교,인테리어재료공학과(0041891),공학,64,1331500
2012,진주교육대학교,원예학과(0035199),자연과학,59,2264700
2012,진주교육대학교,아동가정복지학과(0030871),인문사회,37,2521500
2012,진주교육대학교,기계공학과(0044080),공학,38,1276100
2012,진주교육대학교,자동차공학과(0038193),공학,41,1414600
2012,진주교육대학교,조경학과(0034773),공학,43,1558900
2012,진주교육대학교,건축학과(5)(0038651),공학,43,1934200
2012,진주교육대학교,토목공학과(0054411),공학,44,1649800
2012,진주교육대학교,텍스타일디자인학과(0052172),예체능,45,1043300
2012,진주교육대학교,기계공학과(0060088),공학,120,1900400
2012,진주교육대학교,산림자원학과(0039071),자연과학,36,1400200
2012,진주교육대학교,전자공학과(0036339),공학,35,1337400
2012,진주교육대학교,산업경제학과(0035948),인문사회,15,849300
2012,진주교육대학교,영어학과(0038682),인문사회,59,1490200
2012,진주교육대학교,영어학과(0048991),인문사회,19,1273500
2012,진주교육대학교,건축학부(건축학(5년제))(0052877),공학,21,1393900
2012,진주교육대학교,벤처경영학과(0040024),인문사회,21,1078600
2012,진주교육대학교,인테리어재료공학과(0054958),공학,22,1175400
2012,진주교육대학교,회계정보학과(0036211),인문사회,25,1566800
2012,진주교육대학교,환경공학과(0037844),자연과학,26,1754600
2012,진주교육대학교,원예학과(0051255),자연과학,27,1768300
2012,진주교육대학교,컴퓨터융합공학과(0027945),공학,29,2167100
2012,진주교육대학교,건축공학과(0056180),공학,33,1240800
2012,진주교육대학교,산업경제학과(0046791),인문사회,19,1288200
2012,차의과학대학교,식품생명공학과(0116844),자연과학,101,1300900
2012,차의과학대학교,간호학과(0009372),자연과학,236,1716300
2012,차의과학대학교,보건복지정보학과(0012626),자연과학,197,1609900
2012,차의과학대학교,의생명과학과(0117586),자연과학,137,1682700
2012,차의과학대학교,헬스산업학과(0014816),공학,117,1794600
2012,차의과학대학교,바이오공학과(0115758),자연과학,107,1556800
2012,차의과학대학교,의료홍보영상학과(0117568),인문사회,48,2026000
2012,차의과학대학교,스포츠의학과(0116754),의학,49,1211300
2012,차의과학대학교,간호학과(특별과정)(0009287),자연과학,58,1576400
2012,차의과학대학교,약학과(0009749),자연과학,92,2029000
2012,차의과학대학교,글로벌경영학과(0115032),인문사회,97,1409300
2012,창신대학교,간호학과(0179633),자연과학,76,2568400
2012,창신대학교,모바일통신공학과(0179629),공학,27,1036400
2012,창신대학교,미용예술학과(0179635),예체능,21,1034200
2012,창신대학교,부동산학과(0179625),인문사회,21,4111000
2012,창신대학교,미술디자인학과(0179634),예체능,22,3087100
2012,창신대학교,식품영양학과(0179631),자연과학,23,1856900
2012,창신대학교,부동산학과(0179624),인문사회,27,3427700
2012,창신대학교,소방방재공학과(0179630),공학,27,1157600
2012,창신대학교,토목공학과(0179628),공학,28,809500
2012,창신대학교,음악학과(0179623),예체능,28,2823400
2012,창신대학교,경영학과(0179636),인문사회,31,2603900
2012,창신대학교,사회복지학과(0179626),인문사회,41,2310600
2012,창신대학교,외국어학부(0179622),인문사회,42,2201000
2012,창신대학교,유아교육과(0179627),인문사회,47,2860300
2012,창신대학교,전자공학과(0005663),공학,147,3315800
2012,창신대학교,건축설비소방학과(0002517),공학,146,3412500
2012,창신대학교,영어과(0015352),인문사회,133,2648000
2012,창신대학교,영화학과(0008887),자연과학,123,3806700
2012,창신대학교,사회복지학과(0116241),인문사회,64,3242900
2012,창신대학교,경영학과(0013692),인문사회,51,1591600
2012,창신대학교,방송영상학과(0208097),인문사회,37,1505300
2012,창신대학교,디지털방송공학과(0000090),인문사회,30,2930600
2012,창신대학교,중국학과(0016738),인문사회,29,822600
2012,창신대학교,호텔경영컨벤션학과(0014248),인문사회,21,866500
2012,창신대학교,영어과(0010863),인문사회,19,2808500
2012,창신대학교,사회복지학과(0116240),인문사회,19,1219100
2012,창신대학교,호텔조리식당경영학과(0011228),인문사회,18,1184500
2012,창신대학교,건축설비소방학과(0002376),공학,16,1231000
2012,창신대학교,국제통상학과(0018755),인문사회,12,856700
2012,창신대학교,호텔조리식당경영학과(0011229),인문사회,11,1589300
2012,창신대학교,건축공학과(0003723),공학,11,1997200
2012,창신대학교,컴퓨터학과(0003251),공학,155,3296100
2012,창신대학교,철도행정토목학과(0001173),인문사회,169,3242200
2012,창신대학교,호텔조리식당경영학과(0011230),인문사회,535,3191200
2012,창신대학교,경영학과(0016710),인문사회,436,2539300
2012,창신대학교,호텔경영컨벤션학과(0017634),인문사회,385,2955200
2012,창신대학교,방송영상학과(0208098),인문사회,360,3421000
2012,창신대학교,광고홍보학과(0017453),인문사회,258,3453700
2012,창신대학교,국제통상학과(0012953),인문사회,253,2888600
2012,창신대학교,공연기획경영학과(0019313),인문사회,223,3996900
2012,창신대학교,관광레저경영학과(0011845),인문사회,218,2675400
2012,창신대학교,실용음악과(0008063),예체능,215,3840300
2012,창신대학교,식품영양학과(0022951),자연과학,206,3288600
2012,창신대학교,간호학과(0009756),자연과학,193,3963600
2012,창신대학교,방송연기학과(0007427),인문사회,189,3887400
2012,창신대학교,중국학과(0016375),인문사회,188,2534800
2012,창신대학교,건축공학과(0001439),공학,186,3041300
2012,창신대학교,패션디자인섬유공학과(0001178),공학,180,2848500
2012,창신대학교,공간디자인학과(0007291),예체능,177,2503800
2012,청주교육대학교,초등영어교육과(심화과정)(0013686),인문사회,154,1680900
2012,청주교육대학교,초등윤리교육과(심화과정)(0013728),인문사회,117,1878700
2012,청주교육대학교,초등수학교육과(심화과정)(0012482),인문사회,117,2120600
2012,청주교육대학교,초등음악교육과(심화과정)(0018545),인문사회,113,1565200
2012,청주교육대학교,초등국어교육과(심화과정)(0015327),인문사회,112,1788800
2012,청주교육대학교,초등교육학과(심화과정)(0017346),인문사회,111,1971000
2012,청주교육대학교,초등실과교육과(심화과정)(0015302),인문사회,110,1981600
2012,청주교육대학교,초등사회과교육과(심화과정)(0013249),인문사회,110,2091400
2012,청주교육대학교,초등컴퓨터교육과(심화과정)(0017263),인문사회,108,1726700
2012,청주교육대학교,초등체육교육과(심화과정)(0012756),인문사회,105,1725800
2012,청주교육대학교,초등과학교육과(심화과정)(0014767),인문사회,103,1921200
2012,청주교육대학교,초등미술교육과(심화과정)(0018960),인문사회,100,1761900
2012,청주대학교,통계학과(0020941),자연과학,131,2583200
2012,청주대학교,패션디자인학과(0006825),예체능,131,3230700
2012,청주대학교,회화학과(0007714),자연과학,135,2330600
2012,청주대학교,군사학과(0017038),인문사회,137,1020100
2012,청주대학교,한문교육과(0015309),인문사회,139,3208300
2012,청주대학교,건축학과(5)(0002815),공학,144,3364300
2012,청주대학교,체육교육과(0006223),인문사회,151,4462200
2012,청주대학교,수학교육과(0021293),인문사회,153,3305600
2012,청주대학교,역사문화학과(0016028),인문사회,153,3138800
2012,청주대학교,연극학과(0007962),예체능,155,4018500
2012,청주대학교,토목공학과(0001333),공학,156,2971400
2012,청주대학교,음악교육과(0006199),인문사회,158,3418000
2012,청주대학교,산업공학과(0002946),공학,161,2772200
2012,청주대학교,산업디자인학과(0006085),공학,165,2771800
2012,청주대학교,중국학부(0012555),인문사회,166,2078900
2012,청주대학교,시각디자인학과(0007900),예체능,167,2654100
2012,청주대학교,컴퓨터정보공학과(0004148),공학,170,3298500
2012,청주대학교,경영학과(0014214),인문사회,970,2475700
2012,청주대학교,생명과학과(0021151),자연과학,172,2894200
2012,청주대학교,중국통상학전공(0018081),인문사회,129,2470800
2012,청주대학교,관광경영학과(0015855),인문사회,480,2665200
2012,청주대학교,전자공학과(0001080),공학,427,2795000
2012,청주대학교,행정학과(0013044),인문사회,388,2531800
2012,청주대학교,사회복지학과(0010661),인문사회,379,3065500
2012,청주대학교,광고홍보학과(0017193),인문사회,367,3533700
2012,청주대학교,무역학과(0010763),인문사회,344,2654100
2012,청주대학교,간호학과(0009145),자연과학,326,3100800
2012,청주대학교,반도체공학과(0115784),공학,323,3027300
2012,청주대학교,영어영문학과(0019999),인문사회,320,2130400
2012,청주대학교,호텔경영학과(0019679),인문사회,310,2579700
2012,청주대학교,신문방송학과(0013989),인문사회,297,3258000
2012,청주대학교,회계학과(0013961),인문사회,278,2952000
2012,청주대학교,경제학과(0013823),인문사회,271,2755100
2012,청주대학교,만화애니메이션학과(0006445),예체능,175,2652700
2012,청주대학교,국어국문학과(0010428),인문사회,179,3232700
2012,청주대학교,영화학과(0006532),자연과학,183,2937000
2012,청주대학교,응용화학과(0021657),자연과학,187,2948200
2012,청주대학교,일어일문학과(0016320),인문사회,199,2262700
2012,청주대학교,문헌정보학과(0018159),인문사회,207,3568600
2012,청주대학교,법학전공(0012046),인문사회,215,2639800
2012,청주대학교,공예디자인학과(0008836),예체능,217,2728600
2012,청주대학교,건축공학과(0004167),공학,220,2681100
2012,청주대학교,레이저광정보공학과(0000722),공학,227,2611000
2012,청주대학교,환경조경학과(0021694),자연과학,266,2574100
2012,청주대학교,도시계획학과(0014228),인문사회,61,2365200
2012,청주대학교,지리교육과(0013528),인문사회,67,3506000
2012,청주대학교,스포츠의학과(0010029),의학,68,2422600
2012,청주대학교,도시계획학전공(0017695),인문사회,81,2904300
2012,청주대학교,중어중문학전공(0011321),인문사회,85,2453700
2012,청주대학교,문화콘텐츠학과(0015678),인문사회,99,3541700
2012,청주대학교,의료경영학과(0016930),인문사회,110,3079300
2012,청주대학교,법학과/사회과학대학(0016387),인문사회,118,2416300
2012,청주대학교,환경공학과(0003942),자연과학,119,2913000
2012,청주대학교,물리치료학과(0009006),자연과학,53,4084900
2012,청주대학교,항공운항학과(0003144),공학,51,1740100
2012,청주대학교,임상병리학과(0117712),자연과학,38,3416400
2012,청주대학교,항공기계공학과(0118935),공학,30,2199200
2012,청주대학교,러시아어문학전공(0019021),인문사회,20,2554900
2012,청주대학교,정보통신공학전공(0000322),공학,16,2484400
2012,청주대학교,불어불문학전공(0013864),인문사회,14,2291600
2012,청주대학교,독어독문학전공(0017832),인문사회,10,2370200
2012,청주대학교,정치외교학과(0017680),인문사회,126,2517300
2012,초당대학교,한중정보문화학과(0012441),인문사회,16,3045700
2012,초당대학교,경영학과(0203982),인문사회,17,0
2012,초당대학교,사회체육학과(0006067),예체능,28,3103900
2012,초당대학교,경찰행정학과(0018704),인문사회,36,3192500
2012,초당대학교,실용음악학과(0007306),예체능,37,3558400
2012,초당대학교,아동청소년상담학과(0015442),인문사회,37,2471500
2012,초당대학교,소방행정학과(0017843),인문사회,38,3348200
2012,초당대학교,조리과학부(0022827),자연과학,155,3163200
2012,초당대학교,군사학과(0015497),인문사회,76,0
2012,초당대학교,뷰티미용학과(0006750),예체능,42,4253000
2012,초당대학교,군사학과(0010501),인문사회,45,7744200
2012,초당대학교,안경광학과(0009917),공학,49,2934100
2012,초당대학교,항공운항학과(0001803),공학,49,2131200
2012,초당대학교,항공운항서비스학과(0014505),공학,52,2184900
2012,초당대학교,사회복지학과(0013779),인문사회,54,17757100
2012,초당대학교,건축토목공학부(0004478),공학,57,4150400
2012,초당대학교,경영학과(0016817),인문사회,60,4538100
2012,초당대학교,사회체육학부(0116332),예체능,69,114300
2012,초당대학교,항공정비학과(0001413),공학,69,2340300
2012,초당대학교,사회복지학과(0011965),인문사회,197,0
2012,초당대학교,간호학과(0009537),자연과학,318,3540800
2012,초당대학교,아동복지학과(0043277),인문사회,49,2749300
2012,초당대학교,경호비서학과(0058916),인문사회,56,2429600
2012,초당대학교,음악학과(0035012),예체능,62,2436400
2012,초당대학교,군사학과(0035414),인문사회,62,0
2012,초당대학교,한중정보문화학과(0031523),인문사회,63,502100
2012,초당대학교,디지털경영학과(0023827),인문사회,10,1815000
2012,초당대학교,건설정보공학과(0024340),공학,12,0
2012,초당대학교,정보통신공학과(0025842),공학,44,0
2012,초당대학교,토목공학과(0058307),공학,25,3322200
2012,초당대학교,영어학과(0050723),인문사회,28,1812000
2012,초당대학교,뷰티코디네이션학과(0053220),예체능,36,3746800
2012,초당대학교,건축학과(0036578),공학,36,3321900
2012,초당대학교,컴퓨터과학과(0036073),공학,37,1724900
2012,초당대학교,소방행정학과(0050033),인문사회,70,1824900
2012,초당대학교,경찰행정학과(0043163),인문사회,74,1900000
2012,초당대학교,기업경영학과(0038548),인문사회,91,0
2012,초당대학교,안경광학과(0026488),공학,101,0
2012,초당대학교,사회체육학과(0047041),예체능,108,0
2012,초당대학교,사회복지학과(0047157),인문사회,161,0
2012,초당대학교,조리과학부(0043186),자연과학,272,0
2012,초당대학교,간호학과(0058697),자연과학,346,0
2012,총신대학교,교회음악과(0006337),예체능,256,3205700
2012,총신대학교,아동학과(0013517),인문사회,226,56700
2012,총신대학교,유아교육과(0012304),인문사회,214,3114800
2012,총신대학교,사회복지학과(0017833),인문사회,189,3599300
2012,총신대학교,기독교교육과(0011530),인문사회,139,3981800
2012,총신대학교,역사교육과(0012126),인문사회,132,3081300
2012,총신대학교,영어교육과(0013094),인문사회,125,3738200
2012,총신대학교,아동학과(0019358),인문사회,86,3874100
2012,총신대학교,사회복지학과(0015917),인문사회,45,216000
2012,추계예술대학교,작곡과(0117814),예체능,83,3272200
2012,추계예술대학교,영상비즈니스과(0117199),예체능,84,2763800
2012,추계예술대학교,영상시나리오과(0117200),예체능,85,3129900
2012,추계예술대학교,문예창작과(0115583),인문사회,102,2392600
2012,추계예술대학교,성악과(0116559),예체능,116,2183600
2012,추계예술대학교,국악과(0114918),예체능,147,2456200
2012,춘천교육대학교,초등교육학과(심화과정)(0011206),인문사회,137,1422000
2012,춘천교육대학교,초등체육교육과(심화과정)(0018569),인문사회,110,1566700
2012,춘천교육대학교,초등컴퓨터교육과(심화과정)(0019148),인문사회,111,1819500
2012,춘천교육대학교,초등수학교육과(심화과정)(0013352),인문사회,112,2036800
2012,춘천교육대학교,초등과학교육과(심화과정)(0012869),인문사회,114,2417400
2012,춘천교육대학교,초등국어교육과(심화과정)(0012469),인문사회,116,2123500
2012,춘천교육대학교,초등영어교육과(심화과정)(0014719),인문사회,122,1849000
2012,춘천교육대학교,초등미술교육과(심화과정)(0012475),인문사회,135,1477800
2012,춘천교육대학교,초등실과교육과(심화과정)(0020213),인문사회,137,1780700
2012,춘천교육대학교,초등음악교육과(심화과정)(0018814),인문사회,143,1723700
2012,춘천교육대학교,초등사회과교육과(심화과정)(0017425),인문사회,145,1870500
2012,춘천교육대학교,초등윤리교육과(심화과정)(0019812),인문사회,146,2102100
2012,충남대학교,기계설계공학과(0001883),공학,124,1639100
2012,충남대학교,수학전공(0022646),자연과학,125,1267700
2012,충남대학교,정보통계학과(0022960),자연과학,127,2371300
2012,충남대학교,환경공학과(0004367),자연과학,128,2398900
2012,충남대학교,항공우주공학과(0005879),공학,129,2437500
2012,충남대학교,기계・금속공학교육과(0039684),인문사회,131,1767300
2012,충남대학교,법학전공(0010736),인문사회,133,1549900
2012,충남대학교,소비자생활정보학과(0021619),인문사회,133,1970000
2012,충남대학교,전기・전자・통신공학교육과(0037830),인문사회,135,2113200
2012,충남대학교,철학과(0016922),인문사회,145,2054900
2012,충남대학교,전기공학과(0002801),공학,149,1646400
2012,충남대학교,지질환경과학과(0020603),자연과학,151,1880800
2012,충남대학교,심리학과(0012270),인문사회,152,2251600
2012,충남대학교,불어불문학과(0014629),인문사회,156,2040900
2012,충남대학교,일어일문학과(0013241),인문사회,123,1842200
2012,충남대학교,한문학과(0012539),인문사회,121,2062200
2012,충남대학교,선박해양공학전공(0000888),자연과학,100,2114400
2012,충남대학교,화학전공(0020553),자연과학,100,1687200
2012,충남대학교,생화학과(0020753),자연과학,101,2354400
2012,충남대학교,천문우주과학과(0023408),자연과학,101,2299700
2012,충남대학교,미생물분자생명과학과(0022925),자연과학,103,2158700
2012,충남대학교,해양환경과학과(0021733),자연과학,103,2057300
2012,충남대학교,재료공학과(0005203),공학,106,2667900
2012,충남대학교,원예학과(0020490),자연과학,110,2107300
2012,충남대학교,산업미술학과(0008300),공학,113,1961400
2012,충남대학교,기술교육과(0004275),인문사회,114,1921800
2012,충남대학교,수의예과(0021663),자연과학,118,2077300
2012,충남대학교,문헌정보학과(0012113),인문사회,119,1857500
2012,충남대학교,언어학과(0012367),인문사회,119,1889700
2012,충남대학교,사회복지학과(0018551),인문사회,120,2371400
2012,충남대학교,물리학전공(0020309),자연과학,121,1478600
2012,충남대학교,고분자공학과(0001770),공학,160,2440500
2012,충남대학교,식품영양학과(0023287),자연과학,162,1988000
2012,충남대학교,의류학과(0022945),자연과학,210,1816200
2012,충남대학교,수의학과(0022901),의학,214,1995700
2012,충남대학교,화학공학과(0005385),자연과학,225,3001700
2012,충남대학교,화학과(0021443),자연과학,225,1870500
2012,충남대학교,유기소재・섬유시스템공학과(0053344),공학,231,2142900
2012,충남대학교,국어국문학과(0016025),인문사회,234,1916000
2012,충남대학교,컴퓨터전공(0005547),공학,248,1832500
2012,충남대학교,전자공학과(0002498),공학,271,2663400
2012,충남대학교,수학과(0021194),자연과학,277,1720200
2012,충남대학교,회계학과(0019250),인문사회,296,1446500
2012,충남대학교,무역학과(0019844),인문사회,297,2061500
2012,충남대학교,행정학과(0011129),인문사회,299,2138500
2012,충남대학교,경제학과(0014625),인문사회,379,1897900
2012,충남대학교,컴퓨터공학과(0002457),공학,382,1981200
2012,충남대학교,간호학과(0009142),자연과학,408,2107400
2012,충남대학교,경영학과(0011586),인문사회,409,1803100
2012,충남대학교,영어영문학과(0016264),인문사회,427,1848800
2012,충남대학교,경영학부(0019414),인문사회,731,2181900
2012,충남대학교,토목공학과(0005445),공학,207,2147600
2012,충남대학교,정밀응용화학과(0005625),자연과학,191,2227700
2012,충남대학교,정보통신공학과(0005722),공학,165,2485400
2012,충남대학교,건축공학과(0003315),공학,165,2078900
2012,충남대학교,전기공학전공(0002979),공학,167,2164800
2012,충남대학교,정치외교학과(0016383),인문사회,169,2010900
2012,충남대학교,국제경영학과(0014942),인문사회,172,1725400
2012,충남대학교,농업경제학과(0016532),인문사회,172,1801500
2012,충남대학교,언론정보학과(0012350),인문사회,172,2079500
2012,충남대학교,자치행정학과(0012141),인문사회,175,2165700
2012,충남대학교,기계공학전공(0005699),공학,177,2250600
2012,충남대학교,음악과(0006782),예체능,177,2269600
2012,충남대학교,물리학과(0021617),자연과학,180,1865800
2012,충남대학교,기계공학과(0000734),공학,182,2059300
2012,충남대학교,중어중문학과(0017184),인문사회,184,1631300
2012,충남대학교,건축학과(5)(0000761),공학,188,2158000
2012,충남대학교,독어독문학과(0016034),인문사회,188,1945100
2012,충남대학교,선박해양공학과(0003449),자연과학,100,1642300
2012,충남대학교,기계・금속공학교육전공(0034281),인문사회,11,2084600
2012,충남대학교,의학과(0009214),의학,16,1853800
2012,충남대학교,정보통신공학전공(0002354),공학,20,1371800
2012,충남대학교,전자공학전공(0000411),공학,21,115500
2012,충남대학교,공공안전학전공(0114685),공학,22,2861600
2012,충남대학교,토목공학전공(0004692),공학,34,306000
2012,충남대학교,전자전파정보통신전공(0005335),공학,34,476000
2012,충남대학교,작물과학전공(0020865),자연과학,39,1468300
2012,충남대학교,생물환경화학전공(0021972),자연과학,40,1132100
2012,충남대학교,생화학전공(0022911),자연과학,40,1173000
2012,충남대학교,수학교육과(0020816),인문사회,45,3022400
2012,충남대학교,바이오시스템기계공학과(0021069),자연과학,70,1916400
2012,충남대학교,화학공학교육과(0001433),인문사회,73,1932000
2012,충남대학교,동물자원생명과학과(0022080),자연과학,77,1994200
2012,충남대학교,체육교육과(0006222),인문사회,77,2747800
2012,충남대학교,지역환경토목학과(0022792),인문사회,78,1741500
2012,충남대학교,환경공학전공(0005089),자연과학,79,1735000
2012,충남대학교,건설공학교육과(0004060),인문사회,82,2495000
2012,충남대학교,생물환경화학과(0022677),자연과학,86,2305600
2012,충남대학교,고고학과(0015584),인문사회,86,1554800
2012,충남대학교,지질환경과학전공(0022409),자연과학,88,1303900
2012,충남대학교,동물바이오시스템과학과(0023454),자연과학,89,1990100
2012,충남대학교,무용학과(0006710),예체능,93,1874600
2012,충남대학교,항공우주공학전공(0005804),공학,93,1712900
2012,충남대학교,기계설계공학전공(0002303),공학,94,2090000
2012,충남대학교,산림환경자원학과(0020360),자연과학,94,1811800
2012,충남대학교,약학과(0010025),자연과학,94,2301000
2012,충남대학교,환경소재공학과(0005912),자연과학,70,2144000
2012,충남대학교,원예학전공(0023033),자연과학,46,2398900
2012,충남대학교,동물자원생명과학전공(0021711),자연과학,51,1968800
2012,충남대학교,산림환경자원학전공(0021459),자연과학,51,1628600
2012,충남대학교,천문우주과학전공(0020937),자연과학,51,1227000
2012,충남대학교,지역환경토목전공(0001319),인문사회,52,1668000
2012,충남대학교,영어교육과(0012170),인문사회,53,2651300
2012,충남대학교,국어교육과(0017623),인문사회,55,2737800
2012,충남대학교,교육학과(0016890),인문사회,69,2625100
2012,충남대학교,재료공학전공(0001002),공학,66,2353000
2012,충남대학교,생물산업기계전공(0021149),공학,63,1262700
2012,충남대학교,제약학과(0009392),자연과학,62,2478400
2012,충남대학교,낙농산업과학전공(0021598),공학,61,1520300
2012,충남대학교,정보통계학전공(0021200),자연과학,58,1260400
2012,충남대학교,해양환경과학전공(0022421),자연과학,57,1465800
2012,충북대학교,식품영양학과(0022607),자연과학,134,2428500
2012,충북대학교,지역건설공학과(0005130),인문사회,133,2817400
2012,충북대학교,철학과(0018005),인문사회,133,2108900
2012,충북대학교,소비자학과(0016674),인문사회,133,2220100
2012,충북대학교,환경생명화학과(0022975),자연과학,118,3053300
2012,충북대학교,간호학과(0010006),자연과학,117,2884000
2012,충북대학교,고고미술사학과(0017253),인문사회,116,2393100
2012,충북대학교,체육학과(0007709),예체능,115,3364200
2012,충북대학교,패션디자인정보학과(0006615),공학,114,2310200
2012,충북대학교,지구환경과학과(0021968),자연과학,114,2365100
2012,충북대학교,주거환경학과(0020563),자연과학,111,2664100
2012,충북대학교,의학과(0009058),의학,111,2938000
2012,충북대학교,국어교육과(0010400),인문사회,105,2432800
2012,충북대학교,천문우주학과(0023159),자연과학,134,2309900
2012,충북대학교,불어불문학과(0013717),인문사회,135,2043100
2012,충북대학교,물리학과(0021276),자연과학,162,2623400
2012,충북대학교,원예과학과(0022320),자연과학,162,2368200
2012,충북대학교,생화학과(0022626),자연과학,161,2812100
2012,충북대학교,정치외교학과(0019091),인문사회,159,2271000
2012,충북대학교,식물의학과(0021723),의학,158,2758700
2012,충북대학교,산림학과(0023115),자연과학,158,2650200
2012,충북대학교,독어독문학과(0011831),인문사회,157,2026200
2012,충북대학교,바이오시스템공학과(0004943),자연과학,151,2425700
2012,충북대학교,수학과(0021227),자연과학,146,2193400
2012,충북대학교,컴퓨터공학과(0002526),공학,144,2574400
2012,충북대학교,컴퓨터공학부(0005146),공학,144,2091400
2012,충북대학교,중어중문학과(0016525),인문사회,143,2358200
2012,충북대학교,아동복지학과(0019107),인문사회,141,2672200
2012,충북대학교,영어교육과(0016288),인문사회,104,1813500
2012,충북대학교,노어노문학과(0018202),인문사회,102,1944800
2012,충북대학교,지구과학교육과(0023572),인문사회,52,3442300
2012,충북대학교,화학교육과(0022675),인문사회,50,3291600
2012,충북대학교,체육교육과(0006756),인문사회,42,3746500
2012,충북대학교,농화학과(0023489),자연과학,33,0
2012,충북대학교,자치행정학과(0117812),인문사회,33,424200
2012,충북대학교,컴퓨터공학과(0004386),공학,15,2661400
2012,충북대학교,디지털정보융합학과(0005353),공학,53,116400
2012,충북대학교,생물교육과(0021512),인문사회,53,3424100
2012,충북대학교,수학교육과(0021283),인문사회,100,2415100
2012,충북대학교,수의예과(0020369),자연과학,90,1807500
2012,충북대학교,제약학과(2+4학제)(0009907),자연과학,79,2635000
2012,충북대학교,약학과(2+4학제)(0009524),자연과학,77,2593800
2012,충북대학교,교육학과(0018177),인문사회,71,2571100
2012,충북대학교,테크노경영학과(0002412),인문사회,68,606800
2012,충북대학교,법학부(0012729),인문사회,64,2255300
2012,충북대학교,역사교육과(0014832),인문사회,63,2379900
2012,충북대학교,컴퓨터교육과(0000578),인문사회,62,2038600
2012,충북대학교,의예과(0009722),자연과학,61,2035100
2012,충북대학교,지리교육과(0011341),인문사회,60,2612400
2012,충북대학교,사회교육과(0019688),인문사회,58,2314600
2012,충북대학교,디자인학과(0005958),예체능,56,2697600
2012,충북대학교,윤리교육과(0013332),인문사회,55,3032900
2012,충북대학교,물리교육과(0022846),인문사회,55,2819500
2012,충북대학교,건축학과(0003507),공학,166,2454400
2012,충북대학교,경영학부(0017731),인문사회,769,2193800
2012,충북대학교,토목공학부(0003113),공학,654,2185100
2012,충북대학교,정보통신공학부(0000308),공학,514,2457600
2012,충북대학교,전자공학부(0005206),공학,474,3268100
2012,충북대학교,기계공학부(0001901),공학,445,2272100
2012,충북대학교,국제경영학과(0018200),인문사회,414,2173900
2012,충북대학교,전기공학부(0001612),공학,309,3268900
2012,충북대학교,경제학과(0011677),인문사회,259,2102200
2012,충북대학교,경영정보학과(0019987),인문사회,253,2310400
2012,충북대학교,도시공학과(0000131),인문사회,237,2346300
2012,충북대학교,화학과(0021643),자연과학,228,2620400
2012,충북대학교,소프트웨어학과(0003432),공학,206,3260800
2012,충북대학교,안전공학과(0001114),공학,201,2712000
2012,충북대학교,심리학과(0010978),인문사회,200,2710100
2012,충북대학교,화학공학과(0004856),자연과학,198,2785100
2012,충북대학교,신소재공학과(0005807),공학,192,2546600
2012,충북대학교,수의학과(0021190),의학,188,2714100
2012,충북대학교,공업화학과(0005786),자연과학,187,2897100
2012,충북대학교,건축공학과(0003361),공학,187,2395400
2012,충북대학교,환경공학과(0002070),자연과학,185,2368500
2012,충북대학교,정보통계학과(0021880),자연과학,183,2620200
2012,충북대학교,행정학과(0015344),인문사회,179,2736500
2012,충북대학교,국어국문학과(0016891),인문사회,176,2403100
2012,충북대학교,농업경제학과(0018570),인문사회,175,1847800
2012,충북대학교,영어영문학과(0012188),인문사회,172,2114100
2012,충북대학교,축산학과(0022641),자연과학,169,2687900
2012,칼빈대학교,목회비서학과(0013944),인문사회,21,3487900
2012,칼빈대학교,실용음악과(0006539),예체능,23,1358700
2012,칼빈대학교,교회음악과(0007571),예체능,35,2126700
2012,칼빈대학교,아동보육학과(0016852),인문사회,56,2365500
2012,칼빈대학교,계약학과(영유아보육학과)(0016182),인문사회,61,3446500
2012,탐라대학교,경찰행정학과(0017391),인문사회,28,3076300
2012,탐라대학교,사회복지학과(0011956),인문사회,27,3925400
2012,탐라대학교,항공서비스경영학과(0017298),인문사회,24,2421100
2012,탐라대학교,사회환경시스템학과(0002288),자연과학,23,2715500
2012,탐라대학교,호텔경영학과(0015954),인문사회,17,2820100
2012,탐라대학교,건축디자인학과(0002043),공학,11,2586800
2012,탐라대학교,경영학과(0015186),인문사회,10,2225800
2012,탐라대학교,관광경영학과(0016368),인문사회,16,2107200
2012,평택대학교,재활복지학과(0012153),자연과학,135,3295100
2012,평택대학교,패션디자인및브랜딩학과(0006679),예체능,90,3254100
2012,평택대학교,영상디자인학과(0007538),예체능,95,2781700
2012,평택대학교,실용음악학과(0007704),예체능,104,2477900
2012,평택대학교,무역학과(0012075),인문사회,110,3935200
2012,평택대학교,시각디자인학과(0006131),예체능,123,2993900
2012,평택대학교,경영학전공(0018727),인문사회,139,2566400
2012,평택대학교,디지털응용정보학과(0021943),공학,140,2599400
2012,평택대학교,광고홍보학과(0017175),인문사회,142,3659300
2012,평택대학교,국어국문학과(0019589),인문사회,152,2767300
2012,평택대학교,도시및부동산개발학과(0010503),인문사회,164,2790600
2012,평택대학교,정보통신학과(0004595),공학,184,2840400
2012,평택대학교,경영학과(0013455),인문사회,186,3349900
2012,평택대학교,간호학과(0008990),자연과학,73,4577200
2012,평택대학교,사회복지학전공(0011985),인문사회,71,3320900
2012,평택대학교,무역학전공(0010768),인문사회,68,3412000
2012,평택대학교,방송연예학전공(0006448),인문사회,26,2408700
2012,평택대학교,영상디자인학전공(0006520),예체능,27,3604000
2012,평택대학교,실용음악학전공(0006183),예체능,28,2616900
2012,평택대학교,환경융합시스템학과(0119272),자연과학,30,2536600
2012,평택대학교,재활복지학전공(0019623),자연과학,32,3047300
2012,평택대학교,시각디자인학전공(0008188),예체능,34,2701800
2012,평택대학교,광고홍보학전공(0015761),인문사회,45,2246600
2012,평택대학교,아동・청소년복지학과(0117006),인문사회,47,2887200
2012,평택대학교,무역물류학과(0115567),인문사회,55,2822100
2012,평택대학교,방송연예학과(0007806),인문사회,63,3053100
2012,평택대학교,컴퓨터학과(0004746),공학,187,3222400
2012,평택대학교,중국학과(0019907),인문사회,192,2769500
2012,평택대학교,일본학과(0013640),인문사회,206,2812400
2012,평택대학교,음악학과(0007470),예체능,193,3085000
2012,평택대학교,사회복지학과(0013142),인문사회,202,3889200
2012,평택대학교,행정학과(0018437),인문사회,205,3168700
2012,포항공과대학교,기계공학과(0005100),공학,155,5891000
2012,포항공과대학교,신소재공학과(0002728),공학,118,5621200
2012,포항공과대학교,산업경영공학과(0000912),인문사회,120,5552400
2012,포항공과대학교,컴퓨터공학과(0001212),공학,123,4847700
2012,포항공과대학교,화학공학과(0005645),자연과학,148,6435800
2012,포항공과대학교,물리학과(0021317),자연과학,91,5763000
2012,포항공과대학교,생명과학과(0020400),자연과학,106,6245700
2012,포항공과대학교,화학과(0020528),자연과학,106,6254200
2012,포항공과대학교,전자전기공학과(0003582),공학,175,5727600
2012,포항공과대학교,수학과(0022419),자연과학,110,5835900
2012,한경국립대학교,행정학과(0119019),인문사회,23,1543400
2012,한경국립대학교,전기전자제어공학과(0002195),공학,37,2690600
2012,한경국립대학교,화학공학과(0004341),자연과학,37,2597300
2012,한경국립대학교,지역자원시스템공학과(0023028),인문사회,37,1936000
2012,한경국립대학교,기계공학과(0002265),공학,41,2426900
2012,한경국립대학교,의류산업학과(0020887),자연과학,42,2168500
2012,한경국립대학교,생명공학과(0005017),자연과학,45,2431200
2012,한경국립대학교,미디어문예창작학과(0014947),인문사회,45,2887100
2012,한경국립대학교,응용수학과(0021940),자연과학,45,2375400
2012,한경국립대학교,건축학전공(0000052),공학,25,1990900
2012,한경국립대학교,영양조리과학과(0022322),자연과학,48,2196000
2012,한경국립대학교,아동가족복지학과(0019492),인문사회,49,2707100
2012,한경국립대학교,영어학과(0010920),인문사회,58,2534200
2012,한경국립대학교,행정학과(0013149),인문사회,59,2417800
2012,한경국립대학교,화학공학과(0000507),자연과학,65,2195200
2012,한경국립대학교,건축공학전공(0001605),공학,21,1722100
2012,한경국립대학교,전기전자제어공학과(0002126),공학,175,2354200
2012,한경국립대학교,토목안전환경공학과(0003424),자연과학,147,2095000
2012,한경국립대학교,동물생명환경과학과(0021075),자연과학,122,2487300
2012,한경국립대학교,식물생명환경과학과(0020645),자연과학,110,2174000
2012,한경국립대학교,토목안전환경공학과(0002227),자연과학,103,2040100
2012,한경국립대학교,디자인학과(0006322),예체능,103,2005700
2012,한경국립대학교,컴퓨터웹정보공학과(0001408),공학,93,2076900
2012,한경국립대학교,조경학과(0004343),공학,87,2284500
2012,한경국립대학교,법학과(0012032),인문사회,87,2446900
2012,한경국립대학교,경영학과(0017504),인문사회,85,2358400
2012,한경국립대학교,원예학과(0021220),자연과학,74,2746900
2012,한경대학교(산업대),영어학과(0026093),인문사회,81,2218100
2012,한경대학교(산업대),생명공학과(0045950),자연과학,80,2590700
2012,한경대학교(산업대),동물생명과학전공(0037172),자연과학,76,1843400
2012,한경대학교(산업대),식물생명자원전공(0045471),자연과학,75,1723500
2012,한경대학교(산업대),아동가족복지학과(0043601),인문사회,72,2372500
2012,한경대학교(산업대),지역자원시스템공학과(0057477),인문사회,71,1964000
2012,한경대학교(산업대),미디어문예창작학과(0043261),인문사회,70,1806800
2012,한경대학교(산업대),환경공학과(0051542),자연과학,68,2004000
2012,한경대학교(산업대),웹정보공학과(0026516),공학,67,1859900
2012,한경대학교(산업대),화학공학전공(0039131),자연과학,67,2114400
2012,한경대학교(산업대),의류산업학과(0050405),자연과학,66,1750500
2012,한경대학교(산업대),낙농생명과학전공(0038375),자연과학,66,1853100
2012,한경대학교(산업대),응용수학과(0050466),자연과학,63,1918500
2012,한경대학교(산업대),토목공학과(0033763),공학,63,1263700
2012,한경대학교(산업대),건축공학전공(0055942),공학,59,1812200
2012,한경대학교(산업대),영양조리과학과(0049546),자연과학,81,1968000
2012,한경대학교(산업대),정보제어공학과(0054094),공학,81,1833300
2012,한경대학교(산업대),토목공학과(0058860),공학,81,1561500
2012,한경대학교(산업대),전자공학과(0058104),공학,102,1856000
2012,한경대학교(산업대),전기공학과(0041444),공학,110,1960700
2012,한경대학교(산업대),안전공학과(0031064),공학,111,1224300
2012,한경대학교(산업대),행정학과(0050449),인문사회,114,2640400
2012,한경대학교(산업대),기계공학과(0055444),공학,118,2278700
2012,한경대학교(산업대),정보제어공학과(0030454),공학,120,1902800
2012,한경대학교(산업대),전자공학과(0026315),공학,132,1761200
2012,한경대학교(산업대),안전공학과(0045881),공학,135,1799200
2012,한경대학교(산업대),조경학과(0039070),공학,149,1991600
2012,한경대학교(산업대),법학전공(0025368),인문사회,163,1686700
2012,한경대학교(산업대),경영학과(0059849),인문사회,173,2400700
2012,한경대학교(산업대),컴퓨터공학과(0045860),공학,97,1811500
2012,한경대학교(산업대),원예학과(0052548),자연과학,94,2191500
2012,한경대학교(산업대),커뮤니케이션디자인전공(0045631),예체능,84,1435000
2012,한경대학교(산업대),행정학과(0026872),인문사회,25,349300
2012,한경대학교(산업대),생명공학과(0025638),자연과학,24,2181300
2012,한경대학교(산업대),과학기술법무전공(0046080),인문사회,23,1988700
2012,한경대학교(산업대),법학부(0056530),인문사회,19,2342000
2012,한경대학교(산업대),원예학과(0035358),자연과학,15,1978400
2012,한경대학교(산업대),화학공학과(0031768),자연과학,47,1201800
2012,한경대학교(산업대),화학공학과(0053348),자연과학,28,2263600
2012,한경대학교(산업대),환경공학과(0027343),자연과학,54,1433300
2012,한경대학교(산업대),디지털컨텐츠디자인전공(0032793),예체능,54,1618500
2012,한경대학교(산업대),공업화학전공(0037564),자연과학,50,2276400
2012,한경대학교(산업대),건축학전공(0043248),공학,47,1736000
2012,한경대학교(산업대),식물환경과학전공(0041937),자연과학,42,1308000
2012,한경대학교(산업대),에듀테인먼트디자인전공(0051562),예체능,32,1014900
2012,한국공학대학교,게임공학부(엔터테인먼트컴퓨팅전공)(0114444),예체능,35,2608300
2012,한국공학대학교,경영학부(경영학전공)(0114589),인문사회,74,2254600
2012,한국공학대학교,기계제조공학과(0001382),공학,76,1125800
2012,한국공학대학교,디자인학부(산업디자인전공)(0115367),공학,77,3132500
2012,한국공학대학교,기계설계공학과(0000779),공학,103,2746400
2012,한국공학대학교,신소재공학과(0000357),공학,106,2799800
2012,한국공학대학교,경영학부(e-비즈니스전공)(0114584),인문사회,111,2610800
2012,한국공학대학교,생명화학공학과(0022232),자연과학,114,3004900
2012,한국공학대학교,에너지전기공학과(0005162),공학,114,2262300
2012,한국공학대학교,게임공학부(게임공학전공)(0114441),예체능,117,2359700
2012,한국공학대학교,기계공학과(0002861),공학,161,2669500
2012,한국공학대학교,전자공학부(전자공학전공)(0117964),공학,171,2728200
2012,한국공학대학교,컴퓨터공학부(컴퓨터공학전공)(0118509),공학,183,2921700
2012,한국공학대학교,전자공학부(전자공학전공)(0117965),공학,11,3300600
2012,한국공학대학교,디자인학부(디자인공학전공)(0115364),예체능,35,2480700
2012,한국공학대학교,디자인학부(융합디자인전공)(0115370),예체능,36,2329400
2012,한국공학대학교,전자공학부(IT융합전공)(0117963),공학,45,2468400
2012,한국공학대학교,컴퓨터공학부(소프트웨어전공)(0118507),공학,46,3230100
2012,한국공학대학교,신소재공학과(0002403),공학,21,3799200
2012,한국공학대학교,지식융합학부(산업융합전공)(0118237),공학,20,3503900
2012,한국공학대학교,생명화학공학과(0021551),자연과학,20,2362400
2012,한국공학대학교,에너지전기공학과(0001409),공학,17,3352900
2012,한국공학대학교,디지털디자인학과(0035118),예체능,17,22100
2012,한국공학대학교,게임공학부(게임공학전공)(0114440),예체능,14,3311100
2012,한국공학대학교,기계설계공학과(0001769),공학,13,3094500
2012,한국공학대학교,기계공학과(0005044),공학,11,4792400
2012,한국과학기술원,경영과학과(IT경영학)(0204219),인문사회,47,2878500
2012,한국과학기술원,경영과학과(IT경영학)(0114488),인문사회,55,0
2012,한국과학기술원,항공우주공학전공(0002644),공학,74,6421500
2012,한국과학기술원,전기및전자공학과(0005874),공학,437,5394400
2012,한국과학기술원,생명화학공학과(0002447),자연과학,326,5949800
2012,한국과학기술원,기계공학전공(0002240),공학,311,5408400
2012,한국과학기술원,생명과학과(0022998),자연과학,289,6388500
2012,한국과학기술원,화학과(0119244),자연과학,230,5849000
2012,한국과학기술원,산업및시스템공학과(0001299),공학,226,5146300
2012,한국과학기술원,전산학과(0002907),공학,205,4865000
2012,한국과학기술원,물리학과(0020742),자연과학,179,5540500
2012,한국과학기술원,산업디자인학과(0007626),공학,130,5050100
2012,한국과학기술원,바이오및뇌공학과(0021392),자연과학,117,6571900
2012,한국과학기술원,건설및환경공학과(0001701),자연과학,107,5896100
2012,한국과학기술원,신소재공학과(0002247),공학,99,6192800
2012,한국교원대학교,교육학과(0015391),인문사회,39,2347100
2012,한국교원대학교,불어교육과(0011886),인문사회,42,1882300
2012,한국교원대학교,독어교육과(0015516),인문사회,44,2156600
2012,한국교원대학교,화학교육과(0020543),인문사회,76,2484200
2012,한국교원대학교,음악교육과(0008080),인문사회,77,1864800
2012,한국교원대학교,체육교육과(0006745),인문사회,78,2082700
2012,한국교원대학교,컴퓨터교육과(0002362),인문사회,79,2541600
2012,한국교원대학교,기술교육과(0000808),인문사회,81,2244600
2012,한국교원대학교,초등교육과(0018993),인문사회,519,2269000
2012,한국교원대학교,국어교육과(0010399),인문사회,149,2336100
2012,한국교원대학교,영어교육과(0019263),인문사회,114,1897400
2012,한국교원대학교,윤리교육과(0011101),인문사회,96,2207600
2012,한국교원대학교,수학교육과(0021864),인문사회,95,2052100
2012,한국교원대학교,유아교육과(0013625),인문사회,92,1466800
2012,한국교원대학교,역사교육과(0012125),인문사회,92,2062400
2012,한국교원대학교,일반사회교육과(0019323),인문사회,91,2314600
2012,한국교원대학교,환경교육과(0023472),인문사회,91,2163700
2012,한국교원대학교,지리교육과(0012586),인문사회,87,2380200
2012,한국교원대학교,가정교육과(0022040),인문사회,87,2180600
2012,한국교원대학교,미술교육과(0007705),인문사회,86,2099100
2012,한국교원대학교,지구과학교육과(0021009),인문사회,84,2223600
2012,한국교원대학교,물리교육과(0021802),인문사회,82,2526500
2012,한국교원대학교,생물교육과(0021313),인문사회,81,2808800
2012,한국교원대학교,실용영어전공(0047189),인문사회,23,860400
2012,한국교원대학교,경영정보학전공(0034311),인문사회,24,1349800
2012,한국교원대학교,중국어과(0057955),인문사회,24,1000300
2012,한국교원대학교,기계공학과(0028153),공학,105,1509100
2012,한국교원대학교,항공・기계설계학과(0027586),공학,86,1182900
2012,한국교원대학교,행정정보시스템학전공(0059307),인문사회,22,1463200
2012,한국교원대학교,산업디자인학과(0050102),공학,21,1779400
2012,한국교원대학교,안전공학과(0038279),공학,20,1634900
2012,한국교원대학교,경영학전공(0028495),인문사회,16,1580300
2012,한국교원대학교,중국어과(0050240),인문사회,15,1419200
2012,한국교원대학교,문예창작학전공(0052352),인문사회,15,691400
2012,한국교원대학교,음악학전공(0030379),예체능,14,1206800
2012,한국교원대학교,바이오산업전공(0059189),자연과학,12,2153200
2012,한국교원대학교,간호학과(0059558),자연과학,23,1719600
2012,한국교원대학교,토목공학전공(0027786),공학,83,1274400
2012,한국교원대학교,영어전공(0034579),인문사회,27,1285100
2012,한국교원대학교,도시공학전공(0040811),인문사회,29,1166200
2012,한국교원대학교,컴퓨터공학전공(0060018),공학,29,663900
2012,한국교원대학교,영어전공(0036386),인문사회,30,1553400
2012,한국교원대학교,컴퓨터과학전공(0038385),공학,32,1083000
2012,한국교원대학교,행정학전공(0038078),인문사회,35,1230400
2012,한국교원대학교,환경공학전공(0058475),자연과학,35,1739500
2012,한국교원대학교,컴퓨터멀티미디어학전공(0050772),공학,36,1617600
2012,한국교원대학교,전자공학전공(0026327),공학,41,2288000
2012,한국교원대학교,토목공학전공(0035892),공학,41,1657800
2012,한국교원대학교,전기공학전공(0058899),공학,42,2636100
2012,한국교원대학교,컴퓨터공학전공(0033907),공학,46,1559400
2012,한국교원대학교,건축학과(0052964),공학,48,1482900
2012,한국교원대학교,안전공학과(0026499),공학,48,1422900
2012,한국교원대학교,환경공학전공(0043077),자연과학,51,1565800
2012,한국교원대학교,경영학전공(0028496),인문사회,57,1731100
2012,한국교원대학교,산업경영공학과(0025217),인문사회,57,1309000
2012,한국교원대학교,전자통신공학전공(0046065),공학,58,1919700
2012,한국교원대학교,전자공학전공(0030922),공학,59,1894800
2012,한국교원대학교,전기공학전공(0046172),공학,61,1626000
2012,한국교원대학교,정보제어공학전공(0040384),공학,63,1616400
2012,한국교원대학교,나노고분자공학과(0056489),공학,63,950300
2012,한국교원대학교,신소재공학과(0037204),공학,63,1131000
2012,한국교원대학교,건축공학과(0024434),공학,67,1579700
2012,한국교원대학교,기계공학과(0023602),공학,25,890100
2012,한국국제대학교,유아교육과(0012301),인문사회,63,3710900
2012,한국국제대학교,식품영양학과(0022588),자연과학,65,2929900
2012,한국국제대학교,유아교육과(0011018),인문사회,66,0
2012,한국국제대학교,간호학과(0009152),자연과학,66,0
2012,한국국제대학교,식품의약학과(0023380),자연과학,67,1534600
2012,한국국제대학교,전기에너지공학과(0002234),공학,67,1772500
2012,한국국제대학교,호텔관광학부(0019326),인문사회,68,1823400
2012,한국국제대학교,호텔관광학과(0012449),인문사회,70,0
2012,한국국제대학교,음악학과(0007140),예체능,74,21200
2012,한국국제대학교,미용예술학과(0006057),예체능,76,0
2012,한국국제대학교,사회복지학과(0017508),인문사회,77,0
2012,한국국제대학교,물리치료학과(0009718),자연과학,81,0
2012,한국국제대학교,사회복지학부(0010667),인문사회,85,2242400
2012,한국국제대학교,관광일어학과(0011502),인문사회,74,0
2012,한국국제대학교,사회체육학과(0008825),예체능,90,0
2012,한국국제대학교,경영학과(0016742),인문사회,61,0
2012,한국국제대학교,소방방재학과(0000918),공학,174,2097100
2012,한국국제대학교,기계자동차공학과(0003508),공학,172,2025400
2012,한국국제대학교,경찰행정학과(0016007),인문사회,150,3193300
2012,한국국제대학교,사회복지학과(0016337),인문사회,141,3795200
2012,한국국제대학교,경찰행정학과(0017248),인문사회,124,0
2012,한국국제대학교,호텔관광학과(0019236),인문사회,110,3249500
2012,한국국제대학교,실내건축학과(0005620),공학,99,2492700
2012,한국국제대학교,간호학과(0009414),자연과학,98,3705800
2012,한국국제대학교,사회체육학과(0006427),예체능,96,6248800
2012,한국국제대학교,물리치료학과(0009620),자연과학,95,4034600
2012,한국국제대학교,조선해양공학과(0002096),자연과학,91,1827100
2012,한국국제대학교,유아특수교육과(0016020),인문사회,43,3333600
2012,한국국제대학교,특수체육교육과(0017905),인문사회,45,0
2012,한국국제대학교,특수체육교육과(0018215),인문사회,45,4791300
2012,한국국제대학교,초등특수교육과(0016785),인문사회,46,0
2012,한국국제대학교,미용예술학과(0008368),예체능,48,6923900
2012,한국국제대학교,관광일어학과(0020157),인문사회,54,4501600
2012,한국국제대학교,음악학과(0006204),예체능,55,7113300
2012,한국국제대학교,경영학과(0010225),인문사회,57,3918300
2012,한국국제대학교,약재산업학과(0020494),공학,11,2413100
2012,한국국제대학교,사회복지학부(0015804),인문사회,12,2424000
2012,한국국제대학교,조형디자인학과(0006675),예체능,13,0
2012,한국국제대학교,한국어문학과(0012522),인문사회,13,1985100
2012,한국국제대학교,사회복지학과(0015007),인문사회,19,0
2012,한국국제대학교,조형디자인학과(0008153),예체능,22,7361200
2012,한국국제대학교,산업디자인학과(0116379),공학,24,1141400
2012,한국국제대학교,식품영양학과(0020764),자연과학,32,0
2012,한국국제대학교,인테리어산업디자인학과(0008908),공학,33,4400800
2012,한국국제대학교,유아특수교육과(0017260),인문사회,38,0
2012,한국국제대학교,초등특수교육과(0015907),인문사회,42,4207100
2012,한국국제대학교,건축공학부(0000863),공학,189,3013200
2012,한국국제대학교,디자인공학과(0001866),예체능,203,2590600
2012,한국국제대학교,에너지ㆍ신소재ㆍ화학공학부(0028107),자연과학,412,3423100
2012,한국국제대학교,기계공학부(0051318),공학,629,2518200
2012,한국국제대학교,컴퓨터공학부(0003871),공학,636,2519800
2012,한국국제대학교,전기ㆍ전자ㆍ통신공학부(0047858),공학,646,3101000
2012,한국국제대학교,산업경영학부(0013204),인문사회,692,2267400
2012,한국방송통신대학교,미디어영상학과(0011894),예체능,3082,73700
2012,한국방송통신대학교,환경보건학과(0021363),자연과학,3094,78000
2012,한국방송통신대학교,행정학과(0018015),인문사회,3098,79800
2012,한국방송통신대학교,관광학과(0018642),인문사회,3359,78600
2012,한국방송통신대학교,가정학과(0021928),인문사회,5010,74400
2012,한국방송통신대학교,간호학과(0010109),자연과학,5148,69300
2012,한국방송통신대학교,국어국문학과(0013462),인문사회,5325,76400
2012,한국방송통신대학교,문화교양학과(0010800),인문사회,5350,96900
2012,한국방송통신대학교,컴퓨터과학과(0001964),공학,5784,44300
2012,한국방송통신대학교,일본학과(0019964),인문사회,5854,81300
2012,한국방송통신대학교,중어중문학과(0012563),인문사회,6790,92100
2012,한국방송통신대학교,법학과(0019494),인문사회,7018,68500
2012,한국방송통신대학교,교육학과(0011662),인문사회,11955,104200
2012,한국방송통신대학교,청소년교육과(0012678),인문사회,12520,123600
2012,한국방송통신대학교,유아교육과(0012299),인문사회,12899,95900
2012,한국방송통신대학교,경영학과(0014856),인문사회,12952,52300
2012,한국방송통신대학교,영어영문학과(0016197),인문사회,14099,55900
2012,한국방송통신대학교,가정학과 가정관리학전공(0024214),인문사회,3040,112600
2012,한국방송통신대학교,무역학과(0012074),인문사회,1568,63500
2012,한국방송통신대학교,정보통계학과(0023209),자연과학,1167,47500
2012,한국방송통신대학교,가정학과 의상학전공(0056552),인문사회,868,106200
2012,한국방송통신대학교,불어불문학과(0013986),인문사회,578,79100
2012,한국방송통신대학교,경제학과(0016389),인문사회,1871,67400
2012,한국방송통신대학교,가정학과 식품영양학전공(0034955),인문사회,2448,95300
2012,한국산업기술대학교(산업대),에너지전기공학과(0058655),공학,57,2378100
2012,한국산업기술대학교(산업대),전자공학부(전자공학전공)(0117968),공학,496,2330000
2012,한국산업기술대학교(산업대),컴퓨터공학부(컴퓨터공학전공)(0118511),공학,431,2570700
2012,한국산업기술대학교(산업대),기계공학과(0048198),공학,343,2278500
2012,한국산업기술대학교(산업대),경영학부(e-비즈니스전공)(0114588),인문사회,314,2862100
2012,한국산업기술대학교(산업대),게임공학부(게임공학전공)(0114442),예체능,312,2126800
2012,한국산업기술대학교(산업대),디자인학부(산업디자인전공)(0115368),공학,227,2507900
2012,한국산업기술대학교(산업대),기계설계공학과(0040896),공학,162,2835200
2012,한국산업기술대학교(산업대),신소재공학과(0030691),공학,144,2515700
2012,한국산업기술대학교(산업대),생명화학공학과(0055114),자연과학,144,2481200
2012,한국산업기술대학교(산업대),컴퓨터공학부(컴퓨터공학전공)(0118512),공학,140,2781700
2012,한국산업기술대학교(산업대),게임공학부(게임공학전공)(0114443),예체능,137,2320800
2012,한국산업기술대학교(산업대),기계공학과(0038476),공학,129,2901000
2012,한국산업기술대학교(산업대),기계설계공학과(0035131),공학,128,2813400
2012,한국산업기술대학교(산업대),전자공학부(전자공학전공)(0117967),공학,118,2166700
2012,한국산업기술대학교(산업대),신소재공학과(0030690),공학,113,2721900
2012,한국산업기술대학교(산업대),기계설계・시스템공학과(0032450),공학,56,696100
2012,한국산업기술대학교(산업대),환경경영학과(0033516),인문사회,50,1270800
2012,한국산업기술대학교(산업대),전자제어공학과(0031120),공학,38,1641100
2012,한국산업기술대학교(산업대),에너지전기공학과(0028130),공학,37,3321300
2012,한국산업기술대학교(산업대),경영학부(e-비즈니스전공)(0114587),인문사회,22,1171500
2012,한국산업기술대학교(산업대),경영학부(e-비즈니스전공)(0114586),인문사회,19,762100
2012,한국산업기술대학교(산업대),생명화학공학과(0047641),자연과학,98,2832400
2012,한국산업기술대학교(산업대),기계제조공학과(0045031),공학,81,1138000
2012,한국산업기술대학교(산업대),디자인학부(산업디자인전공)(0115369),공학,14,2261300
2012,한국산업기술대학교(산업대),복지행정학과(0047601),인문사회,15,1244600
2012,한국성서대학교,간호학부(0009173),자연과학,166,2389100
2012,한국성서대학교,정보과학부(0004561),공학,130,2054200
2012,한국예술종합학교,기악과(0008920),예체능,331,1223400
2012,한국예술종합학교,조형예술과(0007975),예체능,210,1014800
2012,한국예술종합학교,영화과(0008214),예체능,191,1485400
2012,한국예술종합학교,음악과(0006556),예체능,171,1318200
2012,한국예술종합학교,성악과(0007984),예체능,110,895700
2012,한국예술종합학교,디자인과(0007804),예체능,105,1005700
2012,한국예술종합학교,예술경영과(0013005),인문사회,17,849500
2012,한국예술종합학교,음악학과(0006790),예체능,20,1876200
2012,한국예술종합학교,작곡과(0007546),예체능,27,1450700
2012,한국예술종합학교,이론과(무용이론)(0008417),예체능,31,1670400
2012,한국예술종합학교,한국음악작곡과(0209784),예체능,33,0
2012,한국예술종합학교,한국예술학과(0007945),예체능,37,1158700
2012,한국예술종합학교,연극학과(0007203),예체능,43,1645500
2012,한국예술종합학교,무용과(0008743),예체능,45,1656900
2012,한국예술종합학교,영상이론과(0006277),예체능,45,1748500
2012,한국예술종합학교,미술이론과(0007406),예체능,53,1703700
2012,한국예술종합학교,무대미술과(0008634),예체능,60,1579100
2012,한국예술종합학교,멀티미디어영상과(0007494),예체능,75,1001200
2012,한국예술종합학교,애니메이션과(0006544),예체능,86,1110000
2012,한국예술종합학교,건축과(0002521),공학,91,1201800
2012,한국예술종합학교,방송영상과(0012593),인문사회,102,1783100
2012,한국외국어대학교,국제학전공(0015580),인문사회,125,2491300
2012,한국외국어대학교,일본어학전공(0019168),인문사회,119,2629300
2012,한국외국어대학교,일본학부(0012327),인문사회,110,975300
2012,한국외국어대학교,독일어교육과(0010531),인문사회,102,1827700
2012,한국외국어대학교,프랑스어교육과(0020173),인문사회,102,1639800
2012,한국외국어대학교,일본지역학전공(0018066),인문사회,98,1830900
2012,한국외국어대학교,광고홍보전공(0017005),인문사회,96,2152000
2012,한국외국어대학교,언론ㆍ정보전공(0048197),인문사회,116,2672100
2012,한국외국어대학교,경영학전공(0018199),인문사회,577,2295100
2012,한국외국어대학교,스페인어과(0019317),인문사회,462,2135400
2012,한국외국어대학교,영어학과(0019016),인문사회,406,2000200
2012,한국외국어대학교,프랑스어과(0012515),인문사회,395,1517200
2012,한국외국어대학교,독일어과(0013127),인문사회,389,1496600
2012,한국외국어대학교,영어통번역학과(0020030),인문사회,366,2857300
2012,한국외국어대학교,영문학과(0014804),인문사회,364,1837500
2012,한국외국어대학교,국제통상학과(0014828),인문사회,321,2595400
2012,한국외국어대학교,경제학전공(0011690),인문사회,282,1819300
2012,한국외국어대학교,정치외교학과(0017866),인문사회,257,2382200
2012,한국외국어대학교,법학과(0010727),인문사회,234,1507100
2012,한국외국어대학교,행정학과(0012398),인문사회,212,1921200
2012,한국외국어대학교,중국지역학전공(0015538),인문사회,197,3074200
2012,한국외국어대학교,경영학부(0018726),인문사회,184,1124500
2012,한국외국어대학교,영어교육과(0010874),인문사회,167,2081300
2012,한국외국어대학교,중국어학전공(0013164),인문사회,142,4068000
2012,한국외국어대학교,중국학부(0015263),인문사회,141,1007500
2012,한국외국어대학교,한국어교육과(0019648),인문사회,133,2302200
2012,한국외국어대학교,태국어과(0012602),인문사회,130,1577600
2012,한국외국어대학교,일본문학전공(0011436),인문사회,95,1825900
2012,한국외국어대학교,중국어과(0012530),인문사회,95,1767000
2012,한국외국어대학교,중국문학전공(0017497),인문사회,46,3471300
2012,한국외국어대학교,국제학부(0020058),인문사회,48,1202600
2012,한국외국어대학교,방송ㆍ영상전공(0046523),인문사회,62,2908100
2012,한국외국어대학교,경제학부(0011686),인문사회,80,898600
2012,한국외국어대학교,일본어과(0019199),인문사회,84,1392200
2012,한국외국어대학교(용인) _분교,철학과(0017584),인문사회,152,1603500
2012,한국외국어대학교(용인) _분교,언어인지과학과(0014888),인문사회,161,1582700
2012,한국외국어대학교(용인) _분교,전자물리학과(0021678),자연과학,161,1207000
2012,한국외국어대학교(용인) _분교,영미문학문화통번역전공(0012827),인문사회,19,1466300
2012,한국외국어대학교(용인) _분교,영미문학전공(0018042),인문사회,18,2164800
2012,한국외국어대학교(용인) _분교,수학과(0023398),자연과학,134,1599600
2012,한국외국어대학교(용인) _분교,태국어통번역학과(0011359),인문사회,121,2267400
2012,한국외국어대학교(용인) _분교,영미지역학전공(0015841),인문사회,20,307600
2012,한국외국어대학교(용인) _분교,국제스포츠레저학부(0114970),인문사회,31,931400
2012,한국외국어대학교(용인) _분교,영어학전공(0018925),인문사회,31,1788300
2012,한국외국어대학교(용인) _분교,국제스포츠레저전공(0114969),인문사회,76,2404900
2012,한국외국어대학교(용인) _분교,영어통번역심화전공(0015942),인문사회,79,73800
2012,한국외국어대학교(용인) _분교,중앙아시아학과(0118217),인문사회,118,1563900
2012,한국외국어대학교(용인) _분교,독일어통번역학과(0014524),인문사회,249,1833100
2012,한국외국어대학교(용인) _분교,컴퓨터공학과(0004949),공학,246,1930000
2012,한국외국어대학교(용인) _분교,전자공학과(0002631),공학,240,1663300
2012,한국외국어대학교(용인) _분교,산업경영공학과(0004990),인문사회,236,1772100
2012,한국외국어대학교(용인) _분교,생명공학과(0003592),자연과학,234,1677800
2012,한국외국어대학교(용인) _분교,국제경영학과(0016787),인문사회,234,1731500
2012,한국외국어대학교(용인) _분교,정보통신공학과(0001646),공학,234,1681400
2012,한국외국어대학교(용인) _분교,일본어통번역학과(0011051),인문사회,220,2215600
2012,한국외국어대학교(용인) _분교,화학과(0023484),자연과학,205,1592200
2012,한국외국어대학교(용인) _분교,디지털정보공학과(0000705),공학,201,1448400
2012,한국외국어대학교(용인) _분교,환경학과(0020582),자연과학,196,1396700
2012,한국외국어대학교(용인) _분교,경제학과(0020215),인문사회,194,1604600
2012,한국외국어대학교(용인) _분교,경영정보학과(0011548),인문사회,189,1639400
2012,한국외국어대학교(용인) _분교,프랑스학과(0118816),인문사회,276,1634500
2012,한국외국어대학교(용인) _분교,중국어통번역학과(0018520),인문사회,283,2512900
2012,한국외국어대학교(용인) _분교,스페인어통번역학과(0012868),인문사회,325,2445600
2012,한국외국어대학교(용인) _분교,영어통번역학부(0013460),인문사회,377,2834600
2012,한국외국어대학교(용인) _분교,러시아학과(0115441),인문사회,183,1951900
2012,한국외국어대학교(용인) _분교,통계학과(0020942),자연과학,171,1833700
2012,한국전통문화대학교(일반),문화유적학과(0208702),인문사회,76,5747700
2012,한국전통문화대학교(일반),전통건축학과(0208705),공학,76,1703700
2012,한국전통문화대학교(일반),전통조경학과(0208707),공학,77,1844200
2012,한국전통문화대학교(일반),문화재관리학과(0208703),인문사회,78,1539800
2012,한국전통문화대학교(일반),전통미술공예학과(0208706),예체능,165,1641000
2012,한국체육대학교,체육학과(0007229),예체능,705,3683300
2012,한국체육대학교,사회체육학과(0007033),예체능,259,2394300
2012,한국체육대학교,체육학과(0006239),예체능,247,3251200
2012,한국체육대학교,노인체육복지학과(0012759),예체능,137,2203800
2012,한국체육대학교,생활무용학과(0008613),예체능,121,1614200
2012,한국체육대학교,특수체육교육과(0015162),인문사회,105,2649100
2012,한국체육대학교,사회체육전공(0008249),예체능,85,2297600
2012,한국체육대학교,생활무용학과(0008299),예체능,51,1607600
2012,한국체육대학교,특수체육교육과(0013681),인문사회,39,2017700
2012,한국체육대학교,노인체육복지전공(0008158),예체능,45,2239600
2012,한국침례신학대학교,사회복지학과(0015962),인문사회,217,3514800
2012,한국침례신학대학교,유아교육과(0012794),인문사회,204,2746400
2012,한국침례신학대학교,교회음악과(0007506),예체능,194,3226500
2012,한국침례신학대학교,기독교교육학과(0018271),인문사회,186,2892400
2012,한국침례신학대학교,상담심리학과(0018424),인문사회,167,3087600
2012,한국침례신학대학교,영어과(0018772),인문사회,121,3226700
2012,한국항공대학교,영어학과(0013822),인문사회,146,3081000
2012,한국항공대학교,항공운항학과(0005553),공학,265,6585400
2012,한국항공대학교,항공재료공학과(0004063),공학,287,3046000
2012,한국항공대학교,항공・교통・물류・우주법학부(0050267),인문사회,523,3509400
2012,한국항공대학교,경영학과(0020024),인문사회,529,2771600
2012,한국항공대학교,항공우주및기계공학부(0002248),공학,1159,2862900
2012,한국항공대학교,항공전자및정보통신공학부(0003107),공학,1316,2676500
2012,한남대학교,경영정보학과(0016164),인문사회,239,2164300
2012,한남대학교,생활체육학과(0006030),예체능,218,3930800
2012,한남대학교,화학과(0023242),자연과학,217,2258900
2012,한남대학교,컨벤션경영학과(0204876),인문사회,215,2128100
2012,한남대학교,사회복지학과(0017553),인문사회,200,2406400
2012,한남대학교,신소재공학과(0004315),공학,196,2491900
2012,한남대학교,나노생명화학공학과(0000816),자연과학,194,1875400
2012,한남대학교,생명시스템과학과(0021338),자연과학,194,2552200
2012,한남대학교,식품영양학과(0023330),자연과학,189,1801600
2012,한남대학교,국어국문학과(0014623),인문사회,178,2769900
2012,한남대학교,아동복지학과(0018003),인문사회,172,2946900
2012,한남대학교,문헌정보학과(0010795),인문사회,172,3068100
2012,한남대학교,미디어영상전공(0015711),예체능,223,2495900
2012,한남대학교,컴퓨터공학과(0002939),공학,240,2492900
2012,한남대학교,산업경영공학과(0004820),인문사회,240,2078900
2012,한남대학교,전자공학과(0004680),공학,243,2353700
2012,한남대학교,정보통신공학과(0004387),공학,249,1970500
2012,한남대학교,기계공학과(0005891),공학,277,2153300
2012,한남대학교,경제학과(0019486),인문사회,283,2079100
2012,한남대학교,중국통상학과(0204935),인문사회,307,2548600
2012,한남대학교,법학전공(0012043),인문사회,315,2426100
2012,한남대학교,무역학과(0016457),인문사회,320,2281200
2012,한남대학교,디자인학과(0007137),예체능,370,2293700
2012,한남대학교,영어영문학전공(0016642),인문사회,404,1950500
2012,한남대학교,행정학과(0016979),인문사회,427,2056600
2012,한남대학교,회계학과(0017224),인문사회,458,2210600
2012,한남대학교,경영학과(0015886),인문사회,744,2273800
2012,한남대학교,경찰행정학과(0019282),인문사회,172,2308200
2012,한남대학교,정치언론・국제학과(0030591),인문사회,169,2668400
2012,한남대학교,수학교육과(0023313),인문사회,84,2688700
2012,한남대학교,철학과(0018474),인문사회,97,2105500
2012,한남대학교,광전자물리학과(0021597),자연과학,101,2074600
2012,한남대학교,생명공학과(0004946),자연과학,103,2826200
2012,한남대학교,생명과학과(0020828),자연과학,103,2516600
2012,한남대학교,미술교육과(0008057),인문사회,107,2648200
2012,한남대학교,독일어문학과(0013620),인문사회,109,2076400
2012,한남대학교,예술문화학과(0007261),인문사회,111,1987500
2012,한남대학교,역사교육과(0010808),인문사회,129,2713900
2012,한남대학교,아동영어학전공(0015852),인문사회,130,3045500
2012,한남대학교,특허법학전공(0011189),인문사회,134,1612000
2012,한남대학교,건축공학전공(0003684),공학,156,2115600
2012,한남대학교,건축학전공(0000051),공학,155,2661400
2012,한남대학교,문예창작학과(0017458),인문사회,155,2558100
2012,한남대학교,법학부(0016369),인문사회,154,2356200
2012,한남대학교,의류학과(0023091),자연과학,153,2214700
2012,한남대학교,간호학과(0009793),자연과학,151,2622200
2012,한남대학교,일어일문학과(0018614),인문사회,151,2095700
2012,한남대학교,비즈니스통계학과(0020065),자연과학,151,2083300
2012,한남대학교,수학과(0022444),자연과학,227,1788900
2012,한남대학교,교육학과(0015671),인문사회,141,2448600
2012,한남대학교,영어교육과(0013539),인문사회,142,2487100
2012,한남대학교,프랑스어문학과(0016878),인문사회,147,2161600
2012,한남대학교,국어교육과(0017678),인문사회,147,2619300
2012,한남대학교,도시부동산학과(0014129),인문사회,150,2254300
2012,한남대학교,영어학과(0014081),인문사회,24,1983200
2012,한남대학교,사회복지학과(0011962),인문사회,27,2424900
2012,한남대학교,언론정보문화학부(0014445),인문사회,186,2462000
2012,한남대학교,법학부(0016352),인문사회,196,3378100
2012,한남대학교,산업정보디자인학부(0007167),공학,212,2794400
2012,한남대학교,기계제어공학부(0209400),공학,222,2952000
2012,한남대학교,국제어문학부(0019908),인문사회,242,2816000
2012,한남대학교,생명과학부(0020833),자연과학,269,3011200
2012,한남대학교,상담심리사회복지학부(0012847),인문사회,305,2875800
2012,한남대학교,전산전자공학부(0002549),공학,323,3350900
2012,한남대학교,공간환경시스템공학부(0023086),자연과학,136,2922900
2012,한남대학교,경영경제학부(0019430),인문사회,806,2680500
2012,한라대학교,경영학과(0017932),인문사회,468,2475500
2012,한라대학교,전기전자공학과(0001938),공학,223,3500000
2012,한라대학교,레저관광경영학과(0010675),인문사회,216,2723700
2012,한라대학교,기계공학전공(0003105),공학,203,0
2012,한라대학교,경찰행정학과(0016951),인문사회,192,3519100
2012,한라대학교,광고홍보학과(0010181),인문사회,174,3031200
2012,한라대학교,무역통상학과(0013703),인문사회,159,2930900
2012,한라대학교,컴퓨터공학과(0004461),공학,155,3661400
2012,한라대학교,토목공학과(0004515),공학,153,3088100
2012,한라대학교,컴퓨터응용설계학과(0000597),공학,142,3429300
2012,한라대학교,기계자동차공학부(0000794),공학,126,12801500
2012,한라대학교,정보통신공학전공(0005941),공학,120,0
2012,한라대학교,신소재화학공학과(0000373),자연과학,117,4391000
2012,한라대학교,뷰티디자인학과(0185816),예체능,113,3582600
2012,한라대학교,사회체육학과(0185818),예체능,112,4115300
2012,한라대학교,자동차공학전공(0005095),공학,110,0
2012,한라대학교,산업경영공학과(0000209),인문사회,106,3176600
2012,한라대학교,건축설계학전공(0005673),공학,91,0
2012,한라대학교,정보통신방송공학부(0004950),인문사회,87,9025300
2012,한라대학교,디지털방송공학전공(0002152),인문사회,77,0
2012,한라대학교,건축학부(0002147),공학,74,13759100
2012,한라대학교,건축학과(0004192),공학,57,0
2012,한라대학교,건축공학전공(0004667),공학,50,0
2012,한라대학교,의료기계공학전공(0001009),공학,20,0
2012,한라대학교,사회복지학과(0014343),인문사회,331,3121700
2012,한라대학교,물리치료학과(0009577),자연과학,155,1377100
2012,한라대학교,임상병리학과(0010103),자연과학,38,1864000
2012,한라대학교,경찰행정학과(0017933),인문사회,14,3087600
2012,한라대학교,사회복지학과(0018406),인문사회,10,3296100
2012,한라대학교,간호학과(0009509),자연과학,176,1771700
2012,한라대학교,물리치료학과(0009954),자연과학,66,1431800
2012,한라대학교,임상병리학과(0010068),자연과학,16,3487400
2012,한라대학교,간호학과(0009486),자연과학,65,1310400
2012,한림대학교,컨벤션관광경영전공(0011461),인문사회,46,3952800
2012,한림대학교,법행정학부(0019550),인문사회,169,2713800
2012,한림대학교,러시아학과(0016549),인문사회,168,2313800
2012,한림대학교,환경생명공학과(0005371),자연과학,165,2924700
2012,한림대학교,언론정보학부(0019308),인문사회,161,2918100
2012,한림대학교,언론전공(0011081),인문사회,158,3341300
2012,한림대학교,정치행정학과(0014363),인문사회,155,3122600
2012,한림대학교,광고홍보전공(0015135),인문사회,152,3779200
2012,한림대학교,금융정보통계학과(0023038),인문사회,151,2993800
2012,한림대학교,체육학전공(0007149),예체능,151,4768500
2012,한림대학교,의예과(0009624),자연과학,150,2598300
2012,한림대학교,방송통신전공(0012011),인문사회,146,3606600
2012,한림대학교,화학과(0023145),자연과학,142,3170700
2012,한림대학교,국제마케팅커뮤니케이션전공(0019190),인문사회,44,5533800
2012,한림대학교,철학과(0019184),인문사회,126,2848100
2012,한림대학교,언어병리학전공(0009309),인문사회,125,4504500
2012,한림대학교,전자물리학과(0023046),자연과학,113,2368200
2012,한림대학교,사회복지학전공(0011986),인문사회,92,4168800
2012,한림대학교,재활운동학전공(0009962),자연과학,85,3456500
2012,한림대학교,의료경영전공(0012630),인문사회,76,2344100
2012,한림대학교,체육학부(0008386),예체능,71,4292900
2012,한림대학교,동아시아지역학전공(0016587),인문사회,68,4040100
2012,한림대학교,언어청각학부(0010017),인문사회,67,3186900
2012,한림대학교,법학전공(0017386),인문사회,175,2864700
2012,한림대학교,국어국문학과(0017938),인문사회,189,2880000
2012,한림대학교,생명과학과(0020830),자연과학,191,3401700
2012,한림대학교,간호학부(특별과정)(0009791),자연과학,24,2960300
2012,한림대학교,국제회의통번역전공(0018544),인문사회,28,4266000
2012,한림대학교,국제학부(0010493),인문사회,30,4202000
2012,한림대학교,유비쿼터스게임공학과(0001394),예체능,38,8648800
2012,한림대학교,행정학전공(0018940),인문사회,41,3806600
2012,한림대학교,국제통상・경영전공(0041771),인문사회,43,7221600
2012,한림대학교,간호학전공(0009902),자연과학,420,3237700
2012,한림대학교,컴퓨터공학과(0003847),공학,418,3124100
2012,한림대학교,전자공학과(0004869),공학,358,2749800
2012,한림대학교,경제학과(0010348),인문사회,310,2489800
2012,한림대학교,경영학부(0015237),인문사회,309,2827600
2012,한림대학교,의학과(0009861),의학,288,2705700
2012,한림대학교,중국학과(0012552),인문사회,254,2890000
2012,한림대학교,경영학전공(0017101),인문사회,243,3224400
2012,한림대학교,바이오메디컬학과(0022332),자연과학,239,3032200
2012,한림대학교,사회복지학부(0016180),인문사회,219,3401100
2012,한림대학교,심리학과(0014511),인문사회,213,3470300
2012,한림대학교,영어영문학과(0016887),인문사회,209,2690400
2012,한림대학교,식품영양학과(0022662),자연과학,207,3260100
2012,한림대학교,재무금융학과(0015873),인문사회,206,3223700
2012,한림대학교,일본학과(0017161),인문사회,193,2678500
2012,한림대학교,수학과(0023205),자연과학,139,2542100
2012,한밭대학교(산업대),전자공학과(0058508),공학,66,1124700
2012,한밭대학교(산업대),기계설계공학전공(0038305),공학,85,2008800
2012,한밭대학교(산업대),건축학전공(0058008),공학,85,1914600
2012,한밭대학교(산업대),기계설계공학과(0051599),공학,84,1160400
2012,한밭대학교(산업대),건축공학과(0036372),공학,84,1365600
2012,한밭대학교(산업대),경영학과(0041173),인문사회,83,1074500
2012,한밭대학교(산업대),공업디자인전공(0028820),예체능,83,1598900
2012,한밭대학교(산업대),건축설비공학과(0051125),공학,80,1428800
2012,한밭대학교(산업대),산업경영공학과(0050779),인문사회,77,1660800
2012,한밭대학교(산업대),토목공학과(0033032),공학,74,1274500
2012,한밭대학교(산업대),응용화학전공(0044700),자연과학,72,1746400
2012,한밭대학교(산업대),화학공학과(0040833),자연과학,71,1223700
2012,한밭대학교(산업대),회계학과(0032159),인문사회,69,2020000
2012,한밭대학교(산업대),도시공학과(0055021),인문사회,67,1666600
2012,한밭대학교(산업대),제어계측공학과(0045450),공학,65,1862600
2012,한밭대학교(산업대),환경공학과(0036929),자연과학,65,1424500
2012,한밭대학교(산업대),전기공학과(0030573),공학,65,1193900
2012,한밭대학교(산업대),시각디자인학과(0030267),예체능,65,2069000
2012,한밭대학교(산업대),공업디자인학과(0059355),예체능,62,1484000
2012,한밭대학교(산업대),중국어과(0046881),인문사회,61,1641700
2012,한밭대학교(산업대),생명공학전공(0056700),자연과학,61,1782900
2012,한밭대학교(산업대),컴퓨터공학과(0052284),공학,61,1621800
2012,한밭대학교(산업대),회계학전공(0046883),인문사회,87,2109900
2012,한밭대학교(산업대),시각디자인전공(0052825),예체능,89,1881200
2012,한밭대학교(산업대),전기공학전공(0030654),공학,132,2137000
2012,한밭대학교(산업대),기계공학전공(0049793),공학,125,1790400
2012,한밭대학교(산업대),토목공학전공(0050461),공학,124,1699500
2012,한밭대학교(산업대),정보통신공학전공(0025888),공학,124,1717000
2012,한밭대학교(산업대),컴퓨터공학전공(0031890),공학,123,2506500
2012,한밭대학교(산업대),전자공학전공(0058525),공학,121,1726500
2012,한밭대학교(산업대),재료공학전공(0059921),공학,119,1902300
2012,한밭대학교(산업대),산업경영공학과(0025218),인문사회,119,2135700
2012,한밭대학교(산업대),건축공학전공(0055656),공학,112,1767700
2012,한밭대학교(산업대),일본어과(0053126),인문사회,112,1990000
2012,한밭대학교(산업대),영어과(0046633),인문사회,111,1883600
2012,한밭대학교(산업대),중국어과(0054713),인문사회,109,2198000
2012,한밭대학교(산업대),건축설비공학과(0038244),공학,109,1910700
2012,한밭대학교(산업대),제어계측공학전공(0049489),공학,106,1684300
2012,한밭대학교(산업대),환경공학전공(0031918),자연과학,103,1864800
2012,한밭대학교(산업대),화학공학과(0027176),자연과학,102,1687200
2012,한밭대학교(산업대),경제학전공(0043138),인문사회,99,1614500
2012,한밭대학교(산업대),도시공학전공(0058000),인문사회,97,1351600
2012,한밭대학교(산업대),경영학전공(0039353),인문사회,97,1642400
2012,한밭대학교(산업대),기계공학과(0051336),공학,93,1429500
2012,한밭대학교(산업대),일본어과(0042527),인문사회,61,1692200
2012,한밭대학교(산업대),영어과(0025995),인문사회,58,1602600
2012,한밭대학교(산업대),경제학과(0034433),인문사회,58,1820400
2012,한밭대학교(산업대),재료공학과(0059966),공학,47,1532000
2012,한밭대학교(산업대),경제학과(0024019),인문사회,40,1753200
2012,한밭대학교(산업대),경영학과(0028424),인문사회,37,2114700
2012,한밭대학교(산업대),회계학과(0032160),인문사회,28,2737400
2012,한밭대학교(산업대),토목공학과(0052987),공학,20,1170100
2012,한밭대학교(산업대),기계공학과(0048741),공학,14,329400
2012,한밭대학교(산업대),전기공학과(0030574),공학,14,939500
2012,한밭대학교(산업대),전자공학과(0033532),공학,13,739200
2012,한밭대학교(산업대),전기전자제어공학부(0026126),공학,10,507900
2012,한북대학교,영어학과(0018486),인문사회,59,2039200
2012,한북대학교,멀티미디어디자인학과(0006742),예체능,60,1825000
2012,한북대학교,국제통상학과(0013414),인문사회,61,2104600
2012,한북대학교,경영학과(0016980),인문사회,61,2101300
2012,한북대학교,특허법률학과(0020083),인문사회,71,2222500
2012,한북대학교,중국어학과(0013965),인문사회,72,2242100
2012,한북대학교,국제관광경영학과(0017338),인문사회,150,2074100
2012,한북대학교,간호학과(0009936),자연과학,118,2743700
2012,한북대학교,식품영양학과(0021878),자연과학,144,2244800
2012,한북대학교,사회복지학과(0014216),인문사회,279,2349800
2012,한북대학교,영유아보육학과(0017278),인문사회,158,1853600
2012,한북대학교,컴퓨터정보학과(0003809),공학,91,2374300
2012,한서대학교,국제관계학과(0018648),인문사회,129,3360800
2012,한서대학교,시각디자인학과(0008402),예체능,147,3693500
2012,한서대학교,실내디자인학과(0007687),예체능,150,3345800
2012,한서대학교,국제통상학과(0020221),인문사회,163,2840200
2012,한서대학교,영상애니메이션학과(0006524),예체능,171,2613200
2012,한서대학교,영어학과(0015648),인문사회,172,2312400
2012,한서대학교,신문방송학과(0019180),인문사회,174,2921700
2012,한서대학교,항공운항학과(0003284),공학,180,4944500
2012,한서대학교,행정학과(0020069),인문사회,181,3137800
2012,한서대학교,의상디자인학과(0008233),자연과학,182,3115700
2012,한서대학교,항공전자공학과(0003416),공학,188,4102600
2012,한서대학교,중국학과(0017297),인문사회,190,2838200
2012,한서대학교,물리치료학과(0009638),자연과학,196,4098500
2012,한서대학교,일본학과(0012326),인문사회,199,2649700
2012,한서대학교,아동・청소년복지학과(0045608),인문사회,225,3028400
2012,한서대학교,산업디자인학과(0008619),공학,229,2702400
2012,한서대학교,항공교통학과(0003535),공학,232,3857200
2012,한서대학교,항공기계학과(0005894),공학,244,4417200
2012,한서대학교,항공관광학과(0019758),인문사회,252,3093700
2012,한서대학교,전자*컴퓨터*통신학부(0001945),공학,276,2869500
2012,한서대학교,항공소프트웨어공학과(0001768),공학,292,2953100
2012,한서대학교,간호학과(0009544),자연과학,321,4320300
2012,한서대학교,피부미용학과(0008031),자연과학,141,2458000
2012,한서대학교,재활과학기술학과(0117860),자연과학,141,2814400
2012,한서대학교,항공기시스템학과(0003364),공학,22,4289600
2012,한서대학교,해양스포츠학과(0118992),자연과학,29,3565500
2012,한서대학교,수학과(0021279),자연과학,55,3077900
2012,한서대학교,무인항공기학과(0003486),공학,61,4150500
2012,한서대학교,화학과(0023496),자연과학,73,3281400
2012,한서대학교,항공레저산업학과(0118941),공학,93,5015700
2012,한서대학교,생명과학과(0022317),자연과학,96,3687900
2012,한서대학교,신소재공학과(0000358),공학,97,3345400
2012,한서대학교,화학공학과(0005377),자연과학,99,4593300
2012,한서대학교,신체활동디자인학과(0007593),예체능,140,3335700
2012,한서대학교,건축학과(0002385),공학,140,3172300
2012,한서대학교,연극영화학과(0006149),자연과학,133,2923500
2012,한서대학교,경호비서학과(0018158),인문사회,123,3250200
2012,한서대학교,문화재보존학과(0019932),인문사회,117,3943100
2012,한서대학교,환경공학과(0003726),자연과학,116,3448400
2012,한서대학교,아동미술학과(0007796),인문사회,103,3149300
2012,한서대학교,실용음악과(0007568),예체능,102,2336600
2012,한서대학교,토목공학과(0004392),공학,102,3347100
2012,한서대학교,문예창작학과(0014013),인문사회,124,2339500
2012,한서대학교,부동산경영학과(0015051),인문사회,25,3908500
2012,한서대학교,정보시스템공학과(0003038),공학,93,8264600
2012,한서대학교,의류패션산업전공(0021847),자연과학,125,0
2012,한서대학교,지식정보학부(0018342),공학,183,4644300
2012,한서대학교,인테리어디자인전공(0006547),예체능,184,2116800
2012,한서대학교,행정학과(0011125),인문사회,190,5564900
2012,한서대학교,행정학과(0015817),인문사회,190,0
2012,한서대학교,무역학과(0012076),인문사회,192,0
2012,한서대학교,경제학과(0016570),인문사회,202,0
2012,한서대학교,시각영상디자인전공(0006497),예체능,202,2367000
2012,한서대학교,부동산학과(0016068),인문사회,209,2575100
2012,한서대학교,한국어문학부(0016493),인문사회,226,0
2012,한서대학교,무역학과(0012077),인문사회,234,4823600
2012,한서대학교,영어영문학부(0010907),인문사회,235,3634500
2012,한서대학교,산업경영공학과(0000212),인문사회,245,4595300
2012,한서대학교,기계시스템공학과(0003200),공학,262,0
2012,한서대학교,경영학부(0011629),인문사회,358,0
2012,한서대학교,경영학부(0011630),인문사회,418,4423100
2012,한서대학교,정보시스템공학과(0003472),공학,178,0
2012,한서대학교,경제학과(0017469),인문사회,176,5181000
2012,한서대학교,역사문화학부(0016336),인문사회,175,4261300
2012,한서대학교,의류패션산업전공(0023067),자연과학,125,405400
2012,한서대학교,역사문화학부(0017551),인문사회,136,0
2012,한서대학교,지식정보학부(0016812),공학,136,0
2012,한서대학교,패션디자인전공(0008952),예체능,136,381900
2012,한서대학교,한국어문학부(0019751),인문사회,136,6604400
2012,한서대학교,기계시스템공학과(0002733),공학,138,8311900
2012,한서대학교,영어영문학부(0019814),인문사회,143,0
2012,한서대학교,산업경영공학과(0000211),인문사회,144,0
2012,한서대학교,컴퓨터공학과(0000539),공학,148,5856400
2012,한서대학교,정보통신공학과(0004601),공학,93,0
2012,한서대학교,컴퓨터공학과(0001221),공학,160,0
2012,한서대학교,무용학과(0006112),예체능,164,19000
2012,한서대학교,애니메이션・제품디자인전공(0031072),예체능,166,2293600
2012,한서대학교,정보통신공학과(0002737),공학,172,4335400
2012,한서대학교,패션디자인전공(0006614),예체능,149,0
2012,한세대학교,경영학전공(0019703),인문사회,264,3772600
2012,한세대학교,음악학과(0006205),예체능,230,3389000
2012,한세대학교,공간환경디자인전공(0005998),자연과학,176,3262600
2012,한세대학교,신문방송학전공(0018080),인문사회,176,3606600
2012,한세대학교,시각정보디자인전공(0006140),공학,175,3058700
2012,한세대학교,광고홍보학전공(0018011),인문사회,166,3587800
2012,한세대학교,섬유패션디자인전공(0007618),공학,158,3258400
2012,한세대학교,국제관광학전공(0014488),인문사회,156,3066400
2012,한세대학교,사회복지학전공(0017613),인문사회,153,4001900
2012,한세대학교,기독교교육학전공(0019134),인문사회,123,4493800
2012,한세대학교,정보통신공학전공(0004796),공학,122,4066300
2012,한세대학교,전자소프트웨어학전공(0004024),공학,121,3758900
2012,한세대학교,경찰행정학전공(0015724),인문사회,120,3368000
2012,한세대학교,영어통번역전공(0015477),인문사회,91,3362600
2012,한세대학교,공연예술학과(0007370),예체능,85,3619400
2012,한세대학교,간호학과(0009922),자연과학,76,4209500
2012,한신대학교,국제관계학부(0014640),인문사회,234,2514300
2012,한신대학교,재활학과(0009739),자연과학,193,2904400
2012,한신대학교,정보통계학과(0022997),자연과학,101,2711700
2012,한신대학교,미디어영상광고홍보학부(0011482),인문사회,104,3375500
2012,한신대학교,종교문화학과(0016571),인문사회,116,2823900
2012,한신대학교,중국지역학과(0012545),인문사회,128,2638600
2012,한신대학교,철학과(0016168),인문사회,141,2662200
2012,한신대학교,일본지역학과(0017474),인문사회,142,2836300
2012,한신대학교,국어국문학과(0010430),인문사회,149,2513500
2012,한신대학교,특수체육학과(0007175),인문사회,153,3161800
2012,한신대학교,정보통신학부(0001023),공학,156,1921300
2012,한신대학교,수학과(0023384),자연과학,161,2361000
2012,한신대학교,국제경제학과(0019595),인문사회,172,2267500
2012,한신대학교,사회복지학과(0011961),인문사회,185,2856500
2012,한신대학교,경제학과(0013354),인문사회,186,1875700
2012,한신대학교,광고홍보학과(0017691),인문사회,197,1966900
2012,한신대학교,정보통신학과(0003665),공학,205,2576200
2012,한신대학교,문예창작학과(0014242),인문사회,212,2835800
2012,한신대학교,경영학과(0011588),인문사회,217,2453100
2012,한신대학교,영어영문학과(0016844),인문사회,219,1966600
2012,한신대학교,컴퓨터공학부(0003479),공학,401,2477700
2012,한신대학교,기독교교육학과(0015637),인문사회,87,3810100
2012,한신대학교,스포츠복지경영학과(0032637),인문사회,16,1070900
2012,한신대학교,디지털문화콘텐츠학과(0005707),인문사회,33,3493900
2012,한신대학교,컴퓨터정보소프트웨어학부(0002409),공학,33,2044000
2012,한신대학교,중국문화콘텐츠학부(0017149),인문사회,40,2514600
2012,한신대학교,일본학과(0117690),인문사회,40,2407500
2012,한신대학교,중국문화정보학부(0011281),인문사회,81,2866200
2012,한신대학교,응용통계학과(0023058),자연과학,78,2542600
2012,한신대학교,독어독문학과(0015208),인문사회,75,2417700
2012,한신대학교,독일어문화학부(0016658),인문사회,62,1919400
2012,한신대학교,중국어문화학부(0014320),인문사회,59,2583700
2012,한신대학교,미디어영상광고학부(0018356),인문사회,56,2551400
2012,한신대학교,중국학과(0118207),인문사회,41,2292400
2012,한양대학교,수학전공(0022289),자연과학,173,2514000
2012,한양대학교,생명과학전공(0020840),자연과학,172,2292600
2012,한양대학교,정치외교학전공(0017595),인문사회,164,2642000
2012,한양대학교,무용학과(0115576),예체능,152,2282300
2012,한양대학교,파이낸스경영학과(0012809),인문사회,149,4311500
2012,한양대학교,자원환경공학과(0005248),자연과학,138,4094100
2012,한양대학교,국악과(0007737),예체능,138,3251600
2012,한양대학교,체육학과(0118341),예체능,135,3366200
2012,한양대학교,성악과(0007429),예체능,132,2524200
2012,한양대학교,의예과(0009424),자연과학,128,1924100
2012,한양대학교,스포츠산업학과(0116750),공학,126,2973100
2012,한양대학교,독어독문학과(0018824),인문사회,118,2240400
2012,한양대학교,영어교육과(0013529),인문사회,108,2516300
2012,한양대학교,생명공학전공(0005521),자연과학,112,3341900
2012,한양대학교,국어교육과(0017771),인문사회,118,2694700
2012,한양대학교,간호학전공(0114293),자연과학,174,3094500
2012,한양대학교,실내건축디자인학과(0116945),공학,177,2311800
2012,한양대학교,컴퓨터공학부(0001545),공학,234,3171500
2012,한양대학교,산업공학과(0000927),공학,230,2895500
2012,한양대학교,관광학부(0018484),인문사회,230,2186200
2012,한양대학교,경제금융학부(0019355),인문사회,710,2187600
2012,한양대학교,컴퓨터전공(0004115),공학,225,2402900
2012,한양대학교,중어중문학과(0018675),인문사회,224,2997200
2012,한양대학교,국제학부(0013951),인문사회,223,1764800
2012,한양대학교,정보시스템학과(0003631),공학,219,3658900
2012,한양대학교,식품영양학과(0116877),자연과학,217,2234200
2012,한양대학교,연극영화학과(0117176),자연과학,214,2257500
2012,한양대학교,국어국문학과(0016006),인문사회,204,2979600
2012,한양대학교,도시공학과(0002203),인문사회,193,2141300
2012,한양대학교,행정학전공(0015314),인문사회,183,2781300
2012,한양대학교,화학전공(0022817),자연과학,180,2751500
2012,한양대학교,의류학과(0117569),자연과학,179,2370900
2012,한양대학교,전기공학전공(0002082),공학,178,3043800
2012,한양대학교,물리학전공(0021656),자연과학,107,2533000
2012,한양대학교,신소재공학부(0003655),공학,534,3329000
2012,한양대학교,미래자동차공학과(0000694),공학,72,5993000
2012,한양대학교,화학과(0119243),자연과학,60,1918700
2012,한양대학교,생명과학과(0116449),자연과학,58,2103600
2012,한양대학교,작곡과(0006155),예체능,56,3934300
2012,한양대학교,수학과(0116674),자연과학,55,2667400
2012,한양대학교,소프트웨어전공(0005331),공학,47,6642000
2012,한양대학교,물리학과(0115687),자연과학,46,1840100
2012,한양대학교,경영학부(0013325),인문사회,1449,2221800
2012,한양대학교,기계공학부(0001970),공학,1010,2756000
2012,한양대학교,융합전자공학부(0002334),공학,743,4052800
2012,한양대학교,교육공학과(0014539),인문사회,83,2934500
2012,한양대학교,수학교육과(0021134),인문사회,83,2686500
2012,한양대학교,교육학과(0010327),인문사회,104,3091500
2012,한양대학교,전기생체공학부(0003530),공학,103,1513200
2012,한양대학교,화공생명공학부(0003282),자연과학,100,4051300
2012,한양대학교,의학과(0009060),의학,236,1926000
2012,한양대학교,건설환경공학과(0001957),자연과학,254,2711300
2012,한양대학교,건축공학부(0002851),공학,256,2564200
2012,한양대학교,화학공학전공(0004563),자연과학,296,3855900
2012,한양대학교,영어영문학과(0016009),인문사회,315,2105400
2012,한양대학교,법학과(0015224),인문사회,320,1875900
2012,한양대학교,건축학부(0000768),공학,325,2320700
2012,한양대학교,전기·생체공학부(0204260),공학,100,1097800
2012,한양대학교,간호학전공(야간)(0114294),자연과학,98,1337200
2012,한양대학교,응용미술교육과(0008377),인문사회,97,2478800
2012,한양대학교,철학과(0017098),인문사회,94,2599300
2012,한양대학교(ERICA) _분교,재료공학과(0005507),공학,225,3485300
2012,한양대학교(ERICA) _분교,시각ㆍ패키지디자인전공(0052402),예체능,73,2251300
2012,한양대학교(ERICA) _분교,섬유디자인전공(0008856),공학,65,2941800
2012,한양대학교(ERICA) _분교,분자생명과학과(0116043),자연과학,55,2193300
2012,한양대학교(ERICA) _분교,건설환경플랜트공학과(0114335),자연과학,49,1565800
2012,한양대학교(ERICA) _분교,응용화학과(0117528),자연과학,46,2005200
2012,한양대학교(ERICA) _분교,커뮤니케이션디자인학과(0118485),예체능,45,1972500
2012,한양대학교(ERICA) _분교,엔터테인먼트디자인학과(0117163),예체능,45,1581800
2012,한양대학교(ERICA) _분교,산업디자인학과(0008926),공학,41,3035500
2012,한양대학교(ERICA) _분교,영상디자인학과(0008626),예체능,40,1625200
2012,한양대학교(ERICA) _분교,응용물리학과(0117515),자연과학,37,1976200
2012,한양대학교(ERICA) _분교,시각ㆍ패키지디자인학과(0008965),예체능,37,1544500
2012,한양대학교(ERICA) _분교,응용수학과(0117522),자연과학,36,1783000
2012,한양대학교(ERICA) _분교,테크노프로덕트디자인학과(0118655),예체능,35,2114700
2012,한양대학교(ERICA) _분교,해양융합과학과(0118994),자연과학,32,2512700
2012,한양대학교(ERICA) _분교,서피스ㆍ인테리어디자인학과(0116538),예체능,31,1220800
2012,한양대학교(ERICA) _분교,주얼리ㆍ패션디자인학과(0118178),예체능,30,2732100
2012,한양대학교(ERICA) _분교,섬유디자인학과(0007930),공학,30,1790500
2012,한양대학교(ERICA) _분교,보험계리학과(0115963),인문사회,26,4765900
2012,한양대학교(ERICA) _분교,금속디자인학과(0007012),공학,21,2999100
2012,한양대학교(ERICA) _분교,해양환경과학전공(0023592),자연과학,74,2756000
2012,한양대학교(ERICA) _분교,실용음악학과(0008451),예체능,76,3325400
2012,한양대학교(ERICA) _분교,산업디자인전공(0006910),공학,82,2809400
2012,한양대학교(ERICA) _분교,일본언어문화학과(0012324),인문사회,197,2407000
2012,한양대학교(ERICA) _분교,산업경영공학과(0003940),인문사회,197,2982800
2012,한양대학교(ERICA) _분교,생활체육전공(0006380),예체능,181,3861600
2012,한양대학교(ERICA) _분교,광고전공(0010176),인문사회,169,3040200
2012,한양대학교(ERICA) _분교,문화인류학과(0013880),인문사회,159,2888500
2012,한양대학교(ERICA) _분교,한국언어문학과(0016290),인문사회,151,2981500
2012,한양대학교(ERICA) _분교,응용화학전공(0023304),자연과학,149,3443700
2012,한양대학교(ERICA) _분교,분자생명과학부(0021327),자연과학,149,3227300
2012,한양대학교(ERICA) _분교,건설환경공학과(0000141),자연과학,142,3157500
2012,한양대학교(ERICA) _분교,생활무용예술학과(0008045),예체능,137,2837200
2012,한양대학교(ERICA) _분교,정보사회학과(0018833),공학,136,2592100
2012,한양대학교(ERICA) _분교,홍보전공(0012492),인문사회,134,3071400
2012,한양대학교(ERICA) _분교,프랑스언어문화학과(0017291),인문사회,130,3298200
2012,한양대학교(ERICA) _분교,응용물리학전공(0022879),자연과학,130,2496500
2012,한양대학교(ERICA) _분교,건축공학전공(0000866),공학,130,2918500
2012,한양대학교(ERICA) _분교,금속디자인전공(0007971),공학,94,1895700
2012,한양대학교(ERICA) _분교,응용수학전공(0021539),자연과학,93,2555400
2012,한양대학교(ERICA) _분교,영상디자인전공(0008037),예체능,92,2520900
2012,한양대학교(ERICA) _분교,생명나노공학과(0020643),자연과학,91,3835900
2012,한양대학교(ERICA) _분교,약학과(2+4학제)(0009836),자연과학,89,7456100
2012,한양대학교(ERICA) _분교,광고홍보학부(0010189),인문사회,85,3306000
2012,한양대학교(ERICA) _분교,건축학부(0002858),공학,85,1987600
2012,한양대학교(ERICA) _분교,문화콘텐츠학과(0010560),인문사회,198,3339300
2012,한양대학교(ERICA) _분교,신문방송학과(0010594),인문사회,206,3080600
2012,한양대학교(ERICA) _분교,건축학전공(0004212),공학,207,2495700
2012,한양대학교(ERICA) _분교,경영학부(0015037),인문사회,829,2594900
2012,한양대학교(ERICA) _분교,기계공학과(0004320),공학,582,2935400
2012,한양대학교(ERICA) _분교,경제학부(0010356),인문사회,441,2606700
2012,한양대학교(ERICA) _분교,전자통신공학과(0000440),공학,409,2549300
2012,한양대학교(ERICA) _분교,전자시스템공학과(0002215),공학,380,2734000
2012,한양대학교(ERICA) _분교,컴퓨터공학과(0003659),공학,374,3130200
2012,한양대학교(ERICA) _분교,영미언어문화학과(0012148),인문사회,330,2928300
2012,한양대학교(ERICA) _분교,화학공학과(0000506),자연과학,234,3589400
2012,한양대학교(ERICA) _분교,중국학과(0014680),인문사회,218,2692600
2012,한일장신대학교,예술학부(음악학전공)(0007785),예체능,99,3712300
2012,한일장신대학교,사회복지학부(0016838),인문사회,259,346100
2012,한일장신대학교,기독교실용음악학전공(0007936),예체능,39,3988600
2012,한일장신대학교,사회복지학부(0014010),인문사회,31,28668400
2012,한일장신대학교,미술치료학과(0009786),예체능,28,6046700
2012,한일장신대학교,사회복지학과(0019547),인문사회,21,5110000
2012,한일장신대학교,상담심리학부(미술치료학)(0116433),인문사회,11,5233500
2012,한일장신대학교,전기전자공학전공(0005489),공학,19,4367100
2012,한일장신대학교,호텔관광경영학과(0020133),인문사회,26,104700
2012,한일장신대학교,전통문화재학전공(0015307),인문사회,26,4445300
2012,한일장신대학교,한국음악전공(0006920),예체능,26,3633900
2012,한일장신대학교,사회복지행정계열(0116299),인문사회,27,3186800
2012,한일장신대학교,경영학과(0011581),인문사회,32,3446900
2012,한일장신대학교,관광외국어정보학과(0012840),인문사회,30,4172700
2012,한일장신대학교,행정학전공(0019406),인문사회,28,3023500
2012,한일장신대학교,광고미디어디자인학과(0006684),인문사회,17,5010100
2012,한일장신대학교,국제관광문화학과(0114935),인문사회,17,3723300
2012,한일장신대학교,기계자동차공학전공(0005771),공학,17,3615100
2012,한일장신대학교,토목환경공학전공(0000485),자연과학,19,4935600
2012,한일장신대학교,의료정보학전공(0002406),공학,16,5558900
2012,한일장신대학교,브랜드디자인학과(0116107),예체능,14,5198000
2012,한일장신대학교,경영학전공(0011645),인문사회,14,3921900
2012,한일장신대학교,한국어교원전공(0015985),인문사회,13,4115300
2012,한일장신대학교,한국어.다문화전공(0118872),인문사회,12,3307300
2012,한일장신대학교,광고미디어디자인전공(0007531),인문사회,12,2847200
2012,한일장신대학교,디자인.문화학부(0115339),인문사회,32,3102000
2012,한일장신대학교,보건정보행정학과(0013217),인문사회,36,3911300
2012,한일장신대학교,유아교육학과(0013263),인문사회,76,4098100
2012,한일장신대학교,간호학과(0009643),자연과학,395,4122400
2012,한일장신대학교,사회복지전공(0010630),인문사회,121,3557900
2012,한일장신대학교,호텔카지노관광경영학과(0013708),인문사회,68,3273800
2012,한일장신대학교,건축공학과(0003190),공학,45,3868600
2012,한일장신대학교,전기전자공학전공(0002089),공학,39,4693300
2012,한일장신대학교,보건의료공학과(0001385),자연과학,37,3649400
2012,협성대학교,건축공학과(0001522),공학,137,3236900
2012,협성대학교,도시행정학과(0010506),인문사회,140,2812000
2012,협성대학교,도시공학과(0004770),인문사회,143,3205600
2012,협성대학교,문예창작학과(0014008),인문사회,145,2581100
2012,협성대학교,컴퓨터공학과(0002697),공학,148,3127800
2012,협성대학교,조형회화학과(0007133),자연과학,149,2221900
2012,협성대학교,지역개발학과(0011352),인문사회,151,2528200
2012,협성대학교,영어영문학과(0013912),인문사회,159,2482100
2012,협성대학교,시각디자인학과(0008478),예체능,163,2707800
2012,협성대학교,세무회계학과(0015210),인문사회,175,2551200
2012,협성대학교,금융보험학과(0018309),인문사회,180,2778300
2012,협성대학교,아동보육학과(0017580),인문사회,188,2867600
2012,협성대학교,경영학과(0114525),인문사회,190,2476000
2012,협성대학교,제품디자인학과(0007719),예체능,133,3156600
2012,협성대학교,실내디자인학과(0007761),예체능,132,2885700
2012,협성대학교,중어중문학과(0015633),인문사회,122,2907800
2012,협성대학교,사회복지학과(0019437),인문사회,114,2737000
2012,협성대학교,가구디자인학과(0006810),예체능,101,2438200
2012,협성대학교,성악・작곡과(0116558),예체능,91,2521000
2012,협성대학교,도시공학과(0003593),인문사회,80,1827800
2012,협성대학교,경영학과(0114524),인문사회,49,1263600
2012,협성대학교,사회복지학과(0116238),인문사회,36,884400
2012,협성대학교,호텔・관광경영전공(0119060),인문사회,33,2052500
2012,협성대학교,미디어영상전공(0115707),예체능,32,2330000
2012,협성대학교,아동보육학과(0041253),인문사회,13,246200
2012,협성대학교,경영정보학과(0019340),인문사회,61,896400
2012,협성대학교,유통경영전공(0041670),인문사회,201,3088900
2012,협성대학교,사회복지학과(0013562),인문사회,232,3136700
2012,협성대학교,국제통상학과(0016263),인문사회,248,2470200
2012,협성대학교,보건관리학과(0009992),자연과학,194,3478000
2012,협성대학교,광고홍보전공(0023800),인문사회,206,2650800
2012,호남대학교,정보통신공학과(0003288),공학,127,1914900
2012,호남대학교,경제학과(0013259),인문사회,125,2135300
2012,호남대학교,미디어영상공연학과(0007891),예체능,125,2608800
2012,호남대학교,이동통신공학과(0000374),공학,121,2473000
2012,호남대학교,한약재산업학과(0021707),공학,118,2658900
2012,호남대학교,미술학과(0006386),예체능,101,3170800
2012,호남대학교,법학과(0016895),인문사회,98,2184900
2012,호남대학교,항공서비스학과(0015808),공학,94,2877900
2012,호남대학교,물리치료학과(0009005),자연과학,88,2524800
2012,호남대학교,골프산업학과(0008890),공학,80,1911700
2012,호남대학교,언어치료학과(0009575),인문사회,76,2831300
2012,호남대학교,국제학부(0015032),인문사회,72,2502700
2012,호남대학교,상담심리학과(0116418),인문사회,71,2834100
2012,호남대학교,게임애니메이션학과(0000075),예체능,69,1715900
2012,호남대학교,인터넷소프트웨어학과(0004088),공학,58,2789100
2012,호남대학교,문화산업경영학과(0012699),인문사회,55,2354400
2012,호남대학교,건축학과(0004723),공학,137,2589700
2012,호남대학교,식품영양학과(0020761),자연과학,135,2576500
2012,호남대학교,사회복지학과(0016870),인문사회,442,2572400
2012,호남대학교,간호학과(0008984),자연과학,357,2815000
2012,호남대학교,경영학과(0015350),인문사회,331,2298100
2012,호남대학교,조리과학과(0023163),자연과학,288,2327700
2012,호남대학교,의상디자인학과(0006528),자연과학,258,2198800
2012,호남대학교,호텔경영학과(0017154),인문사회,254,2062500
2012,호남대학교,산업디자인학과(0007402),공학,226,2248500
2012,호남대학교,뷰티미용학과(0007360),예체능,206,2717200
2012,호남대학교,조경학과(0002567),공학,200,2631400
2012,호남대학교,국제학부(중국어학과)(0011465),인문사회,179,1672700
2012,호남대학교,유아교육학과(0017685),인문사회,177,2142700
2012,호남대학교,전기공학과(0004132),공학,170,2402800
2012,호남대학교,컴퓨터공학과(0000533),공학,165,2315000
2012,호남대학교,관광경영학과(0017755),인문사회,163,2185000
2012,호남대학교,행정학과(0014808),인문사회,153,2462700
2012,호남대학교,신문방송학과(0010592),인문사회,146,2441100
2012,호남대학교,전자광공학과(0001356),공학,145,2859700
2012,호남대학교,영어영문학과(0012189),인문사회,144,1929400
2012,호남대학교,무역학과(0014160),인문사회,143,2073800
2012,호남대학교,토목환경공학과(0003230),자연과학,141,2314400
2012,호남대학교,일본어학과(0015229),인문사회,139,2218500
2012,호남신학대학교,음악학과(0008917),예체능,183,2149200
2012,호남신학대학교,사회복지상담학과(0018694),인문사회,103,2656500
2012,호서대학교,시각디자인학과(0006129),예체능,209,2625400
2012,호서대학교,경영학과(0011582),인문사회,537,2429100
2012,호서대학교,기계공학과(0002575),공학,147,2814900
2012,호서대학교,광전자디스플레이공학전공(0000085),공학,145,3070900
2012,호서대학교,산업디자인학과(0007955),공학,141,2833200
2012,호서대학교,정보통계학과(0020867),자연과학,138,2583100
2012,호서대학교,청소년문화.상담학과(0042193),인문사회,134,2994500
2012,호서대학교,수학과(0020377),자연과학,127,2972300
2012,호서대학교,애니메이션학과(0006737),예체능,125,2497300
2012,호서대학교,항공서비스학과(0015460),공학,118,2530900
2012,호서대학교,국제지역통상전공(0015829),인문사회,115,2680600
2012,호서대학교,실용음악학과(0006179),예체능,114,2259200
2012,호서대학교,실내디자인학과(0007465),예체능,114,2634300
2012,호서대학교,식품영양학과(0022370),자연과학,109,2749700
2012,호서대학교,영상미디어전공(0007860),예체능,98,2562900
2012,호서대학교,경제학전공(0014502),인문사회,92,2613900
2012,호서대학교,생명공학과(0004876),자연과학,90,2710100
2012,호서대학교,식품영양학전공(0021187),자연과학,87,2263200
2012,호서대학교,행정학과(0019273),인문사회,387,2607000
2012,호서대학교,정보통신공학전공(0004836),공학,360,2525700
2012,호서대학교,전자공학전공(0001817),공학,344,2240900
2012,호서대학교,국방과학기술학과(0003134),인문사회,152,2905100
2012,호서대학교,간호학과(0009448),자연과학,154,3718400
2012,호서대학교,경제학과(0012874),인문사회,165,1920000
2012,호서대학교,유아교육과(0014841),인문사회,168,2458600
2012,호서대학교,정보보호학과(0000275),공학,169,3032800
2012,호서대학교,음악학과(0007481),예체능,175,2194100
2012,호서대학교,신소재공학전공(0001991),공학,181,2769300
2012,호서대학교,건축학과(0004562),공학,188,2601600
2012,호서대학교,토목공학과(0001327),공학,192,2373800
2012,호서대학교,사회복지학전공(0013695),인문사회,200,3544200
2012,호서대학교,한국어문화학부(0011277),인문사회,201,1584100
2012,호서대학교,화학공학과(0001895),자연과학,202,2932600
2012,호서대학교,건축공학과(0000147),공학,203,2289300
2012,호서대학교,문화기획학과(0010801),인문사회,148,3340400
2012,호서대학교,환경공학과(0001725),자연과학,232,2459000
2012,호서대학교,산업심리학과(0013733),인문사회,247,2916500
2012,호서대학교,중어중국학과(0017456),인문사회,247,2369200
2012,호서대학교,소방방재학과(0002218),공학,258,2956500
2012,호서대학교,세무회계학과(0010694),인문사회,273,2768500
2012,호서대학교,게임학과(0004952),예체능,278,2842100
2012,호서대학교,안전보건학과(0005718),자연과학,296,2561600
2012,호서대학교,컴퓨터공학전공(0002458),공학,307,2901000
2012,호서대학교,전기공학과(0001469),공학,327,2424200
2012,호서대학교,영어영문학과(0016335),인문사회,335,2346200
2012,호서대학교,자동차공학전공(0003571),공학,84,1746800
2012,호서대학교,국어국문학전공(0015318),인문사회,39,6215300
2012,호서대학교,디지털음악학과(0007362),예체능,38,3141000
2012,호서대학교,연극영화학과(0008151),자연과학,30,2902600
2012,호서대학교,물리치료학과(0115665),자연과학,30,1978100
2012,호서대학교,문화콘텐츠창작전공(0016271),인문사회,29,4800800
2012,호서대학교,그린에너지반도체공학부(0005890),공학,25,33000
2012,호서대학교,기술경영학과(0005243),인문사회,25,3326600
2012,호서대학교,경영학과(0013718),인문사회,11,0
2012,호서대학교,영화방송학과(0007147),인문사회,42,2598500
2012,호서대학교,기계공학전공(0000023),공학,79,2438500
2012,호서대학교,사회체육학과(0006428),예체능,77,3171500
2012,호서대학교,생명공학전공(0003350),자연과학,72,3424200
2012,호서대학교,체육전공(0008539),예체능,64,2920900
2012,호서대학교,기술경영학전공(0012697),인문사회,63,3014300
2012,호서대학교,체육학과(0006601),예체능,61,3638800
2012,호서대학교,생명과학과(0022527),자연과학,60,3000400
2012,호서대학교,법학과(0013575),인문사회,192,2488800
2012,호서대학교,사회체육전공(0006840),예체능,60,2314300
2012,호서대학교,연극학과(0008403),예체능,55,3404000
2012,호서대학교,연극전공(0007447),예체능,53,2921200
2012,호서대학교,생명과학전공(0022180),자연과학,51,2989400
2012,호서대학교,기독교교육학전공(0016377),인문사회,45,3437100
2012,호서대학교,자동차공학과(0002477),공학,151,2728700
2012,호원대학교,항공서비스학과(0017496),공학,103,2637200
2012,호원대학교,자동차기계공학과(0001149),공학,102,1506700
2012,호원대학교,컴퓨터.게임학부(0045243),공학,98,3029400
2012,호원대학교,미용예술학과(0007105),예체능,94,2761500
2012,호원대학교,전기공학부(0003559),공학,83,2052700
2012,호원대학교,무역경영학부(0012060),인문사회,77,2278600
2012,호원대학교,경영학부(0019002),인문사회,125,2199900
2012,호원대학교,법경찰학부(0013321),인문사회,129,2298100
2012,호원대학교,사회복지학과(0018027),인문사회,148,3001600
2012,호원대학교,간호학과(0009591),자연과학,159,4229400
2012,호원대학교,소방행정학과(0020207),인문사회,165,2509200
2012,호원대학교,호텔관광학부(0011194),인문사회,205,2419400
2012,호원대학교,방송연예학부(0008302),인문사회,241,1583500
2012,호원대학교,유아교육과(0013521),인문사회,283,2873900
2012,호원대학교,국방기술학부(0005923),인문사회,380,2307800
2012,호원대학교,실용음악학부(0006182),예체능,396,1989500
2012,호원대학교,자동차기계조선공학부(0005273),공학,74,2982300
2012,호원대학교,행정학부(0013296),인문사회,69,3064200
2012,호원대학교,한국어학과(0017999),인문사회,16,1241100
2012,호원대학교,사회복지학과(0014124),인문사회,15,3923900
2012,호원대학교,자동차기계공학과(0005698),공학,14,2361400
2012,호원대학교,건축학부(0005200),공학,12,2539900
2012,호원대학교,아동복지학과(0119468),인문사회,19,5020400
2012,호원대학교,시각디자인학과(0116784),예체능,19,4173800
2012,호원대학교,외식산업학과(0022944),공학,66,1812200
2012,호원대학교,경영학부(0010285),인문사회,55,3098800
2012,호원대학교,아동복지학과(0017624),인문사회,47,3566200
2012,호원대학교,건축학부(0000767),공학,47,2705800
2012,호원대학교,방송연예학부(0006707),인문사회,41,2992500
2012,호원대학교,유아교육과(0014643),인문사회,39,3607300
2012,호원대학교,컴퓨터.게임학부(0057963),공학,34,2833500
2012,호원대학교,토목환경공학과(0002613),자연과학,30,4676500
2012,호원대학교,미용예술학과(0008195),예체능,28,3435600
2012,호원대학교,소방행정학과(0016524),인문사회,23,2463000
2012,호원대학교,법경찰학부(0013162),인문사회,23,2675000
2012,호원대학교,건축학과(0114424),공학,23,1898700
2012,호원대학교,무역경영학부(0019776),인문사회,23,2726800
2012,호원대학교,언어치료학과(0117130),인문사회,20,3363900
2012,호원대학교,물리치료학과(0115666),자연과학,20,3726200
2012,홍익대학교,기계ㆍ시스템디자인공학과(0037133),공학,839,3620200
2012,홍익대학교,예술학과(0006917),예체능,175,3590200
2012,홍익대학교,수학교육과(0020812),인문사회,180,3753900
2012,홍익대학교,교육학과(0017170),인문사회,185,3987800
2012,홍익대학교,법학부(0115855),인문사회,186,2143000
2012,홍익대학교,신소재・화공시스템공학부(0034302),공학,186,2667200
2012,홍익대학교,신소재공학전공(0002430),공학,189,4353800
2012,홍익대학교,경제학부(0013410),인문사회,203,3581300
2012,홍익대학교,토목공학전공(0003392),공학,214,5375200
2012,홍익대학교,영어영문학과(0012185),인문사회,222,3686900
2012,홍익대학교,디자인학부 산업디자인전공(0023763),공학,245,3702400
2012,홍익대학교,화학공학전공(0001491),자연과학,298,4489600
2012,홍익대학교,정보컴퓨터공학부(0005900),공학,302,2246400
2012,홍익대학교,건축학부 건축학전공(0046327),공학,339,4097400
2012,홍익대학교,산업공학전공(0004266),공학,346,3817800
2012,홍익대학교,디자인학부 시각디자인전공(0058535),예체능,431,3871900
2012,홍익대학교,컴퓨터공학전공(0005606),공학,475,4002200
2012,홍익대학교,법학과(0017951),인문사회,721,3543400
2012,홍익대학교,전자전기공학부(0002016),공학,1090,3692300
2012,홍익대학교,경영학전공(0019147),인문사회,1563,3213600
2012,홍익대학교,섬유미술ㆍ패션디자인과(0040996),공학,174,3222600
2012,홍익대학교,영어교육과(0015505),인문사회,173,3058500
2012,홍익대학교,경제학과(0011675),인문사회,28,1955300
2012,홍익대학교,산업정보융합학부(0116409),공학,36,4135400
2012,홍익대학교,경제학부 경제학전공(0024023),인문사회,59,3966800
2012,홍익대학교,건축학부(0000763),공학,85,2828800
2012,홍익대학교,자율전공(미술대)(0008793),예체능,98,3119600
2012,홍익대학교,역사교육과(0010809),인문사회,131,4104200
2012,홍익대학교,금속조형디자인과(0007439),공학,134,3655400
2012,홍익대학교,건축학부 실내건축학전공(0033673),공학,138,3683800
2012,홍익대학교,도시공학전공(0000834),인문사회,173,4921300
2012,홍익대학교,디자인학부(0006993),예체능,172,2517600
2012,홍익대학교,국어교육과(0017111),인문사회,170,4370300
2012,홍익대학교,건설도시공학부(0004921),인문사회,160,2470000
2012,홍익대학교,불어불문학과(0011888),인문사회,154,3234100
2012,홍익대학교,국어국문학과(0011756),인문사회,153,3819400
2012,홍익대학교,독어독문학과(0017629),인문사회,151,3191800
2012,홍익대학교(세종) _분교,조선해양공학과(0037680),자연과학,159,3959700
2012,홍익대학교(세종) _분교,금융보험학전공(0024571),인문사회,174,3398700
2012,홍익대학교(세종) _분교,게임학부 게임소프트웨어전공(0041610),공학,186,3388200
2012,홍익대학교(세종) _분교,광고홍보학부(0028364),인문사회,598,4072100
2012,홍익대학교(세종) _분교,컴퓨터정보통신공학과(0050634),공학,392,3202800
2012,홍익대학교(세종) _분교,디자인ㆍ영상학부(0028312),예체능,360,2759400
2012,홍익대학교(세종) _분교,전자전기공학과(0042430),공학,347,3799400
2012,홍익대학교(세종) _분교,커뮤니케이션디자인전공(0031817),예체능,311,4212400
2012,홍익대학교(세종) _분교,기계정보공학과(0023743),공학,287,3663500
2012,홍익대학교(세종) _분교,프로덕트디자인전공(0045346),예체능,256,4460000
2012,홍익대학교(세종) _분교,디지털미디어디자인전공(0042182),예체능,251,4612000
2012,홍익대학교(세종) _분교,게임학부 게임그래픽디자인전공(0204806),예체능,246,3831100
2012,홍익대학교(세종) _분교,건축공학부 건축학전공(0043664),공학,214,4516300
2012,홍익대학교(세종) _분교,바이오화학공학과(0033933),자연과학,208,3482800
2012,홍익대학교(세종) _분교,회계학전공(0047268),인문사회,159,3417700
2012,홍익대학교(세종) _분교,국제경영학과(0040500),인문사회,28,2714100
2012,홍익대학교(세종) _분교,세라믹공학전공(0053750),공학,72,4112300
2012,홍익대학교(세종) _분교,금속공학전공(0046831),공학,83,4466000
2012,홍익대학교(세종) _분교,산업스포츠학과(0051320),공학,112,7462100
2012,홍익대학교(세종) _분교,건축공학부(0028990),공학,113,1930900
2012,홍익대학교(세종) _분교,재료공학부(0025883),공학,122,2708300
2012,홍익대학교(세종) _분교,건축공학부 건축공학전공(0024453),공학,128,4195500
2012,홍익대학교(세종) _분교,국제경영(중국ㆍ일본)전공(0047538),인문사회,138,3628200
2012,홍익대학교(세종) _분교,영상영화전공(0030547),예체능,189,4245700
2012,화성의과학대학교,사회체육학과(0008234),예체능,50,2052700
2012,화성의과학대학교,애니메이션학과(0006552),예체능,56,2409500
2012,화성의과학대학교,법학과(0015836),인문사회,77,2185400
2012,화성의과학대학교,경영학과(0017636),인문사회,79,1850500
2012,화성의과학대학교,생명공학과(0004566),자연과학,80,2638600
2012,화성의과학대학교,사회복지학과(0015104),인문사회,103,2655700
2012,화성의과학대학교,경찰행정학과(0018546),인문사회,106,2759800
2012,화성의과학대학교,간호학과(0009154),자연과학,150,2696300
2012,화성의과학대학교,인터넷정보통신학과(0002210),공학,51,1938100
2012,가야대학교(김해),귀금속주얼리학과,공학,100,2303200
2012,가천대학교,헬스케어경영학과,인문사회,149,2608300
2012,가천대학교,언론영상광고학과,인문사회,150,2578900
2012,가천대학교,영미어문학과,인문사회,116,2425500
2012,가천대학교,동양어문학과,인문사회,111,2193300
2012,가천대학교,설비플랜트·소방방재공학과,공학,116,2025000
2012,가천대학교,경영학과(경영학트랙),인문사회,406,2260900
2012,가천대학교,경영학과(글로벌경영학트랙),인문사회,158,2546000
2012,가천대학교,나노화학과,자연과학,83,2105400
2012,가천대학교,음악학부(기악),예체능,55,1995000
2012,가천대학교,미술·디자인학부(패션디자인),예체능,54,1745300
2012,가천대학교,체육학부(체육),예체능,50,1963100
2012,가천대학교,미술·디자인학부(산업디자인),공학,44,1642800
2012,가천대학교,의공학과(공학계열),공학,41,3181000
2012,가천대학교,수학·금융정보학과,인문사회,41,1736700
2012,가천대학교,유럽어문학과,인문사회,60,1808400
2012,가천대학교,미술·디자인학부(회화·조소),예체능,71,1890900
2012,가천대학교,미술·디자인학부(시각디자인),예체능,65,2408700
2012,가천대학교,경찰・안보학과,인문사회,60,2592900
2012,가천대학교,체육학부(태권도),예체능,40,3260900
2012,가천대학교,컴퓨터미디어융합학과,공학,78,2609300
2012,가천대학교,음악학부(성악),예체능,26,2813300
2012,가천대학교,음악학부(작곡),예체능,16,2303900
2012,가톨릭관동대학교,호텔조리・외식경영학과,인문사회,306,1251000
2012,가톨릭대학교,법정경학부,인문사회,144,2388800
2012,강남대학교,금융정보학과,인문사회,26,3965200
2012,강서대학교,음악학부(뉴미디어음악전공),예체능,13,3372500
2012,강원대학교,동물응용과학부(동물생명공학전공),자연과학,36,2119400
2012,강원대학교,동물자원과학부(축산과학전공),자연과학,37,1613800
2012,강원대학교,동물응용과학부(축산식품과학전공),자연과학,34,2104700
2012,강원대학교,지질․지구물리학부(지질학전공),자연과학,30,2864500
2012,강원대학교,지질․지구물리학부 (지구물리학전공),자연과학,28,1818000
2012,강원대학교 _제2캠퍼스,멀티디자인학과,예체능,140,2701700
2012,강원대학교 _제2캠퍼스,방송미디어과학과,인문사회,38,4717500
2012,건국대학교,융합신소재공학과,공학,211,3676300
2012,건국대학교,축산식품공학과,자연과학,194,3469600
2012,건국대학교,녹지환경계획학과,자연과학,68,3114200
2012,건국대학교,생명과학특성학부,자연과학,45,2902300
2012,건국대학교,중국통상・비즈니스전공,인문사회,21,4364900
2012,건국대학교,보건환경과학과,자연과학,80,2957200
2012,건국대학교,바이오산업공학과,자연과학,91,2968900
2012,건국대학교,생명자원식품공학과,자연과학,115,2866900
2012,건국대학교(글로컬) _분교,응용생화학전공 트랙,자연과학,57,0
2012,건국대학교(글로컬) _분교,커뮤니케이션문화학부,인문사회,111,3399100
2012,건국대학교(글로컬) _분교,뷰티디자인전공,예체능,109,2323500
2012,건국대학교(글로컬) _분교,시각광고디자인전공,인문사회,85,3539800
2012,건국대학교(글로컬) _분교,도자디자인전공,예체능,83,2363300
2012,건국대학교(글로컬) _분교,식품영양학전공 트랙,자연과학,29,2879800
2012,건양대학교,국방경찰행정학부,인문사회,157,3704600
2012,건양대학교,재활퍼스널트레이닝학과,자연과학,144,3576300
2012,건양대학교,의료공간디자인학과,예체능,127,3455400
2012,건양대학교,융합디자인학부,예체능,20,5706000
2012,건양대학교,의료신소재학과,공학,29,4756100
2012,건양대학교,의약바이오학부,자연과학,45,6301400
2012,경기대학교,관광이벤트학과,인문사회,52,2627900
2012,경기대학교,법학부 법학과,인문사회,41,2283600
2012,경기대학교,국제학부 국제관계학과,인문사회,38,1941500
2012,경기대학교,국제학부 국제산업정보학과,인문사회,36,2618500
2012,경남과학기술대학교,글로벌무역통상학과,인문사회,41,2852400
2012,경남과학기술대학교,아동가족.사회복지학부(사회복지학전공),인문사회,11,4028700
2012,경남과학기술대학교,아동가족.사회복지학부(아동가족학전공),인문사회,14,2445100
2012,경남과학기술대학교,건설환경공과대학 계열,자연과학,36,1729100
2012,경남대학교,방산기계공학전공,공학,53,3507700
2012,경동대학교,컴퓨터응용학과,공학,29,4679100
2012,경동대학교,해양심층수융복합학과,자연과학,30,8301000
2012,경동대학교 _제4캠퍼스,도시공간디자인학과,인문사회,30,4153500
2012,경북대학교,컴퓨터정보학부 컴퓨터소프트웨어전공,공학,90,3536300
2012,경북대학교,아동학부 아동학전공,인문사회,60,2552400
2012,경북대학교,축산공학과,자연과학,69,2555500
2012,경북대학교,컴퓨터정보학부 컴퓨터시스템공학전공,공학,159,3017400
2012,경북대학교,아동학부 아동가족학전공,인문사회,58,3079900
2012,경북대학교,에너지공학부 에너지변환전공,공학,17,3739900
2012,경북대학교,글로벌인재학부 융합생명과학전공,자연과학,10,3853100
2012,경북대학교,융복합시스템공학부 항공위성시스템전공,공학,23,4438400
2012,경북대학교,말/특수동물학과,인문사회,55,2574200
2012,경북대학교,건설방재공학부 건설환경공학전공,자연과학,43,3114800
2012,경북대학교,나노소재공학부 에너지화공전공,공학,33,4932400
2012,경북대학교,건설방재공학부 건설방재공학전공,공학,37,3312500
2012,경북대학교,자동차공학부 지능형자동차전공,공학,37,2766900
2012,경북대학교,해양산업융합학과,자연과학,30,2691200
2012,경북대학교,환경재료과학과,자연과학,137,3089900
2012,경성대학교,디지털영상학과,예체능,107,3932100
2012,경성대학교,금융학전공,인문사회,45,3313300
2012,경운대학교,보건바이오학부,자연과학,34,4798100
2012,경운대학교,항공승무원서비스전공,공학,86,3564900
2012,경일대학교,심리치료학과(인문계열),인문사회,166,3376700
2012,경일대학교,비즈니스외국어학과,인문사회,11,327600
2012,경일대학교,전기·철도공학부,공학,312,2943400
2012,경일대학교,뷰티학과,예체능,187,3454900
2012,경희대학교,한방재료공학과,공학,117,2262400
2012,계명대학교,철학윤리학과,인문사회,157,2841500
2012,계명대학교,보건정책관리학부,자연과학,91,2546200
2012,계명대학교,바이오시스템의과학부,자연과학,121,1797700
2012,계명대학교,보건환경융합과학부,자연과학,103,2816600
2012,계명대학교,바이오의공학부,자연과학,248,1987700
2012,계명대학교,독일문화학과,인문사회,44,2894500
2012,계명대학교,국제스포츠학부,인문사회,98,2702800
2012,고신대학교,시각디자인학부,예체능,29,3588800
2012,광운대학교,사이버정보보안학과,공학,13,4396800
2012,광운대학교,국제지역전공,인문사회,42,0
2012,광운대학교,전자바이오물리학과,자연과학,117,2347300
2012,광주과학기술원,공학·응용과학전공 전기전산트랙,공학,34,6641000
2012,광주과학기술원,물리전공,자연과학,43,5807900
2012,광주교육대학교,특수ㆍ통합교육과(심화전공),인문사회,31,2541500
2012,광주교육대학교,산업기술경영학부,인문사회,22,4726900
2012,광주여자대학교,보건의료시스템학과,자연과학,22,4345500
2012,광주여자대학교,서비스경영학과,인문사회,128,4283900
2012,국립강릉원주대학교 _제2캠퍼스,다문화학과,인문사회,31,2137900
2012,국립경국대학교,원예육종학과,자연과학,121,3004000
2012,국립공주대학교,반도체공정공학과,공학,14,421800
2012,국립공주대학교,국제금융공학전공,인문사회,15,3511200
2012,국립공주대학교,지역사회개발학전공,인문사회,24,3451500
2012,국립군산대학교,기계자동차공학부(기계설계전공),공학,44,0
2012,국립군산대학교,세라믹콘텐츠디자인학과,공학,63,3001500
2012,국립군산대학교,미디어문화학과,인문사회,117,2427400
2012,국립금오공과대학교,정보전자재료공학전공,공학,113,2885300
2012,국립금오공과대학교,나노구조재료공학전공,공학,109,2597000
2012,국립금오공과대학교,고분자융합소재공학전공,공학,110,2876700
2012,국립금오공과대학교,에너지기능재료공학전공,공학,112,2714800
2012,국립금오공과대학교,산업경영공학전공,인문사회,143,2696700
2012,국립금오공과대학교,경영컨설팅학과,인문사회,17,791800
2012,국립금오공과대학교,기계융합공학과,공학,22,1195000
2012,국립금오공과대학교,디자인공학전공,예체능,30,2541900
2012,국립금오공과대학교,에너지・화학공학전공,자연과학,34,4193700
2012,국립금오공과대학교,컴퓨터IT학과,공학,38,1263100
2012,국립목포대학교,조선시스템학과,공학,27,1094700
2012,국립목포대학교,기계해양시스템공학과,자연과학,26,0
2012,국립부경대학교,기계IT융합시스템공학전공,공학,33,83000
2012,국립부경대학교,해양수산경영학과,인문사회,266,2408700
2012,국립순천대학교,융합산업학과,공학,10,3255900
2012,국립창원대학교,신산업경영학과(야),인문사회,58,781400
2012,국립창원대학교,환경・화공시스템공학군,자연과학,78,2730900
2012,국립창원대학교,경제금융보험학부,인문사회,111,2450600
2012,국립한국교통대학교,나노화학소재공학과,자연과학,232,2685600
2012,국립한국교통대학교,비즈니스영어전공,인문사회,33,2957500
2012,국립한국해양대학교,경제산업학부,인문사회,159,186500
2012,국립한국해양대학교,전자·제어공학과,공학,233,619700
2012,국립한국해양대학교,생산경영공학과,인문사회,34,190300
2012,국립한국해양대학교,건축학과(5년제),공학,53,2552600
2012,국민대학교,행정관리학과,인문사회,32,92800
2012,국민대학교,파이낸스보험경영학과,인문사회,51,2873000
2012,국민대학교,자동차IT융합학과,공학,40,3742300
2012,국민대학교,자동차•운송디자인학과,공학,29,2323100
2012,국민대학교,바이오발효융합학과,자연과학,149,2852300
2012,극동대학교,중국항공운항서비스학과,인문사회,68,3724800
2012,극동대학교,도시환경계획학과,인문사회,23,2885400
2012,극동대학교,특수영상전공,인문사회,28,2322100
2012,극동대학교,반도체장비학과,공학,31,4369900
2012,극동대학교,만화・애니메이션전공,예체능,39,3159900
2012,극동대학교,사이버안보학과,인문사회,48,4196700
2012,극동대학교,관광레져경영전공,인문사회,51,3411300
2012,김천대학교,호텔조리외식경영학과,인문사회,60,2995500
2012,김천대학교,항공관광호텔경영학과,인문사회,70,2720600
2012,나사렛대학교,호텔관광경영학전공,인문사회,143,3309300
2012,나사렛대학교,토이캐릭터디자인학트랙 유니버설캐릭터디자인학트랙,예체능,37,1410800
2012,나사렛대학교,항공비즈니스영어학과,인문사회,38,0
2012,남부대학교,기계시스템공학과(계약학과),자연과학,19,292600
2012,남부대학교,IT디자인학과,예체능,43,4353900
2012,남서울대학교,영상예술디자인학과,예체능,189,4659300
2012,단국대학교,영미인문학과,인문사회,49,2705000
2012,단국대학교,커뮤니케이션디자인과,예체능,101,3071600
2012,단국대학교 _제2캠퍼스,생명의료정보학과,자연과학,31,2190400
2012,단국대학교 _제2캠퍼스,해병대군사학과,인문사회,29,4155700
2012,단국대학교 _제2캠퍼스,국제스포츠학과,인문사회,67,7206700
2012,대구가톨릭대학교,작곡·실용음악과,예체능,91,3290700
2012,대구가톨릭대학교,한국어교육전공,인문사회,38,4304200
2012,대구가톨릭대학교,금속・주얼리디자인전공,공학,41,3605000
2012,대구가톨릭대학교,외식식품산업학전공,공학,111,2700500
2012,대구가톨릭대학교,국제의료경영학과,인문사회,70,3529700
2012,대구예술대학교,공연음악전공,예체능,76,3556100
2012,대구예술대학교,미술콘텐츠전공,예체능,63,3151100
2012,대구외국어대학교,보건사회복지학과,인문사회,23,2861300
2012,대구한의대학교,향산업학과,공학,21,4070500
2012,대구한의대학교,세무금융전공,인문사회,25,1448200
2012,대구한의대학교,산림조경학과,자연과학,33,2648700
2012,대구한의대학교,토목디자인전공,공학,45,2910200
2012,대전대학교,글로벌융합창의학부,의학,62,3187000
2012,대전대학교,서예·문인화학과,자연과학,71,1863300
2012,대전대학교,국어국문창작학부,인문사회,97,3120000
2012,대전대학교,IT소프트웨어공학과,공학,31,1429900
2012,대전대학교,러시아어통번역학과,인문사회,21,1442200
2012,대진대학교,수학물리학부,자연과학,197,3824100
2012,대진대학교,생명화학부,자연과학,254,3920000
2012,대진대학교,역사문화콘텐츠학부,인문사회,289,3208100
2012,대진대학교,전기전자통신공학부,공학,518,3798800
2012,대진대학교,섬유패션콘텐츠학과,공학,19,0
2012,대진대학교,뉴미디어작곡전공,예체능,26,2891500
2012,동국대학교,국제통상학부 국제통상학전공,인문사회,91,2496700
2012,동국대학교,물리반도체과학부,자연과학,90,1879500
2012,동국대학교,융합에너지신소재공학과,공학,73,2353000
2012,동국대학교,국어국문문예창작학부,인문사회,151,2822700
2012,동국대학교,국제통상학부 글로벌무역학전공,인문사회,35,3662100
2012,동국대학교,불교사회복지학과,인문사회,18,5549100
2012,동국대학교(WISE) _분교,행정경찰공공학부,인문사회,111,2341200
2012,동국대학교(WISE) _분교,글로벌경제통상학부,인문사회,96,1703100
2012,동국대학교(WISE) _분교,문화예술철학전공,인문사회,19,4054700
2012,동국대학교(WISE) _분교,불교아동보육학과,인문사회,34,3256800
2012,동국대학교(WISE) _분교,기계부품시스템공학과,공학,37,1467000
2012,동덕여자대학교,시각&실내디자인학과,예체능,145,2607600
2012,동명대학교,건축공학과 건축기술전공,공학,13,847000
2012,동명대학교,기계공학과(후진학),공학,17,1134600
2012,동명대학교,경영학과(후진학),인문사회,28,323600
2012,동서대학교,글로벌금융전공,인문사회,56,3988400
2012,동서대학교,글로벌생명공학전공,자연과학,40,3014400
2012,동아대학교,유기재료고분자공학과,공학,72,2635700
2012,동양대학교,컴퓨터·정보통신군사학과,인문사회,39,6317400
2012,동양대학교,사이버정보전학과,공학,41,2731000
2012,동양대학교,국방전자전기학과,인문사회,49,1888000
2012,동의대학교,평생교육·청소년상담학과,인문사회,43,3117100
2012,동의대학교,철학상담・심리학과,인문사회,31,2730400
2012,명지대학교,건축학부 공간디자인전공(5년제),공학,19,2725100
2012,목원대학교,섬유・패션디자인학과,공학,140,2543800
2012,목원대학교,마케팅정보컨설팅학과,공학,139,2747800
2012,목원대학교,정보통신융합공학부,공학,134,5802000
2012,목원대학교,융합컴퓨터·미디어학부,공학,218,3245600
2012,목원대학교,의생명·보건학부,자연과학,213,3216900
2012,목원대학교,TV・영화학부 TV・영화전공,자연과학,122,3285300
2012,목원대학교,TV・영화학부 연기전공,자연과학,56,2819700
2012,목원대학교,미술학부 한국화전공,예체능,59,3200800
2012,목원대학교,미술학부 기독교미술전공,예체능,69,2417500
2012,목원대학교,미술학부 서양화전공,예체능,78,2513800
2012,배재대학교,TESOL·비즈니스영어학과,인문사회,145,3752400
2012,배재대학교,바이오・의생명공학과,자연과학,127,3184100
2012,배재대학교,정치언론안보학과,인문사회,124,3244000
2012,배재대학교,컴퓨터수학과,자연과학,124,3399300
2012,배재대학교,실버보건학과(인문사회계열),인문사회,117,3440400
2012,배재대학교,클래식음악전공,예체능,160,3612200
2012,배재대학교,심리철학상담학과,인문사회,168,4445300
2012,배재대학교,비주얼디자인전공,예체능,36,3652300
2012,배재대학교,항공운항과,공학,40,3685000
2012,배재대학교,공무원법학과,인문사회,62,3318700
2012,배재대학교,문화예술학부 성악·뮤지컬전공,인문사회,39,6293300
2012,배재대학교,문화예술학부 연극영화전공,인문사회,40,4961900
2012,배재대학교,문화예술학부 방송영상전공,인문사회,53,3533100
2012,배재대학교,관광학부 항공서비스전공,인문사회,84,0
2012,배재대학교,문화예술학부 피아노전공,인문사회,135,4259700
2012,배재대학교,문화예술학부 기독교실용음악전공,인문사회,347,4208100
2012,부산가톨릭대학교,노인복지보건학과,자연과학,191,4336300
2012,부산대학교,조경학과(한국조형사회),공학,10,0
2012,부산대학교,화학공학과(LG하우시스),자연과학,16,0
2012,부산외국어대학교,러시아·중앙아시아학부,인문사회,107,2935000
2012,부산외국어대학교,데이터경영‧금융학부(금융보험수리전공),인문사회,11,2282700
2012,부산외국어대학교,디지털미디어학부(전자정보통신전공),공학,12,2080400
2012,부산외국어대학교,디지털미디어학부(정보보안수리전공),공학,21,3692700
2012,부산외국어대학교,비즈니스일본어과,인문사회,30,3506700
2012,부산외국어대학교,스포츠・재활복지학부(재활복지전공),자연과학,33,3207800
2012,부산외국어대학교,데이터경영‧금융학부(데이터경영전공),인문사회,41,1407300
2012,부산외국어대학교,스포츠・재활복지학부(사회체육전공),자연과학,52,4178100
2012,부산외국어대학교,회계세무행정학과,인문사회,82,2063200
2012,부산외국어대학교,커뮤니케이션일본어과,인문사회,75,3486000
2012,부산외국어대학교,영어통번역과,인문사회,74,2688800
2012,부산외국어대학교,데이터경영・금융학부,인문사회,53,3513500
2012,상명대학교,미디어소프트웨어학과,공학,322,2705600
2012,상명대학교,전기전자제어학과,공학,13,673500
2012,상명대학교,뷰티예술경영학과,인문사회,17,1996100
2012,상명대학교,기술경영공학과,인문사회,25,576000
2012,상명대학교,정보보안전공,공학,27,2973100
2012,상명대학교,휴먼서비스경영학과,인문사회,28,275300
2012,상명대학교,외식유통경영학과,인문사회,34,2981900
2012,상명대학교,생활예술학과,예체능,45,1731000
2012,상명대학교(천안) _분교,리스크관리・보험학과,인문사회,179,3320000
2012,상명대학교(천안) _분교,증권금융학과,인문사회,253,2778400
2012,상명대학교(천안) _분교,만화학과,자연과학,137,3710300
2012,상명대학교(천안) _분교,무대의상ㆍ분장전공(예체능),자연과학,37,3723400
2012,상명대학교(천안) _분교,국방정보공학과,인문사회,40,5430700
2012,상명대학교(천안) _분교,공연영상미술학과,예체능,55,2433500
2012,상명대학교(천안) _분교,문화예술경영학과(예체능),인문사회,113,3711700
2012,서강대학교,일본문화전공,인문사회,21,3089200
2012,서경대학교,금융경제학과(사회과학대학),인문사회,128,3241800
2012,서경대학교,문화콘텐츠학부(인문과학대학),인문사회,100,3407100
2012,서경대학교,금융정보공학과(이공대학),인문사회,198,3291500
2012,서경대학교,생활문화디자인전공,인문사회,57,2881600
2012,서경대학교,산업경영시스템공학과,인문사회,42,3216100
2012,서경대학교,병원행정학과,인문사회,21,1189500
2012,서울과학기술대학교,글로벌경영학과(경영학전공),인문사회,107,3549700
2012,서울과학기술대학교,글로벌융합산업공학과(MSDE전공),공학,74,2925900
2012,서울과학기술대학교,글로벌융합산업공학과(산업정보시스템전공),공학,136,2760200
2012,서울과학기술대학교,글로벌경영학과(글로벌테크노경영전공),인문사회,72,2836500
2012,서울과학기술대학교,전기정보공학과,공학,269,2890400
2012,서울과학기술대학교,글로벌융합산업공학과(ITM전공),공학,42,3247100
2012,서울과학기술대학교,친환경건축시스템공학과,자연과학,28,1134700
2012,서울대학교,바이오시스템・소재학부,자연과학,34,3463400
2012,서울대학교,조경・지역시스템공학부,인문사회,38,2987900
2012,서울대학교,작곡과(이론전공),예체능,38,3208300
2012,서울대학교,응용생물화학부,자연과학,40,3506300
2012,서울대학교,산림과학부,자연과학,42,3366900
2012,서울대학교,식품・동물생명공학부,자연과학,45,3843800
2012,서울대학교,디자인학부(디자인전공),예체능,49,2800600
2012,서울대학교,식물생산과학부(원예생명공학전공),자연과학,55,3971100
2012,서울대학교,작곡과(작곡전공),예체능,56,3479400
2012,서울대학교,조경・지역시스템공학부(지역시스템공학전공),인문사회,58,4182200
2012,서울대학교,조경・지역시스템공학부(조경학전공),인문사회,59,4031800
2012,서울대학교,물리·천문학부(천문학전공),인문사회,29,3303600
2012,서울대학교,아시아언어문명학부,인문사회,10,2201100
2012,서울대학교,농경제사회학부 농업・자원 경제학 전공,인문사회,26,4138700
2012,서울대학교,건축학과(건축공학전공),공학,115,2971500
2012,서울대학교,기악과(현악전공),예체능,116,2540700
2012,서울대학교,건축학과(건축학전공(5년)),공학,163,2879800
2012,서울대학교,물리·천문학부(물리학전공),인문사회,166,4140400
2012,서울대학교,기악과(피아노전공),예체능,106,3372400
2012,서울대학교,바이오시스템・소재학부(바이오시스템공학전공),자연과학,68,4172000
2012,서울대학교,기악과(관악전공),예체능,81,3015000
2012,서울대학교,소비자아동학부(아동가족학전공),인문사회,84,3080800
2012,서울대학교,소비자아동학부(소비자학전공),인문사회,102,2618100
2012,서울여자대학교,현대미술과,예체능,66,2360300
2012,서울장신대학교,아동복지학과(아동복지학),인문사회,11,204500
2012,선문대학교,환경생명화학공학과,자연과학,65,3175200
2012,세종대학교,바이오융합공학과,자연과학,118,2347500
2012,세종대학교,호텔경영전공/호텔관광외식경영학부,인문사회,111,2620800
2012,세종대학교,관광경영전공/호텔관광외식경영학부,인문사회,79,3138000
2012,세종대학교,외식경영전공/호텔관광외식경영학부,인문사회,52,3078700
2012,세종대학교,바이오자원공학과,자연과학,42,3230900
2012,세종대학교,향장뷰티산업학과,공학,28,1659500
2012,세한대학교,해양레저장비학과,자연과학,24,2619600
2012,세한대학교,아동보육상담학과,인문사회,30,3304700
2012,세한대학교,정보물류학과,공학,30,1686700
2012,세한대학교,경호무도비서학과,인문사회,80,4034500
2012,세한대학교,방송영화학과,인문사회,50,2174700
2012,송원대학교,언어재활심리학과,인문사회,43,3537500
2012,순천향대학교,융합기계학과,공학,13,5951500
2012,숭실대학교,혁신경영학과,인문사회,25,7035500
2012,신경주대학교,의료보건학과,자연과학,17,3532900
2012,신경주대학교,공연방송연예학과,인문사회,14,3630600
2012,신경주대학교,외식산업전공,공학,34,2619300
2012,신라대학교,뷰티비즈니스전공,예체능,30,596400
2012,신한대학교,섬유소재공학과,공학,33,2507200
2012,신한대학교,국제어학과,인문사회,118,2100600
2012,신한대학교 _제2캠퍼스,뷰티헬스전공,예체능,48,2055000
2012,신한대학교 _제2캠퍼스,식품조리과학부,자연과학,91,2206200
2012,신한대학교 _제2캠퍼스,공법행정학과,인문사회,109,2567600
2012,신한대학교 _제2캠퍼스,글로벌관광경영학과,인문사회,162,2066200
2012,신한대학교 _제2캠퍼스,글로벌통상경영학과,인문사회,164,2229700
2012,신한대학교 _제2캠퍼스,언론학과,인문사회,39,3058900
2012,신한대학교 _제2캠퍼스,안경광학전공,공학,31,2499700
2012,신한대학교 _제2캠퍼스,국방경영학과,인문사회,10,750000
2012,신한대학교 _제2캠퍼스,안보경영학과,인문사회,10,750000
2012,신한대학교 _제2캠퍼스,외식프랜차이즈경영학과,인문사회,15,3375000
2012,신한대학교 _제2캠퍼스,공공교육복지학과,인문사회,20,3000000
2012,아신대학교,선교중국어학과,인문사회,28,2945900
2012,아주대학교,응용화학생명공학과,자연과학,373,3082800
2012,아주대학교,정보컴퓨터공학과,공학,591,2997100
2012,아주대학교,의학과(예과),의학,62,4362700
2012,아주대학교,소프트웨어융합학과,공학,87,3465100
2012,아주대학교,의학과(본과),의학,89,4721200
2012,아주대학교,금융공학과,인문사회,128,4226800
2012,안양대학교,국제통상유통학과,인문사회,197,2788100
2012,안양대학교 _제2캠퍼스,해양바이오시스템공학과,자연과학,65,2336900
2012,안양대학교 _제2캠퍼스,공공행정학과(3),인문사회,18,1563800
2012,연세대학교,아시아학전공,인문사회,89,5115400
2012,연세대학교,정보・인터랙션 디자인전공,공학,32,7212700
2012,연세대학교,문화・디자인 경영전공,인문사회,49,5435800
2012,영산대학교,건축플랜트학과,공학,112,1859100
2012,영산대학교,기계설계학과,공학,48,2888300
2012,영산대학교,전기전자학과,공학,34,2305200
2012,예원예술대학교,한지조형디자인학과,예체능,44,1945300
2012,예원예술대학교 _제2캠퍼스,만화게임영상학과,예체능,119,2630300
2012,예원예술대학교 _제2캠퍼스,연극영화ㆍ코미디학과,예체능,23,2484700
2012,예원예술대학교 _제2캠퍼스,귀금속보석디자인학과,공학,64,2673100
2012,우석대학교,국방학과,인문사회,10,6440000
2012,우석대학교,공연예술뮤지컬학과,예체능,22,4716700
2012,우석대학교,에코바이오학과,자연과학,45,3051000
2012,우석대학교,국제언어문화학과,인문사회,26,3348700
2012,우송대학교,스포츠재활학과,자연과학,44,3700500
2012,울산과학기술원,에너지 및 화학공학부,자연과학,193,6642100
2012,울산과학기술원,기계 및 신소재공학부,공학,173,5677200
2012,울산과학기술원,기계 및 원자력공학부,공학,130,6263800
2012,울산대학교,스페인・중남미학전공,인문사회,198,2027000
2012,울산대학교,중국어・중국학전공,인문사회,198,2267600
2012,울산대학교,일본어・일본학전공,인문사회,189,1787000
2012,울산대학교,역사・문화학전공,인문사회,188,1654300
2012,울산대학교,아동・가정복지학전공,인문사회,227,1699400
2012,울산대학교,"전기공학부(전기전자공학, 의공학)",공학,247,2563300
2012,울산대학교,의학전공,의학,157,8734600
2012,울산대학교,디지털콘텐츠디자인학전공,예체능,81,2182500
2012,울산대학교,국제학부(자유전공),인문사회,34,2064200
2012,울산대학교,의공학전공,공학,62,3155800
2012,울산대학교,"디자인학부(제품ㆍ환경디자인학, 디지털콘텐츠디자인학)",자연과학,56,2208000
2012,울산대학교,전기에너지공학전공,공학,20,1271200
2012,울산대학교,제품 ・환경디자인학전공,자연과학,81,2107700
2012,울산대학교,프랑스어・프랑스학전공,인문사회,137,1851600
2012,울산대학교,경영학전공(야간),인문사회,126,2063300
2012,울산대학교,주거환경학전공,자연과학,125,1990500
2012,울산대학교,섬유디자인학전공,공학,124,1406600
2012,울산대학교,실내공간디자인학전공,예체능,106,2229800
2012,원광대학교,바이오나노화학부,자연과학,195,3465000
2012,원광대학교,행정・언론학부,인문사회,317,2820400
2012,원광대학교,귀금속보석공예과,공학,85,3428400
2012,원광대학교,스포츠산업・복지학과,공학,83,3044700
2012,원광대학교,가정아동복지학과,인문사회,82,3012800
2012,원광대학교,서예문화예술학과,인문사회,50,3331100
2012,원광대학교,공간환경・산업디자인학과,자연과학,101,2848800
2012,원광대학교,미술과,예체능,104,2726500
2012,원광대학교,시각정보디자인과,공학,104,2975600
2012,위덕대학교,기계전기공학부,공학,62,2758500
2012,유원대학교,스마트디자인학과,예체능,71,2771200
2012,을지대학교 _제2캠퍼스,메디컬뷰티학과,예체능,33,4026200
2012,이화여자대학교,사회복지학전공(신),인문사회,12,4033100
2012,이화여자대학교,패션디자인전공(섬유・패션학부),공학,53,2818400
2012,이화여자대학교,섬유예술전공(섬유・패션학부),공학,74,2504700
2012,인제대학교,토목도시공학부,인문사회,77,2541300
2012,인제대학교,컴퓨터시뮬레이션학과,공학,54,2692400
2012,인제대학교,상담심리치료학과,인문사회,52,3323600
2012,인천가톨릭대학교 _제2캠퍼스,간호학과(4년제),자연과학,37,3709300
2012,인하대학교,융합기술경영학부,인문사회,22,2486300
2012,인하대학교,유기응용재료공학과,공학,214,2583500
2012,인하대학교,글로벌금융학과,인문사회,208,3192900
2012,인하대학교,문화경영학과,인문사회,164,2737800
2012,인하대학교,해양과학과,자연과학,139,2128700
2012,장로회신학대학교,고분자융합소재공학부,공학,68,2535300
2012,장로회신학대학교,식품영양과학부,자연과학,127,3237200
2012,전남대학교 _제2캠퍼스,생명산업공학과,자연과학,47,2364600
2012,전남대학교 _제2캠퍼스,해양바이오식품학과,자연과학,49,3021400
2012,전북대학교,바이오메디컬공학부(헬스케어기기공학전공),자연과학,15,1739400
2012,전북대학교,생명자원융합학과,자연과학,27,1410700
2012,전북대학교,생태조경디자인학과,공학,54,2628000
2012,전북대학교,바이오메디컬공학부(헬스케어정보공학전공),자연과학,11,2777200
2012,전북대학교,농생명과학과,자연과학,86,1200000
2012,전북대학교,컴퓨터공학부 컴퓨터공학전공,공학,129,2667400
2012,전주대학교,스마트정보시스템전공,공학,120,3515700
2012,전주대학교,대체의학전공,의학,85,3213500
2012,전주대학교,역사문화콘텐츠학과,인문사회,161,4360800
2012,전주대학교,기술융합디자인공학과,예체능,138,3401700
2012,제주대학교,화학·코스메틱스학부,자연과학,33,3034600
2012,조선대학교,미술학과(시각문화큐레이터전공),인문사회,59,3790100
2012,조선대학교,미술학과(조소.판화미디어전공),예체능,80,2472300
2012,조선대학교,회화학과(한국화전공),자연과학,51,3396100
2012,조선대학교,생명화학고분자공학과,자연과학,114,3422700
2012,조선대학교,회화학과(서양화전공),자연과학,133,2832600
2012,중부대학교,국제마케팅학과,인문사회,53,2879300
2012,중부대학교,전자출판학과,공학,45,3714800
2012,중부대학교,미디어소프트웨어공학과,공학,39,3059300
2012,중앙대학교,사회기반시스템공학부(건설환경플랜트공학전공),자연과학,221,3533200
2012,중앙대학교,유럽문화학부(러시아어문학전공),인문사회,37,4376500
2012,중앙대학교 _제2캠퍼스,시스템생명공학과,자연과학,96,2639000
2012,중원대학교,방재안전공학과,공학,55,3197500
2012,중원대학교,스포츠건강의학과,의학,64,3613000
2012,중원대학교,의약화학과,자연과학,68,3957800
2012,중원대학교,자원순환환경공학과,자연과학,54,3275800
2012,중원대학교,융합기계·전기전자부품공학과,공학,16,170200
2012,중원대학교,의료정보행정학과,인문사회,110,3840600
2012,중원대학교,한방식품바이오학과,자연과학,109,3526200
2012,차의과학대학교,의료홍보영상학과,인문사회,85,2711400
2012,차의과학대학교,바이오공학과,자연과학,131,1911800
2012,창신대학교,모바일통신공학과,공학,37,2386900
2012,창신대학교,미술디자인학과,예체능,35,3029200
2012,청운대학교,무대예술학과,예체능,28,3455500
2012,청주대학교,항공기계공학과,공학,50,3931600
2012,청주대학교,비주얼아트학과,예체능,19,2827200
2012,총신대학교,중독재활상담학과,자연과학,16,4222300
2012,총신대학교,다문화한국어학과,인문사회,35,282900
2012,추계예술대학교,영상비즈니스과,예체능,77,2768400
2012,추계예술대학교,영상시나리오과,예체능,83,3176500
2012,충남대학교,디자인창의학과,의학,28,2765300
2012,충남대학교,공공안전학전공,공학,39,2399100
2012,충북대학교,테크노산업공학과,공학,28,884900
2012,평택대학교,무역물류학과,인문사회,101,3012400
2012,평택대학교,환경융합시스템학과,자연과학,46,2898800
2012,한국공학대학교,게임공학부(게임공학전공),예체능,155,2607200
2012,한국공학대학교,경영학부(e-비즈니스전공),인문사회,160,2871100
2012,한국공학대학교,전자공학부(전자공학전공),공학,245,2724000
2012,한국공학대학교,컴퓨터공학부(컴퓨터공학전공),공학,251,3204300
2012,한국공학대학교,컴퓨터공학부(소프트웨어전공),공학,76,3693400
2012,한국공학대학교,전자공학부(IT융합전공),공학,67,2725500
2012,한국공학대학교,듀얼산업학부(디지털디자인전공),공학,15,50000
2012,한국공학대학교,지식융합학부(산업융합전공),공학,44,3830600
2012,한국공학대학교,디자인학부(디자인공학전공),예체능,62,2935300
2012,한국공학대학교,디자인학부(융합디자인전공),예체능,59,3010000
2012,한국공학대학교,게임공학부(엔터테인먼트컴퓨팅전공),예체능,50,3857800
2012,한국공학대학교,듀얼산업학부(스마트기계전공),공학,36,69400
2012,한국공학대학교,듀얼산업학부(정보통신기술전공),공학,66,39800
2012,한국과학기술원,기술경영학과(IT경영학),인문사회,26,2450300
2012,한국국제대학교,음악공연학부,예체능,31,2046100
2012,한국국제대학교,부동산 지역개발학과,인문사회,20,1704800
2012,한국방송통신대학교,첨단공학부  산업공학전공,공학,210,1456600
2012,한국방송통신대학교,금융서비스학부  서비스경영전공,인문사회,330,1299800
2012,한국예술종합학교,한국음악작곡과,예체능,22,1668000
2012,한국외국어대학교,중국외교통상학부,인문사회,54,2735800
2012,한국외국어대학교,일본언어문화학부,인문사회,53,2066400
2012,한국외국어대학교,융합일본지역학부,인문사회,33,1564600
2012,한국외국어대학교,TESOL영어학전공,인문사회,21,6483300
2012,한국외국어대학교,영미문학번역전공,인문사회,14,3821300
2012,한국외국어대학교,국제금융학부,인문사회,108,1295700
2012,한국외국어대학교,중앙아시아학과,인문사회,106,2328700
2012,한국외국어대학교,영어통번역학전공,인문사회,78,3849500
2012,한남대학교,컨벤션호텔경영학과,인문사회,229,2701600
2012,한남대학교,중국경제통상학과,인문사회,313,3099600
2012,한남대학교,철학상담학과,인문사회,28,2723400
2012,한서대학교,항공레저산업학과,공학,106,4299600
2012,한서대학교,재활과학기술학과,자연과학,148,3398700
2012,한세대학교,산업보안학과,공학,20,2392800
2012,한신대학교,심리․아동학부,인문사회,42,3491900
2012,한신대학교,수리금융학과,인문사회,45,1870800
2012,한양대학교,간호학전공(야간),자연과학,96,1292700
2012,한양대학교,전기·생체공학부,공학,94,2879000
2012,한양대학교(ERICA) _분교,보험계리학과,인문사회,38,3743000
2012,한양대학교(ERICA) _분교,엔터테인먼트디자인학과,예체능,90,2379000
2012,한양대학교(ERICA) _분교,테크노프로덕트디자인학과,예체능,77,2519700
2012,한양대학교(ERICA) _분교,해양융합과학과,자연과학,72,2470400
2012,한양대학교(ERICA) _분교,건설환경플랜트공학과,자연과학,70,2411800
2012,한양대학교(ERICA) _분교,주얼리ㆍ패션디자인학과,예체능,64,3073100
2012,한양대학교(ERICA) _분교,서피스ㆍ인테리어디자인학과,예체능,64,3221300
2012,한일장신대학교,심리상담학,인문사회,18,6364500
2012,한일장신대학교,미술심리상담학,인문사회,15,7091200
2012,한일장신대학교,전기전자모바일IT공학부,공학,14,5513100
2012,한일장신대학교,한국어.다문화전공,인문사회,12,3278800
2012,한일장신대학교,기계.토목환경공학부,자연과학,12,2073300
2012,한일장신대학교,광고미디어디자인전공,인문사회,10,5273200
2012,한일장신대학교,전통문화전공,인문사회,17,3569900
2012,한일장신대학교,국제관광문화학과,인문사회,21,3698500
2012,한일장신대학교,문화학부,인문사회,29,5082300
2012,협성대학교,유통경영전공,인문사회,184,3270300
2012,협성대학교,호텔・관광경영전공,인문사회,64,2792100
2012,협성대학교,성악・작곡과,예체능,77,3044800
2012,호남대학교,무역경제학과,인문사회,41,3458500
2012,호서대학교,해양IT공학전공,자연과학,29,3189600
2012,호서대학교,모바일소프트웨어전공,공학,146,2751400
2012,호서대학교,디지털기술경영전공,인문사회,73,3135400
2012,호서대학교,게임학전공,예체능,284,3560100
2012,홍익대학교,건설·도시공학부 토목공학전공,인문사회,203,5046000
2012,홍익대학교,정보·컴퓨터공학부,공학,276,2535800
2012,홍익대학교,신소재·화공시스템공학부 화학공학전공,자연과학,303,4723600
2012,홍익대학교,정보·컴퓨터공학부 산업공학전공,공학,317,4127000
2012,홍익대학교,정보·컴퓨터공학부 컴퓨터공학전공,공학,499,4176600
2012,홍익대학교,전자·전기공학부,공학,1012,3847200
2012,홍익대학교,신소재·화공시스템공학부 신소재공학전공,공학,169,5107500
2012,홍익대학교,법학부 사법(비즈니스・정보법)전공,인문사회,40,3538900
2012,홍익대학교,법학부 공법(공공서비스법)전공,인문사회,70,3763500
2012,홍익대학교,산업정보융합학부,공학,80,4539500
2012,홍익대학교,건설·도시공학부,인문사회,154,2449100
2012,홍익대학교,건설·도시공학부 도시공학전공,인문사회,153,4970300
2012,홍익대학교(세종) _분교,게임학부 게임소프트웨어전공(공학계),공학,183,3599900
2012,홍익대학교(세종) _분교,상경학부 금융보험학전공,인문사회,200,3734100
2012,홍익대학교(세종) _분교,건축공학부 건축학전공(5년제),공학,212,4364600
2012,홍익대학교(세종) _분교,디자인·영상학부 애니메이션전공,예체능,219,3789600
2012,홍익대학교(세종) _분교,게임학부 게임그래픽디자인전공(미술계),예체능,234,3843500
2012,홍익대학교(세종) _분교,디자인·영상학부 디지털미디어디자인전공,예체능,267,4821100
2012,홍익대학교(세종) _분교,디자인·영상학부 프로덕트디자인전공,예체능,273,4102900
2012,홍익대학교(세종) _분교,디자인·영상학부 커뮤니케이션디자인전공,예체능,288,4136700
2012,홍익대학교(세종) _분교,전자·전기공학과,공학,347,3611300
2012,홍익대학교(세종) _분교,디자인·영상학부 영상·영화전공,예체능,175,4579800
2012,홍익대학교(세종) _분교,재료공학부 세라믹공학전공,공학,74,5336000
2012,홍익대학교(세종) _분교,재료공학부 금속공학전공,공학,95,4806200
2012,홍익대학교(세종) _분교,상경학부 회계학전공,인문사회,165,3749300
2012,홍익대학교(세종) _분교,상경학부 국제경영(중국·일본)전공,인문사회,162,3949300
2012,가천대학교,미술·디자인학부(디자인),예체능,108,3102100
2012,가천대학교,금융수학과,인문사회,40,1975200
2012,가톨릭관동대학교,스포츠경영관리학전공,인문사회,26,0
2012,가톨릭관동대학교,글로벌어문학부,인문사회,82,593900
2012,가톨릭관동대학교,미디어문학전공,인문사회,107,3343600
2012,강남대학교,신산업융합학부,공학,16,4939100
2012,강서대학교,웨딩파티산업경영학과,인문사회,23,879900
2012,강원대학교,건축학전공(5년제),공학,79,1882500
2012,강원대학교,산림경영학전공,인문사회,41,1736000
2012,강원대학교,지구물리학전공,자연과학,44,2670800
2012,강원대학교,축산과학전공,자연과학,53,2641300
2012,강원대학교,축산식품과학전공,자연과학,56,2127300
2012,강원대학교,산림바이오소재공학전공,자연과학,37,1299400
2012,강원대학교,산림자원학전공,자연과학,29,1747600
2012,강원대학교,산림환경보호학전공,자연과학,28,1697300
2012,강원대학교,기계의용공학전공,공학,28,1754300
2012,강원대학교,농생명산업학과,자연과학,20,2375200
2012,강원대학교,동물생명시스템전공,자연과학,14,2255400
2012,강원대학교 _제2캠퍼스,건축시스템공학과,공학,38,1854300
2012,강원대학교 _제2캠퍼스,에너지화학공학전공,자연과학,40,2735100
2012,강원대학교 _제2캠퍼스,환경해양건설공학과,자연과학,63,2466100
2012,건국대학교,현대미술학과,예체능,164,2772000
2012,경동대학교,외식사업경영학과,인문사회,30,2679200
2012,경동대학교,관광항공경영학과,인문사회,33,2570600
2012,경북대학교,"응용화학공학부(응용화학전공, 화학공학전공)",자연과학,90,3649300
2012,경북대학교,생태환경관광학부(생물응용전공),인문사회,100,3078800
2012,경북대학교,"산림과학.조경학부(임학전공,임산공학전공,조경학전공)",자연과학,75,2587300
2012,경북대학교,"나노소재공학부(에너지화공전공,신소재공학전공)",공학,79,3093600
2012,경북대학교,"지구시스템과학부(지질학전공, 천문대기과학전공, 해양학전공)",자연과학,82,2283300
2012,경북대학교,과학기술생명자원자율학부,자연과학,197,2773300
2012,경북대학교,응용화학공학부 응용화학전공,자연과학,53,2229400
2012,경북대학교,"사회복지학부(사회복지미시전공, 사회복지거시전공)",인문사회,52,2392300
2012,경북대학교,축산생명공학과,자연과학,51,3157000
2012,경북대학교,"농업토목.생물산업공학부(농업토목공학전공,생물산업기계공학전공)",공학,46,2800400
2012,경상국립대학교,해양식품생명의학과,의학,54,2310700
2012,경상국립대학교,농화학식품공학과,자연과학,63,2596900
2012,경상국립대학교,축산생명학과,자연과학,63,3173600
2012,경상국립대학교,건축도시토목공학부,인문사회,131,2042900
2012,경상국립대학교,기계항공정보융합공학부(항공우주 및 소프트웨어공학전공),공학,117,3014700
2012,경상국립대학교,기계항공정보융합공학부,공학,155,2835600
2012,경성대학교,영상애니메이션학부,예체능,50,3639900
2012,경성대학교,글로컬문화학부,인문사회,87,2703600
2012,경성대학교,법행정정치학부,인문사회,149,2615700
2012,경성대학교,인문문화학부,인문사회,148,2410900
2012,경성대학교,건설환경도시공학부,인문사회,141,2771200
2012,경운대학교,보건바이오학과,자연과학,37,3900800
2012,경운대학교,관광호텔외식경영전공,인문사회,14,3622200
2012,경희대학교,의예과(자연계열),자연과학,75,1954700
2012,경희대학교,치의예과(자연계열),자연과학,54,1914800
2012,경희대학교,국제통상·금융투자학과,인문사회,50,3448000
2012,경희대학교,문화관광산업학과,인문사회,38,3759200
2012,경희대학교,지리학과(자연계열),인문사회,232,3391600
2012,경희대학교,한의예과(자연계열),자연과학,213,2544100
2012,계명대학교,디지펜복수학위전공,자연과학,19,11742400
2012,계명대학교,스페인어중남미학전공,인문사회,151,3298400
2012,계명대학교,지구환경학전공,자연과학,156,3144200
2012,계명대학교,사진미디어전공,예체능,125,2955000
2012,계명대학교,중국어문학전공,인문사회,85,3017400
2012,계명대학교,연극뮤지컬전공,예체능,110,3371100
2012,계명대학교,생태조경학전공,공학,119,3304700
2012,계명대학교,공중보건학전공,자연과학,219,3137200
2012,계명대학교,세무학전공,인문사회,191,2698800
2012,계명대학교,한국문화정보학전공,인문사회,191,3135100
2012,계명대학교,전자무역학전공,인문사회,186,2634000
2012,계명대학교,게임모바일공학전공,예체능,181,5785000
2012,광주교육대학교,컴퓨터정보공학부 정보통신학전공,공학,25,3450900
2012,광주교육대학교,생명건강과학과,자연과학,25,4903000
2012,국립경국대학교,전자공학교육과,인문사회,122,2547200
2012,국립군산대학교,기계자동차조선해양공학부(자동차공학전공),자연과학,36,3857700
2012,국립군산대학교,동아시아학부(일어일문학전공),인문사회,35,2897400
2012,국립군산대학교,식품생명과학부(식품영양학전공),자연과학,34,3102400
2012,국립군산대학교,IT정보제어공학부(IT융합통신공학전공),공학,34,3562800
2012,국립군산대학교,해양생명응용과학부(수산생명의학전공),의학,34,2756400
2012,국립군산대학교,기계자동차조선해양공학부(기계공학전공),자연과학,33,4076600
2012,국립군산대학교,식품생명과학부(식품생명공학전공),자연과학,31,3212900
2012,국립군산대학교,기계자동차조선해양공학부(조선해양공학전공),자연과학,29,3659900
2012,국립군산대학교,동아시아학부(중어중문학전공),인문사회,28,2690400
2012,국립군산대학교,해양생명응용과학부(해양생명과학전공),자연과학,27,3257800
2012,국립군산대학교,역사철학부(역사전공),인문사회,22,2976000
2012,국립군산대학교,사회환경디자인공학부(주거및실내계획전공),자연과학,21,2802700
2012,국립군산대학교,역사철학부(철학전공),인문사회,21,2268000
2012,국립군산대학교,자율전공학과(인문사회계열),인문사회,10,243200
2012,국립군산대학교,사회환경디자인공학부(건축전공),자연과학,37,3232500
2012,국립군산대학교,IT정보제어공학부(정보제어공학전공),공학,38,3608200
2012,국립군산대학교,컴퓨터정보통신공학부(컴퓨터정보공학전공),공학,63,3715600
2012,국립군산대학교,행정경제학부,인문사회,59,2380200
2012,국립군산대학교,컴퓨터정보통신공학부(정보통신공학전공),공학,53,3269200
2012,국립군산대학교,해양생명응용과학부(해양생물공학전공),자연과학,46,3183500
2012,국립군산대학교,사회환경디자인공학부(해양건설공학전공),자연과학,44,3006600
2012,국립군산대학교,기계자동차조선해양공학부(기계설계전공),자연과학,41,3562700
2012,국립금오공과대학교,화학소재융합학부,자연과학,170,2610700
2012,국립목포해양대학교,오션파워·해양안전학부,자연과학,99,2383200
2012,국립목포해양대학교,항해정보시스템학부,공학,68,2107400
2012,국립목포해양대학교,해양메카트로닉스학부,자연과학,67,2010300
2012,국립부경대학교,자원ㆍ정보경제학전공,인문사회,19,0
2012,국립순천대학교,정보통신·멀티미디어공학부(멀티미디어공학전공),공학,97,3115500
2012,국립순천대학교,고분자·화학공학부(고분자공학전공),자연과학,88,3119900
2012,국립순천대학교,정보통신·멀티미디어공학부,공학,70,3094900
2012,국립순천대학교,고분자·화학공학부,자연과학,65,2689800
2012,국립순천대학교,정보통신·멀티미디어공학부(정보통신공학전공),공학,97,2959400
2012,국립순천대학교,전기전자공학부(전기전공),공학,132,2896000
2012,국립순천대학교,고분자·화학공학부(화학공학전공),자연과학,128,3238000
2012,국립순천대학교,전기전자공학부(전자전공),공학,110,3042600
2012,국립순천대학교,식품과학부(식품영양학전공),자연과학,113,3404600
2012,국립창원대학교,신산업융합학과(야),공학,34,983700
2012,국립창원대학교,문화테크노학과,인문사회,50,1791700
2012,국립창원대학교,생물학화학융합학부,자연과학,56,2514800
2012,국립창원대학교,생명보건학부,자연과학,66,2289900
2012,국립창원대학교,산업조선해양공학부,자연과학,66,2797900
2012,국립창원대학교,토목환경화공융합공학부,자연과학,117,2500400
2012,국립한국해양대학교,조선기자재공학전공,공학,148,2920500
2012,국립한국해양대학교,해양환경학과,자연과학,99,2998100
2012,국립한국해양대학교,전자소재공학전공,공학,117,2943800
2012,국립한밭대학교,기계공학과(공학),공학,99,2593100
2012,국민대학교,스포츠건강재활전공,자연과학,53,4664400
2012,국민대학교,스포츠교육전공,인문사회,47,3964900
2012,국민대학교,기업융합법학과,인문사회,45,3528300
2012,국민대학교,스포츠산업・레저전공,공학,34,3834000
2012,국민대학교,융합기계공학전공,공학,63,4017300
2012,국민대학교,빅데이터경영통계전공,인문사회,69,3730100
2012,극동대학교,드라마특수영상전공,인문사회,18,4576100
2012,극동대학교,반도체장비공학과,공학,24,2898700
2012,금강대학교,국제통상통역학과,인문사회,67,8487000
2012,김천대학교,영어·글로벌경영학과,인문사회,18,6368700
2012,김천대학교,보건건강관리학과(보건건강관리전공),자연과학,51,1698300
2012,나사렛대학교,캐릭터디자인학과,예체능,140,3796900
2012,나사렛대학교,국제금융부동산학과,인문사회,115,2493800
2012,남서울대학교,세무부동산학과,인문사회,126,273400
2012,남서울대학교,유리조형디자인학과,예체능,256,5005400
2012,남서울대학교,뷰티보건학과,자연과학,31,4558600
2012,남서울대학교,일본지역전공,인문사회,49,3877000
2012,남서울대학교,중국지역전공,인문사회,56,4423300
2012,단국대학교,마이스터경영학과,인문사회,32,4463000
2012,대구가톨릭대학교,중어중국학전공,인문사회,157,2898700
2012,대구가톨릭대학교,실무영어전공,인문사회,156,2829100
2012,대구가톨릭대학교,수리정보과학과,공학,102,2795600
2012,대구가톨릭대학교,스페인어전공,인문사회,101,3267500
2012,대구가톨릭대학교,러시아어전공,인문사회,99,2781900
2012,대구가톨릭대학교,경제금융부동산전공,인문사회,131,2523200
2012,대구가톨릭대학교,금속・주얼리디자인과,공학,60,3130600
2012,대구가톨릭대학교,패션디자인과(예체능),예체능,40,2761900
2012,대구대학교,기계융복합공학과,공학,20,4366000
2012,대구대학교,과학교육학부(지구과학교육전공),인문사회,32,3550700
2012,대구한의대학교,다문화복지한국어학과,인문사회,19,2846100
2012,대구한의대학교,산림비즈니스학과,자연과학,15,465600
2012,대구한의대학교,IT의료산업학전공,공학,32,3347100
2012,대구한의대학교,소방방재환경전공,자연과학,32,3060000
2012,대구한의대학교,동양문화학과,인문사회,32,293000
2012,대구한의대학교,산림조경학전공,자연과학,31,3186500
2012,대구한의대학교,방재안전관리전공,공학,29,2994300
2012,대구한의대학교,친환경건축학전공,자연과학,28,3050800
2012,대구한의대학교,데이터경영학전공,인문사회,28,2531000
2012,대구한의대학교,시각미디어디자인학과,예체능,38,3821500
2012,대구한의대학교,뷰티케어산업학과,공학,41,2787400
2012,대구한의대학교,평생교육융합학과,인문사회,40,870700
2012,대전대학교,국제언어학과,인문사회,119,2934400
2012,대전대학교,전자·정보통신공학과,공학,97,2948600
2012,대전대학교,서예디자인전공,예체능,39,3937100
2012,대전대학교,정치미디어학과,인문사회,26,2985800
2012,대진대학교,역사·문화콘텐츠학부,인문사회,286,3285000
2012,대진대학교,사회복지보육학과,인문사회,11,4589500
2012,동국대학교(WISE) _분교,신소재화학과(자연),자연과학,85,2227300
2012,동명대학교,불교문화콘텐츠학과,인문사회,83,3403100
2012,동서대학교,영화과(인문사회계열),인문사회,131,4133200
2012,동아대학교,건축학과 건축학전공(5년제),공학,83,0
2012,동아대학교,음악학과 성악ㆍ작곡전공,예체능,25,3518100
2012,동아대학교,음악학과 피아노전공,예체능,21,3610100
2012,동아대학교,건축학과 실내건축디자인전공,공학,20,0
2012,동아대학교,음악학과 관현악전공,예체능,19,3637200
2012,동아대학교,음악학과 실용음악전공,예체능,38,3461100
2012,동아대학교,철학생명의료윤리학과,인문사회,57,4120500
2012,동아대학교,도시계획공학과,인문사회,52,3639000
2012,동아대학교,조선해양플랜트공학과,자연과학,41,2859900
2012,동의대학교,디지털영상공학부,예체능,104,4359600
2012,동의대학교,컴퓨터응용공학부,공학,103,3930100
2012,동의대학교,국어국문・문예창작학과,인문사회,63,3682000
2012,명지대학교 _제2캠퍼스,법무정책학과,인문사회,18,5044900
2012,배재대학교,관광·호텔·이벤트·컨벤션경영학부,인문사회,123,3672600
2012,백석대학교,문화예술학부 실용음악전공,인문사회,367,4905900
2012,부산대학교,조경학과(한국조경사회),공학,16,0
2012,부산대학교,전기컴퓨터공학부,공학,214,3073700
2012,부산대학교,화공생명.환경공학부,자연과학,95,3711200
2012,부산외국어대학교,국제비서·세무학부,인문사회,78,2395200
2012,부산외국어대학교,중국학부(커뮤니케이션중국어전공),인문사회,53,3364600
2012,부산외국어대학교,법·경찰학부(경찰행정전공),인문사회,63,2717700
2012,부산외국어대학교,중남미학부(스페인어전공),인문사회,36,3877300
2012,부산외국어대학교,프랑스ㆍ이탈리아학부,인문사회,36,2890100
2012,부산외국어대학교,러시아·중앙아시아학부(러시아언어통상전공),인문사회,74,3245300
2012,부산외국어대학교,일본어창의융합학부,인문사회,143,3204200
2012,부산외국어대학교,동남아시아학부,인문사회,165,4067200
2012,부산외국어대학교,국제무역유통학부,인문사회,84,2866100
2012,부산외국어대학교,경제데이터금융학부,인문사회,88,2513200
2012,부산외국어대학교,중국학부(중국지역통상전공),인문사회,44,3132100
2012,부산외국어대학교,언어처리창의융합학과,인문사회,10,6599200
2012,부산외국어대학교,인도학부(인도지역통상전공),인문사회,20,3393500
2012,부산외국어대학교,유럽학부(독일어전공),인문사회,14,3168800
2012,부산외국어대학교,러시아·중앙아시아학부(터키·중앙아시아어전공),인문사회,29,2600600
2012,부산외국어대학교,프랑스ㆍ이탈리아학부(프랑스어전공),인문사회,15,3635900
2012,부산외국어대학교,유럽학부(EU지역통상전공),인문사회,20,4221300
2012,부산외국어대학교,법·경찰학부(법학전공),인문사회,39,1799200
2012,부산외국어대학교,중국학부(중국언어문화콘텐츠전공),인문사회,37,2690200
2012,부산외국어대학교,프랑스ㆍ이탈리아학부(이탈리아어전공),인문사회,17,3697500
2012,삼육대학교,동물생명자원학과,자연과학,55,2957500
2012,삼육대학교,환경디자인원예학과,자연과학,75,2643200
2012,상명대학교,음악예술경영학과,인문사회,16,2190400
2012,상명대학교,미디어콘텐츠경영학과,인문사회,17,1858000
2012,상명대학교,관광서비스경영학과,인문사회,26,2257100
2012,상명대학교,한일문화콘텐츠학과,인문사회,38,2889400
2012,상지대학교,법부동산학부 법학전공,인문사회,148,2622900
2012,상지대학교,법부동산학부 부동산학전공,인문사회,91,2699700
2012,서울대학교,기계항공공학부(기계공학전공),공학,107,4708100
2012,서울대학교,기계항공공학부(우주항공공학전공),공학,31,2964600
2012,서울한영대학교,음악과(피아노전공),예체능,12,4113200
2012,서원대학교,융합디자인학과,예체능,184,2532300
2012,서원대학교,유통경제정보학과,인문사회,211,2904900
2012,선문대학교,기계ICT융합공학부,공학,225,3512500
2012,선문대학교,국제경제통상학과,인문사회,61,2768600
2012,선문대학교,상담심리사회복지학과,인문사회,100,4824900
2012,선문대학교,건축사회환경학부,자연과학,93,3349000
2012,성결대학교,동아시아물류학부,인문사회,86,2767400
2012,성균관대학교,화학공학/고분자공학부,자연과학,256,3689200
2012,성균관대학교,글로벌바이오메디컬엔지니어링학과,자연과학,27,9154900
2012,세명대학교,한방바이오융합과학부,자연과학,72,3198300
2012,세명대학교,미디어문화학부,인문사회,41,3418800
2012,세명대학교,한방바이오융합학과,자연과학,53,4101900
2012,세명대학교,경찰.공공행정학부,인문사회,113,3846000
2012,세종대학교,생명시스템학부,자연과학,171,1967200
2012,세종대학교,환경에너지공간융합학과,자연과학,155,2541200
2012,세종대학교,외식경영학전공/호텔관광외식경영학부,인문사회,84,2740300
2012,세종대학교,물리천문학과,인문사회,67,1826700
2012,세종대학교,법과사회전공/자유전공학부,인문사회,39,3569300
2012,세한대학교,공간문화컨텐츠학과,인문사회,35,1086700
2012,송원대학교,재활보건관리학과,자연과학,36,3138500
2012,송원대학교,언어치료심리학과,인문사회,25,3946400
2012,순천향대학교,자동차산업공학과,공학,11,3651200
2012,숭실대학교,예술창작학부 영화예술전공,예체능,40,2610200
2012,숭실대학교,스마트시스템소프트웨어학과,공학,54,3349200
2012,숭실대학교,소프트웨어학부,공학,84,5061700
2012,숭실대학교,전자정보공학부 전자공학전공,공학,103,1923100
2012,숭실대학교,전자정보공학부 IT융합전공,공학,108,2137600
2012,숭실대학교,예술창작학부 문예창작전공,인문사회,144,3334000
2012,신경주대학교,보건의료관광학과,인문사회,34,4463400
2012,신경주대학교,실용음악공연학과,예체능,24,5969100
2012,신경주대학교,시각예술디자인학과,예체능,16,2915700
2012,신라대학교,국제관광학부,인문사회,122,2724100
2012,신라대학교,바이오산업학부,자연과학,82,6433100
2012,신라대학교,웰빙체육학부,예체능,62,3730900
2012,신라대학교,문예창작비평학과,인문사회,35,2728100
2012,아신대학교,기독교교육상담학과,인문사회,45,3073500
2012,아신대학교,선교문화복지학과,인문사회,29,3154200
2012,아주대학교,국방디지털융합학과,인문사회,19,14279500
2012,연세대학교,융합인문사회계열(HASS계열),인문사회,138,3744800
2012,연세대학교(미래) _분교,디지털아트학전공,예체능,11,2214500
2012,연세대학교(미래) _분교,재활보건학전공,자연과학,18,3223800
2012,영남대학교,산림자원및조경학과,자연과학,72,3122600
2012,영남대학교,새마을국제개발학과,인문사회,40,3627200
2012,영남대학교,모바일정보통신공학과,공학,91,3512900
2012,영남대학교,화학생화학부,자연과학,87,3782900
2012,영남신학대학교,문화복지재활학과,인문사회,19,3892800
2012,영산대학교,행정전공,인문사회,126,2612400
2012,영산대학교 _제2캠퍼스,게임ㆍ영화학부,자연과학,40,3167900
2012,영산대학교 _제2캠퍼스,일본비즈니스학과,인문사회,134,2053900
2012,영산대학교 _제2캠퍼스,게임ㆍ콘텐츠전공,예체능,64,2796400
2012,영산대학교 _제2캠퍼스,방송전공,인문사회,81,2600400
2012,영산대학교 _제2캠퍼스,해양레저관광학과,인문사회,122,3341200
2012,예원예술대학교,미디어예술학과,예체능,17,2770700
2012,예원예술대학교,미술조형학과,예체능,14,1706700
2012,용인대학교,뮤지컬·실용음악과,예체능,30,2963100
2012,우석대학교,군사안보학과,인문사회,35,2515900
2012,우석대학교,군상담심리학과,인문사회,15,6893300
2012,우송대학교,철도건설시스템학부,공학,262,3185300
2012,우송대학교,사회복지・아동학부 사회복지전공,인문사회,245,3697900
2012,우송대학교,IT융합학부 컴퓨터정보·보안전공,공학,242,2873400
2012,우송대학교,뷰티디자인경영학과,인문사회,267,2950300
2012,우송대학교,국제경영학부 국제경영전공,인문사회,449,2931500
2012,우송대학교,솔브릿지경영학부,인문사회,602,4449100
2012,우송대학교,사회복지・아동학부 아동복지전공,인문사회,192,2601200
2012,우송대학교,금융∙세무경영학과,인문사회,176,2999500
2012,우송대학교,철도공학과,공학,19,3935400
2012,우송대학교,글로벌철도융합학과,공학,29,3536600
2012,우송대학교,글로벌의료서비스경영학과,인문사회,30,3204900
2012,우송대학교,국제경영학부 글로벌비즈니스전공,인문사회,32,3613400
2012,우송대학교,스포츠건강재활학부 스포츠재활전공,자연과학,65,4068900
2012,우송대학교,글로벌자유전공학부 중국전공,인문사회,87,2575400
2012,우송대학교,IT융합학부 IT경영전공,인문사회,163,2841400
2012,우송대학교,스포츠건강재활학부 스포츠건강관리전공,자연과학,150,4940300
2012,원광대학교,원예산업학과,자연과학,59,2921500
2012,원광대학교,식품·환경학부,자연과학,70,2380200
2012,위덕대학교,반도체전자공학전공,공학,19,5188100
2012,위덕대학교,사이버경찰보안전공,공학,10,2173000
2012,유원대학교,자동차소프트웨어학과,공학,33,2231700
2012,유원대학교,경찰소방행정학부,인문사회,227,3937900
2012,을지대학교 _제2캠퍼스,의료산업학과,공학,16,3722800
2012,을지대학교 _제2캠퍼스,스포츠지도경영학과,인문사회,24,3138300
2012,을지대학교 _제2캠퍼스,미용화장품과학과,예체능,41,3046400
2012,이화여자대학교,화학생명분자과학부,자연과학,161,3577500
2012,이화여자대학교,글로벌건강간호학전공,자연과학,21,4527000
2012,이화여자대학교,화학신소재공학전공,자연과학,64,3701800
2012,인제대학교,전자IT기계자동차공학부,공학,163,2205300
2012,인제대학교,글로벌 경영학부,인문사회,115,1948800
2012,인제대학교,글로벌 경제통상학부,인문사회,100,2151000
2012,인천대학교,일본통상전공,인문사회,28,3723800
2012,인천대학교,러시아통상전공,인문사회,31,5627100
2012,인천대학교,동북아국제통상학부,인문사회,44,4920800
2012,인천대학교,중국통상전공,인문사회,55,4262300
2012,전남대학교,건축도시설계전공(5년),인문사회,58,0
2012,전남대학교,시스템생명공학전공,자연과학,49,0
2012,전남대학교,농식품생명화학부,자연과학,94,2786800
2012,전남대학교 _제2캠퍼스,융합기술공학부 자동차융합기술공학전공,공학,17,3205600
2012,전남대학교 _제2캠퍼스,전자공학부(융합IT공학전공),공학,18,2256700
2012,전남대학교 _제2캠퍼스,전자공학부(나노전자공학전공),공학,26,2985300
2012,전남대학교 _제2캠퍼스,전자공학부(제어로봇공학전공),공학,27,2313500
2012,전남대학교 _제2캠퍼스,전자공학부(정보통신공학전공),공학,57,2470100
2012,전주대학교,물류무역학과,인문사회,59,13534400
2012,전주대학교,예술심리치료학과,인문사회,123,4399400
2012,전주대학교,영화방송제작학과,인문사회,38,4048700
2012,정석대학,관광식품외식학과,인문사회,23,4873600
2012,정석대학,스포츠학부 스포츠재활학과,자연과학,11,0
2012,조선대학교,미술학과(현대조형미디어전공),예체능,83,2988300
2012,조선대학교,의예과(자연과학),자연과학,89,3237700
2012,조선대학교,미술학과 시각문화큐레이터전공,인문사회,54,3874600
2012,조선대학교,치의예과(자연과학),자연과학,57,4161100
2012,조선대학교,공연예술무용과,예체능,105,3211900
2012,중부대학교,컴퓨터·게임학과,공학,56,2982000
2012,중앙대학교,경영학부(글로벌금융전공),인문사회,148,4177400
2012,중원대학교,뷰티헬스학과,예체능,26,3613700
2012,중원대학교,법무법학과,인문사회,71,3511800
2012,중원대학교,의약바이오학과,자연과학,38,3948300
2012,차의과학대학교,보건의료산업학과,자연과학,128,3199200
2012,청운대학교,방송영화영상학과,인문사회,81,4912900
2012,청운대학교,패션뷰티디자인학과,예체능,12,5830200
2012,청주대학교,국방안보학과,인문사회,15,3786500
2012,청주대학교,정치안보국제학과,인문사회,108,4250000
2012,충남대학교,동물자원과학부,자연과학계열,63,2192700
2012,충남대학교,전파정보통신공학과,공학,67,2574900
2012,한국공학대학교,스마트기계공학과,공학,112,19000
2012,한국공학대학교,정보통신기술공학과,공학,133,14100
2012,한국공학대학교,산업융합학과,공학,58,4095000
2012,한국과학기술원,전산학부,공학,281,7287300
2012,한국과학기술원,전기및전자공학부,공학,472,7381000
2012,한국국제대학교,사회복지상담심리학부,인문사회,51,2144400
2012,한국국제대학교,항공부품공학과,공학,38,2102600
2012,한국국제대학교,기전융합공학과,공학,40,0
2012,한국방송통신대학교,금융서비스학부,인문사회,311,855800
2012,한국방송통신대학교,금융서비스학부  회계금융전공,인문사회,147,1757500
2012,한국외국어대학교,컴퓨터.전자시스템공학부,공학,56,1670800
2012,한국외국어대학교,국제금융전공,인문사회,116,2518900
2012,한국외국어대학교,방송.영상.뉴미디어전공,인문사회,23,2483000
2012,한국외국어대학교,중국외교통상전공,인문사회,42,3731000
2012,한국외국어대학교,융합일본지역전공,인문사회,25,2836500
2012,한국외국어대학교,컴퓨터.전자시스템공학전공,공학,49,2986000
2012,한국외국어대학교,광고.PR.브랜딩전공,인문사회,47,2379800
2012,한국외국어대학교,영미문학.문화학과,인문사회,69,871400
2012,한국항공대학교,항공전자정보공학부,공학,467,2823900
2012,한남대학교,컴퓨터통신무인기술학과,공학,175,2831000
2012,한남대학교,국어국문·창작학과,인문사회,85,3590600
2012,한남대학교,일본·프랑스어문학과,인문사회,76,3386800
2012,한남대학교,역사·철학상담학과,인문사회,65,2989800
2012,한남대학교,글로벌 IT 경영전공,인문사회,58,3357800
2012,한남대학교,정치·언론·국방학과,인문사회,42,3838100
2012,한남대학교,법무법학전공,인문사회,33,4194400
2012,한남대학교,화공신소재공학과,공학,102,3209300
2012,한림대학교,융합소프트웨어학과,공학,174,4317700
2012,한서대학교,"식품,화공생명공학과",자연과학,47,3929100
2012,한서대학교,"영화영상학과(연출, 스텝, 연기)",예체능,112,3160500
2012,한양대학교(ERICA) _분교,재료화학공학과,자연과학,102,3719400
2012,한중대학교,전통문화학과,인문사회,27,4704300
2012,한중대학교,야구산업학과,공학,14,4988800
2012,호서대학교,문화기획전공,인문사회,151,4515600
2012,호서대학교,한국언어문화전공,인문사회,37,3168200
2016,가야대학교(김해),항공경영학과,인문사회,50,3299000
2016,가야대학교(김해),방송제작학과,인문사회,45,4103300
2016,가야대학교(김해),중국문화관광학과,인문사회,39,3154900
2016,강남대학교,독일음악학부,인문사회,20,3668100
2016,강서대학교,간호학부(간호학전공),자연과학,43,6406400
2016,강원대학교,에코환경과학전공,자연과학,34,1976600
2016,강원대학교,바이오자원환경학전공,자연과학,31,1555500
2016,강원대학교 _제2캠퍼스,지구환경시스템공학과,자연과학,54,2330000
2016,건국대학교,리빙디자인학과,예체능,97,2503200
2016,건국대학교,글로벌통상·소비자전공,인문사회,38,4403500
2016,건국대학교,영화·애니메이션학과,예체능,100,4030900
2016,건국대학교,융합생명특성학과,자연과학,168,3828500
2016,건국대학교,생명과학특성학과,자연과학,208,3011600
2016,건국대학교,시스템생명특성학과,자연과학,120,2728100
2016,건국대학교,사회환경플랜트공학과,자연과학,115,3613900
2016,건양대학교,디지털콘텐츠디자인학부,예체능,27,4434700
2016,건양대학교,글로벌호텔관광학과,인문사회,43,3496600
2016,경기대학교,디자인비즈학부 장신구・금속디자인학과,공학,21,2869500
2016,경기대학교,디자인비즈학부 산업디자인과,공학,22,4301000
2016,경기대학교,디자인비즈학부 시각정보디자인학과,공학,23,3551300
2016,경기대학교,서양화·미술경영학과,인문사회,43,2425300
2016,경기대학교 _제2캠퍼스,외식조리과학과,자연과학,52,2243100
2016,경남대학교,식품영양생명학과,자연과학,102,3234000
2016,경북대학교,산림과학.조경학부 임학전공,자연과학,18,2854700
2016,경북대학교,산림과학.조경학부 임산공학전공,자연과학,17,2952300
2016,경북대학교,농업토목.생물산업공학부 생물산업기계공학전공,공학,12,2874300
2016,경북대학교,응용화학공학부 화학공학전공,자연과학,44,4456800
2016,경북대학교,지구시스템과학부 해양학전공,자연과학,41,3095200
2016,경북대학교,지구시스템과학부 지질학전공,자연과학,22,2794500
2016,경북대학교,지구시스템과학부 천문대기과학전공,자연과학,22,2783200
2016,경북대학교,산림과학.조경학부 조경학전공,자연과학,27,2966600
2016,경상국립대학교,기계항공정보융합공학부(기계공학전공),공학,36,4247200
2016,경상국립대학교,부동산법무학과,인문사회,37,354200
2016,경상국립대학교,지역환경기반공학전공,인문사회,18,3655300
2016,경성대학교,건축디자인학부,공학,63,2728000
2016,경성대학교,제품디자인학전공,예체능,12,2677200
2016,경성대학교,산업경영전공,인문사회,10,3172700
2016,경성대학교,화학생명과학부,자연과학,88,3140500
2016,경성대학교,수학응용통계학부,자연과학,77,3071400
2016,경성대학교,인테리어디자인학전공,예체능,92,3475100
2016,경인교육대학교,초등유아교육과(심화과정),인문사회,65,2654500
2016,경일대학교,조리산업학과,공학,30,5945600
2016,계명대학교,디지펜게임공학전공,예체능,24,15333300
2016,광운대학교,정보콘텐츠학과,공학,17,4766900
2016,광주가톨릭대학교,전기전자컴퓨터전공,공학,16,12130300
2016,광주대학교,국제물류무역학과,인문사회,31,4333300
2016,국립강릉원주대학교,해양분자생명과학과,자연과학,33,2678000
2016,국립군산대학교,행정경제학부(행정학전공),인문사회,30,0
2016,국립군산대학교,행정경제학부(경제학전공),인문사회,26,0
2016,국립금오공과대학교,정보전자전공,공학,34,3290100
2016,국립금오공과대학교,전자IT융합전공,공학,13,1765000
2016,국립금오공과대학교,[화학소재]환경공학전공,자연과학,27,2412100
2016,국립금오공과대학교,[화학소재]에너지화학공학전공,자연과학,29,3665600
2016,국립금오공과대학교,[화학소재]응용화학전공,자연과학,39,3049800
2016,국립금오공과대학교,전자통신전공,공학,19,2781200
2016,국립금오공과대학교,전자및전파전공,공학,18,1758400
2016,국립금오공과대학교,[화학소재]고분자공학전공,자연과학,33,3307700
2016,국립금오공과대학교,소재디자인공학전공,예체능,32,1742600
2016,국립목포대학교,친환경바이오융합학과,자연과학,119,2729700
2016,국립목포대학교,기계·신소재공학과,공학,38,2621700
2016,국립목포대학교,기계・신소재공학과(기계공학심화트랙),공학,18,3495600
2016,국립목포대학교,고고인류문화학과,인문사회,34,2143900
2016,국립목포대학교,건축토목공학과,공학,34,2377700
2016,국립목포대학교,건축토목공학과(건축공학심화트랙),공학,16,2741900
2016,국립목포대학교,건축토목공학과(토목공학트랙),공학,13,2803100
2016,국립목포대학교,기계・신소재공학과(신소재공학트랙),공학,12,2452300
2016,국립목포대학교,전기및제어공학과,공학,66,3169600
2016,국립목포해양대학교,기관·해양경찰학부,자연과학,187,2410500
2016,국립순천대학교,산림자원전공,자연과학,122,2780200
2016,국립순천대학교,산림자원.조경학부,자연과학,66,2750700
2016,국립순천대학교,경제회계학부,인문사회,65,2208300
2016,국립순천대학교,조경전공,공학,99,2777200
2016,국립한국교통대학교,정보기술융합학부,공학,45,2951800
2016,국민대학교,글로벌커뮤니케이션영어전공,인문사회,26,3448200
2016,국민대학교,건축시스템전공,공학,12,4488500
2016,국민대학교,파이낸스보험경영학전공,인문사회,116,3059000
2016,금강대학교,불교문화학부,인문사회,19,7222700
2016,나사렛대학교,시각공간디자인학과,예체능,45,2610600
2016,남서울대학교,유리세라믹디자인학과,공학,314,4725800
2016,남서울대학교,글로벌지역문화학과(일본지역전공),인문사회,86,4123500
2016,남서울대학교,글로벌지역문화학과(영미문화전공),인문사회,99,3843000
2016,남서울대학교,글로벌지역문화학과(중국지역전공),인문사회,100,4274900
2016,대구가톨릭대학교,첨단건설기계시스템전공,공학,72,2972300
2016,대구가톨릭대학교,글로벌자동차생산전공,공학,121,2568000
2016,대구가톨릭대학교,환경원예조경학부,자연과학,84,3002500
2016,대구가톨릭대학교,역사교육전공,인문사회,21,3578300
2016,대구가톨릭대학교,제약산업공학전공,공학,133,4610300
2016,대구대학교,기계공학부 기계설계전공,공학,193,3002100
2016,대구대학교,공공안전법학전공,인문사회,111,2382200
2016,대구대학교,한국어문학·문화학과,인문사회,61,3108200
2016,대구대학교,법과대학,인문사회,120,2296700
2016,대구한의대학교,미술치료학과(자연),예체능,41,3327200
2016,대구한의대학교,바이오산업융합학부,자연과학,98,4255000
2016,대전대학교,서예디자인학과,예체능,14,2833600
2016,대전대학교,건설안전방재공학과,공학,39,2777700
2016,대전대학교,국어국문창작학과,인문사회,41,2837500
2016,대진대학교,역사·문화콘텐츠학과,인문사회,49,4276400
2016,대진대학교,공공인재법학과,인문사회,151,4113100
2016,대진대학교,도시부동산공학과,인문사회,157,3660600
2016,대진대학교,도시공간조형전공,인문사회,82,2801700
2016,동국대학교,사회언론정보학부 미디어커뮤니케이션학전공,인문사회,69,3424900
2016,동국대학교,스포츠문화학과,인문사회,42,9813600
2016,동국대학교(WISE) _분교,행정경찰공공학과,인문사회,280,3351400
2016,동명대학교,조선해양공학과(후진학),자연과학,24,2514000
2016,동신대학교,보석귀금속학과(공학),공학,69,3196900
2016,동아대학교,신소재화학공학부 신소재공학과,자연과학,102,2720800
2016,동아대학교,전기·전자·컴퓨터공학부 전자공학과,공학,133,3040700
2016,동아대학교,전기·전자·컴퓨터공학부 컴퓨터공학과,공학,72,3409500
2016,동아대학교,기계·산업경영공학부 산업경영공학과,인문사회,76,3632600
2016,동아대학교,인간환경융합공학부 토목공학과,자연과학,79,3154900
2016,동아대학교,전기·전자·컴퓨터공학부 전기공학과,공학,90,2785100
2016,동아대학교,신소재화학공학부 화학공학과,자연과학,92,2825200
2016,동아대학교,기계·산업경영공학부 기계공학과,인문사회,181,2828800
2016,동아대학교,중국·일본학부,인문사회,59,3085200
2016,동아대학교,인간환경융합공학부 건축공학과,자연과학,56,2820200
2016,동아대학교,인간환경융합공학부 환경공학과,자연과학,52,3259400
2016,동아대학교,인간환경융합공학부 에너지·자원공학과,자연과학,46,3036400
2016,동아대학교,생명자원산업학과,자연과학,39,3273900
2016,동아대학교,신소재화학공학부 유기재료고분자공학과,자연과학,45,2652800
2016,동아대학교,기계·산업경영공학부 조선해양플랜트공학과,인문사회,46,2661200
2016,동아대학교,공공디자인학부,예체능,76,3297700
2016,동아대학교,철도건설안전공학과,공학,31,2248900
2016,동아대학교,철도전기융합학과,공학,29,3175700
2016,동의대학교,디지털문화콘텐츠학전공,인문사회,56,4899300
2016,동의대학교,게임영상공학전공,예체능,55,2682200
2016,동의대학교,부동산금융·자산경영학과,인문사회,49,3117100
2016,명지대학교,토목교통공학부,공학,97,3268700
2016,명지대학교,건축학부(건축학전공/전통건축전공) (5년제),공학,79,2564800
2016,명지대학교,화공신소재환경공학부,자연과학,171,3338100
2016,명지대학교,기계산업경영공학부,인문사회,149,3455300
2016,명지대학교 _제2캠퍼스,디지털콘텐츠디자인학과,예체능,37,5079300
2016,명지대학교 _제2캠퍼스,융합소프트웨어학부,공학,55,4391100
2016,배재대학교,광고사진영상학과,인문사회,116,3629100
2016,배재대학교,글로벌관광호텔학부,인문사회,237,3206200
2016,부산외국어대학교,사회복지재활학과,인문사회,99,3804800
2016,부산외국어대학교,영상언론융합학과,인문사회,165,2737500
2016,부산외국어대학교,국제비서·세무학부(국제비서전공),인문사회,39,2515400
2016,부산외국어대학교,경제데이터금융학부(경제학전공),인문사회,36,2302400
2016,부산외국어대학교,디지털미디어공학부(전자정보통신전공),공학,28,3676900
2016,부산외국어대학교,역사관광·외교학부,인문사회,71,2699000
2016,부산외국어대학교,영어학부(영어통번역전공),인문사회,69,4047000
2016,부산외국어대학교,영어학부(영어전공),인문사회,58,3068800
2016,부산외국어대학교,국제무역유통학부(국제무역전공),인문사회,59,2702000
2016,부산외국어대학교,경영학부(경영전공),인문사회,61,2706100
2016,부산외국어대학교,경영학부(회계전공),인문사회,64,3132500
2016,부산외국어대학교,국제비서·세무학부(세무전공),인문사회,23,3186900
2016,부산외국어대학교,동남아창의융합학부(언어처리창의융합전공),인문사회,18,5244800
2016,부산외국어대학교,국제무역유통학부(유통물류전공),인문사회,15,3290100
2016,부산외국어대학교,경제데이터금융학부(데이터경영전공),인문사회,26,4125900
2016,상명대학교,화공신소재학과,공학,188,3860700
2016,상명대학교,국방경영과학과,인문사회,15,2839500
2016,상명대학교,웨딩산업학과,공학,15,1619100
2016,상명대학교,중소기업경영학과,인문사회,15,424300
2016,상명대학교 _제2캠퍼스,보험경영학과,인문사회,188,3267300
2016,상명대학교 _제2캠퍼스,무대미술학과,예체능,227,3472000
2016,서강대학교,유럽문화전공,인문사회,51,2791700
2016,서경대학교,뷰티테라피 & 메이크업 전공,예체능,82,0
2016,서경대학교,헤어･메이크업 디자인 전공,예체능,74,0
2016,서경대학교,골프레저산업학과,공학,10,2909800
2016,서남대학교 _제2캠퍼스,컴퓨터정보학과(자연),공학,17,0
2016,서울과학기술대학교,경영학과(경영학전공),인문사회,193,1226300
2016,서울과학기술대학교,경영학과(글로벌테크노경영전공),인문사회,126,2501100
2016,서울대학교,아시아언어문명학부(일본언어문명),인문사회,11,2913500
2016,서울대학교,아시아언어문명학부(동남아시아언어문명),인문사회,11,2848800
2016,서울대학교,고고미술사학과 고고학전공,인문사회,11,5708500
2016,서울대학교,아시아언어문명학부(서아시아언어문명),인문사회,10,1883800
2016,서울여자대학교,화학생명환경과학부,자연과학,91,4083300
2016,서원대학교,유통경영정보학과,인문사회,192,3022300
2016,선문대학교,글로벌행정학과,인문사회,21,2417900
2016,성결대학교,국제개발협력학부,인문사회,30,2663600
2016,성결대학교,미디어소프트웨어학부,공학,82,3256700
2016,세종대학교,바이오융합공학전공/생명시스템학부,자연과학,69,3307200
2016,세종대학교,호텔관광경영학전공/호텔관광외식경영학부,인문사회,136,2604600
2016,세종대학교,영어영문학전공/국제학부,인문사회,51,2563700
2016,세종대학교,식품공학전공/생명시스템학부,자연과학,35,2969700
2016,세종대학교,바이오산업자원공학전공,자연과학,27,2023800
2016,세종대학교,중국통상학전공/국제학부,인문사회,25,3322000
2016,세종대학교,호텔외식관광프랜차이즈경영학과,인문사회,21,5115400
2016,세종대학교,일어일문학전공/국제학부,인문사회,21,2400900
2016,세한대학교,방재안전학과,공학,26,5073300
2016,세한대학교,재활보건관리학과(인문),자연과학,39,3448200
2016,세한대학교,방재안전토목학과,공학,24,2825800
2016,세한대학교,언어치료심리학과(인문),인문사회,20,3999000
2016,수원대학교,체육학/레저스포츠,예체능,81,2647300
2016,수원대학교,컴퓨터학,공학,63,2955600
2016,수원대학교,경영학,인문사회,58,2348200
2016,수원대학교,기계공학,공학,54,2063600
2016,수원대학교,정보보호학,공학,52,3915800
2016,수원대학교,전자공학,공학,52,2666900
2016,수원대학교,건축학,공학,49,2342600
2016,수원대학교,전기공학,공학,49,2547000
2016,수원대학교,정보통신공학,공학,48,2899000
2016,수원대학교,신소재공학,공학,48,3224100
2016,수원대학교,경제금융학,인문사회,47,2676500
2016,수원대학교,영화영상,예체능,25,2031100
2016,수원대학교,국악,예체능,25,2992600
2016,수원대학교,성악,예체능,23,1940700
2016,수원대학교,생명과학,자연과학,22,2918000
2016,수원대학교,국제개발협력학,인문사회,19,1944400
2016,수원대학교,작곡,예체능,19,2601800
2016,수원대학교,물리학,자연과학,18,2764000
2016,수원대학교,무용,예체능,18,3399200
2016,수원대학교,러시아어문학,인문사회,18,2272600
2016,수원대학교,프랑스어문학,인문사회,17,2359300
2016,수원대학교,수학,자연과학,27,2503900
2016,수원대학교,식품영양학,자연과학,46,1291300
2016,수원대학교,회계학,인문사회,46,1603400
2016,수원대학교,전자재료공학,공학,46,2315200
2016,수원대학교,의류학,자연과학,45,1782000
2016,수원대학교,화학공학,자연과학,44,3195300
2016,수원대학교,정보미디어학,공학,43,1866700
2016,수원대학교,영어영문학,인문사회,40,2368500
2016,수원대학교,응용통계학,자연과학,39,2688300
2016,수원대학교,산업공학,공학,35,2365800
2016,수원대학교,화학,자연과학,28,1800700
2016,수원대학교,공예,예체능,31,2884500
2016,수원대학교,국어국문학,인문사회,31,2791500
2016,수원대학교,도시부동산학,인문사회,32,2377100
2016,수원대학교,연극,예체능,32,3155400
2016,수원대학교,일어일문학,인문사회,33,2241300
2016,수원대학교,생명공학,자연과학,34,3225500
2016,수원대학교,중어중문학,인문사회,34,1886700
2016,순천향대학교,IT금융경영학과,인문사회,61,2862000
2016,숭실대학교,미디어경영학과,인문사회,23,5430900
2016,신라대학교,뷰티비즈니스학과,예체능,13,754300
2016,신라대학교,자동차기계공학전공,공학,21,4189500
2016,신라대학교,에너지응용화학전공,자연과학,29,4925000
2016,신한대학교 _제2캠퍼스,미용학과,예체능,16,0
2016,신한대학교 _제2캠퍼스,공공행정복지학과,인문사회,11,0
2016,신한대학교 _제2캠퍼스,안보경영학과(1군단),인문사회,20,750000
2016,아주대학교,환경안전공학과,자연과학,157,3496400
2016,연세대학교,바이오융합전공,자연과학,32,3540200
2016,연세대학교,에너지환경융합전공,자연과학,28,4769300
2016,연세대학교,한국문화전공,인문사회,12,5999800
2016,영남대학교,고분자·바이오소재전공,자연과학,62,3906900
2016,영남대학교,유럽언어문화학부,인문사회,62,2493900
2016,영남대학교,식품경제외식학과,인문사회,54,2897100
2016,영남대학교,트랜스아트전공,예체능,27,5775600
2016,영남신학대학교,법률전공,인문사회,17,3739300
2016,영남신학대학교,부동산자산관리전공,인문사회,17,3191200
2016,예원예술대학교,문화예술관광콘텐츠학과,인문사회,16,2496100
2016,예원예술대학교,문화재보존예술학과,인문사회,15,2148100
2016,예원예술대학교,뷰티패션디자인학과,예체능,19,2354300
2016,우송대학교,테크노미디어융합학부 영상콘텐츠전공,예체능,195,3178100
2016,우송대학교,외식조리학부 외식산업경영전공,인문사회,227,3294400
2016,우송대학교,언어치료·청각재활학과,인문사회,232,3350000
2016,우송대학교,테크노미디어융합학부 미디어디자인전공,예체능,271,2831100
2016,우송대학교,글로벌미디어영상학과,예체능,43,3708300
2016,우송대학교,중국듀얼디그리학과,인문사회,135,3364300
2016,우송대학교,IT융합학부 스마트IT·보안전공,공학,162,2909600
2016,우송대학교,테크노미디어융합학부 게임멀티미디어전공,예체능,178,2896300
2016,울산과학기술원,경영공학부,인문사회,11,6298400
2016,위덕대학교,영어플러스전공,인문사회,13,2918500
2016,위덕대학교,일본어플러스전공,인문사회,10,3679300
2016,유원대학교,화장품피부미용학과,자연과학,85,3682200
2016,유원대학교,도시지적행정학과,인문사회,74,3182000
2016,유원대학교,건설환경방재공학과,자연과학,74,2507800
2016,유원대학교,의료보건행정학과,인문사회,63,3094700
2016,유원대학교,경찰·소방행정학과,인문사회,245,3640400
2016,이화여자대학교,융합보건학과,자연과학,23,3792400
2016,이화여자대학교,신산업융합대학,공학,56,5149600
2016,인제대학교,가족상담복지·소비자학부,인문사회,37,2663800
2016,전남대학교,문화인류고고학과,인문사회,26,2129800
2016,전북대학교,지미카터국제학부,인문사회,27,0
2016,전북대학교,아동학과(인문사회),인문사회,25,0
2016,전주대학교,환경생명과학과,자연과학,34,12226200
2016,전주대학교,바이오기능성식품학과,자연과학,29,18418900
2016,정석대학,스포츠학부 스포츠재활전공,자연과학,20,5892600
2016,정석대학,부동산법무행정학과,인문사회,15,4744200
2016,정석대학,일본문화콘텐츠학과,인문사회,21,4572600
2016,정석대학,실용예술학부,예체능,36,4776000
2016,정석대학,호텔마이스경영학과,인문사회,36,3664600
2016,정석대학,스포츠학부 마산업전공,공학,22,5133900
2016,정석대학,융합관광학과,인문사회,24,2953800
2016,정석대학,중국언어통상학과,인문사회,32,4288200
2016,정석대학,화학·코스메틱스학과,자연과학,71,3339900
2016,정석대학,생명화학공학전공,자연과학,92,3199800
2016,정석대학,전기전자통신컴퓨터공학부,공학,98,2624100
2016,조선대학교,원자력공학과(계약학과),자연과학,20,1721700
2016,조선대학교,기계시스템미래자동차공학부,공학,125,3248900
2016,중부대학교,토목건설학과,공학,13,4646200
2016,중앙대학교,경영경제대학,인문사회,186,2955200
2016,중앙대학교 _제2캠퍼스,생명공학대학,자연과학,108,1673900
2016,초당대학교,군사행정학과,인문사회,27,2693600
2016,총신대학교,유아보육학과,인문사회,49,12200
2016,충남대학교,유기재료공학과,공학,80,2409500
2016,충북대학교,응용생명공학부,자연과학,84,2486500
2016,충북대학교,식품생명·축산과학부,자연과학,72,2422200
2016,충북대학교,식물자원환경화학부,자연과학,61,2506600
2016,한경국립대학교,경영학과(일학습병행제),인문사회,17,0
2016,한국공학대학교,경영학부(산업경영전공),인문사회,205,4132500
2016,한국공학대학교,경영학부 (IT경영전공),인문사회,278,4510200
2016,한국공학대학교,환경안전경영학과,인문사회,24,1676000
2016,한국공학대학교,창의경영학과,인문사회,13,28800
2016,한국과학기술원,새내기과정학부(인문사회계열),인문사회,12,0
2016,한국과학기술원,무학과(인문사회계열),인문사회,12,0
2016,한국과학기술원,기술경영학부,인문사회,23,7275300
2016,한국교원대학교,중국어교육과,인문사회,18,2976400
2016,한국국제대학교,음악공연학과,예체능,28,2447900
2016,한국국제대학교,사회복지상담학부,인문사회,45,2551100
2016,한국기술교육대학교,에너지신소재화학공학부,자연과학,438,4664200
2016,한국기술교육대학교,디자인ㆍ건축공학부,공학,288,3777900
2016,한국기술교육대학교,강소기업경영학과,인문사회,30,16700
2016,한국외국어대학교,프랑스어학부,인문사회,83,1830800
2016,한국외국어대학교,국제금융학과,인문사회,116,2618900
2016,한국외국어대학교,바이오메디컬공학전공,자연과학,17,3580400
2016,한남대학교,행정·경찰학과,인문사회,127,4034200
2016,한남대학교,디자인예술문화전공,인문사회,104,3222900
2016,한남대학교,건축·토목공학과,공학,99,3160100
2016,한동대학교,콘텐츠융합디자인학부,예체능,272,3483200
2016,한려대학교,사회복지청소년학과,인문사회,14,4123200
2016,한림대학교,언론방송융합미디어전공,인문사회,247,3903500
2016,한림대학교,수리금융정보학과,인문사회,264,3647000
2016,한림대학교,정보법과학전공,인문사회,15,3318000
2016,한림대학교,한중통번역전공,인문사회계열,49,4607600
2016,한림대학교,응용광물리학과,자연과학,119,3091000
2016,한서대학교,호텔카지노관광학과,인문사회,64,3355100
2016,한성대학교,융복합디자인학부,예체능,22,3188100
2016,한성대학교,국어국문전공,인문사회,43,3167800
2016,한성대학교,문헌정보전공,인문사회,45,2561100
2016,한세대학교,사회복지행정전공,인문사회,13,1184600
2016,한신대학교,한중문화콘텐츠학과,인문사회,18,4346100
2016,한양대학교,간호학과(야간),자연과학,48,1614000
2016,한양대학교,산업융합학부,공학,151,4080000
2016,한양대학교(ERICA) _분교,음악학부 음악‧교회음악학전공,예체능,17,0
2016,한양대학교(ERICA) _분교,음악학부 실용음악학전공,예체능,24,0
2016,한중대학교,스포츠산업학부,공학,28,5704000
2016,호남대학교,골프산업학전공,공학,59,0
2016,호남대학교,한방바이오학과,자연과학,83,2981000
2016,호서대학교,법경찰학전공,인문사회,204,3523600
2016,호서대학교,자동차ICT공학과,공학,88,3315600
2016,호서대학교,산업애니메이션학과,공학,51,3316000
2016,홍익대학교,디자인경영융합학부,인문사회,121,5276100
2017,가톨릭관동대학교,항공운항서비스학전공,공학,54,5227700
2017,가톨릭관동대학교,항공경영학전공,인문사회,50,5151300
2017,가톨릭관동대학교,조리외식경영학전공,인문사회,64,14155200
2017,가톨릭관동대학교,방송제작학전공,인문사회,40,7386100
2017,가톨릭관동대학교,CG디자인학전공,예체능,39,6290800
2017,가톨릭관동대학교,항공운항학전공,공학,30,6683100
2017,강남대학교,소프트웨어응용학부,공학,120,4850400
2017,강남대학교,부동산건설학부,인문사회,116,4378300
2017,강남대학교,복지융합인재학부 유니버설비주얼디자인전공,예체능,41,4641600
2017,강남대학교,복지융합인재학부 미술문화복지전공,인문사회,26,6191100
2017,강남대학교,IoT전자공학과,공학,45,5136300
2017,강남대학교,경제세무학과,인문사회,85,4153800
2017,강남대학교,산업데이터사이언스학부,공학,72,4412400
2017,강남대학교,한영문화콘텐츠학과,인문사회,59,3968800
2017,강서대학교,식품영양학부(식품영양학전공),자연과학,22,5656600
2017,강서대학교,음악콘텐츠학과,예체능,32,5040800
2017,건국대학교,축산식품생명공학과,자연과학,206,3156800
2017,건국대학교,융합생명공학과,자연과학,189,3930300
2017,건국대학교,식품유통공학과,인문사회,32,3394100
2017,건국대학교,환경보건과학과,자연과학,106,3173200
2017,건국대학교(글로컬) _분교,바이오융합과학부,자연과학,229,3379300
2017,건국대학교(글로컬) _분교,경영학전공 트랙,인문사회,21,234600
2017,건양대학교,재난안전소방학과,공학,30,4720700
2017,건양대학교,융합기계공학과,공학,51,3133200
2017,건양대학교,임상의약학과,자연과학,21,5770600
2017,건양대학교,글로벌의료뷰티학과,예체능,38,4773400
2017,건양대학교,기업소프트웨어학부,공학,40,3678200
2017,경남대학교,국제무역물류학과,인문사회,337,2757100
2017,경동대학교,국제호텔경영학과,인문사회,52,4953400
2017,경북대학교,컴퓨터학부(글로벌소프트웨어융합전공),공학,99,2771600
2017,경북대학교,"컴퓨터학부(플랫폼소프트웨어전공, 데이터과학전공, 인간중심소프트웨어전공)",공학,387,4963200
2017,경북대학교,농업토목.생물산업공학부 농업토목공학전공,공학,17,2906800
2017,경성대학교,문화기획학전공,인문사회,13,3959500
2017,경성대학교,문화서비스학전공,인문사회,21,2751800
2017,경성대학교,문화콘텐츠학전공,인문사회,21,3223400
2017,경성대학교,실내건축디자인학전공,공학,22,3339700
2017,경성대학교,응용통계학전공,자연과학,33,3541100
2017,경운대학교,항공산업보안학과,공학,37,8628100
2017,경운대학교,항공신소재공학과,공학,38,8781100
2017,경운대학교,안전방재공학과,공학,39,8747000
2017,경일대학교,재무투자정보학과,공학,28,2225200
2017,경일대학교,산업시스템경영학과,인문사회,27,1185900
2017,경일대학교,철도학과,공학,94,3188100
2017,경일대학교,식품산업융합학부,공학,153,3324100
2017,계명대학교,텍스타일디자인과,예체능,167,3925200
2017,계명대학교,사진미디어과,예체능,145,3471800
2017,고려대학교,융합경영학부,인문사회,195,2405700
2017,고려대학교,경제통계학부,인문사회,106,3420500
2017,고려대학교,문화유산융합학부,인문사회,51,2810700
2017,고려대학교,디스플레이·반도체물리학부,자연과학,58,2351100
2017,고려대학교,문화창의학부,의학,63,3883100
2017,고려대학교,공공사회·통일외교학부,인문사회,69,3383200
2017,고려대학교,전자·기계융합공학과,공학,73,3325400
2017,고려대학교,컴퓨터융합소프트웨어학과,공학,82,2770000
2017,고려대학교,정부행정학부,인문사회,100,3673800
2017,고려대학교,경제정책학전공,인문사회,10,2310300
2017,고려대학교,독일학전공,인문사회,23,3750200
2017,고려대학교,글로벌경영전공,인문사회,12,2236500
2017,고려대학교,통일외교안보전공,인문사회,12,7573800
2017,공주교육대학교,국어교육과(심화과정),인문사회,119,2371800
2017,공주교육대학교,미술교육과(심화과정),인문사회,110,2604700
2017,공주교육대학교,실과교육과(심화과정),인문사회,111,2310200
2017,공주교육대학교,음악교육과(심화과정),인문사회,111,2254200
2017,공주교육대학교,체육교육과(심화과정),인문사회,112,2979000
2017,공주교육대학교,윤리교육과(심화과정),인문사회,113,2278500
2017,공주교육대학교,수학교육과(심화과정),인문사회,114,2260100
2017,공주교육대학교,교육학과(심화과정),인문사회,115,2290000
2017,공주교육대학교,영어교육과(심화과정),인문사회,234,2192700
2017,공주교육대학교,과학교육과(심화과정),인문사회,123,2490800
2017,공주교육대학교,컴퓨터교육과(심화과정),인문사회,116,2522900
2017,광운대학교,정보융합학부,공학,88,2180300
2017,광주과학기술원,지구환경공학전공,자연과학,34,6420600
2017,광주대학교,기계・금형공학부,공학,49,4874100
2017,광주대학교,IT자동차학과,공학,34,3638500
2017,국립군산대학교,기계융합시스템공학부(미래형자동차공학전공),공학,101,3106200
2017,국립군산대학교,건축・해양건설융합공학부,자연과학,263,3175700
2017,국립군산대학교,해양산업・운송과학기술학부,자연과학,159,3015900
2017,국립군산대학교,기계융합시스템공학부(기계공학전공),공학,154,2979100
2017,국립군산대학교,기계융합시스템공학부(기계에너지공학전공),공학,138,3692900
2017,국립군산대학교,공간디자인융합기술학과,예체능,84,3111800
2017,국립군산대학교,소프트웨어융합공학과,공학,78,4299400
2017,국립금오공과대학교,화학소재융합공학부,자연과학,170,2311700
2017,국립금오공과대학교,[화학소재]화학공학전공,자연과학,67,3178100
2017,국립금오공과대학교,전자컴퓨터공학과,공학,17,656300
2017,국립금오공과대학교,[화학소재]소재디자인공학전공,자연과학,52,2615600
2017,국립목포대학교,중국언어와문화학과,인문사회,113,2855300
2017,국립목포대학교,건축・토목공학과(건축공학심화트랙),공학,27,2846000
2017,국립목포대학교,건축・토목공학과(토목공학트랙),공학,24,2988000
2017,국립목포대학교,친환경바이오융합학과(식품영양트랙),자연과학,23,3425300
2017,국립목포대학교,친환경바이오융합학과(원예생명과학트랙),자연과학,22,3218500
2017,국립목포대학교,친환경바이오융합학과(한약자원트랙),자연과학,19,2036500
2017,국립목포대학교,친환경바이오융합학과(해양수산자원트랙),자연과학,18,2739600
2017,국립목포대학교,전자정보통신공학과(정보전자공학심화트랙),공학,15,4711900
2017,국립목포대학교,전자정보통신공학과(정보통신공학심화트랙),공학,13,4408800
2017,국립목포해양대학교,해군사관학부,인문사회,28,3041100
2017,국립부경대학교,평생교육·상담학과,인문사회,36,1868600
2017,국립부경대학교,전기전자소프트웨어공학과,공학,26,2145700
2017,국립부경대학교,기계조선융합공학과,공학,23,1574800
2017,국립부경대학교,국제개발협력학전공,인문사회,20,3379400
2017,국립순천대학교,경상학부(무역학전공),인문사회,110,2312500
2017,국립순천대학교,산림자원・조경학부(산림자원전공),자연과학,108,2524700
2017,국립순천대학교,전기전자공학부(전자공학전공),공학,107,2502400
2017,국립순천대학교,경제회계학부(회계학전공),인문사회,102,2557000
2017,국립순천대학교,전기전자공학부(전기공학전공),공학,123,2520000
2017,국립순천대학교,공공인재학부(행정학전공),인문사회,126,2226400
2017,국립순천대학교,경상학부(경영학전공),인문사회,135,2532000
2017,국립순천대학교,공공인재학부(법학전공),인문사회,161,2217600
2017,국립순천대학교,경제회계학부(경제학전공),인문사회,97,2651300
2017,국립순천대학교,산림자원・조경학부(조경전공),자연과학,96,2704900
2017,국립한국교통대학교,전기전자로봇통신공학부,공학,190,3132200
2017,국립한국교통대학교,화공신소재고분자공학부,공학,167,2989500
2017,국립한국교통대학교,기계자동차항공공학부,공학,165,2959800
2017,국립한국교통대학교,철도공학부,공학,136,3262300
2017,국립한국교통대학교,철도경영·물류·컴퓨터학부,인문사회,68,2890900
2017,국립한국교통대학교,산업경영·안전공학부,인문사회,24,2231000
2017,국립한국교통대학교,건설환경도시교통공학부,인문사회,21,2672300
2017,국립한국교통대학교,경영・통상・복지학부,인문사회,110,3074100
2017,국립한국교통대학교,컴퓨터정보기술공학부,공학,108,3110200
2017,국립한국교통대학교,식품생명학부,자연과학,76,3210700
2017,국립한국해양대학교,법무비즈니스학과,인문사회,20,320800
2017,국민대학교,중국정경전공,인문사회,112,2888800
2017,국민대학교,융합전자공학전공,공학,83,2598000
2017,국민대학교,한국역사학과,인문사회,232,3022700
2017,국민대학교,정보보안암호수학과,자연과학,200,2407600
2017,국민대학교,중국어문전공,인문사회,170,2748100
2017,국민대학교,전자시스템공학전공,공학,80,3303200
2017,국민대학교,글로벌한국어전공,인문사회,27,3410300
2017,국민대학교,파이낸스·회계학부,인문사회,14,3429800
2017,국민대학교,기계금속재료전공,공학,60,3344300
2017,국민대학교,전자화학재료전공,자연과학,59,2423800
2017,국민대학교,에너지기계공학전공,공학,38,2044700
2017,국민대학교,에너지전자융합전공,공학,42,3065400
2017,극동대학교,호텔・관광경영학과,인문사회,40,4562700
2017,극동대학교,항공IT융합학과,공학,114,3825900
2017,극동대학교,미디어홍보학과,인문사회,102,4055400
2017,극동대학교,미디어영상제작학과,예체능,94,4178400
2017,극동대학교,"글로벌지역통상학(미국,중국,일본)전공",인문사회,17,6013200
2017,극동대학교,IT경영학전공,인문사회,18,7248700
2017,극동대학교,보건건강관리학과(뷰티케어전공),자연과학,10,3007600
2017,나사렛대학교,재활치료학부(언어치료학전공/심리재활학전공),인문사회,108,20062600
2017,나사렛대학교,방송·영상콘텐츠학과,인문사회,141,7151100
2017,나사렛대학교,항공호텔관광경영학과,인문사회,71,4653500
2017,나사렛대학교,재활자립학부,자연과학,13,0
2017,나사렛대학교,수어통역문헌정보학과,인문사회,39,3212100
2017,나사렛대학교,글로벌비서경영학과,인문사회,57,3511000
2017,나사렛대학교,재활치료학부(특수체육학전공),인문사회,23,0
2017,남서울대학교,아동복지융합학과,인문사회,13,1242300
2017,남서울대학교,뷰티향장학과,예체능,14,1709900
2017,남서울대학교,임상간호학과,자연과학,28,1764400
2017,단국대학교,국제자유전공학부,인문사회,20,5257000
2017,대구가톨릭대학교,가족상담복지전공,인문사회,14,4456900
2017,대구가톨릭대학교,식품생명제약공학부,자연과학,102,4656100
2017,대구대학교,컴퓨터정보공학부(컴퓨터소프트웨어전공),공학,179,3519500
2017,대구대학교,기계공학부(기계설계공학전공),공학,204,3538200
2017,대구대학교,컴퓨터정보공학부(컴퓨터공학전공),공학,217,4448300
2017,대구예술대학교,모바일미디어디자인전공,예체능,22,3580200
2017,대구예술대학교,K-패션디자인전공,예체능,62,3345900
2017,대구외국어대학교,일본어통상통번역학과,인문사회,37,0
2017,대구외국어대학교,중국어통상통번역학과,인문사회,35,0
2017,대구외국어대학교,한국어/영어글로벌통상학과,인문사회,57,0
2017,대구한의대학교,항공서비스학전공,공학,33,3872800
2017,대구한의대학교,향산업전공,공학,30,3528000
2017,대구한의대학교,호텔관광학전공,인문사회,29,3893700
2017,대신대학교,상담영어학부,인문사회,25,0
2017,대전대학교,러시아언어문화전공,인문사회,15,3438900
2017,대전대학교,국가안전융합학부,공학,20,6120900
2017,대진대학교,컴퓨터소프트웨어융합전공,공학,299,4657300
2017,대진대학교,휴먼건축공학부,공학,239,3710800
2017,대진대학교,컴퓨터응용기계공학과,공학,221,4381100
2017,대진대학교,화학에너지공학전공,자연과학,154,4469100
2017,동국대학교(WISE) _분교,바이오제약공학과,자연과학,37,2884300
2017,동명대학교,국제물류해운학과,인문사회,46,3165900
2017,동명대학교,글로벌문화콘텐츠학부,인문사회,46,2879900
2017,동명대학교,전자・의용공학부,공학,79,4628400
2017,동서대학교,디자인대학,예체능,90,0
2017,동신대학교,융합정보보안전공,공학,41,16483100
2017,동신대학교,신소재에너지전공,공학,31,6745300
2017,동신대학교,에너지기계설비전공,공학,29,6036200
2017,동신대학교,전기차제어전공,공학,25,6446200
2017,동신대학교,뮤지컬ㆍ실용음악학과,예체능,21,15249100
2017,동신대학교,관광일본어학전공,인문사회,19,22772700
2017,동신대학교,에너지시스템경영공학전공,인문사회,18,5594200
2017,동신대학교,한국어교원학전공,인문사회,14,30177600
2017,동아대학교,중국·일본학부 중국학전공,인문사회,26,3224600
2017,동아대학교,중국·일본학부 일본학전공,인문사회,17,4294800
2017,동양대학교,문화관광경영학부,인문사회,45,2505900
2017,동의대학교,바이오응용공학부,자연과학,158,3822500
2017,동의대학교,디지털콘텐츠게임애니메이션공학부,예체능,106,3439900
2017,동의대학교,디자인조형학과,예체능,95,3608200
2017,동의대학교,산업융합시스템공학부,공학,85,2925400
2017,동의대학교,정보경영학부,인문사회,77,2838700
2017,동의대학교,디자인공학부,예체능,59,3903900
2017,동의대학교,미디어·광고학부,인문사회,106,3550200
2017,동의대학교,화학환경공학부,자연과학,156,3887500
2017,동의대학교,창의소프트웨어공학부,공학,125,3985300
2017,동의대학교,무역・유통학부,인문사회,125,2344600
2017,동의대학교,경제・금융보험・재무부동산학부,인문사회,125,2435300
2017,동의대학교,기계자동차로봇부품공학부,공학,247,3741000
2017,명지대학교,생명과학정보학과,자연과학,44,3781000
2017,목원대학교,도시・환경・화학공학과,인문사회,58,2834900
2017,목원대학교,성악・뮤지컬학과,예체능,95,5026100
2017,백석대학교,문화예술학부 연기예술전공,인문사회,141,3326100
2017,백석대학교,문화예술학부 뮤지컬전공,인문사회,35,2324000
2017,부산외국어대학교,컴퓨터소프트웨어융합학부,공학,94,2794400
2017,부산외국어대학교,인도학부(인도언어문화전공),인문사회,95,2680200
2017,부산외국어대학교,러시아・터키중앙아시아학부(터키・중앙아시아어전공),인문사회,80,2388400
2017,부산외국어대학교,경찰정보보호학부(정보보호전공),공학,80,3862100
2017,부산외국어대학교,유럽학부(프랑스언어문화전공),인문사회,78,3394600
2017,부산외국어대학교,국제무역·마케팅학부,인문사회,73,2620800
2017,부산외국어대학교,유럽학부(독일언어문화전공),인문사회,72,3155900
2017,부산외국어대학교,유럽학부(이탈리아언어문화전공),인문사회,68,3701100
2017,부산외국어대학교,러시아·터키중앙아시아학부,인문사회,52,2933900
2017,부산외국어대학교,경찰정보보호학부(경찰행정전공),인문사회,238,3413500
2017,부산외국어대학교,러시아・터키중앙아시아학부(러시아언어통상전공),인문사회,234,2756800
2017,부산외국어대학교,중국학부(중국어전공),인문사회,190,4029000
2017,부산외국어대학교,영상콘텐츠융합학과,예체능,141,3170500
2017,부산외국어대학교,국제비서・경제금융학부(국제비서전공),인문사회,114,3442600
2017,부산외국어대학교,국제무역・마케팅학부(국제무역전공),인문사회,108,3305300
2017,부산외국어대학교,역사관광・외교통상학부(역사관광전공),인문사회,31,2423400
2017,부산외국어대학교,국제무역・마케팅학부(국제마케팅전공),인문사회,29,3169600
2017,부산외국어대학교,역사관광・외교통상학부(외교통상전공),인문사회,28,4032400
2017,부산외국어대학교,스포츠산업융합학부(재활복지전공),자연과학,25,2612800
2017,부산외국어대학교,경찰정보보호학부(사이버경찰전공),공학,20,2822400
2017,부산외국어대학교,경제데이터금융학부(금융보험수리전공),인문사회,19,2344100
2017,부산외국어대학교,중동·지중해지역학부,인문사회,36,2920600
2017,부산외국어대학교,역사관광·외교통상학부,인문사회,62,3164000
2017,부산외국어대학교,스포츠산업융합학부,공학,59,3596700
2017,부산외국어대학교,국제비서・경제금융학부(경제금융전공),인문사회,45,2308800
2017,삼육대학교,화학생명과학과,자연과학,72,2721000
2017,삼육대학교,아트앤디자인학과,예체능,91,4572600
2017,삼육대학교,컴퓨터・메카트로닉스공학부,공학,114,3503900
2017,상명대학교,국가안보학과,인문사회,136,3436600
2017,상명대학교,스포츠・무용학부 스포츠건강관리학과,예체능,133,3296500
2017,상명대학교,인문콘텐츠학부 한일문화콘텐츠학과,인문사회,95,3144700
2017,상명대학교,지능정보공학부 휴먼지능정보공학과,공학,71,2609200
2017,상명대학교,전기전자컴퓨터학부 전기공학과,공학,144,3698200
2017,상명대학교,인문콘텐츠학부 문헌정보학과,인문사회,148,3288000
2017,상명대학교,전기전자컴퓨터학부 컴퓨터과학과,공학,276,2989900
2017,상명대학교,외식영양・의류학부 의류학과,자연과학,201,3593700
2017,상명대학교,외식영양・의류학부 외식영양학과,자연과학,193,2948400
2017,상명대학교,생명화학공학부 화공신소재학과,자연과학,167,4029000
2017,상명대학교,인문콘텐츠학부 역사콘텐츠학과,인문사회,156,4458600
2017,상명대학교,스포츠・무용학부 무용예술학과,예체능,152,3117600
2017,상명대학교,미술학부 조형예술학과,예체능,57,3588400
2017,상명대학교,공간환경학부,자연과학,46,3450200
2017,상명대학교,미술학부 생활예술학과,예체능,42,2291700
2017,상명대학교,생명화학공학부 생명공학과,자연과학,40,3359300
2017,상명대학교,생명화학공학부 화학에너지공학과,자연과학,39,2585900
2017,상명대학교,전기전자컴퓨터학부 전자공학과,공학,31,3941500
2017,상명대학교 _제2캠퍼스,스마트정보통신공학과,공학,77,3246900
2017,상명대학교 _제2캠퍼스,정보보호공학과,공학,72,4996300
2017,상명대학교 _제2캠퍼스,사진영상콘텐츠학과,예체능,54,2511400
2017,상명대학교 _제2캠퍼스,시스템반도체공학과,공학,48,4272400
2017,상명대학교 _제2캠퍼스,그린화학공학과,자연과학,46,3265500
2017,상명대학교 _제2캠퍼스,문화예술경영전공,인문사회,27,4307100
2017,상명대학교 _제2캠퍼스,정보보안공학과,공학,43,2962400
2017,상명대학교 _제2캠퍼스,글로벌금융경영학과,인문사회,71,2461700
2017,상명대학교 _제2캠퍼스,글로벌지역학부,인문사회,149,2129000
2017,상지대학교,관광학부 호텔관광경영학전공,인문사회,43,2145400
2017,상지대학교,체육학부 합기도학전공,예체능,19,3559300
2017,상지대학교,FTA국제학부,인문사회,49,1222800
2017,서경대학교,뷰티테라피 & 메이크업학과,예체능,116,3301000
2017,서경대학교,헤어･메이크업 디자인학과,예체능,76,4470800
2017,서남대학교,스포츠레저산업학과,공학,22,0
2017,서울과학기술대학교,행정학과(행정학전공),인문사회,185,3119800
2017,서울과학기술대학교,환경공학과(환경공학전공),자연과학,193,3222600
2017,서울과학기술대학교,영미문화콘텐츠학과,인문사회,11,1265900
2017,서울과학기술대학교,문화예술비즈니스학과,인문사회,16,1637700
2017,서울과학기술대학교,환경공학과(환경정책전공),자연과학,24,2119300
2017,서울과학기술대학교,건설환경융합공학과,자연과학,29,1309600
2017,서울과학기술대학교,건축환경설비공학과,자연과학,16,1302700
2017,서울과학기술대학교,행정학과(환경행정전공),인문사회,99,2989200
2017,서울교육대학교,공연음악학과,예체능,16,28716600
2017,서울한영대학교,재활상담심리학과,인문사회,41,5569000
2017,서울한영대학교,유아특수재활학과,인문사회,34,5066200
2017,서원대학교,바이오코스메틱학과,자연과학,144,4100200
2017,서원대학교,영유아보육학전공,인문사회,22,5601700
2017,선문대학교,글로벌소프트웨어학과,공학,51,5822500
2017,선문대학교,법・경찰학과,인문사회,71,4421100
2017,선문대학교,국제관계・행정학부,인문사회,85,5678200
2017,선문대학교,스마트자동차공학부,공학,93,2895500
2017,선문대학교,식품・수산학부,자연과학,102,4310300
2017,성결대학교,공연음악예술학부,예체능,28,3782800
2017,성결대학교,관광개발학부,인문사회,38,2949100
2017,성결대학교,도시디자인정보공학과,인문사회,38,3630500
2017,성균관대학교,글로벌바이오메디컬공학과,자연과학,31,6813900
2017,성신여자대학교,일본어문·문화학과,인문사회,44,3368600
2017,성신여자대학교,뷰티산업학과,공학,44,4067900
2017,성신여자대학교,소비자생활문화산업학과,인문사회,40,3294200
2017,성신여자대학교,독일어문·문화학과,인문사회,32,4126100
2017,성신여자대학교,프랑스어문·문화학과,인문사회,28,3167400
2017,성신여자대학교,지식산업법학과,인문사회,47,3442800
2017,성신여자대학교,서비스・디자인공학과,예체능,56,4993400
2017,성신여자대학교,바이오생명공학과,자연과학,55,5981100
2017,성신여자대학교,중국어문·문화학과,인문사회,53,3313800
2017,세명대학교,바이오식품산업학부,자연과학,59,3450400
2017,세명대학교,화장품.뷰티생명공학부,자연과학,79,3765800
2017,세명대학교,바이오제약산업학부,자연과학,75,3501200
2017,세종대학교,지능기전공학부,공학,137,3249600
2017,세한대학교,항공교통물류학과,공학,29,2338300
2017,송원대학교,국방경찰학과,인문사회,32,3134500
2017,송원대학교,철도운전시스템학과,공학,32,3275800
2017,송원대학교,재활보건관리학과(자연),자연과학,34,0
2017,수원대학교,전자재료공학부,공학,74,2871500
2017,수원대학교,법·행정학부,인문사회,75,1994700
2017,수원대학교,건축도시부동산학부,인문사회,82,2212200
2017,수원대학교,커뮤니케이션디자인,예체능,84,4624500
2017,수원대학교,공예디자인,예체능,64,5799800
2017,수원대학교,패션디자인,예체능,69,4569800
2017,수원대학교,바이오화학산업학부,자연과학,89,2891600
2017,수원대학교,화학공학·신소재공학부,자연과학,92,3370600
2017,수원대학교,산업및기계공학부,공학,94,2624200
2017,수원대학교,건설환경에너지공학부,자연과학,107,2216100
2017,수원대학교,화공신소재공학부,공학,10,0
2017,수원대학교,정보통신보안학부,공학,13,0
2017,수원대학교,컴퓨터미디어학부,공학,14,0
2017,수원대학교,문화컨텐츠테크놀러지,인문사회,13,2178300
2017,수원대학교,건축도시학부,인문사회,10,0
2017,숙명여자대학교,소프트웨어융합전공,공학,29,8739900
2017,숙명여자대학교,기계시스템학부,공학,45,7105900
2017,순천향대학교,한국문화콘텐츠학과,인문사회,32,5940300
2017,순천향대학교,글로벌문화산업학과,인문사회,32,4729700
2017,순천향대학교,스마트자동차학과,공학,47,5854800
2017,숭실대학교,원자력방재학과,공학,14,4307000
2017,숭실대학교,항공・관광경영학부,인문사회,44,3573200
2017,숭실대학교,군사관학과,인문사회,46,4183800
2017,신라대학교,융합기계공학부,공학,79,5718200
2017,신라대학교,지능형자동차공학부,공학,79,4378300
2017,신라대학교,창업예술학부,예체능,82,2514600
2017,신라대학교,스마트전기전자공학부,공학,83,4861000
2017,신라대학교,컴퓨터소프트웨어공학부,공학,97,4657800
2017,신라대학교,에너지화학공학부,자연과학,55,2266800
2017,신라대학교,창조공연예술학부 무용전공,예체능,19,2816500
2017,신라대학교,창조공연예술학부 음악전공,예체능,30,3437900
2017,안양대학교,정보전기전자공학전공,공학,77,4269600
2017,안양대학교,도시정보공학전공,인문사회,29,0
2017,안양대학교,통계데이터과학전공,자연과학,36,5634300
2017,안양대학교,화장품발명디자인전공,예체능,34,4102800
2017,안양대학교,융합소프트웨어전공,공학,17,0
2017,안양대학교,해양바이오공학전공,자연과학,16,0
2017,연세대학교,스포츠응용산업학과,공학,47,4333300
2017,연세대학교,한국문화・통상전공,인문사회,28,3199100
2017,연세대학교,한국언어문화교육전공,인문사회,10,3645500
2017,영남대학교,융합화학공학전공,자연과학,166,4697400
2017,영남대학교,로봇기계공학과,공학,63,4723500
2017,영남대학교,프랑스어문전공,인문사회,22,0
2017,영산대학교,품질경영공학과,인문사회,18,3164600
2017,영산대학교 _제2캠퍼스,방송콘텐츠학과,인문사회,31,4125900
2017,영산대학교 _제2캠퍼스,게임영상콘텐츠학과,예체능,31,4067500
2017,영산대학교 _제2캠퍼스,빅데이터광고마케팅학과,인문사회,27,3357200
2017,영산대학교 _제2캠퍼스,부동산금융자산관리학과,인문사회,20,3880100
2017,영산대학교 _제2캠퍼스,미용건강관리전공,예체능,11,4931000
2017,용인대학교,뷰티헬스케어학과,예체능,26,2127400
2017,우석대학교,국방기술학과,인문사회,39,4119800
2017,우석대학교,정보기술학과,공학,38,2106900
2017,울산과학기술원,기계항공 및 원자력공학부,공학,408,6019700
2017,원광대학교,컴퓨터・소프트웨어공학과,공학,101,5088400
2017,원광대학교,전기전자정보계열,공학,92,4091900
2017,원광대학교,건설환경계열,자연과학,33,3141600
2017,원광대학교,화학생명공학계열,자연과학,39,4226800
2017,원광대학교,도시공학부,인문사회,41,3359500
2017,원광대학교,기계자동차계열,공학,45,4195600
2017,원광대학교,스마트자동차공학과,공학,47,4196600
2017,원광대학교,컴퓨터・소프트웨어계열,공학,51,4931500
2017,원광대학교,화학융합공학과,자연과학,61,4615400
2017,유원대학교,반도체디스플레이학과,공학,27,3957900
2017,유원대학교,뷰티코스메틱학과,예체능,28,6725800
2017,유원대학교,경찰·소방행정학부,인문사회,312,3421000
2017,유원대학교,재난안전시스템학과,공학,16,5217600
2017,이화여자대학교,휴먼기계바이오공학부,자연과학,111,8185200
2017,이화여자대학교,건축도시시스템공학전공,인문사회,20,3073100
2017,이화여자대학교,사이버보안전공,공학,25,9028100
2017,인제대학교,디자인엔지니어링학과,예체능,41,4757900
2017,인제대학교,금형신소재공학과,공학,12,1582800
2017,인제대학교,바이오식품과학부,자연과학,54,2151400
2017,인제대학교,인문문화융합학부,인문사회,80,2206100
2017,인제대학교,바이오테크놀로지학부,자연과학,72,4486800
2017,인천대학교,도시건축학전공,인문사회,28,3139600
2017,인천대학교,바이오경영학과,인문사회,12,725500
2017,인하대학교,아동심리학과,인문사회,100,3332300
2017,인하대학교,금융세무재테크학과,인문사회,32,761400
2017,인하대학교,서비스산업경영학과,인문사회,17,3374500
2017,전북대학교,프랑스·아프리카학과,인문사회,34,2057900
2017,전북대학교,융합기술공학부 정보기술융합공학전공,공학,11,1906800
2017,전북대학교,농경제유통학부(식품유통학),인문사회,21,2645000
2017,전북대학교,농경제유통학부(농업경제학),인문사회,25,3672500
2017,전주대학교,탄소나노신소재공학과,공학,46,17423200
2017,제주국제대학교,심리상담학과,인문사회,35,4134100
2017,제주국제대학교,실용예술학부 대중음악전공,예체능,13,0
2017,제주국제대학교,금융기술학과,인문사회,11,4621900
2017,제주대학교,건강뷰티향장학과,예체능,14,2909400
2017,제주대학교,관광융복합학과,인문사회,24,1243900
2017,제주대학교,전파정보통신공학전공,공학,25,0
2017,제주대학교,부동산관리학과,인문사회,33,1882600
2017,조선대학교,기계시스템미래자동차공학부(미래자동차공학),공학,13,2190200
2017,조선대학교,기계시스템미래자동차공학부(기계시스템공학),공학,30,3200400
2017,중부대학교,뷰티산업학부,공학,58,4499100
2017,중부대학교,토탈패션산업학과,공학,18,5468700
2017,중부대학교,창의융합디자인학과,예체능,176,4037900
2017,중부대학교,엔터테인먼트경영학과,인문사회,158,3134500
2017,중부대학교,바이오융합학부,자연과학,101,3825500
2017,중부대학교,게임소프트웨어학과,공학,103,3288200
2017,중부대학교,항공•호텔관광학부,인문사회,127,3626800
2017,차의과학대학교,의료홍보미디어학과,인문사회,180,4059700
2017,충남대학교,아시아비즈니스국제학과,인문사회,12,1776100
2017,충북대학교,식품생명·축산과학부 식품생명공학전공,자연과학,29,3428800
2017,충북대학교,식품생명·축산과학부 축산학전공,자연과학,26,3055800
2017,충북대학교,러시아언어문화학과,인문사회,23,2326100
2017,칼빈대학교,아동청소년복지상담학과,인문사회,18,1054200
2017,평택대학교,국제도시부동산학과,인문사회,27,2158300
2017,평택대학교,국제무역행정학과,인문사회,30,3328800
2017,평택대학교,ICT환경융합전공,자연과학,44,2281500
2017,평택대학교,공연영상콘텐츠학과,예체능,30,3569100
2017,한경국립대학교,생태주거디자인학과,자연과학,10,1472000
2017,한국방송통신대학교,생활과학과 의류패션학전공,자연과학,330,182400
2017,한국방송통신대학교,생활과학과 가정복지학전공,인문사회,1109,199800
2017,한국방송통신대학교,생활과학과 식품영양학전공,자연과학,1307,142500
2017,한국전통문화대학교,융합고고학과,인문사회,69,2717800
2017,한남대학교,중국경제통상학전공,인문사회,54,3184100
2017,한남대학교,철학상담학전공,인문사회,30,3066900
2017,한남대학교,토목・환경공학전공,자연과학,54,2926100
2017,한남대학교,융합디자인전공,예체능,95,3939500
2017,한라대학교,광고영상미디어학과,인문사회,287,3761800
2017,한라대학교,정보통신방송공학과,인문사회,282,3687200
2017,한라대학교,뷰티케어디자인학과,예체능,116,4707000
2017,한서대학교,중국전공,인문사회,31,3576900
2017,한서대학교,항공식품전공,공학,29,3364200
2017,한서대학교,항공화공전공,공학,29,3479500
2017,한서대학교,공항토목전공,공학,27,4393600
2017,한서대학교,항공환경전공,자연과학,26,3374700
2017,한서대학교,일본전공,인문사회,26,3584000
2017,한서대학교,국제협력전공,인문사회,26,3656600
2017,한서대학교,공항행정전공,인문사회,26,3288900
2017,한서대학교,공항건축전공,공학,26,4166800
2017,한서대학교,항공조종전공,공학,25,6266200
2017,한서대학교,항공신소재전공,공학,24,3222400
2017,한서대학교,항공보안시스템전공,공학,23,4357000
2017,한서대학교,공항홍보전공,인문사회,23,3307700
2017,한서대학교,항공전기전공,공학,22,3827100
2017,한서대학교,항공컴퓨터전공,공학,21,4066100
2017,한서대학교,보건복지학과,자연과학,37,2756900
2017,한서대학교,항공정비전공,공학,38,5965100
2017,한서대학교,피부미용향장화학과,자연과학,41,2880600
2017,한성대학교,크리에이티브인문학부,인문사회,129,3811800
2017,한성대학교,ICT디자인학부,예체능,87,4056300
2017,한성대학교,뷰티디자인매니지먼트학과,예체능,10,3621900
2017,한성대학교,글로벌패션산업학부,공학,54,4399700
2017,한세대학교,전자소프트웨어학과,공학,88,4183800
2017,한세대학교,기독교교육•상담학과,인문사회,102,5893000
2017,한세대학교,섬유패션디자인학과,공학,154,4443500
2017,한세대학교,영어통상통역학과,인문사회,112,3459200
2017,한신대학교,영상문화학전공,인문사회,15,2310100
2017,한신대학교,독어독문화학전공,인문사회,13,2884000
2017,한신대학교,재활학전공,자연과학,32,3218800
2017,한양대학교,정보융합전공,공학,63,4532400
2017,한양대학교,컴퓨터소프트웨어학부,공학,137,7821700
2017,한양대학교(ERICA) _분교,화학분자공학과,자연과학,153,3670400
2017,한양대학교(ERICA) _분교,나노광전자학과,공학,29,4820600
2017,한양대학교(ERICA) _분교,해양융합공학과,자연과학,127,3175100
2017,협성대학교,스마트시스템소프트웨어공학과,공학,40,5243200
2017,협성대학교,생활공간디자인학과,예체능,40,3565500
2017,협성대학교,시각조형디자인학과,예체능,42,5046100
2017,협성대학교,중국통상・문화학과,인문사회,50,3571300
2017,협성대학교,호텔관광・유통경영학과,인문사회,78,2982600
2017,협성대학교,금융・세무학과,인문사회,75,3871300
2017,협성대학교,도시개발・행정학과,인문사회,71,2998200
2017,협성대학교,미디어영상광고학과,인문사회,70,4318000
2017,협성대학교,미주통상・문화학과,인문사회,55,2942400
2017,협성대학교,미래자동차공학부,공학,84,5586900
2017,협성대학교,경영무역학부,인문사회,38,2720400
2017,호서대학교,전자재료공학전공,공학,25,2672300
2017,호서대학교,전자디스플레이공학부,공학,161,3260500
2017,호서대학교,문화예술학부,인문사회,182,4108200
2017,호서대학교,글로벌경영공학부,인문사회,96,2737300
2017,호서대학교,법경찰행정학부,인문사회,120,2983900
2017,호서대학교,안전소방학부,공학,121,2884900
2017,호서대학교,건축토목환경공학부,자연과학,144,2976200
2017,호원대학교,미디어컨텐츠디자인학과,예체능,21,3397500
2017,호원대학교,패션.미용학부,예체능,20,6713600
2017,호원대학교,컴퓨터.게임학과,공학,20,5221800
2017,호원대학교,스포츠경호학부,예체능계열,20,6210900
2017,호원대학교,호텔관광.항공학부,인문사회,16,4739100
2017,호원대학교,국방과학기술학부,인문사회,79,3011100
2017,홍익대학교,상경학부 글로벌경영전공,인문사회,65,3683200
2017,홍익대학교,디자인·영상학부 영상·애니메이션전공,예체능,105,4690300
2018,가야대학교(김해),스포츠재활복지학과,자연과학,24,4138062.5
2018,가천대학교,경영학부(글로벌경영학),인문사회,168,2573376.2
2018,가천대학교,경영학부(경영학),인문사회,172,2695518.3
2018,가톨릭관동대학교,무인항공학과,공학,32,3725029
2018,가톨릭관동대학교,치매전문재활전공,자연과학,24,5377793.4
2018,가톨릭관동대학교,CG디자인전공,예체능,44,9580377.2
2018,가톨릭관동대학교,공공행정학전공,인문사회,39,15255184
2018,가톨릭관동대학교,언어재활상담전공,인문사회,22,4614489.5
2018,가톨릭꽃동네대학교,사회복지·상담심리학부,인문사회,65,24245526.9
2018,강서대학교,G2국제어학과,인문사회,29,3841022.4
2018,강서대학교,빅데이터경영학과,인문사회,18,3947747.2
2018,강원대학교,원예·농업자원경제학부,인문사회,63,1869055.6
2018,강원대학교,산림응용공학부,자연과학,64,1672942.7
2018,강원대학교,환경융합학부,자연과학,65,1899549.2
2018,강원대학교,경제·정보통계학부,인문사회,67,1999336.6
2018,강원대학교,에너지자원·산업공학부,공학,67,1698710.4
2018,강원대학교,행정.심리학부,인문사회,70,2236740
2018,강원대학교,지질·지구물리학부,자연과학,51,2363905.9
2018,강원대학교,의생명융합학부,자연과학,58,2668714.3
2018,강원대학교,건축·토목·환경공학부,자연과학,112,2386960.6
2018,강원대학교,기계의용·메카트로닉스·재료공학부,공학,129,1926433.1
2018,강원대학교,농생명산업학전공,자연과학,12,1461966.7
2018,강원대학교,동물산업융합학과,공학,41,1792248.8
2018,강원대학교 _제2캠퍼스,컴퓨터・미디어・산업공학부,공학,96,2599276.7
2018,강원대학교 _제2캠퍼스,재료융합공학부,공학,68,2575892.1
2018,강원대학교 _제2캠퍼스,전기제어계측공학부,공학,79,2383721.5
2018,건국대학교,사회환경공학부,자연과학,276,3658049.3
2018,건국대학교,영상영화학과,자연과학,226,3642487.7
2018,건국대학교,K뷰티산업융합학과,공학,14,6498690.8
2018,건국대학교,의생명화학전공,자연과학,104,3898321.9
2018,건국대학교,친환경과학부,자연과학,99,2817985.9
2018,건국대학교,영어문화학전공,인문사회,144,2912172.3
2018,건국대학교,나노전자기계공학전공,공학,22,4514375.9
2018,건국대학교,한국어문학전공 트랙,인문사회,11,918241.8
2018,건국대학교,한국어문콘텐츠전공,인문사회,47,3821827.4
2018,건국대학교,의학공학전공,의학,45,3458353.6
2018,건국대학교,경제학전공 트랙,인문사회,34,1233126.8
2018,건국대학교,골프산업전공,공학,28,1460239.3
2018,경기대학교,회계세무・경영정보학부,인문사회,457,3580569.5
2018,경기대학교,디자인비즈학부,예체능,297,4025374.4
2018,경기대학교 _제2캠퍼스,식품생명학전공,자연과학,47,4144798.3
2018,경기대학교 _제2캠퍼스,식품영양생명학부,자연과학,101,2482782.6
2018,경북대학교,사회복지학부 사회복지거시전공,인문사회,16,2126059.4
2018,경북대학교,사회복지학부 사회복지미시전공,인문사회,11,3349727.3
2018,경상국립대학교,건축도시토목공학부(건축공학전공),인문사회,86,3070775.6
2018,경상국립대학교,건축도시토목공학부(도시공학전공),인문사회,83,2745940.1
2018,경상국립대학교,건축도시토목공학부(토목공학전공),인문사회,82,2613011.3
2018,경일대학교,식품산업융합학과,공학,138,3166867.4
2018,경일대학교,상경학부 경영학전공,인문사회,188,2697400.1
2018,경일대학교,복지서비스학부 사회복지전공,인문사회,234,3132345.7
2018,경일대학교,K-뷰티융합학부 뷰티화장품산업전공,공학,135,4884982.6
2018,경일대학교,K-뷰티융합학부 패션디자인전공,예체능,18,11716233.1
2018,경일대학교,복지서비스학부 노인체육복지전공,예체능,23,5107700
2018,경일대학교,융합산업기술학부,공학,45,7186222.2
2018,경일대학교,상경학부 재무・투자정보전공,공학,48,1501895.8
2018,경일대학교,복지서비스학부 아동보육・문헌정보전공,인문사회,98,2674786.2
2018,경희대학교,응용영어통번역학과,인문사회,46,3474291.7
2018,고려대학교(세종) _분교,경제통계학부(자연),인문사회,20,2792750
2018,고려대학교(세종) _분교,국가통계전공,자연과학,31,2928874.2
2018,고려대학교(세종) _분교,반도체물리전공,자연과학,34,2923023.5
2018,고려대학교(세종) _분교,문화ICT융합전공,인문사회,34,2607332.4
2018,고려대학교(세종) _분교,미디어문예창작전공,인문사회,37,4159351.9
2018,고려대학교(세종) _분교,디지털경영전공,인문사회,56,2114138.1
2018,고신대학교,직업재활상담학과,자연과학,120,3814015.4
2018,광신대학교,한국어교육학과,인문사회,20,3752900
2018,광운대학교,응용소프트웨어전공,공학,77,2615217.7
2018,광운대학교,시스템소프트웨어전공,공학,20,3559920.5
2018,광운대학교,정보공학전공,공학,47,2972959.6
2018,광주대학교,사진영상드론학과,예체능,30,3842593.3
2018,국립군산대학교,해양생명응용과학부(해양생명의학전공),의학,130,2796031.3
2018,국립목포대학교,전자・정보통신공학과(정보전자공학심화트랙),공학,27,4412122.2
2018,국립목포대학교,전자・정보통신공학과(정보통신공학심화트랙),공학,24,4263833.3
2018,국립목포대학교,컴퓨터・정보보호학부,공학,19,2319263.2
2018,국립목포대학교,조선해양공학과(조선해양생산트랙),자연과학,19,5240263.2
2018,국립목포대학교,조선해양공학과(조선해양설계트랙),자연과학,17,4152205.9
2018,국립목포대학교,스마트운송기계・신소재공학부,공학,12,2664666.7
2018,국립목포대학교,전자・정보통신공학과,공학,55,2677990.9
2018,국립부경대학교,공공안전경찰학과,공학,25,2142322.4
2018,국립순천대학교,정원문화산업학과,인문사회,19,3152947.4
2018,국립순천대학교,산업동물학과,공학,17,3384647.1
2018,국립한국교통대학교,항공・기계설계전공,공학,28,2848572.9
2018,국립한국교통대학교,나노고분자공학전공,공학,29,2823244.8
2018,국립한국교통대학교,정보통신・로봇공학전공,공학,40,2933377
2018,국립한국교통대학교,철도경영・물류학전공,인문사회,24,2554948.3
2018,국립한국교통대학교,도시・교통공학전공,인문사회,15,3330200
2018,국립한국교통대학교,철도전기전자전공,공학,15,4900950
2018,국립한국교통대학교,철도차량시스템전공,공학,16,3308531.2
2018,국립한국교통대학교,안전공학전공,공학,16,2983668.7
2018,국립한국교통대학교,융합경영전공,인문사회,17,3595468.2
2018,국립한국교통대학교,소프트웨어학전공,공학,18,4195783.9
2018,국립한국교통대학교,철도운전시스템전공,공학,21,4037976.2
2018,국립한국교통대학교,철도인프라시스템공학전공,공학,15,2200666.7
2018,국립한국교통대학교,행정정보학전공,인문사회,11,2732185.5
2018,국립한국해양대학교,해양신소재융합공학과,자연과학,31,1666804.8
2018,국립한밭대학교,전기시스템공학과,공학,22,3357489.5
2018,극동대학교,무인기산업학과,공학,29,4148051.7
2018,김천대학교,항공비즈니스학과,공학,40,4665797.5
2018,김천대학교,공공경찰행정학과,인문사회,39,3341709.4
2018,나사렛대학교,심리재활학전공,인문사회,129,4418283
2018,나사렛대학교,"휴먼재활학부(인간재활학전공,수어통역교육전공)",인문사회,86,3390877.3
2018,나사렛대학교,인간재활학전공,자연과학,141,4676097.1
2018,나사렛대학교,"재활치료학부(특수체육학전공,스포츠재활전공)",인문사회,64,2271429.7
2018,나사렛대학교,글로벌비서학과,인문사회,52,3079226.9
2018,나사렛대학교,자동차기계공학과(신),공학,29,3746972.4
2018,남서울대학교,글로벌무역학과,인문사회,366,3512819.4
2018,단국대학교,국제자유전공학부 영상연기&제작전공,인문사회,30,0
2018,대구가톨릭대학교,기업금융전공,인문사회,22,4990222.7
2018,대구가톨릭대학교,IT경영전공,인문사회,32,3584415.6
2018,대구가톨릭대학교,스페인어중남미학부,인문사회,51,3308109.8
2018,대구대학교,DU인재법학부(공공안전법학전공),인문사회,98,2804542.4
2018,대구대학교,융합예술학부(영상애니메이션디자인학전공),예체능,147,4256803.7
2018,대구대학교,생명환경학부(원예학전공),자연과학,148,3396567.9
2018,대구대학교,DU인재법학부(공법학전공),인문사회,156,3388676.9
2018,대구대학교,융합예술학부(현대미술전공),예체능,156,4491185.1
2018,대구대학교,DU인재법학부(사법학전공),인문사회,72,1965685.3
2018,대구대학교,융합예술학부(생활조형디자인학전공),예체능,101,3591925
2018,대구대학교,수리빅데이터학부(수학전공),자연과학,108,3959598.4
2018,대구대학교,DU인재법학부,인문사회,110,2697128.9
2018,대구대학교,재활건강증진학과,자연과학,123,4032667.5
2018,대구대학교,수리빅데이터학부(통계·빅데이터전공),자연과학,124,3709820.9
2018,대구대학교,도시·조경학부(조경학전공),인문사회,132,3894913.8
2018,대구대학교,신소재에너지공학과,공학,31,3446465.8
2018,대구대학교,도시·조경학부(도시계획공학전공),인문사회,30,4149596.7
2018,대구대학교,6차산업학과,공학,15,5170513.3
2018,대구대학교,특수재활교육학과,인문사회,12,6310691.7
2018,대구대학교,기계공학부(기계공학전공),공학,227,3406210
2018,대구한의대학교,산업품질공학전공,공학,18,2998961.1
2018,대진대학교,휴먼케어평생교육학과,인문사회,28,5113571.4
2018,동국대학교(WISE) _분교,빅데이터·응용통계학전공,자연과학,32,3256515.6
2018,동국대학교(WISE) _분교,바이오제약공학전공,자연과학,36,1993454.1
2018,동국대학교(WISE) _분교,신소재화학전공,자연과학,42,1897367.6
2018,동국대학교(WISE) _분교,전자·정보통신공학전공,공학,45,2313739.3
2018,동명대학교,"외국어전공(일본어,영어)",인문사회,13,3228232.3
2018,동명대학교,국제통상물류학부,인문사회,130,4135705.2
2018,동아대학교,지식서비스경영학과,인문사회,30,3412438
2018,동양대학교,게임학부,예체능,61,3942723
2018,동양대학교,항공IT학과,공학,32,2678781.2
2018,동양대학교,도시문화콘텐츠학과,인문사회,25,2309660
2018,동양대학교,철도기계시스템학과,공학,47,3047276.6
2018,동양대학교,외식산업경영학전공,인문사회,33,3069393.9
2018,동양대학교,바이오의약공학전공,자연과학,62,3693235.5
2018,동양대학교,유통물류학전공,인문사회,60,2081566.7
2018,동양대학교,행정정책학전공,인문사회,51,3131507.8
2018,동양대학교,재무부동산학전공,인문사회,46,2335542.4
2018,동양대학교,응용소프트웨어공학전공,공학,45,3148253.3
2018,동양대학교,게임애니메이션공학전공,예체능,37,3351418.9
2018,동양대학교,의료경영학과(인문),인문사회,104,3426038.9
2018,명지대학교,예술학부(작곡전공),예체능,13,2917653.8
2018,명지대학교,예술학부(성악전공),예체능,20,4417842.5
2018,명지대학교,예술학부(영화전공),예체능,20,3052955
2018,명지대학교,예술학부(피아노전공),예체능,22,3589772.7
2018,명지대학교,예술학부(뮤지컬공연전공),예체능,27,4007981.5
2018,명지대학교 _제2캠퍼스,융합예술실용음악학과,예체능,10,1862800
2018,명지대학교 _제2캠퍼스,뷰티경영학과,인문사회,10,1271850
2018,명지대학교 _제2캠퍼스,아동심리상담학과,인문사회,14,1529285.7
2018,명지대학교 _제2캠퍼스,미래융합경영학과,인문사회,31,5777951.6
2018,배재대학교,원예산림학과,자연과학,131,3597580.6
2018,배재대학교,글로벌관광호텔학전공,인문사회,160,3878316.2
2018,배재대학교,미술디자인학전공,예체능,197,3148643.8
2018,배재대학교,러시아・중앙아시아학전공,인문사회,17,2707308.2
2018,배재대학교,호텔여가서비스경영학과,인문사회,64,3224525.6
2018,배재대학교,관광이벤트컨벤션학과,인문사회,71,3132421.8
2018,부산대학교,건설융합학부 건축공학전공,공학,162,3755301.9
2018,부산대학교,전기컴퓨터공학부 정보컴퓨터공학전공,공학,444,4049701.3
2018,부산대학교,전기컴퓨터공학부 전기공학전공,공학,301,4346145.5
2018,부산대학교,건설융합학부 토목공학전공,공학,249,3220858.2
2018,부산대학교,화공생명.환경공학부 화공생명공학전공,자연과학,91,6422219
2018,부산대학교,건설융합학부 건축학전공,공학,81,7954765.4
2018,부산대학교,화공생명.환경공학부 환경공학전공,자연과학,147,3506702
2018,부산대학교,건설융합학부 도시공학전공,인문사회,137,3445495.6
2018,부산외국어대학교,유럽지역통상학과,인문사회,151,2825826.7
2018,부산외국어대학교,역사관광・외교학부(외교전공),인문사회,65,3944411.7
2018,부산외국어대학교,역사관광・외교학부(역사관광전공),인문사회,64,2622480.5
2018,부산외국어대학교,스포츠산업학부(사회체육전공),공학,26,0
2018,부산외국어대학교,스포츠산업학부(스포츠산업전공),공학,22,0
2018,부산외국어대학교,전자로봇공학과,공학,40,3014775
2018,상명대학교,외식영양・의류학부 식품영양학과,자연과학,195,3084469
2018,상명대학교,전기전자컴퓨터학부 융합전자공학과,공학,45,4049968.9
2018,상지대학교,미디어영상광고학부 광고홍보전공,인문사회,29,3961969
2018,상지대학교,미디어영상광고학부 언론영상전공,인문사회,54,3336997.2
2018,서경대학교,문화콘텐츠학과(인문과학대학),인문사회,42,2982557.1
2018,서울과학기술대학교,문화예술학과,인문사회,41,2619167.6
2018,서울대학교,식물생산과학부(산업인력개발학전공),공학,45,4103433.3
2018,서원대학교,생활경영학부,인문사회,193,5794657.5
2018,선문대학교,외국어자율전공학부,인문사회,174,3652235.8
2018,선문대학교,식품과학・수산생명의학부,의학,89,2972948.9
2018,세종대학교,식품생명공학전공/생명시스템학부,자연과학,29,2115179.3
2018,세종대학교,창의소프트학부(디자인이노베이션전공),예체능,41,5157928
2018,세종대학교,창의소프트학부(만화애니메이션텍전공),예체능,45,3373615.6
2018,세한대학교,뮤지컬(방송연기)전공,인문사회,14,2615000
2018,수원대학교,컴퓨터SW,공학,66,3082689.4
2018,수원대학교,경영,인문사회,67,2078283.6
2018,수원대학교,정보보호,공학,58,4040636.2
2018,수원대학교,정보통신,공학,52,2327735.6
2018,수원대학교,건설환경공학,자연과학,50,2161180
2018,수원대학교,행정학,인문사회,28,2141482.1
2018,수원대학교,바이오공학및마케팅,자연과학,33,2533409.1
2018,수원대학교,국제개발협력,인문사회,16,1961218.8
2018,수원대학교,바이오싸이언스,자연과학,18,3193500
2018,수원대학교,나노재료,공학,19,2434726.3
2018,수원대학교,문화콘텐츠테크놀러지,인문사회,24,4496354.2
2018,수원대학교,환경에너지공학,자연과학,46,2702946.7
2018,수원대학교,회계,인문사회,46,2994000
2018,수원대학교,경제금융,인문사회,42,2785607.1
2018,수원대학교,법학,인문사회,42,2127952.4
2018,수원대학교,체육학,예체능,34,4163529.4
2018,수원대학교,융합화학산업,자연과학,39,2681337.2
2018,숙명여자대학교,문화관광학전공,인문사회,187,3648976.6
2018,숙명여자대학교,르꼬르동블루외식경영전공,인문사회,149,2780888.3
2018,신경주대학교,관광사업경영전공,인문사회,18,3356086.7
2018,신경주대학교,실용음악ㆍ공연예술학부,예체능,25,5715180
2018,신경주대학교,융・복합시각예술디자인학부,예체능,26,3853942.3
2018,신경주대학교,태권도ㆍ생활체육학부,예체능,48,4260958.3
2018,신경주대학교,환경에너지ㆍ방재학부,자연과학,10,3216957
2018,신라대학교,금융부동산전공,인문사회,13,2310050
2018,신라대학교,무역물류학전공,인문사회,35,3204655.7
2018,신라대학교,영어영미지역학전공,인문사회,17,3478897.1
2018,신라대학교,조형미술전공,예체능,21,3911573.8
2018,신한대학교 _제2캠퍼스,미디어언론학과,인문사회,150,3804132.9
2018,신한대학교 _제2캠퍼스,기계자동차융합공학과,공학,308,3652608.2
2018,안양대학교,도시환경바이오공학부,인문사회,77,2487144.8
2018,안양대학교,디자인발명창업학부,예체능,73,3148785.6
2018,연세대학교,건축학(5년제),공학,164,2842253.8
2018,연세대학교,건축공학(4년제),공학,150,3378610.4
2018,연세대학교,생활디자인학과,예체능,126,2884999.4
2018,연세대학교,체육교육학과,인문사회,216,4775957.7
2018,연세대학교,언더우드 비교문학과문화전공,인문사회,56,4137617.9
2018,연세대학교,언더우드 생명과학공학전공,자연과학,68,3712405.9
2018,연세대학교,아동・가족학과,인문사회,115,3485632
2018,연세대학교,창의기술경영전공,인문사회,106,4272985.8
2018,연세대학교,문화디자인경영전공,인문사회,105,3491778.9
2018,영산대학교 _제2캠퍼스,조리예술학부,예체능,146,3342137.2
2018,영산대학교 _제2캠퍼스,한국어통역전공,인문사회,18,1929881.7
2018,예원예술대학교,한지공간조형디자인학과,예체능,23,3005173.9
2018,예원예술대학교,금속조형디자인학과,공학,25,2679983.6
2018,용인대학교,무도스포츠산업학과,공학,19,1438500
2018,용인대학교,미용경영학과,인문사회,16,1220687.5
2018,우석대학교,IT전자융합공학과,공학,49,2256465.3
2018,우송대학교,매니지먼트학부 경영학전공,인문사회,283,2933389.6
2018,우송대학교,글로벌복수학위학과,자연과학,121,4136882.2
2018,우송대학교,매니지먼트학부 금융•세무경영전공,인문사회,173,3263634
2018,원광대학교,응용수학부,자연과학,27,3030722.2
2018,원광대학교,빅데이터･금융통계학부,인문사회,29,2712279.3
2018,원광대학교,원예산업학부,자연과학,70,4140880.7
2018,위덕대학교,평생체육지도전공,예체능,11,5631699.6
2018,위덕대학교,한국어전공,인문사회,33,2321297
2018,위덕대학교,경찰정보보안학과,공학,68,3274871.1
2018,유원대학교,호텔관광항공학과,인문사회,108,3988962.5
2018,이화여자대학교,호크마교양대학,인문사회,414,4119791.7
2018,이화여자대학교,글로벌스포츠산업전공,공학,13,5021477.3
2018,인제대학교,소비자·가족학과,인문사회,30,3355718.3
2018,인천대학교,도시시스템공학과,인문사회,15,1093400
2018,인하대학교,문화콘텐츠문화경영학과,인문사회,387,3128776.6
2018,인하대학교,디자인융합학과,예체능,142,2985299.2
2018,전남대학교 _제2캠퍼스,국제학부(영어학전공),인문사회,11,0
2018,전남대학교 _제2캠퍼스,국제학부(일본학전공),인문사회,12,0
2018,전남대학교 _제2캠퍼스,국제학부(중국학전공),인문사회,12,0
2018,전북대학교,고분자섬유나노공학부(유기소재섬유공학전공),공학,43,2934315.1
2018,전북대학교,토목/환경/자원․에너지공학부(자원․에너지공학전공),자연과학,41,2580953.7
2018,전북대학교,토목/환경/자원․에너지공학부(환경공학전공),자연과학,41,2626826.8
2018,전북대학교,고분자섬유나노공학부(고분자․나노공학전공),공학,41,2892612.2
2018,전북대학교,국제이공학부,인문사회,35,2207942.6
2018,전북대학교,융합기술공학부(IT융합자동차공학전공),공학,33,2532351.5
2018,전북대학교,생명과학부(분자생물학전공),자연과학,33,2584792.4
2018,전북대학교,국제인문사회학부,인문사회,108,1414941.9
2018,전북대학교,토목/환경/자원․에너지공학부(토목공학전공),자연과학,57,2436432.5
2018,전주대학교,공연방송연기학과,인문사회,31,0
2018,정석대학,영화연극학과,예체능,22,4154484.1
2018,정석대학,공무원법률행정학과,인문사회,20,2958419.2
2018,정석대학,핀텍경영학과,인문사회,17,3674441.2
2018,정석대학,대중음악학과,예체능,14,4509321.4
2018,조선대학교,전자공학부(지능IoT전공),공학,49,4133864.3
2018,조선대학교,정보통신공학부(임베디드보안전공),공학,28,3419176.8
2018,조선대학교,프랑스어권문화학과,인문사회,126,2826020.5
2018,중부대학교,만화애니메이션학전공,예체능,182,3280383.5
2018,중부대학교,전기전자자동차공학부,공학,126,3370569.7
2018,중부대학교,소프트웨어공학부,공학,123,3183377.5
2018,중부대학교,대중음악전공,예체능,38,4153817.4
2018,중부대학교,뷰티케어전공,예체능,101,3206242.8
2018,중부대학교,한방보건제약학전공,자연과학,95,3642734.8
2018,중앙대학교,글로벌예술학부,예체능,49,1811591.8
2018,중원대학교,말산업융합학과,공학,23,3945454.3
2018,차의과학대학교,보건복지행정학과,인문사회,191,3158284.2
2018,차의과학대학교,미술치료・상담심리학과,인문사회,154,3527921
2018,청주대학교,소프트웨어융합학부,공학,165,3028723.4
2018,청주대학교,디자인・조형학부,예체능,158,2993753.8
2018,청주대학교,휴먼환경디자인학부,자연과학,133,1927506.8
2018,청주대학교,연극영화음악학부,예체능,95,3238738.9
2018,청주대학교,보건행정ㆍ헬스케어학부,인문사회,89,4547144.9
2018,청주대학교,항공기계공학전공,공학,37,4469870.3
2018,청주대학교,건축학・건축공학전공,공학,73,3228020.3
2018,청주대학교,관광호텔경영학부,인문사회,102,3131794.6
2018,총신대학교,아동상담심리학과,인문사회,13,46153.8
2018,충남대학교,기계・재료공학교육과,인문사회,30,1747200
2018,충남대학교,해양안보학전공,인문사회,81,2498384.6
2018,충남대학교,국토안보학전공,인문사회,72,2941329.2
2018,충북대학교,수학・정보통계학부 정보통계학전공,자연과학,30,3250581.7
2018,충북대학교,식물자원환경화학부 환경생명화학전공,자연과학,24,4609545.4
2018,충북대학교,생명과학부 미생물학전공,자연과학,23,4894941.7
2018,충북대학교,수학・정보통계학부 수학전공,자연과학,22,2502027.3
2018,충북대학교,식물자원환경화학부 식물자원학전공,자연과학,19,2689225.8
2018,충북대학교,생명과학부 생물과학전공,자연과학,19,5034120
2018,충북대학교,응용생명공학부 원예과학전공,자연과학,17,4766848.2
2018,충북대학교,생명과학부 생화학전공,자연과학,16,3604709.4
2018,충북대학교,응용생명공학부 특용식물학전공,자연과학,14,4229385
2018,충북대학교,응용생명공학부 식물의학전공,의학,11,4366476.4
2018,칼빈대학교,글로벌문화산업경영학과,인문사회,85,3317209.4
2018,한국공학대학교,전자공학부(임베디드시스템전공),공학,182,3696150.3
2018,한국외국어대학교,프랑스응용어문학전공,인문사회,17,5942711.8
2018,한국외국어대학교,프랑스·EU전공,인문사회,12,7308341.7
2018,한국체육대학교,레저스포츠산업학과,공학,34,11655714.4
2018,한라대학교,정보통신소프트웨어학과,공학,257,3345897
2018,한림대학교,소프트웨어융합대학,공학,210,4904785.3
2018,한림대학교,의과학융합전공,자연과학,19,9568991.1
2018,한림대학교,문화산업전공,인문사회,23,2710591.3
2018,한림대학교,IT계열,공학계열,66,3502779.5
2018,한림대학교,금융재무학과,인문사회,131,3766435.7
2018,한서대학교,글로벌언어협력학과,인문사회,94,3377237.4
2018,한서대학교,보건상담복지학과,자연과학,71,3846488.2
2018,한서대학교,공항행정학과,인문사회,61,3599585
2018,한서대학교,레저해양스포츠학과,자연과학,57,4624636.7
2018,한서대학교,항공산업공학과,공학,27,3740149.7
2018,한서대학교,해양바이오산업학과,자연과학,20,3475174.6
2018,한서대학교,항공신소재화공학과,공학,49,3300523.6
2018,한서대학교,피부미용화장품과학과,자연과학,43,3107017.9
2018,한서대학교,바이오식품의과학과,자연과학,43,3515692
2018,한성대학교,기계전자공학부,공학,79,3826631.5
2018,한성대학교,스마트경영공학부,인문사회,17,4375479.8
2018,한성대학교,뷰티매니지먼트학과,예체능,12,1547542.5
2018,한세대학교,보건복지사회적경제학과,인문사회,27,1800185.2
2018,한양대학교(ERICA) _분교,스포츠문화전공,인문사회,38,21254982.4
2018,한일장신대학교,심리상담학부,인문사회,13,5968023.1
2018,호서대학교,화장품생명공학부,자연과학,96,1265609.4
2018,호서대학교,빅데이터경영공학부,인문사회,154,2711670.4
2018,호원대학교,법경찰학과,인문사회,47,3832359.6
2018,호원대학교,자동차융합공학과,공학,38,5382668.4
2018,호원대학교,전기소방학부,공학,53,3904542.1
2018,홍익대학교 _제2캠퍼스,디자인컨버전스학부,예체능,157,3775465
2018,홍익대학교 _제2캠퍼스,영상ㆍ애니메이션학부,예체능,86,3749233
2018,홍익대학교 _제2캠퍼스,전자전기융합공학과,공학,56,2928648.2
2019,가톨릭관동대학교,치매전문재활학과,자연과학,23,10205126.7
2019,가톨릭관동대학교,언어재활상담학과,인문사회,22,9652171.1
2019,가톨릭관동대학교,중독재활학과,자연과학,15,6065361.5
2019,가톨릭관동대학교,산림치유학과,자연과학,22,5686399.3
2019,강서대학교,G2빅데이터경영학과,인문사회,51,3197674.8
2019,강원대학교,농업자원경제학전공,인문사회,18,2194766.7
2019,강원대학교,화학ㆍ생화학부,자연과학,65,2195796.9
2019,강원대학교,산림소재공학전공,자연과학,13,3089650.8
2019,강원대학교 _제2캠퍼스,컴퓨터・미디어・산업공학부 산업경영공학전공,인문사회,14,2201214.3
2019,강원대학교 _제2캠퍼스,컴퓨터・미디어・산업공학부 미디어공학전공,공학,29,2331253.4
2019,강원대학교 _제2캠퍼스,재료융합공학부 신소재공학전공,공학,18,3814947.2
2019,강원대학교 _제2캠퍼스,재료융합공학부 재료금속공학전공,공학,11,2766681.8
2019,강원대학교 _제2캠퍼스,지역경제전공,인문사회,21,1999435.7
2019,강원대학교 _제2캠퍼스,소프트웨어미디어・산업공학부,공학,81,2335820.4
2019,강원대학교 _제2캠퍼스,공공행정전공,인문사회,22,2021895.5
2019,강원대학교 _제2캠퍼스,컴퓨터・미디어・산업공학부 컴퓨터공학전공,공학,13,4144350
2019,건국대학교,바이오생명공학전공,자연과학,67,4118720.9
2019,건국대학교,바이오의약학전공,자연과학,69,3631967.4
2019,건국대학교,뷰티화장품전공,예체능,24,3716758.3
2019,건국대학교,녹색환경시스템전공,자연과학,40,3229369.2
2019,건국대학교,동화∙한국어문화전공,인문사회,25,3903944
2019,건국대학교,기계전자전공,공학,54,3876832.4
2019,경기대학교,건축안전공학과,공학,24,2856711.7
2019,경남대학교,관광항공경영학전공,인문사회,137,3696289.5
2019,경남대학교,기계융합공학과(중소기업계약학과),자연과학,10,3937310
2019,경성대학교,외식서비스경영학전공,인문사회,126,3241169.2
2019,경성대학교,항공보안경호학부,공학,50,6268107
2019,경성대학교,의료서비스경영학과,인문사회,30,3727250
2019,경성대학교,항공컴퓨터학과,공학,26,5487339.8
2019,경일대학교,도시인프라공학부,인문사회,236,2919207.9
2019,경일대학교,상경학부 국제통상학전공,인문사회,79,3124121.7
2019,경일대학교,스마트산업학부,공학,36,7670555.6
2019,경일대학교,ICT경영학부,인문사회,44,7644772.7
2019,경일대학교,K-뷰티화장품산업학과,공학,150,4646943.8
2019,경일대학교,복지서비스학부 아동문헌정보전공,인문사회,84,2838542.2
2019,고려대학교(세종) _분교,국제통상영어전공,인문사회,20,3982395
2019,광운대학교,영어산업학과,인문사회,43,2796869.8
2019,국립경국대학교,창의융합학부(인문사회계열),인문사회,87,2063816.2
2019,국립경국대학교,원예・생약융합학부,자연과학,66,9861132.6
2019,국립군산대학교,해양산업·운송과학기술학부(마린엔지니어링전공),자연과학,63,3327421.1
2019,국립군산대학교,해양산업·운송과학기술학부(해양생산시스템전공),자연과학,77,3537224.8
2019,국립목포대학교,첨단운송기계시스템학과,공학,30,12566666.7
2019,국립부경대학교,의공학IT융합전공,공학,27,4155340.7
2019,국립창원대학교,산업시스템 및 조선해양 융합공학부,자연과학,114,2970060.1
2019,국립한국교통대학교,철도시스템공학과,인문사회,18,137500
2019,국립한국해양대학교,제어자동화공학부(제어계측공학전공),공학,24,0
2019,국립한국해양대학교,법무비즈니스학부,인문사회,28,1066964.3
2019,국립한국해양대학교,회계세무부동산학과,인문사회,13,2987803.1
2019,국민대학교,바이오의약전공,자연과학,25,2853202
2019,국민대학교,재무금융전공,인문사회,199,3012611.7
2019,국민대학교,재무금융회계학부,인문사회,16,4568830
2019,국민대학교,스포츠산업레저학과,공학,126,3886131
2019,국민대학교,스포츠교육학과,인문사회,122,2922477.9
2019,국민대학교,스포츠건강재활학과,자연과학,126,3563213.1
2019,국민대학교,일본문화관광컨텐츠학과,인문사회,28,5284632.5
2019,나사렛대학교,스포츠재활전공,자연과학,20,5072967.5
2019,나사렛대학교,수어통역교육전공,인문사회,21,5289052.4
2019,대구가톨릭대학교,가족상담복지학과,인문사회,79,4392108.9
2019,대구가톨릭대학교,생명화학전공,자연과학,118,3783749.5
2019,대구가톨릭대학교,조리외식경영학과,인문사회,144,3659380.9
2019,대구가톨릭대학교,자동차생산전공,공학,101,2846332.7
2019,대구가톨릭대학교,에너지신소재공학전공,공학,71,3572922
2019,대구대학교,평생교육・청소년학과,인문사회,22,4647347.3
2019,대구대학교,공직법학전공,인문사회,32,2834962.5
2019,대구예술대학교,모바일게임웹툰전공,예체능,76,3509863.2
2019,대구한의대학교,산업디자인공학전공,공학,38,3152466.8
2019,대신대학교,교회실용음악학부,예체능,35,4321003.7
2019,대전대학교,환경·화학융합학부,자연과학,72,3076785.8
2019,대전대학교,국어국문창작학전공,인문사회,37,4656959.5
2019,대전대학교,안전융합학부,공학,19,3292300
2019,대전대학교,글로벌문화콘텐츠학전공,인문사회,68,3491167.1
2019,동국대학교,행정・경찰공공학부,인문사회,107,3673787.3
2019,동명대학교,조선해양시스템전공,자연과학,11,7191309.1
2019,동명대학교,전자및의용공학부,공학,116,3530825.9
2019,동서대학교,신소재화학공학전공,자연과학,22,3783704.5
2019,동아대학교,간호학부 간호학과,자연과학,97,3996327.3
2019,동의대학교,생산정보기술공학전공,공학,26,4406261.5
2019,동의대학교,산업ICT기술공학전공,공학,15,6332146.7
2019,동의대학교,전기전자소재공학전공,공학,36,5115782.3
2019,동의대학교,금속소재공학전공,공학,38,3612764.5
2019,동의대학교,고분자소재공학전공,공학,21,4493778.6
2019,동의대학교,인간・시스템디자인공학전공,예체능,24,5204571.2
2019,동의대학교,제품디자인공학전공,예체능,12,5595925
2019,명지대학교 _제2캠퍼스,유통산업경영학과,인문사회,22,881795.5
2019,명지대학교 _제2캠퍼스,만화애니콘텐츠학과,예체능,12,1970166.7
2019,목원대학교,TV・영화학부,자연과학,20,0
2019,배재대학교,관광축제리조트경영학과,인문사회,102,3346526.9
2019,배재대학교,나노고분자재료공학전공,공학,17,2466367.1
2019,배재대학교,글로벌정치・커뮤니케이션전공,인문사회,10,2230769
2019,배재대학교,관광학부 글로벌호텔비즈니스전공,인문사회,37,0
2019,상지대학교,친환경식물학부 원예조경학전공,자연과학,49,3392227.9
2019,서강대학교,아트&테크놀로지전공,예체능,23,2093926.1
2019,서울과학기술대학교,건축기계설비공학과,공학,54,1225487.6
2019,서울과학기술대학교,융합공학부(건설환경융합전공),자연과학,56,2611350.5
2019,서울과학기술대학교,융합공학부(융합기계공학전공),공학,69,3564675.4
2019,서울기독대학교,글로벌휴먼경영전공,인문사회,27,3204570.4
2019,서울대학교,융합전공학부 국제관계학-빅데이터분석학 전공,인문사회,10,1808000
2019,세종대학교,항공ICT융합학과,공학,26,2404317.3
2019,세종대학교,뮤지컬방송연기전공,인문사회,25,3245200
2019,수원대학교,전자물리,자연과학,12,2346583.3
2019,순천향대학교,외국어로서의 한국어교육학전공,인문사회,27,0
2019,순천향대학교,영유아학과,인문사회,12,2830866.7
2019,숭실대학교,항공운항서비스전공,공학,12,2857245.8
2019,숭실대학교,항공학부 항공서비스학전공,공학,48,3574519.6
2019,숭실대학교,항공학부 항공정비학전공,공학,29,4031213.8
2019,숭실대학교,항공학부 항공운항학전공,공학,25,6263762
2019,숭실대학교,무역경제학부 무역물류학전공,인문사회,41,2563848
2019,숭실대학교,무역경제학부 경제금융학전공,인문사회,35,1813394.6
2019,숭실대학교,복지상담학부 사회복지전공,인문사회,59,3571484.6
2019,숭실대학교,복지상담학부 상담심리복지전공,인문사회,37,3455732.3
2019,숭실대학교,국제관광전공,인문사회,102,1498864
2019,숭실대학교,금융부동산경제학전공,인문사회,27,1068768.3
2019,신한대학교 _제2캠퍼스,사이버드론봇군사학과,인문사회,20,4912332
2019,신한대학교 _제2캠퍼스,태권도교육융합전공,인문사회,27,5303878.5
2019,신한대학교 _제2캠퍼스,바이오식품산업전공,자연과학,20,3205350
2019,연세대학교,글로벌기초교육학부,인문사회,144,6403037.9
2019,연세대학교,문화・미디어전공,인문사회,58,3473568.1
2019,영산대학교 _제2캠퍼스,게임콘텐츠전공,예체능,27,4039581.1
2019,영산대학교 _제2캠퍼스,영화콘텐츠전공,예체능,12,4072026.7
2019,영산대학교 _제2캠퍼스,광고영상디자인전공,인문사회,11,3558970
2019,영산대학교 _제2캠퍼스,관광컨벤션전공,인문사회,28,2899789.6
2019,영산대학교 _제2캠퍼스,아세안지역전공,인문사회,11,2853743.6
2019,예원예술대학교,미술조형전공,예체능,14,2796492.9
2019,예원예술대학교,한지공간조형디자인전공,예체능,72,3847694.4
2019,예원예술대학교,뷰티패션디자인전공,예체능,65,3593813.1
2019,예원예술대학교,공연예술뮤지컬전공,예체능,22,2455846.7
2019,예원예술대학교 _제2캠퍼스,만화게임영상전공,예체능,32,2380312.2
2019,예원예술대학교 _제2캠퍼스,금속조형디자인전공,공학,29,1442594.5
2019,우송대학교,국제학부 글로벌복수학위전공,인문사회,114,4438721.6
2019,우송대학교,소방안전학부,공학,201,3893781.6
2019,우송대학교,테크노미디어융합학부 미디어디자인・영상전공,예체능,418,3643139.8
2019,우송대학교,글로벌아동교육학과,인문사회,135,3795283
2019,우송대학교,"외식조리학부 외식,조리경영전공",인문사회,194,4079865.7
2019,우송대학교,글로벌철도・교통물류학부,공학,92,4161104.3
2019,원광대학교,반려동물산업학과,공학,24,2500045.2
2019,위덕대학교,신재생에너지반도체공학부,공학,55,8347780.2
2019,유원대학교,소방행정전공,인문사회,19,0
2019,유원대학교,뷰티화장품학과,예체능,47,5066371.3
2019,유원대학교,의약바이오전공,자연과학,41,0
2019,유원대학교,청각언어치료전공,인문사회,65,0
2019,유원대학교,4차산업융합학부,공학,52,7963749.4
2019,인하대학교,금융투자학과,인문사회,111,4832839.6
2019,인하대학교,국제학부(국제경영학전공),인문사회,76,4140017.6
2019,전남대학교,농식품생명공학부,자연과학,56,2653961.1
2019,전남대학교,농생명화학과,자연과학,27,2380333.3
2019,전남대학교 _제2캠퍼스,수산해양산업관광레저융합학과,인문사회,14,60000
2019,전남대학교 _제2캠퍼스,기계IT융합공학과,공학,22,15379.5
2019,전남대학교 _제2캠퍼스,스마트전기제어공학과,공학,15,6666.7
2019,전북대학교,융합기술공학부(IT융합기전공학전공),공학,32,2226125
2019,중부대학교,공연예술체육학부,예체능,81,4625728.4
2019,중앙대학교 _제2캠퍼스,생명자원공학부(식물생명공학전공),자연과학,54,2720929.6
2019,중앙대학교 _제2캠퍼스,컴퓨터예술학부,공학,100,3927276
2019,중앙대학교 _제2캠퍼스,글로벌예술학부(실용음악전공),예체능,12,4429800
2019,중앙대학교 _제2캠퍼스,글로벌예술학부(TV방송연예전공),인문사회,31,4836010
2019,중원대학교,의료뷰티케어학과,예체능,93,3719087.1
2019,중원대학교,한국어교육문화학과,인문사회,73,4114891.8
2019,청운대학교,글로벌학부(영어전공),인문사회,25,3148350
2019,청운대학교,글로벌경영학과(경영전공),인문사회,21,5181333.3
2019,청운대학교,글로벌경영학과(무역전공),인문사회,45,2760456.4
2019,청운대학교,디자인학부(공간디자인전공),예체능,33,5562878.8
2019,청운대학교,건축공학과(건축공학전공),공학,30,2374505
2019,청운대학교,건축공학과(에너지소방전공),공학,25,2227260
2019,청운대학교,청소년상담교육학과,인문사회,17,5511970.6
2019,청주대학교,인공지능소프트웨어전공,공학,42,2977482.1
2019,청주대학교,빅데이터통계학전공,자연과학,30,2117893.3
2019,청주대학교,에너지・응용화학전공,자연과학,55,1857189.1
2019,청주대학교,융합실무법학전공,인문사회,25,2172922
2019,청주대학교,미디어커뮤니케이션한국문화전공,인문사회,57,3323480.7
2019,청주대학교,광고홍보문화콘텐츠전공,인문사회,91,3593279.7
2019,청주대학교,무인항공기학전공,공학,41,3865470.7
2019,청주대학교,건축학프로그램(5년),공학,31,4610867.7
2019,청주대학교,건축공학프로그램,공학,16,3390337.5
2019,청주대학교,제약바이오메디컬공학전공,자연과학,61,2713665.6
2019,청주대학교,중국통상・경제학전공,인문사회,35,3027505.7
2019,청주대학교,조경도시계획전공,인문사회,44,2022190.9
2019,청주대학교,전기제어전공,공학,16,2566006.2
2019,청주대학교,아트앤패션전공,예체능,69,2945500.7
2019,청주대학교,정치행정학전공,인문사회,19,2788210.5
2019,청주대학교,동양어문학전공,인문사회,25,1943164
2019,청주대학교,바이오산업공학전공,자연과학,20,1765855
2019,청주대학교,디지털보안전공,공학,26,4082142.3
2019,청주대학교,호텔외식경영학전공,인문사회,23,2911367.4
2019,충남대학교,컴퓨터융합학부,공학,121,2397511.2
2019,충남대학교,미생물・분자생명과학과,자연과학,32,2281865.6
2019,평택대학교,아동・청소년교육상담학과,인문사회,41,4029750
2019,한국공학대학교,창의디자인학과,예체능,16,13287500
2019,한국예술종합학교,외국어로서의한국어교육전공,인문사회,54,408333.3
2019,한국예술종합학교,외국어로서의한국어통번역전공,인문사회,70,381385.7
2019,한라대학교,기계시스템디자인전공,공학,13,0
2019,한신대학교,종교문화학전공,인문사회,14,3887189.3
2019,한양대학교(ERICA) _분교,디자인테크놀로지전공,예체능,21,4746101.4
2019,한양대학교(ERICA) _분교,정보사회미디어학과,공학,71,2853967.6
2019,한양대학교(ERICA) _분교,스마트융합공학부 건축IT융합전공,공학,28,13294135.7
2019,호남대학교,바이오융합학과,자연과학,69,3026132.2
2019,호원대학교,국방무기체계학과,인문사회,30,5146926.7
2019,호원대학교,항공정비공학과,공학,32,3897350
2019,홍익대학교 _제2캠퍼스,건축공학부 건축디자인전공(5년제),공학,37,3331756.8
2020,가천대학교,AI・소프트웨어학부(인공지능전공),공학,47,3929855.3
2020,가천대학교,AI・소프트웨어학부(소프트웨어전공),공학,102,2399281.4
2020,가톨릭관동대학교,항공경영물류학과,인문사회,42,2604270.6
2020,가톨릭꽃동네대학교,사회복지・상담심리학부 상담심리학과,인문사회,20,5033430
2020,가톨릭꽃동네대학교,사회복지・상담심리학부 사회복지학과,인문사회,33,4848840.9
2020,가톨릭대학교,일어일본문화학과,인문사회,143,2849628.6
2020,가톨릭대학교,바이오융합공학계열,자연과학,134,3245526.5
2020,가톨릭대학교,국제법정경계열,인문사회,56,1968418.8
2020,가톨릭대학교,바이오메디컬화학공학과,자연과학,56,5199528.6
2020,강원대학교,바이오시스템기계공학전공,자연과학,19,2323447.4
2020,강원대학교 _제2캠퍼스,소프트웨어미디어융합전공,공학,38,2294618.4
2020,강원대학교 _제2캠퍼스,전기제어계측공학부 전기공학전공,공학,28,3045057.1
2020,강원대학교 _제2캠퍼스,전기제어계측공학부 제어계측공학전공,공학,20,3113105
2020,경남과학기술대학교,컴퓨터공학부(데이터사이언스전공),공학,30,2254686.3
2020,경남과학기술대학교,컴퓨터공학부(컴퓨터소프트웨어전공),공학,42,3211371.2
2020,경남과학기술대학교,메카트로닉스・전기공학부,공학,50,2323640.8
2020,경동대학교 _제3캠퍼스,웰니스경영학과,인문사회,35,2073300
2020,경상국립대학교,P&P화학공학전공(공학),자연과학,18,7221714.4
2020,경운대학교,항공보안학전공,공학,16,6941043.7
2020,경일대학교,국토정보학부 부동산지적전공,인문사회,171,3417086.7
2020,경일대학교,화학공학부 화학공학전공,자연과학,131,3729572.5
2020,경일대학교,컴퓨터사이언스학부 사이버보안전공,공학,135,3496395.5
2020,경일대학교,컴퓨터사이언스학부 컴퓨터공학전공,공학,156,3486636.4
2020,경일대학교,기계자동차학부 자율주행모빌리티학과,공학,37,3763891.9
2020,경일대학교,영상콘텐츠제작학과,예체능,30,5131395
2020,경일대학교,평생교육컨설팅학과,인문사회,24,5534166.7
2020,경일대학교,컴퓨터사이언스학부 AI소프트웨어전공,공학,20,4252275
2020,경일대학교,ICT경영학부(인문계열),인문사회,28,6241642.9
2020,경일대학교,화학공학부 에너지공학전공,자연과학,143,3640344.9
2020,경일대학교,기계자동차학부 자율로봇공학과,공학,141,3340824.1
2020,경일대학교,K-뷰티화장품산업학부,공학,159,4832790.7
2020,경일대학교,국토정보학부 공간정보전공,공학,93,3086344.1
2020,계명대학교,글로벌한국어문화교육전공,인문사회,196,4150247
2020,계명대학교,자동차시스템공학전공,공학,31,3516521.6
2020,고신대학교,글로벌교육학부,인문사회,45,4065170.7
2020,국립강릉원주대학교,조형예술・디자인학과,예체능,194,4061404.2
2020,국립경국대학교,기계로봇공학과,공학,23,2218665.2
2020,국립경국대학교,생명백신공학전공,자연과학,18,4145818.9
2020,국립금오공과대학교,화학소재공학부,자연과학,105,2862328
2020,국립목포대학교,식의약・원예・해양자원학부,자연과학,17,2584205.9
2020,국립목포해양대학교,해양경찰학부,자연과학,90,2464467.6
2020,국립부경대학교,사회복지융합전공,인문사회,12,3721229.2
2020,국립한국교통대학교,스마트전기에너지공학과,공학,11,1426681.8
2020,국립한국교통대학교,복지・경영학과,인문사회,20,2111844
2020,국민대학교,응용화학부,자연과학,12,5253558.3
2020,금강대학교,불교인문학부,인문사회,12,7463050
2020,김천대학교,ICT군사학부,인문사회,45,3894977.8
2020,김천대학교,항공호텔조리학부(호텔조리전공),공학,22,5189181.8
2020,김천대학교,항공호텔조리학부(항공호텔전공),공학,32,4345849
2020,김천대학교,사회복지상담학부(사회복지전공),인문사회,17,5337914.7
2020,김천대학교,사회복지상담학부(상담심리전공),인문사회,22,5993282.6
2020,김천대학교,경찰소방학부(경찰행정전공),인문사회,21,4116254
2020,나사렛대학교,"휴먼재활학부(재활학트랙,수어통역교육전공)",인문사회,46,3004173.9
2020,나사렛대학교,"재활치료학부(특수체육학트랙,스포츠재활트랙)",인문사회,64,4358038.9
2020,나사렛대학교,"재활치료학부(언어치료학전공,심리상담학트랙)",인문사회,80,3527516.2
2020,나사렛대학교,재활융합기술학과,자연과학,30,3614500
2020,나사렛대학교,"예술체육학부(실용음악트랙,피아노트랙,관현악트랙)",예체능,43,4375407
2020,나사렛대학교,"IT・방송영상융합학부(정보통신보안트랙,멀티미디어콘텐츠트랙,인공지능소프트웨어트랙)",인문사회,52,3004519.2
2020,단국대학교 _제2캠퍼스,생명자원학부,자연과학,116,2891839.6
2020,단국대학교 _제2캠퍼스,의생명공학부,자연과학,60,3217801
2020,단국대학교 _제2캠퍼스,아시아중동학부,인문사회,201,2724411.2
2020,단국대학교 _제2캠퍼스,유럽중남미학부,인문사회,145,3234458.9
2020,단국대학교 _제2캠퍼스,자동차ICT융합공학과,공학,39,3445081.5
2020,대구대학교,부동산・지적학과,인문사회,162,3247950.9
2020,대구대학교,ICT융합학부(정보통신공학전공),공학,175,3574492.5
2020,대구대학교,유럽문화학과,인문사회,77,2881823.6
2020,대구예술대학교,아트&이노베이션전공,예체능,39,3786297.4
2020,대구예술대학교,건반음악전공,예체능,36,4274744.4
2020,대구예술대학교,디지털게임웹툰전공,예체능,105,3597140.8
2020,대구한의대학교,평생교육경영전공,인문사회,25,4750448
2020,대구한의대학교,메디푸드HMR산업학과,공학,23,5227667.8
2020,대구한의대학교,한방스포츠의학전공,의학,31,2937261.3
2020,대구한의대학교,평생교육복지전공,인문사회,25,5148528
2020,대전대학교,정보통신・전자공학과,공학,349,3041157.6
2020,대전대학교,환경공학・응용화학학부,자연과학,70,2947041.7
2020,동국대학교(WISE) _분교,에너지・전기공학전공,공학,61,2613318.7
2020,동국대학교(WISE) _분교,명상심리상담학과,인문사회,21,3429652.4
2020,동덕여자대학교,글로벌문화콘텐츠학과,인문사회,79,3869886.5
2020,동덕여자대학교,지능기계전공,공학,10,5597552
2020,동덕여자대학교,정보통신소프트웨어공학과,공학,153,4637536.8
2020,동덕여자대학교,불교문화전공,인문사회,12,4811707.5
2020,동덕여자대학교,조선해양플랜트설계전공,자연과학,43,6159655.1
2020,동덕여자대학교,융합전자공학과,공학,73,3555255.9
2020,동덕여자대학교,사회안전학부,공학,17,5118411.8
2020,동아대학교,정치・사회학부 사회학전공,인문사회,35,3078162
2020,동아대학교,정치・사회학부 정치외교학전공,인문사회,38,2912411.6
2020,동아대학교,경찰범죄심리학과,인문사회,47,3446329.8
2020,루터대학교,디아코니아학부(상담심리학전공),인문사회,85,4161938.2
2020,루터대학교,디아코니아학부(언어치료학전공),인문사회,79,4059973.4
2020,루터대학교,디아코니아학부(사회복지학전공),인문사회,85,3113529.4
2020,명지대학교 _제2캠퍼스,복지상담경영학과,인문사회,14,2125892.9
2020,목원대학교,광고홍보언론학부,인문사회,262,4413770.4
2020,목원대학교,공연예술학부 실용음악전공,예체능,25,5678776
2020,목원대학교,공연예술학부 작곡전공,예체능,13,3811415.4
2020,목원대학교,화학・화장품학부,자연과학,215,3654359.6
2020,배재대학교,AI・전기공학과,공학,52,3633394.2
2020,배재대학교,드론・철도・건설시스템공학과,공학,224,3993635.4
2020,배재대학교,아트앤웹툰학과,예체능,59,3986017
2020,배재대학교,바이오의약학부,자연과학,62,3870558.3
2020,배재대학교,국어국문한국어교육학과,인문사회,165,4166890.7
2020,배재대학교,글로벌외국어자율전공학부,인문사회,83,3044319.3
2020,배재대학교,호텔레저경영학과,인문사회,150,3199803.9
2020,부산대학교,의생명융합공학부,자연과학,53,2723541.9
2020,부산대학교,조선・해양공학과,자연과학,82,0
2020,부산장신대학교,기독교사회복지상담학과,인문사회,12,6556595.8
2020,상명대학교,미술학부 조형예술전공,예체능,103,3825111
2020,상명대학교,인문콘텐츠학부 역사콘텐츠전공,인문사회,145,3891088
2020,상명대학교,인문콘텐츠학부 문헌정보학전공,인문사회,134,3266731.3
2020,상명대학교,미술학부 생활예술전공,예체능,99,3935131.5
2020,상명대학교,스포츠무용학부 무용예술전공,예체능,134,3346273
2020,상명대학교,스포츠무용학부 스포츠건강관리전공,예체능,146,3262978.8
2020,상명대학교,외식의류학부 의류학전공,자연과학,173,3093767.1
2020,상명대학교,외식의류학부 식품영양학전공,자연과학,158,3311428.5
2020,상명대학교,생명화학공학부 화공신소재전공,자연과학,172,3852644.8
2020,상명대학교,생명화학공학부 화학에너지공학전공,자연과학,104,3781229.5
2020,상명대학교,생명화학공학부 생명공학전공,자연과학,129,4093086.7
2020,상명대학교,전기전자공학부 융합전자공학전공,공학,86,4365523.2
2020,상명대학교,전기전자공학부 전기공학전공,공학,141,3800400.9
2020,상명대학교,SW융합학부 한일문화콘텐츠전공,인문사회,33,3533324.5
2020,상명대학교,SW융합학부 애니메이션전공,예체능,25,3763194.8
2020,상명대학교,SW융합학부 게임전공,예체능,138,3593503.6
2020,상명대학교,SW융합학부 컴퓨터과학전공,공학,490,3342466.1
2020,상명대학교,SW융합학부 휴먼지능정보공학전공,공학,201,3724271.1
2020,상명대학교 _제2캠퍼스,예술학부 문화예술경영전공,인문사회,12,0
2020,상명대학교 _제2캠퍼스,예술학부 디지털콘텐츠전공,예체능,21,3592541
2020,상명대학교 _제2캠퍼스,예술학부 사진영상미디어전공,예체능,17,6142374.1
2020,상명대학교 _제2캠퍼스,글로벌지역학부 한국언어문화전공,인문사회,150,3598913.9
2020,상명대학교 _제2캠퍼스,예술학부 무대미술전공,예체능,26,0
2020,상명대학교 _제2캠퍼스,예술학부 디지털만화영상전공,예체능,54,3730100.4
2020,상명대학교 _제2캠퍼스,글로벌금융경영학부,인문사회,299,2845430.6
2020,상명대학교 _제2캠퍼스,일본어권지역학전공,인문사회,17,3277837.6
2020,상명대학교 _제2캠퍼스,영어권지역학전공,인문사회,26,3117913.8
2020,상명대학교 _제2캠퍼스,프랑스어권지역학전공,인문사회,15,3206000
2020,상명대학교 _제2캠퍼스,독일어권지역학전공,인문사회,10,3387235
2020,상명대학교 _제2캠퍼스,중국어권지역학전공,인문사회,25,4222388.4
2020,상명대학교 _제2캠퍼스,스포츠경영전공,인문사회,45,4435385.1
2020,상지대학교,식물생명자원학과,자연과학,70,2891934.3
2020,상지대학교,아시아국제관계학과,인문사회,25,2838080
2020,상지대학교,관광여가기획학과,인문사회,62,2382013.4
2020,상지대학교,응용물리전자학과,자연과학,88,2863077.4
2020,상지대학교,정밀화학신소재학과,자연과학,97,2870113.2
2020,서경대학교,산업공학과(ITM전공),공학,100,6220136.2
2020,서경대학교,산업공학과(산업정보시스템전공),공학,302,3502025.8
2020,서경대학교,디자인학과(산업디자인전공),공학,50,2091425
2020,서경대학교,디자인학과(시각디자인전공),예체능,53,2160599.4
2020,서경대학교,융합사회학부(벤처경영전공),인문사회,105,3910269.1
2020,서경대학교,융합사회학부(영어전공),인문사회,45,2687772.9
2020,서경대학교,융합사회학부(문화예술전공),인문사회,61,3898539.5
2020,서원대학교,디저트식음료경영전공,인문사회,21,2767690.5
2020,서원대학교,외국어자율전공학부 스페인어중남미전공,인문사회,18,5143066.2
2020,서원대학교,외국어자율전공학부 러시아어전공,인문사회,16,2997405.4
2020,서원대학교,외국어자율전공학부 일본어전공,인문사회,32,6375113
2020,서원대학교,외국어자율전공학부 중국어전공,인문사회,28,3757720.6
2020,서원대학교,외국어자율전공학부 영어전공,인문사회,31,5617104.1
2020,서원대학교,토목방재공학과,공학,30,2730727.3
2020,서원대학교,글로벌관광학과,인문사회,72,4536461.8
2020,서원대학교,디스플레이반도체공학과,공학,52,2932702.2
2020,서원대학교,상담산업심리학과,인문사회,43,3619493.1
2020,성결대학교,정치학전공,인문사회,13,2418523.1
2020,세명대학교,지구자원시스템공학과,자연과학,46,3490419.6
2020,세명대학교,영상디자인융합전공,예체능,10,0
2020,세한대학교,항공해양물류학과,자연과학,46,2573677
2020,송원대학교,철도건설환경시스템학과,자연과학,26,4273684.6
2020,송원대학교,재활보건학과,자연과학,30,4120795.8
2020,신경주대학교,디자인애니메이션학부,예체능,43,4511511.6
2020,신경주대학교,호텔카지노경영학과,인문사회,92,2643521.7
2020,신한대학교 _제2캠퍼스,토지행정학과,인문사회,169,4124202.3
2020,연세대학교,바이오생활공학전공,자연과학,10,3876805
2020,영산대학교 _제2캠퍼스,베트남지역전공,인문사회,10,2342801
2020,영산대학교 _제2캠퍼스,방송사진예술학과,인문사회,91,3523041.8
2020,영산대학교 _제2캠퍼스,연기공연예술학과,예체능,108,3553475.2
2020,영산대학교 _제2캠퍼스,웹툰영화학과,자연과학,64,4253195.3
2020,영산대학교 _제2캠퍼스,전시컨벤션관광전공,인문사회,38,2912376.6
2020,예원예술대학교,융합조형디자인전공,예체능,129,3030802.3
2020,유원대학교,사회복지상담전공,인문사회,187,0
2020,유원대학교,호텔항공서비스학과,공학,113,4370034.5
2020,인천대학교,글로벌무역물류학과,인문사회,16,2253850
2020,인천대학교,도시건설공학과,인문사회,11,1902800
2020,인하대학교,국제학부(국제한국언어문화학전공),인문사회,18,5047722.2
2020,인하대학교,국제학부(융합시스템공학전공),인문사회,39,3669923.1
2020,전남대학교 _제2캠퍼스,문화관광경영학과,인문사회,21,3329976.2
2020,전남대학교 _제2캠퍼스,해양생산관리학과,자연과학,25,2177440
2020,전주대학교,문화융합콘텐츠학과,인문사회,11,6538000
2020,전주대학교,창업경영금융학과,인문사회,20,6668700
2020,전주대학교,농생명ICT학과,자연과학,15,6503000
2020,조선대학교,공공인재법무학과,인문사회,59,3069966.4
2020,조선대학교,소방재난관리학과,공학,27,3156907.4
2020,조선대학교,신산업융합학부(ICT응용전공),공학,22,5757958.2
2020,조선대학교,신산업융합학부(소방・에너지시스템전공),공학,18,5392045
2020,조선대학교,휴먼융합서비스학부(문화산업전공),인문사회,10,4501303
2020,조선대학교,문화콘텐츠학부(가구・도자디자인전공),인문사회,73,4085165.6
2020,조선대학교,회화학부,자연과학,37,3772104.6
2020,조선대학교,라이프스타일디자인학부,예체능,52,3910731.3
2020,조선대학교,라이프스타일디자인학부(섬유・패션디자인전공),공학,91,3288331.8
2020,조선대학교,라이프스타일디자인학부(실내디자인전공),예체능,73,3390563.3
2020,조선대학교,문화콘텐츠학부(현대조형미디어전공),인문사회,56,3149111.6
2020,조선대학교,회화학부(서양화전공),자연과학,64,3429834.4
2020,조선대학교,회화학부(한국화전공),자연과학,43,4441983.7
2020,조선대학교,문화콘텐츠학부(시각문화큐레이터전공),인문사회,30,5300046.3
2020,중부대학교,항공관광&카지노학전공,인문사회,88,3763253.2
2020,중부대학교,호텔외식산업학전공,공학,16,4735458.7
2020,중부대학교,한방보건제약학과,자연과학,91,3509421.4
2020,중부대학교,바이오식품학전공,자연과학,18,3115313.9
2020,중부대학교,바이오화장품학전공,자연과학,18,4724305.6
2020,중부대학교,전자출판인쇄공학전공,공학,35,3608157.1
2020,중부대학교,아동보육학전공,인문사회,15,3315213.3
2020,중앙대학교 _제2캠퍼스,디자인학부(패션전공),예체능,51,3311582.1
2020,중앙대학교 _제2캠퍼스,글로벌예술학부(게임콘텐츠・애니메이션전공),예체능,15,3530598
2020,청운대학교,연극예술학과,예체능,66,4449409.1
2020,청운대학교,글로벌학부(중국학전공),인문사회,10,4591000
2020,청운대학교,디자인학부(무대영상디자인전공),예체능,51,4321590.2
2020,청주대학교,신문방송한국문화전공,인문사회,102,3476904.5
2020,초당대학교,항공드론학과,공학,37,4171448.9
2020,한경국립대학교,법경영학부,인문사회,88,2099159.8
2020,한경국립대학교,컴퓨터응용수학부,자연과학,71,2746713.5
2020,한경국립대학교,동물생명융합학부,자연과학,67,2058007.8
2020,한경국립대학교,사회안전시스템공학부,공학,76,2190340.7
2020,한경국립대학교,응용자원환경학부,자연과학,93,2145638.1
2020,한경국립대학교,식품생명화학공학부,자연과학,87,2508481.8
2020,한경국립대학교,ICT로봇기계공학부,공학,80,2030824.3
2020,한경국립대학교,웰니스산업융합학부,공학,83,2601205.9
2020,한국공학대학교,화합물반도체공학과,공학,18,1203583.3
2020,한국공학대학교,스마트컴퓨터융합공학과,공학,32,388281.3
2020,한국국제대학교,항공공학부,공학,26,2500147.3
2020,한남대학교,사회적경제기업학과,인문사회,34,4747888.2
2020,한동대학교,창의융합교육원(인문사회),인문사회,12,7403915.4
2020,한성대학교,융합행정학과,인문사회,21,5415449.7
2020,한신대학교,디지털영상문화콘텐츠학과,인문사회,26,3211342.3
2020,한신대학교,독어독문화학과,인문사회,29,2720486.2
2020,호남대학교,연극뮤지컬음악전공,예체능,29,0
2020,호남대학교,미디어영화영상제작전공,예체능,32,0
2020,호남대학교,e스포츠산업학과,공학,23,4552353
2020,호서대학교,문화영상학부,인문사회,95,3497678.9
2020,호서대학교,법경찰행정학과,인문사회,121,3655609.1
2020,호서대학교,청소년문화・상담학과,인문사회,163,3742756.5
2020,호서대학교,기계ICT공학과,공학,20,7256497.5
2020,호서대학교,게임애니메이션융합학부,예체능,326,3617725.2
2020,호서대학교,동물보건복지학과,자연과학,41,3719378
2020,호원대학교,공연예술패션학과,예체능,12,5798729.2
2020,호원대학교,IT소프트웨어보안학과,공학,16,2729250
2020,호원대학교,컴퓨터.게임융합학과,공학,18,4544208.3
2020,호원대학교,미용복지학과,예체능,17,7075898.2
2020,홍익대학교,공연예술학부(실용음악전공),예체능,30,5107429.7
2020,홍익대학교,공연예술학부(뮤지컬전공),예체능,20,7992588
