기준년도,학교명,최종_계열,졸업자_남,졸업자_여,진학자_남,진학자_여,졸업자_총합,진학자_총합,진학률(%),학교명_정규화
2010,가천대학교,공학계열,395,97,24,6,492,30,6.1,가천대학교
2010,가천대학교,예체능계열,106,246,11,15,352,26,7.4,가천대학교
2010,가천대학교,의학계열,18,5,2,1,23,3,13.0,가천대학교
2010,가천대학교,인문사회계열,263,314,9,17,577,26,4.5,가천대학교
2010,가천대학교,자연과학계열,132,131,19,13,263,32,12.2,가천대학교
2010,가톨릭관동대학교,공학계열,195,12,7,1,207,8,3.9,가톨릭관동대학교
2010,가톨릭관동대학교,예체능계열,39,65,2,1,104,3,2.9,가톨릭관동대학교
2010,가톨릭관동대학교,의학계열,39,9,0,0,48,0,0.0,가톨릭관동대학교
2010,가톨릭관동대학교,인문사회계열,604,390,13,10,994,23,2.3,가톨릭관동대학교
2010,가톨릭관동대학교,자연과학계열,109,140,3,0,249,3,1.2,가톨릭관동대학교
2010,가톨릭꽃동네대학교,인문사회계열,32,90,1,1,122,2,1.6,가톨릭꽃동네대학교
2010,가톨릭꽃동네대학교,자연과학계열,0,33,0,0,33,0,0.0,가톨릭꽃동네대학교
2010,가톨릭대학교,공학계열,138,57,8,4,195,12,6.2,가톨릭대학교
2010,가톨릭대학교,예체능계열,17,73,0,7,90,7,7.8,가톨릭대학교
2010,가톨릭대학교,인문사회계열,320,550,22,33,870,55,6.3,가톨릭대학교
2010,가톨릭대학교,자연과학계열,85,196,19,29,281,48,17.1,가톨릭대학교
2010,가톨릭대학교 _제2캠퍼스,의학계열,77,34,0,0,111,0,0.0,가톨릭대학교 _제2캠퍼스
2010,가톨릭대학교 _제2캠퍼스,자연과학계열,1,70,0,0,71,0,0.0,가톨릭대학교 _제2캠퍼스
2010,가톨릭대학교 _제3캠퍼스,인문사회계열,37,9,28,1,46,29,63.0,가톨릭대학교 _제3캠퍼스
2010,감리교신학대학교,인문사회계열,133,63,43,8,196,51,26.0,감리교신학대학교
2010,강남대학교,공학계열,176,119,15,7,295,22,7.5,강남대학교
2010,강남대학교,예체능계열,32,82,0,3,114,3,2.6,강남대학교
2010,강남대학교,인문사회계열,380,540,8,12,920,20,2.2,강남대학교
2010,강남대학교,자연과학계열,9,23,0,1,32,1,3.1,강남대학교
2010,강서대학교,예체능계열,5,30,1,0,35,1,2.9,강서대학교
2010,강서대학교,인문사회계열,68,89,4,2,157,6,3.8,강서대학교
2010,강원대학교,공학계열,524,144,106,22,668,128,19.2,강원대학교
2010,강원대학교,예체능계열,30,93,2,14,123,16,13.0,강원대학교
2010,강원대학교,의학계열,66,22,1,3,88,4,4.5,강원대학교
2010,강원대학교,인문사회계열,467,642,23,28,1109,51,4.6,강원대학교
2010,강원대학교,자연과학계열,422,437,103,84,859,187,21.8,강원대학교
2010,강원대학교 _제2캠퍼스,공학계열,447,78,10,4,525,14,2.7,강원대학교 _제2캠퍼스
2010,강원대학교 _제2캠퍼스,예체능계열,45,25,3,1,70,4,5.7,강원대학교 _제2캠퍼스
2010,강원대학교 _제2캠퍼스,인문사회계열,103,137,2,5,240,7,2.9,강원대학교 _제2캠퍼스
2010,강원대학교 _제2캠퍼스,자연과학계열,39,39,5,1,78,6,7.7,강원대학교 _제2캠퍼스
2010,건국대학교,공학계열,615,192,82,17,807,99,12.3,건국대학교
2010,건국대학교,예체능계열,88,182,8,11,270,19,7.0,건국대학교
2010,건국대학교,의학계열,69,33,12,7,102,19,18.6,건국대학교
2010,건국대학교,인문사회계열,762,523,38,30,1285,68,5.3,건국대학교
2010,건국대학교,자연과학계열,234,252,52,52,486,104,21.4,건국대학교
2010,건국대학교(글로컬) _분교,공학계열,199,109,16,4,308,20,6.5,건국대학교(글로컬) _분교
2010,건국대학교(글로컬) _분교,예체능계열,75,109,7,1,184,8,4.3,건국대학교(글로컬) _분교
2010,건국대학교(글로컬) _분교,의학계열,6,1,0,0,7,0,0.0,건국대학교(글로컬) _분교
2010,건국대학교(글로컬) _분교,인문사회계열,339,415,6,13,754,19,2.5,건국대학교(글로컬) _분교
2010,건국대학교(글로컬) _분교,자연과학계열,202,218,35,30,420,65,15.5,건국대학교(글로컬) _분교
2010,건양대학교,공학계열,144,55,9,3,199,12,6.0,건양대학교
2010,건양대학교,예체능계열,141,95,4,1,236,5,2.1,건양대학교
2010,건양대학교,인문사회계열,233,423,7,11,656,18,2.7,건양대학교
2010,건양대학교,자연과학계열,109,182,5,8,291,13,4.5,건양대학교
2010,건양대학교 _제2캠퍼스,의학계열,35,18,0,0,53,0,0.0,건양대학교 _제2캠퍼스
2010,건양대학교 _제2캠퍼스,인문사회계열,10,24,0,0,34,0,0.0,건양대학교 _제2캠퍼스
2010,건양대학교 _제2캠퍼스,자연과학계열,44,126,2,7,170,9,5.3,건양대학교 _제2캠퍼스
2010,경기대학교,공학계열,293,83,13,4,376,17,4.5,경기대학교
2010,경기대학교,예체능계열,91,142,2,5,233,7,3.0,경기대학교
2010,경기대학교,인문사회계열,411,610,7,14,1021,21,2.1,경기대학교
2010,경기대학교,자연과학계열,132,123,13,12,255,25,9.8,경기대학교
2010,경기대학교 _제2캠퍼스,공학계열,7,10,0,0,17,0,0.0,경기대학교 _제2캠퍼스
2010,경기대학교 _제2캠퍼스,예체능계열,29,38,2,1,67,3,4.5,경기대학교 _제2캠퍼스
2010,경기대학교 _제2캠퍼스,인문사회계열,8,11,0,0,19,0,0.0,경기대학교 _제2캠퍼스
2010,경남대학교,공학계열,708,52,25,3,760,28,3.7,경남대학교
2010,경남대학교,예체능계열,42,88,0,1,130,1,0.8,경남대학교
2010,경남대학교,인문사회계열,835,889,9,21,1724,30,1.7,경남대학교
2010,경남대학교,자연과학계열,179,174,10,7,353,17,4.8,경남대학교
2010,경동대학교,공학계열,76,16,1,3,92,4,4.3,경동대학교
2010,경동대학교,예체능계열,14,7,0,0,21,0,0.0,경동대학교
2010,경동대학교,인문사회계열,203,154,4,4,357,8,2.2,경동대학교
2010,경동대학교,자연과학계열,4,7,0,0,11,0,0.0,경동대학교
2010,경북대학교,공학계열,1028,274,192,57,1302,249,19.1,경북대학교
2010,경북대학교,예체능계열,41,157,5,22,198,27,13.6,경북대학교
2010,경북대학교,의학계열,68,25,3,3,93,6,6.5,경북대학교
2010,경북대학교,인문사회계열,708,830,42,64,1538,106,6.9,경북대학교
2010,경북대학교,자연과학계열,358,506,61,86,864,147,17.0,경북대학교
2010,경상국립대학교,공학계열,777,147,82,15,924,97,10.5,경상국립대학교
2010,경상국립대학교,예체능계열,13,42,2,2,55,4,7.3,경상국립대학교
2010,경상국립대학교,의학계열,58,13,7,2,71,9,12.7,경상국립대학교
2010,경상국립대학교,인문사회계열,487,722,17,26,1209,43,3.6,경상국립대학교
2010,경상국립대학교,자연과학계열,412,380,57,64,792,121,15.3,경상국립대학교
2010,경성대학교,공학계열,327,92,18,7,419,25,6.0,경성대학교
2010,경성대학교,예체능계열,160,380,8,20,540,28,5.2,경성대학교
2010,경성대학교,인문사회계열,522,884,12,18,1406,30,2.1,경성대학교
2010,경성대학교,자연과학계열,106,160,10,14,266,24,9.0,경성대학교
2010,경인교육대학교,공학계열,14,23,0,0,37,0,0.0,경인교육대학교
2010,경인교육대학교,인문사회계열,176,273,1,0,449,1,0.2,경인교육대학교
2010,경인교육대학교,자연과학계열,12,22,0,0,34,0,0.0,경인교육대학교
2010,경일대학교,공학계열,393,30,18,1,423,19,4.5,경일대학교
2010,경일대학교,예체능계열,62,46,2,4,108,6,5.6,경일대학교
2010,경일대학교,인문사회계열,165,94,3,1,259,4,1.5,경일대학교
2010,경일대학교,자연과학계열,20,13,0,2,33,2,6.1,경일대학교
2010,경희대학교,공학계열,36,31,6,3,67,9,13.4,경희대학교
2010,경희대학교,예체능계열,61,175,13,31,236,44,18.6,경희대학교
2010,경희대학교,의학계열,137,35,4,1,172,5,2.9,경희대학교
2010,경희대학교,인문사회계열,802,826,49,69,1628,118,7.2,경희대학교
2010,경희대학교,자연과학계열,222,364,44,63,586,107,18.3,경희대학교
2010,계명대학교,공학계열,414,158,33,11,572,44,7.7,계명대학교
2010,계명대학교,예체능계열,248,513,22,58,761,80,10.5,계명대학교
2010,계명대학교,의학계열,59,29,0,0,88,0,0.0,계명대학교
2010,계명대학교,인문사회계열,899,1125,31,36,2024,67,3.3,계명대학교
2010,계명대학교,자연과학계열,130,392,13,27,522,40,7.7,계명대학교
2010,고려대학교,공학계열,850,227,287,71,1077,358,33.2,고려대학교
2010,고려대학교,예체능계열,30,38,7,11,68,18,26.5,고려대학교
2010,고려대학교,의학계열,65,44,0,0,109,0,0.0,고려대학교
2010,고려대학교,인문사회계열,1216,939,193,190,2155,383,17.8,고려대학교
2010,고려대학교,자연과학계열,324,280,112,76,604,188,31.1,고려대학교
2010,고려대학교(세종) _분교,공학계열,245,39,56,7,284,63,22.2,고려대학교(세종) _분교
2010,고려대학교(세종) _분교,예체능계열,9,13,2,2,22,4,18.2,고려대학교(세종) _분교
2010,고려대학교(세종) _분교,인문사회계열,428,282,23,25,710,48,6.8,고려대학교(세종) _분교
2010,고려대학교(세종) _분교,자연과학계열,141,78,35,15,219,50,22.8,고려대학교(세종) _분교
2010,고신대학교,공학계열,5,7,0,0,12,0,0.0,고신대학교
2010,고신대학교,예체능계열,13,54,1,4,67,5,7.5,고신대학교
2010,고신대학교,의학계열,56,21,0,0,77,0,0.0,고신대학교
2010,고신대학교,인문사회계열,154,230,30,8,384,38,9.9,고신대학교
2010,고신대학교,자연과학계열,31,118,2,3,149,5,3.4,고신대학교
2010,공주교육대학교,공학계열,11,22,0,0,33,0,0.0,공주교육대학교
2010,공주교육대학교,인문사회계열,144,317,10,5,461,15,3.3,공주교육대학교
2010,공주교육대학교,자연과학계열,20,32,0,0,52,0,0.0,공주교육대학교
2010,광신대학교,예체능계열,5,21,0,1,26,1,3.8,광신대학교
2010,광신대학교,인문사회계열,47,34,13,3,81,16,19.8,광신대학교
2010,광운대학교,공학계열,662,105,89,9,767,98,12.8,광운대학교
2010,광운대학교,예체능계열,67,34,4,1,101,5,5.0,광운대학교
2010,광운대학교,인문사회계열,231,178,9,8,409,17,4.2,광운대학교
2010,광운대학교,자연과학계열,157,84,40,16,241,56,23.2,광운대학교
2010,광주가톨릭대학교,인문사회계열,30,1,19,0,31,19,61.3,광주가톨릭대학교
2010,광주과학기술원,공학계열,0,0,0,0,0,0,0.0,광주과학기술원
2010,광주과학기술원,인문사회계열,0,0,0,0,0,0,0.0,광주과학기술원
2010,광주과학기술원,자연과학계열,0,0,0,0,0,0,0.0,광주과학기술원
2010,광주교육대학교,공학계열,30,37,1,0,67,1,1.5,광주교육대학교
2010,광주교육대학교,인문사회계열,170,246,3,2,416,5,1.2,광주교육대학교
2010,광주교육대학교,자연과학계열,15,18,1,0,33,1,3.0,광주교육대학교
2010,광주대학교,공학계열,70,18,2,5,88,7,8.0,광주대학교
2010,광주대학교,예체능계열,29,92,0,10,121,10,8.3,광주대학교
2010,광주대학교,인문사회계열,149,544,7,20,693,27,3.9,광주대학교
2010,광주대학교,자연과학계열,3,2,0,0,5,0,0.0,광주대학교
2010,광주여자대학교,예체능계열,0,134,0,10,134,10,7.5,광주여자대학교
2010,광주여자대학교,인문사회계열,0,425,0,13,425,13,3.1,광주여자대학교
2010,광주여자대학교,자연과학계열,0,89,0,3,89,3,3.4,광주여자대학교
2010,국립강릉원주대학교,공학계열,288,102,24,4,390,28,7.2,국립강릉원주대학교
2010,국립강릉원주대학교,예체능계열,52,60,4,3,112,7,6.2,국립강릉원주대학교
2010,국립강릉원주대학교,의학계열,29,9,0,0,38,0,0.0,국립강릉원주대학교
2010,국립강릉원주대학교,인문사회계열,263,316,8,6,579,14,2.4,국립강릉원주대학교
2010,국립강릉원주대학교,자연과학계열,221,120,14,14,341,28,8.2,국립강릉원주대학교
2010,국립경국대학교,공학계열,360,77,35,3,437,38,8.7,국립경국대학교
2010,국립경국대학교,예체능계열,52,70,9,10,122,19,15.6,국립경국대학교
2010,국립경국대학교,인문사회계열,281,322,7,16,603,23,3.8,국립경국대학교
2010,국립경국대학교,자연과학계열,214,113,15,10,327,25,7.6,국립경국대학교
2010,국립공주대학교,공학계열,832,218,68,23,1050,91,8.7,국립공주대학교
2010,국립공주대학교,예체능계열,82,112,6,9,194,15,7.7,국립공주대학교
2010,국립공주대학교,인문사회계열,322,674,12,21,996,33,3.3,국립공주대학교
2010,국립공주대학교,자연과학계열,339,572,37,44,911,81,8.9,국립공주대학교
2010,국립군산대학교,공학계열,537,66,36,1,603,37,6.1,국립군산대학교
2010,국립군산대학교,예체능계열,65,111,6,19,176,25,14.2,국립군산대학교
2010,국립군산대학교,의학계열,25,3,4,0,28,4,14.3,국립군산대학교
2010,국립군산대학교,인문사회계열,247,344,4,19,591,23,3.9,국립군산대학교
2010,국립군산대학교,자연과학계열,157,94,17,16,251,33,13.1,국립군산대학교
2010,국립금오공과대학교,공학계열,731,137,93,17,868,110,12.7,국립금오공과대학교
2010,국립금오공과대학교,자연과학계열,42,42,4,10,84,14,16.7,국립금오공과대학교
2010,국립목포대학교,공학계열,399,73,34,5,472,39,8.3,국립목포대학교
2010,국립목포대학교,예체능계열,58,102,1,9,160,10,6.2,국립목포대학교
2010,국립목포대학교,인문사회계열,297,429,7,11,726,18,2.5,국립목포대학교
2010,국립목포대학교,자연과학계열,110,125,3,5,235,8,3.4,국립목포대학교
2010,국립목포해양대학교,공학계열,565,70,13,1,635,14,2.2,국립목포해양대학교
2010,국립부경대학교,공학계열,1382,365,130,32,1747,162,9.3,국립부경대학교
2010,국립부경대학교,예체능계열,42,61,4,1,103,5,4.9,국립부경대학교
2010,국립부경대학교,의학계열,23,16,6,6,39,12,30.8,국립부경대학교
2010,국립부경대학교,인문사회계열,436,547,14,23,983,37,3.8,국립부경대학교
2010,국립부경대학교,자연과학계열,235,372,45,45,607,90,14.8,국립부경대학교
2010,국립순천대학교,공학계열,431,180,38,8,611,46,7.5,국립순천대학교
2010,국립순천대학교,예체능계열,51,97,3,5,148,8,5.4,국립순천대학교
2010,국립순천대학교,인문사회계열,221,333,9,5,554,14,2.5,국립순천대학교
2010,국립순천대학교,자연과학계열,132,127,14,5,259,19,7.3,국립순천대학교
2010,국립창원대학교,공학계열,466,105,60,5,571,65,11.4,국립창원대학교
2010,국립창원대학교,예체능계열,49,88,6,18,137,24,17.5,국립창원대학교
2010,국립창원대학교,인문사회계열,238,435,5,8,673,13,1.9,국립창원대학교
2010,국립창원대학교,자연과학계열,97,186,26,22,283,48,17.0,국립창원대학교
2010,국립한국교통대학교,공학계열,736,178,48,10,914,58,6.3,국립한국교통대학교
2010,국립한국교통대학교,예체능계열,9,33,1,4,42,5,11.9,국립한국교통대학교
2010,국립한국교통대학교,인문사회계열,106,172,2,3,278,5,1.8,국립한국교통대학교
2010,국립한국교통대학교,자연과학계열,49,214,3,3,263,6,2.3,국립한국교통대학교
2010,국립한국해양대학교,공학계열,802,160,79,29,962,108,11.2,국립한국해양대학교
2010,국립한국해양대학교,예체능계열,21,8,1,0,29,1,3.4,국립한국해양대학교
2010,국립한국해양대학교,인문사회계열,172,139,6,5,311,11,3.5,국립한국해양대학교
2010,국립한국해양대학교,자연과학계열,37,23,5,3,60,8,13.3,국립한국해양대학교
2010,국민대학교,공학계열,549,163,80,26,712,106,14.9,국민대학교
2010,국민대학교,예체능계열,197,331,17,44,528,61,11.6,국민대학교
2010,국민대학교,인문사회계열,623,564,25,29,1187,54,4.5,국민대학교
2010,국민대학교,자연과학계열,99,158,27,30,257,57,22.2,국민대학교
2010,극동대학교,공학계열,59,4,2,0,63,2,3.2,극동대학교
2010,극동대학교,예체능계열,56,40,3,1,96,4,4.2,극동대학교
2010,극동대학교,인문사회계열,188,238,5,3,426,8,1.9,극동대학교
2010,극동대학교,자연과학계열,5,47,2,1,52,3,5.8,극동대학교
2010,금강대학교,인문사회계열,11,26,1,2,37,3,8.1,금강대학교
2010,나사렛대학교,공학계열,13,4,0,0,17,0,0.0,나사렛대학교
2010,나사렛대학교,예체능계열,30,107,6,1,137,7,5.1,나사렛대학교
2010,나사렛대학교,인문사회계열,185,525,19,12,710,31,4.4,나사렛대학교
2010,나사렛대학교,자연과학계열,49,21,3,0,70,3,4.3,나사렛대학교
2010,남부대학교,공학계열,41,3,1,0,44,1,2.3,남부대학교
2010,남부대학교,예체능계열,41,56,6,7,97,13,13.4,남부대학교
2010,남부대학교,인문사회계열,63,95,7,6,158,13,8.2,남부대학교
2010,남부대학교,자연과학계열,68,75,3,3,143,6,4.2,남부대학교
2010,단국대학교,공학계열,539,125,50,24,664,74,11.1,단국대학교
2010,단국대학교,예체능계열,78,171,7,10,249,17,6.8,단국대학교
2010,단국대학교,인문사회계열,494,567,20,25,1061,45,4.2,단국대학교
2010,단국대학교,자연과학계열,124,126,20,17,250,37,14.8,단국대학교
2010,대구가톨릭대학교,공학계열,256,89,19,11,345,30,8.7,대구가톨릭대학교
2010,대구가톨릭대학교,예체능계열,79,221,7,29,300,36,12.0,대구가톨릭대학교
2010,대구가톨릭대학교,인문사회계열,532,635,10,17,1167,27,2.3,대구가톨릭대학교
2010,대구가톨릭대학교,자연과학계열,200,249,26,21,449,47,10.5,대구가톨릭대학교
2010,대구교육대학교,공학계열,18,23,0,0,41,0,0.0,대구교육대학교
2010,대구교육대학교,인문사회계열,177,329,7,4,506,11,2.2,대구교육대학교
2010,대구교육대학교,자연과학계열,23,45,0,1,68,1,1.5,대구교육대학교
2010,대구대학교,공학계열,567,148,26,5,715,31,4.3,대구대학교
2010,대구대학교,예체능계열,105,186,9,11,291,20,6.9,대구대학교
2010,대구대학교,인문사회계열,855,1185,24,38,2040,62,3.0,대구대학교
2010,대구대학교,자연과학계열,290,323,24,14,613,38,6.2,대구대학교
2010,대구예술대학교,공학계열,7,4,0,0,11,0,0.0,대구예술대학교
2010,대구예술대학교,예체능계열,81,101,2,6,182,8,4.4,대구예술대학교
2010,대구예술대학교,인문사회계열,18,1,2,0,19,2,10.5,대구예술대학교
2010,대구한의대학교,공학계열,53,29,0,1,82,1,1.2,대구한의대학교
2010,대구한의대학교,예체능계열,55,84,0,1,139,1,0.7,대구한의대학교
2010,대구한의대학교,의학계열,113,42,0,1,155,1,0.6,대구한의대학교
2010,대구한의대학교,인문사회계열,144,194,4,4,338,8,2.4,대구한의대학교
2010,대구한의대학교,자연과학계열,197,376,6,4,573,10,1.7,대구한의대학교
2010,대신대학교,예체능계열,3,15,1,1,18,2,11.1,대신대학교
2010,대신대학교,인문사회계열,66,52,6,2,118,8,6.8,대신대학교
2010,대전가톨릭대학교,인문사회계열,12,1,10,0,13,10,76.9,대전가톨릭대학교
2010,대전대학교,공학계열,206,62,6,5,268,11,4.1,대전대학교
2010,대전대학교,예체능계열,114,105,4,5,219,9,4.1,대전대학교
2010,대전대학교,의학계열,56,36,0,1,92,1,1.1,대전대학교
2010,대전대학교,인문사회계열,384,358,8,10,742,18,2.4,대전대학교
2010,대전대학교,자연과학계열,174,249,11,10,423,21,5.0,대전대학교
2010,대진대학교,공학계열,282,63,16,1,345,17,4.9,대진대학교
2010,대진대학교,예체능계열,51,203,6,27,254,33,13.0,대진대학교
2010,대진대학교,인문사회계열,262,358,11,17,620,28,4.5,대진대학교
2010,대진대학교,자연과학계열,113,94,9,6,207,15,7.2,대진대학교
2010,덕성여자대학교,공학계열,0,78,0,2,78,2,2.6,덕성여자대학교
2010,덕성여자대학교,예체능계열,0,200,0,24,200,24,12.0,덕성여자대학교
2010,덕성여자대학교,인문사회계열,0,628,0,32,628,32,5.1,덕성여자대학교
2010,덕성여자대학교,자연과학계열,0,336,0,34,336,34,10.1,덕성여자대학교
2010,동국대학교,공학계열,325,102,39,12,427,51,11.9,동국대학교
2010,동국대학교,예체능계열,56,92,5,18,148,23,15.5,동국대학교
2010,동국대학교,인문사회계열,738,710,40,45,1448,85,5.9,동국대학교
2010,동국대학교,자연과학계열,242,160,38,36,402,74,18.4,동국대학교
2010,동국대학교(WISE) _분교,공학계열,147,25,6,1,172,7,4.1,동국대학교(WISE) _분교
2010,동국대학교(WISE) _분교,예체능계열,38,81,3,11,119,14,11.8,동국대학교(WISE) _분교
2010,동국대학교(WISE) _분교,의학계열,99,41,1,0,140,1,0.7,동국대학교(WISE) _분교
2010,동국대학교(WISE) _분교,인문사회계열,591,636,15,25,1227,40,3.3,동국대학교(WISE) _분교
2010,동국대학교(WISE) _분교,자연과학계열,101,134,9,3,235,12,5.1,동국대학교(WISE) _분교
2010,동덕여자대학교,공학계열,0,195,0,5,195,5,2.6,동덕여자대학교
2010,동덕여자대학교,예체능계열,0,449,0,42,449,42,9.4,동덕여자대학교
2010,동덕여자대학교,인문사회계열,0,596,0,41,596,41,6.9,동덕여자대학교
2010,동덕여자대학교,자연과학계열,0,216,0,26,216,26,12.0,동덕여자대학교
2010,동명대학교,공학계열,106,31,4,0,137,4,2.9,동명대학교
2010,동명대학교,예체능계열,14,48,0,3,62,3,4.8,동명대학교
2010,동명대학교,인문사회계열,135,152,3,4,287,7,2.4,동명대학교
2010,동명대학교,자연과학계열,13,11,0,0,24,0,0.0,동명대학교
2010,동서대학교,공학계열,339,122,21,3,461,24,5.2,동서대학교
2010,동서대학교,예체능계열,168,213,10,12,381,22,5.8,동서대학교
2010,동서대학교,인문사회계열,372,604,9,10,976,19,1.9,동서대학교
2010,동서대학교,자연과학계열,29,16,2,0,45,2,4.4,동서대학교
2010,동신대학교,공학계열,226,66,9,4,292,13,4.5,동신대학교
2010,동신대학교,예체능계열,86,60,5,0,146,5,3.4,동신대학교
2010,동신대학교,의학계열,40,16,0,1,56,1,1.8,동신대학교
2010,동신대학교,인문사회계열,147,248,3,5,395,8,2.0,동신대학교
2010,동신대학교,자연과학계열,229,176,5,6,405,11,2.7,동신대학교
2010,동아대학교,공학계열,845,235,100,10,1080,110,10.2,동아대학교
2010,동아대학교,예체능계열,142,332,21,32,474,53,11.2,동아대학교
2010,동아대학교,의학계열,35,21,0,0,56,0,0.0,동아대학교
2010,동아대학교,인문사회계열,634,974,27,36,1608,63,3.9,동아대학교
2010,동아대학교,자연과학계열,226,483,40,50,709,90,12.7,동아대학교
2010,동양대학교,공학계열,192,26,6,1,218,7,3.2,동양대학교
2010,동양대학교,예체능계열,49,21,1,1,70,2,2.9,동양대학교
2010,동양대학교,인문사회계열,173,169,2,2,342,4,1.2,동양대학교
2010,동양대학교,자연과학계열,35,15,3,0,50,3,6.0,동양대학교
2010,동의대학교,공학계열,658,149,41,6,807,47,5.8,동의대학교
2010,동의대학교,예체능계열,140,200,6,10,340,16,4.7,동의대학교
2010,동의대학교,의학계열,40,14,0,0,54,0,0.0,동의대학교
2010,동의대학교,인문사회계열,593,734,7,21,1327,28,2.1,동의대학교
2010,동의대학교,자연과학계열,207,290,20,21,497,41,8.2,동의대학교
2010,루터대학교,인문사회계열,10,23,1,2,33,3,9.1,루터대학교
2010,명지대학교,공학계열,599,147,77,12,746,89,11.9,명지대학교
2010,명지대학교,예체능계열,97,162,14,20,259,34,13.1,명지대학교
2010,명지대학교,자연과학계열,157,170,25,28,327,53,16.2,명지대학교
2010,명지대학교 _제2캠퍼스,예체능계열,17,46,3,9,63,12,19.0,명지대학교 _제2캠퍼스
2010,명지대학교 _제2캠퍼스,인문사회계열,584,637,19,24,1221,43,3.5,명지대학교 _제2캠퍼스
2010,목원대학교,공학계열,229,64,5,1,293,6,2.0,목원대학교
2010,목원대학교,예체능계열,92,299,7,21,391,28,7.2,목원대학교
2010,목원대학교,인문사회계열,534,427,10,12,961,22,2.3,목원대학교
2010,목원대학교,자연과학계열,112,80,2,3,192,5,2.6,목원대학교
2010,목포가톨릭대학교,인문사회계열,11,31,0,1,42,1,2.4,목포가톨릭대학교
2010,목포가톨릭대학교,자연과학계열,3,84,0,0,87,0,0.0,목포가톨릭대학교
2010,배재대학교,공학계열,140,10,14,0,150,14,9.3,배재대학교
2010,배재대학교,예체능계열,48,112,4,7,160,11,6.9,배재대학교
2010,배재대학교,인문사회계열,524,579,18,29,1103,47,4.3,배재대학교
2010,배재대학교,자연과학계열,229,140,12,9,369,21,5.7,배재대학교
2010,백석대학교,공학계열,1,18,0,0,19,0,0.0,백석대학교
2010,백석대학교,예체능계열,78,196,2,8,274,10,3.6,백석대학교
2010,백석대학교,인문사회계열,561,1096,28,24,1657,52,3.1,백석대학교
2010,백석대학교,자연과학계열,211,81,8,5,292,13,4.5,백석대학교
2010,부산가톨릭대학교,공학계열,17,6,1,0,23,1,4.3,부산가톨릭대학교
2010,부산가톨릭대학교,인문사회계열,124,229,19,2,353,21,5.9,부산가톨릭대학교
2010,부산가톨릭대학교,자연과학계열,151,300,4,11,451,15,3.3,부산가톨릭대학교
2010,부산교육대학교,공학계열,15,19,0,0,34,0,0.0,부산교육대학교
2010,부산교육대학교,인문사회계열,177,319,0,0,496,0,0.0,부산교육대학교
2010,부산교육대학교,자연과학계열,20,41,0,0,61,0,0.0,부산교육대학교
2010,부산대학교,공학계열,1066,289,203,72,1355,275,20.3,부산대학교
2010,부산대학교,예체능계열,50,244,5,35,294,40,13.6,부산대학교
2010,부산대학교,의학계열,14,4,0,0,18,0,0.0,부산대학교
2010,부산대학교,인문사회계열,758,897,38,63,1655,101,6.1,부산대학교
2010,부산대학교,자연과학계열,397,595,78,120,992,198,20.0,부산대학교
2010,부산외국어대학교,공학계열,85,22,1,1,107,2,1.9,부산외국어대학교
2010,부산외국어대학교,인문사회계열,515,689,8,19,1204,27,2.2,부산외국어대학교
2010,부산외국어대학교,자연과학계열,48,19,1,0,67,1,1.5,부산외국어대학교
2010,부산장신대학교,인문사회계열,35,42,5,8,77,13,16.9,부산장신대학교
2010,삼육대학교,공학계열,48,38,5,2,86,7,8.1,삼육대학교
2010,삼육대학교,예체능계열,37,119,3,8,156,11,7.1,삼육대학교
2010,삼육대학교,인문사회계열,117,190,12,10,307,22,7.2,삼육대학교
2010,삼육대학교,자연과학계열,119,207,9,15,326,24,7.4,삼육대학교
2010,상명대학교,공학계열,78,29,1,2,107,3,2.8,상명대학교
2010,상명대학교,예체능계열,111,267,11,21,378,32,8.5,상명대학교
2010,상명대학교,인문사회계열,218,464,5,12,682,17,2.5,상명대학교
2010,상명대학교,자연과학계열,78,181,15,21,259,36,13.9,상명대학교
2010,상지대학교,공학계열,214,84,18,7,298,25,8.4,상지대학교
2010,상지대학교,예체능계열,57,46,9,9,103,18,17.5,상지대학교
2010,상지대학교,의학계열,45,19,1,1,64,2,3.1,상지대학교
2010,상지대학교,인문사회계열,342,273,7,5,615,12,2.0,상지대학교
2010,상지대학교,자연과학계열,155,119,14,7,274,21,7.7,상지대학교
2010,서강대학교,공학계열,320,96,108,33,416,141,33.9,서강대학교
2010,서강대학교,인문사회계열,595,436,57,55,1031,112,10.9,서강대학교
2010,서강대학교,자연과학계열,92,99,36,33,191,69,36.1,서강대학교
2010,서경대학교,공학계열,235,97,23,5,332,28,8.4,서경대학교
2010,서경대학교,예체능계열,67,117,4,7,184,11,6.0,서경대학교
2010,서경대학교,인문사회계열,201,229,3,5,430,8,1.9,서경대학교
2010,서경대학교,자연과학계열,119,120,11,15,239,26,10.9,서경대학교
2010,서울교육대학교,공학계열,12,23,0,0,35,0,0.0,서울교육대학교
2010,서울교육대학교,인문사회계열,132,347,0,0,479,0,0.0,서울교육대학교
2010,서울교육대학교,자연과학계열,10,27,0,0,37,0,0.0,서울교육대학교
2010,서울기독대학교,예체능계열,1,16,1,2,17,3,17.6,서울기독대학교
2010,서울기독대학교,인문사회계열,30,46,6,4,76,10,13.2,서울기독대학교
2010,서울대학교,공학계열,788,107,345,59,895,404,45.1,서울대학교
2010,서울대학교,예체능계열,68,227,11,40,295,51,17.3,서울대학교
2010,서울대학교,의학계열,146,54,14,3,200,17,8.5,서울대학교
2010,서울대학교,인문사회계열,807,685,121,138,1492,259,17.4,서울대학교
2010,서울대학교,자연과학계열,508,293,211,114,801,325,40.6,서울대학교
2010,서울시립대학교,공학계열,414,92,59,11,506,70,13.8,서울시립대학교
2010,서울시립대학교,예체능계열,38,54,5,7,92,12,13.0,서울시립대학교
2010,서울시립대학교,인문사회계열,452,248,20,17,700,37,5.3,서울시립대학교
2010,서울시립대학교,자연과학계열,190,107,28,24,297,52,17.5,서울시립대학교
2010,서울신학대학교,예체능계열,9,64,2,3,73,5,6.8,서울신학대학교
2010,서울신학대학교,인문사회계열,128,228,43,5,356,48,13.5,서울신학대학교
2010,서울여자대학교,공학계열,0,201,0,27,201,27,13.4,서울여자대학교
2010,서울여자대학교,예체능계열,0,294,0,28,294,28,9.5,서울여자대학교
2010,서울여자대학교,인문사회계열,0,842,0,65,842,65,7.7,서울여자대학교
2010,서울여자대학교,자연과학계열,0,158,0,18,158,18,11.4,서울여자대학교
2010,서울장신대학교,예체능계열,2,21,0,2,23,2,8.7,서울장신대학교
2010,서울장신대학교,인문사회계열,56,36,4,1,92,5,5.4,서울장신대학교
2010,서울한영대학교,예체능계열,2,16,0,0,18,0,0.0,서울한영대학교
2010,서울한영대학교,인문사회계열,33,63,5,5,96,10,10.4,서울한영대학교
2010,서원대학교,공학계열,70,35,4,0,105,4,3.8,서원대학교
2010,서원대학교,예체능계열,35,142,2,11,177,13,7.3,서원대학교
2010,서원대학교,인문사회계열,374,523,2,7,897,9,1.0,서원대학교
2010,서원대학교,자연과학계열,85,106,2,4,191,6,3.1,서원대학교
2010,선문대학교,공학계열,344,83,26,7,427,33,7.7,선문대학교
2010,선문대학교,예체능계열,28,1,0,0,29,0,0.0,선문대학교
2010,선문대학교,의학계열,11,15,0,1,26,1,3.8,선문대학교
2010,선문대학교,인문사회계열,465,399,11,17,864,28,3.2,선문대학교
2010,선문대학교,자연과학계열,106,54,7,11,160,18,11.2,선문대학교
2010,성결대학교,공학계열,56,12,1,1,68,2,2.9,성결대학교
2010,성결대학교,예체능계열,32,103,2,6,135,8,5.9,성결대학교
2010,성결대학교,인문사회계열,217,356,21,15,573,36,6.3,성결대학교
2010,성결대학교,자연과학계열,3,19,0,3,22,3,13.6,성결대학교
2010,성공회대학교,공학계열,30,30,0,1,60,1,1.7,성공회대학교
2010,성공회대학교,예체능계열,33,8,0,0,41,0,0.0,성공회대학교
2010,성공회대학교,인문사회계열,97,184,7,10,281,17,6.0,성공회대학교
2010,성공회대학교,자연과학계열,47,12,3,1,59,4,6.8,성공회대학교
2010,성균관대학교,공학계열,878,204,183,29,1082,212,19.6,성균관대학교
2010,성균관대학교,예체능계열,47,138,10,19,185,29,15.7,성균관대학교
2010,성균관대학교,의학계열,33,6,0,0,39,0,0.0,성균관대학교
2010,성균관대학교,인문사회계열,1315,761,110,78,2076,188,9.1,성균관대학교
2010,성균관대학교,자연과학계열,433,286,105,79,719,184,25.6,성균관대학교
2010,성신여자대학교,공학계열,0,212,0,22,212,22,10.4,성신여자대학교
2010,성신여자대학교,예체능계열,0,388,0,65,388,65,16.8,성신여자대학교
2010,성신여자대학교,인문사회계열,0,935,0,88,935,88,9.4,성신여자대학교
2010,성신여자대학교,자연과학계열,0,223,0,41,223,41,18.4,성신여자대학교
2010,세명대학교,공학계열,310,43,17,4,353,21,5.9,세명대학교
2010,세명대학교,예체능계열,89,65,6,4,154,10,6.5,세명대학교
2010,세명대학교,의학계열,32,19,0,3,51,3,5.9,세명대학교
2010,세명대학교,인문사회계열,389,365,5,10,754,15,2.0,세명대학교
2010,세명대학교,자연과학계열,246,174,5,4,420,9,2.1,세명대학교
2010,세종대학교,공학계열,768,207,108,38,975,146,15.0,세종대학교
2010,세종대학교,예체능계열,163,235,19,21,398,40,10.1,세종대학교
2010,세종대학교,인문사회계열,351,327,8,11,678,19,2.8,세종대학교
2010,세종대학교,자연과학계열,119,115,27,20,234,47,20.1,세종대학교
2010,세한대학교,공학계열,19,6,0,0,25,0,0.0,세한대학교
2010,세한대학교,예체능계열,118,75,2,0,193,2,1.0,세한대학교
2010,세한대학교,인문사회계열,272,193,3,5,465,8,1.7,세한대학교
2010,세한대학교,자연과학계열,58,57,0,0,115,0,0.0,세한대학교
2010,수원가톨릭대학교,인문사회계열,33,0,29,0,33,29,87.9,수원가톨릭대학교
2010,수원대학교,공학계열,421,116,32,8,537,40,7.4,수원대학교
2010,수원대학교,예체능계열,179,361,10,37,540,47,8.7,수원대학교
2010,수원대학교,인문사회계열,243,333,9,9,576,18,3.1,수원대학교
2010,수원대학교,자연과학계열,189,255,23,23,444,46,10.4,수원대학교
2010,숙명여자대학교,예체능계열,0,317,0,40,317,40,12.6,숙명여자대학교
2010,숙명여자대학교,인문사회계열,0,1334,0,141,1334,141,10.6,숙명여자대학교
2010,숙명여자대학교,자연과학계열,0,368,0,69,368,69,18.8,숙명여자대학교
2010,순천향대학교,공학계열,308,66,32,7,374,39,10.4,순천향대학교
2010,순천향대학교,예체능계열,52,26,8,4,78,12,15.4,순천향대학교
2010,순천향대학교,의학계열,98,43,3,2,141,5,3.5,순천향대학교
2010,순천향대학교,인문사회계열,458,618,18,11,1076,29,2.7,순천향대학교
2010,순천향대학교,자연과학계열,135,276,26,26,411,52,12.7,순천향대학교
2010,숭실대학교,공학계열,877,165,97,16,1042,113,10.8,숭실대학교
2010,숭실대학교,예체능계열,33,26,3,4,59,7,11.9,숭실대학교
2010,숭실대학교,인문사회계열,525,431,29,36,956,65,6.8,숭실대학교
2010,숭실대학교,자연과학계열,173,104,39,16,277,55,19.9,숭실대학교
2010,신경주대학교,공학계열,88,8,2,0,96,2,2.1,신경주대학교
2010,신경주대학교,예체능계열,41,11,0,0,52,0,0.0,신경주대학교
2010,신경주대학교,인문사회계열,360,305,5,5,665,10,1.5,신경주대학교
2010,신경주대학교,자연과학계열,17,6,1,0,23,1,4.3,신경주대학교
2010,신라대학교,공학계열,163,68,9,1,231,10,4.3,신라대학교
2010,신라대학교,예체능계열,88,201,11,14,289,25,8.7,신라대학교
2010,신라대학교,인문사회계열,360,705,7,9,1065,16,1.5,신라대학교
2010,신라대학교,자연과학계열,63,157,9,4,220,13,5.9,신라대학교
2010,아신대학교,인문사회계열,110,84,31,10,194,41,21.1,아신대학교
2010,아주대학교,공학계열,821,162,198,43,983,241,24.5,아주대학교
2010,아주대학교,의학계열,42,14,0,0,56,0,0.0,아주대학교
2010,아주대학교,인문사회계열,298,236,27,35,534,62,11.6,아주대학교
2010,아주대학교,자연과학계열,69,83,27,17,152,44,28.9,아주대학교
2010,안양대학교,공학계열,120,48,7,2,168,9,5.4,안양대학교
2010,안양대학교,예체능계열,25,73,0,3,98,3,3.1,안양대학교
2010,안양대학교,인문사회계열,153,291,22,10,444,32,7.2,안양대학교
2010,안양대학교,자연과학계열,90,75,2,1,165,3,1.8,안양대학교
2010,안양대학교 _제2캠퍼스,공학계열,33,12,0,2,45,2,4.4,안양대학교 _제2캠퍼스
2010,안양대학교 _제2캠퍼스,인문사회계열,19,25,0,2,44,2,4.5,안양대학교 _제2캠퍼스
2010,연세대학교,공학계열,737,129,248,38,866,286,33.0,연세대학교
2010,연세대학교,예체능계열,46,126,3,21,172,24,14.0,연세대학교
2010,연세대학교,의학계열,136,75,1,0,211,1,0.5,연세대학교
2010,연세대학교,인문사회계열,1048,902,143,191,1950,334,17.1,연세대학교
2010,연세대학교,자연과학계열,363,362,138,106,725,244,33.7,연세대학교
2010,연세대학교(미래) _분교,공학계열,217,74,47,21,291,68,23.4,연세대학교(미래) _분교
2010,연세대학교(미래) _분교,예체능계열,15,45,1,4,60,5,8.3,연세대학교(미래) _분교
2010,연세대학교(미래) _분교,의학계열,80,33,0,0,113,0,0.0,연세대학교(미래) _분교
2010,연세대학교(미래) _분교,인문사회계열,302,236,18,20,538,38,7.1,연세대학교(미래) _분교
2010,연세대학교(미래) _분교,자연과학계열,262,253,47,41,515,88,17.1,연세대학교(미래) _분교
2010,영남대학교,공학계열,1160,271,68,13,1431,81,5.7,영남대학교
2010,영남대학교,예체능계열,102,298,16,36,400,52,13.0,영남대학교
2010,영남대학교,의학계열,43,33,1,0,76,1,1.3,영남대학교
2010,영남대학교,인문사회계열,768,905,17,35,1673,52,3.1,영남대학교
2010,영남대학교,자연과학계열,409,626,64,74,1035,138,13.3,영남대학교
2010,영남신학대학교,인문사회계열,83,39,20,8,122,28,23.0,영남신학대학교
2010,영산대학교,공학계열,3,3,0,0,6,0,0.0,영산대학교
2010,영산대학교,예체능계열,6,7,0,0,13,0,0.0,영산대학교
2010,영산대학교,인문사회계열,17,42,0,3,59,3,5.1,영산대학교
2010,영산대학교,자연과학계열,1,23,0,0,24,0,0.0,영산대학교
2010,영산대학교 _제2캠퍼스,예체능계열,0,13,0,0,13,0,0.0,영산대학교 _제2캠퍼스
2010,영산대학교 _제2캠퍼스,인문사회계열,8,54,0,2,62,2,3.2,영산대학교 _제2캠퍼스
2010,영산대학교 _제2캠퍼스,자연과학계열,3,59,0,1,62,1,1.6,영산대학교 _제2캠퍼스
2010,영산선학대학교,인문사회계열,5,5,4,1,10,5,50.0,영산선학대학교
2010,예수대학교,인문사회계열,0,23,0,0,23,0,0.0,예수대학교
2010,예수대학교,자연과학계열,4,110,0,0,114,0,0.0,예수대학교
2010,예원예술대학교,예체능계열,47,61,6,4,108,10,9.3,예원예술대학교
2010,예원예술대학교,인문사회계열,8,13,0,0,21,0,0.0,예원예술대학교
2010,예원예술대학교,자연과학계열,18,1,1,0,19,1,5.3,예원예술대학교
2010,용인대학교,공학계열,60,28,2,2,88,4,4.5,용인대학교
2010,용인대학교,예체능계열,459,235,13,13,694,26,3.7,용인대학교
2010,용인대학교,인문사회계열,111,135,2,4,246,6,2.4,용인대학교
2010,용인대학교,자연과학계열,96,183,8,3,279,11,3.9,용인대학교
2010,우석대학교,공학계열,183,46,2,0,229,2,0.9,우석대학교
2010,우석대학교,예체능계열,93,45,4,3,138,7,5.1,우석대학교
2010,우석대학교,의학계열,33,14,2,0,47,2,4.3,우석대학교
2010,우석대학교,인문사회계열,343,393,11,7,736,18,2.4,우석대학교
2010,우석대학교,자연과학계열,226,219,22,9,445,31,7.0,우석대학교
2010,우송대학교,공학계열,321,151,8,1,472,9,1.9,우송대학교
2010,우송대학교,예체능계열,31,53,1,0,84,1,1.2,우송대학교
2010,우송대학교,인문사회계열,340,379,0,6,719,6,0.8,우송대학교
2010,우송대학교,자연과학계열,55,109,2,0,164,2,1.2,우송대학교
2010,울산과학기술원,공학계열,0,0,0,0,0,0,0.0,울산과학기술원
2010,울산과학기술원,예체능계열,0,0,0,0,0,0,0.0,울산과학기술원
2010,울산과학기술원,인문사회계열,0,0,0,0,0,0,0.0,울산과학기술원
2010,울산과학기술원,자연과학계열,0,0,0,0,0,0,0.0,울산과학기술원
2010,울산대학교,공학계열,916,128,96,9,1044,105,10.1,울산대학교
2010,울산대학교,예체능계열,103,191,10,21,294,31,10.5,울산대학교
2010,울산대학교,의학계열,22,14,0,0,36,0,0.0,울산대학교
2010,울산대학교,인문사회계열,342,466,5,15,808,20,2.5,울산대학교
2010,울산대학교,자연과학계열,180,297,31,37,477,68,14.3,울산대학교
2010,원광대학교,공학계열,473,45,68,2,518,70,13.5,원광대학교
2010,원광대학교,예체능계열,72,306,6,40,378,46,12.2,원광대학교
2010,원광대학교,의학계열,192,76,1,0,268,1,0.4,원광대학교
2010,원광대학교,인문사회계열,807,887,31,31,1694,62,3.7,원광대학교
2010,원광대학교,자연과학계열,332,276,50,34,608,84,13.8,원광대학교
2010,위덕대학교,공학계열,92,21,4,2,113,6,5.3,위덕대학교
2010,위덕대학교,예체능계열,12,15,0,0,27,0,0.0,위덕대학교
2010,위덕대학교,인문사회계열,104,178,3,5,282,8,2.8,위덕대학교
2010,위덕대학교,자연과학계열,41,43,5,0,84,5,6.0,위덕대학교
2010,유원대학교,공학계열,64,20,3,2,84,5,6.0,유원대학교
2010,유원대학교,예체능계열,59,45,0,1,104,1,1.0,유원대학교
2010,유원대학교,인문사회계열,67,131,0,3,198,3,1.5,유원대학교
2010,유원대학교,자연과학계열,23,41,1,3,64,4,6.2,유원대학교
2010,을지대학교,의학계열,30,23,0,0,53,0,0.0,을지대학교
2010,을지대학교,인문사회계열,11,22,0,0,33,0,0.0,을지대학교
2010,을지대학교,자연과학계열,15,104,0,0,119,0,0.0,을지대학교
2010,이화여자대학교,공학계열,0,127,0,45,127,45,35.4,이화여자대학교
2010,이화여자대학교,예체능계열,0,513,0,115,513,115,22.4,이화여자대학교
2010,이화여자대학교,의학계열,0,87,0,0,87,0,0.0,이화여자대학교
2010,이화여자대학교,인문사회계열,0,2010,0,285,2010,285,14.2,이화여자대학교
2010,이화여자대학교,자연과학계열,0,792,0,213,792,213,26.9,이화여자대학교
2010,인제대학교,공학계열,317,78,56,18,395,74,18.7,인제대학교
2010,인제대학교,예체능계열,56,127,7,17,183,24,13.1,인제대학교
2010,인제대학교,인문사회계열,309,443,15,15,752,30,4.0,인제대학교
2010,인제대학교,자연과학계열,262,299,40,29,561,69,12.3,인제대학교
2010,인천가톨릭대학교,예체능계열,7,39,4,19,46,23,50.0,인천가톨릭대학교
2010,인천가톨릭대학교,인문사회계열,22,0,20,0,22,20,90.9,인천가톨릭대학교
2010,인천대학교,공학계열,292,91,26,5,383,31,8.1,인천대학교
2010,인천대학교,예체능계열,40,35,3,8,75,11,14.7,인천대학교
2010,인천대학교,인문사회계열,210,319,8,11,529,19,3.6,인천대학교
2010,인천대학교,자연과학계열,119,105,22,14,224,36,16.1,인천대학교
2010,인하대학교,공학계열,1276,179,214,36,1455,250,17.2,인하대학교
2010,인하대학교,예체능계열,18,55,2,3,73,5,6.8,인하대학교
2010,인하대학교,의학계열,51,10,2,0,61,2,3.3,인하대학교
2010,인하대학교,인문사회계열,932,933,39,52,1865,91,4.9,인하대학교
2010,인하대학교,자연과학계열,296,261,91,61,557,152,27.3,인하대학교
2010,장로회신학대학교,예체능계열,9,27,3,5,36,8,22.2,장로회신학대학교
2010,장로회신학대학교,인문사회계열,76,40,36,9,116,45,38.8,장로회신학대학교
2010,전남대학교,공학계열,490,135,72,22,625,94,15.0,전남대학교
2010,전남대학교,예체능계열,37,201,3,10,238,13,5.5,전남대학교
2010,전남대학교,의학계열,125,51,6,1,176,7,4.0,전남대학교
2010,전남대학교,인문사회계열,595,922,24,48,1517,72,4.7,전남대학교
2010,전남대학교,자연과학계열,454,622,71,83,1076,154,14.3,전남대학교
2010,전남대학교 _제2캠퍼스,공학계열,217,41,7,3,258,10,3.9,전남대학교 _제2캠퍼스
2010,전남대학교 _제2캠퍼스,예체능계열,30,64,0,3,94,3,3.2,전남대학교 _제2캠퍼스
2010,전남대학교 _제2캠퍼스,의학계열,20,11,6,4,31,10,32.3,전남대학교 _제2캠퍼스
2010,전남대학교 _제2캠퍼스,인문사회계열,34,67,1,0,101,1,1.0,전남대학교 _제2캠퍼스
2010,전남대학교 _제2캠퍼스,자연과학계열,159,109,10,8,268,18,6.7,전남대학교 _제2캠퍼스
2010,전북대학교,공학계열,802,255,125,41,1057,166,15.7,전북대학교
2010,전북대학교,예체능계열,25,85,1,13,110,14,12.7,전북대학교
2010,전북대학교,의학계열,53,4,7,1,57,8,14.0,전북대학교
2010,전북대학교,인문사회계열,653,862,17,37,1515,54,3.6,전북대학교
2010,전북대학교,자연과학계열,381,477,57,69,858,126,14.7,전북대학교
2010,전주교육대학교,공학계열,13,22,1,0,35,1,2.9,전주교육대학교
2010,전주교육대학교,인문사회계열,127,233,3,5,360,8,2.2,전주교육대학교
2010,전주교육대학교,자연과학계열,15,19,0,0,34,0,0.0,전주교육대학교
2010,전주대학교,공학계열,244,69,7,1,313,8,2.6,전주대학교
2010,전주대학교,예체능계열,149,117,4,7,266,11,4.1,전주대학교
2010,전주대학교,인문사회계열,489,688,20,22,1177,42,3.6,전주대학교
2010,전주대학교,자연과학계열,88,148,6,7,236,13,5.5,전주대학교
2010,제주대학교,공학계열,338,49,27,5,387,32,8.3,제주대학교
2010,제주대학교,예체능계열,46,101,4,5,147,9,6.1,제주대학교
2010,제주대학교,의학계열,58,25,1,4,83,5,6.0,제주대학교
2010,제주대학교,인문사회계열,418,540,18,15,958,33,3.4,제주대학교
2010,제주대학교,자연과학계열,206,148,20,11,354,31,8.8,제주대학교
2010,조선대학교,공학계열,1063,211,78,13,1274,91,7.1,조선대학교
2010,조선대학교,예체능계열,187,237,26,28,424,54,12.7,조선대학교
2010,조선대학교,의학계열,154,66,0,0,220,0,0.0,조선대학교
2010,조선대학교,인문사회계열,792,1022,27,28,1814,55,3.0,조선대학교
2010,조선대학교,자연과학계열,332,507,39,35,839,74,8.8,조선대학교
2010,중부대학교,공학계열,146,47,5,1,193,6,3.1,중부대학교
2010,중부대학교,예체능계열,150,119,7,3,269,10,3.7,중부대학교
2010,중부대학교,인문사회계열,291,232,7,2,523,9,1.7,중부대학교
2010,중부대학교,자연과학계열,172,132,7,3,304,10,3.3,중부대학교
2010,중앙대학교,공학계열,602,97,81,8,699,89,12.7,중앙대학교
2010,중앙대학교,의학계열,55,27,0,0,82,0,0.0,중앙대학교
2010,중앙대학교,인문사회계열,740,870,39,75,1610,114,7.1,중앙대학교
2010,중앙대학교,자연과학계열,184,212,36,48,396,84,21.2,중앙대학교
2010,중앙승가대학교,인문사회계열,43,26,13,7,69,20,29.0,중앙승가대학교
2010,진주교육대학교,공학계열,15,32,0,0,47,0,0.0,진주교육대학교
2010,진주교육대학교,인문사회계열,151,305,6,4,456,10,2.2,진주교육대학교
2010,진주교육대학교,자연과학계열,17,27,3,0,44,3,6.8,진주교육대학교
2010,차의과학대학교,공학계열,6,11,0,0,17,0,0.0,차의과학대학교
2010,차의과학대학교,의학계열,6,0,0,0,6,0,0.0,차의과학대학교
2010,차의과학대학교,자연과학계열,24,58,1,1,82,2,2.4,차의과학대학교
2010,청운대학교,공학계열,142,28,5,0,170,5,2.9,청운대학교
2010,청운대학교,예체능계열,86,96,2,3,182,5,2.7,청운대학교
2010,청운대학교,인문사회계열,227,247,2,3,474,5,1.1,청운대학교
2010,청운대학교,자연과학계열,10,32,1,0,42,1,2.4,청운대학교
2010,청주교육대학교,공학계열,15,17,0,0,32,0,0.0,청주교육대학교
2010,청주교육대학교,인문사회계열,96,271,2,2,367,4,1.1,청주교육대학교
2010,청주교육대학교,자연과학계열,25,39,0,1,64,1,1.6,청주교육대학교
2010,청주대학교,공학계열,391,88,25,6,479,31,6.5,청주대학교
2010,청주대학교,예체능계열,80,221,5,9,301,14,4.7,청주대학교
2010,청주대학교,인문사회계열,729,922,10,23,1651,33,2.0,청주대학교
2010,청주대학교,자연과학계열,154,109,7,9,263,16,6.1,청주대학교
2010,총신대학교,예체능계열,16,53,2,4,69,6,8.7,총신대학교
2010,총신대학교,인문사회계열,125,139,58,9,264,67,25.4,총신대학교
2010,추계예술대학교,예체능계열,73,164,8,15,237,23,9.7,추계예술대학교
2010,추계예술대학교,인문사회계열,15,13,4,0,28,4,14.3,추계예술대학교
2010,춘천교육대학교,공학계열,12,25,0,1,37,1,2.7,춘천교육대학교
2010,춘천교육대학교,인문사회계열,117,330,3,1,447,4,0.9,춘천교육대학교
2010,춘천교육대학교,자연과학계열,16,51,0,1,67,1,1.5,춘천교육대학교
2010,충남대학교,공학계열,884,211,165,38,1095,203,18.5,충남대학교
2010,충남대학교,예체능계열,33,121,0,21,154,21,13.6,충남대학교
2010,충남대학교,의학계열,154,52,12,3,206,15,7.3,충남대학교
2010,충남대학교,인문사회계열,716,748,27,38,1464,65,4.4,충남대학교
2010,충남대학교,자연과학계열,585,516,121,96,1101,217,19.7,충남대학교
2010,충북대학교,공학계열,744,221,82,29,965,111,11.5,충북대학교
2010,충북대학교,예체능계열,65,66,9,13,131,22,16.8,충북대학교
2010,충북대학교,의학계열,74,48,11,11,122,22,18.0,충북대학교
2010,충북대학교,인문사회계열,476,574,11,25,1050,36,3.4,충북대학교
2010,충북대학교,자연과학계열,465,435,99,64,900,163,18.1,충북대학교
2010,칼빈대학교,예체능계열,1,15,0,2,16,2,12.5,칼빈대학교
2010,칼빈대학교,인문사회계열,49,27,22,3,76,25,32.9,칼빈대학교
2010,평택대학교,공학계열,30,10,1,0,40,1,2.5,평택대학교
2010,평택대학교,예체능계열,32,67,1,2,99,3,3.0,평택대학교
2010,평택대학교,인문사회계열,201,283,6,12,484,18,3.7,평택대학교
2010,평택대학교,자연과학계열,53,23,0,0,76,0,0.0,평택대학교
2010,포항공과대학교,공학계열,159,32,108,22,191,130,68.1,포항공과대학교
2010,포항공과대학교,자연과학계열,107,29,80,21,136,101,74.3,포항공과대학교
2010,한국과학기술원,공학계열,318,81,230,51,399,281,70.4,한국과학기술원
2010,한국과학기술원,인문사회계열,29,23,8,7,52,15,28.8,한국과학기술원
2010,한국과학기술원,자연과학계열,203,84,149,53,287,202,70.4,한국과학기술원
2010,한국교원대학교,공학계열,10,6,0,0,16,0,0.0,한국교원대학교
2010,한국교원대학교,인문사회계열,171,285,0,2,456,2,0.4,한국교원대학교
2010,한국교원대학교,자연과학계열,25,15,1,0,40,1,2.5,한국교원대학교
2010,한국기술교육대학교,공학계열,415,180,49,6,595,55,9.2,한국기술교육대학교
2010,한국기술교육대학교,예체능계열,14,20,1,3,34,4,11.8,한국기술교육대학교
2010,한국기술교육대학교,자연과학계열,18,15,7,5,33,12,36.4,한국기술교육대학교
2010,한국성서대학교,인문사회계열,38,85,10,8,123,18,14.6,한국성서대학교
2010,한국성서대학교,자연과학계열,7,10,1,0,17,1,5.9,한국성서대학교
2010,한국예술종합학교,예체능계열,143,267,19,38,410,57,13.9,한국예술종합학교
2010,한국예술종합학교,인문사회계열,6,18,1,0,24,1,4.2,한국예술종합학교
2010,한국외국어대학교,공학계열,51,63,5,6,114,11,9.6,한국외국어대학교
2010,한국외국어대학교,인문사회계열,747,753,48,85,1500,133,8.9,한국외국어대학교
2010,한국체육대학교,예체능계열,199,117,14,9,316,23,7.3,한국체육대학교
2010,한국체육대학교,인문사회계열,65,19,5,2,84,7,8.3,한국체육대학교
2010,한국침례신학대학교,예체능계열,7,28,1,2,35,3,8.6,한국침례신학대학교
2010,한국침례신학대학교,인문사회계열,138,142,28,10,280,38,13.6,한국침례신학대학교
2010,한국항공대학교,공학계열,507,73,92,5,580,97,16.7,한국항공대학교
2010,한국항공대학교,인문사회계열,136,34,7,4,170,11,6.5,한국항공대학교
2010,한국항공대학교,자연과학계열,78,1,0,0,79,0,0.0,한국항공대학교
2010,한남대학교,공학계열,317,53,30,7,370,37,10.0,한남대학교
2010,한남대학교,예체능계열,62,125,11,14,187,25,13.4,한남대학교
2010,한남대학교,인문사회계열,525,718,24,28,1243,52,4.2,한남대학교
2010,한남대학교,자연과학계열,195,195,41,25,390,66,16.9,한남대학교
2010,한동대학교,공학계열,125,64,29,12,189,41,21.7,한동대학교
2010,한동대학교,인문사회계열,166,130,22,21,296,43,14.5,한동대학교
2010,한동대학교,자연과학계열,60,49,23,18,109,41,37.6,한동대학교
2010,한라대학교,공학계열,169,5,6,0,174,6,3.4,한라대학교
2010,한라대학교,예체능계열,22,19,2,0,41,2,4.9,한라대학교
2010,한라대학교,인문사회계열,129,55,3,2,184,5,2.7,한라대학교
2010,한라대학교,자연과학계열,15,15,1,0,30,1,3.3,한라대학교
2010,한림대학교,공학계열,140,25,21,4,165,25,15.2,한림대학교
2010,한림대학교,예체능계열,53,15,2,1,68,3,4.4,한림대학교
2010,한림대학교,의학계열,55,14,0,0,69,0,0.0,한림대학교
2010,한림대학교,인문사회계열,397,403,24,25,800,49,6.1,한림대학교
2010,한림대학교,자연과학계열,127,258,20,39,385,59,15.3,한림대학교
2010,한서대학교,공학계열,259,56,11,0,315,11,3.5,한서대학교
2010,한서대학교,예체능계열,64,141,1,3,205,4,2.0,한서대학교
2010,한서대학교,인문사회계열,191,307,9,5,498,14,2.8,한서대학교
2010,한서대학교,자연과학계열,217,200,15,8,417,23,5.5,한서대학교
2010,한성대학교,공학계열,177,90,4,1,267,5,1.9,한성대학교
2010,한성대학교,예체능계열,39,164,4,13,203,17,8.4,한성대학교
2010,한성대학교,인문사회계열,180,175,6,8,355,14,3.9,한성대학교
2010,한성대학교,자연과학계열,44,31,0,2,75,2,2.7,한성대학교
2010,한세대학교,공학계열,62,11,2,0,73,2,2.7,한세대학교
2010,한세대학교,예체능계열,39,92,2,2,131,4,3.1,한세대학교
2010,한세대학교,인문사회계열,127,162,22,7,289,29,10.0,한세대학교
2010,한신대학교,공학계열,75,29,7,1,104,8,7.7,한신대학교
2010,한신대학교,예체능계열,43,37,2,3,80,5,6.2,한신대학교
2010,한신대학교,인문사회계열,244,397,38,30,641,68,10.6,한신대학교
2010,한신대학교,자연과학계열,112,73,7,9,185,16,8.6,한신대학교
2010,한양대학교,공학계열,1193,120,312,22,1313,334,25.4,한양대학교
2010,한양대학교,예체능계열,134,202,9,20,336,29,8.6,한양대학교
2010,한양대학교,의학계열,90,22,0,0,112,0,0.0,한양대학교
2010,한양대학교,인문사회계열,837,484,59,40,1321,99,7.5,한양대학교
2010,한양대학교,자연과학계열,259,175,83,29,434,112,25.8,한양대학교
2010,한양대학교(ERICA) _분교,공학계열,579,94,122,15,673,137,20.4,한양대학교(ERICA) _분교
2010,한양대학교(ERICA) _분교,예체능계열,126,183,5,14,309,19,6.1,한양대학교(ERICA) _분교
2010,한양대학교(ERICA) _분교,인문사회계열,356,261,26,24,617,50,8.1,한양대학교(ERICA) _분교
2010,한양대학교(ERICA) _분교,자연과학계열,186,183,50,47,369,97,26.3,한양대학교(ERICA) _분교
2010,한일장신대학교,공학계열,1,0,0,0,1,0,0.0,한일장신대학교
2010,한일장신대학교,예체능계열,3,38,1,1,41,2,4.9,한일장신대학교
2010,한일장신대학교,인문사회계열,111,103,11,20,214,31,14.5,한일장신대학교
2010,협성대학교,공학계열,78,37,1,3,115,4,3.5,협성대학교
2010,협성대학교,예체능계열,57,178,2,4,235,6,2.6,협성대학교
2010,협성대학교,인문사회계열,199,228,53,10,427,63,14.8,협성대학교
2010,협성대학교,자연과학계열,12,29,0,0,41,0,0.0,협성대학교
2010,호남대학교,공학계열,220,42,12,5,262,17,6.5,호남대학교
2010,호남대학교,예체능계열,115,78,5,2,193,7,3.6,호남대학교
2010,호남대학교,인문사회계열,455,324,12,3,779,15,1.9,호남대학교
2010,호남대학교,자연과학계열,118,87,5,5,205,10,4.9,호남대학교
2010,호남신학대학교,예체능계열,3,36,0,3,39,3,7.7,호남신학대학교
2010,호남신학대학교,인문사회계열,74,31,27,11,105,38,36.2,호남신학대학교
2010,호서대학교,공학계열,386,113,39,9,499,48,9.6,호서대학교
2010,호서대학교,예체능계열,218,215,11,11,433,22,5.1,호서대학교
2010,호서대학교,인문사회계열,362,384,29,9,746,38,5.1,호서대학교
2010,호서대학교,자연과학계열,253,155,25,23,408,48,11.8,호서대학교
2010,호원대학교,공학계열,176,32,3,2,208,5,2.4,호원대학교
2010,호원대학교,예체능계열,63,45,1,1,108,2,1.9,호원대학교
2010,호원대학교,인문사회계열,424,270,14,4,694,18,2.6,호원대학교
2010,호원대학교,자연과학계열,20,9,0,0,29,0,0.0,호원대학교
2010,홍익대학교,공학계열,736,243,86,31,979,117,12.0,홍익대학교
2010,홍익대학교,예체능계열,60,313,5,57,373,62,16.6,홍익대학교
2010,홍익대학교,인문사회계열,344,426,11,24,770,35,4.5,홍익대학교
2010,홍익대학교,자연과학계열,73,55,11,7,128,18,14.1,홍익대학교
2010,화성의과학대학교,예체능계열,0,3,0,0,3,0,0.0,화성의과학대학교
2010,화성의과학대학교,자연과학계열,0,2,0,0,2,0,0.0,화성의과학대학교
2011,가천대학교,공학계열,480,128,26,6,608,32,5.3,가천대학교
2011,가천대학교,예체능계열,119,293,12,20,412,32,7.8,가천대학교
2011,가천대학교,의학계열,26,10,1,0,36,1,2.8,가천대학교
2011,가천대학교,인문사회계열,302,510,16,17,812,33,4.1,가천대학교
2011,가천대학교,자연과학계열,175,236,25,14,411,39,9.5,가천대학교
2011,가톨릭관동대학교,공학계열,148,20,11,3,168,14,8.3,가톨릭관동대학교
2011,가톨릭관동대학교,예체능계열,25,67,5,2,92,7,7.6,가톨릭관동대학교
2011,가톨릭관동대학교,의학계열,50,9,0,0,59,0,0.0,가톨릭관동대학교
2011,가톨릭관동대학교,인문사회계열,667,447,13,9,1114,22,2.0,가톨릭관동대학교
2011,가톨릭관동대학교,자연과학계열,54,85,6,2,139,8,5.8,가톨릭관동대학교
2011,가톨릭꽃동네대학교,인문사회계열,22,55,0,0,77,0,0.0,가톨릭꽃동네대학교
2011,가톨릭꽃동네대학교,자연과학계열,1,35,0,0,36,0,0.0,가톨릭꽃동네대학교
2011,가톨릭대학교,공학계열,129,64,7,4,193,11,5.7,가톨릭대학교
2011,가톨릭대학교,예체능계열,16,75,0,3,91,3,3.3,가톨릭대학교
2011,가톨릭대학교,인문사회계열,319,522,17,30,841,47,5.6,가톨릭대학교
2011,가톨릭대학교,자연과학계열,109,185,25,30,294,55,18.7,가톨릭대학교
2011,가톨릭대학교 _제2캠퍼스,의학계열,71,45,0,0,116,0,0.0,가톨릭대학교 _제2캠퍼스
2011,가톨릭대학교 _제2캠퍼스,자연과학계열,4,70,0,1,74,1,1.4,가톨릭대학교 _제2캠퍼스
2011,가톨릭대학교 _제3캠퍼스,인문사회계열,53,9,30,0,62,30,48.4,가톨릭대학교 _제3캠퍼스
2011,감리교신학대학교,인문사회계열,130,64,64,13,194,77,39.7,감리교신학대학교
2011,강남대학교,공학계열,176,134,10,5,310,15,4.8,강남대학교
2011,강남대학교,예체능계열,26,96,2,1,122,3,2.5,강남대학교
2011,강남대학교,인문사회계열,404,549,7,8,953,15,1.6,강남대학교
2011,강남대학교,자연과학계열,13,36,0,0,49,0,0.0,강남대학교
2011,강서대학교,예체능계열,5,36,1,1,41,2,4.9,강서대학교
2011,강서대학교,인문사회계열,50,82,5,2,132,7,5.3,강서대학교
2011,강원대학교,공학계열,557,178,77,16,735,93,12.7,강원대학교
2011,강원대학교,예체능계열,32,94,1,9,126,10,7.9,강원대학교
2011,강원대학교,의학계열,60,27,4,2,87,6,6.9,강원대학교
2011,강원대학교,인문사회계열,590,705,24,28,1295,52,4.0,강원대학교
2011,강원대학교,자연과학계열,488,456,110,88,944,198,21.0,강원대학교
2011,강원대학교 _제2캠퍼스,공학계열,520,80,10,8,600,18,3.0,강원대학교 _제2캠퍼스
2011,강원대학교 _제2캠퍼스,예체능계열,31,33,2,0,64,2,3.1,강원대학교 _제2캠퍼스
2011,강원대학교 _제2캠퍼스,인문사회계열,107,144,2,3,251,5,2.0,강원대학교 _제2캠퍼스
2011,강원대학교 _제2캠퍼스,자연과학계열,47,57,1,3,104,4,3.8,강원대학교 _제2캠퍼스
2011,건국대학교,공학계열,589,145,70,21,734,91,12.4,건국대학교
2011,건국대학교,예체능계열,113,199,8,13,312,21,6.7,건국대학교
2011,건국대학교,의학계열,63,15,11,6,78,17,21.8,건국대학교
2011,건국대학교,인문사회계열,721,571,26,31,1292,57,4.4,건국대학교
2011,건국대학교,자연과학계열,253,338,57,75,591,132,22.3,건국대학교
2011,건국대학교(글로컬) _분교,공학계열,221,111,7,6,332,13,3.9,건국대학교(글로컬) _분교
2011,건국대학교(글로컬) _분교,예체능계열,81,119,3,5,200,8,4.0,건국대학교(글로컬) _분교
2011,건국대학교(글로컬) _분교,의학계열,4,0,0,0,4,0,0.0,건국대학교(글로컬) _분교
2011,건국대학교(글로컬) _분교,인문사회계열,289,400,6,10,689,16,2.3,건국대학교(글로컬) _분교
2011,건국대학교(글로컬) _분교,자연과학계열,181,199,32,23,380,55,14.5,건국대학교(글로컬) _분교
2011,건양대학교,공학계열,219,110,5,5,329,10,3.0,건양대학교
2011,건양대학교,예체능계열,80,49,4,3,129,7,5.4,건양대학교
2011,건양대학교,인문사회계열,288,445,4,14,733,18,2.5,건양대학교
2011,건양대학교,자연과학계열,143,197,8,16,340,24,7.1,건양대학교
2011,건양대학교 _제2캠퍼스,의학계열,53,14,0,0,67,0,0.0,건양대학교 _제2캠퍼스
2011,건양대학교 _제2캠퍼스,인문사회계열,27,58,0,0,85,0,0.0,건양대학교 _제2캠퍼스
2011,건양대학교 _제2캠퍼스,자연과학계열,36,141,0,8,177,8,4.5,건양대학교 _제2캠퍼스
2011,경기대학교,공학계열,299,105,21,8,404,29,7.2,경기대학교
2011,경기대학교,예체능계열,127,208,3,8,335,11,3.3,경기대학교
2011,경기대학교,인문사회계열,414,609,4,9,1023,13,1.3,경기대학교
2011,경기대학교,자연과학계열,117,133,17,16,250,33,13.2,경기대학교
2011,경기대학교 _제2캠퍼스,공학계열,7,23,0,1,30,1,3.3,경기대학교 _제2캠퍼스
2011,경기대학교 _제2캠퍼스,예체능계열,30,35,0,4,65,4,6.2,경기대학교 _제2캠퍼스
2011,경기대학교 _제2캠퍼스,인문사회계열,47,65,0,0,112,0,0.0,경기대학교 _제2캠퍼스
2011,경남대학교,공학계열,534,49,21,6,583,27,4.6,경남대학교
2011,경남대학교,예체능계열,61,114,1,6,175,7,4.0,경남대학교
2011,경남대학교,인문사회계열,962,943,20,26,1905,46,2.4,경남대학교
2011,경남대학교,자연과학계열,155,173,11,7,328,18,5.5,경남대학교
2011,경동대학교,공학계열,76,14,1,2,90,3,3.3,경동대학교
2011,경동대학교,예체능계열,48,12,0,1,60,1,1.7,경동대학교
2011,경동대학교,인문사회계열,167,165,0,2,332,2,0.6,경동대학교
2011,경동대학교,자연과학계열,6,11,1,1,17,2,11.8,경동대학교
2011,경북대학교,공학계열,1179,331,186,58,1510,244,16.2,경북대학교
2011,경북대학교,예체능계열,24,142,5,20,166,25,15.1,경북대학교
2011,경북대학교,의학계열,55,17,3,3,72,6,8.3,경북대학교
2011,경북대학교,인문사회계열,767,828,41,53,1595,94,5.9,경북대학교
2011,경북대학교,자연과학계열,426,534,74,85,960,159,16.6,경북대학교
2011,경상국립대학교,공학계열,823,171,81,31,994,112,11.3,경상국립대학교
2011,경상국립대학교,예체능계열,17,42,0,2,59,2,3.4,경상국립대학교
2011,경상국립대학교,의학계열,44,6,5,0,50,5,10.0,경상국립대학교
2011,경상국립대학교,인문사회계열,552,729,9,13,1281,22,1.7,경상국립대학교
2011,경상국립대학교,자연과학계열,393,370,59,46,763,105,13.8,경상국립대학교
2011,경성대학교,공학계열,363,119,22,5,482,27,5.6,경성대학교
2011,경성대학교,예체능계열,154,416,9,29,570,38,6.7,경성대학교
2011,경성대학교,인문사회계열,544,937,14,27,1481,41,2.8,경성대학교
2011,경성대학교,자연과학계열,150,176,14,14,326,28,8.6,경성대학교
2011,경인교육대학교,공학계열,12,22,0,0,34,0,0.0,경인교육대학교
2011,경인교육대학교,인문사회계열,144,254,1,0,398,1,0.3,경인교육대학교
2011,경인교육대학교,자연과학계열,13,27,0,0,40,0,0.0,경인교육대학교
2011,경일대학교,공학계열,345,21,9,1,366,10,2.7,경일대학교
2011,경일대학교,예체능계열,64,76,4,1,140,5,3.6,경일대학교
2011,경일대학교,인문사회계열,152,117,3,6,269,9,3.3,경일대학교
2011,경일대학교,자연과학계열,17,6,0,0,23,0,0.0,경일대학교
2011,경희대학교,공학계열,47,29,12,0,76,12,15.8,경희대학교
2011,경희대학교,예체능계열,43,196,8,32,239,40,16.7,경희대학교
2011,경희대학교,의학계열,131,39,6,2,170,8,4.7,경희대학교
2011,경희대학교,인문사회계열,844,808,40,44,1652,84,5.1,경희대학교
2011,경희대학교,자연과학계열,236,302,42,34,538,76,14.1,경희대학교
2011,계명대학교,공학계열,415,112,35,3,527,38,7.2,계명대학교
2011,계명대학교,예체능계열,276,569,21,62,845,83,9.8,계명대학교
2011,계명대학교,의학계열,58,22,0,0,80,0,0.0,계명대학교
2011,계명대학교,인문사회계열,973,1201,45,57,2174,102,4.7,계명대학교
2011,계명대학교,자연과학계열,227,448,23,23,675,46,6.8,계명대학교
2011,고려대학교,공학계열,909,227,283,57,1136,340,29.9,고려대학교
2011,고려대학교,예체능계열,45,54,3,5,99,8,8.1,고려대학교
2011,고려대학교,의학계열,70,38,0,0,108,0,0.0,고려대학교
2011,고려대학교,인문사회계열,1314,988,189,185,2302,374,16.2,고려대학교
2011,고려대학교,자연과학계열,322,308,122,83,630,205,32.5,고려대학교
2011,고려대학교(세종) _분교,공학계열,256,60,45,7,316,52,16.5,고려대학교(세종) _분교
2011,고려대학교(세종) _분교,예체능계열,13,23,3,5,36,8,22.2,고려대학교(세종) _분교
2011,고려대학교(세종) _분교,인문사회계열,551,334,14,28,885,42,4.7,고려대학교(세종) _분교
2011,고려대학교(세종) _분교,자연과학계열,175,80,53,9,255,62,24.3,고려대학교(세종) _분교
2011,고신대학교,공학계열,5,7,0,0,12,0,0.0,고신대학교
2011,고신대학교,예체능계열,13,63,1,7,76,8,10.5,고신대학교
2011,고신대학교,의학계열,57,18,0,0,75,0,0.0,고신대학교
2011,고신대학교,인문사회계열,190,233,31,12,423,43,10.2,고신대학교
2011,고신대학교,자연과학계열,29,120,6,2,149,8,5.4,고신대학교
2011,공주교육대학교,공학계열,12,16,0,0,28,0,0.0,공주교육대학교
2011,공주교육대학교,인문사회계열,122,301,8,4,423,12,2.8,공주교육대학교
2011,공주교육대학교,자연과학계열,23,29,0,0,52,0,0.0,공주교육대학교
2011,광신대학교,예체능계열,4,19,1,2,23,3,13.0,광신대학교
2011,광신대학교,인문사회계열,46,45,21,8,91,29,31.9,광신대학교
2011,광운대학교,공학계열,752,130,108,12,882,120,13.6,광운대학교
2011,광운대학교,예체능계열,77,44,3,1,121,4,3.3,광운대학교
2011,광운대학교,인문사회계열,295,183,7,6,478,13,2.7,광운대학교
2011,광운대학교,자연과학계열,150,101,27,13,251,40,15.9,광운대학교
2011,광주가톨릭대학교,인문사회계열,32,2,12,0,34,12,35.3,광주가톨릭대학교
2011,광주교육대학교,공학계열,24,16,2,0,40,2,5.0,광주교육대학교
2011,광주교육대학교,인문사회계열,136,257,6,5,393,11,2.8,광주교육대학교
2011,광주교육대학교,자연과학계열,18,24,1,0,42,1,2.4,광주교육대학교
2011,광주대학교,공학계열,75,25,5,3,100,8,8.0,광주대학교
2011,광주대학교,예체능계열,35,93,3,7,128,10,7.8,광주대학교
2011,광주대학교,인문사회계열,222,582,4,13,804,17,2.1,광주대학교
2011,광주대학교,자연과학계열,3,3,0,0,6,0,0.0,광주대학교
2011,광주여자대학교,예체능계열,0,278,0,9,278,9,3.2,광주여자대학교
2011,광주여자대학교,의학계열,0,17,0,3,17,3,17.6,광주여자대학교
2011,광주여자대학교,인문사회계열,0,468,0,11,468,11,2.4,광주여자대학교
2011,광주여자대학교,자연과학계열,0,127,0,2,127,2,1.6,광주여자대학교
2011,국립강릉원주대학교,공학계열,248,105,23,10,353,33,9.3,국립강릉원주대학교
2011,국립강릉원주대학교,예체능계열,49,41,5,4,90,9,10.0,국립강릉원주대학교
2011,국립강릉원주대학교,의학계열,38,6,0,0,44,0,0.0,국립강릉원주대학교
2011,국립강릉원주대학교,인문사회계열,259,301,4,2,560,6,1.1,국립강릉원주대학교
2011,국립강릉원주대학교,자연과학계열,170,141,16,11,311,27,8.7,국립강릉원주대학교
2011,국립강릉원주대학교 _제2캠퍼스,공학계열,95,15,3,1,110,4,3.6,국립강릉원주대학교 _제2캠퍼스
2011,국립강릉원주대학교 _제2캠퍼스,예체능계열,5,42,0,3,47,3,6.4,국립강릉원주대학교 _제2캠퍼스
2011,국립강릉원주대학교 _제2캠퍼스,인문사회계열,0,86,0,3,86,3,3.5,국립강릉원주대학교 _제2캠퍼스
2011,국립강릉원주대학교 _제2캠퍼스,자연과학계열,47,126,0,0,173,0,0.0,국립강릉원주대학교 _제2캠퍼스
2011,국립경국대학교,공학계열,339,60,31,3,399,34,8.5,국립경국대학교
2011,국립경국대학교,예체능계열,50,77,8,7,127,15,11.8,국립경국대학교
2011,국립경국대학교,의학계열,19,14,1,2,33,3,9.1,국립경국대학교
2011,국립경국대학교,인문사회계열,274,324,11,12,598,23,3.8,국립경국대학교
2011,국립경국대학교,자연과학계열,201,131,15,15,332,30,9.0,국립경국대학교
2011,국립공주대학교,공학계열,816,245,65,28,1061,93,8.8,국립공주대학교
2011,국립공주대학교,예체능계열,62,126,4,9,188,13,6.9,국립공주대학교
2011,국립공주대학교,인문사회계열,340,659,16,15,999,31,3.1,국립공주대학교
2011,국립공주대학교,자연과학계열,310,544,35,50,854,85,10.0,국립공주대학교
2011,국립군산대학교,공학계열,517,72,35,4,589,39,6.6,국립군산대학교
2011,국립군산대학교,예체능계열,45,98,4,9,143,13,9.1,국립군산대학교
2011,국립군산대학교,의학계열,23,6,4,3,29,7,24.1,국립군산대학교
2011,국립군산대학교,인문사회계열,221,261,8,4,482,12,2.5,국립군산대학교
2011,국립군산대학교,자연과학계열,136,178,13,23,314,36,11.5,국립군산대학교
2011,국립금오공과대학교,공학계열,903,168,88,13,1071,101,9.4,국립금오공과대학교
2011,국립금오공과대학교,자연과학계열,84,39,11,11,123,22,17.9,국립금오공과대학교
2011,국립목포대학교,공학계열,319,69,26,14,388,40,10.3,국립목포대학교
2011,국립목포대학교,예체능계열,55,79,6,7,134,13,9.7,국립목포대학교
2011,국립목포대학교,인문사회계열,286,388,3,10,674,13,1.9,국립목포대학교
2011,국립목포대학교,자연과학계열,129,157,6,0,286,6,2.1,국립목포대학교
2011,국립목포해양대학교,공학계열,508,88,11,4,596,15,2.5,국립목포해양대학교
2011,국립부경대학교,공학계열,1375,299,113,29,1674,142,8.5,국립부경대학교
2011,국립부경대학교,예체능계열,42,86,4,6,128,10,7.8,국립부경대학교
2011,국립부경대학교,의학계열,11,19,2,5,30,7,23.3,국립부경대학교
2011,국립부경대학교,인문사회계열,457,595,12,21,1052,33,3.1,국립부경대학교
2011,국립부경대학교,자연과학계열,316,373,54,40,689,94,13.6,국립부경대학교
2011,국립순천대학교,공학계열,296,105,19,6,401,25,6.2,국립순천대학교
2011,국립순천대학교,예체능계열,30,100,2,2,130,4,3.1,국립순천대학교
2011,국립순천대학교,의학계열,7,1,0,0,8,0,0.0,국립순천대학교
2011,국립순천대학교,인문사회계열,271,314,7,7,585,14,2.4,국립순천대학교
2011,국립순천대학교,자연과학계열,223,195,19,11,418,30,7.2,국립순천대학교
2011,국립창원대학교,공학계열,443,97,58,15,540,73,13.5,국립창원대학교
2011,국립창원대학교,예체능계열,40,97,5,12,137,17,12.4,국립창원대학교
2011,국립창원대학교,인문사회계열,258,397,3,7,655,10,1.5,국립창원대학교
2011,국립창원대학교,자연과학계열,132,181,21,21,313,42,13.4,국립창원대학교
2011,국립한국해양대학교,공학계열,819,197,67,18,1016,85,8.4,국립한국해양대학교
2011,국립한국해양대학교,예체능계열,20,5,2,0,25,2,8.0,국립한국해양대학교
2011,국립한국해양대학교,인문사회계열,192,165,2,6,357,8,2.2,국립한국해양대학교
2011,국립한국해양대학교,자연과학계열,45,41,8,2,86,10,11.6,국립한국해양대학교
2011,국민대학교,공학계열,595,145,98,16,740,114,15.4,국민대학교
2011,국민대학교,예체능계열,159,327,23,36,486,59,12.1,국민대학교
2011,국민대학교,인문사회계열,658,621,15,38,1279,53,4.1,국민대학교
2011,국민대학교,자연과학계열,173,181,31,32,354,63,17.8,국민대학교
2011,극동대학교,공학계열,49,10,3,1,59,4,6.8,극동대학교
2011,극동대학교,예체능계열,62,66,3,2,128,5,3.9,극동대학교
2011,극동대학교,인문사회계열,206,269,4,5,475,9,1.9,극동대학교
2011,극동대학교,자연과학계열,7,46,0,0,53,0,0.0,극동대학교
2011,금강대학교,인문사회계열,13,40,4,3,53,7,13.2,금강대학교
2011,김천대학교,공학계열,0,0,0,0,0,0,0.0,김천대학교
2011,김천대학교,예체능계열,0,0,0,0,0,0,0.0,김천대학교
2011,김천대학교,인문사회계열,0,0,0,0,0,0,0.0,김천대학교
2011,김천대학교,자연과학계열,0,0,0,0,0,0,0.0,김천대학교
2011,나사렛대학교,공학계열,17,1,0,0,18,0,0.0,나사렛대학교
2011,나사렛대학교,예체능계열,49,89,1,3,138,4,2.9,나사렛대학교
2011,나사렛대학교,인문사회계열,146,551,13,6,697,19,2.7,나사렛대학교
2011,나사렛대학교,자연과학계열,43,39,2,0,82,2,2.4,나사렛대학교
2011,남부대학교,공학계열,35,1,0,0,36,0,0.0,남부대학교
2011,남부대학교,예체능계열,27,65,1,10,92,11,12.0,남부대학교
2011,남부대학교,인문사회계열,64,121,5,5,185,10,5.4,남부대학교
2011,남부대학교,자연과학계열,93,77,2,3,170,5,2.9,남부대학교
2011,단국대학교,공학계열,530,131,54,16,661,70,10.6,단국대학교
2011,단국대학교,예체능계열,82,155,7,15,237,22,9.3,단국대학교
2011,단국대학교,인문사회계열,589,558,17,18,1147,35,3.1,단국대학교
2011,단국대학교,자연과학계열,158,164,16,14,322,30,9.3,단국대학교
2011,대구가톨릭대학교,공학계열,344,69,17,10,413,27,6.5,대구가톨릭대학교
2011,대구가톨릭대학교,예체능계열,57,196,7,20,253,27,10.7,대구가톨릭대학교
2011,대구가톨릭대학교,의학계열,32,16,0,0,48,0,0.0,대구가톨릭대학교
2011,대구가톨릭대학교,인문사회계열,534,693,37,28,1227,65,5.3,대구가톨릭대학교
2011,대구가톨릭대학교,자연과학계열,169,289,17,17,458,34,7.4,대구가톨릭대학교
2011,대구교육대학교,공학계열,10,23,1,1,33,2,6.1,대구교육대학교
2011,대구교육대학교,인문사회계열,132,330,2,1,462,3,0.6,대구교육대학교
2011,대구교육대학교,자연과학계열,18,47,0,0,65,0,0.0,대구교육대학교
2011,대구대학교,공학계열,570,177,21,13,747,34,4.6,대구대학교
2011,대구대학교,예체능계열,102,164,6,8,266,14,5.3,대구대학교
2011,대구대학교,인문사회계열,943,1168,27,42,2111,69,3.3,대구대학교
2011,대구대학교,자연과학계열,343,358,22,21,701,43,6.1,대구대학교
2011,대구예술대학교,공학계열,13,0,0,0,13,0,0.0,대구예술대학교
2011,대구예술대학교,예체능계열,55,120,4,15,175,19,10.9,대구예술대학교
2011,대구예술대학교,인문사회계열,9,1,1,0,10,1,10.0,대구예술대학교
2011,대구한의대학교,공학계열,77,35,1,6,112,7,6.2,대구한의대학교
2011,대구한의대학교,예체능계열,49,65,0,4,114,4,3.5,대구한의대학교
2011,대구한의대학교,의학계열,129,42,0,0,171,0,0.0,대구한의대학교
2011,대구한의대학교,인문사회계열,144,239,5,6,383,11,2.9,대구한의대학교
2011,대구한의대학교,자연과학계열,221,389,12,14,610,26,4.3,대구한의대학교
2011,대신대학교,예체능계열,7,9,2,0,16,2,12.5,대신대학교
2011,대신대학교,인문사회계열,61,45,11,3,106,14,13.2,대신대학교
2011,대전가톨릭대학교,인문사회계열,29,0,23,0,29,23,79.3,대전가톨릭대학교
2011,대전대학교,공학계열,196,80,7,3,276,10,3.6,대전대학교
2011,대전대학교,예체능계열,115,100,6,2,215,8,3.7,대전대학교
2011,대전대학교,의학계열,63,29,1,0,92,1,1.1,대전대학교
2011,대전대학교,인문사회계열,422,379,12,7,801,19,2.4,대전대학교
2011,대전대학교,자연과학계열,170,256,11,9,426,20,4.7,대전대학교
2011,대진대학교,공학계열,332,59,24,4,391,28,7.2,대진대학교
2011,대진대학교,예체능계열,61,182,1,23,243,24,9.9,대진대학교
2011,대진대학교,인문사회계열,293,369,10,15,662,25,3.8,대진대학교
2011,대진대학교,자연과학계열,123,110,9,8,233,17,7.3,대진대학교
2011,덕성여자대학교,공학계열,0,86,0,3,86,3,3.5,덕성여자대학교
2011,덕성여자대학교,예체능계열,0,185,0,9,185,9,4.9,덕성여자대학교
2011,덕성여자대학교,인문사회계열,0,606,0,23,606,23,3.8,덕성여자대학교
2011,덕성여자대학교,자연과학계열,0,289,0,29,289,29,10.0,덕성여자대학교
2011,동국대학교,공학계열,385,137,43,18,522,61,11.7,동국대학교
2011,동국대학교,예체능계열,54,93,14,18,147,32,21.8,동국대학교
2011,동국대학교,인문사회계열,930,827,42,57,1757,99,5.6,동국대학교
2011,동국대학교,자연과학계열,270,248,48,37,518,85,16.4,동국대학교
2011,동국대학교(WISE) _분교,공학계열,169,25,4,1,194,5,2.6,동국대학교(WISE) _분교
2011,동국대학교(WISE) _분교,예체능계열,41,89,10,15,130,25,19.2,동국대학교(WISE) _분교
2011,동국대학교(WISE) _분교,의학계열,93,41,1,0,134,1,0.7,동국대학교(WISE) _분교
2011,동국대학교(WISE) _분교,인문사회계열,491,574,16,14,1065,30,2.8,동국대학교(WISE) _분교
2011,동국대학교(WISE) _분교,자연과학계열,125,134,17,6,259,23,8.9,동국대학교(WISE) _분교
2011,동덕여자대학교,공학계열,0,184,0,8,184,8,4.3,동덕여자대학교
2011,동덕여자대학교,예체능계열,0,515,0,40,515,40,7.8,동덕여자대학교
2011,동덕여자대학교,인문사회계열,0,610,0,29,610,29,4.8,동덕여자대학교
2011,동덕여자대학교,자연과학계열,0,191,0,10,191,10,5.2,동덕여자대학교
2011,동명대학교,공학계열,155,56,3,2,211,5,2.4,동명대학교
2011,동명대학교,예체능계열,15,81,0,5,96,5,5.2,동명대학교
2011,동명대학교,인문사회계열,98,227,1,5,325,6,1.8,동명대학교
2011,동명대학교,자연과학계열,14,21,0,2,35,2,5.7,동명대학교
2011,동서대학교,공학계열,404,134,16,3,538,19,3.5,동서대학교
2011,동서대학교,예체능계열,161,203,5,5,364,10,2.7,동서대학교
2011,동서대학교,인문사회계열,464,627,10,9,1091,19,1.7,동서대학교
2011,동서대학교,자연과학계열,33,20,3,2,53,5,9.4,동서대학교
2011,동신대학교,공학계열,169,72,10,4,241,14,5.8,동신대학교
2011,동신대학교,예체능계열,77,53,1,0,130,1,0.8,동신대학교
2011,동신대학교,의학계열,39,8,0,0,47,0,0.0,동신대학교
2011,동신대학교,인문사회계열,154,390,3,13,544,16,2.9,동신대학교
2011,동신대학교,자연과학계열,177,237,4,5,414,9,2.2,동신대학교
2011,동아대학교,공학계열,880,257,74,18,1137,92,8.1,동아대학교
2011,동아대학교,예체능계열,152,304,13,36,456,49,10.7,동아대학교
2011,동아대학교,의학계열,44,21,0,0,65,0,0.0,동아대학교
2011,동아대학교,인문사회계열,706,1019,25,26,1725,51,3.0,동아대학교
2011,동아대학교,자연과학계열,241,395,43,47,636,90,14.2,동아대학교
2011,동양대학교,공학계열,189,36,8,1,225,9,4.0,동양대학교
2011,동양대학교,예체능계열,34,21,0,0,55,0,0.0,동양대학교
2011,동양대학교,인문사회계열,183,175,2,3,358,5,1.4,동양대학교
2011,동양대학교,자연과학계열,34,6,1,1,40,2,5.0,동양대학교
2011,동의대학교,공학계열,713,199,35,8,912,43,4.7,동의대학교
2011,동의대학교,예체능계열,128,178,9,19,306,28,9.2,동의대학교
2011,동의대학교,의학계열,27,17,1,0,44,1,2.3,동의대학교
2011,동의대학교,인문사회계열,648,906,5,22,1554,27,1.7,동의대학교
2011,동의대학교,자연과학계열,264,285,16,16,549,32,5.8,동의대학교
2011,루터대학교,인문사회계열,24,71,1,7,95,8,8.4,루터대학교
2011,명지대학교,공학계열,619,157,63,13,776,76,9.8,명지대학교
2011,명지대학교,예체능계열,121,162,9,14,283,23,8.1,명지대학교
2011,명지대학교,자연과학계열,200,222,24,34,422,58,13.7,명지대학교
2011,명지대학교 _제2캠퍼스,예체능계열,11,49,3,14,60,17,28.3,명지대학교 _제2캠퍼스
2011,명지대학교 _제2캠퍼스,인문사회계열,670,674,14,39,1344,53,3.9,명지대학교 _제2캠퍼스
2011,목원대학교,공학계열,247,94,12,4,341,16,4.7,목원대학교
2011,목원대학교,예체능계열,97,320,8,20,417,28,6.7,목원대학교
2011,목원대학교,인문사회계열,509,425,63,15,934,78,8.4,목원대학교
2011,목원대학교,자연과학계열,69,70,12,3,139,15,10.8,목원대학교
2011,목포가톨릭대학교,인문사회계열,8,30,0,0,38,0,0.0,목포가톨릭대학교
2011,목포가톨릭대학교,자연과학계열,8,89,0,0,97,0,0.0,목포가톨릭대학교
2011,배재대학교,공학계열,119,12,12,1,131,13,9.9,배재대학교
2011,배재대학교,예체능계열,73,119,1,11,192,12,6.2,배재대학교
2011,배재대학교,인문사회계열,562,623,14,14,1185,28,2.4,배재대학교
2011,배재대학교,자연과학계열,223,184,14,4,407,18,4.4,배재대학교
2011,백석대학교,공학계열,0,25,0,0,25,0,0.0,백석대학교
2011,백석대학교,예체능계열,116,274,11,8,390,19,4.9,백석대학교
2011,백석대학교,인문사회계열,563,1132,32,31,1695,63,3.7,백석대학교
2011,백석대학교,자연과학계열,190,109,8,1,299,9,3.0,백석대학교
2011,부산가톨릭대학교,공학계열,23,7,2,0,30,2,6.7,부산가톨릭대학교
2011,부산가톨릭대학교,인문사회계열,137,228,10,3,365,13,3.6,부산가톨릭대학교
2011,부산가톨릭대학교,자연과학계열,152,277,9,6,429,15,3.5,부산가톨릭대학교
2011,부산교육대학교,공학계열,11,25,0,0,36,0,0.0,부산교육대학교
2011,부산교육대학교,인문사회계열,167,297,1,0,464,1,0.2,부산교육대학교
2011,부산교육대학교,자연과학계열,26,44,0,0,70,0,0.0,부산교육대학교
2011,부산대학교,공학계열,1111,334,175,75,1445,250,17.3,부산대학교
2011,부산대학교,예체능계열,59,211,5,35,270,40,14.8,부산대학교
2011,부산대학교,의학계열,6,2,0,0,8,0,0.0,부산대학교
2011,부산대학교,인문사회계열,802,933,35,72,1735,107,6.2,부산대학교
2011,부산대학교,자연과학계열,424,581,82,95,1005,177,17.6,부산대학교
2011,부산외국어대학교,공학계열,81,17,1,0,98,1,1.0,부산외국어대학교
2011,부산외국어대학교,인문사회계열,613,925,15,31,1538,46,3.0,부산외국어대학교
2011,부산외국어대학교,자연과학계열,50,10,0,0,60,0,0.0,부산외국어대학교
2011,부산장신대학교,인문사회계열,40,32,9,4,72,13,18.1,부산장신대학교
2011,삼육대학교,공학계열,48,40,1,4,88,5,5.7,삼육대학교
2011,삼육대학교,예체능계열,36,156,4,5,192,9,4.7,삼육대학교
2011,삼육대학교,인문사회계열,151,261,23,5,412,28,6.8,삼육대학교
2011,삼육대학교,자연과학계열,125,227,11,8,352,19,5.4,삼육대학교
2011,상명대학교,공학계열,90,37,8,0,127,8,6.3,상명대학교
2011,상명대학교,예체능계열,121,220,6,19,341,25,7.3,상명대학교
2011,상명대학교,인문사회계열,216,456,5,14,672,19,2.8,상명대학교
2011,상명대학교,자연과학계열,91,162,16,19,253,35,13.8,상명대학교
2011,상지대학교,공학계열,216,101,18,4,317,22,6.9,상지대학교
2011,상지대학교,예체능계열,70,37,5,4,107,9,8.4,상지대학교
2011,상지대학교,의학계열,33,26,2,1,59,3,5.1,상지대학교
2011,상지대학교,인문사회계열,341,323,4,7,664,11,1.7,상지대학교
2011,상지대학교,자연과학계열,163,134,7,3,297,10,3.4,상지대학교
2011,서강대학교,공학계열,325,105,98,32,430,130,30.2,서강대학교
2011,서강대학교,인문사회계열,590,496,41,60,1086,101,9.3,서강대학교
2011,서강대학교,자연과학계열,104,117,36,37,221,73,33.0,서강대학교
2011,서경대학교,공학계열,189,111,20,6,300,26,8.7,서경대학교
2011,서경대학교,예체능계열,45,130,2,17,175,19,10.9,서경대학교
2011,서경대학교,인문사회계열,229,276,7,5,505,12,2.4,서경대학교
2011,서경대학교,자연과학계열,146,92,7,12,238,19,8.0,서경대학교
2011,서울교육대학교,공학계열,12,18,0,0,30,0,0.0,서울교육대학교
2011,서울교육대학교,인문사회계열,125,362,6,6,487,12,2.5,서울교육대학교
2011,서울교육대학교,자연과학계열,9,25,0,0,34,0,0.0,서울교육대학교
2011,서울기독대학교,예체능계열,0,14,0,5,14,5,35.7,서울기독대학교
2011,서울기독대학교,인문사회계열,46,55,4,3,101,7,6.9,서울기독대학교
2011,서울대학교,공학계열,761,119,349,63,880,412,46.8,서울대학교
2011,서울대학교,예체능계열,92,237,23,41,329,64,19.5,서울대학교
2011,서울대학교,의학계열,135,52,12,2,187,14,7.5,서울대학교
2011,서울대학교,인문사회계열,859,648,166,151,1507,317,21.0,서울대학교
2011,서울대학교,자연과학계열,506,336,220,137,842,357,42.4,서울대학교
2011,서울시립대학교,공학계열,373,98,59,11,471,70,14.9,서울시립대학교
2011,서울시립대학교,예체능계열,39,58,4,5,97,9,9.3,서울시립대학교
2011,서울시립대학교,인문사회계열,468,246,20,10,714,30,4.2,서울시립대학교
2011,서울시립대학교,자연과학계열,172,108,25,21,280,46,16.4,서울시립대학교
2011,서울신학대학교,예체능계열,9,64,1,8,73,9,12.3,서울신학대학교
2011,서울신학대학교,인문사회계열,129,239,53,24,368,77,20.9,서울신학대학교
2011,서울여자대학교,공학계열,0,238,0,43,238,43,18.1,서울여자대학교
2011,서울여자대학교,예체능계열,0,320,0,26,320,26,8.1,서울여자대학교
2011,서울여자대학교,인문사회계열,0,964,0,64,964,64,6.6,서울여자대학교
2011,서울여자대학교,자연과학계열,0,192,0,20,192,20,10.4,서울여자대학교
2011,서울장신대학교,예체능계열,2,14,0,1,16,1,6.2,서울장신대학교
2011,서울장신대학교,인문사회계열,52,35,8,2,87,10,11.5,서울장신대학교
2011,서울한영대학교,예체능계열,2,9,0,0,11,0,0.0,서울한영대학교
2011,서울한영대학교,인문사회계열,41,71,3,5,112,8,7.1,서울한영대학교
2011,서원대학교,공학계열,68,41,0,2,109,2,1.8,서원대학교
2011,서원대학교,예체능계열,42,138,3,9,180,12,6.7,서원대학교
2011,서원대학교,인문사회계열,425,462,8,5,887,13,1.5,서원대학교
2011,서원대학교,자연과학계열,83,98,0,8,181,8,4.4,서원대학교
2011,선문대학교,공학계열,336,75,20,1,411,21,5.1,선문대학교
2011,선문대학교,예체능계열,40,16,0,0,56,0,0.0,선문대학교
2011,선문대학교,의학계열,10,5,2,0,15,2,13.3,선문대학교
2011,선문대학교,인문사회계열,491,442,12,11,933,23,2.5,선문대학교
2011,선문대학교,자연과학계열,87,76,7,13,163,20,12.3,선문대학교
2011,성결대학교,공학계열,97,66,2,1,163,3,1.8,성결대학교
2011,성결대학교,예체능계열,6,81,0,8,87,8,9.2,성결대학교
2011,성결대학교,인문사회계열,213,318,21,7,531,28,5.3,성결대학교
2011,성결대학교,자연과학계열,15,15,4,2,30,6,20.0,성결대학교
2011,성공회대학교,공학계열,38,43,1,0,81,1,1.2,성공회대학교
2011,성공회대학교,예체능계열,23,15,0,1,38,1,2.6,성공회대학교
2011,성공회대학교,인문사회계열,118,215,4,9,333,13,3.9,성공회대학교
2011,성공회대학교,자연과학계열,31,8,1,0,39,1,2.6,성공회대학교
2011,성균관대학교,공학계열,965,227,175,44,1192,219,18.4,성균관대학교
2011,성균관대학교,예체능계열,57,165,5,20,222,25,11.3,성균관대학교
2011,성균관대학교,의학계열,24,18,1,0,42,1,2.4,성균관대학교
2011,성균관대학교,인문사회계열,1307,826,113,77,2133,190,8.9,성균관대학교
2011,성균관대학교,자연과학계열,449,223,104,66,672,170,25.3,성균관대학교
2011,성신여자대학교,공학계열,0,210,0,19,210,19,9.0,성신여자대학교
2011,성신여자대학교,예체능계열,0,403,0,61,403,61,15.1,성신여자대학교
2011,성신여자대학교,인문사회계열,0,1003,0,66,1003,66,6.6,성신여자대학교
2011,성신여자대학교,자연과학계열,3,329,0,34,332,34,10.2,성신여자대학교
2011,세명대학교,공학계열,277,46,20,7,323,27,8.4,세명대학교
2011,세명대학교,예체능계열,92,80,2,1,172,3,1.7,세명대학교
2011,세명대학교,의학계열,27,15,0,0,42,0,0.0,세명대학교
2011,세명대학교,인문사회계열,350,341,3,3,691,6,0.9,세명대학교
2011,세명대학교,자연과학계열,210,202,4,6,412,10,2.4,세명대학교
2011,세종대학교,공학계열,823,273,122,38,1096,160,14.6,세종대학교
2011,세종대학교,예체능계열,180,216,14,11,396,25,6.3,세종대학교
2011,세종대학교,인문사회계열,355,339,12,14,694,26,3.7,세종대학교
2011,세종대학교,자연과학계열,119,124,28,22,243,50,20.6,세종대학교
2011,세한대학교,공학계열,11,1,0,0,12,0,0.0,세한대학교
2011,세한대학교,예체능계열,139,92,4,5,231,9,3.9,세한대학교
2011,세한대학교,인문사회계열,288,303,1,0,591,1,0.2,세한대학교
2011,세한대학교,자연과학계열,55,67,1,0,122,1,0.8,세한대학교
2011,수원가톨릭대학교,인문사회계열,40,1,26,0,41,26,63.4,수원가톨릭대학교
2011,수원대학교,공학계열,455,160,39,9,615,48,7.8,수원대학교
2011,수원대학교,예체능계열,174,356,18,28,530,46,8.7,수원대학교
2011,수원대학교,인문사회계열,278,405,10,17,683,27,4.0,수원대학교
2011,수원대학교,자연과학계열,230,275,21,13,505,34,6.7,수원대학교
2011,숙명여자대학교,예체능계열,0,315,0,39,315,39,12.4,숙명여자대학교
2011,숙명여자대학교,인문사회계열,0,1336,0,105,1336,105,7.9,숙명여자대학교
2011,숙명여자대학교,자연과학계열,0,411,0,70,411,70,17.0,숙명여자대학교
2011,순천향대학교,공학계열,326,91,27,4,417,31,7.4,순천향대학교
2011,순천향대학교,예체능계열,48,43,8,5,91,13,14.3,순천향대학교
2011,순천향대학교,의학계열,103,41,3,0,144,3,2.1,순천향대학교
2011,순천향대학교,인문사회계열,494,676,8,14,1170,22,1.9,순천향대학교
2011,순천향대학교,자연과학계열,207,346,36,47,553,83,15.0,순천향대학교
2011,숭실대학교,공학계열,931,235,93,19,1166,112,9.6,숭실대학교
2011,숭실대학교,예체능계열,33,34,1,2,67,3,4.5,숭실대학교
2011,숭실대학교,인문사회계열,535,474,34,28,1009,62,6.1,숭실대학교
2011,숭실대학교,자연과학계열,174,130,35,23,304,58,19.1,숭실대학교
2011,신경주대학교,공학계열,67,3,1,1,70,2,2.9,신경주대학교
2011,신경주대학교,예체능계열,43,16,1,0,59,1,1.7,신경주대학교
2011,신경주대학교,인문사회계열,439,273,6,8,712,14,2.0,신경주대학교
2011,신경주대학교,자연과학계열,31,5,0,0,36,0,0.0,신경주대학교
2011,신라대학교,공학계열,212,76,13,0,288,13,4.5,신라대학교
2011,신라대학교,예체능계열,73,226,3,20,299,23,7.7,신라대학교
2011,신라대학교,인문사회계열,358,689,2,10,1047,12,1.1,신라대학교
2011,신라대학교,자연과학계열,82,175,7,12,257,19,7.4,신라대학교
2011,아신대학교,인문사회계열,116,98,32,22,214,54,25.2,아신대학교
2011,아주대학교,공학계열,914,165,143,33,1079,176,16.3,아주대학교
2011,아주대학교,의학계열,28,9,0,0,37,0,0.0,아주대학교
2011,아주대학교,인문사회계열,412,219,25,17,631,42,6.7,아주대학교
2011,아주대학교,자연과학계열,88,92,31,25,180,56,31.1,아주대학교
2011,안양대학교,공학계열,131,36,8,2,167,10,6.0,안양대학교
2011,안양대학교,예체능계열,25,80,2,7,105,9,8.6,안양대학교
2011,안양대학교,인문사회계열,211,289,16,6,500,22,4.4,안양대학교
2011,안양대학교,자연과학계열,81,93,4,3,174,7,4.0,안양대학교
2011,안양대학교 _제2캠퍼스,공학계열,26,9,1,2,35,3,8.6,안양대학교 _제2캠퍼스
2011,안양대학교 _제2캠퍼스,인문사회계열,23,25,0,0,48,0,0.0,안양대학교 _제2캠퍼스
2011,연세대학교,공학계열,750,153,231,38,903,269,29.8,연세대학교
2011,연세대학교,예체능계열,47,120,3,14,167,17,10.2,연세대학교
2011,연세대학교,의학계열,128,52,0,0,180,0,0.0,연세대학교
2011,연세대학교,인문사회계열,1206,965,154,190,2171,344,15.8,연세대학교
2011,연세대학교,자연과학계열,372,337,165,104,709,269,37.9,연세대학교
2011,연세대학교(미래) _분교,공학계열,216,77,46,19,293,65,22.2,연세대학교(미래) _분교
2011,연세대학교(미래) _분교,예체능계열,3,30,0,1,33,1,3.0,연세대학교(미래) _분교
2011,연세대학교(미래) _분교,의학계열,66,33,0,0,99,0,0.0,연세대학교(미래) _분교
2011,연세대학교(미래) _분교,인문사회계열,278,194,16,13,472,29,6.1,연세대학교(미래) _분교
2011,연세대학교(미래) _분교,자연과학계열,268,277,74,30,545,104,19.1,연세대학교(미래) _분교
2011,영남대학교,공학계열,1150,305,75,21,1455,96,6.6,영남대학교
2011,영남대학교,예체능계열,114,274,18,39,388,57,14.7,영남대학교
2011,영남대학교,의학계열,60,17,0,0,77,0,0.0,영남대학교
2011,영남대학교,인문사회계열,822,937,17,46,1759,63,3.6,영남대학교
2011,영남대학교,자연과학계열,523,594,61,75,1117,136,12.2,영남대학교
2011,영남신학대학교,인문사회계열,69,59,18,18,128,36,28.1,영남신학대학교
2011,영산대학교,공학계열,8,10,0,0,18,0,0.0,영산대학교
2011,영산대학교,예체능계열,9,11,0,0,20,0,0.0,영산대학교
2011,영산대학교,인문사회계열,41,106,1,2,147,3,2.0,영산대학교
2011,영산대학교,자연과학계열,2,27,0,0,29,0,0.0,영산대학교
2011,영산대학교 _제2캠퍼스,예체능계열,13,33,0,2,46,2,4.3,영산대학교 _제2캠퍼스
2011,영산대학교 _제2캠퍼스,인문사회계열,26,115,0,2,141,2,1.4,영산대학교 _제2캠퍼스
2011,영산대학교 _제2캠퍼스,자연과학계열,9,67,0,4,76,4,5.3,영산대학교 _제2캠퍼스
2011,영산선학대학교,인문사회계열,4,5,4,3,9,7,77.8,영산선학대학교
2011,예수대학교,인문사회계열,1,9,0,1,10,1,10.0,예수대학교
2011,예수대학교,자연과학계열,6,117,0,0,123,0,0.0,예수대학교
2011,예원예술대학교,예체능계열,63,65,2,4,128,6,4.7,예원예술대학교
2011,예원예술대학교,인문사회계열,17,2,0,0,19,0,0.0,예원예술대학교
2011,용인대학교,공학계열,49,39,1,1,88,2,2.3,용인대학교
2011,용인대학교,예체능계열,451,189,19,13,640,32,5.0,용인대학교
2011,용인대학교,인문사회계열,117,149,6,9,266,15,5.6,용인대학교
2011,용인대학교,자연과학계열,89,153,4,10,242,14,5.8,용인대학교
2011,우석대학교,공학계열,154,61,4,1,215,5,2.3,우석대학교
2011,우석대학교,예체능계열,106,80,3,3,186,6,3.2,우석대학교
2011,우석대학교,의학계열,29,22,1,0,51,1,2.0,우석대학교
2011,우석대학교,인문사회계열,311,488,4,9,799,13,1.6,우석대학교
2011,우석대학교,자연과학계열,194,247,18,5,441,23,5.2,우석대학교
2011,울산과학기술원,공학계열,0,0,0,0,0,0,0.0,울산과학기술원
2011,울산과학기술원,예체능계열,0,0,0,0,0,0,0.0,울산과학기술원
2011,울산과학기술원,인문사회계열,0,0,0,0,0,0,0.0,울산과학기술원
2011,울산과학기술원,자연과학계열,0,0,0,0,0,0,0.0,울산과학기술원
2011,울산대학교,공학계열,937,130,73,14,1067,87,8.2,울산대학교
2011,울산대학교,예체능계열,112,191,9,21,303,30,9.9,울산대학교
2011,울산대학교,의학계열,27,12,1,0,39,1,2.6,울산대학교
2011,울산대학교,인문사회계열,432,491,5,12,923,17,1.8,울산대학교
2011,울산대학교,자연과학계열,175,319,38,33,494,71,14.4,울산대학교
2011,원광대학교,공학계열,537,36,19,0,573,19,3.3,원광대학교
2011,원광대학교,예체능계열,71,308,4,29,379,33,8.7,원광대학교
2011,원광대학교,의학계열,201,65,1,3,266,4,1.5,원광대학교
2011,원광대학교,인문사회계열,860,909,16,29,1769,45,2.5,원광대학교
2011,원광대학교,자연과학계열,344,323,40,28,667,68,10.2,원광대학교
2011,위덕대학교,공학계열,60,31,11,5,91,16,17.6,위덕대학교
2011,위덕대학교,예체능계열,16,13,0,1,29,1,3.4,위덕대학교
2011,위덕대학교,인문사회계열,65,171,1,4,236,5,2.1,위덕대학교
2011,위덕대학교,자연과학계열,33,58,5,3,91,8,8.8,위덕대학교
2011,유원대학교,공학계열,76,17,5,1,93,6,6.5,유원대학교
2011,유원대학교,예체능계열,86,45,2,1,131,3,2.3,유원대학교
2011,유원대학교,인문사회계열,79,133,1,2,212,3,1.4,유원대학교
2011,유원대학교,자연과학계열,44,78,1,0,122,1,0.8,유원대학교
2011,을지대학교,의학계열,35,12,0,0,47,0,0.0,을지대학교
2011,을지대학교,인문사회계열,12,15,1,0,27,1,3.7,을지대학교
2011,을지대학교,자연과학계열,11,129,1,0,140,1,0.7,을지대학교
2011,을지대학교 _제2캠퍼스,공학계열,14,22,0,0,36,0,0.0,을지대학교 _제2캠퍼스
2011,을지대학교 _제2캠퍼스,예체능계열,0,14,0,0,14,0,0.0,을지대학교 _제2캠퍼스
2011,을지대학교 _제2캠퍼스,인문사회계열,30,98,0,2,128,2,1.6,을지대학교 _제2캠퍼스
2011,을지대학교 _제2캠퍼스,자연과학계열,209,353,4,8,562,12,2.1,을지대학교 _제2캠퍼스
2011,이화여자대학교,공학계열,0,197,0,59,197,59,29.9,이화여자대학교
2011,이화여자대학교,예체능계열,0,508,0,114,508,114,22.4,이화여자대학교
2011,이화여자대학교,의학계열,0,7,0,0,7,0,0.0,이화여자대학교
2011,이화여자대학교,인문사회계열,0,1873,0,300,1873,300,16.0,이화여자대학교
2011,이화여자대학교,자연과학계열,0,739,0,215,739,215,29.1,이화여자대학교
2011,인제대학교,공학계열,314,78,42,14,392,56,14.3,인제대학교
2011,인제대학교,예체능계열,55,102,3,8,157,11,7.0,인제대학교
2011,인제대학교,인문사회계열,311,486,9,19,797,28,3.5,인제대학교
2011,인제대학교,자연과학계열,280,275,33,22,555,55,9.9,인제대학교
2011,인천가톨릭대학교,인문사회계열,27,0,17,0,27,17,63.0,인천가톨릭대학교
2011,인천대학교,공학계열,324,91,34,3,415,37,8.9,인천대학교
2011,인천대학교,예체능계열,45,32,2,7,77,9,11.7,인천대학교
2011,인천대학교,인문사회계열,228,360,5,13,588,18,3.1,인천대학교
2011,인천대학교,자연과학계열,98,105,17,14,203,31,15.3,인천대학교
2011,인하대학교,공학계열,1398,179,200,27,1577,227,14.4,인하대학교
2011,인하대학교,예체능계열,52,83,4,4,135,8,5.9,인하대학교
2011,인하대학교,의학계열,34,16,0,0,50,0,0.0,인하대학교
2011,인하대학교,인문사회계열,797,799,33,34,1596,67,4.2,인하대학교
2011,인하대학교,자연과학계열,301,273,103,55,574,158,27.5,인하대학교
2011,장로회신학대학교,예체능계열,14,35,2,7,49,9,18.4,장로회신학대학교
2011,장로회신학대학교,인문사회계열,74,24,39,11,98,50,51.0,장로회신학대학교
2011,전남대학교,공학계열,500,135,63,13,635,76,12.0,전남대학교
2011,전남대학교,예체능계열,42,177,3,19,219,22,10.0,전남대학교
2011,전남대학교,의학계열,123,57,6,4,180,10,5.6,전남대학교
2011,전남대학교,인문사회계열,579,883,29,53,1462,82,5.6,전남대학교
2011,전남대학교,자연과학계열,546,633,106,92,1179,198,16.8,전남대학교
2011,전남대학교 _제2캠퍼스,공학계열,165,26,5,3,191,8,4.2,전남대학교 _제2캠퍼스
2011,전남대학교 _제2캠퍼스,예체능계열,29,74,1,3,103,4,3.9,전남대학교 _제2캠퍼스
2011,전남대학교 _제2캠퍼스,의학계열,19,52,3,8,71,11,15.5,전남대학교 _제2캠퍼스
2011,전남대학교 _제2캠퍼스,인문사회계열,45,66,2,1,111,3,2.7,전남대학교 _제2캠퍼스
2011,전남대학교 _제2캠퍼스,자연과학계열,159,66,14,10,225,24,10.7,전남대학교 _제2캠퍼스
2011,전북대학교,공학계열,969,256,128,43,1225,171,14.0,전북대학교
2011,전북대학교,예체능계열,21,82,3,13,103,16,15.5,전북대학교
2011,전북대학교,의학계열,40,14,5,3,54,8,14.8,전북대학교
2011,전북대학교,인문사회계열,647,855,25,31,1502,56,3.7,전북대학교
2011,전북대학교,자연과학계열,428,592,48,58,1020,106,10.4,전북대학교
2011,전주교육대학교,공학계열,11,22,0,0,33,0,0.0,전주교육대학교
2011,전주교육대학교,인문사회계열,99,245,3,1,344,4,1.2,전주교육대학교
2011,전주교육대학교,자연과학계열,12,27,0,0,39,0,0.0,전주교육대학교
2011,전주대학교,공학계열,180,94,3,2,274,5,1.8,전주대학교
2011,전주대학교,예체능계열,141,165,1,5,306,6,2.0,전주대학교
2011,전주대학교,인문사회계열,638,723,27,31,1361,58,4.3,전주대학교
2011,전주대학교,자연과학계열,82,156,6,7,238,13,5.5,전주대학교
2011,제주대학교,공학계열,332,45,24,3,377,27,7.2,제주대학교
2011,제주대학교,예체능계열,48,89,5,8,137,13,9.5,제주대학교
2011,제주대학교,의학계열,55,21,5,2,76,7,9.2,제주대학교
2011,제주대학교,인문사회계열,390,543,9,17,933,26,2.8,제주대학교
2011,제주대학교,자연과학계열,216,191,21,23,407,44,10.8,제주대학교
2011,조선대학교,공학계열,1051,239,71,11,1290,82,6.4,조선대학교
2011,조선대학교,예체능계열,170,240,17,37,410,54,13.2,조선대학교
2011,조선대학교,의학계열,155,51,1,0,206,1,0.5,조선대학교
2011,조선대학교,인문사회계열,834,1139,18,35,1973,53,2.7,조선대학교
2011,조선대학교,자연과학계열,360,495,28,30,855,58,6.8,조선대학교
2011,중부대학교,공학계열,152,60,6,1,212,7,3.3,중부대학교
2011,중부대학교,예체능계열,117,158,3,3,275,6,2.2,중부대학교
2011,중부대학교,인문사회계열,319,265,5,6,584,11,1.9,중부대학교
2011,중부대학교,자연과학계열,137,237,3,12,374,15,4.0,중부대학교
2011,중앙대학교,공학계열,647,114,79,10,761,89,11.7,중앙대학교
2011,중앙대학교,의학계열,63,26,1,0,89,1,1.1,중앙대학교
2011,중앙대학교,인문사회계열,808,866,42,78,1674,120,7.2,중앙대학교
2011,중앙대학교,자연과학계열,210,262,54,47,472,101,21.4,중앙대학교
2011,중앙승가대학교,인문사회계열,57,32,15,12,89,27,30.3,중앙승가대학교
2011,진주교육대학교,공학계열,10,22,0,0,32,0,0.0,진주교육대학교
2011,진주교육대학교,인문사회계열,126,284,3,1,410,4,1.0,진주교육대학교
2011,진주교육대학교,자연과학계열,13,31,1,0,44,1,2.3,진주교육대학교
2011,차의과학대학교,공학계열,7,6,1,0,13,1,7.7,차의과학대학교
2011,차의과학대학교,의학계열,0,1,0,0,1,0,0.0,차의과학대학교
2011,차의과학대학교,자연과학계열,28,51,5,3,79,8,10.1,차의과학대학교
2011,청운대학교,공학계열,123,42,3,4,165,7,4.2,청운대학교
2011,청운대학교,예체능계열,94,98,1,0,192,1,0.5,청운대학교
2011,청운대학교,인문사회계열,232,205,3,0,437,3,0.7,청운대학교
2011,청운대학교,자연과학계열,13,40,2,1,53,3,5.7,청운대학교
2011,청주교육대학교,공학계열,16,14,0,0,30,0,0.0,청주교육대학교
2011,청주교육대학교,인문사회계열,71,263,3,0,334,3,0.9,청주교육대학교
2011,청주교육대학교,자연과학계열,17,40,0,0,57,0,0.0,청주교육대학교
2011,청주대학교,공학계열,458,120,30,8,578,38,6.6,청주대학교
2011,청주대학교,예체능계열,82,198,8,8,280,16,5.7,청주대학교
2011,청주대학교,인문사회계열,859,1005,18,22,1864,40,2.1,청주대학교
2011,청주대학교,자연과학계열,140,97,13,10,237,23,9.7,청주대학교
2011,총신대학교,예체능계열,11,50,3,1,61,4,6.6,총신대학교
2011,총신대학교,인문사회계열,128,168,54,10,296,64,21.6,총신대학교
2011,추계예술대학교,예체능계열,70,186,12,16,256,28,10.9,추계예술대학교
2011,추계예술대학교,인문사회계열,14,31,2,3,45,5,11.1,추계예술대학교
2011,춘천교육대학교,공학계열,14,20,1,0,34,1,2.9,춘천교육대학교
2011,춘천교육대학교,인문사회계열,125,348,8,7,473,15,3.2,춘천교육대학교
2011,춘천교육대학교,자연과학계열,10,22,0,0,32,0,0.0,춘천교육대학교
2011,충남대학교,공학계열,1006,216,192,44,1222,236,19.3,충남대학교
2011,충남대학교,예체능계열,35,152,4,20,187,24,12.8,충남대학교
2011,충남대학교,의학계열,117,53,6,3,170,9,5.3,충남대학교
2011,충남대학교,인문사회계열,711,768,19,38,1479,57,3.9,충남대학교
2011,충남대학교,자연과학계열,607,473,131,90,1080,221,20.5,충남대학교
2011,충북대학교,공학계열,807,187,97,24,994,121,12.2,충북대학교
2011,충북대학교,예체능계열,69,88,14,6,157,20,12.7,충북대학교
2011,충북대학교,의학계열,76,44,20,9,120,29,24.2,충북대학교
2011,충북대학교,인문사회계열,489,645,12,29,1134,41,3.6,충북대학교
2011,충북대학교,자연과학계열,464,481,88,80,945,168,17.8,충북대학교
2011,칼빈대학교,예체능계열,2,8,0,2,10,2,20.0,칼빈대학교
2011,칼빈대학교,인문사회계열,57,26,24,4,83,28,33.7,칼빈대학교
2011,평택대학교,공학계열,24,9,0,0,33,0,0.0,평택대학교
2011,평택대학교,예체능계열,41,83,0,4,124,4,3.2,평택대학교
2011,평택대학교,인문사회계열,265,280,7,8,545,15,2.8,평택대학교
2011,평택대학교,자연과학계열,53,10,4,0,63,4,6.3,평택대학교
2011,포항공과대학교,공학계열,163,18,98,12,181,110,60.8,포항공과대학교
2011,포항공과대학교,자연과학계열,105,22,79,13,127,92,72.4,포항공과대학교
2011,한국과학기술원,공학계열,357,78,233,39,435,272,62.5,한국과학기술원
2011,한국과학기술원,인문사회계열,23,15,5,5,38,10,26.3,한국과학기술원
2011,한국과학기술원,자연과학계열,216,82,174,46,298,220,73.8,한국과학기술원
2011,한국교원대학교,공학계열,7,9,0,0,16,0,0.0,한국교원대학교
2011,한국교원대학교,인문사회계열,173,289,5,3,462,8,1.7,한국교원대학교
2011,한국교원대학교,자연과학계열,29,25,0,0,54,0,0.0,한국교원대학교
2011,한국기술교육대학교,공학계열,538,176,55,13,714,68,9.5,한국기술교육대학교
2011,한국기술교육대학교,예체능계열,6,17,2,0,23,2,8.7,한국기술교육대학교
2011,한국기술교육대학교,자연과학계열,19,17,5,2,36,7,19.4,한국기술교육대학교
2011,한국성서대학교,인문사회계열,40,91,7,6,131,13,9.9,한국성서대학교
2011,한국성서대학교,자연과학계열,12,6,1,1,18,2,11.1,한국성서대학교
2011,한국예술종합학교,예체능계열,135,255,1,9,390,10,2.6,한국예술종합학교
2011,한국예술종합학교,인문사회계열,8,17,0,0,25,0,0.0,한국예술종합학교
2011,한국외국어대학교,공학계열,43,60,3,6,103,9,8.7,한국외국어대학교
2011,한국외국어대학교,인문사회계열,781,744,47,82,1525,129,8.5,한국외국어대학교
2011,한국체육대학교,예체능계열,197,113,11,7,310,18,5.8,한국체육대학교
2011,한국체육대학교,인문사회계열,86,20,9,2,106,11,10.4,한국체육대학교
2011,한국침례신학대학교,예체능계열,10,42,3,7,52,10,19.2,한국침례신학대학교
2011,한국침례신학대학교,인문사회계열,144,169,32,10,313,42,13.4,한국침례신학대학교
2011,한국항공대학교,공학계열,568,116,62,17,684,79,11.5,한국항공대학교
2011,한국항공대학교,인문사회계열,137,56,10,3,193,13,6.7,한국항공대학교
2011,한국항공대학교,자연과학계열,83,2,0,0,85,0,0.0,한국항공대학교
2011,한남대학교,공학계열,283,57,26,7,340,33,9.7,한남대학교
2011,한남대학교,예체능계열,81,148,10,10,229,20,8.7,한남대학교
2011,한남대학교,인문사회계열,574,702,17,26,1276,43,3.4,한남대학교
2011,한남대학교,자연과학계열,206,249,26,34,455,60,13.2,한남대학교
2011,한동대학교,공학계열,129,72,22,9,201,31,15.4,한동대학교
2011,한동대학교,인문사회계열,232,180,27,21,412,48,11.7,한동대학교
2011,한동대학교,자연과학계열,71,52,30,19,123,49,39.8,한동대학교
2011,한라대학교,공학계열,183,10,11,0,193,11,5.7,한라대학교
2011,한라대학교,예체능계열,27,31,0,1,58,1,1.7,한라대학교
2011,한라대학교,인문사회계열,165,87,0,1,252,1,0.4,한라대학교
2011,한라대학교,자연과학계열,33,23,0,0,56,0,0.0,한라대학교
2011,한림대학교,공학계열,154,20,10,3,174,13,7.5,한림대학교
2011,한림대학교,예체능계열,63,22,5,2,85,7,8.2,한림대학교
2011,한림대학교,의학계열,50,19,0,0,69,0,0.0,한림대학교
2011,한림대학교,인문사회계열,365,474,17,20,839,37,4.4,한림대학교
2011,한림대학교,자연과학계열,149,256,33,22,405,55,13.6,한림대학교
2011,한서대학교,공학계열,273,80,6,5,353,11,3.1,한서대학교
2011,한서대학교,예체능계열,78,157,2,1,235,3,1.3,한서대학교
2011,한서대학교,인문사회계열,197,319,1,2,516,3,0.6,한서대학교
2011,한서대학교,자연과학계열,192,232,7,10,424,17,4.0,한서대학교
2011,한성대학교,공학계열,201,90,6,1,291,7,2.4,한성대학교
2011,한성대학교,예체능계열,44,152,3,11,196,14,7.1,한성대학교
2011,한성대학교,인문사회계열,197,171,0,4,368,4,1.1,한성대학교
2011,한성대학교,자연과학계열,44,36,7,1,80,8,10.0,한성대학교
2011,한세대학교,공학계열,42,15,1,1,57,2,3.5,한세대학교
2011,한세대학교,예체능계열,51,127,2,12,178,14,7.9,한세대학교
2011,한세대학교,인문사회계열,139,162,18,12,301,30,10.0,한세대학교
2011,한신대학교,공학계열,77,42,2,1,119,3,2.5,한신대학교
2011,한신대학교,예체능계열,39,43,1,5,82,6,7.3,한신대학교
2011,한신대학교,인문사회계열,249,437,34,33,686,67,9.8,한신대학교
2011,한신대학교,자연과학계열,136,76,13,7,212,20,9.4,한신대학교
2011,한양대학교,공학계열,1210,137,265,32,1347,297,22.0,한양대학교
2011,한양대학교,예체능계열,122,205,11,27,327,38,11.6,한양대학교
2011,한양대학교,의학계열,88,18,0,0,106,0,0.0,한양대학교
2011,한양대학교,인문사회계열,892,494,63,34,1386,97,7.0,한양대학교
2011,한양대학교,자연과학계열,286,213,89,62,499,151,30.3,한양대학교
2011,한양대학교(ERICA) _분교,공학계열,585,115,112,16,700,128,18.3,한양대학교(ERICA) _분교
2011,한양대학교(ERICA) _분교,예체능계열,101,203,9,13,304,22,7.2,한양대학교(ERICA) _분교
2011,한양대학교(ERICA) _분교,인문사회계열,410,323,21,21,733,42,5.7,한양대학교(ERICA) _분교
2011,한양대학교(ERICA) _분교,자연과학계열,202,180,49,29,382,78,20.4,한양대학교(ERICA) _분교
2011,한일장신대학교,공학계열,1,0,0,0,1,0,0.0,한일장신대학교
2011,한일장신대학교,예체능계열,14,26,0,0,40,0,0.0,한일장신대학교
2011,한일장신대학교,인문사회계열,98,139,10,9,237,19,8.0,한일장신대학교
2011,협성대학교,공학계열,65,14,3,0,79,3,3.8,협성대학교
2011,협성대학교,예체능계열,55,135,2,9,190,11,5.8,협성대학교
2011,협성대학교,인문사회계열,204,243,31,12,447,43,9.6,협성대학교
2011,협성대학교,자연과학계열,12,46,0,3,58,3,5.2,협성대학교
2011,호남대학교,공학계열,210,63,12,4,273,16,5.9,호남대학교
2011,호남대학교,예체능계열,161,109,9,5,270,14,5.2,호남대학교
2011,호남대학교,인문사회계열,456,397,7,10,853,17,2.0,호남대학교
2011,호남대학교,자연과학계열,112,108,1,6,220,7,3.2,호남대학교
2011,호남신학대학교,예체능계열,9,34,1,9,43,10,23.3,호남신학대학교
2011,호남신학대학교,인문사회계열,58,38,25,13,96,38,39.6,호남신학대학교
2011,호서대학교,공학계열,541,112,48,7,653,55,8.4,호서대학교
2011,호서대학교,예체능계열,217,260,8,5,477,13,2.7,호서대학교
2011,호서대학교,인문사회계열,371,405,16,17,776,33,4.3,호서대학교
2011,호서대학교,자연과학계열,259,195,35,29,454,64,14.1,호서대학교
2011,호원대학교,공학계열,159,61,3,2,220,5,2.3,호원대학교
2011,호원대학교,예체능계열,54,94,2,1,148,3,2.0,호원대학교
2011,호원대학교,인문사회계열,302,205,3,2,507,5,1.0,호원대학교
2011,호원대학교,자연과학계열,18,7,0,0,25,0,0.0,호원대학교
2011,홍익대학교,공학계열,826,287,72,29,1113,101,9.1,홍익대학교
2011,홍익대학교,예체능계열,72,334,10,46,406,56,13.8,홍익대학교
2011,홍익대학교,인문사회계열,347,381,15,16,728,31,4.3,홍익대학교
2011,홍익대학교,자연과학계열,79,60,6,3,139,9,6.5,홍익대학교
2011,화성의과학대학교,예체능계열,0,1,0,0,1,0,0.0,화성의과학대학교
2011,화성의과학대학교,자연과학계열,8,10,0,0,18,0,0.0,화성의과학대학교
2012,가천대학교,공학계열,479,211,14,9,690,23,3.3,가천대학교
2012,가천대학교,예체능계열,110,293,12,17,403,29,7.2,가천대학교
2012,가천대학교,의학계열,21,10,0,0,31,0,0.0,가천대학교
2012,가천대학교,인문사회계열,397,632,11,18,1029,29,2.8,가천대학교
2012,가천대학교,자연과학계열,181,306,19,35,487,54,11.1,가천대학교
2012,가톨릭관동대학교,공학계열,135,13,17,1,148,18,12.2,가톨릭관동대학교
2012,가톨릭관동대학교,예체능계열,24,42,3,5,66,8,12.1,가톨릭관동대학교
2012,가톨릭관동대학교,의학계열,36,16,0,0,52,0,0.0,가톨릭관동대학교
2012,가톨릭관동대학교,인문사회계열,609,464,49,39,1073,88,8.2,가톨릭관동대학교
2012,가톨릭관동대학교,자연과학계열,41,70,5,7,111,12,10.8,가톨릭관동대학교
2012,가톨릭꽃동네대학교,인문사회계열,26,45,2,2,71,4,5.6,가톨릭꽃동네대학교
2012,가톨릭꽃동네대학교,자연과학계열,0,31,0,0,31,0,0.0,가톨릭꽃동네대학교
2012,가톨릭대학교,공학계열,94,47,4,2,141,6,4.3,가톨릭대학교
2012,가톨릭대학교,예체능계열,13,65,0,3,78,3,3.8,가톨릭대학교
2012,가톨릭대학교,인문사회계열,293,568,16,37,861,53,6.2,가톨릭대학교
2012,가톨릭대학교,자연과학계열,95,219,21,40,314,61,19.4,가톨릭대학교
2012,가톨릭대학교 _제2캠퍼스,의학계열,68,33,0,0,101,0,0.0,가톨릭대학교 _제2캠퍼스
2012,가톨릭대학교 _제2캠퍼스,자연과학계열,1,71,0,0,72,0,0.0,가톨릭대학교 _제2캠퍼스
2012,가톨릭대학교 _제3캠퍼스,인문사회계열,48,9,29,0,57,29,50.9,가톨릭대학교 _제3캠퍼스
2012,감리교신학대학교,인문사회계열,151,50,75,14,201,89,44.3,감리교신학대학교
2012,강남대학교,공학계열,222,160,6,8,382,14,3.7,강남대학교
2012,강남대학교,예체능계열,21,98,1,2,119,3,2.5,강남대학교
2012,강남대학교,인문사회계열,484,589,12,11,1073,23,2.1,강남대학교
2012,강남대학교,자연과학계열,8,35,0,2,43,2,4.7,강남대학교
2012,강서대학교,예체능계열,9,37,2,4,46,6,13.0,강서대학교
2012,강서대학교,인문사회계열,52,78,3,2,130,5,3.8,강서대학교
2012,강원대학교,공학계열,591,166,98,14,757,112,14.8,강원대학교
2012,강원대학교,예체능계열,39,93,4,15,132,19,14.4,강원대학교
2012,강원대학교,의학계열,39,14,5,2,53,7,13.2,강원대학교
2012,강원대학교,인문사회계열,630,760,13,28,1390,41,2.9,강원대학교
2012,강원대학교,자연과학계열,584,495,100,73,1079,173,16.0,강원대학교
2012,강원대학교 _제2캠퍼스,공학계열,486,71,21,1,557,22,3.9,강원대학교 _제2캠퍼스
2012,강원대학교 _제2캠퍼스,예체능계열,29,50,1,4,79,5,6.3,강원대학교 _제2캠퍼스
2012,강원대학교 _제2캠퍼스,인문사회계열,138,161,3,1,299,4,1.3,강원대학교 _제2캠퍼스
2012,강원대학교 _제2캠퍼스,자연과학계열,37,55,4,7,92,11,12.0,강원대학교 _제2캠퍼스
2012,건국대학교,공학계열,542,136,63,12,678,75,11.1,건국대학교
2012,건국대학교,예체능계열,110,239,9,11,349,20,5.7,건국대학교
2012,건국대학교,의학계열,47,40,16,8,87,24,27.6,건국대학교
2012,건국대학교,인문사회계열,798,586,34,17,1384,51,3.7,건국대학교
2012,건국대학교,자연과학계열,305,299,68,60,604,128,21.2,건국대학교
2012,건국대학교(글로컬) _분교,공학계열,197,125,20,9,322,29,9.0,건국대학교(글로컬) _분교
2012,건국대학교(글로컬) _분교,예체능계열,82,145,5,9,227,14,6.2,건국대학교(글로컬) _분교
2012,건국대학교(글로컬) _분교,인문사회계열,325,424,14,19,749,33,4.4,건국대학교(글로컬) _분교
2012,건국대학교(글로컬) _분교,자연과학계열,165,159,29,20,324,49,15.1,건국대학교(글로컬) _분교
2012,건양대학교,공학계열,193,97,6,5,290,11,3.8,건양대학교
2012,건양대학교,예체능계열,103,80,2,2,183,4,2.2,건양대학교
2012,건양대학교,인문사회계열,320,432,2,15,752,17,2.3,건양대학교
2012,건양대학교,자연과학계열,85,176,6,8,261,14,5.4,건양대학교
2012,건양대학교 _제2캠퍼스,의학계열,34,15,0,0,49,0,0.0,건양대학교 _제2캠퍼스
2012,건양대학교 _제2캠퍼스,인문사회계열,19,74,1,1,93,2,2.2,건양대학교 _제2캠퍼스
2012,건양대학교 _제2캠퍼스,자연과학계열,39,170,4,11,209,15,7.2,건양대학교 _제2캠퍼스
2012,경기대학교,공학계열,268,105,22,11,373,33,8.8,경기대학교
2012,경기대학교,예체능계열,134,195,8,12,329,20,6.1,경기대학교
2012,경기대학교,인문사회계열,439,712,11,10,1151,21,1.8,경기대학교
2012,경기대학교,자연과학계열,98,168,18,14,266,32,12.0,경기대학교
2012,경기대학교 _제2캠퍼스,공학계열,9,15,0,0,24,0,0.0,경기대학교 _제2캠퍼스
2012,경기대학교 _제2캠퍼스,예체능계열,24,33,2,1,57,3,5.3,경기대학교 _제2캠퍼스
2012,경기대학교 _제2캠퍼스,인문사회계열,51,83,3,3,134,6,4.5,경기대학교 _제2캠퍼스
2012,경남대학교,공학계열,569,38,30,3,607,33,5.4,경남대학교
2012,경남대학교,예체능계열,36,56,0,2,92,2,2.2,경남대학교
2012,경남대학교,인문사회계열,916,941,15,35,1857,50,2.7,경남대학교
2012,경남대학교,자연과학계열,139,145,13,16,284,29,10.2,경남대학교
2012,경동대학교,공학계열,86,16,1,1,102,2,2.0,경동대학교
2012,경동대학교,예체능계열,40,20,0,0,60,0,0.0,경동대학교
2012,경동대학교,인문사회계열,192,200,2,5,392,7,1.8,경동대학교
2012,경동대학교,자연과학계열,32,18,0,0,50,0,0.0,경동대학교
2012,경북대학교,공학계열,1157,242,167,31,1399,198,14.2,경북대학교
2012,경북대학교,예체능계열,31,147,3,17,178,20,11.2,경북대학교
2012,경북대학교,의학계열,45,17,5,5,62,10,16.1,경북대학교
2012,경북대학교,인문사회계열,755,866,46,50,1621,96,5.9,경북대학교
2012,경북대학교,자연과학계열,417,557,82,111,974,193,19.8,경북대학교
2012,경상국립대학교,공학계열,850,177,102,27,1027,129,12.6,경상국립대학교
2012,경상국립대학교,예체능계열,20,40,0,4,60,4,6.7,경상국립대학교
2012,경상국립대학교,의학계열,36,8,4,3,44,7,15.9,경상국립대학교
2012,경상국립대학교,인문사회계열,596,661,15,19,1257,34,2.7,경상국립대학교
2012,경상국립대학교,자연과학계열,423,446,68,52,869,120,13.8,경상국립대학교
2012,경성대학교,공학계열,341,108,13,4,449,17,3.8,경성대학교
2012,경성대학교,예체능계열,111,417,3,18,528,21,4.0,경성대학교
2012,경성대학교,의학계열,16,5,2,0,21,2,9.5,경성대학교
2012,경성대학교,인문사회계열,570,950,13,20,1520,33,2.2,경성대학교
2012,경성대학교,자연과학계열,175,264,13,9,439,22,5.0,경성대학교
2012,경인교육대학교,공학계열,11,18,0,0,29,0,0.0,경인교육대학교
2012,경인교육대학교,인문사회계열,127,232,0,3,359,3,0.8,경인교육대학교
2012,경인교육대학교,자연과학계열,12,23,1,0,35,1,2.9,경인교육대학교
2012,경일대학교,공학계열,338,32,9,0,370,9,2.4,경일대학교
2012,경일대학교,예체능계열,50,107,4,7,157,11,7.0,경일대학교
2012,경일대학교,인문사회계열,188,92,0,4,280,4,1.4,경일대학교
2012,경일대학교,자연과학계열,8,0,0,0,8,0,0.0,경일대학교
2012,경희대학교,공학계열,830,308,159,47,1138,206,18.1,경희대학교
2012,경희대학교,예체능계열,290,365,31,47,655,78,11.9,경희대학교
2012,경희대학교,의학계열,147,41,8,5,188,13,6.9,경희대학교
2012,경희대학교,인문사회계열,1164,1159,58,50,2323,108,4.6,경희대학교
2012,경희대학교,자연과학계열,422,531,92,96,953,188,19.7,경희대학교
2012,계명대학교,공학계열,428,90,32,6,518,38,7.3,계명대학교
2012,계명대학교,예체능계열,262,562,29,53,824,82,10.0,계명대학교
2012,계명대학교,의학계열,59,19,1,0,78,1,1.3,계명대학교
2012,계명대학교,인문사회계열,1069,1323,31,44,2392,75,3.1,계명대학교
2012,계명대학교,자연과학계열,213,456,19,25,669,44,6.6,계명대학교
2012,고려대학교,공학계열,869,237,258,86,1106,344,31.1,고려대학교
2012,고려대학교,예체능계열,42,68,5,16,110,21,19.1,고려대학교
2012,고려대학교,의학계열,90,36,0,0,126,0,0.0,고려대학교
2012,고려대학교,인문사회계열,1305,964,197,180,2269,377,16.6,고려대학교
2012,고려대학교,자연과학계열,369,342,135,81,711,216,30.4,고려대학교
2012,고려대학교(세종) _분교,공학계열,275,50,47,13,325,60,18.5,고려대학교(세종) _분교
2012,고려대학교(세종) _분교,예체능계열,9,23,4,6,32,10,31.2,고려대학교(세종) _분교
2012,고려대학교(세종) _분교,인문사회계열,528,313,33,13,841,46,5.5,고려대학교(세종) _분교
2012,고려대학교(세종) _분교,자연과학계열,157,68,40,14,225,54,24.0,고려대학교(세종) _분교
2012,고신대학교,공학계열,9,8,2,1,17,3,17.6,고신대학교
2012,고신대학교,예체능계열,14,72,1,8,86,9,10.5,고신대학교
2012,고신대학교,의학계열,59,11,0,0,70,0,0.0,고신대학교
2012,고신대학교,인문사회계열,176,239,35,4,415,39,9.4,고신대학교
2012,고신대학교,자연과학계열,23,118,4,7,141,11,7.8,고신대학교
2012,공주교육대학교,공학계열,9,20,1,0,29,1,3.4,공주교육대학교
2012,공주교육대학교,인문사회계열,119,297,9,1,416,10,2.4,공주교육대학교
2012,공주교육대학교,자연과학계열,25,32,0,0,57,0,0.0,공주교육대학교
2012,광신대학교,예체능계열,3,20,2,4,23,6,26.1,광신대학교
2012,광신대학교,인문사회계열,58,68,21,7,126,28,22.2,광신대학교
2012,광운대학교,공학계열,711,110,116,8,821,124,15.1,광운대학교
2012,광운대학교,예체능계열,100,70,8,0,170,8,4.7,광운대학교
2012,광운대학교,인문사회계열,298,180,12,3,478,15,3.1,광운대학교
2012,광운대학교,자연과학계열,125,78,23,11,203,34,16.7,광운대학교
2012,광주가톨릭대학교,인문사회계열,20,3,8,0,23,8,34.8,광주가톨릭대학교
2012,광주교육대학교,공학계열,16,16,0,0,32,0,0.0,광주교육대학교
2012,광주교육대학교,인문사회계열,144,247,6,5,391,11,2.8,광주교육대학교
2012,광주교육대학교,자연과학계열,20,14,0,1,34,1,2.9,광주교육대학교
2012,광주대학교,공학계열,89,27,3,3,116,6,5.2,광주대학교
2012,광주대학교,예체능계열,28,89,2,13,117,15,12.8,광주대학교
2012,광주대학교,인문사회계열,291,574,10,7,865,17,2.0,광주대학교
2012,광주대학교,자연과학계열,14,4,0,1,18,1,5.6,광주대학교
2012,광주여자대학교,예체능계열,0,325,0,15,325,15,4.6,광주여자대학교
2012,광주여자대학교,의학계열,0,27,0,1,27,1,3.7,광주여자대학교
2012,광주여자대학교,인문사회계열,0,452,0,7,452,7,1.5,광주여자대학교
2012,광주여자대학교,자연과학계열,0,152,0,4,152,4,2.6,광주여자대학교
2012,국립강릉원주대학교,공학계열,243,105,21,6,348,27,7.8,국립강릉원주대학교
2012,국립강릉원주대학교,예체능계열,52,49,8,4,101,12,11.9,국립강릉원주대학교
2012,국립강릉원주대학교,의학계열,27,8,0,0,35,0,0.0,국립강릉원주대학교
2012,국립강릉원주대학교,인문사회계열,285,279,4,9,564,13,2.3,국립강릉원주대학교
2012,국립강릉원주대학교,자연과학계열,155,110,26,19,265,45,17.0,국립강릉원주대학교
2012,국립강릉원주대학교 _제2캠퍼스,공학계열,92,20,1,1,112,2,1.8,국립강릉원주대학교 _제2캠퍼스
2012,국립강릉원주대학교 _제2캠퍼스,예체능계열,8,51,1,3,59,4,6.8,국립강릉원주대학교 _제2캠퍼스
2012,국립강릉원주대학교 _제2캠퍼스,인문사회계열,0,70,0,0,70,0,0.0,국립강릉원주대학교 _제2캠퍼스
2012,국립강릉원주대학교 _제2캠퍼스,자연과학계열,33,81,1,0,114,1,0.9,국립강릉원주대학교 _제2캠퍼스
2012,국립경국대학교,공학계열,293,57,26,9,350,35,10.0,국립경국대학교
2012,국립경국대학교,예체능계열,57,69,6,5,126,11,8.7,국립경국대학교
2012,국립경국대학교,의학계열,20,8,0,2,28,2,7.1,국립경국대학교
2012,국립경국대학교,인문사회계열,298,332,12,15,630,27,4.3,국립경국대학교
2012,국립경국대학교,자연과학계열,206,117,21,10,323,31,9.6,국립경국대학교
2012,국립공주대학교,공학계열,792,308,62,23,1100,85,7.7,국립공주대학교
2012,국립공주대학교,예체능계열,67,111,6,8,178,14,7.9,국립공주대학교
2012,국립공주대학교,인문사회계열,368,666,19,13,1034,32,3.1,국립공주대학교
2012,국립공주대학교,자연과학계열,359,501,66,55,860,121,14.1,국립공주대학교
2012,국립군산대학교,공학계열,567,86,33,7,653,40,6.1,국립군산대학교
2012,국립군산대학교,예체능계열,43,88,6,15,131,21,16.0,국립군산대학교
2012,국립군산대학교,의학계열,20,11,5,1,31,6,19.4,국립군산대학교
2012,국립군산대학교,인문사회계열,246,254,7,11,500,18,3.6,국립군산대학교
2012,국립군산대학교,자연과학계열,123,161,21,19,284,40,14.1,국립군산대학교
2012,국립금오공과대학교,공학계열,835,149,95,9,984,104,10.6,국립금오공과대학교
2012,국립금오공과대학교,인문사회계열,34,24,0,0,58,0,0.0,국립금오공과대학교
2012,국립금오공과대학교,자연과학계열,50,39,7,2,89,9,10.1,국립금오공과대학교
2012,국립목포대학교,공학계열,302,80,18,5,382,23,6.0,국립목포대학교
2012,국립목포대학교,예체능계열,43,89,1,9,132,10,7.6,국립목포대학교
2012,국립목포대학교,인문사회계열,311,352,11,5,663,16,2.4,국립목포대학교
2012,국립목포대학교,자연과학계열,167,142,12,7,309,19,6.1,국립목포대학교
2012,국립목포해양대학교,공학계열,399,68,4,0,467,4,0.9,국립목포해양대학교
2012,국립부경대학교,공학계열,1379,319,104,22,1698,126,7.4,국립부경대학교
2012,국립부경대학교,예체능계열,59,97,5,6,156,11,7.1,국립부경대학교
2012,국립부경대학교,의학계열,23,14,3,3,37,6,16.2,국립부경대학교
2012,국립부경대학교,인문사회계열,470,548,12,21,1018,33,3.2,국립부경대학교
2012,국립부경대학교,자연과학계열,317,336,63,56,653,119,18.2,국립부경대학교
2012,국립순천대학교,공학계열,286,93,23,10,379,33,8.7,국립순천대학교
2012,국립순천대학교,예체능계열,40,100,1,8,140,9,6.4,국립순천대학교
2012,국립순천대학교,의학계열,5,9,1,3,14,4,28.6,국립순천대학교
2012,국립순천대학교,인문사회계열,262,299,5,1,561,6,1.1,국립순천대학교
2012,국립순천대학교,자연과학계열,225,171,21,9,396,30,7.6,국립순천대학교
2012,국립창원대학교,공학계열,480,106,64,18,586,82,14.0,국립창원대학교
2012,국립창원대학교,예체능계열,43,96,5,13,139,18,12.9,국립창원대학교
2012,국립창원대학교,인문사회계열,287,388,9,10,675,19,2.8,국립창원대학교
2012,국립창원대학교,자연과학계열,123,163,9,14,286,23,8.0,국립창원대학교
2012,국립한국해양대학교,공학계열,855,178,70,11,1033,81,7.8,국립한국해양대학교
2012,국립한국해양대학교,예체능계열,17,5,1,0,22,1,4.5,국립한국해양대학교
2012,국립한국해양대학교,인문사회계열,180,141,3,2,321,5,1.6,국립한국해양대학교
2012,국립한국해양대학교,자연과학계열,55,38,9,4,93,13,14.0,국립한국해양대학교
2012,국민대학교,공학계열,623,114,104,10,737,114,15.5,국민대학교
2012,국민대학교,예체능계열,143,363,18,45,506,63,12.5,국민대학교
2012,국민대학교,인문사회계열,675,689,30,35,1364,65,4.8,국민대학교
2012,국민대학교,자연과학계열,189,188,36,32,377,68,18.0,국민대학교
2012,극동대학교,공학계열,48,6,3,0,54,3,5.6,극동대학교
2012,극동대학교,예체능계열,68,60,3,3,128,6,4.7,극동대학교
2012,극동대학교,인문사회계열,222,296,4,1,518,5,1.0,극동대학교
2012,극동대학교,자연과학계열,27,71,1,0,98,1,1.0,극동대학교
2012,금강대학교,인문사회계열,32,35,1,3,67,4,6.0,금강대학교
2012,나사렛대학교,공학계열,14,1,0,1,15,1,6.7,나사렛대학교
2012,나사렛대학교,예체능계열,70,111,8,8,181,16,8.8,나사렛대학교
2012,나사렛대학교,인문사회계열,205,576,15,17,781,32,4.1,나사렛대학교
2012,나사렛대학교,자연과학계열,45,68,4,0,113,4,3.5,나사렛대학교
2012,남부대학교,공학계열,50,0,2,0,50,2,4.0,남부대학교
2012,남부대학교,예체능계열,39,69,2,9,108,11,10.2,남부대학교
2012,남부대학교,인문사회계열,70,67,9,3,137,12,8.8,남부대학교
2012,남부대학교,자연과학계열,83,84,5,6,167,11,6.6,남부대학교
2012,단국대학교,공학계열,496,112,47,16,608,63,10.4,단국대학교
2012,단국대학교,예체능계열,96,250,8,39,346,47,13.6,단국대학교
2012,단국대학교,인문사회계열,519,608,29,15,1127,44,3.9,단국대학교
2012,단국대학교,자연과학계열,158,127,17,20,285,37,13.0,단국대학교
2012,대구가톨릭대학교,공학계열,321,89,20,8,410,28,6.8,대구가톨릭대학교
2012,대구가톨릭대학교,예체능계열,39,248,6,36,287,42,14.6,대구가톨릭대학교
2012,대구가톨릭대학교,의학계열,29,10,0,0,39,0,0.0,대구가톨릭대학교
2012,대구가톨릭대학교,인문사회계열,642,778,42,32,1420,74,5.2,대구가톨릭대학교
2012,대구가톨릭대학교,자연과학계열,162,319,22,16,481,38,7.9,대구가톨릭대학교
2012,대구교육대학교,공학계열,12,23,0,0,35,0,0.0,대구교육대학교
2012,대구교육대학교,인문사회계열,148,276,7,5,424,12,2.8,대구교육대학교
2012,대구교육대학교,자연과학계열,22,42,0,0,64,0,0.0,대구교육대학교
2012,대구대학교,공학계열,615,159,28,1,774,29,3.7,대구대학교
2012,대구대학교,예체능계열,100,181,6,11,281,17,6.0,대구대학교
2012,대구대학교,인문사회계열,976,1199,36,45,2175,81,3.7,대구대학교
2012,대구대학교,자연과학계열,373,341,31,19,714,50,7.0,대구대학교
2012,대구예술대학교,공학계열,7,2,0,0,9,0,0.0,대구예술대학교
2012,대구예술대학교,예체능계열,56,123,3,7,179,10,5.6,대구예술대학교
2012,대구예술대학교,인문사회계열,17,0,0,0,17,0,0.0,대구예술대학교
2012,대구한의대학교,공학계열,69,51,5,12,120,17,14.2,대구한의대학교
2012,대구한의대학교,예체능계열,49,83,0,1,132,1,0.8,대구한의대학교
2012,대구한의대학교,의학계열,110,48,5,0,158,5,3.2,대구한의대학교
2012,대구한의대학교,인문사회계열,163,236,2,13,399,15,3.8,대구한의대학교
2012,대구한의대학교,자연과학계열,233,413,14,17,646,31,4.8,대구한의대학교
2012,대신대학교,예체능계열,4,13,1,1,17,2,11.8,대신대학교
2012,대신대학교,인문사회계열,44,62,12,6,106,18,17.0,대신대학교
2012,대전가톨릭대학교,인문사회계열,22,0,21,0,22,21,95.5,대전가톨릭대학교
2012,대전대학교,공학계열,190,97,14,7,287,21,7.3,대전대학교
2012,대전대학교,예체능계열,112,99,0,2,211,2,0.9,대전대학교
2012,대전대학교,의학계열,55,26,0,0,81,0,0.0,대전대학교
2012,대전대학교,인문사회계열,422,384,8,5,806,13,1.6,대전대학교
2012,대전대학교,자연과학계열,174,278,15,13,452,28,6.2,대전대학교
2012,대진대학교,공학계열,317,90,14,5,407,19,4.7,대진대학교
2012,대진대학교,예체능계열,89,177,13,13,266,26,9.8,대진대학교
2012,대진대학교,인문사회계열,367,440,10,11,807,21,2.6,대진대학교
2012,대진대학교,자연과학계열,117,122,7,14,239,21,8.8,대진대학교
2012,덕성여자대학교,공학계열,0,100,0,3,100,3,3.0,덕성여자대학교
2012,덕성여자대학교,예체능계열,0,204,0,20,204,20,9.8,덕성여자대학교
2012,덕성여자대학교,인문사회계열,0,566,0,25,566,25,4.4,덕성여자대학교
2012,덕성여자대학교,자연과학계열,0,318,0,24,318,24,7.5,덕성여자대학교
2012,동국대학교,공학계열,420,146,45,22,566,67,11.8,동국대학교
2012,동국대학교,예체능계열,65,128,6,15,193,21,10.9,동국대학교
2012,동국대학교,인문사회계열,854,783,61,45,1637,106,6.5,동국대학교
2012,동국대학교,자연과학계열,266,165,45,31,431,76,17.6,동국대학교
2012,동국대학교(WISE) _분교,공학계열,137,35,3,4,172,7,4.1,동국대학교(WISE) _분교
2012,동국대학교(WISE) _분교,예체능계열,39,86,10,13,125,23,18.4,동국대학교(WISE) _분교
2012,동국대학교(WISE) _분교,의학계열,82,57,0,1,139,1,0.7,동국대학교(WISE) _분교
2012,동국대학교(WISE) _분교,인문사회계열,562,606,25,30,1168,55,4.7,동국대학교(WISE) _분교
2012,동국대학교(WISE) _분교,자연과학계열,122,158,18,10,280,28,10.0,동국대학교(WISE) _분교
2012,동덕여자대학교,공학계열,0,231,0,10,231,10,4.3,동덕여자대학교
2012,동덕여자대학교,예체능계열,0,505,0,40,505,40,7.9,동덕여자대학교
2012,동덕여자대학교,인문사회계열,0,593,0,22,593,22,3.7,동덕여자대학교
2012,동덕여자대학교,자연과학계열,0,190,0,12,190,12,6.3,동덕여자대학교
2012,동명대학교,공학계열,118,52,5,0,170,5,2.9,동명대학교
2012,동명대학교,예체능계열,11,52,1,1,63,2,3.2,동명대학교
2012,동명대학교,인문사회계열,196,304,2,3,500,5,1.0,동명대학교
2012,동명대학교,자연과학계열,14,37,0,1,51,1,2.0,동명대학교
2012,동서대학교,공학계열,383,121,18,7,504,25,5.0,동서대학교
2012,동서대학교,예체능계열,214,230,10,5,444,15,3.4,동서대학교
2012,동서대학교,인문사회계열,477,730,9,10,1207,19,1.6,동서대학교
2012,동서대학교,자연과학계열,49,56,2,1,105,3,2.9,동서대학교
2012,동신대학교,공학계열,166,67,2,3,233,5,2.1,동신대학교
2012,동신대학교,예체능계열,56,62,3,1,118,4,3.4,동신대학교
2012,동신대학교,의학계열,45,6,1,0,51,1,2.0,동신대학교
2012,동신대학교,인문사회계열,160,331,2,5,491,7,1.4,동신대학교
2012,동신대학교,자연과학계열,190,235,3,5,425,8,1.9,동신대학교
2012,동아대학교,공학계열,857,202,78,10,1059,88,8.3,동아대학교
2012,동아대학교,예체능계열,187,327,13,33,514,46,8.9,동아대학교
2012,동아대학교,의학계열,35,13,0,0,48,0,0.0,동아대학교
2012,동아대학교,인문사회계열,699,1095,7,37,1794,44,2.5,동아대학교
2012,동아대학교,자연과학계열,269,461,38,52,730,90,12.3,동아대학교
2012,동양대학교,공학계열,176,30,4,1,206,5,2.4,동양대학교
2012,동양대학교,예체능계열,42,26,1,0,68,1,1.5,동양대학교
2012,동양대학교,인문사회계열,188,192,2,2,380,4,1.1,동양대학교
2012,동양대학교,자연과학계열,15,3,0,0,18,0,0.0,동양대학교
2012,동의대학교,공학계열,793,255,37,8,1048,45,4.3,동의대학교
2012,동의대학교,예체능계열,125,194,10,11,319,21,6.6,동의대학교
2012,동의대학교,의학계열,31,19,0,0,50,0,0.0,동의대학교
2012,동의대학교,인문사회계열,690,832,8,15,1522,23,1.5,동의대학교
2012,동의대학교,자연과학계열,216,340,8,16,556,24,4.3,동의대학교
2012,루터대학교,예체능계열,3,6,0,0,9,0,0.0,루터대학교
2012,루터대학교,인문사회계열,20,68,6,5,88,11,12.5,루터대학교
2012,명지대학교,공학계열,629,195,80,20,824,100,12.1,명지대학교
2012,명지대학교,예체능계열,127,199,8,11,326,19,5.8,명지대학교
2012,명지대학교,자연과학계열,256,208,40,31,464,71,15.3,명지대학교
2012,명지대학교 _제2캠퍼스,예체능계열,17,69,2,10,86,12,14.0,명지대학교 _제2캠퍼스
2012,명지대학교 _제2캠퍼스,인문사회계열,700,732,34,52,1432,86,6.0,명지대학교 _제2캠퍼스
2012,목원대학교,공학계열,218,78,11,4,296,15,5.1,목원대학교
2012,목원대학교,예체능계열,110,308,10,32,418,42,10.0,목원대학교
2012,목원대학교,인문사회계열,477,482,50,26,959,76,7.9,목원대학교
2012,목원대학교,자연과학계열,90,89,6,7,179,13,7.3,목원대학교
2012,목포가톨릭대학교,인문사회계열,6,27,0,0,33,0,0.0,목포가톨릭대학교
2012,목포가톨릭대학교,자연과학계열,10,92,0,0,102,0,0.0,목포가톨릭대학교
2012,배재대학교,공학계열,151,13,13,3,164,16,9.8,배재대학교
2012,배재대학교,예체능계열,77,108,1,10,185,11,5.9,배재대학교
2012,배재대학교,인문사회계열,568,709,10,14,1277,24,1.9,배재대학교
2012,배재대학교,자연과학계열,220,146,19,4,366,23,6.3,배재대학교
2012,백석대학교,공학계열,15,16,0,0,31,0,0.0,백석대학교
2012,백석대학교,예체능계열,117,258,6,8,375,14,3.7,백석대학교
2012,백석대학교,인문사회계열,639,1180,39,18,1819,57,3.1,백석대학교
2012,백석대학교,자연과학계열,203,86,5,1,289,6,2.1,백석대학교
2012,부산가톨릭대학교,공학계열,27,16,1,0,43,1,2.3,부산가톨릭대학교
2012,부산가톨릭대학교,인문사회계열,133,278,17,3,411,20,4.9,부산가톨릭대학교
2012,부산가톨릭대학교,자연과학계열,143,358,2,11,501,13,2.6,부산가톨릭대학교
2012,부산교육대학교,공학계열,11,17,0,0,28,0,0.0,부산교육대학교
2012,부산교육대학교,인문사회계열,142,304,1,2,446,3,0.7,부산교육대학교
2012,부산교육대학교,자연과학계열,26,44,0,1,70,1,1.4,부산교육대학교
2012,부산대학교,공학계열,1150,297,211,75,1447,286,19.8,부산대학교
2012,부산대학교,예체능계열,41,280,6,50,321,56,17.4,부산대학교
2012,부산대학교,의학계열,4,2,0,0,6,0,0.0,부산대학교
2012,부산대학교,인문사회계열,806,973,44,66,1779,110,6.2,부산대학교
2012,부산대학교,자연과학계열,421,560,92,107,981,199,20.3,부산대학교
2012,부산외국어대학교,공학계열,80,11,0,0,91,0,0.0,부산외국어대학교
2012,부산외국어대학교,인문사회계열,581,990,7,26,1571,33,2.1,부산외국어대학교
2012,부산외국어대학교,자연과학계열,48,9,1,0,57,1,1.8,부산외국어대학교
2012,부산장신대학교,인문사회계열,18,31,6,2,49,8,16.3,부산장신대학교
2012,삼육대학교,공학계열,66,65,3,3,131,6,4.6,삼육대학교
2012,삼육대학교,예체능계열,51,159,5,9,210,14,6.7,삼육대학교
2012,삼육대학교,인문사회계열,134,290,16,14,424,30,7.1,삼육대학교
2012,삼육대학교,자연과학계열,139,205,10,7,344,17,4.9,삼육대학교
2012,상명대학교,공학계열,60,22,4,0,82,4,4.9,상명대학교
2012,상명대학교,예체능계열,121,260,3,22,381,25,6.6,상명대학교
2012,상명대학교,인문사회계열,277,466,2,10,743,12,1.6,상명대학교
2012,상명대학교,자연과학계열,90,182,10,23,272,33,12.1,상명대학교
2012,상지대학교,공학계열,194,93,12,2,287,14,4.9,상지대학교
2012,상지대학교,예체능계열,65,59,1,5,124,6,4.8,상지대학교
2012,상지대학교,의학계열,32,25,0,1,57,1,1.8,상지대학교
2012,상지대학교,인문사회계열,375,318,7,6,693,13,1.9,상지대학교
2012,상지대학교,자연과학계열,184,155,18,8,339,26,7.7,상지대학교
2012,서강대학교,공학계열,323,91,95,18,414,113,27.3,서강대학교
2012,서강대학교,인문사회계열,605,537,22,78,1142,100,8.8,서강대학교
2012,서강대학교,자연과학계열,100,137,36,50,237,86,36.3,서강대학교
2012,서경대학교,공학계열,278,111,29,8,389,37,9.5,서경대학교
2012,서경대학교,예체능계열,88,170,1,22,258,23,8.9,서경대학교
2012,서경대학교,인문사회계열,284,305,2,4,589,6,1.0,서경대학교
2012,서경대학교,자연과학계열,64,48,8,1,112,9,8.0,서경대학교
2012,서울교육대학교,공학계열,9,23,0,1,32,1,3.1,서울교육대학교
2012,서울교육대학교,인문사회계열,94,342,4,11,436,15,3.4,서울교육대학교
2012,서울교육대학교,자연과학계열,6,24,0,0,30,0,0.0,서울교육대학교
2012,서울기독대학교,예체능계열,0,18,0,5,18,5,27.8,서울기독대학교
2012,서울기독대학교,인문사회계열,22,49,2,1,71,3,4.2,서울기독대학교
2012,서울대학교,공학계열,634,132,283,51,766,334,43.6,서울대학교
2012,서울대학교,예체능계열,66,226,10,39,292,49,16.8,서울대학교
2012,서울대학교,의학계열,117,58,5,4,175,9,5.1,서울대학교
2012,서울대학교,인문사회계열,839,626,161,133,1465,294,20.1,서울대학교
2012,서울대학교,자연과학계열,466,302,207,108,768,315,41.0,서울대학교
2012,서울시립대학교,공학계열,391,96,63,5,487,68,14.0,서울시립대학교
2012,서울시립대학교,예체능계열,48,48,6,8,96,14,14.6,서울시립대학교
2012,서울시립대학교,인문사회계열,523,260,39,13,783,52,6.6,서울시립대학교
2012,서울시립대학교,자연과학계열,178,123,27,26,301,53,17.6,서울시립대학교
2012,서울신학대학교,예체능계열,10,64,1,8,74,9,12.2,서울신학대학교
2012,서울신학대학교,인문사회계열,120,238,44,27,358,71,19.8,서울신학대학교
2012,서울여자대학교,공학계열,0,153,0,22,153,22,14.4,서울여자대학교
2012,서울여자대학교,예체능계열,0,279,0,24,279,24,8.6,서울여자대학교
2012,서울여자대학교,인문사회계열,0,1088,0,51,1088,51,4.7,서울여자대학교
2012,서울여자대학교,자연과학계열,0,182,0,19,182,19,10.4,서울여자대학교
2012,서울장신대학교,예체능계열,3,27,0,1,30,1,3.3,서울장신대학교
2012,서울장신대학교,인문사회계열,56,45,8,8,101,16,15.8,서울장신대학교
2012,서울한영대학교,예체능계열,2,10,0,0,12,0,0.0,서울한영대학교
2012,서울한영대학교,인문사회계열,27,72,2,4,99,6,6.1,서울한영대학교
2012,서원대학교,공학계열,69,46,2,0,115,2,1.7,서원대학교
2012,서원대학교,예체능계열,54,131,1,3,185,4,2.2,서원대학교
2012,서원대학교,인문사회계열,413,480,6,14,893,20,2.2,서원대학교
2012,서원대학교,자연과학계열,69,106,1,3,175,4,2.3,서원대학교
2012,선문대학교,공학계열,356,99,14,2,455,16,3.5,선문대학교
2012,선문대학교,예체능계열,37,30,0,2,67,2,3.0,선문대학교
2012,선문대학교,의학계열,7,11,2,1,18,3,16.7,선문대학교
2012,선문대학교,인문사회계열,515,406,13,9,921,22,2.4,선문대학교
2012,선문대학교,자연과학계열,131,97,11,6,228,17,7.5,선문대학교
2012,성결대학교,공학계열,96,60,4,1,156,5,3.2,성결대학교
2012,성결대학교,예체능계열,7,78,0,5,85,5,5.9,성결대학교
2012,성결대학교,인문사회계열,263,374,21,17,637,38,6.0,성결대학교
2012,성결대학교,자연과학계열,12,28,1,4,40,5,12.5,성결대학교
2012,성공회대학교,공학계열,36,51,1,1,87,2,2.3,성공회대학교
2012,성공회대학교,예체능계열,26,8,0,1,34,1,2.9,성공회대학교
2012,성공회대학교,인문사회계열,139,209,4,6,348,10,2.9,성공회대학교
2012,성공회대학교,자연과학계열,18,8,1,0,26,1,3.8,성공회대학교
2012,성균관대학교,공학계열,955,177,197,28,1132,225,19.9,성균관대학교
2012,성균관대학교,예체능계열,60,147,6,26,207,32,15.5,성균관대학교
2012,성균관대학교,의학계열,36,8,0,0,44,0,0.0,성균관대학교
2012,성균관대학교,인문사회계열,1319,947,80,91,2266,171,7.5,성균관대학교
2012,성균관대학교,자연과학계열,406,228,107,68,634,175,27.6,성균관대학교
2012,성신여자대학교,공학계열,0,204,0,15,204,15,7.4,성신여자대학교
2012,성신여자대학교,예체능계열,0,384,0,68,384,68,17.7,성신여자대학교
2012,성신여자대학교,인문사회계열,0,1162,0,63,1162,63,5.4,성신여자대학교
2012,성신여자대학교,자연과학계열,1,323,0,40,324,40,12.3,성신여자대학교
2012,세명대학교,공학계열,250,64,14,7,314,21,6.7,세명대학교
2012,세명대학교,예체능계열,88,76,2,3,164,5,3.0,세명대학교
2012,세명대학교,의학계열,38,15,0,1,53,1,1.9,세명대학교
2012,세명대학교,인문사회계열,402,355,4,7,757,11,1.5,세명대학교
2012,세명대학교,자연과학계열,191,214,4,8,405,12,3.0,세명대학교
2012,세종대학교,공학계열,798,331,102,50,1129,152,13.5,세종대학교
2012,세종대학교,예체능계열,195,228,14,19,423,33,7.8,세종대학교
2012,세종대학교,인문사회계열,386,368,7,14,754,21,2.8,세종대학교
2012,세종대학교,자연과학계열,131,134,22,22,265,44,16.6,세종대학교
2012,세한대학교,공학계열,20,4,2,0,24,2,8.3,세한대학교
2012,세한대학교,예체능계열,128,99,7,10,227,17,7.5,세한대학교
2012,세한대학교,인문사회계열,301,311,10,4,612,14,2.3,세한대학교
2012,세한대학교,자연과학계열,55,69,0,0,124,0,0.0,세한대학교
2012,수원가톨릭대학교,인문사회계열,34,2,25,0,36,25,69.4,수원가톨릭대학교
2012,수원대학교,공학계열,463,152,23,2,615,25,4.1,수원대학교
2012,수원대학교,예체능계열,165,325,17,30,490,47,9.6,수원대학교
2012,수원대학교,인문사회계열,279,413,9,9,692,18,2.6,수원대학교
2012,수원대학교,자연과학계열,207,278,16,18,485,34,7.0,수원대학교
2012,숙명여자대학교,공학계열,0,163,0,9,163,9,5.5,숙명여자대학교
2012,숙명여자대학교,예체능계열,0,364,0,40,364,40,11.0,숙명여자대학교
2012,숙명여자대학교,인문사회계열,0,1263,0,109,1263,109,8.6,숙명여자대학교
2012,숙명여자대학교,자연과학계열,0,440,0,86,440,86,19.5,숙명여자대학교
2012,순천향대학교,공학계열,380,85,29,7,465,36,7.7,순천향대학교
2012,순천향대학교,예체능계열,33,41,3,1,74,4,5.4,순천향대학교
2012,순천향대학교,의학계열,95,24,1,1,119,2,1.7,순천향대학교
2012,순천향대학교,인문사회계열,535,714,15,14,1249,29,2.3,순천향대학교
2012,순천향대학교,자연과학계열,240,376,34,22,616,56,9.1,순천향대학교
2012,숭실대학교,공학계열,876,238,95,14,1114,109,9.8,숭실대학교
2012,숭실대학교,예체능계열,31,26,2,4,57,6,10.5,숭실대학교
2012,숭실대학교,인문사회계열,586,515,24,16,1101,40,3.6,숭실대학교
2012,숭실대학교,자연과학계열,154,125,26,17,279,43,15.4,숭실대학교
2012,신경주대학교,공학계열,41,2,3,0,43,3,7.0,신경주대학교
2012,신경주대학교,예체능계열,25,15,2,1,40,3,7.5,신경주대학교
2012,신경주대학교,인문사회계열,364,250,7,8,614,15,2.4,신경주대학교
2012,신경주대학교,자연과학계열,30,18,2,0,48,2,4.2,신경주대학교
2012,신라대학교,공학계열,197,66,8,0,263,8,3.0,신라대학교
2012,신라대학교,예체능계열,112,200,5,17,312,22,7.1,신라대학교
2012,신라대학교,인문사회계열,395,767,11,15,1162,26,2.2,신라대학교
2012,신라대학교,자연과학계열,79,216,9,7,295,16,5.4,신라대학교
2012,아신대학교,인문사회계열,83,86,25,19,169,44,26.0,아신대학교
2012,아주대학교,공학계열,874,156,172,19,1030,191,18.5,아주대학교
2012,아주대학교,의학계열,28,18,0,0,46,0,0.0,아주대학교
2012,아주대학교,인문사회계열,450,284,26,22,734,48,6.5,아주대학교
2012,아주대학교,자연과학계열,90,95,31,20,185,51,27.6,아주대학교
2012,안양대학교,공학계열,94,28,9,1,122,10,8.2,안양대학교
2012,안양대학교,예체능계열,23,73,2,5,96,7,7.3,안양대학교
2012,안양대학교,인문사회계열,179,309,16,3,488,19,3.9,안양대학교
2012,안양대학교,자연과학계열,67,108,7,7,175,14,8.0,안양대학교
2012,안양대학교 _제2캠퍼스,공학계열,44,22,0,1,66,1,1.5,안양대학교 _제2캠퍼스
2012,안양대학교 _제2캠퍼스,인문사회계열,19,33,0,1,52,1,1.9,안양대학교 _제2캠퍼스
2012,연세대학교,공학계열,815,133,305,39,948,344,36.3,연세대학교
2012,연세대학교,예체능계열,44,119,2,20,163,22,13.5,연세대학교
2012,연세대학교,의학계열,142,49,1,0,191,1,0.5,연세대학교
2012,연세대학교,인문사회계열,1256,996,134,206,2252,340,15.1,연세대학교
2012,연세대학교,자연과학계열,323,289,119,84,612,203,33.2,연세대학교
2012,연세대학교(미래) _분교,공학계열,192,52,49,8,244,57,23.4,연세대학교(미래) _분교
2012,연세대학교(미래) _분교,예체능계열,18,38,0,5,56,5,8.9,연세대학교(미래) _분교
2012,연세대학교(미래) _분교,의학계열,68,31,0,0,99,0,0.0,연세대학교(미래) _분교
2012,연세대학교(미래) _분교,인문사회계열,340,199,22,23,539,45,8.3,연세대학교(미래) _분교
2012,연세대학교(미래) _분교,자연과학계열,266,312,64,44,578,108,18.7,연세대학교(미래) _분교
2012,영남대학교,공학계열,1077,269,64,20,1346,84,6.2,영남대학교
2012,영남대학교,예체능계열,94,288,17,43,382,60,15.7,영남대학교
2012,영남대학교,의학계열,65,15,1,0,80,1,1.2,영남대학교
2012,영남대학교,인문사회계열,924,1122,41,37,2046,78,3.8,영남대학교
2012,영남대학교,자연과학계열,496,622,72,79,1118,151,13.5,영남대학교
2012,영남신학대학교,인문사회계열,70,69,21,19,139,40,28.8,영남신학대학교
2012,영산대학교,공학계열,10,9,0,1,19,1,5.3,영산대학교
2012,영산대학교,예체능계열,26,8,0,0,34,0,0.0,영산대학교
2012,영산대학교,인문사회계열,57,114,1,5,171,6,3.5,영산대학교
2012,영산대학교,자연과학계열,11,27,0,0,38,0,0.0,영산대학교
2012,영산대학교 _제2캠퍼스,예체능계열,23,54,0,1,77,1,1.3,영산대학교 _제2캠퍼스
2012,영산대학교 _제2캠퍼스,인문사회계열,35,157,0,1,192,1,0.5,영산대학교 _제2캠퍼스
2012,영산대학교 _제2캠퍼스,자연과학계열,29,87,1,6,116,7,6.0,영산대학교 _제2캠퍼스
2012,영산선학대학교,인문사회계열,5,7,4,6,12,10,83.3,영산선학대학교
2012,예수대학교,인문사회계열,4,22,0,1,26,1,3.8,예수대학교
2012,예수대학교,자연과학계열,7,91,0,0,98,0,0.0,예수대학교
2012,예원예술대학교,예체능계열,80,77,5,3,157,8,5.1,예원예술대학교
2012,예원예술대학교,인문사회계열,9,3,0,0,12,0,0.0,예원예술대학교
2012,예원예술대학교,자연과학계열,2,0,0,0,2,0,0.0,예원예술대학교
2012,용인대학교,공학계열,44,62,1,1,106,2,1.9,용인대학교
2012,용인대학교,예체능계열,454,194,16,13,648,29,4.5,용인대학교
2012,용인대학교,인문사회계열,135,127,4,5,262,9,3.4,용인대학교
2012,용인대학교,자연과학계열,100,150,3,10,250,13,5.2,용인대학교
2012,우석대학교,공학계열,137,41,2,1,178,3,1.7,우석대학교
2012,우석대학교,예체능계열,156,89,7,11,245,18,7.3,우석대학교
2012,우석대학교,의학계열,46,14,3,0,60,3,5.0,우석대학교
2012,우석대학교,인문사회계열,356,443,5,10,799,15,1.9,우석대학교
2012,우석대학교,자연과학계열,159,271,8,8,430,16,3.7,우석대학교
2012,울산과학기술원,자연과학계열,1,0,1,0,1,1,100.0,울산과학기술원
2012,울산대학교,공학계열,828,79,71,7,907,78,8.6,울산대학교
2012,울산대학교,예체능계열,105,242,10,25,347,35,10.1,울산대학교
2012,울산대학교,의학계열,35,11,0,0,46,0,0.0,울산대학교
2012,울산대학교,인문사회계열,371,509,4,17,880,21,2.4,울산대학교
2012,울산대학교,자연과학계열,207,347,32,28,554,60,10.8,울산대학교
2012,원광대학교,공학계열,486,38,22,4,524,26,5.0,원광대학교
2012,원광대학교,예체능계열,76,261,11,25,337,36,10.7,원광대학교
2012,원광대학교,의학계열,196,72,1,1,268,2,0.7,원광대학교
2012,원광대학교,인문사회계열,770,859,29,47,1629,76,4.7,원광대학교
2012,원광대학교,자연과학계열,343,329,58,28,672,86,12.8,원광대학교
2012,위덕대학교,공학계열,105,23,13,5,128,18,14.1,위덕대학교
2012,위덕대학교,예체능계열,22,27,0,0,49,0,0.0,위덕대학교
2012,위덕대학교,인문사회계열,74,161,5,7,235,12,5.1,위덕대학교
2012,위덕대학교,자연과학계열,34,59,2,4,93,6,6.5,위덕대학교
2012,유원대학교,공학계열,58,23,0,2,81,2,2.5,유원대학교
2012,유원대학교,예체능계열,63,37,2,0,100,2,2.0,유원대학교
2012,유원대학교,인문사회계열,60,113,1,1,173,2,1.2,유원대학교
2012,유원대학교,자연과학계열,52,108,3,10,160,13,8.1,유원대학교
2012,을지대학교,의학계열,34,21,0,0,55,0,0.0,을지대학교
2012,을지대학교,인문사회계열,16,18,1,0,34,1,2.9,을지대학교
2012,을지대학교,자연과학계열,22,133,4,1,155,5,3.2,을지대학교
2012,을지대학교 _제2캠퍼스,공학계열,16,28,0,0,44,0,0.0,을지대학교 _제2캠퍼스
2012,을지대학교 _제2캠퍼스,예체능계열,16,18,0,1,34,1,2.9,을지대학교 _제2캠퍼스
2012,을지대학교 _제2캠퍼스,인문사회계열,47,104,0,1,151,1,0.7,을지대학교 _제2캠퍼스
2012,을지대학교 _제2캠퍼스,자연과학계열,248,408,13,7,656,20,3.0,을지대학교 _제2캠퍼스
2012,이화여자대학교,공학계열,0,188,0,65,188,65,34.6,이화여자대학교
2012,이화여자대학교,예체능계열,0,521,0,146,521,146,28.0,이화여자대학교
2012,이화여자대학교,의학계열,0,1,0,0,1,0,0.0,이화여자대학교
2012,이화여자대학교,인문사회계열,0,1880,0,316,1880,316,16.8,이화여자대학교
2012,이화여자대학교,자연과학계열,0,695,0,220,695,220,31.7,이화여자대학교
2012,인제대학교,공학계열,348,84,41,13,432,54,12.5,인제대학교
2012,인제대학교,예체능계열,52,123,5,16,175,21,12.0,인제대학교
2012,인제대학교,인문사회계열,322,458,7,19,780,26,3.3,인제대학교
2012,인제대학교,자연과학계열,241,264,33,21,505,54,10.7,인제대학교
2012,인천가톨릭대학교,인문사회계열,21,0,18,0,21,18,85.7,인천가톨릭대학교
2012,인천대학교,공학계열,342,122,40,5,464,45,9.7,인천대학교
2012,인천대학교,예체능계열,37,26,2,4,63,6,9.5,인천대학교
2012,인천대학교,인문사회계열,251,340,11,7,591,18,3.0,인천대학교
2012,인천대학교,자연과학계열,95,103,18,11,198,29,14.6,인천대학교
2012,인하대학교,공학계열,1488,158,212,20,1646,232,14.1,인하대학교
2012,인하대학교,예체능계열,50,79,6,7,129,13,10.1,인하대학교
2012,인하대학교,의학계열,42,12,0,0,54,0,0.0,인하대학교
2012,인하대학교,인문사회계열,784,754,29,26,1538,55,3.6,인하대학교
2012,인하대학교,자연과학계열,316,298,102,55,614,157,25.6,인하대학교
2012,장로회신학대학교,예체능계열,21,48,1,8,69,9,13.0,장로회신학대학교
2012,장로회신학대학교,인문사회계열,71,36,30,18,107,48,44.9,장로회신학대학교
2012,전남대학교,공학계열,569,156,57,12,725,69,9.5,전남대학교
2012,전남대학교,예체능계열,33,191,2,23,224,25,11.2,전남대학교
2012,전남대학교,의학계열,132,41,8,3,173,11,6.4,전남대학교
2012,전남대학교,인문사회계열,692,853,32,47,1545,79,5.1,전남대학교
2012,전남대학교,자연과학계열,566,656,96,87,1222,183,15.0,전남대학교
2012,전남대학교 _제2캠퍼스,공학계열,170,29,7,1,199,8,4.0,전남대학교 _제2캠퍼스
2012,전남대학교 _제2캠퍼스,예체능계열,21,66,0,0,87,0,0.0,전남대학교 _제2캠퍼스
2012,전남대학교 _제2캠퍼스,의학계열,18,54,1,8,72,9,12.5,전남대학교 _제2캠퍼스
2012,전남대학교 _제2캠퍼스,인문사회계열,49,77,1,3,126,4,3.2,전남대학교 _제2캠퍼스
2012,전남대학교 _제2캠퍼스,자연과학계열,137,68,9,5,205,14,6.8,전남대학교 _제2캠퍼스
2012,전북대학교,공학계열,1009,268,133,49,1277,182,14.3,전북대학교
2012,전북대학교,예체능계열,23,88,3,15,111,18,16.2,전북대학교
2012,전북대학교,의학계열,40,9,6,4,49,10,20.4,전북대학교
2012,전북대학교,인문사회계열,661,832,21,38,1493,59,4.0,전북대학교
2012,전북대학교,자연과학계열,434,536,79,78,970,157,16.2,전북대학교
2012,전주교육대학교,공학계열,5,19,0,1,24,1,4.2,전주교육대학교
2012,전주교육대학교,인문사회계열,93,242,8,0,335,8,2.4,전주교육대학교
2012,전주교육대학교,자연과학계열,11,22,0,0,33,0,0.0,전주교육대학교
2012,전주대학교,공학계열,162,61,20,5,223,25,11.2,전주대학교
2012,전주대학교,예체능계열,140,131,5,9,271,14,5.2,전주대학교
2012,전주대학교,인문사회계열,491,588,24,19,1079,43,4.0,전주대학교
2012,전주대학교,자연과학계열,79,120,4,7,199,11,5.5,전주대학교
2012,제주대학교,공학계열,298,51,10,5,349,15,4.3,제주대학교
2012,제주대학교,예체능계열,61,100,3,4,161,7,4.3,제주대학교
2012,제주대학교,의학계열,33,7,3,1,40,4,10.0,제주대학교
2012,제주대학교,인문사회계열,444,542,11,7,986,18,1.8,제주대학교
2012,제주대학교,자연과학계열,222,185,23,13,407,36,8.8,제주대학교
2012,조선대학교,공학계열,1112,250,53,18,1362,71,5.2,조선대학교
2012,조선대학교,예체능계열,170,227,15,23,397,38,9.6,조선대학교
2012,조선대학교,의학계열,165,46,0,0,211,0,0.0,조선대학교
2012,조선대학교,인문사회계열,859,1126,25,50,1985,75,3.8,조선대학교
2012,조선대학교,자연과학계열,378,430,51,43,808,94,11.6,조선대학교
2012,중부대학교,공학계열,126,79,5,0,205,5,2.4,중부대학교
2012,중부대학교,예체능계열,138,171,6,7,309,13,4.2,중부대학교
2012,중부대학교,인문사회계열,274,288,6,5,562,11,2.0,중부대학교
2012,중부대학교,자연과학계열,168,220,10,7,388,17,4.4,중부대학교
2012,중앙대학교,공학계열,600,122,70,15,722,85,11.8,중앙대학교
2012,중앙대학교,예체능계열,4,20,0,0,24,0,0.0,중앙대학교
2012,중앙대학교,의학계열,76,21,0,0,97,0,0.0,중앙대학교
2012,중앙대학교,인문사회계열,734,843,37,58,1577,95,6.0,중앙대학교
2012,중앙대학교,자연과학계열,238,353,56,57,591,113,19.1,중앙대학교
2012,중앙승가대학교,인문사회계열,50,18,11,7,68,18,26.5,중앙승가대학교
2012,진주교육대학교,공학계열,10,29,0,0,39,0,0.0,진주교육대학교
2012,진주교육대학교,인문사회계열,121,269,1,1,390,2,0.5,진주교육대학교
2012,진주교육대학교,자연과학계열,10,31,0,0,41,0,0.0,진주교육대학교
2012,차의과학대학교,공학계열,2,0,0,0,2,0,0.0,차의과학대학교
2012,차의과학대학교,의학계열,1,0,0,0,1,0,0.0,차의과학대학교
2012,차의과학대학교,자연과학계열,33,72,4,2,105,6,5.7,차의과학대학교
2012,청운대학교,공학계열,104,44,3,4,148,7,4.7,청운대학교
2012,청운대학교,예체능계열,104,97,1,2,201,3,1.5,청운대학교
2012,청운대학교,인문사회계열,237,273,5,14,510,19,3.7,청운대학교
2012,청운대학교,자연과학계열,17,35,0,2,52,2,3.8,청운대학교
2012,청주교육대학교,공학계열,11,16,0,0,27,0,0.0,청주교육대학교
2012,청주교육대학교,인문사회계열,96,255,3,2,351,5,1.4,청주교육대학교
2012,청주교육대학교,자연과학계열,12,26,0,0,38,0,0.0,청주교육대학교
2012,청주대학교,공학계열,458,117,31,7,575,38,6.6,청주대학교
2012,청주대학교,예체능계열,96,216,8,8,312,16,5.1,청주대학교
2012,청주대학교,인문사회계열,898,975,17,21,1873,38,2.0,청주대학교
2012,청주대학교,자연과학계열,138,92,15,8,230,23,10.0,청주대학교
2012,총신대학교,예체능계열,17,72,2,6,89,8,9.0,총신대학교
2012,총신대학교,인문사회계열,164,182,55,18,346,73,21.1,총신대학교
2012,추계예술대학교,예체능계열,68,188,9,13,256,22,8.6,추계예술대학교
2012,추계예술대학교,인문사회계열,13,30,1,1,43,2,4.7,추계예술대학교
2012,춘천교육대학교,공학계열,12,37,0,0,49,0,0.0,춘천교육대학교
2012,춘천교육대학교,인문사회계열,95,281,3,4,376,7,1.9,춘천교육대학교
2012,춘천교육대학교,자연과학계열,7,24,0,0,31,0,0.0,춘천교육대학교
2012,충남대학교,공학계열,918,175,153,32,1093,185,16.9,충남대학교
2012,충남대학교,예체능계열,38,122,5,21,160,26,16.2,충남대학교
2012,충남대학교,의학계열,131,49,3,6,180,9,5.0,충남대학교
2012,충남대학교,인문사회계열,728,806,22,35,1534,57,3.7,충남대학교
2012,충남대학교,자연과학계열,552,480,134,100,1032,234,22.7,충남대학교
2012,충북대학교,공학계열,879,236,106,37,1115,143,12.8,충북대학교
2012,충북대학교,예체능계열,66,96,9,7,162,16,9.9,충북대학교
2012,충북대학교,의학계열,61,23,10,7,84,17,20.2,충북대학교
2012,충북대학교,인문사회계열,581,652,21,26,1233,47,3.8,충북대학교
2012,충북대학교,자연과학계열,470,414,113,73,884,186,21.0,충북대학교
2012,칼빈대학교,예체능계열,0,10,0,3,10,3,30.0,칼빈대학교
2012,칼빈대학교,인문사회계열,58,36,11,3,94,14,14.9,칼빈대학교
2012,평택대학교,공학계열,28,8,0,1,36,1,2.8,평택대학교
2012,평택대학교,예체능계열,46,74,1,3,120,4,3.3,평택대학교
2012,평택대학교,인문사회계열,246,326,5,1,572,6,1.0,평택대학교
2012,평택대학교,자연과학계열,52,22,0,1,74,1,1.4,평택대학교
2012,포항공과대학교,공학계열,145,29,91,19,174,110,63.2,포항공과대학교
2012,포항공과대학교,자연과학계열,89,40,59,24,129,83,64.3,포항공과대학교
2012,한국과학기술원,공학계열,357,119,224,71,476,295,62.0,한국과학기술원
2012,한국과학기술원,인문사회계열,25,9,4,1,34,5,14.7,한국과학기술원
2012,한국과학기술원,자연과학계열,218,100,158,62,318,220,69.2,한국과학기술원
2012,한국교원대학교,공학계열,9,9,0,0,18,0,0.0,한국교원대학교
2012,한국교원대학교,인문사회계열,159,332,3,6,491,9,1.8,한국교원대학교
2012,한국교원대학교,자연과학계열,40,36,3,1,76,4,5.3,한국교원대학교
2012,한국기술교육대학교,공학계열,455,154,37,9,609,46,7.6,한국기술교육대학교
2012,한국기술교육대학교,예체능계열,13,22,4,2,35,6,17.1,한국기술교육대학교
2012,한국기술교육대학교,자연과학계열,44,21,12,7,65,19,29.2,한국기술교육대학교
2012,한국성서대학교,인문사회계열,40,86,10,8,126,18,14.3,한국성서대학교
2012,한국성서대학교,자연과학계열,10,5,0,0,15,0,0.0,한국성서대학교
2012,한국예술종합학교,예체능계열,143,298,14,41,441,55,12.5,한국예술종합학교
2012,한국예술종합학교,인문사회계열,7,17,1,3,24,4,16.7,한국예술종합학교
2012,한국외국어대학교,공학계열,59,71,2,6,130,8,6.2,한국외국어대학교
2012,한국외국어대학교,인문사회계열,761,774,38,78,1535,116,7.6,한국외국어대학교
2012,한국체육대학교,예체능계열,202,126,13,8,328,21,6.4,한국체육대학교
2012,한국체육대학교,인문사회계열,100,23,8,1,123,9,7.3,한국체육대학교
2012,한국침례신학대학교,예체능계열,5,46,0,6,51,6,11.8,한국침례신학대학교
2012,한국침례신학대학교,인문사회계열,149,186,36,14,335,50,14.9,한국침례신학대학교
2012,한국항공대학교,공학계열,523,86,80,8,609,88,14.4,한국항공대학교
2012,한국항공대학교,인문사회계열,165,81,9,6,246,15,6.1,한국항공대학교
2012,한국항공대학교,자연과학계열,71,3,0,0,74,0,0.0,한국항공대학교
2012,한남대학교,공학계열,278,78,22,8,356,30,8.4,한남대학교
2012,한남대학교,예체능계열,86,149,6,10,235,16,6.8,한남대학교
2012,한남대학교,인문사회계열,658,846,25,26,1504,51,3.4,한남대학교
2012,한남대학교,자연과학계열,217,207,34,38,424,72,17.0,한남대학교
2012,한동대학교,공학계열,133,68,23,8,201,31,15.4,한동대학교
2012,한동대학교,인문사회계열,238,183,29,18,421,47,11.2,한동대학교
2012,한동대학교,자연과학계열,58,64,23,19,122,42,34.4,한동대학교
2012,한라대학교,공학계열,180,26,6,1,206,7,3.4,한라대학교
2012,한라대학교,예체능계열,27,24,1,1,51,2,3.9,한라대학교
2012,한라대학교,인문사회계열,145,113,2,1,258,3,1.2,한라대학교
2012,한라대학교,자연과학계열,42,29,1,0,71,1,1.4,한라대학교
2012,한림대학교,공학계열,154,26,17,0,180,17,9.4,한림대학교
2012,한림대학교,예체능계열,83,26,3,0,109,3,2.8,한림대학교
2012,한림대학교,의학계열,57,21,0,0,78,0,0.0,한림대학교
2012,한림대학교,인문사회계열,519,560,22,22,1079,44,4.1,한림대학교
2012,한림대학교,자연과학계열,149,277,35,21,426,56,13.1,한림대학교
2012,한서대학교,공학계열,281,93,7,2,374,9,2.4,한서대학교
2012,한서대학교,예체능계열,101,152,0,3,253,3,1.2,한서대학교
2012,한서대학교,인문사회계열,187,344,6,4,531,10,1.9,한서대학교
2012,한서대학교,자연과학계열,254,217,14,9,471,23,4.9,한서대학교
2012,한성대학교,공학계열,183,81,10,2,264,12,4.5,한성대학교
2012,한성대학교,예체능계열,53,173,2,10,226,12,5.3,한성대학교
2012,한성대학교,인문사회계열,183,192,6,2,375,8,2.1,한성대학교
2012,한성대학교,자연과학계열,50,20,1,0,70,1,1.4,한성대학교
2012,한세대학교,공학계열,32,17,0,0,49,0,0.0,한세대학교
2012,한세대학교,예체능계열,29,123,1,11,152,12,7.9,한세대학교
2012,한세대학교,인문사회계열,156,160,5,3,316,8,2.5,한세대학교
2012,한신대학교,공학계열,108,44,5,2,152,7,4.6,한신대학교
2012,한신대학교,예체능계열,36,38,1,1,74,2,2.7,한신대학교
2012,한신대학교,인문사회계열,291,460,28,16,751,44,5.9,한신대학교
2012,한신대학교,자연과학계열,98,85,7,11,183,18,9.8,한신대학교
2012,한양대학교,공학계열,1148,172,264,34,1320,298,22.6,한양대학교
2012,한양대학교,예체능계열,117,181,13,15,298,28,9.4,한양대학교
2012,한양대학교,의학계열,92,17,0,0,109,0,0.0,한양대학교
2012,한양대학교,인문사회계열,970,576,62,41,1546,103,6.7,한양대학교
2012,한양대학교,자연과학계열,288,144,91,26,432,117,27.1,한양대학교
2012,한양대학교(ERICA) _분교,공학계열,654,142,134,14,796,148,18.6,한양대학교(ERICA) _분교
2012,한양대학교(ERICA) _분교,예체능계열,102,185,7,15,287,22,7.7,한양대학교(ERICA) _분교
2012,한양대학교(ERICA) _분교,인문사회계열,379,294,18,11,673,29,4.3,한양대학교(ERICA) _분교
2012,한양대학교(ERICA) _분교,자연과학계열,230,207,53,31,437,84,19.2,한양대학교(ERICA) _분교
2012,한일장신대학교,예체능계열,14,31,5,2,45,7,15.6,한일장신대학교
2012,한일장신대학교,인문사회계열,86,136,15,17,222,32,14.4,한일장신대학교
2012,협성대학교,공학계열,47,27,1,3,74,4,5.4,협성대학교
2012,협성대학교,예체능계열,70,126,5,4,196,9,4.6,협성대학교
2012,협성대학교,인문사회계열,251,231,44,5,482,49,10.2,협성대학교
2012,협성대학교,자연과학계열,14,52,2,6,66,8,12.1,협성대학교
2012,호남대학교,공학계열,225,65,8,5,290,13,4.5,호남대학교
2012,호남대학교,예체능계열,117,87,6,3,204,9,4.4,호남대학교
2012,호남대학교,인문사회계열,412,419,7,5,831,12,1.4,호남대학교
2012,호남대학교,자연과학계열,72,130,3,7,202,10,5.0,호남대학교
2012,호남신학대학교,예체능계열,4,29,2,7,33,9,27.3,호남신학대학교
2012,호남신학대학교,인문사회계열,48,37,27,14,85,41,48.2,호남신학대학교
2012,호서대학교,공학계열,604,157,51,11,761,62,8.1,호서대학교
2012,호서대학교,예체능계열,202,247,14,7,449,21,4.7,호서대학교
2012,호서대학교,인문사회계열,404,485,8,14,889,22,2.5,호서대학교
2012,호서대학교,자연과학계열,252,220,26,12,472,38,8.1,호서대학교
2012,호원대학교,공학계열,153,47,1,0,200,1,0.5,호원대학교
2012,호원대학교,예체능계열,32,54,1,2,86,3,3.5,호원대학교
2012,호원대학교,인문사회계열,207,179,3,2,386,5,1.3,호원대학교
2012,호원대학교,자연과학계열,23,7,0,0,30,0,0.0,호원대학교
2012,홍익대학교,공학계열,743,285,75,18,1028,93,9.0,홍익대학교
2012,홍익대학교,예체능계열,66,309,15,42,375,57,15.2,홍익대학교
2012,홍익대학교,인문사회계열,373,410,6,18,783,24,3.1,홍익대학교
2012,홍익대학교,자연과학계열,84,58,16,9,142,25,17.6,홍익대학교
2012,화성의과학대학교,예체능계열,2,0,0,0,2,0,0.0,화성의과학대학교
2012,화성의과학대학교,인문사회계열,1,6,0,0,7,0,0.0,화성의과학대학교
2012,화성의과학대학교,자연과학계열,6,22,0,0,28,0,0.0,화성의과학대학교
