기준연도,학교명,계열,졸업자(A),진학자(B),진학률(%),학교명_정규화
2013,가천대학교,공학계열,1087,50,4.6,가천대학교
2013,가천대학교,예체능계열,433,28,6.47,가천대학교
2013,가천대학교,의학계열,25,0,0.0,가천대학교
2013,가천대학교,인문사회계열,963,39,4.05,가천대학교
2013,가천대학교,자연과학계열,587,56,9.54,가천대학교
2013,가톨릭관동대학교,공학계열,245,19,7.76,가톨릭관동대학교
2013,가톨릭관동대학교,예체능계열,152,27,17.76,가톨릭관동대학교
2013,가톨릭관동대학교,의학계열,64,0,0.0,가톨릭관동대학교
2013,가톨릭관동대학교,인문사회계열,906,43,4.75,가톨릭관동대학교
2013,가톨릭관동대학교,자연과학계열,74,3,4.05,가톨릭관동대학교
2013,가톨릭꽃동네대학교,공학계열,39,1,2.56,가톨릭꽃동네대학교
2013,가톨릭꽃동네대학교,인문사회계열,85,4,4.71,가톨릭꽃동네대학교
2013,가톨릭대학교,공학계열,161,10,6.21,가톨릭대학교
2013,가톨릭대학교,예체능계열,40,1,2.5,가톨릭대학교
2013,가톨릭대학교,인문사회계열,852,55,6.46,가톨릭대학교
2013,가톨릭대학교,자연과학계열,349,77,22.06,가톨릭대학교
2013,가톨릭대학교 _제2캠퍼스,공학계열,67,0,0.0,가톨릭대학교 _제2캠퍼스
2013,가톨릭대학교 _제2캠퍼스,의학계열,53,0,0.0,가톨릭대학교 _제2캠퍼스
2013,가톨릭대학교 _제3캠퍼스,인문사회계열,39,20,51.28,가톨릭대학교 _제3캠퍼스
2013,감리교신학대학교,인문사회계열,220,89,40.45,감리교신학대학교
2013,강남대학교,공학계열,328,10,3.05,강남대학교
2013,강남대학교,예체능계열,176,19,10.8,강남대학교
2013,강남대학교,인문사회계열,996,21,2.11,강남대학교
2013,강남대학교,자연과학계열,57,2,3.51,강남대학교
2013,강서대학교,예체능계열,28,0,0.0,강서대학교
2013,강서대학교,인문사회계열,168,12,7.14,강서대학교
2013,강원대학교,공학계열,672,83,12.35,강원대학교
2013,강원대학교,예체능계열,179,10,5.59,강원대학교
2013,강원대학교,의학계열,46,3,6.52,강원대학교
2013,강원대학교,인문사회계열,1111,58,5.22,강원대학교
2013,강원대학교,자연과학계열,958,210,21.92,강원대학교
2013,강원대학교 _제2캠퍼스,공학계열,619,25,4.04,강원대학교 _제2캠퍼스
2013,강원대학교 _제2캠퍼스,예체능계열,59,1,1.69,강원대학교 _제2캠퍼스
2013,강원대학교 _제2캠퍼스,인문사회계열,261,4,1.53,강원대학교 _제2캠퍼스
2013,강원대학교 _제2캠퍼스,자연과학계열,210,15,7.14,강원대학교 _제2캠퍼스
2013,건국대학교,공학계열,848,83,9.79,건국대학교
2013,건국대학교,예체능계열,381,25,6.56,건국대학교
2013,건국대학교,의학계열,76,15,19.74,건국대학교
2013,건국대학교,인문사회계열,1335,59,4.42,건국대학교
2013,건국대학교,자연과학계열,727,147,20.22,건국대학교
2013,건국대학교(글로컬) _분교,공학계열,422,25,5.92,건국대학교(글로컬) _분교
2013,건국대학교(글로컬) _분교,예체능계열,184,20,10.87,건국대학교(글로컬) _분교
2013,건국대학교(글로컬) _분교,인문사회계열,706,25,3.54,건국대학교(글로컬) _분교
2013,건국대학교(글로컬) _분교,자연과학계열,337,58,17.21,건국대학교(글로컬) _분교
2013,건양대학교,공학계열,437,21,4.81,건양대학교
2013,건양대학교,예체능계열,109,1,0.92,건양대학교
2013,건양대학교,인문사회계열,448,5,1.12,건양대학교
2013,건양대학교,자연과학계열,322,23,7.14,건양대학교
2013,건양대학교 _제2캠퍼스,공학계열,106,0,0.0,건양대학교 _제2캠퍼스
2013,건양대학교 _제2캠퍼스,의학계열,59,0,0.0,건양대학교 _제2캠퍼스
2013,건양대학교 _제2캠퍼스,인문사회계열,102,2,1.96,건양대학교 _제2캠퍼스
2013,건양대학교 _제2캠퍼스,자연과학계열,164,12,7.32,건양대학교 _제2캠퍼스
2013,경기대학교,공학계열,670,41,6.12,경기대학교
2013,경기대학교,예체능계열,155,8,5.16,경기대학교
2013,경기대학교,인문사회계열,1162,34,2.93,경기대학교
2013,경기대학교,자연과학계열,333,48,14.41,경기대학교
2013,경기대학교 _제2캠퍼스,공학계열,27,3,11.11,경기대학교 _제2캠퍼스
2013,경기대학교 _제2캠퍼스,예체능계열,44,1,2.27,경기대학교 _제2캠퍼스
2013,경기대학교 _제2캠퍼스,인문사회계열,233,4,1.72,경기대학교 _제2캠퍼스
2013,경남대학교,공학계열,656,23,3.51,경남대학교
2013,경남대학교,예체능계열,281,7,2.49,경남대학교
2013,경남대학교,인문사회계열,1671,49,2.93,경남대학교
2013,경남대학교,자연과학계열,255,18,7.06,경남대학교
2013,경동대학교,공학계열,209,5,2.39,경동대학교
2013,경동대학교,예체능계열,56,0,0.0,경동대학교
2013,경동대학교,인문사회계열,272,0,0.0,경동대학교
2013,경동대학교,자연과학계열,30,1,3.33,경동대학교
2013,경북대학교,공학계열,2022,202,9.99,경북대학교
2013,경북대학교,예체능계열,182,28,15.38,경북대학교
2013,경북대학교,의학계열,68,13,19.12,경북대학교
2013,경북대학교,인문사회계열,2028,98,4.83,경북대학교
2013,경북대학교,자연과학계열,1461,270,18.48,경북대학교
2013,경상국립대학교,공학계열,1007,73,7.25,경상국립대학교
2013,경상국립대학교,예체능계열,73,5,6.85,경상국립대학교
2013,경상국립대학교,의학계열,55,9,16.36,경상국립대학교
2013,경상국립대학교,인문사회계열,1080,36,3.33,경상국립대학교
2013,경상국립대학교,자연과학계열,896,144,16.07,경상국립대학교
2013,경성대학교,공학계열,610,23,3.77,경성대학교
2013,경성대학교,예체능계열,451,17,3.77,경성대학교
2013,경성대학교,의학계열,26,1,3.85,경성대학교
2013,경성대학교,인문사회계열,1423,22,1.55,경성대학교
2013,경성대학교,자연과학계열,416,19,4.57,경성대학교
2013,경인교육대학교,공학계열,32,1,3.12,경인교육대학교
2013,경인교육대학교,예체능계열,92,1,1.09,경인교육대학교
2013,경인교육대학교,인문사회계열,225,0,0.0,경인교육대학교
2013,경인교육대학교,자연과학계열,57,0,0.0,경인교육대학교
2013,경일대학교,공학계열,385,11,2.86,경일대학교
2013,경일대학교,예체능계열,133,10,7.52,경일대학교
2013,경일대학교,인문사회계열,218,4,1.83,경일대학교
2013,경일대학교,자연과학계열,15,1,6.67,경일대학교
2013,경희대학교,공학계열,1578,145,9.19,경희대학교
2013,경희대학교,예체능계열,530,71,13.4,경희대학교
2013,경희대학교,의학계열,192,9,4.69,경희대학교
2013,경희대학교,인문사회계열,1992,105,5.27,경희대학교
2013,경희대학교,자연과학계열,1139,250,21.95,경희대학교
2013,계명대학교,공학계열,979,31,3.17,계명대학교
2013,계명대학교,예체능계열,800,82,10.25,계명대학교
2013,계명대학교,의학계열,72,0,0.0,계명대학교
2013,계명대학교,인문사회계열,2208,68,3.08,계명대학교
2013,계명대학교,자연과학계열,508,52,10.24,계명대학교
2013,고려대학교,공학계열,857,219,25.55,고려대학교
2013,고려대학교,예체능계열,129,10,7.75,고려대학교
2013,고려대학교,의학계열,56,1,1.79,고려대학교
2013,고려대학교,인문사회계열,2019,328,16.25,고려대학교
2013,고려대학교,자연과학계열,982,391,39.82,고려대학교
2013,고려대학교(세종) _분교,공학계열,364,61,16.76,고려대학교(세종) _분교
2013,고려대학교(세종) _분교,예체능계열,138,7,5.07,고려대학교(세종) _분교
2013,고려대학교(세종) _분교,인문사회계열,640,29,4.53,고려대학교(세종) _분교
2013,고려대학교(세종) _분교,자연과학계열,191,53,27.75,고려대학교(세종) _분교
2013,고신대학교,공학계열,106,4,3.77,고신대학교
2013,고신대학교,예체능계열,118,7,5.93,고신대학교
2013,고신대학교,의학계열,70,0,0.0,고신대학교
2013,고신대학교,인문사회계열,411,57,13.87,고신대학교
2013,고신대학교,자연과학계열,75,11,14.67,고신대학교
2013,공주교육대학교,공학계열,29,0,0.0,공주교육대학교
2013,공주교육대학교,예체능계열,88,0,0.0,공주교육대학교
2013,공주교육대학교,인문사회계열,307,4,1.3,공주교육대학교
2013,공주교육대학교,자연과학계열,79,0,0.0,공주교육대학교
2013,광신대학교,예체능계열,21,7,33.33,광신대학교
2013,광신대학교,인문사회계열,145,38,26.21,광신대학교
2013,광운대학교,공학계열,821,76,9.26,광운대학교
2013,광운대학교,예체능계열,121,4,3.31,광운대학교
2013,광운대학교,인문사회계열,460,14,3.04,광운대학교
2013,광운대학교,자연과학계열,262,53,20.23,광운대학교
2013,광주가톨릭대학교,인문사회계열,23,8,34.78,광주가톨릭대학교
2013,광주교육대학교,공학계열,36,0,0.0,광주교육대학교
2013,광주교육대학교,예체능계열,104,2,1.92,광주교육대학교
2013,광주교육대학교,인문사회계열,228,4,1.75,광주교육대학교
2013,광주교육대학교,자연과학계열,72,2,2.78,광주교육대학교
2013,광주대학교,공학계열,218,8,3.67,광주대학교
2013,광주대학교,예체능계열,110,8,7.27,광주대학교
2013,광주대학교,인문사회계열,808,35,4.33,광주대학교
2013,광주대학교,자연과학계열,23,0,0.0,광주대학교
2013,광주여자대학교,공학계열,198,0,0.0,광주여자대학교
2013,광주여자대학교,예체능계열,95,2,2.11,광주여자대학교
2013,광주여자대학교,의학계열,28,11,39.29,광주여자대학교
2013,광주여자대학교,인문사회계열,417,12,2.88,광주여자대학교
2013,광주여자대학교,자연과학계열,250,9,3.6,광주여자대학교
2013,국립강릉원주대학교,공학계열,270,22,8.15,국립강릉원주대학교
2013,국립강릉원주대학교,예체능계열,95,11,11.58,국립강릉원주대학교
2013,국립강릉원주대학교,의학계열,42,0,0.0,국립강릉원주대학교
2013,국립강릉원주대학교,인문사회계열,541,23,4.25,국립강릉원주대학교
2013,국립강릉원주대학교,자연과학계열,297,48,16.16,국립강릉원주대학교
2013,국립강릉원주대학교 _제2캠퍼스,공학계열,262,7,2.67,국립강릉원주대학교 _제2캠퍼스
2013,국립강릉원주대학교 _제2캠퍼스,예체능계열,74,3,4.05,국립강릉원주대학교 _제2캠퍼스
2013,국립강릉원주대학교 _제2캠퍼스,인문사회계열,77,1,1.3,국립강릉원주대학교 _제2캠퍼스
2013,국립경국대학교,공학계열,384,18,4.69,국립경국대학교
2013,국립경국대학교,예체능계열,91,10,10.99,국립경국대학교
2013,국립경국대학교,의학계열,25,3,12.0,국립경국대학교
2013,국립경국대학교,인문사회계열,460,13,2.83,국립경국대학교
2013,국립경국대학교,자연과학계열,375,52,13.87,국립경국대학교
2013,국립공주대학교,공학계열,1163,79,6.79,국립공주대학교
2013,국립공주대학교,예체능계열,276,12,4.35,국립공주대학교
2013,국립공주대학교,인문사회계열,955,32,3.35,국립공주대학교
2013,국립공주대학교,자연과학계열,748,115,15.37,국립공주대학교
2013,국립군산대학교,공학계열,531,38,7.16,국립군산대학교
2013,국립군산대학교,예체능계열,103,20,19.42,국립군산대학교
2013,국립군산대학교,의학계열,27,3,11.11,국립군산대학교
2013,국립군산대학교,인문사회계열,502,6,1.2,국립군산대학교
2013,국립군산대학교,자연과학계열,402,33,8.21,국립군산대학교
2013,국립금오공과대학교,공학계열,816,64,7.84,국립금오공과대학교
2013,국립금오공과대학교,인문사회계열,49,1,2.04,국립금오공과대학교
2013,국립금오공과대학교,자연과학계열,163,22,13.5,국립금오공과대학교
2013,국립목포대학교,공학계열,531,32,6.03,국립목포대학교
2013,국립목포대학교,예체능계열,100,18,18.0,국립목포대학교
2013,국립목포대학교,인문사회계열,696,21,3.02,국립목포대학교
2013,국립목포대학교,자연과학계열,237,11,4.64,국립목포대학교
2013,국립목포해양대학교,공학계열,520,10,1.92,국립목포해양대학교
2013,국립부경대학교,공학계열,1576,138,8.76,국립부경대학교
2013,국립부경대학교,예체능계열,106,5,4.72,국립부경대학교
2013,국립부경대학교,의학계열,39,14,35.9,국립부경대학교
2013,국립부경대학교,인문사회계열,1065,25,2.35,국립부경대학교
2013,국립부경대학교,자연과학계열,753,144,19.12,국립부경대학교
2013,국립순천대학교,공학계열,388,23,5.93,국립순천대학교
2013,국립순천대학교,예체능계열,149,11,7.38,국립순천대학교
2013,국립순천대학교,의학계열,12,0,0.0,국립순천대학교
2013,국립순천대학교,인문사회계열,469,15,3.2,국립순천대학교
2013,국립순천대학교,자연과학계열,389,43,11.05,국립순천대학교
2013,국립창원대학교,공학계열,604,74,12.25,국립창원대학교
2013,국립창원대학교,예체능계열,116,18,15.52,국립창원대학교
2013,국립창원대학교,인문사회계열,632,9,1.42,국립창원대학교
2013,국립창원대학교,자연과학계열,278,36,12.95,국립창원대학교
2013,국립한국해양대학교,공학계열,811,66,8.14,국립한국해양대학교
2013,국립한국해양대학교,예체능계열,86,6,6.98,국립한국해양대학교
2013,국립한국해양대학교,인문사회계열,354,11,3.11,국립한국해양대학교
2013,국립한국해양대학교,자연과학계열,178,34,19.1,국립한국해양대학교
2013,국민대학교,공학계열,787,111,14.1,국민대학교
2013,국민대학교,예체능계열,406,62,15.27,국민대학교
2013,국민대학교,인문사회계열,1371,87,6.35,국민대학교
2013,국민대학교,자연과학계열,415,78,18.8,국민대학교
2013,극동대학교,공학계열,160,2,1.25,극동대학교
2013,극동대학교,예체능계열,150,4,2.67,극동대학교
2013,극동대학교,인문사회계열,474,9,1.9,극동대학교
2013,극동대학교,자연과학계열,45,1,2.22,극동대학교
2013,금강대학교,인문사회계열,67,3,4.48,금강대학교
2013,나사렛대학교,공학계열,77,1,1.3,나사렛대학교
2013,나사렛대학교,예체능계열,282,18,6.38,나사렛대학교
2013,나사렛대학교,인문사회계열,760,19,2.5,나사렛대학교
2013,나사렛대학교,자연과학계열,39,0,0.0,나사렛대학교
2013,남부대학교,공학계열,108,2,1.85,남부대학교
2013,남부대학교,예체능계열,159,22,13.84,남부대학교
2013,남부대학교,의학계열,23,2,8.7,남부대학교
2013,남부대학교,인문사회계열,274,14,5.11,남부대학교
2013,남부대학교,자연과학계열,135,21,15.56,남부대학교
2013,단국대학교,공학계열,540,79,14.63,단국대학교
2013,단국대학교,예체능계열,347,46,13.26,단국대학교
2013,단국대학교,인문사회계열,1061,36,3.39,단국대학교
2013,단국대학교,자연과학계열,400,76,19.0,단국대학교
2013,대구가톨릭대학교,공학계열,521,22,4.22,대구가톨릭대학교
2013,대구가톨릭대학교,예체능계열,259,25,9.65,대구가톨릭대학교
2013,대구가톨릭대학교,의학계열,38,0,0.0,대구가톨릭대학교
2013,대구가톨릭대학교,인문사회계열,1286,63,4.9,대구가톨릭대학교
2013,대구가톨릭대학교,자연과학계열,349,48,13.75,대구가톨릭대학교
2013,대구교육대학교,공학계열,30,1,3.33,대구교육대학교
2013,대구교육대학교,예체능계열,108,1,0.93,대구교육대학교
2013,대구교육대학교,인문사회계열,303,3,0.99,대구교육대학교
2013,대구교육대학교,자연과학계열,90,0,0.0,대구교육대학교
2013,대구대학교,공학계열,907,33,3.64,대구대학교
2013,대구대학교,예체능계열,277,18,6.5,대구대학교
2013,대구대학교,인문사회계열,2055,57,2.77,대구대학교
2013,대구대학교,자연과학계열,587,44,7.5,대구대학교
2013,대구예술대학교,공학계열,15,0,0.0,대구예술대학교
2013,대구예술대학교,예체능계열,175,8,4.57,대구예술대학교
2013,대구예술대학교,인문사회계열,22,2,9.09,대구예술대학교
2013,대구한의대학교,공학계열,236,18,7.63,대구한의대학교
2013,대구한의대학교,예체능계열,97,9,9.28,대구한의대학교
2013,대구한의대학교,의학계열,143,4,2.8,대구한의대학교
2013,대구한의대학교,인문사회계열,390,8,2.05,대구한의대학교
2013,대구한의대학교,자연과학계열,459,13,2.83,대구한의대학교
2013,대신대학교,예체능계열,19,1,5.26,대신대학교
2013,대신대학교,인문사회계열,92,21,22.83,대신대학교
2013,대전가톨릭대학교,인문사회계열,42,14,33.33,대전가톨릭대학교
2013,대전대학교,공학계열,433,18,4.16,대전대학교
2013,대전대학교,예체능계열,279,10,3.58,대전대학교
2013,대전대학교,의학계열,85,0,0.0,대전대학교
2013,대전대학교,인문사회계열,849,14,1.65,대전대학교
2013,대전대학교,자연과학계열,300,20,6.67,대전대학교
2013,대전신학대학교,인문사회계열,22,3,13.64,대전신학대학교
2013,대진대학교,공학계열,495,25,5.05,대진대학교
2013,대진대학교,예체능계열,228,9,3.95,대진대학교
2013,대진대학교,인문사회계열,775,17,2.19,대진대학교
2013,대진대학교,자연과학계열,245,24,9.8,대진대학교
2013,덕성여자대학교,공학계열,93,6,6.45,덕성여자대학교
2013,덕성여자대학교,예체능계열,177,18,10.17,덕성여자대학교
2013,덕성여자대학교,인문사회계열,653,34,5.21,덕성여자대학교
2013,덕성여자대학교,자연과학계열,282,30,10.64,덕성여자대학교
2013,동국대학교,공학계열,883,70,7.93,동국대학교
2013,동국대학교,예체능계열,209,38,18.18,동국대학교
2013,동국대학교,인문사회계열,1507,80,5.31,동국대학교
2013,동국대학교,자연과학계열,326,78,23.93,동국대학교
2013,동국대학교(WISE) _분교,공학계열,311,9,2.89,동국대학교(WISE) _분교
2013,동국대학교(WISE) _분교,예체능계열,165,27,16.36,동국대학교(WISE) _분교
2013,동국대학교(WISE) _분교,의학계열,120,2,1.67,동국대학교(WISE) _분교
2013,동국대학교(WISE) _분교,인문사회계열,1069,53,4.96,동국대학교(WISE) _분교
2013,동국대학교(WISE) _분교,자연과학계열,186,22,11.83,동국대학교(WISE) _분교
2013,동덕여자대학교,공학계열,179,2,1.12,동덕여자대학교
2013,동덕여자대학교,예체능계열,461,66,14.32,동덕여자대학교
2013,동덕여자대학교,의학계열,53,0,0.0,동덕여자대학교
2013,동덕여자대학교,인문사회계열,642,35,5.45,동덕여자대학교
2013,동덕여자대학교,자연과학계열,124,16,12.9,동덕여자대학교
2013,동명대학교,공학계열,503,20,3.98,동명대학교
2013,동명대학교,예체능계열,120,4,3.33,동명대학교
2013,동명대학교,인문사회계열,378,7,1.85,동명대학교
2013,동명대학교,자연과학계열,20,3,15.0,동명대학교
2013,동서대학교,공학계열,545,16,2.94,동서대학교
2013,동서대학교,예체능계열,332,11,3.31,동서대학교
2013,동서대학교,인문사회계열,1111,15,1.35,동서대학교
2013,동서대학교,자연과학계열,182,10,5.49,동서대학교
2013,동신대학교,공학계열,356,7,1.97,동신대학교
2013,동신대학교,예체능계열,103,7,6.8,동신대학교
2013,동신대학교,의학계열,50,1,2.0,동신대학교
2013,동신대학교,인문사회계열,613,6,0.98,동신대학교
2013,동신대학교,자연과학계열,215,5,2.33,동신대학교
2013,동아대학교,공학계열,1151,88,7.65,동아대학교
2013,동아대학교,예체능계열,377,33,8.75,동아대학교
2013,동아대학교,의학계열,25,0,0.0,동아대학교
2013,동아대학교,인문사회계열,1562,34,2.18,동아대학교
2013,동아대학교,자연과학계열,740,115,15.54,동아대학교
2013,동양대학교,공학계열,446,6,1.35,동양대학교
2013,동양대학교,예체능계열,37,0,0.0,동양대학교
2013,동양대학교,인문사회계열,170,3,1.76,동양대학교
2013,동양대학교,자연과학계열,43,4,9.3,동양대학교
2013,동의대학교,공학계열,1175,28,2.38,동의대학교
2013,동의대학교,예체능계열,220,21,9.55,동의대학교
2013,동의대학교,의학계열,40,0,0.0,동의대학교
2013,동의대학교,인문사회계열,1338,29,2.17,동의대학교
2013,동의대학교,자연과학계열,418,28,6.7,동의대학교
2013,루터대학교,예체능계열,27,1,3.7,루터대학교
2013,루터대학교,인문사회계열,74,6,8.11,루터대학교
2013,명지대학교,공학계열,827,82,9.92,명지대학교
2013,명지대학교,예체능계열,275,31,11.27,명지대학교
2013,명지대학교,자연과학계열,411,72,17.52,명지대학교
2013,명지대학교 _제2캠퍼스,공학계열,101,2,1.98,명지대학교 _제2캠퍼스
2013,명지대학교 _제2캠퍼스,예체능계열,27,5,18.52,명지대학교 _제2캠퍼스
2013,명지대학교 _제2캠퍼스,인문사회계열,1353,76,5.62,명지대학교 _제2캠퍼스
2013,목원대학교,공학계열,337,9,2.67,목원대학교
2013,목원대학교,예체능계열,417,58,13.91,목원대학교
2013,목원대학교,인문사회계열,786,86,10.94,목원대학교
2013,목원대학교,자연과학계열,191,21,10.99,목원대학교
2013,목포가톨릭대학교,공학계열,110,0,0.0,목포가톨릭대학교
2013,목포가톨릭대학교,인문사회계열,35,0,0.0,목포가톨릭대학교
2013,배재대학교,공학계열,336,17,5.06,배재대학교
2013,배재대학교,예체능계열,127,19,14.96,배재대학교
2013,배재대학교,인문사회계열,1136,78,6.87,배재대학교
2013,배재대학교,자연과학계열,215,32,14.88,배재대학교
2013,백석대학교,공학계열,583,21,3.6,백석대학교
2013,백석대학교,예체능계열,500,20,4.0,백석대학교
2013,백석대학교,인문사회계열,1789,50,2.79,백석대학교
2013,백석대학교,자연과학계열,20,0,0.0,백석대학교
2013,부산가톨릭대학교,공학계열,190,4,2.11,부산가톨릭대학교
2013,부산가톨릭대학교,인문사회계열,292,12,4.11,부산가톨릭대학교
2013,부산가톨릭대학교,자연과학계열,435,7,1.61,부산가톨릭대학교
2013,부산교육대학교,공학계열,32,1,3.12,부산교육대학교
2013,부산교육대학교,예체능계열,101,0,0.0,부산교육대학교
2013,부산교육대학교,인문사회계열,314,5,1.59,부산교육대학교
2013,부산교육대학교,자연과학계열,65,0,0.0,부산교육대학교
2013,부산대학교,공학계열,1505,223,14.82,부산대학교
2013,부산대학교,예체능계열,250,37,14.8,부산대학교
2013,부산대학교,의학계열,2,0,0.0,부산대학교
2013,부산대학교,인문사회계열,1559,107,6.86,부산대학교
2013,부산대학교,자연과학계열,993,239,24.07,부산대학교
2013,부산외국어대학교,공학계열,77,2,2.6,부산외국어대학교
2013,부산외국어대학교,예체능계열,73,3,4.11,부산외국어대학교
2013,부산외국어대학교,인문사회계열,1328,42,3.16,부산외국어대학교
2013,부산외국어대학교,자연과학계열,36,0,0.0,부산외국어대학교
2013,부산장신대학교,인문사회계열,72,18,25.0,부산장신대학교
2013,삼육대학교,공학계열,230,0,0.0,삼육대학교
2013,삼육대학교,예체능계열,222,9,4.05,삼육대학교
2013,삼육대학교,인문사회계열,417,13,3.12,삼육대학교
2013,삼육대학교,자연과학계열,265,27,10.19,삼육대학교
2013,상명대학교,공학계열,144,8,5.56,상명대학교
2013,상명대학교,예체능계열,231,28,12.12,상명대학교
2013,상명대학교,인문사회계열,744,24,3.23,상명대학교
2013,상명대학교,자연과학계열,288,40,13.89,상명대학교
2013,상지대학교,공학계열,536,16,2.99,상지대학교
2013,상지대학교,예체능계열,137,6,4.38,상지대학교
2013,상지대학교,의학계열,69,3,4.35,상지대학교
2013,상지대학교,인문사회계열,579,11,1.9,상지대학교
2013,상지대학교,자연과학계열,286,14,4.9,상지대학교
2013,서강대학교,공학계열,288,101,35.07,서강대학교
2013,서강대학교,인문사회계열,1182,114,9.64,서강대학교
2013,서강대학교,자연과학계열,311,98,31.51,서강대학교
2013,서경대학교,공학계열,376,28,7.45,서경대학교
2013,서경대학교,예체능계열,353,35,9.92,서경대학교
2013,서경대학교,인문사회계열,603,9,1.49,서경대학교
2013,서경대학교,자연과학계열,67,10,14.93,서경대학교
2013,서울교육대학교,공학계열,32,0,0.0,서울교육대학교
2013,서울교육대학교,예체능계열,100,1,1.0,서울교육대학교
2013,서울교육대학교,인문사회계열,360,1,0.28,서울교육대학교
2013,서울교육대학교,자연과학계열,36,0,0.0,서울교육대학교
2013,서울기독대학교,공학계열,48,0,0.0,서울기독대학교
2013,서울기독대학교,예체능계열,14,3,21.43,서울기독대학교
2013,서울기독대학교,인문사회계열,59,2,3.39,서울기독대학교
2013,서울대학교,공학계열,766,293,38.25,서울대학교
2013,서울대학교,예체능계열,262,45,17.18,서울대학교
2013,서울대학교,의학계열,133,14,10.53,서울대학교
2013,서울대학교,인문사회계열,1408,345,24.5,서울대학교
2013,서울대학교,자연과학계열,896,452,50.45,서울대학교
2013,서울시립대학교,공학계열,622,88,14.15,서울시립대학교
2013,서울시립대학교,예체능계열,65,16,24.62,서울시립대학교
2013,서울시립대학교,인문사회계열,687,43,6.26,서울시립대학교
2013,서울시립대학교,자연과학계열,226,35,15.49,서울시립대학교
2013,서울신학대학교,예체능계열,81,6,7.41,서울신학대학교
2013,서울신학대학교,인문사회계열,363,67,18.46,서울신학대학교
2013,서울여자대학교,공학계열,246,39,15.85,서울여자대학교
2013,서울여자대학교,예체능계열,204,8,3.92,서울여자대학교
2013,서울여자대학교,인문사회계열,1010,54,5.35,서울여자대학교
2013,서울여자대학교,자연과학계열,226,23,10.18,서울여자대학교
2013,서울장신대학교,예체능계열,30,2,6.67,서울장신대학교
2013,서울장신대학교,인문사회계열,97,17,17.53,서울장신대학교
2013,서울한영대학교,예체능계열,8,0,0.0,서울한영대학교
2013,서울한영대학교,인문사회계열,116,13,11.21,서울한영대학교
2013,서원대학교,공학계열,210,8,3.81,서원대학교
2013,서원대학교,예체능계열,218,17,7.8,서원대학교
2013,서원대학교,인문사회계열,752,33,4.39,서원대학교
2013,서원대학교,자연과학계열,268,8,2.99,서원대학교
2013,선문대학교,공학계열,531,26,4.9,선문대학교
2013,선문대학교,예체능계열,118,4,3.39,선문대학교
2013,선문대학교,의학계열,16,0,0.0,선문대학교
2013,선문대학교,인문사회계열,916,19,2.07,선문대학교
2013,선문대학교,자연과학계열,207,17,8.21,선문대학교
2013,성결대학교,공학계열,166,2,1.2,성결대학교
2013,성결대학교,예체능계열,138,13,9.42,성결대학교
2013,성결대학교,인문사회계열,559,30,5.37,성결대학교
2013,성결대학교,자연과학계열,36,3,8.33,성결대학교
2013,성공회대학교,공학계열,144,3,2.08,성공회대학교
2013,성공회대학교,인문사회계열,367,10,2.72,성공회대학교
2013,성균관대학교,공학계열,985,230,23.35,성균관대학교
2013,성균관대학교,예체능계열,149,13,8.72,성균관대학교
2013,성균관대학교,의학계열,18,0,0.0,성균관대학교
2013,성균관대학교,인문사회계열,2097,229,10.92,성균관대학교
2013,성균관대학교,자연과학계열,846,224,26.48,성균관대학교
2013,성신여자대학교,공학계열,252,2,0.79,성신여자대학교
2013,성신여자대학교,예체능계열,349,48,13.75,성신여자대학교
2013,성신여자대학교,인문사회계열,1288,60,4.66,성신여자대학교
2013,성신여자대학교,자연과학계열,404,46,11.39,성신여자대학교
2013,세명대학교,공학계열,656,17,2.59,세명대학교
2013,세명대학교,예체능계열,148,6,4.05,세명대학교
2013,세명대학교,의학계열,47,3,6.38,세명대학교
2013,세명대학교,인문사회계열,610,11,1.8,세명대학교
2013,세명대학교,자연과학계열,164,10,6.1,세명대학교
2013,세종대학교,공학계열,804,90,11.19,세종대학교
2013,세종대학교,예체능계열,398,42,10.55,세종대학교
2013,세종대학교,인문사회계열,823,28,3.4,세종대학교
2013,세종대학교,자연과학계열,373,80,21.45,세종대학교
2013,세한대학교,공학계열,141,4,2.84,세한대학교
2013,세한대학교,예체능계열,180,18,10.0,세한대학교
2013,세한대학교,인문사회계열,323,4,1.24,세한대학교
2013,세한대학교,자연과학계열,64,1,1.56,세한대학교
2013,수원가톨릭대학교,인문사회계열,45,32,71.11,수원가톨릭대학교
2013,수원대학교,공학계열,588,29,4.93,수원대학교
2013,수원대학교,예체능계열,447,58,12.98,수원대학교
2013,수원대학교,인문사회계열,656,19,2.9,수원대학교
2013,수원대학교,자연과학계열,411,40,9.73,수원대학교
2013,숙명여자대학교,공학계열,248,16,6.45,숙명여자대학교
2013,숙명여자대학교,예체능계열,304,42,13.82,숙명여자대학교
2013,숙명여자대학교,인문사회계열,1097,84,7.66,숙명여자대학교
2013,숙명여자대학교,자연과학계열,409,75,18.34,숙명여자대학교
2013,순천향대학교,공학계열,529,44,8.32,순천향대학교
2013,순천향대학교,예체능계열,120,5,4.17,순천향대학교
2013,순천향대학교,의학계열,124,2,1.61,순천향대학교
2013,순천향대학교,인문사회계열,1170,18,1.54,순천향대학교
2013,순천향대학교,자연과학계열,503,67,13.32,순천향대학교
2013,숭실대학교,공학계열,1061,109,10.27,숭실대학교
2013,숭실대학교,예체능계열,26,0,0.0,숭실대학교
2013,숭실대학교,인문사회계열,1211,57,4.71,숭실대학교
2013,숭실대학교,자연과학계열,280,45,16.07,숭실대학교
2013,신경주대학교,공학계열,108,2,1.85,신경주대학교
2013,신경주대학교,예체능계열,23,1,4.35,신경주대학교
2013,신경주대학교,인문사회계열,541,5,0.92,신경주대학교
2013,신경주대학교,자연과학계열,40,4,10.0,신경주대학교
2013,신라대학교,공학계열,440,14,3.18,신라대학교
2013,신라대학교,예체능계열,259,23,8.88,신라대학교
2013,신라대학교,인문사회계열,1111,11,0.99,신라대학교
2013,신라대학교,자연과학계열,244,7,2.87,신라대학교
2013,아신대학교,인문사회계열,144,31,21.53,아신대학교
2013,아주대학교,공학계열,960,167,17.4,아주대학교
2013,아주대학교,의학계열,25,0,0.0,아주대학교
2013,아주대학교,인문사회계열,823,50,6.08,아주대학교
2013,아주대학교,자연과학계열,280,85,30.36,아주대학교
2013,안양대학교,공학계열,225,14,6.22,안양대학교
2013,안양대학교,예체능계열,105,9,8.57,안양대학교
2013,안양대학교,인문사회계열,449,18,4.01,안양대학교
2013,안양대학교,자연과학계열,101,3,2.97,안양대학교
2013,안양대학교 _제2캠퍼스,공학계열,14,0,0.0,안양대학교 _제2캠퍼스
2013,안양대학교 _제2캠퍼스,인문사회계열,52,2,3.85,안양대학교 _제2캠퍼스
2013,안양대학교 _제2캠퍼스,자연과학계열,27,3,11.11,안양대학교 _제2캠퍼스
2013,연세대학교,공학계열,912,268,29.39,연세대학교
2013,연세대학교,예체능계열,208,24,11.54,연세대학교
2013,연세대학교,의학계열,95,0,0.0,연세대학교
2013,연세대학교,인문사회계열,2034,330,16.22,연세대학교
2013,연세대학교,자연과학계열,767,319,41.59,연세대학교
2013,연세대학교(미래) _분교,공학계열,362,74,20.44,연세대학교(미래) _분교
2013,연세대학교(미래) _분교,예체능계열,55,4,7.27,연세대학교(미래) _분교
2013,연세대학교(미래) _분교,의학계열,105,1,0.95,연세대학교(미래) _분교
2013,연세대학교(미래) _분교,인문사회계열,577,52,9.01,연세대학교(미래) _분교
2013,연세대학교(미래) _분교,자연과학계열,398,83,20.85,연세대학교(미래) _분교
2013,영남대학교,공학계열,1576,105,6.66,영남대학교
2013,영남대학교,예체능계열,402,54,13.43,영남대학교
2013,영남대학교,의학계열,48,0,0.0,영남대학교
2013,영남대학교,인문사회계열,1818,69,3.8,영남대학교
2013,영남대학교,자연과학계열,901,129,14.32,영남대학교
2013,영남신학대학교,인문사회계열,109,43,39.45,영남신학대학교
2013,영산대학교,공학계열,82,1,1.22,영산대학교
2013,영산대학교,예체능계열,45,1,2.22,영산대학교
2013,영산대학교,인문사회계열,181,2,1.1,영산대학교
2013,영산대학교,자연과학계열,6,0,0.0,영산대학교
2013,영산대학교 _제2캠퍼스,공학계열,39,0,0.0,영산대학교 _제2캠퍼스
2013,영산대학교 _제2캠퍼스,예체능계열,52,0,0.0,영산대학교 _제2캠퍼스
2013,영산대학교 _제2캠퍼스,인문사회계열,194,4,2.06,영산대학교 _제2캠퍼스
2013,영산대학교 _제2캠퍼스,자연과학계열,153,7,4.58,영산대학교 _제2캠퍼스
2013,영산선학대학교,인문사회계열,15,9,60.0,영산선학대학교
2013,예수대학교,인문사회계열,19,1,5.26,예수대학교
2013,예수대학교,자연과학계열,136,0,0.0,예수대학교
2013,예원예술대학교,공학계열,6,0,0.0,예원예술대학교
2013,예원예술대학교,예체능계열,133,9,6.77,예원예술대학교
2013,예원예술대학교,인문사회계열,21,0,0.0,예원예술대학교
2013,예원예술대학교,자연과학계열,24,0,0.0,예원예술대학교
2013,용인대학교,공학계열,177,5,2.82,용인대학교
2013,용인대학교,예체능계열,603,22,3.65,용인대학교
2013,용인대학교,인문사회계열,183,3,1.64,용인대학교
2013,용인대학교,자연과학계열,178,8,4.49,용인대학교
2013,우석대학교,공학계열,420,9,2.14,우석대학교
2013,우석대학교,예체능계열,169,10,5.92,우석대학교
2013,우석대학교,의학계열,84,4,4.76,우석대학교
2013,우석대학교,인문사회계열,806,24,2.98,우석대학교
2013,우석대학교,자연과학계열,205,24,11.71,우석대학교
2013,우송대학교,공학계열,457,10,2.19,우송대학교
2013,우송대학교,예체능계열,121,2,1.65,우송대학교
2013,우송대학교,인문사회계열,597,4,0.67,우송대학교
2013,우송대학교,자연과학계열,225,10,4.44,우송대학교
2013,울산과학기술원,공학계열,31,26,83.87,울산과학기술원
2013,울산과학기술원,예체능계열,6,4,66.67,울산과학기술원
2013,울산과학기술원,인문사회계열,19,13,68.42,울산과학기술원
2013,울산과학기술원,자연과학계열,119,111,93.28,울산과학기술원
2013,울산대학교,공학계열,1002,88,8.78,울산대학교
2013,울산대학교,예체능계열,304,14,4.61,울산대학교
2013,울산대학교,의학계열,37,0,0.0,울산대학교
2013,울산대학교,인문사회계열,890,20,2.25,울산대학교
2013,울산대학교,자연과학계열,593,75,12.65,울산대학교
2013,원광대학교,공학계열,627,43,6.86,원광대학교
2013,원광대학교,예체능계열,485,52,10.72,원광대학교
2013,원광대학교,의학계열,272,4,1.47,원광대학교
2013,원광대학교,인문사회계열,1535,47,3.06,원광대학교
2013,원광대학교,자연과학계열,531,74,13.94,원광대학교
2013,위덕대학교,공학계열,108,11,10.19,위덕대학교
2013,위덕대학교,예체능계열,80,6,7.5,위덕대학교
2013,위덕대학교,인문사회계열,191,18,9.42,위덕대학교
2013,위덕대학교,자연과학계열,108,4,3.7,위덕대학교
2013,유원대학교,공학계열,92,2,2.17,유원대학교
2013,유원대학교,예체능계열,109,2,1.83,유원대학교
2013,유원대학교,인문사회계열,224,5,2.23,유원대학교
2013,유원대학교,자연과학계열,134,5,3.73,유원대학교
2013,을지대학교,공학계열,103,1,0.97,을지대학교
2013,을지대학교,의학계열,34,0,0.0,을지대학교
2013,을지대학교,인문사회계열,36,1,2.78,을지대학교
2013,을지대학교,자연과학계열,31,1,3.23,을지대학교
2013,을지대학교 _제2캠퍼스,공학계열,364,9,2.47,을지대학교 _제2캠퍼스
2013,을지대학교 _제2캠퍼스,예체능계열,40,2,5.0,을지대학교 _제2캠퍼스
2013,을지대학교 _제2캠퍼스,인문사회계열,194,1,0.52,을지대학교 _제2캠퍼스
2013,을지대학교 _제2캠퍼스,자연과학계열,360,6,1.67,을지대학교 _제2캠퍼스
2013,이화여자대학교,공학계열,294,77,26.19,이화여자대학교
2013,이화여자대학교,예체능계열,504,129,25.6,이화여자대학교
2013,이화여자대학교,의학계열,34,9,26.47,이화여자대학교
2013,이화여자대학교,인문사회계열,1798,256,14.24,이화여자대학교
2013,이화여자대학교,자연과학계열,521,148,28.41,이화여자대학교
2013,인제대학교,공학계열,535,70,13.08,인제대학교
2013,인제대학교,예체능계열,177,27,15.25,인제대학교
2013,인제대학교,인문사회계열,851,33,3.88,인제대학교
2013,인제대학교,자연과학계열,335,44,13.13,인제대학교
2013,인천가톨릭대학교,인문사회계열,26,21,80.77,인천가톨릭대학교
2013,인천대학교,공학계열,435,51,11.72,인천대학교
2013,인천대학교,예체능계열,72,5,6.94,인천대학교
2013,인천대학교,인문사회계열,563,23,4.09,인천대학교
2013,인천대학교,자연과학계열,168,38,22.62,인천대학교
2013,인하대학교,공학계열,1603,201,12.54,인하대학교
2013,인하대학교,예체능계열,112,4,3.57,인하대학교
2013,인하대학교,의학계열,9,0,0.0,인하대학교
2013,인하대학교,인문사회계열,1442,55,3.81,인하대학교
2013,인하대학교,자연과학계열,775,205,26.45,인하대학교
2013,장로회신학대학교,예체능계열,50,3,6.0,장로회신학대학교
2013,장로회신학대학교,인문사회계열,112,46,41.07,장로회신학대학교
2013,전남대학교,공학계열,694,53,7.64,전남대학교
2013,전남대학교,예체능계열,242,29,11.98,전남대학교
2013,전남대학교,의학계열,157,23,14.65,전남대학교
2013,전남대학교,인문사회계열,1444,75,5.19,전남대학교
2013,전남대학교,자연과학계열,1158,208,17.96,전남대학교
2013,전남대학교 _제2캠퍼스,공학계열,155,10,6.45,전남대학교 _제2캠퍼스
2013,전남대학교 _제2캠퍼스,의학계열,63,11,17.46,전남대학교 _제2캠퍼스
2013,전남대학교 _제2캠퍼스,인문사회계열,243,3,1.23,전남대학교 _제2캠퍼스
2013,전남대학교 _제2캠퍼스,자연과학계열,206,18,8.74,전남대학교 _제2캠퍼스
2013,전북대학교,공학계열,1173,119,10.14,전북대학교
2013,전북대학교,예체능계열,149,36,24.16,전북대학교
2013,전북대학교,의학계열,48,9,18.75,전북대학교
2013,전북대학교,인문사회계열,1467,104,7.09,전북대학교
2013,전북대학교,자연과학계열,1184,248,20.95,전북대학교
2013,전주교육대학교,공학계열,30,0,0.0,전주교육대학교
2013,전주교육대학교,예체능계열,105,3,2.86,전주교육대학교
2013,전주교육대학교,인문사회계열,208,5,2.4,전주교육대학교
2013,전주교육대학교,자연과학계열,72,1,1.39,전주교육대학교
2013,전주대학교,공학계열,408,15,3.68,전주대학교
2013,전주대학교,예체능계열,295,19,6.44,전주대학교
2013,전주대학교,의학계열,35,0,0.0,전주대학교
2013,전주대학교,인문사회계열,1239,38,3.07,전주대학교
2013,전주대학교,자연과학계열,249,12,4.82,전주대학교
2013,제주대학교,공학계열,392,22,5.61,제주대학교
2013,제주대학교,예체능계열,104,13,12.5,제주대학교
2013,제주대학교,의학계열,71,13,18.31,제주대학교
2013,제주대학교,인문사회계열,966,23,2.38,제주대학교
2013,제주대학교,자연과학계열,349,28,8.02,제주대학교
2013,조선대학교,공학계열,1208,74,6.13,조선대학교
2013,조선대학교,예체능계열,550,41,7.45,조선대학교
2013,조선대학교,의학계열,31,0,0.0,조선대학교
2013,조선대학교,인문사회계열,1677,56,3.34,조선대학교
2013,조선대학교,자연과학계열,703,106,15.08,조선대학교
2013,중부대학교,공학계열,346,10,2.89,중부대학교
2013,중부대학교,예체능계열,280,7,2.5,중부대학교
2013,중부대학교,인문사회계열,646,6,0.93,중부대학교
2013,중부대학교,자연과학계열,194,7,3.61,중부대학교
2013,중앙대학교,공학계열,928,134,14.44,중앙대학교
2013,중앙대학교,예체능계열,97,7,7.22,중앙대학교
2013,중앙대학교,의학계열,43,0,0.0,중앙대학교
2013,중앙대학교,인문사회계열,1444,83,5.75,중앙대학교
2013,중앙대학교,자연과학계열,437,98,22.43,중앙대학교
2013,중앙승가대학교,인문사회계열,56,23,41.07,중앙승가대학교
2013,중원대학교,공학계열,18,4,22.22,중원대학교
2013,중원대학교,예체능계열,12,0,0.0,중원대학교
2013,중원대학교,의학계열,9,1,11.11,중원대학교
2013,중원대학교,인문사회계열,23,1,4.35,중원대학교
2013,중원대학교,자연과학계열,28,10,35.71,중원대학교
2013,진주교육대학교,공학계열,36,0,0.0,진주교육대학교
2013,진주교육대학교,예체능계열,112,0,0.0,진주교육대학교
2013,진주교육대학교,인문사회계열,239,2,0.84,진주교육대학교
2013,진주교육대학교,자연과학계열,79,0,0.0,진주교육대학교
2013,차의과학대학교,공학계열,76,1,1.32,차의과학대학교
2013,차의과학대학교,자연과학계열,13,7,53.85,차의과학대학교
2013,청운대학교,공학계열,150,3,2.0,청운대학교
2013,청운대학교,예체능계열,64,6,9.38,청운대학교
2013,청운대학교,인문사회계열,688,11,1.6,청운대학교
2013,청운대학교,자연과학계열,94,3,3.19,청운대학교
2013,청주교육대학교,공학계열,27,1,3.7,청주교육대학교
2013,청주교육대학교,예체능계열,85,1,1.18,청주교육대학교
2013,청주교육대학교,인문사회계열,215,3,1.4,청주교육대학교
2013,청주교육대학교,자연과학계열,93,1,1.08,청주교육대학교
2013,청주대학교,공학계열,658,35,5.32,청주대학교
2013,청주대학교,예체능계열,273,10,3.66,청주대학교
2013,청주대학교,인문사회계열,1778,29,1.63,청주대학교
2013,청주대학교,자연과학계열,359,40,11.14,청주대학교
2013,총신대학교,예체능계열,64,7,10.94,총신대학교
2013,총신대학교,인문사회계열,321,71,22.12,총신대학교
2013,추계예술대학교,예체능계열,280,22,7.86,추계예술대학교
2013,추계예술대학교,인문사회계열,25,1,4.0,추계예술대학교
2013,춘천교육대학교,공학계열,27,0,0.0,춘천교육대학교
2013,춘천교육대학교,예체능계열,76,2,2.63,춘천교육대학교
2013,춘천교육대학교,인문사회계열,249,4,1.61,춘천교육대학교
2013,춘천교육대학교,자연과학계열,81,0,0.0,춘천교육대학교
2013,충남대학교,공학계열,1219,171,14.03,충남대학교
2013,충남대학교,예체능계열,162,22,13.58,충남대학교
2013,충남대학교,의학계열,81,17,20.99,충남대학교
2013,충남대학교,인문사회계열,1306,52,3.98,충남대학교
2013,충남대학교,자연과학계열,989,274,27.7,충남대학교
2013,충북대학교,공학계열,1022,142,13.89,충북대학교
2013,충북대학교,예체능계열,116,15,12.93,충북대학교
2013,충북대학교,의학계열,100,14,14.0,충북대학교
2013,충북대학교,인문사회계열,972,33,3.4,충북대학교
2013,충북대학교,자연과학계열,869,149,17.15,충북대학교
2013,칼빈대학교,예체능계열,11,1,9.09,칼빈대학교
2013,칼빈대학교,인문사회계열,77,20,25.97,칼빈대학교
2013,평택대학교,공학계열,102,1,0.98,평택대학교
2013,평택대학교,예체능계열,117,3,2.56,평택대학교
2013,평택대학교,인문사회계열,597,14,2.35,평택대학교
2013,평택대학교,자연과학계열,3,1,33.33,평택대학교
2013,포항공과대학교,공학계열,136,89,65.44,포항공과대학교
2013,포항공과대학교,자연과학계열,151,103,68.21,포항공과대학교
2013,한국과학기술원,공학계열,410,241,58.78,한국과학기술원
2013,한국과학기술원,인문사회계열,20,5,25.0,한국과학기술원
2013,한국과학기술원,자연과학계열,408,304,74.51,한국과학기술원
2013,한국교원대학교,공학계열,65,4,6.15,한국교원대학교
2013,한국교원대학교,예체능계열,63,0,0.0,한국교원대학교
2013,한국교원대학교,인문사회계열,293,4,1.37,한국교원대학교
2013,한국교원대학교,자연과학계열,127,5,3.94,한국교원대학교
2013,한국기술교육대학교,공학계열,588,44,7.48,한국기술교육대학교
2013,한국기술교육대학교,예체능계열,28,2,7.14,한국기술교육대학교
2013,한국기술교육대학교,자연과학계열,53,19,35.85,한국기술교육대학교
2013,한국성서대학교,공학계열,18,1,5.56,한국성서대학교
2013,한국성서대학교,인문사회계열,172,13,7.56,한국성서대학교
2013,한국예술종합학교,공학계열,14,1,7.14,한국예술종합학교
2013,한국예술종합학교,예체능계열,387,53,13.7,한국예술종합학교
2013,한국예술종합학교,인문사회계열,33,1,3.03,한국예술종합학교
2013,한국외국어대학교,공학계열,104,7,6.73,한국외국어대학교
2013,한국외국어대학교,인문사회계열,1582,117,7.4,한국외국어대학교
2013,한국체육대학교,예체능계열,516,30,5.81,한국체육대학교
2013,한국체육대학교,자연과학계열,29,2,6.9,한국체육대학교
2013,한국침례신학대학교,예체능계열,37,3,8.11,한국침례신학대학교
2013,한국침례신학대학교,인문사회계열,263,46,17.49,한국침례신학대학교
2013,한국항공대학교,공학계열,830,76,9.16,한국항공대학교
2013,한국항공대학교,인문사회계열,131,2,1.53,한국항공대학교
2013,한국항공대학교,자연과학계열,55,5,9.09,한국항공대학교
2013,한남대학교,공학계열,405,17,4.2,한남대학교
2013,한남대학교,예체능계열,248,21,8.47,한남대학교
2013,한남대학교,인문사회계열,1336,52,3.89,한남대학교
2013,한남대학교,자연과학계열,369,72,19.51,한남대학교
2013,한동대학교,공학계열,261,35,13.41,한동대학교
2013,한동대학교,인문사회계열,333,38,11.41,한동대학교
2013,한동대학교,자연과학계열,119,36,30.25,한동대학교
2013,한라대학교,공학계열,264,5,1.89,한라대학교
2013,한라대학교,예체능계열,56,1,1.79,한라대학교
2013,한라대학교,인문사회계열,298,5,1.68,한라대학교
2013,한라대학교,자연과학계열,14,2,14.29,한라대학교
2013,한림대학교,공학계열,185,13,7.03,한림대학교
2013,한림대학교,예체능계열,106,2,1.89,한림대학교
2013,한림대학교,의학계열,82,0,0.0,한림대학교
2013,한림대학교,인문사회계열,901,41,4.55,한림대학교
2013,한림대학교,자연과학계열,369,62,16.8,한림대학교
2013,한서대학교,공학계열,569,19,3.34,한서대학교
2013,한서대학교,예체능계열,167,5,2.99,한서대학교
2013,한서대학교,인문사회계열,528,19,3.6,한서대학교
2013,한서대학교,자연과학계열,396,21,5.3,한서대학교
2013,한성대학교,공학계열,358,6,1.68,한성대학교
2013,한성대학교,예체능계열,255,11,4.31,한성대학교
2013,한성대학교,인문사회계열,385,6,1.56,한성대학교
2013,한성대학교,자연과학계열,106,1,0.94,한성대학교
2013,한세대학교,공학계열,119,2,1.68,한세대학교
2013,한세대학교,예체능계열,136,13,9.56,한세대학교
2013,한세대학교,인문사회계열,304,26,8.55,한세대학교
2013,한신대학교,공학계열,170,5,2.94,한신대학교
2013,한신대학교,예체능계열,46,2,4.35,한신대학교
2013,한신대학교,인문사회계열,774,55,7.11,한신대학교
2013,한신대학교,자연과학계열,68,5,7.35,한신대학교
2013,한양대학교,공학계열,1300,262,20.15,한양대학교
2013,한양대학교,예체능계열,260,26,10.0,한양대학교
2013,한양대학교,의학계열,65,0,0.0,한양대학교
2013,한양대학교,인문사회계열,1347,110,8.17,한양대학교
2013,한양대학교,자연과학계열,669,187,27.95,한양대학교
2013,한양대학교(ERICA) _분교,공학계열,811,128,15.78,한양대학교(ERICA) _분교
2013,한양대학교(ERICA) _분교,예체능계열,233,12,5.15,한양대학교(ERICA) _분교
2013,한양대학교(ERICA) _분교,인문사회계열,626,23,3.67,한양대학교(ERICA) _분교
2013,한양대학교(ERICA) _분교,자연과학계열,541,119,22.0,한양대학교(ERICA) _분교
2013,한일장신대학교,예체능계열,39,4,10.26,한일장신대학교
2013,한일장신대학교,인문사회계열,217,29,13.36,한일장신대학교
2013,협성대학교,공학계열,97,4,4.12,협성대학교
2013,협성대학교,예체능계열,163,4,2.45,협성대학교
2013,협성대학교,의학계열,41,1,2.44,협성대학교
2013,협성대학교,인문사회계열,478,45,9.41,협성대학교
2013,협성대학교,자연과학계열,27,0,0.0,협성대학교
2013,호남대학교,공학계열,420,15,3.57,호남대학교
2013,호남대학교,예체능계열,149,2,1.34,호남대학교
2013,호남대학교,인문사회계열,736,18,2.45,호남대학교
2013,호남대학교,자연과학계열,116,5,4.31,호남대학교
2013,호남신학대학교,예체능계열,41,7,17.07,호남신학대학교
2013,호남신학대학교,인문사회계열,87,33,37.93,호남신학대학교
2013,호서대학교,공학계열,1068,70,6.55,호서대학교
2013,호서대학교,예체능계열,417,19,4.56,호서대학교
2013,호서대학교,인문사회계열,981,21,2.14,호서대학교
2013,호서대학교,자연과학계열,291,34,11.68,호서대학교
2013,호원대학교,공학계열,287,1,0.35,호원대학교
2013,호원대학교,예체능계열,53,2,3.77,호원대학교
2013,호원대학교,인문사회계열,405,11,2.72,호원대학교
2013,호원대학교,자연과학계열,60,1,1.67,호원대학교
2013,홍익대학교,공학계열,987,95,9.63,홍익대학교
2013,홍익대학교,예체능계열,417,49,11.75,홍익대학교
2013,홍익대학교,인문사회계열,804,40,4.98,홍익대학교
2013,홍익대학교,자연과학계열,196,26,13.27,홍익대학교
2013,화성의과학대학교,공학계열,7,0,0.0,화성의과학대학교
2013,화성의과학대학교,예체능계열,11,0,0.0,화성의과학대학교
2013,화성의과학대학교,인문사회계열,44,2,4.55,화성의과학대학교
2013,화성의과학대학교,자연과학계열,14,1,7.14,화성의과학대학교
2014,가천대학교,공학계열,1176,64,5.44,가천대학교
2014,가천대학교,예체능계열,368,24,6.52,가천대학교
2014,가천대학교,의학계열,28,0,0.0,가천대학교
2014,가천대학교,인문사회계열,1122,22,1.96,가천대학교
2014,가천대학교,자연과학계열,569,62,10.9,가천대학교
2014,가톨릭관동대학교,공학계열,310,17,5.48,가톨릭관동대학교
2014,가톨릭관동대학교,예체능계열,185,14,7.57,가톨릭관동대학교
2014,가톨릭관동대학교,의학계열,53,0,0.0,가톨릭관동대학교
2014,가톨릭관동대학교,인문사회계열,1111,62,5.58,가톨릭관동대학교
2014,가톨릭관동대학교,자연과학계열,94,12,12.77,가톨릭관동대학교
2014,가톨릭꽃동네대학교,공학계열,37,0,0.0,가톨릭꽃동네대학교
2014,가톨릭꽃동네대학교,인문사회계열,84,2,2.38,가톨릭꽃동네대학교
2014,가톨릭대학교,공학계열,170,9,5.29,가톨릭대학교
2014,가톨릭대학교,예체능계열,60,4,6.67,가톨릭대학교
2014,가톨릭대학교,인문사회계열,1003,58,5.78,가톨릭대학교
2014,가톨릭대학교,자연과학계열,349,64,18.34,가톨릭대학교
2014,가톨릭대학교 _제2캠퍼스,공학계열,96,0,0.0,가톨릭대학교 _제2캠퍼스
2014,가톨릭대학교 _제2캠퍼스,의학계열,70,0,0.0,가톨릭대학교 _제2캠퍼스
2014,가톨릭대학교 _제3캠퍼스,인문사회계열,62,31,50.0,가톨릭대학교 _제3캠퍼스
2014,감리교신학대학교,인문사회계열,189,74,39.15,감리교신학대학교
2014,강남대학교,공학계열,324,8,2.47,강남대학교
2014,강남대학교,예체능계열,188,5,2.66,강남대학교
2014,강남대학교,인문사회계열,944,13,1.38,강남대학교
2014,강남대학교,자연과학계열,47,3,6.38,강남대학교
2014,강서대학교,예체능계열,31,3,9.68,강서대학교
2014,강서대학교,인문사회계열,151,2,1.32,강서대학교
2014,강원대학교,공학계열,729,77,10.56,강원대학교
2014,강원대학교,예체능계열,162,20,12.35,강원대학교
2014,강원대학교,의학계열,27,1,3.7,강원대학교
2014,강원대학교,인문사회계열,1114,37,3.32,강원대학교
2014,강원대학교,자연과학계열,901,180,19.98,강원대학교
2014,강원대학교 _제2캠퍼스,공학계열,634,19,3.0,강원대학교 _제2캠퍼스
2014,강원대학교 _제2캠퍼스,예체능계열,64,3,4.69,강원대학교 _제2캠퍼스
2014,강원대학교 _제2캠퍼스,인문사회계열,299,5,1.67,강원대학교 _제2캠퍼스
2014,강원대학교 _제2캠퍼스,자연과학계열,241,18,7.47,강원대학교 _제2캠퍼스
2014,건국대학교,공학계열,923,99,10.73,건국대학교
2014,건국대학교,예체능계열,371,24,6.47,건국대학교
2014,건국대학교,의학계열,100,17,17.0,건국대학교
2014,건국대학교,인문사회계열,1486,43,2.89,건국대학교
2014,건국대학교,자연과학계열,764,155,20.29,건국대학교
2014,건국대학교(글로컬) _분교,공학계열,446,23,5.16,건국대학교(글로컬) _분교
2014,건국대학교(글로컬) _분교,예체능계열,178,12,6.74,건국대학교(글로컬) _분교
2014,건국대학교(글로컬) _분교,인문사회계열,701,19,2.71,건국대학교(글로컬) _분교
2014,건국대학교(글로컬) _분교,자연과학계열,355,62,17.46,건국대학교(글로컬) _분교
2014,건양대학교,공학계열,385,18,4.68,건양대학교
2014,건양대학교,예체능계열,119,1,0.84,건양대학교
2014,건양대학교,인문사회계열,439,6,1.37,건양대학교
2014,건양대학교,자연과학계열,296,20,6.76,건양대학교
2014,건양대학교 _제2캠퍼스,공학계열,134,5,3.73,건양대학교 _제2캠퍼스
2014,건양대학교 _제2캠퍼스,의학계열,55,0,0.0,건양대학교 _제2캠퍼스
2014,건양대학교 _제2캠퍼스,인문사회계열,94,2,2.13,건양대학교 _제2캠퍼스
2014,건양대학교 _제2캠퍼스,자연과학계열,174,18,10.34,건양대학교 _제2캠퍼스
2014,경기대학교,공학계열,605,25,4.13,경기대학교
2014,경기대학교,예체능계열,140,4,2.86,경기대학교
2014,경기대학교,인문사회계열,1153,32,2.78,경기대학교
2014,경기대학교,자연과학계열,415,52,12.53,경기대학교
2014,경기대학교 _제2캠퍼스,공학계열,22,2,9.09,경기대학교 _제2캠퍼스
2014,경기대학교 _제2캠퍼스,예체능계열,40,0,0.0,경기대학교 _제2캠퍼스
2014,경기대학교 _제2캠퍼스,인문사회계열,338,4,1.18,경기대학교 _제2캠퍼스
2014,경남대학교,공학계열,698,22,3.15,경남대학교
2014,경남대학교,예체능계열,270,5,1.85,경남대학교
2014,경남대학교,인문사회계열,1498,28,1.87,경남대학교
2014,경남대학교,자연과학계열,303,16,5.28,경남대학교
2014,경동대학교,공학계열,218,9,4.13,경동대학교
2014,경동대학교,예체능계열,48,2,4.17,경동대학교
2014,경동대학교,인문사회계열,275,6,2.18,경동대학교
2014,경동대학교,자연과학계열,51,1,1.96,경동대학교
2014,경북대학교,공학계열,1617,167,10.33,경북대학교
2014,경북대학교,예체능계열,168,20,11.9,경북대학교
2014,경북대학교,의학계열,63,2,3.17,경북대학교
2014,경북대학교,인문사회계열,1734,83,4.79,경북대학교
2014,경북대학교,자연과학계열,1353,253,18.7,경북대학교
2014,경상국립대학교,공학계열,982,78,7.94,경상국립대학교
2014,경상국립대학교,예체능계열,80,6,7.5,경상국립대학교
2014,경상국립대학교,의학계열,54,9,16.67,경상국립대학교
2014,경상국립대학교,인문사회계열,993,36,3.63,경상국립대학교
2014,경상국립대학교,자연과학계열,878,143,16.29,경상국립대학교
2014,경성대학교,공학계열,484,19,3.93,경성대학교
2014,경성대학교,예체능계열,429,36,8.39,경성대학교
2014,경성대학교,의학계열,27,1,3.7,경성대학교
2014,경성대학교,인문사회계열,1289,24,1.86,경성대학교
2014,경성대학교,자연과학계열,382,25,6.54,경성대학교
2014,경인교육대학교,공학계열,26,0,0.0,경인교육대학교
2014,경인교육대학교,예체능계열,82,0,0.0,경인교육대학교
2014,경인교육대학교,인문사회계열,202,1,0.5,경인교육대학교
2014,경인교육대학교,자연과학계열,61,1,1.64,경인교육대학교
2014,경일대학교,공학계열,519,18,3.47,경일대학교
2014,경일대학교,예체능계열,170,5,2.94,경일대학교
2014,경일대학교,인문사회계열,324,3,0.93,경일대학교
2014,경일대학교,자연과학계열,26,1,3.85,경일대학교
2014,경희대학교,공학계열,1471,151,10.27,경희대학교
2014,경희대학교,예체능계열,498,63,12.65,경희대학교
2014,경희대학교,의학계열,157,15,9.55,경희대학교
2014,경희대학교,인문사회계열,2162,124,5.74,경희대학교
2014,경희대학교,자연과학계열,1048,233,22.23,경희대학교
2014,계명대학교,공학계열,983,39,3.97,계명대학교
2014,계명대학교,예체능계열,833,78,9.36,계명대학교
2014,계명대학교,의학계열,74,0,0.0,계명대학교
2014,계명대학교,인문사회계열,2251,74,3.29,계명대학교
2014,계명대학교,자연과학계열,537,65,12.1,계명대학교
2014,고려대학교,공학계열,896,253,28.24,고려대학교
2014,고려대학교,예체능계열,100,4,4.0,고려대학교
2014,고려대학교,의학계열,60,1,1.67,고려대학교
2014,고려대학교,인문사회계열,1949,300,15.39,고려대학교
2014,고려대학교,자연과학계열,1066,417,39.12,고려대학교
2014,고려대학교(세종) _분교,공학계열,307,70,22.8,고려대학교(세종) _분교
2014,고려대학교(세종) _분교,예체능계열,134,5,3.73,고려대학교(세종) _분교
2014,고려대학교(세종) _분교,인문사회계열,603,36,5.97,고려대학교(세종) _분교
2014,고려대학교(세종) _분교,자연과학계열,206,70,33.98,고려대학교(세종) _분교
2014,고신대학교,공학계열,122,6,4.92,고신대학교
2014,고신대학교,예체능계열,128,7,5.47,고신대학교
2014,고신대학교,의학계열,65,0,0.0,고신대학교
2014,고신대학교,인문사회계열,380,38,10.0,고신대학교
2014,고신대학교,자연과학계열,79,4,5.06,고신대학교
2014,공주교육대학교,공학계열,26,0,0.0,공주교육대학교
2014,공주교육대학교,예체능계열,88,0,0.0,공주교육대학교
2014,공주교육대학교,인문사회계열,264,0,0.0,공주교육대학교
2014,공주교육대학교,자연과학계열,74,0,0.0,공주교육대학교
2014,광신대학교,예체능계열,18,7,38.89,광신대학교
2014,광신대학교,인문사회계열,90,12,13.33,광신대학교
2014,광운대학교,공학계열,864,114,13.19,광운대학교
2014,광운대학교,예체능계열,144,3,2.08,광운대학교
2014,광운대학교,인문사회계열,557,9,1.62,광운대학교
2014,광운대학교,자연과학계열,280,53,18.93,광운대학교
2014,광주가톨릭대학교,인문사회계열,15,8,53.33,광주가톨릭대학교
2014,광주과학기술원,공학계열,6,6,100.0,광주과학기술원
2014,광주과학기술원,자연과학계열,48,45,93.75,광주과학기술원
2014,광주교육대학교,공학계열,37,1,2.7,광주교육대학교
2014,광주교육대학교,예체능계열,106,3,2.83,광주교육대학교
2014,광주교육대학교,인문사회계열,224,8,3.57,광주교육대학교
2014,광주교육대학교,자연과학계열,66,3,4.55,광주교육대학교
2014,광주대학교,공학계열,217,7,3.23,광주대학교
2014,광주대학교,예체능계열,123,11,8.94,광주대학교
2014,광주대학교,의학계열,10,2,20.0,광주대학교
2014,광주대학교,인문사회계열,812,31,3.82,광주대학교
2014,광주대학교,자연과학계열,52,1,1.92,광주대학교
2014,광주여자대학교,공학계열,219,1,0.46,광주여자대학교
2014,광주여자대학교,예체능계열,94,3,3.19,광주여자대학교
2014,광주여자대학교,의학계열,24,1,4.17,광주여자대학교
2014,광주여자대학교,인문사회계열,376,5,1.33,광주여자대학교
2014,광주여자대학교,자연과학계열,257,5,1.95,광주여자대학교
2014,국립강릉원주대학교,공학계열,231,15,6.49,국립강릉원주대학교
2014,국립강릉원주대학교,예체능계열,109,6,5.5,국립강릉원주대학교
2014,국립강릉원주대학교,의학계열,38,0,0.0,국립강릉원주대학교
2014,국립강릉원주대학교,인문사회계열,558,11,1.97,국립강릉원주대학교
2014,국립강릉원주대학교,자연과학계열,397,54,13.6,국립강릉원주대학교
2014,국립강릉원주대학교 _제2캠퍼스,공학계열,300,7,2.33,국립강릉원주대학교 _제2캠퍼스
2014,국립강릉원주대학교 _제2캠퍼스,예체능계열,64,3,4.69,국립강릉원주대학교 _제2캠퍼스
2014,국립강릉원주대학교 _제2캠퍼스,인문사회계열,89,0,0.0,국립강릉원주대학교 _제2캠퍼스
2014,국립경국대학교,공학계열,423,27,6.38,국립경국대학교
2014,국립경국대학교,예체능계열,91,16,17.58,국립경국대학교
2014,국립경국대학교,의학계열,23,5,21.74,국립경국대학교
2014,국립경국대학교,인문사회계열,516,19,3.68,국립경국대학교
2014,국립경국대학교,자연과학계열,378,58,15.34,국립경국대학교
2014,국립공주대학교,공학계열,1006,74,7.36,국립공주대학교
2014,국립공주대학교,예체능계열,300,14,4.67,국립공주대학교
2014,국립공주대학교,인문사회계열,959,30,3.13,국립공주대학교
2014,국립공주대학교,자연과학계열,827,105,12.7,국립공주대학교
2014,국립군산대학교,공학계열,625,47,7.52,국립군산대학교
2014,국립군산대학교,예체능계열,101,13,12.87,국립군산대학교
2014,국립군산대학교,의학계열,35,3,8.57,국립군산대학교
2014,국립군산대학교,인문사회계열,494,8,1.62,국립군산대학교
2014,국립군산대학교,자연과학계열,397,45,11.34,국립군산대학교
2014,국립금오공과대학교,공학계열,952,107,11.24,국립금오공과대학교
2014,국립금오공과대학교,인문사회계열,52,0,0.0,국립금오공과대학교
2014,국립금오공과대학교,자연과학계열,206,38,18.45,국립금오공과대학교
2014,국립목포대학교,공학계열,595,27,4.54,국립목포대학교
2014,국립목포대학교,예체능계열,89,19,21.35,국립목포대학교
2014,국립목포대학교,인문사회계열,682,22,3.23,국립목포대학교
2014,국립목포대학교,자연과학계열,232,19,8.19,국립목포대학교
2014,국립목포해양대학교,공학계열,590,11,1.86,국립목포해양대학교
2014,국립부경대학교,공학계열,1632,132,8.09,국립부경대학교
2014,국립부경대학교,예체능계열,115,10,8.7,국립부경대학교
2014,국립부경대학교,의학계열,27,6,22.22,국립부경대학교
2014,국립부경대학교,인문사회계열,1236,30,2.43,국립부경대학교
2014,국립부경대학교,자연과학계열,824,135,16.38,국립부경대학교
2014,국립순천대학교,공학계열,355,20,5.63,국립순천대학교
2014,국립순천대학교,예체능계열,157,12,7.64,국립순천대학교
2014,국립순천대학교,의학계열,20,1,5.0,국립순천대학교
2014,국립순천대학교,인문사회계열,501,15,2.99,국립순천대학교
2014,국립순천대학교,자연과학계열,429,42,9.79,국립순천대학교
2014,국립창원대학교,공학계열,567,59,10.41,국립창원대학교
2014,국립창원대학교,예체능계열,98,11,11.22,국립창원대학교
2014,국립창원대학교,인문사회계열,660,7,1.06,국립창원대학교
2014,국립창원대학교,자연과학계열,254,42,16.54,국립창원대학교
2014,국립한국교통대학교,공학계열,578,49,8.48,국립한국교통대학교
2014,국립한국교통대학교,예체능계열,46,4,8.7,국립한국교통대학교
2014,국립한국교통대학교,인문사회계열,162,1,0.62,국립한국교통대학교
2014,국립한국교통대학교,자연과학계열,127,17,13.39,국립한국교통대학교
2014,국립한국해양대학교,공학계열,736,55,7.47,국립한국해양대학교
2014,국립한국해양대학교,예체능계열,77,6,7.79,국립한국해양대학교
2014,국립한국해양대학교,인문사회계열,344,9,2.62,국립한국해양대학교
2014,국립한국해양대학교,자연과학계열,172,33,19.19,국립한국해양대학교
2014,국민대학교,공학계열,733,100,13.64,국민대학교
2014,국민대학교,예체능계열,408,50,12.25,국민대학교
2014,국민대학교,인문사회계열,1451,62,4.27,국민대학교
2014,국민대학교,자연과학계열,490,94,19.18,국민대학교
2014,극동대학교,공학계열,212,5,2.36,극동대학교
2014,극동대학교,예체능계열,178,1,0.56,극동대학교
2014,극동대학교,인문사회계열,534,7,1.31,극동대학교
2014,극동대학교,자연과학계열,58,3,5.17,극동대학교
2014,금강대학교,인문사회계열,48,3,6.25,금강대학교
2014,김천대학교,공학계열,61,3,4.92,김천대학교
2014,김천대학교,예체능계열,20,1,5.0,김천대학교
2014,김천대학교,인문사회계열,158,3,1.9,김천대학교
2014,김천대학교,자연과학계열,253,1,0.4,김천대학교
2014,나사렛대학교,공학계열,99,2,2.02,나사렛대학교
2014,나사렛대학교,예체능계열,250,8,3.2,나사렛대학교
2014,나사렛대학교,인문사회계열,773,17,2.2,나사렛대학교
2014,나사렛대학교,자연과학계열,53,0,0.0,나사렛대학교
2014,남부대학교,공학계열,148,2,1.35,남부대학교
2014,남부대학교,예체능계열,135,10,7.41,남부대학교
2014,남부대학교,의학계열,19,0,0.0,남부대학교
2014,남부대학교,인문사회계열,256,6,2.34,남부대학교
2014,남부대학교,자연과학계열,149,13,8.72,남부대학교
2014,단국대학교,공학계열,459,68,14.81,단국대학교
2014,단국대학교,예체능계열,387,42,10.85,단국대학교
2014,단국대학교,인문사회계열,1165,72,6.18,단국대학교
2014,단국대학교,자연과학계열,401,85,21.2,단국대학교
2014,대구가톨릭대학교,공학계열,567,38,6.7,대구가톨릭대학교
2014,대구가톨릭대학교,예체능계열,297,35,11.78,대구가톨릭대학교
2014,대구가톨릭대학교,의학계열,51,0,0.0,대구가톨릭대학교
2014,대구가톨릭대학교,인문사회계열,1141,50,4.38,대구가톨릭대학교
2014,대구가톨릭대학교,자연과학계열,366,50,13.66,대구가톨릭대학교
2014,대구교육대학교,공학계열,29,0,0.0,대구교육대학교
2014,대구교육대학교,예체능계열,98,3,3.06,대구교육대학교
2014,대구교육대학교,인문사회계열,299,8,2.68,대구교육대학교
2014,대구교육대학교,자연과학계열,92,1,1.09,대구교육대학교
2014,대구대학교,공학계열,947,37,3.91,대구대학교
2014,대구대학교,예체능계열,295,29,9.83,대구대학교
2014,대구대학교,인문사회계열,1970,67,3.4,대구대학교
2014,대구대학교,자연과학계열,652,53,8.13,대구대학교
2014,대구예술대학교,공학계열,13,1,7.69,대구예술대학교
2014,대구예술대학교,예체능계열,186,9,4.84,대구예술대학교
2014,대구예술대학교,인문사회계열,11,1,9.09,대구예술대학교
2014,대구한의대학교,공학계열,245,20,8.16,대구한의대학교
2014,대구한의대학교,예체능계열,79,6,7.59,대구한의대학교
2014,대구한의대학교,의학계열,149,3,2.01,대구한의대학교
2014,대구한의대학교,인문사회계열,343,11,3.21,대구한의대학교
2014,대구한의대학교,자연과학계열,398,20,5.03,대구한의대학교
2014,대신대학교,예체능계열,23,2,8.7,대신대학교
2014,대신대학교,인문사회계열,76,7,9.21,대신대학교
2014,대전가톨릭대학교,인문사회계열,26,1,3.85,대전가톨릭대학교
2014,대전대학교,공학계열,492,33,6.71,대전대학교
2014,대전대학교,예체능계열,266,6,2.26,대전대학교
2014,대전대학교,의학계열,79,3,3.8,대전대학교
2014,대전대학교,인문사회계열,840,17,2.02,대전대학교
2014,대전대학교,자연과학계열,306,26,8.5,대전대학교
2014,대전신학대학교,인문사회계열,31,11,35.48,대전신학대학교
2014,대진대학교,공학계열,494,21,4.25,대진대학교
2014,대진대학교,예체능계열,197,12,6.09,대진대학교
2014,대진대학교,인문사회계열,725,22,3.03,대진대학교
2014,대진대학교,자연과학계열,223,16,7.17,대진대학교
2014,덕성여자대학교,공학계열,89,3,3.37,덕성여자대학교
2014,덕성여자대학교,예체능계열,138,15,10.87,덕성여자대학교
2014,덕성여자대학교,인문사회계열,894,46,5.15,덕성여자대학교
2014,덕성여자대학교,자연과학계열,300,27,9.0,덕성여자대학교
2014,동국대학교,공학계열,828,76,9.18,동국대학교
2014,동국대학교,예체능계열,235,58,24.68,동국대학교
2014,동국대학교,인문사회계열,1466,77,5.25,동국대학교
2014,동국대학교,자연과학계열,323,75,23.22,동국대학교
2014,동국대학교(WISE) _분교,공학계열,305,7,2.3,동국대학교(WISE) _분교
2014,동국대학교(WISE) _분교,예체능계열,192,23,11.98,동국대학교(WISE) _분교
2014,동국대학교(WISE) _분교,의학계열,100,0,0.0,동국대학교(WISE) _분교
2014,동국대학교(WISE) _분교,인문사회계열,999,41,4.1,동국대학교(WISE) _분교
2014,동국대학교(WISE) _분교,자연과학계열,226,35,15.49,동국대학교(WISE) _분교
2014,동덕여자대학교,공학계열,197,6,3.05,동덕여자대학교
2014,동덕여자대학교,예체능계열,530,39,7.36,동덕여자대학교
2014,동덕여자대학교,의학계열,49,0,0.0,동덕여자대학교
2014,동덕여자대학교,인문사회계열,736,21,2.85,동덕여자대학교
2014,동덕여자대학교,자연과학계열,110,18,16.36,동덕여자대학교
2014,동명대학교,공학계열,734,28,3.81,동명대학교
2014,동명대학교,예체능계열,218,4,1.83,동명대학교
2014,동명대학교,인문사회계열,476,19,3.99,동명대학교
2014,동명대학교,자연과학계열,24,0,0.0,동명대학교
2014,동서대학교,공학계열,558,31,5.56,동서대학교
2014,동서대학교,예체능계열,344,6,1.74,동서대학교
2014,동서대학교,인문사회계열,1047,15,1.43,동서대학교
2014,동서대학교,자연과학계열,224,11,4.91,동서대학교
2014,동신대학교,공학계열,388,9,2.32,동신대학교
2014,동신대학교,예체능계열,173,8,4.62,동신대학교
2014,동신대학교,의학계열,49,0,0.0,동신대학교
2014,동신대학교,인문사회계열,608,18,2.96,동신대학교
2014,동신대학교,자연과학계열,233,4,1.72,동신대학교
2014,동아대학교,공학계열,1243,68,5.47,동아대학교
2014,동아대학교,예체능계열,456,38,8.33,동아대학교
2014,동아대학교,의학계열,24,0,0.0,동아대학교
2014,동아대학교,인문사회계열,1696,42,2.48,동아대학교
2014,동아대학교,자연과학계열,794,116,14.61,동아대학교
2014,동양대학교,공학계열,459,4,0.87,동양대학교
2014,동양대학교,예체능계열,37,1,2.7,동양대학교
2014,동양대학교,인문사회계열,230,7,3.04,동양대학교
2014,동양대학교,자연과학계열,54,2,3.7,동양대학교
2014,동의대학교,공학계열,1178,26,2.21,동의대학교
2014,동의대학교,예체능계열,228,25,10.96,동의대학교
2014,동의대학교,의학계열,49,1,2.04,동의대학교
2014,동의대학교,인문사회계열,1383,25,1.81,동의대학교
2014,동의대학교,자연과학계열,488,26,5.33,동의대학교
2014,루터대학교,예체능계열,32,8,25.0,루터대학교
2014,루터대학교,인문사회계열,84,4,4.76,루터대학교
2014,명지대학교,공학계열,790,86,10.89,명지대학교
2014,명지대학교,예체능계열,275,19,6.91,명지대학교
2014,명지대학교,자연과학계열,394,73,18.53,명지대학교
2014,명지대학교 _제2캠퍼스,공학계열,102,4,3.92,명지대학교 _제2캠퍼스
2014,명지대학교 _제2캠퍼스,예체능계열,36,2,5.56,명지대학교 _제2캠퍼스
2014,명지대학교 _제2캠퍼스,인문사회계열,1437,62,4.31,명지대학교 _제2캠퍼스
2014,목원대학교,공학계열,401,25,6.23,목원대학교
2014,목원대학교,예체능계열,434,25,5.76,목원대학교
2014,목원대학교,인문사회계열,792,75,9.47,목원대학교
2014,목원대학교,자연과학계열,221,10,4.52,목원대학교
2014,목포가톨릭대학교,공학계열,103,0,0.0,목포가톨릭대학교
2014,목포가톨릭대학교,인문사회계열,36,0,0.0,목포가톨릭대학교
2014,배재대학교,공학계열,395,22,5.57,배재대학교
2014,배재대학교,예체능계열,150,22,14.67,배재대학교
2014,배재대학교,인문사회계열,1156,53,4.58,배재대학교
2014,배재대학교,자연과학계열,271,26,9.59,배재대학교
2014,백석대학교,공학계열,667,16,2.4,백석대학교
2014,백석대학교,예체능계열,574,16,2.79,백석대학교
2014,백석대학교,인문사회계열,1668,57,3.42,백석대학교
2014,백석대학교,자연과학계열,65,1,1.54,백석대학교
2014,부산가톨릭대학교,공학계열,181,4,2.21,부산가톨릭대학교
2014,부산가톨릭대학교,인문사회계열,310,6,1.94,부산가톨릭대학교
2014,부산가톨릭대학교,자연과학계열,355,10,2.82,부산가톨릭대학교
2014,부산교육대학교,공학계열,34,0,0.0,부산교육대학교
2014,부산교육대학교,예체능계열,100,0,0.0,부산교육대학교
2014,부산교육대학교,인문사회계열,278,0,0.0,부산교육대학교
2014,부산교육대학교,자연과학계열,66,1,1.52,부산교육대학교
2014,부산대학교,공학계열,1352,226,16.72,부산대학교
2014,부산대학교,예체능계열,278,38,13.67,부산대학교
2014,부산대학교,의학계열,1,0,0.0,부산대학교
2014,부산대학교,인문사회계열,1502,79,5.26,부산대학교
2014,부산대학교,자연과학계열,956,260,27.2,부산대학교
2014,부산외국어대학교,공학계열,76,6,7.89,부산외국어대학교
2014,부산외국어대학교,예체능계열,82,4,4.88,부산외국어대학교
2014,부산외국어대학교,인문사회계열,1343,28,2.08,부산외국어대학교
2014,부산외국어대학교,자연과학계열,28,1,3.57,부산외국어대학교
2014,부산장신대학교,인문사회계열,53,16,30.19,부산장신대학교
2014,삼육대학교,공학계열,247,3,1.21,삼육대학교
2014,삼육대학교,예체능계열,212,11,5.19,삼육대학교
2014,삼육대학교,인문사회계열,517,21,4.06,삼육대학교
2014,삼육대학교,자연과학계열,249,23,9.24,삼육대학교
2014,상명대학교,공학계열,125,8,6.4,상명대학교
2014,상명대학교,예체능계열,215,24,11.16,상명대학교
2014,상명대학교,인문사회계열,771,50,6.49,상명대학교
2014,상명대학교,자연과학계열,334,37,11.08,상명대학교
2014,상지대학교,공학계열,492,19,3.86,상지대학교
2014,상지대학교,예체능계열,121,8,6.61,상지대학교
2014,상지대학교,의학계열,61,0,0.0,상지대학교
2014,상지대학교,인문사회계열,575,13,2.26,상지대학교
2014,상지대학교,자연과학계열,284,21,7.39,상지대학교
2014,서강대학교,공학계열,287,116,40.42,서강대학교
2014,서강대학교,인문사회계열,1191,105,8.82,서강대학교
2014,서강대학교,자연과학계열,299,117,39.13,서강대학교
2014,서경대학교,공학계열,301,35,11.63,서경대학교
2014,서경대학교,예체능계열,296,21,7.09,서경대학교
2014,서경대학교,인문사회계열,509,5,0.98,서경대학교
2014,서경대학교,자연과학계열,153,29,18.95,서경대학교
2014,서울교육대학교,공학계열,26,0,0.0,서울교육대학교
2014,서울교육대학교,예체능계열,86,0,0.0,서울교육대학교
2014,서울교육대학교,인문사회계열,308,2,0.65,서울교육대학교
2014,서울교육대학교,자연과학계열,23,0,0.0,서울교육대학교
2014,서울기독대학교,공학계열,27,1,3.7,서울기독대학교
2014,서울기독대학교,예체능계열,23,6,26.09,서울기독대학교
2014,서울기독대학교,인문사회계열,60,7,11.67,서울기독대학교
2014,서울대학교,공학계열,780,308,39.49,서울대학교
2014,서울대학교,예체능계열,316,49,15.51,서울대학교
2014,서울대학교,의학계열,134,18,13.43,서울대학교
2014,서울대학교,인문사회계열,1378,381,27.65,서울대학교
2014,서울대학교,자연과학계열,916,466,50.87,서울대학교
2014,서울시립대학교,공학계열,528,97,18.37,서울시립대학교
2014,서울시립대학교,예체능계열,54,5,9.26,서울시립대학교
2014,서울시립대학교,인문사회계열,777,48,6.18,서울시립대학교
2014,서울시립대학교,자연과학계열,268,56,20.9,서울시립대학교
2014,서울신학대학교,예체능계열,90,7,7.78,서울신학대학교
2014,서울신학대학교,인문사회계열,376,67,17.82,서울신학대학교
2014,서울여자대학교,공학계열,265,44,16.6,서울여자대학교
2014,서울여자대학교,예체능계열,197,13,6.6,서울여자대학교
2014,서울여자대학교,인문사회계열,1069,66,6.17,서울여자대학교
2014,서울여자대학교,자연과학계열,273,39,14.29,서울여자대학교
2014,서울장신대학교,예체능계열,22,4,18.18,서울장신대학교
2014,서울장신대학교,인문사회계열,111,15,13.51,서울장신대학교
2014,서울한영대학교,예체능계열,13,1,7.69,서울한영대학교
2014,서울한영대학교,인문사회계열,107,7,6.54,서울한영대학교
2014,서원대학교,공학계열,196,8,4.08,서원대학교
2014,서원대학교,예체능계열,191,13,6.81,서원대학교
2014,서원대학교,인문사회계열,698,26,3.72,서원대학교
2014,서원대학교,자연과학계열,182,5,2.75,서원대학교
2014,선문대학교,공학계열,564,34,6.03,선문대학교
2014,선문대학교,예체능계열,97,2,2.06,선문대학교
2014,선문대학교,의학계열,26,1,3.85,선문대학교
2014,선문대학교,인문사회계열,869,12,1.38,선문대학교
2014,선문대학교,자연과학계열,210,18,8.57,선문대학교
2014,성결대학교,공학계열,127,3,2.36,성결대학교
2014,성결대학교,예체능계열,161,8,4.97,성결대학교
2014,성결대학교,인문사회계열,564,31,5.5,성결대학교
2014,성결대학교,자연과학계열,30,5,16.67,성결대학교
2014,성공회대학교,공학계열,118,4,3.39,성공회대학교
2014,성공회대학교,인문사회계열,362,16,4.42,성공회대학교
2014,성균관대학교,공학계열,891,178,19.98,성균관대학교
2014,성균관대학교,예체능계열,161,22,13.66,성균관대학교
2014,성균관대학교,의학계열,20,0,0.0,성균관대학교
2014,성균관대학교,인문사회계열,2050,213,10.39,성균관대학교
2014,성균관대학교,자연과학계열,931,287,30.83,성균관대학교
2014,성신여자대학교,공학계열,185,4,2.16,성신여자대학교
2014,성신여자대학교,예체능계열,315,39,12.38,성신여자대학교
2014,성신여자대학교,인문사회계열,1366,76,5.56,성신여자대학교
2014,성신여자대학교,자연과학계열,489,56,11.45,성신여자대학교
2014,세명대학교,공학계열,722,21,2.91,세명대학교
2014,세명대학교,예체능계열,176,7,3.98,세명대학교
2014,세명대학교,의학계열,44,0,0.0,세명대학교
2014,세명대학교,인문사회계열,619,12,1.94,세명대학교
2014,세명대학교,자연과학계열,190,16,8.42,세명대학교
2014,세종대학교,공학계열,848,119,14.03,세종대학교
2014,세종대학교,예체능계열,383,25,6.53,세종대학교
2014,세종대학교,인문사회계열,793,13,1.64,세종대학교
2014,세종대학교,자연과학계열,360,104,28.89,세종대학교
2014,세한대학교,공학계열,120,2,1.67,세한대학교
2014,세한대학교,예체능계열,233,23,9.87,세한대학교
2014,세한대학교,인문사회계열,404,11,2.72,세한대학교
2014,세한대학교,자연과학계열,55,4,7.27,세한대학교
2014,수원가톨릭대학교,인문사회계열,47,22,46.81,수원가톨릭대학교
2014,수원대학교,공학계열,750,20,2.67,수원대학교
2014,수원대학교,예체능계열,448,38,8.48,수원대학교
2014,수원대학교,인문사회계열,557,8,1.44,수원대학교
2014,수원대학교,자연과학계열,487,47,9.65,수원대학교
2014,숙명여자대학교,공학계열,251,18,7.17,숙명여자대학교
2014,숙명여자대학교,예체능계열,327,48,14.68,숙명여자대학교
2014,숙명여자대학교,인문사회계열,1092,89,8.15,숙명여자대학교
2014,숙명여자대학교,자연과학계열,377,71,18.83,숙명여자대학교
2014,순복음총회신학교,인문사회계열,77,31,40.26,순복음총회신학교
2014,순천향대학교,공학계열,581,53,9.12,순천향대학교
2014,순천향대학교,예체능계열,112,12,10.71,순천향대학교
2014,순천향대학교,의학계열,146,2,1.37,순천향대학교
2014,순천향대학교,인문사회계열,1103,14,1.27,순천향대학교
2014,순천향대학교,자연과학계열,536,61,11.38,순천향대학교
2014,숭실대학교,공학계열,1106,115,10.4,숭실대학교
2014,숭실대학교,예체능계열,40,1,2.5,숭실대학교
2014,숭실대학교,인문사회계열,1529,57,3.73,숭실대학교
2014,숭실대학교,자연과학계열,305,66,21.64,숭실대학교
2014,신경주대학교,공학계열,128,2,1.56,신경주대학교
2014,신경주대학교,예체능계열,31,0,0.0,신경주대학교
2014,신경주대학교,인문사회계열,514,7,1.36,신경주대학교
2014,신경주대학교,자연과학계열,37,1,2.7,신경주대학교
2014,신라대학교,공학계열,510,26,5.1,신라대학교
2014,신라대학교,예체능계열,234,19,8.12,신라대학교
2014,신라대학교,인문사회계열,1028,18,1.75,신라대학교
2014,신라대학교,자연과학계열,318,33,10.38,신라대학교
2014,아신대학교,인문사회계열,141,20,14.18,아신대학교
2014,아주대학교,공학계열,884,169,19.12,아주대학교
2014,아주대학교,의학계열,22,0,0.0,아주대학교
2014,아주대학교,인문사회계열,863,66,7.65,아주대학교
2014,아주대학교,자연과학계열,338,99,29.29,아주대학교
2014,안양대학교,공학계열,149,11,7.38,안양대학교
2014,안양대학교,예체능계열,94,17,18.09,안양대학교
2014,안양대학교,인문사회계열,432,17,3.94,안양대학교
2014,안양대학교,자연과학계열,150,19,12.67,안양대학교
2014,안양대학교 _제2캠퍼스,공학계열,25,2,8.0,안양대학교 _제2캠퍼스
2014,안양대학교 _제2캠퍼스,인문사회계열,34,1,2.94,안양대학교 _제2캠퍼스
2014,안양대학교 _제2캠퍼스,자연과학계열,26,3,11.54,안양대학교 _제2캠퍼스
2014,연세대학교,공학계열,872,262,30.05,연세대학교
2014,연세대학교,예체능계열,213,23,10.8,연세대학교
2014,연세대학교,의학계열,112,0,0.0,연세대학교
2014,연세대학교,인문사회계열,2126,330,15.52,연세대학교
2014,연세대학교,자연과학계열,773,344,44.5,연세대학교
2014,연세대학교(미래) _분교,공학계열,300,55,18.33,연세대학교(미래) _분교
2014,연세대학교(미래) _분교,예체능계열,37,7,18.92,연세대학교(미래) _분교
2014,연세대학교(미래) _분교,의학계열,98,0,0.0,연세대학교(미래) _분교
2014,연세대학교(미래) _분교,인문사회계열,526,44,8.37,연세대학교(미래) _분교
2014,연세대학교(미래) _분교,자연과학계열,437,98,22.43,연세대학교(미래) _분교
2014,영남대학교,공학계열,1417,91,6.42,영남대학교
2014,영남대학교,예체능계열,431,49,11.37,영남대학교
2014,영남대학교,의학계열,42,0,0.0,영남대학교
2014,영남대학교,인문사회계열,1916,69,3.6,영남대학교
2014,영남대학교,자연과학계열,958,139,14.51,영남대학교
2014,영남신학대학교,인문사회계열,126,50,39.68,영남신학대학교
2014,영산대학교,공학계열,86,0,0.0,영산대학교
2014,영산대학교,예체능계열,61,3,4.92,영산대학교
2014,영산대학교,인문사회계열,250,5,2.0,영산대학교
2014,영산대학교,자연과학계열,35,0,0.0,영산대학교
2014,영산대학교 _제2캠퍼스,공학계열,39,0,0.0,영산대학교 _제2캠퍼스
2014,영산대학교 _제2캠퍼스,예체능계열,77,1,1.3,영산대학교 _제2캠퍼스
2014,영산대학교 _제2캠퍼스,인문사회계열,289,3,1.04,영산대학교 _제2캠퍼스
2014,영산대학교 _제2캠퍼스,자연과학계열,191,11,5.76,영산대학교 _제2캠퍼스
2014,영산선학대학교,인문사회계열,6,4,66.67,영산선학대학교
2014,예수대학교,인문사회계열,29,1,3.45,예수대학교
2014,예수대학교,자연과학계열,119,0,0.0,예수대학교
2014,예원예술대학교,예체능계열,143,4,2.8,예원예술대학교
2014,예원예술대학교,인문사회계열,16,0,0.0,예원예술대학교
2014,예원예술대학교,자연과학계열,33,0,0.0,예원예술대학교
2014,용인대학교,공학계열,194,5,2.58,용인대학교
2014,용인대학교,예체능계열,667,19,2.85,용인대학교
2014,용인대학교,인문사회계열,184,3,1.63,용인대학교
2014,용인대학교,자연과학계열,172,9,5.23,용인대학교
2014,우석대학교,공학계열,277,10,3.61,우석대학교
2014,우석대학교,예체능계열,123,13,10.57,우석대학교
2014,우석대학교,의학계열,71,3,4.23,우석대학교
2014,우석대학교,인문사회계열,661,26,3.93,우석대학교
2014,우석대학교,자연과학계열,169,11,6.51,우석대학교
2014,우송대학교,공학계열,557,14,2.51,우송대학교
2014,우송대학교,예체능계열,175,1,0.57,우송대학교
2014,우송대학교,인문사회계열,748,8,1.07,우송대학교
2014,우송대학교,자연과학계열,216,11,5.09,우송대학교
2014,울산과학기술원,공학계열,47,41,87.23,울산과학기술원
2014,울산과학기술원,예체능계열,20,16,80.0,울산과학기술원
2014,울산과학기술원,인문사회계열,27,12,44.44,울산과학기술원
2014,울산과학기술원,자연과학계열,192,156,81.25,울산과학기술원
2014,울산대학교,공학계열,972,56,5.76,울산대학교
2014,울산대학교,예체능계열,289,14,4.84,울산대학교
2014,울산대학교,의학계열,35,0,0.0,울산대학교
2014,울산대학교,인문사회계열,1071,17,1.59,울산대학교
2014,울산대학교,자연과학계열,673,77,11.44,울산대학교
2014,원광대학교,공학계열,717,37,5.16,원광대학교
2014,원광대학교,예체능계열,432,34,7.87,원광대학교
2014,원광대학교,의학계열,247,0,0.0,원광대학교
2014,원광대학교,인문사회계열,1546,37,2.39,원광대학교
2014,원광대학교,자연과학계열,511,59,11.55,원광대학교
2014,위덕대학교,공학계열,205,11,5.37,위덕대학교
2014,위덕대학교,예체능계열,43,0,0.0,위덕대학교
2014,위덕대학교,인문사회계열,222,2,0.9,위덕대학교
2014,위덕대학교,자연과학계열,89,11,12.36,위덕대학교
2014,유원대학교,공학계열,130,1,0.77,유원대학교
2014,유원대학교,예체능계열,125,2,1.6,유원대학교
2014,유원대학교,인문사회계열,213,2,0.94,유원대학교
2014,유원대학교,자연과학계열,96,8,8.33,유원대학교
2014,을지대학교,공학계열,125,0,0.0,을지대학교
2014,을지대학교,의학계열,47,0,0.0,을지대학교
2014,을지대학교,인문사회계열,39,1,2.56,을지대학교
2014,을지대학교,자연과학계열,34,2,5.88,을지대학교
2014,을지대학교 _제2캠퍼스,공학계열,337,5,1.48,을지대학교 _제2캠퍼스
2014,을지대학교 _제2캠퍼스,예체능계열,33,1,3.03,을지대학교 _제2캠퍼스
2014,을지대학교 _제2캠퍼스,인문사회계열,186,3,1.61,을지대학교 _제2캠퍼스
2014,을지대학교 _제2캠퍼스,자연과학계열,434,13,3.0,을지대학교 _제2캠퍼스
2014,이화여자대학교,공학계열,316,90,28.48,이화여자대학교
2014,이화여자대학교,예체능계열,514,131,25.49,이화여자대학교
2014,이화여자대학교,의학계열,35,12,34.29,이화여자대학교
2014,이화여자대학교,인문사회계열,1768,308,17.42,이화여자대학교
2014,이화여자대학교,자연과학계열,542,174,32.1,이화여자대학교
2014,인제대학교,공학계열,587,60,10.22,인제대학교
2014,인제대학교,예체능계열,184,26,14.13,인제대학교
2014,인제대학교,인문사회계열,795,21,2.64,인제대학교
2014,인제대학교,자연과학계열,346,44,12.72,인제대학교
2014,인천가톨릭대학교,인문사회계열,27,24,88.89,인천가톨릭대학교
2014,인천대학교,공학계열,1264,70,5.54,인천대학교
2014,인천대학교,예체능계열,320,5,1.56,인천대학교
2014,인천대학교,인문사회계열,1144,22,1.92,인천대학교
2014,인천대학교,자연과학계열,252,43,17.06,인천대학교
2014,인하대학교,공학계열,1406,199,14.15,인하대학교
2014,인하대학교,예체능계열,94,7,7.45,인하대학교
2014,인하대학교,의학계열,4,0,0.0,인하대학교
2014,인하대학교,인문사회계열,1260,44,3.49,인하대학교
2014,인하대학교,자연과학계열,941,225,23.91,인하대학교
2014,장로회신학대학교,예체능계열,45,5,11.11,장로회신학대학교
2014,장로회신학대학교,인문사회계열,107,56,52.34,장로회신학대학교
2014,전남대학교,공학계열,592,50,8.45,전남대학교
2014,전남대학교,예체능계열,224,30,13.39,전남대학교
2014,전남대학교,의학계열,128,19,14.84,전남대학교
2014,전남대학교,인문사회계열,1307,67,5.13,전남대학교
2014,전남대학교,자연과학계열,1270,220,17.32,전남대학교
2014,전남대학교 _제2캠퍼스,공학계열,173,8,4.62,전남대학교 _제2캠퍼스
2014,전남대학교 _제2캠퍼스,의학계열,23,5,21.74,전남대학교 _제2캠퍼스
2014,전남대학교 _제2캠퍼스,인문사회계열,195,4,2.05,전남대학교 _제2캠퍼스
2014,전남대학교 _제2캠퍼스,자연과학계열,244,12,4.92,전남대학교 _제2캠퍼스
2014,전북대학교,공학계열,1165,114,9.79,전북대학교
2014,전북대학교,예체능계열,125,30,24.0,전북대학교
2014,전북대학교,의학계열,50,8,16.0,전북대학교
2014,전북대학교,인문사회계열,1348,74,5.49,전북대학교
2014,전북대학교,자연과학계열,1133,215,18.98,전북대학교
2014,전주교육대학교,공학계열,32,0,0.0,전주교육대학교
2014,전주교육대학교,예체능계열,94,1,1.06,전주교육대학교
2014,전주교육대학교,인문사회계열,198,2,1.01,전주교육대학교
2014,전주교육대학교,자연과학계열,60,0,0.0,전주교육대학교
2014,전주대학교,공학계열,396,16,4.04,전주대학교
2014,전주대학교,예체능계열,255,22,8.63,전주대학교
2014,전주대학교,의학계열,52,4,7.69,전주대학교
2014,전주대학교,인문사회계열,1051,34,3.24,전주대학교
2014,전주대학교,자연과학계열,285,12,4.21,전주대학교
2014,제주대학교,공학계열,405,12,2.96,제주대학교
2014,제주대학교,예체능계열,126,15,11.9,제주대학교
2014,제주대학교,의학계열,75,19,25.33,제주대학교
2014,제주대학교,인문사회계열,1023,19,1.86,제주대학교
2014,제주대학교,자연과학계열,390,46,11.79,제주대학교
2014,조선대학교,공학계열,1154,73,6.33,조선대학교
2014,조선대학교,예체능계열,541,65,12.01,조선대학교
2014,조선대학교,의학계열,15,0,0.0,조선대학교
2014,조선대학교,인문사회계열,1589,73,4.59,조선대학교
2014,조선대학교,자연과학계열,697,128,18.36,조선대학교
2014,중부대학교,공학계열,394,6,1.52,중부대학교
2014,중부대학교,예체능계열,308,12,3.9,중부대학교
2014,중부대학교,인문사회계열,626,10,1.6,중부대학교
2014,중부대학교,자연과학계열,246,17,6.91,중부대학교
2014,중앙대학교,공학계열,771,120,15.56,중앙대학교
2014,중앙대학교,예체능계열,108,2,1.85,중앙대학교
2014,중앙대학교,의학계열,49,0,0.0,중앙대학교
2014,중앙대학교,인문사회계열,1411,80,5.67,중앙대학교
2014,중앙대학교,자연과학계열,412,97,23.54,중앙대학교
2014,중앙승가대학교,인문사회계열,67,22,32.84,중앙승가대학교
2014,중원대학교,공학계열,16,2,12.5,중원대학교
2014,중원대학교,예체능계열,14,4,28.57,중원대학교
2014,중원대학교,의학계열,5,1,20.0,중원대학교
2014,중원대학교,인문사회계열,44,4,9.09,중원대학교
2014,중원대학교,자연과학계열,32,7,21.88,중원대학교
2014,진주교육대학교,공학계열,31,0,0.0,진주교육대학교
2014,진주교육대학교,예체능계열,90,0,0.0,진주교육대학교
2014,진주교육대학교,인문사회계열,215,1,0.47,진주교육대학교
2014,진주교육대학교,자연과학계열,73,0,0.0,진주교육대학교
2014,차의과학대학교,공학계열,88,1,1.14,차의과학대학교
2014,차의과학대학교,자연과학계열,23,10,43.48,차의과학대학교
2014,청운대학교,공학계열,199,1,0.5,청운대학교
2014,청운대학교,예체능계열,72,3,4.17,청운대학교
2014,청운대학교,인문사회계열,635,1,0.16,청운대학교
2014,청운대학교,자연과학계열,106,1,0.94,청운대학교
2014,청주교육대학교,공학계열,29,1,3.45,청주교육대학교
2014,청주교육대학교,예체능계열,88,1,1.14,청주교육대학교
2014,청주교육대학교,인문사회계열,208,3,1.44,청주교육대학교
2014,청주교육대학교,자연과학계열,64,0,0.0,청주교육대학교
2014,청주대학교,공학계열,631,37,5.86,청주대학교
2014,청주대학교,예체능계열,285,8,2.81,청주대학교
2014,청주대학교,인문사회계열,1780,26,1.46,청주대학교
2014,청주대학교,자연과학계열,385,45,11.69,청주대학교
2014,총신대학교,예체능계열,41,3,7.32,총신대학교
2014,총신대학교,인문사회계열,303,57,18.81,총신대학교
2014,추계예술대학교,예체능계열,247,20,8.1,추계예술대학교
2014,추계예술대학교,인문사회계열,24,1,4.17,추계예술대학교
2014,춘천교육대학교,공학계열,28,0,0.0,춘천교육대학교
2014,춘천교육대학교,예체능계열,128,3,2.34,춘천교육대학교
2014,춘천교육대학교,인문사회계열,221,0,0.0,춘천교육대학교
2014,춘천교육대학교,자연과학계열,49,0,0.0,춘천교육대학교
2014,충남대학교,공학계열,1181,172,14.56,충남대학교
2014,충남대학교,예체능계열,145,27,18.62,충남대학교
2014,충남대학교,의학계열,67,16,23.88,충남대학교
2014,충남대학교,인문사회계열,1275,48,3.76,충남대학교
2014,충남대학교,자연과학계열,999,252,25.23,충남대학교
2014,충북대학교,공학계열,1023,147,14.37,충북대학교
2014,충북대학교,예체능계열,123,20,16.26,충북대학교
2014,충북대학교,의학계열,86,20,23.26,충북대학교
2014,충북대학교,인문사회계열,1058,46,4.35,충북대학교
2014,충북대학교,자연과학계열,791,116,14.66,충북대학교
2014,칼빈대학교,예체능계열,7,2,28.57,칼빈대학교
2014,칼빈대학교,인문사회계열,96,11,11.46,칼빈대학교
2014,평택대학교,공학계열,105,4,3.81,평택대학교
2014,평택대학교,예체능계열,157,10,6.37,평택대학교
2014,평택대학교,인문사회계열,583,5,0.86,평택대학교
2014,평택대학교,자연과학계열,2,0,0.0,평택대학교
2014,포항공과대학교,공학계열,123,84,68.29,포항공과대학교
2014,포항공과대학교,자연과학계열,171,138,80.7,포항공과대학교
2014,한국과학기술원,공학계열,410,227,55.37,한국과학기술원
2014,한국과학기술원,인문사회계열,30,4,13.33,한국과학기술원
2014,한국과학기술원,자연과학계열,460,327,71.09,한국과학기술원
2014,한국교원대학교,공학계열,45,0,0.0,한국교원대학교
2014,한국교원대학교,예체능계열,59,3,5.08,한국교원대학교
2014,한국교원대학교,인문사회계열,335,3,0.9,한국교원대학교
2014,한국교원대학교,자연과학계열,98,3,3.06,한국교원대학교
2014,한국기술교육대학교,공학계열,670,50,7.46,한국기술교육대학교
2014,한국기술교육대학교,예체능계열,34,3,8.82,한국기술교육대학교
2014,한국기술교육대학교,자연과학계열,57,14,24.56,한국기술교육대학교
2014,한국성서대학교,공학계열,8,1,12.5,한국성서대학교
2014,한국성서대학교,인문사회계열,145,17,11.72,한국성서대학교
2014,한국성서대학교,자연과학계열,20,0,0.0,한국성서대학교
2014,한국예술종합학교,공학계열,7,0,0.0,한국예술종합학교
2014,한국예술종합학교,예체능계열,381,56,14.7,한국예술종합학교
2014,한국예술종합학교,인문사회계열,31,3,9.68,한국예술종합학교
2014,한국외국어대학교,공학계열,76,8,10.53,한국외국어대학교
2014,한국외국어대학교,인문사회계열,1638,138,8.42,한국외국어대학교
2014,한국체육대학교,예체능계열,534,30,5.62,한국체육대학교
2014,한국체육대학교,자연과학계열,37,4,10.81,한국체육대학교
2014,한국침례신학대학교,예체능계열,50,10,20.0,한국침례신학대학교
2014,한국침례신학대학교,인문사회계열,303,53,17.49,한국침례신학대학교
2014,한국항공대학교,공학계열,721,98,13.59,한국항공대학교
2014,한국항공대학교,인문사회계열,148,7,4.73,한국항공대학교
2014,한국항공대학교,자연과학계열,57,9,15.79,한국항공대학교
2014,한남대학교,공학계열,470,23,4.89,한남대학교
2014,한남대학교,예체능계열,228,19,8.33,한남대학교
2014,한남대학교,인문사회계열,1255,39,3.11,한남대학교
2014,한남대학교,자연과학계열,419,87,20.76,한남대학교
2014,한동대학교,공학계열,297,40,13.47,한동대학교
2014,한동대학교,인문사회계열,346,50,14.45,한동대학교
2014,한동대학교,자연과학계열,122,33,27.05,한동대학교
2014,한라대학교,공학계열,319,12,3.76,한라대학교
2014,한라대학교,예체능계열,54,0,0.0,한라대학교
2014,한라대학교,인문사회계열,370,4,1.08,한라대학교
2014,한라대학교,자연과학계열,19,2,10.53,한라대학교
2014,한림대학교,공학계열,251,27,10.76,한림대학교
2014,한림대학교,예체능계열,121,5,4.13,한림대학교
2014,한림대학교,의학계열,69,0,0.0,한림대학교
2014,한림대학교,인문사회계열,991,49,4.94,한림대학교
2014,한림대학교,자연과학계열,445,66,14.83,한림대학교
2014,한서대학교,공학계열,587,21,3.58,한서대학교
2014,한서대학교,예체능계열,171,6,3.51,한서대학교
2014,한서대학교,인문사회계열,516,15,2.91,한서대학교
2014,한서대학교,자연과학계열,341,11,3.23,한서대학교
2014,한성대학교,공학계열,288,4,1.39,한성대학교
2014,한성대학교,예체능계열,261,14,5.36,한성대학교
2014,한성대학교,인문사회계열,455,4,0.88,한성대학교
2014,한성대학교,자연과학계열,78,1,1.28,한성대학교
2014,한세대학교,공학계열,136,1,0.74,한세대학교
2014,한세대학교,예체능계열,114,8,7.02,한세대학교
2014,한세대학교,인문사회계열,287,14,4.88,한세대학교
2014,한신대학교,공학계열,180,5,2.78,한신대학교
2014,한신대학교,예체능계열,43,3,6.98,한신대학교
2014,한신대학교,인문사회계열,750,58,7.73,한신대학교
2014,한신대학교,자연과학계열,69,10,14.49,한신대학교
2014,한양대학교,공학계열,1309,284,21.7,한양대학교
2014,한양대학교,예체능계열,263,22,8.37,한양대학교
2014,한양대학교,의학계열,63,0,0.0,한양대학교
2014,한양대학교,인문사회계열,1377,91,6.61,한양대학교
2014,한양대학교,자연과학계열,712,174,24.44,한양대학교
2014,한양대학교(ERICA) _분교,공학계열,791,111,14.03,한양대학교(ERICA) _분교
2014,한양대학교(ERICA) _분교,예체능계열,278,10,3.6,한양대학교(ERICA) _분교
2014,한양대학교(ERICA) _분교,인문사회계열,597,22,3.69,한양대학교(ERICA) _분교
2014,한양대학교(ERICA) _분교,자연과학계열,550,82,14.91,한양대학교(ERICA) _분교
2014,한일장신대학교,예체능계열,47,8,17.02,한일장신대학교
2014,한일장신대학교,인문사회계열,184,27,14.67,한일장신대학교
2014,협성대학교,공학계열,78,4,5.13,협성대학교
2014,협성대학교,예체능계열,173,8,4.62,협성대학교
2014,협성대학교,의학계열,44,1,2.27,협성대학교
2014,협성대학교,인문사회계열,590,44,7.46,협성대학교
2014,협성대학교,자연과학계열,33,0,0.0,협성대학교
2014,호남대학교,공학계열,452,10,2.21,호남대학교
2014,호남대학교,예체능계열,169,14,8.28,호남대학교
2014,호남대학교,인문사회계열,759,10,1.32,호남대학교
2014,호남대학교,자연과학계열,166,11,6.63,호남대학교
2014,호남신학대학교,예체능계열,32,6,18.75,호남신학대학교
2014,호남신학대학교,인문사회계열,64,28,43.75,호남신학대학교
2014,호서대학교,공학계열,1068,66,6.18,호서대학교
2014,호서대학교,예체능계열,360,9,2.5,호서대학교
2014,호서대학교,인문사회계열,838,23,2.74,호서대학교
2014,호서대학교,자연과학계열,346,34,9.83,호서대학교
2014,호원대학교,공학계열,315,2,0.63,호원대학교
2014,호원대학교,예체능계열,84,1,1.19,호원대학교
2014,호원대학교,인문사회계열,350,5,1.43,호원대학교
2014,호원대학교,자연과학계열,89,3,3.37,호원대학교
2014,홍익대학교,공학계열,879,97,11.04,홍익대학교
2014,홍익대학교,예체능계열,368,40,10.87,홍익대학교
2014,홍익대학교,인문사회계열,821,29,3.53,홍익대학교
2014,홍익대학교,자연과학계열,221,27,12.22,홍익대학교
2014,화성의과학대학교,공학계열,38,0,0.0,화성의과학대학교
2014,화성의과학대학교,예체능계열,18,1,5.56,화성의과학대학교
2014,화성의과학대학교,인문사회계열,68,2,2.94,화성의과학대학교
2014,화성의과학대학교,자연과학계열,17,2,11.76,화성의과학대학교
2015,가천대학교,공학계열,1343,51,3.8,가천대학교
2015,가천대학교,예체능계열,382,17,4.45,가천대학교
2015,가천대학교,의학계열,33,1,3.03,가천대학교
2015,가천대학교,인문사회계열,1443,25,1.73,가천대학교
2015,가천대학교,자연과학계열,723,82,11.34,가천대학교
2015,가톨릭관동대학교,공학계열,339,10,2.95,가톨릭관동대학교
2015,가톨릭관동대학교,예체능계열,187,15,8.02,가톨릭관동대학교
2015,가톨릭관동대학교,의학계열,46,0,0.0,가톨릭관동대학교
2015,가톨릭관동대학교,인문사회계열,1248,19,1.52,가톨릭관동대학교
2015,가톨릭관동대학교,자연과학계열,71,7,9.86,가톨릭관동대학교
2015,가톨릭꽃동네대학교,공학계열,46,0,0.0,가톨릭꽃동네대학교
2015,가톨릭꽃동네대학교,인문사회계열,69,0,0.0,가톨릭꽃동네대학교
2015,가톨릭대학교,공학계열,168,6,3.57,가톨릭대학교
2015,가톨릭대학교,예체능계열,40,3,7.5,가톨릭대학교
2015,가톨릭대학교,인문사회계열,959,71,7.4,가톨릭대학교
2015,가톨릭대학교,자연과학계열,363,69,19.01,가톨릭대학교
2015,가톨릭대학교 _제2캠퍼스,공학계열,105,0,0.0,가톨릭대학교 _제2캠퍼스
2015,가톨릭대학교 _제2캠퍼스,의학계열,10,0,0.0,가톨릭대학교 _제2캠퍼스
2015,가톨릭대학교 _제3캠퍼스,인문사회계열,66,26,39.39,가톨릭대학교 _제3캠퍼스
2015,감리교신학대학교,인문사회계열,234,96,41.03,감리교신학대학교
2015,강남대학교,공학계열,281,6,2.14,강남대학교
2015,강남대학교,예체능계열,172,3,1.74,강남대학교
2015,강남대학교,인문사회계열,1049,23,2.19,강남대학교
2015,강남대학교,자연과학계열,66,3,4.55,강남대학교
2015,강서대학교,예체능계열,40,1,2.5,강서대학교
2015,강서대학교,인문사회계열,176,4,2.27,강서대학교
2015,강원대학교,공학계열,809,103,12.73,강원대학교
2015,강원대학교,예체능계열,165,18,10.91,강원대학교
2015,강원대학교,의학계열,35,8,22.86,강원대학교
2015,강원대학교,인문사회계열,1172,39,3.33,강원대학교
2015,강원대학교,자연과학계열,1082,178,16.45,강원대학교
2015,강원대학교 _제2캠퍼스,공학계열,754,21,2.79,강원대학교 _제2캠퍼스
2015,강원대학교 _제2캠퍼스,예체능계열,71,1,1.41,강원대학교 _제2캠퍼스
2015,강원대학교 _제2캠퍼스,인문사회계열,286,4,1.4,강원대학교 _제2캠퍼스
2015,강원대학교 _제2캠퍼스,자연과학계열,332,17,5.12,강원대학교 _제2캠퍼스
2015,건국대학교,공학계열,1058,100,9.45,건국대학교
2015,건국대학교,예체능계열,303,18,5.94,건국대학교
2015,건국대학교,의학계열,68,17,25.0,건국대학교
2015,건국대학교,인문사회계열,1458,65,4.46,건국대학교
2015,건국대학교,자연과학계열,862,148,17.17,건국대학교
2015,건국대학교(글로컬) _분교,공학계열,552,21,3.8,건국대학교(글로컬) _분교
2015,건국대학교(글로컬) _분교,예체능계열,237,14,5.91,건국대학교(글로컬) _분교
2015,건국대학교(글로컬) _분교,인문사회계열,903,17,1.88,건국대학교(글로컬) _분교
2015,건국대학교(글로컬) _분교,자연과학계열,376,46,12.23,건국대학교(글로컬) _분교
2015,건양대학교,공학계열,260,14,5.38,건양대학교
2015,건양대학교,예체능계열,118,2,1.69,건양대학교
2015,건양대학교,인문사회계열,435,1,0.23,건양대학교
2015,건양대학교,자연과학계열,234,25,10.68,건양대학교
2015,건양대학교 _제2캠퍼스,공학계열,245,7,2.86,건양대학교 _제2캠퍼스
2015,건양대학교 _제2캠퍼스,예체능계열,45,0,0.0,건양대학교 _제2캠퍼스
2015,건양대학교 _제2캠퍼스,의학계열,52,0,0.0,건양대학교 _제2캠퍼스
2015,건양대학교 _제2캠퍼스,인문사회계열,103,3,2.91,건양대학교 _제2캠퍼스
2015,건양대학교 _제2캠퍼스,자연과학계열,225,19,8.44,건양대학교 _제2캠퍼스
2015,경기대학교,공학계열,576,19,3.3,경기대학교
2015,경기대학교,예체능계열,162,8,4.94,경기대학교
2015,경기대학교,인문사회계열,1215,14,1.15,경기대학교
2015,경기대학교,자연과학계열,492,45,9.15,경기대학교
2015,경기대학교 _제2캠퍼스,공학계열,8,0,0.0,경기대학교 _제2캠퍼스
2015,경기대학교 _제2캠퍼스,예체능계열,43,2,4.65,경기대학교 _제2캠퍼스
2015,경기대학교 _제2캠퍼스,인문사회계열,326,3,0.92,경기대학교 _제2캠퍼스
2015,경남과학기술대학교,공학계열,109,12,11.01,경상국립대학교
2015,경남과학기술대학교,예체능계열,15,0,0.0,경상국립대학교
2015,경남과학기술대학교,인문사회계열,36,1,2.78,경상국립대학교
2015,경남과학기술대학교,자연과학계열,124,17,13.71,경상국립대학교
2015,경남대학교,공학계열,787,28,3.56,경남대학교
2015,경남대학교,예체능계열,281,6,2.14,경남대학교
2015,경남대학교,인문사회계열,1708,46,2.69,경남대학교
2015,경남대학교,자연과학계열,302,16,5.3,경남대학교
2015,경동대학교,공학계열,232,3,1.29,경동대학교
2015,경동대학교,예체능계열,42,0,0.0,경동대학교
2015,경동대학교,인문사회계열,322,2,0.62,경동대학교
2015,경동대학교,자연과학계열,59,0,0.0,경동대학교
2015,경북대학교,공학계열,1717,165,9.61,경북대학교
2015,경북대학교,예체능계열,179,37,20.67,경북대학교
2015,경북대학교,의학계열,61,8,13.11,경북대학교
2015,경북대학교,인문사회계열,1804,83,4.6,경북대학교
2015,경북대학교,자연과학계열,1412,264,18.7,경북대학교
2015,경상국립대학교,공학계열,1063,95,8.94,경상국립대학교
2015,경상국립대학교,예체능계열,77,10,12.99,경상국립대학교
2015,경상국립대학교,의학계열,66,15,22.73,경상국립대학교
2015,경상국립대학교,인문사회계열,1089,49,4.5,경상국립대학교
2015,경상국립대학교,자연과학계열,985,132,13.4,경상국립대학교
2015,경성대학교,공학계열,620,15,2.42,경성대학교
2015,경성대학교,예체능계열,431,26,6.03,경성대학교
2015,경성대학교,의학계열,30,1,3.33,경성대학교
2015,경성대학교,인문사회계열,1439,23,1.6,경성대학교
2015,경성대학교,자연과학계열,504,22,4.37,경성대학교
2015,경일대학교,공학계열,493,13,2.64,경일대학교
2015,경일대학교,예체능계열,207,8,3.86,경일대학교
2015,경일대학교,인문사회계열,351,13,3.7,경일대학교
2015,경일대학교,자연과학계열,29,2,6.9,경일대학교
2015,경희대학교,공학계열,1501,164,10.93,경희대학교
2015,경희대학교,예체능계열,553,53,9.58,경희대학교
2015,경희대학교,의학계열,174,11,6.32,경희대학교
2015,경희대학교,인문사회계열,2125,89,4.19,경희대학교
2015,경희대학교,자연과학계열,1123,234,20.84,경희대학교
2015,계명대학교,공학계열,1129,44,3.9,계명대학교
2015,계명대학교,예체능계열,851,66,7.76,계명대학교
2015,계명대학교,의학계열,87,0,0.0,계명대학교
2015,계명대학교,인문사회계열,2250,76,3.38,계명대학교
2015,계명대학교,자연과학계열,584,57,9.76,계명대학교
2015,고려대학교,공학계열,926,249,26.89,고려대학교
2015,고려대학교,예체능계열,122,13,10.66,고려대학교
2015,고려대학교,의학계열,64,0,0.0,고려대학교
2015,고려대학교,인문사회계열,2067,307,14.85,고려대학교
2015,고려대학교,자연과학계열,1036,358,34.56,고려대학교
2015,고려대학교(세종) _분교,공학계열,315,58,18.41,고려대학교(세종) _분교
2015,고려대학교(세종) _분교,예체능계열,165,14,8.48,고려대학교(세종) _분교
2015,고려대학교(세종) _분교,인문사회계열,625,26,4.16,고려대학교(세종) _분교
2015,고려대학교(세종) _분교,자연과학계열,252,68,26.98,고려대학교(세종) _분교
2015,고신대학교,공학계열,128,3,2.34,고신대학교
2015,고신대학교,예체능계열,118,5,4.24,고신대학교
2015,고신대학교,의학계열,74,0,0.0,고신대학교
2015,고신대학교,인문사회계열,399,49,12.28,고신대학교
2015,고신대학교,자연과학계열,71,5,7.04,고신대학교
2015,공주교육대학교,공학계열,27,0,0.0,공주교육대학교
2015,공주교육대학교,예체능계열,85,0,0.0,공주교육대학교
2015,공주교육대학교,인문사회계열,248,2,0.81,공주교육대학교
2015,공주교육대학교,자연과학계열,98,0,0.0,공주교육대학교
2015,광신대학교,예체능계열,21,3,14.29,광신대학교
2015,광신대학교,인문사회계열,90,13,14.44,광신대학교
2015,광운대학교,공학계열,1171,94,8.03,광운대학교
2015,광운대학교,예체능계열,157,6,3.82,광운대학교
2015,광운대학교,인문사회계열,715,17,2.38,광운대학교
2015,광운대학교,자연과학계열,385,65,16.88,광운대학교
2015,광주가톨릭대학교,인문사회계열,19,10,52.63,광주가톨릭대학교
2015,광주과학기술원,공학계열,13,9,69.23,광주과학기술원
2015,광주과학기술원,자연과학계열,55,45,81.82,광주과학기술원
2015,광주교육대학교,공학계열,35,1,2.86,광주교육대학교
2015,광주교육대학교,예체능계열,99,1,1.01,광주교육대학교
2015,광주교육대학교,인문사회계열,208,3,1.44,광주교육대학교
2015,광주교육대학교,자연과학계열,71,0,0.0,광주교육대학교
2015,광주대학교,공학계열,264,6,2.27,광주대학교
2015,광주대학교,예체능계열,140,12,8.57,광주대학교
2015,광주대학교,의학계열,15,1,6.67,광주대학교
2015,광주대학교,인문사회계열,1055,42,3.98,광주대학교
2015,광주대학교,자연과학계열,77,2,2.6,광주대학교
2015,광주여자대학교,공학계열,189,1,0.53,광주여자대학교
2015,광주여자대학교,예체능계열,99,5,5.05,광주여자대학교
2015,광주여자대학교,의학계열,11,1,9.09,광주여자대학교
2015,광주여자대학교,인문사회계열,395,21,5.32,광주여자대학교
2015,광주여자대학교,자연과학계열,283,15,5.3,광주여자대학교
2015,국립강릉원주대학교,공학계열,256,18,7.03,국립강릉원주대학교
2015,국립강릉원주대학교,예체능계열,91,10,10.99,국립강릉원주대학교
2015,국립강릉원주대학교,의학계열,34,0,0.0,국립강릉원주대학교
2015,국립강릉원주대학교,인문사회계열,579,22,3.8,국립강릉원주대학교
2015,국립강릉원주대학교,자연과학계열,402,53,13.18,국립강릉원주대학교
2015,국립강릉원주대학교 _제2캠퍼스,공학계열,297,11,3.7,국립강릉원주대학교 _제2캠퍼스
2015,국립강릉원주대학교 _제2캠퍼스,예체능계열,70,4,5.71,국립강릉원주대학교 _제2캠퍼스
2015,국립강릉원주대학교 _제2캠퍼스,인문사회계열,86,2,2.33,국립강릉원주대학교 _제2캠퍼스
2015,국립경국대학교,공학계열,437,21,4.81,국립경국대학교
2015,국립경국대학교,예체능계열,90,14,15.56,국립경국대학교
2015,국립경국대학교,의학계열,27,5,18.52,국립경국대학교
2015,국립경국대학교,인문사회계열,557,18,3.23,국립경국대학교
2015,국립경국대학교,자연과학계열,436,54,12.39,국립경국대학교
2015,국립공주대학교,공학계열,1045,56,5.36,국립공주대학교
2015,국립공주대학교,예체능계열,267,19,7.12,국립공주대학교
2015,국립공주대학교,인문사회계열,885,22,2.49,국립공주대학교
2015,국립공주대학교,자연과학계열,811,108,13.32,국립공주대학교
2015,국립군산대학교,공학계열,585,40,6.84,국립군산대학교
2015,국립군산대학교,예체능계열,81,13,16.05,국립군산대학교
2015,국립군산대학교,의학계열,28,2,7.14,국립군산대학교
2015,국립군산대학교,인문사회계열,504,9,1.79,국립군산대학교
2015,국립군산대학교,자연과학계열,398,38,9.55,국립군산대학교
2015,국립금오공과대학교,공학계열,920,80,8.7,국립금오공과대학교
2015,국립금오공과대학교,예체능계열,36,10,27.78,국립금오공과대학교
2015,국립금오공과대학교,인문사회계열,44,1,2.27,국립금오공과대학교
2015,국립금오공과대학교,자연과학계열,233,30,12.88,국립금오공과대학교
2015,국립목포대학교,공학계열,580,37,6.38,국립목포대학교
2015,국립목포대학교,예체능계열,107,3,2.8,국립목포대학교
2015,국립목포대학교,인문사회계열,722,19,2.63,국립목포대학교
2015,국립목포대학교,자연과학계열,264,24,9.09,국립목포대학교
2015,국립목포해양대학교,공학계열,590,8,1.36,국립목포해양대학교
2015,국립목포해양대학교,자연과학계열,15,2,13.33,국립목포해양대학교
2015,국립부경대학교,공학계열,1480,109,7.36,국립부경대학교
2015,국립부경대학교,예체능계열,149,7,4.7,국립부경대학교
2015,국립부경대학교,의학계열,27,3,11.11,국립부경대학교
2015,국립부경대학교,인문사회계열,1206,30,2.49,국립부경대학교
2015,국립부경대학교,자연과학계열,869,122,14.04,국립부경대학교
2015,국립순천대학교,공학계열,414,21,5.07,국립순천대학교
2015,국립순천대학교,예체능계열,163,9,5.52,국립순천대학교
2015,국립순천대학교,의학계열,16,2,12.5,국립순천대학교
2015,국립순천대학교,인문사회계열,522,12,2.3,국립순천대학교
2015,국립순천대학교,자연과학계열,440,37,8.41,국립순천대학교
2015,국립창원대학교,공학계열,655,80,12.21,국립창원대학교
2015,국립창원대학교,예체능계열,134,19,14.18,국립창원대학교
2015,국립창원대학교,인문사회계열,718,7,0.97,국립창원대학교
2015,국립창원대학교,자연과학계열,252,40,15.87,국립창원대학교
2015,국립한국교통대학교,공학계열,717,25,3.49,국립한국교통대학교
2015,국립한국교통대학교,예체능계열,32,0,0.0,국립한국교통대학교
2015,국립한국교통대학교,인문사회계열,264,3,1.14,국립한국교통대학교
2015,국립한국교통대학교,자연과학계열,178,17,9.55,국립한국교통대학교
2015,국립한국해양대학교,공학계열,933,80,8.57,국립한국해양대학교
2015,국립한국해양대학교,예체능계열,17,2,11.76,국립한국해양대학교
2015,국립한국해양대학교,인문사회계열,407,8,1.97,국립한국해양대학교
2015,국립한국해양대학교,자연과학계열,127,18,14.17,국립한국해양대학교
2015,국민대학교,공학계열,795,108,13.58,국민대학교
2015,국민대학교,예체능계열,440,60,13.64,국민대학교
2015,국민대학교,인문사회계열,1449,67,4.62,국민대학교
2015,국민대학교,자연과학계열,525,103,19.62,국민대학교
2015,극동대학교,공학계열,243,2,0.82,극동대학교
2015,극동대학교,예체능계열,150,3,2.0,극동대학교
2015,극동대학교,인문사회계열,446,3,0.67,극동대학교
2015,극동대학교,자연과학계열,85,4,4.71,극동대학교
2015,금강대학교,인문사회계열,66,6,9.09,금강대학교
2015,김천대학교,공학계열,73,1,1.37,김천대학교
2015,김천대학교,예체능계열,49,3,6.12,김천대학교
2015,김천대학교,인문사회계열,164,8,4.88,김천대학교
2015,김천대학교,자연과학계열,292,2,0.68,김천대학교
2015,나사렛대학교,공학계열,138,2,1.45,나사렛대학교
2015,나사렛대학교,예체능계열,243,13,5.35,나사렛대학교
2015,나사렛대학교,인문사회계열,829,27,3.26,나사렛대학교
2015,나사렛대학교,자연과학계열,55,2,3.64,나사렛대학교
2015,남부대학교,공학계열,174,1,0.57,남부대학교
2015,남부대학교,예체능계열,89,7,7.87,남부대학교
2015,남부대학교,의학계열,22,0,0.0,남부대학교
2015,남부대학교,인문사회계열,196,4,2.04,남부대학교
2015,남부대학교,자연과학계열,207,5,2.42,남부대학교
2015,단국대학교,공학계열,546,61,11.17,단국대학교
2015,단국대학교,예체능계열,443,56,12.64,단국대학교
2015,단국대학교,인문사회계열,1426,53,3.72,단국대학교
2015,단국대학교,자연과학계열,404,74,18.32,단국대학교
2015,대구가톨릭대학교,공학계열,599,33,5.51,대구가톨릭대학교
2015,대구가톨릭대학교,예체능계열,293,28,9.56,대구가톨릭대학교
2015,대구가톨릭대학교,의학계열,47,0,0.0,대구가톨릭대학교
2015,대구가톨릭대학교,인문사회계열,1218,69,5.67,대구가톨릭대학교
2015,대구가톨릭대학교,자연과학계열,439,52,11.85,대구가톨릭대학교
2015,대구교육대학교,공학계열,26,0,0.0,대구교육대학교
2015,대구교육대학교,예체능계열,95,4,4.21,대구교육대학교
2015,대구교육대학교,인문사회계열,265,12,4.53,대구교육대학교
2015,대구교육대학교,자연과학계열,89,2,2.25,대구교육대학교
2015,대구대학교,공학계열,1087,47,4.32,대구대학교
2015,대구대학교,예체능계열,323,30,9.29,대구대학교
2015,대구대학교,인문사회계열,2158,66,3.06,대구대학교
2015,대구대학교,자연과학계열,743,46,6.19,대구대학교
2015,대구예술대학교,공학계열,12,0,0.0,대구예술대학교
2015,대구예술대학교,예체능계열,236,10,4.24,대구예술대학교
2015,대구예술대학교,인문사회계열,30,3,10.0,대구예술대학교
2015,대구예술대학교,자연과학계열,11,4,36.36,대구예술대학교
2015,대구한의대학교,공학계열,272,15,5.51,대구한의대학교
2015,대구한의대학교,예체능계열,74,2,2.7,대구한의대학교
2015,대구한의대학교,의학계열,134,3,2.24,대구한의대학교
2015,대구한의대학교,인문사회계열,370,16,4.32,대구한의대학교
2015,대구한의대학교,자연과학계열,482,25,5.19,대구한의대학교
2015,대신대학교,예체능계열,23,4,17.39,대신대학교
2015,대신대학교,인문사회계열,65,9,13.85,대신대학교
2015,대전가톨릭대학교,인문사회계열,13,10,76.92,대전가톨릭대학교
2015,대전대학교,공학계열,500,31,6.2,대전대학교
2015,대전대학교,예체능계열,286,4,1.4,대전대학교
2015,대전대학교,의학계열,74,2,2.7,대전대학교
2015,대전대학교,인문사회계열,928,17,1.83,대전대학교
2015,대전대학교,자연과학계열,365,31,8.49,대전대학교
2015,대전신학대학교,인문사회계열,52,9,17.31,대전신학대학교
2015,대진대학교,공학계열,445,23,5.17,대진대학교
2015,대진대학교,예체능계열,257,20,7.78,대진대학교
2015,대진대학교,인문사회계열,769,22,2.86,대진대학교
2015,대진대학교,자연과학계열,223,27,12.11,대진대학교
2015,덕성여자대학교,공학계열,86,4,4.65,덕성여자대학교
2015,덕성여자대학교,예체능계열,184,11,5.98,덕성여자대학교
2015,덕성여자대학교,인문사회계열,962,51,5.3,덕성여자대학교
2015,덕성여자대학교,자연과학계열,402,31,7.71,덕성여자대학교
2015,동국대학교,공학계열,858,65,7.58,동국대학교
2015,동국대학교,예체능계열,221,29,13.12,동국대학교
2015,동국대학교,인문사회계열,1451,99,6.82,동국대학교
2015,동국대학교,자연과학계열,392,87,22.19,동국대학교
2015,동국대학교(WISE) _분교,공학계열,288,9,3.12,동국대학교(WISE) _분교
2015,동국대학교(WISE) _분교,예체능계열,171,24,14.04,동국대학교(WISE) _분교
2015,동국대학교(WISE) _분교,의학계열,99,1,1.01,동국대학교(WISE) _분교
2015,동국대학교(WISE) _분교,인문사회계열,1104,33,2.99,동국대학교(WISE) _분교
2015,동국대학교(WISE) _분교,자연과학계열,236,34,14.41,동국대학교(WISE) _분교
2015,동덕여자대학교,공학계열,179,4,2.23,동덕여자대학교
2015,동덕여자대학교,예체능계열,500,53,10.6,동덕여자대학교
2015,동덕여자대학교,의학계열,54,7,12.96,동덕여자대학교
2015,동덕여자대학교,인문사회계열,751,39,5.19,동덕여자대학교
2015,동덕여자대학교,자연과학계열,177,22,12.43,동덕여자대학교
2015,동명대학교,공학계열,971,27,2.78,동명대학교
2015,동명대학교,예체능계열,185,5,2.7,동명대학교
2015,동명대학교,인문사회계열,592,16,2.7,동명대학교
2015,동명대학교,자연과학계열,50,5,10.0,동명대학교
2015,동서대학교,공학계열,527,12,2.28,동서대학교
2015,동서대학교,예체능계열,407,16,3.93,동서대학교
2015,동서대학교,인문사회계열,1127,15,1.33,동서대학교
2015,동서대학교,자연과학계열,245,9,3.67,동서대학교
2015,동신대학교,공학계열,340,16,4.71,동신대학교
2015,동신대학교,예체능계열,135,10,7.41,동신대학교
2015,동신대학교,의학계열,35,0,0.0,동신대학교
2015,동신대학교,인문사회계열,596,12,2.01,동신대학교
2015,동신대학교,자연과학계열,245,7,2.86,동신대학교
2015,동아대학교,공학계열,1374,59,4.29,동아대학교
2015,동아대학교,예체능계열,473,50,10.57,동아대학교
2015,동아대학교,의학계열,22,0,0.0,동아대학교
2015,동아대학교,인문사회계열,1776,45,2.53,동아대학교
2015,동아대학교,자연과학계열,901,132,14.65,동아대학교
2015,동양대학교,공학계열,566,4,0.71,동양대학교
2015,동양대학교,예체능계열,23,0,0.0,동양대학교
2015,동양대학교,인문사회계열,233,5,2.15,동양대학교
2015,동양대학교,자연과학계열,46,4,8.7,동양대학교
2015,동의대학교,공학계열,1640,38,2.32,동의대학교
2015,동의대학교,예체능계열,226,16,7.08,동의대학교
2015,동의대학교,의학계열,43,2,4.65,동의대학교
2015,동의대학교,인문사회계열,1571,18,1.15,동의대학교
2015,동의대학교,자연과학계열,519,29,5.59,동의대학교
2015,루터대학교,예체능계열,41,9,21.95,루터대학교
2015,루터대학교,인문사회계열,77,6,7.79,루터대학교
2015,명지대학교,공학계열,904,88,9.73,명지대학교
2015,명지대학교,예체능계열,320,36,11.25,명지대학교
2015,명지대학교,자연과학계열,435,70,16.09,명지대학교
2015,명지대학교 _제2캠퍼스,공학계열,101,6,5.94,명지대학교 _제2캠퍼스
2015,명지대학교 _제2캠퍼스,예체능계열,31,9,29.03,명지대학교 _제2캠퍼스
2015,명지대학교 _제2캠퍼스,인문사회계열,1536,40,2.6,명지대학교 _제2캠퍼스
2015,목원대학교,공학계열,429,13,3.03,목원대학교
2015,목원대학교,예체능계열,427,26,6.09,목원대학교
2015,목원대학교,인문사회계열,900,78,8.67,목원대학교
2015,목원대학교,자연과학계열,285,28,9.82,목원대학교
2015,목포가톨릭대학교,공학계열,106,0,0.0,목포가톨릭대학교
2015,목포가톨릭대학교,인문사회계열,38,0,0.0,목포가톨릭대학교
2015,배재대학교,공학계열,378,23,6.08,배재대학교
2015,배재대학교,예체능계열,144,23,15.97,배재대학교
2015,배재대학교,인문사회계열,1289,69,5.35,배재대학교
2015,배재대학교,자연과학계열,379,44,11.61,배재대학교
2015,백석대학교,공학계열,683,9,1.32,백석대학교
2015,백석대학교,예체능계열,533,18,3.38,백석대학교
2015,백석대학교,인문사회계열,1711,66,3.86,백석대학교
2015,백석대학교,자연과학계열,66,2,3.03,백석대학교
2015,부산가톨릭대학교,공학계열,243,6,2.47,부산가톨릭대학교
2015,부산가톨릭대학교,인문사회계열,329,11,3.34,부산가톨릭대학교
2015,부산가톨릭대학교,자연과학계열,358,20,5.59,부산가톨릭대학교
2015,부산교육대학교,공학계열,29,0,0.0,부산교육대학교
2015,부산교육대학교,예체능계열,95,0,0.0,부산교육대학교
2015,부산교육대학교,인문사회계열,244,1,0.41,부산교육대학교
2015,부산교육대학교,자연과학계열,67,1,1.49,부산교육대학교
2015,부산대학교,공학계열,1543,277,17.95,부산대학교
2015,부산대학교,예체능계열,315,42,13.33,부산대학교
2015,부산대학교,의학계열,2,0,0.0,부산대학교
2015,부산대학교,인문사회계열,1503,62,4.13,부산대학교
2015,부산대학교,자연과학계열,1110,248,22.34,부산대학교
2015,부산외국어대학교,공학계열,89,3,3.37,부산외국어대학교
2015,부산외국어대학교,예체능계열,76,5,6.58,부산외국어대학교
2015,부산외국어대학교,인문사회계열,1461,28,1.92,부산외국어대학교
2015,부산외국어대학교,자연과학계열,32,0,0.0,부산외국어대학교
2015,부산장신대학교,인문사회계열,71,20,28.17,부산장신대학교
2015,삼육대학교,공학계열,349,8,2.29,삼육대학교
2015,삼육대학교,예체능계열,228,7,3.07,삼육대학교
2015,삼육대학교,의학계열,27,0,0.0,삼육대학교
2015,삼육대학교,인문사회계열,496,20,4.03,삼육대학교
2015,삼육대학교,자연과학계열,293,36,12.29,삼육대학교
2015,상명대학교,공학계열,212,25,11.79,상명대학교
2015,상명대학교,예체능계열,217,28,12.9,상명대학교
2015,상명대학교,인문사회계열,625,22,3.52,상명대학교
2015,상명대학교,자연과학계열,322,40,12.42,상명대학교
2015,상지대학교,공학계열,538,23,4.28,상지대학교
2015,상지대학교,예체능계열,146,4,2.74,상지대학교
2015,상지대학교,의학계열,58,1,1.72,상지대학교
2015,상지대학교,인문사회계열,574,7,1.22,상지대학교
2015,상지대학교,자연과학계열,293,16,5.46,상지대학교
2015,서강대학교,공학계열,316,107,33.86,서강대학교
2015,서강대학교,인문사회계열,1284,124,9.66,서강대학교
2015,서강대학교,자연과학계열,281,100,35.59,서강대학교
2015,서경대학교,공학계열,351,25,7.12,서경대학교
2015,서경대학교,예체능계열,266,20,7.52,서경대학교
2015,서경대학교,인문사회계열,567,9,1.59,서경대학교
2015,서경대학교,자연과학계열,193,22,11.4,서경대학교
2015,서울교육대학교,공학계열,24,1,4.17,서울교육대학교
2015,서울교육대학교,예체능계열,80,0,0.0,서울교육대학교
2015,서울교육대학교,인문사회계열,278,2,0.72,서울교육대학교
2015,서울교육대학교,자연과학계열,27,1,3.7,서울교육대학교
2015,서울기독대학교,공학계열,32,3,9.38,서울기독대학교
2015,서울기독대학교,예체능계열,12,3,25.0,서울기독대학교
2015,서울기독대학교,인문사회계열,47,7,14.89,서울기독대학교
2015,서울대학교,공학계열,694,282,40.63,서울대학교
2015,서울대학교,예체능계열,291,46,15.81,서울대학교
2015,서울대학교,의학계열,140,16,11.43,서울대학교
2015,서울대학교,인문사회계열,1277,368,28.82,서울대학교
2015,서울대학교,자연과학계열,992,489,49.29,서울대학교
2015,서울시립대학교,공학계열,577,87,15.08,서울시립대학교
2015,서울시립대학교,예체능계열,80,8,10.0,서울시립대학교
2015,서울시립대학교,인문사회계열,895,43,4.8,서울시립대학교
2015,서울시립대학교,자연과학계열,322,67,20.81,서울시립대학교
2015,서울신학대학교,공학계열,10,0,0.0,서울신학대학교
2015,서울신학대학교,예체능계열,76,8,10.53,서울신학대학교
2015,서울신학대학교,인문사회계열,344,77,22.38,서울신학대학교
2015,서울여자대학교,공학계열,293,35,11.95,서울여자대학교
2015,서울여자대학교,예체능계열,220,12,5.45,서울여자대학교
2015,서울여자대학교,인문사회계열,1087,62,5.7,서울여자대학교
2015,서울여자대학교,자연과학계열,253,37,14.62,서울여자대학교
2015,서울장신대학교,예체능계열,21,1,4.76,서울장신대학교
2015,서울장신대학교,인문사회계열,80,15,18.75,서울장신대학교
2015,서울한영대학교,예체능계열,14,0,0.0,서울한영대학교
2015,서울한영대학교,인문사회계열,108,16,14.81,서울한영대학교
2015,서원대학교,공학계열,163,1,0.61,서원대학교
2015,서원대학교,예체능계열,210,15,7.14,서원대학교
2015,서원대학교,인문사회계열,865,15,1.73,서원대학교
2015,서원대학교,자연과학계열,182,3,1.65,서원대학교
2015,선문대학교,공학계열,689,36,5.22,선문대학교
2015,선문대학교,예체능계열,126,3,2.38,선문대학교
2015,선문대학교,의학계열,24,0,0.0,선문대학교
2015,선문대학교,인문사회계열,908,22,2.42,선문대학교
2015,선문대학교,자연과학계열,244,16,6.56,선문대학교
2015,성결대학교,공학계열,269,4,1.49,성결대학교
2015,성결대학교,예체능계열,127,9,7.09,성결대학교
2015,성결대학교,인문사회계열,540,48,8.89,성결대학교
2015,성결대학교,자연과학계열,33,0,0.0,성결대학교
2015,성공회대학교,공학계열,144,5,3.47,성공회대학교
2015,성공회대학교,인문사회계열,368,12,3.26,성공회대학교
2015,성균관대학교,공학계열,957,205,21.42,성균관대학교
2015,성균관대학교,예체능계열,180,16,8.89,성균관대학교
2015,성균관대학교,의학계열,16,0,0.0,성균관대학교
2015,성균관대학교,인문사회계열,2024,232,11.46,성균관대학교
2015,성균관대학교,자연과학계열,1016,303,29.82,성균관대학교
2015,성신여자대학교,공학계열,197,3,1.52,성신여자대학교
2015,성신여자대학교,예체능계열,370,61,16.49,성신여자대학교
2015,성신여자대학교,인문사회계열,1358,68,5.01,성신여자대학교
2015,성신여자대학교,자연과학계열,440,58,13.18,성신여자대학교
2015,세명대학교,공학계열,713,12,1.68,세명대학교
2015,세명대학교,예체능계열,147,3,2.04,세명대학교
2015,세명대학교,의학계열,46,0,0.0,세명대학교
2015,세명대학교,인문사회계열,652,9,1.38,세명대학교
2015,세명대학교,자연과학계열,185,6,3.24,세명대학교
2015,세종대학교,공학계열,823,112,13.61,세종대학교
2015,세종대학교,예체능계열,424,28,6.6,세종대학교
2015,세종대학교,인문사회계열,814,12,1.47,세종대학교
2015,세종대학교,자연과학계열,350,92,26.29,세종대학교
2015,세한대학교,공학계열,75,0,0.0,세한대학교
2015,세한대학교,예체능계열,202,23,11.39,세한대학교
2015,세한대학교,인문사회계열,362,6,1.66,세한대학교
2015,세한대학교,자연과학계열,77,1,1.3,세한대학교
2015,수원가톨릭대학교,인문사회계열,36,24,66.67,수원가톨릭대학교
2015,수원대학교,공학계열,815,14,1.72,수원대학교
2015,수원대학교,예체능계열,446,47,10.54,수원대학교
2015,수원대학교,인문사회계열,768,15,1.95,수원대학교
2015,수원대학교,자연과학계열,586,47,8.02,수원대학교
2015,숙명여자대학교,공학계열,300,27,9.0,숙명여자대학교
2015,숙명여자대학교,예체능계열,362,36,9.94,숙명여자대학교
2015,숙명여자대학교,인문사회계열,1211,87,7.18,숙명여자대학교
2015,숙명여자대학교,자연과학계열,527,100,18.98,숙명여자대학교
2015,순복음총회신학교,인문사회계열,21,10,47.62,순복음총회신학교
2015,순천향대학교,공학계열,594,47,7.91,순천향대학교
2015,순천향대학교,예체능계열,108,5,4.63,순천향대학교
2015,순천향대학교,의학계열,122,4,3.28,순천향대학교
2015,순천향대학교,인문사회계열,1214,29,2.39,순천향대학교
2015,순천향대학교,자연과학계열,619,100,16.16,순천향대학교
2015,숭실대학교,공학계열,1075,100,9.3,숭실대학교
2015,숭실대학교,예체능계열,37,0,0.0,숭실대학교
2015,숭실대학교,인문사회계열,1519,61,4.02,숭실대학교
2015,숭실대학교,자연과학계열,339,54,15.93,숭실대학교
2015,신경주대학교,공학계열,140,8,5.71,신경주대학교
2015,신경주대학교,예체능계열,37,2,5.41,신경주대학교
2015,신경주대학교,인문사회계열,539,4,0.74,신경주대학교
2015,신경주대학교,자연과학계열,32,0,0.0,신경주대학교
2015,신라대학교,공학계열,550,18,3.27,신라대학교
2015,신라대학교,예체능계열,270,28,10.37,신라대학교
2015,신라대학교,인문사회계열,1104,11,1.0,신라대학교
2015,신라대학교,자연과학계열,321,25,7.79,신라대학교
2015,아신대학교,인문사회계열,134,37,27.61,아신대학교
2015,아주대학교,공학계열,898,173,19.27,아주대학교
2015,아주대학교,의학계열,23,0,0.0,아주대학교
2015,아주대학교,인문사회계열,939,51,5.43,아주대학교
2015,아주대학교,자연과학계열,329,89,27.05,아주대학교
2015,안양대학교,공학계열,153,8,5.23,안양대학교
2015,안양대학교,예체능계열,99,9,9.09,안양대학교
2015,안양대학교,인문사회계열,534,19,3.56,안양대학교
2015,안양대학교,자연과학계열,169,6,3.55,안양대학교
2015,안양대학교 _제2캠퍼스,공학계열,17,0,0.0,안양대학교 _제2캠퍼스
2015,안양대학교 _제2캠퍼스,인문사회계열,59,0,0.0,안양대학교 _제2캠퍼스
2015,안양대학교 _제2캠퍼스,자연과학계열,31,2,6.45,안양대학교 _제2캠퍼스
2015,연세대학교,공학계열,911,294,32.27,연세대학교
2015,연세대학교,예체능계열,250,25,10.0,연세대학교
2015,연세대학교,의학계열,91,0,0.0,연세대학교
2015,연세대학교,인문사회계열,2177,263,12.08,연세대학교
2015,연세대학교,자연과학계열,788,305,38.71,연세대학교
2015,연세대학교(미래) _분교,공학계열,330,63,19.09,연세대학교(미래) _분교
2015,연세대학교(미래) _분교,예체능계열,62,5,8.06,연세대학교(미래) _분교
2015,연세대학교(미래) _분교,의학계열,105,0,0.0,연세대학교(미래) _분교
2015,연세대학교(미래) _분교,인문사회계열,653,53,8.12,연세대학교(미래) _분교
2015,연세대학교(미래) _분교,자연과학계열,469,103,21.96,연세대학교(미래) _분교
2015,영남대학교,공학계열,1614,100,6.2,영남대학교
2015,영남대학교,예체능계열,520,49,9.42,영남대학교
2015,영남대학교,의학계열,44,0,0.0,영남대학교
2015,영남대학교,인문사회계열,1987,74,3.72,영남대학교
2015,영남대학교,자연과학계열,1077,171,15.88,영남대학교
2015,영남신학대학교,인문사회계열,115,40,34.78,영남신학대학교
2015,영산대학교,공학계열,123,5,4.07,영산대학교
2015,영산대학교,예체능계열,61,3,4.92,영산대학교
2015,영산대학교,인문사회계열,391,2,0.51,영산대학교
2015,영산대학교,자연과학계열,49,0,0.0,영산대학교
2015,영산대학교 _제2캠퍼스,공학계열,56,0,0.0,영산대학교 _제2캠퍼스
2015,영산대학교 _제2캠퍼스,예체능계열,81,0,0.0,영산대학교 _제2캠퍼스
2015,영산대학교 _제2캠퍼스,인문사회계열,388,8,2.06,영산대학교 _제2캠퍼스
2015,영산대학교 _제2캠퍼스,자연과학계열,194,6,3.09,영산대학교 _제2캠퍼스
2015,영산선학대학교,인문사회계열,12,10,83.33,영산선학대학교
2015,예수대학교,인문사회계열,20,0,0.0,예수대학교
2015,예수대학교,자연과학계열,138,0,0.0,예수대학교
2015,예원예술대학교,예체능계열,85,5,5.88,예원예술대학교
2015,예원예술대학교,인문사회계열,27,3,11.11,예원예술대학교
2015,용인대학교,공학계열,220,6,2.73,용인대학교
2015,용인대학교,예체능계열,716,24,3.35,용인대학교
2015,용인대학교,인문사회계열,269,7,2.6,용인대학교
2015,용인대학교,자연과학계열,185,9,4.86,용인대학교
2015,우석대학교,공학계열,455,11,2.42,우석대학교
2015,우석대학교,예체능계열,220,11,5.0,우석대학교
2015,우석대학교,의학계열,89,2,2.25,우석대학교
2015,우석대학교,인문사회계열,816,5,0.61,우석대학교
2015,우석대학교,자연과학계열,241,23,9.54,우석대학교
2015,우송대학교,공학계열,637,7,1.1,우송대학교
2015,우송대학교,예체능계열,164,4,2.44,우송대학교
2015,우송대학교,인문사회계열,789,16,2.03,우송대학교
2015,우송대학교,자연과학계열,274,6,2.19,우송대학교
2015,울산과학기술원,공학계열,104,72,69.23,울산과학기술원
2015,울산과학기술원,예체능계열,15,10,66.67,울산과학기술원
2015,울산과학기술원,인문사회계열,54,12,22.22,울산과학기술원
2015,울산과학기술원,자연과학계열,147,116,78.91,울산과학기술원
2015,울산대학교,공학계열,1014,64,6.31,울산대학교
2015,울산대학교,예체능계열,282,22,7.8,울산대학교
2015,울산대학교,의학계열,39,0,0.0,울산대학교
2015,울산대학교,인문사회계열,1073,10,0.93,울산대학교
2015,울산대학교,자연과학계열,682,68,9.97,울산대학교
2015,원광대학교,공학계열,710,17,2.39,원광대학교
2015,원광대학교,예체능계열,526,35,6.65,원광대학교
2015,원광대학교,의학계열,239,3,1.26,원광대학교
2015,원광대학교,인문사회계열,1537,35,2.28,원광대학교
2015,원광대학교,자연과학계열,595,48,8.07,원광대학교
2015,위덕대학교,공학계열,209,6,2.87,위덕대학교
2015,위덕대학교,예체능계열,36,0,0.0,위덕대학교
2015,위덕대학교,인문사회계열,219,5,2.28,위덕대학교
2015,위덕대학교,자연과학계열,105,5,4.76,위덕대학교
2015,유원대학교,공학계열,164,4,2.44,유원대학교
2015,유원대학교,예체능계열,149,2,1.34,유원대학교
2015,유원대학교,인문사회계열,224,4,1.79,유원대학교
2015,유원대학교,자연과학계열,116,4,3.45,유원대학교
2015,을지대학교,공학계열,109,0,0.0,을지대학교
2015,을지대학교,의학계열,38,0,0.0,을지대학교
2015,을지대학교,인문사회계열,23,0,0.0,을지대학교
2015,을지대학교,자연과학계열,37,3,8.11,을지대학교
2015,을지대학교 _제2캠퍼스,공학계열,379,8,2.11,을지대학교 _제2캠퍼스
2015,을지대학교 _제2캠퍼스,예체능계열,27,1,3.7,을지대학교 _제2캠퍼스
2015,을지대학교 _제2캠퍼스,인문사회계열,196,6,3.06,을지대학교 _제2캠퍼스
2015,을지대학교 _제2캠퍼스,자연과학계열,434,14,3.23,을지대학교 _제2캠퍼스
2015,이화여자대학교,공학계열,315,87,27.62,이화여자대학교
2015,이화여자대학교,예체능계열,560,143,25.54,이화여자대학교
2015,이화여자대학교,의학계열,30,2,6.67,이화여자대학교
2015,이화여자대학교,인문사회계열,1722,310,18.0,이화여자대학교
2015,이화여자대학교,자연과학계열,695,199,28.63,이화여자대학교
2015,인제대학교,공학계열,594,59,9.93,인제대학교
2015,인제대학교,예체능계열,215,33,15.35,인제대학교
2015,인제대학교,인문사회계열,960,25,2.6,인제대학교
2015,인제대학교,자연과학계열,362,38,10.5,인제대학교
2015,인천가톨릭대학교,인문사회계열,21,17,80.95,인천가톨릭대학교
2015,인천대학교,공학계열,1103,49,4.44,인천대학교
2015,인천대학교,예체능계열,246,18,7.32,인천대학교
2015,인천대학교,인문사회계열,987,20,2.03,인천대학교
2015,인천대학교,자연과학계열,235,55,23.4,인천대학교
2015,인하대학교,공학계열,1492,164,10.99,인하대학교
2015,인하대학교,예체능계열,109,3,2.75,인하대학교
2015,인하대학교,인문사회계열,1321,45,3.41,인하대학교
2015,인하대학교,자연과학계열,1010,221,21.88,인하대학교
2015,장로회신학대학교,예체능계열,47,8,17.02,장로회신학대학교
2015,장로회신학대학교,인문사회계열,130,58,44.62,장로회신학대학교
2015,전남대학교,공학계열,611,55,9.0,전남대학교
2015,전남대학교,예체능계열,240,29,12.08,전남대학교
2015,전남대학교,의학계열,124,5,4.03,전남대학교
2015,전남대학교,인문사회계열,1454,72,4.95,전남대학교
2015,전남대학교,자연과학계열,1260,181,14.37,전남대학교
2015,전남대학교 _제2캠퍼스,공학계열,195,11,5.64,전남대학교 _제2캠퍼스
2015,전남대학교 _제2캠퍼스,의학계열,28,6,21.43,전남대학교 _제2캠퍼스
2015,전남대학교 _제2캠퍼스,인문사회계열,228,3,1.32,전남대학교 _제2캠퍼스
2015,전남대학교 _제2캠퍼스,자연과학계열,209,27,12.92,전남대학교 _제2캠퍼스
2015,전북대학교,공학계열,1282,123,9.59,전북대학교
2015,전북대학교,예체능계열,132,25,18.94,전북대학교
2015,전북대학교,의학계열,54,15,27.78,전북대학교
2015,전북대학교,인문사회계열,1463,69,4.72,전북대학교
2015,전북대학교,자연과학계열,1203,185,15.38,전북대학교
2015,전주교육대학교,공학계열,26,0,0.0,전주교육대학교
2015,전주교육대학교,예체능계열,87,0,0.0,전주교육대학교
2015,전주교육대학교,인문사회계열,169,0,0.0,전주교육대학교
2015,전주교육대학교,자연과학계열,64,0,0.0,전주교육대학교
2015,전주대학교,공학계열,453,7,1.55,전주대학교
2015,전주대학교,예체능계열,171,15,8.77,전주대학교
2015,전주대학교,의학계열,52,2,3.85,전주대학교
2015,전주대학교,인문사회계열,1204,63,5.23,전주대학교
2015,전주대학교,자연과학계열,380,15,3.95,전주대학교
2015,제주대학교,공학계열,456,16,3.51,제주대학교
2015,제주대학교,예체능계열,116,10,8.62,제주대학교
2015,제주대학교,의학계열,66,11,16.67,제주대학교
2015,제주대학교,인문사회계열,1094,18,1.65,제주대학교
2015,제주대학교,자연과학계열,424,51,12.03,제주대학교
2015,조선대학교,공학계열,1474,98,6.65,조선대학교
2015,조선대학교,예체능계열,568,69,12.15,조선대학교
2015,조선대학교,의학계열,8,0,0.0,조선대학교
2015,조선대학교,인문사회계열,1841,72,3.91,조선대학교
2015,조선대학교,자연과학계열,960,114,11.88,조선대학교
2015,중부대학교,공학계열,387,8,2.07,중부대학교
2015,중부대학교,예체능계열,301,11,3.65,중부대학교
2015,중부대학교,인문사회계열,672,4,0.6,중부대학교
2015,중부대학교,자연과학계열,235,20,8.51,중부대학교
2015,중앙대학교,공학계열,843,119,14.12,중앙대학교
2015,중앙대학교,예체능계열,88,4,4.55,중앙대학교
2015,중앙대학교,의학계열,49,0,0.0,중앙대학교
2015,중앙대학교,인문사회계열,1540,78,5.06,중앙대학교
2015,중앙대학교,자연과학계열,550,109,19.82,중앙대학교
2015,중앙승가대학교,인문사회계열,74,24,32.43,중앙승가대학교
2015,중원대학교,공학계열,71,12,16.9,중원대학교
2015,중원대학교,예체능계열,29,3,10.34,중원대학교
2015,중원대학교,의학계열,4,1,25.0,중원대학교
2015,중원대학교,인문사회계열,91,7,7.69,중원대학교
2015,중원대학교,자연과학계열,43,12,27.91,중원대학교
2015,진주교육대학교,공학계열,30,0,0.0,진주교육대학교
2015,진주교육대학교,예체능계열,99,0,0.0,진주교육대학교
2015,진주교육대학교,인문사회계열,203,1,0.49,진주교육대학교
2015,진주교육대학교,자연과학계열,71,0,0.0,진주교육대학교
2015,차의과학대학교,공학계열,117,5,4.27,차의과학대학교
2015,차의과학대학교,자연과학계열,78,36,46.15,차의과학대학교
2015,청운대학교,공학계열,304,8,2.63,청운대학교
2015,청운대학교,예체능계열,84,4,4.76,청운대학교
2015,청운대학교,인문사회계열,808,7,0.87,청운대학교
2015,청운대학교,자연과학계열,106,3,2.83,청운대학교
2015,청주교육대학교,공학계열,23,0,0.0,청주교육대학교
2015,청주교육대학교,예체능계열,77,0,0.0,청주교육대학교
2015,청주교육대학교,인문사회계열,184,0,0.0,청주교육대학교
2015,청주교육대학교,자연과학계열,59,0,0.0,청주교육대학교
2015,청주대학교,공학계열,685,30,4.38,청주대학교
2015,청주대학교,예체능계열,286,5,1.75,청주대학교
2015,청주대학교,인문사회계열,1655,26,1.57,청주대학교
2015,청주대학교,자연과학계열,380,35,9.21,청주대학교
2015,총신대학교,예체능계열,42,6,14.29,총신대학교
2015,총신대학교,인문사회계열,288,59,20.49,총신대학교
2015,추계예술대학교,예체능계열,270,16,5.93,추계예술대학교
2015,추계예술대학교,인문사회계열,29,3,10.34,추계예술대학교
2015,춘천교육대학교,공학계열,28,0,0.0,춘천교육대학교
2015,춘천교육대학교,예체능계열,84,0,0.0,춘천교육대학교
2015,춘천교육대학교,인문사회계열,202,1,0.5,춘천교육대학교
2015,춘천교육대학교,자연과학계열,78,0,0.0,춘천교육대학교
2015,충남대학교,공학계열,1260,197,15.63,충남대학교
2015,충남대학교,예체능계열,157,24,15.29,충남대학교
2015,충남대학교,의학계열,48,6,12.5,충남대학교
2015,충남대학교,인문사회계열,1331,62,4.66,충남대학교
2015,충남대학교,자연과학계열,1108,270,24.37,충남대학교
2015,충북대학교,공학계열,1018,153,15.03,충북대학교
2015,충북대학교,예체능계열,118,23,19.49,충북대학교
2015,충북대학교,의학계열,117,21,17.95,충북대학교
2015,충북대학교,인문사회계열,1065,34,3.19,충북대학교
2015,충북대학교,자연과학계열,973,162,16.65,충북대학교
2015,칼빈대학교,예체능계열,13,2,15.38,칼빈대학교
2015,칼빈대학교,인문사회계열,95,15,15.79,칼빈대학교
2015,평택대학교,공학계열,123,1,0.81,평택대학교
2015,평택대학교,예체능계열,134,9,6.72,평택대학교
2015,평택대학교,인문사회계열,639,8,1.25,평택대학교
2015,평택대학교,자연과학계열,1,0,0.0,평택대학교
2015,포항공과대학교,공학계열,126,82,65.08,포항공과대학교
2015,포항공과대학교,자연과학계열,140,101,72.14,포항공과대학교
2015,한국과학기술원,공학계열,435,249,57.24,한국과학기술원
2015,한국과학기술원,인문사회계열,20,1,5.0,한국과학기술원
2015,한국과학기술원,자연과학계열,460,282,61.3,한국과학기술원
2015,한국교원대학교,공학계열,68,3,4.41,한국교원대학교
2015,한국교원대학교,예체능계열,60,1,1.67,한국교원대학교
2015,한국교원대학교,인문사회계열,343,2,0.58,한국교원대학교
2015,한국교원대학교,자연과학계열,127,2,1.57,한국교원대학교
2015,한국기술교육대학교,공학계열,637,46,7.22,한국기술교육대학교
2015,한국기술교육대학교,예체능계열,35,0,0.0,한국기술교육대학교
2015,한국기술교육대학교,자연과학계열,92,21,22.83,한국기술교육대학교
2015,한국성서대학교,공학계열,41,3,7.32,한국성서대학교
2015,한국성서대학교,인문사회계열,151,28,18.54,한국성서대학교
2015,한국성서대학교,자연과학계열,37,0,0.0,한국성서대학교
2015,한국예술종합학교,공학계열,12,1,8.33,한국예술종합학교
2015,한국예술종합학교,예체능계열,403,50,12.41,한국예술종합학교
2015,한국예술종합학교,인문사회계열,16,1,6.25,한국예술종합학교
2015,한국외국어대학교,공학계열,419,26,6.21,한국외국어대학교
2015,한국외국어대학교,인문사회계열,3184,209,6.56,한국외국어대학교
2015,한국외국어대학교,자연과학계열,246,42,17.07,한국외국어대학교
2015,한국체육대학교,예체능계열,515,30,5.83,한국체육대학교
2015,한국체육대학교,인문사회계열,30,2,6.67,한국체육대학교
2015,한국체육대학교,자연과학계열,10,0,0.0,한국체육대학교
2015,한국침례신학대학교,예체능계열,51,8,15.69,한국침례신학대학교
2015,한국침례신학대학교,인문사회계열,266,47,17.67,한국침례신학대학교
2015,한국항공대학교,공학계열,708,87,12.29,한국항공대학교
2015,한국항공대학교,인문사회계열,156,3,1.92,한국항공대학교
2015,한국항공대학교,자연과학계열,72,10,13.89,한국항공대학교
2015,한남대학교,공학계열,558,31,5.56,한남대학교
2015,한남대학교,예체능계열,270,23,8.52,한남대학교
2015,한남대학교,인문사회계열,1615,58,3.59,한남대학교
2015,한남대학교,자연과학계열,441,84,19.05,한남대학교
2015,한동대학교,공학계열,322,66,20.5,한동대학교
2015,한동대학교,인문사회계열,389,41,10.54,한동대학교
2015,한동대학교,자연과학계열,113,32,28.32,한동대학교
2015,한라대학교,공학계열,295,15,5.08,한라대학교
2015,한라대학교,예체능계열,45,2,4.44,한라대학교
2015,한라대학교,인문사회계열,381,4,1.05,한라대학교
2015,한라대학교,자연과학계열,20,2,10.0,한라대학교
2015,한림대학교,공학계열,244,23,9.43,한림대학교
2015,한림대학교,예체능계열,135,7,5.19,한림대학교
2015,한림대학교,의학계열,68,0,0.0,한림대학교
2015,한림대학교,인문사회계열,1024,50,4.88,한림대학교
2015,한림대학교,자연과학계열,470,86,18.3,한림대학교
2015,한서대학교,공학계열,633,27,4.27,한서대학교
2015,한서대학교,예체능계열,182,3,1.65,한서대학교
2015,한서대학교,인문사회계열,604,27,4.47,한서대학교
2015,한서대학교,자연과학계열,385,16,4.16,한서대학교
2015,한성대학교,공학계열,313,3,0.96,한성대학교
2015,한성대학교,예체능계열,275,9,3.27,한성대학교
2015,한성대학교,인문사회계열,421,6,1.43,한성대학교
2015,한성대학교,자연과학계열,67,2,2.99,한성대학교
2015,한세대학교,공학계열,142,5,3.52,한세대학교
2015,한세대학교,예체능계열,128,12,9.38,한세대학교
2015,한세대학교,인문사회계열,322,24,7.45,한세대학교
2015,한신대학교,공학계열,154,8,5.19,한신대학교
2015,한신대학교,예체능계열,33,2,6.06,한신대학교
2015,한신대학교,인문사회계열,852,53,6.22,한신대학교
2015,한신대학교,자연과학계열,89,9,10.11,한신대학교
2015,한양대학교,공학계열,1187,272,22.91,한양대학교
2015,한양대학교,예체능계열,260,40,15.38,한양대학교
2015,한양대학교,의학계열,52,0,0.0,한양대학교
2015,한양대학교,인문사회계열,1278,142,11.11,한양대학교
2015,한양대학교,자연과학계열,732,230,31.42,한양대학교
2015,한양대학교(ERICA) _분교,공학계열,748,138,18.45,한양대학교(ERICA) _분교
2015,한양대학교(ERICA) _분교,예체능계열,248,30,12.1,한양대학교(ERICA) _분교
2015,한양대학교(ERICA) _분교,인문사회계열,582,22,3.78,한양대학교(ERICA) _분교
2015,한양대학교(ERICA) _분교,자연과학계열,537,123,22.91,한양대학교(ERICA) _분교
2015,한일장신대학교,예체능계열,40,0,0.0,한일장신대학교
2015,한일장신대학교,인문사회계열,156,0,0.0,한일장신대학교
2015,협성대학교,공학계열,98,3,3.06,협성대학교
2015,협성대학교,예체능계열,223,9,4.04,협성대학교
2015,협성대학교,의학계열,39,0,0.0,협성대학교
2015,협성대학교,인문사회계열,615,44,7.15,협성대학교
2015,협성대학교,자연과학계열,36,3,8.33,협성대학교
2015,호남대학교,공학계열,450,8,1.78,호남대학교
2015,호남대학교,예체능계열,171,12,7.02,호남대학교
2015,호남대학교,인문사회계열,687,11,1.6,호남대학교
2015,호남대학교,자연과학계열,165,5,3.03,호남대학교
2015,호남신학대학교,예체능계열,42,1,2.38,호남신학대학교
2015,호남신학대학교,인문사회계열,84,31,36.9,호남신학대학교
2015,호서대학교,공학계열,1239,79,6.38,호서대학교
2015,호서대학교,예체능계열,371,18,4.85,호서대학교
2015,호서대학교,인문사회계열,875,21,2.4,호서대학교
2015,호서대학교,자연과학계열,336,43,12.8,호서대학교
2015,호원대학교,공학계열,363,3,0.83,호원대학교
2015,호원대학교,예체능계열,119,6,5.04,호원대학교
2015,호원대학교,인문사회계열,359,8,2.23,호원대학교
2015,호원대학교,자연과학계열,100,0,0.0,호원대학교
2015,홍익대학교,공학계열,1039,134,12.9,홍익대학교
2015,홍익대학교,예체능계열,377,43,11.41,홍익대학교
2015,홍익대학교,인문사회계열,1003,37,3.69,홍익대학교
2015,홍익대학교,자연과학계열,222,35,15.77,홍익대학교
2015,화성의과학대학교,공학계열,43,0,0.0,화성의과학대학교
2015,화성의과학대학교,예체능계열,14,1,7.14,화성의과학대학교
2015,화성의과학대학교,인문사회계열,76,3,3.95,화성의과학대학교
2015,화성의과학대학교,자연과학계열,11,5,45.45,화성의과학대학교
2016,가천대학교,공학계열,1296,62,4.78,가천대학교
2016,가천대학교,예체능계열,469,28,5.97,가천대학교
2016,가천대학교,의학계열,27,0,0.0,가천대학교
2016,가천대학교,인문사회계열,1492,36,2.41,가천대학교
2016,가천대학교,자연과학계열,816,92,11.27,가천대학교
2016,가톨릭관동대학교,공학계열,359,13,3.62,가톨릭관동대학교
2016,가톨릭관동대학교,예체능계열,198,18,9.09,가톨릭관동대학교
2016,가톨릭관동대학교,의학계열,53,0,0.0,가톨릭관동대학교
2016,가톨릭관동대학교,인문사회계열,1256,29,2.31,가톨릭관동대학교
2016,가톨릭관동대학교,자연과학계열,97,2,2.06,가톨릭관동대학교
2016,가톨릭꽃동네대학교,공학계열,50,0,0.0,가톨릭꽃동네대학교
2016,가톨릭꽃동네대학교,인문사회계열,90,0,0.0,가톨릭꽃동네대학교
2016,가톨릭대학교,공학계열,186,7,3.76,가톨릭대학교
2016,가톨릭대학교,예체능계열,44,0,0.0,가톨릭대학교
2016,가톨릭대학교,인문사회계열,1065,66,6.2,가톨릭대학교
2016,가톨릭대학교,자연과학계열,375,62,16.53,가톨릭대학교
2016,가톨릭대학교 _제2캠퍼스,공학계열,103,0,0.0,가톨릭대학교 _제2캠퍼스
2016,가톨릭대학교 _제2캠퍼스,의학계열,4,0,0.0,가톨릭대학교 _제2캠퍼스
2016,가톨릭대학교 _제3캠퍼스,인문사회계열,39,19,48.72,가톨릭대학교 _제3캠퍼스
2016,감리교신학대학교,인문사회계열,219,96,43.84,감리교신학대학교
2016,강남대학교,공학계열,284,8,2.82,강남대학교
2016,강남대학교,예체능계열,180,5,2.78,강남대학교
2016,강남대학교,인문사회계열,1071,11,1.03,강남대학교
2016,강남대학교,자연과학계열,64,1,1.56,강남대학교
2016,강서대학교,예체능계열,28,0,0.0,강서대학교
2016,강서대학교,인문사회계열,205,14,6.83,강서대학교
2016,강원대학교,공학계열,827,81,9.79,강원대학교
2016,강원대학교,예체능계열,158,19,12.03,강원대학교
2016,강원대학교,의학계열,40,7,17.5,강원대학교
2016,강원대학교,인문사회계열,1225,35,2.86,강원대학교
2016,강원대학교,자연과학계열,1115,207,18.57,강원대학교
2016,강원대학교 _제2캠퍼스,공학계열,739,18,2.44,강원대학교 _제2캠퍼스
2016,강원대학교 _제2캠퍼스,예체능계열,74,3,4.05,강원대학교 _제2캠퍼스
2016,강원대학교 _제2캠퍼스,인문사회계열,303,2,0.66,강원대학교 _제2캠퍼스
2016,강원대학교 _제2캠퍼스,자연과학계열,318,20,6.29,강원대학교 _제2캠퍼스
2016,건국대학교,공학계열,1074,92,8.57,건국대학교
2016,건국대학교,예체능계열,264,10,3.79,건국대학교
2016,건국대학교,의학계열,89,17,19.1,건국대학교
2016,건국대학교,인문사회계열,1422,42,2.95,건국대학교
2016,건국대학교,자연과학계열,960,143,14.9,건국대학교
2016,건국대학교(글로컬) _분교,공학계열,561,19,3.39,건국대학교(글로컬) _분교
2016,건국대학교(글로컬) _분교,예체능계열,221,4,1.81,건국대학교(글로컬) _분교
2016,건국대학교(글로컬) _분교,의학계열,1,0,0.0,건국대학교(글로컬) _분교
2016,건국대학교(글로컬) _분교,인문사회계열,896,18,2.01,건국대학교(글로컬) _분교
2016,건국대학교(글로컬) _분교,자연과학계열,402,74,18.41,건국대학교(글로컬) _분교
2016,건양대학교,공학계열,266,10,3.76,건양대학교
2016,건양대학교,예체능계열,128,5,3.91,건양대학교
2016,건양대학교,인문사회계열,479,3,0.63,건양대학교
2016,건양대학교,자연과학계열,254,26,10.24,건양대학교
2016,건양대학교 _제2캠퍼스,공학계열,286,6,2.1,건양대학교 _제2캠퍼스
2016,건양대학교 _제2캠퍼스,예체능계열,17,0,0.0,건양대학교 _제2캠퍼스
2016,건양대학교 _제2캠퍼스,의학계열,60,0,0.0,건양대학교 _제2캠퍼스
2016,건양대학교 _제2캠퍼스,인문사회계열,106,1,0.94,건양대학교 _제2캠퍼스
2016,건양대학교 _제2캠퍼스,자연과학계열,214,25,11.68,건양대학교 _제2캠퍼스
2016,경기대학교,공학계열,817,32,3.92,경기대학교
2016,경기대학교,예체능계열,162,7,4.32,경기대학교
2016,경기대학교,인문사회계열,1404,28,1.99,경기대학교
2016,경기대학교,자연과학계열,566,64,11.31,경기대학교
2016,경기대학교 _제2캠퍼스,공학계열,16,0,0.0,경기대학교 _제2캠퍼스
2016,경기대학교 _제2캠퍼스,예체능계열,32,0,0.0,경기대학교 _제2캠퍼스
2016,경기대학교 _제2캠퍼스,인문사회계열,328,3,0.91,경기대학교 _제2캠퍼스
2016,경남과학기술대학교,공학계열,180,4,2.22,경상국립대학교
2016,경남과학기술대학교,예체능계열,17,0,0.0,경상국립대학교
2016,경남과학기술대학교,인문사회계열,61,0,0.0,경상국립대학교
2016,경남과학기술대학교,자연과학계열,112,5,4.46,경상국립대학교
2016,경남대학교,공학계열,835,37,4.43,경남대학교
2016,경남대학교,예체능계열,238,2,0.84,경남대학교
2016,경남대학교,인문사회계열,1642,37,2.25,경남대학교
2016,경남대학교,자연과학계열,361,24,6.65,경남대학교
2016,경동대학교,공학계열,346,2,0.58,경동대학교
2016,경동대학교,예체능계열,55,0,0.0,경동대학교
2016,경동대학교,인문사회계열,306,3,0.98,경동대학교
2016,경동대학교,자연과학계열,111,0,0.0,경동대학교
2016,경북대학교,공학계열,1700,184,10.82,경북대학교
2016,경북대학교,예체능계열,179,27,15.08,경북대학교
2016,경북대학교,의학계열,60,12,20.0,경북대학교
2016,경북대학교,인문사회계열,1786,75,4.2,경북대학교
2016,경북대학교,자연과학계열,1451,243,16.75,경북대학교
2016,경상국립대학교,공학계열,1111,77,6.93,경상국립대학교
2016,경상국립대학교,예체능계열,79,6,7.59,경상국립대학교
2016,경상국립대학교,의학계열,80,16,20.0,경상국립대학교
2016,경상국립대학교,인문사회계열,1174,37,3.15,경상국립대학교
2016,경상국립대학교,자연과학계열,962,159,16.53,경상국립대학교
2016,경성대학교,공학계열,592,21,3.55,경성대학교
2016,경성대학교,예체능계열,485,26,5.36,경성대학교
2016,경성대학교,의학계열,38,2,5.26,경성대학교
2016,경성대학교,인문사회계열,1480,27,1.82,경성대학교
2016,경성대학교,자연과학계열,423,18,4.26,경성대학교
2016,경일대학교,공학계열,579,11,1.9,경일대학교
2016,경일대학교,예체능계열,213,11,5.16,경일대학교
2016,경일대학교,인문사회계열,368,6,1.63,경일대학교
2016,경일대학교,자연과학계열,62,3,4.84,경일대학교
2016,경희대학교,공학계열,1382,142,10.27,경희대학교
2016,경희대학교,예체능계열,542,59,10.89,경희대학교
2016,경희대학교,의학계열,153,10,6.54,경희대학교
2016,경희대학교,인문사회계열,2136,94,4.4,경희대학교
2016,경희대학교,자연과학계열,1134,255,22.49,경희대학교
2016,계명대학교,공학계열,1061,47,4.43,계명대학교
2016,계명대학교,예체능계열,824,66,8.01,계명대학교
2016,계명대학교,의학계열,70,0,0.0,계명대학교
2016,계명대학교,인문사회계열,2457,77,3.13,계명대학교
2016,계명대학교,자연과학계열,651,68,10.45,계명대학교
2016,고려대학교,공학계열,1049,263,25.07,고려대학교
2016,고려대학교,예체능계열,121,8,6.61,고려대학교
2016,고려대학교,의학계열,56,0,0.0,고려대학교
2016,고려대학교,인문사회계열,2065,256,12.4,고려대학교
2016,고려대학교,자연과학계열,1102,415,37.66,고려대학교
2016,고려대학교(세종) _분교,공학계열,381,66,17.32,고려대학교(세종) _분교
2016,고려대학교(세종) _분교,예체능계열,135,18,13.33,고려대학교(세종) _분교
2016,고려대학교(세종) _분교,인문사회계열,740,42,5.68,고려대학교(세종) _분교
2016,고려대학교(세종) _분교,자연과학계열,247,58,23.48,고려대학교(세종) _분교
2016,고신대학교,공학계열,165,1,0.61,고신대학교
2016,고신대학교,예체능계열,104,3,2.88,고신대학교
2016,고신대학교,의학계열,71,0,0.0,고신대학교
2016,고신대학교,인문사회계열,363,35,9.64,고신대학교
2016,고신대학교,자연과학계열,78,6,7.69,고신대학교
2016,공주교육대학교,공학계열,25,0,0.0,공주교육대학교
2016,공주교육대학교,예체능계열,80,1,1.25,공주교육대학교
2016,공주교육대학교,인문사회계열,219,1,0.46,공주교육대학교
2016,공주교육대학교,자연과학계열,57,3,5.26,공주교육대학교
2016,광신대학교,예체능계열,21,0,0.0,광신대학교
2016,광신대학교,인문사회계열,80,32,40.0,광신대학교
2016,광운대학교,공학계열,979,85,8.68,광운대학교
2016,광운대학교,예체능계열,119,1,0.84,광운대학교
2016,광운대학교,인문사회계열,664,17,2.56,광운대학교
2016,광운대학교,자연과학계열,311,61,19.61,광운대학교
2016,광주가톨릭대학교,인문사회계열,18,7,38.89,광주가톨릭대학교
2016,광주과학기술원,공학계열,14,12,85.71,광주과학기술원
2016,광주과학기술원,자연과학계열,70,66,94.29,광주과학기술원
2016,광주교육대학교,공학계열,25,0,0.0,광주교육대학교
2016,광주교육대학교,예체능계열,83,1,1.2,광주교육대학교
2016,광주교육대학교,인문사회계열,179,1,0.56,광주교육대학교
2016,광주교육대학교,자연과학계열,63,0,0.0,광주교육대학교
2016,광주대학교,공학계열,327,4,1.22,광주대학교
2016,광주대학교,예체능계열,219,11,5.02,광주대학교
2016,광주대학교,의학계열,24,4,16.67,광주대학교
2016,광주대학교,인문사회계열,978,33,3.37,광주대학교
2016,광주대학교,자연과학계열,103,6,5.83,광주대학교
2016,광주여자대학교,공학계열,198,0,0.0,광주여자대학교
2016,광주여자대학교,예체능계열,100,6,6.0,광주여자대학교
2016,광주여자대학교,의학계열,25,2,8.0,광주여자대학교
2016,광주여자대학교,인문사회계열,372,5,1.34,광주여자대학교
2016,광주여자대학교,자연과학계열,268,9,3.36,광주여자대학교
2016,국립강릉원주대학교,공학계열,167,16,9.58,국립강릉원주대학교
2016,국립강릉원주대학교,예체능계열,88,10,11.36,국립강릉원주대학교
2016,국립강릉원주대학교,의학계열,41,0,0.0,국립강릉원주대학교
2016,국립강릉원주대학교,인문사회계열,600,5,0.83,국립강릉원주대학교
2016,국립강릉원주대학교,자연과학계열,388,55,14.18,국립강릉원주대학교
2016,국립강릉원주대학교 _제2캠퍼스,공학계열,336,5,1.49,국립강릉원주대학교 _제2캠퍼스
2016,국립강릉원주대학교 _제2캠퍼스,예체능계열,75,4,5.33,국립강릉원주대학교 _제2캠퍼스
2016,국립강릉원주대학교 _제2캠퍼스,인문사회계열,81,1,1.23,국립강릉원주대학교 _제2캠퍼스
2016,국립경국대학교,공학계열,492,29,5.89,국립경국대학교
2016,국립경국대학교,예체능계열,100,15,15.0,국립경국대학교
2016,국립경국대학교,의학계열,34,5,14.71,국립경국대학교
2016,국립경국대학교,인문사회계열,486,14,2.88,국립경국대학교
2016,국립경국대학교,자연과학계열,400,46,11.5,국립경국대학교
2016,국립공주대학교,공학계열,1130,52,4.6,국립공주대학교
2016,국립공주대학교,예체능계열,274,13,4.74,국립공주대학교
2016,국립공주대학교,인문사회계열,909,16,1.76,국립공주대학교
2016,국립공주대학교,자연과학계열,779,122,15.66,국립공주대학교
2016,국립군산대학교,공학계열,643,49,7.62,국립군산대학교
2016,국립군산대학교,예체능계열,84,12,14.29,국립군산대학교
2016,국립군산대학교,의학계열,32,0,0.0,국립군산대학교
2016,국립군산대학교,인문사회계열,517,14,2.71,국립군산대학교
2016,국립군산대학교,자연과학계열,451,31,6.87,국립군산대학교
2016,국립금오공과대학교,공학계열,988,85,8.6,국립금오공과대학교
2016,국립금오공과대학교,예체능계열,65,6,9.23,국립금오공과대학교
2016,국립금오공과대학교,인문사회계열,56,0,0.0,국립금오공과대학교
2016,국립금오공과대학교,자연과학계열,293,46,15.7,국립금오공과대학교
2016,국립목포대학교,공학계열,522,17,3.26,국립목포대학교
2016,국립목포대학교,예체능계열,86,13,15.12,국립목포대학교
2016,국립목포대학교,인문사회계열,645,6,0.93,국립목포대학교
2016,국립목포대학교,자연과학계열,265,15,5.66,국립목포대학교
2016,국립목포해양대학교,공학계열,608,13,2.14,국립목포해양대학교
2016,국립목포해양대학교,자연과학계열,16,1,6.25,국립목포해양대학교
2016,국립부경대학교,공학계열,1659,98,5.91,국립부경대학교
2016,국립부경대학교,예체능계열,114,8,7.02,국립부경대학교
2016,국립부경대학교,의학계열,34,3,8.82,국립부경대학교
2016,국립부경대학교,인문사회계열,1248,25,2.0,국립부경대학교
2016,국립부경대학교,자연과학계열,953,95,9.97,국립부경대학교
2016,국립순천대학교,공학계열,461,22,4.77,국립순천대학교
2016,국립순천대학교,예체능계열,158,6,3.8,국립순천대학교
2016,국립순천대학교,의학계열,19,0,0.0,국립순천대학교
2016,국립순천대학교,인문사회계열,565,11,1.95,국립순천대학교
2016,국립순천대학교,자연과학계열,420,35,8.33,국립순천대학교
2016,국립창원대학교,공학계열,677,53,7.83,국립창원대학교
2016,국립창원대학교,예체능계열,116,16,13.79,국립창원대학교
2016,국립창원대학교,인문사회계열,757,11,1.45,국립창원대학교
2016,국립창원대학교,자연과학계열,283,39,13.78,국립창원대학교
2016,국립한국교통대학교,공학계열,1010,43,4.26,국립한국교통대학교
2016,국립한국교통대학교,예체능계열,57,0,0.0,국립한국교통대학교
2016,국립한국교통대학교,인문사회계열,348,0,0.0,국립한국교통대학교
2016,국립한국교통대학교,자연과학계열,204,20,9.8,국립한국교통대학교
2016,국립한국해양대학교,공학계열,961,72,7.49,국립한국해양대학교
2016,국립한국해양대학교,예체능계열,22,2,9.09,국립한국해양대학교
2016,국립한국해양대학교,인문사회계열,426,6,1.41,국립한국해양대학교
2016,국립한국해양대학교,자연과학계열,130,21,16.15,국립한국해양대학교
2016,국민대학교,공학계열,837,104,12.43,국민대학교
2016,국민대학교,예체능계열,453,48,10.6,국민대학교
2016,국민대학교,인문사회계열,1585,27,1.7,국민대학교
2016,국민대학교,자연과학계열,537,87,16.2,국민대학교
2016,극동대학교,공학계열,282,0,0.0,극동대학교
2016,극동대학교,예체능계열,154,3,1.95,극동대학교
2016,극동대학교,인문사회계열,427,5,1.17,극동대학교
2016,극동대학교,자연과학계열,89,0,0.0,극동대학교
2016,금강대학교,인문사회계열,68,3,4.41,금강대학교
2016,김천대학교,공학계열,141,5,3.55,김천대학교
2016,김천대학교,예체능계열,46,2,4.35,김천대학교
2016,김천대학교,인문사회계열,204,5,2.45,김천대학교
2016,김천대학교,자연과학계열,374,6,1.6,김천대학교
2016,나사렛대학교,공학계열,141,2,1.42,나사렛대학교
2016,나사렛대학교,예체능계열,234,6,2.56,나사렛대학교
2016,나사렛대학교,인문사회계열,827,7,0.85,나사렛대학교
2016,나사렛대학교,자연과학계열,74,1,1.35,나사렛대학교
2016,남부대학교,공학계열,184,3,1.63,남부대학교
2016,남부대학교,예체능계열,114,6,5.26,남부대학교
2016,남부대학교,의학계열,20,1,5.0,남부대학교
2016,남부대학교,인문사회계열,172,3,1.74,남부대학교
2016,남부대학교,자연과학계열,163,4,2.45,남부대학교
2016,단국대학교,공학계열,652,57,8.74,단국대학교
2016,단국대학교,예체능계열,290,50,17.24,단국대학교
2016,단국대학교,인문사회계열,1398,43,3.08,단국대학교
2016,단국대학교,자연과학계열,505,51,10.1,단국대학교
2016,대구가톨릭대학교,공학계열,847,47,5.55,대구가톨릭대학교
2016,대구가톨릭대학교,예체능계열,276,25,9.06,대구가톨릭대학교
2016,대구가톨릭대학교,의학계열,46,0,0.0,대구가톨릭대학교
2016,대구가톨릭대학교,인문사회계열,1463,61,4.17,대구가톨릭대학교
2016,대구가톨릭대학교,자연과학계열,538,53,9.85,대구가톨릭대학교
2016,대구교육대학교,공학계열,30,1,3.33,대구교육대학교
2016,대구교육대학교,예체능계열,89,0,0.0,대구교육대학교
2016,대구교육대학교,인문사회계열,216,1,0.46,대구교육대학교
2016,대구교육대학교,자연과학계열,60,2,3.33,대구교육대학교
2016,대구대학교,공학계열,1095,33,3.01,대구대학교
2016,대구대학교,예체능계열,313,32,10.22,대구대학교
2016,대구대학교,인문사회계열,2282,59,2.59,대구대학교
2016,대구대학교,자연과학계열,741,53,7.15,대구대학교
2016,대구예술대학교,공학계열,22,0,0.0,대구예술대학교
2016,대구예술대학교,예체능계열,193,13,6.74,대구예술대학교
2016,대구예술대학교,인문사회계열,31,9,29.03,대구예술대학교
2016,대구예술대학교,자연과학계열,23,0,0.0,대구예술대학교
2016,대구한의대학교,공학계열,295,18,6.1,대구한의대학교
2016,대구한의대학교,예체능계열,101,10,9.9,대구한의대학교
2016,대구한의대학교,의학계열,142,5,3.52,대구한의대학교
2016,대구한의대학교,인문사회계열,394,24,6.09,대구한의대학교
2016,대구한의대학교,자연과학계열,514,33,6.42,대구한의대학교
2016,대신대학교,예체능계열,18,0,0.0,대신대학교
2016,대신대학교,인문사회계열,58,0,0.0,대신대학교
2016,대전가톨릭대학교,인문사회계열,16,13,81.25,대전가톨릭대학교
2016,대전대학교,공학계열,506,20,3.95,대전대학교
2016,대전대학교,예체능계열,255,6,2.35,대전대학교
2016,대전대학교,의학계열,74,0,0.0,대전대학교
2016,대전대학교,인문사회계열,902,11,1.22,대전대학교
2016,대전대학교,자연과학계열,327,26,7.95,대전대학교
2016,대전신학대학교,인문사회계열,36,13,36.11,대전신학대학교
2016,대진대학교,공학계열,423,14,3.31,대진대학교
2016,대진대학교,예체능계열,214,18,8.41,대진대학교
2016,대진대학교,인문사회계열,855,23,2.69,대진대학교
2016,대진대학교,자연과학계열,233,20,8.58,대진대학교
2016,덕성여자대학교,공학계열,61,3,4.92,덕성여자대학교
2016,덕성여자대학교,예체능계열,135,14,10.37,덕성여자대학교
2016,덕성여자대학교,인문사회계열,688,42,6.1,덕성여자대학교
2016,덕성여자대학교,자연과학계열,347,31,8.93,덕성여자대학교
2016,동국대학교,공학계열,879,61,6.94,동국대학교
2016,동국대학교,예체능계열,224,25,11.16,동국대학교
2016,동국대학교,인문사회계열,1583,95,6.0,동국대학교
2016,동국대학교,자연과학계열,454,89,19.6,동국대학교
2016,동국대학교(WISE) _분교,공학계열,277,8,2.89,동국대학교(WISE) _분교
2016,동국대학교(WISE) _분교,예체능계열,160,14,8.75,동국대학교(WISE) _분교
2016,동국대학교(WISE) _분교,의학계열,91,2,2.2,동국대학교(WISE) _분교
2016,동국대학교(WISE) _분교,인문사회계열,946,41,4.33,동국대학교(WISE) _분교
2016,동국대학교(WISE) _분교,자연과학계열,221,26,11.76,동국대학교(WISE) _분교
2016,동덕여자대학교,공학계열,250,7,2.8,동덕여자대학교
2016,동덕여자대학교,예체능계열,488,55,11.27,동덕여자대학교
2016,동덕여자대학교,의학계열,50,5,10.0,동덕여자대학교
2016,동덕여자대학교,인문사회계열,828,28,3.38,동덕여자대학교
2016,동덕여자대학교,자연과학계열,225,17,7.56,동덕여자대학교
2016,동명대학교,공학계열,1047,18,1.72,동명대학교
2016,동명대학교,예체능계열,241,10,4.15,동명대학교
2016,동명대학교,인문사회계열,747,25,3.35,동명대학교
2016,동명대학교,자연과학계열,72,2,2.78,동명대학교
2016,동서대학교,공학계열,528,12,2.27,동서대학교
2016,동서대학교,예체능계열,410,3,0.73,동서대학교
2016,동서대학교,인문사회계열,1185,18,1.52,동서대학교
2016,동서대학교,자연과학계열,250,10,4.0,동서대학교
2016,동신대학교,공학계열,464,6,1.29,동신대학교
2016,동신대학교,예체능계열,152,8,5.26,동신대학교
2016,동신대학교,의학계열,53,1,1.89,동신대학교
2016,동신대학교,인문사회계열,641,8,1.25,동신대학교
2016,동신대학교,자연과학계열,292,13,4.45,동신대학교
2016,동아대학교,공학계열,1341,52,3.88,동아대학교
2016,동아대학교,예체능계열,419,36,8.59,동아대학교
2016,동아대학교,의학계열,20,0,0.0,동아대학교
2016,동아대학교,인문사회계열,1665,44,2.64,동아대학교
2016,동아대학교,자연과학계열,975,109,11.18,동아대학교
2016,동양대학교,공학계열,548,3,0.55,동양대학교
2016,동양대학교,예체능계열,43,2,4.65,동양대학교
2016,동양대학교,인문사회계열,261,6,2.3,동양대학교
2016,동양대학교,자연과학계열,53,3,5.66,동양대학교
2016,동의대학교,공학계열,1387,32,2.31,동의대학교
2016,동의대학교,예체능계열,208,19,9.13,동의대학교
2016,동의대학교,의학계열,48,0,0.0,동의대학교
2016,동의대학교,인문사회계열,1458,19,1.3,동의대학교
2016,동의대학교,자연과학계열,513,25,4.87,동의대학교
2016,루터대학교,예체능계열,28,0,0.0,루터대학교
2016,루터대학교,인문사회계열,63,5,7.94,루터대학교
2016,명지대학교,공학계열,868,69,7.95,명지대학교
2016,명지대학교,예체능계열,288,15,5.21,명지대학교
2016,명지대학교,자연과학계열,459,60,13.07,명지대학교
2016,명지대학교 _제2캠퍼스,공학계열,115,0,0.0,명지대학교 _제2캠퍼스
2016,명지대학교 _제2캠퍼스,예체능계열,47,10,21.28,명지대학교 _제2캠퍼스
2016,명지대학교 _제2캠퍼스,인문사회계열,1619,52,3.21,명지대학교 _제2캠퍼스
2016,목원대학교,공학계열,364,8,2.2,목원대학교
2016,목원대학교,예체능계열,407,31,7.62,목원대학교
2016,목원대학교,인문사회계열,864,57,6.6,목원대학교
2016,목원대학교,자연과학계열,296,32,10.81,목원대학교
2016,목포가톨릭대학교,공학계열,93,0,0.0,목포가톨릭대학교
2016,목포가톨릭대학교,인문사회계열,31,0,0.0,목포가톨릭대학교
2016,배재대학교,공학계열,347,13,3.75,배재대학교
2016,배재대학교,예체능계열,157,40,25.48,배재대학교
2016,배재대학교,인문사회계열,1193,52,4.36,배재대학교
2016,배재대학교,자연과학계열,415,47,11.33,배재대학교
2016,백석대학교,공학계열,793,12,1.51,백석대학교
2016,백석대학교,예체능계열,557,27,4.85,백석대학교
2016,백석대학교,인문사회계열,1722,56,3.25,백석대학교
2016,백석대학교,자연과학계열,88,2,2.27,백석대학교
2016,부산가톨릭대학교,공학계열,251,2,0.8,부산가톨릭대학교
2016,부산가톨릭대학교,인문사회계열,348,5,1.44,부산가톨릭대학교
2016,부산가톨릭대학교,자연과학계열,375,6,1.6,부산가톨릭대학교
2016,부산교육대학교,공학계열,30,0,0.0,부산교육대학교
2016,부산교육대학교,예체능계열,88,2,2.27,부산교육대학교
2016,부산교육대학교,인문사회계열,216,2,0.93,부산교육대학교
2016,부산교육대학교,자연과학계열,58,1,1.72,부산교육대학교
2016,부산대학교,공학계열,1505,234,15.55,부산대학교
2016,부산대학교,예체능계열,331,47,14.2,부산대학교
2016,부산대학교,의학계열,2,0,0.0,부산대학교
2016,부산대학교,인문사회계열,1543,75,4.86,부산대학교
2016,부산대학교,자연과학계열,1190,236,19.83,부산대학교
2016,부산외국어대학교,공학계열,80,1,1.25,부산외국어대학교
2016,부산외국어대학교,예체능계열,84,2,2.38,부산외국어대학교
2016,부산외국어대학교,인문사회계열,1512,27,1.79,부산외국어대학교
2016,부산외국어대학교,자연과학계열,42,2,4.76,부산외국어대학교
2016,부산장신대학교,인문사회계열,61,24,39.34,부산장신대학교
2016,삼육대학교,공학계열,281,10,3.56,삼육대학교
2016,삼육대학교,예체능계열,230,7,3.04,삼육대학교
2016,삼육대학교,의학계열,31,0,0.0,삼육대학교
2016,삼육대학교,인문사회계열,504,17,3.37,삼육대학교
2016,삼육대학교,자연과학계열,302,25,8.28,삼육대학교
2016,상명대학교,공학계열,232,22,9.48,상명대학교
2016,상명대학교,예체능계열,202,22,10.89,상명대학교
2016,상명대학교,인문사회계열,697,19,2.73,상명대학교
2016,상명대학교,자연과학계열,387,42,10.85,상명대학교
2016,상지대학교,공학계열,517,14,2.71,상지대학교
2016,상지대학교,예체능계열,133,1,0.75,상지대학교
2016,상지대학교,의학계열,60,0,0.0,상지대학교
2016,상지대학교,인문사회계열,634,7,1.1,상지대학교
2016,상지대학교,자연과학계열,280,11,3.93,상지대학교
2016,서강대학교,공학계열,334,107,32.04,서강대학교
2016,서강대학교,인문사회계열,1596,140,8.77,서강대학교
2016,서강대학교,자연과학계열,346,112,32.37,서강대학교
2016,서경대학교,공학계열,360,23,6.39,서경대학교
2016,서경대학교,예체능계열,244,22,9.02,서경대학교
2016,서경대학교,인문사회계열,586,5,0.85,서경대학교
2016,서경대학교,자연과학계열,258,27,10.47,서경대학교
2016,서울교육대학교,공학계열,31,1,3.23,서울교육대학교
2016,서울교육대학교,예체능계열,89,0,0.0,서울교육대학교
2016,서울교육대학교,인문사회계열,224,5,2.23,서울교육대학교
2016,서울교육대학교,자연과학계열,28,0,0.0,서울교육대학교
2016,서울기독대학교,공학계열,34,3,8.82,서울기독대학교
2016,서울기독대학교,예체능계열,18,2,11.11,서울기독대학교
2016,서울기독대학교,인문사회계열,54,5,9.26,서울기독대학교
2016,서울대학교,공학계열,834,341,40.89,서울대학교
2016,서울대학교,예체능계열,312,42,13.46,서울대학교
2016,서울대학교,의학계열,141,10,7.09,서울대학교
2016,서울대학교,인문사회계열,1235,333,26.96,서울대학교
2016,서울대학교,자연과학계열,853,393,46.07,서울대학교
2016,서울시립대학교,공학계열,614,68,11.07,서울시립대학교
2016,서울시립대학교,예체능계열,57,12,21.05,서울시립대학교
2016,서울시립대학교,인문사회계열,977,26,2.66,서울시립대학교
2016,서울시립대학교,자연과학계열,336,58,17.26,서울시립대학교
2016,서울신학대학교,공학계열,15,0,0.0,서울신학대학교
2016,서울신학대학교,예체능계열,89,8,8.99,서울신학대학교
2016,서울신학대학교,인문사회계열,402,62,15.42,서울신학대학교
2016,서울여자대학교,공학계열,278,34,12.23,서울여자대학교
2016,서울여자대학교,예체능계열,192,19,9.9,서울여자대학교
2016,서울여자대학교,인문사회계열,1090,49,4.5,서울여자대학교
2016,서울여자대학교,자연과학계열,265,30,11.32,서울여자대학교
2016,서울장신대학교,예체능계열,37,1,2.7,서울장신대학교
2016,서울장신대학교,인문사회계열,98,14,14.29,서울장신대학교
2016,서울한영대학교,예체능계열,13,1,7.69,서울한영대학교
2016,서울한영대학교,인문사회계열,110,13,11.82,서울한영대학교
2016,서원대학교,공학계열,203,2,0.99,서원대학교
2016,서원대학교,예체능계열,177,7,3.95,서원대학교
2016,서원대학교,인문사회계열,768,20,2.6,서원대학교
2016,서원대학교,자연과학계열,183,4,2.19,서원대학교
2016,선문대학교,공학계열,817,25,3.06,선문대학교
2016,선문대학교,예체능계열,127,3,2.36,선문대학교
2016,선문대학교,의학계열,26,6,23.08,선문대학교
2016,선문대학교,인문사회계열,985,18,1.83,선문대학교
2016,선문대학교,자연과학계열,260,12,4.62,선문대학교
2016,성결대학교,공학계열,266,3,1.13,성결대학교
2016,성결대학교,예체능계열,140,7,5.0,성결대학교
2016,성결대학교,인문사회계열,633,29,4.58,성결대학교
2016,성결대학교,자연과학계열,40,2,5.0,성결대학교
2016,성공회대학교,공학계열,158,3,1.9,성공회대학교
2016,성공회대학교,인문사회계열,320,5,1.56,성공회대학교
2016,성균관대학교,공학계열,943,191,20.25,성균관대학교
2016,성균관대학교,예체능계열,187,24,12.83,성균관대학교
2016,성균관대학교,의학계열,21,0,0.0,성균관대학교
2016,성균관대학교,인문사회계열,2200,234,10.64,성균관대학교
2016,성균관대학교,자연과학계열,1066,280,26.27,성균관대학교
2016,성신여자대학교,공학계열,188,2,1.06,성신여자대학교
2016,성신여자대학교,예체능계열,379,53,13.98,성신여자대학교
2016,성신여자대학교,인문사회계열,1375,64,4.65,성신여자대학교
2016,성신여자대학교,자연과학계열,466,41,8.8,성신여자대학교
2016,세명대학교,공학계열,665,9,1.35,세명대학교
2016,세명대학교,예체능계열,180,7,3.89,세명대학교
2016,세명대학교,의학계열,56,0,0.0,세명대학교
2016,세명대학교,인문사회계열,903,6,0.66,세명대학교
2016,세명대학교,자연과학계열,212,14,6.6,세명대학교
2016,세종대학교,공학계열,880,83,9.43,세종대학교
2016,세종대학교,예체능계열,339,17,5.01,세종대학교
2016,세종대학교,인문사회계열,859,10,1.16,세종대학교
2016,세종대학교,자연과학계열,424,86,20.28,세종대학교
2016,세한대학교,공학계열,82,1,1.22,세한대학교
2016,세한대학교,예체능계열,179,6,3.35,세한대학교
2016,세한대학교,인문사회계열,314,5,1.59,세한대학교
2016,세한대학교,자연과학계열,68,4,5.88,세한대학교
2016,수원가톨릭대학교,인문사회계열,30,23,76.67,수원가톨릭대학교
2016,수원대학교,공학계열,723,20,2.77,수원대학교
2016,수원대학교,예체능계열,459,25,5.45,수원대학교
2016,수원대학교,인문사회계열,733,16,2.18,수원대학교
2016,수원대학교,자연과학계열,501,39,7.78,수원대학교
2016,숙명여자대학교,공학계열,296,12,4.05,숙명여자대학교
2016,숙명여자대학교,예체능계열,376,64,17.02,숙명여자대학교
2016,숙명여자대학교,인문사회계열,1315,108,8.21,숙명여자대학교
2016,숙명여자대학교,자연과학계열,541,92,17.01,숙명여자대학교
2016,순복음총회신학교,인문사회계열,26,7,26.92,순복음총회신학교
2016,순천향대학교,공학계열,597,40,6.7,순천향대학교
2016,순천향대학교,예체능계열,115,6,5.22,순천향대학교
2016,순천향대학교,의학계열,130,3,2.31,순천향대학교
2016,순천향대학교,인문사회계열,1132,20,1.77,순천향대학교
2016,순천향대학교,자연과학계열,566,94,16.61,순천향대학교
2016,숭실대학교,공학계열,1166,85,7.29,숭실대학교
2016,숭실대학교,예체능계열,36,1,2.78,숭실대학교
2016,숭실대학교,인문사회계열,1606,69,4.3,숭실대학교
2016,숭실대학교,자연과학계열,341,91,26.69,숭실대학교
2016,신경주대학교,공학계열,124,1,0.81,신경주대학교
2016,신경주대학교,예체능계열,27,1,3.7,신경주대학교
2016,신경주대학교,인문사회계열,461,3,0.65,신경주대학교
2016,신경주대학교,자연과학계열,45,0,0.0,신경주대학교
2016,신라대학교,공학계열,509,20,3.93,신라대학교
2016,신라대학교,예체능계열,259,23,8.88,신라대학교
2016,신라대학교,인문사회계열,1044,10,0.96,신라대학교
2016,신라대학교,자연과학계열,369,17,4.61,신라대학교
2016,아신대학교,인문사회계열,144,28,19.44,아신대학교
2016,아주대학교,공학계열,926,140,15.12,아주대학교
2016,아주대학교,의학계열,24,0,0.0,아주대학교
2016,아주대학교,인문사회계열,1013,65,6.42,아주대학교
2016,아주대학교,자연과학계열,406,115,28.33,아주대학교
2016,안양대학교,공학계열,182,8,4.4,안양대학교
2016,안양대학교,예체능계열,108,8,7.41,안양대학교
2016,안양대학교,인문사회계열,639,25,3.91,안양대학교
2016,안양대학교,자연과학계열,184,7,3.8,안양대학교
2016,안양대학교 _제2캠퍼스,공학계열,31,1,3.23,안양대학교 _제2캠퍼스
2016,안양대학교 _제2캠퍼스,인문사회계열,47,0,0.0,안양대학교 _제2캠퍼스
2016,안양대학교 _제2캠퍼스,자연과학계열,21,4,19.05,안양대학교 _제2캠퍼스
2016,연세대학교,공학계열,902,241,26.72,연세대학교
2016,연세대학교,예체능계열,212,27,12.74,연세대학교
2016,연세대학교,의학계열,119,0,0.0,연세대학교
2016,연세대학교,인문사회계열,2287,353,15.44,연세대학교
2016,연세대학교,자연과학계열,816,316,38.73,연세대학교
2016,연세대학교(미래) _분교,공학계열,371,61,16.44,연세대학교(미래) _분교
2016,연세대학교(미래) _분교,예체능계열,44,2,4.55,연세대학교(미래) _분교
2016,연세대학교(미래) _분교,의학계열,107,0,0.0,연세대학교(미래) _분교
2016,연세대학교(미래) _분교,인문사회계열,713,38,5.33,연세대학교(미래) _분교
2016,연세대학교(미래) _분교,자연과학계열,503,89,17.69,연세대학교(미래) _분교
2016,영남대학교,공학계열,1510,85,5.63,영남대학교
2016,영남대학교,예체능계열,460,72,15.65,영남대학교
2016,영남대학교,의학계열,40,0,0.0,영남대학교
2016,영남대학교,인문사회계열,1987,80,4.03,영남대학교
2016,영남대학교,자연과학계열,1051,156,14.84,영남대학교
2016,영남신학대학교,인문사회계열,135,38,28.15,영남신학대학교
2016,영산대학교,공학계열,183,1,0.55,영산대학교
2016,영산대학교,예체능계열,20,0,0.0,영산대학교
2016,영산대학교,인문사회계열,382,6,1.57,영산대학교
2016,영산대학교,자연과학계열,71,0,0.0,영산대학교
2016,영산대학교 _제2캠퍼스,공학계열,52,0,0.0,영산대학교 _제2캠퍼스
2016,영산대학교 _제2캠퍼스,예체능계열,116,5,4.31,영산대학교 _제2캠퍼스
2016,영산대학교 _제2캠퍼스,인문사회계열,360,5,1.39,영산대학교 _제2캠퍼스
2016,영산대학교 _제2캠퍼스,자연과학계열,190,3,1.58,영산대학교 _제2캠퍼스
2016,영산선학대학교,인문사회계열,19,15,78.95,영산선학대학교
2016,예수대학교,인문사회계열,11,0,0.0,예수대학교
2016,예수대학교,자연과학계열,140,0,0.0,예수대학교
2016,예원예술대학교,예체능계열,100,4,4.0,예원예술대학교
2016,예원예술대학교,인문사회계열,13,0,0.0,예원예술대학교
2016,용인대학교,공학계열,182,5,2.75,용인대학교
2016,용인대학교,예체능계열,725,29,4.0,용인대학교
2016,용인대학교,인문사회계열,250,6,2.4,용인대학교
2016,용인대학교,자연과학계열,163,12,7.36,용인대학교
2016,우석대학교,공학계열,419,6,1.43,우석대학교
2016,우석대학교,예체능계열,115,8,6.96,우석대학교
2016,우석대학교,의학계열,92,2,2.17,우석대학교
2016,우석대학교,인문사회계열,801,16,2.0,우석대학교
2016,우석대학교,자연과학계열,255,8,3.14,우석대학교
2016,우송대학교,공학계열,714,9,1.26,우송대학교
2016,우송대학교,예체능계열,136,1,0.74,우송대학교
2016,우송대학교,인문사회계열,1046,16,1.53,우송대학교
2016,우송대학교,자연과학계열,146,5,3.42,우송대학교
2016,울산과학기술원,공학계열,167,105,62.87,울산과학기술원
2016,울산과학기술원,예체능계열,23,11,47.83,울산과학기술원
2016,울산과학기술원,인문사회계열,71,16,22.54,울산과학기술원
2016,울산과학기술원,자연과학계열,248,173,69.76,울산과학기술원
2016,울산대학교,공학계열,1062,49,4.61,울산대학교
2016,울산대학교,예체능계열,275,21,7.64,울산대학교
2016,울산대학교,의학계열,39,0,0.0,울산대학교
2016,울산대학교,인문사회계열,1072,12,1.12,울산대학교
2016,울산대학교,자연과학계열,662,54,8.16,울산대학교
2016,원광대학교,공학계열,766,27,3.52,원광대학교
2016,원광대학교,예체능계열,463,32,6.91,원광대학교
2016,원광대학교,의학계열,249,3,1.2,원광대학교
2016,원광대학교,인문사회계열,1514,45,2.97,원광대학교
2016,원광대학교,자연과학계열,614,46,7.49,원광대학교
2016,위덕대학교,공학계열,231,0,0.0,위덕대학교
2016,위덕대학교,예체능계열,19,0,0.0,위덕대학교
2016,위덕대학교,인문사회계열,296,4,1.35,위덕대학교
2016,위덕대학교,자연과학계열,114,9,7.89,위덕대학교
2016,유원대학교,공학계열,202,1,0.5,유원대학교
2016,유원대학교,예체능계열,124,3,2.42,유원대학교
2016,유원대학교,인문사회계열,294,1,0.34,유원대학교
2016,유원대학교,자연과학계열,111,6,5.41,유원대학교
2016,을지대학교,공학계열,114,0,0.0,을지대학교
2016,을지대학교,의학계열,57,0,0.0,을지대학교
2016,을지대학교,인문사회계열,13,1,7.69,을지대학교
2016,을지대학교,자연과학계열,42,4,9.52,을지대학교
2016,을지대학교 _제2캠퍼스,공학계열,388,6,1.55,을지대학교 _제2캠퍼스
2016,을지대학교 _제2캠퍼스,예체능계열,46,4,8.7,을지대학교 _제2캠퍼스
2016,을지대학교 _제2캠퍼스,인문사회계열,184,2,1.09,을지대학교 _제2캠퍼스
2016,을지대학교 _제2캠퍼스,자연과학계열,486,12,2.47,을지대학교 _제2캠퍼스
2016,이화여자대학교,공학계열,351,77,21.94,이화여자대학교
2016,이화여자대학교,예체능계열,585,132,22.56,이화여자대학교
2016,이화여자대학교,의학계열,33,4,12.12,이화여자대학교
2016,이화여자대학교,인문사회계열,1776,250,14.08,이화여자대학교
2016,이화여자대학교,자연과학계열,759,183,24.11,이화여자대학교
2016,인제대학교,공학계열,596,52,8.72,인제대학교
2016,인제대학교,예체능계열,190,24,12.63,인제대학교
2016,인제대학교,인문사회계열,890,28,3.15,인제대학교
2016,인제대학교,자연과학계열,409,38,9.29,인제대학교
2016,인천가톨릭대학교,인문사회계열,21,12,57.14,인천가톨릭대학교
2016,인천대학교,공학계열,1239,67,5.41,인천대학교
2016,인천대학교,예체능계열,260,9,3.46,인천대학교
2016,인천대학교,인문사회계열,1010,28,2.77,인천대학교
2016,인천대학교,자연과학계열,264,48,18.18,인천대학교
2016,인하대학교,공학계열,1412,192,13.6,인하대학교
2016,인하대학교,예체능계열,108,6,5.56,인하대학교
2016,인하대학교,인문사회계열,1334,42,3.15,인하대학교
2016,인하대학교,자연과학계열,976,173,17.73,인하대학교
2016,장로회신학대학교,예체능계열,59,9,15.25,장로회신학대학교
2016,장로회신학대학교,인문사회계열,101,40,39.6,장로회신학대학교
2016,전남대학교,공학계열,657,49,7.46,전남대학교
2016,전남대학교,예체능계열,226,23,10.18,전남대학교
2016,전남대학교,의학계열,131,8,6.11,전남대학교
2016,전남대학교,인문사회계열,1420,58,4.08,전남대학교
2016,전남대학교,자연과학계열,1248,194,15.54,전남대학교
2016,전남대학교 _제2캠퍼스,공학계열,181,8,4.42,전남대학교 _제2캠퍼스
2016,전남대학교 _제2캠퍼스,의학계열,11,4,36.36,전남대학교 _제2캠퍼스
2016,전남대학교 _제2캠퍼스,인문사회계열,218,6,2.75,전남대학교 _제2캠퍼스
2016,전남대학교 _제2캠퍼스,자연과학계열,235,28,11.91,전남대학교 _제2캠퍼스
2016,전북대학교,공학계열,1358,103,7.58,전북대학교
2016,전북대학교,예체능계열,137,20,14.6,전북대학교
2016,전북대학교,의학계열,48,6,12.5,전북대학교
2016,전북대학교,인문사회계열,1497,42,2.81,전북대학교
2016,전북대학교,자연과학계열,1308,182,13.91,전북대학교
2016,전주교육대학교,공학계열,26,3,11.54,전주교육대학교
2016,전주교육대학교,예체능계열,82,1,1.22,전주교육대학교
2016,전주교육대학교,인문사회계열,150,1,0.67,전주교육대학교
2016,전주교육대학교,자연과학계열,50,0,0.0,전주교육대학교
2016,전주대학교,공학계열,513,5,0.97,전주대학교
2016,전주대학교,예체능계열,282,15,5.32,전주대학교
2016,전주대학교,의학계열,51,0,0.0,전주대학교
2016,전주대학교,인문사회계열,1243,65,5.23,전주대학교
2016,전주대학교,자연과학계열,313,7,2.24,전주대학교
2016,제주대학교,공학계열,478,8,1.67,제주대학교
2016,제주대학교,예체능계열,121,17,14.05,제주대학교
2016,제주대학교,의학계열,64,9,14.06,제주대학교
2016,제주대학교,인문사회계열,1003,26,2.59,제주대학교
2016,제주대학교,자연과학계열,409,47,11.49,제주대학교
2016,조선대학교,공학계열,1394,88,6.31,조선대학교
2016,조선대학교,예체능계열,534,53,9.93,조선대학교
2016,조선대학교,의학계열,7,0,0.0,조선대학교
2016,조선대학교,인문사회계열,1740,61,3.51,조선대학교
2016,조선대학교,자연과학계열,954,97,10.17,조선대학교
2016,중부대학교,공학계열,458,9,1.97,중부대학교
2016,중부대학교,예체능계열,279,5,1.79,중부대학교
2016,중부대학교,인문사회계열,678,10,1.47,중부대학교
2016,중부대학교,자연과학계열,190,8,4.21,중부대학교
2016,중앙대학교,공학계열,1144,111,9.7,중앙대학교
2016,중앙대학교,예체능계열,119,3,2.52,중앙대학교
2016,중앙대학교,의학계열,41,0,0.0,중앙대학교
2016,중앙대학교,인문사회계열,1609,94,5.84,중앙대학교
2016,중앙대학교,자연과학계열,582,120,20.62,중앙대학교
2016,중앙승가대학교,인문사회계열,60,12,20.0,중앙승가대학교
2016,중원대학교,공학계열,128,7,5.47,중원대학교
2016,중원대학교,예체능계열,21,2,9.52,중원대학교
2016,중원대학교,의학계열,11,1,9.09,중원대학교
2016,중원대학교,인문사회계열,203,9,4.43,중원대학교
2016,중원대학교,자연과학계열,79,19,24.05,중원대학교
2016,진주교육대학교,공학계열,27,0,0.0,진주교육대학교
2016,진주교육대학교,예체능계열,93,0,0.0,진주교육대학교
2016,진주교육대학교,인문사회계열,173,0,0.0,진주교육대학교
2016,진주교육대학교,자연과학계열,54,1,1.85,진주교육대학교
2016,차의과학대학교,공학계열,140,9,6.43,차의과학대학교
2016,차의과학대학교,자연과학계열,96,38,39.58,차의과학대학교
2016,청운대학교,공학계열,277,3,1.08,청운대학교
2016,청운대학교,예체능계열,82,3,3.66,청운대학교
2016,청운대학교,인문사회계열,797,12,1.51,청운대학교
2016,청운대학교,자연과학계열,110,3,2.73,청운대학교
2016,청주교육대학교,공학계열,29,0,0.0,청주교육대학교
2016,청주교육대학교,예체능계열,75,2,2.67,청주교육대학교
2016,청주교육대학교,인문사회계열,161,0,0.0,청주교육대학교
2016,청주교육대학교,자연과학계열,53,0,0.0,청주교육대학교
2016,청주대학교,공학계열,653,23,3.52,청주대학교
2016,청주대학교,예체능계열,292,12,4.11,청주대학교
2016,청주대학교,의학계열,33,3,9.09,청주대학교
2016,청주대학교,인문사회계열,1325,20,1.51,청주대학교
2016,청주대학교,자연과학계열,382,36,9.42,청주대학교
2016,총신대학교,예체능계열,84,3,3.57,총신대학교
2016,총신대학교,인문사회계열,273,49,17.95,총신대학교
2016,추계예술대학교,예체능계열,270,21,7.78,추계예술대학교
2016,추계예술대학교,인문사회계열,18,0,0.0,추계예술대학교
2016,춘천교육대학교,공학계열,27,0,0.0,춘천교육대학교
2016,춘천교육대학교,예체능계열,91,0,0.0,춘천교육대학교
2016,춘천교육대학교,인문사회계열,173,0,0.0,춘천교육대학교
2016,춘천교육대학교,자연과학계열,63,0,0.0,춘천교육대학교
2016,충남대학교,공학계열,1318,190,14.42,충남대학교
2016,충남대학교,예체능계열,135,20,14.81,충남대학교
2016,충남대학교,의학계열,57,10,17.54,충남대학교
2016,충남대학교,인문사회계열,1305,38,2.91,충남대학교
2016,충남대학교,자연과학계열,1156,227,19.64,충남대학교
2016,충북대학교,공학계열,1253,130,10.38,충북대학교
2016,충북대학교,예체능계열,112,7,6.25,충북대학교
2016,충북대학교,의학계열,110,21,19.09,충북대학교
2016,충북대학교,인문사회계열,1041,43,4.13,충북대학교
2016,충북대학교,자연과학계열,994,158,15.9,충북대학교
2016,칼빈대학교,예체능계열,16,2,12.5,칼빈대학교
2016,칼빈대학교,인문사회계열,93,14,15.05,칼빈대학교
2016,평택대학교,공학계열,159,2,1.26,평택대학교
2016,평택대학교,예체능계열,164,8,4.88,평택대학교
2016,평택대학교,인문사회계열,672,10,1.49,평택대학교
2016,포항공과대학교,공학계열,149,91,61.07,포항공과대학교
2016,포항공과대학교,자연과학계열,173,109,63.01,포항공과대학교
2016,한국과학기술원,공학계열,427,262,61.36,한국과학기술원
2016,한국과학기술원,인문사회계열,8,1,12.5,한국과학기술원
2016,한국과학기술원,자연과학계열,432,298,68.98,한국과학기술원
2016,한국교원대학교,공학계열,54,2,3.7,한국교원대학교
2016,한국교원대학교,예체능계열,51,0,0.0,한국교원대학교
2016,한국교원대학교,인문사회계열,331,6,1.81,한국교원대학교
2016,한국교원대학교,자연과학계열,128,1,0.78,한국교원대학교
2016,한국기술교육대학교,공학계열,732,46,6.28,한국기술교육대학교
2016,한국기술교육대학교,예체능계열,42,4,9.52,한국기술교육대학교
2016,한국기술교육대학교,자연과학계열,79,20,25.32,한국기술교육대학교
2016,한국방송통신대학교,공학계열,4008,86,2.15,한국방송통신대학교
2016,한국방송통신대학교,예체능계열,432,25,5.79,한국방송통신대학교
2016,한국방송통신대학교,인문사회계열,16101,460,2.86,한국방송통신대학교
2016,한국방송통신대학교,자연과학계열,3294,87,2.64,한국방송통신대학교
2016,한국성서대학교,공학계열,27,0,0.0,한국성서대학교
2016,한국성서대학교,인문사회계열,159,22,13.84,한국성서대학교
2016,한국성서대학교,자연과학계열,43,0,0.0,한국성서대학교
2016,한국예술종합학교,공학계열,17,0,0.0,한국예술종합학교
2016,한국예술종합학교,예체능계열,417,62,14.87,한국예술종합학교
2016,한국예술종합학교,인문사회계열,26,3,11.54,한국예술종합학교
2016,한국외국어대학교,공학계열,416,26,6.25,한국외국어대학교
2016,한국외국어대학교,인문사회계열,3483,204,5.86,한국외국어대학교
2016,한국외국어대학교,자연과학계열,278,58,20.86,한국외국어대학교
2016,한국체육대학교,예체능계열,523,22,4.21,한국체육대학교
2016,한국체육대학교,인문사회계열,30,2,6.67,한국체육대학교
2016,한국침례신학대학교,예체능계열,45,7,15.56,한국침례신학대학교
2016,한국침례신학대학교,인문사회계열,319,40,12.54,한국침례신학대학교
2016,한국항공대학교,공학계열,717,81,11.3,한국항공대학교
2016,한국항공대학교,인문사회계열,146,3,2.05,한국항공대학교
2016,한국항공대학교,자연과학계열,70,4,5.71,한국항공대학교
2016,한남대학교,공학계열,537,23,4.28,한남대학교
2016,한남대학교,예체능계열,261,17,6.51,한남대학교
2016,한남대학교,인문사회계열,1371,47,3.43,한남대학교
2016,한남대학교,자연과학계열,420,65,15.48,한남대학교
2016,한동대학교,공학계열,292,41,14.04,한동대학교
2016,한동대학교,예체능계열,44,3,6.82,한동대학교
2016,한동대학교,인문사회계열,380,58,15.26,한동대학교
2016,한동대학교,자연과학계열,125,36,28.8,한동대학교
2016,한라대학교,공학계열,394,12,3.05,한라대학교
2016,한라대학교,예체능계열,47,0,0.0,한라대학교
2016,한라대학교,인문사회계열,403,0,0.0,한라대학교
2016,한라대학교,자연과학계열,35,2,5.71,한라대학교
2016,한림대학교,공학계열,244,25,10.25,한림대학교
2016,한림대학교,예체능계열,120,1,0.83,한림대학교
2016,한림대학교,의학계열,68,0,0.0,한림대학교
2016,한림대학교,인문사회계열,1124,38,3.38,한림대학교
2016,한림대학교,자연과학계열,483,91,18.84,한림대학교
2016,한서대학교,공학계열,586,14,2.39,한서대학교
2016,한서대학교,예체능계열,228,3,1.32,한서대학교
2016,한서대학교,인문사회계열,536,13,2.43,한서대학교
2016,한서대학교,자연과학계열,356,12,3.37,한서대학교
2016,한성대학교,공학계열,341,12,3.52,한성대학교
2016,한성대학교,예체능계열,242,5,2.07,한성대학교
2016,한성대학교,인문사회계열,380,1,0.26,한성대학교
2016,한성대학교,자연과학계열,73,0,0.0,한성대학교
2016,한세대학교,공학계열,142,3,2.11,한세대학교
2016,한세대학교,예체능계열,132,6,4.55,한세대학교
2016,한세대학교,인문사회계열,318,22,6.92,한세대학교
2016,한신대학교,공학계열,206,4,1.94,한신대학교
2016,한신대학교,예체능계열,36,0,0.0,한신대학교
2016,한신대학교,인문사회계열,803,51,6.35,한신대학교
2016,한신대학교,자연과학계열,95,4,4.21,한신대학교
2016,한양대학교,공학계열,1228,251,20.44,한양대학교
2016,한양대학교,예체능계열,239,42,17.57,한양대학교
2016,한양대학교,의학계열,55,0,0.0,한양대학교
2016,한양대학교,인문사회계열,1409,143,10.15,한양대학교
2016,한양대학교,자연과학계열,716,181,25.28,한양대학교
2016,한양대학교(ERICA) _분교,공학계열,800,150,18.75,한양대학교(ERICA) _분교
2016,한양대학교(ERICA) _분교,예체능계열,264,20,7.58,한양대학교(ERICA) _분교
2016,한양대학교(ERICA) _분교,인문사회계열,640,20,3.12,한양대학교(ERICA) _분교
2016,한양대학교(ERICA) _분교,자연과학계열,639,110,17.21,한양대학교(ERICA) _분교
2016,한일장신대학교,예체능계열,38,3,7.89,한일장신대학교
2016,한일장신대학교,인문사회계열,159,22,13.84,한일장신대학교
2016,협성대학교,공학계열,86,4,4.65,협성대학교
2016,협성대학교,예체능계열,158,5,3.16,협성대학교
2016,협성대학교,의학계열,58,3,5.17,협성대학교
2016,협성대학교,인문사회계열,642,31,4.83,협성대학교
2016,협성대학교,자연과학계열,34,3,8.82,협성대학교
2016,호남대학교,공학계열,470,14,2.98,호남대학교
2016,호남대학교,예체능계열,196,11,5.61,호남대학교
2016,호남대학교,인문사회계열,697,15,2.15,호남대학교
2016,호남대학교,자연과학계열,192,6,3.12,호남대학교
2016,호남신학대학교,예체능계열,29,3,10.34,호남신학대학교
2016,호남신학대학교,인문사회계열,81,36,44.44,호남신학대학교
2016,호서대학교,공학계열,1234,78,6.32,호서대학교
2016,호서대학교,예체능계열,401,18,4.49,호서대학교
2016,호서대학교,인문사회계열,994,7,0.7,호서대학교
2016,호서대학교,자연과학계열,337,36,10.68,호서대학교
2016,호원대학교,공학계열,355,3,0.85,호원대학교
2016,호원대학교,예체능계열,123,1,0.81,호원대학교
2016,호원대학교,인문사회계열,398,8,2.01,호원대학교
2016,호원대학교,자연과학계열,101,0,0.0,호원대학교
2016,홍익대학교,공학계열,1069,71,6.64,홍익대학교
2016,홍익대학교,예체능계열,422,36,8.53,홍익대학교
2016,홍익대학교,인문사회계열,1068,32,3.0,홍익대학교
2016,홍익대학교,자연과학계열,275,35,12.73,홍익대학교
2016,화성의과학대학교,공학계열,37,0,0.0,화성의과학대학교
2016,화성의과학대학교,예체능계열,18,2,11.11,화성의과학대학교
2016,화성의과학대학교,인문사회계열,104,2,1.92,화성의과학대학교
2016,화성의과학대학교,자연과학계열,13,2,15.38,화성의과학대학교
2017,가천대학교,공학계열,1296,57,4.4,가천대학교
2017,가천대학교,예체능계열,469,22,4.69,가천대학교
2017,가천대학교,의학계열,27,0,0.0,가천대학교
2017,가천대학교,인문사회계열,1492,36,2.41,가천대학교
2017,가천대학교,자연과학계열,816,87,10.66,가천대학교
2017,가톨릭관동대학교,공학계열,359,6,1.67,가톨릭관동대학교
2017,가톨릭관동대학교,예체능계열,198,7,3.54,가톨릭관동대학교
2017,가톨릭관동대학교,의학계열,53,0,0.0,가톨릭관동대학교
2017,가톨릭관동대학교,인문사회계열,1256,13,1.04,가톨릭관동대학교
2017,가톨릭관동대학교,자연과학계열,97,2,2.06,가톨릭관동대학교
2017,가톨릭꽃동네대학교,공학계열,50,0,0.0,가톨릭꽃동네대학교
2017,가톨릭꽃동네대학교,인문사회계열,90,0,0.0,가톨릭꽃동네대학교
2017,가톨릭대학교,공학계열,186,10,5.38,가톨릭대학교
2017,가톨릭대학교,예체능계열,44,2,4.55,가톨릭대학교
2017,가톨릭대학교,인문사회계열,1065,72,6.76,가톨릭대학교
2017,가톨릭대학교,자연과학계열,375,64,17.07,가톨릭대학교
2017,가톨릭대학교 _제2캠퍼스,공학계열,103,0,0.0,가톨릭대학교 _제2캠퍼스
2017,가톨릭대학교 _제2캠퍼스,의학계열,4,0,0.0,가톨릭대학교 _제2캠퍼스
2017,가톨릭대학교 _제3캠퍼스,인문사회계열,39,20,51.28,가톨릭대학교 _제3캠퍼스
2017,감리교신학대학교,인문사회계열,219,104,47.49,감리교신학대학교
2017,강남대학교,공학계열,284,7,2.46,강남대학교
2017,강남대학교,예체능계열,180,4,2.22,강남대학교
2017,강남대학교,인문사회계열,1071,11,1.03,강남대학교
2017,강남대학교,자연과학계열,64,1,1.56,강남대학교
2017,강서대학교,예체능계열,28,2,7.14,강서대학교
2017,강서대학교,인문사회계열,205,11,5.37,강서대학교
2017,강원대학교,공학계열,827,79,9.55,강원대학교
2017,강원대학교,예체능계열,158,14,8.86,강원대학교
2017,강원대학교,의학계열,40,6,15.0,강원대학교
2017,강원대학교,인문사회계열,1225,41,3.35,강원대학교
2017,강원대학교,자연과학계열,1115,207,18.57,강원대학교
2017,강원대학교 _제2캠퍼스,공학계열,739,20,2.71,강원대학교 _제2캠퍼스
2017,강원대학교 _제2캠퍼스,예체능계열,74,7,9.46,강원대학교 _제2캠퍼스
2017,강원대학교 _제2캠퍼스,인문사회계열,303,3,0.99,강원대학교 _제2캠퍼스
2017,강원대학교 _제2캠퍼스,자연과학계열,318,20,6.29,강원대학교 _제2캠퍼스
2017,건국대학교,공학계열,1074,85,7.91,건국대학교
2017,건국대학교,예체능계열,264,13,4.92,건국대학교
2017,건국대학교,의학계열,89,16,17.98,건국대학교
2017,건국대학교,인문사회계열,1422,45,3.16,건국대학교
2017,건국대학교,자연과학계열,960,146,15.21,건국대학교
2017,건국대학교(글로컬) _분교,공학계열,561,21,3.74,건국대학교(글로컬) _분교
2017,건국대학교(글로컬) _분교,예체능계열,221,8,3.62,건국대학교(글로컬) _분교
2017,건국대학교(글로컬) _분교,의학계열,1,0,0.0,건국대학교(글로컬) _분교
2017,건국대학교(글로컬) _분교,인문사회계열,896,20,2.23,건국대학교(글로컬) _분교
2017,건국대학교(글로컬) _분교,자연과학계열,402,76,18.91,건국대학교(글로컬) _분교
2017,건양대학교,공학계열,266,9,3.38,건양대학교
2017,건양대학교,예체능계열,128,3,2.34,건양대학교
2017,건양대학교,인문사회계열,479,5,1.04,건양대학교
2017,건양대학교,자연과학계열,254,26,10.24,건양대학교
2017,건양대학교 _제2캠퍼스,공학계열,286,5,1.75,건양대학교 _제2캠퍼스
2017,건양대학교 _제2캠퍼스,예체능계열,17,0,0.0,건양대학교 _제2캠퍼스
2017,건양대학교 _제2캠퍼스,의학계열,60,0,0.0,건양대학교 _제2캠퍼스
2017,건양대학교 _제2캠퍼스,인문사회계열,106,2,1.89,건양대학교 _제2캠퍼스
2017,건양대학교 _제2캠퍼스,자연과학계열,214,24,11.21,건양대학교 _제2캠퍼스
2017,경기대학교,공학계열,817,31,3.79,경기대학교
2017,경기대학교,예체능계열,162,9,5.56,경기대학교
2017,경기대학교,인문사회계열,1404,30,2.14,경기대학교
2017,경기대학교,자연과학계열,566,68,12.01,경기대학교
2017,경기대학교 _제2캠퍼스,공학계열,16,0,0.0,경기대학교 _제2캠퍼스
2017,경기대학교 _제2캠퍼스,예체능계열,32,0,0.0,경기대학교 _제2캠퍼스
2017,경기대학교 _제2캠퍼스,인문사회계열,328,1,0.3,경기대학교 _제2캠퍼스
2017,경남과학기술대학교,공학계열,180,4,2.22,경상국립대학교
2017,경남과학기술대학교,예체능계열,17,0,0.0,경상국립대학교
2017,경남과학기술대학교,인문사회계열,61,0,0.0,경상국립대학교
2017,경남과학기술대학교,자연과학계열,112,6,5.36,경상국립대학교
2017,경남대학교,공학계열,835,33,3.95,경남대학교
2017,경남대학교,예체능계열,238,5,2.1,경남대학교
2017,경남대학교,인문사회계열,1642,33,2.01,경남대학교
2017,경남대학교,자연과학계열,361,24,6.65,경남대학교
2017,경동대학교,공학계열,346,2,0.58,경동대학교
2017,경동대학교,예체능계열,55,0,0.0,경동대학교
2017,경동대학교,인문사회계열,306,3,0.98,경동대학교
2017,경동대학교,자연과학계열,111,0,0.0,경동대학교
2017,경북대학교,공학계열,1700,179,10.53,경북대학교
2017,경북대학교,예체능계열,179,16,8.94,경북대학교
2017,경북대학교,의학계열,60,9,15.0,경북대학교
2017,경북대학교,인문사회계열,1786,81,4.54,경북대학교
2017,경북대학교,자연과학계열,1451,240,16.54,경북대학교
2017,경상국립대학교,공학계열,1111,67,6.03,경상국립대학교
2017,경상국립대학교,예체능계열,79,4,5.06,경상국립대학교
2017,경상국립대학교,의학계열,80,15,18.75,경상국립대학교
2017,경상국립대학교,인문사회계열,1174,25,2.13,경상국립대학교
2017,경상국립대학교,자연과학계열,962,129,13.41,경상국립대학교
2017,경성대학교,공학계열,592,23,3.89,경성대학교
2017,경성대학교,예체능계열,485,25,5.15,경성대학교
2017,경성대학교,의학계열,38,3,7.89,경성대학교
2017,경성대학교,인문사회계열,1480,23,1.55,경성대학교
2017,경성대학교,자연과학계열,423,15,3.55,경성대학교
2017,경일대학교,공학계열,579,10,1.73,경일대학교
2017,경일대학교,예체능계열,213,10,4.69,경일대학교
2017,경일대학교,인문사회계열,368,6,1.63,경일대학교
2017,경일대학교,자연과학계열,62,3,4.84,경일대학교
2017,경희대학교,공학계열,1382,136,9.84,경희대학교
2017,경희대학교,예체능계열,542,51,9.41,경희대학교
2017,경희대학교,의학계열,153,10,6.54,경희대학교
2017,경희대학교,인문사회계열,2136,75,3.51,경희대학교
2017,경희대학교,자연과학계열,1134,247,21.78,경희대학교
2017,계명대학교,공학계열,1061,44,4.15,계명대학교
2017,계명대학교,예체능계열,824,82,9.95,계명대학교
2017,계명대학교,의학계열,70,0,0.0,계명대학교
2017,계명대학교,인문사회계열,2457,78,3.17,계명대학교
2017,계명대학교,자연과학계열,651,67,10.29,계명대학교
2017,고려대학교,공학계열,1049,242,23.07,고려대학교
2017,고려대학교,예체능계열,121,6,4.96,고려대학교
2017,고려대학교,의학계열,56,0,0.0,고려대학교
2017,고려대학교,인문사회계열,2065,229,11.09,고려대학교
2017,고려대학교,자연과학계열,1102,407,36.93,고려대학교
2017,고려대학교(세종) _분교,공학계열,381,63,16.54,고려대학교(세종) _분교
2017,고려대학교(세종) _분교,예체능계열,135,15,11.11,고려대학교(세종) _분교
2017,고려대학교(세종) _분교,인문사회계열,740,41,5.54,고려대학교(세종) _분교
2017,고려대학교(세종) _분교,자연과학계열,247,53,21.46,고려대학교(세종) _분교
2017,고신대학교,공학계열,165,1,0.61,고신대학교
2017,고신대학교,예체능계열,104,2,1.92,고신대학교
2017,고신대학교,의학계열,71,0,0.0,고신대학교
2017,고신대학교,인문사회계열,363,32,8.82,고신대학교
2017,고신대학교,자연과학계열,78,7,8.97,고신대학교
2017,공주교육대학교,공학계열,25,0,0.0,공주교육대학교
2017,공주교육대학교,예체능계열,80,1,1.25,공주교육대학교
2017,공주교육대학교,인문사회계열,219,0,0.0,공주교육대학교
2017,공주교육대학교,자연과학계열,57,3,5.26,공주교육대학교
2017,광신대학교,예체능계열,21,1,4.76,광신대학교
2017,광신대학교,인문사회계열,80,29,36.25,광신대학교
2017,광운대학교,공학계열,979,89,9.09,광운대학교
2017,광운대학교,예체능계열,119,2,1.68,광운대학교
2017,광운대학교,인문사회계열,664,14,2.11,광운대학교
2017,광운대학교,자연과학계열,311,54,17.36,광운대학교
2017,광주가톨릭대학교,인문사회계열,18,7,38.89,광주가톨릭대학교
2017,광주과학기술원,공학계열,14,12,85.71,광주과학기술원
2017,광주과학기술원,자연과학계열,70,66,94.29,광주과학기술원
2017,광주교육대학교,공학계열,25,0,0.0,광주교육대학교
2017,광주교육대학교,예체능계열,83,1,1.2,광주교육대학교
2017,광주교육대학교,인문사회계열,179,0,0.0,광주교육대학교
2017,광주교육대학교,자연과학계열,63,0,0.0,광주교육대학교
2017,광주대학교,공학계열,327,4,1.22,광주대학교
2017,광주대학교,예체능계열,219,5,2.28,광주대학교
2017,광주대학교,의학계열,24,3,12.5,광주대학교
2017,광주대학교,인문사회계열,978,26,2.66,광주대학교
2017,광주대학교,자연과학계열,103,4,3.88,광주대학교
2017,광주여자대학교,공학계열,198,0,0.0,광주여자대학교
2017,광주여자대학교,예체능계열,100,6,6.0,광주여자대학교
2017,광주여자대학교,의학계열,25,0,0.0,광주여자대학교
2017,광주여자대학교,인문사회계열,372,4,1.08,광주여자대학교
2017,광주여자대학교,자연과학계열,268,10,3.73,광주여자대학교
2017,국립강릉원주대학교,공학계열,167,11,6.59,국립강릉원주대학교
2017,국립강릉원주대학교,예체능계열,88,8,9.09,국립강릉원주대학교
2017,국립강릉원주대학교,의학계열,41,0,0.0,국립강릉원주대학교
2017,국립강릉원주대학교,인문사회계열,600,8,1.33,국립강릉원주대학교
2017,국립강릉원주대학교,자연과학계열,388,47,12.11,국립강릉원주대학교
2017,국립강릉원주대학교 _제2캠퍼스,공학계열,336,5,1.49,국립강릉원주대학교 _제2캠퍼스
2017,국립강릉원주대학교 _제2캠퍼스,예체능계열,75,6,8.0,국립강릉원주대학교 _제2캠퍼스
2017,국립강릉원주대학교 _제2캠퍼스,인문사회계열,81,0,0.0,국립강릉원주대학교 _제2캠퍼스
2017,국립경국대학교,공학계열,492,29,5.89,국립경국대학교
2017,국립경국대학교,예체능계열,100,16,16.0,국립경국대학교
2017,국립경국대학교,의학계열,34,2,5.88,국립경국대학교
2017,국립경국대학교,인문사회계열,486,17,3.5,국립경국대학교
2017,국립경국대학교,자연과학계열,400,41,10.25,국립경국대학교
2017,국립공주대학교,공학계열,1130,54,4.78,국립공주대학교
2017,국립공주대학교,예체능계열,274,11,4.01,국립공주대학교
2017,국립공주대학교,인문사회계열,909,14,1.54,국립공주대학교
2017,국립공주대학교,자연과학계열,779,109,13.99,국립공주대학교
2017,국립군산대학교,공학계열,643,48,7.47,국립군산대학교
2017,국립군산대학교,예체능계열,84,15,17.86,국립군산대학교
2017,국립군산대학교,의학계열,32,0,0.0,국립군산대학교
2017,국립군산대학교,인문사회계열,517,15,2.9,국립군산대학교
2017,국립군산대학교,자연과학계열,451,28,6.21,국립군산대학교
2017,국립금오공과대학교,공학계열,988,86,8.7,국립금오공과대학교
2017,국립금오공과대학교,예체능계열,65,6,9.23,국립금오공과대학교
2017,국립금오공과대학교,인문사회계열,56,0,0.0,국립금오공과대학교
2017,국립금오공과대학교,자연과학계열,293,48,16.38,국립금오공과대학교
2017,국립목포대학교,공학계열,522,14,2.68,국립목포대학교
2017,국립목포대학교,예체능계열,86,9,10.47,국립목포대학교
2017,국립목포대학교,인문사회계열,645,6,0.93,국립목포대학교
2017,국립목포대학교,자연과학계열,265,18,6.79,국립목포대학교
2017,국립목포해양대학교,공학계열,608,11,1.81,국립목포해양대학교
2017,국립목포해양대학교,자연과학계열,16,1,6.25,국립목포해양대학교
2017,국립부경대학교,공학계열,1659,109,6.57,국립부경대학교
2017,국립부경대학교,예체능계열,114,10,8.77,국립부경대학교
2017,국립부경대학교,의학계열,34,3,8.82,국립부경대학교
2017,국립부경대학교,인문사회계열,1248,19,1.52,국립부경대학교
2017,국립부경대학교,자연과학계열,953,104,10.91,국립부경대학교
2017,국립순천대학교,공학계열,461,23,4.99,국립순천대학교
2017,국립순천대학교,예체능계열,158,5,3.16,국립순천대학교
2017,국립순천대학교,의학계열,19,0,0.0,국립순천대학교
2017,국립순천대학교,인문사회계열,565,7,1.24,국립순천대학교
2017,국립순천대학교,자연과학계열,420,37,8.81,국립순천대학교
2017,국립창원대학교,공학계열,677,50,7.39,국립창원대학교
2017,국립창원대학교,예체능계열,116,19,16.38,국립창원대학교
2017,국립창원대학교,인문사회계열,757,7,0.92,국립창원대학교
2017,국립창원대학교,자연과학계열,283,25,8.83,국립창원대학교
2017,국립한국교통대학교,공학계열,1010,40,3.96,국립한국교통대학교
2017,국립한국교통대학교,예체능계열,57,2,3.51,국립한국교통대학교
2017,국립한국교통대학교,인문사회계열,348,1,0.29,국립한국교통대학교
2017,국립한국교통대학교,자연과학계열,194,18,9.28,국립한국교통대학교
2017,국립한국해양대학교,공학계열,961,59,6.14,국립한국해양대학교
2017,국립한국해양대학교,예체능계열,22,2,9.09,국립한국해양대학교
2017,국립한국해양대학교,인문사회계열,426,5,1.17,국립한국해양대학교
2017,국립한국해양대학교,자연과학계열,130,21,16.15,국립한국해양대학교
2017,국민대학교,공학계열,837,108,12.9,국민대학교
2017,국민대학교,예체능계열,453,52,11.48,국민대학교
2017,국민대학교,인문사회계열,1585,33,2.08,국민대학교
2017,국민대학교,자연과학계열,537,101,18.81,국민대학교
2017,극동대학교,공학계열,282,0,0.0,극동대학교
2017,극동대학교,예체능계열,154,2,1.3,극동대학교
2017,극동대학교,인문사회계열,427,4,0.94,극동대학교
2017,극동대학교,자연과학계열,89,0,0.0,극동대학교
2017,금강대학교,인문사회계열,68,3,4.41,금강대학교
2017,김천대학교,공학계열,141,5,3.55,김천대학교
2017,김천대학교,예체능계열,46,0,0.0,김천대학교
2017,김천대학교,인문사회계열,204,3,1.47,김천대학교
2017,김천대학교,자연과학계열,374,5,1.34,김천대학교
2017,나사렛대학교,공학계열,141,2,1.42,나사렛대학교
2017,나사렛대학교,예체능계열,234,8,3.42,나사렛대학교
2017,나사렛대학교,인문사회계열,827,14,1.69,나사렛대학교
2017,나사렛대학교,자연과학계열,74,2,2.7,나사렛대학교
2017,남부대학교,공학계열,184,2,1.09,남부대학교
2017,남부대학교,예체능계열,114,3,2.63,남부대학교
2017,남부대학교,의학계열,20,0,0.0,남부대학교
2017,남부대학교,인문사회계열,172,3,1.74,남부대학교
2017,남부대학교,자연과학계열,163,4,2.45,남부대학교
2017,단국대학교,공학계열,652,52,7.98,단국대학교
2017,단국대학교,예체능계열,290,47,16.21,단국대학교
2017,단국대학교,인문사회계열,1398,49,3.51,단국대학교
2017,단국대학교,자연과학계열,505,61,12.08,단국대학교
2017,대구가톨릭대학교,공학계열,847,50,5.9,대구가톨릭대학교
2017,대구가톨릭대학교,예체능계열,276,24,8.7,대구가톨릭대학교
2017,대구가톨릭대학교,의학계열,46,0,0.0,대구가톨릭대학교
2017,대구가톨릭대학교,인문사회계열,1463,59,4.03,대구가톨릭대학교
2017,대구가톨릭대학교,자연과학계열,538,56,10.41,대구가톨릭대학교
2017,대구교육대학교,공학계열,30,0,0.0,대구교육대학교
2017,대구교육대학교,예체능계열,89,0,0.0,대구교육대학교
2017,대구교육대학교,인문사회계열,216,3,1.39,대구교육대학교
2017,대구교육대학교,자연과학계열,60,1,1.67,대구교육대학교
2017,대구대학교,공학계열,1095,38,3.47,대구대학교
2017,대구대학교,예체능계열,313,26,8.31,대구대학교
2017,대구대학교,인문사회계열,2282,68,2.98,대구대학교
2017,대구대학교,자연과학계열,741,59,7.96,대구대학교
2017,대구예술대학교,공학계열,22,0,0.0,대구예술대학교
2017,대구예술대학교,예체능계열,193,11,5.7,대구예술대학교
2017,대구예술대학교,인문사회계열,31,9,29.03,대구예술대학교
2017,대구예술대학교,자연과학계열,23,1,4.35,대구예술대학교
2017,대구한의대학교,공학계열,295,19,6.44,대구한의대학교
2017,대구한의대학교,예체능계열,101,6,5.94,대구한의대학교
2017,대구한의대학교,의학계열,142,4,2.82,대구한의대학교
2017,대구한의대학교,인문사회계열,394,23,5.84,대구한의대학교
2017,대구한의대학교,자연과학계열,514,32,6.23,대구한의대학교
2017,대신대학교,예체능계열,18,3,16.67,대신대학교
2017,대신대학교,인문사회계열,58,21,36.21,대신대학교
2017,대전가톨릭대학교,인문사회계열,16,13,81.25,대전가톨릭대학교
2017,대전대학교,공학계열,506,16,3.16,대전대학교
2017,대전대학교,예체능계열,255,4,1.57,대전대학교
2017,대전대학교,의학계열,74,2,2.7,대전대학교
2017,대전대학교,인문사회계열,902,14,1.55,대전대학교
2017,대전대학교,자연과학계열,327,28,8.56,대전대학교
2017,대전신학대학교,인문사회계열,36,13,36.11,대전신학대학교
2017,대진대학교,공학계열,423,16,3.78,대진대학교
2017,대진대학교,예체능계열,214,22,10.28,대진대학교
2017,대진대학교,인문사회계열,855,16,1.87,대진대학교
2017,대진대학교,자연과학계열,233,19,8.15,대진대학교
2017,덕성여자대학교,공학계열,61,4,6.56,덕성여자대학교
2017,덕성여자대학교,예체능계열,135,14,10.37,덕성여자대학교
2017,덕성여자대학교,인문사회계열,688,45,6.54,덕성여자대학교
2017,덕성여자대학교,자연과학계열,347,33,9.51,덕성여자대학교
2017,동국대학교,공학계열,879,55,6.26,동국대학교
2017,동국대학교,예체능계열,224,20,8.93,동국대학교
2017,동국대학교,인문사회계열,1583,90,5.69,동국대학교
2017,동국대학교,자연과학계열,454,88,19.38,동국대학교
2017,동국대학교(WISE) _분교,공학계열,277,7,2.53,동국대학교(WISE) _분교
2017,동국대학교(WISE) _분교,예체능계열,160,15,9.38,동국대학교(WISE) _분교
2017,동국대학교(WISE) _분교,의학계열,91,3,3.3,동국대학교(WISE) _분교
2017,동국대학교(WISE) _분교,인문사회계열,946,43,4.55,동국대학교(WISE) _분교
2017,동국대학교(WISE) _분교,자연과학계열,221,24,10.86,동국대학교(WISE) _분교
2017,동덕여자대학교,공학계열,250,7,2.8,동덕여자대학교
2017,동덕여자대학교,예체능계열,488,39,7.99,동덕여자대학교
2017,동덕여자대학교,의학계열,50,4,8.0,동덕여자대학교
2017,동덕여자대학교,인문사회계열,828,29,3.5,동덕여자대학교
2017,동덕여자대학교,자연과학계열,225,17,7.56,동덕여자대학교
2017,동명대학교,공학계열,1047,17,1.62,동명대학교
2017,동명대학교,예체능계열,241,8,3.32,동명대학교
2017,동명대학교,인문사회계열,747,19,2.54,동명대학교
2017,동명대학교,자연과학계열,72,2,2.78,동명대학교
2017,동서대학교,공학계열,528,11,2.08,동서대학교
2017,동서대학교,예체능계열,410,3,0.73,동서대학교
2017,동서대학교,인문사회계열,1185,15,1.27,동서대학교
2017,동서대학교,자연과학계열,250,10,4.0,동서대학교
2017,동신대학교,공학계열,464,6,1.29,동신대학교
2017,동신대학교,예체능계열,152,2,1.32,동신대학교
2017,동신대학교,의학계열,53,0,0.0,동신대학교
2017,동신대학교,인문사회계열,641,11,1.72,동신대학교
2017,동신대학교,자연과학계열,292,8,2.74,동신대학교
2017,동아대학교,공학계열,1341,48,3.58,동아대학교
2017,동아대학교,예체능계열,419,30,7.16,동아대학교
2017,동아대학교,의학계열,20,0,0.0,동아대학교
2017,동아대학교,인문사회계열,1665,42,2.52,동아대학교
2017,동아대학교,자연과학계열,975,108,11.08,동아대학교
2017,동양대학교,공학계열,548,3,0.55,동양대학교
2017,동양대학교,예체능계열,43,1,2.33,동양대학교
2017,동양대학교,인문사회계열,261,8,3.07,동양대학교
2017,동양대학교,자연과학계열,53,3,5.66,동양대학교
2017,동의대학교,공학계열,1387,30,2.16,동의대학교
2017,동의대학교,예체능계열,208,13,6.25,동의대학교
2017,동의대학교,의학계열,48,0,0.0,동의대학교
2017,동의대학교,인문사회계열,1458,18,1.23,동의대학교
2017,동의대학교,자연과학계열,513,21,4.09,동의대학교
2017,루터대학교,예체능계열,28,2,7.14,루터대학교
2017,루터대학교,인문사회계열,63,2,3.17,루터대학교
2017,명지대학교,공학계열,868,76,8.76,명지대학교
2017,명지대학교,예체능계열,288,17,5.9,명지대학교
2017,명지대학교,자연과학계열,459,66,14.38,명지대학교
2017,명지대학교 _제2캠퍼스,공학계열,115,0,0.0,명지대학교 _제2캠퍼스
2017,명지대학교 _제2캠퍼스,예체능계열,47,11,23.4,명지대학교 _제2캠퍼스
2017,명지대학교 _제2캠퍼스,인문사회계열,1619,51,3.15,명지대학교 _제2캠퍼스
2017,목원대학교,공학계열,364,8,2.2,목원대학교
2017,목원대학교,예체능계열,407,35,8.6,목원대학교
2017,목원대학교,인문사회계열,864,60,6.94,목원대학교
2017,목원대학교,자연과학계열,296,35,11.82,목원대학교
2017,목포가톨릭대학교,공학계열,93,0,0.0,목포가톨릭대학교
2017,목포가톨릭대학교,인문사회계열,31,0,0.0,목포가톨릭대학교
2017,배재대학교,공학계열,347,12,3.46,배재대학교
2017,배재대학교,예체능계열,157,31,19.75,배재대학교
2017,배재대학교,인문사회계열,1193,52,4.36,배재대학교
2017,배재대학교,자연과학계열,415,49,11.81,배재대학교
2017,백석대학교,공학계열,793,11,1.39,백석대학교
2017,백석대학교,예체능계열,557,25,4.49,백석대학교
2017,백석대학교,인문사회계열,1722,36,2.09,백석대학교
2017,백석대학교,자연과학계열,88,1,1.14,백석대학교
2017,부산가톨릭대학교,공학계열,251,2,0.8,부산가톨릭대학교
2017,부산가톨릭대학교,인문사회계열,348,5,1.44,부산가톨릭대학교
2017,부산가톨릭대학교,자연과학계열,375,4,1.07,부산가톨릭대학교
2017,부산교육대학교,공학계열,30,0,0.0,부산교육대학교
2017,부산교육대학교,예체능계열,88,0,0.0,부산교육대학교
2017,부산교육대학교,인문사회계열,216,0,0.0,부산교육대학교
2017,부산교육대학교,자연과학계열,58,0,0.0,부산교육대학교
2017,부산대학교,공학계열,1505,233,15.48,부산대학교
2017,부산대학교,예체능계열,331,46,13.9,부산대학교
2017,부산대학교,의학계열,2,0,0.0,부산대학교
2017,부산대학교,인문사회계열,1543,70,4.54,부산대학교
2017,부산대학교,자연과학계열,1190,227,19.08,부산대학교
2017,부산외국어대학교,공학계열,80,1,1.25,부산외국어대학교
2017,부산외국어대학교,예체능계열,84,2,2.38,부산외국어대학교
2017,부산외국어대학교,인문사회계열,1512,29,1.92,부산외국어대학교
2017,부산외국어대학교,자연과학계열,42,2,4.76,부산외국어대학교
2017,부산장신대학교,인문사회계열,61,25,40.98,부산장신대학교
2017,삼육대학교,공학계열,281,13,4.63,삼육대학교
2017,삼육대학교,예체능계열,230,4,1.74,삼육대학교
2017,삼육대학교,의학계열,31,0,0.0,삼육대학교
2017,삼육대학교,인문사회계열,504,24,4.76,삼육대학교
2017,삼육대학교,자연과학계열,302,28,9.27,삼육대학교
2017,상명대학교,공학계열,232,21,9.05,상명대학교
2017,상명대학교,예체능계열,202,20,9.9,상명대학교
2017,상명대학교,인문사회계열,697,18,2.58,상명대학교
2017,상명대학교,자연과학계열,387,35,9.04,상명대학교
2017,상지대학교,공학계열,515,16,3.11,상지대학교
2017,상지대학교,예체능계열,132,2,1.52,상지대학교
2017,상지대학교,의학계열,60,0,0.0,상지대학교
2017,상지대학교,인문사회계열,634,7,1.1,상지대학교
2017,상지대학교,자연과학계열,278,16,5.76,상지대학교
2017,서강대학교,공학계열,334,110,32.93,서강대학교
2017,서강대학교,인문사회계열,1596,124,7.77,서강대학교
2017,서강대학교,자연과학계열,346,115,33.24,서강대학교
2017,서경대학교,공학계열,360,17,4.72,서경대학교
2017,서경대학교,예체능계열,244,7,2.87,서경대학교
2017,서경대학교,인문사회계열,586,3,0.51,서경대학교
2017,서경대학교,자연과학계열,258,19,7.36,서경대학교
2017,서울교육대학교,공학계열,31,0,0.0,서울교육대학교
2017,서울교육대학교,예체능계열,89,0,0.0,서울교육대학교
2017,서울교육대학교,인문사회계열,224,2,0.89,서울교육대학교
2017,서울교육대학교,자연과학계열,28,0,0.0,서울교육대학교
2017,서울기독대학교,공학계열,34,1,2.94,서울기독대학교
2017,서울기독대학교,예체능계열,18,0,0.0,서울기독대학교
2017,서울기독대학교,인문사회계열,54,2,3.7,서울기독대학교
2017,서울대학교,공학계열,834,340,40.77,서울대학교
2017,서울대학교,예체능계열,312,31,9.94,서울대학교
2017,서울대학교,의학계열,141,7,4.96,서울대학교
2017,서울대학교,인문사회계열,1235,312,25.26,서울대학교
2017,서울대학교,자연과학계열,853,391,45.84,서울대학교
2017,서울시립대학교,공학계열,614,70,11.4,서울시립대학교
2017,서울시립대학교,예체능계열,57,8,14.04,서울시립대학교
2017,서울시립대학교,인문사회계열,977,31,3.17,서울시립대학교
2017,서울시립대학교,자연과학계열,336,58,17.26,서울시립대학교
2017,서울신학대학교,공학계열,15,0,0.0,서울신학대학교
2017,서울신학대학교,예체능계열,89,8,8.99,서울신학대학교
2017,서울신학대학교,인문사회계열,402,67,16.67,서울신학대학교
2017,서울여자대학교,공학계열,278,35,12.59,서울여자대학교
2017,서울여자대학교,예체능계열,192,19,9.9,서울여자대학교
2017,서울여자대학교,인문사회계열,1090,64,5.87,서울여자대학교
2017,서울여자대학교,자연과학계열,265,40,15.09,서울여자대학교
2017,서울장신대학교,예체능계열,37,2,5.41,서울장신대학교
2017,서울장신대학교,인문사회계열,98,16,16.33,서울장신대학교
2017,서울한영대학교,예체능계열,13,1,7.69,서울한영대학교
2017,서울한영대학교,인문사회계열,110,13,11.82,서울한영대학교
2017,서원대학교,공학계열,203,3,1.48,서원대학교
2017,서원대학교,예체능계열,177,7,3.95,서원대학교
2017,서원대학교,인문사회계열,768,20,2.6,서원대학교
2017,서원대학교,자연과학계열,183,4,2.19,서원대학교
2017,선문대학교,공학계열,817,27,3.3,선문대학교
2017,선문대학교,예체능계열,127,3,2.36,선문대학교
2017,선문대학교,의학계열,26,6,23.08,선문대학교
2017,선문대학교,인문사회계열,985,19,1.93,선문대학교
2017,선문대학교,자연과학계열,260,9,3.46,선문대학교
2017,성결대학교,공학계열,266,7,2.63,성결대학교
2017,성결대학교,예체능계열,140,9,6.43,성결대학교
2017,성결대학교,인문사회계열,633,29,4.58,성결대학교
2017,성결대학교,자연과학계열,40,2,5.0,성결대학교
2017,성공회대학교,공학계열,158,3,1.9,성공회대학교
2017,성공회대학교,인문사회계열,320,6,1.88,성공회대학교
2017,성균관대학교,공학계열,943,189,20.04,성균관대학교
2017,성균관대학교,예체능계열,187,16,8.56,성균관대학교
2017,성균관대학교,의학계열,21,0,0.0,성균관대학교
2017,성균관대학교,인문사회계열,2200,217,9.86,성균관대학교
2017,성균관대학교,자연과학계열,1066,264,24.77,성균관대학교
2017,성신여자대학교,공학계열,188,3,1.6,성신여자대학교
2017,성신여자대학교,예체능계열,379,55,14.51,성신여자대학교
2017,성신여자대학교,인문사회계열,1375,77,5.6,성신여자대학교
2017,성신여자대학교,자연과학계열,466,50,10.73,성신여자대학교
2017,세명대학교,공학계열,665,9,1.35,세명대학교
2017,세명대학교,예체능계열,180,7,3.89,세명대학교
2017,세명대학교,의학계열,56,0,0.0,세명대학교
2017,세명대학교,인문사회계열,903,5,0.55,세명대학교
2017,세명대학교,자연과학계열,212,11,5.19,세명대학교
2017,세종대학교,공학계열,880,86,9.77,세종대학교
2017,세종대학교,예체능계열,339,24,7.08,세종대학교
2017,세종대학교,인문사회계열,859,15,1.75,세종대학교
2017,세종대학교,자연과학계열,424,118,27.83,세종대학교
2017,세한대학교,공학계열,82,1,1.22,세한대학교
2017,세한대학교,예체능계열,179,4,2.23,세한대학교
2017,세한대학교,인문사회계열,314,2,0.64,세한대학교
2017,세한대학교,자연과학계열,68,3,4.41,세한대학교
2017,수원가톨릭대학교,인문사회계열,30,24,80.0,수원가톨릭대학교
2017,수원대학교,공학계열,723,19,2.63,수원대학교
2017,수원대학교,예체능계열,459,19,4.14,수원대학교
2017,수원대학교,인문사회계열,733,15,2.05,수원대학교
2017,수원대학교,자연과학계열,501,33,6.59,수원대학교
2017,숙명여자대학교,공학계열,296,12,4.05,숙명여자대학교
2017,숙명여자대학교,예체능계열,376,50,13.3,숙명여자대학교
2017,숙명여자대학교,인문사회계열,1315,94,7.15,숙명여자대학교
2017,숙명여자대학교,자연과학계열,541,86,15.9,숙명여자대학교
2017,순복음총회신학교,인문사회계열,26,6,23.08,순복음총회신학교
2017,순천향대학교,공학계열,597,40,6.7,순천향대학교
2017,순천향대학교,예체능계열,115,4,3.48,순천향대학교
2017,순천향대학교,의학계열,130,2,1.54,순천향대학교
2017,순천향대학교,인문사회계열,1132,19,1.68,순천향대학교
2017,순천향대학교,자연과학계열,566,85,15.02,순천향대학교
2017,숭실대학교,공학계열,1166,88,7.55,숭실대학교
2017,숭실대학교,예체능계열,36,0,0.0,숭실대학교
2017,숭실대학교,인문사회계열,1606,65,4.05,숭실대학교
2017,숭실대학교,자연과학계열,341,83,24.34,숭실대학교
2017,신경주대학교,공학계열,124,2,1.61,신경주대학교
2017,신경주대학교,예체능계열,27,0,0.0,신경주대학교
2017,신경주대학교,인문사회계열,461,4,0.87,신경주대학교
2017,신경주대학교,자연과학계열,45,0,0.0,신경주대학교
2017,신라대학교,공학계열,509,22,4.32,신라대학교
2017,신라대학교,예체능계열,259,20,7.72,신라대학교
2017,신라대학교,인문사회계열,1044,20,1.92,신라대학교
2017,신라대학교,자연과학계열,369,17,4.61,신라대학교
2017,아신대학교,인문사회계열,144,26,18.06,아신대학교
2017,아주대학교,공학계열,926,135,14.58,아주대학교
2017,아주대학교,의학계열,24,0,0.0,아주대학교
2017,아주대학교,인문사회계열,1013,60,5.92,아주대학교
2017,아주대학교,자연과학계열,406,105,25.86,아주대학교
2017,안양대학교,공학계열,182,8,4.4,안양대학교
2017,안양대학교,예체능계열,108,6,5.56,안양대학교
2017,안양대학교,인문사회계열,639,33,5.16,안양대학교
2017,안양대학교,자연과학계열,184,11,5.98,안양대학교
2017,안양대학교 _제2캠퍼스,공학계열,31,1,3.23,안양대학교 _제2캠퍼스
2017,안양대학교 _제2캠퍼스,인문사회계열,47,0,0.0,안양대학교 _제2캠퍼스
2017,안양대학교 _제2캠퍼스,자연과학계열,21,3,14.29,안양대학교 _제2캠퍼스
2017,연세대학교,공학계열,902,249,27.61,연세대학교
2017,연세대학교,예체능계열,212,41,19.34,연세대학교
2017,연세대학교,의학계열,119,1,0.84,연세대학교
2017,연세대학교,인문사회계열,2287,341,14.91,연세대학교
2017,연세대학교,자연과학계열,816,342,41.91,연세대학교
2017,연세대학교(미래) _분교,공학계열,371,64,17.25,연세대학교(미래) _분교
2017,연세대학교(미래) _분교,예체능계열,44,2,4.55,연세대학교(미래) _분교
2017,연세대학교(미래) _분교,의학계열,107,0,0.0,연세대학교(미래) _분교
2017,연세대학교(미래) _분교,인문사회계열,713,40,5.61,연세대학교(미래) _분교
2017,연세대학교(미래) _분교,자연과학계열,503,96,19.09,연세대학교(미래) _분교
2017,영남대학교,공학계열,1510,79,5.23,영남대학교
2017,영남대학교,예체능계열,460,63,13.7,영남대학교
2017,영남대학교,의학계열,40,0,0.0,영남대학교
2017,영남대학교,인문사회계열,1987,75,3.77,영남대학교
2017,영남대학교,자연과학계열,1051,152,14.46,영남대학교
2017,영남신학대학교,인문사회계열,135,37,27.41,영남신학대학교
2017,영산대학교,공학계열,183,1,0.55,영산대학교
2017,영산대학교,예체능계열,20,0,0.0,영산대학교
2017,영산대학교,인문사회계열,382,5,1.31,영산대학교
2017,영산대학교,자연과학계열,71,0,0.0,영산대학교
2017,영산대학교 _제2캠퍼스,공학계열,52,0,0.0,영산대학교 _제2캠퍼스
2017,영산대학교 _제2캠퍼스,예체능계열,116,5,4.31,영산대학교 _제2캠퍼스
2017,영산대학교 _제2캠퍼스,인문사회계열,360,5,1.39,영산대학교 _제2캠퍼스
2017,영산대학교 _제2캠퍼스,자연과학계열,190,3,1.58,영산대학교 _제2캠퍼스
2017,영산선학대학교,인문사회계열,19,14,73.68,영산선학대학교
2017,예수대학교,인문사회계열,11,0,0.0,예수대학교
2017,예수대학교,자연과학계열,140,0,0.0,예수대학교
2017,예원예술대학교,예체능계열,100,7,7.0,예원예술대학교
2017,예원예술대학교,인문사회계열,13,0,0.0,예원예술대학교
2017,용인대학교,공학계열,182,5,2.75,용인대학교
2017,용인대학교,예체능계열,725,21,2.9,용인대학교
2017,용인대학교,인문사회계열,250,3,1.2,용인대학교
2017,용인대학교,자연과학계열,163,8,4.91,용인대학교
2017,우석대학교,공학계열,419,7,1.67,우석대학교
2017,우석대학교,예체능계열,115,2,1.74,우석대학교
2017,우석대학교,의학계열,92,4,4.35,우석대학교
2017,우석대학교,인문사회계열,801,16,2.0,우석대학교
2017,우석대학교,자연과학계열,255,11,4.31,우석대학교
2017,우송대학교,공학계열,714,6,0.84,우송대학교
2017,우송대학교,예체능계열,136,1,0.74,우송대학교
2017,우송대학교,인문사회계열,1046,15,1.43,우송대학교
2017,우송대학교,자연과학계열,146,3,2.05,우송대학교
2017,울산과학기술원,공학계열,167,101,60.48,울산과학기술원
2017,울산과학기술원,예체능계열,23,11,47.83,울산과학기술원
2017,울산과학기술원,인문사회계열,71,16,22.54,울산과학기술원
2017,울산과학기술원,자연과학계열,248,173,69.76,울산과학기술원
2017,울산대학교,공학계열,1062,50,4.71,울산대학교
2017,울산대학교,예체능계열,275,18,6.55,울산대학교
2017,울산대학교,의학계열,39,0,0.0,울산대학교
2017,울산대학교,인문사회계열,1072,17,1.59,울산대학교
2017,울산대학교,자연과학계열,662,51,7.7,울산대학교
2017,원광대학교,공학계열,766,22,2.87,원광대학교
2017,원광대학교,예체능계열,463,33,7.13,원광대학교
2017,원광대학교,의학계열,249,3,1.2,원광대학교
2017,원광대학교,인문사회계열,1514,43,2.84,원광대학교
2017,원광대학교,자연과학계열,614,55,8.96,원광대학교
2017,위덕대학교,공학계열,231,2,0.87,위덕대학교
2017,위덕대학교,예체능계열,19,0,0.0,위덕대학교
2017,위덕대학교,인문사회계열,296,4,1.35,위덕대학교
2017,위덕대학교,자연과학계열,114,6,5.26,위덕대학교
2017,유원대학교,공학계열,202,0,0.0,유원대학교
2017,유원대학교,예체능계열,124,1,0.81,유원대학교
2017,유원대학교,인문사회계열,294,2,0.68,유원대학교
2017,유원대학교,자연과학계열,111,5,4.5,유원대학교
2017,을지대학교,공학계열,114,0,0.0,을지대학교
2017,을지대학교,의학계열,57,0,0.0,을지대학교
2017,을지대학교,인문사회계열,13,1,7.69,을지대학교
2017,을지대학교,자연과학계열,42,5,11.9,을지대학교
2017,을지대학교 _제2캠퍼스,공학계열,388,6,1.55,을지대학교 _제2캠퍼스
2017,을지대학교 _제2캠퍼스,예체능계열,46,2,4.35,을지대학교 _제2캠퍼스
2017,을지대학교 _제2캠퍼스,인문사회계열,184,2,1.09,을지대학교 _제2캠퍼스
2017,을지대학교 _제2캠퍼스,자연과학계열,486,14,2.88,을지대학교 _제2캠퍼스
2017,이화여자대학교,공학계열,351,67,19.09,이화여자대학교
2017,이화여자대학교,예체능계열,585,110,18.8,이화여자대학교
2017,이화여자대학교,의학계열,33,4,12.12,이화여자대학교
2017,이화여자대학교,인문사회계열,1776,258,14.53,이화여자대학교
2017,이화여자대학교,자연과학계열,759,187,24.64,이화여자대학교
2017,인제대학교,공학계열,596,52,8.72,인제대학교
2017,인제대학교,예체능계열,190,19,10.0,인제대학교
2017,인제대학교,인문사회계열,890,29,3.26,인제대학교
2017,인제대학교,자연과학계열,409,34,8.31,인제대학교
2017,인천가톨릭대학교,인문사회계열,21,17,80.95,인천가톨릭대학교
2017,인천대학교,공학계열,1239,63,5.08,인천대학교
2017,인천대학교,예체능계열,260,9,3.46,인천대학교
2017,인천대학교,인문사회계열,1010,24,2.38,인천대학교
2017,인천대학교,자연과학계열,264,53,20.08,인천대학교
2017,인하대학교,공학계열,1412,176,12.46,인하대학교
2017,인하대학교,예체능계열,108,7,6.48,인하대학교
2017,인하대학교,인문사회계열,1334,41,3.07,인하대학교
2017,인하대학교,자연과학계열,976,166,17.01,인하대학교
2017,장로회신학대학교,예체능계열,59,10,16.95,장로회신학대학교
2017,장로회신학대학교,인문사회계열,101,40,39.6,장로회신학대학교
2017,전남대학교,공학계열,657,45,6.85,전남대학교
2017,전남대학교,예체능계열,226,15,6.64,전남대학교
2017,전남대학교,의학계열,131,11,8.4,전남대학교
2017,전남대학교,인문사회계열,1420,54,3.8,전남대학교
2017,전남대학교,자연과학계열,1248,194,15.54,전남대학교
2017,전남대학교 _제2캠퍼스,공학계열,181,7,3.87,전남대학교 _제2캠퍼스
2017,전남대학교 _제2캠퍼스,의학계열,11,4,36.36,전남대학교 _제2캠퍼스
2017,전남대학교 _제2캠퍼스,인문사회계열,218,7,3.21,전남대학교 _제2캠퍼스
2017,전남대학교 _제2캠퍼스,자연과학계열,235,23,9.79,전남대학교 _제2캠퍼스
2017,전북대학교,공학계열,1358,103,7.58,전북대학교
2017,전북대학교,예체능계열,137,19,13.87,전북대학교
2017,전북대학교,의학계열,48,12,25.0,전북대학교
2017,전북대학교,인문사회계열,1497,47,3.14,전북대학교
2017,전북대학교,자연과학계열,1308,190,14.53,전북대학교
2017,전주교육대학교,공학계열,26,0,0.0,전주교육대학교
2017,전주교육대학교,예체능계열,82,0,0.0,전주교육대학교
2017,전주교육대학교,인문사회계열,150,0,0.0,전주교육대학교
2017,전주교육대학교,자연과학계열,50,0,0.0,전주교육대학교
2017,전주대학교,공학계열,513,4,0.78,전주대학교
2017,전주대학교,예체능계열,282,13,4.61,전주대학교
2017,전주대학교,의학계열,51,1,1.96,전주대학교
2017,전주대학교,인문사회계열,1243,56,4.51,전주대학교
2017,전주대학교,자연과학계열,313,8,2.56,전주대학교
2017,제주대학교,공학계열,478,8,1.67,제주대학교
2017,제주대학교,예체능계열,121,14,11.57,제주대학교
2017,제주대학교,의학계열,64,10,15.62,제주대학교
2017,제주대학교,인문사회계열,1003,13,1.3,제주대학교
2017,제주대학교,자연과학계열,409,26,6.36,제주대학교
2017,조선대학교,공학계열,1394,86,6.17,조선대학교
2017,조선대학교,예체능계열,534,35,6.55,조선대학교
2017,조선대학교,의학계열,7,0,0.0,조선대학교
2017,조선대학교,인문사회계열,1740,52,2.99,조선대학교
2017,조선대학교,자연과학계열,954,98,10.27,조선대학교
2017,중부대학교,공학계열,458,10,2.18,중부대학교
2017,중부대학교,예체능계열,279,3,1.08,중부대학교
2017,중부대학교,인문사회계열,678,10,1.47,중부대학교
2017,중부대학교,자연과학계열,190,8,4.21,중부대학교
2017,중앙대학교,공학계열,1144,107,9.35,중앙대학교
2017,중앙대학교,예체능계열,119,3,2.52,중앙대학교
2017,중앙대학교,의학계열,41,0,0.0,중앙대학교
2017,중앙대학교,인문사회계열,1609,77,4.79,중앙대학교
2017,중앙대학교,자연과학계열,582,108,18.56,중앙대학교
2017,중앙승가대학교,인문사회계열,60,13,21.67,중앙승가대학교
2017,중원대학교,공학계열,128,7,5.47,중원대학교
2017,중원대학교,예체능계열,21,1,4.76,중원대학교
2017,중원대학교,의학계열,11,0,0.0,중원대학교
2017,중원대학교,인문사회계열,203,10,4.93,중원대학교
2017,중원대학교,자연과학계열,79,19,24.05,중원대학교
2017,진주교육대학교,공학계열,27,0,0.0,진주교육대학교
2017,진주교육대학교,예체능계열,93,0,0.0,진주교육대학교
2017,진주교육대학교,인문사회계열,173,0,0.0,진주교육대학교
2017,진주교육대학교,자연과학계열,54,0,0.0,진주교육대학교
2017,차의과학대학교,공학계열,140,10,7.14,차의과학대학교
2017,차의과학대학교,자연과학계열,96,33,34.38,차의과학대학교
2017,청운대학교,공학계열,277,2,0.72,청운대학교
2017,청운대학교,예체능계열,82,2,2.44,청운대학교
2017,청운대학교,인문사회계열,797,10,1.25,청운대학교
2017,청운대학교,자연과학계열,110,3,2.73,청운대학교
2017,청주교육대학교,공학계열,29,0,0.0,청주교육대학교
2017,청주교육대학교,예체능계열,75,0,0.0,청주교육대학교
2017,청주교육대학교,인문사회계열,161,0,0.0,청주교육대학교
2017,청주교육대학교,자연과학계열,53,0,0.0,청주교육대학교
2017,청주대학교,공학계열,653,25,3.83,청주대학교
2017,청주대학교,예체능계열,292,9,3.08,청주대학교
2017,청주대학교,의학계열,33,2,6.06,청주대학교
2017,청주대학교,인문사회계열,1325,22,1.66,청주대학교
2017,청주대학교,자연과학계열,382,38,9.95,청주대학교
2017,총신대학교,예체능계열,84,12,14.29,총신대학교
2017,총신대학교,인문사회계열,273,51,18.68,총신대학교
2017,추계예술대학교,예체능계열,270,23,8.52,추계예술대학교
2017,추계예술대학교,인문사회계열,18,1,5.56,추계예술대학교
2017,춘천교육대학교,공학계열,27,0,0.0,춘천교육대학교
2017,춘천교육대학교,예체능계열,91,0,0.0,춘천교육대학교
2017,춘천교육대학교,인문사회계열,173,0,0.0,춘천교육대학교
2017,춘천교육대학교,자연과학계열,63,0,0.0,춘천교육대학교
2017,충남대학교,공학계열,1318,193,14.64,충남대학교
2017,충남대학교,예체능계열,135,26,19.26,충남대학교
2017,충남대학교,의학계열,57,9,15.79,충남대학교
2017,충남대학교,인문사회계열,1305,41,3.14,충남대학교
2017,충남대학교,자연과학계열,1156,236,20.42,충남대학교
2017,충북대학교,공학계열,1253,131,10.45,충북대학교
2017,충북대학교,예체능계열,112,8,7.14,충북대학교
2017,충북대학교,의학계열,110,17,15.45,충북대학교
2017,충북대학교,인문사회계열,1041,50,4.8,충북대학교
2017,충북대학교,자연과학계열,994,156,15.69,충북대학교
2017,칼빈대학교,예체능계열,16,3,18.75,칼빈대학교
2017,칼빈대학교,인문사회계열,93,18,19.35,칼빈대학교
2017,평택대학교,공학계열,159,3,1.89,평택대학교
2017,평택대학교,예체능계열,164,10,6.1,평택대학교
2017,평택대학교,인문사회계열,672,13,1.93,평택대학교
2017,포항공과대학교,공학계열,149,92,61.74,포항공과대학교
2017,포항공과대학교,자연과학계열,173,118,68.21,포항공과대학교
2017,한국과학기술원,공학계열,427,265,62.06,한국과학기술원
2017,한국과학기술원,인문사회계열,8,2,25.0,한국과학기술원
2017,한국과학기술원,자연과학계열,432,296,68.52,한국과학기술원
2017,한국교원대학교,공학계열,54,2,3.7,한국교원대학교
2017,한국교원대학교,예체능계열,51,0,0.0,한국교원대학교
2017,한국교원대학교,인문사회계열,331,3,0.91,한국교원대학교
2017,한국교원대학교,자연과학계열,128,0,0.0,한국교원대학교
2017,한국기술교육대학교,공학계열,732,41,5.6,한국기술교육대학교
2017,한국기술교육대학교,예체능계열,42,3,7.14,한국기술교육대학교
2017,한국기술교육대학교,자연과학계열,79,20,25.32,한국기술교육대학교
2017,한국성서대학교,공학계열,27,0,0.0,한국성서대학교
2017,한국성서대학교,인문사회계열,159,19,11.95,한국성서대학교
2017,한국성서대학교,자연과학계열,43,0,0.0,한국성서대학교
2017,한국예술종합학교,공학계열,17,0,0.0,한국예술종합학교
2017,한국예술종합학교,예체능계열,417,51,12.23,한국예술종합학교
2017,한국예술종합학교,인문사회계열,26,2,7.69,한국예술종합학교
2017,한국외국어대학교,공학계열,416,23,5.53,한국외국어대학교
2017,한국외국어대학교,인문사회계열,3483,186,5.34,한국외국어대학교
2017,한국외국어대학교,자연과학계열,278,57,20.5,한국외국어대학교
2017,한국체육대학교,예체능계열,523,15,2.87,한국체육대학교
2017,한국체육대학교,인문사회계열,30,0,0.0,한국체육대학교
2017,한국침례신학대학교,예체능계열,45,7,15.56,한국침례신학대학교
2017,한국침례신학대학교,인문사회계열,319,42,13.17,한국침례신학대학교
2017,한국항공대학교,공학계열,717,80,11.16,한국항공대학교
2017,한국항공대학교,인문사회계열,146,4,2.74,한국항공대학교
2017,한국항공대학교,자연과학계열,70,5,7.14,한국항공대학교
2017,한남대학교,공학계열,537,24,4.47,한남대학교
2017,한남대학교,예체능계열,261,16,6.13,한남대학교
2017,한남대학교,인문사회계열,1371,47,3.43,한남대학교
2017,한남대학교,자연과학계열,420,61,14.52,한남대학교
2017,한동대학교,공학계열,292,40,13.7,한동대학교
2017,한동대학교,예체능계열,44,3,6.82,한동대학교
2017,한동대학교,인문사회계열,380,55,14.47,한동대학교
2017,한동대학교,자연과학계열,125,36,28.8,한동대학교
2017,한라대학교,공학계열,394,11,2.79,한라대학교
2017,한라대학교,예체능계열,47,0,0.0,한라대학교
2017,한라대학교,인문사회계열,403,2,0.5,한라대학교
2017,한라대학교,자연과학계열,35,4,11.43,한라대학교
2017,한림대학교,공학계열,244,25,10.25,한림대학교
2017,한림대학교,예체능계열,120,1,0.83,한림대학교
2017,한림대학교,의학계열,68,0,0.0,한림대학교
2017,한림대학교,인문사회계열,1124,42,3.74,한림대학교
2017,한림대학교,자연과학계열,483,87,18.01,한림대학교
2017,한서대학교,공학계열,586,16,2.73,한서대학교
2017,한서대학교,예체능계열,228,4,1.75,한서대학교
2017,한서대학교,인문사회계열,536,14,2.61,한서대학교
2017,한서대학교,자연과학계열,356,11,3.09,한서대학교
2017,한성대학교,공학계열,341,17,4.99,한성대학교
2017,한성대학교,예체능계열,242,14,5.79,한성대학교
2017,한성대학교,인문사회계열,380,3,0.79,한성대학교
2017,한성대학교,자연과학계열,73,1,1.37,한성대학교
2017,한세대학교,공학계열,142,3,2.11,한세대학교
2017,한세대학교,예체능계열,132,8,6.06,한세대학교
2017,한세대학교,인문사회계열,318,22,6.92,한세대학교
2017,한신대학교,공학계열,206,3,1.46,한신대학교
2017,한신대학교,예체능계열,36,1,2.78,한신대학교
2017,한신대학교,인문사회계열,803,51,6.35,한신대학교
2017,한신대학교,자연과학계열,95,5,5.26,한신대학교
2017,한양대학교,공학계열,1228,222,18.08,한양대학교
2017,한양대학교,예체능계열,239,33,13.81,한양대학교
2017,한양대학교,의학계열,55,0,0.0,한양대학교
2017,한양대학교,인문사회계열,1409,121,8.59,한양대학교
2017,한양대학교,자연과학계열,716,160,22.35,한양대학교
2017,한양대학교(ERICA) _분교,공학계열,800,139,17.38,한양대학교(ERICA) _분교
2017,한양대학교(ERICA) _분교,예체능계열,264,13,4.92,한양대학교(ERICA) _분교
2017,한양대학교(ERICA) _분교,인문사회계열,640,16,2.5,한양대학교(ERICA) _분교
2017,한양대학교(ERICA) _분교,자연과학계열,639,95,14.87,한양대학교(ERICA) _분교
2017,한일장신대학교,예체능계열,38,2,5.26,한일장신대학교
2017,한일장신대학교,인문사회계열,159,19,11.95,한일장신대학교
2017,협성대학교,공학계열,86,3,3.49,협성대학교
2017,협성대학교,예체능계열,158,6,3.8,협성대학교
2017,협성대학교,의학계열,58,0,0.0,협성대학교
2017,협성대학교,인문사회계열,642,45,7.01,협성대학교
2017,협성대학교,자연과학계열,34,3,8.82,협성대학교
2017,호남대학교,공학계열,470,12,2.55,호남대학교
2017,호남대학교,예체능계열,196,4,2.04,호남대학교
2017,호남대학교,인문사회계열,697,11,1.58,호남대학교
2017,호남대학교,자연과학계열,192,6,3.12,호남대학교
2017,호남신학대학교,예체능계열,29,2,6.9,호남신학대학교
2017,호남신학대학교,인문사회계열,81,36,44.44,호남신학대학교
2017,호서대학교,공학계열,1234,71,5.75,호서대학교
2017,호서대학교,예체능계열,401,20,4.99,호서대학교
2017,호서대학교,인문사회계열,994,9,0.91,호서대학교
2017,호서대학교,자연과학계열,337,42,12.46,호서대학교
2017,호원대학교,공학계열,355,4,1.13,호원대학교
2017,호원대학교,예체능계열,123,0,0.0,호원대학교
2017,호원대학교,인문사회계열,398,9,2.26,호원대학교
2017,호원대학교,자연과학계열,101,0,0.0,호원대학교
2017,홍익대학교,공학계열,1069,76,7.11,홍익대학교
2017,홍익대학교,예체능계열,422,27,6.4,홍익대학교
2017,홍익대학교,인문사회계열,1068,42,3.93,홍익대학교
2017,홍익대학교,자연과학계열,275,38,13.82,홍익대학교
2017,화성의과학대학교,공학계열,37,0,0.0,화성의과학대학교
2017,화성의과학대학교,예체능계열,18,1,5.56,화성의과학대학교
2017,화성의과학대학교,인문사회계열,104,3,2.88,화성의과학대학교
2017,화성의과학대학교,자연과학계열,13,3,23.08,화성의과학대학교
2018,가천대학교,공학계열,1308,46,3.52,가천대학교
2018,가천대학교,예체능계열,425,31,7.29,가천대학교
2018,가천대학교,의학계열,17,1,5.88,가천대학교
2018,가천대학교,인문사회계열,1498,31,2.07,가천대학교
2018,가천대학교,자연과학계열,827,100,12.09,가천대학교
2018,가톨릭관동대학교,공학계열,440,10,2.27,가톨릭관동대학교
2018,가톨릭관동대학교,예체능계열,180,7,3.89,가톨릭관동대학교
2018,가톨릭관동대학교,의학계열,56,0,0.0,가톨릭관동대학교
2018,가톨릭관동대학교,인문사회계열,1278,13,1.02,가톨릭관동대학교
2018,가톨릭관동대학교,자연과학계열,116,0,0.0,가톨릭관동대학교
2018,가톨릭꽃동네대학교,공학계열,35,0,0.0,가톨릭꽃동네대학교
2018,가톨릭꽃동네대학교,인문사회계열,74,0,0.0,가톨릭꽃동네대학교
2018,가톨릭대학교,공학계열,202,10,4.95,가톨릭대학교
2018,가톨릭대학교,예체능계열,55,1,1.82,가톨릭대학교
2018,가톨릭대학교,인문사회계열,1045,54,5.17,가톨릭대학교
2018,가톨릭대학교,자연과학계열,383,50,13.05,가톨릭대학교
2018,가톨릭대학교 _제2캠퍼스,공학계열,91,0,0.0,가톨릭대학교 _제2캠퍼스
2018,가톨릭대학교 _제2캠퍼스,의학계열,1,0,0.0,가톨릭대학교 _제2캠퍼스
2018,가톨릭대학교 _제3캠퍼스,인문사회계열,55,32,58.18,가톨릭대학교 _제3캠퍼스
2018,감리교신학대학교,인문사회계열,196,102,52.04,감리교신학대학교
2018,강남대학교,공학계열,315,6,1.9,강남대학교
2018,강남대학교,예체능계열,145,2,1.38,강남대학교
2018,강남대학교,인문사회계열,979,14,1.43,강남대학교
2018,강남대학교,자연과학계열,52,0,0.0,강남대학교
2018,강서대학교,예체능계열,31,3,9.68,강서대학교
2018,강서대학교,인문사회계열,218,13,5.96,강서대학교
2018,강원대학교,공학계열,809,72,8.9,강원대학교
2018,강원대학교,예체능계열,149,14,9.4,강원대학교
2018,강원대학교,의학계열,42,7,16.67,강원대학교
2018,강원대학교,인문사회계열,1204,32,2.66,강원대학교
2018,강원대학교,자연과학계열,1182,217,18.36,강원대학교
2018,강원대학교 _제2캠퍼스,공학계열,632,15,2.37,강원대학교 _제2캠퍼스
2018,강원대학교 _제2캠퍼스,예체능계열,112,4,3.57,강원대학교 _제2캠퍼스
2018,강원대학교 _제2캠퍼스,인문사회계열,298,3,1.01,강원대학교 _제2캠퍼스
2018,강원대학교 _제2캠퍼스,자연과학계열,308,19,6.17,강원대학교 _제2캠퍼스
2018,건국대학교,공학계열,1039,98,9.43,건국대학교
2018,건국대학교,예체능계열,249,10,4.02,건국대학교
2018,건국대학교,의학계열,100,20,20.0,건국대학교
2018,건국대학교,인문사회계열,1318,35,2.66,건국대학교
2018,건국대학교,자연과학계열,970,138,14.23,건국대학교
2018,건국대학교(글로컬) _분교,공학계열,443,14,3.16,건국대학교(글로컬) _분교
2018,건국대학교(글로컬) _분교,예체능계열,243,7,2.88,건국대학교(글로컬) _분교
2018,건국대학교(글로컬) _분교,인문사회계열,895,12,1.34,건국대학교(글로컬) _분교
2018,건국대학교(글로컬) _분교,자연과학계열,373,52,13.94,건국대학교(글로컬) _분교
2018,건양대학교,공학계열,184,4,2.17,건양대학교
2018,건양대학교,예체능계열,111,1,0.9,건양대학교
2018,건양대학교,인문사회계열,444,3,0.68,건양대학교
2018,건양대학교,자연과학계열,225,31,13.78,건양대학교
2018,건양대학교 _제2캠퍼스,공학계열,324,6,1.85,건양대학교 _제2캠퍼스
2018,건양대학교 _제2캠퍼스,예체능계열,32,1,3.12,건양대학교 _제2캠퍼스
2018,건양대학교 _제2캠퍼스,의학계열,58,0,0.0,건양대학교 _제2캠퍼스
2018,건양대학교 _제2캠퍼스,인문사회계열,111,3,2.7,건양대학교 _제2캠퍼스
2018,건양대학교 _제2캠퍼스,자연과학계열,247,14,5.67,건양대학교 _제2캠퍼스
2018,경기대학교,공학계열,775,29,3.74,경기대학교
2018,경기대학교,예체능계열,115,3,2.61,경기대학교
2018,경기대학교,인문사회계열,1362,28,2.06,경기대학교
2018,경기대학교,자연과학계열,492,52,10.57,경기대학교
2018,경기대학교 _제2캠퍼스,공학계열,24,0,0.0,경기대학교 _제2캠퍼스
2018,경기대학교 _제2캠퍼스,예체능계열,47,0,0.0,경기대학교 _제2캠퍼스
2018,경기대학교 _제2캠퍼스,인문사회계열,302,6,1.99,경기대학교 _제2캠퍼스
2018,경남과학기술대학교,공학계열,310,13,4.19,경상국립대학교
2018,경남과학기술대학교,예체능계열,20,0,0.0,경상국립대학교
2018,경남과학기술대학교,인문사회계열,122,0,0.0,경상국립대학교
2018,경남과학기술대학교,자연과학계열,203,9,4.43,경상국립대학교
2018,경남대학교,공학계열,783,19,2.43,경남대학교
2018,경남대학교,예체능계열,191,8,4.19,경남대학교
2018,경남대학교,인문사회계열,1556,27,1.74,경남대학교
2018,경남대학교,자연과학계열,365,17,4.66,경남대학교
2018,경동대학교,공학계열,224,0,0.0,경동대학교
2018,경동대학교,예체능계열,77,2,2.6,경동대학교
2018,경동대학교,의학계열,13,0,0.0,경동대학교
2018,경동대학교,인문사회계열,299,0,0.0,경동대학교
2018,경동대학교,자연과학계열,201,0,0.0,경동대학교
2018,경북대학교,공학계열,1930,140,7.25,경북대학교
2018,경북대학교,예체능계열,188,28,14.89,경북대학교
2018,경북대학교,의학계열,64,15,23.44,경북대학교
2018,경북대학교,인문사회계열,1696,72,4.25,경북대학교
2018,경북대학교,자연과학계열,1443,219,15.18,경북대학교
2018,경상국립대학교,공학계열,1146,71,6.2,경상국립대학교
2018,경상국립대학교,예체능계열,80,1,1.25,경상국립대학교
2018,경상국립대학교,의학계열,76,16,21.05,경상국립대학교
2018,경상국립대학교,인문사회계열,1092,22,2.01,경상국립대학교
2018,경상국립대학교,자연과학계열,975,113,11.59,경상국립대학교
2018,경성대학교,공학계열,597,10,1.68,경성대학교
2018,경성대학교,예체능계열,448,16,3.57,경성대학교
2018,경성대학교,의학계열,20,1,5.0,경성대학교
2018,경성대학교,인문사회계열,1447,17,1.17,경성대학교
2018,경성대학교,자연과학계열,480,20,4.17,경성대학교
2018,경일대학교,공학계열,659,9,1.37,경일대학교
2018,경일대학교,예체능계열,226,10,4.42,경일대학교
2018,경일대학교,인문사회계열,475,11,2.32,경일대학교
2018,경일대학교,자연과학계열,71,6,8.45,경일대학교
2018,경희대학교,공학계열,1402,127,9.06,경희대학교
2018,경희대학교,예체능계열,596,50,8.39,경희대학교
2018,경희대학교,의학계열,170,9,5.29,경희대학교
2018,경희대학교,인문사회계열,2262,85,3.76,경희대학교
2018,경희대학교,자연과학계열,1169,249,21.3,경희대학교
2018,계명대학교,공학계열,1092,47,4.3,계명대학교
2018,계명대학교,예체능계열,872,76,8.72,계명대학교
2018,계명대학교,의학계열,62,0,0.0,계명대학교
2018,계명대학교,인문사회계열,2342,50,2.13,계명대학교
2018,계명대학교,자연과학계열,683,58,8.49,계명대학교
2018,고려대학교,공학계열,964,212,21.99,고려대학교
2018,고려대학교,예체능계열,141,5,3.55,고려대학교
2018,고려대학교,의학계열,49,0,0.0,고려대학교
2018,고려대학교,인문사회계열,2270,257,11.32,고려대학교
2018,고려대학교,자연과학계열,1059,319,30.12,고려대학교
2018,고려대학교(세종) _분교,공학계열,409,70,17.11,고려대학교(세종) _분교
2018,고려대학교(세종) _분교,예체능계열,149,15,10.07,고려대학교(세종) _분교
2018,고려대학교(세종) _분교,인문사회계열,977,36,3.68,고려대학교(세종) _분교
2018,고려대학교(세종) _분교,자연과학계열,305,60,19.67,고려대학교(세종) _분교
2018,고신대학교,공학계열,154,2,1.3,고신대학교
2018,고신대학교,예체능계열,61,8,13.11,고신대학교
2018,고신대학교,의학계열,70,0,0.0,고신대학교
2018,고신대학교,인문사회계열,447,38,8.5,고신대학교
2018,고신대학교,자연과학계열,76,4,5.26,고신대학교
2018,공주교육대학교,공학계열,26,0,0.0,공주교육대학교
2018,공주교육대학교,예체능계열,90,0,0.0,공주교육대학교
2018,공주교육대학교,인문사회계열,202,1,0.5,공주교육대학교
2018,공주교육대학교,자연과학계열,62,0,0.0,공주교육대학교
2018,광신대학교,예체능계열,20,2,10.0,광신대학교
2018,광신대학교,인문사회계열,82,16,19.51,광신대학교
2018,광운대학교,공학계열,914,70,7.66,광운대학교
2018,광운대학교,예체능계열,139,2,1.44,광운대학교
2018,광운대학교,인문사회계열,637,15,2.35,광운대학교
2018,광운대학교,자연과학계열,323,43,13.31,광운대학교
2018,광주가톨릭대학교,인문사회계열,17,10,58.82,광주가톨릭대학교
2018,광주과학기술원,공학계열,17,14,82.35,광주과학기술원
2018,광주과학기술원,자연과학계열,56,46,82.14,광주과학기술원
2018,광주교육대학교,공학계열,28,1,3.57,광주교육대학교
2018,광주교육대학교,예체능계열,84,0,0.0,광주교육대학교
2018,광주교육대학교,인문사회계열,182,2,1.1,광주교육대학교
2018,광주교육대학교,자연과학계열,59,1,1.69,광주교육대학교
2018,광주대학교,공학계열,394,2,0.51,광주대학교
2018,광주대학교,예체능계열,195,5,2.56,광주대학교
2018,광주대학교,의학계열,11,0,0.0,광주대학교
2018,광주대학교,인문사회계열,972,27,2.78,광주대학교
2018,광주대학교,자연과학계열,110,3,2.73,광주대학교
2018,광주여자대학교,공학계열,217,3,1.38,광주여자대학교
2018,광주여자대학교,예체능계열,88,4,4.55,광주여자대학교
2018,광주여자대학교,의학계열,12,1,8.33,광주여자대학교
2018,광주여자대학교,인문사회계열,364,6,1.65,광주여자대학교
2018,광주여자대학교,자연과학계열,260,7,2.69,광주여자대학교
2018,국립강릉원주대학교,공학계열,216,16,7.41,국립강릉원주대학교
2018,국립강릉원주대학교,예체능계열,97,12,12.37,국립강릉원주대학교
2018,국립강릉원주대학교,의학계열,42,0,0.0,국립강릉원주대학교
2018,국립강릉원주대학교,인문사회계열,536,9,1.68,국립강릉원주대학교
2018,국립강릉원주대학교,자연과학계열,399,47,11.78,국립강릉원주대학교
2018,국립강릉원주대학교 _제2캠퍼스,공학계열,306,9,2.94,국립강릉원주대학교 _제2캠퍼스
2018,국립강릉원주대학교 _제2캠퍼스,예체능계열,81,1,1.23,국립강릉원주대학교 _제2캠퍼스
2018,국립강릉원주대학교 _제2캠퍼스,인문사회계열,87,1,1.15,국립강릉원주대학교 _제2캠퍼스
2018,국립경국대학교,공학계열,434,7,1.61,국립경국대학교
2018,국립경국대학교,예체능계열,104,13,12.5,국립경국대학교
2018,국립경국대학교,의학계열,28,2,7.14,국립경국대학교
2018,국립경국대학교,인문사회계열,557,10,1.8,국립경국대학교
2018,국립경국대학교,자연과학계열,422,52,12.32,국립경국대학교
2018,국립공주대학교,공학계열,1139,58,5.09,국립공주대학교
2018,국립공주대학교,예체능계열,274,11,4.01,국립공주대학교
2018,국립공주대학교,인문사회계열,878,10,1.14,국립공주대학교
2018,국립공주대학교,자연과학계열,797,104,13.05,국립공주대학교
2018,국립군산대학교,공학계열,720,29,4.03,국립군산대학교
2018,국립군산대학교,예체능계열,91,11,12.09,국립군산대학교
2018,국립군산대학교,의학계열,25,3,12.0,국립군산대학교
2018,국립군산대학교,인문사회계열,521,11,2.11,국립군산대학교
2018,국립군산대학교,자연과학계열,406,37,9.11,국립군산대학교
2018,국립금오공과대학교,공학계열,983,69,7.02,국립금오공과대학교
2018,국립금오공과대학교,예체능계열,55,4,7.27,국립금오공과대학교
2018,국립금오공과대학교,인문사회계열,63,1,1.59,국립금오공과대학교
2018,국립금오공과대학교,자연과학계열,315,36,11.43,국립금오공과대학교
2018,국립목포대학교,공학계열,540,20,3.7,국립목포대학교
2018,국립목포대학교,예체능계열,86,8,9.3,국립목포대학교
2018,국립목포대학교,인문사회계열,594,20,3.37,국립목포대학교
2018,국립목포대학교,자연과학계열,305,16,5.25,국립목포대학교
2018,국립목포해양대학교,공학계열,552,6,1.09,국립목포해양대학교
2018,국립목포해양대학교,자연과학계열,26,3,11.54,국립목포해양대학교
2018,국립부경대학교,공학계열,1604,89,5.55,국립부경대학교
2018,국립부경대학교,예체능계열,123,6,4.88,국립부경대학교
2018,국립부경대학교,의학계열,35,6,17.14,국립부경대학교
2018,국립부경대학교,인문사회계열,1113,19,1.71,국립부경대학교
2018,국립부경대학교,자연과학계열,948,111,11.71,국립부경대학교
2018,국립순천대학교,공학계열,489,24,4.91,국립순천대학교
2018,국립순천대학교,예체능계열,142,8,5.63,국립순천대학교
2018,국립순천대학교,의학계열,14,1,7.14,국립순천대학교
2018,국립순천대학교,인문사회계열,614,6,0.98,국립순천대학교
2018,국립순천대학교,자연과학계열,436,29,6.65,국립순천대학교
2018,국립창원대학교,공학계열,733,49,6.68,국립창원대학교
2018,국립창원대학교,예체능계열,123,17,13.82,국립창원대학교
2018,국립창원대학교,인문사회계열,1088,7,0.64,국립창원대학교
2018,국립창원대학교,자연과학계열,393,52,13.23,국립창원대학교
2018,국립한국교통대학교,공학계열,1173,52,4.43,국립한국교통대학교
2018,국립한국교통대학교,예체능계열,56,1,1.79,국립한국교통대학교
2018,국립한국교통대학교,인문사회계열,391,3,0.77,국립한국교통대학교
2018,국립한국교통대학교,자연과학계열,268,25,9.33,국립한국교통대학교
2018,국립한국해양대학교,공학계열,981,60,6.12,국립한국해양대학교
2018,국립한국해양대학교,예체능계열,28,2,7.14,국립한국해양대학교
2018,국립한국해양대학교,인문사회계열,413,8,1.94,국립한국해양대학교
2018,국립한국해양대학교,자연과학계열,140,22,15.71,국립한국해양대학교
2018,국민대학교,공학계열,890,112,12.58,국민대학교
2018,국민대학교,예체능계열,420,47,11.19,국민대학교
2018,국민대학교,인문사회계열,1517,38,2.5,국민대학교
2018,국민대학교,자연과학계열,472,73,15.47,국민대학교
2018,극동대학교,공학계열,272,1,0.37,극동대학교
2018,극동대학교,예체능계열,147,2,1.36,극동대학교
2018,극동대학교,인문사회계열,405,2,0.49,극동대학교
2018,극동대학교,자연과학계열,77,0,0.0,극동대학교
2018,금강대학교,인문사회계열,85,4,4.71,금강대학교
2018,김천대학교,공학계열,178,5,2.81,김천대학교
2018,김천대학교,예체능계열,43,0,0.0,김천대학교
2018,김천대학교,인문사회계열,273,10,3.66,김천대학교
2018,김천대학교,자연과학계열,397,4,1.01,김천대학교
2018,나사렛대학교,공학계열,140,4,2.86,나사렛대학교
2018,나사렛대학교,예체능계열,233,8,3.43,나사렛대학교
2018,나사렛대학교,인문사회계열,793,19,2.4,나사렛대학교
2018,나사렛대학교,자연과학계열,77,1,1.3,나사렛대학교
2018,남부대학교,공학계열,183,6,3.28,남부대학교
2018,남부대학교,예체능계열,109,5,4.59,남부대학교
2018,남부대학교,의학계열,18,0,0.0,남부대학교
2018,남부대학교,인문사회계열,211,1,0.47,남부대학교
2018,남부대학교,자연과학계열,157,9,5.73,남부대학교
2018,단국대학교,공학계열,666,49,7.36,단국대학교
2018,단국대학교,예체능계열,286,49,17.13,단국대학교
2018,단국대학교,인문사회계열,1374,64,4.66,단국대학교
2018,단국대학교,자연과학계열,443,33,7.45,단국대학교
2018,대구가톨릭대학교,공학계열,864,24,2.78,대구가톨릭대학교
2018,대구가톨릭대학교,예체능계열,418,24,5.74,대구가톨릭대학교
2018,대구가톨릭대학교,의학계열,33,0,0.0,대구가톨릭대학교
2018,대구가톨릭대학교,인문사회계열,1404,69,4.91,대구가톨릭대학교
2018,대구가톨릭대학교,자연과학계열,534,68,12.73,대구가톨릭대학교
2018,대구교육대학교,공학계열,27,2,7.41,대구교육대학교
2018,대구교육대학교,예체능계열,93,1,1.08,대구교육대학교
2018,대구교육대학교,인문사회계열,244,5,2.05,대구교육대학교
2018,대구교육대학교,자연과학계열,69,1,1.45,대구교육대학교
2018,대구대학교,공학계열,1103,26,2.36,대구대학교
2018,대구대학교,예체능계열,309,39,12.62,대구대학교
2018,대구대학교,인문사회계열,2363,77,3.26,대구대학교
2018,대구대학교,자연과학계열,754,49,6.5,대구대학교
2018,대구예술대학교,공학계열,25,0,0.0,대구예술대학교
2018,대구예술대학교,예체능계열,222,9,4.05,대구예술대학교
2018,대구예술대학교,인문사회계열,19,6,31.58,대구예술대학교
2018,대구예술대학교,자연과학계열,16,1,6.25,대구예술대학교
2018,대구한의대학교,공학계열,375,17,4.53,대구한의대학교
2018,대구한의대학교,예체능계열,87,7,8.05,대구한의대학교
2018,대구한의대학교,의학계열,152,1,0.66,대구한의대학교
2018,대구한의대학교,인문사회계열,479,13,2.71,대구한의대학교
2018,대구한의대학교,자연과학계열,541,13,2.4,대구한의대학교
2018,대신대학교,예체능계열,17,1,5.88,대신대학교
2018,대신대학교,인문사회계열,65,15,23.08,대신대학교
2018,대전가톨릭대학교,인문사회계열,14,11,78.57,대전가톨릭대학교
2018,대전대학교,공학계열,526,21,3.99,대전대학교
2018,대전대학교,예체능계열,282,2,0.71,대전대학교
2018,대전대학교,의학계열,78,2,2.56,대전대학교
2018,대전대학교,인문사회계열,852,8,0.94,대전대학교
2018,대전대학교,자연과학계열,314,24,7.64,대전대학교
2018,대전신학대학교,인문사회계열,56,19,33.93,대전신학대학교
2018,대진대학교,공학계열,450,13,2.89,대진대학교
2018,대진대학교,예체능계열,154,11,7.14,대진대학교
2018,대진대학교,인문사회계열,787,13,1.65,대진대학교
2018,대진대학교,자연과학계열,231,18,7.79,대진대학교
2018,덕성여자대학교,공학계열,59,0,0.0,덕성여자대학교
2018,덕성여자대학교,예체능계열,174,11,6.32,덕성여자대학교
2018,덕성여자대학교,인문사회계열,736,38,5.16,덕성여자대학교
2018,덕성여자대학교,자연과학계열,337,30,8.9,덕성여자대학교
2018,동국대학교,공학계열,914,55,6.02,동국대학교
2018,동국대학교,예체능계열,189,12,6.35,동국대학교
2018,동국대학교,인문사회계열,1498,71,4.74,동국대학교
2018,동국대학교,자연과학계열,512,88,17.19,동국대학교
2018,동국대학교(WISE) _분교,공학계열,282,5,1.77,동국대학교(WISE) _분교
2018,동국대학교(WISE) _분교,예체능계열,193,17,8.81,동국대학교(WISE) _분교
2018,동국대학교(WISE) _분교,의학계열,105,0,0.0,동국대학교(WISE) _분교
2018,동국대학교(WISE) _분교,인문사회계열,952,48,5.04,동국대학교(WISE) _분교
2018,동국대학교(WISE) _분교,자연과학계열,236,17,7.2,동국대학교(WISE) _분교
2018,동덕여자대학교,공학계열,214,4,1.87,동덕여자대학교
2018,동덕여자대학교,예체능계열,522,54,10.34,동덕여자대학교
2018,동덕여자대학교,의학계열,50,3,6.0,동덕여자대학교
2018,동덕여자대학교,인문사회계열,738,42,5.69,동덕여자대학교
2018,동덕여자대학교,자연과학계열,183,20,10.93,동덕여자대학교
2018,동명대학교,공학계열,904,15,1.66,동명대학교
2018,동명대학교,예체능계열,190,2,1.05,동명대학교
2018,동명대학교,인문사회계열,703,18,2.56,동명대학교
2018,동명대학교,자연과학계열,90,2,2.22,동명대학교
2018,동서대학교,공학계열,555,18,3.24,동서대학교
2018,동서대학교,예체능계열,417,9,2.16,동서대학교
2018,동서대학교,인문사회계열,1109,10,0.9,동서대학교
2018,동서대학교,자연과학계열,282,5,1.77,동서대학교
2018,동신대학교,공학계열,470,7,1.49,동신대학교
2018,동신대학교,예체능계열,166,7,4.22,동신대학교
2018,동신대학교,의학계열,55,1,1.82,동신대학교
2018,동신대학교,인문사회계열,608,12,1.97,동신대학교
2018,동신대학교,자연과학계열,280,3,1.07,동신대학교
2018,동아대학교,공학계열,1516,57,3.76,동아대학교
2018,동아대학교,예체능계열,414,34,8.21,동아대학교
2018,동아대학교,의학계열,22,0,0.0,동아대학교
2018,동아대학교,인문사회계열,1557,42,2.7,동아대학교
2018,동아대학교,자연과학계열,844,68,8.06,동아대학교
2018,동양대학교,공학계열,474,5,1.05,동양대학교
2018,동양대학교,예체능계열,27,0,0.0,동양대학교
2018,동양대학교,인문사회계열,271,11,4.06,동양대학교
2018,동양대학교,자연과학계열,70,1,1.43,동양대학교
2018,동의대학교,공학계열,1331,29,2.18,동의대학교
2018,동의대학교,예체능계열,173,19,10.98,동의대학교
2018,동의대학교,의학계열,53,0,0.0,동의대학교
2018,동의대학교,인문사회계열,1314,22,1.67,동의대학교
2018,동의대학교,자연과학계열,553,33,5.97,동의대학교
2018,루터대학교,예체능계열,39,4,10.26,루터대학교
2018,루터대학교,인문사회계열,59,3,5.08,루터대학교
2018,명지대학교,공학계열,808,48,5.94,명지대학교
2018,명지대학교,예체능계열,308,14,4.55,명지대학교
2018,명지대학교,자연과학계열,439,44,10.02,명지대학교
2018,명지대학교 _제2캠퍼스,공학계열,97,1,1.03,명지대학교 _제2캠퍼스
2018,명지대학교 _제2캠퍼스,예체능계열,42,10,23.81,명지대학교 _제2캠퍼스
2018,명지대학교 _제2캠퍼스,인문사회계열,1605,44,2.74,명지대학교 _제2캠퍼스
2018,목원대학교,공학계열,450,13,2.89,목원대학교
2018,목원대학교,예체능계열,391,28,7.16,목원대학교
2018,목원대학교,인문사회계열,802,58,7.23,목원대학교
2018,목원대학교,자연과학계열,237,18,7.59,목원대학교
2018,목포가톨릭대학교,공학계열,111,0,0.0,목포가톨릭대학교
2018,목포가톨릭대학교,인문사회계열,37,0,0.0,목포가톨릭대학교
2018,배재대학교,공학계열,388,6,1.55,배재대학교
2018,배재대학교,예체능계열,97,9,9.28,배재대학교
2018,배재대학교,인문사회계열,1110,18,1.62,배재대학교
2018,배재대학교,자연과학계열,407,25,6.14,배재대학교
2018,백석대학교,공학계열,760,11,1.45,백석대학교
2018,백석대학교,예체능계열,539,11,2.04,백석대학교
2018,백석대학교,인문사회계열,1634,47,2.88,백석대학교
2018,백석대학교,자연과학계열,80,0,0.0,백석대학교
2018,부산가톨릭대학교,공학계열,234,7,2.99,부산가톨릭대학교
2018,부산가톨릭대학교,인문사회계열,322,5,1.55,부산가톨릭대학교
2018,부산가톨릭대학교,자연과학계열,397,5,1.26,부산가톨릭대학교
2018,부산교육대학교,공학계열,25,0,0.0,부산교육대학교
2018,부산교육대학교,예체능계열,90,0,0.0,부산교육대학교
2018,부산교육대학교,인문사회계열,215,0,0.0,부산교육대학교
2018,부산교육대학교,자연과학계열,60,0,0.0,부산교육대학교
2018,부산대학교,공학계열,1566,237,15.13,부산대학교
2018,부산대학교,예체능계열,334,44,13.17,부산대학교
2018,부산대학교,인문사회계열,1445,66,4.57,부산대학교
2018,부산대학교,자연과학계열,1151,201,17.46,부산대학교
2018,부산외국어대학교,공학계열,94,5,5.32,부산외국어대학교
2018,부산외국어대학교,예체능계열,8,0,0.0,부산외국어대학교
2018,부산외국어대학교,인문사회계열,1777,29,1.63,부산외국어대학교
2018,부산외국어대학교,자연과학계열,25,1,4.0,부산외국어대학교
2018,부산장신대학교,인문사회계열,66,4,6.06,부산장신대학교
2018,삼육대학교,공학계열,329,8,2.43,삼육대학교
2018,삼육대학교,예체능계열,246,4,1.63,삼육대학교
2018,삼육대학교,의학계열,45,3,6.67,삼육대학교
2018,삼육대학교,인문사회계열,474,13,2.74,삼육대학교
2018,삼육대학교,자연과학계열,302,33,10.93,삼육대학교
2018,상명대학교,공학계열,190,15,7.89,상명대학교
2018,상명대학교,예체능계열,215,23,10.7,상명대학교
2018,상명대학교,인문사회계열,704,18,2.56,상명대학교
2018,상명대학교,자연과학계열,388,41,10.57,상명대학교
2018,상지대학교,공학계열,487,12,2.46,상지대학교
2018,상지대학교,예체능계열,130,2,1.54,상지대학교
2018,상지대학교,의학계열,66,0,0.0,상지대학교
2018,상지대학교,인문사회계열,587,4,0.68,상지대학교
2018,상지대학교,자연과학계열,331,11,3.32,상지대학교
2018,서강대학교,공학계열,301,92,30.56,서강대학교
2018,서강대학교,인문사회계열,1209,104,8.6,서강대학교
2018,서강대학교,자연과학계열,289,106,36.68,서강대학교
2018,서경대학교,공학계열,375,24,6.4,서경대학교
2018,서경대학교,예체능계열,226,12,5.31,서경대학교
2018,서경대학교,인문사회계열,595,5,0.84,서경대학교
2018,서경대학교,자연과학계열,273,21,7.69,서경대학교
2018,서울교육대학교,공학계열,30,0,0.0,서울교육대학교
2018,서울교육대학교,예체능계열,88,6,6.82,서울교육대학교
2018,서울교육대학교,인문사회계열,237,21,8.86,서울교육대학교
2018,서울교육대학교,자연과학계열,33,1,3.03,서울교육대학교
2018,서울기독대학교,공학계열,25,0,0.0,서울기독대학교
2018,서울기독대학교,예체능계열,24,1,4.17,서울기독대학교
2018,서울기독대학교,인문사회계열,57,0,0.0,서울기독대학교
2018,서울대학교,공학계열,720,275,38.19,서울대학교
2018,서울대학교,예체능계열,304,39,12.83,서울대학교
2018,서울대학교,의학계열,135,8,5.93,서울대학교
2018,서울대학교,인문사회계열,1236,318,25.73,서울대학교
2018,서울대학교,자연과학계열,878,407,46.36,서울대학교
2018,서울시립대학교,공학계열,582,73,12.54,서울시립대학교
2018,서울시립대학교,예체능계열,56,5,8.93,서울시립대학교
2018,서울시립대학교,인문사회계열,969,39,4.02,서울시립대학교
2018,서울시립대학교,자연과학계열,323,60,18.58,서울시립대학교
2018,서울신학대학교,공학계열,17,0,0.0,서울신학대학교
2018,서울신학대학교,예체능계열,71,7,9.86,서울신학대학교
2018,서울신학대학교,인문사회계열,335,57,17.01,서울신학대학교
2018,서울여자대학교,공학계열,277,48,17.33,서울여자대학교
2018,서울여자대학교,예체능계열,217,12,5.53,서울여자대학교
2018,서울여자대학교,인문사회계열,1093,54,4.94,서울여자대학교
2018,서울여자대학교,자연과학계열,237,33,13.92,서울여자대학교
2018,서울장신대학교,예체능계열,31,4,12.9,서울장신대학교
2018,서울장신대학교,인문사회계열,96,15,15.62,서울장신대학교
2018,서울한영대학교,예체능계열,15,3,20.0,서울한영대학교
2018,서울한영대학교,인문사회계열,103,8,7.77,서울한영대학교
2018,서원대학교,공학계열,262,4,1.53,서원대학교
2018,서원대학교,예체능계열,168,8,4.76,서원대학교
2018,서원대학교,인문사회계열,876,11,1.26,서원대학교
2018,서원대학교,자연과학계열,185,3,1.62,서원대학교
2018,선문대학교,공학계열,743,20,2.69,선문대학교
2018,선문대학교,예체능계열,86,0,0.0,선문대학교
2018,선문대학교,의학계열,21,4,19.05,선문대학교
2018,선문대학교,인문사회계열,934,10,1.07,선문대학교
2018,선문대학교,자연과학계열,267,19,7.12,선문대학교
2018,성결대학교,공학계열,293,11,3.75,성결대학교
2018,성결대학교,예체능계열,112,10,8.93,성결대학교
2018,성결대학교,인문사회계열,639,24,3.76,성결대학교
2018,성결대학교,자연과학계열,38,1,2.63,성결대학교
2018,성공회대학교,공학계열,172,1,0.58,성공회대학교
2018,성공회대학교,인문사회계열,341,7,2.05,성공회대학교
2018,성균관대학교,공학계열,901,167,18.53,성균관대학교
2018,성균관대학교,예체능계열,231,24,10.39,성균관대학교
2018,성균관대학교,의학계열,22,0,0.0,성균관대학교
2018,성균관대학교,인문사회계열,2046,206,10.07,성균관대학교
2018,성균관대학교,자연과학계열,1027,236,22.98,성균관대학교
2018,성신여자대학교,공학계열,203,3,1.48,성신여자대학교
2018,성신여자대학교,예체능계열,432,63,14.58,성신여자대학교
2018,성신여자대학교,인문사회계열,1354,60,4.43,성신여자대학교
2018,성신여자대학교,자연과학계열,443,43,9.71,성신여자대학교
2018,세명대학교,공학계열,567,9,1.59,세명대학교
2018,세명대학교,예체능계열,206,4,1.94,세명대학교
2018,세명대학교,의학계열,45,0,0.0,세명대학교
2018,세명대학교,인문사회계열,854,13,1.52,세명대학교
2018,세명대학교,자연과학계열,225,15,6.67,세명대학교
2018,세종대학교,공학계열,936,86,9.19,세종대학교
2018,세종대학교,예체능계열,301,21,6.98,세종대학교
2018,세종대학교,인문사회계열,948,15,1.58,세종대학교
2018,세종대학교,자연과학계열,411,91,22.14,세종대학교
2018,세한대학교,공학계열,88,0,0.0,세한대학교
2018,세한대학교,예체능계열,207,5,2.42,세한대학교
2018,세한대학교,인문사회계열,352,1,0.28,세한대학교
2018,세한대학교,자연과학계열,55,2,3.64,세한대학교
2018,수원가톨릭대학교,인문사회계열,43,32,74.42,수원가톨릭대학교
2018,수원대학교,공학계열,658,13,1.98,수원대학교
2018,수원대학교,예체능계열,403,25,6.2,수원대학교
2018,수원대학교,인문사회계열,713,10,1.4,수원대학교
2018,수원대학교,자연과학계열,483,42,8.7,수원대학교
2018,숙명여자대학교,공학계열,395,20,5.06,숙명여자대학교
2018,숙명여자대학교,예체능계열,312,37,11.86,숙명여자대학교
2018,숙명여자대학교,인문사회계열,1429,110,7.7,숙명여자대학교
2018,숙명여자대학교,자연과학계열,499,75,15.03,숙명여자대학교
2018,순복음총회신학교,예체능계열,4,2,50.0,순복음총회신학교
2018,순복음총회신학교,인문사회계열,30,7,23.33,순복음총회신학교
2018,순천향대학교,공학계열,580,39,6.72,순천향대학교
2018,순천향대학교,예체능계열,111,5,4.5,순천향대학교
2018,순천향대학교,의학계열,129,1,0.78,순천향대학교
2018,순천향대학교,인문사회계열,1073,25,2.33,순천향대학교
2018,순천향대학교,자연과학계열,548,74,13.5,순천향대학교
2018,숭실대학교,공학계열,1171,79,6.75,숭실대학교
2018,숭실대학교,예체능계열,38,2,5.26,숭실대학교
2018,숭실대학교,인문사회계열,1471,56,3.81,숭실대학교
2018,숭실대학교,자연과학계열,354,81,22.88,숭실대학교
2018,신경주대학교,공학계열,133,0,0.0,신경주대학교
2018,신경주대학교,예체능계열,19,0,0.0,신경주대학교
2018,신경주대학교,인문사회계열,398,1,0.25,신경주대학교
2018,신경주대학교,자연과학계열,38,1,2.63,신경주대학교
2018,신라대학교,공학계열,512,14,2.73,신라대학교
2018,신라대학교,예체능계열,224,9,4.02,신라대학교
2018,신라대학교,인문사회계열,1000,18,1.8,신라대학교
2018,신라대학교,자연과학계열,432,18,4.17,신라대학교
2018,아신대학교,인문사회계열,177,35,19.77,아신대학교
2018,아주대학교,공학계열,1004,117,11.65,아주대학교
2018,아주대학교,의학계열,19,0,0.0,아주대학교
2018,아주대학교,인문사회계열,907,79,8.71,아주대학교
2018,아주대학교,자연과학계열,435,98,22.53,아주대학교
2018,안양대학교,공학계열,163,9,5.52,안양대학교
2018,안양대학교,예체능계열,115,3,2.61,안양대학교
2018,안양대학교,인문사회계열,471,21,4.46,안양대학교
2018,안양대학교,자연과학계열,141,2,1.42,안양대학교
2018,안양대학교 _제2캠퍼스,공학계열,19,0,0.0,안양대학교 _제2캠퍼스
2018,안양대학교 _제2캠퍼스,인문사회계열,53,2,3.77,안양대학교 _제2캠퍼스
2018,안양대학교 _제2캠퍼스,자연과학계열,25,4,16.0,안양대학교 _제2캠퍼스
2018,연세대학교,공학계열,877,222,25.31,연세대학교
2018,연세대학교,예체능계열,212,40,18.87,연세대학교
2018,연세대학교,의학계열,109,0,0.0,연세대학교
2018,연세대학교,인문사회계열,2159,304,14.08,연세대학교
2018,연세대학교,자연과학계열,792,300,37.88,연세대학교
2018,연세대학교(미래) _분교,공학계열,369,54,14.63,연세대학교(미래) _분교
2018,연세대학교(미래) _분교,예체능계열,47,0,0.0,연세대학교(미래) _분교
2018,연세대학교(미래) _분교,의학계열,100,0,0.0,연세대학교(미래) _분교
2018,연세대학교(미래) _분교,인문사회계열,728,41,5.63,연세대학교(미래) _분교
2018,연세대학교(미래) _분교,자연과학계열,475,80,16.84,연세대학교(미래) _분교
2018,영남대학교,공학계열,1447,70,4.84,영남대학교
2018,영남대학교,예체능계열,466,46,9.87,영남대학교
2018,영남대학교,의학계열,33,0,0.0,영남대학교
2018,영남대학교,인문사회계열,2032,59,2.9,영남대학교
2018,영남대학교,자연과학계열,1052,115,10.93,영남대학교
2018,영남신학대학교,인문사회계열,98,32,32.65,영남신학대학교
2018,영산대학교,공학계열,221,2,0.9,영산대학교
2018,영산대학교,예체능계열,20,0,0.0,영산대학교
2018,영산대학교,인문사회계열,312,7,2.24,영산대학교
2018,영산대학교,자연과학계열,74,1,1.35,영산대학교
2018,영산대학교 _제2캠퍼스,공학계열,76,2,2.63,영산대학교 _제2캠퍼스
2018,영산대학교 _제2캠퍼스,예체능계열,103,1,0.97,영산대학교 _제2캠퍼스
2018,영산대학교 _제2캠퍼스,인문사회계열,442,3,0.68,영산대학교 _제2캠퍼스
2018,영산대학교 _제2캠퍼스,자연과학계열,210,4,1.9,영산대학교 _제2캠퍼스
2018,영산선학대학교,인문사회계열,8,6,75.0,영산선학대학교
2018,예수대학교,인문사회계열,19,0,0.0,예수대학교
2018,예수대학교,자연과학계열,134,0,0.0,예수대학교
2018,예원예술대학교,예체능계열,83,5,6.02,예원예술대학교
2018,예원예술대학교,인문사회계열,7,0,0.0,예원예술대학교
2018,용인대학교,공학계열,224,7,3.12,용인대학교
2018,용인대학교,예체능계열,651,14,2.15,용인대학교
2018,용인대학교,인문사회계열,236,1,0.42,용인대학교
2018,용인대학교,자연과학계열,181,4,2.21,용인대학교
2018,우석대학교,공학계열,397,8,2.02,우석대학교
2018,우석대학교,예체능계열,174,5,2.87,우석대학교
2018,우석대학교,의학계열,81,0,0.0,우석대학교
2018,우석대학교,인문사회계열,724,12,1.66,우석대학교
2018,우석대학교,자연과학계열,233,15,6.44,우석대학교
2018,우송대학교,공학계열,738,4,0.54,우송대학교
2018,우송대학교,예체능계열,200,2,1.0,우송대학교
2018,우송대학교,인문사회계열,1012,20,1.98,우송대학교
2018,우송대학교,자연과학계열,190,1,0.53,우송대학교
2018,울산과학기술원,공학계열,189,111,58.73,울산과학기술원
2018,울산과학기술원,예체능계열,33,14,42.42,울산과학기술원
2018,울산과학기술원,인문사회계열,98,15,15.31,울산과학기술원
2018,울산과학기술원,자연과학계열,316,192,60.76,울산과학기술원
2018,울산대학교,공학계열,1097,51,4.65,울산대학교
2018,울산대학교,예체능계열,273,11,4.03,울산대학교
2018,울산대학교,의학계열,39,0,0.0,울산대학교
2018,울산대학교,인문사회계열,1087,16,1.47,울산대학교
2018,울산대학교,자연과학계열,705,50,7.09,울산대학교
2018,원광대학교,공학계열,880,27,3.07,원광대학교
2018,원광대학교,예체능계열,337,15,4.45,원광대학교
2018,원광대학교,의학계열,251,1,0.4,원광대학교
2018,원광대학교,인문사회계열,1585,23,1.45,원광대학교
2018,원광대학교,자연과학계열,509,39,7.66,원광대학교
2018,위덕대학교,공학계열,186,2,1.08,위덕대학교
2018,위덕대학교,예체능계열,7,0,0.0,위덕대학교
2018,위덕대학교,인문사회계열,259,2,0.77,위덕대학교
2018,위덕대학교,자연과학계열,130,5,3.85,위덕대학교
2018,유원대학교,공학계열,199,3,1.51,유원대학교
2018,유원대학교,예체능계열,130,3,2.31,유원대학교
2018,유원대학교,인문사회계열,327,6,1.83,유원대학교
2018,유원대학교,자연과학계열,131,3,2.29,유원대학교
2018,을지대학교,공학계열,70,0,0.0,을지대학교
2018,을지대학교,의학계열,44,0,0.0,을지대학교
2018,을지대학교,인문사회계열,3,0,0.0,을지대학교
2018,을지대학교,자연과학계열,43,6,13.95,을지대학교
2018,을지대학교 _제2캠퍼스,공학계열,347,5,1.44,을지대학교 _제2캠퍼스
2018,을지대학교 _제2캠퍼스,예체능계열,21,0,0.0,을지대학교 _제2캠퍼스
2018,을지대학교 _제2캠퍼스,인문사회계열,182,3,1.65,을지대학교 _제2캠퍼스
2018,을지대학교 _제2캠퍼스,자연과학계열,420,13,3.1,을지대학교 _제2캠퍼스
2018,이화여자대학교,공학계열,326,77,23.62,이화여자대학교
2018,이화여자대학교,예체능계열,582,92,15.81,이화여자대학교
2018,이화여자대학교,의학계열,49,5,10.2,이화여자대학교
2018,이화여자대학교,인문사회계열,1819,281,15.45,이화여자대학교
2018,이화여자대학교,자연과학계열,653,151,23.12,이화여자대학교
2018,인제대학교,공학계열,568,42,7.39,인제대학교
2018,인제대학교,예체능계열,215,19,8.84,인제대학교
2018,인제대학교,인문사회계열,939,32,3.41,인제대학교
2018,인제대학교,자연과학계열,420,43,10.24,인제대학교
2018,인천가톨릭대학교,인문사회계열,16,11,68.75,인천가톨릭대학교
2018,인천대학교,공학계열,1124,65,5.78,인천대학교
2018,인천대학교,예체능계열,237,12,5.06,인천대학교
2018,인천대학교,인문사회계열,1023,19,1.86,인천대학교
2018,인천대학교,자연과학계열,350,85,24.29,인천대학교
2018,인하대학교,공학계열,1553,163,10.5,인하대학교
2018,인하대학교,예체능계열,71,5,7.04,인하대학교
2018,인하대학교,의학계열,1,0,0.0,인하대학교
2018,인하대학교,인문사회계열,1339,28,2.09,인하대학교
2018,인하대학교,자연과학계열,1005,163,16.22,인하대학교
2018,장로회신학대학교,예체능계열,36,6,16.67,장로회신학대학교
2018,장로회신학대학교,인문사회계열,98,43,43.88,장로회신학대학교
2018,전남대학교,공학계열,672,46,6.85,전남대학교
2018,전남대학교,예체능계열,205,27,13.17,전남대학교
2018,전남대학교,의학계열,120,14,11.67,전남대학교
2018,전남대학교,인문사회계열,1431,49,3.42,전남대학교
2018,전남대학교,자연과학계열,1412,183,12.96,전남대학교
2018,전남대학교 _제2캠퍼스,공학계열,196,11,5.61,전남대학교 _제2캠퍼스
2018,전남대학교 _제2캠퍼스,의학계열,19,5,26.32,전남대학교 _제2캠퍼스
2018,전남대학교 _제2캠퍼스,인문사회계열,210,2,0.95,전남대학교 _제2캠퍼스
2018,전남대학교 _제2캠퍼스,자연과학계열,200,15,7.5,전남대학교 _제2캠퍼스
2018,전북대학교,공학계열,1330,93,6.99,전북대학교
2018,전북대학교,예체능계열,132,18,13.64,전북대학교
2018,전북대학교,의학계열,52,9,17.31,전북대학교
2018,전북대학교,인문사회계열,1465,74,5.05,전북대학교
2018,전북대학교,자연과학계열,1225,168,13.71,전북대학교
2018,전주교육대학교,공학계열,26,0,0.0,전주교육대학교
2018,전주교육대학교,예체능계열,74,0,0.0,전주교육대학교
2018,전주교육대학교,인문사회계열,146,0,0.0,전주교육대학교
2018,전주교육대학교,자연과학계열,48,0,0.0,전주교육대학교
2018,전주대학교,공학계열,546,8,1.47,전주대학교
2018,전주대학교,예체능계열,340,18,5.29,전주대학교
2018,전주대학교,의학계열,59,2,3.39,전주대학교
2018,전주대학교,인문사회계열,1253,37,2.95,전주대학교
2018,전주대학교,자연과학계열,312,8,2.56,전주대학교
2018,제주대학교,공학계열,451,14,3.1,제주대학교
2018,제주대학교,예체능계열,107,4,3.74,제주대학교
2018,제주대학교,의학계열,72,9,12.5,제주대학교
2018,제주대학교,인문사회계열,944,17,1.8,제주대학교
2018,제주대학교,자연과학계열,417,41,9.83,제주대학교
2018,조선대학교,공학계열,1326,77,5.81,조선대학교
2018,조선대학교,예체능계열,533,46,8.63,조선대학교
2018,조선대학교,의학계열,1,0,0.0,조선대학교
2018,조선대학교,인문사회계열,1709,55,3.22,조선대학교
2018,조선대학교,자연과학계열,873,98,11.23,조선대학교
2018,중부대학교,공학계열,436,6,1.38,중부대학교
2018,중부대학교,예체능계열,302,8,2.65,중부대학교
2018,중부대학교,인문사회계열,657,11,1.67,중부대학교
2018,중부대학교,자연과학계열,213,9,4.23,중부대학교
2018,중앙대학교,공학계열,1101,117,10.63,중앙대학교
2018,중앙대학교,예체능계열,108,4,3.7,중앙대학교
2018,중앙대학교,의학계열,38,0,0.0,중앙대학교
2018,중앙대학교,인문사회계열,1700,85,5.0,중앙대학교
2018,중앙대학교,자연과학계열,630,121,19.21,중앙대학교
2018,중앙승가대학교,인문사회계열,56,14,25.0,중앙승가대학교
2018,중원대학교,공학계열,131,4,3.05,중원대학교
2018,중원대학교,예체능계열,21,1,4.76,중원대학교
2018,중원대학교,의학계열,13,3,23.08,중원대학교
2018,중원대학교,인문사회계열,195,6,3.08,중원대학교
2018,중원대학교,자연과학계열,110,20,18.18,중원대학교
2018,진주교육대학교,공학계열,27,0,0.0,진주교육대학교
2018,진주교육대학교,예체능계열,77,0,0.0,진주교육대학교
2018,진주교육대학교,인문사회계열,167,0,0.0,진주교육대학교
2018,진주교육대학교,자연과학계열,54,0,0.0,진주교육대학교
2018,차의과학대학교,공학계열,114,4,3.51,차의과학대학교
2018,차의과학대학교,의학계열,12,4,33.33,차의과학대학교
2018,차의과학대학교,인문사회계열,36,2,5.56,차의과학대학교
2018,차의과학대학교,자연과학계열,99,37,37.37,차의과학대학교
2018,청운대학교,공학계열,334,6,1.8,청운대학교
2018,청운대학교,예체능계열,73,6,8.22,청운대학교
2018,청운대학교,인문사회계열,856,3,0.35,청운대학교
2018,청운대학교,자연과학계열,105,1,0.95,청운대학교
2018,청주교육대학교,공학계열,28,1,3.57,청주교육대학교
2018,청주교육대학교,예체능계열,76,0,0.0,청주교육대학교
2018,청주교육대학교,인문사회계열,154,0,0.0,청주교육대학교
2018,청주교육대학교,자연과학계열,55,0,0.0,청주교육대학교
2018,청주대학교,공학계열,703,31,4.41,청주대학교
2018,청주대학교,예체능계열,323,8,2.48,청주대학교
2018,청주대학교,의학계열,30,1,3.33,청주대학교
2018,청주대학교,인문사회계열,1509,17,1.13,청주대학교
2018,청주대학교,자연과학계열,441,25,5.67,청주대학교
2018,총신대학교,예체능계열,64,13,20.31,총신대학교
2018,총신대학교,인문사회계열,311,67,21.54,총신대학교
2018,추계예술대학교,예체능계열,234,16,6.84,추계예술대학교
2018,추계예술대학교,인문사회계열,21,0,0.0,추계예술대학교
2018,춘천교육대학교,공학계열,25,0,0.0,춘천교육대학교
2018,춘천교육대학교,예체능계열,81,0,0.0,춘천교육대학교
2018,춘천교육대학교,인문사회계열,171,0,0.0,춘천교육대학교
2018,춘천교육대학교,자연과학계열,58,0,0.0,춘천교육대학교
2018,충남대학교,공학계열,1305,169,12.95,충남대학교
2018,충남대학교,예체능계열,177,24,13.56,충남대학교
2018,충남대학교,의학계열,62,8,12.9,충남대학교
2018,충남대학교,인문사회계열,1423,40,2.81,충남대학교
2018,충남대학교,자연과학계열,1179,221,18.74,충남대학교
2018,충북대학교,공학계열,1124,87,7.74,충북대학교
2018,충북대학교,예체능계열,106,10,9.43,충북대학교
2018,충북대학교,의학계열,121,23,19.01,충북대학교
2018,충북대학교,인문사회계열,1035,37,3.57,충북대학교
2018,충북대학교,자연과학계열,966,143,14.8,충북대학교
2018,칼빈대학교,예체능계열,10,2,20.0,칼빈대학교
2018,칼빈대학교,인문사회계열,87,11,12.64,칼빈대학교
2018,평택대학교,공학계열,106,0,0.0,평택대학교
2018,평택대학교,예체능계열,180,7,3.89,평택대학교
2018,평택대학교,인문사회계열,597,3,0.5,평택대학교
2018,평택대학교,자연과학계열,2,0,0.0,평택대학교
2018,포항공과대학교,공학계열,139,76,54.68,포항공과대학교
2018,포항공과대학교,자연과학계열,158,101,63.92,포항공과대학교
2018,한국과학기술원,공학계열,405,217,53.58,한국과학기술원
2018,한국과학기술원,인문사회계열,8,2,25.0,한국과학기술원
2018,한국과학기술원,자연과학계열,380,223,58.68,한국과학기술원
2018,한국교원대학교,공학계열,57,0,0.0,한국교원대학교
2018,한국교원대학교,예체능계열,51,0,0.0,한국교원대학교
2018,한국교원대학교,인문사회계열,328,6,1.83,한국교원대학교
2018,한국교원대학교,자연과학계열,124,1,0.81,한국교원대학교
2018,한국기술교육대학교,공학계열,800,53,6.62,한국기술교육대학교
2018,한국기술교육대학교,예체능계열,21,1,4.76,한국기술교육대학교
2018,한국기술교육대학교,자연과학계열,91,19,20.88,한국기술교육대학교
2018,한국성서대학교,공학계열,19,0,0.0,한국성서대학교
2018,한국성서대학교,인문사회계열,113,9,7.96,한국성서대학교
2018,한국성서대학교,자연과학계열,44,0,0.0,한국성서대학교
2018,한국예술종합학교,공학계열,19,0,0.0,한국예술종합학교
2018,한국예술종합학교,예체능계열,495,50,10.1,한국예술종합학교
2018,한국예술종합학교,인문사회계열,12,0,0.0,한국예술종합학교
2018,한국외국어대학교,공학계열,345,23,6.67,한국외국어대학교
2018,한국외국어대학교,인문사회계열,3229,192,5.95,한국외국어대학교
2018,한국외국어대학교,자연과학계열,270,45,16.67,한국외국어대학교
2018,한국체육대학교,예체능계열,494,15,3.04,한국체육대학교
2018,한국체육대학교,인문사회계열,45,2,4.44,한국체육대학교
2018,한국침례신학대학교,예체능계열,62,8,12.9,한국침례신학대학교
2018,한국침례신학대학교,인문사회계열,291,49,16.84,한국침례신학대학교
2018,한국항공대학교,공학계열,793,79,9.96,한국항공대학교
2018,한국항공대학교,인문사회계열,156,5,3.21,한국항공대학교
2018,한국항공대학교,자연과학계열,61,4,6.56,한국항공대학교
2018,한남대학교,공학계열,585,19,3.25,한남대학교
2018,한남대학교,예체능계열,272,21,7.72,한남대학교
2018,한남대학교,인문사회계열,1434,40,2.79,한남대학교
2018,한남대학교,자연과학계열,428,66,15.42,한남대학교
2018,한동대학교,공학계열,302,65,21.52,한동대학교
2018,한동대학교,예체능계열,61,2,3.28,한동대학교
2018,한동대학교,인문사회계열,371,47,12.67,한동대학교
2018,한동대학교,자연과학계열,106,23,21.7,한동대학교
2018,한라대학교,공학계열,358,6,1.68,한라대학교
2018,한라대학교,예체능계열,48,0,0.0,한라대학교
2018,한라대학교,인문사회계열,380,4,1.05,한라대학교
2018,한라대학교,자연과학계열,31,1,3.23,한라대학교
2018,한림대학교,공학계열,225,13,5.78,한림대학교
2018,한림대학교,예체능계열,77,3,3.9,한림대학교
2018,한림대학교,의학계열,77,0,0.0,한림대학교
2018,한림대학교,인문사회계열,1124,48,4.27,한림대학교
2018,한림대학교,자연과학계열,353,42,11.9,한림대학교
2018,한서대학교,공학계열,633,8,1.26,한서대학교
2018,한서대학교,예체능계열,227,2,0.88,한서대학교
2018,한서대학교,인문사회계열,498,4,0.8,한서대학교
2018,한서대학교,자연과학계열,365,4,1.1,한서대학교
2018,한성대학교,공학계열,303,3,0.99,한성대학교
2018,한성대학교,예체능계열,213,9,4.23,한성대학교
2018,한성대학교,인문사회계열,345,3,0.87,한성대학교
2018,한성대학교,자연과학계열,73,1,1.37,한성대학교
2018,한세대학교,공학계열,157,1,0.64,한세대학교
2018,한세대학교,예체능계열,120,2,1.67,한세대학교
2018,한세대학교,인문사회계열,310,17,5.48,한세대학교
2018,한신대학교,공학계열,190,4,2.11,한신대학교
2018,한신대학교,예체능계열,37,0,0.0,한신대학교
2018,한신대학교,인문사회계열,818,45,5.5,한신대학교
2018,한신대학교,자연과학계열,94,4,4.26,한신대학교
2018,한양대학교,공학계열,1304,247,18.94,한양대학교
2018,한양대학교,예체능계열,218,25,11.47,한양대학교
2018,한양대학교,의학계열,53,3,5.66,한양대학교
2018,한양대학교,인문사회계열,1410,105,7.45,한양대학교
2018,한양대학교,자연과학계열,637,152,23.86,한양대학교
2018,한양대학교(ERICA) _분교,공학계열,854,127,14.87,한양대학교(ERICA) _분교
2018,한양대학교(ERICA) _분교,예체능계열,329,17,5.17,한양대학교(ERICA) _분교
2018,한양대학교(ERICA) _분교,인문사회계열,705,12,1.7,한양대학교(ERICA) _분교
2018,한양대학교(ERICA) _분교,자연과학계열,566,106,18.73,한양대학교(ERICA) _분교
2018,한일장신대학교,예체능계열,35,4,11.43,한일장신대학교
2018,한일장신대학교,인문사회계열,158,23,14.56,한일장신대학교
2018,협성대학교,공학계열,98,0,0.0,협성대학교
2018,협성대학교,예체능계열,165,10,6.06,협성대학교
2018,협성대학교,의학계열,43,0,0.0,협성대학교
2018,협성대학교,인문사회계열,683,48,7.03,협성대학교
2018,협성대학교,자연과학계열,27,1,3.7,협성대학교
2018,호남대학교,공학계열,522,12,2.3,호남대학교
2018,호남대학교,예체능계열,216,11,5.09,호남대학교
2018,호남대학교,인문사회계열,835,13,1.56,호남대학교
2018,호남대학교,자연과학계열,226,3,1.33,호남대학교
2018,호남신학대학교,예체능계열,44,0,0.0,호남신학대학교
2018,호남신학대학교,인문사회계열,68,25,36.76,호남신학대학교
2018,호서대학교,공학계열,1265,65,5.14,호서대학교
2018,호서대학교,예체능계열,448,13,2.9,호서대학교
2018,호서대학교,인문사회계열,902,17,1.88,호서대학교
2018,호서대학교,자연과학계열,329,36,10.94,호서대학교
2018,호원대학교,공학계열,392,3,0.77,호원대학교
2018,호원대학교,예체능계열,214,2,0.93,호원대학교
2018,호원대학교,인문사회계열,376,2,0.53,호원대학교
2018,호원대학교,자연과학계열,100,1,1.0,호원대학교
2018,홍익대학교,공학계열,1022,81,7.93,홍익대학교
2018,홍익대학교,예체능계열,410,34,8.29,홍익대학교
2018,홍익대학교,인문사회계열,1072,46,4.29,홍익대학교
2018,홍익대학교,자연과학계열,233,24,10.3,홍익대학교
2018,화성의과학대학교,공학계열,55,0,0.0,화성의과학대학교
2018,화성의과학대학교,예체능계열,12,0,0.0,화성의과학대학교
2018,화성의과학대학교,인문사회계열,90,2,2.22,화성의과학대학교
2018,화성의과학대학교,자연과학계열,25,8,32.0,화성의과학대학교
2019,가천대학교,공학계열,1114,40,3.59,가천대학교
2019,가천대학교,예체능계열,469,27,5.76,가천대학교
2019,가천대학교,의학계열,36,0,0.0,가천대학교
2019,가천대학교,인문사회계열,1356,22,1.62,가천대학교
2019,가천대학교,자연과학계열,727,98,13.48,가천대학교
2019,가톨릭관동대학교,공학계열,369,9,2.44,가톨릭관동대학교
2019,가톨릭관동대학교,예체능계열,122,7,5.74,가톨릭관동대학교
2019,가톨릭관동대학교,의학계열,50,0,0.0,가톨릭관동대학교
2019,가톨릭관동대학교,인문사회계열,1085,15,1.38,가톨릭관동대학교
2019,가톨릭관동대학교,자연과학계열,83,6,7.23,가톨릭관동대학교
2019,가톨릭꽃동네대학교,공학계열,53,0,0.0,가톨릭꽃동네대학교
2019,가톨릭꽃동네대학교,인문사회계열,62,1,1.61,가톨릭꽃동네대학교
2019,가톨릭대학교,공학계열,214,5,2.34,가톨릭대학교
2019,가톨릭대학교,예체능계열,55,0,0.0,가톨릭대학교
2019,가톨릭대학교,인문사회계열,963,49,5.09,가톨릭대학교
2019,가톨릭대학교,자연과학계열,358,51,14.25,가톨릭대학교
2019,가톨릭대학교 _제2캠퍼스,공학계열,76,0,0.0,가톨릭대학교 _제2캠퍼스
2019,가톨릭대학교 _제3캠퍼스,인문사회계열,43,30,69.77,가톨릭대학교 _제3캠퍼스
2019,감리교신학대학교,인문사회계열,178,79,44.38,감리교신학대학교
2019,강남대학교,공학계열,303,8,2.64,강남대학교
2019,강남대학교,예체능계열,126,6,4.76,강남대학교
2019,강남대학교,인문사회계열,948,19,2.0,강남대학교
2019,강남대학교,자연과학계열,71,1,1.41,강남대학교
2019,강서대학교,예체능계열,26,3,11.54,강서대학교
2019,강서대학교,인문사회계열,202,10,4.95,강서대학교
2019,강원대학교,공학계열,787,75,9.53,강원대학교
2019,강원대학교,예체능계열,161,5,3.11,강원대학교
2019,강원대학교,의학계열,37,2,5.41,강원대학교
2019,강원대학교,인문사회계열,1094,29,2.65,강원대학교
2019,강원대학교,자연과학계열,1089,188,17.26,강원대학교
2019,강원대학교 _제2캠퍼스,공학계열,620,12,1.94,강원대학교 _제2캠퍼스
2019,강원대학교 _제2캠퍼스,예체능계열,107,2,1.87,강원대학교 _제2캠퍼스
2019,강원대학교 _제2캠퍼스,인문사회계열,307,5,1.63,강원대학교 _제2캠퍼스
2019,강원대학교 _제2캠퍼스,자연과학계열,297,19,6.4,강원대학교 _제2캠퍼스
2019,건국대학교,공학계열,959,100,10.43,건국대학교
2019,건국대학교,예체능계열,261,12,4.6,건국대학교
2019,건국대학교,의학계열,75,15,20.0,건국대학교
2019,건국대학교,인문사회계열,1202,33,2.75,건국대학교
2019,건국대학교,자연과학계열,902,135,14.97,건국대학교
2019,건국대학교(글로컬) _분교,공학계열,429,19,4.43,건국대학교(글로컬) _분교
2019,건국대학교(글로컬) _분교,예체능계열,224,4,1.79,건국대학교(글로컬) _분교
2019,건국대학교(글로컬) _분교,인문사회계열,893,18,2.02,건국대학교(글로컬) _분교
2019,건국대학교(글로컬) _분교,자연과학계열,359,51,14.21,건국대학교(글로컬) _분교
2019,건양대학교,공학계열,128,2,1.56,건양대학교
2019,건양대학교,예체능계열,107,1,0.93,건양대학교
2019,건양대학교,인문사회계열,444,6,1.35,건양대학교
2019,건양대학교,자연과학계열,224,42,18.75,건양대학교
2019,건양대학교 _제2캠퍼스,공학계열,316,5,1.58,건양대학교 _제2캠퍼스
2019,건양대학교 _제2캠퍼스,예체능계열,43,0,0.0,건양대학교 _제2캠퍼스
2019,건양대학교 _제2캠퍼스,의학계열,61,0,0.0,건양대학교 _제2캠퍼스
2019,건양대학교 _제2캠퍼스,인문사회계열,106,2,1.89,건양대학교 _제2캠퍼스
2019,건양대학교 _제2캠퍼스,자연과학계열,288,24,8.33,건양대학교 _제2캠퍼스
2019,경기대학교,공학계열,757,29,3.83,경기대학교
2019,경기대학교,예체능계열,102,5,4.9,경기대학교
2019,경기대학교,인문사회계열,1359,11,0.81,경기대학교
2019,경기대학교,자연과학계열,502,60,11.95,경기대학교
2019,경기대학교 _제2캠퍼스,공학계열,11,0,0.0,경기대학교 _제2캠퍼스
2019,경기대학교 _제2캠퍼스,예체능계열,46,2,4.35,경기대학교 _제2캠퍼스
2019,경기대학교 _제2캠퍼스,인문사회계열,366,2,0.55,경기대학교 _제2캠퍼스
2019,경남과학기술대학교,공학계열,512,14,2.73,경상국립대학교
2019,경남과학기술대학교,예체능계열,25,0,0.0,경상국립대학교
2019,경남과학기술대학교,인문사회계열,200,2,1.0,경상국립대학교
2019,경남과학기술대학교,자연과학계열,247,8,3.24,경상국립대학교
2019,경남대학교,공학계열,819,36,4.4,경남대학교
2019,경남대학교,예체능계열,191,8,4.19,경남대학교
2019,경남대학교,인문사회계열,1382,13,0.94,경남대학교
2019,경남대학교,자연과학계열,322,11,3.42,경남대학교
2019,경동대학교,공학계열,273,0,0.0,경동대학교
2019,경동대학교,예체능계열,87,0,0.0,경동대학교
2019,경동대학교,의학계열,18,0,0.0,경동대학교
2019,경동대학교,인문사회계열,203,2,0.99,경동대학교
2019,경동대학교,자연과학계열,287,4,1.39,경동대학교
2019,경북대학교,공학계열,1814,146,8.05,경북대학교
2019,경북대학교,예체능계열,230,28,12.17,경북대학교
2019,경북대학교,의학계열,64,12,18.75,경북대학교
2019,경북대학교,인문사회계열,1622,69,4.25,경북대학교
2019,경북대학교,자연과학계열,1452,226,15.56,경북대학교
2019,경상국립대학교,공학계열,1066,68,6.38,경상국립대학교
2019,경상국립대학교,예체능계열,105,8,7.62,경상국립대학교
2019,경상국립대학교,의학계열,95,15,15.79,경상국립대학교
2019,경상국립대학교,인문사회계열,1055,49,4.64,경상국립대학교
2019,경상국립대학교,자연과학계열,905,121,13.37,경상국립대학교
2019,경성대학교,공학계열,513,5,0.97,경성대학교
2019,경성대학교,예체능계열,520,14,2.69,경성대학교
2019,경성대학교,의학계열,42,2,4.76,경성대학교
2019,경성대학교,인문사회계열,1338,11,0.82,경성대학교
2019,경성대학교,자연과학계열,441,20,4.54,경성대학교
2019,경일대학교,공학계열,679,7,1.03,경일대학교
2019,경일대학교,예체능계열,242,4,1.65,경일대학교
2019,경일대학교,인문사회계열,428,13,3.04,경일대학교
2019,경일대학교,자연과학계열,94,6,6.38,경일대학교
2019,경희대학교,공학계열,1341,156,11.63,경희대학교
2019,경희대학교,예체능계열,586,61,10.41,경희대학교
2019,경희대학교,의학계열,144,6,4.17,경희대학교
2019,경희대학교,인문사회계열,2145,116,5.41,경희대학교
2019,경희대학교,자연과학계열,1135,218,19.21,경희대학교
2019,계명대학교,공학계열,981,37,3.77,계명대학교
2019,계명대학교,예체능계열,762,64,8.4,계명대학교
2019,계명대학교,의학계열,72,0,0.0,계명대학교
2019,계명대학교,인문사회계열,2172,77,3.55,계명대학교
2019,계명대학교,자연과학계열,663,60,9.05,계명대학교
2019,고려대학교,공학계열,913,188,20.59,고려대학교
2019,고려대학교,예체능계열,117,2,1.71,고려대학교
2019,고려대학교,의학계열,55,0,0.0,고려대학교
2019,고려대학교,인문사회계열,2309,287,12.43,고려대학교
2019,고려대학교,자연과학계열,1033,268,25.94,고려대학교
2019,고려대학교(세종) _분교,공학계열,429,62,14.45,고려대학교(세종) _분교
2019,고려대학교(세종) _분교,예체능계열,113,15,13.27,고려대학교(세종) _분교
2019,고려대학교(세종) _분교,인문사회계열,773,34,4.4,고려대학교(세종) _분교
2019,고려대학교(세종) _분교,자연과학계열,309,66,21.36,고려대학교(세종) _분교
2019,고신대학교,공학계열,140,0,0.0,고신대학교
2019,고신대학교,예체능계열,75,6,8.0,고신대학교
2019,고신대학교,의학계열,72,0,0.0,고신대학교
2019,고신대학교,인문사회계열,457,47,10.28,고신대학교
2019,고신대학교,자연과학계열,87,6,6.9,고신대학교
2019,공주교육대학교,공학계열,28,0,0.0,공주교육대학교
2019,공주교육대학교,예체능계열,84,0,0.0,공주교육대학교
2019,공주교육대학교,인문사회계열,208,2,0.96,공주교육대학교
2019,공주교육대학교,자연과학계열,61,0,0.0,공주교육대학교
2019,광신대학교,예체능계열,18,4,22.22,광신대학교
2019,광신대학교,인문사회계열,91,22,24.18,광신대학교
2019,광운대학교,공학계열,850,59,6.94,광운대학교
2019,광운대학교,예체능계열,123,4,3.25,광운대학교
2019,광운대학교,인문사회계열,537,12,2.23,광운대학교
2019,광운대학교,자연과학계열,301,48,15.95,광운대학교
2019,광주가톨릭대학교,인문사회계열,21,9,42.86,광주가톨릭대학교
2019,광주과학기술원,공학계열,44,32,72.73,광주과학기술원
2019,광주과학기술원,자연과학계열,66,44,66.67,광주과학기술원
2019,광주교육대학교,공학계열,28,0,0.0,광주교육대학교
2019,광주교육대학교,예체능계열,82,3,3.66,광주교육대학교
2019,광주교육대학교,인문사회계열,183,1,0.55,광주교육대학교
2019,광주교육대학교,자연과학계열,55,0,0.0,광주교육대학교
2019,광주대학교,공학계열,439,0,0.0,광주대학교
2019,광주대학교,예체능계열,181,6,3.31,광주대학교
2019,광주대학교,의학계열,28,1,3.57,광주대학교
2019,광주대학교,인문사회계열,958,13,1.36,광주대학교
2019,광주대학교,자연과학계열,72,0,0.0,광주대학교
2019,광주여자대학교,공학계열,220,0,0.0,광주여자대학교
2019,광주여자대학교,예체능계열,82,2,2.44,광주여자대학교
2019,광주여자대학교,의학계열,23,0,0.0,광주여자대학교
2019,광주여자대학교,인문사회계열,364,9,2.47,광주여자대학교
2019,광주여자대학교,자연과학계열,295,0,0.0,광주여자대학교
2019,국립강릉원주대학교,공학계열,197,10,5.08,국립강릉원주대학교
2019,국립강릉원주대학교,예체능계열,132,10,7.58,국립강릉원주대학교
2019,국립강릉원주대학교,의학계열,33,0,0.0,국립강릉원주대학교
2019,국립강릉원주대학교,인문사회계열,516,10,1.94,국립강릉원주대학교
2019,국립강릉원주대학교,자연과학계열,421,48,11.4,국립강릉원주대학교
2019,국립강릉원주대학교 _제2캠퍼스,공학계열,330,15,4.55,국립강릉원주대학교 _제2캠퍼스
2019,국립강릉원주대학교 _제2캠퍼스,예체능계열,1,0,0.0,국립강릉원주대학교 _제2캠퍼스
2019,국립강릉원주대학교 _제2캠퍼스,인문사회계열,90,1,1.11,국립강릉원주대학교 _제2캠퍼스
2019,국립강릉원주대학교 _제2캠퍼스,자연과학계열,12,0,0.0,국립강릉원주대학교 _제2캠퍼스
2019,국립경국대학교,공학계열,390,14,3.59,국립경국대학교
2019,국립경국대학교,예체능계열,88,7,7.95,국립경국대학교
2019,국립경국대학교,의학계열,23,2,8.7,국립경국대학교
2019,국립경국대학교,인문사회계열,478,18,3.77,국립경국대학교
2019,국립경국대학교,자연과학계열,341,39,11.44,국립경국대학교
2019,국립공주대학교,공학계열,1106,47,4.25,국립공주대학교
2019,국립공주대학교,예체능계열,269,7,2.6,국립공주대학교
2019,국립공주대학교,인문사회계열,891,18,2.02,국립공주대학교
2019,국립공주대학교,자연과학계열,774,113,14.6,국립공주대학교
2019,국립군산대학교,공학계열,690,23,3.33,국립군산대학교
2019,국립군산대학교,예체능계열,106,10,9.43,국립군산대학교
2019,국립군산대학교,의학계열,29,0,0.0,국립군산대학교
2019,국립군산대학교,인문사회계열,487,7,1.44,국립군산대학교
2019,국립군산대학교,자연과학계열,361,29,8.03,국립군산대학교
2019,국립금오공과대학교,공학계열,1036,56,5.41,국립금오공과대학교
2019,국립금오공과대학교,예체능계열,63,4,6.35,국립금오공과대학교
2019,국립금오공과대학교,인문사회계열,52,0,0.0,국립금오공과대학교
2019,국립금오공과대학교,자연과학계열,281,40,14.23,국립금오공과대학교
2019,국립목포대학교,공학계열,552,22,3.99,국립목포대학교
2019,국립목포대학교,예체능계열,92,4,4.35,국립목포대학교
2019,국립목포대학교,인문사회계열,569,11,1.93,국립목포대학교
2019,국립목포대학교,자연과학계열,263,25,9.51,국립목포대학교
2019,국립목포해양대학교,공학계열,535,3,0.56,국립목포해양대학교
2019,국립목포해양대학교,자연과학계열,30,2,6.67,국립목포해양대학교
2019,국립부경대학교,공학계열,1534,93,6.06,국립부경대학교
2019,국립부경대학교,예체능계열,118,1,0.85,국립부경대학교
2019,국립부경대학교,의학계열,30,5,16.67,국립부경대학교
2019,국립부경대학교,인문사회계열,1105,23,2.08,국립부경대학교
2019,국립부경대학교,자연과학계열,907,112,12.35,국립부경대학교
2019,국립순천대학교,공학계열,440,24,5.45,국립순천대학교
2019,국립순천대학교,예체능계열,137,7,5.11,국립순천대학교
2019,국립순천대학교,의학계열,16,0,0.0,국립순천대학교
2019,국립순천대학교,인문사회계열,518,5,0.97,국립순천대학교
2019,국립순천대학교,자연과학계열,415,24,5.78,국립순천대학교
2019,국립창원대학교,공학계열,576,36,6.25,국립창원대학교
2019,국립창원대학교,예체능계열,128,16,12.5,국립창원대학교
2019,국립창원대학교,인문사회계열,874,7,0.8,국립창원대학교
2019,국립창원대학교,자연과학계열,295,28,9.49,국립창원대학교
2019,국립한국교통대학교,공학계열,1249,48,3.84,국립한국교통대학교
2019,국립한국교통대학교,예체능계열,33,3,9.09,국립한국교통대학교
2019,국립한국교통대학교,인문사회계열,328,2,0.61,국립한국교통대학교
2019,국립한국교통대학교,자연과학계열,263,31,11.79,국립한국교통대학교
2019,국립한국해양대학교,공학계열,891,60,6.73,국립한국해양대학교
2019,국립한국해양대학교,예체능계열,29,0,0.0,국립한국해양대학교
2019,국립한국해양대학교,인문사회계열,373,7,1.88,국립한국해양대학교
2019,국립한국해양대학교,자연과학계열,131,14,10.69,국립한국해양대학교
2019,국민대학교,공학계열,762,69,9.06,국민대학교
2019,국민대학교,예체능계열,372,45,12.1,국민대학교
2019,국민대학교,인문사회계열,1420,37,2.61,국민대학교
2019,국민대학교,자연과학계열,468,66,14.1,국민대학교
2019,극동대학교,공학계열,300,1,0.33,극동대학교
2019,극동대학교,예체능계열,109,0,0.0,극동대학교
2019,극동대학교,인문사회계열,339,1,0.29,극동대학교
2019,극동대학교,자연과학계열,93,0,0.0,극동대학교
2019,금강대학교,인문사회계열,102,3,2.94,금강대학교
2019,김천대학교,공학계열,189,3,1.59,김천대학교
2019,김천대학교,예체능계열,48,4,8.33,김천대학교
2019,김천대학교,인문사회계열,260,6,2.31,김천대학교
2019,김천대학교,자연과학계열,382,1,0.26,김천대학교
2019,나사렛대학교,공학계열,183,1,0.55,나사렛대학교
2019,나사렛대학교,예체능계열,120,4,3.33,나사렛대학교
2019,나사렛대학교,인문사회계열,856,15,1.75,나사렛대학교
2019,나사렛대학교,자연과학계열,92,3,3.26,나사렛대학교
2019,남부대학교,공학계열,209,1,0.48,남부대학교
2019,남부대학교,예체능계열,83,4,4.82,남부대학교
2019,남부대학교,의학계열,13,1,7.69,남부대학교
2019,남부대학교,인문사회계열,249,3,1.2,남부대학교
2019,남부대학교,자연과학계열,199,9,4.52,남부대학교
2019,단국대학교,공학계열,570,54,9.47,단국대학교
2019,단국대학교,예체능계열,218,29,13.3,단국대학교
2019,단국대학교,인문사회계열,1245,55,4.42,단국대학교
2019,단국대학교,자연과학계열,341,31,9.09,단국대학교
2019,대구가톨릭대학교,공학계열,772,24,3.11,대구가톨릭대학교
2019,대구가톨릭대학교,예체능계열,332,25,7.53,대구가톨릭대학교
2019,대구가톨릭대학교,의학계열,51,1,1.96,대구가톨릭대학교
2019,대구가톨릭대학교,인문사회계열,1220,68,5.57,대구가톨릭대학교
2019,대구가톨릭대학교,자연과학계열,463,41,8.86,대구가톨릭대학교
2019,대구교육대학교,공학계열,32,0,0.0,대구교육대학교
2019,대구교육대학교,예체능계열,87,0,0.0,대구교육대학교
2019,대구교육대학교,인문사회계열,230,3,1.3,대구교육대학교
2019,대구교육대학교,자연과학계열,58,1,1.72,대구교육대학교
2019,대구대학교,공학계열,1102,27,2.45,대구대학교
2019,대구대학교,예체능계열,258,17,6.59,대구대학교
2019,대구대학교,인문사회계열,2167,61,2.81,대구대학교
2019,대구대학교,자연과학계열,683,61,8.93,대구대학교
2019,대구예술대학교,공학계열,21,1,4.76,대구예술대학교
2019,대구예술대학교,예체능계열,205,2,0.98,대구예술대학교
2019,대구예술대학교,인문사회계열,36,6,16.67,대구예술대학교
2019,대구예술대학교,자연과학계열,21,3,14.29,대구예술대학교
2019,대구한의대학교,공학계열,332,15,4.52,대구한의대학교
2019,대구한의대학교,예체능계열,60,3,5.0,대구한의대학교
2019,대구한의대학교,의학계열,124,1,0.81,대구한의대학교
2019,대구한의대학교,인문사회계열,395,15,3.8,대구한의대학교
2019,대구한의대학교,자연과학계열,402,11,2.74,대구한의대학교
2019,대신대학교,예체능계열,23,1,4.35,대신대학교
2019,대신대학교,인문사회계열,51,10,19.61,대신대학교
2019,대전가톨릭대학교,인문사회계열,25,20,80.0,대전가톨릭대학교
2019,대전대학교,공학계열,482,14,2.9,대전대학교
2019,대전대학교,예체능계열,244,9,3.69,대전대학교
2019,대전대학교,의학계열,82,0,0.0,대전대학교
2019,대전대학교,인문사회계열,716,12,1.68,대전대학교
2019,대전대학교,자연과학계열,303,33,10.89,대전대학교
2019,대전신학대학교,인문사회계열,52,17,32.69,대전신학대학교
2019,대진대학교,공학계열,456,16,3.51,대진대학교
2019,대진대학교,예체능계열,193,14,7.25,대진대학교
2019,대진대학교,인문사회계열,699,9,1.29,대진대학교
2019,대진대학교,자연과학계열,270,25,9.26,대진대학교
2019,덕성여자대학교,공학계열,63,0,0.0,덕성여자대학교
2019,덕성여자대학교,예체능계열,143,10,6.99,덕성여자대학교
2019,덕성여자대학교,인문사회계열,675,34,5.04,덕성여자대학교
2019,덕성여자대학교,자연과학계열,264,13,4.92,덕성여자대학교
2019,동국대학교,공학계열,851,63,7.4,동국대학교
2019,동국대학교,예체능계열,207,11,5.31,동국대학교
2019,동국대학교,인문사회계열,1424,73,5.13,동국대학교
2019,동국대학교,자연과학계열,488,82,16.8,동국대학교
2019,동국대학교(WISE) _분교,공학계열,285,6,2.11,동국대학교(WISE) _분교
2019,동국대학교(WISE) _분교,예체능계열,126,12,9.52,동국대학교(WISE) _분교
2019,동국대학교(WISE) _분교,의학계열,99,1,1.01,동국대학교(WISE) _분교
2019,동국대학교(WISE) _분교,인문사회계열,893,34,3.81,동국대학교(WISE) _분교
2019,동국대학교(WISE) _분교,자연과학계열,265,18,6.79,동국대학교(WISE) _분교
2019,동덕여자대학교,공학계열,158,3,1.9,동덕여자대학교
2019,동덕여자대학교,예체능계열,482,39,8.09,동덕여자대학교
2019,동덕여자대학교,의학계열,56,4,7.14,동덕여자대학교
2019,동덕여자대학교,인문사회계열,660,26,3.94,동덕여자대학교
2019,동덕여자대학교,자연과학계열,178,16,8.99,동덕여자대학교
2019,동명대학교,공학계열,830,14,1.69,동명대학교
2019,동명대학교,예체능계열,196,2,1.02,동명대학교
2019,동명대학교,인문사회계열,610,7,1.15,동명대학교
2019,동명대학교,자연과학계열,43,2,4.65,동명대학교
2019,동서대학교,공학계열,497,5,1.01,동서대학교
2019,동서대학교,예체능계열,463,6,1.3,동서대학교
2019,동서대학교,인문사회계열,1103,7,0.63,동서대학교
2019,동서대학교,자연과학계열,215,5,2.33,동서대학교
2019,동신대학교,공학계열,480,8,1.67,동신대학교
2019,동신대학교,예체능계열,159,5,3.14,동신대학교
2019,동신대학교,의학계열,62,1,1.61,동신대학교
2019,동신대학교,인문사회계열,599,11,1.84,동신대학교
2019,동신대학교,자연과학계열,254,2,0.79,동신대학교
2019,동아대학교,공학계열,1491,32,2.15,동아대학교
2019,동아대학교,예체능계열,436,39,8.94,동아대학교
2019,동아대학교,의학계열,25,0,0.0,동아대학교
2019,동아대학교,인문사회계열,1355,32,2.36,동아대학교
2019,동아대학교,자연과학계열,809,68,8.41,동아대학교
2019,동양대학교,공학계열,538,3,0.56,동양대학교
2019,동양대학교,예체능계열,15,1,6.67,동양대학교
2019,동양대학교,인문사회계열,258,3,1.16,동양대학교
2019,동양대학교,자연과학계열,75,3,4.0,동양대학교
2019,동의대학교,공학계열,1335,25,1.87,동의대학교
2019,동의대학교,예체능계열,182,10,5.49,동의대학교
2019,동의대학교,의학계열,48,0,0.0,동의대학교
2019,동의대학교,인문사회계열,1383,21,1.52,동의대학교
2019,동의대학교,자연과학계열,504,21,4.17,동의대학교
2019,루터대학교,예체능계열,32,2,6.25,루터대학교
2019,루터대학교,인문사회계열,62,11,17.74,루터대학교
2019,명지대학교,공학계열,823,58,7.05,명지대학교
2019,명지대학교,예체능계열,277,16,5.78,명지대학교
2019,명지대학교,자연과학계열,387,54,13.95,명지대학교
2019,명지대학교 _제2캠퍼스,공학계열,114,0,0.0,명지대학교 _제2캠퍼스
2019,명지대학교 _제2캠퍼스,예체능계열,38,7,18.42,명지대학교 _제2캠퍼스
2019,명지대학교 _제2캠퍼스,인문사회계열,1465,49,3.34,명지대학교 _제2캠퍼스
2019,목원대학교,공학계열,362,8,2.21,목원대학교
2019,목원대학교,예체능계열,439,40,9.11,목원대학교
2019,목원대학교,인문사회계열,794,53,6.68,목원대학교
2019,목원대학교,자연과학계열,252,25,9.92,목원대학교
2019,목포가톨릭대학교,공학계열,116,0,0.0,목포가톨릭대학교
2019,목포가톨릭대학교,인문사회계열,49,0,0.0,목포가톨릭대학교
2019,배재대학교,공학계열,420,13,3.1,배재대학교
2019,배재대학교,예체능계열,90,5,5.56,배재대학교
2019,배재대학교,인문사회계열,1076,30,2.79,배재대학교
2019,배재대학교,자연과학계열,314,35,11.15,배재대학교
2019,백석대학교,공학계열,683,6,0.88,백석대학교
2019,백석대학교,예체능계열,558,14,2.51,백석대학교
2019,백석대학교,인문사회계열,1580,59,3.73,백석대학교
2019,백석대학교,자연과학계열,77,0,0.0,백석대학교
2019,부산가톨릭대학교,공학계열,176,2,1.14,부산가톨릭대학교
2019,부산가톨릭대학교,인문사회계열,281,6,2.14,부산가톨릭대학교
2019,부산가톨릭대학교,자연과학계열,395,7,1.77,부산가톨릭대학교
2019,부산교육대학교,공학계열,26,0,0.0,부산교육대학교
2019,부산교육대학교,예체능계열,104,0,0.0,부산교육대학교
2019,부산교육대학교,인문사회계열,193,0,0.0,부산교육대학교
2019,부산교육대학교,자연과학계열,57,0,0.0,부산교육대학교
2019,부산대학교,공학계열,1491,185,12.41,부산대학교
2019,부산대학교,예체능계열,358,53,14.8,부산대학교
2019,부산대학교,인문사회계열,1419,57,4.02,부산대학교
2019,부산대학교,자연과학계열,1081,173,16.0,부산대학교
2019,부산외국어대학교,공학계열,125,1,0.8,부산외국어대학교
2019,부산외국어대학교,예체능계열,82,1,1.22,부산외국어대학교
2019,부산외국어대학교,인문사회계열,1544,25,1.62,부산외국어대학교
2019,부산외국어대학교,자연과학계열,39,2,5.13,부산외국어대학교
2019,부산장신대학교,인문사회계열,59,3,5.08,부산장신대학교
2019,삼육대학교,공학계열,274,9,3.28,삼육대학교
2019,삼육대학교,예체능계열,189,7,3.7,삼육대학교
2019,삼육대학교,의학계열,34,1,2.94,삼육대학교
2019,삼육대학교,인문사회계열,396,10,2.53,삼육대학교
2019,삼육대학교,자연과학계열,309,17,5.5,삼육대학교
2019,상명대학교,공학계열,232,15,6.47,상명대학교
2019,상명대학교,예체능계열,224,19,8.48,상명대학교
2019,상명대학교,인문사회계열,798,20,2.51,상명대학교
2019,상명대학교,자연과학계열,351,25,7.12,상명대학교
2019,상지대학교,공학계열,445,14,3.15,상지대학교
2019,상지대학교,예체능계열,148,4,2.7,상지대학교
2019,상지대학교,의학계열,54,0,0.0,상지대학교
2019,상지대학교,인문사회계열,525,1,0.19,상지대학교
2019,상지대학교,자연과학계열,324,11,3.4,상지대학교
2019,서강대학교,공학계열,306,103,33.66,서강대학교
2019,서강대학교,인문사회계열,1092,101,9.25,서강대학교
2019,서강대학교,자연과학계열,244,77,31.56,서강대학교
2019,서경대학교,공학계열,401,16,3.99,서경대학교
2019,서경대학교,예체능계열,248,26,10.48,서경대학교
2019,서경대학교,인문사회계열,491,3,0.61,서경대학교
2019,서경대학교,자연과학계열,265,7,2.64,서경대학교
2019,서울교육대학교,공학계열,28,3,10.71,서울교육대학교
2019,서울교육대학교,예체능계열,74,3,4.05,서울교육대학교
2019,서울교육대학교,인문사회계열,233,11,4.72,서울교육대학교
2019,서울교육대학교,자연과학계열,30,0,0.0,서울교육대학교
2019,서울기독대학교,공학계열,17,1,5.88,서울기독대학교
2019,서울기독대학교,예체능계열,18,0,0.0,서울기독대학교
2019,서울기독대학교,인문사회계열,55,4,7.27,서울기독대학교
2019,서울대학교,공학계열,709,287,40.48,서울대학교
2019,서울대학교,예체능계열,310,45,14.52,서울대학교
2019,서울대학교,의학계열,134,6,4.48,서울대학교
2019,서울대학교,인문사회계열,1174,308,26.24,서울대학교
2019,서울대학교,자연과학계열,839,345,41.12,서울대학교
2019,서울시립대학교,공학계열,618,67,10.84,서울시립대학교
2019,서울시립대학교,예체능계열,61,9,14.75,서울시립대학교
2019,서울시립대학교,인문사회계열,843,27,3.2,서울시립대학교
2019,서울시립대학교,자연과학계열,354,44,12.43,서울시립대학교
2019,서울신학대학교,공학계열,16,0,0.0,서울신학대학교
2019,서울신학대학교,예체능계열,76,10,13.16,서울신학대학교
2019,서울신학대학교,인문사회계열,322,36,11.18,서울신학대학교
2019,서울여자대학교,공학계열,272,35,12.87,서울여자대학교
2019,서울여자대학교,예체능계열,155,13,8.39,서울여자대학교
2019,서울여자대학교,인문사회계열,916,51,5.57,서울여자대학교
2019,서울여자대학교,자연과학계열,233,29,12.45,서울여자대학교
2019,서울장신대학교,예체능계열,24,2,8.33,서울장신대학교
2019,서울장신대학교,인문사회계열,89,13,14.61,서울장신대학교
2019,서울한영대학교,예체능계열,16,1,6.25,서울한영대학교
2019,서울한영대학교,인문사회계열,112,8,7.14,서울한영대학교
2019,서원대학교,공학계열,249,6,2.41,서원대학교
2019,서원대학교,예체능계열,211,10,4.74,서원대학교
2019,서원대학교,인문사회계열,1016,18,1.77,서원대학교
2019,서원대학교,자연과학계열,206,9,4.37,서원대학교
2019,선문대학교,공학계열,716,24,3.35,선문대학교
2019,선문대학교,예체능계열,39,0,0.0,선문대학교
2019,선문대학교,의학계열,23,3,13.04,선문대학교
2019,선문대학교,인문사회계열,878,12,1.37,선문대학교
2019,선문대학교,자연과학계열,303,18,5.94,선문대학교
2019,성결대학교,공학계열,257,5,1.95,성결대학교
2019,성결대학교,예체능계열,121,9,7.44,성결대학교
2019,성결대학교,인문사회계열,589,18,3.06,성결대학교
2019,성결대학교,자연과학계열,44,2,4.55,성결대학교
2019,성공회대학교,공학계열,139,2,1.44,성공회대학교
2019,성공회대학교,인문사회계열,339,9,2.65,성공회대학교
2019,성균관대학교,공학계열,846,132,15.6,성균관대학교
2019,성균관대학교,예체능계열,166,11,6.63,성균관대학교
2019,성균관대학교,의학계열,22,2,9.09,성균관대학교
2019,성균관대학교,인문사회계열,2131,180,8.45,성균관대학교
2019,성균관대학교,자연과학계열,949,184,19.39,성균관대학교
2019,성신여자대학교,공학계열,204,0,0.0,성신여자대학교
2019,성신여자대학교,예체능계열,475,48,10.11,성신여자대학교
2019,성신여자대학교,인문사회계열,1211,64,5.28,성신여자대학교
2019,성신여자대학교,자연과학계열,396,46,11.62,성신여자대학교
2019,세명대학교,공학계열,499,8,1.6,세명대학교
2019,세명대학교,예체능계열,191,7,3.66,세명대학교
2019,세명대학교,의학계열,46,0,0.0,세명대학교
2019,세명대학교,인문사회계열,798,5,0.63,세명대학교
2019,세명대학교,자연과학계열,260,16,6.15,세명대학교
2019,세종대학교,공학계열,948,86,9.07,세종대학교
2019,세종대학교,예체능계열,293,14,4.78,세종대학교
2019,세종대학교,인문사회계열,898,11,1.22,세종대학교
2019,세종대학교,자연과학계열,449,93,20.71,세종대학교
2019,세한대학교,공학계열,64,0,0.0,세한대학교
2019,세한대학교,예체능계열,188,0,0.0,세한대학교
2019,세한대학교,인문사회계열,349,1,0.29,세한대학교
2019,세한대학교,자연과학계열,58,0,0.0,세한대학교
2019,수원가톨릭대학교,인문사회계열,39,30,76.92,수원가톨릭대학교
2019,수원대학교,공학계열,726,20,2.75,수원대학교
2019,수원대학교,예체능계열,485,50,10.31,수원대학교
2019,수원대학교,인문사회계열,740,8,1.08,수원대학교
2019,수원대학교,자연과학계열,486,32,6.58,수원대학교
2019,숙명여자대학교,공학계열,285,16,5.61,숙명여자대학교
2019,숙명여자대학교,예체능계열,335,44,13.13,숙명여자대학교
2019,숙명여자대학교,인문사회계열,1249,101,8.09,숙명여자대학교
2019,숙명여자대학교,자연과학계열,484,74,15.29,숙명여자대학교
2019,순복음총회신학교,예체능계열,6,0,0.0,순복음총회신학교
2019,순복음총회신학교,인문사회계열,25,8,32.0,순복음총회신학교
2019,순천향대학교,공학계열,591,30,5.08,순천향대학교
2019,순천향대학교,예체능계열,73,4,5.48,순천향대학교
2019,순천향대학교,의학계열,127,5,3.94,순천향대학교
2019,순천향대학교,인문사회계열,1160,17,1.47,순천향대학교
2019,순천향대학교,자연과학계열,542,73,13.47,순천향대학교
2019,숭실대학교,공학계열,1024,85,8.3,숭실대학교
2019,숭실대학교,예체능계열,27,0,0.0,숭실대학교
2019,숭실대학교,인문사회계열,1335,49,3.67,숭실대학교
2019,숭실대학교,자연과학계열,321,68,21.18,숭실대학교
2019,신경주대학교,공학계열,91,1,1.1,신경주대학교
2019,신경주대학교,예체능계열,17,1,5.88,신경주대학교
2019,신경주대학교,인문사회계열,244,0,0.0,신경주대학교
2019,신경주대학교,자연과학계열,29,0,0.0,신경주대학교
2019,신라대학교,공학계열,469,17,3.62,신라대학교
2019,신라대학교,예체능계열,213,17,7.98,신라대학교
2019,신라대학교,인문사회계열,977,9,0.92,신라대학교
2019,신라대학교,자연과학계열,358,12,3.35,신라대학교
2019,아신대학교,인문사회계열,165,23,13.94,아신대학교
2019,아주대학교,공학계열,934,115,12.31,아주대학교
2019,아주대학교,의학계열,24,0,0.0,아주대학교
2019,아주대학교,인문사회계열,731,49,6.7,아주대학교
2019,아주대학교,자연과학계열,427,101,23.65,아주대학교
2019,안양대학교,공학계열,222,3,1.35,안양대학교
2019,안양대학교,예체능계열,123,10,8.13,안양대학교
2019,안양대학교,인문사회계열,485,20,4.12,안양대학교
2019,안양대학교,자연과학계열,136,0,0.0,안양대학교
2019,안양대학교 _제2캠퍼스,공학계열,29,1,3.45,안양대학교 _제2캠퍼스
2019,안양대학교 _제2캠퍼스,인문사회계열,50,0,0.0,안양대학교 _제2캠퍼스
2019,안양대학교 _제2캠퍼스,자연과학계열,19,4,21.05,안양대학교 _제2캠퍼스
2019,연세대학교,공학계열,891,212,23.79,연세대학교
2019,연세대학교,예체능계열,179,27,15.08,연세대학교
2019,연세대학교,의학계열,107,0,0.0,연세대학교
2019,연세대학교,인문사회계열,2122,308,14.51,연세대학교
2019,연세대학교,자연과학계열,785,253,32.23,연세대학교
2019,연세대학교(미래) _분교,공학계열,344,47,13.66,연세대학교(미래) _분교
2019,연세대학교(미래) _분교,예체능계열,54,4,7.41,연세대학교(미래) _분교
2019,연세대학교(미래) _분교,의학계열,98,0,0.0,연세대학교(미래) _분교
2019,연세대학교(미래) _분교,인문사회계열,695,35,5.04,연세대학교(미래) _분교
2019,연세대학교(미래) _분교,자연과학계열,463,93,20.09,연세대학교(미래) _분교
2019,영남대학교,공학계열,1386,77,5.56,영남대학교
2019,영남대학교,예체능계열,489,46,9.41,영남대학교
2019,영남대학교,의학계열,37,0,0.0,영남대학교
2019,영남대학교,인문사회계열,1788,46,2.57,영남대학교
2019,영남대학교,자연과학계열,1014,95,9.37,영남대학교
2019,영남신학대학교,인문사회계열,91,26,28.57,영남신학대학교
2019,영산대학교,공학계열,181,0,0.0,영산대학교
2019,영산대학교,예체능계열,21,0,0.0,영산대학교
2019,영산대학교,인문사회계열,308,5,1.62,영산대학교
2019,영산대학교,자연과학계열,77,0,0.0,영산대학교
2019,영산대학교 _제2캠퍼스,공학계열,53,1,1.89,영산대학교 _제2캠퍼스
2019,영산대학교 _제2캠퍼스,예체능계열,111,1,0.9,영산대학교 _제2캠퍼스
2019,영산대학교 _제2캠퍼스,인문사회계열,391,2,0.51,영산대학교 _제2캠퍼스
2019,영산대학교 _제2캠퍼스,자연과학계열,193,5,2.59,영산대학교 _제2캠퍼스
2019,영산선학대학교,인문사회계열,11,8,72.73,영산선학대학교
2019,예수대학교,인문사회계열,17,0,0.0,예수대학교
2019,예수대학교,자연과학계열,127,0,0.0,예수대학교
2019,예원예술대학교,예체능계열,69,4,5.8,예원예술대학교
2019,예원예술대학교,인문사회계열,11,0,0.0,예원예술대학교
2019,용인대학교,공학계열,198,9,4.55,용인대학교
2019,용인대학교,예체능계열,692,6,0.87,용인대학교
2019,용인대학교,인문사회계열,288,0,0.0,용인대학교
2019,용인대학교,자연과학계열,169,5,2.96,용인대학교
2019,우석대학교,공학계열,410,6,1.46,우석대학교
2019,우석대학교,예체능계열,193,6,3.11,우석대학교
2019,우석대학교,의학계열,79,1,1.27,우석대학교
2019,우석대학교,인문사회계열,642,11,1.71,우석대학교
2019,우석대학교,자연과학계열,240,14,5.83,우석대학교
2019,우송대학교,공학계열,716,5,0.7,우송대학교
2019,우송대학교,예체능계열,201,1,0.5,우송대학교
2019,우송대학교,인문사회계열,993,13,1.31,우송대학교
2019,우송대학교,자연과학계열,190,7,3.68,우송대학교
2019,울산과학기술원,공학계열,225,90,40.0,울산과학기술원
2019,울산과학기술원,예체능계열,30,15,50.0,울산과학기술원
2019,울산과학기술원,인문사회계열,97,12,12.37,울산과학기술원
2019,울산과학기술원,자연과학계열,352,170,48.3,울산과학기술원
2019,울산대학교,공학계열,976,41,4.2,울산대학교
2019,울산대학교,예체능계열,272,20,7.35,울산대학교
2019,울산대학교,의학계열,35,0,0.0,울산대학교
2019,울산대학교,인문사회계열,1022,10,0.98,울산대학교
2019,울산대학교,자연과학계열,611,59,9.66,울산대학교
2019,원광대학교,공학계열,771,28,3.63,원광대학교
2019,원광대학교,예체능계열,300,15,5.0,원광대학교
2019,원광대학교,의학계열,256,2,0.78,원광대학교
2019,원광대학교,인문사회계열,1382,34,2.46,원광대학교
2019,원광대학교,자연과학계열,559,53,9.48,원광대학교
2019,위덕대학교,공학계열,182,2,1.1,위덕대학교
2019,위덕대학교,의학계열,32,0,0.0,위덕대학교
2019,위덕대학교,인문사회계열,291,2,0.69,위덕대학교
2019,위덕대학교,자연과학계열,135,5,3.7,위덕대학교
2019,유원대학교,공학계열,220,0,0.0,유원대학교
2019,유원대학교,예체능계열,108,4,3.7,유원대학교
2019,유원대학교,인문사회계열,316,7,2.22,유원대학교
2019,유원대학교,자연과학계열,180,6,3.33,유원대학교
2019,을지대학교,공학계열,78,0,0.0,을지대학교
2019,을지대학교,의학계열,48,0,0.0,을지대학교
2019,을지대학교,인문사회계열,1,0,0.0,을지대학교
2019,을지대학교,자연과학계열,38,6,15.79,을지대학교
2019,을지대학교 _제2캠퍼스,공학계열,385,8,2.08,을지대학교 _제2캠퍼스
2019,을지대학교 _제2캠퍼스,예체능계열,6,0,0.0,을지대학교 _제2캠퍼스
2019,을지대학교 _제2캠퍼스,인문사회계열,169,1,0.59,을지대학교 _제2캠퍼스
2019,을지대학교 _제2캠퍼스,자연과학계열,433,19,4.39,을지대학교 _제2캠퍼스
2019,이화여자대학교,공학계열,328,76,23.17,이화여자대학교
2019,이화여자대학교,예체능계열,531,93,17.51,이화여자대학교
2019,이화여자대학교,의학계열,35,6,17.14,이화여자대학교
2019,이화여자대학교,인문사회계열,1712,220,12.85,이화여자대학교
2019,이화여자대학교,자연과학계열,687,150,21.83,이화여자대학교
2019,인제대학교,공학계열,508,34,6.69,인제대학교
2019,인제대학교,예체능계열,184,19,10.33,인제대학교
2019,인제대학교,인문사회계열,839,18,2.15,인제대학교
2019,인제대학교,자연과학계열,412,37,8.98,인제대학교
2019,인천가톨릭대학교,인문사회계열,14,10,71.43,인천가톨릭대학교
2019,인천대학교,공학계열,1061,58,5.47,인천대학교
2019,인천대학교,예체능계열,193,10,5.18,인천대학교
2019,인천대학교,인문사회계열,1015,17,1.67,인천대학교
2019,인천대학교,자연과학계열,356,74,20.79,인천대학교
2019,인하대학교,공학계열,1399,134,9.58,인하대학교
2019,인하대학교,예체능계열,105,8,7.62,인하대학교
2019,인하대학교,의학계열,1,0,0.0,인하대학교
2019,인하대학교,인문사회계열,1251,33,2.64,인하대학교
2019,인하대학교,자연과학계열,895,167,18.66,인하대학교
2019,장로회신학대학교,예체능계열,71,12,16.9,장로회신학대학교
2019,장로회신학대학교,인문사회계열,106,35,33.02,장로회신학대학교
2019,전남대학교,공학계열,626,33,5.27,전남대학교
2019,전남대학교,예체능계열,201,14,6.97,전남대학교
2019,전남대학교,의학계열,133,6,4.51,전남대학교
2019,전남대학교,인문사회계열,1535,61,3.97,전남대학교
2019,전남대학교,자연과학계열,1272,138,10.85,전남대학교
2019,전남대학교 _제2캠퍼스,공학계열,187,5,2.67,전남대학교 _제2캠퍼스
2019,전남대학교 _제2캠퍼스,의학계열,28,7,25.0,전남대학교 _제2캠퍼스
2019,전남대학교 _제2캠퍼스,인문사회계열,213,5,2.35,전남대학교 _제2캠퍼스
2019,전남대학교 _제2캠퍼스,자연과학계열,163,15,9.2,전남대학교 _제2캠퍼스
2019,전북대학교,공학계열,1451,109,7.51,전북대학교
2019,전북대학교,예체능계열,126,15,11.9,전북대학교
2019,전북대학교,의학계열,42,7,16.67,전북대학교
2019,전북대학교,인문사회계열,1312,60,4.57,전북대학교
2019,전북대학교,자연과학계열,1158,185,15.98,전북대학교
2019,전주교육대학교,공학계열,23,0,0.0,전주교육대학교
2019,전주교육대학교,예체능계열,76,0,0.0,전주교육대학교
2019,전주교육대학교,인문사회계열,149,0,0.0,전주교육대학교
2019,전주교육대학교,자연과학계열,48,0,0.0,전주교육대학교
2019,전주대학교,공학계열,571,12,2.1,전주대학교
2019,전주대학교,예체능계열,350,10,2.86,전주대학교
2019,전주대학교,의학계열,53,1,1.89,전주대학교
2019,전주대학교,인문사회계열,1148,34,2.96,전주대학교
2019,전주대학교,자연과학계열,315,10,3.17,전주대학교
2019,제주대학교,공학계열,417,12,2.88,제주대학교
2019,제주대학교,예체능계열,105,13,12.38,제주대학교
2019,제주대학교,의학계열,69,3,4.35,제주대학교
2019,제주대학교,인문사회계열,944,13,1.38,제주대학교
2019,제주대학교,자연과학계열,392,44,11.22,제주대학교
2019,조선대학교,공학계열,1388,65,4.68,조선대학교
2019,조선대학교,예체능계열,501,43,8.58,조선대학교
2019,조선대학교,의학계열,3,0,0.0,조선대학교
2019,조선대학교,인문사회계열,1623,43,2.65,조선대학교
2019,조선대학교,자연과학계열,861,80,9.29,조선대학교
2019,중부대학교,공학계열,468,10,2.14,중부대학교
2019,중부대학교,예체능계열,292,11,3.77,중부대학교
2019,중부대학교,인문사회계열,634,7,1.1,중부대학교
2019,중부대학교,자연과학계열,233,7,3.0,중부대학교
2019,중앙대학교,공학계열,1048,113,10.78,중앙대학교
2019,중앙대학교,예체능계열,92,2,2.17,중앙대학교
2019,중앙대학교,의학계열,40,0,0.0,중앙대학교
2019,중앙대학교,인문사회계열,1791,105,5.86,중앙대학교
2019,중앙대학교,자연과학계열,603,102,16.92,중앙대학교
2019,중앙승가대학교,인문사회계열,55,13,23.64,중앙승가대학교
2019,중원대학교,공학계열,156,7,4.49,중원대학교
2019,중원대학교,예체능계열,31,0,0.0,중원대학교
2019,중원대학교,의학계열,18,0,0.0,중원대학교
2019,중원대학교,인문사회계열,232,8,3.45,중원대학교
2019,중원대학교,자연과학계열,118,19,16.1,중원대학교
2019,진주교육대학교,공학계열,32,0,0.0,진주교육대학교
2019,진주교육대학교,예체능계열,87,0,0.0,진주교육대학교
2019,진주교육대학교,인문사회계열,173,0,0.0,진주교육대학교
2019,진주교육대학교,자연과학계열,52,0,0.0,진주교육대학교
2019,차의과학대학교,공학계열,127,4,3.15,차의과학대학교
2019,차의과학대학교,의학계열,18,3,16.67,차의과학대학교
2019,차의과학대학교,인문사회계열,105,7,6.67,차의과학대학교
2019,차의과학대학교,자연과학계열,123,33,26.83,차의과학대학교
2019,청운대학교,공학계열,363,6,1.65,청운대학교
2019,청운대학교,예체능계열,144,2,1.39,청운대학교
2019,청운대학교,인문사회계열,678,8,1.18,청운대학교
2019,청운대학교,자연과학계열,78,2,2.56,청운대학교
2019,청주교육대학교,공학계열,21,1,4.76,청주교육대학교
2019,청주교육대학교,예체능계열,74,2,2.7,청주교육대학교
2019,청주교육대학교,인문사회계열,159,2,1.26,청주교육대학교
2019,청주교육대학교,자연과학계열,46,0,0.0,청주교육대학교
2019,청주대학교,공학계열,696,24,3.45,청주대학교
2019,청주대학교,예체능계열,335,12,3.58,청주대학교
2019,청주대학교,의학계열,24,1,4.17,청주대학교
2019,청주대학교,인문사회계열,1288,15,1.16,청주대학교
2019,청주대학교,자연과학계열,488,23,4.71,청주대학교
2019,총신대학교,예체능계열,76,7,9.21,총신대학교
2019,총신대학교,인문사회계열,317,55,17.35,총신대학교
2019,추계예술대학교,예체능계열,318,13,4.09,추계예술대학교
2019,추계예술대학교,인문사회계열,32,1,3.12,추계예술대학교
2019,춘천교육대학교,공학계열,27,0,0.0,춘천교육대학교
2019,춘천교육대학교,예체능계열,96,0,0.0,춘천교육대학교
2019,춘천교육대학교,인문사회계열,172,1,0.58,춘천교육대학교
2019,춘천교육대학교,자연과학계열,54,0,0.0,춘천교육대학교
2019,충남대학교,공학계열,1279,144,11.26,충남대학교
2019,충남대학교,예체능계열,159,17,10.69,충남대학교
2019,충남대학교,의학계열,67,6,8.96,충남대학교
2019,충남대학교,인문사회계열,1308,36,2.75,충남대학교
2019,충남대학교,자연과학계열,1154,197,17.07,충남대학교
2019,충북대학교,공학계열,1127,98,8.7,충북대학교
2019,충북대학교,예체능계열,114,17,14.91,충북대학교
2019,충북대학교,의학계열,113,14,12.39,충북대학교
2019,충북대학교,인문사회계열,987,37,3.75,충북대학교
2019,충북대학교,자연과학계열,948,142,14.98,충북대학교
2019,칼빈대학교,예체능계열,10,1,10.0,칼빈대학교
2019,칼빈대학교,인문사회계열,91,16,17.58,칼빈대학교
2019,평택대학교,공학계열,128,0,0.0,평택대학교
2019,평택대학교,예체능계열,183,6,3.28,평택대학교
2019,평택대학교,인문사회계열,551,1,0.18,평택대학교
2019,평택대학교,자연과학계열,10,3,30.0,평택대학교
2019,포항공과대학교,공학계열,156,106,67.95,포항공과대학교
2019,포항공과대학교,자연과학계열,169,115,68.05,포항공과대학교
2019,한국과학기술원,공학계열,413,229,55.45,한국과학기술원
2019,한국과학기술원,인문사회계열,5,2,40.0,한국과학기술원
2019,한국과학기술원,자연과학계열,322,181,56.21,한국과학기술원
2019,한국교원대학교,공학계열,74,0,0.0,한국교원대학교
2019,한국교원대학교,예체능계열,63,0,0.0,한국교원대학교
2019,한국교원대학교,인문사회계열,307,4,1.3,한국교원대학교
2019,한국교원대학교,자연과학계열,129,1,0.78,한국교원대학교
2019,한국기술교육대학교,공학계열,794,45,5.67,한국기술교육대학교
2019,한국기술교육대학교,예체능계열,33,1,3.03,한국기술교육대학교
2019,한국기술교육대학교,자연과학계열,104,10,9.62,한국기술교육대학교
2019,한국성서대학교,공학계열,30,2,6.67,한국성서대학교
2019,한국성서대학교,인문사회계열,112,7,6.25,한국성서대학교
2019,한국성서대학교,자연과학계열,46,0,0.0,한국성서대학교
2019,한국예술종합학교,공학계열,11,0,0.0,한국예술종합학교
2019,한국예술종합학교,예체능계열,436,40,9.17,한국예술종합학교
2019,한국예술종합학교,인문사회계열,27,1,3.7,한국예술종합학교
2019,한국외국어대학교,공학계열,316,18,5.7,한국외국어대학교
2019,한국외국어대학교,인문사회계열,2966,160,5.39,한국외국어대학교
2019,한국외국어대학교,자연과학계열,234,50,21.37,한국외국어대학교
2019,한국체육대학교,예체능계열,466,17,3.65,한국체육대학교
2019,한국체육대학교,인문사회계열,31,1,3.23,한국체육대학교
2019,한국침례신학대학교,예체능계열,54,9,16.67,한국침례신학대학교
2019,한국침례신학대학교,인문사회계열,331,56,16.92,한국침례신학대학교
2019,한국항공대학교,공학계열,780,81,10.38,한국항공대학교
2019,한국항공대학교,인문사회계열,140,13,9.29,한국항공대학교
2019,한국항공대학교,자연과학계열,57,7,12.28,한국항공대학교
2019,한남대학교,공학계열,558,31,5.56,한남대학교
2019,한남대학교,예체능계열,235,19,8.09,한남대학교
2019,한남대학교,인문사회계열,1279,54,4.22,한남대학교
2019,한남대학교,자연과학계열,424,72,16.98,한남대학교
2019,한동대학교,공학계열,345,65,18.84,한동대학교
2019,한동대학교,예체능계열,59,1,1.69,한동대학교
2019,한동대학교,인문사회계열,355,52,14.65,한동대학교
2019,한동대학교,자연과학계열,118,30,25.42,한동대학교
2019,한라대학교,공학계열,352,5,1.42,한라대학교
2019,한라대학교,예체능계열,58,1,1.72,한라대학교
2019,한라대학교,인문사회계열,380,3,0.79,한라대학교
2019,한라대학교,자연과학계열,23,1,4.35,한라대학교
2019,한림대학교,공학계열,242,12,4.96,한림대학교
2019,한림대학교,예체능계열,72,2,2.78,한림대학교
2019,한림대학교,의학계열,74,0,0.0,한림대학교
2019,한림대학교,인문사회계열,1089,37,3.4,한림대학교
2019,한림대학교,자연과학계열,430,61,14.19,한림대학교
2019,한서대학교,공학계열,599,20,3.34,한서대학교
2019,한서대학교,예체능계열,290,1,0.34,한서대학교
2019,한서대학교,인문사회계열,410,7,1.71,한서대학교
2019,한서대학교,자연과학계열,339,4,1.18,한서대학교
2019,한성대학교,공학계열,286,8,2.8,한성대학교
2019,한성대학교,예체능계열,211,1,0.47,한성대학교
2019,한성대학교,인문사회계열,323,10,3.1,한성대학교
2019,한성대학교,자연과학계열,75,0,0.0,한성대학교
2019,한세대학교,공학계열,187,2,1.07,한세대학교
2019,한세대학교,예체능계열,100,9,9.0,한세대학교
2019,한세대학교,인문사회계열,275,25,9.09,한세대학교
2019,한신대학교,공학계열,199,0,0.0,한신대학교
2019,한신대학교,예체능계열,25,0,0.0,한신대학교
2019,한신대학교,인문사회계열,738,41,5.56,한신대학교
2019,한신대학교,자연과학계열,89,2,2.25,한신대학교
2019,한양대학교,공학계열,1224,239,19.53,한양대학교
2019,한양대학교,예체능계열,237,36,15.19,한양대학교
2019,한양대학교,의학계열,46,0,0.0,한양대학교
2019,한양대학교,인문사회계열,1393,101,7.25,한양대학교
2019,한양대학교,자연과학계열,571,140,24.52,한양대학교
2019,한양대학교(ERICA) _분교,공학계열,642,102,15.89,한양대학교(ERICA) _분교
2019,한양대학교(ERICA) _분교,예체능계열,307,16,5.21,한양대학교(ERICA) _분교
2019,한양대학교(ERICA) _분교,인문사회계열,594,29,4.88,한양대학교(ERICA) _분교
2019,한양대학교(ERICA) _분교,자연과학계열,517,64,12.38,한양대학교(ERICA) _분교
2019,한일장신대학교,공학계열,32,0,0.0,한일장신대학교
2019,한일장신대학교,예체능계열,33,4,12.12,한일장신대학교
2019,한일장신대학교,인문사회계열,130,27,20.77,한일장신대학교
2019,협성대학교,공학계열,74,3,4.05,협성대학교
2019,협성대학교,예체능계열,171,5,2.92,협성대학교
2019,협성대학교,의학계열,40,0,0.0,협성대학교
2019,협성대학교,인문사회계열,663,42,6.33,협성대학교
2019,협성대학교,자연과학계열,17,0,0.0,협성대학교
2019,호남대학교,공학계열,573,14,2.44,호남대학교
2019,호남대학교,예체능계열,193,1,0.52,호남대학교
2019,호남대학교,인문사회계열,790,13,1.65,호남대학교
2019,호남대학교,자연과학계열,226,4,1.77,호남대학교
2019,호남신학대학교,예체능계열,39,3,7.69,호남신학대학교
2019,호남신학대학교,인문사회계열,68,8,11.76,호남신학대학교
2019,호서대학교,공학계열,1176,69,5.87,호서대학교
2019,호서대학교,예체능계열,379,14,3.69,호서대학교
2019,호서대학교,인문사회계열,896,9,1.0,호서대학교
2019,호서대학교,자연과학계열,358,31,8.66,호서대학교
2019,호원대학교,공학계열,414,5,1.21,호원대학교
2019,호원대학교,예체능계열,220,3,1.36,호원대학교
2019,호원대학교,인문사회계열,358,4,1.12,호원대학교
2019,호원대학교,자연과학계열,101,0,0.0,호원대학교
2019,홍익대학교,공학계열,923,53,5.74,홍익대학교
2019,홍익대학교,예체능계열,407,27,6.63,홍익대학교
2019,홍익대학교,인문사회계열,1005,43,4.28,홍익대학교
2019,홍익대학교,자연과학계열,238,21,8.82,홍익대학교
2019,화성의과학대학교,공학계열,48,0,0.0,화성의과학대학교
2019,화성의과학대학교,예체능계열,18,1,5.56,화성의과학대학교
2019,화성의과학대학교,인문사회계열,83,4,4.82,화성의과학대학교
2019,화성의과학대학교,자연과학계열,14,4,28.57,화성의과학대학교
2020,가천대학교,공학계열,1159,45,3.88,가천대학교
2020,가천대학교,예체능계열,446,24,5.38,가천대학교
2020,가천대학교,의학계열,77,10,12.99,가천대학교
2020,가천대학교,인문사회계열,1363,22,1.61,가천대학교
2020,가천대학교,자연과학계열,655,105,16.03,가천대학교
2020,가톨릭관동대학교,공학계열,405,5,1.23,가톨릭관동대학교
2020,가톨릭관동대학교,예체능계열,178,7,3.93,가톨릭관동대학교
2020,가톨릭관동대학교,의학계열,50,0,0.0,가톨릭관동대학교
2020,가톨릭관동대학교,인문사회계열,1147,21,1.83,가톨릭관동대학교
2020,가톨릭관동대학교,자연과학계열,72,2,2.78,가톨릭관동대학교
2020,가톨릭꽃동네대학교,공학계열,42,0,0.0,가톨릭꽃동네대학교
2020,가톨릭꽃동네대학교,인문사회계열,70,1,1.43,가톨릭꽃동네대학교
2020,가톨릭대학교,공학계열,228,6,2.63,가톨릭대학교
2020,가톨릭대학교,예체능계열,59,6,10.17,가톨릭대학교
2020,가톨릭대학교,인문사회계열,948,48,5.06,가톨릭대학교
2020,가톨릭대학교,자연과학계열,381,61,16.01,가톨릭대학교
2020,가톨릭대학교 _제2캠퍼스,공학계열,88,0,0.0,가톨릭대학교 _제2캠퍼스
2020,가톨릭대학교 _제3캠퍼스,인문사회계열,41,24,58.54,가톨릭대학교 _제3캠퍼스
2020,감리교신학대학교,인문사회계열,187,77,41.18,감리교신학대학교
2020,강남대학교,공학계열,305,4,1.31,강남대학교
2020,강남대학교,예체능계열,135,2,1.48,강남대학교
2020,강남대학교,인문사회계열,930,12,1.29,강남대학교
2020,강남대학교,자연과학계열,57,1,1.75,강남대학교
2020,강서대학교,예체능계열,21,2,9.52,강서대학교
2020,강서대학교,인문사회계열,209,7,3.35,강서대학교
2020,강원대학교,공학계열,791,82,10.37,강원대학교
2020,강원대학교,예체능계열,123,5,4.07,강원대학교
2020,강원대학교,의학계열,52,11,21.15,강원대학교
2020,강원대학교,인문사회계열,1025,29,2.83,강원대학교
2020,강원대학교,자연과학계열,1053,177,16.81,강원대학교
2020,강원대학교 _제2캠퍼스,공학계열,657,13,1.98,강원대학교 _제2캠퍼스
2020,강원대학교 _제2캠퍼스,예체능계열,93,1,1.08,강원대학교 _제2캠퍼스
2020,강원대학교 _제2캠퍼스,인문사회계열,279,4,1.43,강원대학교 _제2캠퍼스
2020,강원대학교 _제2캠퍼스,자연과학계열,300,20,6.67,강원대학교 _제2캠퍼스
2020,건국대학교,공학계열,918,109,11.87,건국대학교
2020,건국대학교,예체능계열,202,9,4.46,건국대학교
2020,건국대학교,의학계열,77,7,9.09,건국대학교
2020,건국대학교,인문사회계열,1187,22,1.85,건국대학교
2020,건국대학교,자연과학계열,890,149,16.74,건국대학교
2020,건국대학교(글로컬) _분교,공학계열,388,15,3.87,건국대학교(글로컬) _분교
2020,건국대학교(글로컬) _분교,예체능계열,256,5,1.95,건국대학교(글로컬) _분교
2020,건국대학교(글로컬) _분교,인문사회계열,798,10,1.25,건국대학교(글로컬) _분교
2020,건국대학교(글로컬) _분교,자연과학계열,313,52,16.61,건국대학교(글로컬) _분교
2020,건양대학교,공학계열,134,4,2.99,건양대학교
2020,건양대학교,예체능계열,108,0,0.0,건양대학교
2020,건양대학교,인문사회계열,481,4,0.83,건양대학교
2020,건양대학교,자연과학계열,148,15,10.14,건양대학교
2020,건양대학교 _제2캠퍼스,공학계열,300,8,2.67,건양대학교 _제2캠퍼스
2020,건양대학교 _제2캠퍼스,예체능계열,62,2,3.23,건양대학교 _제2캠퍼스
2020,건양대학교 _제2캠퍼스,의학계열,61,0,0.0,건양대학교 _제2캠퍼스
2020,건양대학교 _제2캠퍼스,인문사회계열,105,1,0.95,건양대학교 _제2캠퍼스
2020,건양대학교 _제2캠퍼스,자연과학계열,356,25,7.02,건양대학교 _제2캠퍼스
2020,경기대학교,공학계열,698,32,4.58,경기대학교
2020,경기대학교,예체능계열,311,9,2.89,경기대학교
2020,경기대학교,인문사회계열,1250,25,2.0,경기대학교
2020,경기대학교,자연과학계열,404,53,13.12,경기대학교
2020,경기대학교 _제2캠퍼스,공학계열,20,2,10.0,경기대학교 _제2캠퍼스
2020,경기대학교 _제2캠퍼스,예체능계열,26,1,3.85,경기대학교 _제2캠퍼스
2020,경기대학교 _제2캠퍼스,인문사회계열,397,4,1.01,경기대학교 _제2캠퍼스
2020,경남과학기술대학교,공학계열,460,9,1.96,경상국립대학교
2020,경남과학기술대학교,예체능계열,19,0,0.0,경상국립대학교
2020,경남과학기술대학교,인문사회계열,211,6,2.84,경상국립대학교
2020,경남과학기술대학교,자연과학계열,279,21,7.53,경상국립대학교
2020,경남대학교,공학계열,790,18,2.28,경남대학교
2020,경남대학교,예체능계열,191,3,1.57,경남대학교
2020,경남대학교,인문사회계열,1565,38,2.43,경남대학교
2020,경남대학교,자연과학계열,417,10,2.4,경남대학교
2020,경동대학교,공학계열,165,1,0.61,경동대학교
2020,경동대학교,예체능계열,24,1,4.17,경동대학교
2020,경동대학교,의학계열,32,0,0.0,경동대학교
2020,경동대학교,인문사회계열,319,5,1.57,경동대학교
2020,경동대학교,자연과학계열,219,0,0.0,경동대학교
2020,경북대학교,공학계열,1866,171,9.16,경북대학교
2020,경북대학교,예체능계열,204,25,12.25,경북대학교
2020,경북대학교,의학계열,58,9,15.52,경북대학교
2020,경북대학교,인문사회계열,1571,55,3.5,경북대학교
2020,경북대학교,자연과학계열,1499,238,15.88,경북대학교
2020,경상국립대학교,공학계열,1014,60,5.92,경상국립대학교
2020,경상국립대학교,예체능계열,91,3,3.3,경상국립대학교
2020,경상국립대학교,의학계열,102,17,16.67,경상국립대학교
2020,경상국립대학교,인문사회계열,1096,37,3.38,경상국립대학교
2020,경상국립대학교,자연과학계열,843,111,13.17,경상국립대학교
2020,경성대학교,공학계열,534,13,2.43,경성대학교
2020,경성대학교,예체능계열,469,17,3.62,경성대학교
2020,경성대학교,의학계열,29,1,3.45,경성대학교
2020,경성대학교,인문사회계열,1373,11,0.8,경성대학교
2020,경성대학교,자연과학계열,429,17,3.96,경성대학교
2020,경일대학교,공학계열,660,19,2.88,경일대학교
2020,경일대학교,예체능계열,172,1,0.58,경일대학교
2020,경일대학교,인문사회계열,321,7,2.18,경일대학교
2020,경일대학교,자연과학계열,85,4,4.71,경일대학교
2020,경희대학교,공학계열,1403,135,9.62,경희대학교
2020,경희대학교,예체능계열,602,58,9.63,경희대학교
2020,경희대학교,의학계열,146,5,3.42,경희대학교
2020,경희대학교,인문사회계열,2428,95,3.91,경희대학교
2020,경희대학교,자연과학계열,1143,207,18.11,경희대학교
2020,계명대학교,공학계열,946,40,4.23,계명대학교
2020,계명대학교,예체능계열,773,59,7.63,계명대학교
2020,계명대학교,의학계열,82,0,0.0,계명대학교
2020,계명대학교,인문사회계열,2073,75,3.62,계명대학교
2020,계명대학교,자연과학계열,651,68,10.45,계명대학교
2020,고려대학교,공학계열,917,202,22.03,고려대학교
2020,고려대학교,예체능계열,129,10,7.75,고려대학교
2020,고려대학교,의학계열,99,0,0.0,고려대학교
2020,고려대학교,인문사회계열,2164,296,13.68,고려대학교
2020,고려대학교,자연과학계열,1036,322,31.08,고려대학교
2020,고려대학교(세종) _분교,공학계열,375,42,11.2,고려대학교(세종) _분교
2020,고려대학교(세종) _분교,예체능계열,116,10,8.62,고려대학교(세종) _분교
2020,고려대학교(세종) _분교,인문사회계열,707,27,3.82,고려대학교(세종) _분교
2020,고려대학교(세종) _분교,자연과학계열,281,55,19.57,고려대학교(세종) _분교
2020,고신대학교,공학계열,138,1,0.72,고신대학교
2020,고신대학교,예체능계열,49,6,12.24,고신대학교
2020,고신대학교,의학계열,81,0,0.0,고신대학교
2020,고신대학교,인문사회계열,474,58,12.24,고신대학교
2020,고신대학교,자연과학계열,64,4,6.25,고신대학교
2020,공주교육대학교,공학계열,28,0,0.0,공주교육대학교
2020,공주교육대학교,예체능계열,81,1,1.23,공주교육대학교
2020,공주교육대학교,인문사회계열,214,0,0.0,공주교육대학교
2020,공주교육대학교,자연과학계열,52,0,0.0,공주교육대학교
2020,광신대학교,예체능계열,20,2,10.0,광신대학교
2020,광신대학교,인문사회계열,105,18,17.14,광신대학교
2020,광운대학교,공학계열,860,103,11.98,광운대학교
2020,광운대학교,예체능계열,128,3,2.34,광운대학교
2020,광운대학교,인문사회계열,586,8,1.37,광운대학교
2020,광운대학교,자연과학계열,328,62,18.9,광운대학교
2020,광주가톨릭대학교,인문사회계열,20,14,70.0,광주가톨릭대학교
2020,광주과학기술원,공학계열,54,36,66.67,광주과학기술원
2020,광주과학기술원,자연과학계열,80,71,88.75,광주과학기술원
2020,광주교육대학교,공학계열,26,0,0.0,광주교육대학교
2020,광주교육대학교,예체능계열,81,0,0.0,광주교육대학교
2020,광주교육대학교,인문사회계열,183,2,1.09,광주교육대학교
2020,광주교육대학교,자연과학계열,56,0,0.0,광주교육대학교
2020,광주대학교,공학계열,397,2,0.5,광주대학교
2020,광주대학교,예체능계열,179,6,3.35,광주대학교
2020,광주대학교,의학계열,2,0,0.0,광주대학교
2020,광주대학교,인문사회계열,888,13,1.46,광주대학교
2020,광주대학교,자연과학계열,107,3,2.8,광주대학교
2020,광주여자대학교,공학계열,215,0,0.0,광주여자대학교
2020,광주여자대학교,예체능계열,42,3,7.14,광주여자대학교
2020,광주여자대학교,의학계열,29,1,3.45,광주여자대학교
2020,광주여자대학교,인문사회계열,330,7,2.12,광주여자대학교
2020,광주여자대학교,자연과학계열,276,10,3.62,광주여자대학교
2020,국립강릉원주대학교,공학계열,188,20,10.64,국립강릉원주대학교
2020,국립강릉원주대학교,예체능계열,159,13,8.18,국립강릉원주대학교
2020,국립강릉원주대학교,의학계열,45,0,0.0,국립강릉원주대학교
2020,국립강릉원주대학교,인문사회계열,554,11,1.99,국립강릉원주대학교
2020,국립강릉원주대학교,자연과학계열,393,40,10.18,국립강릉원주대학교
2020,국립강릉원주대학교 _제2캠퍼스,공학계열,326,7,2.15,국립강릉원주대학교 _제2캠퍼스
2020,국립강릉원주대학교 _제2캠퍼스,인문사회계열,80,1,1.25,국립강릉원주대학교 _제2캠퍼스
2020,국립강릉원주대학교 _제2캠퍼스,자연과학계열,23,1,4.35,국립강릉원주대학교 _제2캠퍼스
2020,국립경국대학교,공학계열,440,10,2.27,국립경국대학교
2020,국립경국대학교,예체능계열,100,13,13.0,국립경국대학교
2020,국립경국대학교,의학계열,31,3,9.68,국립경국대학교
2020,국립경국대학교,인문사회계열,484,23,4.75,국립경국대학교
2020,국립경국대학교,자연과학계열,378,30,7.94,국립경국대학교
2020,국립공주대학교,공학계열,1058,55,5.2,국립공주대학교
2020,국립공주대학교,예체능계열,260,5,1.92,국립공주대학교
2020,국립공주대학교,인문사회계열,813,13,1.6,국립공주대학교
2020,국립공주대학교,자연과학계열,773,95,12.29,국립공주대학교
2020,국립군산대학교,공학계열,655,30,4.58,국립군산대학교
2020,국립군산대학교,예체능계열,109,5,4.59,국립군산대학교
2020,국립군산대학교,인문사회계열,504,10,1.98,국립군산대학교
2020,국립군산대학교,자연과학계열,352,35,9.94,국립군산대학교
2020,국립금오공과대학교,공학계열,961,56,5.83,국립금오공과대학교
2020,국립금오공과대학교,예체능계열,30,1,3.33,국립금오공과대학교
2020,국립금오공과대학교,인문사회계열,44,0,0.0,국립금오공과대학교
2020,국립금오공과대학교,자연과학계열,332,44,13.25,국립금오공과대학교
2020,국립목포대학교,공학계열,492,19,3.86,국립목포대학교
2020,국립목포대학교,예체능계열,87,9,10.34,국립목포대학교
2020,국립목포대학교,인문사회계열,541,5,0.92,국립목포대학교
2020,국립목포대학교,자연과학계열,285,22,7.72,국립목포대학교
2020,국립목포해양대학교,공학계열,535,4,0.75,국립목포해양대학교
2020,국립목포해양대학교,자연과학계열,17,1,5.88,국립목포해양대학교
2020,국립부경대학교,공학계열,1600,96,6.0,국립부경대학교
2020,국립부경대학교,예체능계열,106,5,4.72,국립부경대학교
2020,국립부경대학교,의학계열,41,11,26.83,국립부경대학교
2020,국립부경대학교,인문사회계열,1206,22,1.82,국립부경대학교
2020,국립부경대학교,자연과학계열,852,95,11.15,국립부경대학교
2020,국립순천대학교,공학계열,471,20,4.25,국립순천대학교
2020,국립순천대학교,예체능계열,148,4,2.7,국립순천대학교
2020,국립순천대학교,의학계열,11,2,18.18,국립순천대학교
2020,국립순천대학교,인문사회계열,516,9,1.74,국립순천대학교
2020,국립순천대학교,자연과학계열,446,35,7.85,국립순천대학교
2020,국립창원대학교,공학계열,618,42,6.8,국립창원대학교
2020,국립창원대학교,예체능계열,112,14,12.5,국립창원대학교
2020,국립창원대학교,인문사회계열,740,7,0.95,국립창원대학교
2020,국립창원대학교,자연과학계열,243,32,13.17,국립창원대학교
2020,국립한국교통대학교,공학계열,1308,60,4.59,국립한국교통대학교
2020,국립한국교통대학교,예체능계열,38,1,2.63,국립한국교통대학교
2020,국립한국교통대학교,인문사회계열,365,4,1.1,국립한국교통대학교
2020,국립한국교통대학교,자연과학계열,249,22,8.84,국립한국교통대학교
2020,국립한국해양대학교,공학계열,954,52,5.45,국립한국해양대학교
2020,국립한국해양대학교,예체능계열,20,0,0.0,국립한국해양대학교
2020,국립한국해양대학교,인문사회계열,333,11,3.3,국립한국해양대학교
2020,국립한국해양대학교,자연과학계열,128,17,13.28,국립한국해양대학교
2020,국민대학교,공학계열,749,83,11.08,국민대학교
2020,국민대학교,예체능계열,407,52,12.78,국민대학교
2020,국민대학교,인문사회계열,1330,40,3.01,국민대학교
2020,국민대학교,자연과학계열,508,94,18.5,국민대학교
2020,극동대학교,공학계열,328,6,1.83,극동대학교
2020,극동대학교,예체능계열,128,1,0.78,극동대학교
2020,극동대학교,인문사회계열,303,2,0.66,극동대학교
2020,극동대학교,자연과학계열,86,2,2.33,극동대학교
2020,금강대학교,인문사회계열,102,3,2.94,금강대학교
2020,김천대학교,공학계열,217,3,1.38,김천대학교
2020,김천대학교,예체능계열,27,3,11.11,김천대학교
2020,김천대학교,인문사회계열,258,3,1.16,김천대학교
2020,김천대학교,자연과학계열,371,2,0.54,김천대학교
2020,나사렛대학교,공학계열,198,1,0.51,나사렛대학교
2020,나사렛대학교,예체능계열,99,2,2.02,나사렛대학교
2020,나사렛대학교,인문사회계열,825,20,2.42,나사렛대학교
2020,나사렛대학교,자연과학계열,109,5,4.59,나사렛대학교
2020,남부대학교,공학계열,204,0,0.0,남부대학교
2020,남부대학교,예체능계열,74,1,1.35,남부대학교
2020,남부대학교,인문사회계열,264,1,0.38,남부대학교
2020,남부대학교,자연과학계열,218,6,2.75,남부대학교
2020,단국대학교,공학계열,674,53,7.86,단국대학교
2020,단국대학교,예체능계열,289,41,14.19,단국대학교
2020,단국대학교,인문사회계열,1347,68,5.05,단국대학교
2020,단국대학교,자연과학계열,371,19,5.12,단국대학교
2020,대구가톨릭대학교,공학계열,712,30,4.21,대구가톨릭대학교
2020,대구가톨릭대학교,예체능계열,377,36,9.55,대구가톨릭대학교
2020,대구가톨릭대학교,의학계열,45,0,0.0,대구가톨릭대학교
2020,대구가톨릭대학교,인문사회계열,1164,44,3.78,대구가톨릭대학교
2020,대구가톨릭대학교,자연과학계열,601,67,11.15,대구가톨릭대학교
2020,대구교육대학교,공학계열,29,0,0.0,대구교육대학교
2020,대구교육대학교,예체능계열,90,1,1.11,대구교육대학교
2020,대구교육대학교,인문사회계열,237,2,0.84,대구교육대학교
2020,대구교육대학교,자연과학계열,55,5,9.09,대구교육대학교
2020,대구대학교,공학계열,1040,18,1.73,대구대학교
2020,대구대학교,예체능계열,181,9,4.97,대구대학교
2020,대구대학교,인문사회계열,2205,76,3.45,대구대학교
2020,대구대학교,자연과학계열,661,42,6.35,대구대학교
2020,대구예술대학교,공학계열,25,0,0.0,대구예술대학교
2020,대구예술대학교,예체능계열,195,3,1.54,대구예술대학교
2020,대구예술대학교,인문사회계열,29,2,6.9,대구예술대학교
2020,대구예술대학교,자연과학계열,19,2,10.53,대구예술대학교
2020,대구한의대학교,공학계열,441,21,4.76,대구한의대학교
2020,대구한의대학교,예체능계열,120,8,6.67,대구한의대학교
2020,대구한의대학교,의학계열,139,1,0.72,대구한의대학교
2020,대구한의대학교,인문사회계열,464,19,4.09,대구한의대학교
2020,대구한의대학교,자연과학계열,470,8,1.7,대구한의대학교
2020,대신대학교,예체능계열,19,0,0.0,대신대학교
2020,대신대학교,인문사회계열,81,12,14.81,대신대학교
2020,대전가톨릭대학교,인문사회계열,12,7,58.33,대전가톨릭대학교
2020,대전대학교,공학계열,495,15,3.03,대전대학교
2020,대전대학교,예체능계열,269,2,0.74,대전대학교
2020,대전대학교,의학계열,73,2,2.74,대전대학교
2020,대전대학교,인문사회계열,718,11,1.53,대전대학교
2020,대전대학교,자연과학계열,328,23,7.01,대전대학교
2020,대전신학대학교,인문사회계열,37,15,40.54,대전신학대학교
2020,대진대학교,공학계열,419,13,3.1,대진대학교
2020,대진대학교,예체능계열,157,10,6.37,대진대학교
2020,대진대학교,인문사회계열,718,14,1.95,대진대학교
2020,대진대학교,자연과학계열,281,22,7.83,대진대학교
2020,덕성여자대학교,공학계열,73,2,2.74,덕성여자대학교
2020,덕성여자대학교,예체능계열,145,11,7.59,덕성여자대학교
2020,덕성여자대학교,인문사회계열,664,29,4.37,덕성여자대학교
2020,덕성여자대학교,자연과학계열,336,18,5.36,덕성여자대학교
2020,동국대학교,공학계열,829,52,6.27,동국대학교
2020,동국대학교,예체능계열,187,17,9.09,동국대학교
2020,동국대학교,인문사회계열,1457,65,4.46,동국대학교
2020,동국대학교,자연과학계열,516,92,17.83,동국대학교
2020,동국대학교(WISE) _분교,공학계열,292,5,1.71,동국대학교(WISE) _분교
2020,동국대학교(WISE) _분교,예체능계열,119,28,23.53,동국대학교(WISE) _분교
2020,동국대학교(WISE) _분교,의학계열,78,1,1.28,동국대학교(WISE) _분교
2020,동국대학교(WISE) _분교,인문사회계열,940,38,4.04,동국대학교(WISE) _분교
2020,동국대학교(WISE) _분교,자연과학계열,252,21,8.33,동국대학교(WISE) _분교
2020,동덕여자대학교,공학계열,165,6,3.64,동덕여자대학교
2020,동덕여자대학교,예체능계열,438,36,8.22,동덕여자대학교
2020,동덕여자대학교,의학계열,47,3,6.38,동덕여자대학교
2020,동덕여자대학교,인문사회계열,722,30,4.16,동덕여자대학교
2020,동덕여자대학교,자연과학계열,156,10,6.41,동덕여자대학교
2020,동명대학교,공학계열,850,11,1.29,동명대학교
2020,동명대학교,예체능계열,222,1,0.45,동명대학교
2020,동명대학교,인문사회계열,566,6,1.06,동명대학교
2020,동명대학교,자연과학계열,62,1,1.61,동명대학교
2020,동서대학교,공학계열,460,4,0.87,동서대학교
2020,동서대학교,예체능계열,417,7,1.68,동서대학교
2020,동서대학교,인문사회계열,1135,12,1.06,동서대학교
2020,동서대학교,자연과학계열,222,9,4.05,동서대학교
2020,동신대학교,공학계열,508,12,2.36,동신대학교
2020,동신대학교,예체능계열,141,5,3.55,동신대학교
2020,동신대학교,의학계열,51,2,3.92,동신대학교
2020,동신대학교,인문사회계열,608,9,1.48,동신대학교
2020,동신대학교,자연과학계열,219,5,2.28,동신대학교
2020,동아대학교,공학계열,1462,46,3.15,동아대학교
2020,동아대학교,예체능계열,426,33,7.75,동아대학교
2020,동아대학교,의학계열,45,0,0.0,동아대학교
2020,동아대학교,인문사회계열,1416,49,3.46,동아대학교
2020,동아대학교,자연과학계열,729,84,11.52,동아대학교
2020,동양대학교,공학계열,512,7,1.37,동양대학교
2020,동양대학교,예체능계열,25,0,0.0,동양대학교
2020,동양대학교,인문사회계열,192,2,1.04,동양대학교
2020,동양대학교,자연과학계열,51,0,0.0,동양대학교
2020,동의대학교,공학계열,1189,30,2.52,동의대학교
2020,동의대학교,예체능계열,254,11,4.33,동의대학교
2020,동의대학교,의학계열,40,0,0.0,동의대학교
2020,동의대학교,인문사회계열,1446,26,1.8,동의대학교
2020,동의대학교,자연과학계열,554,37,6.68,동의대학교
2020,루터대학교,예체능계열,34,3,8.82,루터대학교
2020,루터대학교,인문사회계열,44,2,4.55,루터대학교
2020,명지대학교,공학계열,870,74,8.51,명지대학교
2020,명지대학교,예체능계열,266,7,2.63,명지대학교
2020,명지대학교,자연과학계열,448,72,16.07,명지대학교
2020,명지대학교 _제2캠퍼스,공학계열,96,2,2.08,명지대학교 _제2캠퍼스
2020,명지대학교 _제2캠퍼스,예체능계열,39,8,20.51,명지대학교 _제2캠퍼스
2020,명지대학교 _제2캠퍼스,인문사회계열,1431,47,3.28,명지대학교 _제2캠퍼스
2020,목원대학교,공학계열,343,6,1.75,목원대학교
2020,목원대학교,예체능계열,452,18,3.98,목원대학교
2020,목원대학교,인문사회계열,771,48,6.23,목원대학교
2020,목원대학교,자연과학계열,216,14,6.48,목원대학교
2020,목포가톨릭대학교,공학계열,115,0,0.0,목포가톨릭대학교
2020,목포가톨릭대학교,인문사회계열,28,0,0.0,목포가톨릭대학교
2020,배재대학교,공학계열,451,17,3.77,배재대학교
2020,배재대학교,예체능계열,93,17,18.28,배재대학교
2020,배재대학교,인문사회계열,937,34,3.63,배재대학교
2020,배재대학교,자연과학계열,317,16,5.05,배재대학교
2020,백석대학교,공학계열,732,7,0.96,백석대학교
2020,백석대학교,예체능계열,573,20,3.49,백석대학교
2020,백석대학교,인문사회계열,1493,32,2.14,백석대학교
2020,백석대학교,자연과학계열,102,0,0.0,백석대학교
2020,부산가톨릭대학교,공학계열,271,3,1.11,부산가톨릭대학교
2020,부산가톨릭대학교,인문사회계열,320,2,0.62,부산가톨릭대학교
2020,부산가톨릭대학교,자연과학계열,371,9,2.43,부산가톨릭대학교
2020,부산교육대학교,공학계열,33,0,0.0,부산교육대학교
2020,부산교육대학교,예체능계열,92,1,1.09,부산교육대학교
2020,부산교육대학교,인문사회계열,207,0,0.0,부산교육대학교
2020,부산교육대학교,자연과학계열,63,0,0.0,부산교육대학교
2020,부산대학교,공학계열,1546,161,10.41,부산대학교
2020,부산대학교,예체능계열,379,47,12.4,부산대학교
2020,부산대학교,인문사회계열,1478,55,3.72,부산대학교
2020,부산대학교,자연과학계열,1131,178,15.74,부산대학교
2020,부산외국어대학교,공학계열,295,7,2.37,부산외국어대학교
2020,부산외국어대학교,예체능계열,91,2,2.2,부산외국어대학교
2020,부산외국어대학교,인문사회계열,1388,17,1.22,부산외국어대학교
2020,부산외국어대학교,자연과학계열,105,6,5.71,부산외국어대학교
2020,부산장신대학교,인문사회계열,68,16,23.53,부산장신대학교
2020,삼육대학교,공학계열,283,4,1.41,삼육대학교
2020,삼육대학교,예체능계열,212,5,2.36,삼육대학교
2020,삼육대학교,의학계열,49,1,2.04,삼육대학교
2020,삼육대학교,인문사회계열,443,17,3.84,삼육대학교
2020,삼육대학교,자연과학계열,337,35,10.39,삼육대학교
2020,상명대학교,공학계열,189,18,9.52,상명대학교
2020,상명대학교,예체능계열,235,15,6.38,상명대학교
2020,상명대학교,인문사회계열,777,15,1.93,상명대학교
2020,상명대학교,자연과학계열,329,36,10.94,상명대학교
2020,상지대학교,공학계열,423,9,2.13,상지대학교
2020,상지대학교,예체능계열,118,2,1.69,상지대학교
2020,상지대학교,의학계열,48,1,2.08,상지대학교
2020,상지대학교,인문사회계열,452,5,1.11,상지대학교
2020,상지대학교,자연과학계열,296,8,2.7,상지대학교
2020,서강대학교,공학계열,266,100,37.59,서강대학교
2020,서강대학교,인문사회계열,981,114,11.62,서강대학교
2020,서강대학교,자연과학계열,255,88,34.51,서강대학교
2020,서경대학교,공학계열,387,27,6.98,서경대학교
2020,서경대학교,예체능계열,284,16,5.63,서경대학교
2020,서경대학교,인문사회계열,401,3,0.75,서경대학교
2020,서경대학교,자연과학계열,265,13,4.91,서경대학교
2020,서울교육대학교,공학계열,27,2,7.41,서울교육대학교
2020,서울교육대학교,예체능계열,86,2,2.33,서울교육대학교
2020,서울교육대학교,인문사회계열,232,13,5.6,서울교육대학교
2020,서울교육대학교,자연과학계열,25,0,0.0,서울교육대학교
2020,서울기독대학교,공학계열,12,0,0.0,서울기독대학교
2020,서울기독대학교,예체능계열,13,4,30.77,서울기독대학교
2020,서울기독대학교,인문사회계열,45,2,4.44,서울기독대학교
2020,서울대학교,공학계열,715,252,35.24,서울대학교
2020,서울대학교,예체능계열,344,41,11.92,서울대학교
2020,서울대학교,의학계열,188,13,6.91,서울대학교
2020,서울대학교,인문사회계열,1228,319,25.98,서울대학교
2020,서울대학교,자연과학계열,838,326,38.9,서울대학교
2020,서울시립대학교,공학계열,651,84,12.9,서울시립대학교
2020,서울시립대학교,예체능계열,50,4,8.0,서울시립대학교
2020,서울시립대학교,인문사회계열,866,30,3.46,서울시립대학교
2020,서울시립대학교,자연과학계열,308,49,15.91,서울시립대학교
2020,서울신학대학교,공학계열,26,0,0.0,서울신학대학교
2020,서울신학대학교,예체능계열,72,2,2.78,서울신학대학교
2020,서울신학대학교,인문사회계열,324,44,13.58,서울신학대학교
2020,서울여자대학교,공학계열,275,33,12.0,서울여자대학교
2020,서울여자대학교,예체능계열,205,13,6.34,서울여자대학교
2020,서울여자대학교,인문사회계열,915,38,4.15,서울여자대학교
2020,서울여자대학교,자연과학계열,250,24,9.6,서울여자대학교
2020,서울장신대학교,예체능계열,27,4,14.81,서울장신대학교
2020,서울장신대학교,인문사회계열,78,14,17.95,서울장신대학교
2020,서울한영대학교,예체능계열,6,0,0.0,서울한영대학교
2020,서울한영대학교,인문사회계열,109,3,2.75,서울한영대학교
2020,서원대학교,공학계열,264,9,3.41,서원대학교
2020,서원대학교,예체능계열,158,8,5.06,서원대학교
2020,서원대학교,인문사회계열,858,17,1.98,서원대학교
2020,서원대학교,자연과학계열,192,4,2.08,서원대학교
2020,선문대학교,공학계열,797,24,3.01,선문대학교
2020,선문대학교,예체능계열,38,0,0.0,선문대학교
2020,선문대학교,의학계열,28,7,25.0,선문대학교
2020,선문대학교,인문사회계열,959,24,2.5,선문대학교
2020,선문대학교,자연과학계열,279,8,2.87,선문대학교
2020,성결대학교,공학계열,250,6,2.4,성결대학교
2020,성결대학교,예체능계열,106,5,4.72,성결대학교
2020,성결대학교,인문사회계열,531,17,3.2,성결대학교
2020,성결대학교,자연과학계열,34,3,8.82,성결대학교
2020,성공회대학교,공학계열,143,1,0.7,성공회대학교
2020,성공회대학교,인문사회계열,307,5,1.63,성공회대학교
2020,성균관대학교,공학계열,798,143,17.92,성균관대학교
2020,성균관대학교,예체능계열,169,13,7.69,성균관대학교
2020,성균관대학교,의학계열,38,0,0.0,성균관대학교
2020,성균관대학교,인문사회계열,2026,174,8.59,성균관대학교
2020,성균관대학교,자연과학계열,894,206,23.04,성균관대학교
2020,성신여자대학교,공학계열,166,0,0.0,성신여자대학교
2020,성신여자대학교,예체능계열,400,40,10.0,성신여자대학교
2020,성신여자대학교,인문사회계열,1087,45,4.14,성신여자대학교
2020,성신여자대학교,자연과학계열,397,29,7.3,성신여자대학교
2020,세명대학교,공학계열,471,8,1.7,세명대학교
2020,세명대학교,예체능계열,184,5,2.72,세명대학교
2020,세명대학교,의학계열,36,0,0.0,세명대학교
2020,세명대학교,인문사회계열,781,3,0.38,세명대학교
2020,세명대학교,자연과학계열,252,9,3.57,세명대학교
2020,세종대학교,공학계열,873,103,11.8,세종대학교
2020,세종대학교,예체능계열,291,16,5.5,세종대학교
2020,세종대학교,인문사회계열,944,17,1.8,세종대학교
2020,세종대학교,자연과학계열,476,98,20.59,세종대학교
2020,세한대학교,공학계열,148,0,0.0,세한대학교
2020,세한대학교,예체능계열,248,0,0.0,세한대학교
2020,세한대학교,인문사회계열,278,0,0.0,세한대학교
2020,세한대학교,자연과학계열,71,1,1.41,세한대학교
2020,수원가톨릭대학교,인문사회계열,21,19,90.48,수원가톨릭대학교
2020,수원대학교,공학계열,719,13,1.81,수원대학교
2020,수원대학교,예체능계열,416,39,9.38,수원대학교
2020,수원대학교,인문사회계열,594,13,2.19,수원대학교
2020,수원대학교,자연과학계열,424,31,7.31,수원대학교
2020,숙명여자대학교,공학계열,273,17,6.23,숙명여자대학교
2020,숙명여자대학교,예체능계열,343,51,14.87,숙명여자대학교
2020,숙명여자대학교,인문사회계열,1297,72,5.55,숙명여자대학교
2020,숙명여자대학교,자연과학계열,463,71,15.33,숙명여자대학교
2020,순복음총회신학교,예체능계열,3,0,0.0,순복음총회신학교
2020,순복음총회신학교,인문사회계열,18,5,27.78,순복음총회신학교
2020,순천향대학교,공학계열,596,47,7.89,순천향대학교
2020,순천향대학교,예체능계열,99,2,2.02,순천향대학교
2020,순천향대학교,의학계열,130,4,3.08,순천향대학교
2020,순천향대학교,인문사회계열,1107,21,1.9,순천향대학교
2020,순천향대학교,자연과학계열,493,59,11.97,순천향대학교
2020,숭실대학교,공학계열,1077,81,7.52,숭실대학교
2020,숭실대학교,예체능계열,34,1,2.94,숭실대학교
2020,숭실대학교,인문사회계열,1402,48,3.42,숭실대학교
2020,숭실대학교,자연과학계열,325,71,21.85,숭실대학교
2020,신경주대학교,공학계열,91,2,2.2,신경주대학교
2020,신경주대학교,예체능계열,21,3,14.29,신경주대학교
2020,신경주대학교,인문사회계열,215,3,1.4,신경주대학교
2020,신경주대학교,자연과학계열,27,0,0.0,신경주대학교
2020,신라대학교,공학계열,462,15,3.25,신라대학교
2020,신라대학교,예체능계열,223,17,7.62,신라대학교
2020,신라대학교,인문사회계열,1016,12,1.18,신라대학교
2020,신라대학교,자연과학계열,359,17,4.74,신라대학교
2020,아신대학교,인문사회계열,146,32,21.92,아신대학교
2020,아주대학교,공학계열,958,127,13.26,아주대학교
2020,아주대학교,의학계열,40,0,0.0,아주대학교
2020,아주대학교,인문사회계열,745,53,7.11,아주대학교
2020,아주대학교,자연과학계열,379,104,27.44,아주대학교
2020,안양대학교,공학계열,202,4,1.98,안양대학교
2020,안양대학교,예체능계열,112,7,6.25,안양대학교
2020,안양대학교,인문사회계열,451,15,3.33,안양대학교
2020,안양대학교,자연과학계열,135,5,3.7,안양대학교
2020,안양대학교 _제2캠퍼스,공학계열,28,0,0.0,안양대학교 _제2캠퍼스
2020,안양대학교 _제2캠퍼스,인문사회계열,41,0,0.0,안양대학교 _제2캠퍼스
2020,안양대학교 _제2캠퍼스,자연과학계열,25,6,24.0,안양대학교 _제2캠퍼스
2020,연세대학교,공학계열,786,204,25.95,연세대학교
2020,연세대학교,예체능계열,149,30,20.13,연세대학교
2020,연세대학교,의학계열,185,2,1.08,연세대학교
2020,연세대학교,인문사회계열,1964,309,15.73,연세대학교
2020,연세대학교,자연과학계열,756,240,31.75,연세대학교
2020,연세대학교(미래) _분교,공학계열,328,53,16.16,연세대학교(미래) _분교
2020,연세대학교(미래) _분교,예체능계열,45,2,4.44,연세대학교(미래) _분교
2020,연세대학교(미래) _분교,의학계열,115,0,0.0,연세대학교(미래) _분교
2020,연세대학교(미래) _분교,인문사회계열,584,37,6.34,연세대학교(미래) _분교
2020,연세대학교(미래) _분교,자연과학계열,475,76,16.0,연세대학교(미래) _분교
2020,영남대학교,공학계열,1453,79,5.44,영남대학교
2020,영남대학교,예체능계열,490,41,8.37,영남대학교
2020,영남대학교,의학계열,72,0,0.0,영남대학교
2020,영남대학교,인문사회계열,1755,51,2.91,영남대학교
2020,영남대학교,자연과학계열,1010,100,9.9,영남대학교
2020,영남신학대학교,인문사회계열,94,36,38.3,영남신학대학교
2020,영산대학교,공학계열,204,3,1.47,영산대학교
2020,영산대학교,예체능계열,19,1,5.26,영산대학교
2020,영산대학교,인문사회계열,229,0,0.0,영산대학교
2020,영산대학교,자연과학계열,89,0,0.0,영산대학교
2020,영산대학교 _제2캠퍼스,공학계열,82,0,0.0,영산대학교 _제2캠퍼스
2020,영산대학교 _제2캠퍼스,예체능계열,104,0,0.0,영산대학교 _제2캠퍼스
2020,영산대학교 _제2캠퍼스,인문사회계열,333,5,1.5,영산대학교 _제2캠퍼스
2020,영산대학교 _제2캠퍼스,자연과학계열,196,5,2.55,영산대학교 _제2캠퍼스
2020,영산선학대학교,인문사회계열,15,10,66.67,영산선학대학교
2020,예수대학교,인문사회계열,11,2,18.18,예수대학교
2020,예수대학교,자연과학계열,133,0,0.0,예수대학교
2020,예원예술대학교,예체능계열,94,3,3.19,예원예술대학교
2020,예원예술대학교,인문사회계열,6,0,0.0,예원예술대학교
2020,용인대학교,공학계열,189,6,3.17,용인대학교
2020,용인대학교,예체능계열,669,10,1.49,용인대학교
2020,용인대학교,인문사회계열,243,2,0.82,용인대학교
2020,용인대학교,자연과학계열,196,5,2.55,용인대학교
2020,우석대학교,공학계열,383,7,1.83,우석대학교
2020,우석대학교,예체능계열,171,6,3.51,우석대학교
2020,우석대학교,의학계열,53,0,0.0,우석대학교
2020,우석대학교,인문사회계열,611,13,2.13,우석대학교
2020,우석대학교,자연과학계열,183,15,8.2,우석대학교
2020,우송대학교,공학계열,666,6,0.9,우송대학교
2020,우송대학교,예체능계열,177,5,2.82,우송대학교
2020,우송대학교,인문사회계열,973,13,1.34,우송대학교
2020,우송대학교,자연과학계열,218,9,4.13,우송대학교
2020,울산과학기술원,공학계열,267,105,39.33,울산과학기술원
2020,울산과학기술원,예체능계열,42,24,57.14,울산과학기술원
2020,울산과학기술원,인문사회계열,107,16,14.95,울산과학기술원
2020,울산과학기술원,자연과학계열,313,146,46.65,울산과학기술원
2020,울산대학교,공학계열,938,39,4.16,울산대학교
2020,울산대학교,예체능계열,257,19,7.39,울산대학교
2020,울산대학교,의학계열,45,0,0.0,울산대학교
2020,울산대학교,인문사회계열,900,10,1.11,울산대학교
2020,울산대학교,자연과학계열,607,67,11.04,울산대학교
2020,원광대학교,공학계열,834,26,3.12,원광대학교
2020,원광대학교,예체능계열,277,10,3.61,원광대학교
2020,원광대학교,의학계열,268,0,0.0,원광대학교
2020,원광대학교,인문사회계열,1303,38,2.92,원광대학교
2020,원광대학교,자연과학계열,597,54,9.05,원광대학교
2020,위덕대학교,공학계열,165,2,1.21,위덕대학교
2020,위덕대학교,의학계열,32,0,0.0,위덕대학교
2020,위덕대학교,인문사회계열,231,4,1.73,위덕대학교
2020,위덕대학교,자연과학계열,107,1,0.93,위덕대학교
2020,유원대학교,공학계열,184,0,0.0,유원대학교
2020,유원대학교,예체능계열,184,0,0.0,유원대학교
2020,유원대학교,인문사회계열,308,5,1.62,유원대학교
2020,유원대학교,자연과학계열,154,3,1.95,유원대학교
2020,을지대학교,공학계열,71,0,0.0,을지대학교
2020,을지대학교,의학계열,44,0,0.0,을지대학교
2020,을지대학교,자연과학계열,45,1,2.22,을지대학교
2020,을지대학교 _제2캠퍼스,공학계열,367,8,2.18,을지대학교 _제2캠퍼스
2020,을지대학교 _제2캠퍼스,예체능계열,2,0,0.0,을지대학교 _제2캠퍼스
2020,을지대학교 _제2캠퍼스,인문사회계열,227,2,0.88,을지대학교 _제2캠퍼스
2020,을지대학교 _제2캠퍼스,자연과학계열,477,25,5.24,을지대학교 _제2캠퍼스
2020,이화여자대학교,공학계열,303,59,19.47,이화여자대학교
2020,이화여자대학교,예체능계열,511,104,20.35,이화여자대학교
2020,이화여자대학교,의학계열,22,2,9.09,이화여자대학교
2020,이화여자대학교,인문사회계열,1617,185,11.44,이화여자대학교
2020,이화여자대학교,자연과학계열,633,159,25.12,이화여자대학교
2020,인제대학교,공학계열,558,38,6.81,인제대학교
2020,인제대학교,예체능계열,150,17,11.33,인제대학교
2020,인제대학교,인문사회계열,748,23,3.07,인제대학교
2020,인제대학교,자연과학계열,435,49,11.26,인제대학교
2020,인천가톨릭대학교,인문사회계열,22,17,77.27,인천가톨릭대학교
2020,인천대학교,공학계열,981,58,5.91,인천대학교
2020,인천대학교,예체능계열,224,12,5.36,인천대학교
2020,인천대학교,인문사회계열,1043,24,2.3,인천대학교
2020,인천대학교,자연과학계열,340,66,19.41,인천대학교
2020,인하대학교,공학계열,1415,140,9.89,인하대학교
2020,인하대학교,예체능계열,74,4,5.41,인하대학교
2020,인하대학교,인문사회계열,1281,27,2.11,인하대학교
2020,인하대학교,자연과학계열,919,148,16.1,인하대학교
2020,장로회신학대학교,예체능계열,45,12,26.67,장로회신학대학교
2020,장로회신학대학교,인문사회계열,118,46,38.98,장로회신학대학교
2020,전남대학교,공학계열,759,33,4.35,전남대학교
2020,전남대학교,예체능계열,230,14,6.09,전남대학교
2020,전남대학교,의학계열,167,8,4.79,전남대학교
2020,전남대학교,인문사회계열,1417,41,2.89,전남대학교
2020,전남대학교,자연과학계열,1313,170,12.95,전남대학교
2020,전남대학교 _제2캠퍼스,공학계열,197,13,6.6,전남대학교 _제2캠퍼스
2020,전남대학교 _제2캠퍼스,의학계열,33,2,6.06,전남대학교 _제2캠퍼스
2020,전남대학교 _제2캠퍼스,인문사회계열,213,2,0.94,전남대학교 _제2캠퍼스
2020,전남대학교 _제2캠퍼스,자연과학계열,191,14,7.33,전남대학교 _제2캠퍼스
2020,전북대학교,공학계열,1277,69,5.4,전북대학교
2020,전북대학교,예체능계열,129,27,20.93,전북대학교
2020,전북대학교,의학계열,100,8,8.0,전북대학교
2020,전북대학교,인문사회계열,1283,72,5.61,전북대학교
2020,전북대학교,자연과학계열,1066,143,13.41,전북대학교
2020,전주교육대학교,공학계열,24,0,0.0,전주교육대학교
2020,전주교육대학교,예체능계열,77,0,0.0,전주교육대학교
2020,전주교육대학교,인문사회계열,145,0,0.0,전주교육대학교
2020,전주교육대학교,자연과학계열,46,0,0.0,전주교육대학교
2020,전주대학교,공학계열,591,6,1.02,전주대학교
2020,전주대학교,예체능계열,253,11,4.35,전주대학교
2020,전주대학교,의학계열,34,0,0.0,전주대학교
2020,전주대학교,인문사회계열,1201,49,4.08,전주대학교
2020,전주대학교,자연과학계열,379,19,5.01,전주대학교
2020,제주대학교,공학계열,452,17,3.76,제주대학교
2020,제주대학교,예체능계열,135,8,5.93,제주대학교
2020,제주대학교,의학계열,65,12,18.46,제주대학교
2020,제주대학교,인문사회계열,990,12,1.21,제주대학교
2020,제주대학교,자연과학계열,387,35,9.04,제주대학교
2020,조선대학교,공학계열,1313,51,3.88,조선대학교
2020,조선대학교,예체능계열,532,33,6.2,조선대학교
2020,조선대학교,의학계열,1,0,0.0,조선대학교
2020,조선대학교,인문사회계열,1655,45,2.72,조선대학교
2020,조선대학교,자연과학계열,879,62,7.05,조선대학교
2020,중부대학교,공학계열,534,7,1.31,중부대학교
2020,중부대학교,예체능계열,320,9,2.81,중부대학교
2020,중부대학교,인문사회계열,633,8,1.26,중부대학교
2020,중부대학교,자연과학계열,222,8,3.6,중부대학교
2020,중앙대학교,공학계열,1065,117,10.99,중앙대학교
2020,중앙대학교,예체능계열,109,2,1.83,중앙대학교
2020,중앙대학교,의학계열,72,0,0.0,중앙대학교
2020,중앙대학교,인문사회계열,1750,96,5.49,중앙대학교
2020,중앙대학교,자연과학계열,578,105,18.17,중앙대학교
2020,중앙승가대학교,인문사회계열,44,23,52.27,중앙승가대학교
2020,중원대학교,공학계열,215,8,3.72,중원대학교
2020,중원대학교,예체능계열,42,0,0.0,중원대학교
2020,중원대학교,의학계열,6,0,0.0,중원대학교
2020,중원대학교,인문사회계열,282,5,1.77,중원대학교
2020,중원대학교,자연과학계열,182,18,9.89,중원대학교
2020,진주교육대학교,공학계열,26,0,0.0,진주교육대학교
2020,진주교육대학교,예체능계열,80,0,0.0,진주교육대학교
2020,진주교육대학교,인문사회계열,174,0,0.0,진주교육대학교
2020,진주교육대학교,자연과학계열,56,0,0.0,진주교육대학교
2020,차의과학대학교,공학계열,106,4,3.77,차의과학대학교
2020,차의과학대학교,의학계열,42,5,11.9,차의과학대학교
2020,차의과학대학교,인문사회계열,150,20,13.33,차의과학대학교
2020,차의과학대학교,자연과학계열,161,48,29.81,차의과학대학교
2020,청운대학교,공학계열,332,7,2.11,청운대학교
2020,청운대학교,예체능계열,161,6,3.73,청운대학교
2020,청운대학교,인문사회계열,666,8,1.2,청운대학교
2020,청운대학교,자연과학계열,55,2,3.64,청운대학교
2020,청주교육대학교,공학계열,25,0,0.0,청주교육대학교
2020,청주교육대학교,예체능계열,71,0,0.0,청주교육대학교
2020,청주교육대학교,인문사회계열,146,0,0.0,청주교육대학교
2020,청주교육대학교,자연과학계열,62,1,1.61,청주교육대학교
2020,청주대학교,공학계열,662,24,3.63,청주대학교
2020,청주대학교,예체능계열,353,11,3.12,청주대학교
2020,청주대학교,의학계열,32,2,6.25,청주대학교
2020,청주대학교,인문사회계열,1133,20,1.77,청주대학교
2020,청주대학교,자연과학계열,460,11,2.39,청주대학교
2020,총신대학교,예체능계열,42,4,9.52,총신대학교
2020,총신대학교,인문사회계열,305,51,16.72,총신대학교
2020,추계예술대학교,예체능계열,239,29,12.13,추계예술대학교
2020,추계예술대학교,인문사회계열,19,2,10.53,추계예술대학교
2020,춘천교육대학교,공학계열,29,0,0.0,춘천교육대학교
2020,춘천교육대학교,예체능계열,83,1,1.2,춘천교육대학교
2020,춘천교육대학교,인문사회계열,170,0,0.0,춘천교육대학교
2020,춘천교육대학교,자연과학계열,64,0,0.0,춘천교육대학교
2020,충남대학교,공학계열,1185,142,11.98,충남대학교
2020,충남대학교,예체능계열,144,21,14.58,충남대학교
2020,충남대학교,의학계열,72,9,12.5,충남대학교
2020,충남대학교,인문사회계열,1398,42,3.0,충남대학교
2020,충남대학교,자연과학계열,1107,199,17.98,충남대학교
2020,충북대학교,공학계열,1028,91,8.85,충북대학교
2020,충북대학교,예체능계열,78,5,6.41,충북대학교
2020,충북대학교,의학계열,128,17,13.28,충북대학교
2020,충북대학교,인문사회계열,1028,41,3.99,충북대학교
2020,충북대학교,자연과학계열,939,147,15.65,충북대학교
2020,칼빈대학교,예체능계열,12,4,33.33,칼빈대학교
2020,칼빈대학교,인문사회계열,78,14,17.95,칼빈대학교
2020,평택대학교,공학계열,145,0,0.0,평택대학교
2020,평택대학교,예체능계열,191,5,2.62,평택대학교
2020,평택대학교,인문사회계열,582,12,2.06,평택대학교
2020,평택대학교,자연과학계열,23,3,13.04,평택대학교
2020,포항공과대학교,공학계열,155,94,60.65,포항공과대학교
2020,포항공과대학교,자연과학계열,163,105,64.42,포항공과대학교
2020,한국과학기술원,공학계열,422,234,55.45,한국과학기술원
2020,한국과학기술원,인문사회계열,4,1,25.0,한국과학기술원
2020,한국과학기술원,자연과학계열,370,254,68.65,한국과학기술원
2020,한국교원대학교,공학계열,58,0,0.0,한국교원대학교
2020,한국교원대학교,예체능계열,55,0,0.0,한국교원대학교
2020,한국교원대학교,인문사회계열,338,2,0.59,한국교원대학교
2020,한국교원대학교,자연과학계열,128,0,0.0,한국교원대학교
2020,한국기술교육대학교,공학계열,778,40,5.14,한국기술교육대학교
2020,한국기술교육대학교,예체능계열,17,0,0.0,한국기술교육대학교
2020,한국기술교육대학교,자연과학계열,106,11,10.38,한국기술교육대학교
2020,한국성서대학교,공학계열,48,0,0.0,한국성서대학교
2020,한국성서대학교,인문사회계열,153,14,9.15,한국성서대학교
2020,한국성서대학교,자연과학계열,18,0,0.0,한국성서대학교
2020,한국예술종합학교,공학계열,7,1,14.29,한국예술종합학교
2020,한국예술종합학교,예체능계열,438,44,10.05,한국예술종합학교
2020,한국예술종합학교,인문사회계열,24,1,4.17,한국예술종합학교
2020,한국외국어대학교,공학계열,309,18,5.83,한국외국어대학교
2020,한국외국어대학교,인문사회계열,2981,145,4.86,한국외국어대학교
2020,한국외국어대학교,자연과학계열,279,51,18.28,한국외국어대학교
2020,한국체육대학교,예체능계열,534,22,4.12,한국체육대학교
2020,한국체육대학교,인문사회계열,39,0,0.0,한국체육대학교
2020,한국침례신학대학교,예체능계열,35,3,8.57,한국침례신학대학교
2020,한국침례신학대학교,인문사회계열,328,46,14.02,한국침례신학대학교
2020,한국항공대학교,공학계열,738,71,9.62,한국항공대학교
2020,한국항공대학교,인문사회계열,130,7,5.38,한국항공대학교
2020,한국항공대학교,자연과학계열,51,5,9.8,한국항공대학교
2020,한남대학교,공학계열,500,17,3.4,한남대학교
2020,한남대학교,예체능계열,226,21,9.29,한남대학교
2020,한남대학교,인문사회계열,1203,51,4.24,한남대학교
2020,한남대학교,자연과학계열,376,62,16.49,한남대학교
2020,한동대학교,공학계열,328,64,19.51,한동대학교
2020,한동대학교,예체능계열,64,2,3.12,한동대학교
2020,한동대학교,인문사회계열,326,51,15.64,한동대학교
2020,한동대학교,자연과학계열,108,22,20.37,한동대학교
2020,한라대학교,공학계열,395,14,3.54,한라대학교
2020,한라대학교,예체능계열,53,2,3.77,한라대학교
2020,한라대학교,인문사회계열,340,3,0.88,한라대학교
2020,한라대학교,자연과학계열,24,0,0.0,한라대학교
2020,한림대학교,공학계열,180,13,7.22,한림대학교
2020,한림대학교,예체능계열,53,2,3.77,한림대학교
2020,한림대학교,의학계열,67,0,0.0,한림대학교
2020,한림대학교,인문사회계열,955,40,4.19,한림대학교
2020,한림대학교,자연과학계열,392,68,17.35,한림대학교
2020,한서대학교,공학계열,637,17,2.67,한서대학교
2020,한서대학교,예체능계열,279,2,0.72,한서대학교
2020,한서대학교,인문사회계열,400,7,1.75,한서대학교
2020,한서대학교,자연과학계열,342,8,2.34,한서대학교
2020,한성대학교,공학계열,242,8,3.31,한성대학교
2020,한성대학교,예체능계열,232,16,6.9,한성대학교
2020,한성대학교,인문사회계열,296,3,1.01,한성대학교
2020,한성대학교,자연과학계열,71,3,4.23,한성대학교
2020,한세대학교,공학계열,168,1,0.6,한세대학교
2020,한세대학교,예체능계열,112,3,2.68,한세대학교
2020,한세대학교,인문사회계열,301,2,0.66,한세대학교
2020,한신대학교,공학계열,165,3,1.82,한신대학교
2020,한신대학교,예체능계열,31,0,0.0,한신대학교
2020,한신대학교,인문사회계열,785,39,4.97,한신대학교
2020,한신대학교,자연과학계열,78,3,3.85,한신대학교
2020,한양대학교,공학계열,1163,204,17.54,한양대학교
2020,한양대학교,예체능계열,232,44,18.97,한양대학교
2020,한양대학교,의학계열,99,0,0.0,한양대학교
2020,한양대학교,인문사회계열,1384,86,6.21,한양대학교
2020,한양대학교,자연과학계열,649,127,19.57,한양대학교
2020,한양대학교(ERICA) _분교,공학계열,695,126,18.13,한양대학교(ERICA) _분교
2020,한양대학교(ERICA) _분교,예체능계열,341,19,5.57,한양대학교(ERICA) _분교
2020,한양대학교(ERICA) _분교,인문사회계열,529,21,3.97,한양대학교(ERICA) _분교
2020,한양대학교(ERICA) _분교,자연과학계열,461,85,18.44,한양대학교(ERICA) _분교
2020,한일장신대학교,공학계열,41,0,0.0,한일장신대학교
2020,한일장신대학교,예체능계열,35,5,14.29,한일장신대학교
2020,한일장신대학교,인문사회계열,139,21,15.11,한일장신대학교
2020,협성대학교,공학계열,94,8,8.51,협성대학교
2020,협성대학교,예체능계열,156,5,3.21,협성대학교
2020,협성대학교,의학계열,36,2,5.56,협성대학교
2020,협성대학교,인문사회계열,565,43,7.61,협성대학교
2020,협성대학교,자연과학계열,29,1,3.45,협성대학교
2020,호남대학교,공학계열,522,9,1.72,호남대학교
2020,호남대학교,예체능계열,217,8,3.69,호남대학교
2020,호남대학교,인문사회계열,777,11,1.42,호남대학교
2020,호남대학교,자연과학계열,294,1,0.34,호남대학교
2020,호남신학대학교,예체능계열,32,3,9.38,호남신학대학교
2020,호남신학대학교,인문사회계열,70,16,22.86,호남신학대학교
2020,호서대학교,공학계열,1169,49,4.19,호서대학교
2020,호서대학교,예체능계열,315,9,2.86,호서대학교
2020,호서대학교,인문사회계열,842,14,1.66,호서대학교
2020,호서대학교,자연과학계열,387,32,8.27,호서대학교
2020,호원대학교,공학계열,396,1,0.25,호원대학교
2020,호원대학교,예체능계열,275,2,0.73,호원대학교
2020,호원대학교,인문사회계열,245,2,0.82,호원대학교
2020,호원대학교,자연과학계열,129,0,0.0,호원대학교
2020,홍익대학교,공학계열,946,66,6.98,홍익대학교
2020,홍익대학교,예체능계열,401,22,5.49,홍익대학교
2020,홍익대학교,인문사회계열,1121,33,2.94,홍익대학교
2020,홍익대학교,자연과학계열,234,19,8.12,홍익대학교
2020,화성의과학대학교,공학계열,48,0,0.0,화성의과학대학교
2020,화성의과학대학교,예체능계열,19,0,0.0,화성의과학대학교
2020,화성의과학대학교,인문사회계열,82,0,0.0,화성의과학대학교
2020,화성의과학대학교,자연과학계열,17,4,23.53,화성의과학대학교
