기준연도,학교종류,설립구분,지역,상태,학교,계열,학생정원,학생모집정지인원(B),재학생,Unnamed: 10,Unnamed: 11,재학생충원율,정원내 재학생 충원율(%){D/(A-B)}X100,학교_정규화
2021 상,대학교,사립,경기,기존,가천대학교,인문ㆍ사회계열,5444.0,0.0,7329,5328,2001,134.6,97.9,가천대학교
2021 상,대학교,사립,경기,기존,가천대학교,자연과학계열,3020.0,0.0,3261,2870,391,108.0,95.0,가천대학교
2021 상,대학교,사립,경기,기존,가천대학교,공학계열,5290.0,0.0,5802,5065,737,109.7,95.7,가천대학교
2021 상,대학교,사립,경기,기존,가천대학교,예ㆍ체능계열,1440.0,0.0,1594,1477,117,110.7,102.6,가천대학교
2021 상,대학교,사립,경기,기존,가천대학교,의학계열,244.0,0.0,260,260,0,106.6,106.6,가천대학교
2021 하,대학교,사립,경기,기존,가천대학교,의학계열,244.0,0.0,261,261,0,107.0,107.0,가천대학교
2021 하,대학교,사립,경기,기존,가천대학교,예ㆍ체능계열,1440.0,0.0,1680,1591,89,116.7,110.5,가천대학교
2021 하,대학교,사립,경기,기존,가천대학교,자연과학계열,3020.0,0.0,3374,2977,397,111.7,98.6,가천대학교
2021 하,대학교,사립,경기,기존,가천대학교,인문ㆍ사회계열,5444.0,0.0,7739,5926,1813,142.2,108.9,가천대학교
2021 하,대학교,사립,경기,기존,가천대학교,공학계열,5290.0,0.0,6254,5496,758,118.2,103.9,가천대학교
2021 상,대학교,사립,강원,기존,가톨릭관동대학교,인문ㆍ사회계열,3884.0,0.0,3222,2947,275,83.0,75.9,가톨릭관동대학교
2021 상,대학교,사립,강원,기존,가톨릭관동대학교,자연과학계열,1328.0,0.0,1204,1058,146,90.7,79.7,가톨릭관동대학교
2021 상,대학교,사립,강원,기존,가톨릭관동대학교,공학계열,1742.0,0.0,1198,1138,60,68.8,65.3,가톨릭관동대학교
2021 상,대학교,사립,강원,기존,가톨릭관동대학교,예ㆍ체능계열,1270.0,0.0,948,931,17,74.6,73.3,가톨릭관동대학교
2021 상,대학교,사립,강원,기존,가톨릭관동대학교,의학계열,196.0,0.0,240,207,33,122.4,105.6,가톨릭관동대학교
2021 하,대학교,사립,강원,기존,가톨릭관동대학교,의학계열,196.0,0.0,241,208,33,123.0,106.1,가톨릭관동대학교
2021 하,대학교,사립,강원,기존,가톨릭관동대학교,공학계열,1742.0,0.0,1317,1254,63,75.6,72.0,가톨릭관동대학교
2021 하,대학교,사립,강원,기존,가톨릭관동대학교,예ㆍ체능계열,1270.0,0.0,1056,1033,23,83.1,81.3,가톨릭관동대학교
2021 하,대학교,사립,강원,기존,가톨릭관동대학교,자연과학계열,1328.0,0.0,1266,1111,155,95.3,83.7,가톨릭관동대학교
2021 하,대학교,사립,강원,기존,가톨릭관동대학교,인문ㆍ사회계열,3884.0,0.0,3578,3266,312,92.1,84.1,가톨릭관동대학교
2021 상,대학교,사립,충북,기존,가톨릭꽃동네대학교,인문ㆍ사회계열,236.0,0.0,208,204,4,88.1,86.4,가톨릭꽃동네대학교
2021 상,대학교,사립,충북,기존,가톨릭꽃동네대학교,자연과학계열,196.0,0.0,205,185,20,104.6,94.4,가톨릭꽃동네대학교
2021 하,대학교,사립,충북,기존,가톨릭꽃동네대학교,자연과학계열,196.0,0.0,216,196,20,110.2,100.0,가톨릭꽃동네대학교
2021 하,대학교,사립,충북,기존,가톨릭꽃동네대학교,인문ㆍ사회계열,236.0,0.0,212,208,4,89.8,88.1,가톨릭꽃동네대학교
2021 상,대학교,사립,경기,기존,가톨릭대학교,인문ㆍ사회계열,3223.0,0.0,3443,2937,506,106.8,91.1,가톨릭대학교
2021 상,대학교,사립,경기,기존,가톨릭대학교,자연과학계열,1343.0,0.0,1304,1149,155,97.1,85.6,가톨릭대학교
2021 상,대학교,사립,경기,기존,가톨릭대학교,공학계열,1342.0,0.0,1312,1164,148,97.8,86.7,가톨릭대학교
2021 상,대학교,사립,경기,기존,가톨릭대학교,예ㆍ체능계열,180.0,0.0,163,162,1,90.6,90.0,가톨릭대학교
2021 하,대학교,사립,경기,기존,가톨릭대학교,인문ㆍ사회계열,3223.0,0.0,3902,3376,526,121.1,104.7,가톨릭대학교
2021 하,대학교,사립,경기,기존,가톨릭대학교,자연과학계열,1343.0,0.0,1445,1274,171,107.6,94.9,가톨릭대학교
2021 하,대학교,사립,경기,기존,가톨릭대학교,예ㆍ체능계열,180.0,0.0,178,177,1,98.9,98.3,가톨릭대학교
2021 하,대학교,사립,경기,기존,가톨릭대학교,공학계열,1342.0,0.0,1452,1295,157,108.2,96.5,가톨릭대학교
2021 상,대학교,사립,서울,기존,가톨릭대학교 _제2캠퍼스,자연과학계열,506.0,0.0,553,518,35,109.3,102.4,가톨릭대학교 _제2캠퍼스
2021 상,대학교,사립,서울,기존,가톨릭대학교 _제2캠퍼스,의학계열,372.0,0.0,359,346,13,96.5,93.0,가톨릭대학교 _제2캠퍼스
2021 하,대학교,사립,서울,기존,가톨릭대학교 _제2캠퍼스,자연과학계열,506.0,0.0,555,520,35,109.7,102.8,가톨릭대학교 _제2캠퍼스
2021 하,대학교,사립,서울,기존,가톨릭대학교 _제2캠퍼스,의학계열,372.0,0.0,366,353,13,98.4,94.9,가톨릭대학교 _제2캠퍼스
2021 상,대학교,사립,서울,기존,가톨릭대학교 _제3캠퍼스,인문ㆍ사회계열,200.0,0.0,222,211,11,111.0,105.5,가톨릭대학교 _제3캠퍼스
2021 하,대학교,사립,서울,기존,가톨릭대학교 _제3캠퍼스,인문ㆍ사회계열,200.0,0.0,224,213,11,112.0,106.5,가톨릭대학교 _제3캠퍼스
2021 상,대학교,사립,서울,기존,감리교신학대학교,인문ㆍ사회계열,800.0,0.0,707,676,31,88.4,84.5,감리교신학대학교
2021 하,대학교,사립,서울,기존,감리교신학대학교,인문ㆍ사회계열,800.0,0.0,740,707,33,92.5,88.4,감리교신학대학교
2021 상,대학교,사립,경기,기존,강남대학교,인문ㆍ사회계열,3914.0,0.0,3939,3591,348,100.6,91.7,강남대학교
2021 상,대학교,사립,경기,기존,강남대학교,공학계열,1446.0,0.0,1386,1285,101,95.9,88.9,강남대학교
2021 상,대학교,사립,경기,기존,강남대학교,예ㆍ체능계열,604.0,0.0,557,533,24,92.2,88.2,강남대학교
2021 하,대학교,사립,경기,기존,강남대학교,인문ㆍ사회계열,3914.0,0.0,4466,4065,401,114.1,103.9,강남대학교
2021 하,대학교,사립,경기,기존,강남대학교,예ㆍ체능계열,604.0,0.0,616,589,27,102.0,97.5,강남대학교
2021 하,대학교,사립,경기,기존,강남대학교,공학계열,1446.0,0.0,1515,1405,110,104.8,97.2,강남대학교
2021 상,대학교,사립,서울,기존,강서대학교,인문ㆍ사회계열,708.0,0.0,1048,648,400,148.0,91.5,강서대학교
2021 상,대학교,사립,서울,기존,강서대학교,자연과학계열,280.0,0.0,288,256,32,102.9,91.4,강서대학교
2021 상,대학교,사립,서울,기존,강서대학교,예ㆍ체능계열,120.0,0.0,100,96,4,83.3,80.0,강서대학교
2021 하,대학교,사립,서울,기존,강서대학교,인문ㆍ사회계열,708.0,0.0,1221,753,468,172.5,106.4,강서대학교
2021 하,대학교,사립,서울,기존,강서대학교,자연과학계열,280.0,0.0,300,267,33,107.1,95.4,강서대학교
2021 하,대학교,사립,서울,기존,강서대학교,예ㆍ체능계열,120.0,0.0,108,104,4,90.0,86.7,강서대학교
2021 상,대학교,국립,강원,기존,강원대학교,인문ㆍ사회계열,4094.0,0.0,4265,3803,462,104.2,92.9,강원대학교
2021 상,대학교,국립,강원,기존,강원대학교,자연과학계열,4692.0,0.0,4677,4373,304,99.7,93.2,강원대학교
2021 상,대학교,국립,강원,기존,강원대학교,공학계열,2608.0,0.0,2693,2453,240,103.3,94.1,강원대학교
2021 상,대학교,국립,강원,기존,강원대학교,예ㆍ체능계열,610.0,0.0,579,559,20,94.9,91.6,강원대학교
2021 상,대학교,국립,강원,기존,강원대학교,의학계열,160.0,0.0,166,161,5,103.8,100.6,강원대학교
2021 하,대학교,국립,강원,기존,강원대학교,인문ㆍ사회계열,4094.0,0.0,4789,4278,511,117.0,104.5,강원대학교
2021 하,대학교,국립,강원,기존,강원대학교,자연과학계열,4692.0,0.0,5053,4730,323,107.7,100.8,강원대학교
2021 하,대학교,국립,강원,기존,강원대학교,예ㆍ체능계열,610.0,0.0,628,604,24,103.0,99.0,강원대학교
2021 하,대학교,국립,강원,기존,강원대학교,공학계열,2608.0,0.0,2971,2712,259,113.9,104.0,강원대학교
2021 하,대학교,국립,강원,기존,강원대학교,의학계열,160.0,0.0,169,164,5,105.6,102.5,강원대학교
2021 상,대학교,국립,강원,기존,강원대학교 _제2캠퍼스,인문ㆍ사회계열,997.0,0.0,812,756,56,81.4,75.8,강원대학교 _제2캠퍼스
2021 상,대학교,국립,강원,기존,강원대학교 _제2캠퍼스,자연과학계열,1410.0,0.0,1245,1158,87,88.3,82.1,강원대학교 _제2캠퍼스
2021 상,대학교,국립,강원,기존,강원대학교 _제2캠퍼스,공학계열,2946.0,0.0,2400,2262,138,81.5,76.8,강원대학교 _제2캠퍼스
2021 상,대학교,국립,강원,기존,강원대학교 _제2캠퍼스,예ㆍ체능계열,763.0,0.0,697,650,47,91.3,85.2,강원대학교 _제2캠퍼스
2021 하,대학교,국립,강원,기존,강원대학교 _제2캠퍼스,예ㆍ체능계열,763.0,0.0,760,710,50,99.6,93.1,강원대학교 _제2캠퍼스
2021 하,대학교,국립,강원,기존,강원대학교 _제2캠퍼스,자연과학계열,1410.0,0.0,1309,1217,92,92.8,86.3,강원대학교 _제2캠퍼스
2021 하,대학교,국립,강원,기존,강원대학교 _제2캠퍼스,인문ㆍ사회계열,997.0,0.0,936,866,70,93.9,86.9,강원대학교 _제2캠퍼스
2021 하,대학교,국립,강원,기존,강원대학교 _제2캠퍼스,공학계열,2946.0,0.0,2682,2530,152,91.0,85.9,강원대학교 _제2캠퍼스
2021 상,대학교,사립,서울,기존,건국대학교,인문ㆍ사회계열,3734.0,0.0,5423,3665,1758,145.2,98.2,건국대학교
2021 상,대학교,사립,서울,기존,건국대학교,자연과학계열,1970.0,0.0,2004,1795,209,101.7,91.1,건국대학교
2021 상,대학교,사립,서울,기존,건국대학교,공학계열,4938.0,0.0,4962,4488,474,100.5,90.9,건국대학교
2021 상,대학교,사립,서울,기존,건국대학교,예ㆍ체능계열,1220.0,0.0,1541,1237,304,126.3,101.4,건국대학교
2021 상,대학교,사립,서울,기존,건국대학교,의학계열,276.0,0.0,315,262,53,114.1,94.9,건국대학교
2021 하,대학교,사립,서울,기존,건국대학교,의학계열,276.0,0.0,315,262,53,114.1,94.9,건국대학교
2021 하,대학교,사립,서울,기존,건국대학교,공학계열,4938.0,0.0,5546,5050,496,112.3,102.3,건국대학교
2021 하,대학교,사립,서울,기존,건국대학교,예ㆍ체능계열,1220.0,0.0,1650,1351,299,135.2,110.7,건국대학교
2021 하,대학교,사립,서울,기존,건국대학교,자연과학계열,1970.0,0.0,2197,1971,226,111.5,100.1,건국대학교
2021 하,대학교,사립,서울,기존,건국대학교,인문ㆍ사회계열,3734.0,0.0,6043,4229,1814,161.8,113.3,건국대학교
2021 상,대학교,사립,충북,기존,건국대학교(글로컬) _분교,인문ㆍ사회계열,2007.0,0.0,2292,1998,294,114.2,99.6,건국대학교(글로컬) _분교
2021 상,대학교,사립,충북,기존,건국대학교(글로컬) _분교,자연과학계열,1665.0,0.0,1553,1418,135,93.3,85.2,건국대학교(글로컬) _분교
2021 상,대학교,사립,충북,기존,건국대학교(글로컬) _분교,공학계열,1059.0,0.0,906,854,52,85.6,80.6,건국대학교(글로컬) _분교
2021 상,대학교,사립,충북,기존,건국대학교(글로컬) _분교,예ㆍ체능계열,1465.0,0.0,1585,1441,144,108.2,98.4,건국대학교(글로컬) _분교
2021 하,대학교,사립,충북,기존,건국대학교(글로컬) _분교,인문ㆍ사회계열,2007.0,0.0,2567,2222,345,127.9,110.7,건국대학교(글로컬) _분교
2021 하,대학교,사립,충북,기존,건국대학교(글로컬) _분교,자연과학계열,1665.0,0.0,1707,1564,143,102.5,93.9,건국대학교(글로컬) _분교
2021 하,대학교,사립,충북,기존,건국대학교(글로컬) _분교,공학계열,1059.0,0.0,992,931,61,93.7,87.9,건국대학교(글로컬) _분교
2021 하,대학교,사립,충북,기존,건국대학교(글로컬) _분교,예ㆍ체능계열,1465.0,0.0,1748,1571,177,119.3,107.2,건국대학교(글로컬) _분교
2021 상,대학교,사립,충남,기존,건양대학교,인문ㆍ사회계열,2045.0,0.0,1951,1783,168,95.4,87.2,건양대학교
2021 상,대학교,사립,충남,기존,건양대학교,자연과학계열,475.0,0.0,437,408,29,92.0,85.9,건양대학교
2021 상,대학교,사립,충남,기존,건양대학교,공학계열,760.0,0.0,567,530,37,74.6,69.7,건양대학교
2021 상,대학교,사립,충남,기존,건양대학교,예ㆍ체능계열,130.0,0.0,107,106,1,82.3,81.5,건양대학교
2021 하,대학교,사립,충남,기존,건양대학교,인문ㆍ사회계열,2045.0,0.0,2102,1934,168,102.8,94.6,건양대학교
2021 하,대학교,사립,충남,기존,건양대학교,자연과학계열,475.0,0.0,460,427,33,96.8,89.9,건양대학교
2021 하,대학교,사립,충남,기존,건양대학교,예ㆍ체능계열,130.0,0.0,117,116,1,90.0,89.2,건양대학교
2021 하,대학교,사립,충남,기존,건양대학교,공학계열,760.0,0.0,598,560,38,78.7,73.7,건양대학교
2021 상,대학교,사립,대전,기존,건양대학교 _제2캠퍼스,인문ㆍ사회계열,160.0,0.0,166,158,8,103.8,98.8,건양대학교 _제2캠퍼스
2021 상,대학교,사립,대전,기존,건양대학교 _제2캠퍼스,자연과학계열,1984.0,0.0,2039,1871,168,102.8,94.3,건양대학교 _제2캠퍼스
2021 상,대학교,사립,대전,기존,건양대학교 _제2캠퍼스,공학계열,1050.0,0.0,948,920,28,90.3,87.6,건양대학교 _제2캠퍼스
2021 상,대학교,사립,대전,기존,건양대학교 _제2캠퍼스,의학계열,196.0,0.0,238,197,41,121.4,100.5,건양대학교 _제2캠퍼스
2021 하,대학교,사립,대전,기존,건양대학교 _제2캠퍼스,인문ㆍ사회계열,160.0,0.0,176,169,7,110.0,105.6,건양대학교 _제2캠퍼스
2021 하,대학교,사립,대전,기존,건양대학교 _제2캠퍼스,자연과학계열,1984.0,0.0,2076,1910,166,104.6,96.3,건양대학교 _제2캠퍼스
2021 하,대학교,사립,대전,기존,건양대학교 _제2캠퍼스,공학계열,1050.0,0.0,988,962,26,94.1,91.6,건양대학교 _제2캠퍼스
2021 하,대학교,사립,대전,기존,건양대학교 _제2캠퍼스,의학계열,196.0,0.0,237,196,41,120.9,100.0,건양대학교 _제2캠퍼스
2021 상,대학교,사립,경기,기존,경기대학교,인문ㆍ사회계열,5129.0,0.0,5740,4833,907,111.9,94.2,경기대학교
2021 상,대학교,사립,경기,기존,경기대학교,자연과학계열,1161.0,0.0,1087,992,95,93.6,85.4,경기대학교
2021 상,대학교,사립,경기,기존,경기대학교,공학계열,2698.0,0.0,2774,2426,348,102.8,89.9,경기대학교
2021 상,대학교,사립,경기,기존,경기대학교,예ㆍ체능계열,1457.0,0.0,1350,1302,48,92.7,89.4,경기대학교
2021 하,대학교,사립,경기,기존,경기대학교,공학계열,2698.0,0.0,3049,2665,384,113.0,98.8,경기대학교
2021 하,대학교,사립,경기,기존,경기대학교,자연과학계열,1161.0,0.0,1161,1064,97,100.0,91.6,경기대학교
2021 하,대학교,사립,경기,기존,경기대학교,예ㆍ체능계열,1457.0,0.0,1448,1404,44,99.4,96.4,경기대학교
2021 하,대학교,사립,경기,기존,경기대학교,인문ㆍ사회계열,5129.0,0.0,6288,5333,955,122.6,104.0,경기대학교
2021 상,대학교,사립,서울,기존,경기대학교 _제2캠퍼스,인문ㆍ사회계열,901.0,0.0,1606,878,728,178.2,97.4,경기대학교 _제2캠퍼스
2021 상,대학교,사립,서울,기존,경기대학교 _제2캠퍼스,예ㆍ체능계열,411.0,0.0,430,392,38,104.6,95.4,경기대학교 _제2캠퍼스
2021 하,대학교,사립,서울,기존,경기대학교 _제2캠퍼스,예ㆍ체능계열,411.0,0.0,449,414,35,109.2,100.7,경기대학교 _제2캠퍼스
2021 하,대학교,사립,서울,기존,경기대학교 _제2캠퍼스,인문ㆍ사회계열,901.0,0.0,1638,948,690,181.8,105.2,경기대학교 _제2캠퍼스
2021 상,대학교,국립,경남,폐교,경남과학기술대학교,인문ㆍ사회계열,1288.0,0.0,1116,1072,44,86.6,83.2,경상국립대학교
2021 상,대학교,국립,경남,폐교,경남과학기술대학교,자연과학계열,1299.0,0.0,1206,1145,61,92.8,88.1,경상국립대학교
2021 상,대학교,국립,경남,폐교,경남과학기술대학교,공학계열,1991.0,0.0,1806,1718,88,90.7,86.3,경상국립대학교
2021 상,대학교,국립,경남,폐교,경남과학기술대학교,예ㆍ체능계열,158.0,0.0,142,142,0,89.9,89.9,경상국립대학교
2021 하,대학교,국립,경남,폐교,경남과학기술대학교,공학계열,1991.0,0.0,2018,1918,100,101.4,96.3,경상국립대학교
2021 하,대학교,국립,경남,폐교,경남과학기술대학교,인문ㆍ사회계열,1288.0,0.0,1261,1209,52,97.9,93.9,경상국립대학교
2021 하,대학교,국립,경남,폐교,경남과학기술대학교,자연과학계열,1299.0,0.0,1318,1249,69,101.5,96.2,경상국립대학교
2021 하,대학교,국립,경남,폐교,경남과학기술대학교,예ㆍ체능계열,158.0,0.0,155,155,0,98.1,98.1,경상국립대학교
2021 상,대학교,사립,경남,기존,경남대학교,인문ㆍ사회계열,5175.0,0.0,4592,4196,396,88.7,81.1,경남대학교
2021 상,대학교,사립,경남,기존,경남대학교,자연과학계열,1970.0,0.0,1709,1570,139,86.8,79.7,경남대학교
2021 상,대학교,사립,경남,기존,경남대학교,공학계열,3426.0,0.0,2832,2639,193,82.7,77.0,경남대학교
2021 상,대학교,사립,경남,기존,경남대학교,예ㆍ체능계열,820.0,0.0,806,746,60,98.3,91.0,경남대학교
2021 하,대학교,사립,경남,기존,경남대학교,인문ㆍ사회계열,5175.0,0.0,5029,4608,421,97.2,89.0,경남대학교
2021 하,대학교,사립,경남,기존,경남대학교,자연과학계열,1970.0,0.0,1781,1637,144,90.4,83.1,경남대학교
2021 하,대학교,사립,경남,기존,경남대학교,예ㆍ체능계열,820.0,0.0,865,811,54,105.5,98.9,경남대학교
2021 하,대학교,사립,경남,기존,경남대학교,공학계열,3426.0,0.0,3117,2907,210,91.0,84.9,경남대학교
2021 상,대학교,사립,강원,기존,경동대학교,인문ㆍ사회계열,392.0,0.0,615,205,410,156.9,52.3,경동대학교
2021 상,대학교,사립,강원,기존,경동대학교,자연과학계열,80.0,0.0,66,47,19,82.5,58.8,경동대학교
2021 하,대학교,사립,강원,기존,경동대학교,인문ㆍ사회계열,392.0,0.0,643,221,422,164.0,56.4,경동대학교
2021 하,대학교,사립,강원,기존,경동대학교,자연과학계열,80.0,0.0,78,56,22,97.5,70.0,경동대학교
2021 상,대학교,국립,대구,기존,경북대학교,인문ㆍ사회계열,5008.0,0.0,5509,4767,742,110.0,95.2,경북대학교
2021 상,대학교,국립,대구,기존,경북대학교,자연과학계열,5954.0,0.0,5796,5211,585,97.3,87.5,경북대학교
2021 상,대학교,국립,대구,기존,경북대학교,공학계열,6188.0,0.0,6430,5780,650,103.9,93.4,경북대학교
2021 상,대학교,국립,대구,기존,경북대학교,예ㆍ체능계열,1012.0,0.0,1009,973,36,99.7,96.1,경북대학교
2021 상,대학교,국립,대구,기존,경북대학교,의학계열,908.0,0.0,905,878,27,99.7,96.7,경북대학교
2021 하,대학교,국립,대구,기존,경북대학교,예ㆍ체능계열,1012.0,0.0,1068,1032,36,105.5,102.0,경북대학교
2021 하,대학교,국립,대구,기존,경북대학교,공학계열,6188.0,0.0,7087,6379,708,114.5,103.1,경북대학교
2021 하,대학교,국립,대구,기존,경북대학교,의학계열,908.0,0.0,906,880,26,99.8,96.9,경북대학교
2021 하,대학교,국립,대구,기존,경북대학교,인문ㆍ사회계열,5008.0,0.0,6225,5415,810,124.3,108.1,경북대학교
2021 하,대학교,국립,대구,기존,경북대학교,자연과학계열,5954.0,0.0,6270,5659,611,105.3,95.0,경북대학교
2021 상,대학교,국립,경남,기존,경상국립대학교,인문ㆍ사회계열,4191.0,0.0,4282,3803,479,102.2,90.7,경상국립대학교
2021 상,대학교,국립,경남,기존,경상국립대학교,자연과학계열,3606.0,0.0,3572,3281,291,99.1,91.0,경상국립대학교
2021 상,대학교,국립,경남,기존,경상국립대학교,공학계열,4026.0,0.0,3781,3525,256,93.9,87.6,경상국립대학교
2021 상,대학교,국립,경남,기존,경상국립대학교,예ㆍ체능계열,276.0,0.0,274,273,1,99.3,98.9,경상국립대학교
2021 상,대학교,국립,경남,기존,경상국립대학교,의학계열,527.0,0.0,498,461,37,94.5,87.5,경상국립대학교
2021 하,대학교,국립,경남,기존,경상국립대학교,공학계열,4026.0,0.0,4164,3884,280,103.4,96.5,경상국립대학교
2021 하,대학교,국립,경남,기존,경상국립대학교,예ㆍ체능계열,276.0,0.0,289,288,1,104.7,104.3,경상국립대학교
2021 하,대학교,국립,경남,기존,경상국립대학교,자연과학계열,3606.0,0.0,3824,3525,299,106.0,97.8,경상국립대학교
2021 하,대학교,국립,경남,기존,경상국립대학교,인문ㆍ사회계열,4191.0,0.0,4765,4240,525,113.7,101.2,경상국립대학교
2021 하,대학교,국립,경남,기존,경상국립대학교,의학계열,527.0,0.0,507,470,37,96.2,89.2,경상국립대학교
2021 상,대학교,사립,부산,기존,경성대학교,인문ㆍ사회계열,4755.0,0.0,5275,4241,1034,110.9,89.2,경성대학교
2021 상,대학교,사립,부산,기존,경성대학교,자연과학계열,1380.0,0.0,1380,1305,75,100.0,94.6,경성대학교
2021 상,대학교,사립,부산,기존,경성대학교,공학계열,2945.0,0.0,2630,2371,259,89.3,80.5,경성대학교
2021 상,대학교,사립,부산,기존,경성대학교,예ㆍ체능계열,2145.0,0.0,2043,1945,98,95.2,90.7,경성대학교
2021 하,대학교,사립,부산,기존,경성대학교,예ㆍ체능계열,2145.0,0.0,2240,2123,117,104.4,99.0,경성대학교
2021 하,대학교,사립,부산,기존,경성대학교,공학계열,2945.0,0.0,2855,2596,259,96.9,88.1,경성대학교
2021 하,대학교,사립,부산,기존,경성대학교,자연과학계열,1380.0,0.0,1440,1364,76,104.3,98.8,경성대학교
2021 하,대학교,사립,부산,기존,경성대학교,인문ㆍ사회계열,4755.0,0.0,5861,4706,1155,123.3,99.0,경성대학교
2021 상,교육대학,국립,인천,기존,경인교육대학교,인문ㆍ사회계열,2392.0,0.0,627,585,42,26.2,24.5,경인교육대학교
2021 하,교육대학,국립,인천,기존,경인교육대학교,인문ㆍ사회계열,2392.0,0.0,647,603,44,27.0,25.2,경인교육대학교
2021 상,대학교,사립,경북,기존,경일대학교,인문ㆍ사회계열,1169.0,0.0,1348,1143,205,115.3,97.8,경일대학교
2021 상,대학교,사립,경북,기존,경일대학교,자연과학계열,812.0,0.0,858,749,109,105.7,92.2,경일대학교
2021 상,대학교,사립,경북,기존,경일대학교,공학계열,3100.0,0.0,3071,2713,358,99.1,87.5,경일대학교
2021 상,대학교,사립,경북,기존,경일대학교,예ㆍ체능계열,1275.0,0.0,1255,1192,63,98.4,93.5,경일대학교
2021 하,대학교,사립,경북,기존,경일대학교,자연과학계열,812.0,0.0,867,756,111,106.8,93.1,경일대학교
2021 하,대학교,사립,경북,기존,경일대학교,공학계열,3100.0,0.0,3245,2880,365,104.7,92.9,경일대학교
2021 하,대학교,사립,경북,기존,경일대학교,인문ㆍ사회계열,1169.0,0.0,1420,1239,181,121.5,106.0,경일대학교
2021 하,대학교,사립,경북,기존,경일대학교,예ㆍ체능계열,1275.0,0.0,1343,1275,68,105.3,100.0,경일대학교
2021 상,대학교,사립,서울,기존,경희대학교,인문ㆍ사회계열,6904.0,0.0,10629,6438,4191,154.0,93.3,경희대학교
2021 상,대학교,사립,서울,기존,경희대학교,자연과학계열,4160.0,0.0,4256,3726,530,102.3,89.6,경희대학교
2021 상,대학교,사립,서울,기존,경희대학교,공학계열,3999.0,0.0,4043,3611,432,101.1,90.3,경희대학교
2021 상,대학교,사립,서울,기존,경희대학교,예ㆍ체능계열,3428.0,0.0,4077,3316,761,118.9,96.7,경희대학교
2021 상,대학교,사립,서울,기존,경희대학교,의학계열,1192.0,0.0,1180,1161,19,99.0,97.4,경희대학교
2021 하,대학교,사립,서울,기존,경희대학교,의학계열,1192.0,0.0,1183,1163,20,99.2,97.6,경희대학교
2021 하,대학교,사립,서울,기존,경희대학교,인문ㆍ사회계열,6904.0,0.0,11879,7590,4289,172.1,109.9,경희대학교
2021 하,대학교,사립,서울,기존,경희대학교,자연과학계열,4160.0,0.0,4663,4116,547,112.1,98.9,경희대학교
2021 하,대학교,사립,서울,기존,경희대학교,예ㆍ체능계열,3428.0,0.0,4335,3582,753,126.5,104.5,경희대학교
2021 하,대학교,사립,서울,기존,경희대학교,공학계열,3999.0,0.0,4522,4041,481,113.1,101.1,경희대학교
2021 상,대학교,사립,대구,기존,계명대학교,인문ㆍ사회계열,9041.0,0.0,9958,8502,1456,110.1,94.0,계명대학교
2021 상,대학교,사립,대구,기존,계명대학교,자연과학계열,2392.0,0.0,2445,2265,180,102.2,94.7,계명대학교
2021 상,대학교,사립,대구,기존,계명대학교,공학계열,3648.0,0.0,3729,3328,401,102.2,91.2,계명대학교
2021 상,대학교,사립,대구,기존,계명대학교,예ㆍ체능계열,3337.0,0.0,3500,3287,213,104.9,98.5,계명대학교
2021 상,대학교,사립,대구,기존,계명대학교,의학계열,304.0,0.0,292,280,12,96.1,92.1,계명대학교
2021 하,대학교,사립,대구,기존,계명대학교,자연과학계열,2392.0,0.0,2598,2415,183,108.6,101.0,계명대학교
2021 하,대학교,사립,대구,기존,계명대학교,인문ㆍ사회계열,9041.0,0.0,10782,9324,1458,119.3,103.1,계명대학교
2021 하,대학교,사립,대구,기존,계명대학교,예ㆍ체능계열,3337.0,0.0,3663,3429,234,109.8,102.8,계명대학교
2021 하,대학교,사립,대구,기존,계명대학교,공학계열,3648.0,0.0,3966,3550,416,108.7,97.3,계명대학교
2021 하,대학교,사립,대구,기존,계명대학교,의학계열,304.0,0.0,293,281,12,96.4,92.4,계명대학교
2021 상,대학교,사립,서울,기존,고려대학교,인문ㆍ사회계열,7640.0,0.0,9752,7365,2387,127.6,96.4,고려대학교
2021 상,대학교,사립,서울,기존,고려대학교,자연과학계열,3352.0,0.0,3156,2751,405,94.2,82.1,고려대학교
2021 상,대학교,사립,서울,기존,고려대학교,공학계열,3602.0,0.0,4232,3357,875,117.5,93.2,고려대학교
2021 상,대학교,사립,서울,기존,고려대학교,예ㆍ체능계열,520.0,0.0,574,525,49,110.4,101.0,고려대학교
2021 상,대학교,사립,서울,기존,고려대학교,의학계열,424.0,0.0,426,412,14,100.5,97.2,고려대학교
2021 하,대학교,사립,서울,기존,고려대학교,의학계열,424.0,0.0,430,416,14,101.4,98.1,고려대학교
2021 하,대학교,사립,서울,기존,고려대학교,공학계열,3602.0,0.0,4687,3749,938,130.1,104.1,고려대학교
2021 하,대학교,사립,서울,기존,고려대학교,예ㆍ체능계열,520.0,0.0,609,559,50,117.1,107.5,고려대학교
2021 하,대학교,사립,서울,기존,고려대학교,자연과학계열,3352.0,0.0,3601,3167,434,107.4,94.5,고려대학교
2021 하,대학교,사립,서울,기존,고려대학교,인문ㆍ사회계열,7640.0,0.0,10720,8151,2569,140.3,106.7,고려대학교
2021 상,대학교,사립,세종,기존,고려대학교(세종) _분교,인문ㆍ사회계열,2360.0,0.0,2797,2372,425,118.5,100.5,고려대학교(세종) _분교
2021 상,대학교,사립,세종,기존,고려대학교(세종) _분교,자연과학계열,866.0,0.0,836,736,100,96.5,85.0,고려대학교(세종) _분교
2021 상,대학교,사립,세종,기존,고려대학교(세종) _분교,공학계열,1910.0,0.0,1859,1692,167,97.3,88.6,고려대학교(세종) _분교
2021 상,대학교,사립,세종,기존,고려대학교(세종) _분교,예ㆍ체능계열,372.0,0.0,420,395,25,112.9,106.2,고려대학교(세종) _분교
2021 하,대학교,사립,세종,기존,고려대학교(세종) _분교,인문ㆍ사회계열,2360.0,0.0,3136,2688,448,132.9,113.9,고려대학교(세종) _분교
2021 하,대학교,사립,세종,기존,고려대학교(세종) _분교,자연과학계열,866.0,0.0,939,836,103,108.4,96.5,고려대학교(세종) _분교
2021 하,대학교,사립,세종,기존,고려대학교(세종) _분교,예ㆍ체능계열,372.0,0.0,447,418,29,120.2,112.4,고려대학교(세종) _분교
2021 하,대학교,사립,세종,기존,고려대학교(세종) _분교,공학계열,1910.0,0.0,2077,1889,188,108.7,98.9,고려대학교(세종) _분교
2021 상,대학교,사립,부산,기존,고신대학교,인문ㆍ사회계열,1765.0,0.0,1757,1631,126,99.5,92.4,고신대학교
2021 상,대학교,사립,부산,기존,고신대학교,자연과학계열,1367.0,0.0,1252,1200,52,91.6,87.8,고신대학교
2021 상,대학교,사립,부산,기존,고신대학교,예ㆍ체능계열,260.0,0.0,200,196,4,76.9,75.4,고신대학교
2021 상,대학교,사립,부산,기존,고신대학교,의학계열,304.0,0.0,301,301,0,99.0,99.0,고신대학교
2021 하,대학교,사립,부산,기존,고신대학교,의학계열,304.0,0.0,303,303,0,99.7,99.7,고신대학교
2021 하,대학교,사립,부산,기존,고신대학교,예ㆍ체능계열,260.0,0.0,234,229,5,90.0,88.1,고신대학교
2021 하,대학교,사립,부산,기존,고신대학교,인문ㆍ사회계열,1765.0,0.0,1909,1775,134,108.2,100.6,고신대학교
2021 하,대학교,사립,부산,기존,고신대학교,자연과학계열,1367.0,0.0,1335,1281,54,97.7,93.7,고신대학교
2021 상,교육대학,국립,충남,기존,공주교육대학교,인문ㆍ사회계열,1416.0,0.0,608,565,43,42.9,39.9,공주교육대학교
2021 하,교육대학,국립,충남,기존,공주교육대학교,인문ㆍ사회계열,1416.0,0.0,625,580,45,44.1,41.0,공주교육대학교
2021 상,대학교,사립,광주,기존,광신대학교,인문ㆍ사회계열,368.0,0.0,323,310,13,87.8,84.2,광신대학교
2021 상,대학교,사립,광주,기존,광신대학교,예ㆍ체능계열,120.0,0.0,113,113,0,94.2,94.2,광신대학교
2021 하,대학교,사립,광주,기존,광신대학교,인문ㆍ사회계열,368.0,0.0,364,343,21,98.9,93.2,광신대학교
2021 하,대학교,사립,광주,기존,광신대학교,예ㆍ체능계열,120.0,0.0,118,118,0,98.3,98.3,광신대학교
2021 상,대학교,사립,서울,기존,광운대학교,인문ㆍ사회계열,2357.0,0.0,3253,2210,1043,138.0,93.8,광운대학교
2021 상,대학교,사립,서울,기존,광운대학교,자연과학계열,560.0,0.0,660,449,211,117.9,80.2,광운대학교
2021 상,대학교,사립,서울,기존,광운대학교,공학계열,3702.0,0.0,3727,3317,410,100.7,89.6,광운대학교
2021 상,대학교,사립,서울,기존,광운대학교,예ㆍ체능계열,148.0,0.0,147,137,10,99.3,92.6,광운대학교
2021 하,대학교,사립,서울,기존,광운대학교,예ㆍ체능계열,148.0,0.0,152,138,14,102.7,93.2,광운대학교
2021 하,대학교,사립,서울,기존,광운대학교,자연과학계열,560.0,0.0,737,514,223,131.6,91.8,광운대학교
2021 하,대학교,사립,서울,기존,광운대학교,인문ㆍ사회계열,2357.0,0.0,3510,2469,1041,148.9,104.8,광운대학교
2021 하,대학교,사립,서울,기존,광운대학교,공학계열,3702.0,0.0,4128,3694,434,111.5,99.8,광운대학교
2021 상,대학교,사립,전남,기존,광주가톨릭대학교,인문ㆍ사회계열,160.0,0.0,74,74,0,46.3,46.3,광주가톨릭대학교
2021 하,대학교,사립,전남,기존,광주가톨릭대학교,인문ㆍ사회계열,160.0,0.0,79,79,0,49.4,49.4,광주가톨릭대학교
2021 상,대학교,특별법법인,광주,기존,광주과학기술원,자연과학계열,800.0,2.0,353,335,18,44.2,42.0,광주과학기술원
2021 하,대학교,특별법법인,광주,기존,광주과학기술원,자연과학계열,800.0,2.0,414,412,2,51.9,51.6,광주과학기술원
2021 상,교육대학,국립,광주,기존,광주교육대학교,인문ㆍ사회계열,1304.0,0.0,565,528,37,43.3,40.5,광주교육대학교
2021 하,교육대학,국립,광주,기존,광주교육대학교,인문ㆍ사회계열,1304.0,0.0,580,542,38,44.5,41.6,광주교육대학교
2021 상,대학교,사립,광주,기존,광주대학교,인문ㆍ사회계열,3173.0,0.0,2751,2551,200,86.7,80.4,광주대학교
2021 상,대학교,사립,광주,기존,광주대학교,자연과학계열,1125.0,0.0,1325,1206,119,117.8,107.2,광주대학교
2021 상,대학교,사립,광주,기존,광주대학교,공학계열,1587.0,0.0,1164,1116,48,73.3,70.3,광주대학교
2021 상,대학교,사립,광주,기존,광주대학교,예ㆍ체능계열,715.0,0.0,846,828,18,118.3,115.8,광주대학교
2021 하,대학교,사립,광주,기존,광주대학교,인문ㆍ사회계열,3173.0,0.0,3059,2873,186,96.4,90.5,광주대학교
2021 하,대학교,사립,광주,기존,광주대학교,자연과학계열,1125.0,0.0,1354,1233,121,120.4,109.6,광주대학교
2021 하,대학교,사립,광주,기존,광주대학교,예ㆍ체능계열,715.0,0.0,925,905,20,129.4,126.6,광주대학교
2021 하,대학교,사립,광주,기존,광주대학교,공학계열,1587.0,0.0,1357,1308,49,85.5,82.4,광주대학교
2021 상,대학교,사립,광주,기존,광주여자대학교,인문ㆍ사회계열,1460.0,0.0,1581,1350,231,108.3,92.5,광주여자대학교
2021 상,대학교,사립,광주,기존,광주여자대학교,자연과학계열,2025.0,0.0,1966,1802,164,97.1,89.0,광주여자대학교
2021 상,대학교,사립,광주,기존,광주여자대학교,예ㆍ체능계열,120.0,0.0,112,111,1,93.3,92.5,광주여자대학교
2021 하,대학교,사립,광주,기존,광주여자대학교,예ㆍ체능계열,120.0,0.0,130,129,1,108.3,107.5,광주여자대학교
2021 하,대학교,사립,광주,기존,광주여자대학교,인문ㆍ사회계열,1460.0,0.0,1585,1407,178,108.6,96.4,광주여자대학교
2021 하,대학교,사립,광주,기존,광주여자대학교,자연과학계열,2025.0,0.0,2064,1900,164,101.9,93.8,광주여자대학교
2021 상,대학교,국립,강원,기존,국립강릉원주대학교,인문ㆍ사회계열,1938.0,0.0,1913,1648,265,98.7,85.0,국립강릉원주대학교
2021 상,대학교,국립,강원,기존,국립강릉원주대학교,자연과학계열,1926.0,0.0,1630,1525,105,84.6,79.2,국립강릉원주대학교
2021 상,대학교,국립,강원,기존,국립강릉원주대학교,공학계열,842.0,0.0,725,675,50,86.1,80.2,국립강릉원주대학교
2021 상,대학교,국립,강원,기존,국립강릉원주대학교,예ㆍ체능계열,587.0,0.0,511,501,10,87.1,85.3,국립강릉원주대학교
2021 상,대학교,국립,강원,기존,국립강릉원주대학교,의학계열,160.0,0.0,153,145,8,95.6,90.6,국립강릉원주대학교
2021 하,대학교,국립,강원,기존,국립강릉원주대학교,인문ㆍ사회계열,1938.0,0.0,2123,1843,280,109.5,95.1,국립강릉원주대학교
2021 하,대학교,국립,강원,기존,국립강릉원주대학교,의학계열,160.0,0.0,156,148,8,97.5,92.5,국립강릉원주대학교
2021 하,대학교,국립,강원,기존,국립강릉원주대학교,자연과학계열,1926.0,0.0,1799,1685,114,93.4,87.5,국립강릉원주대학교
2021 하,대학교,국립,강원,기존,국립강릉원주대학교,예ㆍ체능계열,587.0,0.0,563,553,10,95.9,94.2,국립강릉원주대학교
2021 하,대학교,국립,강원,기존,국립강릉원주대학교,공학계열,842.0,0.0,837,774,63,99.4,91.9,국립강릉원주대학교
2021 상,대학교,국립,강원,기존,국립강릉원주대학교 _제2캠퍼스,인문ㆍ사회계열,481.0,0.0,485,469,16,100.8,97.5,국립강릉원주대학교 _제2캠퍼스
2021 상,대학교,국립,강원,기존,국립강릉원주대학교 _제2캠퍼스,자연과학계열,300.0,0.0,335,293,42,111.7,97.7,국립강릉원주대학교 _제2캠퍼스
2021 상,대학교,국립,강원,기존,국립강릉원주대학교 _제2캠퍼스,공학계열,1178.0,0.0,1093,1032,61,92.8,87.6,국립강릉원주대학교 _제2캠퍼스
2021 하,대학교,국립,강원,기존,국립강릉원주대학교 _제2캠퍼스,공학계열,1178.0,0.0,1206,1136,70,102.4,96.4,국립강릉원주대학교 _제2캠퍼스
2021 하,대학교,국립,강원,기존,국립강릉원주대학교 _제2캠퍼스,인문ㆍ사회계열,481.0,0.0,514,494,20,106.9,102.7,국립강릉원주대학교 _제2캠퍼스
2021 하,대학교,국립,강원,기존,국립강릉원주대학교 _제2캠퍼스,자연과학계열,300.0,0.0,338,294,44,112.7,98.0,국립강릉원주대학교 _제2캠퍼스
2021 상,대학교,국립,경북,기존,국립경국대학교,인문ㆍ사회계열,1856.0,0.0,1462,1360,102,78.8,73.3,국립경국대학교
2021 상,대학교,국립,경북,기존,국립경국대학교,자연과학계열,1761.0,0.0,1567,1487,80,89.0,84.4,국립경국대학교
2021 상,대학교,국립,경북,기존,국립경국대학교,공학계열,1871.0,0.0,1585,1485,100,84.7,79.4,국립경국대학교
2021 상,대학교,국립,경북,기존,국립경국대학교,예ㆍ체능계열,336.0,0.0,262,257,5,78.0,76.5,국립경국대학교
2021 하,대학교,국립,경북,기존,국립경국대학교,인문ㆍ사회계열,1856.0,0.0,1650,1548,102,88.9,83.4,국립경국대학교
2021 하,대학교,국립,경북,기존,국립경국대학교,자연과학계열,1761.0,0.0,1688,1605,83,95.9,91.1,국립경국대학교
2021 하,대학교,국립,경북,기존,국립경국대학교,공학계열,1871.0,0.0,1729,1619,110,92.4,86.5,국립경국대학교
2021 하,대학교,국립,경북,기존,국립경국대학교,예ㆍ체능계열,336.0,0.0,290,284,6,86.3,84.5,국립경국대학교
2021 상,대학교,국립,충남,기존,국립공주대학교,인문ㆍ사회계열,3024.0,0.0,3155,2761,394,104.3,91.3,국립공주대학교
2021 상,대학교,국립,충남,기존,국립공주대학교,자연과학계열,3416.0,0.0,3442,3082,360,100.8,90.2,국립공주대학교
2021 상,대학교,국립,충남,기존,국립공주대학교,공학계열,3541.0,0.0,4075,3258,817,115.1,92.0,국립공주대학교
2021 상,대학교,국립,충남,기존,국립공주대학교,예ㆍ체능계열,996.0,0.0,1019,952,67,102.3,95.6,국립공주대학교
2021 하,대학교,국립,충남,기존,국립공주대학교,예ㆍ체능계열,996.0,0.0,1048,977,71,105.2,98.1,국립공주대학교
2021 하,대학교,국립,충남,기존,국립공주대학교,공학계열,3541.0,0.0,4416,3476,940,124.7,98.2,국립공주대학교
2021 하,대학교,국립,충남,기존,국립공주대학교,인문ㆍ사회계열,3024.0,0.0,3295,2887,408,109.0,95.5,국립공주대학교
2021 하,대학교,국립,충남,기존,국립공주대학교,자연과학계열,3416.0,0.0,3632,3263,369,106.3,95.5,국립공주대학교
2021 상,대학교,국립,전북,기존,국립군산대학교,인문ㆍ사회계열,1716.0,0.0,1712,1457,255,99.8,84.9,국립군산대학교
2021 상,대학교,국립,전북,기존,국립군산대학교,자연과학계열,1440.0,0.0,1266,1192,74,87.9,82.8,국립군산대학교
2021 상,대학교,국립,전북,기존,국립군산대학교,공학계열,3360.0,0.0,2864,2673,191,85.2,79.6,국립군산대학교
2021 상,대학교,국립,전북,기존,국립군산대학교,예ㆍ체능계열,424.0,0.0,422,373,49,99.5,88.0,국립군산대학교
2021 하,대학교,국립,전북,기존,국립군산대학교,공학계열,3360.0,0.0,3230,3020,210,96.1,89.9,국립군산대학교
2021 하,대학교,국립,전북,기존,국립군산대학교,인문ㆍ사회계열,1716.0,0.0,1904,1646,258,111.0,95.9,국립군산대학교
2021 하,대학교,국립,전북,기존,국립군산대학교,자연과학계열,1440.0,0.0,1406,1326,80,97.6,92.1,국립군산대학교
2021 하,대학교,국립,전북,기존,국립군산대학교,예ㆍ체능계열,424.0,0.0,459,424,35,108.3,100.0,국립군산대학교
2021 상,대학교,국립,경북,기존,국립금오공과대학교,인문ㆍ사회계열,160.0,0.0,157,134,23,98.1,83.8,국립금오공과대학교
2021 상,대학교,국립,경북,기존,국립금오공과대학교,자연과학계열,196.0,0.0,229,218,11,116.8,111.2,국립금오공과대학교
2021 상,대학교,국립,경북,기존,국립금오공과대학교,공학계열,4493.0,0.0,4588,4108,480,102.1,91.4,국립금오공과대학교
2021 하,대학교,국립,경북,기존,국립금오공과대학교,자연과학계열,196.0,0.0,238,226,12,121.4,115.3,국립금오공과대학교
2021 하,대학교,국립,경북,기존,국립금오공과대학교,인문ㆍ사회계열,160.0,0.0,171,143,28,106.9,89.4,국립금오공과대학교
2021 하,대학교,국립,경북,기존,국립금오공과대학교,공학계열,4493.0,0.0,4906,4383,523,109.2,97.6,국립금오공과대학교
2021 상,대학교,국립,전남,기존,국립목포대학교,인문ㆍ사회계열,2491.0,0.0,2368,2138,230,95.1,85.8,국립목포대학교
2021 상,대학교,국립,전남,기존,국립목포대학교,자연과학계열,1482.0,0.0,1315,1248,67,88.7,84.2,국립목포대학교
2021 상,대학교,국립,전남,기존,국립목포대학교,공학계열,2099.0,0.0,2143,1847,296,102.1,88.0,국립목포대학교
2021 상,대학교,국립,전남,기존,국립목포대학교,예ㆍ체능계열,380.0,0.0,329,321,8,86.6,84.5,국립목포대학교
2021 하,대학교,국립,전남,기존,국립목포대학교,공학계열,2099.0,0.0,2303,1976,327,109.7,94.1,국립목포대학교
2021 하,대학교,국립,전남,기존,국립목포대학교,예ㆍ체능계열,380.0,0.0,374,364,10,98.4,95.8,국립목포대학교
2021 하,대학교,국립,전남,기존,국립목포대학교,자연과학계열,1482.0,0.0,1371,1302,69,92.5,87.9,국립목포대학교
2021 하,대학교,국립,전남,기존,국립목포대학교,인문ㆍ사회계열,2491.0,0.0,2535,2294,241,101.8,92.1,국립목포대학교
2021 상,대학교,국립,전남,기존,국립목포해양대학교,공학계열,2764.0,0.0,2480,2366,114,89.7,85.6,국립목포해양대학교
2021 하,대학교,국립,전남,기존,국립목포해양대학교,공학계열,2764.0,0.0,2565,2448,117,92.8,88.6,국립목포해양대학교
2021 상,대학교,국립,부산,기존,국립부경대학교,인문ㆍ사회계열,3796.0,0.0,4567,3600,967,120.3,94.8,국립부경대학교
2021 상,대학교,국립,부산,기존,국립부경대학교,자연과학계열,2292.0,0.0,2160,1994,166,94.2,87.0,국립부경대학교
2021 상,대학교,국립,부산,기존,국립부경대학교,공학계열,6549.0,0.0,6975,6202,773,106.5,94.7,국립부경대학교
2021 상,대학교,국립,부산,기존,국립부경대학교,예ㆍ체능계열,484.0,0.0,492,424,68,101.7,87.6,국립부경대학교
2021 하,대학교,국립,부산,기존,국립부경대학교,인문ㆍ사회계열,3796.0,0.0,5080,4070,1010,133.8,107.2,국립부경대학교
2021 하,대학교,국립,부산,기존,국립부경대학교,자연과학계열,2292.0,0.0,2393,2222,171,104.4,96.9,국립부경대학교
2021 하,대학교,국립,부산,기존,국립부경대학교,예ㆍ체능계열,484.0,0.0,531,468,63,109.7,96.7,국립부경대학교
2021 하,대학교,국립,부산,기존,국립부경대학교,공학계열,6549.0,0.0,7643,6814,829,116.7,104.0,국립부경대학교
2021 상,대학교,국립,전남,기존,국립순천대학교,인문ㆍ사회계열,1904.0,0.0,1996,1721,275,104.8,90.4,국립순천대학교
2021 상,대학교,국립,전남,기존,국립순천대학교,자연과학계열,2303.0,0.0,2105,1940,165,91.4,84.2,국립순천대학교
2021 상,대학교,국립,전남,기존,국립순천대학교,공학계열,1703.0,0.0,1656,1515,141,97.2,89.0,국립순천대학교
2021 상,대학교,국립,전남,기존,국립순천대학교,예ㆍ체능계열,629.0,0.0,582,547,35,92.5,87.0,국립순천대학교
2021 하,대학교,국립,전남,기존,국립순천대학교,예ㆍ체능계열,629.0,0.0,621,587,34,98.7,93.3,국립순천대학교
2021 하,대학교,국립,전남,기존,국립순천대학교,인문ㆍ사회계열,1904.0,0.0,2139,1863,276,112.3,97.8,국립순천대학교
2021 하,대학교,국립,전남,기존,국립순천대학교,자연과학계열,2303.0,0.0,2161,2004,157,93.8,87.0,국립순천대학교
2021 하,대학교,국립,전남,기존,국립순천대학교,공학계열,1703.0,0.0,1765,1613,152,103.6,94.7,국립순천대학교
2021 상,대학교,국립,경남,기존,국립창원대학교,인문ㆍ사회계열,3036.0,0.0,3186,2822,364,104.9,93.0,국립창원대학교
2021 상,대학교,국립,경남,기존,국립창원대학교,자연과학계열,1116.0,0.0,1024,962,62,91.8,86.2,국립창원대학교
2021 상,대학교,국립,경남,기존,국립창원대학교,공학계열,2245.0,0.0,2334,2119,215,104.0,94.4,국립창원대학교
2021 상,대학교,국립,경남,기존,국립창원대학교,예ㆍ체능계열,640.0,0.0,565,560,5,88.3,87.5,국립창원대학교
2021 하,대학교,국립,경남,기존,국립창원대학교,공학계열,2245.0,0.0,2553,2306,247,113.7,102.7,국립창원대학교
2021 하,대학교,국립,경남,기존,국립창원대학교,예ㆍ체능계열,640.0,0.0,626,619,7,97.8,96.7,국립창원대학교
2021 하,대학교,국립,경남,기존,국립창원대학교,자연과학계열,1116.0,0.0,1134,1064,70,101.6,95.3,국립창원대학교
2021 하,대학교,국립,경남,기존,국립창원대학교,인문ㆍ사회계열,3036.0,0.0,3488,3096,392,114.9,102.0,국립창원대학교
2021 상,대학교,국립,충북,기존,국립한국교통대학교,인문ㆍ사회계열,1955.0,0.0,1826,1662,164,93.4,85.0,국립한국교통대학교
2021 상,대학교,국립,충북,기존,국립한국교통대학교,자연과학계열,734.0,0.0,753,698,55,102.6,95.1,국립한국교통대학교
2021 상,대학교,국립,충북,기존,국립한국교통대학교,공학계열,4586.0,0.0,4521,4117,404,98.6,89.8,국립한국교통대학교
2021 상,대학교,국립,충북,기존,국립한국교통대학교,예ㆍ체능계열,396.0,0.0,362,320,42,91.4,80.8,국립한국교통대학교
2021 하,대학교,국립,충북,기존,국립한국교통대학교,공학계열,4586.0,0.0,4945,4480,465,107.8,97.7,국립한국교통대학교
2021 하,대학교,국립,충북,기존,국립한국교통대학교,예ㆍ체능계열,396.0,0.0,407,360,47,102.8,90.9,국립한국교통대학교
2021 하,대학교,국립,충북,기존,국립한국교통대학교,자연과학계열,734.0,0.0,775,720,55,105.6,98.1,국립한국교통대학교
2021 하,대학교,국립,충북,기존,국립한국교통대학교,인문ㆍ사회계열,1955.0,0.0,2014,1851,163,103.0,94.7,국립한국교통대학교
2021 상,대학교,국립,부산,기존,국립한국해양대학교,인문ㆍ사회계열,1126.0,0.0,1336,1103,233,118.7,98.0,국립한국해양대학교
2021 상,대학교,국립,부산,기존,국립한국해양대학교,자연과학계열,361.0,0.0,425,331,94,117.7,91.7,국립한국해양대학교
2021 상,대학교,국립,부산,기존,국립한국해양대학교,공학계열,4107.0,0.0,3944,3686,258,96.0,89.7,국립한국해양대학교
2021 상,대학교,국립,부산,기존,국립한국해양대학교,예ㆍ체능계열,98.0,0.0,97,92,5,99.0,93.9,국립한국해양대학교
2021 하,대학교,국립,부산,기존,국립한국해양대학교,인문ㆍ사회계열,1126.0,0.0,1480,1238,242,131.4,109.9,국립한국해양대학교
2021 하,대학교,국립,부산,기존,국립한국해양대학교,자연과학계열,361.0,0.0,476,375,101,131.9,103.9,국립한국해양대학교
2021 하,대학교,국립,부산,기존,국립한국해양대학교,예ㆍ체능계열,98.0,0.0,107,98,9,109.2,100.0,국립한국해양대학교
2021 하,대학교,국립,부산,기존,국립한국해양대학교,공학계열,4107.0,0.0,4305,4027,278,104.8,98.1,국립한국해양대학교
2021 상,대학교,사립,서울,기존,국민대학교,인문ㆍ사회계열,4534.0,0.0,6474,4332,2142,142.8,95.5,국민대학교
2021 상,대학교,사립,서울,기존,국민대학교,자연과학계열,1192.0,0.0,1246,1087,159,104.5,91.2,국민대학교
2021 상,대학교,사립,서울,기존,국민대학교,공학계열,3621.0,0.0,3913,3435,478,108.1,94.9,국민대학교
2021 상,대학교,사립,서울,기존,국민대학교,예ㆍ체능계열,2163.0,0.0,2364,2151,213,109.3,99.4,국민대학교
2021 하,대학교,사립,서울,기존,국민대학교,예ㆍ체능계열,2163.0,0.0,2533,2299,234,117.1,106.3,국민대학교
2021 하,대학교,사립,서울,기존,국민대학교,공학계열,3621.0,0.0,4234,3725,509,116.9,102.9,국민대학교
2021 하,대학교,사립,서울,기존,국민대학교,인문ㆍ사회계열,4534.0,0.0,7133,4843,2290,157.3,106.8,국민대학교
2021 하,대학교,사립,서울,기존,국민대학교,자연과학계열,1192.0,0.0,1364,1196,168,114.4,100.3,국민대학교
2021 상,대학교,사립,충북,기존,극동대학교,인문ㆍ사회계열,1039.0,0.0,847,800,47,81.5,77.0,극동대학교
2021 상,대학교,사립,충북,기존,극동대학교,자연과학계열,950.0,0.0,940,832,108,98.9,87.6,극동대학교
2021 상,대학교,사립,충북,기존,극동대학교,공학계열,923.0,0.0,675,624,51,73.1,67.6,극동대학교
2021 상,대학교,사립,충북,기존,극동대학교,예ㆍ체능계열,734.0,0.0,595,587,8,81.1,80.0,극동대학교
2021 하,대학교,사립,충북,기존,극동대학교,자연과학계열,950.0,0.0,952,842,110,100.2,88.6,극동대학교
2021 하,대학교,사립,충북,기존,극동대학교,인문ㆍ사회계열,1039.0,0.0,898,844,54,86.4,81.2,극동대학교
2021 하,대학교,사립,충북,기존,극동대학교,공학계열,923.0,0.0,704,656,48,76.3,71.1,극동대학교
2021 하,대학교,사립,충북,기존,극동대학교,예ㆍ체능계열,734.0,0.0,655,645,10,89.2,87.9,극동대학교
2021 상,대학교,사립,충남,기존,금강대학교,인문ㆍ사회계열,475.0,0.0,232,225,7,48.8,47.4,금강대학교
2021 하,대학교,사립,충남,기존,금강대학교,인문ㆍ사회계열,475.0,0.0,266,260,6,56.0,54.7,금강대학교
2021 상,대학교,사립,경북,기존,김천대학교,인문ㆍ사회계열,657.0,0.0,507,413,94,77.2,62.9,김천대학교
2021 상,대학교,사립,경북,기존,김천대학교,자연과학계열,2105.0,1.0,1800,1614,186,85.6,76.7,김천대학교
2021 상,대학교,사립,경북,기존,김천대학교,공학계열,248.0,0.0,145,124,21,58.5,50.0,김천대학교
2021 상,대학교,사립,경북,기존,김천대학교,예ㆍ체능계열,75.0,0.0,44,40,4,58.7,53.3,김천대학교
2021 하,대학교,사립,경북,기존,김천대학교,예ㆍ체능계열,75.0,0.0,54,50,4,72.0,66.7,김천대학교
2021 하,대학교,사립,경북,기존,김천대학교,인문ㆍ사회계열,657.0,0.0,607,505,102,92.4,76.9,김천대학교
2021 하,대학교,사립,경북,기존,김천대학교,자연과학계열,2105.0,1.0,1967,1751,216,93.5,83.2,김천대학교
2021 하,대학교,사립,경북,기존,김천대학교,공학계열,248.0,0.0,175,149,26,70.6,60.1,김천대학교
2021 상,대학교,사립,충남,기존,나사렛대학교,인문ㆍ사회계열,2925.0,29.0,2834,2468,366,97.9,85.2,나사렛대학교
2021 상,대학교,사립,충남,기존,나사렛대학교,자연과학계열,1030.0,7.0,894,792,102,87.4,77.4,나사렛대학교
2021 상,대학교,사립,충남,기존,나사렛대학교,예ㆍ체능계열,889.0,24.0,796,712,84,92.0,82.3,나사렛대학교
2021 하,대학교,사립,충남,기존,나사렛대학교,예ㆍ체능계열,889.0,24.0,849,765,84,98.2,88.4,나사렛대학교
2021 하,대학교,사립,충남,기존,나사렛대학교,자연과학계열,1030.0,7.0,949,839,110,92.8,82.0,나사렛대학교
2021 하,대학교,사립,충남,기존,나사렛대학교,인문ㆍ사회계열,2925.0,29.0,3023,2635,388,104.4,91.0,나사렛대학교
2021 상,대학교,사립,광주,기존,남부대학교,인문ㆍ사회계열,524.0,0.0,772,479,293,147.3,91.4,남부대학교
2021 상,대학교,사립,광주,기존,남부대학교,자연과학계열,1736.0,0.0,1775,1578,197,102.2,90.9,남부대학교
2021 상,대학교,사립,광주,기존,남부대학교,공학계열,271.0,0.0,309,207,102,114.0,76.4,남부대학교
2021 상,대학교,사립,광주,기존,남부대학교,예ㆍ체능계열,240.0,0.0,213,196,17,88.8,81.7,남부대학교
2021 하,대학교,사립,광주,기존,남부대학교,인문ㆍ사회계열,524.0,0.0,716,508,208,136.6,96.9,남부대학교
2021 하,대학교,사립,광주,기존,남부대학교,자연과학계열,1736.0,0.0,1853,1652,201,106.7,95.2,남부대학교
2021 하,대학교,사립,광주,기존,남부대학교,예ㆍ체능계열,240.0,0.0,255,235,20,106.3,97.9,남부대학교
2021 하,대학교,사립,광주,기존,남부대학교,공학계열,271.0,0.0,323,224,99,119.2,82.7,남부대학교
2021 상,대학교,사립,경기,기존,단국대학교,인문ㆍ사회계열,4092.0,0.0,5158,4163,995,126.1,101.7,단국대학교
2021 상,대학교,사립,경기,기존,단국대학교,자연과학계열,240.0,0.0,229,227,2,95.4,94.6,단국대학교
2021 상,대학교,사립,경기,기존,단국대학교,공학계열,3338.0,0.0,3523,3123,400,105.5,93.6,단국대학교
2021 상,대학교,사립,경기,기존,단국대학교,예ㆍ체능계열,1480.0,0.0,1706,1431,275,115.3,96.7,단국대학교
2021 하,대학교,사립,경기,기존,단국대학교,인문ㆍ사회계열,4092.0,0.0,5633,4587,1046,137.7,112.1,단국대학교
2021 하,대학교,사립,경기,기존,단국대학교,자연과학계열,240.0,0.0,248,246,2,103.3,102.5,단국대학교
2021 하,대학교,사립,경기,기존,단국대학교,예ㆍ체능계열,1480.0,0.0,1751,1548,203,118.3,104.6,단국대학교
2021 하,대학교,사립,경기,기존,단국대학교,공학계열,3338.0,0.0,3838,3416,422,115.0,102.3,단국대학교
2021 상,대학교,사립,경북,기존,대구가톨릭대학교,인문ㆍ사회계열,4535.0,0.0,4336,3955,381,95.6,87.2,대구가톨릭대학교
2021 상,대학교,사립,경북,기존,대구가톨릭대학교,자연과학계열,2804.0,0.0,2727,2518,209,97.3,89.8,대구가톨릭대학교
2021 상,대학교,사립,경북,기존,대구가톨릭대학교,공학계열,2772.0,0.0,2353,2202,151,84.9,79.4,대구가톨릭대학교
2021 상,대학교,사립,경북,기존,대구가톨릭대학교,예ㆍ체능계열,1487.0,0.0,1379,1354,25,92.7,91.1,대구가톨릭대학교
2021 상,대학교,사립,경북,기존,대구가톨릭대학교,의학계열,160.0,0.0,161,146,15,100.6,91.3,대구가톨릭대학교
2021 하,대학교,사립,경북,기존,대구가톨릭대학교,자연과학계열,2804.0,0.0,2855,2649,206,101.8,94.5,대구가톨릭대학교
2021 하,대학교,사립,경북,기존,대구가톨릭대학교,인문ㆍ사회계열,4535.0,0.0,4735,4312,423,104.4,95.1,대구가톨릭대학교
2021 하,대학교,사립,경북,기존,대구가톨릭대학교,의학계열,160.0,0.0,163,148,15,101.9,92.5,대구가톨릭대학교
2021 하,대학교,사립,경북,기존,대구가톨릭대학교,공학계열,2772.0,0.0,2517,2350,167,90.8,84.8,대구가톨릭대학교
2021 하,대학교,사립,경북,기존,대구가톨릭대학교,예ㆍ체능계열,1487.0,0.0,1467,1448,19,98.7,97.4,대구가톨릭대학교
2021 상,교육대학,국립,대구,기존,대구교육대학교,인문ㆍ사회계열,1532.0,0.0,657,614,43,42.9,40.1,대구교육대학교
2021 하,교육대학,국립,대구,기존,대구교육대학교,인문ㆍ사회계열,1532.0,0.0,668,621,47,43.6,40.5,대구교육대학교
2021 상,대학교,사립,경북,기존,대구대학교,인문ㆍ사회계열,7845.0,0.0,7813,6508,1305,99.6,83.0,대구대학교
2021 상,대학교,사립,경북,기존,대구대학교,자연과학계열,3407.0,0.0,3122,2919,203,91.6,85.7,대구대학교
2021 상,대학교,사립,경북,기존,대구대학교,공학계열,3516.0,0.0,3130,2722,408,89.0,77.4,대구대학교
2021 상,대학교,사립,경북,기존,대구대학교,예ㆍ체능계열,1468.0,0.0,1421,1275,146,96.8,86.9,대구대학교
2021 하,대학교,사립,경북,기존,대구대학교,인문ㆍ사회계열,7845.0,0.0,8214,6940,1274,104.7,88.5,대구대학교
2021 하,대학교,사립,경북,기존,대구대학교,자연과학계열,3407.0,0.0,3269,3049,220,95.9,89.5,대구대학교
2021 하,대학교,사립,경북,기존,대구대학교,예ㆍ체능계열,1468.0,0.0,1480,1348,132,100.8,91.8,대구대학교
2021 하,대학교,사립,경북,기존,대구대학교,공학계열,3516.0,0.0,3307,2882,425,94.1,82.0,대구대학교
2021 상,대학교,사립,경북,기존,대구예술대학교,예ㆍ체능계열,1677.0,0.0,725,714,11,43.2,42.6,대구예술대학교
2021 하,대학교,사립,경북,기존,대구예술대학교,예ㆍ체능계열,1677.0,0.0,782,767,15,46.6,45.7,대구예술대학교
2021 상,대학교,사립,경북,기존,대구한의대학교,인문ㆍ사회계열,1420.0,0.0,1489,1226,263,104.9,86.3,대구한의대학교
2021 상,대학교,사립,경북,기존,대구한의대학교,자연과학계열,2821.0,0.0,2509,2292,217,88.9,81.2,대구한의대학교
2021 상,대학교,사립,경북,기존,대구한의대학교,공학계열,1160.0,0.0,885,842,43,76.3,72.6,대구한의대학교
2021 상,대학교,사립,경북,기존,대구한의대학교,예ㆍ체능계열,455.0,0.0,494,445,49,108.6,97.8,대구한의대학교
2021 상,대학교,사립,경북,기존,대구한의대학교,의학계열,432.0,0.0,450,409,41,104.2,94.7,대구한의대학교
2021 하,대학교,사립,경북,기존,대구한의대학교,의학계열,432.0,0.0,458,415,43,106.0,96.1,대구한의대학교
2021 하,대학교,사립,경북,기존,대구한의대학교,공학계열,1160.0,0.0,1036,999,37,89.3,86.1,대구한의대학교
2021 하,대학교,사립,경북,기존,대구한의대학교,예ㆍ체능계열,455.0,0.0,531,478,53,116.7,105.1,대구한의대학교
2021 하,대학교,사립,경북,기존,대구한의대학교,자연과학계열,2821.0,0.0,2878,2639,239,102.0,93.5,대구한의대학교
2021 하,대학교,사립,경북,기존,대구한의대학교,인문ㆍ사회계열,1420.0,0.0,1639,1360,279,115.4,95.8,대구한의대학교
2021 상,대학교,사립,경북,기존,대신대학교,인문ㆍ사회계열,304.0,0.0,295,293,2,97.0,96.4,대신대학교
2021 상,대학교,사립,경북,기존,대신대학교,예ㆍ체능계열,160.0,0.0,122,118,4,76.3,73.8,대신대학교
2021 하,대학교,사립,경북,기존,대신대학교,예ㆍ체능계열,160.0,0.0,133,130,3,83.1,81.3,대신대학교
2021 하,대학교,사립,경북,기존,대신대학교,인문ㆍ사회계열,304.0,0.0,298,295,3,98.0,97.0,대신대학교
2021 상,대학교,사립,세종,기존,대전가톨릭대학교,인문ㆍ사회계열,160.0,0.0,32,31,1,20.0,19.4,대전가톨릭대학교
2021 하,대학교,사립,세종,기존,대전가톨릭대학교,인문ㆍ사회계열,160.0,0.0,33,32,1,20.6,20.0,대전가톨릭대학교
2021 상,대학교,사립,대전,기존,대전대학교,인문ㆍ사회계열,3792.0,0.0,3726,3371,355,98.3,88.9,대전대학교
2021 상,대학교,사립,대전,기존,대전대학교,자연과학계열,1539.0,0.0,1614,1436,178,104.9,93.3,대전대학교
2021 상,대학교,사립,대전,기존,대전대학교,공학계열,2188.0,0.0,1889,1737,152,86.3,79.4,대전대학교
2021 상,대학교,사립,대전,기존,대전대학교,예ㆍ체능계열,640.0,0.0,592,583,9,92.5,91.1,대전대학교
2021 상,대학교,사립,대전,기존,대전대학교,의학계열,288.0,0.0,319,287,32,110.8,99.7,대전대학교
2021 하,대학교,사립,대전,기존,대전대학교,인문ㆍ사회계열,3792.0,0.0,3964,3637,327,104.5,95.9,대전대학교
2021 하,대학교,사립,대전,기존,대전대학교,자연과학계열,1539.0,0.0,1662,1487,175,108.0,96.6,대전대학교
2021 하,대학교,사립,대전,기존,대전대학교,공학계열,2188.0,0.0,2060,1898,162,94.1,86.7,대전대학교
2021 하,대학교,사립,대전,기존,대전대학교,예ㆍ체능계열,640.0,0.0,615,607,8,96.1,94.8,대전대학교
2021 하,대학교,사립,대전,기존,대전대학교,의학계열,288.0,0.0,318,286,32,110.4,99.3,대전대학교
2021 상,대학교,사립,대전,기존,대전신학대학교,인문ㆍ사회계열,184.0,0.0,69,69,0,37.5,37.5,대전신학대학교
2021 하,대학교,사립,대전,기존,대전신학대학교,인문ㆍ사회계열,184.0,0.0,75,74,1,40.8,40.2,대전신학대학교
2021 상,대학교,사립,경기,기존,대진대학교,인문ㆍ사회계열,3174.0,0.0,3164,2796,368,99.7,88.1,대진대학교
2021 상,대학교,사립,경기,기존,대진대학교,자연과학계열,963.0,0.0,901,811,90,93.6,84.2,대진대학교
2021 상,대학교,사립,경기,기존,대진대학교,공학계열,2217.0,0.0,1944,1847,97,87.7,83.3,대진대학교
2021 상,대학교,사립,경기,기존,대진대학교,예ㆍ체능계열,818.0,0.0,802,720,82,98.0,88.0,대진대학교
2021 하,대학교,사립,경기,기존,대진대학교,공학계열,2217.0,0.0,2098,1992,106,94.6,89.9,대진대학교
2021 하,대학교,사립,경기,기존,대진대학교,예ㆍ체능계열,818.0,0.0,859,770,89,105.0,94.1,대진대학교
2021 하,대학교,사립,경기,기존,대진대학교,자연과학계열,963.0,0.0,933,840,93,96.9,87.2,대진대학교
2021 하,대학교,사립,경기,기존,대진대학교,인문ㆍ사회계열,3174.0,0.0,3434,3070,364,108.2,96.7,대진대학교
2021 상,대학교,사립,서울,기존,덕성여자대학교,인문ㆍ사회계열,2634.0,0.0,2870,2615,255,109.0,99.3,덕성여자대학교
2021 상,대학교,사립,서울,기존,덕성여자대학교,자연과학계열,708.0,0.0,881,806,75,124.4,113.8,덕성여자대학교
2021 상,대학교,사립,서울,기존,덕성여자대학교,공학계열,906.0,0.0,818,784,34,90.3,86.5,덕성여자대학교
2021 상,대학교,사립,서울,기존,덕성여자대학교,예ㆍ체능계열,523.0,0.0,671,617,54,128.3,118.0,덕성여자대학교
2021 하,대학교,사립,서울,기존,덕성여자대학교,공학계열,906.0,0.0,836,799,37,92.3,88.2,덕성여자대학교
2021 하,대학교,사립,서울,기존,덕성여자대학교,예ㆍ체능계열,523.0,0.0,702,649,53,134.2,124.1,덕성여자대학교
2021 하,대학교,사립,서울,기존,덕성여자대학교,자연과학계열,708.0,0.0,939,857,82,132.6,121.0,덕성여자대학교
2021 하,대학교,사립,서울,기존,덕성여자대학교,인문ㆍ사회계열,2634.0,0.0,3131,2871,260,118.9,109.0,덕성여자대학교
2021 상,대학교,사립,서울,기존,동국대학교,인문ㆍ사회계열,5332.0,0.0,6629,4869,1760,124.3,91.3,동국대학교
2021 상,대학교,사립,서울,기존,동국대학교,자연과학계열,1474.0,0.0,1416,1293,123,96.1,87.7,동국대학교
2021 상,대학교,사립,서울,기존,동국대학교,공학계열,3214.0,0.0,3304,2988,316,102.8,93.0,동국대학교
2021 상,대학교,사립,서울,기존,동국대학교,예ㆍ체능계열,840.0,0.0,977,778,199,116.3,92.6,동국대학교
2021 하,대학교,사립,서울,기존,동국대학교,예ㆍ체능계열,840.0,0.0,1062,854,208,126.4,101.7,동국대학교
2021 하,대학교,사립,서울,기존,동국대학교,자연과학계열,1474.0,0.0,1578,1448,130,107.1,98.2,동국대학교
2021 하,대학교,사립,서울,기존,동국대학교,공학계열,3214.0,0.0,3695,3336,359,115.0,103.8,동국대학교
2021 하,대학교,사립,서울,기존,동국대학교,인문ㆍ사회계열,5332.0,0.0,7533,5588,1945,141.3,104.8,동국대학교
2021 상,대학교,사립,경북,기존,동국대학교(WISE) _분교,인문ㆍ사회계열,3669.0,0.0,3524,3154,370,96.0,86.0,동국대학교(WISE) _분교
2021 상,대학교,사립,경북,기존,동국대학교(WISE) _분교,자연과학계열,1544.0,0.0,1468,1328,140,95.1,86.0,동국대학교(WISE) _분교
2021 상,대학교,사립,경북,기존,동국대학교(WISE) _분교,공학계열,1073.0,0.0,953,852,101,88.8,79.4,동국대학교(WISE) _분교
2021 상,대학교,사립,경북,기존,동국대학교(WISE) _분교,예ㆍ체능계열,488.0,0.0,466,452,14,95.5,92.6,동국대학교(WISE) _분교
2021 상,대학교,사립,경북,기존,동국대학교(WISE) _분교,의학계열,386.0,0.0,395,355,40,102.3,92.0,동국대학교(WISE) _분교
2021 하,대학교,사립,경북,기존,동국대학교(WISE) _분교,인문ㆍ사회계열,3669.0,0.0,3912,3479,433,106.6,94.8,동국대학교(WISE) _분교
2021 하,대학교,사립,경북,기존,동국대학교(WISE) _분교,자연과학계열,1544.0,0.0,1600,1456,144,103.6,94.3,동국대학교(WISE) _분교
2021 하,대학교,사립,경북,기존,동국대학교(WISE) _분교,예ㆍ체능계열,488.0,0.0,505,491,14,103.5,100.6,동국대학교(WISE) _분교
2021 하,대학교,사립,경북,기존,동국대학교(WISE) _분교,의학계열,386.0,0.0,397,357,40,102.8,92.5,동국대학교(WISE) _분교
2021 하,대학교,사립,경북,기존,동국대학교(WISE) _분교,공학계열,1073.0,0.0,1020,916,104,95.1,85.4,동국대학교(WISE) _분교
2021 상,대학교,사립,서울,기존,동덕여자대학교,인문ㆍ사회계열,2645.0,0.0,2879,2377,502,108.8,89.9,동덕여자대학교
2021 상,대학교,사립,서울,기존,동덕여자대학교,자연과학계열,1212.0,0.0,1324,1173,151,109.2,96.8,동덕여자대학교
2021 상,대학교,사립,서울,기존,동덕여자대학교,예ㆍ체능계열,2331.0,0.0,2365,2299,66,101.5,98.6,동덕여자대학교
2021 하,대학교,사립,서울,기존,동덕여자대학교,인문ㆍ사회계열,2645.0,0.0,3155,2629,526,119.3,99.4,동덕여자대학교
2021 하,대학교,사립,서울,기존,동덕여자대학교,자연과학계열,1212.0,0.0,1451,1283,168,119.7,105.9,동덕여자대학교
2021 하,대학교,사립,서울,기존,동덕여자대학교,예ㆍ체능계열,2331.0,0.0,2524,2458,66,108.3,105.4,동덕여자대학교
2021 상,대학교,사립,부산,기존,동명대학교,인문ㆍ사회계열,2582.0,0.0,2868,2283,585,111.1,88.4,동명대학교
2021 상,대학교,사립,부산,기존,동명대학교,자연과학계열,577.0,0.0,630,532,98,109.2,92.2,동명대학교
2021 상,대학교,사립,부산,기존,동명대학교,공학계열,3485.0,0.0,2970,2729,241,85.2,78.3,동명대학교
2021 상,대학교,사립,부산,기존,동명대학교,예ㆍ체능계열,628.0,0.0,689,642,47,109.7,102.2,동명대학교
2021 하,대학교,사립,부산,기존,동명대학교,공학계열,3485.0,0.0,3308,3057,251,94.9,87.7,동명대학교
2021 하,대학교,사립,부산,기존,동명대학교,예ㆍ체능계열,628.0,0.0,688,649,39,109.6,103.3,동명대학교
2021 하,대학교,사립,부산,기존,동명대학교,자연과학계열,577.0,0.0,672,566,106,116.5,98.1,동명대학교
2021 하,대학교,사립,부산,기존,동명대학교,인문ㆍ사회계열,2582.0,0.0,2969,2455,514,115.0,95.1,동명대학교
2021 상,대학교,사립,부산,기존,동서대학교,인문ㆍ사회계열,3810.0,0.0,3600,3203,397,94.5,84.1,동서대학교
2021 상,대학교,사립,부산,기존,동서대학교,자연과학계열,1040.0,0.0,1170,1008,162,112.5,96.9,동서대학교
2021 상,대학교,사립,부산,기존,동서대학교,공학계열,2866.0,0.0,2418,2241,177,84.4,78.2,동서대학교
2021 상,대학교,사립,부산,기존,동서대학교,예ㆍ체능계열,1880.0,0.0,1819,1692,127,96.8,90.0,동서대학교
2021 하,대학교,사립,부산,기존,동서대학교,인문ㆍ사회계열,3810.0,0.0,3927,3508,419,103.1,92.1,동서대학교
2021 하,대학교,사립,부산,기존,동서대학교,자연과학계열,1040.0,0.0,1222,1055,167,117.5,101.4,동서대학교
2021 하,대학교,사립,부산,기존,동서대학교,예ㆍ체능계열,1880.0,0.0,1954,1817,137,103.9,96.6,동서대학교
2021 하,대학교,사립,부산,기존,동서대학교,공학계열,2866.0,0.0,2624,2438,186,91.6,85.1,동서대학교
2021 상,대학교,사립,전남,기존,동신대학교,인문ㆍ사회계열,1850.0,0.0,1738,1455,283,93.9,78.6,동신대학교
2021 상,대학교,사립,전남,기존,동신대학교,자연과학계열,2070.0,0.0,1910,1723,187,92.3,83.2,동신대학교
2021 상,대학교,사립,전남,기존,동신대학교,공학계열,1760.0,0.0,1305,1255,50,74.1,71.3,동신대학교
2021 상,대학교,사립,전남,기존,동신대학교,예ㆍ체능계열,432.0,0.0,415,377,38,96.1,87.3,동신대학교
2021 상,대학교,사립,전남,기존,동신대학교,의학계열,160.0,0.0,182,148,34,113.8,92.5,동신대학교
2021 하,대학교,사립,전남,기존,동신대학교,공학계열,1760.0,0.0,1500,1449,51,85.2,82.3,동신대학교
2021 하,대학교,사립,전남,기존,동신대학교,자연과학계열,2070.0,0.0,2057,1864,193,99.4,90.0,동신대학교
2021 하,대학교,사립,전남,기존,동신대학교,인문ㆍ사회계열,1850.0,0.0,1933,1663,270,104.5,89.9,동신대학교
2021 하,대학교,사립,전남,기존,동신대학교,예ㆍ체능계열,432.0,0.0,464,434,30,107.4,100.5,동신대학교
2021 하,대학교,사립,전남,기존,동신대학교,의학계열,160.0,0.0,184,150,34,115.0,93.8,동신대학교
2021 상,대학교,사립,부산,기존,동아대학교,인문ㆍ사회계열,6635.0,0.0,7342,6473,869,110.7,97.6,동아대학교
2021 상,대학교,사립,부산,기존,동아대학교,자연과학계열,2923.0,0.0,2704,2533,171,92.5,86.7,동아대학교
2021 상,대학교,사립,부산,기존,동아대학교,공학계열,4865.0,0.0,5023,4517,506,103.2,92.8,동아대학교
2021 상,대학교,사립,부산,기존,동아대학교,예ㆍ체능계열,1761.0,0.0,1749,1688,61,99.3,95.9,동아대학교
2021 상,대학교,사립,부산,기존,동아대학교,의학계열,196.0,0.0,185,185,0,94.4,94.4,동아대학교
2021 하,대학교,사립,부산,기존,동아대학교,인문ㆍ사회계열,6635.0,0.0,8020,7122,898,120.9,107.3,동아대학교
2021 하,대학교,사립,부산,기존,동아대학교,의학계열,196.0,0.0,185,184,1,94.4,93.9,동아대학교
2021 하,대학교,사립,부산,기존,동아대학교,공학계열,4865.0,0.0,5374,4841,533,110.5,99.5,동아대학교
2021 하,대학교,사립,부산,기존,동아대학교,예ㆍ체능계열,1761.0,0.0,1826,1762,64,103.7,100.1,동아대학교
2021 하,대학교,사립,부산,기존,동아대학교,자연과학계열,2923.0,0.0,2876,2707,169,98.4,92.6,동아대학교
2021 상,대학교,사립,경북,기존,동양대학교,인문ㆍ사회계열,1323.0,0.0,1068,1001,67,80.7,75.7,동양대학교
2021 상,대학교,사립,경북,기존,동양대학교,자연과학계열,240.0,0.0,291,235,56,121.3,97.9,동양대학교
2021 상,대학교,사립,경북,기존,동양대학교,공학계열,1688.0,0.0,1304,1266,38,77.3,75.0,동양대학교
2021 상,대학교,사립,경북,기존,동양대학교,예ㆍ체능계열,793.0,0.0,662,605,57,83.5,76.3,동양대학교
2021 하,대학교,사립,경북,기존,동양대학교,예ㆍ체능계열,793.0,0.0,775,709,66,97.7,89.4,동양대학교
2021 하,대학교,사립,경북,기존,동양대학교,공학계열,1688.0,0.0,1494,1445,49,88.5,85.6,동양대학교
2021 하,대학교,사립,경북,기존,동양대학교,자연과학계열,240.0,0.0,288,233,55,120.0,97.1,동양대학교
2021 하,대학교,사립,경북,기존,동양대학교,인문ㆍ사회계열,1323.0,0.0,1220,1132,88,92.2,85.6,동양대학교
2021 상,대학교,사립,부산,기존,동의대학교,인문ㆍ사회계열,4925.0,0.0,5406,4700,706,109.8,95.4,동의대학교
2021 상,대학교,사립,부산,기존,동의대학교,자연과학계열,1790.0,0.0,1826,1732,94,102.0,96.8,동의대학교
2021 상,대학교,사립,부산,기존,동의대학교,공학계열,6350.0,0.0,5464,5130,334,86.0,80.8,동의대학교
2021 상,대학교,사립,부산,기존,동의대학교,예ㆍ체능계열,1255.0,0.0,1160,1113,47,92.4,88.7,동의대학교
2021 상,대학교,사립,부산,기존,동의대학교,의학계열,200.0,0.0,180,180,0,90.0,90.0,동의대학교
2021 하,대학교,사립,부산,기존,동의대학교,인문ㆍ사회계열,4925.0,0.0,5807,5047,760,117.9,102.5,동의대학교
2021 하,대학교,사립,부산,기존,동의대학교,자연과학계열,1790.0,0.0,1892,1792,100,105.7,100.1,동의대학교
2021 하,대학교,사립,부산,기존,동의대학교,예ㆍ체능계열,1255.0,0.0,1233,1187,46,98.2,94.6,동의대학교
2021 하,대학교,사립,부산,기존,동의대학교,공학계열,6350.0,0.0,5800,5467,333,91.3,86.1,동의대학교
2021 하,대학교,사립,부산,기존,동의대학교,의학계열,200.0,0.0,181,181,0,90.5,90.5,동의대학교
2021 상,대학교,사립,경기,기존,루터대학교,인문ㆍ사회계열,340.0,0.0,310,304,6,91.2,89.4,루터대학교
2021 하,대학교,사립,경기,기존,루터대학교,인문ㆍ사회계열,340.0,0.0,351,343,8,103.2,100.9,루터대학교
2021 상,대학교,사립,경기,기존,명지대학교,자연과학계열,720.0,0.0,663,603,60,92.1,83.8,명지대학교
2021 상,대학교,사립,경기,기존,명지대학교,공학계열,3669.0,0.0,3603,3263,340,98.2,88.9,명지대학교
2021 상,대학교,사립,경기,기존,명지대학교,예ㆍ체능계열,1293.0,0.0,1273,1151,122,98.5,89.0,명지대학교
2021 하,대학교,사립,경기,기존,명지대학교,공학계열,3669.0,0.0,3921,3571,350,106.9,97.3,명지대학교
2021 하,대학교,사립,경기,기존,명지대학교,예ㆍ체능계열,1293.0,0.0,1378,1254,124,106.6,97.0,명지대학교
2021 하,대학교,사립,경기,기존,명지대학교,자연과학계열,720.0,0.0,727,657,70,101.0,91.3,명지대학교
2021 상,대학교,사립,서울,기존,명지대학교 _제2캠퍼스,인문ㆍ사회계열,4652.0,0.0,6811,4304,2507,146.4,92.5,명지대학교 _제2캠퍼스
2021 상,대학교,사립,서울,기존,명지대학교 _제2캠퍼스,공학계열,400.0,0.0,417,397,20,104.3,99.3,명지대학교 _제2캠퍼스
2021 하,대학교,사립,서울,기존,명지대학교 _제2캠퍼스,인문ㆍ사회계열,4652.0,0.0,7387,4867,2520,158.8,104.6,명지대학교 _제2캠퍼스
2021 하,대학교,사립,서울,기존,명지대학교 _제2캠퍼스,공학계열,400.0,0.0,434,410,24,108.5,102.5,명지대학교 _제2캠퍼스
2021 상,대학교,사립,대전,기존,목원대학교,인문ㆍ사회계열,3179.0,0.0,2778,2533,245,87.4,79.7,목원대학교
2021 상,대학교,사립,대전,기존,목원대학교,자연과학계열,928.0,0.0,803,762,41,86.5,82.1,목원대학교
2021 상,대학교,사립,대전,기존,목원대학교,공학계열,1221.0,0.0,1019,945,74,83.5,77.4,목원대학교
2021 상,대학교,사립,대전,기존,목원대학교,예ㆍ체능계열,2125.0,0.0,2018,1949,69,95.0,91.7,목원대학교
2021 하,대학교,사립,대전,기존,목원대학교,자연과학계열,928.0,0.0,873,823,50,94.1,88.7,목원대학교
2021 하,대학교,사립,대전,기존,목원대학교,예ㆍ체능계열,2125.0,0.0,2176,2101,75,102.4,98.9,목원대학교
2021 하,대학교,사립,대전,기존,목원대학교,인문ㆍ사회계열,3179.0,0.0,3097,2863,234,97.4,90.1,목원대학교
2021 하,대학교,사립,대전,기존,목원대학교,공학계열,1221.0,0.0,1121,1044,77,91.8,85.5,목원대학교
2021 상,대학교,사립,전남,기존,목포가톨릭대학교,인문ㆍ사회계열,126.0,0.0,119,119,0,94.4,94.4,목포가톨릭대학교
2021 상,대학교,사립,전남,기존,목포가톨릭대학교,자연과학계열,354.0,0.0,368,345,23,104.0,97.5,목포가톨릭대학교
2021 하,대학교,사립,전남,기존,목포가톨릭대학교,인문ㆍ사회계열,126.0,0.0,120,120,0,95.2,95.2,목포가톨릭대학교
2021 하,대학교,사립,전남,기존,목포가톨릭대학교,자연과학계열,354.0,0.0,379,356,23,107.1,100.6,목포가톨릭대학교
2021 상,대학교,사립,대전,기존,배재대학교,인문ㆍ사회계열,3663.0,0.0,3257,3008,249,88.9,82.1,배재대학교
2021 상,대학교,사립,대전,기존,배재대학교,자연과학계열,1565.0,0.0,1346,1267,79,86.0,81.0,배재대학교
2021 상,대학교,사립,대전,기존,배재대학교,공학계열,2183.0,0.0,1737,1625,112,79.6,74.4,배재대학교
2021 상,대학교,사립,대전,기존,배재대학교,예ㆍ체능계열,809.0,0.0,703,679,24,86.9,83.9,배재대학교
2021 하,대학교,사립,대전,기존,배재대학교,공학계열,2183.0,0.0,2069,1941,128,94.8,88.9,배재대학교
2021 하,대학교,사립,대전,기존,배재대학교,인문ㆍ사회계열,3663.0,0.0,3702,3472,230,101.1,94.8,배재대학교
2021 하,대학교,사립,대전,기존,배재대학교,자연과학계열,1565.0,0.0,1507,1414,93,96.3,90.4,배재대학교
2021 하,대학교,사립,대전,기존,배재대학교,예ㆍ체능계열,809.0,0.0,808,783,25,99.9,96.8,배재대학교
2021 상,대학교,사립,충남,기존,백석대학교,인문ㆍ사회계열,5485.0,0.0,5552,5014,538,101.2,91.4,백석대학교
2021 상,대학교,사립,충남,기존,백석대학교,자연과학계열,3275.0,0.0,3162,2796,366,96.5,85.4,백석대학교
2021 상,대학교,사립,충남,기존,백석대학교,예ㆍ체능계열,2700.0,0.0,2447,2297,150,90.6,85.1,백석대학교
2021 하,대학교,사립,충남,기존,백석대학교,자연과학계열,3275.0,0.0,3357,2979,378,102.5,91.0,백석대학교
2021 하,대학교,사립,충남,기존,백석대학교,예ㆍ체능계열,2700.0,0.0,2568,2430,138,95.1,90.0,백석대학교
2021 하,대학교,사립,충남,기존,백석대학교,인문ㆍ사회계열,5485.0,0.0,5957,5420,537,108.6,98.8,백석대학교
2021 상,대학교,사립,부산,기존,부산가톨릭대학교,인문ㆍ사회계열,841.0,0.0,760,636,124,90.4,75.6,부산가톨릭대학교
2021 상,대학교,사립,부산,기존,부산가톨릭대학교,자연과학계열,2427.0,0.0,2525,2234,291,104.0,92.0,부산가톨릭대학교
2021 상,대학교,사립,부산,기존,부산가톨릭대학교,공학계열,396.0,0.0,264,254,10,66.7,64.1,부산가톨릭대학교
2021 하,대학교,사립,부산,기존,부산가톨릭대학교,인문ㆍ사회계열,841.0,0.0,870,777,93,103.4,92.4,부산가톨릭대학교
2021 하,대학교,사립,부산,기존,부산가톨릭대학교,자연과학계열,2427.0,0.0,2667,2372,295,109.9,97.7,부산가톨릭대학교
2021 하,대학교,사립,부산,기존,부산가톨릭대학교,공학계열,396.0,0.0,309,303,6,78.0,76.5,부산가톨릭대학교
2021 상,교육대학,국립,부산,기존,부산교육대학교,인문ㆍ사회계열,1424.0,0.0,681,619,62,47.8,43.5,부산교육대학교
2021 하,교육대학,국립,부산,기존,부산교육대학교,인문ㆍ사회계열,1424.0,0.0,683,620,63,48.0,43.5,부산교육대학교
2021 상,대학교,국립,부산,기존,부산대학교,인문ㆍ사회계열,5328.0,0.0,5756,5085,671,108.0,95.4,부산대학교
2021 상,대학교,국립,부산,기존,부산대학교,자연과학계열,4218.0,0.0,4019,3684,335,95.3,87.3,부산대학교
2021 상,대학교,국립,부산,기존,부산대학교,공학계열,6023.0,0.0,6243,5600,643,103.7,93.0,부산대학교
2021 상,대학교,국립,부산,기존,부산대학교,예ㆍ체능계열,1260.0,0.0,1427,1288,139,113.3,102.2,부산대학교
2021 상,대학교,국립,부산,기존,부산대학교,의학계열,500.0,0.0,493,493,0,98.6,98.6,부산대학교
2021 하,대학교,국립,부산,기존,부산대학교,의학계열,500.0,0.0,493,493,0,98.6,98.6,부산대학교
2021 하,대학교,국립,부산,기존,부산대학교,인문ㆍ사회계열,5328.0,0.0,6505,5791,714,122.1,108.7,부산대학교
2021 하,대학교,국립,부산,기존,부산대학교,공학계열,5984.0,0.0,6916,6221,695,115.6,104.0,부산대학교
2021 하,대학교,국립,부산,기존,부산대학교,예ㆍ체능계열,1260.0,0.0,1504,1363,141,119.4,108.2,부산대학교
2021 하,대학교,국립,부산,기존,부산대학교,자연과학계열,4218.0,0.0,4462,4088,374,105.8,96.9,부산대학교
2021 상,대학교,사립,부산,기존,부산외국어대학교,인문ㆍ사회계열,6179.0,0.0,5916,5214,702,95.7,84.4,부산외국어대학교
2021 상,대학교,사립,부산,기존,부산외국어대학교,공학계열,860.0,0.0,617,590,27,71.7,68.6,부산외국어대학교
2021 상,대학교,사립,부산,기존,부산외국어대학교,예ㆍ체능계열,250.0,0.0,235,205,30,94.0,82.0,부산외국어대학교
2021 하,대학교,사립,부산,기존,부산외국어대학교,예ㆍ체능계열,250.0,0.0,269,233,36,107.6,93.2,부산외국어대학교
2021 하,대학교,사립,부산,기존,부산외국어대학교,인문ㆍ사회계열,6179.0,0.0,6509,5755,754,105.3,93.1,부산외국어대학교
2021 하,대학교,사립,부산,기존,부산외국어대학교,공학계열,860.0,0.0,689,664,25,80.1,77.2,부산외국어대학교
2021 상,대학교,사립,경남,기존,부산장신대학교,인문ㆍ사회계열,215.0,0.0,170,165,5,79.1,76.7,부산장신대학교
2021 하,대학교,사립,경남,기존,부산장신대학교,인문ㆍ사회계열,215.0,0.0,193,188,5,89.8,87.4,부산장신대학교
2021 상,대학교,사립,서울,기존,삼육대학교,인문ㆍ사회계열,1623.0,0.0,1866,1606,260,115.0,99.0,삼육대학교
2021 상,대학교,사립,서울,기존,삼육대학교,자연과학계열,1656.0,0.0,1753,1531,222,105.9,92.5,삼육대학교
2021 상,대학교,사립,서울,기존,삼육대학교,공학계열,706.0,0.0,729,651,78,103.3,92.2,삼육대학교
2021 상,대학교,사립,서울,기존,삼육대학교,예ㆍ체능계열,659.0,0.0,671,624,47,101.8,94.7,삼육대학교
2021 하,대학교,사립,서울,기존,삼육대학교,공학계열,706.0,0.0,805,717,88,114.0,101.6,삼육대학교
2021 하,대학교,사립,서울,기존,삼육대학교,예ㆍ체능계열,659.0,0.0,728,677,51,110.5,102.7,삼육대학교
2021 하,대학교,사립,서울,기존,삼육대학교,자연과학계열,1656.0,0.0,1856,1630,226,112.1,98.4,삼육대학교
2021 하,대학교,사립,서울,기존,삼육대학교,인문ㆍ사회계열,1623.0,0.0,2075,1808,267,127.8,111.4,삼육대학교
2021 상,대학교,사립,서울,기존,상명대학교,인문ㆍ사회계열,2554.0,0.0,3229,2241,988,126.4,87.7,상명대학교
2021 상,대학교,사립,서울,기존,상명대학교,자연과학계열,878.0,0.0,937,777,160,106.7,88.5,상명대학교
2021 상,대학교,사립,서울,기존,상명대학교,공학계열,1085.0,0.0,913,812,101,84.1,74.8,상명대학교
2021 상,대학교,사립,서울,기존,상명대학교,예ㆍ체능계열,768.0,0.0,782,736,46,101.8,95.8,상명대학교
2021 하,대학교,사립,서울,기존,상명대학교,공학계열,1085.0,0.0,1024,911,113,94.4,84.0,상명대학교
2021 하,대학교,사립,서울,기존,상명대학교,예ㆍ체능계열,768.0,0.0,839,785,54,109.2,102.2,상명대학교
2021 하,대학교,사립,서울,기존,상명대학교,자연과학계열,878.0,0.0,1064,879,185,121.2,100.1,상명대학교
2021 하,대학교,사립,서울,기존,상명대학교,인문ㆍ사회계열,2554.0,0.0,3609,2564,1045,141.3,100.4,상명대학교
2021 상,대학교,사립,강원,기존,상지대학교,인문ㆍ사회계열,3387.0,0.0,2473,2273,200,73.0,67.1,상지대학교
2021 상,대학교,사립,강원,기존,상지대학교,자연과학계열,2156.0,0.0,1744,1628,116,80.9,75.5,상지대학교
2021 상,대학교,사립,강원,기존,상지대학교,공학계열,1177.0,0.0,764,700,64,64.9,59.5,상지대학교
2021 상,대학교,사립,강원,기존,상지대학교,예ㆍ체능계열,1084.0,0.0,894,848,46,82.5,78.2,상지대학교
2021 상,대학교,사립,강원,기존,상지대학교,의학계열,240.0,0.0,206,206,0,85.8,85.8,상지대학교
2021 하,대학교,사립,강원,기존,상지대학교,인문ㆍ사회계열,3387.0,0.0,2728,2517,211,80.5,74.3,상지대학교
2021 하,대학교,사립,강원,기존,상지대학교,의학계열,240.0,0.0,212,212,0,88.3,88.3,상지대학교
2021 하,대학교,사립,강원,기존,상지대학교,공학계열,1177.0,0.0,841,779,62,71.5,66.2,상지대학교
2021 하,대학교,사립,강원,기존,상지대학교,예ㆍ체능계열,1084.0,0.0,978,929,49,90.2,85.7,상지대학교
2021 하,대학교,사립,강원,기존,상지대학교,자연과학계열,2156.0,0.0,1862,1751,111,86.4,81.2,상지대학교
2021 상,대학교,사립,서울,기존,서강대학교,인문ㆍ사회계열,3878.0,0.0,4734,3311,1423,122.1,85.4,서강대학교
2021 상,대학교,사립,서울,기존,서강대학교,자연과학계열,840.0,0.0,774,707,67,92.1,84.2,서강대학교
2021 상,대학교,사립,서울,기존,서강대학교,공학계열,1578.0,0.0,1605,1394,211,101.7,88.3,서강대학교
2021 하,대학교,사립,서울,기존,서강대학교,공학계열,1578.0,0.0,1815,1580,235,115.0,100.1,서강대학교
2021 하,대학교,사립,서울,기존,서강대학교,자연과학계열,840.0,0.0,889,814,75,105.8,96.9,서강대학교
2021 하,대학교,사립,서울,기존,서강대학교,인문ㆍ사회계열,3878.0,0.0,5468,3900,1568,141.0,100.6,서강대학교
2021 상,대학교,사립,서울,기존,서경대학교,인문ㆍ사회계열,1450.0,0.0,1813,1481,332,125.0,102.1,서경대학교
2021 상,대학교,사립,서울,기존,서경대학교,자연과학계열,320.0,0.0,321,286,35,100.3,89.4,서경대학교
2021 상,대학교,사립,서울,기존,서경대학교,공학계열,1560.0,0.0,1516,1383,133,97.2,88.7,서경대학교
2021 상,대학교,사립,서울,기존,서경대학교,예ㆍ체능계열,1746.0,0.0,2289,1553,736,131.1,88.9,서경대학교
2021 하,대학교,사립,서울,기존,서경대학교,인문ㆍ사회계열,1450.0,0.0,2030,1651,379,140.0,113.9,서경대학교
2021 하,대학교,사립,서울,기존,서경대학교,자연과학계열,320.0,0.0,359,322,37,112.2,100.6,서경대학교
2021 하,대학교,사립,서울,기존,서경대학교,예ㆍ체능계열,1746.0,0.0,2436,1682,754,139.5,96.3,서경대학교
2021 하,대학교,사립,서울,기존,서경대학교,공학계열,1560.0,0.0,1675,1528,147,107.4,97.9,서경대학교
2021 상,교육대학,국립,서울,기존,서울교육대학교,인문ㆍ사회계열,1420.0,0.0,1469,1308,161,103.5,92.1,서울교육대학교
2021 하,교육대학,국립,서울,기존,서울교육대학교,인문ㆍ사회계열,1420.0,0.0,1556,1393,163,109.6,98.1,서울교육대학교
2021 상,대학교,사립,서울,기존,서울기독대학교,인문ㆍ사회계열,328.0,0.0,261,249,12,79.6,75.9,서울기독대학교
2021 상,대학교,사립,서울,기존,서울기독대학교,예ㆍ체능계열,216.0,0.0,150,150,0,69.4,69.4,서울기독대학교
2021 하,대학교,사립,서울,기존,서울기독대학교,예ㆍ체능계열,216.0,0.0,172,172,0,79.6,79.6,서울기독대학교
2021 하,대학교,사립,서울,기존,서울기독대학교,인문ㆍ사회계열,328.0,0.0,289,276,13,88.1,84.1,서울기독대학교
2021 상,대학교,국립대법인,서울,기존,서울대학교,인문ㆍ사회계열,4612.0,0.0,5925,5331,594,128.5,115.6,서울대학교
2021 상,대학교,국립대법인,서울,기존,서울대학교,자연과학계열,3550.0,0.0,3687,3295,392,103.9,92.8,서울대학교
2021 상,대학교,국립대법인,서울,기존,서울대학교,공학계열,3140.0,0.0,3344,3027,317,106.5,96.4,서울대학교
2021 상,대학교,국립대법인,서울,기존,서울대학교,예ㆍ체능계열,1140.0,0.0,1318,1216,102,115.6,106.7,서울대학교
2021 상,대학교,국립대법인,서울,기존,서울대학교,의학계열,700.0,0.0,776,677,99,110.9,96.7,서울대학교
2021 하,대학교,국립대법인,서울,기존,서울대학교,인문ㆍ사회계열,4612.0,0.0,6259,5633,626,135.7,122.1,서울대학교
2021 하,대학교,국립대법인,서울,기존,서울대학교,공학계열,3140.0,0.0,3660,3334,326,116.6,106.2,서울대학교
2021 하,대학교,국립대법인,서울,기존,서울대학교,의학계열,700.0,0.0,789,687,102,112.7,98.1,서울대학교
2021 하,대학교,국립대법인,서울,기존,서울대학교,예ㆍ체능계열,1140.0,0.0,1427,1332,95,125.2,116.8,서울대학교
2021 하,대학교,국립대법인,서울,기존,서울대학교,자연과학계열,3550.0,0.0,3910,3522,388,110.1,99.2,서울대학교
2021 상,대학교,공립,서울,기존,서울시립대학교,인문ㆍ사회계열,3092.0,0.0,4071,3595,476,131.7,116.3,서울시립대학교
2021 상,대학교,공립,서울,기존,서울시립대학교,자연과학계열,676.0,0.0,751,684,67,111.1,101.2,서울시립대학교
2021 상,대학교,공립,서울,기존,서울시립대학교,공학계열,2570.0,0.0,2955,2629,326,115.0,102.3,서울시립대학교
2021 상,대학교,공립,서울,기존,서울시립대학교,예ㆍ체능계열,528.0,0.0,603,588,15,114.2,111.4,서울시립대학교
2021 하,대학교,공립,서울,기존,서울시립대학교,예ㆍ체능계열,528.0,0.0,640,620,20,121.2,117.4,서울시립대학교
2021 하,대학교,공립,서울,기존,서울시립대학교,인문ㆍ사회계열,3092.0,0.0,4325,3822,503,139.9,123.6,서울시립대학교
2021 하,대학교,공립,서울,기존,서울시립대학교,자연과학계열,676.0,0.0,829,757,72,122.6,112.0,서울시립대학교
2021 하,대학교,공립,서울,기존,서울시립대학교,공학계열,2570.0,0.0,3229,2886,343,125.6,112.3,서울시립대학교
2021 상,대학교,사립,경기,기존,서울신학대학교,인문ㆍ사회계열,1563.0,0.0,1620,1470,150,103.6,94.0,서울신학대학교
2021 상,대학교,사립,경기,기존,서울신학대학교,공학계열,35.0,0.0,34,32,2,97.1,91.4,서울신학대학교
2021 상,대학교,사립,경기,기존,서울신학대학교,예ㆍ체능계열,365.0,0.0,319,314,5,87.4,86.0,서울신학대학교
2021 하,대학교,사립,경기,기존,서울신학대학교,공학계열,35.0,0.0,39,35,4,111.4,100.0,서울신학대학교
2021 하,대학교,사립,경기,기존,서울신학대학교,예ㆍ체능계열,365.0,0.0,390,384,6,106.8,105.2,서울신학대학교
2021 하,대학교,사립,경기,기존,서울신학대학교,인문ㆍ사회계열,1563.0,0.0,1784,1628,156,114.1,104.2,서울신학대학교
2021 상,대학교,사립,서울,기존,서울여자대학교,인문ㆍ사회계열,3528.0,0.0,3394,3001,393,96.2,85.1,서울여자대학교
2021 상,대학교,사립,서울,기존,서울여자대학교,자연과학계열,2160.0,0.0,2151,1985,166,99.6,91.9,서울여자대학교
2021 상,대학교,사립,서울,기존,서울여자대학교,예ㆍ체능계열,720.0,0.0,709,690,19,98.5,95.8,서울여자대학교
2021 하,대학교,사립,서울,기존,서울여자대학교,인문ㆍ사회계열,3528.0,0.0,3952,3539,413,112.0,100.3,서울여자대학교
2021 하,대학교,사립,서울,기존,서울여자대학교,자연과학계열,2160.0,0.0,2386,2197,189,110.5,101.7,서울여자대학교
2021 하,대학교,사립,서울,기존,서울여자대학교,예ㆍ체능계열,720.0,0.0,792,770,22,110.0,106.9,서울여자대학교
2021 상,대학교,사립,경기,기존,서울장신대학교,인문ㆍ사회계열,344.0,0.0,310,292,18,90.1,84.9,서울장신대학교
2021 상,대학교,사립,경기,기존,서울장신대학교,예ㆍ체능계열,108.0,0.0,62,60,2,57.4,55.6,서울장신대학교
2021 하,대학교,사립,경기,기존,서울장신대학교,예ㆍ체능계열,108.0,0.0,67,65,2,62.0,60.2,서울장신대학교
2021 하,대학교,사립,경기,기존,서울장신대학교,인문ㆍ사회계열,344.0,0.0,322,301,21,93.6,87.5,서울장신대학교
2021 상,대학교,사립,서울,기존,서울한영대학교,인문ㆍ사회계열,640.0,0.0,577,528,49,90.2,82.5,서울한영대학교
2021 상,대학교,사립,서울,기존,서울한영대학교,예ㆍ체능계열,80.0,0.0,45,44,1,56.3,55.0,서울한영대학교
2021 하,대학교,사립,서울,기존,서울한영대학교,인문ㆍ사회계열,640.0,0.0,639,585,54,99.8,91.4,서울한영대학교
2021 하,대학교,사립,서울,기존,서울한영대학교,예ㆍ체능계열,80.0,0.0,46,45,1,57.5,56.3,서울한영대학교
2021 상,대학교,사립,충북,기존,서원대학교,인문ㆍ사회계열,2944.0,0.0,2847,2492,355,96.7,84.6,서원대학교
2021 상,대학교,사립,충북,기존,서원대학교,자연과학계열,1120.0,0.0,1031,973,58,92.1,86.9,서원대학교
2021 상,대학교,사립,충북,기존,서원대학교,공학계열,1630.0,0.0,1377,1349,28,84.5,82.8,서원대학교
2021 상,대학교,사립,충북,기존,서원대학교,예ㆍ체능계열,794.0,0.0,730,672,58,91.9,84.6,서원대학교
2021 하,대학교,사립,충북,기존,서원대학교,공학계열,1630.0,0.0,1607,1574,33,98.6,96.6,서원대학교
2021 하,대학교,사립,충북,기존,서원대학교,예ㆍ체능계열,794.0,0.0,799,737,62,100.6,92.8,서원대학교
2021 하,대학교,사립,충북,기존,서원대학교,자연과학계열,1120.0,0.0,1146,1083,63,102.3,96.7,서원대학교
2021 하,대학교,사립,충북,기존,서원대학교,인문ㆍ사회계열,2944.0,0.0,3219,2846,373,109.3,96.7,서원대학교
2021 상,대학교,사립,충남,기존,선문대학교,인문ㆍ사회계열,3216.0,0.0,3951,2926,1025,122.9,91.0,선문대학교
2021 상,대학교,사립,충남,기존,선문대학교,자연과학계열,1017.0,0.0,1149,939,210,113.0,92.3,선문대학교
2021 상,대학교,사립,충남,기존,선문대학교,공학계열,3549.0,0.0,2991,2777,214,84.3,78.2,선문대학교
2021 상,대학교,사립,충남,기존,선문대학교,예ㆍ체능계열,460.0,0.0,489,427,62,106.3,92.8,선문대학교
2021 하,대학교,사립,충남,기존,선문대학교,자연과학계열,1017.0,0.0,1169,954,215,114.9,93.8,선문대학교
2021 하,대학교,사립,충남,기존,선문대학교,예ㆍ체능계열,460.0,0.0,519,455,64,112.8,98.9,선문대학교
2021 하,대학교,사립,충남,기존,선문대학교,공학계열,3549.0,0.0,3272,3043,229,92.2,85.7,선문대학교
2021 하,대학교,사립,충남,기존,선문대학교,인문ㆍ사회계열,3216.0,0.0,4297,3217,1080,133.6,100.0,선문대학교
2021 상,대학교,사립,경기,기존,성결대학교,인문ㆍ사회계열,2920.0,0.0,2895,2668,227,99.1,91.4,성결대학교
2021 상,대학교,사립,경기,기존,성결대학교,공학계열,1220.0,0.0,1223,1145,78,100.2,93.9,성결대학교
2021 상,대학교,사립,경기,기존,성결대학교,예ㆍ체능계열,772.0,0.0,850,788,62,110.1,102.1,성결대학교
2021 하,대학교,사립,경기,기존,성결대학교,공학계열,1220.0,0.0,1270,1193,77,104.1,97.8,성결대학교
2021 하,대학교,사립,경기,기존,성결대학교,예ㆍ체능계열,772.0,0.0,921,853,68,119.3,110.5,성결대학교
2021 하,대학교,사립,경기,기존,성결대학교,인문ㆍ사회계열,2920.0,0.0,3227,2996,231,110.5,102.6,성결대학교
2021 상,대학교,사립,서울,기존,성공회대학교,인문ㆍ사회계열,1452.0,0.0,1278,1186,92,88.0,81.7,성공회대학교
2021 상,대학교,사립,서울,기존,성공회대학교,공학계열,556.0,0.0,513,495,18,92.3,89.0,성공회대학교
2021 하,대학교,사립,서울,기존,성공회대학교,공학계열,556.0,0.0,578,558,20,104.0,100.4,성공회대학교
2021 하,대학교,사립,서울,기존,성공회대학교,인문ㆍ사회계열,1452.0,0.0,1478,1387,91,101.8,95.5,성공회대학교
2021 상,대학교,사립,서울,기존,성균관대학교,인문ㆍ사회계열,6126.0,0.0,8925,5784,3141,145.7,94.4,성균관대학교
2021 상,대학교,사립,서울,기존,성균관대학교,자연과학계열,1644.0,0.0,1515,1274,241,92.2,77.5,성균관대학교
2021 상,대학교,사립,서울,기존,성균관대학교,공학계열,4511.0,0.0,5136,4112,1024,113.9,91.2,성균관대학교
2021 상,대학교,사립,서울,기존,성균관대학교,예ㆍ체능계열,1152.0,0.0,1406,1113,293,122.0,96.6,성균관대학교
2021 상,대학교,사립,서울,기존,성균관대학교,의학계열,148.0,0.0,164,158,6,110.8,106.8,성균관대학교
2021 하,대학교,사립,서울,기존,성균관대학교,인문ㆍ사회계열,6126.0,0.0,9739,6503,3236,159.0,106.2,성균관대학교
2021 하,대학교,사립,서울,기존,성균관대학교,자연과학계열,1644.0,0.0,1695,1428,267,103.1,86.9,성균관대학교
2021 하,대학교,사립,서울,기존,성균관대학교,예ㆍ체능계열,1152.0,0.0,1579,1292,287,137.1,112.2,성균관대학교
2021 하,대학교,사립,서울,기존,성균관대학교,공학계열,4511.0,0.0,5709,4625,1084,126.6,102.5,성균관대학교
2021 하,대학교,사립,서울,기존,성균관대학교,의학계열,148.0,0.0,160,154,6,108.1,104.1,성균관대학교
2021 상,대학교,사립,서울,기존,성신여자대학교,인문ㆍ사회계열,3604.0,0.0,3508,3175,333,97.3,88.1,성신여자대학교
2021 상,대학교,사립,서울,기존,성신여자대학교,자연과학계열,1313.0,0.0,1372,1232,140,104.5,93.8,성신여자대학교
2021 상,대학교,사립,서울,기존,성신여자대학교,공학계열,1391.0,0.0,1425,1284,141,102.4,92.3,성신여자대학교
2021 상,대학교,사립,서울,기존,성신여자대학교,예ㆍ체능계열,2144.0,0.0,2107,2013,94,98.3,93.9,성신여자대학교
2021 하,대학교,사립,서울,기존,성신여자대학교,공학계열,1391.0,0.0,1557,1399,158,111.9,100.6,성신여자대학교
2021 하,대학교,사립,서울,기존,성신여자대학교,예ㆍ체능계열,2144.0,0.0,2243,2152,91,104.6,100.4,성신여자대학교
2021 하,대학교,사립,서울,기존,성신여자대학교,자연과학계열,1313.0,0.0,1474,1324,150,112.3,100.8,성신여자대학교
2021 하,대학교,사립,서울,기존,성신여자대학교,인문ㆍ사회계열,3604.0,0.0,3987,3625,362,110.6,100.6,성신여자대학교
2021 상,대학교,사립,충북,기존,세명대학교,인문ㆍ사회계열,2972.0,0.0,2520,2312,208,84.8,77.8,세명대학교
2021 상,대학교,사립,충북,기존,세명대학교,자연과학계열,2610.0,0.0,2385,2173,212,91.4,83.3,세명대학교
2021 상,대학교,사립,충북,기존,세명대학교,공학계열,1093.0,0.0,847,810,37,77.5,74.1,세명대학교
2021 상,대학교,사립,충북,기존,세명대학교,예ㆍ체능계열,805.0,0.0,726,669,57,90.2,83.1,세명대학교
2021 상,대학교,사립,충북,기존,세명대학교,의학계열,160.0,0.0,180,166,14,112.5,103.8,세명대학교
2021 하,대학교,사립,충북,기존,세명대학교,인문ㆍ사회계열,2972.0,0.0,2808,2586,222,94.5,87.0,세명대학교
2021 하,대학교,사립,충북,기존,세명대학교,자연과학계열,2610.0,0.0,2518,2295,223,96.5,87.9,세명대학교
2021 하,대학교,사립,충북,기존,세명대학교,예ㆍ체능계열,805.0,0.0,826,764,62,102.6,94.9,세명대학교
2021 하,대학교,사립,충북,기존,세명대학교,공학계열,1093.0,0.0,945,900,45,86.5,82.3,세명대학교
2021 하,대학교,사립,충북,기존,세명대학교,의학계열,160.0,0.0,176,163,13,110.0,101.9,세명대학교
2021 상,대학교,사립,서울,기존,세종대학교,인문ㆍ사회계열,2332.0,0.0,3379,2240,1139,144.9,96.1,세종대학교
2021 상,대학교,사립,서울,기존,세종대학교,자연과학계열,612.0,0.0,584,542,42,95.4,88.6,세종대학교
2021 상,대학교,사립,서울,기존,세종대학교,공학계열,5559.0,0.0,5653,4915,738,101.7,88.4,세종대학교
2021 상,대학교,사립,서울,기존,세종대학교,예ㆍ체능계열,916.0,0.0,1181,1069,112,128.9,116.7,세종대학교
2021 하,대학교,사립,서울,기존,세종대학교,자연과학계열,612.0,0.0,671,628,43,109.6,102.6,세종대학교
2021 하,대학교,사립,서울,기존,세종대학교,예ㆍ체능계열,916.0,0.0,1251,1140,111,136.6,124.5,세종대학교
2021 하,대학교,사립,서울,기존,세종대학교,공학계열,5559.0,0.0,6250,5472,778,112.4,98.4,세종대학교
2021 하,대학교,사립,서울,기존,세종대학교,인문ㆍ사회계열,2332.0,0.0,3682,2503,1179,157.9,107.3,세종대학교
2021 상,대학교,사립,전남,기존,세한대학교,인문ㆍ사회계열,1225.0,0.0,1207,1173,34,98.5,95.8,세한대학교
2021 상,대학교,사립,전남,기존,세한대학교,자연과학계열,633.0,0.0,654,532,122,103.3,84.0,세한대학교
2021 상,대학교,사립,전남,기존,세한대학교,공학계열,466.0,0.0,406,395,11,87.1,84.8,세한대학교
2021 상,대학교,사립,전남,기존,세한대학교,예ㆍ체능계열,1286.0,0.0,1051,1036,15,81.7,80.6,세한대학교
2021 하,대학교,사립,전남,기존,세한대학교,공학계열,466.0,0.0,433,420,13,92.9,90.1,세한대학교
2021 하,대학교,사립,전남,기존,세한대학교,인문ㆍ사회계열,1225.0,0.0,1326,1293,33,108.2,105.6,세한대학교
2021 하,대학교,사립,전남,기존,세한대학교,자연과학계열,633.0,0.0,690,564,126,109.0,89.1,세한대학교
2021 하,대학교,사립,전남,기존,세한대학교,예ㆍ체능계열,1286.0,0.0,1152,1137,15,89.6,88.4,세한대학교
2021 상,대학교,사립,경기,기존,수원가톨릭대학교,인문ㆍ사회계열,360.0,0.0,121,117,4,33.6,32.5,수원가톨릭대학교
2021 하,대학교,사립,경기,기존,수원가톨릭대학교,인문ㆍ사회계열,360.0,0.0,128,124,4,35.6,34.4,수원가톨릭대학교
2021 상,대학교,사립,경기,기존,수원대학교,인문ㆍ사회계열,2241.0,0.0,2353,1971,382,105.0,88.0,수원대학교
2021 상,대학교,사립,경기,기존,수원대학교,자연과학계열,1160.0,0.0,1094,1021,73,94.3,88.0,수원대학교
2021 상,대학교,사립,경기,기존,수원대학교,공학계열,3092.0,0.0,2902,2705,197,93.9,87.5,수원대학교
2021 상,대학교,사립,경기,기존,수원대학교,예ㆍ체능계열,2225.0,0.0,1842,1811,31,82.8,81.4,수원대학교
2021 하,대학교,사립,경기,기존,수원대학교,공학계열,3092.0,0.0,3047,2833,214,98.5,91.6,수원대학교
2021 하,대학교,사립,경기,기존,수원대학교,예ㆍ체능계열,2225.0,0.0,2011,1970,41,90.4,88.5,수원대학교
2021 하,대학교,사립,경기,기존,수원대학교,인문ㆍ사회계열,2241.0,0.0,2597,2178,419,115.9,97.2,수원대학교
2021 하,대학교,사립,경기,기존,수원대학교,자연과학계열,1160.0,0.0,1140,1065,75,98.3,91.8,수원대학교
2021 상,대학교,사립,서울,기존,숙명여자대학교,인문ㆍ사회계열,4508.0,0.0,5077,4146,931,112.6,92.0,숙명여자대학교
2021 상,대학교,사립,서울,기존,숙명여자대학교,자연과학계열,1256.0,0.0,1299,1182,117,103.4,94.1,숙명여자대학교
2021 상,대학교,사립,서울,기존,숙명여자대학교,공학계열,1692.0,0.0,1535,1442,93,90.7,85.2,숙명여자대학교
2021 상,대학교,사립,서울,기존,숙명여자대학교,예ㆍ체능계열,1304.0,0.0,1324,1296,28,101.5,99.4,숙명여자대학교
2021 하,대학교,사립,서울,기존,숙명여자대학교,인문ㆍ사회계열,4508.0,0.0,5714,4679,1035,126.8,103.8,숙명여자대학교
2021 하,대학교,사립,서울,기존,숙명여자대학교,자연과학계열,1256.0,0.0,1365,1233,132,108.7,98.2,숙명여자대학교
2021 하,대학교,사립,서울,기존,숙명여자대학교,예ㆍ체능계열,1304.0,0.0,1398,1374,24,107.2,105.4,숙명여자대학교
2021 하,대학교,사립,서울,기존,숙명여자대학교,공학계열,1692.0,0.0,1695,1593,102,100.2,94.1,숙명여자대학교
2021 상,각종학교(대학),사립,충북,기존,순복음총회신학교,인문ㆍ사회계열,266.0,0.0,106,106,0,39.8,39.8,순복음총회신학교
2021 상,각종학교(대학),사립,충북,기존,순복음총회신학교,예ㆍ체능계열,42.0,0.0,16,16,0,38.1,38.1,순복음총회신학교
2021 하,각종학교(대학),사립,충북,기존,순복음총회신학교,인문ㆍ사회계열,266.0,0.0,142,141,1,53.4,53.0,순복음총회신학교
2021 하,각종학교(대학),사립,충북,기존,순복음총회신학교,예ㆍ체능계열,42.0,0.0,29,29,0,69.0,69.0,순복음총회신학교
2021 상,대학교,사립,충남,기존,순천향대학교,인문ㆍ사회계열,3296.0,0.0,3629,3058,571,110.1,92.8,순천향대학교
2021 상,대학교,사립,충남,기존,순천향대학교,자연과학계열,1894.0,0.0,1954,1755,199,103.2,92.7,순천향대학교
2021 상,대학교,사립,충남,기존,순천향대학교,공학계열,3488.0,0.0,3581,3038,543,102.7,87.1,순천향대학교
2021 상,대학교,사립,충남,기존,순천향대학교,예ㆍ체능계열,584.0,0.0,591,564,27,101.2,96.6,순천향대학교
2021 상,대학교,사립,충남,기존,순천향대학교,의학계열,372.0,0.0,387,359,28,104.0,96.5,순천향대학교
2021 하,대학교,사립,충남,기존,순천향대학교,의학계열,372.0,0.0,390,362,28,104.8,97.3,순천향대학교
2021 하,대학교,사립,충남,기존,순천향대학교,공학계열,3488.0,0.0,3763,3176,587,107.9,91.1,순천향대학교
2021 하,대학교,사립,충남,기존,순천향대학교,예ㆍ체능계열,584.0,0.0,621,598,23,106.3,102.4,순천향대학교
2021 하,대학교,사립,충남,기존,순천향대학교,자연과학계열,1894.0,0.0,2016,1806,210,106.4,95.4,순천향대학교
2021 하,대학교,사립,충남,기존,순천향대학교,인문ㆍ사회계열,3296.0,0.0,3820,3227,593,115.9,97.9,순천향대학교
2021 상,대학교,사립,서울,기존,숭실대학교,인문ㆍ사회계열,4620.0,0.0,6754,4481,2273,146.2,97.0,숭실대학교
2021 상,대학교,사립,서울,기존,숭실대학교,자연과학계열,884.0,0.0,868,792,76,98.2,89.6,숭실대학교
2021 상,대학교,사립,서울,기존,숭실대학교,공학계열,4903.0,0.0,5197,4553,644,106.0,92.9,숭실대학교
2021 상,대학교,사립,서울,기존,숭실대학교,예ㆍ체능계열,348.0,0.0,350,328,22,100.6,94.3,숭실대학교
2021 하,대학교,사립,서울,기존,숭실대학교,인문ㆍ사회계열,4620.0,0.0,7054,4721,2333,152.7,102.2,숭실대학교
2021 하,대학교,사립,서울,기존,숭실대학교,자연과학계열,884.0,0.0,901,823,78,101.9,93.1,숭실대학교
2021 하,대학교,사립,서울,기존,숭실대학교,예ㆍ체능계열,348.0,0.0,373,347,26,107.2,99.7,숭실대학교
2021 하,대학교,사립,서울,기존,숭실대학교,공학계열,4903.0,0.0,5464,4792,672,111.4,97.7,숭실대학교
2021 상,대학교,사립,경북,기존,신경주대학교,인문ㆍ사회계열,1385.0,86.0,287,164,123,22.1,12.6,신경주대학교
2021 상,대학교,사립,경북,기존,신경주대학교,자연과학계열,640.0,21.0,201,164,37,32.5,26.5,신경주대학교
2021 상,대학교,사립,경북,기존,신경주대학교,공학계열,135.0,12.0,7,7,0,5.7,5.7,신경주대학교
2021 상,대학교,사립,경북,기존,신경주대학교,예ㆍ체능계열,888.0,37.0,162,144,18,19.0,16.9,신경주대학교
2021 하,대학교,사립,경북,기존,신경주대학교,공학계열,135.0,12.0,11,11,0,8.9,8.9,신경주대학교
2021 하,대학교,사립,경북,기존,신경주대학교,예ㆍ체능계열,888.0,37.0,197,169,28,23.1,19.9,신경주대학교
2021 하,대학교,사립,경북,기존,신경주대학교,자연과학계열,640.0,21.0,220,185,35,35.5,29.9,신경주대학교
2021 하,대학교,사립,경북,기존,신경주대학교,인문ㆍ사회계열,1385.0,86.0,322,186,136,24.8,14.3,신경주대학교
2021 상,대학교,사립,부산,기존,신라대학교,인문ㆍ사회계열,3883.0,0.0,3614,3176,438,93.1,81.8,신라대학교
2021 상,대학교,사립,부산,기존,신라대학교,자연과학계열,1640.0,0.0,1506,1400,106,91.8,85.4,신라대학교
2021 상,대학교,사립,부산,기존,신라대학교,공학계열,2379.0,0.0,1440,1301,139,60.5,54.7,신라대학교
2021 상,대학교,사립,부산,기존,신라대학교,예ㆍ체능계열,729.0,0.0,617,579,38,84.6,79.4,신라대학교
2021 하,대학교,사립,부산,기존,신라대학교,공학계열,2379.0,0.0,1720,1565,155,72.3,65.8,신라대학교
2021 하,대학교,사립,부산,기존,신라대학교,예ㆍ체능계열,729.0,0.0,731,685,46,100.3,94.0,신라대학교
2021 하,대학교,사립,부산,기존,신라대학교,자연과학계열,1640.0,0.0,1690,1564,126,103.0,95.4,신라대학교
2021 하,대학교,사립,부산,기존,신라대학교,인문ㆍ사회계열,3883.0,0.0,4200,3684,516,108.2,94.9,신라대학교
2021 상,대학교,사립,경기,기존,아신대학교,인문ㆍ사회계열,718.0,0.0,483,466,17,67.3,64.9,아신대학교
2021 하,대학교,사립,경기,기존,아신대학교,인문ㆍ사회계열,718.0,0.0,549,529,20,76.5,73.7,아신대학교
2021 상,대학교,사립,경기,기존,아주대학교,인문ㆍ사회계열,2256.0,0.0,2773,2056,717,122.9,91.1,아주대학교
2021 상,대학교,사립,경기,기존,아주대학교,자연과학계열,1112.0,0.0,1209,1034,175,108.7,93.0,아주대학교
2021 상,대학교,사립,경기,기존,아주대학교,공학계열,4106.0,0.0,4560,3875,685,111.1,94.4,아주대학교
2021 상,대학교,사립,경기,기존,아주대학교,예ㆍ체능계열,48.0,0.0,37,37,0,77.1,77.1,아주대학교
2021 상,대학교,사립,경기,기존,아주대학교,의학계열,160.0,0.0,168,156,12,105.0,97.5,아주대학교
2021 하,대학교,사립,경기,기존,아주대학교,의학계열,160.0,0.0,173,161,12,108.1,100.6,아주대학교
2021 하,대학교,사립,경기,기존,아주대학교,공학계열,4106.0,0.0,5136,4401,735,125.1,107.2,아주대학교
2021 하,대학교,사립,경기,기존,아주대학교,예ㆍ체능계열,48.0,0.0,37,37,0,77.1,77.1,아주대학교
2021 하,대학교,사립,경기,기존,아주대학교,자연과학계열,1112.0,0.0,1290,1112,178,116.0,100.0,아주대학교
2021 하,대학교,사립,경기,기존,아주대학교,인문ㆍ사회계열,2256.0,0.0,3056,2392,664,135.5,106.0,아주대학교
2021 상,대학교,사립,경기,기존,안양대학교,인문ㆍ사회계열,1860.0,0.0,1882,1726,156,101.2,92.8,안양대학교
2021 상,대학교,사립,경기,기존,안양대학교,자연과학계열,160.0,0.0,205,187,18,128.1,116.9,안양대학교
2021 상,대학교,사립,경기,기존,안양대학교,공학계열,1756.0,0.0,1720,1629,91,97.9,92.8,안양대학교
2021 상,대학교,사립,경기,기존,안양대학교,예ㆍ체능계열,260.0,0.0,227,225,2,87.3,86.5,안양대학교
2021 하,대학교,사립,경기,기존,안양대학교,인문ㆍ사회계열,1860.0,0.0,2073,1911,162,111.5,102.7,안양대학교
2021 하,대학교,사립,경기,기존,안양대학교,자연과학계열,160.0,0.0,205,189,16,128.1,118.1,안양대학교
2021 하,대학교,사립,경기,기존,안양대학교,예ㆍ체능계열,260.0,0.0,263,260,3,101.2,100.0,안양대학교
2021 하,대학교,사립,경기,기존,안양대학교,공학계열,1756.0,0.0,1785,1682,103,101.7,95.8,안양대학교
2021 상,대학교,사립,인천,기존,안양대학교 _제2캠퍼스,인문ㆍ사회계열,208.0,0.0,98,98,0,47.1,47.1,안양대학교 _제2캠퍼스
2021 상,대학교,사립,인천,기존,안양대학교 _제2캠퍼스,공학계열,315.0,0.0,152,152,0,48.3,48.3,안양대학교 _제2캠퍼스
2021 하,대학교,사립,인천,기존,안양대학교 _제2캠퍼스,인문ㆍ사회계열,208.0,0.0,101,101,0,48.6,48.6,안양대학교 _제2캠퍼스
2021 하,대학교,사립,인천,기존,안양대학교 _제2캠퍼스,공학계열,315.0,0.0,153,153,0,48.6,48.6,안양대학교 _제2캠퍼스
2021 상,대학교,사립,서울,기존,연세대학교,인문ㆍ사회계열,6484.0,20.0,9113,6068,3045,141.0,93.9,연세대학교
2021 상,대학교,사립,서울,기존,연세대학교,자연과학계열,2376.0,2.0,2749,2190,559,115.8,92.2,연세대학교
2021 상,대학교,사립,서울,기존,연세대학교,공학계열,3790.0,11.0,3924,3291,633,103.8,87.1,연세대학교
2021 상,대학교,사립,서울,기존,연세대학교,예ㆍ체능계열,836.0,5.0,875,819,56,105.3,98.6,연세대학교
2021 상,대학교,사립,서울,기존,연세대학교,의학계열,680.0,0.0,751,674,77,110.4,99.1,연세대학교
2021 하,대학교,사립,서울,기존,연세대학교,공학계열,3790.0,11.0,4451,3788,663,117.8,100.2,연세대학교
2021 하,대학교,사립,서울,기존,연세대학교,인문ㆍ사회계열,6484.0,20.0,9832,6885,2947,152.1,106.5,연세대학교
2021 하,대학교,사립,서울,기존,연세대학교,자연과학계열,2376.0,2.0,3044,2477,567,128.2,104.3,연세대학교
2021 하,대학교,사립,서울,기존,연세대학교,예ㆍ체능계열,836.0,5.0,945,887,58,113.7,106.7,연세대학교
2021 하,대학교,사립,서울,기존,연세대학교,의학계열,680.0,0.0,744,667,77,109.4,98.1,연세대학교
2021 상,대학교,사립,강원,기존,연세대학교(미래) _분교,인문ㆍ사회계열,2219.0,0.0,2473,2006,467,111.4,90.4,연세대학교(미래) _분교
2021 상,대학교,사립,강원,기존,연세대학교(미래) _분교,자연과학계열,2354.0,0.0,2538,2162,376,107.8,91.8,연세대학교(미래) _분교
2021 상,대학교,사립,강원,기존,연세대학교(미래) _분교,공학계열,958.0,0.0,1050,839,211,109.6,87.6,연세대학교(미래) _분교
2021 상,대학교,사립,강원,기존,연세대학교(미래) _분교,의학계열,372.0,0.0,437,407,30,117.5,109.4,연세대학교(미래) _분교
2021 하,대학교,사립,강원,기존,연세대학교(미래) _분교,인문ㆍ사회계열,2219.0,0.0,2780,2307,473,125.3,104.0,연세대학교(미래) _분교
2021 하,대학교,사립,강원,기존,연세대학교(미래) _분교,자연과학계열,2354.0,0.0,2726,2326,400,115.8,98.8,연세대학교(미래) _분교
2021 하,대학교,사립,강원,기존,연세대학교(미래) _분교,공학계열,958.0,0.0,1153,933,220,120.4,97.4,연세대학교(미래) _분교
2021 하,대학교,사립,강원,기존,연세대학교(미래) _분교,의학계열,372.0,0.0,437,407,30,117.5,109.4,연세대학교(미래) _분교
2021 상,대학교,사립,경북,기존,영남대학교,인문ㆍ사회계열,6897.0,0.0,7416,6431,985,107.5,93.2,영남대학교
2021 상,대학교,사립,경북,기존,영남대학교,자연과학계열,3235.0,0.0,3103,2903,200,95.9,89.7,영남대학교
2021 상,대학교,사립,경북,기존,영남대학교,공학계열,6280.0,0.0,6380,5808,572,101.6,92.5,영남대학교
2021 상,대학교,사립,경북,기존,영남대학교,예ㆍ체능계열,1960.0,0.0,1899,1832,67,96.9,93.5,영남대학교
2021 상,대학교,사립,경북,기존,영남대학교,의학계열,304.0,0.0,297,297,0,97.7,97.7,영남대학교
2021 하,대학교,사립,경북,기존,영남대학교,인문ㆍ사회계열,6897.0,0.0,8129,7035,1094,117.9,102.0,영남대학교
2021 하,대학교,사립,경북,기존,영남대학교,자연과학계열,3235.0,0.0,3240,3031,209,100.2,93.7,영남대학교
2021 하,대학교,사립,경북,기존,영남대학교,예ㆍ체능계열,1960.0,0.0,1971,1899,72,100.6,96.9,영남대학교
2021 하,대학교,사립,경북,기존,영남대학교,공학계열,6280.0,0.0,6903,6269,634,109.9,99.8,영남대학교
2021 하,대학교,사립,경북,기존,영남대학교,의학계열,304.0,0.0,307,307,0,101.0,101.0,영남대학교
2021 상,대학교,사립,경북,기존,영남신학대학교,인문ㆍ사회계열,460.0,0.0,410,380,30,89.1,82.6,영남신학대학교
2021 하,대학교,사립,경북,기존,영남신학대학교,인문ㆍ사회계열,460.0,0.0,457,424,33,99.3,92.2,영남신학대학교
2021 상,대학교,사립,경남,기존,영산대학교,인문ㆍ사회계열,835.0,0.0,641,613,28,76.8,73.4,영산대학교
2021 상,대학교,사립,경남,기존,영산대학교,자연과학계열,640.0,0.0,744,601,143,116.3,93.9,영산대학교
2021 상,대학교,사립,경남,기존,영산대학교,공학계열,920.0,0.0,650,631,19,70.7,68.6,영산대학교
2021 상,대학교,사립,경남,기존,영산대학교,예ㆍ체능계열,260.0,0.0,230,229,1,88.5,88.1,영산대학교
2021 하,대학교,사립,경남,기존,영산대학교,인문ㆍ사회계열,835.0,0.0,720,689,31,86.2,82.5,영산대학교
2021 하,대학교,사립,경남,기존,영산대학교,자연과학계열,640.0,0.0,771,622,149,120.5,97.2,영산대학교
2021 하,대학교,사립,경남,기존,영산대학교,예ㆍ체능계열,260.0,0.0,270,270,0,103.8,103.8,영산대학교
2021 하,대학교,사립,경남,기존,영산대학교,공학계열,920.0,0.0,704,687,17,76.5,74.7,영산대학교
2021 상,대학교,사립,부산,기존,영산대학교 _제2캠퍼스,인문ㆍ사회계열,1420.0,0.0,1617,1186,431,113.9,83.5,영산대학교 _제2캠퍼스
2021 상,대학교,사립,부산,기존,영산대학교 _제2캠퍼스,자연과학계열,550.0,0.0,525,487,38,95.5,88.5,영산대학교 _제2캠퍼스
2021 상,대학교,사립,부산,기존,영산대학교 _제2캠퍼스,예ㆍ체능계열,1375.0,0.0,1221,1129,92,88.8,82.1,영산대학교 _제2캠퍼스
2021 하,대학교,사립,부산,기존,영산대학교 _제2캠퍼스,예ㆍ체능계열,1375.0,0.0,1364,1266,98,99.2,92.1,영산대학교 _제2캠퍼스
2021 하,대학교,사립,부산,기존,영산대학교 _제2캠퍼스,자연과학계열,550.0,0.0,563,527,36,102.4,95.8,영산대학교 _제2캠퍼스
2021 하,대학교,사립,부산,기존,영산대학교 _제2캠퍼스,인문ㆍ사회계열,1420.0,0.0,1656,1248,408,116.6,87.9,영산대학교 _제2캠퍼스
2021 상,대학교,사립,전남,기존,영산선학대학교,인문ㆍ사회계열,200.0,0.0,32,30,2,16.0,15.0,영산선학대학교
2021 하,대학교,사립,전남,기존,영산선학대학교,인문ㆍ사회계열,200.0,0.0,34,32,2,17.0,16.0,영산선학대학교
2021 상,대학교,사립,전북,기존,예수대학교,인문ㆍ사회계열,61.0,0.0,53,53,0,86.9,86.9,예수대학교
2021 상,대학교,사립,전북,기존,예수대학교,자연과학계열,445.0,0.0,478,442,36,107.4,99.3,예수대학교
2021 하,대학교,사립,전북,기존,예수대학교,인문ㆍ사회계열,61.0,0.0,62,62,0,101.6,101.6,예수대학교
2021 하,대학교,사립,전북,기존,예수대학교,자연과학계열,445.0,0.0,482,448,34,108.3,100.7,예수대학교
2021 상,대학교,사립,전북,기존,예원예술대학교,예ㆍ체능계열,807.0,0.0,1018,538,480,126.1,66.7,예원예술대학교
2021 하,대학교,사립,전북,기존,예원예술대학교,예ㆍ체능계열,807.0,0.0,1059,596,463,131.2,73.9,예원예술대학교
2021 상,대학교,사립,경기,기존,용인대학교,인문ㆍ사회계열,1316.0,0.0,1265,1105,160,96.1,84.0,용인대학교
2021 상,대학교,사립,경기,기존,용인대학교,자연과학계열,983.0,0.0,868,793,75,88.3,80.7,용인대학교
2021 상,대학교,사립,경기,기존,용인대학교,예ㆍ체능계열,3172.0,0.0,3118,2858,260,98.3,90.1,용인대학교
2021 하,대학교,사립,경기,기존,용인대학교,인문ㆍ사회계열,1316.0,0.0,1376,1200,176,104.6,91.2,용인대학교
2021 하,대학교,사립,경기,기존,용인대학교,자연과학계열,983.0,0.0,922,839,83,93.8,85.4,용인대학교
2021 하,대학교,사립,경기,기존,용인대학교,예ㆍ체능계열,3172.0,0.0,3323,3005,318,104.8,94.7,용인대학교
2021 상,대학교,사립,전북,기존,우석대학교,인문ㆍ사회계열,2471.0,0.0,2783,2264,519,112.6,91.6,우석대학교
2021 상,대학교,사립,전북,기존,우석대학교,자연과학계열,2128.0,0.0,1867,1658,209,87.7,77.9,우석대학교
2021 상,대학교,사립,전북,기존,우석대학교,공학계열,1431.0,0.0,1064,998,66,74.4,69.7,우석대학교
2021 상,대학교,사립,전북,기존,우석대학교,예ㆍ체능계열,930.0,0.0,790,744,46,84.9,80.0,우석대학교
2021 상,대학교,사립,전북,기존,우석대학교,의학계열,120.0,0.0,134,118,16,111.7,98.3,우석대학교
2021 하,대학교,사립,전북,기존,우석대학교,인문ㆍ사회계열,2471.0,0.0,2987,2491,496,120.9,100.8,우석대학교
2021 하,대학교,사립,전북,기존,우석대학교,예ㆍ체능계열,930.0,0.0,978,916,62,105.2,98.5,우석대학교
2021 하,대학교,사립,전북,기존,우석대학교,공학계열,1431.0,0.0,1194,1126,68,83.4,78.7,우석대학교
2021 하,대학교,사립,전북,기존,우석대학교,의학계열,120.0,0.0,134,117,17,111.7,97.5,우석대학교
2021 하,대학교,사립,전북,기존,우석대학교,자연과학계열,2128.0,0.0,1983,1759,224,93.2,82.7,우석대학교
2021 상,대학교,사립,대전,기존,우송대학교,인문ㆍ사회계열,3448.0,0.0,3830,2678,1152,111.1,77.7,우송대학교
2021 상,대학교,사립,대전,기존,우송대학교,자연과학계열,1550.0,0.0,1615,1494,121,104.2,96.4,우송대학교
2021 상,대학교,사립,대전,기존,우송대학교,공학계열,2268.0,0.0,2011,1778,233,88.7,78.4,우송대학교
2021 상,대학교,사립,대전,기존,우송대학교,예ㆍ체능계열,750.0,0.0,834,621,213,111.2,82.8,우송대학교
2021 하,대학교,사립,대전,기존,우송대학교,인문ㆍ사회계열,3388.0,0.0,4337,3189,1148,128.0,94.1,우송대학교
2021 하,대학교,사립,대전,기존,우송대학교,예ㆍ체능계열,750.0,0.0,980,759,221,130.7,101.2,우송대학교
2021 하,대학교,사립,대전,기존,우송대학교,공학계열,2268.0,0.0,2385,2146,239,105.2,94.6,우송대학교
2021 하,대학교,사립,대전,기존,우송대학교,자연과학계열,1610.0,0.0,1706,1576,130,106.0,97.9,우송대학교
2021 상,대학교,특별법법인,울산,기존,울산과학기술원,인문ㆍ사회계열,145.0,0.0,148,116,32,102.1,80.0,울산과학기술원
2021 상,대학교,특별법법인,울산,기존,울산과학기술원,자연과학계열,178.0,0.0,166,146,20,93.3,82.0,울산과학기술원
2021 상,대학교,특별법법인,울산,기존,울산과학기술원,공학계열,1157.0,0.0,1426,1214,212,123.2,104.9,울산과학기술원
2021 하,대학교,특별법법인,울산,기존,울산과학기술원,인문ㆍ사회계열,145.0,0.0,180,145,35,124.1,100.0,울산과학기술원
2021 하,대학교,특별법법인,울산,기존,울산과학기술원,자연과학계열,178.0,0.0,202,177,25,113.5,99.4,울산과학기술원
2021 하,대학교,특별법법인,울산,기존,울산과학기술원,공학계열,1157.0,0.0,1551,1330,221,134.1,115.0,울산과학기술원
2021 상,대학교,사립,울산,기존,울산대학교,인문ㆍ사회계열,3624.0,0.0,3680,3184,496,101.5,87.9,울산대학교
2021 상,대학교,사립,울산,기존,울산대학교,자연과학계열,2100.0,0.0,1993,1869,124,94.9,89.0,울산대학교
2021 상,대학교,사립,울산,기존,울산대학교,공학계열,3954.0,0.0,4009,3659,350,101.4,92.5,울산대학교
2021 상,대학교,사립,울산,기존,울산대학교,예ㆍ체능계열,1260.0,0.0,1120,1092,28,88.9,86.7,울산대학교
2021 상,대학교,사립,울산,기존,울산대학교,의학계열,160.0,0.0,161,161,0,100.6,100.6,울산대학교
2021 하,대학교,사립,울산,기존,울산대학교,공학계열,3954.0,0.0,4428,4058,370,112.0,102.6,울산대학교
2021 하,대학교,사립,울산,기존,울산대학교,예ㆍ체능계열,1260.0,0.0,1190,1160,30,94.4,92.1,울산대학교
2021 하,대학교,사립,울산,기존,울산대학교,자연과학계열,2100.0,0.0,2096,1959,137,99.8,93.3,울산대학교
2021 하,대학교,사립,울산,기존,울산대학교,인문ㆍ사회계열,3624.0,0.0,4015,3497,518,110.8,96.5,울산대학교
2021 하,대학교,사립,울산,기존,울산대학교,의학계열,160.0,0.0,159,159,0,99.4,99.4,울산대학교
2021 상,대학교,사립,전북,기존,원광대학교,인문ㆍ사회계열,4264.0,0.0,4198,3883,315,98.5,91.1,원광대학교
2021 상,대학교,사립,전북,기존,원광대학교,자연과학계열,3843.0,0.0,3478,3252,226,90.5,84.6,원광대학교
2021 상,대학교,사립,전북,기존,원광대학교,공학계열,4391.0,0.0,3342,3137,205,76.1,71.4,원광대학교
2021 상,대학교,사립,전북,기존,원광대학교,예ㆍ체능계열,1297.0,0.0,1141,1128,13,88.0,87.0,원광대학교
2021 상,대학교,사립,전북,기존,원광대학교,의학계열,1001.0,0.0,1135,1023,112,113.4,102.2,원광대학교
2021 하,대학교,사립,전북,기존,원광대학교,인문ㆍ사회계열,4264.0,0.0,4840,4460,380,113.5,104.6,원광대학교
2021 하,대학교,사립,전북,기존,원광대학교,자연과학계열,3843.0,0.0,3759,3518,241,97.8,91.5,원광대학교
2021 하,대학교,사립,전북,기존,원광대학교,예ㆍ체능계열,1297.0,0.0,1282,1263,19,98.8,97.4,원광대학교
2021 하,대학교,사립,전북,기존,원광대학교,공학계열,4391.0,0.0,3862,3630,232,88.0,82.7,원광대학교
2021 하,대학교,사립,전북,기존,원광대학교,의학계열,1001.0,0.0,1146,1038,108,114.5,103.7,원광대학교
2021 상,대학교,사립,경북,기존,위덕대학교,인문ㆍ사회계열,1432.0,0.0,1239,1170,69,86.5,81.7,위덕대학교
2021 상,대학교,사립,경북,기존,위덕대학교,자연과학계열,984.0,0.0,780,736,44,79.3,74.8,위덕대학교
2021 상,대학교,사립,경북,기존,위덕대학교,공학계열,455.0,0.0,286,276,10,62.9,60.7,위덕대학교
2021 상,대학교,사립,경북,기존,위덕대학교,예ㆍ체능계열,315.0,0.0,241,223,18,76.5,70.8,위덕대학교
2021 하,대학교,사립,경북,기존,위덕대학교,공학계열,455.0,0.0,313,303,10,68.8,66.6,위덕대학교
2021 하,대학교,사립,경북,기존,위덕대학교,예ㆍ체능계열,315.0,0.0,278,253,25,88.3,80.3,위덕대학교
2021 하,대학교,사립,경북,기존,위덕대학교,자연과학계열,984.0,0.0,848,801,47,86.2,81.4,위덕대학교
2021 하,대학교,사립,경북,기존,위덕대학교,인문ㆍ사회계열,1432.0,0.0,1322,1254,68,92.3,87.6,위덕대학교
2021 상,대학교,사립,충북,기존,유원대학교,인문ㆍ사회계열,1380.0,0.0,1230,1127,103,89.1,81.7,유원대학교
2021 상,대학교,사립,충북,기존,유원대학교,자연과학계열,1160.0,0.0,1108,1006,102,95.5,86.7,유원대학교
2021 상,대학교,사립,충북,기존,유원대학교,공학계열,780.0,0.0,563,542,21,72.2,69.5,유원대학교
2021 상,대학교,사립,충북,기존,유원대학교,예ㆍ체능계열,370.0,0.0,215,207,8,58.1,55.9,유원대학교
2021 하,대학교,사립,충북,기존,유원대학교,인문ㆍ사회계열,1380.0,0.0,1274,1169,105,92.3,84.7,유원대학교
2021 하,대학교,사립,충북,기존,유원대학교,자연과학계열,1160.0,0.0,1141,1038,103,98.4,89.5,유원대학교
2021 하,대학교,사립,충북,기존,유원대학교,예ㆍ체능계열,370.0,0.0,274,266,8,74.1,71.9,유원대학교
2021 하,대학교,사립,충북,기존,유원대학교,공학계열,780.0,0.0,607,586,21,77.8,75.1,유원대학교
2021 상,대학교,사립,대전,기존,을지대학교,자연과학계열,80.0,0.0,90,71,19,112.5,88.8,을지대학교
2021 상,대학교,사립,대전,기존,을지대학교,의학계열,160.0,0.0,197,166,31,123.1,103.8,을지대학교
2021 하,대학교,사립,대전,기존,을지대학교,자연과학계열,80.0,0.0,95,76,19,118.8,95.0,을지대학교
2021 하,대학교,사립,대전,기존,을지대학교,의학계열,160.0,0.0,196,164,32,122.5,102.5,을지대학교
2021 상,대학교,사립,경기,기존,을지대학교 _제2캠퍼스,인문ㆍ사회계열,588.0,0.0,605,579,26,102.9,98.5,을지대학교 _제2캠퍼스
2021 상,대학교,사립,경기,기존,을지대학교 _제2캠퍼스,자연과학계열,2300.0,0.0,2534,2295,239,110.2,99.8,을지대학교 _제2캠퍼스
2021 상,대학교,사립,경기,기존,을지대학교 _제2캠퍼스,공학계열,350.0,0.0,299,280,19,85.4,80.0,을지대학교 _제2캠퍼스
2021 상,대학교,사립,경기,기존,을지대학교 _제2캠퍼스,예ㆍ체능계열,249.0,0.0,200,191,9,80.3,76.7,을지대학교 _제2캠퍼스
2021 하,대학교,사립,경기,기존,을지대학교 _제2캠퍼스,공학계열,350.0,0.0,327,310,17,93.4,88.6,을지대학교 _제2캠퍼스
2021 하,대학교,사립,경기,기존,을지대학교 _제2캠퍼스,인문ㆍ사회계열,588.0,0.0,629,600,29,107.0,102.0,을지대학교 _제2캠퍼스
2021 하,대학교,사립,경기,기존,을지대학교 _제2캠퍼스,자연과학계열,2300.0,0.0,2558,2323,235,111.2,101.0,을지대학교 _제2캠퍼스
2021 하,대학교,사립,경기,기존,을지대학교 _제2캠퍼스,예ㆍ체능계열,249.0,0.0,205,195,10,82.3,78.3,을지대학교 _제2캠퍼스
2021 상,대학교,사립,서울,기존,이화여자대학교,인문ㆍ사회계열,5112.0,0.0,6448,5212,1236,126.1,102.0,이화여자대학교
2021 상,대학교,사립,서울,기존,이화여자대학교,자연과학계열,3292.0,0.0,2961,2630,331,89.9,79.9,이화여자대학교
2021 상,대학교,사립,서울,기존,이화여자대학교,공학계열,2071.0,0.0,2065,1859,206,99.7,89.8,이화여자대학교
2021 상,대학교,사립,서울,기존,이화여자대학교,예ㆍ체능계열,1976.0,0.0,2360,2092,268,119.4,105.9,이화여자대학교
2021 상,대학교,사립,서울,기존,이화여자대학교,의학계열,304.0,0.0,301,295,6,99.0,97.0,이화여자대학교
2021 하,대학교,사립,서울,기존,이화여자대학교,자연과학계열,3292.0,0.0,3225,2867,358,98.0,87.1,이화여자대학교
2021 하,대학교,사립,서울,기존,이화여자대학교,인문ㆍ사회계열,5112.0,0.0,7443,6081,1362,145.6,119.0,이화여자대학교
2021 하,대학교,사립,서울,기존,이화여자대학교,의학계열,304.0,0.0,299,293,6,98.4,96.4,이화여자대학교
2021 하,대학교,사립,서울,기존,이화여자대학교,공학계열,2071.0,0.0,2339,2114,225,112.9,102.1,이화여자대학교
2021 하,대학교,사립,서울,기존,이화여자대학교,예ㆍ체능계열,1976.0,0.0,2622,2332,290,132.7,118.0,이화여자대학교
2021 상,대학교,사립,경남,기존,인제대학교,인문ㆍ사회계열,2347.0,0.0,2144,1957,187,91.4,83.4,인제대학교
2021 상,대학교,사립,경남,기존,인제대학교,자연과학계열,2042.0,0.0,2324,1990,334,113.8,97.5,인제대학교
2021 상,대학교,사립,경남,기존,인제대학교,공학계열,3808.0,0.0,2885,2684,201,75.8,70.5,인제대학교
2021 상,대학교,사립,경남,기존,인제대학교,예ㆍ체능계열,300.0,0.0,293,282,11,97.7,94.0,인제대학교
2021 상,대학교,사립,경남,기존,인제대학교,의학계열,372.0,0.0,402,371,31,108.1,99.7,인제대학교
2021 하,대학교,사립,경남,기존,인제대학교,의학계열,372.0,0.0,406,376,30,109.1,101.1,인제대학교
2021 하,대학교,사립,경남,기존,인제대학교,공학계열,3808.0,0.0,3049,2842,207,80.1,74.6,인제대학교
2021 하,대학교,사립,경남,기존,인제대학교,예ㆍ체능계열,300.0,0.0,320,307,13,106.7,102.3,인제대학교
2021 하,대학교,사립,경남,기존,인제대학교,인문ㆍ사회계열,2347.0,0.0,2294,2087,207,97.7,88.9,인제대학교
2021 하,대학교,사립,경남,기존,인제대학교,자연과학계열,2042.0,0.0,2408,2068,340,117.9,101.3,인제대학교
2021 상,대학교,사립,인천,기존,인천가톨릭대학교,인문ㆍ사회계열,71.0,0.0,67,67,0,94.4,94.4,인천가톨릭대학교
2021 하,대학교,사립,인천,기존,인천가톨릭대학교,인문ㆍ사회계열,71.0,0.0,66,66,0,93.0,93.0,인천가톨릭대학교
2021 상,대학교,국립대법인,인천,기존,인천대학교,인문ㆍ사회계열,3994.0,0.0,4389,3775,614,109.9,94.5,인천대학교
2021 상,대학교,국립대법인,인천,기존,인천대학교,자연과학계열,1058.0,0.0,1046,983,63,98.9,92.9,인천대학교
2021 상,대학교,국립대법인,인천,기존,인천대학교,공학계열,3988.0,0.0,4196,3783,413,105.2,94.9,인천대학교
2021 상,대학교,국립대법인,인천,기존,인천대학교,예ㆍ체능계열,928.0,0.0,894,870,24,96.3,93.8,인천대학교
2021 하,대학교,국립대법인,인천,기존,인천대학교,공학계열,3988.0,0.0,4587,4115,472,115.0,103.2,인천대학교
2021 하,대학교,국립대법인,인천,기존,인천대학교,자연과학계열,1058.0,0.0,1149,1075,74,108.6,101.6,인천대학교
2021 하,대학교,국립대법인,인천,기존,인천대학교,예ㆍ체능계열,928.0,0.0,949,925,24,102.3,99.7,인천대학교
2021 하,대학교,국립대법인,인천,기존,인천대학교,인문ㆍ사회계열,3994.0,0.0,4805,4151,654,120.3,103.9,인천대학교
2021 상,대학교,사립,인천,기존,인하대학교,인문ㆍ사회계열,5404.0,0.0,6677,5027,1650,123.6,93.0,인하대학교
2021 상,대학교,사립,인천,기존,인하대학교,자연과학계열,1630.0,0.0,1519,1372,147,93.2,84.2,인하대학교
2021 상,대학교,사립,인천,기존,인하대학교,공학계열,6064.0,0.0,6962,5795,1167,114.8,95.6,인하대학교
2021 상,대학교,사립,인천,기존,인하대학교,예ㆍ체능계열,672.0,0.0,645,612,33,96.0,91.1,인하대학교
2021 상,대학교,사립,인천,기존,인하대학교,의학계열,128.0,0.0,197,187,10,153.9,146.1,인하대학교
2021 하,대학교,사립,인천,기존,인하대학교,공학계열,6064.0,0.0,7696,6482,1214,126.9,106.9,인하대학교
2021 하,대학교,사립,인천,기존,인하대학교,인문ㆍ사회계열,5404.0,0.0,7320,5655,1665,135.5,104.6,인하대학교
2021 하,대학교,사립,인천,기존,인하대학교,자연과학계열,1630.0,0.0,1690,1536,154,103.7,94.2,인하대학교
2021 하,대학교,사립,인천,기존,인하대학교,예ㆍ체능계열,672.0,0.0,678,638,40,100.9,94.9,인하대학교
2021 하,대학교,사립,인천,기존,인하대학교,의학계열,128.0,0.0,198,188,10,154.7,146.9,인하대학교
2021 상,대학교,사립,서울,기존,장로회신학대학교,인문ㆍ사회계열,400.0,0.0,415,383,32,103.8,95.8,장로회신학대학교
2021 상,대학교,사립,서울,기존,장로회신학대학교,예ㆍ체능계열,200.0,0.0,184,173,11,92.0,86.5,장로회신학대학교
2021 하,대학교,사립,서울,기존,장로회신학대학교,인문ㆍ사회계열,400.0,0.0,424,393,31,106.0,98.3,장로회신학대학교
2021 하,대학교,사립,서울,기존,장로회신학대학교,예ㆍ체능계열,200.0,0.0,208,199,9,104.0,99.5,장로회신학대학교
2021 상,대학교,국립,광주,기존,전남대학교,인문ㆍ사회계열,4186.0,0.0,5183,4310,873,123.8,103.0,전남대학교
2021 상,대학교,국립,광주,기존,전남대학교,자연과학계열,4502.0,0.0,4716,4320,396,104.8,96.0,전남대학교
2021 상,대학교,국립,광주,기존,전남대학교,공학계열,3220.0,0.0,3404,3168,236,105.7,98.4,전남대학교
2021 상,대학교,국립,광주,기존,전남대학교,예ㆍ체능계열,848.0,0.0,841,812,29,99.2,95.8,전남대학교
2021 상,대학교,국립,광주,기존,전남대학교,의학계열,737.0,0.0,696,681,15,94.4,92.4,전남대학교
2021 하,대학교,국립,광주,기존,전남대학교,인문ㆍ사회계열,4186.0,0.0,5714,4767,947,136.5,113.9,전남대학교
2021 하,대학교,국립,광주,기존,전남대학교,자연과학계열,4502.0,0.0,5126,4701,425,113.9,104.4,전남대학교
2021 하,대학교,국립,광주,기존,전남대학교,예ㆍ체능계열,848.0,0.0,931,900,31,109.8,106.1,전남대학교
2021 하,대학교,국립,광주,기존,전남대학교,공학계열,3220.0,0.0,3810,3557,253,118.3,110.5,전남대학교
2021 하,대학교,국립,광주,기존,전남대학교,의학계열,737.0,0.0,704,688,16,95.5,93.4,전남대학교
2021 상,대학교,국립,전남,기존,전남대학교 _제2캠퍼스,인문ㆍ사회계열,679.0,0.0,503,432,71,74.1,63.6,전남대학교 _제2캠퍼스
2021 상,대학교,국립,전남,기존,전남대학교 _제2캠퍼스,자연과학계열,1006.0,0.0,826,731,95,82.1,72.7,전남대학교 _제2캠퍼스
2021 상,대학교,국립,전남,기존,전남대학교 _제2캠퍼스,공학계열,1369.0,0.0,1149,972,177,83.9,71.0,전남대학교 _제2캠퍼스
2021 하,대학교,국립,전남,기존,전남대학교 _제2캠퍼스,인문ㆍ사회계열,679.0,0.0,544,477,67,80.1,70.3,전남대학교 _제2캠퍼스
2021 하,대학교,국립,전남,기존,전남대학교 _제2캠퍼스,자연과학계열,1006.0,0.0,888,797,91,88.3,79.2,전남대학교 _제2캠퍼스
2021 하,대학교,국립,전남,기존,전남대학교 _제2캠퍼스,공학계열,1369.0,0.0,1242,1058,184,90.7,77.3,전남대학교 _제2캠퍼스
2021 상,대학교,국립,전북,기존,전북대학교,인문ㆍ사회계열,4520.0,0.0,5170,4318,852,114.4,95.5,전북대학교
2021 상,대학교,국립,전북,기존,전북대학교,자연과학계열,4706.0,0.0,4701,4188,513,99.9,89.0,전북대학교
2021 상,대학교,국립,전북,기존,전북대학교,공학계열,4962.0,0.0,5061,4644,417,102.0,93.6,전북대학교
2021 상,대학교,국립,전북,기존,전북대학교,예ㆍ체능계열,650.0,0.0,700,667,33,107.7,102.6,전북대학교
2021 상,대학교,국립,전북,기존,전북대학교,의학계열,832.0,0.0,903,822,81,108.5,98.8,전북대학교
2021 하,대학교,국립,전북,기존,전북대학교,인문ㆍ사회계열,4520.0,0.0,5781,4872,909,127.9,107.8,전북대학교
2021 하,대학교,국립,전북,기존,전북대학교,자연과학계열,4706.0,0.0,5144,4590,554,109.3,97.5,전북대학교
2021 하,대학교,국립,전북,기존,전북대학교,공학계열,4962.0,0.0,5575,5128,447,112.4,103.3,전북대학교
2021 하,대학교,국립,전북,기존,전북대학교,의학계열,832.0,0.0,917,835,82,110.2,100.4,전북대학교
2021 하,대학교,국립,전북,기존,전북대학교,예ㆍ체능계열,650.0,0.0,736,701,35,113.2,107.8,전북대학교
2021 상,교육대학,국립,전북,기존,전주교육대학교,인문ㆍ사회계열,1140.0,0.0,476,454,22,41.8,39.8,전주교육대학교
2021 하,교육대학,국립,전북,기존,전주교육대학교,인문ㆍ사회계열,1140.0,0.0,484,464,20,42.5,40.7,전주교육대학교
2021 상,대학교,사립,전북,기존,전주대학교,인문ㆍ사회계열,4481.0,0.0,5007,4135,872,111.7,92.3,전주대학교
2021 상,대학교,사립,전북,기존,전주대학교,자연과학계열,2024.0,0.0,2074,1830,244,102.5,90.4,전주대학교
2021 상,대학교,사립,전북,기존,전주대학교,공학계열,2426.0,0.0,2280,2048,232,94.0,84.4,전주대학교
2021 상,대학교,사립,전북,기존,전주대학교,예ㆍ체능계열,1207.0,0.0,1225,1105,120,101.5,91.5,전주대학교
2021 하,대학교,사립,전북,기존,전주대학교,공학계열,2426.0,0.0,2441,2190,251,100.6,90.3,전주대학교
2021 하,대학교,사립,전북,기존,전주대학교,예ㆍ체능계열,1207.0,0.0,1351,1221,130,111.9,101.2,전주대학교
2021 하,대학교,사립,전북,기존,전주대학교,자연과학계열,2024.0,0.0,2159,1909,250,106.7,94.3,전주대학교
2021 하,대학교,사립,전북,기존,전주대학교,인문ㆍ사회계열,4481.0,0.0,5388,4478,910,120.2,99.9,전주대학교
2021 상,대학교,국립,제주,기존,제주대학교,인문ㆍ사회계열,3617.0,0.0,3929,3408,521,108.6,94.2,제주대학교
2021 상,대학교,국립,제주,기존,제주대학교,자연과학계열,2554.0,0.0,2524,2331,193,98.8,91.3,제주대학교
2021 상,대학교,국립,제주,기존,제주대학교,공학계열,1559.0,0.0,1554,1417,137,99.7,90.9,제주대학교
2021 상,대학교,국립,제주,기존,제주대학교,예ㆍ체능계열,590.0,0.0,564,550,14,95.6,93.2,제주대학교
2021 상,대학교,국립,제주,기존,제주대학교,의학계열,200.0,0.0,207,180,27,103.5,90.0,제주대학교
2021 하,대학교,국립,제주,기존,제주대학교,공학계열,1559.0,0.0,1743,1586,157,111.8,101.7,제주대학교
2021 하,대학교,국립,제주,기존,제주대학교,예ㆍ체능계열,590.0,0.0,621,605,16,105.3,102.5,제주대학교
2021 하,대학교,국립,제주,기존,제주대학교,자연과학계열,2554.0,0.0,2747,2537,210,107.6,99.3,제주대학교
2021 하,대학교,국립,제주,기존,제주대학교,인문ㆍ사회계열,3617.0,0.0,4367,3805,562,120.7,105.2,제주대학교
2021 하,대학교,국립,제주,기존,제주대학교,의학계열,200.0,0.0,216,185,31,108.0,92.5,제주대학교
2021 상,대학교,사립,광주,기존,조선대학교,인문ㆍ사회계열,6535.0,0.0,6330,5697,633,96.9,87.2,조선대학교
2021 상,대학교,사립,광주,기존,조선대학교,자연과학계열,2923.0,0.0,2724,2625,99,93.2,89.8,조선대학교
2021 상,대학교,사립,광주,기존,조선대학교,공학계열,5859.0,0.0,5841,5264,577,99.7,89.8,조선대학교
2021 상,대학교,사립,광주,기존,조선대학교,예ㆍ체능계열,1985.0,0.0,2000,1890,110,100.8,95.2,조선대학교
2021 상,대학교,사립,광주,기존,조선대학교,의학계열,820.0,0.0,797,586,211,97.2,71.5,조선대학교
2021 하,대학교,사립,광주,기존,조선대학교,공학계열,5859.0,0.0,6200,5564,636,105.8,95.0,조선대학교
2021 하,대학교,사립,광주,기존,조선대학교,예ㆍ체능계열,1985.0,0.0,2073,1957,116,104.4,98.6,조선대학교
2021 하,대학교,사립,광주,기존,조선대학교,자연과학계열,2923.0,0.0,2809,2706,103,96.1,92.6,조선대학교
2021 하,대학교,사립,광주,기존,조선대학교,의학계열,820.0,0.0,809,597,212,98.7,72.8,조선대학교
2021 하,대학교,사립,광주,기존,조선대학교,인문ㆍ사회계열,6535.0,0.0,6886,6173,713,105.4,94.5,조선대학교
2021 상,대학교,사립,충남,기존,중부대학교,인문ㆍ사회계열,3421.0,0.0,3020,2630,390,88.3,76.9,중부대학교
2021 상,대학교,사립,충남,기존,중부대학교,자연과학계열,1086.0,0.0,1104,919,185,101.7,84.6,중부대학교
2021 상,대학교,사립,충남,기존,중부대학교,공학계열,1548.0,0.0,1416,1245,171,91.5,80.4,중부대학교
2021 상,대학교,사립,충남,기존,중부대학교,예ㆍ체능계열,1725.0,0.0,1470,1370,100,85.2,79.4,중부대학교
2021 하,대학교,사립,충남,기존,중부대학교,자연과학계열,1086.0,0.0,1177,961,216,108.4,88.5,중부대학교
2021 하,대학교,사립,충남,기존,중부대학교,인문ㆍ사회계열,3421.0,0.0,3388,2978,410,99.0,87.1,중부대학교
2021 하,대학교,사립,충남,기존,중부대학교,예ㆍ체능계열,1725.0,0.0,1701,1578,123,98.6,91.5,중부대학교
2021 하,대학교,사립,충남,기존,중부대학교,공학계열,1548.0,0.0,1588,1409,179,102.6,91.0,중부대학교
2021 상,대학교,사립,서울,기존,중앙대학교,인문ㆍ사회계열,6502.0,0.0,9582,6218,3364,147.4,95.6,중앙대학교
2021 상,대학교,사립,서울,기존,중앙대학교,자연과학계열,2524.0,0.0,2513,2279,234,99.6,90.3,중앙대학교
2021 상,대학교,사립,서울,기존,중앙대학교,공학계열,3558.0,0.0,3868,3371,497,108.7,94.7,중앙대학교
2021 상,대학교,사립,서울,기존,중앙대학교,예ㆍ체능계열,512.0,0.0,519,496,23,101.4,96.9,중앙대학교
2021 상,대학교,사립,서울,기존,중앙대학교,의학계열,344.0,0.0,354,334,20,102.9,97.1,중앙대학교
2021 하,대학교,사립,서울,기존,중앙대학교,예ㆍ체능계열,512.0,0.0,574,549,25,112.1,107.2,중앙대학교
2021 하,대학교,사립,서울,기존,중앙대학교,공학계열,3558.0,0.0,4346,3782,564,122.1,106.3,중앙대학교
2021 하,대학교,사립,서울,기존,중앙대학교,의학계열,344.0,0.0,364,343,21,105.8,99.7,중앙대학교
2021 하,대학교,사립,서울,기존,중앙대학교,인문ㆍ사회계열,6502.0,0.0,10925,7299,3626,168.0,112.3,중앙대학교
2021 하,대학교,사립,서울,기존,중앙대학교,자연과학계열,2524.0,0.0,2630,2386,244,104.2,94.5,중앙대학교
2021 상,대학교,사립,경기,기존,중앙승가대학교,인문ㆍ사회계열,480.0,0.0,119,119,0,24.8,24.8,중앙승가대학교
2021 하,대학교,사립,경기,기존,중앙승가대학교,인문ㆍ사회계열,480.0,0.0,125,125,0,26.0,26.0,중앙승가대학교
2021 상,대학교,사립,충북,기존,중원대학교,인문ㆍ사회계열,803.0,0.0,773,730,43,96.3,90.9,중원대학교
2021 상,대학교,사립,충북,기존,중원대학교,자연과학계열,1248.0,0.0,1182,1082,100,94.7,86.7,중원대학교
2021 상,대학교,사립,충북,기존,중원대학교,공학계열,1125.0,0.0,953,891,62,84.7,79.2,중원대학교
2021 상,대학교,사립,충북,기존,중원대학교,예ㆍ체능계열,599.0,0.0,458,435,23,76.5,72.6,중원대학교
2021 하,대학교,사립,충북,기존,중원대학교,예ㆍ체능계열,599.0,0.0,584,555,29,97.5,92.7,중원대학교
2021 하,대학교,사립,충북,기존,중원대학교,공학계열,1125.0,0.0,1124,1052,72,99.9,93.5,중원대학교
2021 하,대학교,사립,충북,기존,중원대학교,인문ㆍ사회계열,803.0,0.0,951,897,54,118.4,111.7,중원대학교
2021 하,대학교,사립,충북,기존,중원대학교,자연과학계열,1248.0,0.0,1276,1171,105,102.2,93.8,중원대학교
2021 상,교육대학,국립,경남,기존,진주교육대학교,인문ㆍ사회계열,1276.0,0.0,546,513,33,42.8,40.2,진주교육대학교
2021 하,교육대학,국립,경남,기존,진주교육대학교,인문ㆍ사회계열,1276.0,0.0,558,525,33,43.7,41.1,진주교육대학교
2021 상,대학교,사립,경기,기존,차의과학대학교,인문ㆍ사회계열,913.0,0.0,902,867,35,98.8,95.0,차의과학대학교
2021 상,대학교,사립,경기,기존,차의과학대학교,자연과학계열,1103.0,0.0,1160,1045,115,105.2,94.7,차의과학대학교
2021 하,대학교,사립,경기,기존,차의과학대학교,인문ㆍ사회계열,913.0,0.0,1010,975,35,110.6,106.8,차의과학대학교
2021 하,대학교,사립,경기,기존,차의과학대학교,자연과학계열,1103.0,0.0,1218,1095,123,110.4,99.3,차의과학대학교
2021 상,산업대학,사립,충남,기존,청운대학교,인문ㆍ사회계열,2502.0,0.0,2648,1920,728,105.8,76.7,청운대학교
2021 상,산업대학,사립,충남,기존,청운대학교,자연과학계열,415.0,0.0,426,363,63,102.7,87.5,청운대학교
2021 상,산업대학,사립,충남,기존,청운대학교,공학계열,1100.0,0.0,1446,1015,431,131.5,92.3,청운대학교
2021 상,산업대학,사립,충남,기존,청운대학교,예ㆍ체능계열,1017.0,0.0,905,777,128,89.0,76.4,청운대학교
2021 하,산업대학,사립,충남,기존,청운대학교,자연과학계열,415.0,0.0,437,375,62,105.3,90.4,청운대학교
2021 하,산업대학,사립,충남,기존,청운대학교,예ㆍ체능계열,1017.0,0.0,967,832,135,95.1,81.8,청운대학교
2021 하,산업대학,사립,충남,기존,청운대학교,공학계열,1100.0,0.0,1592,1123,469,144.7,102.1,청운대학교
2021 하,산업대학,사립,충남,기존,청운대학교,인문ㆍ사회계열,2502.0,0.0,2807,2074,733,112.2,82.9,청운대학교
2021 상,교육대학,국립,충북,기존,청주교육대학교,인문ㆍ사회계열,1144.0,0.0,492,462,30,43.0,40.4,청주교육대학교
2021 하,교육대학,국립,충북,기존,청주교육대학교,인문ㆍ사회계열,1144.0,0.0,495,465,30,43.3,40.6,청주교육대학교
2021 상,대학교,사립,충북,기존,청주대학교,인문ㆍ사회계열,4414.0,0.0,4373,3909,464,99.1,88.6,청주대학교
2021 상,대학교,사립,충북,기존,청주대학교,자연과학계열,1392.0,0.0,1583,1542,41,113.7,110.8,청주대학교
2021 상,대학교,사립,충북,기존,청주대학교,공학계열,3428.0,0.0,2804,2573,231,81.8,75.1,청주대학교
2021 상,대학교,사립,충북,기존,청주대학교,예ㆍ체능계열,1333.0,0.0,1377,1310,67,103.3,98.3,청주대학교
2021 하,대학교,사립,충북,기존,청주대학교,자연과학계열,1392.0,0.0,1626,1582,44,116.8,113.6,청주대학교
2021 하,대학교,사립,충북,기존,청주대학교,공학계열,3428.0,0.0,3025,2785,240,88.2,81.2,청주대학교
2021 하,대학교,사립,충북,기존,청주대학교,예ㆍ체능계열,1333.0,0.0,1450,1383,67,108.8,103.8,청주대학교
2021 하,대학교,사립,충북,기존,청주대학교,인문ㆍ사회계열,4414.0,0.0,4675,4178,497,105.9,94.7,청주대학교
2021 상,대학교,사립,서울,기존,총신대학교,인문ㆍ사회계열,1132.0,0.0,1235,1085,150,109.1,95.8,총신대학교
2021 상,대학교,사립,서울,기존,총신대학교,예ㆍ체능계열,229.0,0.0,218,201,17,95.2,87.8,총신대학교
2021 하,대학교,사립,서울,기존,총신대학교,예ㆍ체능계열,229.0,0.0,261,243,18,114.0,106.1,총신대학교
2021 하,대학교,사립,서울,기존,총신대학교,인문ㆍ사회계열,1132.0,0.0,1349,1192,157,119.2,105.3,총신대학교
2021 상,대학교,사립,서울,기존,추계예술대학교,인문ㆍ사회계열,247.0,0.0,268,252,16,108.5,102.0,추계예술대학교
2021 상,대학교,사립,서울,기존,추계예술대학교,예ㆍ체능계열,810.0,0.0,781,742,39,96.4,91.6,추계예술대학교
2021 하,대학교,사립,서울,기존,추계예술대학교,예ㆍ체능계열,810.0,0.0,826,787,39,102.0,97.2,추계예술대학교
2021 하,대학교,사립,서울,기존,추계예술대학교,인문ㆍ사회계열,247.0,0.0,288,270,18,116.6,109.3,추계예술대학교
2021 상,교육대학,국립,강원,기존,춘천교육대학교,인문ㆍ사회계열,1284.0,0.0,545,508,37,42.4,39.6,춘천교육대학교
2021 하,교육대학,국립,강원,기존,춘천교육대학교,인문ㆍ사회계열,1284.0,0.0,551,514,37,42.9,40.0,춘천교육대학교
2021 상,대학교,국립,대전,기존,충남대학교,인문ㆍ사회계열,4444.0,0.0,5397,4551,846,121.4,102.4,충남대학교
2021 상,대학교,국립,대전,기존,충남대학교,자연과학계열,4322.0,0.0,4433,4105,328,102.6,95.0,충남대학교
2021 상,대학교,국립,대전,기존,충남대학교,공학계열,4137.0,0.0,4396,4058,338,106.3,98.1,충남대학교
2021 상,대학교,국립,대전,기존,충남대학교,예ㆍ체능계열,832.0,0.0,835,828,7,100.4,99.5,충남대학교
2021 상,대학교,국립,대전,기존,충남대학교,의학계열,623.0,0.0,691,634,57,110.9,101.8,충남대학교
2021 하,대학교,국립,대전,기존,충남대학교,공학계열,4137.0,0.0,4880,4513,367,118.0,109.1,충남대학교
2021 하,대학교,국립,대전,기존,충남대학교,의학계열,656.0,0.0,692,636,56,105.5,97.0,충남대학교
2021 하,대학교,국립,대전,기존,충남대학교,예ㆍ체능계열,832.0,0.0,906,898,8,108.9,107.9,충남대학교
2021 하,대학교,국립,대전,기존,충남대학교,자연과학계열,4322.0,0.0,4932,4581,351,114.1,106.0,충남대학교
2021 하,대학교,국립,대전,기존,충남대학교,인문ㆍ사회계열,4444.0,0.0,6106,5181,925,137.4,116.6,충남대학교
2021 상,대학교,국립,충북,기존,충북대학교,인문ㆍ사회계열,3580.0,0.0,3896,3248,648,108.8,90.7,충북대학교
2021 상,대학교,국립,충북,기존,충북대학교,자연과학계열,3614.0,0.0,3557,3277,280,98.4,90.7,충북대학교
2021 상,대학교,국립,충북,기존,충북대학교,공학계열,3564.0,0.0,3965,3476,489,111.3,97.5,충북대학교
2021 상,대학교,국립,충북,기존,충북대학교,예ㆍ체능계열,252.0,0.0,223,216,7,88.5,85.7,충북대학교
2021 상,대학교,국립,충북,기존,충북대학교,의학계열,380.0,0.0,418,387,31,110.0,101.8,충북대학교
2021 하,대학교,국립,충북,기존,충북대학교,공학계열,3564.0,0.0,4274,3733,541,119.9,104.7,충북대학교
2021 하,대학교,국립,충북,기존,충북대학교,의학계열,380.0,0.0,423,393,30,111.3,103.4,충북대학교
2021 하,대학교,국립,충북,기존,충북대학교,예ㆍ체능계열,252.0,0.0,251,244,7,99.6,96.8,충북대학교
2021 하,대학교,국립,충북,기존,충북대학교,자연과학계열,3614.0,0.0,3802,3502,300,105.2,96.9,충북대학교
2021 하,대학교,국립,충북,기존,충북대학교,인문ㆍ사회계열,3580.0,0.0,4295,3583,712,120.0,100.1,충북대학교
2021 상,대학교,사립,경기,기존,칼빈대학교,인문ㆍ사회계열,308.0,0.0,444,239,205,144.2,77.6,칼빈대학교
2021 상,대학교,사립,경기,기존,칼빈대학교,예ㆍ체능계열,52.0,0.0,28,28,0,53.8,53.8,칼빈대학교
2021 하,대학교,사립,경기,기존,칼빈대학교,인문ㆍ사회계열,308.0,0.0,461,256,205,149.7,83.1,칼빈대학교
2021 하,대학교,사립,경기,기존,칼빈대학교,예ㆍ체능계열,52.0,0.0,37,37,0,71.2,71.2,칼빈대학교
2021 상,대학교,사립,경기,기존,평택대학교,인문ㆍ사회계열,1447.0,0.0,1609,1227,382,111.2,84.8,평택대학교
2021 상,대학교,사립,경기,기존,평택대학교,자연과학계열,1178.0,0.0,969,898,71,82.3,76.2,평택대학교
2021 상,대학교,사립,경기,기존,평택대학교,공학계열,136.0,0.0,102,85,17,75.0,62.5,평택대학교
2021 상,대학교,사립,경기,기존,평택대학교,예ㆍ체능계열,609.0,0.0,547,541,6,89.8,88.8,평택대학교
2021 하,대학교,사립,경기,기존,평택대학교,자연과학계열,1178.0,0.0,1139,1066,73,96.7,90.5,평택대학교
2021 하,대학교,사립,경기,기존,평택대학교,인문ㆍ사회계열,1447.0,0.0,1827,1423,404,126.3,98.3,평택대학교
2021 하,대학교,사립,경기,기존,평택대학교,공학계열,136.0,0.0,133,112,21,97.8,82.4,평택대학교
2021 하,대학교,사립,경기,기존,평택대학교,예ㆍ체능계열,609.0,0.0,641,635,6,105.3,104.3,평택대학교
2021 상,대학교,사립,경북,기존,포항공과대학교,공학계열,1280.0,0.0,987,963,24,77.1,75.2,포항공과대학교
2021 하,대학교,사립,경북,기존,포항공과대학교,공학계열,1280.0,0.0,1176,1140,36,91.9,89.1,포항공과대학교
2021 상,대학교,특별법법인,대전,기존,한국과학기술원,인문ㆍ사회계열,120.0,0.0,55,34,21,45.8,28.3,한국과학기술원
2021 상,대학교,특별법법인,대전,기존,한국과학기술원,자연과학계열,1316.0,0.0,774,711,63,58.8,54.0,한국과학기술원
2021 상,대학교,특별법법인,대전,기존,한국과학기술원,공학계열,2444.0,0.0,2598,2286,312,106.3,93.5,한국과학기술원
2021 하,대학교,특별법법인,대전,기존,한국과학기술원,인문ㆍ사회계열,120.0,0.0,57,52,5,47.5,43.3,한국과학기술원
2021 하,대학교,특별법법인,대전,기존,한국과학기술원,자연과학계열,1316.0,0.0,820,734,86,62.3,55.8,한국과학기술원
2021 하,대학교,특별법법인,대전,기존,한국과학기술원,공학계열,2444.0,0.0,2742,2492,250,112.2,102.0,한국과학기술원
2021 상,대학교,국립,충북,기존,한국교원대학교,인문ㆍ사회계열,1224.0,0.0,1336,1225,111,109.2,100.1,한국교원대학교
2021 상,대학교,국립,충북,기존,한국교원대학교,자연과학계열,569.0,0.0,569,533,36,100.0,93.7,한국교원대학교
2021 상,대학교,국립,충북,기존,한국교원대학교,공학계열,157.0,0.0,156,148,8,99.4,94.3,한국교원대학교
2021 상,대학교,국립,충북,기존,한국교원대학교,예ㆍ체능계열,234.0,0.0,237,234,3,101.3,100.0,한국교원대학교
2021 하,대학교,국립,충북,기존,한국교원대학교,예ㆍ체능계열,234.0,0.0,246,243,3,105.1,103.8,한국교원대학교
2021 하,대학교,국립,충북,기존,한국교원대학교,자연과학계열,569.0,0.0,618,583,35,108.6,102.5,한국교원대학교
2021 하,대학교,국립,충북,기존,한국교원대학교,인문ㆍ사회계열,1224.0,0.0,1360,1245,115,111.1,101.7,한국교원대학교
2021 하,대학교,국립,충북,기존,한국교원대학교,공학계열,157.0,0.0,162,154,8,103.2,98.1,한국교원대학교
2021 상,대학교,사립,충남,기존,한국기술교육대학교,인문ㆍ사회계열,464.0,0.0,558,413,145,120.3,89.0,한국기술교육대학교
2021 상,대학교,사립,충남,기존,한국기술교육대학교,공학계열,2880.0,0.0,3093,2713,380,107.4,94.2,한국기술교육대학교
2021 하,대학교,사립,충남,기존,한국기술교육대학교,공학계열,2880.0,0.0,3468,3030,438,120.4,105.2,한국기술교육대학교
2021 하,대학교,사립,충남,기존,한국기술교육대학교,인문ㆍ사회계열,464.0,0.0,645,489,156,139.0,105.4,한국기술교육대학교
2021 상,방송통신대학,국립,서울,기존,한국방송통신대학교,인문ㆍ사회계열,168150.0,0.0,63159,57673,5486,37.6,34.3,한국방송통신대학교
2021 상,방송통신대학,국립,서울,기존,한국방송통신대학교,자연과학계열,46150.0,0.0,27009,24822,2187,58.5,53.8,한국방송통신대학교
2021 상,방송통신대학,국립,서울,기존,한국방송통신대학교,공학계열,1200.0,0.0,682,660,22,56.8,55.0,한국방송통신대학교
2021 상,방송통신대학,국립,서울,기존,한국방송통신대학교,예ㆍ체능계열,1500.0,0.0,750,745,5,50.0,49.7,한국방송통신대학교
2021 하,방송통신대학,국립,서울,기존,한국방송통신대학교,공학계열,1200.0,0.0,828,803,25,69.0,66.9,한국방송통신대학교
2021 하,방송통신대학,국립,서울,기존,한국방송통신대학교,예ㆍ체능계열,1500.0,0.0,1001,993,8,66.7,66.2,한국방송통신대학교
2021 하,방송통신대학,국립,서울,기존,한국방송통신대학교,자연과학계열,46150.0,0.0,30187,27309,2878,65.4,59.2,한국방송통신대학교
2021 하,방송통신대학,국립,서울,기존,한국방송통신대학교,인문ㆍ사회계열,168150.0,0.0,72597,65422,7175,43.2,38.9,한국방송통신대학교
2021 상,대학교,사립,서울,기존,한국성서대학교,인문ㆍ사회계열,572.0,0.0,582,532,50,101.7,93.0,한국성서대학교
2021 상,대학교,사립,서울,기존,한국성서대학교,자연과학계열,180.0,0.0,215,189,26,119.4,105.0,한국성서대학교
2021 상,대학교,사립,서울,기존,한국성서대학교,공학계열,140.0,0.0,132,128,4,94.3,91.4,한국성서대학교
2021 하,대학교,사립,서울,기존,한국성서대학교,자연과학계열,180.0,0.0,225,196,29,125.0,108.9,한국성서대학교
2021 하,대학교,사립,서울,기존,한국성서대학교,인문ㆍ사회계열,572.0,0.0,676,618,58,118.2,108.0,한국성서대학교
2021 하,대학교,사립,서울,기존,한국성서대학교,공학계열,140.0,0.0,157,153,4,112.1,109.3,한국성서대학교
2021 상,각종학교(대학),특별법국립,서울,기존,한국예술종합학교,예ㆍ체능계열,2252.0,0.0,2480,2366,114,110.1,105.1,한국예술종합학교
2021 하,각종학교(대학),특별법국립,서울,기존,한국예술종합학교,예ㆍ체능계열,2252.0,0.0,2647,2514,133,117.5,111.6,한국예술종합학교
2021 상,대학교,사립,서울,기존,한국외국어대학교,인문ㆍ사회계열,11340.0,0.0,13251,10548,2703,116.9,93.0,한국외국어대학교
2021 상,대학교,사립,서울,기존,한국외국어대학교,자연과학계열,1032.0,0.0,986,904,82,95.5,87.6,한국외국어대학교
2021 상,대학교,사립,서울,기존,한국외국어대학교,공학계열,1136.0,0.0,1092,1039,53,96.1,91.5,한국외국어대학교
2021 하,대학교,사립,서울,기존,한국외국어대학교,인문ㆍ사회계열,11340.0,0.0,15119,12261,2858,133.3,108.1,한국외국어대학교
2021 하,대학교,사립,서울,기존,한국외국어대학교,자연과학계열,1032.0,0.0,1148,1051,97,111.2,101.8,한국외국어대학교
2021 하,대학교,사립,서울,기존,한국외국어대학교,공학계열,1136.0,0.0,1255,1195,60,110.5,105.2,한국외국어대학교
2021 상,대학교,국립,서울,기존,한국체육대학교,예ㆍ체능계열,2170.0,0.0,2323,2196,127,107.1,101.2,한국체육대학교
2021 하,대학교,국립,서울,기존,한국체육대학교,예ㆍ체능계열,2170.0,0.0,2447,2317,130,112.8,106.8,한국체육대학교
2021 상,대학교,사립,대전,기존,한국침례신학대학교,인문ㆍ사회계열,1170.0,0.0,865,834,31,73.9,71.3,한국침례신학대학교
2021 상,대학교,사립,대전,기존,한국침례신학대학교,예ㆍ체능계열,255.0,0.0,134,129,5,52.5,50.6,한국침례신학대학교
2021 하,대학교,사립,대전,기존,한국침례신학대학교,예ㆍ체능계열,255.0,0.0,151,146,5,59.2,57.3,한국침례신학대학교
2021 하,대학교,사립,대전,기존,한국침례신학대학교,인문ㆍ사회계열,1170.0,0.0,907,879,28,77.5,75.1,한국침례신학대학교
2021 상,대학교,사립,경기,기존,한국항공대학교,인문ㆍ사회계열,428.0,0.0,400,359,41,93.5,83.9,한국항공대학교
2021 상,대학교,사립,경기,기존,한국항공대학교,자연과학계열,752.0,0.0,841,633,208,111.8,84.2,한국항공대학교
2021 상,대학교,사립,경기,기존,한국항공대학교,공학계열,2178.0,0.0,2281,2092,189,104.7,96.1,한국항공대학교
2021 하,대학교,사립,경기,기존,한국항공대학교,인문ㆍ사회계열,428.0,0.0,424,375,49,99.1,87.6,한국항공대학교
2021 하,대학교,사립,경기,기존,한국항공대학교,자연과학계열,752.0,0.0,886,687,199,117.8,91.4,한국항공대학교
2021 하,대학교,사립,경기,기존,한국항공대학교,공학계열,2178.0,0.0,2506,2305,201,115.1,105.8,한국항공대학교
2021 상,대학교,사립,대전,기존,한남대학교,인문ㆍ사회계열,5760.0,0.0,5595,4991,604,97.1,86.6,한남대학교
2021 상,대학교,사립,대전,기존,한남대학교,자연과학계열,1236.0,0.0,1133,1070,63,91.7,86.6,한남대학교
2021 상,대학교,사립,대전,기존,한남대학교,공학계열,2829.0,0.0,2469,2285,184,87.3,80.8,한남대학교
2021 상,대학교,사립,대전,기존,한남대학교,예ㆍ체능계열,948.0,0.0,893,875,18,94.2,92.3,한남대학교
2021 하,대학교,사립,대전,기존,한남대학교,예ㆍ체능계열,948.0,0.0,969,951,18,102.2,100.3,한남대학교
2021 하,대학교,사립,대전,기존,한남대학교,자연과학계열,1236.0,0.0,1193,1125,68,96.5,91.0,한남대학교
2021 하,대학교,사립,대전,기존,한남대학교,인문ㆍ사회계열,5760.0,0.0,6041,5456,585,104.9,94.7,한남대학교
2021 하,대학교,사립,대전,기존,한남대학교,공학계열,2829.0,0.0,2655,2453,202,93.8,86.7,한남대학교
2021 상,대학교,사립,경북,기존,한동대학교,인문ㆍ사회계열,1274.0,0.0,2062,1751,311,161.9,137.4,한동대학교
2021 상,대학교,사립,경북,기존,한동대학교,자연과학계열,227.0,0.0,212,192,20,93.4,84.6,한동대학교
2021 상,대학교,사립,경북,기존,한동대학교,공학계열,1415.0,0.0,1378,1242,136,97.4,87.8,한동대학교
2021 하,대학교,사립,경북,기존,한동대학교,공학계열,1415.0,0.0,1503,1361,142,106.2,96.2,한동대학교
2021 하,대학교,사립,경북,기존,한동대학교,자연과학계열,227.0,0.0,235,212,23,103.5,93.4,한동대학교
2021 하,대학교,사립,경북,기존,한동대학교,인문ㆍ사회계열,1274.0,0.0,2217,1894,323,174.0,148.7,한동대학교
2021 상,대학교,사립,강원,기존,한라대학교,인문ㆍ사회계열,1305.0,0.0,1099,1022,77,84.2,78.3,한라대학교
2021 상,대학교,사립,강원,기존,한라대학교,공학계열,1918.0,0.0,1602,1516,86,83.5,79.0,한라대학교
2021 상,대학교,사립,강원,기존,한라대학교,예ㆍ체능계열,338.0,0.0,239,206,33,70.7,60.9,한라대학교
2021 하,대학교,사립,강원,기존,한라대학교,인문ㆍ사회계열,1305.0,0.0,1284,1200,84,98.4,92.0,한라대학교
2021 하,대학교,사립,강원,기존,한라대학교,예ㆍ체능계열,338.0,0.0,258,224,34,76.3,66.3,한라대학교
2021 하,대학교,사립,강원,기존,한라대학교,공학계열,1918.0,0.0,1878,1769,109,97.9,92.2,한라대학교
2021 상,대학교,사립,강원,기존,한림대학교,인문ㆍ사회계열,3662.0,0.0,3915,3410,505,106.9,93.1,한림대학교
2021 상,대학교,사립,강원,기존,한림대학교,자연과학계열,1951.0,0.0,1848,1759,89,94.7,90.2,한림대학교
2021 상,대학교,사립,강원,기존,한림대학교,공학계열,936.0,0.0,969,908,61,103.5,97.0,한림대학교
2021 상,대학교,사립,강원,기존,한림대학교,예ㆍ체능계열,203.0,0.0,234,210,24,115.3,103.4,한림대학교
2021 상,대학교,사립,강원,기존,한림대학교,의학계열,304.0,0.0,326,318,8,107.2,104.6,한림대학교
2021 하,대학교,사립,강원,기존,한림대학교,자연과학계열,1951.0,0.0,1955,1857,98,100.2,95.2,한림대학교
2021 하,대학교,사립,강원,기존,한림대학교,예ㆍ체능계열,203.0,0.0,244,215,29,120.2,105.9,한림대학교
2021 하,대학교,사립,강원,기존,한림대학교,의학계열,304.0,0.0,328,320,8,107.9,105.3,한림대학교
2021 하,대학교,사립,강원,기존,한림대학교,공학계열,936.0,0.0,1031,962,69,110.1,102.8,한림대학교
2021 하,대학교,사립,강원,기존,한림대학교,인문ㆍ사회계열,3662.0,0.0,4248,3708,540,116.0,101.3,한림대학교
2021 상,대학교,사립,충남,기존,한서대학교,인문ㆍ사회계열,1564.0,0.0,1699,1422,277,108.6,90.9,한서대학교
2021 상,대학교,사립,충남,기존,한서대학교,자연과학계열,1724.0,0.0,1694,1521,173,98.3,88.2,한서대학교
2021 상,대학교,사립,충남,기존,한서대학교,공학계열,1753.0,0.0,1767,1610,157,100.8,91.8,한서대학교
2021 상,대학교,사립,충남,기존,한서대학교,예ㆍ체능계열,1275.0,0.0,1135,1071,64,89.0,84.0,한서대학교
2021 하,대학교,사립,충남,기존,한서대학교,공학계열,1753.0,0.0,1929,1757,172,110.0,100.2,한서대학교
2021 하,대학교,사립,충남,기존,한서대학교,예ㆍ체능계열,1275.0,0.0,1252,1162,90,98.2,91.1,한서대학교
2021 하,대학교,사립,충남,기존,한서대학교,자연과학계열,1724.0,0.0,1748,1572,176,101.4,91.2,한서대학교
2021 하,대학교,사립,충남,기존,한서대학교,인문ㆍ사회계열,1564.0,0.0,1880,1583,297,120.2,101.2,한서대학교
2021 상,대학교,사립,서울,기존,한성대학교,인문ㆍ사회계열,3034.0,0.0,2778,2405,373,91.6,79.3,한성대학교
2021 상,대학교,사립,서울,기존,한성대학교,공학계열,1696.0,0.0,1974,1837,137,116.4,108.3,한성대학교
2021 상,대학교,사립,서울,기존,한성대학교,예ㆍ체능계열,1102.0,0.0,1492,1140,352,135.4,103.4,한성대학교
2021 하,대학교,사립,서울,기존,한성대학교,인문ㆍ사회계열,3034.0,0.0,3018,2634,384,99.5,86.8,한성대학교
2021 하,대학교,사립,서울,기존,한성대학교,공학계열,1696.0,0.0,2031,1875,156,119.8,110.6,한성대학교
2021 하,대학교,사립,서울,기존,한성대학교,예ㆍ체능계열,1102.0,0.0,1561,1218,343,141.7,110.5,한성대학교
2021 상,대학교,사립,경기,기존,한세대학교,인문ㆍ사회계열,1187.0,0.0,1241,1120,121,104.5,94.4,한세대학교
2021 상,대학교,사립,경기,기존,한세대학교,자연과학계열,153.0,0.0,173,143,30,113.1,93.5,한세대학교
2021 상,대학교,사립,경기,기존,한세대학교,공학계열,189.0,0.0,192,172,20,101.6,91.0,한세대학교
2021 상,대학교,사립,경기,기존,한세대학교,예ㆍ체능계열,735.0,0.0,746,691,55,101.5,94.0,한세대학교
2021 하,대학교,사립,경기,기존,한세대학교,자연과학계열,153.0,0.0,171,142,29,111.8,92.8,한세대학교
2021 하,대학교,사립,경기,기존,한세대학교,공학계열,189.0,0.0,211,186,25,111.6,98.4,한세대학교
2021 하,대학교,사립,경기,기존,한세대학교,인문ㆍ사회계열,1187.0,0.0,1362,1235,127,114.7,104.0,한세대학교
2021 하,대학교,사립,경기,기존,한세대학교,예ㆍ체능계열,735.0,0.0,817,760,57,111.2,103.4,한세대학교
2021 상,대학교,사립,경기,기존,한신대학교,인문ㆍ사회계열,3322.0,0.0,3674,3176,498,110.6,95.6,한신대학교
2021 상,대학교,사립,경기,기존,한신대학교,자연과학계열,328.0,0.0,304,290,14,92.7,88.4,한신대학교
2021 상,대학교,사립,경기,기존,한신대학교,공학계열,897.0,0.0,849,764,85,94.6,85.2,한신대학교
2021 상,대학교,사립,경기,기존,한신대학교,예ㆍ체능계열,137.0,0.0,125,124,1,91.2,90.5,한신대학교
2021 하,대학교,사립,경기,기존,한신대학교,인문ㆍ사회계열,3322.0,0.0,3983,3515,468,119.9,105.8,한신대학교
2021 하,대학교,사립,경기,기존,한신대학교,자연과학계열,328.0,0.0,339,323,16,103.4,98.5,한신대학교
2021 하,대학교,사립,경기,기존,한신대학교,예ㆍ체능계열,137.0,0.0,154,153,1,112.4,111.7,한신대학교
2021 하,대학교,사립,경기,기존,한신대학교,공학계열,897.0,0.0,934,841,93,104.1,93.8,한신대학교
2021 상,대학교,사립,서울,기존,한양대학교,인문ㆍ사회계열,3975.0,0.0,5892,3665,2227,148.2,92.2,한양대학교
2021 상,대학교,사립,서울,기존,한양대학교,자연과학계열,1258.0,0.0,1395,1077,318,110.9,85.6,한양대학교
2021 상,대학교,사립,서울,기존,한양대학교,공학계열,4480.0,0.0,5060,4033,1027,112.9,90.0,한양대학교
2021 상,대학교,사립,서울,기존,한양대학교,예ㆍ체능계열,1413.0,0.0,1786,1362,424,126.4,96.4,한양대학교
2021 상,대학교,사립,서울,기존,한양대학교,의학계열,440.0,0.0,432,432,0,98.2,98.2,한양대학교
2021 하,대학교,사립,서울,기존,한양대학교,의학계열,440.0,0.0,441,441,0,100.2,100.2,한양대학교
2021 하,대학교,사립,서울,기존,한양대학교,공학계열,4480.0,0.0,5540,4450,1090,123.7,99.3,한양대학교
2021 하,대학교,사립,서울,기존,한양대학교,예ㆍ체능계열,1413.0,0.0,1880,1451,429,133.1,102.7,한양대학교
2021 하,대학교,사립,서울,기존,한양대학교,자연과학계열,1258.0,0.0,1525,1183,342,121.2,94.0,한양대학교
2021 하,대학교,사립,서울,기존,한양대학교,인문ㆍ사회계열,3975.0,0.0,6414,4104,2310,161.4,103.2,한양대학교
2021 상,대학교,사립,경기,기존,한양대학교(ERICA) _분교,인문ㆍ사회계열,2272.0,0.0,2958,2157,801,130.2,94.9,한양대학교(ERICA) _분교
2021 상,대학교,사립,경기,기존,한양대학교(ERICA) _분교,자연과학계열,500.0,0.0,532,486,46,106.4,97.2,한양대학교(ERICA) _분교
2021 상,대학교,사립,경기,기존,한양대학교(ERICA) _분교,공학계열,3625.0,0.0,4108,3224,884,113.3,88.9,한양대학교(ERICA) _분교
2021 상,대학교,사립,경기,기존,한양대학교(ERICA) _분교,예ㆍ체능계열,1096.0,0.0,1432,1103,329,130.7,100.6,한양대학교(ERICA) _분교
2021 하,대학교,사립,경기,기존,한양대학교(ERICA) _분교,공학계열,3625.0,0.0,4359,3483,876,120.2,96.1,한양대학교(ERICA) _분교
2021 하,대학교,사립,경기,기존,한양대학교(ERICA) _분교,자연과학계열,500.0,0.0,550,501,49,110.0,100.2,한양대학교(ERICA) _분교
2021 하,대학교,사립,경기,기존,한양대학교(ERICA) _분교,예ㆍ체능계열,1096.0,0.0,1404,1148,256,128.1,104.7,한양대학교(ERICA) _분교
2021 하,대학교,사립,경기,기존,한양대학교(ERICA) _분교,인문ㆍ사회계열,2272.0,0.0,3167,2422,745,139.4,106.6,한양대학교(ERICA) _분교
2021 상,대학교,사립,전북,기존,한일장신대학교,인문ㆍ사회계열,474.0,0.0,382,311,71,80.6,65.6,한일장신대학교
2021 상,대학교,사립,전북,기존,한일장신대학교,자연과학계열,208.0,0.0,219,190,29,105.3,91.3,한일장신대학교
2021 상,대학교,사립,전북,기존,한일장신대학교,예ㆍ체능계열,194.0,0.0,191,187,4,98.5,96.4,한일장신대학교
2021 하,대학교,사립,전북,기존,한일장신대학교,자연과학계열,208.0,0.0,226,200,26,108.7,96.2,한일장신대학교
2021 하,대학교,사립,전북,기존,한일장신대학교,예ㆍ체능계열,194.0,0.0,198,194,4,102.1,100.0,한일장신대학교
2021 하,대학교,사립,전북,기존,한일장신대학교,인문ㆍ사회계열,474.0,0.0,432,362,70,91.1,76.4,한일장신대학교
2021 상,대학교,사립,경기,기존,협성대학교,인문ㆍ사회계열,2428.0,0.0,2448,2195,253,100.8,90.4,협성대학교
2021 상,대학교,사립,경기,기존,협성대학교,자연과학계열,308.0,0.0,286,270,16,92.9,87.7,협성대학교
2021 상,대학교,사립,경기,기존,협성대학교,공학계열,580.0,0.0,548,504,44,94.5,86.9,협성대학교
2021 상,대학교,사립,경기,기존,협성대학교,예ㆍ체능계열,700.0,0.0,624,617,7,89.1,88.1,협성대학교
2021 하,대학교,사립,경기,기존,협성대학교,공학계열,580.0,0.0,572,525,47,98.6,90.5,협성대학교
2021 하,대학교,사립,경기,기존,협성대학교,자연과학계열,308.0,0.0,301,285,16,97.7,92.5,협성대학교
2021 하,대학교,사립,경기,기존,협성대학교,인문ㆍ사회계열,2428.0,0.0,2640,2339,301,108.7,96.3,협성대학교
2021 하,대학교,사립,경기,기존,협성대학교,예ㆍ체능계열,700.0,0.0,667,659,8,95.3,94.1,협성대학교
2021 상,대학교,사립,광주,기존,호남대학교,인문ㆍ사회계열,1839.0,0.0,2326,1753,573,126.5,95.3,호남대학교
2021 상,대학교,사립,광주,기존,호남대학교,자연과학계열,1781.0,0.0,1782,1628,154,100.1,91.4,호남대학교
2021 상,대학교,사립,광주,기존,호남대학교,공학계열,1594.0,0.0,1327,1222,105,83.2,76.7,호남대학교
2021 상,대학교,사립,광주,기존,호남대학교,예ㆍ체능계열,1034.0,0.0,1187,992,195,114.8,95.9,호남대학교
2021 하,대학교,사립,광주,기존,호남대학교,인문ㆍ사회계열,1839.0,0.0,2407,1950,457,130.9,106.0,호남대학교
2021 하,대학교,사립,광주,기존,호남대학교,자연과학계열,1781.0,0.0,1831,1671,160,102.8,93.8,호남대학교
2021 하,대학교,사립,광주,기존,호남대학교,예ㆍ체능계열,1034.0,0.0,1234,1030,204,119.3,99.6,호남대학교
2021 하,대학교,사립,광주,기존,호남대학교,공학계열,1594.0,0.0,1418,1312,106,89.0,82.3,호남대학교
2021 상,대학교,사립,광주,기존,호남신학대학교,인문ㆍ사회계열,328.0,0.0,294,293,1,89.6,89.3,호남신학대학교
2021 상,대학교,사립,광주,기존,호남신학대학교,예ㆍ체능계열,240.0,0.0,174,173,1,72.5,72.1,호남신학대학교
2021 하,대학교,사립,광주,기존,호남신학대학교,인문ㆍ사회계열,328.0,0.0,302,299,3,92.1,91.2,호남신학대학교
2021 하,대학교,사립,광주,기존,호남신학대학교,예ㆍ체능계열,240.0,0.0,188,188,0,78.3,78.3,호남신학대학교
2021 상,대학교,사립,충남,기존,호서대학교,인문ㆍ사회계열,3747.0,0.0,3642,3303,339,97.2,88.2,호서대학교
2021 상,대학교,사립,충남,기존,호서대학교,자연과학계열,1469.0,0.0,1619,1444,175,110.2,98.3,호서대학교
2021 상,대학교,사립,충남,기존,호서대학교,공학계열,4733.0,0.0,4419,4042,377,93.4,85.4,호서대학교
2021 상,대학교,사립,충남,기존,호서대학교,예ㆍ체능계열,1613.0,0.0,1615,1481,134,100.1,91.8,호서대학교
2021 하,대학교,사립,충남,기존,호서대학교,공학계열,4733.0,0.0,4697,4298,399,99.2,90.8,호서대학교
2021 하,대학교,사립,충남,기존,호서대학교,예ㆍ체능계열,1613.0,0.0,1726,1583,143,107.0,98.1,호서대학교
2021 하,대학교,사립,충남,기존,호서대학교,자연과학계열,1469.0,0.0,1673,1485,188,113.9,101.1,호서대학교
2021 하,대학교,사립,충남,기존,호서대학교,인문ㆍ사회계열,3747.0,0.0,4012,3640,372,107.1,97.1,호서대학교
2021 상,산업대학,사립,전북,기존,호원대학교,인문ㆍ사회계열,1043.0,0.0,1325,854,471,127.0,81.9,호원대학교
2021 상,산업대학,사립,전북,기존,호원대학교,자연과학계열,874.0,0.0,863,773,90,98.7,88.4,호원대학교
2021 상,산업대학,사립,전북,기존,호원대학교,공학계열,963.0,0.0,964,620,344,100.1,64.4,호원대학교
2021 상,산업대학,사립,전북,기존,호원대학교,예ㆍ체능계열,1624.0,0.0,1540,1168,372,94.8,71.9,호원대학교
2021 하,산업대학,사립,전북,기존,호원대학교,공학계열,963.0,0.0,1124,771,353,116.7,80.1,호원대학교
2021 하,산업대학,사립,전북,기존,호원대학교,예ㆍ체능계열,1624.0,0.0,1797,1388,409,110.7,85.5,호원대학교
2021 하,산업대학,사립,전북,기존,호원대학교,자연과학계열,874.0,0.0,920,828,92,105.3,94.7,호원대학교
2021 하,산업대학,사립,전북,기존,호원대학교,인문ㆍ사회계열,1043.0,0.0,1432,939,493,137.3,90.0,호원대학교
2021 상,대학교,사립,서울,기존,홍익대학교,인문ㆍ사회계열,2513.0,0.0,3465,2602,863,137.9,103.5,홍익대학교
2021 상,대학교,사립,서울,기존,홍익대학교,자연과학계열,112.0,0.0,111,104,7,99.1,92.9,홍익대학교
2021 상,대학교,사립,서울,기존,홍익대학교,공학계열,5276.0,0.0,5040,4581,459,95.5,86.8,홍익대학교
2021 상,대학교,사립,서울,기존,홍익대학교,예ㆍ체능계열,1634.0,0.0,3051,1896,1155,186.7,116.0,홍익대학교
2021 하,대학교,사립,서울,기존,홍익대학교,인문ㆍ사회계열,2513.0,0.0,3657,2754,903,145.5,109.6,홍익대학교
2021 하,대학교,사립,서울,기존,홍익대학교,자연과학계열,112.0,0.0,111,104,7,99.1,92.9,홍익대학교
2021 하,대학교,사립,서울,기존,홍익대학교,예ㆍ체능계열,1634.0,0.0,3109,2022,1087,190.3,123.7,홍익대학교
2021 하,대학교,사립,서울,기존,홍익대학교,공학계열,5276.0,0.0,5253,4784,469,99.6,90.7,홍익대학교
2021 상,대학교,사립,경기,기존,화성의과학대학교,인문ㆍ사회계열,350.0,7.0,126,125,1,36.7,36.4,화성의과학대학교
2021 상,대학교,사립,경기,기존,화성의과학대학교,자연과학계열,369.0,16.0,238,214,24,67.4,60.6,화성의과학대학교
2021 상,대학교,사립,경기,기존,화성의과학대학교,예ㆍ체능계열,265.0,3.0,69,68,1,26.3,26.0,화성의과학대학교
2021 하,대학교,사립,경기,기존,화성의과학대학교,자연과학계열,369.0,12.0,249,224,25,69.7,62.7,화성의과학대학교
2021 하,대학교,사립,경기,기존,화성의과학대학교,인문ㆍ사회계열,350.0,1.0,138,136,2,39.5,39.0,화성의과학대학교
2021 하,대학교,사립,경기,기존,화성의과학대학교,예ㆍ체능계열,265.0,0.0,80,79,1,30.2,29.8,화성의과학대학교
2022 상,대학교,사립,경기,기존,가천대학교,인문ㆍ사회계열,5459.0,0.0,7512,5151,2361,137.6,94.4,가천대학교
2022 상,대학교,사립,경기,기존,가천대학교,자연과학계열,3010.0,0.0,3184,2746,438,105.8,91.2,가천대학교
2022 상,대학교,사립,경기,기존,가천대학교,공학계열,5570.0,0.0,6072,5195,877,109.0,93.3,가천대학교
2022 상,대학교,사립,경기,기존,가천대학교,예ㆍ체능계열,1440.0,0.0,1588,1363,225,110.3,94.7,가천대학교
2022 상,대학교,사립,경기,기존,가천대학교,의학계열,256.0,0.0,273,270,3,106.6,105.5,가천대학교
2022 하,대학교,사립,경기,기존,가천대학교,인문ㆍ사회계열,5459.0,0.0,7688,5579,2109,140.8,102.2,가천대학교
2022 하,대학교,사립,경기,기존,가천대학교,자연과학계열,3010.0,0.0,3293,2863,430,109.4,95.1,가천대학교
2022 하,대학교,사립,경기,기존,가천대학교,공학계열,5570.0,0.0,6517,5602,915,117.0,100.6,가천대학교
2022 하,대학교,사립,경기,기존,가천대학교,예ㆍ체능계열,1440.0,0.0,1599,1453,146,111.0,100.9,가천대학교
2022 하,대학교,사립,경기,기존,가천대학교,의학계열,256.0,0.0,273,270,3,106.6,105.5,가천대학교
2022 상,대학교,사립,강원,기존,가톨릭관동대학교,인문ㆍ사회계열,3743.0,0.0,2885,2652,233,77.1,70.9,가톨릭관동대학교
2022 상,대학교,사립,강원,기존,가톨릭관동대학교,자연과학계열,1363.0,0.0,1274,1118,156,93.5,82.0,가톨릭관동대학교
2022 상,대학교,사립,강원,기존,가톨릭관동대학교,공학계열,1652.0,0.0,1125,1068,57,68.1,64.6,가톨릭관동대학교
2022 상,대학교,사립,강원,기존,가톨릭관동대학교,예ㆍ체능계열,1235.0,0.0,914,892,22,74.0,72.2,가톨릭관동대학교
2022 상,대학교,사립,강원,기존,가톨릭관동대학교,의학계열,196.0,0.0,235,197,38,119.9,100.5,가톨릭관동대학교
2022 하,대학교,사립,강원,기존,가톨릭관동대학교,인문ㆍ사회계열,3743.0,0.0,3148,2893,255,84.1,77.3,가톨릭관동대학교
2022 하,대학교,사립,강원,기존,가톨릭관동대학교,자연과학계열,1363.0,0.0,1315,1157,158,96.5,84.9,가톨릭관동대학교
2022 하,대학교,사립,강원,기존,가톨릭관동대학교,공학계열,1652.0,0.0,1166,1104,62,70.6,66.8,가톨릭관동대학교
2022 하,대학교,사립,강원,기존,가톨릭관동대학교,예ㆍ체능계열,1235.0,0.0,989,966,23,80.1,78.2,가톨릭관동대학교
2022 하,대학교,사립,강원,기존,가톨릭관동대학교,의학계열,196.0,0.0,238,200,38,121.4,102.0,가톨릭관동대학교
2022 상,대학교,사립,충북,기존,가톨릭꽃동네대학교,인문ㆍ사회계열,198.0,0.0,154,149,5,77.8,75.3,가톨릭꽃동네대학교
2022 상,대학교,사립,충북,기존,가톨릭꽃동네대학교,자연과학계열,234.0,0.0,235,220,15,100.4,94.0,가톨릭꽃동네대학교
2022 하,대학교,사립,충북,기존,가톨릭꽃동네대학교,인문ㆍ사회계열,198.0,0.0,164,159,5,82.8,80.3,가톨릭꽃동네대학교
2022 하,대학교,사립,충북,기존,가톨릭꽃동네대학교,자연과학계열,234.0,0.0,237,219,18,101.3,93.6,가톨릭꽃동네대학교
2022 상,대학교,사립,경기,기존,가톨릭대학교,인문ㆍ사회계열,3173.0,0.0,3490,2902,588,110.0,91.5,가톨릭대학교
2022 상,대학교,사립,경기,기존,가톨릭대학교,자연과학계열,1343.0,0.0,1320,1136,184,98.3,84.6,가톨릭대학교
2022 상,대학교,사립,경기,기존,가톨릭대학교,공학계열,1464.0,0.0,1446,1263,183,98.8,86.3,가톨릭대학교
2022 상,대학교,사립,경기,기존,가톨릭대학교,예ㆍ체능계열,180.0,0.0,151,145,6,83.9,80.6,가톨릭대학교
2022 하,대학교,사립,경기,기존,가톨릭대학교,인문ㆍ사회계열,3173.0,0.0,3672,3142,530,115.7,99.0,가톨릭대학교
2022 하,대학교,사립,경기,기존,가톨릭대학교,자연과학계열,1343.0,0.0,1439,1254,185,107.1,93.4,가톨릭대학교
2022 하,대학교,사립,경기,기존,가톨릭대학교,공학계열,1464.0,0.0,1513,1349,164,103.3,92.1,가톨릭대학교
2022 하,대학교,사립,경기,기존,가톨릭대학교,예ㆍ체능계열,180.0,0.0,175,171,4,97.2,95.0,가톨릭대학교
2022 상,대학교,사립,서울,기존,가톨릭대학교 _제2캠퍼스,자연과학계열,506.0,0.0,525,492,33,103.8,97.2,가톨릭대학교 _제2캠퍼스
2022 상,대학교,사립,서울,기존,가톨릭대학교 _제2캠퍼스,의학계열,372.0,0.0,372,357,15,100.0,96.0,가톨릭대학교 _제2캠퍼스
2022 하,대학교,사립,서울,기존,가톨릭대학교 _제2캠퍼스,자연과학계열,506.0,0.0,537,501,36,106.1,99.0,가톨릭대학교 _제2캠퍼스
2022 하,대학교,사립,서울,기존,가톨릭대학교 _제2캠퍼스,의학계열,372.0,0.0,376,361,15,101.1,97.0,가톨릭대학교 _제2캠퍼스
2022 상,대학교,사립,서울,기존,가톨릭대학교 _제3캠퍼스,인문ㆍ사회계열,200.0,0.0,201,190,11,100.5,95.0,가톨릭대학교 _제3캠퍼스
2022 하,대학교,사립,서울,기존,가톨릭대학교 _제3캠퍼스,인문ㆍ사회계열,200.0,0.0,216,204,12,108.0,102.0,가톨릭대학교 _제3캠퍼스
2022 상,대학교,사립,서울,기존,감리교신학대학교,인문ㆍ사회계열,800.0,0.0,597,574,23,74.6,71.8,감리교신학대학교
2022 하,대학교,사립,서울,기존,감리교신학대학교,인문ㆍ사회계열,800.0,0.0,635,608,27,79.4,76.0,감리교신학대학교
2022 상,대학교,사립,경기,기존,강남대학교,인문ㆍ사회계열,3870.0,0.0,3828,3500,328,98.9,90.4,강남대학교
2022 상,대학교,사립,경기,기존,강남대학교,공학계열,1490.0,0.0,1503,1401,102,100.9,94.0,강남대학교
2022 상,대학교,사립,경기,기존,강남대학교,예ㆍ체능계열,604.0,0.0,577,552,25,95.5,91.4,강남대학교
2022 하,대학교,사립,경기,기존,강남대학교,인문ㆍ사회계열,3870.0,0.0,4113,3772,341,106.3,97.5,강남대학교
2022 하,대학교,사립,경기,기존,강남대학교,공학계열,1490.0,0.0,1590,1476,114,106.7,99.1,강남대학교
2022 하,대학교,사립,경기,기존,강남대학교,예ㆍ체능계열,604.0,0.0,622,594,28,103.0,98.3,강남대학교
2022 상,대학교,사립,서울,기존,강서대학교,인문ㆍ사회계열,704.0,0.0,1036,624,412,147.2,88.6,강서대학교
2022 상,대학교,사립,서울,기존,강서대학교,자연과학계열,284.0,0.0,272,244,28,95.8,85.9,강서대학교
2022 상,대학교,사립,서울,기존,강서대학교,예ㆍ체능계열,120.0,0.0,84,82,2,70.0,68.3,강서대학교
2022 하,대학교,사립,서울,기존,강서대학교,인문ㆍ사회계열,704.0,0.0,1155,742,413,164.1,105.4,강서대학교
2022 하,대학교,사립,서울,기존,강서대학교,자연과학계열,284.0,0.0,297,267,30,104.6,94.0,강서대학교
2022 하,대학교,사립,서울,기존,강서대학교,예ㆍ체능계열,120.0,0.0,108,106,2,90.0,88.3,강서대학교
2022 상,대학교,국립,강원,기존,강원대학교,인문ㆍ사회계열,4115.0,0.0,4214,3791,423,102.4,92.1,강원대학교
2022 상,대학교,국립,강원,기존,강원대학교,자연과학계열,4712.0,0.0,4627,4268,359,98.2,90.6,강원대학교
2022 상,대학교,국립,강원,기존,강원대학교,공학계열,2660.0,0.0,2855,2603,252,107.3,97.9,강원대학교
2022 상,대학교,국립,강원,기존,강원대학교,예ㆍ체능계열,602.0,0.0,595,577,18,98.8,95.8,강원대학교
2022 상,대학교,국립,강원,기존,강원대학교,의학계열,160.0,0.0,162,158,4,101.3,98.8,강원대학교
2022 하,대학교,국립,강원,기존,강원대학교,인문ㆍ사회계열,4115.0,0.0,4507,4039,468,109.5,98.2,강원대학교
2022 하,대학교,국립,강원,기존,강원대학교,자연과학계열,4712.0,0.0,4894,4526,368,103.9,96.1,강원대학교
2022 하,대학교,국립,강원,기존,강원대학교,공학계열,2660.0,0.0,3044,2780,264,114.4,104.5,강원대학교
2022 하,대학교,국립,강원,기존,강원대학교,예ㆍ체능계열,602.0,0.0,658,636,22,109.3,105.6,강원대학교
2022 하,대학교,국립,강원,기존,강원대학교,의학계열,160.0,0.0,167,163,4,104.4,101.9,강원대학교
2022 상,대학교,국립,강원,기존,강원대학교 _제2캠퍼스,인문ㆍ사회계열,996.0,0.0,777,723,54,78.0,72.6,강원대학교 _제2캠퍼스
2022 상,대학교,국립,강원,기존,강원대학교 _제2캠퍼스,자연과학계열,1482.0,0.0,1295,1196,99,87.4,80.7,강원대학교 _제2캠퍼스
2022 상,대학교,국립,강원,기존,강원대학교 _제2캠퍼스,공학계열,2826.0,0.0,2358,2237,121,83.4,79.2,강원대학교 _제2캠퍼스
2022 상,대학교,국립,강원,기존,강원대학교 _제2캠퍼스,예ㆍ체능계열,715.0,0.0,651,617,34,91.0,86.3,강원대학교 _제2캠퍼스
2022 하,대학교,국립,강원,기존,강원대학교 _제2캠퍼스,인문ㆍ사회계열,996.0,0.0,829,774,55,83.2,77.7,강원대학교 _제2캠퍼스
2022 하,대학교,국립,강원,기존,강원대학교 _제2캠퍼스,자연과학계열,1482.0,0.0,1338,1242,96,90.3,83.8,강원대학교 _제2캠퍼스
2022 하,대학교,국립,강원,기존,강원대학교 _제2캠퍼스,공학계열,2826.0,0.0,2485,2359,126,87.9,83.5,강원대학교 _제2캠퍼스
2022 하,대학교,국립,강원,기존,강원대학교 _제2캠퍼스,예ㆍ체능계열,715.0,0.0,708,663,45,99.0,92.7,강원대학교 _제2캠퍼스
2022 상,대학교,사립,서울,기존,건국대학교,인문ㆍ사회계열,3745.0,0.0,5201,3648,1553,138.9,97.4,건국대학교
2022 상,대학교,사립,서울,기존,건국대학교,자연과학계열,1970.0,0.0,1916,1702,214,97.3,86.4,건국대학교
2022 상,대학교,사립,서울,기존,건국대학교,공학계열,4927.0,0.0,5189,4675,514,105.3,94.9,건국대학교
2022 상,대학교,사립,서울,기존,건국대학교,예ㆍ체능계열,1220.0,0.0,1563,1263,300,128.1,103.5,건국대학교
2022 상,대학교,사립,서울,기존,건국대학교,의학계열,276.0,0.0,327,271,56,118.5,98.2,건국대학교
2022 하,대학교,사립,서울,기존,건국대학교,인문ㆍ사회계열,3745.0,0.0,5651,3982,1669,150.9,106.3,건국대학교
2022 하,대학교,사립,서울,기존,건국대학교,자연과학계열,1970.0,0.0,2143,1914,229,108.8,97.2,건국대학교
2022 하,대학교,사립,서울,기존,건국대학교,공학계열,4927.0,0.0,5581,5069,512,113.3,102.9,건국대학교
2022 하,대학교,사립,서울,기존,건국대학교,예ㆍ체능계열,1220.0,0.0,1644,1347,297,134.8,110.4,건국대학교
2022 하,대학교,사립,서울,기존,건국대학교,의학계열,276.0,0.0,324,269,55,117.4,97.5,건국대학교
2022 상,대학교,사립,충북,기존,건국대학교(글로컬) _분교,인문ㆍ사회계열,1975.0,0.0,2111,1891,220,106.9,95.7,건국대학교(글로컬) _분교
2022 상,대학교,사립,충북,기존,건국대학교(글로컬) _분교,자연과학계열,1720.0,0.0,1687,1561,126,98.1,90.8,건국대학교(글로컬) _분교
2022 상,대학교,사립,충북,기존,건국대학교(글로컬) _분교,공학계열,1033.0,0.0,970,926,44,93.9,89.6,건국대학교(글로컬) _분교
2022 상,대학교,사립,충북,기존,건국대학교(글로컬) _분교,예ㆍ체능계열,1488.0,0.0,1584,1439,145,106.5,96.7,건국대학교(글로컬) _분교
2022 하,대학교,사립,충북,기존,건국대학교(글로컬) _분교,인문ㆍ사회계열,1975.0,0.0,2275,2020,255,115.2,102.3,건국대학교(글로컬) _분교
2022 하,대학교,사립,충북,기존,건국대학교(글로컬) _분교,자연과학계열,1720.0,0.0,1747,1614,133,101.6,93.8,건국대학교(글로컬) _분교
2022 하,대학교,사립,충북,기존,건국대학교(글로컬) _분교,공학계열,1033.0,0.0,1018,972,46,98.5,94.1,건국대학교(글로컬) _분교
2022 하,대학교,사립,충북,기존,건국대학교(글로컬) _분교,예ㆍ체능계열,1488.0,0.0,1664,1519,145,111.8,102.1,건국대학교(글로컬) _분교
2022 상,대학교,사립,충남,기존,건양대학교,인문ㆍ사회계열,1959.0,0.0,1739,1582,157,88.8,80.8,건양대학교
2022 상,대학교,사립,충남,기존,건양대학교,자연과학계열,483.0,0.0,412,394,18,85.3,81.6,건양대학교
2022 상,대학교,사립,충남,기존,건양대학교,공학계열,745.0,0.0,567,538,29,76.1,72.2,건양대학교
2022 상,대학교,사립,충남,기존,건양대학교,예ㆍ체능계열,125.0,0.0,112,112,0,89.6,89.6,건양대학교
2022 하,대학교,사립,충남,기존,건양대학교,인문ㆍ사회계열,1959.0,0.0,1827,1657,170,93.3,84.6,건양대학교
2022 하,대학교,사립,충남,기존,건양대학교,자연과학계열,483.0,0.0,437,418,19,90.5,86.5,건양대학교
2022 하,대학교,사립,충남,기존,건양대학교,공학계열,745.0,0.0,577,543,34,77.4,72.9,건양대학교
2022 하,대학교,사립,충남,기존,건양대학교,예ㆍ체능계열,125.0,0.0,116,116,0,92.8,92.8,건양대학교
2022 상,대학교,사립,대전,기존,건양대학교 _제2캠퍼스,인문ㆍ사회계열,168.0,0.0,166,160,6,98.8,95.2,건양대학교 _제2캠퍼스
2022 상,대학교,사립,대전,기존,건양대학교 _제2캠퍼스,자연과학계열,1957.0,0.0,2082,1901,181,106.4,97.1,건양대학교 _제2캠퍼스
2022 상,대학교,사립,대전,기존,건양대학교 _제2캠퍼스,공학계열,1077.0,0.0,956,927,29,88.8,86.1,건양대학교 _제2캠퍼스
2022 상,대학교,사립,대전,기존,건양대학교 _제2캠퍼스,의학계열,196.0,0.0,228,192,36,116.3,98.0,건양대학교 _제2캠퍼스
2022 하,대학교,사립,대전,기존,건양대학교 _제2캠퍼스,인문ㆍ사회계열,168.0,0.0,171,165,6,101.8,98.2,건양대학교 _제2캠퍼스
2022 하,대학교,사립,대전,기존,건양대학교 _제2캠퍼스,자연과학계열,1957.0,0.0,2087,1910,177,106.6,97.6,건양대학교 _제2캠퍼스
2022 하,대학교,사립,대전,기존,건양대학교 _제2캠퍼스,공학계열,1077.0,0.0,995,969,26,92.4,90.0,건양대학교 _제2캠퍼스
2022 하,대학교,사립,대전,기존,건양대학교 _제2캠퍼스,의학계열,196.0,0.0,228,192,36,116.3,98.0,건양대학교 _제2캠퍼스
2022 상,대학교,사립,경기,기존,경기대학교,인문ㆍ사회계열,5090.0,0.0,5521,4697,824,108.5,92.3,경기대학교
2022 상,대학교,사립,경기,기존,경기대학교,자연과학계열,986.0,0.0,1048,959,89,106.3,97.3,경기대학교
2022 상,대학교,사립,경기,기존,경기대학교,공학계열,2929.0,0.0,2855,2509,346,97.5,85.7,경기대학교
2022 상,대학교,사립,경기,기존,경기대학교,예ㆍ체능계열,1442.0,0.0,1334,1291,43,92.5,89.5,경기대학교
2022 하,대학교,사립,경기,기존,경기대학교,인문ㆍ사회계열,5090.0,0.0,5767,4896,871,113.3,96.2,경기대학교
2022 하,대학교,사립,경기,기존,경기대학교,자연과학계열,986.0,0.0,1091,990,101,110.6,100.4,경기대학교
2022 하,대학교,사립,경기,기존,경기대학교,공학계열,2929.0,0.0,2960,2604,356,101.1,88.9,경기대학교
2022 하,대학교,사립,경기,기존,경기대학교,예ㆍ체능계열,1442.0,0.0,1415,1368,47,98.1,94.9,경기대학교
2022 상,대학교,사립,서울,기존,경기대학교 _제2캠퍼스,인문ㆍ사회계열,898.0,0.0,1447,838,609,161.1,93.3,경기대학교 _제2캠퍼스
2022 상,대학교,사립,서울,기존,경기대학교 _제2캠퍼스,예ㆍ체능계열,414.0,0.0,407,376,31,98.3,90.8,경기대학교 _제2캠퍼스
2022 하,대학교,사립,서울,기존,경기대학교 _제2캠퍼스,인문ㆍ사회계열,898.0,0.0,1567,887,680,174.5,98.8,경기대학교 _제2캠퍼스
2022 하,대학교,사립,서울,기존,경기대학교 _제2캠퍼스,예ㆍ체능계열,414.0,0.0,443,411,32,107.0,99.3,경기대학교 _제2캠퍼스
2022 상,대학교,국립,경남,폐교,경남과학기술대학교,인문ㆍ사회계열,930.0,0.0,841,813,28,90.4,87.4,경상국립대학교
2022 상,대학교,국립,경남,폐교,경남과학기술대학교,자연과학계열,973.0,0.0,902,849,53,92.7,87.3,경상국립대학교
2022 상,대학교,국립,경남,폐교,경남과학기술대학교,공학계열,1498.0,0.0,1379,1315,64,92.1,87.8,경상국립대학교
2022 상,대학교,국립,경남,폐교,경남과학기술대학교,예ㆍ체능계열,129.0,0.0,94,94,0,72.9,72.9,경상국립대학교
2022 하,대학교,국립,경남,폐교,경남과학기술대학교,인문ㆍ사회계열,930.0,0.0,889,861,28,95.6,92.6,경상국립대학교
2022 하,대학교,국립,경남,폐교,경남과학기술대학교,자연과학계열,973.0,0.0,927,878,49,95.3,90.2,경상국립대학교
2022 하,대학교,국립,경남,폐교,경남과학기술대학교,공학계열,1498.0,0.0,1376,1316,60,91.9,87.9,경상국립대학교
2022 하,대학교,국립,경남,폐교,경남과학기술대학교,예ㆍ체능계열,129.0,0.0,102,102,0,79.1,79.1,경상국립대학교
2022 상,대학교,사립,경남,기존,경남대학교,인문ㆍ사회계열,4736.0,0.0,4195,3803,392,88.6,80.3,경남대학교
2022 상,대학교,사립,경남,기존,경남대학교,자연과학계열,1957.0,0.0,1677,1545,132,85.7,78.9,경남대학교
2022 상,대학교,사립,경남,기존,경남대학교,공학계열,3185.0,0.0,2764,2586,178,86.8,81.2,경남대학교
2022 상,대학교,사립,경남,기존,경남대학교,예ㆍ체능계열,802.0,0.0,830,771,59,103.5,96.1,경남대학교
2022 하,대학교,사립,경남,기존,경남대학교,인문ㆍ사회계열,4736.0,0.0,4570,4205,365,96.5,88.8,경남대학교
2022 하,대학교,사립,경남,기존,경남대학교,자연과학계열,1957.0,0.0,1794,1652,142,91.7,84.4,경남대학교
2022 하,대학교,사립,경남,기존,경남대학교,공학계열,3185.0,0.0,2949,2762,187,92.6,86.7,경남대학교
2022 하,대학교,사립,경남,기존,경남대학교,예ㆍ체능계열,802.0,0.0,881,818,63,109.9,102.0,경남대학교
2022 상,대학교,사립,강원,기존,경동대학교,인문ㆍ사회계열,263.0,0.0,571,125,446,217.1,47.5,경동대학교
2022 상,대학교,사립,강원,기존,경동대학교,자연과학계열,50.0,0.0,37,20,17,74.0,40.0,경동대학교
2022 하,대학교,사립,강원,기존,경동대학교,인문ㆍ사회계열,263.0,0.0,491,127,364,186.7,48.3,경동대학교
2022 하,대학교,사립,강원,기존,경동대학교,자연과학계열,50.0,0.0,46,26,20,92.0,52.0,경동대학교
2022 상,대학교,국립,대구,기존,경북대학교,인문ㆍ사회계열,5008.0,0.0,5386,4694,692,107.5,93.7,경북대학교
2022 상,대학교,국립,대구,기존,경북대학교,자연과학계열,5942.0,0.0,5853,5291,562,98.5,89.0,경북대학교
2022 상,대학교,국립,대구,기존,경북대학교,공학계열,6185.0,0.0,6443,5799,644,104.2,93.8,경북대학교
2022 상,대학교,국립,대구,기존,경북대학교,예ㆍ체능계열,1012.0,0.0,964,928,36,95.3,91.7,경북대학교
2022 상,대학교,국립,대구,기존,경북대학교,의학계열,908.0,0.0,887,862,25,97.7,94.9,경북대학교
2022 하,대학교,국립,대구,기존,경북대학교,인문ㆍ사회계열,5008.0,0.0,5918,5183,735,118.2,103.5,경북대학교
2022 하,대학교,국립,대구,기존,경북대학교,자연과학계열,5942.0,0.0,6270,5674,596,105.5,95.5,경북대학교
2022 하,대학교,국립,대구,기존,경북대학교,공학계열,6185.0,0.0,6945,6275,670,112.3,101.5,경북대학교
2022 하,대학교,국립,대구,기존,경북대학교,예ㆍ체능계열,1012.0,0.0,1001,964,37,98.9,95.3,경북대학교
2022 하,대학교,국립,대구,기존,경북대학교,의학계열,908.0,0.0,894,869,25,98.5,95.7,경북대학교
2022 상,대학교,국립,경남,기존,경상국립대학교,인문ㆍ사회계열,4488.0,0.0,4597,4148,449,102.4,92.4,경상국립대학교
2022 상,대학교,국립,경남,기존,경상국립대학교,자연과학계열,3912.0,0.0,3805,3506,299,97.3,89.6,경상국립대학교
2022 상,대학교,국립,경남,기존,경상국립대학교,공학계열,4568.0,0.0,4242,4005,237,92.9,87.7,경상국립대학교
2022 상,대학교,국립,경남,기존,경상국립대학교,예ㆍ체능계열,335.0,0.0,309,306,3,92.2,91.3,경상국립대학교
2022 상,대학교,국립,경남,기존,경상국립대학교,의학계열,527.0,0.0,501,468,33,95.1,88.8,경상국립대학교
2022 하,대학교,국립,경남,기존,경상국립대학교,인문ㆍ사회계열,4488.0,0.0,4867,4380,487,108.4,97.6,경상국립대학교
2022 하,대학교,국립,경남,기존,경상국립대학교,자연과학계열,3912.0,0.0,3960,3653,307,101.2,93.4,경상국립대학교
2022 하,대학교,국립,경남,기존,경상국립대학교,공학계열,4568.0,0.0,4527,4271,256,99.1,93.5,경상국립대학교
2022 하,대학교,국립,경남,기존,경상국립대학교,예ㆍ체능계열,335.0,0.0,327,324,3,97.6,96.7,경상국립대학교
2022 하,대학교,국립,경남,기존,경상국립대학교,의학계열,550.0,0.0,504,471,33,91.6,85.6,경상국립대학교
2022 상,대학교,사립,부산,기존,경성대학교,인문ㆍ사회계열,4724.0,0.0,5215,4206,1009,110.4,89.0,경성대학교
2022 상,대학교,사립,부산,기존,경성대학교,자연과학계열,1457.0,0.0,1403,1281,122,96.3,87.9,경성대학교
2022 상,대학교,사립,부산,기존,경성대학교,공학계열,2860.0,0.0,2500,2273,227,87.4,79.5,경성대학교
2022 상,대학교,사립,부산,기존,경성대학교,예ㆍ체능계열,2159.0,0.0,2014,1927,87,93.3,89.3,경성대학교
2022 하,대학교,사립,부산,기존,경성대학교,인문ㆍ사회계열,4724.0,0.0,5468,4494,974,115.7,95.1,경성대학교
2022 하,대학교,사립,부산,기존,경성대학교,자연과학계열,1457.0,0.0,1484,1358,126,101.9,93.2,경성대학교
2022 하,대학교,사립,부산,기존,경성대학교,공학계열,2860.0,0.0,2675,2457,218,93.5,85.9,경성대학교
2022 하,대학교,사립,부산,기존,경성대학교,예ㆍ체능계열,2159.0,0.0,2158,2062,96,100.0,95.5,경성대학교
2022 상,교육대학,국립,인천,기존,경인교육대학교,인문ㆍ사회계열,2392.0,0.0,580,522,58,24.2,21.8,경인교육대학교
2022 하,교육대학,국립,인천,기존,경인교육대학교,인문ㆍ사회계열,2392.0,0.0,615,555,60,25.7,23.2,경인교육대학교
2022 상,대학교,사립,경북,기존,경일대학교,인문ㆍ사회계열,1214.0,0.0,1345,1133,212,110.8,93.3,경일대학교
2022 상,대학교,사립,경북,기존,경일대학교,자연과학계열,790.0,0.0,860,751,109,108.9,95.1,경일대학교
2022 상,대학교,사립,경북,기존,경일대학교,공학계열,2803.0,0.0,2880,2521,359,102.7,89.9,경일대학교
2022 상,대학교,사립,경북,기존,경일대학교,예ㆍ체능계열,1549.0,0.0,1379,1319,60,89.0,85.2,경일대학교
2022 하,대학교,사립,경북,기존,경일대학교,인문ㆍ사회계열,1214.0,0.0,1421,1200,221,117.1,98.8,경일대학교
2022 하,대학교,사립,경북,기존,경일대학교,자연과학계열,790.0,0.0,886,774,112,112.2,98.0,경일대학교
2022 하,대학교,사립,경북,기존,경일대학교,공학계열,2803.0,0.0,2998,2630,368,107.0,93.8,경일대학교
2022 하,대학교,사립,경북,기존,경일대학교,예ㆍ체능계열,1549.0,0.0,1547,1475,72,99.9,95.2,경일대학교
2022 상,대학교,사립,서울,기존,경희대학교,인문ㆍ사회계열,6916.0,0.0,10305,6478,3827,149.0,93.7,경희대학교
2022 상,대학교,사립,서울,기존,경희대학교,자연과학계열,4178.0,0.0,4280,3801,479,102.4,91.0,경희대학교
2022 상,대학교,사립,서울,기존,경희대학교,공학계열,4039.0,0.0,4065,3620,445,100.6,89.6,경희대학교
2022 상,대학교,사립,서울,기존,경희대학교,예ㆍ체능계열,3428.0,0.0,3989,3228,761,116.4,94.2,경희대학교
2022 상,대학교,사립,서울,기존,경희대학교,의학계열,1192.0,0.0,1163,1145,18,97.6,96.1,경희대학교
2022 하,대학교,사립,서울,기존,경희대학교,인문ㆍ사회계열,6916.0,0.0,11428,7239,4189,165.2,104.7,경희대학교
2022 하,대학교,사립,서울,기존,경희대학교,자연과학계열,4178.0,0.0,4589,4057,532,109.8,97.1,경희대학교
2022 하,대학교,사립,서울,기존,경희대학교,공학계열,4039.0,0.0,4522,4055,467,112.0,100.4,경희대학교
2022 하,대학교,사립,서울,기존,경희대학교,예ㆍ체능계열,3428.0,0.0,4292,3507,785,125.2,102.3,경희대학교
2022 하,대학교,사립,서울,기존,경희대학교,의학계열,1192.0,0.0,1167,1148,19,97.9,96.3,경희대학교
2022 상,대학교,사립,대구,기존,계명대학교,인문ㆍ사회계열,8826.0,0.0,9496,8069,1427,107.6,91.4,계명대학교
2022 상,대학교,사립,대구,기존,계명대학교,자연과학계열,2422.0,0.0,2410,2225,185,99.5,91.9,계명대학교
2022 상,대학교,사립,대구,기존,계명대학교,공학계열,3828.0,0.0,3958,3563,395,103.4,93.1,계명대학교
2022 상,대학교,사립,대구,기존,계명대학교,예ㆍ체능계열,3357.0,0.0,3388,3170,218,100.9,94.4,계명대학교
2022 상,대학교,사립,대구,기존,계명대학교,의학계열,304.0,0.0,307,294,13,101.0,96.7,계명대학교
2022 하,대학교,사립,대구,기존,계명대학교,인문ㆍ사회계열,8826.0,0.0,10165,8741,1424,115.2,99.0,계명대학교
2022 하,대학교,사립,대구,기존,계명대학교,자연과학계열,2422.0,0.0,2550,2357,193,105.3,97.3,계명대학교
2022 하,대학교,사립,대구,기존,계명대학교,공학계열,3828.0,0.0,4151,3754,397,108.4,98.1,계명대학교
2022 하,대학교,사립,대구,기존,계명대학교,예ㆍ체능계열,3357.0,0.0,3580,3383,197,106.6,100.8,계명대학교
2022 하,대학교,사립,대구,기존,계명대학교,의학계열,304.0,0.0,307,294,13,101.0,96.7,계명대학교
2022 상,대학교,사립,서울,기존,고려대학교,인문ㆍ사회계열,7640.0,0.0,9619,7363,2256,125.9,96.4,고려대학교
2022 상,대학교,사립,서울,기존,고려대학교,자연과학계열,3352.0,0.0,3187,2811,376,95.1,83.9,고려대학교
2022 상,대학교,사립,서울,기존,고려대학교,공학계열,3692.0,0.0,4350,3442,908,117.8,93.2,고려대학교
2022 상,대학교,사립,서울,기존,고려대학교,예ㆍ체능계열,520.0,0.0,589,545,44,113.3,104.8,고려대학교
2022 상,대학교,사립,서울,기존,고려대학교,의학계열,424.0,0.0,421,411,10,99.3,96.9,고려대학교
2022 하,대학교,사립,서울,기존,고려대학교,인문ㆍ사회계열,7640.0,0.0,10334,8011,2323,135.3,104.9,고려대학교
2022 하,대학교,사립,서울,기존,고려대학교,자연과학계열,3352.0,0.0,3591,3170,421,107.1,94.6,고려대학교
2022 하,대학교,사립,서울,기존,고려대학교,공학계열,3692.0,0.0,4643,3712,931,125.8,100.5,고려대학교
2022 하,대학교,사립,서울,기존,고려대학교,예ㆍ체능계열,520.0,0.0,608,564,44,116.9,108.5,고려대학교
2022 하,대학교,사립,서울,기존,고려대학교,의학계열,424.0,0.0,421,411,10,99.3,96.9,고려대학교
2022 상,대학교,사립,세종,기존,고려대학교(세종) _분교,인문ㆍ사회계열,2350.0,0.0,2630,2182,448,111.9,92.9,고려대학교(세종) _분교
2022 상,대학교,사립,세종,기존,고려대학교(세종) _분교,자연과학계열,852.0,0.0,873,722,151,102.5,84.7,고려대학교(세종) _분교
2022 상,대학교,사립,세종,기존,고려대학교(세종) _분교,공학계열,2035.0,0.0,1936,1748,188,95.1,85.9,고려대학교(세종) _분교
2022 상,대학교,사립,세종,기존,고려대학교(세종) _분교,예ㆍ체능계열,372.0,0.0,372,337,35,100.0,90.6,고려대학교(세종) _분교
2022 하,대학교,사립,세종,기존,고려대학교(세종) _분교,인문ㆍ사회계열,2350.0,0.0,2922,2489,433,124.3,105.9,고려대학교(세종) _분교
2022 하,대학교,사립,세종,기존,고려대학교(세종) _분교,자연과학계열,852.0,0.0,931,783,148,109.3,91.9,고려대학교(세종) _분교
2022 하,대학교,사립,세종,기존,고려대학교(세종) _분교,공학계열,2035.0,0.0,2122,1924,198,104.3,94.5,고려대학교(세종) _분교
2022 하,대학교,사립,세종,기존,고려대학교(세종) _분교,예ㆍ체능계열,372.0,0.0,431,397,34,115.9,106.7,고려대학교(세종) _분교
2022 상,대학교,사립,부산,기존,고신대학교,인문ㆍ사회계열,1755.0,0.0,1554,1443,111,88.5,82.2,고신대학교
2022 상,대학교,사립,부산,기존,고신대학교,자연과학계열,1377.0,0.0,1196,1154,42,86.9,83.8,고신대학교
2022 상,대학교,사립,부산,기존,고신대학교,예ㆍ체능계열,260.0,0.0,173,166,7,66.5,63.8,고신대학교
2022 상,대학교,사립,부산,기존,고신대학교,의학계열,304.0,0.0,290,290,0,95.4,95.4,고신대학교
2022 하,대학교,사립,부산,기존,고신대학교,인문ㆍ사회계열,1755.0,0.0,1755,1630,125,100.0,92.9,고신대학교
2022 하,대학교,사립,부산,기존,고신대학교,자연과학계열,1377.0,0.0,1285,1240,45,93.3,90.1,고신대학교
2022 하,대학교,사립,부산,기존,고신대학교,예ㆍ체능계열,260.0,0.0,200,195,5,76.9,75.0,고신대학교
2022 하,대학교,사립,부산,기존,고신대학교,의학계열,304.0,0.0,294,294,0,96.7,96.7,고신대학교
2022 상,교육대학,국립,충남,기존,공주교육대학교,인문ㆍ사회계열,1416.0,0.0,604,558,46,42.7,39.4,공주교육대학교
2022 하,교육대학,국립,충남,기존,공주교육대학교,인문ㆍ사회계열,1416.0,0.0,614,567,47,43.4,40.0,공주교육대학교
2022 상,대학교,사립,광주,기존,광신대학교,인문ㆍ사회계열,372.0,0.0,328,314,14,88.2,84.4,광신대학교
2022 상,대학교,사립,광주,기존,광신대학교,예ㆍ체능계열,116.0,0.0,98,97,1,84.5,83.6,광신대학교
2022 하,대학교,사립,광주,기존,광신대학교,인문ㆍ사회계열,372.0,0.0,348,334,14,93.5,89.8,광신대학교
2022 하,대학교,사립,광주,기존,광신대학교,예ㆍ체능계열,116.0,0.0,109,108,1,94.0,93.1,광신대학교
2022 상,대학교,사립,서울,기존,광운대학교,인문ㆍ사회계열,2346.0,0.0,3250,2189,1061,138.5,93.3,광운대학교
2022 상,대학교,사립,서울,기존,광운대학교,자연과학계열,560.0,0.0,710,480,230,126.8,85.7,광운대학교
2022 상,대학교,사립,서울,기존,광운대학교,공학계열,3713.0,0.0,3864,3439,425,104.1,92.6,광운대학교
2022 상,대학교,사립,서울,기존,광운대학교,예ㆍ체능계열,148.0,0.0,144,131,13,97.3,88.5,광운대학교
2022 하,대학교,사립,서울,기존,광운대학교,인문ㆍ사회계열,2346.0,0.0,3499,2422,1077,149.1,103.2,광운대학교
2022 하,대학교,사립,서울,기존,광운대학교,자연과학계열,560.0,0.0,758,514,244,135.4,91.8,광운대학교
2022 하,대학교,사립,서울,기존,광운대학교,공학계열,3713.0,0.0,4092,3656,436,110.2,98.5,광운대학교
2022 하,대학교,사립,서울,기존,광운대학교,예ㆍ체능계열,148.0,0.0,147,137,10,99.3,92.6,광운대학교
2022 상,대학교,사립,전남,기존,광주가톨릭대학교,인문ㆍ사회계열,160.0,0.0,59,59,0,36.9,36.9,광주가톨릭대학교
2022 하,대학교,사립,전남,기존,광주가톨릭대학교,인문ㆍ사회계열,160.0,0.0,60,60,0,37.5,37.5,광주가톨릭대학교
2022 상,대학교,특별법법인,광주,기존,광주과학기술원,자연과학계열,800.0,2.0,368,350,18,46.1,43.9,광주과학기술원
2022 하,대학교,특별법법인,광주,기존,광주과학기술원,자연과학계열,800.0,2.0,400,385,15,50.1,48.2,광주과학기술원
2022 상,교육대학,국립,광주,기존,광주교육대학교,인문ㆍ사회계열,1304.0,0.0,543,510,33,41.6,39.1,광주교육대학교
2022 하,교육대학,국립,광주,기존,광주교육대학교,인문ㆍ사회계열,1304.0,0.0,566,532,34,43.4,40.8,광주교육대학교
2022 상,대학교,사립,광주,기존,광주대학교,인문ㆍ사회계열,3185.0,0.0,2653,2387,266,83.3,74.9,광주대학교
2022 상,대학교,사립,광주,기존,광주대학교,자연과학계열,1130.0,0.0,1392,1258,134,123.2,111.3,광주대학교
2022 상,대학교,사립,광주,기존,광주대학교,공학계열,1439.0,0.0,1154,1120,34,80.2,77.8,광주대학교
2022 상,대학교,사립,광주,기존,광주대학교,예ㆍ체능계열,687.0,0.0,790,770,20,115.0,112.1,광주대학교
2022 하,대학교,사립,광주,기존,광주대학교,인문ㆍ사회계열,3185.0,0.0,2792,2572,220,87.7,80.8,광주대학교
2022 하,대학교,사립,광주,기존,광주대학교,자연과학계열,1130.0,0.0,1454,1315,139,128.7,116.4,광주대학교
2022 하,대학교,사립,광주,기존,광주대학교,공학계열,1439.0,0.0,1247,1209,38,86.7,84.0,광주대학교
2022 하,대학교,사립,광주,기존,광주대학교,예ㆍ체능계열,687.0,0.0,875,851,24,127.4,123.9,광주대학교
2022 상,대학교,사립,광주,기존,광주여자대학교,인문ㆍ사회계열,1439.0,0.0,1420,1228,192,98.7,85.3,광주여자대학교
2022 상,대학교,사립,광주,기존,광주여자대학교,자연과학계열,2071.0,0.0,1941,1761,180,93.7,85.0,광주여자대학교
2022 상,대학교,사립,광주,기존,광주여자대학교,예ㆍ체능계열,120.0,0.0,85,85,0,70.8,70.8,광주여자대학교
2022 하,대학교,사립,광주,기존,광주여자대학교,인문ㆍ사회계열,1439.0,0.0,1579,1372,207,109.7,95.3,광주여자대학교
2022 하,대학교,사립,광주,기존,광주여자대학교,자연과학계열,2071.0,0.0,2082,1897,185,100.5,91.6,광주여자대학교
2022 하,대학교,사립,광주,기존,광주여자대학교,예ㆍ체능계열,120.0,0.0,105,104,1,87.5,86.7,광주여자대학교
2022 상,대학교,국립,강원,기존,국립강릉원주대학교,인문ㆍ사회계열,1945.0,35.0,1830,1586,244,95.8,83.0,국립강릉원주대학교
2022 상,대학교,국립,강원,기존,국립강릉원주대학교,자연과학계열,1908.0,10.0,1678,1574,104,88.4,82.9,국립강릉원주대학교
2022 상,대학교,국립,강원,기존,국립강릉원주대학교,공학계열,839.0,7.0,721,682,39,86.7,82.0,국립강릉원주대학교
2022 상,대학교,국립,강원,기존,국립강릉원주대학교,예ㆍ체능계열,588.0,13.0,481,476,5,83.7,82.8,국립강릉원주대학교
2022 상,대학교,국립,강원,기존,국립강릉원주대학교,의학계열,160.0,0.0,155,145,10,96.9,90.6,국립강릉원주대학교
2022 하,대학교,국립,강원,기존,국립강릉원주대학교,인문ㆍ사회계열,1945.0,35.0,1973,1719,254,103.3,90.0,국립강릉원주대학교
2022 하,대학교,국립,강원,기존,국립강릉원주대학교,자연과학계열,1908.0,10.0,1741,1634,107,91.7,86.1,국립강릉원주대학교
2022 하,대학교,국립,강원,기존,국립강릉원주대학교,공학계열,839.0,7.0,742,698,44,89.2,83.9,국립강릉원주대학교
2022 하,대학교,국립,강원,기존,국립강릉원주대학교,예ㆍ체능계열,588.0,13.0,516,508,8,89.7,88.3,국립강릉원주대학교
2022 하,대학교,국립,강원,기존,국립강릉원주대학교,의학계열,160.0,0.0,156,146,10,97.5,91.3,국립강릉원주대학교
2022 상,대학교,국립,강원,기존,국립강릉원주대학교 _제2캠퍼스,인문ㆍ사회계열,485.0,5.0,467,454,13,97.3,94.6,국립강릉원주대학교 _제2캠퍼스
2022 상,대학교,국립,강원,기존,국립강릉원주대학교 _제2캠퍼스,자연과학계열,300.0,0.0,339,284,55,113.0,94.7,국립강릉원주대학교 _제2캠퍼스
2022 상,대학교,국립,강원,기존,국립강릉원주대학교 _제2캠퍼스,공학계열,1187.0,22.0,1165,1087,78,100.0,93.3,국립강릉원주대학교 _제2캠퍼스
2022 하,대학교,국립,강원,기존,국립강릉원주대학교 _제2캠퍼스,인문ㆍ사회계열,485.0,5.0,491,475,16,102.3,99.0,국립강릉원주대학교 _제2캠퍼스
2022 하,대학교,국립,강원,기존,국립강릉원주대학교 _제2캠퍼스,자연과학계열,300.0,0.0,346,292,54,115.3,97.3,국립강릉원주대학교 _제2캠퍼스
2022 하,대학교,국립,강원,기존,국립강릉원주대학교 _제2캠퍼스,공학계열,1187.0,22.0,1196,1120,76,102.7,96.1,국립강릉원주대학교 _제2캠퍼스
2022 상,대학교,국립,경북,기존,국립경국대학교,인문ㆍ사회계열,1825.0,0.0,1391,1311,80,76.2,71.8,국립경국대학교
2022 상,대학교,국립,경북,기존,국립경국대학교,자연과학계열,1749.0,0.0,1569,1482,87,89.7,84.7,국립경국대학교
2022 상,대학교,국립,경북,기존,국립경국대학교,공학계열,1875.0,0.0,1482,1378,104,79.0,73.5,국립경국대학교
2022 상,대학교,국립,경북,기존,국립경국대학교,예ㆍ체능계열,330.0,0.0,248,243,5,75.2,73.6,국립경국대학교
2022 하,대학교,국립,경북,기존,국립경국대학교,인문ㆍ사회계열,1825.0,0.0,1455,1370,85,79.7,75.1,국립경국대학교
2022 하,대학교,국립,경북,기존,국립경국대학교,자연과학계열,1749.0,0.0,1610,1521,89,92.1,87.0,국립경국대학교
2022 하,대학교,국립,경북,기존,국립경국대학교,공학계열,1875.0,0.0,1556,1452,104,83.0,77.4,국립경국대학교
2022 하,대학교,국립,경북,기존,국립경국대학교,예ㆍ체능계열,330.0,0.0,279,274,5,84.5,83.0,국립경국대학교
2022 상,대학교,국립,충남,기존,국립공주대학교,인문ㆍ사회계열,3024.0,0.0,3121,2738,383,103.2,90.5,국립공주대학교
2022 상,대학교,국립,충남,기존,국립공주대학교,자연과학계열,3441.0,0.0,3400,3058,342,98.8,88.9,국립공주대학교
2022 상,대학교,국립,충남,기존,국립공주대학교,공학계열,3601.0,0.0,4030,3253,777,111.9,90.3,국립공주대학교
2022 상,대학교,국립,충남,기존,국립공주대학교,예ㆍ체능계열,996.0,0.0,1039,974,65,104.3,97.8,국립공주대학교
2022 하,대학교,국립,충남,기존,국립공주대학교,인문ㆍ사회계열,3024.0,0.0,3257,2868,389,107.7,94.8,국립공주대학교
2022 하,대학교,국립,충남,기존,국립공주대학교,자연과학계열,3441.0,0.0,3540,3192,348,102.9,92.8,국립공주대학교
2022 하,대학교,국립,충남,기존,국립공주대학교,공학계열,3601.0,0.0,4262,3393,869,118.4,94.2,국립공주대학교
2022 하,대학교,국립,충남,기존,국립공주대학교,예ㆍ체능계열,996.0,0.0,1095,1027,68,109.9,103.1,국립공주대학교
2022 상,대학교,국립,전북,기존,국립군산대학교,인문ㆍ사회계열,1716.0,0.0,1585,1347,238,92.4,78.5,국립군산대학교
2022 상,대학교,국립,전북,기존,국립군산대학교,자연과학계열,1440.0,0.0,1194,1103,91,82.9,76.6,국립군산대학교
2022 상,대학교,국립,전북,기존,국립군산대학교,공학계열,3360.0,0.0,2621,2464,157,78.0,73.3,국립군산대학교
2022 상,대학교,국립,전북,기존,국립군산대학교,예ㆍ체능계열,424.0,0.0,402,338,64,94.8,79.7,국립군산대학교
2022 하,대학교,국립,전북,기존,국립군산대학교,인문ㆍ사회계열,1716.0,0.0,1836,1571,265,107.0,91.6,국립군산대학교
2022 하,대학교,국립,전북,기존,국립군산대학교,자연과학계열,1440.0,0.0,1335,1232,103,92.7,85.6,국립군산대학교
2022 하,대학교,국립,전북,기존,국립군산대학교,공학계열,3360.0,0.0,2999,2820,179,89.3,83.9,국립군산대학교
2022 하,대학교,국립,전북,기존,국립군산대학교,예ㆍ체능계열,424.0,0.0,441,384,57,104.0,90.6,국립군산대학교
2022 상,대학교,국립,경북,기존,국립금오공과대학교,인문ㆍ사회계열,160.0,0.0,154,135,19,96.3,84.4,국립금오공과대학교
2022 상,대학교,국립,경북,기존,국립금오공과대학교,자연과학계열,230.0,0.0,225,216,9,97.8,93.9,국립금오공과대학교
2022 상,대학교,국립,경북,기존,국립금오공과대학교,공학계열,4471.0,0.0,4569,4126,443,102.2,92.3,국립금오공과대학교
2022 하,대학교,국립,경북,기존,국립금오공과대학교,인문ㆍ사회계열,160.0,0.0,157,136,21,98.1,85.0,국립금오공과대학교
2022 하,대학교,국립,경북,기존,국립금오공과대학교,자연과학계열,230.0,0.0,240,232,8,104.3,100.9,국립금오공과대학교
2022 하,대학교,국립,경북,기존,국립금오공과대학교,공학계열,4471.0,0.0,4791,4314,477,107.2,96.5,국립금오공과대학교
2022 상,대학교,국립,전남,기존,국립목포대학교,인문ㆍ사회계열,2496.0,0.0,2216,2015,201,88.8,80.7,국립목포대학교
2022 상,대학교,국립,전남,기존,국립목포대학교,자연과학계열,1479.0,0.0,1269,1174,95,85.8,79.4,국립목포대학교
2022 상,대학교,국립,전남,기존,국립목포대학교,공학계열,2079.0,0.0,2081,1800,281,100.1,86.6,국립목포대학교
2022 상,대학교,국립,전남,기존,국립목포대학교,예ㆍ체능계열,383.0,0.0,305,298,7,79.6,77.8,국립목포대학교
2022 하,대학교,국립,전남,기존,국립목포대학교,인문ㆍ사회계열,2496.0,0.0,2469,2246,223,98.9,90.0,국립목포대학교
2022 하,대학교,국립,전남,기존,국립목포대학교,자연과학계열,1479.0,0.0,1343,1245,98,90.8,84.2,국립목포대학교
2022 하,대학교,국립,전남,기존,국립목포대학교,공학계열,2079.0,0.0,2234,1935,299,107.5,93.1,국립목포대학교
2022 하,대학교,국립,전남,기존,국립목포대학교,예ㆍ체능계열,383.0,0.0,340,332,8,88.8,86.7,국립목포대학교
2022 상,대학교,국립,전남,기존,국립목포해양대학교,공학계열,2764.0,0.0,2432,2332,100,88.0,84.4,국립목포해양대학교
2022 하,대학교,국립,전남,기존,국립목포해양대학교,공학계열,2764.0,0.0,2530,2422,108,91.5,87.6,국립목포해양대학교
2022 상,대학교,국립,부산,기존,국립부경대학교,인문ㆍ사회계열,3781.0,0.0,4569,3696,873,120.8,97.8,국립부경대학교
2022 상,대학교,국립,부산,기존,국립부경대학교,자연과학계열,2352.0,0.0,2192,2049,143,93.2,87.1,국립부경대학교
2022 상,대학교,국립,부산,기존,국립부경대학교,공학계열,6507.0,0.0,6945,6204,741,106.7,95.3,국립부경대학교
2022 상,대학교,국립,부산,기존,국립부경대학교,예ㆍ체능계열,481.0,0.0,516,447,69,107.3,92.9,국립부경대학교
2022 하,대학교,국립,부산,기존,국립부경대학교,인문ㆍ사회계열,3781.0,0.0,4884,3935,949,129.2,104.1,국립부경대학교
2022 하,대학교,국립,부산,기존,국립부경대학교,자연과학계열,2352.0,0.0,2334,2176,158,99.2,92.5,국립부경대학교
2022 하,대학교,국립,부산,기존,국립부경대학교,공학계열,6507.0,0.0,7447,6635,812,114.4,102.0,국립부경대학교
2022 하,대학교,국립,부산,기존,국립부경대학교,예ㆍ체능계열,481.0,0.0,548,480,68,113.9,99.8,국립부경대학교
2022 상,대학교,국립,전남,기존,국립순천대학교,인문ㆍ사회계열,1893.0,0.0,1937,1658,279,102.3,87.6,국립순천대학교
2022 상,대학교,국립,전남,기존,국립순천대학교,자연과학계열,2335.0,0.0,2005,1861,144,85.9,79.7,국립순천대학교
2022 상,대학교,국립,전남,기존,국립순천대학교,공학계열,1731.0,0.0,1623,1502,121,93.8,86.8,국립순천대학교
2022 상,대학교,국립,전남,기존,국립순천대학교,예ㆍ체능계열,620.0,0.0,579,536,43,93.4,86.5,국립순천대학교
2022 하,대학교,국립,전남,기존,국립순천대학교,인문ㆍ사회계열,1893.0,0.0,2003,1738,265,105.8,91.8,국립순천대학교
2022 하,대학교,국립,전남,기존,국립순천대학교,자연과학계열,2335.0,0.0,2128,1946,182,91.1,83.3,국립순천대학교
2022 하,대학교,국립,전남,기존,국립순천대학교,공학계열,1731.0,0.0,1734,1589,145,100.2,91.8,국립순천대학교
2022 하,대학교,국립,전남,기존,국립순천대학교,예ㆍ체능계열,620.0,0.0,601,561,40,96.9,90.5,국립순천대학교
2022 상,대학교,국립,경남,기존,국립창원대학교,인문ㆍ사회계열,3030.0,0.0,3161,2822,339,104.3,93.1,국립창원대학교
2022 상,대학교,국립,경남,기존,국립창원대학교,자연과학계열,1122.0,0.0,1013,959,54,90.3,85.5,국립창원대학교
2022 상,대학교,국립,경남,기존,국립창원대학교,공학계열,2245.0,0.0,2373,2153,220,105.7,95.9,국립창원대학교
2022 상,대학교,국립,경남,기존,국립창원대학교,예ㆍ체능계열,640.0,0.0,529,526,3,82.7,82.2,국립창원대학교
2022 하,대학교,국립,경남,기존,국립창원대학교,인문ㆍ사회계열,3030.0,0.0,3305,2949,356,109.1,97.3,국립창원대학교
2022 하,대학교,국립,경남,기존,국립창원대학교,자연과학계열,1122.0,0.0,1072,1016,56,95.5,90.6,국립창원대학교
2022 하,대학교,국립,경남,기존,국립창원대학교,공학계열,2245.0,0.0,2449,2231,218,109.1,99.4,국립창원대학교
2022 하,대학교,국립,경남,기존,국립창원대학교,예ㆍ체능계열,640.0,0.0,575,570,5,89.8,89.1,국립창원대학교
2022 상,대학교,국립,충북,기존,국립한국교통대학교,인문ㆍ사회계열,1904.0,0.0,1751,1581,170,92.0,83.0,국립한국교통대학교
2022 상,대학교,국립,충북,기존,국립한국교통대학교,자연과학계열,738.0,0.0,747,697,50,101.2,94.4,국립한국교통대학교
2022 상,대학교,국립,충북,기존,국립한국교통대학교,공학계열,4637.0,0.0,4634,4214,420,99.9,90.9,국립한국교통대학교
2022 상,대학교,국립,충북,기존,국립한국교통대학교,예ㆍ체능계열,392.0,0.0,407,345,62,103.8,88.0,국립한국교통대학교
2022 하,대학교,국립,충북,기존,국립한국교통대학교,인문ㆍ사회계열,1904.0,0.0,1855,1678,177,97.4,88.1,국립한국교통대학교
2022 하,대학교,국립,충북,기존,국립한국교통대학교,자연과학계열,738.0,0.0,751,698,53,101.8,94.6,국립한국교통대학교
2022 하,대학교,국립,충북,기존,국립한국교통대학교,공학계열,4637.0,0.0,4898,4451,447,105.6,96.0,국립한국교통대학교
2022 하,대학교,국립,충북,기존,국립한국교통대학교,예ㆍ체능계열,392.0,0.0,423,359,64,107.9,91.6,국립한국교통대학교
2022 상,대학교,국립,부산,기존,국립한국해양대학교,인문ㆍ사회계열,1104.0,0.0,1261,1071,190,114.2,97.0,국립한국해양대학교
2022 상,대학교,국립,부산,기존,국립한국해양대학교,자연과학계열,354.0,0.0,418,342,76,118.1,96.6,국립한국해양대학교
2022 상,대학교,국립,부산,기존,국립한국해양대학교,공학계열,4070.0,0.0,4091,3820,271,100.5,93.9,국립한국해양대학교
2022 상,대학교,국립,부산,기존,국립한국해양대학교,예ㆍ체능계열,96.0,0.0,91,83,8,94.8,86.5,국립한국해양대학교
2022 하,대학교,국립,부산,기존,국립한국해양대학교,인문ㆍ사회계열,1104.0,0.0,1357,1154,203,122.9,104.5,국립한국해양대학교
2022 하,대학교,국립,부산,기존,국립한국해양대학교,자연과학계열,354.0,0.0,439,355,84,124.0,100.3,국립한국해양대학교
2022 하,대학교,국립,부산,기존,국립한국해양대학교,공학계열,4070.0,0.0,4277,3997,280,105.1,98.2,국립한국해양대학교
2022 하,대학교,국립,부산,기존,국립한국해양대학교,예ㆍ체능계열,96.0,0.0,105,97,8,109.4,101.0,국립한국해양대학교
2022 상,대학교,사립,서울,기존,국민대학교,인문ㆍ사회계열,4545.0,0.0,6155,4207,1948,135.4,92.6,국민대학교
2022 상,대학교,사립,서울,기존,국민대학교,자연과학계열,1214.0,0.0,1213,1066,147,99.9,87.8,국민대학교
2022 상,대학교,사립,서울,기존,국민대학교,공학계열,3673.0,0.0,4053,3597,456,110.3,97.9,국민대학교
2022 상,대학교,사립,서울,기존,국민대학교,예ㆍ체능계열,2178.0,0.0,2352,2159,193,108.0,99.1,국민대학교
2022 하,대학교,사립,서울,기존,국민대학교,인문ㆍ사회계열,4545.0,0.0,6636,4511,2125,146.0,99.3,국민대학교
2022 하,대학교,사립,서울,기존,국민대학교,자연과학계열,1214.0,0.0,1302,1141,161,107.2,94.0,국민대학교
2022 하,대학교,사립,서울,기존,국민대학교,공학계열,3673.0,0.0,4186,3691,495,114.0,100.5,국민대학교
2022 하,대학교,사립,서울,기존,국민대학교,예ㆍ체능계열,2178.0,0.0,2438,2235,203,111.9,102.6,국민대학교
2022 상,대학교,사립,충북,기존,극동대학교,인문ㆍ사회계열,959.0,0.0,737,662,75,76.9,69.0,극동대학교
2022 상,대학교,사립,충북,기존,극동대학교,자연과학계열,891.0,0.0,904,791,113,101.5,88.8,극동대학교
2022 상,대학교,사립,충북,기존,극동대학교,공학계열,995.0,0.0,585,543,42,58.8,54.6,극동대학교
2022 상,대학교,사립,충북,기존,극동대학교,예ㆍ체능계열,737.0,0.0,553,540,13,75.0,73.3,극동대학교
2022 하,대학교,사립,충북,기존,극동대학교,인문ㆍ사회계열,959.0,0.0,782,725,57,81.5,75.6,극동대학교
2022 하,대학교,사립,충북,기존,극동대학교,자연과학계열,891.0,0.0,919,801,118,103.1,89.9,극동대학교
2022 하,대학교,사립,충북,기존,극동대학교,공학계열,995.0,0.0,637,600,37,64.0,60.3,극동대학교
2022 하,대학교,사립,충북,기존,극동대학교,예ㆍ체능계열,737.0,0.0,595,583,12,80.7,79.1,극동대학교
2022 상,대학교,사립,충남,기존,금강대학교,인문ㆍ사회계열,440.0,0.0,167,167,0,38.0,38.0,금강대학교
2022 하,대학교,사립,충남,기존,금강대학교,인문ㆍ사회계열,440.0,0.0,210,209,1,47.7,47.5,금강대학교
2022 상,대학교,사립,경북,기존,김천대학교,인문ㆍ사회계열,639.0,0.0,517,435,82,80.9,68.1,김천대학교
2022 상,대학교,사립,경북,기존,김천대학교,자연과학계열,1916.0,0.0,1612,1445,167,84.1,75.4,김천대학교
2022 상,대학교,사립,경북,기존,김천대학교,공학계열,188.0,0.0,117,94,23,62.2,50.0,김천대학교
2022 상,대학교,사립,경북,기존,김천대학교,예ㆍ체능계열,127.0,0.0,71,68,3,55.9,53.5,김천대학교
2022 하,대학교,사립,경북,기존,김천대학교,인문ㆍ사회계열,639.0,0.0,585,495,90,91.5,77.5,김천대학교
2022 하,대학교,사립,경북,기존,김천대학교,자연과학계열,1916.0,0.0,1762,1584,178,92.0,82.7,김천대학교
2022 하,대학교,사립,경북,기존,김천대학교,공학계열,188.0,0.0,131,109,22,69.7,58.0,김천대학교
2022 하,대학교,사립,경북,기존,김천대학교,예ㆍ체능계열,127.0,0.0,96,93,3,75.6,73.2,김천대학교
2022 상,대학교,사립,충남,기존,나사렛대학교,인문ㆍ사회계열,2900.0,29.0,2747,2385,362,95.7,83.1,나사렛대학교
2022 상,대학교,사립,충남,기존,나사렛대학교,자연과학계열,1020.0,7.0,955,837,118,94.3,82.6,나사렛대학교
2022 상,대학교,사립,충남,기존,나사렛대학교,예ㆍ체능계열,924.0,24.0,874,807,67,97.1,89.7,나사렛대학교
2022 하,대학교,사립,충남,기존,나사렛대학교,인문ㆍ사회계열,2900.0,29.0,2998,2622,376,104.4,91.3,나사렛대학교
2022 하,대학교,사립,충남,기존,나사렛대학교,자연과학계열,1020.0,7.0,958,835,123,94.6,82.4,나사렛대학교
2022 하,대학교,사립,충남,기존,나사렛대학교,예ㆍ체능계열,924.0,24.0,885,814,71,98.3,90.4,나사렛대학교
2022 상,대학교,사립,광주,기존,남부대학교,인문ㆍ사회계열,506.0,0.0,691,428,263,136.6,84.6,남부대학교
2022 상,대학교,사립,광주,기존,남부대학교,자연과학계열,1725.0,0.0,1705,1545,160,98.8,89.6,남부대학교
2022 상,대학교,사립,광주,기존,남부대학교,공학계열,231.0,0.0,228,160,68,98.7,69.3,남부대학교
2022 상,대학교,사립,광주,기존,남부대학교,예ㆍ체능계열,260.0,0.0,217,211,6,83.5,81.2,남부대학교
2022 하,대학교,사립,광주,기존,남부대학교,인문ㆍ사회계열,506.0,0.0,750,465,285,148.2,91.9,남부대학교
2022 하,대학교,사립,광주,기존,남부대학교,자연과학계열,1725.0,0.0,1782,1608,174,103.3,93.2,남부대학교
2022 하,대학교,사립,광주,기존,남부대학교,공학계열,231.0,0.0,261,179,82,113.0,77.5,남부대학교
2022 하,대학교,사립,광주,기존,남부대학교,예ㆍ체능계열,260.0,0.0,254,238,16,97.7,91.5,남부대학교
2022 상,대학교,사립,경기,기존,단국대학교,인문ㆍ사회계열,4072.0,0.0,5078,4034,1044,124.7,99.1,단국대학교
2022 상,대학교,사립,경기,기존,단국대학교,자연과학계열,240.0,0.0,224,222,2,93.3,92.5,단국대학교
2022 상,대학교,사립,경기,기존,단국대학교,공학계열,3358.0,0.0,3673,3278,395,109.4,97.6,단국대학교
2022 상,대학교,사립,경기,기존,단국대학교,예ㆍ체능계열,1480.0,0.0,1796,1445,351,121.4,97.6,단국대학교
2022 하,대학교,사립,경기,기존,단국대학교,인문ㆍ사회계열,4072.0,0.0,5455,4397,1058,134.0,108.0,단국대학교
2022 하,대학교,사립,경기,기존,단국대학교,자연과학계열,240.0,0.0,246,244,2,102.5,101.7,단국대학교
2022 하,대학교,사립,경기,기존,단국대학교,공학계열,3358.0,0.0,3831,3407,424,114.1,101.5,단국대학교
2022 하,대학교,사립,경기,기존,단국대학교,예ㆍ체능계열,1480.0,0.0,1855,1536,319,125.3,103.8,단국대학교
2022 상,대학교,사립,경북,기존,대구가톨릭대학교,인문ㆍ사회계열,4533.0,0.0,4202,3874,328,92.7,85.5,대구가톨릭대학교
2022 상,대학교,사립,경북,기존,대구가톨릭대학교,자연과학계열,2720.0,0.0,2667,2427,240,98.1,89.2,대구가톨릭대학교
2022 상,대학교,사립,경북,기존,대구가톨릭대학교,공학계열,2814.0,0.0,2292,2152,140,81.4,76.5,대구가톨릭대학교
2022 상,대학교,사립,경북,기존,대구가톨릭대학교,예ㆍ체능계열,1505.0,0.0,1326,1296,30,88.1,86.1,대구가톨릭대학교
2022 상,대학교,사립,경북,기존,대구가톨릭대학교,의학계열,160.0,0.0,169,154,15,105.6,96.3,대구가톨릭대학교
2022 하,대학교,사립,경북,기존,대구가톨릭대학교,인문ㆍ사회계열,4533.0,0.0,4525,4158,367,99.8,91.7,대구가톨릭대학교
2022 하,대학교,사립,경북,기존,대구가톨릭대학교,자연과학계열,2720.0,0.0,2764,2513,251,101.6,92.4,대구가톨릭대학교
2022 하,대학교,사립,경북,기존,대구가톨릭대학교,공학계열,2814.0,0.0,2437,2290,147,86.6,81.4,대구가톨릭대학교
2022 하,대학교,사립,경북,기존,대구가톨릭대학교,예ㆍ체능계열,1505.0,0.0,1421,1391,30,94.4,92.4,대구가톨릭대학교
2022 하,대학교,사립,경북,기존,대구가톨릭대학교,의학계열,160.0,0.0,164,149,15,102.5,93.1,대구가톨릭대학교
2022 상,교육대학,국립,대구,기존,대구교육대학교,인문ㆍ사회계열,1532.0,0.0,657,612,45,42.9,39.9,대구교육대학교
2022 하,교육대학,국립,대구,기존,대구교육대학교,인문ㆍ사회계열,1532.0,0.0,661,616,45,43.1,40.2,대구교육대학교
2022 상,대학교,사립,경북,기존,대구대학교,인문ㆍ사회계열,7667.0,0.0,7605,6351,1254,99.2,82.8,대구대학교
2022 상,대학교,사립,경북,기존,대구대학교,자연과학계열,3342.0,0.0,3086,2868,218,92.3,85.8,대구대학교
2022 상,대학교,사립,경북,기존,대구대학교,공학계열,3471.0,0.0,3020,2624,396,87.0,75.6,대구대학교
2022 상,대학교,사립,경북,기존,대구대학교,예ㆍ체능계열,1547.0,0.0,1490,1312,178,96.3,84.8,대구대학교
2022 하,대학교,사립,경북,기존,대구대학교,인문ㆍ사회계열,7667.0,0.0,8010,6755,1255,104.5,88.1,대구대학교
2022 하,대학교,사립,경북,기존,대구대학교,자연과학계열,3342.0,0.0,3184,2961,223,95.3,88.6,대구대학교
2022 하,대학교,사립,경북,기존,대구대학교,공학계열,3471.0,0.0,3176,2790,386,91.5,80.4,대구대학교
2022 하,대학교,사립,경북,기존,대구대학교,예ㆍ체능계열,1547.0,0.0,1571,1417,154,101.6,91.6,대구대학교
2022 상,대학교,사립,경북,기존,대구예술대학교,예ㆍ체능계열,1577.0,0.0,559,549,10,35.4,34.8,대구예술대학교
2022 하,대학교,사립,경북,기존,대구예술대학교,예ㆍ체능계열,1577.0,0.0,595,584,11,37.7,37.0,대구예술대학교
2022 상,대학교,사립,경북,기존,대구한의대학교,인문ㆍ사회계열,1450.0,0.0,1478,1214,264,101.9,83.7,대구한의대학교
2022 상,대학교,사립,경북,기존,대구한의대학교,자연과학계열,2826.0,0.0,2527,2306,221,89.4,81.6,대구한의대학교
2022 상,대학교,사립,경북,기존,대구한의대학교,공학계열,1120.0,0.0,886,839,47,79.1,74.9,대구한의대학교
2022 상,대학교,사립,경북,기존,대구한의대학교,예ㆍ체능계열,460.0,0.0,463,421,42,100.7,91.5,대구한의대학교
2022 상,대학교,사립,경북,기존,대구한의대학교,의학계열,432.0,0.0,456,403,53,105.6,93.3,대구한의대학교
2022 하,대학교,사립,경북,기존,대구한의대학교,인문ㆍ사회계열,1450.0,0.0,1575,1308,267,108.6,90.2,대구한의대학교
2022 하,대학교,사립,경북,기존,대구한의대학교,자연과학계열,2826.0,0.0,2720,2489,231,96.2,88.1,대구한의대학교
2022 하,대학교,사립,경북,기존,대구한의대학교,공학계열,1120.0,0.0,994,948,46,88.8,84.6,대구한의대학교
2022 하,대학교,사립,경북,기존,대구한의대학교,예ㆍ체능계열,460.0,0.0,491,445,46,106.7,96.7,대구한의대학교
2022 하,대학교,사립,경북,기존,대구한의대학교,의학계열,432.0,0.0,456,404,52,105.6,93.5,대구한의대학교
2022 상,대학교,사립,경북,기존,대신대학교,인문ㆍ사회계열,304.0,0.0,317,312,5,104.3,102.6,대신대학교
2022 상,대학교,사립,경북,기존,대신대학교,예ㆍ체능계열,160.0,0.0,107,105,2,66.9,65.6,대신대학교
2022 하,대학교,사립,경북,기존,대신대학교,인문ㆍ사회계열,304.0,0.0,320,316,4,105.3,103.9,대신대학교
2022 하,대학교,사립,경북,기존,대신대학교,예ㆍ체능계열,160.0,0.0,118,115,3,73.8,71.9,대신대학교
2022 상,대학교,사립,세종,기존,대전가톨릭대학교,인문ㆍ사회계열,160.0,0.0,31,29,2,19.4,18.1,대전가톨릭대학교
2022 하,대학교,사립,세종,기존,대전가톨릭대학교,인문ㆍ사회계열,160.0,0.0,32,30,2,20.0,18.8,대전가톨릭대학교
2022 상,대학교,사립,대전,기존,대전대학교,인문ㆍ사회계열,3547.0,0.0,3545,3217,328,99.9,90.7,대전대학교
2022 상,대학교,사립,대전,기존,대전대학교,자연과학계열,1564.0,0.0,1653,1482,171,105.7,94.8,대전대학교
2022 상,대학교,사립,대전,기존,대전대학교,공학계열,2186.0,0.0,2000,1846,154,91.5,84.4,대전대학교
2022 상,대학교,사립,대전,기존,대전대학교,예ㆍ체능계열,690.0,0.0,636,628,8,92.2,91.0,대전대학교
2022 상,대학교,사립,대전,기존,대전대학교,의학계열,288.0,0.0,304,271,33,105.6,94.1,대전대학교
2022 하,대학교,사립,대전,기존,대전대학교,인문ㆍ사회계열,3547.0,0.0,3710,3370,340,104.6,95.0,대전대학교
2022 하,대학교,사립,대전,기존,대전대학교,자연과학계열,1564.0,0.0,1688,1513,175,107.9,96.7,대전대학교
2022 하,대학교,사립,대전,기존,대전대학교,공학계열,2186.0,0.0,2122,1960,162,97.1,89.7,대전대학교
2022 하,대학교,사립,대전,기존,대전대학교,예ㆍ체능계열,690.0,0.0,679,671,8,98.4,97.2,대전대학교
2022 하,대학교,사립,대전,기존,대전대학교,의학계열,288.0,0.0,305,273,32,105.9,94.8,대전대학교
2022 상,대학교,사립,대전,기존,대전신학대학교,인문ㆍ사회계열,156.0,0.0,49,49,0,31.4,31.4,대전신학대학교
2022 하,대학교,사립,대전,기존,대전신학대학교,인문ㆍ사회계열,156.0,0.0,55,55,0,35.3,35.3,대전신학대학교
2022 상,대학교,사립,경기,기존,대진대학교,인문ㆍ사회계열,3112.0,0.0,3017,2720,297,96.9,87.4,대진대학교
2022 상,대학교,사립,경기,기존,대진대학교,자연과학계열,988.0,0.0,972,870,102,98.4,88.1,대진대학교
2022 상,대학교,사립,경기,기존,대진대학교,공학계열,2245.0,0.0,2067,1972,95,92.1,87.8,대진대학교
2022 상,대학교,사립,경기,기존,대진대학교,예ㆍ체능계열,827.0,0.0,822,744,78,99.4,90.0,대진대학교
2022 하,대학교,사립,경기,기존,대진대학교,인문ㆍ사회계열,3112.0,0.0,3223,2893,330,103.6,93.0,대진대학교
2022 하,대학교,사립,경기,기존,대진대학교,자연과학계열,988.0,0.0,993,891,102,100.5,90.2,대진대학교
2022 하,대학교,사립,경기,기존,대진대학교,공학계열,2245.0,0.0,2169,2067,102,96.6,92.1,대진대학교
2022 하,대학교,사립,경기,기존,대진대학교,예ㆍ체능계열,827.0,0.0,858,782,76,103.7,94.6,대진대학교
2022 상,대학교,사립,서울,기존,덕성여자대학교,인문ㆍ사회계열,2544.0,0.0,2670,2397,273,105.0,94.2,덕성여자대학교
2022 상,대학교,사립,서울,기존,덕성여자대학교,자연과학계열,508.0,0.0,907,755,152,178.5,148.6,덕성여자대학교
2022 상,대학교,사립,서울,기존,덕성여자대학교,공학계열,1102.0,0.0,879,836,43,79.8,75.9,덕성여자대학교
2022 상,대학교,사립,서울,기존,덕성여자대학교,예ㆍ체능계열,447.0,0.0,594,551,43,132.9,123.3,덕성여자대학교
2022 하,대학교,사립,서울,기존,덕성여자대학교,인문ㆍ사회계열,2544.0,0.0,2842,2576,266,111.7,101.3,덕성여자대학교
2022 하,대학교,사립,서울,기존,덕성여자대학교,자연과학계열,508.0,0.0,907,755,152,178.5,148.6,덕성여자대학교
2022 하,대학교,사립,서울,기존,덕성여자대학교,공학계열,1102.0,0.0,884,844,40,80.2,76.6,덕성여자대학교
2022 하,대학교,사립,서울,기존,덕성여자대학교,예ㆍ체능계열,447.0,0.0,636,590,46,142.3,132.0,덕성여자대학교
2022 상,대학교,사립,서울,기존,동국대학교,인문ㆍ사회계열,5337.0,0.0,6411,4787,1624,120.1,89.7,동국대학교
2022 상,대학교,사립,서울,기존,동국대학교,자연과학계열,1471.0,0.0,1366,1224,142,92.9,83.2,동국대학교
2022 상,대학교,사립,서울,기존,동국대학교,공학계열,3307.0,0.0,3406,3079,327,103.0,93.1,동국대학교
2022 상,대학교,사립,서울,기존,동국대학교,예ㆍ체능계열,838.0,0.0,994,792,202,118.6,94.5,동국대학교
2022 하,대학교,사립,서울,기존,동국대학교,인문ㆍ사회계열,5337.0,0.0,7061,5294,1767,132.3,99.2,동국대학교
2022 하,대학교,사립,서울,기존,동국대학교,자연과학계열,1441.0,0.0,1510,1361,149,104.8,94.4,동국대학교
2022 하,대학교,사립,서울,기존,동국대학교,공학계열,3307.0,0.0,3657,3317,340,110.6,100.3,동국대학교
2022 하,대학교,사립,서울,기존,동국대학교,예ㆍ체능계열,838.0,0.0,1042,831,211,124.3,99.2,동국대학교
2022 상,대학교,사립,경북,기존,동국대학교(WISE) _분교,인문ㆍ사회계열,3721.0,0.0,3307,3018,289,88.9,81.1,동국대학교(WISE) _분교
2022 상,대학교,사립,경북,기존,동국대학교(WISE) _분교,자연과학계열,1467.0,0.0,1362,1224,138,92.8,83.4,동국대학교(WISE) _분교
2022 상,대학교,사립,경북,기존,동국대학교(WISE) _분교,공학계열,1088.0,0.0,961,881,80,88.3,81.0,동국대학교(WISE) _분교
2022 상,대학교,사립,경북,기존,동국대학교(WISE) _분교,예ㆍ체능계열,498.0,0.0,454,442,12,91.2,88.8,동국대학교(WISE) _분교
2022 상,대학교,사립,경북,기존,동국대학교(WISE) _분교,의학계열,435.0,0.0,444,397,47,102.1,91.3,동국대학교(WISE) _분교
2022 하,대학교,사립,경북,기존,동국대학교(WISE) _분교,인문ㆍ사회계열,3721.0,0.0,3737,3403,334,100.4,91.5,동국대학교(WISE) _분교
2022 하,대학교,사립,경북,기존,동국대학교(WISE) _분교,자연과학계열,1467.0,0.0,1442,1303,139,98.3,88.8,동국대학교(WISE) _분교
2022 하,대학교,사립,경북,기존,동국대학교(WISE) _분교,공학계열,1088.0,0.0,1038,950,88,95.4,87.3,동국대학교(WISE) _분교
2022 하,대학교,사립,경북,기존,동국대학교(WISE) _분교,예ㆍ체능계열,498.0,0.0,505,492,13,101.4,98.8,동국대학교(WISE) _분교
2022 하,대학교,사립,경북,기존,동국대학교(WISE) _분교,의학계열,435.0,0.0,450,402,48,103.4,92.4,동국대학교(WISE) _분교
2022 상,대학교,사립,서울,기존,동덕여자대학교,인문ㆍ사회계열,2708.0,0.0,2678,2153,525,98.9,79.5,동덕여자대학교
2022 상,대학교,사립,서울,기존,동덕여자대학교,자연과학계열,1229.0,0.0,1438,1259,179,117.0,102.4,동덕여자대학교
2022 상,대학교,사립,서울,기존,동덕여자대학교,예ㆍ체능계열,2281.0,0.0,2294,2247,47,100.6,98.5,동덕여자대학교
2022 하,대학교,사립,서울,기존,동덕여자대학교,인문ㆍ사회계열,2708.0,0.0,2925,2351,574,108.0,86.8,동덕여자대학교
2022 하,대학교,사립,서울,기존,동덕여자대학교,자연과학계열,1229.0,0.0,1486,1298,188,120.9,105.6,동덕여자대학교
2022 하,대학교,사립,서울,기존,동덕여자대학교,예ㆍ체능계열,2281.0,0.0,2423,2375,48,106.2,104.1,동덕여자대학교
2022 상,대학교,사립,부산,기존,동명대학교,인문ㆍ사회계열,2564.0,0.0,2662,2037,625,103.8,79.4,동명대학교
2022 상,대학교,사립,부산,기존,동명대학교,자연과학계열,592.0,0.0,619,517,102,104.6,87.3,동명대학교
2022 상,대학교,사립,부산,기존,동명대학교,공학계열,3263.0,0.0,2740,2521,219,84.0,77.3,동명대학교
2022 상,대학교,사립,부산,기존,동명대학교,예ㆍ체능계열,673.0,0.0,681,629,52,101.2,93.5,동명대학교
2022 하,대학교,사립,부산,기존,동명대학교,인문ㆍ사회계열,2564.0,0.0,2802,2233,569,109.3,87.1,동명대학교
2022 하,대학교,사립,부산,기존,동명대학교,자연과학계열,592.0,0.0,658,553,105,111.1,93.4,동명대학교
2022 하,대학교,사립,부산,기존,동명대학교,공학계열,3263.0,0.0,2875,2660,215,88.1,81.5,동명대학교
2022 하,대학교,사립,부산,기존,동명대학교,예ㆍ체능계열,673.0,0.0,720,665,55,107.0,98.8,동명대학교
2022 상,대학교,사립,부산,기존,동서대학교,인문ㆍ사회계열,3583.0,0.0,3237,2852,385,90.3,79.6,동서대학교
2022 상,대학교,사립,부산,기존,동서대학교,자연과학계열,1140.0,0.0,1182,1011,171,103.7,88.7,동서대학교
2022 상,대학교,사립,부산,기존,동서대학교,공학계열,2486.0,0.0,2008,1852,156,80.8,74.5,동서대학교
2022 상,대학교,사립,부산,기존,동서대학교,예ㆍ체능계열,2050.0,0.0,2286,2108,178,111.5,102.8,동서대학교
2022 하,대학교,사립,부산,기존,동서대학교,인문ㆍ사회계열,3583.0,0.0,3527,3146,381,98.4,87.8,동서대학교
2022 하,대학교,사립,부산,기존,동서대학교,자연과학계열,1140.0,0.0,1195,1020,175,104.8,89.5,동서대학교
2022 하,대학교,사립,부산,기존,동서대학교,공학계열,2486.0,0.0,2129,1960,169,85.6,78.8,동서대학교
2022 하,대학교,사립,부산,기존,동서대학교,예ㆍ체능계열,2050.0,0.0,2445,2261,184,119.3,110.3,동서대학교
2022 상,대학교,사립,전남,기존,동신대학교,인문ㆍ사회계열,1778.0,0.0,1638,1394,244,92.1,78.4,동신대학교
2022 상,대학교,사립,전남,기존,동신대학교,자연과학계열,2080.0,0.0,1959,1735,224,94.2,83.4,동신대학교
2022 상,대학교,사립,전남,기존,동신대학교,공학계열,1750.0,0.0,1331,1275,56,76.1,72.9,동신대학교
2022 상,대학교,사립,전남,기존,동신대학교,예ㆍ체능계열,504.0,0.0,455,425,30,90.3,84.3,동신대학교
2022 상,대학교,사립,전남,기존,동신대학교,의학계열,160.0,0.0,181,149,32,113.1,93.1,동신대학교
2022 하,대학교,사립,전남,기존,동신대학교,인문ㆍ사회계열,1778.0,0.0,1813,1542,271,102.0,86.7,동신대학교
2022 하,대학교,사립,전남,기존,동신대학교,자연과학계열,2080.0,0.0,2112,1881,231,101.5,90.4,동신대학교
2022 하,대학교,사립,전남,기존,동신대학교,공학계열,1750.0,0.0,1487,1436,51,85.0,82.1,동신대학교
2022 하,대학교,사립,전남,기존,동신대학교,예ㆍ체능계열,504.0,0.0,503,470,33,99.8,93.3,동신대학교
2022 하,대학교,사립,전남,기존,동신대학교,의학계열,160.0,0.0,183,151,32,114.4,94.4,동신대학교
2022 상,대학교,사립,부산,기존,동아대학교,인문ㆍ사회계열,6590.0,0.0,7301,6401,900,110.8,97.1,동아대학교
2022 상,대학교,사립,부산,기존,동아대학교,자연과학계열,2958.0,0.0,2764,2592,172,93.4,87.6,동아대학교
2022 상,대학교,사립,부산,기존,동아대학교,공학계열,4925.0,0.0,5125,4644,481,104.1,94.3,동아대학교
2022 상,대학교,사립,부산,기존,동아대학교,예ㆍ체능계열,1711.0,0.0,1638,1584,54,95.7,92.6,동아대학교
2022 상,대학교,사립,부산,기존,동아대학교,의학계열,196.0,0.0,180,179,1,91.8,91.3,동아대학교
2022 하,대학교,사립,부산,기존,동아대학교,인문ㆍ사회계열,6590.0,0.0,7786,6835,951,118.1,103.7,동아대학교
2022 하,대학교,사립,부산,기존,동아대학교,자연과학계열,2958.0,0.0,2844,2657,187,96.1,89.8,동아대학교
2022 하,대학교,사립,부산,기존,동아대학교,공학계열,4925.0,0.0,5310,4804,506,107.8,97.5,동아대학교
2022 하,대학교,사립,부산,기존,동아대학교,예ㆍ체능계열,1711.0,0.0,1762,1696,66,103.0,99.1,동아대학교
2022 하,대학교,사립,부산,기존,동아대학교,의학계열,196.0,0.0,185,184,1,94.4,93.9,동아대학교
2022 상,대학교,사립,경북,기존,동양대학교,인문ㆍ사회계열,1226.0,0.0,1037,968,69,84.6,79.0,동양대학교
2022 상,대학교,사립,경북,기존,동양대학교,자연과학계열,250.0,0.0,286,230,56,114.4,92.0,동양대학교
2022 상,대학교,사립,경북,기존,동양대학교,공학계열,1762.0,0.0,1464,1430,34,83.1,81.2,동양대학교
2022 상,대학교,사립,경북,기존,동양대학교,예ㆍ체능계열,768.0,0.0,696,630,66,90.6,82.0,동양대학교
2022 하,대학교,사립,경북,기존,동양대학교,인문ㆍ사회계열,1226.0,0.0,1123,1063,60,91.6,86.7,동양대학교
2022 하,대학교,사립,경북,기존,동양대학교,자연과학계열,250.0,0.0,299,240,59,119.6,96.0,동양대학교
2022 하,대학교,사립,경북,기존,동양대학교,공학계열,1762.0,0.0,1654,1614,40,93.9,91.6,동양대학교
2022 하,대학교,사립,경북,기존,동양대학교,예ㆍ체능계열,768.0,0.0,776,701,75,101.0,91.3,동양대학교
2022 상,대학교,사립,부산,기존,동의대학교,인문ㆍ사회계열,4965.0,0.0,5116,4441,675,103.0,89.4,동의대학교
2022 상,대학교,사립,부산,기존,동의대학교,자연과학계열,1800.0,0.0,1829,1733,96,101.6,96.3,동의대학교
2022 상,대학교,사립,부산,기존,동의대학교,공학계열,6365.0,0.0,5626,5285,341,88.4,83.0,동의대학교
2022 상,대학교,사립,부산,기존,동의대학교,예ㆍ체능계열,1230.0,0.0,1072,1030,42,87.2,83.7,동의대학교
2022 상,대학교,사립,부산,기존,동의대학교,의학계열,200.0,0.0,186,186,0,93.0,93.0,동의대학교
2022 하,대학교,사립,부산,기존,동의대학교,인문ㆍ사회계열,4965.0,0.0,5450,4716,734,109.8,95.0,동의대학교
2022 하,대학교,사립,부산,기존,동의대학교,자연과학계열,1800.0,0.0,1890,1788,102,105.0,99.3,동의대학교
2022 하,대학교,사립,부산,기존,동의대학교,공학계열,6365.0,0.0,5852,5492,360,91.9,86.3,동의대학교
2022 하,대학교,사립,부산,기존,동의대학교,예ㆍ체능계열,1230.0,0.0,1137,1103,34,92.4,89.7,동의대학교
2022 하,대학교,사립,부산,기존,동의대학교,의학계열,200.0,0.0,185,185,0,92.5,92.5,동의대학교
2022 상,대학교,사립,경기,기존,루터대학교,인문ㆍ사회계열,340.0,0.0,286,278,8,84.1,81.8,루터대학교
2022 하,대학교,사립,경기,기존,루터대학교,인문ㆍ사회계열,340.0,0.0,337,328,9,99.1,96.5,루터대학교
2022 상,대학교,사립,경기,기존,명지대학교,자연과학계열,720.0,0.0,639,584,55,88.8,81.1,명지대학교
2022 상,대학교,사립,경기,기존,명지대학교,공학계열,3669.0,0.0,3725,3377,348,101.5,92.0,명지대학교
2022 상,대학교,사립,경기,기존,명지대학교,예ㆍ체능계열,1293.0,0.0,1349,1244,105,104.3,96.2,명지대학교
2022 하,대학교,사립,경기,기존,명지대학교,자연과학계열,720.0,0.0,710,647,63,98.6,89.9,명지대학교
2022 하,대학교,사립,경기,기존,명지대학교,공학계열,3669.0,0.0,3946,3580,366,107.5,97.6,명지대학교
2022 하,대학교,사립,경기,기존,명지대학교,예ㆍ체능계열,1293.0,0.0,1407,1295,112,108.8,100.2,명지대학교
2022 상,대학교,사립,서울,기존,명지대학교 _제2캠퍼스,인문ㆍ사회계열,4652.0,0.0,6515,4085,2430,140.0,87.8,명지대학교 _제2캠퍼스
2022 상,대학교,사립,서울,기존,명지대학교 _제2캠퍼스,공학계열,400.0,0.0,456,431,25,114.0,107.8,명지대학교 _제2캠퍼스
2022 하,대학교,사립,서울,기존,명지대학교 _제2캠퍼스,인문ㆍ사회계열,4652.0,0.0,7018,4445,2573,150.9,95.6,명지대학교 _제2캠퍼스
2022 하,대학교,사립,서울,기존,명지대학교 _제2캠퍼스,공학계열,400.0,0.0,489,462,27,122.3,115.5,명지대학교 _제2캠퍼스
2022 상,대학교,사립,대전,기존,목원대학교,인문ㆍ사회계열,3068.0,0.0,2644,2441,203,86.2,79.6,목원대학교
2022 상,대학교,사립,대전,기존,목원대학교,자연과학계열,933.0,0.0,792,759,33,84.9,81.4,목원대학교
2022 상,대학교,사립,대전,기존,목원대학교,공학계열,1137.0,0.0,962,906,56,84.6,79.7,목원대학교
2022 상,대학교,사립,대전,기존,목원대학교,예ㆍ체능계열,2267.0,0.0,2093,1967,126,92.3,86.8,목원대학교
2022 하,대학교,사립,대전,기존,목원대학교,인문ㆍ사회계열,3068.0,0.0,2937,2702,235,95.7,88.1,목원대학교
2022 하,대학교,사립,대전,기존,목원대학교,자연과학계열,933.0,0.0,875,837,38,93.8,89.7,목원대학교
2022 하,대학교,사립,대전,기존,목원대학교,공학계열,1137.0,0.0,1035,962,73,91.0,84.6,목원대학교
2022 하,대학교,사립,대전,기존,목원대학교,예ㆍ체능계열,2267.0,0.0,2273,2173,100,100.3,95.9,목원대학교
2022 상,대학교,사립,전남,기존,목포가톨릭대학교,인문ㆍ사회계열,120.0,0.0,121,120,1,100.8,100.0,목포가톨릭대학교
2022 상,대학교,사립,전남,기존,목포가톨릭대학교,자연과학계열,360.0,0.0,372,348,24,103.3,96.7,목포가톨릭대학교
2022 하,대학교,사립,전남,기존,목포가톨릭대학교,인문ㆍ사회계열,120.0,0.0,122,122,0,101.7,101.7,목포가톨릭대학교
2022 하,대학교,사립,전남,기존,목포가톨릭대학교,자연과학계열,360.0,0.0,370,342,28,102.8,95.0,목포가톨릭대학교
2022 상,대학교,사립,대전,기존,배재대학교,인문ㆍ사회계열,3476.0,0.0,3018,2767,251,86.8,79.6,배재대학교
2022 상,대학교,사립,대전,기존,배재대학교,자연과학계열,1524.0,0.0,1323,1229,94,86.8,80.6,배재대학교
2022 상,대학교,사립,대전,기존,배재대학교,공학계열,2323.0,0.0,1970,1865,105,84.8,80.3,배재대학교
2022 상,대학교,사립,대전,기존,배재대학교,예ㆍ체능계열,883.0,0.0,814,786,28,92.2,89.0,배재대학교
2022 하,대학교,사립,대전,기존,배재대학교,인문ㆍ사회계열,3476.0,0.0,3385,3122,263,97.4,89.8,배재대학교
2022 하,대학교,사립,대전,기존,배재대학교,자연과학계열,1524.0,0.0,1451,1356,95,95.2,89.0,배재대학교
2022 하,대학교,사립,대전,기존,배재대학교,공학계열,2323.0,0.0,2216,2103,113,95.4,90.5,배재대학교
2022 하,대학교,사립,대전,기존,배재대학교,예ㆍ체능계열,883.0,0.0,884,858,26,100.1,97.2,배재대학교
2022 상,대학교,사립,충남,기존,백석대학교,인문ㆍ사회계열,5348.0,0.0,5182,4705,477,96.9,88.0,백석대학교
2022 상,대학교,사립,충남,기존,백석대학교,자연과학계열,3592.0,0.0,3251,2883,368,90.5,80.3,백석대학교
2022 상,대학교,사립,충남,기존,백석대학교,예ㆍ체능계열,2720.0,0.0,2587,2417,170,95.1,88.9,백석대학교
2022 하,대학교,사립,충남,기존,백석대학교,인문ㆍ사회계열,5348.0,0.0,5606,5069,537,104.8,94.8,백석대학교
2022 하,대학교,사립,충남,기존,백석대학교,자연과학계열,3592.0,0.0,3449,3062,387,96.0,85.2,백석대학교
2022 하,대학교,사립,충남,기존,백석대학교,예ㆍ체능계열,2720.0,0.0,2712,2541,171,99.7,93.4,백석대학교
2022 상,대학교,사립,부산,기존,부산가톨릭대학교,인문ㆍ사회계열,715.0,0.0,787,585,202,110.1,81.8,부산가톨릭대학교
2022 상,대학교,사립,부산,기존,부산가톨릭대학교,자연과학계열,2412.0,0.0,2508,2244,264,104.0,93.0,부산가톨릭대학교
2022 상,대학교,사립,부산,기존,부산가톨릭대학교,공학계열,356.0,0.0,273,262,11,76.7,73.6,부산가톨릭대학교
2022 하,대학교,사립,부산,기존,부산가톨릭대학교,인문ㆍ사회계열,715.0,0.0,811,653,158,113.4,91.3,부산가톨릭대학교
2022 하,대학교,사립,부산,기존,부산가톨릭대학교,자연과학계열,2412.0,0.0,2637,2356,281,109.3,97.7,부산가톨릭대학교
2022 하,대학교,사립,부산,기존,부산가톨릭대학교,공학계열,356.0,0.0,292,283,9,82.0,79.5,부산가톨릭대학교
2022 상,교육대학,국립,부산,기존,부산교육대학교,인문ㆍ사회계열,1424.0,0.0,655,592,63,46.0,41.6,부산교육대학교
2022 하,교육대학,국립,부산,기존,부산교육대학교,인문ㆍ사회계열,1424.0,0.0,681,617,64,47.8,43.3,부산교육대학교
2022 상,대학교,국립,부산,기존,부산대학교,인문ㆍ사회계열,5326.0,0.0,5732,5033,699,107.6,94.5,부산대학교
2022 상,대학교,국립,부산,기존,부산대학교,자연과학계열,4193.0,0.0,4203,3869,334,100.2,92.3,부산대학교
2022 상,대학교,국립,부산,기존,부산대학교,공학계열,6056.0,0.0,6338,5755,583,104.7,95.0,부산대학교
2022 상,대학교,국립,부산,기존,부산대학교,예ㆍ체능계열,1260.0,0.0,1367,1236,131,108.5,98.1,부산대학교
2022 상,대학교,국립,부산,기존,부산대학교,의학계열,500.0,0.0,476,476,0,95.2,95.2,부산대학교
2022 하,대학교,국립,부산,기존,부산대학교,인문ㆍ사회계열,5326.0,0.0,6146,5432,714,115.4,102.0,부산대학교
2022 하,대학교,국립,부산,기존,부산대학교,자연과학계열,4193.0,0.0,4438,4077,361,105.8,97.2,부산대학교
2022 하,대학교,국립,부산,기존,부산대학교,공학계열,6056.0,0.0,6742,6134,608,111.3,101.3,부산대학교
2022 하,대학교,국립,부산,기존,부산대학교,예ㆍ체능계열,1260.0,0.0,1451,1314,137,115.2,104.3,부산대학교
2022 하,대학교,국립,부산,기존,부산대학교,의학계열,500.0,0.0,481,481,0,96.2,96.2,부산대학교
2022 상,대학교,사립,부산,기존,부산외국어대학교,인문ㆍ사회계열,5979.0,0.0,5512,4795,717,92.2,80.2,부산외국어대학교
2022 상,대학교,사립,부산,기존,부산외국어대학교,공학계열,860.0,0.0,607,581,26,70.6,67.6,부산외국어대학교
2022 상,대학교,사립,부산,기존,부산외국어대학교,예ㆍ체능계열,260.0,0.0,207,186,21,79.6,71.5,부산외국어대학교
2022 하,대학교,사립,부산,기존,부산외국어대학교,인문ㆍ사회계열,5979.0,0.0,5985,5281,704,100.1,88.3,부산외국어대학교
2022 하,대학교,사립,부산,기존,부산외국어대학교,공학계열,860.0,0.0,658,632,26,76.5,73.5,부산외국어대학교
2022 하,대학교,사립,부산,기존,부산외국어대학교,예ㆍ체능계열,260.0,0.0,254,228,26,97.7,87.7,부산외국어대학교
2022 상,대학교,사립,경남,기존,부산장신대학교,인문ㆍ사회계열,180.0,0.0,130,130,0,72.2,72.2,부산장신대학교
2022 하,대학교,사립,경남,기존,부산장신대학교,인문ㆍ사회계열,180.0,0.0,143,141,2,79.4,78.3,부산장신대학교
2022 상,대학교,사립,서울,기존,삼육대학교,인문ㆍ사회계열,1559.0,0.0,1793,1546,247,115.0,99.2,삼육대학교
2022 상,대학교,사립,서울,기존,삼육대학교,자연과학계열,1630.0,0.0,1769,1525,244,108.5,93.6,삼육대학교
2022 상,대학교,사립,서울,기존,삼육대학교,공학계열,809.0,0.0,837,763,74,103.5,94.3,삼육대학교
2022 상,대학교,사립,서울,기존,삼육대학교,예ㆍ체능계열,631.0,0.0,665,621,44,105.4,98.4,삼육대학교
2022 하,대학교,사립,서울,기존,삼육대학교,인문ㆍ사회계열,1559.0,0.0,1861,1627,234,119.4,104.4,삼육대학교
2022 하,대학교,사립,서울,기존,삼육대학교,자연과학계열,1630.0,0.0,1853,1607,246,113.7,98.6,삼육대학교
2022 하,대학교,사립,서울,기존,삼육대학교,공학계열,809.0,0.0,910,834,76,112.5,103.1,삼육대학교
2022 하,대학교,사립,서울,기존,삼육대학교,예ㆍ체능계열,631.0,0.0,708,661,47,112.2,104.8,삼육대학교
2022 상,대학교,사립,서울,기존,상명대학교,인문ㆍ사회계열,2555.0,0.0,3063,2246,817,119.9,87.9,상명대학교
2022 상,대학교,사립,서울,기존,상명대학교,자연과학계열,875.0,0.0,907,766,141,103.7,87.5,상명대학교
2022 상,대학교,사립,서울,기존,상명대학교,공학계열,1146.0,0.0,1031,937,94,90.0,81.8,상명대학교
2022 상,대학교,사립,서울,기존,상명대학교,예ㆍ체능계열,786.0,0.0,718,683,35,91.3,86.9,상명대학교
2022 하,대학교,사립,서울,기존,상명대학교,인문ㆍ사회계열,2555.0,0.0,3412,2469,943,133.5,96.6,상명대학교
2022 하,대학교,사립,서울,기존,상명대학교,자연과학계열,875.0,0.0,1002,847,155,114.5,96.8,상명대학교
2022 하,대학교,사립,서울,기존,상명대학교,공학계열,1146.0,0.0,1103,1001,102,96.2,87.3,상명대학교
2022 하,대학교,사립,서울,기존,상명대학교,예ㆍ체능계열,786.0,0.0,788,748,40,100.3,95.2,상명대학교
2022 상,대학교,사립,강원,기존,상지대학교,인문ㆍ사회계열,3438.0,0.0,2341,2140,201,68.1,62.2,상지대학교
2022 상,대학교,사립,강원,기존,상지대학교,자연과학계열,2231.0,0.0,1667,1522,145,74.7,68.2,상지대학교
2022 상,대학교,사립,강원,기존,상지대학교,공학계열,1339.0,0.0,747,673,74,55.8,50.3,상지대학교
2022 상,대학교,사립,강원,기존,상지대학교,예ㆍ체능계열,1207.0,0.0,939,887,52,77.8,73.5,상지대학교
2022 상,대학교,사립,강원,기존,상지대학교,의학계열,240.0,0.0,207,205,2,86.3,85.4,상지대학교
2022 하,대학교,사립,강원,기존,상지대학교,인문ㆍ사회계열,3438.0,0.0,2513,2315,198,73.1,67.3,상지대학교
2022 하,대학교,사립,강원,기존,상지대학교,자연과학계열,2231.0,0.0,1736,1599,137,77.8,71.7,상지대학교
2022 하,대학교,사립,강원,기존,상지대학교,공학계열,1339.0,0.0,796,728,68,59.4,54.4,상지대학교
2022 하,대학교,사립,강원,기존,상지대학교,예ㆍ체능계열,1207.0,0.0,999,945,54,82.8,78.3,상지대학교
2022 하,대학교,사립,강원,기존,상지대학교,의학계열,240.0,0.0,204,202,2,85.0,84.2,상지대학교
2022 상,대학교,사립,서울,기존,서강대학교,인문ㆍ사회계열,3908.0,0.0,4667,3330,1337,119.4,85.2,서강대학교
2022 상,대학교,사립,서울,기존,서강대학교,자연과학계열,840.0,0.0,802,735,67,95.5,87.5,서강대학교
2022 상,대학교,사립,서울,기존,서강대학교,공학계열,1548.0,0.0,1757,1529,228,113.5,98.8,서강대학교
2022 하,대학교,사립,서울,기존,서강대학교,인문ㆍ사회계열,3908.0,0.0,5224,3800,1424,133.7,97.2,서강대학교
2022 하,대학교,사립,서울,기존,서강대학교,자연과학계열,840.0,0.0,866,793,73,103.1,94.4,서강대학교
2022 하,대학교,사립,서울,기존,서강대학교,공학계열,1548.0,0.0,1884,1635,249,121.7,105.6,서강대학교
2022 상,대학교,사립,서울,기존,서경대학교,인문ㆍ사회계열,1460.0,0.0,1816,1454,362,124.4,99.6,서경대학교
2022 상,대학교,사립,서울,기존,서경대학교,자연과학계열,320.0,0.0,335,301,34,104.7,94.1,서경대학교
2022 상,대학교,사립,서울,기존,서경대학교,공학계열,1520.0,0.0,1510,1356,154,99.3,89.2,서경대학교
2022 상,대학교,사립,서울,기존,서경대학교,예ㆍ체능계열,1776.0,0.0,2363,1598,765,133.1,90.0,서경대학교
2022 하,대학교,사립,서울,기존,서경대학교,인문ㆍ사회계열,1460.0,0.0,1928,1547,381,132.1,106.0,서경대학교
2022 하,대학교,사립,서울,기존,서경대학교,자연과학계열,320.0,0.0,373,336,37,116.6,105.0,서경대학교
2022 하,대학교,사립,서울,기존,서경대학교,공학계열,1520.0,0.0,1620,1466,154,106.6,96.4,서경대학교
2022 하,대학교,사립,서울,기존,서경대학교,예ㆍ체능계열,1776.0,0.0,2589,1754,835,145.8,98.8,서경대학교
2022 상,교육대학,국립,서울,기존,서울교육대학교,인문ㆍ사회계열,1420.0,0.0,1405,1251,154,98.9,88.1,서울교육대학교
2022 하,교육대학,국립,서울,기존,서울교육대학교,인문ㆍ사회계열,1420.0,0.0,1496,1340,156,105.4,94.4,서울교육대학교
2022 상,대학교,사립,서울,기존,서울기독대학교,인문ㆍ사회계열,312.0,0.0,232,219,13,74.4,70.2,서울기독대학교
2022 상,대학교,사립,서울,기존,서울기독대학교,예ㆍ체능계열,232.0,0.0,140,140,0,60.3,60.3,서울기독대학교
2022 하,대학교,사립,서울,기존,서울기독대학교,인문ㆍ사회계열,312.0,0.0,247,234,13,79.2,75.0,서울기독대학교
2022 하,대학교,사립,서울,기존,서울기독대학교,예ㆍ체능계열,232.0,0.0,156,156,0,67.2,67.2,서울기독대학교
2022 상,대학교,국립대법인,서울,기존,서울대학교,인문ㆍ사회계열,4612.0,0.0,5900,5323,577,127.9,115.4,서울대학교
2022 상,대학교,국립대법인,서울,기존,서울대학교,자연과학계열,3555.0,0.0,3780,3374,406,106.3,94.9,서울대학교
2022 상,대학교,국립대법인,서울,기존,서울대학교,공학계열,3175.0,0.0,3522,3196,326,110.9,100.7,서울대학교
2022 상,대학교,국립대법인,서울,기존,서울대학교,예ㆍ체능계열,1140.0,0.0,1335,1237,98,117.1,108.5,서울대학교
2022 상,대학교,국립대법인,서울,기존,서울대학교,의학계열,700.0,0.0,748,669,79,106.9,95.6,서울대학교
2022 하,대학교,국립대법인,서울,기존,서울대학교,인문ㆍ사회계열,4612.0,0.0,6058,5453,605,131.4,118.2,서울대학교
2022 하,대학교,국립대법인,서울,기존,서울대학교,자연과학계열,3555.0,0.0,3972,3491,481,111.7,98.2,서울대학교
2022 하,대학교,국립대법인,서울,기존,서울대학교,공학계열,3175.0,0.0,3683,3353,330,116.0,105.6,서울대학교
2022 하,대학교,국립대법인,서울,기존,서울대학교,예ㆍ체능계열,1140.0,0.0,1397,1295,102,122.5,113.6,서울대학교
2022 하,대학교,국립대법인,서울,기존,서울대학교,의학계열,700.0,0.0,760,679,81,108.6,97.0,서울대학교
2022 상,대학교,공립,서울,기존,서울시립대학교,인문ㆍ사회계열,3092.0,0.0,3851,3414,437,124.5,110.4,서울시립대학교
2022 상,대학교,공립,서울,기존,서울시립대학교,자연과학계열,696.0,0.0,751,682,69,107.9,98.0,서울시립대학교
2022 상,대학교,공립,서울,기존,서울시립대학교,공학계열,2590.0,0.0,2834,2518,316,109.4,97.2,서울시립대학교
2022 상,대학교,공립,서울,기존,서울시립대학교,예ㆍ체능계열,528.0,0.0,594,580,14,112.5,109.8,서울시립대학교
2022 하,대학교,공립,서울,기존,서울시립대학교,인문ㆍ사회계열,3092.0,0.0,4138,3673,465,133.8,118.8,서울시립대학교
2022 하,대학교,공립,서울,기존,서울시립대학교,자연과학계열,696.0,0.0,822,747,75,118.1,107.3,서울시립대학교
2022 하,대학교,공립,서울,기존,서울시립대학교,공학계열,2590.0,0.0,3096,2760,336,119.5,106.6,서울시립대학교
2022 하,대학교,공립,서울,기존,서울시립대학교,예ㆍ체능계열,528.0,0.0,618,602,16,117.0,114.0,서울시립대학교
2022 상,대학교,사립,경기,기존,서울신학대학교,인문ㆍ사회계열,1498.0,0.0,1488,1373,115,99.3,91.7,서울신학대학교
2022 상,대학교,사립,경기,기존,서울신학대학교,공학계열,70.0,0.0,52,48,4,74.3,68.6,서울신학대학교
2022 상,대학교,사립,경기,기존,서울신학대학교,예ㆍ체능계열,350.0,0.0,306,300,6,87.4,85.7,서울신학대학교
2022 하,대학교,사립,경기,기존,서울신학대학교,인문ㆍ사회계열,1498.0,0.0,1668,1536,132,111.3,102.5,서울신학대학교
2022 하,대학교,사립,경기,기존,서울신학대학교,공학계열,70.0,0.0,62,58,4,88.6,82.9,서울신학대학교
2022 하,대학교,사립,경기,기존,서울신학대학교,예ㆍ체능계열,350.0,0.0,352,346,6,100.6,98.9,서울신학대학교
2022 상,대학교,사립,서울,기존,서울여자대학교,인문ㆍ사회계열,3528.0,0.0,3354,2945,409,95.1,83.5,서울여자대학교
2022 상,대학교,사립,서울,기존,서울여자대학교,자연과학계열,2188.0,0.0,2156,1985,171,98.5,90.7,서울여자대학교
2022 상,대학교,사립,서울,기존,서울여자대학교,예ㆍ체능계열,745.0,0.0,709,699,10,95.2,93.8,서울여자대학교
2022 하,대학교,사립,서울,기존,서울여자대학교,인문ㆍ사회계열,3528.0,0.0,3814,3401,413,108.1,96.4,서울여자대학교
2022 하,대학교,사립,서울,기존,서울여자대학교,자연과학계열,2188.0,0.0,2410,2234,176,110.1,102.1,서울여자대학교
2022 하,대학교,사립,서울,기존,서울여자대학교,예ㆍ체능계열,745.0,0.0,784,772,12,105.2,103.6,서울여자대학교
2022 상,대학교,사립,경기,기존,서울장신대학교,인문ㆍ사회계열,337.0,0.0,271,257,14,80.4,76.3,서울장신대학교
2022 상,대학교,사립,경기,기존,서울장신대학교,예ㆍ체능계열,106.0,0.0,45,43,2,42.5,40.6,서울장신대학교
2022 하,대학교,사립,경기,기존,서울장신대학교,인문ㆍ사회계열,337.0,0.0,275,260,15,81.6,77.2,서울장신대학교
2022 하,대학교,사립,경기,기존,서울장신대학교,예ㆍ체능계열,106.0,0.0,48,46,2,45.3,43.4,서울장신대학교
2022 상,대학교,사립,서울,기존,서울한영대학교,인문ㆍ사회계열,640.0,0.0,539,491,48,84.2,76.7,서울한영대학교
2022 상,대학교,사립,서울,기존,서울한영대학교,예ㆍ체능계열,80.0,0.0,46,44,2,57.5,55.0,서울한영대학교
2022 하,대학교,사립,서울,기존,서울한영대학교,인문ㆍ사회계열,640.0,0.0,603,552,51,94.2,86.3,서울한영대학교
2022 하,대학교,사립,서울,기존,서울한영대학교,예ㆍ체능계열,80.0,0.0,52,49,3,65.0,61.3,서울한영대학교
2022 상,대학교,사립,충북,기존,서원대학교,인문ㆍ사회계열,2939.0,0.0,2869,2519,350,97.6,85.7,서원대학교
2022 상,대학교,사립,충북,기존,서원대학교,자연과학계열,1120.0,0.0,998,941,57,89.1,84.0,서원대학교
2022 상,대학교,사립,충북,기존,서원대학교,공학계열,1560.0,0.0,1316,1291,25,84.4,82.8,서원대학교
2022 상,대학교,사립,충북,기존,서원대학교,예ㆍ체능계열,869.0,0.0,806,743,63,92.8,85.5,서원대학교
2022 하,대학교,사립,충북,기존,서원대학교,인문ㆍ사회계열,2939.0,0.0,3135,2793,342,106.7,95.0,서원대학교
2022 하,대학교,사립,충북,기존,서원대학교,자연과학계열,1120.0,0.0,1132,1065,67,101.1,95.1,서원대학교
2022 하,대학교,사립,충북,기존,서원대학교,공학계열,1560.0,0.0,1502,1476,26,96.3,94.6,서원대학교
2022 하,대학교,사립,충북,기존,서원대학교,예ㆍ체능계열,869.0,0.0,875,807,68,100.7,92.9,서원대학교
2022 상,대학교,사립,충남,기존,선문대학교,인문ㆍ사회계열,3278.0,0.0,3800,2939,861,115.9,89.7,선문대학교
2022 상,대학교,사립,충남,기존,선문대학교,자연과학계열,1011.0,0.0,1192,969,223,117.9,95.8,선문대학교
2022 상,대학교,사립,충남,기존,선문대학교,공학계열,3493.0,0.0,3078,2897,181,88.1,82.9,선문대학교
2022 상,대학교,사립,충남,기존,선문대학교,예ㆍ체능계열,460.0,0.0,491,437,54,106.7,95.0,선문대학교
2022 하,대학교,사립,충남,기존,선문대학교,인문ㆍ사회계열,3278.0,0.0,4121,3220,901,125.7,98.2,선문대학교
2022 하,대학교,사립,충남,기존,선문대학교,자연과학계열,1011.0,0.0,1232,1003,229,121.9,99.2,선문대학교
2022 하,대학교,사립,충남,기존,선문대학교,공학계열,3493.0,0.0,3307,3115,192,94.7,89.2,선문대학교
2022 하,대학교,사립,충남,기존,선문대학교,예ㆍ체능계열,460.0,0.0,514,460,54,111.7,100.0,선문대학교
2022 상,대학교,사립,경기,기존,성결대학교,인문ㆍ사회계열,2920.0,0.0,2908,2698,210,99.6,92.4,성결대학교
2022 상,대학교,사립,경기,기존,성결대학교,공학계열,1220.0,0.0,1283,1201,82,105.2,98.4,성결대학교
2022 상,대학교,사립,경기,기존,성결대학교,예ㆍ체능계열,772.0,0.0,807,750,57,104.5,97.2,성결대학교
2022 하,대학교,사립,경기,기존,성결대학교,인문ㆍ사회계열,2920.0,0.0,3086,2866,220,105.7,98.2,성결대학교
2022 하,대학교,사립,경기,기존,성결대학교,공학계열,1220.0,0.0,1338,1247,91,109.7,102.2,성결대학교
2022 하,대학교,사립,경기,기존,성결대학교,예ㆍ체능계열,772.0,0.0,866,811,55,112.2,105.1,성결대학교
2022 상,대학교,사립,서울,기존,성공회대학교,인문ㆍ사회계열,1452.0,0.0,1260,1183,77,86.8,81.5,성공회대학교
2022 상,대학교,사립,서울,기존,성공회대학교,공학계열,556.0,0.0,474,456,18,85.3,82.0,성공회대학교
2022 하,대학교,사립,서울,기존,성공회대학교,인문ㆍ사회계열,1452.0,0.0,1424,1333,91,98.1,91.8,성공회대학교
2022 하,대학교,사립,서울,기존,성공회대학교,공학계열,556.0,0.0,507,491,16,91.2,88.3,성공회대학교
2022 상,대학교,사립,서울,기존,성균관대학교,인문ㆍ사회계열,6176.0,0.0,8904,5846,3058,144.2,94.7,성균관대학교
2022 상,대학교,사립,서울,기존,성균관대학교,자연과학계열,1633.0,0.0,1606,1297,309,98.3,79.4,성균관대학교
2022 상,대학교,사립,서울,기존,성균관대학교,공학계열,4439.0,0.0,5217,4168,1049,117.5,93.9,성균관대학교
2022 상,대학교,사립,서울,기존,성균관대학교,예ㆍ체능계열,1152.0,0.0,1431,1097,334,124.2,95.2,성균관대학교
2022 상,대학교,사립,서울,기존,성균관대학교,의학계열,160.0,0.0,168,159,9,105.0,99.4,성균관대학교
2022 하,대학교,사립,서울,기존,성균관대학교,인문ㆍ사회계열,6176.0,0.0,9381,6399,2982,151.9,103.6,성균관대학교
2022 하,대학교,사립,서울,기존,성균관대학교,자연과학계열,1633.0,0.0,1732,1422,310,106.1,87.1,성균관대학교
2022 하,대학교,사립,서울,기존,성균관대학교,공학계열,4439.0,0.0,5520,4456,1064,124.4,100.4,성균관대학교
2022 하,대학교,사립,서울,기존,성균관대학교,예ㆍ체능계열,1152.0,0.0,1498,1213,285,130.0,105.3,성균관대학교
2022 하,대학교,사립,서울,기존,성균관대학교,의학계열,160.0,0.0,167,158,9,104.4,98.8,성균관대학교
2022 상,대학교,사립,서울,기존,성신여자대학교,인문ㆍ사회계열,3585.0,0.0,3383,3029,354,94.4,84.5,성신여자대학교
2022 상,대학교,사립,서울,기존,성신여자대학교,자연과학계열,1428.0,0.0,1380,1232,148,96.6,86.3,성신여자대학교
2022 상,대학교,사립,서울,기존,성신여자대학교,공학계열,1480.0,0.0,1484,1339,145,100.3,90.5,성신여자대학교
2022 상,대학교,사립,서울,기존,성신여자대학교,예ㆍ체능계열,2131.0,0.0,2068,1966,102,97.0,92.3,성신여자대학교
2022 하,대학교,사립,서울,기존,성신여자대학교,인문ㆍ사회계열,3585.0,0.0,3666,3269,397,102.3,91.2,성신여자대학교
2022 하,대학교,사립,서울,기존,성신여자대학교,자연과학계열,1428.0,0.0,1489,1331,158,104.3,93.2,성신여자대학교
2022 하,대학교,사립,서울,기존,성신여자대학교,공학계열,1480.0,0.0,1569,1425,144,106.0,96.3,성신여자대학교
2022 하,대학교,사립,서울,기존,성신여자대학교,예ㆍ체능계열,2131.0,0.0,2149,2041,108,100.8,95.8,성신여자대학교
2022 상,대학교,사립,충북,기존,세명대학교,인문ㆍ사회계열,2919.0,0.0,2372,2196,176,81.3,75.2,세명대학교
2022 상,대학교,사립,충북,기존,세명대학교,자연과학계열,2600.0,0.0,2303,2086,217,88.6,80.2,세명대학교
2022 상,대학교,사립,충북,기존,세명대학교,공학계열,1046.0,0.0,793,759,34,75.8,72.6,세명대학교
2022 상,대학교,사립,충북,기존,세명대학교,예ㆍ체능계열,855.0,0.0,801,729,72,93.7,85.3,세명대학교
2022 상,대학교,사립,충북,기존,세명대학교,의학계열,160.0,0.0,175,159,16,109.4,99.4,세명대학교
2022 하,대학교,사립,충북,기존,세명대학교,인문ㆍ사회계열,2919.0,0.0,2520,2329,191,86.3,79.8,세명대학교
2022 하,대학교,사립,충북,기존,세명대학교,자연과학계열,2600.0,0.0,2428,2202,226,93.4,84.7,세명대학교
2022 하,대학교,사립,충북,기존,세명대학교,공학계열,1046.0,0.0,845,809,36,80.8,77.3,세명대학교
2022 하,대학교,사립,충북,기존,세명대학교,예ㆍ체능계열,855.0,0.0,867,798,69,101.4,93.3,세명대학교
2022 하,대학교,사립,충북,기존,세명대학교,의학계열,160.0,0.0,175,159,16,109.4,99.4,세명대학교
2022 상,대학교,사립,서울,기존,세종대학교,인문ㆍ사회계열,2332.0,0.0,3383,2167,1216,145.1,92.9,세종대학교
2022 상,대학교,사립,서울,기존,세종대학교,자연과학계열,612.0,0.0,599,559,40,97.9,91.3,세종대학교
2022 상,대학교,사립,서울,기존,세종대학교,공학계열,5635.0,0.0,6057,5210,847,107.5,92.5,세종대학교
2022 상,대학교,사립,서울,기존,세종대학교,예ㆍ체능계열,916.0,0.0,1118,979,139,122.1,106.9,세종대학교
2022 하,대학교,사립,서울,기존,세종대학교,인문ㆍ사회계열,2332.0,0.0,3498,2298,1200,150.0,98.5,세종대학교
2022 하,대학교,사립,서울,기존,세종대학교,자연과학계열,612.0,0.0,629,589,40,102.8,96.2,세종대학교
2022 하,대학교,사립,서울,기존,세종대학교,공학계열,5635.0,0.0,6365,5549,816,113.0,98.5,세종대학교
2022 하,대학교,사립,서울,기존,세종대학교,예ㆍ체능계열,916.0,0.0,1196,1075,121,130.6,117.4,세종대학교
2022 상,대학교,사립,전남,기존,세한대학교,인문ㆍ사회계열,1192.0,0.0,1196,1158,38,100.3,97.1,세한대학교
2022 상,대학교,사립,전남,기존,세한대학교,자연과학계열,573.0,0.0,601,505,96,104.9,88.1,세한대학교
2022 상,대학교,사립,전남,기존,세한대학교,공학계열,476.0,0.0,443,428,15,93.1,89.9,세한대학교
2022 상,대학교,사립,전남,기존,세한대학교,예ㆍ체능계열,1221.0,0.0,916,876,40,75.0,71.7,세한대학교
2022 하,대학교,사립,전남,기존,세한대학교,인문ㆍ사회계열,1192.0,0.0,1308,1269,39,109.7,106.5,세한대학교
2022 하,대학교,사립,전남,기존,세한대학교,자연과학계열,573.0,0.0,633,530,103,110.5,92.5,세한대학교
2022 하,대학교,사립,전남,기존,세한대학교,공학계열,476.0,0.0,467,450,17,98.1,94.5,세한대학교
2022 하,대학교,사립,전남,기존,세한대학교,예ㆍ체능계열,1221.0,0.0,1057,1016,41,86.6,83.2,세한대학교
2022 상,대학교,사립,경기,기존,수원가톨릭대학교,인문ㆍ사회계열,360.0,0.0,121,114,7,33.6,31.7,수원가톨릭대학교
2022 하,대학교,사립,경기,기존,수원가톨릭대학교,인문ㆍ사회계열,360.0,0.0,122,115,7,33.9,31.9,수원가톨릭대학교
2022 상,대학교,사립,경기,기존,수원대학교,인문ㆍ사회계열,2222.0,0.0,2235,1933,302,100.6,87.0,수원대학교
2022 상,대학교,사립,경기,기존,수원대학교,자연과학계열,1140.0,0.0,1035,963,72,90.8,84.5,수원대학교
2022 상,대학교,사립,경기,기존,수원대학교,공학계열,3080.0,0.0,2926,2718,208,95.0,88.2,수원대학교
2022 상,대학교,사립,경기,기존,수원대학교,예ㆍ체능계열,2210.0,0.0,1845,1817,28,83.5,82.2,수원대학교
2022 하,대학교,사립,경기,기존,수원대학교,인문ㆍ사회계열,2222.0,0.0,2432,2080,352,109.5,93.6,수원대학교
2022 하,대학교,사립,경기,기존,수원대학교,자연과학계열,1140.0,0.0,1112,1035,77,97.5,90.8,수원대학교
2022 하,대학교,사립,경기,기존,수원대학교,공학계열,3080.0,0.0,3085,2872,213,100.2,93.2,수원대학교
2022 하,대학교,사립,경기,기존,수원대학교,예ㆍ체능계열,2210.0,0.0,1958,1928,30,88.6,87.2,수원대학교
2022 상,대학교,사립,서울,기존,숙명여자대학교,인문ㆍ사회계열,4484.0,0.0,5133,4160,973,114.5,92.8,숙명여자대학교
2022 상,대학교,사립,서울,기존,숙명여자대학교,자연과학계열,1245.0,0.0,1344,1170,174,108.0,94.0,숙명여자대학교
2022 상,대학교,사립,서울,기존,숙명여자대학교,공학계열,1692.0,0.0,1604,1509,95,94.8,89.2,숙명여자대학교
2022 상,대학교,사립,서울,기존,숙명여자대학교,예ㆍ체능계열,1299.0,0.0,1285,1251,34,98.9,96.3,숙명여자대학교
2022 하,대학교,사립,서울,기존,숙명여자대학교,인문ㆍ사회계열,4484.0,0.0,5439,4381,1058,121.3,97.7,숙명여자대학교
2022 하,대학교,사립,서울,기존,숙명여자대학교,자연과학계열,1245.0,0.0,1384,1197,187,111.2,96.1,숙명여자대학교
2022 하,대학교,사립,서울,기존,숙명여자대학교,공학계열,1692.0,0.0,1635,1534,101,96.6,90.7,숙명여자대학교
2022 하,대학교,사립,서울,기존,숙명여자대학교,예ㆍ체능계열,1299.0,0.0,1372,1337,35,105.6,102.9,숙명여자대학교
2022 상,각종학교(대학),사립,충북,기존,순복음총회신학교,인문ㆍ사회계열,249.0,0.0,100,100,0,40.2,40.2,순복음총회신학교
2022 상,각종학교(대학),사립,충북,기존,순복음총회신학교,예ㆍ체능계열,40.0,0.0,12,12,0,30.0,30.0,순복음총회신학교
2022 하,각종학교(대학),사립,충북,기존,순복음총회신학교,인문ㆍ사회계열,249.0,0.0,115,115,0,46.2,46.2,순복음총회신학교
2022 하,각종학교(대학),사립,충북,기존,순복음총회신학교,예ㆍ체능계열,40.0,0.0,12,12,0,30.0,30.0,순복음총회신학교
2022 상,대학교,사립,충남,기존,순천향대학교,인문ㆍ사회계열,3296.0,0.0,3799,3177,622,115.3,96.4,순천향대학교
2022 상,대학교,사립,충남,기존,순천향대학교,자연과학계열,1903.0,0.0,1972,1760,212,103.6,92.5,순천향대학교
2022 상,대학교,사립,충남,기존,순천향대학교,공학계열,3479.0,0.0,3631,3061,570,104.4,88.0,순천향대학교
2022 상,대학교,사립,충남,기존,순천향대학교,예ㆍ체능계열,584.0,0.0,592,572,20,101.4,97.9,순천향대학교
2022 상,대학교,사립,충남,기존,순천향대학교,의학계열,372.0,0.0,383,353,30,103.0,94.9,순천향대학교
2022 하,대학교,사립,충남,기존,순천향대학교,인문ㆍ사회계열,3296.0,0.0,3791,3217,574,115.0,97.6,순천향대학교
2022 하,대학교,사립,충남,기존,순천향대학교,자연과학계열,1903.0,0.0,1999,1784,215,105.0,93.7,순천향대학교
2022 하,대학교,사립,충남,기존,순천향대학교,공학계열,3479.0,0.0,3742,3149,593,107.6,90.5,순천향대학교
2022 하,대학교,사립,충남,기존,순천향대학교,예ㆍ체능계열,584.0,0.0,598,573,25,102.4,98.1,순천향대학교
2022 하,대학교,사립,충남,기존,순천향대학교,의학계열,372.0,0.0,387,357,30,104.0,96.0,순천향대학교
2022 상,대학교,사립,서울,기존,숭실대학교,인문ㆍ사회계열,4620.0,0.0,6588,4345,2243,142.6,94.0,숭실대학교
2022 상,대학교,사립,서울,기존,숭실대학교,자연과학계열,884.0,0.0,869,789,80,98.3,89.3,숭실대학교
2022 상,대학교,사립,서울,기존,숭실대학교,공학계열,4928.0,0.0,5291,4648,643,107.4,94.3,숭실대학교
2022 상,대학교,사립,서울,기존,숭실대학교,예ㆍ체능계열,348.0,1.0,353,339,14,101.7,97.7,숭실대학교
2022 하,대학교,사립,서울,기존,숭실대학교,인문ㆍ사회계열,4620.0,0.0,7020,4680,2340,151.9,101.3,숭실대학교
2022 하,대학교,사립,서울,기존,숭실대학교,자연과학계열,884.0,0.0,897,821,76,101.5,92.9,숭실대학교
2022 하,대학교,사립,서울,기존,숭실대학교,공학계열,4928.0,0.0,5571,4880,691,113.0,99.0,숭실대학교
2022 하,대학교,사립,서울,기존,숭실대학교,예ㆍ체능계열,348.0,1.0,376,356,20,108.4,102.6,숭실대학교
2022 상,대학교,사립,경북,기존,신경주대학교,인문ㆍ사회계열,1358.0,47.0,178,100,78,13.6,7.6,신경주대학교
2022 상,대학교,사립,경북,기존,신경주대학교,자연과학계열,645.0,13.0,183,151,32,29.0,23.9,신경주대학교
2022 상,대학교,사립,경북,기존,신경주대학교,공학계열,205.0,7.0,13,12,1,6.6,6.1,신경주대학교
2022 상,대학교,사립,경북,기존,신경주대학교,예ㆍ체능계열,840.0,11.0,170,156,14,20.5,18.8,신경주대학교
2022 하,대학교,사립,경북,기존,신경주대학교,인문ㆍ사회계열,1358.0,47.0,256,151,105,19.5,11.5,신경주대학교
2022 하,대학교,사립,경북,기존,신경주대학교,자연과학계열,645.0,13.0,222,189,33,35.1,29.9,신경주대학교
2022 하,대학교,사립,경북,기존,신경주대학교,공학계열,205.0,7.0,30,29,1,15.2,14.6,신경주대학교
2022 하,대학교,사립,경북,기존,신경주대학교,예ㆍ체능계열,840.0,11.0,182,167,15,22.0,20.1,신경주대학교
2022 상,대학교,사립,부산,기존,신라대학교,인문ㆍ사회계열,3703.0,0.0,3217,2857,360,86.9,77.2,신라대학교
2022 상,대학교,사립,부산,기존,신라대학교,자연과학계열,1635.0,0.0,1467,1350,117,89.7,82.6,신라대학교
2022 상,대학교,사립,부산,기존,신라대학교,공학계열,2326.0,0.0,1400,1275,125,60.2,54.8,신라대학교
2022 상,대학교,사립,부산,기존,신라대학교,예ㆍ체능계열,666.0,0.0,518,490,28,77.8,73.6,신라대학교
2022 하,대학교,사립,부산,기존,신라대학교,인문ㆍ사회계열,3703.0,0.0,3764,3354,410,101.6,90.6,신라대학교
2022 하,대학교,사립,부산,기존,신라대학교,자연과학계열,1635.0,0.0,1618,1494,124,99.0,91.4,신라대학교
2022 하,대학교,사립,부산,기존,신라대학교,공학계열,2326.0,0.0,1565,1421,144,67.3,61.1,신라대학교
2022 하,대학교,사립,부산,기존,신라대학교,예ㆍ체능계열,666.0,0.0,603,568,35,90.5,85.3,신라대학교
2022 상,대학교,사립,경기,기존,아신대학교,인문ㆍ사회계열,692.0,0.0,364,353,11,52.6,51.0,아신대학교
2022 하,대학교,사립,경기,기존,아신대학교,인문ㆍ사회계열,692.0,0.0,410,398,12,59.2,57.5,아신대학교
2022 상,대학교,사립,경기,기존,아주대학교,인문ㆍ사회계열,2253.0,0.0,2844,2119,725,126.2,94.1,아주대학교
2022 상,대학교,사립,경기,기존,아주대학교,자연과학계열,1111.0,0.0,1254,1056,198,112.9,95.0,아주대학교
2022 상,대학교,사립,경기,기존,아주대학교,공학계열,4102.0,0.0,4706,4026,680,114.7,98.1,아주대학교
2022 상,대학교,사립,경기,기존,아주대학교,예ㆍ체능계열,46.0,0.0,37,37,0,80.4,80.4,아주대학교
2022 상,대학교,사립,경기,기존,아주대학교,의학계열,160.0,0.0,173,160,13,108.1,100.0,아주대학교
2022 하,대학교,사립,경기,기존,아주대학교,인문ㆍ사회계열,2253.0,0.0,3075,2339,736,136.5,103.8,아주대학교
2022 하,대학교,사립,경기,기존,아주대학교,자연과학계열,1111.0,0.0,1336,1133,203,120.3,102.0,아주대학교
2022 하,대학교,사립,경기,기존,아주대학교,공학계열,4102.0,0.0,5080,4353,727,123.8,106.1,아주대학교
2022 하,대학교,사립,경기,기존,아주대학교,예ㆍ체능계열,46.0,0.0,39,39,0,84.8,84.8,아주대학교
2022 하,대학교,사립,경기,기존,아주대학교,의학계열,160.0,0.0,175,163,12,109.4,101.9,아주대학교
2022 상,대학교,사립,경기,기존,안양대학교,인문ㆍ사회계열,1832.0,0.0,1891,1728,163,103.2,94.3,안양대학교
2022 상,대학교,사립,경기,기존,안양대학교,자연과학계열,226.0,0.0,239,222,17,105.8,98.2,안양대학교
2022 상,대학교,사립,경기,기존,안양대학교,공학계열,1701.0,0.0,1737,1624,113,102.1,95.5,안양대학교
2022 상,대학교,사립,경기,기존,안양대학교,예ㆍ체능계열,277.0,0.0,217,217,0,78.3,78.3,안양대학교
2022 하,대학교,사립,경기,기존,안양대학교,인문ㆍ사회계열,1832.0,0.0,1991,1826,165,108.7,99.7,안양대학교
2022 하,대학교,사립,경기,기존,안양대학교,자연과학계열,226.0,0.0,260,242,18,115.0,107.1,안양대학교
2022 하,대학교,사립,경기,기존,안양대학교,공학계열,1701.0,0.0,1785,1668,117,104.9,98.1,안양대학교
2022 하,대학교,사립,경기,기존,안양대학교,예ㆍ체능계열,277.0,0.0,247,246,1,89.2,88.8,안양대학교
2022 상,대학교,사립,인천,기존,안양대학교 _제2캠퍼스,인문ㆍ사회계열,156.0,0.0,56,55,1,35.9,35.3,안양대학교 _제2캠퍼스
2022 상,대학교,사립,인천,기존,안양대학교 _제2캠퍼스,공학계열,305.0,0.0,148,148,0,48.5,48.5,안양대학교 _제2캠퍼스
2022 상,대학교,사립,인천,기존,안양대학교 _제2캠퍼스,예ㆍ체능계열,82.0,0.0,61,61,0,74.4,74.4,안양대학교 _제2캠퍼스
2022 하,대학교,사립,인천,기존,안양대학교 _제2캠퍼스,인문ㆍ사회계열,156.0,0.0,59,59,0,37.8,37.8,안양대학교 _제2캠퍼스
2022 하,대학교,사립,인천,기존,안양대학교 _제2캠퍼스,공학계열,305.0,0.0,159,159,0,52.1,52.1,안양대학교 _제2캠퍼스
2022 하,대학교,사립,인천,기존,안양대학교 _제2캠퍼스,예ㆍ체능계열,82.0,0.0,76,76,0,92.7,92.7,안양대학교 _제2캠퍼스
2022 상,대학교,사립,서울,기존,연세대학교,인문ㆍ사회계열,6489.0,0.0,9327,6363,2964,143.7,98.1,연세대학교
2022 상,대학교,사립,서울,기존,연세대학교,자연과학계열,2361.0,0.0,2809,2229,580,119.0,94.4,연세대학교
2022 상,대학교,사립,서울,기존,연세대학교,공학계열,3810.0,0.0,4412,3631,781,115.8,95.3,연세대학교
2022 상,대학교,사립,서울,기존,연세대학교,예ㆍ체능계열,836.0,0.0,904,850,54,108.1,101.7,연세대학교
2022 상,대학교,사립,서울,기존,연세대학교,의학계열,680.0,0.0,748,670,78,110.0,98.5,연세대학교
2022 하,대학교,사립,서울,기존,연세대학교,인문ㆍ사회계열,6474.0,0.0,9876,6829,3047,152.5,105.5,연세대학교
2022 하,대학교,사립,서울,기존,연세대학교,자연과학계열,2376.0,0.0,3028,2439,589,127.4,102.7,연세대학교
2022 하,대학교,사립,서울,기존,연세대학교,공학계열,3810.0,0.0,4635,3857,778,121.7,101.2,연세대학교
2022 하,대학교,사립,서울,기존,연세대학교,예ㆍ체능계열,836.0,0.0,949,893,56,113.5,106.8,연세대학교
2022 하,대학교,사립,서울,기존,연세대학교,의학계열,680.0,0.0,751,673,78,110.4,99.0,연세대학교
2022 상,대학교,사립,강원,기존,연세대학교(미래) _분교,인문ㆍ사회계열,2387.0,0.0,2650,2146,504,111.0,89.9,연세대학교(미래) _분교
2022 상,대학교,사립,강원,기존,연세대학교(미래) _분교,자연과학계열,2089.0,0.0,2325,1995,330,111.3,95.5,연세대학교(미래) _분교
2022 상,대학교,사립,강원,기존,연세대학교(미래) _분교,공학계열,908.0,0.0,1052,818,234,115.9,90.1,연세대학교(미래) _분교
2022 상,대학교,사립,강원,기존,연세대학교(미래) _분교,의학계열,372.0,0.0,424,394,30,114.0,105.9,연세대학교(미래) _분교
2022 하,대학교,사립,강원,기존,연세대학교(미래) _분교,인문ㆍ사회계열,2387.0,0.0,2954,2442,512,123.8,102.3,연세대학교(미래) _분교
2022 하,대학교,사립,강원,기존,연세대학교(미래) _분교,자연과학계열,2089.0,0.0,2394,2041,353,114.6,97.7,연세대학교(미래) _분교
2022 하,대학교,사립,강원,기존,연세대학교(미래) _분교,공학계열,908.0,0.0,1133,880,253,124.8,96.9,연세대학교(미래) _분교
2022 하,대학교,사립,강원,기존,연세대학교(미래) _분교,의학계열,372.0,0.0,424,394,30,114.0,105.9,연세대학교(미래) _분교
2022 상,대학교,사립,경북,기존,영남대학교,인문ㆍ사회계열,6866.0,0.0,7340,6381,959,106.9,92.9,영남대학교
2022 상,대학교,사립,경북,기존,영남대학교,자연과학계열,3230.0,0.0,3154,2879,275,97.6,89.1,영남대학교
2022 상,대학교,사립,경북,기존,영남대학교,공학계열,6284.0,0.0,6554,5962,592,104.3,94.9,영남대학교
2022 상,대학교,사립,경북,기존,영남대학교,예ㆍ체능계열,1957.0,0.0,1836,1774,62,93.8,90.6,영남대학교
2022 상,대학교,사립,경북,기존,영남대학교,의학계열,304.0,0.0,291,291,0,95.7,95.7,영남대학교
2022 하,대학교,사립,경북,기존,영남대학교,인문ㆍ사회계열,6866.0,0.0,7656,6701,955,111.5,97.6,영남대학교
2022 하,대학교,사립,경북,기존,영남대학교,자연과학계열,3230.0,0.0,3296,3005,291,102.0,93.0,영남대학교
2022 하,대학교,사립,경북,기존,영남대학교,공학계열,6284.0,0.0,6801,6192,609,108.2,98.5,영남대학교
2022 하,대학교,사립,경북,기존,영남대학교,예ㆍ체능계열,1957.0,0.0,1960,1896,64,100.2,96.9,영남대학교
2022 하,대학교,사립,경북,기존,영남대학교,의학계열,304.0,0.0,296,296,0,97.4,97.4,영남대학교
2022 상,대학교,사립,경북,기존,영남신학대학교,인문ㆍ사회계열,460.0,0.0,345,322,23,75.0,70.0,영남신학대학교
2022 하,대학교,사립,경북,기존,영남신학대학교,인문ㆍ사회계열,460.0,0.0,395,367,28,85.9,79.8,영남신학대학교
2022 상,대학교,사립,경남,기존,영산대학교,인문ㆍ사회계열,805.0,0.0,567,546,21,70.4,67.8,영산대학교
2022 상,대학교,사립,경남,기존,영산대학교,자연과학계열,655.0,0.0,774,618,156,118.2,94.4,영산대학교
2022 상,대학교,사립,경남,기존,영산대학교,공학계열,800.0,0.0,540,529,11,67.5,66.1,영산대학교
2022 상,대학교,사립,경남,기존,영산대학교,예ㆍ체능계열,280.0,0.0,241,240,1,86.1,85.7,영산대학교
2022 하,대학교,사립,경남,기존,영산대학교,인문ㆍ사회계열,805.0,0.0,608,585,23,75.5,72.7,영산대학교
2022 하,대학교,사립,경남,기존,영산대학교,자연과학계열,655.0,0.0,788,631,157,120.3,96.3,영산대학교
2022 하,대학교,사립,경남,기존,영산대학교,공학계열,800.0,0.0,602,590,12,75.3,73.8,영산대학교
2022 하,대학교,사립,경남,기존,영산대학교,예ㆍ체능계열,280.0,0.0,267,266,1,95.4,95.0,영산대학교
2022 상,대학교,사립,부산,기존,영산대학교 _제2캠퍼스,인문ㆍ사회계열,1356.0,0.0,1428,1020,408,105.3,75.2,영산대학교 _제2캠퍼스
2022 상,대학교,사립,부산,기존,영산대학교 _제2캠퍼스,자연과학계열,575.0,0.0,592,556,36,103.0,96.7,영산대학교 _제2캠퍼스
2022 상,대학교,사립,부산,기존,영산대학교 _제2캠퍼스,예ㆍ체능계열,1435.0,0.0,1261,1170,91,87.9,81.5,영산대학교 _제2캠퍼스
2022 하,대학교,사립,부산,기존,영산대학교 _제2캠퍼스,인문ㆍ사회계열,1356.0,0.0,1520,1141,379,112.1,84.1,영산대학교 _제2캠퍼스
2022 하,대학교,사립,부산,기존,영산대학교 _제2캠퍼스,자연과학계열,575.0,0.0,648,611,37,112.7,106.3,영산대학교 _제2캠퍼스
2022 하,대학교,사립,부산,기존,영산대학교 _제2캠퍼스,예ㆍ체능계열,1435.0,0.0,1384,1295,89,96.4,90.2,영산대학교 _제2캠퍼스
2022 상,대학교,사립,전남,기존,영산선학대학교,인문ㆍ사회계열,200.0,0.0,31,29,2,15.5,14.5,영산선학대학교
2022 하,대학교,사립,전남,기존,영산선학대학교,인문ㆍ사회계열,200.0,0.0,38,36,2,19.0,18.0,영산선학대학교
2022 상,대학교,사립,전북,기존,예수대학교,인문ㆍ사회계열,42.0,0.0,37,37,0,88.1,88.1,예수대학교
2022 상,대학교,사립,전북,기존,예수대학교,자연과학계열,445.0,0.0,486,436,50,109.2,98.0,예수대학교
2022 하,대학교,사립,전북,기존,예수대학교,인문ㆍ사회계열,42.0,0.0,37,37,0,88.1,88.1,예수대학교
2022 하,대학교,사립,전북,기존,예수대학교,자연과학계열,445.0,0.0,492,441,51,110.6,99.1,예수대학교
2022 상,대학교,사립,전북,기존,예원예술대학교,예ㆍ체능계열,786.0,0.0,922,527,395,117.3,67.0,예원예술대학교
2022 하,대학교,사립,전북,기존,예원예술대학교,예ㆍ체능계열,786.0,0.0,1058,588,470,134.6,74.8,예원예술대학교
2022 상,대학교,사립,경기,기존,용인대학교,인문ㆍ사회계열,1224.0,0.0,1186,1054,132,96.9,86.1,용인대학교
2022 상,대학교,사립,경기,기존,용인대학교,자연과학계열,982.0,0.0,918,842,76,93.5,85.7,용인대학교
2022 상,대학교,사립,경기,기존,용인대학교,예ㆍ체능계열,3124.0,0.0,3080,2853,227,98.6,91.3,용인대학교
2022 하,대학교,사립,경기,기존,용인대학교,인문ㆍ사회계열,1224.0,0.0,1250,1115,135,102.1,91.1,용인대학교
2022 하,대학교,사립,경기,기존,용인대학교,자연과학계열,982.0,0.0,960,879,81,97.8,89.5,용인대학교
2022 하,대학교,사립,경기,기존,용인대학교,예ㆍ체능계열,3124.0,0.0,3234,2982,252,103.5,95.5,용인대학교
2022 상,대학교,사립,전북,기존,우석대학교,인문ㆍ사회계열,2541.0,0.0,2424,1901,523,95.4,74.8,우석대학교
2022 상,대학교,사립,전북,기존,우석대학교,자연과학계열,2128.0,0.0,1987,1721,266,93.4,80.9,우석대학교
2022 상,대학교,사립,전북,기존,우석대학교,공학계열,1306.0,0.0,961,889,72,73.6,68.1,우석대학교
2022 상,대학교,사립,전북,기존,우석대학교,예ㆍ체능계열,965.0,0.0,917,869,48,95.0,90.1,우석대학교
2022 상,대학교,사립,전북,기존,우석대학교,의학계열,120.0,0.0,136,119,17,113.3,99.2,우석대학교
2022 하,대학교,사립,전북,기존,우석대학교,인문ㆍ사회계열,2541.0,0.0,2594,2102,492,102.1,82.7,우석대학교
2022 하,대학교,사립,전북,기존,우석대학교,자연과학계열,2128.0,0.0,2058,1782,276,96.7,83.7,우석대학교
2022 하,대학교,사립,전북,기존,우석대학교,공학계열,1306.0,0.0,1031,954,77,78.9,73.0,우석대학교
2022 하,대학교,사립,전북,기존,우석대학교,예ㆍ체능계열,965.0,0.0,1068,1015,53,110.7,105.2,우석대학교
2022 하,대학교,사립,전북,기존,우석대학교,의학계열,120.0,0.0,142,124,18,118.3,103.3,우석대학교
2022 상,대학교,사립,대전,기존,우송대학교,인문ㆍ사회계열,3399.0,0.0,4012,2829,1183,118.0,83.2,우송대학교
2022 상,대학교,사립,대전,기존,우송대학교,자연과학계열,1510.0,0.0,1530,1421,109,101.3,94.1,우송대학교
2022 상,대학교,사립,대전,기존,우송대학교,공학계열,2357.0,0.0,2109,1821,288,89.5,77.3,우송대학교
2022 상,대학교,사립,대전,기존,우송대학교,예ㆍ체능계열,750.0,0.0,902,675,227,120.3,90.0,우송대학교
2022 하,대학교,사립,대전,기존,우송대학교,인문ㆍ사회계열,3399.0,0.0,4350,3203,1147,128.0,94.2,우송대학교
2022 하,대학교,사립,대전,기존,우송대학교,자연과학계열,1510.0,0.0,1605,1490,115,106.3,98.7,우송대학교
2022 하,대학교,사립,대전,기존,우송대학교,공학계열,2357.0,0.0,2461,2191,270,104.4,93.0,우송대학교
2022 하,대학교,사립,대전,기존,우송대학교,예ㆍ체능계열,750.0,0.0,1001,788,213,133.5,105.1,우송대학교
2022 상,대학교,특별법법인,울산,기존,울산과학기술원,인문ㆍ사회계열,140.0,0.0,117,93,24,83.6,66.4,울산과학기술원
2022 상,대학교,특별법법인,울산,기존,울산과학기술원,자연과학계열,195.0,0.0,175,158,17,89.7,81.0,울산과학기술원
2022 상,대학교,특별법법인,울산,기존,울산과학기술원,공학계열,1185.0,0.0,1308,1112,196,110.4,93.8,울산과학기술원
2022 하,대학교,특별법법인,울산,기존,울산과학기술원,인문ㆍ사회계열,140.0,0.0,142,117,25,101.4,83.6,울산과학기술원
2022 하,대학교,특별법법인,울산,기존,울산과학기술원,자연과학계열,195.0,0.0,192,171,21,98.5,87.7,울산과학기술원
2022 하,대학교,특별법법인,울산,기존,울산과학기술원,공학계열,1185.0,0.0,1420,1221,199,119.8,103.0,울산과학기술원
2022 상,대학교,사립,울산,기존,울산대학교,인문ㆍ사회계열,3618.0,0.0,3469,3041,428,95.9,84.1,울산대학교
2022 상,대학교,사립,울산,기존,울산대학교,자연과학계열,2088.0,0.0,1931,1822,109,92.5,87.3,울산대학교
2022 상,대학교,사립,울산,기존,울산대학교,공학계열,4000.0,0.0,4036,3702,334,100.9,92.6,울산대학교
2022 상,대학교,사립,울산,기존,울산대학교,예ㆍ체능계열,1248.0,0.0,1085,1058,27,86.9,84.8,울산대학교
2022 상,대학교,사립,울산,기존,울산대학교,의학계열,160.0,0.0,156,156,0,97.5,97.5,울산대학교
2022 하,대학교,사립,울산,기존,울산대학교,인문ㆍ사회계열,3618.0,0.0,3770,3277,493,104.2,90.6,울산대학교
2022 하,대학교,사립,울산,기존,울산대학교,자연과학계열,2088.0,0.0,2034,1917,117,97.4,91.8,울산대학교
2022 하,대학교,사립,울산,기존,울산대학교,공학계열,4000.0,0.0,4250,3882,368,106.3,97.1,울산대학교
2022 하,대학교,사립,울산,기존,울산대학교,예ㆍ체능계열,1248.0,0.0,1148,1122,26,92.0,89.9,울산대학교
2022 하,대학교,사립,울산,기존,울산대학교,의학계열,160.0,0.0,159,159,0,99.4,99.4,울산대학교
2022 상,대학교,사립,전북,기존,원광대학교,인문ㆍ사회계열,4177.0,0.0,3787,3565,222,90.7,85.3,원광대학교
2022 상,대학교,사립,전북,기존,원광대학교,자연과학계열,3822.0,0.0,3411,3132,279,89.2,81.9,원광대학교
2022 상,대학교,사립,전북,기존,원광대학교,공학계열,4185.0,0.0,3232,3048,184,77.2,72.8,원광대학교
2022 상,대학교,사립,전북,기존,원광대학교,예ㆍ체능계열,1258.0,0.0,1116,1109,7,88.7,88.2,원광대학교
2022 상,대학교,사립,전북,기존,원광대학교,의학계열,1018.0,0.0,1080,997,83,106.1,97.9,원광대학교
2022 하,대학교,사립,전북,기존,원광대학교,인문ㆍ사회계열,4177.0,0.0,4057,3778,279,97.1,90.4,원광대학교
2022 하,대학교,사립,전북,기존,원광대학교,자연과학계열,3822.0,0.0,3556,3280,276,93.0,85.8,원광대학교
2022 하,대학교,사립,전북,기존,원광대학교,공학계열,4185.0,0.0,3335,3126,209,79.7,74.7,원광대학교
2022 하,대학교,사립,전북,기존,원광대학교,예ㆍ체능계열,1258.0,0.0,1174,1167,7,93.3,92.8,원광대학교
2022 하,대학교,사립,전북,기존,원광대학교,의학계열,1018.0,0.0,1084,1000,84,106.5,98.2,원광대학교
2022 상,대학교,사립,경북,기존,위덕대학교,인문ㆍ사회계열,1423.0,0.0,1141,1081,60,80.2,76.0,위덕대학교
2022 상,대학교,사립,경북,기존,위덕대학교,자연과학계열,979.0,0.0,765,721,44,78.1,73.6,위덕대학교
2022 상,대학교,사립,경북,기존,위덕대학교,공학계열,405.0,0.0,199,190,9,49.1,46.9,위덕대학교
2022 상,대학교,사립,경북,기존,위덕대학교,예ㆍ체능계열,310.0,0.0,212,211,1,68.4,68.1,위덕대학교
2022 하,대학교,사립,경북,기존,위덕대학교,인문ㆍ사회계열,1423.0,0.0,1327,1262,65,93.3,88.7,위덕대학교
2022 하,대학교,사립,경북,기존,위덕대학교,자연과학계열,979.0,0.0,829,785,44,84.7,80.2,위덕대학교
2022 하,대학교,사립,경북,기존,위덕대학교,공학계열,405.0,0.0,226,217,9,55.8,53.6,위덕대학교
2022 하,대학교,사립,경북,기존,위덕대학교,예ㆍ체능계열,310.0,0.0,235,231,4,75.8,74.5,위덕대학교
2022 상,대학교,사립,충북,기존,유원대학교,인문ㆍ사회계열,1420.0,0.0,1261,1162,99,88.8,81.8,유원대학교
2022 상,대학교,사립,충북,기존,유원대학교,자연과학계열,1110.0,0.0,1075,966,109,96.8,87.0,유원대학교
2022 상,대학교,사립,충북,기존,유원대학교,공학계열,750.0,0.0,578,569,9,77.1,75.9,유원대학교
2022 상,대학교,사립,충북,기존,유원대학교,예ㆍ체능계열,315.0,0.0,228,220,8,72.4,69.8,유원대학교
2022 하,대학교,사립,충북,기존,유원대학교,인문ㆍ사회계열,1420.0,0.0,1279,1177,102,90.1,82.9,유원대학교
2022 하,대학교,사립,충북,기존,유원대학교,자연과학계열,1110.0,0.0,1142,1030,112,102.9,92.8,유원대학교
2022 하,대학교,사립,충북,기존,유원대학교,공학계열,750.0,0.0,655,641,14,87.3,85.5,유원대학교
2022 하,대학교,사립,충북,기존,유원대학교,예ㆍ체능계열,315.0,0.0,255,248,7,81.0,78.7,유원대학교
2022 상,대학교,사립,대전,기존,을지대학교,자연과학계열,80.0,0.0,94,75,19,117.5,93.8,을지대학교
2022 상,대학교,사립,대전,기존,을지대학교,의학계열,160.0,0.0,193,164,29,120.6,102.5,을지대학교
2022 하,대학교,사립,대전,기존,을지대학교,자연과학계열,80.0,0.0,90,74,16,112.5,92.5,을지대학교
2022 하,대학교,사립,대전,기존,을지대학교,의학계열,160.0,0.0,191,162,29,119.4,101.3,을지대학교
2022 상,대학교,사립,경기,기존,을지대학교 _제2캠퍼스,인문ㆍ사회계열,552.0,0.0,511,487,24,92.6,88.2,을지대학교 _제2캠퍼스
2022 상,대학교,사립,경기,기존,을지대학교 _제2캠퍼스,자연과학계열,2290.0,0.0,2297,2082,215,100.3,90.9,을지대학교 _제2캠퍼스
2022 상,대학교,사립,경기,기존,을지대학교 _제2캠퍼스,공학계열,380.0,0.0,336,315,21,88.4,82.9,을지대학교 _제2캠퍼스
2022 상,대학교,사립,경기,기존,을지대학교 _제2캠퍼스,예ㆍ체능계열,210.0,0.0,183,176,7,87.1,83.8,을지대학교 _제2캠퍼스
2022 하,대학교,사립,경기,기존,을지대학교 _제2캠퍼스,인문ㆍ사회계열,552.0,0.0,519,494,25,94.0,89.5,을지대학교 _제2캠퍼스
2022 하,대학교,사립,경기,기존,을지대학교 _제2캠퍼스,자연과학계열,2290.0,0.0,2338,2117,221,102.1,92.4,을지대학교 _제2캠퍼스
2022 하,대학교,사립,경기,기존,을지대학교 _제2캠퍼스,공학계열,380.0,0.0,350,326,24,92.1,85.8,을지대학교 _제2캠퍼스
2022 하,대학교,사립,경기,기존,을지대학교 _제2캠퍼스,예ㆍ체능계열,210.0,0.0,179,173,6,85.2,82.4,을지대학교 _제2캠퍼스
2022 상,대학교,사립,서울,기존,이화여자대학교,인문ㆍ사회계열,5091.0,0.0,6289,5141,1148,123.5,101.0,이화여자대학교
2022 상,대학교,사립,서울,기존,이화여자대학교,자연과학계열,3260.0,0.0,2943,2506,437,90.3,76.9,이화여자대학교
2022 상,대학교,사립,서울,기존,이화여자대학교,공학계열,2123.0,0.0,2177,1963,214,102.5,92.5,이화여자대학교
2022 상,대학교,사립,서울,기존,이화여자대학교,예ㆍ체능계열,1969.0,0.0,2315,2095,220,117.6,106.4,이화여자대학교
2022 상,대학교,사립,서울,기존,이화여자대학교,의학계열,304.0,0.0,302,298,4,99.3,98.0,이화여자대학교
2022 하,대학교,사립,서울,기존,이화여자대학교,인문ㆍ사회계열,5091.0,0.0,7001,5763,1238,137.5,113.2,이화여자대학교
2022 하,대학교,사립,서울,기존,이화여자대학교,자연과학계열,3260.0,0.0,3203,2727,476,98.3,83.7,이화여자대학교
2022 하,대학교,사립,서울,기존,이화여자대학교,공학계열,2123.0,0.0,2351,2123,228,110.7,100.0,이화여자대학교
2022 하,대학교,사립,서울,기존,이화여자대학교,예ㆍ체능계열,1969.0,0.0,2425,2173,252,123.2,110.4,이화여자대학교
2022 하,대학교,사립,서울,기존,이화여자대학교,의학계열,304.0,0.0,301,297,4,99.0,97.7,이화여자대학교
2022 상,대학교,사립,경남,기존,인제대학교,인문ㆍ사회계열,2222.0,0.0,1996,1796,200,89.8,80.8,인제대학교
2022 상,대학교,사립,경남,기존,인제대학교,자연과학계열,1913.0,0.0,2225,1846,379,116.3,96.5,인제대학교
2022 상,대학교,사립,경남,기존,인제대학교,공학계열,3749.0,0.0,2689,2526,163,71.7,67.4,인제대학교
2022 상,대학교,사립,경남,기존,인제대학교,예ㆍ체능계열,298.0,0.0,251,235,16,84.2,78.9,인제대학교
2022 상,대학교,사립,경남,기존,인제대학교,의학계열,372.0,0.0,409,374,35,109.9,100.5,인제대학교
2022 하,대학교,사립,경남,기존,인제대학교,인문ㆍ사회계열,2222.0,0.0,2079,1886,193,93.6,84.9,인제대학교
2022 하,대학교,사립,경남,기존,인제대학교,자연과학계열,1913.0,0.0,2293,1917,376,119.9,100.2,인제대학교
2022 하,대학교,사립,경남,기존,인제대학교,공학계열,3749.0,0.0,2803,2631,172,74.8,70.2,인제대학교
2022 하,대학교,사립,경남,기존,인제대학교,예ㆍ체능계열,298.0,0.0,276,260,16,92.6,87.2,인제대학교
2022 하,대학교,사립,경남,기존,인제대학교,의학계열,372.0,0.0,406,370,36,109.1,99.5,인제대학교
2022 상,대학교,사립,인천,기존,인천가톨릭대학교,인문ㆍ사회계열,61.0,0.0,45,45,0,73.8,73.8,인천가톨릭대학교
2022 하,대학교,사립,인천,기존,인천가톨릭대학교,인문ㆍ사회계열,61.0,0.0,55,55,0,90.2,90.2,인천가톨릭대학교
2022 상,대학교,국립대법인,인천,기존,인천대학교,인문ㆍ사회계열,4032.0,0.0,4358,3802,556,108.1,94.3,인천대학교
2022 상,대학교,국립대법인,인천,기존,인천대학교,자연과학계열,1020.0,0.0,1017,956,61,99.7,93.7,인천대학교
2022 상,대학교,국립대법인,인천,기존,인천대학교,공학계열,3988.0,0.0,4231,3866,365,106.1,96.9,인천대학교
2022 상,대학교,국립대법인,인천,기존,인천대학교,예ㆍ체능계열,928.0,0.0,886,858,28,95.5,92.5,인천대학교
2022 하,대학교,국립대법인,인천,기존,인천대학교,인문ㆍ사회계열,4032.0,0.0,4698,4089,609,116.5,101.4,인천대학교
2022 하,대학교,국립대법인,인천,기존,인천대학교,자연과학계열,1020.0,0.0,1128,1058,70,110.6,103.7,인천대학교
2022 하,대학교,국립대법인,인천,기존,인천대학교,공학계열,3988.0,0.0,4523,4113,410,113.4,103.1,인천대학교
2022 하,대학교,국립대법인,인천,기존,인천대학교,예ㆍ체능계열,928.0,0.0,993,963,30,107.0,103.8,인천대학교
2022 상,대학교,사립,인천,기존,인하대학교,인문ㆍ사회계열,5382.0,0.0,6459,4905,1554,120.0,91.1,인하대학교
2022 상,대학교,사립,인천,기존,인하대학교,자연과학계열,1623.0,0.0,1606,1469,137,99.0,90.5,인하대학교
2022 상,대학교,사립,인천,기존,인하대학교,공학계열,6187.0,0.0,7196,5987,1209,116.3,96.8,인하대학교
2022 상,대학교,사립,인천,기존,인하대학교,예ㆍ체능계열,710.0,0.0,674,639,35,94.9,90.0,인하대학교
2022 상,대학교,사립,인천,기존,인하대학교,의학계열,128.0,0.0,207,194,13,161.7,151.6,인하대학교
2022 하,대학교,사립,인천,기존,인하대학교,인문ㆍ사회계열,5382.0,0.0,6989,5371,1618,129.9,99.8,인하대학교
2022 하,대학교,사립,인천,기존,인하대학교,자연과학계열,1623.0,0.0,1677,1531,146,103.3,94.3,인하대학교
2022 하,대학교,사립,인천,기존,인하대학교,공학계열,6187.0,0.0,7607,6418,1189,123.0,103.7,인하대학교
2022 하,대학교,사립,인천,기존,인하대학교,예ㆍ체능계열,710.0,0.0,701,670,31,98.7,94.4,인하대학교
2022 하,대학교,사립,인천,기존,인하대학교,의학계열,128.0,0.0,201,188,13,157.0,146.9,인하대학교
2022 상,대학교,사립,서울,기존,장로회신학대학교,인문ㆍ사회계열,400.0,0.0,402,384,18,100.5,96.0,장로회신학대학교
2022 상,대학교,사립,서울,기존,장로회신학대학교,예ㆍ체능계열,200.0,0.0,179,171,8,89.5,85.5,장로회신학대학교
2022 하,대학교,사립,서울,기존,장로회신학대학교,인문ㆍ사회계열,400.0,0.0,413,393,20,103.3,98.3,장로회신학대학교
2022 하,대학교,사립,서울,기존,장로회신학대학교,예ㆍ체능계열,200.0,0.0,203,194,9,101.5,97.0,장로회신학대학교
2022 상,대학교,국립,광주,기존,전남대학교,인문ㆍ사회계열,4231.0,0.0,4991,4264,727,118.0,100.8,전남대학교
2022 상,대학교,국립,광주,기존,전남대학교,자연과학계열,4526.0,0.0,4819,4389,430,106.5,97.0,전남대학교
2022 상,대학교,국립,광주,기존,전남대학교,공학계열,3364.0,0.0,3465,3230,235,103.0,96.0,전남대학교
2022 상,대학교,국립,광주,기존,전남대학교,예ㆍ체능계열,848.0,0.0,859,833,26,101.3,98.2,전남대학교
2022 상,대학교,국립,광주,기존,전남대학교,의학계열,700.0,0.0,669,652,17,95.6,93.1,전남대학교
2022 하,대학교,국립,광주,기존,전남대학교,인문ㆍ사회계열,4231.0,0.0,5450,4630,820,128.8,109.4,전남대학교
2022 하,대학교,국립,광주,기존,전남대학교,자연과학계열,4526.0,0.0,5105,4645,460,112.8,102.6,전남대학교
2022 하,대학교,국립,광주,기존,전남대학교,공학계열,3364.0,0.0,3897,3636,261,115.8,108.1,전남대학교
2022 하,대학교,국립,광주,기존,전남대학교,예ㆍ체능계열,848.0,0.0,889,864,25,104.8,101.9,전남대학교
2022 하,대학교,국립,광주,기존,전남대학교,의학계열,700.0,0.0,676,659,17,96.6,94.1,전남대학교
2022 상,대학교,국립,전남,기존,전남대학교 _제2캠퍼스,인문ㆍ사회계열,658.0,0.0,485,418,67,73.7,63.5,전남대학교 _제2캠퍼스
2022 상,대학교,국립,전남,기존,전남대학교 _제2캠퍼스,자연과학계열,993.0,0.0,807,700,107,81.3,70.5,전남대학교 _제2캠퍼스
2022 상,대학교,국립,전남,기존,전남대학교 _제2캠퍼스,공학계열,1488.0,0.0,1216,1033,183,81.7,69.4,전남대학교 _제2캠퍼스
2022 하,대학교,국립,전남,기존,전남대학교 _제2캠퍼스,인문ㆍ사회계열,658.0,0.0,535,480,55,81.3,72.9,전남대학교 _제2캠퍼스
2022 하,대학교,국립,전남,기존,전남대학교 _제2캠퍼스,자연과학계열,993.0,0.0,892,782,110,89.8,78.8,전남대학교 _제2캠퍼스
2022 하,대학교,국립,전남,기존,전남대학교 _제2캠퍼스,공학계열,1488.0,0.0,1322,1131,191,88.8,76.0,전남대학교 _제2캠퍼스
2022 상,대학교,국립,전북,기존,전북대학교,인문ㆍ사회계열,4510.0,0.0,5108,4301,807,113.3,95.4,전북대학교
2022 상,대학교,국립,전북,기존,전북대학교,자연과학계열,4756.0,0.0,4907,4355,552,103.2,91.6,전북대학교
2022 상,대학교,국립,전북,기존,전북대학교,공학계열,4953.0,0.0,5182,4728,454,104.6,95.5,전북대학교
2022 상,대학교,국립,전북,기존,전북대학교,예ㆍ체능계열,649.0,0.0,649,616,33,100.0,94.9,전북대학교
2022 상,대학교,국립,전북,기존,전북대학교,의학계열,864.0,0.0,892,840,52,103.2,97.2,전북대학교
2022 하,대학교,국립,전북,기존,전북대학교,인문ㆍ사회계열,4510.0,0.0,5445,4612,833,120.7,102.3,전북대학교
2022 하,대학교,국립,전북,기존,전북대학교,자연과학계열,4756.0,0.0,5093,4525,568,107.1,95.1,전북대학교
2022 하,대학교,국립,전북,기존,전북대학교,공학계열,4953.0,0.0,5431,4973,458,109.7,100.4,전북대학교
2022 하,대학교,국립,전북,기존,전북대학교,예ㆍ체능계열,649.0,0.0,691,658,33,106.5,101.4,전북대학교
2022 하,대학교,국립,전북,기존,전북대학교,의학계열,864.0,0.0,901,848,53,104.3,98.1,전북대학교
2022 상,교육대학,국립,전북,기존,전주교육대학교,인문ㆍ사회계열,1140.0,0.0,443,417,26,38.9,36.6,전주교육대학교
2022 하,교육대학,국립,전북,기존,전주교육대학교,인문ㆍ사회계열,1140.0,0.0,468,441,27,41.1,38.7,전주교육대학교
2022 상,대학교,사립,전북,기존,전주대학교,인문ㆍ사회계열,4423.0,0.0,4726,4038,688,106.9,91.3,전주대학교
2022 상,대학교,사립,전북,기존,전주대학교,자연과학계열,2078.0,0.0,2118,1893,225,101.9,91.1,전주대학교
2022 상,대학교,사립,전북,기존,전주대학교,공학계열,2451.0,0.0,2367,2124,243,96.6,86.7,전주대학교
2022 상,대학교,사립,전북,기존,전주대학교,예ㆍ체능계열,1231.0,0.0,1214,1119,95,98.6,90.9,전주대학교
2022 하,대학교,사립,전북,기존,전주대학교,인문ㆍ사회계열,4423.0,0.0,5138,4363,775,116.2,98.6,전주대학교
2022 하,대학교,사립,전북,기존,전주대학교,자연과학계열,2078.0,0.0,2254,2016,238,108.5,97.0,전주대학교
2022 하,대학교,사립,전북,기존,전주대학교,공학계열,2451.0,0.0,2549,2287,262,104.0,93.3,전주대학교
2022 하,대학교,사립,전북,기존,전주대학교,예ㆍ체능계열,1231.0,0.0,1315,1214,101,106.8,98.6,전주대학교
2022 상,대학교,국립,제주,기존,제주대학교,인문ㆍ사회계열,3589.0,0.0,3923,3429,494,109.3,95.5,제주대학교
2022 상,대학교,국립,제주,기존,제주대학교,자연과학계열,2616.0,0.0,2612,2410,202,99.8,92.1,제주대학교
2022 상,대학교,국립,제주,기존,제주대학교,공학계열,1578.0,0.0,1552,1415,137,98.4,89.7,제주대학교
2022 상,대학교,국립,제주,기존,제주대학교,예ㆍ체능계열,582.0,0.0,553,534,19,95.0,91.8,제주대학교
2022 상,대학교,국립,제주,기존,제주대학교,의학계열,240.0,0.0,243,218,25,101.3,90.8,제주대학교
2022 하,대학교,국립,제주,기존,제주대학교,인문ㆍ사회계열,3589.0,0.0,4161,3619,542,115.9,100.8,제주대학교
2022 하,대학교,국립,제주,기존,제주대학교,자연과학계열,2616.0,0.0,2781,2560,221,106.3,97.9,제주대학교
2022 하,대학교,국립,제주,기존,제주대학교,공학계열,1578.0,0.0,1671,1533,138,105.9,97.1,제주대학교
2022 하,대학교,국립,제주,기존,제주대학교,예ㆍ체능계열,582.0,0.0,579,561,18,99.5,96.4,제주대학교
2022 하,대학교,국립,제주,기존,제주대학교,의학계열,240.0,0.0,243,217,26,101.3,90.4,제주대학교
2022 상,대학교,사립,광주,기존,조선대학교,인문ㆍ사회계열,6473.0,0.0,6038,5456,582,93.3,84.3,조선대학교
2022 상,대학교,사립,광주,기존,조선대학교,자연과학계열,2891.0,0.0,2809,2626,183,97.2,90.8,조선대학교
2022 상,대학교,사립,광주,기존,조선대학교,공학계열,5864.0,0.0,5786,5237,549,98.7,89.3,조선대학교
2022 상,대학교,사립,광주,기존,조선대학교,예ㆍ체능계열,2005.0,0.0,1971,1856,115,98.3,92.6,조선대학교
2022 상,대학교,사립,광주,기존,조선대학교,의학계열,820.0,0.0,771,616,155,94.0,75.1,조선대학교
2022 하,대학교,사립,광주,기존,조선대학교,인문ㆍ사회계열,6473.0,0.0,6525,5893,632,100.8,91.0,조선대학교
2022 하,대학교,사립,광주,기존,조선대학교,자연과학계열,2891.0,0.0,2931,2750,181,101.4,95.1,조선대학교
2022 하,대학교,사립,광주,기존,조선대학교,공학계열,5864.0,0.0,6043,5470,573,103.1,93.3,조선대학교
2022 하,대학교,사립,광주,기존,조선대학교,예ㆍ체능계열,2005.0,0.0,2055,1940,115,102.5,96.8,조선대학교
2022 하,대학교,사립,광주,기존,조선대학교,의학계열,820.0,0.0,787,632,155,96.0,77.1,조선대학교
2022 상,대학교,사립,충남,기존,중부대학교,인문ㆍ사회계열,3472.0,0.0,2915,2525,390,84.0,72.7,중부대학교
2022 상,대학교,사립,충남,기존,중부대학교,자연과학계열,1068.0,0.0,1101,919,182,103.1,86.0,중부대학교
2022 상,대학교,사립,충남,기존,중부대학교,공학계열,1440.0,0.0,1350,1164,186,93.8,80.8,중부대학교
2022 상,대학교,사립,충남,기존,중부대학교,예ㆍ체능계열,1800.0,0.0,1563,1451,112,86.8,80.6,중부대학교
2022 하,대학교,사립,충남,기존,중부대학교,인문ㆍ사회계열,3472.0,0.0,3055,2676,379,88.0,77.1,중부대학교
2022 하,대학교,사립,충남,기존,중부대학교,자연과학계열,1068.0,0.0,1120,934,186,104.9,87.5,중부대학교
2022 하,대학교,사립,충남,기존,중부대학교,공학계열,1440.0,0.0,1403,1223,180,97.4,84.9,중부대학교
2022 하,대학교,사립,충남,기존,중부대학교,예ㆍ체능계열,1800.0,0.0,1684,1571,113,93.6,87.3,중부대학교
2022 상,대학교,사립,서울,기존,중앙대학교,인문ㆍ사회계열,6423.0,0.0,9415,6188,3227,146.6,96.3,중앙대학교
2022 상,대학교,사립,서울,기존,중앙대학교,자연과학계열,2460.0,0.0,2465,2149,316,100.2,87.4,중앙대학교
2022 상,대학교,사립,서울,기존,중앙대학교,공학계열,3577.0,0.0,3964,3423,541,110.8,95.7,중앙대학교
2022 상,대학교,사립,서울,기존,중앙대학교,예ㆍ체능계열,508.0,0.0,504,491,13,99.2,96.7,중앙대학교
2022 상,대학교,사립,서울,기존,중앙대학교,의학계열,344.0,0.0,346,323,23,100.6,93.9,중앙대학교
2022 하,대학교,사립,서울,기존,중앙대학교,인문ㆍ사회계열,6423.0,0.0,10423,6998,3425,162.3,109.0,중앙대학교
2022 하,대학교,사립,서울,기존,중앙대학교,자연과학계열,2460.0,0.0,2579,2250,329,104.8,91.5,중앙대학교
2022 하,대학교,사립,서울,기존,중앙대학교,공학계열,3577.0,0.0,4205,3644,561,117.6,101.9,중앙대학교
2022 하,대학교,사립,서울,기존,중앙대학교,예ㆍ체능계열,508.0,0.0,549,529,20,108.1,104.1,중앙대학교
2022 하,대학교,사립,서울,기존,중앙대학교,의학계열,344.0,0.0,354,330,24,102.9,95.9,중앙대학교
2022 상,대학교,사립,경기,기존,중앙승가대학교,인문ㆍ사회계열,480.0,0.0,96,96,0,20.0,20.0,중앙승가대학교
2022 하,대학교,사립,경기,기존,중앙승가대학교,인문ㆍ사회계열,480.0,0.0,102,102,0,21.3,21.3,중앙승가대학교
2022 상,대학교,사립,충북,기존,중원대학교,인문ㆍ사회계열,731.0,10.0,671,630,41,93.1,87.4,중원대학교
2022 상,대학교,사립,충북,기존,중원대학교,자연과학계열,1238.0,24.0,1161,1062,99,95.6,87.5,중원대학교
2022 상,대학교,사립,충북,기존,중원대학교,공학계열,1145.0,10.0,881,817,64,77.6,72.0,중원대학교
2022 상,대학교,사립,충북,기존,중원대학교,예ㆍ체능계열,614.0,0.0,480,467,13,78.2,76.1,중원대학교
2022 하,대학교,사립,충북,기존,중원대학교,인문ㆍ사회계열,731.0,10.0,788,745,43,109.3,103.3,중원대학교
2022 하,대학교,사립,충북,기존,중원대학교,자연과학계열,1238.0,24.0,1234,1137,97,101.6,93.7,중원대학교
2022 하,대학교,사립,충북,기존,중원대학교,공학계열,1145.0,10.0,1002,935,67,88.3,82.4,중원대학교
2022 하,대학교,사립,충북,기존,중원대학교,예ㆍ체능계열,614.0,0.0,566,550,16,92.2,89.6,중원대학교
2022 상,교육대학,국립,경남,기존,진주교육대학교,인문ㆍ사회계열,1276.0,0.0,530,495,35,41.5,38.8,진주교육대학교
2022 하,교육대학,국립,경남,기존,진주교육대학교,인문ㆍ사회계열,1276.0,0.0,541,505,36,42.4,39.6,진주교육대학교
2022 상,대학교,사립,경기,기존,차의과학대학교,인문ㆍ사회계열,916.0,0.0,862,822,40,94.1,89.7,차의과학대학교
2022 상,대학교,사립,경기,기존,차의과학대학교,자연과학계열,1100.0,0.0,1215,1069,146,110.5,97.2,차의과학대학교
2022 하,대학교,사립,경기,기존,차의과학대학교,인문ㆍ사회계열,916.0,0.0,968,925,43,105.7,101.0,차의과학대학교
2022 하,대학교,사립,경기,기존,차의과학대학교,자연과학계열,1100.0,0.0,1259,1108,151,114.5,100.7,차의과학대학교
2022 상,산업대학,사립,충남,기존,청운대학교,인문ㆍ사회계열,2450.0,0.0,2579,1838,741,105.3,75.0,청운대학교
2022 상,산업대학,사립,충남,기존,청운대학교,자연과학계열,420.0,0.0,413,356,57,98.3,84.8,청운대학교
2022 상,산업대학,사립,충남,기존,청운대학교,공학계열,1070.0,0.0,1525,1079,446,142.5,100.8,청운대학교
2022 상,산업대학,사립,충남,기존,청운대학교,예ㆍ체능계열,1002.0,0.0,815,705,110,81.3,70.4,청운대학교
2022 하,산업대학,사립,충남,기존,청운대학교,인문ㆍ사회계열,2450.0,0.0,2772,2001,771,113.1,81.7,청운대학교
2022 하,산업대학,사립,충남,기존,청운대학교,자연과학계열,420.0,0.0,449,379,70,106.9,90.2,청운대학교
2022 하,산업대학,사립,충남,기존,청운대학교,공학계열,1070.0,0.0,1585,1112,473,148.1,103.9,청운대학교
2022 하,산업대학,사립,충남,기존,청운대학교,예ㆍ체능계열,1002.0,0.0,913,799,114,91.1,79.7,청운대학교
2022 상,교육대학,국립,충북,기존,청주교육대학교,인문ㆍ사회계열,1144.0,0.0,486,451,35,42.5,39.4,청주교육대학교
2022 하,교육대학,국립,충북,기존,청주교육대학교,인문ㆍ사회계열,1144.0,0.0,490,455,35,42.8,39.8,청주교육대학교
2022 상,대학교,사립,충북,기존,청주대학교,인문ㆍ사회계열,4420.0,0.0,4315,3861,454,97.6,87.4,청주대학교
2022 상,대학교,사립,충북,기존,청주대학교,자연과학계열,1392.0,0.0,1498,1462,36,107.6,105.0,청주대학교
2022 상,대학교,사립,충북,기존,청주대학교,공학계열,3449.0,0.0,2981,2743,238,86.4,79.5,청주대학교
2022 상,대학교,사립,충북,기존,청주대학교,예ㆍ체능계열,1324.0,0.0,1461,1389,72,110.3,104.9,청주대학교
2022 하,대학교,사립,충북,기존,청주대학교,인문ㆍ사회계열,4420.0,0.0,4510,4055,455,102.0,91.7,청주대학교
2022 하,대학교,사립,충북,기존,청주대학교,자연과학계열,1392.0,0.0,1522,1481,41,109.3,106.4,청주대학교
2022 하,대학교,사립,충북,기존,청주대학교,공학계열,3449.0,0.0,3067,2841,226,88.9,82.4,청주대학교
2022 하,대학교,사립,충북,기존,청주대학교,예ㆍ체능계열,1324.0,0.0,1483,1429,54,112.0,107.9,청주대학교
2022 상,대학교,사립,서울,기존,총신대학교,인문ㆍ사회계열,1085.0,0.0,1157,1037,120,106.6,95.6,총신대학교
2022 상,대학교,사립,서울,기존,총신대학교,예ㆍ체능계열,223.0,0.0,197,182,15,88.3,81.6,총신대학교
2022 하,대학교,사립,서울,기존,총신대학교,인문ㆍ사회계열,1085.0,0.0,1225,1103,122,112.9,101.7,총신대학교
2022 하,대학교,사립,서울,기존,총신대학교,예ㆍ체능계열,223.0,0.0,241,225,16,108.1,100.9,총신대학교
2022 상,대학교,사립,서울,기존,추계예술대학교,인문ㆍ사회계열,242.0,0.0,255,221,34,105.4,91.3,추계예술대학교
2022 상,대학교,사립,서울,기존,추계예술대학교,예ㆍ체능계열,796.0,0.0,801,766,35,100.6,96.2,추계예술대학교
2022 하,대학교,사립,서울,기존,추계예술대학교,인문ㆍ사회계열,242.0,0.0,251,225,26,103.7,93.0,추계예술대학교
2022 하,대학교,사립,서울,기존,추계예술대학교,예ㆍ체능계열,796.0,0.0,817,786,31,102.6,98.7,추계예술대학교
2022 상,교육대학,국립,강원,기존,춘천교육대학교,인문ㆍ사회계열,1284.0,0.0,539,505,34,42.0,39.3,춘천교육대학교
2022 하,교육대학,국립,강원,기존,춘천교육대학교,인문ㆍ사회계열,1284.0,0.0,547,511,36,42.6,39.8,춘천교육대학교
2022 상,대학교,국립,대전,기존,충남대학교,인문ㆍ사회계열,4447.0,0.0,5275,4518,757,118.6,101.6,충남대학교
2022 상,대학교,국립,대전,기존,충남대학교,자연과학계열,4346.0,0.0,4509,4138,371,103.8,95.2,충남대학교
2022 상,대학교,국립,대전,기존,충남대학교,공학계열,4233.0,0.0,4564,4207,357,107.8,99.4,충남대학교
2022 상,대학교,국립,대전,기존,충남대학교,예ㆍ체능계열,832.0,0.0,801,793,8,96.3,95.3,충남대학교
2022 상,대학교,국립,대전,기존,충남대학교,의학계열,656.0,0.0,675,622,53,102.9,94.8,충남대학교
2022 하,대학교,국립,대전,기존,충남대학교,인문ㆍ사회계열,4447.0,0.0,5700,4895,805,128.2,110.1,충남대학교
2022 하,대학교,국립,대전,기존,충남대학교,자연과학계열,4346.0,0.0,4831,4440,391,111.2,102.2,충남대학교
2022 하,대학교,국립,대전,기존,충남대학교,공학계열,4233.0,0.0,4868,4498,370,115.0,106.3,충남대학교
2022 하,대학교,국립,대전,기존,충남대학교,예ㆍ체능계열,832.0,0.0,858,851,7,103.1,102.3,충남대학교
2022 하,대학교,국립,대전,기존,충남대학교,의학계열,656.0,0.0,673,620,53,102.6,94.5,충남대학교
2022 상,대학교,국립,충북,기존,충북대학교,인문ㆍ사회계열,3580.0,0.0,3883,3318,565,108.5,92.7,충북대학교
2022 상,대학교,국립,충북,기존,충북대학교,자연과학계열,3498.0,0.0,3646,3267,379,104.2,93.4,충북대학교
2022 상,대학교,국립,충북,기존,충북대학교,공학계열,3698.0,0.0,4090,3654,436,110.6,98.8,충북대학교
2022 상,대학교,국립,충북,기존,충북대학교,예ㆍ체능계열,252.0,0.0,227,221,6,90.1,87.7,충북대학교
2022 상,대학교,국립,충북,기존,충북대학교,의학계열,380.0,0.0,421,388,33,110.8,102.1,충북대학교
2022 하,대학교,국립,충북,기존,충북대학교,인문ㆍ사회계열,3580.0,0.0,4106,3494,612,114.7,97.6,충북대학교
2022 하,대학교,국립,충북,기존,충북대학교,자연과학계열,3498.0,0.0,3819,3420,399,109.2,97.8,충북대학교
2022 하,대학교,국립,충북,기존,충북대학교,공학계열,3698.0,0.0,4229,3775,454,114.4,102.1,충북대학교
2022 하,대학교,국립,충북,기존,충북대학교,예ㆍ체능계열,252.0,0.0,243,238,5,96.4,94.4,충북대학교
2022 하,대학교,국립,충북,기존,충북대학교,의학계열,380.0,0.0,421,388,33,110.8,102.1,충북대학교
2022 상,대학교,사립,경기,기존,칼빈대학교,인문ㆍ사회계열,251.0,0.0,309,198,111,123.1,78.9,칼빈대학교
2022 상,대학교,사립,경기,기존,칼빈대학교,자연과학계열,40.0,0.0,119,37,82,297.5,92.5,칼빈대학교
2022 상,대학교,사립,경기,기존,칼빈대학교,공학계열,30.0,0.0,29,29,0,96.7,96.7,칼빈대학교
2022 상,대학교,사립,경기,기존,칼빈대학교,예ㆍ체능계열,39.0,0.0,23,23,0,59.0,59.0,칼빈대학교
2022 하,대학교,사립,경기,기존,칼빈대학교,인문ㆍ사회계열,251.0,0.0,328,218,110,130.7,86.9,칼빈대학교
2022 하,대학교,사립,경기,기존,칼빈대학교,자연과학계열,40.0,0.0,48,40,8,120.0,100.0,칼빈대학교
2022 하,대학교,사립,경기,기존,칼빈대학교,공학계열,30.0,0.0,30,30,0,100.0,100.0,칼빈대학교
2022 하,대학교,사립,경기,기존,칼빈대학교,예ㆍ체능계열,39.0,0.0,23,23,0,59.0,59.0,칼빈대학교
2022 상,대학교,사립,경기,기존,평택대학교,인문ㆍ사회계열,1412.0,0.0,1431,1141,290,101.3,80.8,평택대학교
2022 상,대학교,사립,경기,기존,평택대학교,자연과학계열,1156.0,25.0,994,933,61,87.9,82.5,평택대학교
2022 상,대학교,사립,경기,기존,평택대학교,공학계열,152.0,0.0,108,97,11,71.1,63.8,평택대학교
2022 상,대학교,사립,경기,기존,평택대학교,예ㆍ체능계열,600.0,0.0,485,481,4,80.8,80.2,평택대학교
2022 하,대학교,사립,경기,기존,평택대학교,인문ㆍ사회계열,1412.0,0.0,1571,1226,345,111.3,86.8,평택대학교
2022 하,대학교,사립,경기,기존,평택대학교,자연과학계열,1156.0,25.0,1034,962,72,91.4,85.1,평택대학교
2022 하,대학교,사립,경기,기존,평택대학교,공학계열,152.0,0.0,127,109,18,83.6,71.7,평택대학교
2022 하,대학교,사립,경기,기존,평택대학교,예ㆍ체능계열,600.0,0.0,537,533,4,89.5,88.8,평택대학교
2022 상,대학교,사립,경북,기존,포항공과대학교,공학계열,1280.0,0.0,977,951,26,76.3,74.3,포항공과대학교
2022 하,대학교,사립,경북,기존,포항공과대학교,공학계열,1280.0,0.0,1135,1105,30,88.7,86.3,포항공과대학교
2022 상,대학교,특별법법인,대전,기존,한국과학기술원,인문ㆍ사회계열,120.0,0.0,45,43,2,37.5,35.8,한국과학기술원
2022 상,대학교,특별법법인,대전,기존,한국과학기술원,자연과학계열,1316.0,0.0,694,623,71,52.7,47.3,한국과학기술원
2022 상,대학교,특별법법인,대전,기존,한국과학기술원,공학계열,2444.0,0.0,2769,2439,330,113.3,99.8,한국과학기술원
2022 하,대학교,특별법법인,대전,기존,한국과학기술원,인문ㆍ사회계열,120.0,0.0,65,62,3,54.2,51.7,한국과학기술원
2022 하,대학교,특별법법인,대전,기존,한국과학기술원,자연과학계열,1316.0,0.0,753,693,60,57.2,52.7,한국과학기술원
2022 하,대학교,특별법법인,대전,기존,한국과학기술원,공학계열,2444.0,0.0,2847,2531,316,116.5,103.6,한국과학기술원
2022 상,대학교,국립,충북,기존,한국교원대학교,인문ㆍ사회계열,1228.0,0.0,1267,1163,104,103.2,94.7,한국교원대학교
2022 상,대학교,국립,충북,기존,한국교원대학교,자연과학계열,566.0,0.0,546,513,33,96.5,90.6,한국교원대학교
2022 상,대학교,국립,충북,기존,한국교원대학교,공학계열,158.0,0.0,157,148,9,99.4,93.7,한국교원대학교
2022 상,대학교,국립,충북,기존,한국교원대학교,예ㆍ체능계열,232.0,0.0,224,221,3,96.6,95.3,한국교원대학교
2022 하,대학교,국립,충북,기존,한국교원대학교,인문ㆍ사회계열,1228.0,0.0,1329,1220,109,108.2,99.3,한국교원대학교
2022 하,대학교,국립,충북,기존,한국교원대학교,자연과학계열,566.0,0.0,577,541,36,101.9,95.6,한국교원대학교
2022 하,대학교,국립,충북,기존,한국교원대학교,공학계열,158.0,0.0,161,153,8,101.9,96.8,한국교원대학교
2022 하,대학교,국립,충북,기존,한국교원대학교,예ㆍ체능계열,232.0,0.0,231,228,3,99.6,98.3,한국교원대학교
2022 상,대학교,사립,충남,기존,한국기술교육대학교,인문ㆍ사회계열,496.0,0.0,611,467,144,123.2,94.2,한국기술교육대학교
2022 상,대학교,사립,충남,기존,한국기술교육대학교,공학계열,2848.0,0.0,3195,2817,378,112.2,98.9,한국기술교육대학교
2022 하,대학교,사립,충남,기존,한국기술교육대학교,인문ㆍ사회계열,496.0,0.0,686,514,172,138.3,103.6,한국기술교육대학교
2022 하,대학교,사립,충남,기존,한국기술교육대학교,공학계열,2848.0,0.0,3447,3041,406,121.0,106.8,한국기술교육대학교
2022 상,방송통신대학,국립,서울,기존,한국방송통신대학교,인문ㆍ사회계열,165030.0,0.0,56185,51065,5120,34.0,30.9,한국방송통신대학교
2022 상,방송통신대학,국립,서울,기존,한국방송통신대학교,자연과학계열,45120.0,0.0,25925,24013,1912,57.5,53.2,한국방송통신대학교
2022 상,방송통신대학,국립,서울,기존,한국방송통신대학교,공학계열,2400.0,0.0,760,699,61,31.7,29.1,한국방송통신대학교
2022 상,방송통신대학,국립,서울,기존,한국방송통신대학교,예ㆍ체능계열,3000.0,0.0,1068,1062,6,35.6,35.4,한국방송통신대학교
2022 하,방송통신대학,국립,서울,기존,한국방송통신대학교,인문ㆍ사회계열,165030.0,0.0,65428,58576,6852,39.6,35.5,한국방송통신대학교
2022 하,방송통신대학,국립,서울,기존,한국방송통신대학교,자연과학계열,45120.0,0.0,29412,26822,2590,65.2,59.4,한국방송통신대학교
2022 하,방송통신대학,국립,서울,기존,한국방송통신대학교,공학계열,2400.0,0.0,740,688,52,30.8,28.7,한국방송통신대학교
2022 하,방송통신대학,국립,서울,기존,한국방송통신대학교,예ㆍ체능계열,3000.0,0.0,1168,1160,8,38.9,38.7,한국방송통신대학교
2022 상,대학교,사립,서울,기존,한국성서대학교,인문ㆍ사회계열,572.0,0.0,547,503,44,95.6,87.9,한국성서대학교
2022 상,대학교,사립,서울,기존,한국성서대학교,자연과학계열,180.0,0.0,213,184,29,118.3,102.2,한국성서대학교
2022 상,대학교,사립,서울,기존,한국성서대학교,공학계열,140.0,0.0,143,137,6,102.1,97.9,한국성서대학교
2022 하,대학교,사립,서울,기존,한국성서대학교,인문ㆍ사회계열,572.0,0.0,626,580,46,109.4,101.4,한국성서대학교
2022 하,대학교,사립,서울,기존,한국성서대학교,자연과학계열,180.0,0.0,233,200,33,129.4,111.1,한국성서대학교
2022 하,대학교,사립,서울,기존,한국성서대학교,공학계열,140.0,0.0,166,159,7,118.6,113.6,한국성서대학교
2022 상,각종학교(대학),특별법국립,서울,기존,한국예술종합학교,예ㆍ체능계열,2252.0,0.0,2504,2389,115,111.2,106.1,한국예술종합학교
2022 하,각종학교(대학),특별법국립,서울,기존,한국예술종합학교,예ㆍ체능계열,2252.0,0.0,2655,2528,127,117.9,112.3,한국예술종합학교
2022 상,대학교,사립,서울,기존,한국외국어대학교,인문ㆍ사회계열,11340.0,0.0,12726,10241,2485,112.2,90.3,한국외국어대학교
2022 상,대학교,사립,서울,기존,한국외국어대학교,자연과학계열,1032.0,0.0,968,873,95,93.8,84.6,한국외국어대학교
2022 상,대학교,사립,서울,기존,한국외국어대학교,공학계열,1136.0,0.0,1050,1015,35,92.4,89.3,한국외국어대학교
2022 하,대학교,사립,서울,기존,한국외국어대학교,인문ㆍ사회계열,11340.0,0.0,14286,11535,2751,126.0,101.7,한국외국어대학교
2022 하,대학교,사립,서울,기존,한국외국어대학교,자연과학계열,1032.0,0.0,1103,998,105,106.9,96.7,한국외국어대학교
2022 하,대학교,사립,서울,기존,한국외국어대학교,공학계열,1136.0,0.0,1204,1166,38,106.0,102.6,한국외국어대학교
2022 상,대학교,국립,서울,기존,한국체육대학교,예ㆍ체능계열,2160.0,0.0,2275,2152,123,105.3,99.6,한국체육대학교
2022 하,대학교,국립,서울,기존,한국체육대학교,예ㆍ체능계열,2160.0,0.0,2384,2251,133,110.4,104.2,한국체육대학교
2022 상,대학교,사립,대전,기존,한국침례신학대학교,인문ㆍ사회계열,1085.0,0.0,791,768,23,72.9,70.8,한국침례신학대학교
2022 상,대학교,사립,대전,기존,한국침례신학대학교,예ㆍ체능계열,245.0,0.0,99,97,2,40.4,39.6,한국침례신학대학교
2022 하,대학교,사립,대전,기존,한국침례신학대학교,인문ㆍ사회계열,1085.0,0.0,848,823,25,78.2,75.9,한국침례신학대학교
2022 하,대학교,사립,대전,기존,한국침례신학대학교,예ㆍ체능계열,245.0,0.0,107,103,4,43.7,42.0,한국침례신학대학교
2022 상,대학교,사립,경기,기존,한국항공대학교,인문ㆍ사회계열,427.0,0.0,414,366,48,97.0,85.7,한국항공대학교
2022 상,대학교,사립,경기,기존,한국항공대학교,자연과학계열,749.0,0.0,933,700,233,124.6,93.5,한국항공대학교
2022 상,대학교,사립,경기,기존,한국항공대학교,공학계열,2256.0,0.0,2400,2198,202,106.4,97.4,한국항공대학교
2022 하,대학교,사립,경기,기존,한국항공대학교,인문ㆍ사회계열,427.0,0.0,443,396,47,103.7,92.7,한국항공대학교
2022 하,대학교,사립,경기,기존,한국항공대학교,자연과학계열,749.0,0.0,990,752,238,132.2,100.4,한국항공대학교
2022 하,대학교,사립,경기,기존,한국항공대학교,공학계열,2256.0,0.0,2642,2422,220,117.1,107.4,한국항공대학교
2022 상,대학교,사립,대전,기존,한남대학교,인문ㆍ사회계열,5749.0,0.0,6019,5406,613,104.7,94.0,한남대학교
2022 상,대학교,사립,대전,기존,한남대학교,자연과학계열,1244.0,0.0,1132,1070,62,91.0,86.0,한남대학교
2022 상,대학교,사립,대전,기존,한남대학교,공학계열,2873.0,0.0,2553,2378,175,88.9,82.8,한남대학교
2022 상,대학교,사립,대전,기존,한남대학교,예ㆍ체능계열,987.0,0.0,903,870,33,91.5,88.1,한남대학교
2022 하,대학교,사립,대전,기존,한남대학교,인문ㆍ사회계열,5749.0,0.0,6298,5686,612,109.5,98.9,한남대학교
2022 하,대학교,사립,대전,기존,한남대학교,자연과학계열,1244.0,0.0,1185,1124,61,95.3,90.4,한남대학교
2022 하,대학교,사립,대전,기존,한남대학교,공학계열,2873.0,0.0,2559,2381,178,89.1,82.9,한남대학교
2022 하,대학교,사립,대전,기존,한남대학교,예ㆍ체능계열,987.0,0.0,1126,1082,44,114.1,109.6,한남대학교
2022 상,대학교,사립,경북,기존,한동대학교,인문ㆍ사회계열,1292.0,0.0,2103,1781,322,162.8,137.8,한동대학교
2022 상,대학교,사립,경북,기존,한동대학교,자연과학계열,223.0,0.0,204,188,16,91.5,84.3,한동대학교
2022 상,대학교,사립,경북,기존,한동대학교,공학계열,1401.0,0.0,1364,1220,144,97.4,87.1,한동대학교
2022 하,대학교,사립,경북,기존,한동대학교,인문ㆍ사회계열,1292.0,0.0,2211,1880,331,171.1,145.5,한동대학교
2022 하,대학교,사립,경북,기존,한동대학교,자연과학계열,223.0,0.0,234,216,18,104.9,96.9,한동대학교
2022 하,대학교,사립,경북,기존,한동대학교,공학계열,1401.0,0.0,1481,1327,154,105.7,94.7,한동대학교
2022 상,대학교,사립,강원,기존,한라대학교,인문ㆍ사회계열,1155.0,0.0,1073,968,105,92.9,83.8,한라대학교
2022 상,대학교,사립,강원,기존,한라대학교,공학계열,1900.0,0.0,1435,1352,83,75.5,71.2,한라대학교
2022 상,대학교,사립,강원,기존,한라대학교,예ㆍ체능계열,494.0,0.0,276,233,43,55.9,47.2,한라대학교
2022 하,대학교,사립,강원,기존,한라대학교,인문ㆍ사회계열,1155.0,0.0,1178,1070,108,102.0,92.6,한라대학교
2022 하,대학교,사립,강원,기존,한라대학교,공학계열,1900.0,0.0,1638,1546,92,86.2,81.4,한라대학교
2022 하,대학교,사립,강원,기존,한라대학교,예ㆍ체능계열,494.0,0.0,340,291,49,68.8,58.9,한라대학교
2022 상,대학교,사립,강원,기존,한림대학교,인문ㆍ사회계열,3666.0,0.0,3749,3289,460,102.3,89.7,한림대학교
2022 상,대학교,사립,강원,기존,한림대학교,자연과학계열,1904.0,0.0,1808,1720,88,95.0,90.3,한림대학교
2022 상,대학교,사립,강원,기존,한림대학교,공학계열,1042.0,0.0,1073,1003,70,103.0,96.3,한림대학교
2022 상,대학교,사립,강원,기존,한림대학교,예ㆍ체능계열,200.0,0.0,220,201,19,110.0,100.5,한림대학교
2022 상,대학교,사립,강원,기존,한림대학교,의학계열,304.0,0.0,318,310,8,104.6,102.0,한림대학교
2022 하,대학교,사립,강원,기존,한림대학교,인문ㆍ사회계열,3666.0,0.0,3995,3508,487,109.0,95.7,한림대학교
2022 하,대학교,사립,강원,기존,한림대학교,자연과학계열,1904.0,0.0,1878,1784,94,98.6,93.7,한림대학교
2022 하,대학교,사립,강원,기존,한림대학교,공학계열,1042.0,0.0,1143,1071,72,109.7,102.8,한림대학교
2022 하,대학교,사립,강원,기존,한림대학교,예ㆍ체능계열,200.0,0.0,235,210,25,117.5,105.0,한림대학교
2022 하,대학교,사립,강원,기존,한림대학교,의학계열,304.0,0.0,317,309,8,104.3,101.6,한림대학교
2022 상,대학교,사립,충남,기존,한서대학교,인문ㆍ사회계열,1543.0,0.0,1580,1330,250,102.4,86.2,한서대학교
2022 상,대학교,사립,충남,기존,한서대학교,자연과학계열,1768.0,0.0,1741,1561,180,98.5,88.3,한서대학교
2022 상,대학교,사립,충남,기존,한서대학교,공학계열,1735.0,0.0,1834,1685,149,105.7,97.1,한서대학교
2022 상,대학교,사립,충남,기존,한서대학교,예ㆍ체능계열,1270.0,0.0,1136,1075,61,89.4,84.6,한서대학교
2022 하,대학교,사립,충남,기존,한서대학교,인문ㆍ사회계열,1543.0,0.0,1691,1416,275,109.6,91.8,한서대학교
2022 하,대학교,사립,충남,기존,한서대학교,자연과학계열,1768.0,0.0,1767,1579,188,99.9,89.3,한서대학교
2022 하,대학교,사립,충남,기존,한서대학교,공학계열,1735.0,0.0,1898,1735,163,109.4,100.0,한서대학교
2022 하,대학교,사립,충남,기존,한서대학교,예ㆍ체능계열,1270.0,0.0,1186,1142,44,93.4,89.9,한서대학교
2022 상,대학교,사립,서울,기존,한성대학교,인문ㆍ사회계열,2940.0,0.0,2699,2303,396,91.8,78.3,한성대학교
2022 상,대학교,사립,서울,기존,한성대학교,공학계열,1776.0,0.0,2119,1969,150,119.3,110.9,한성대학교
2022 상,대학교,사립,서울,기존,한성대학교,예ㆍ체능계열,1116.0,0.0,1573,1183,390,140.9,106.0,한성대학교
2022 하,대학교,사립,서울,기존,한성대학교,인문ㆍ사회계열,2940.0,0.0,2905,2499,406,98.8,85.0,한성대학교
2022 하,대학교,사립,서울,기존,한성대학교,공학계열,1776.0,0.0,2282,2135,147,128.5,120.2,한성대학교
2022 하,대학교,사립,서울,기존,한성대학교,예ㆍ체능계열,1116.0,0.0,1653,1263,390,148.1,113.2,한성대학교
2022 상,대학교,사립,경기,기존,한세대학교,인문ㆍ사회계열,1183.0,0.0,1236,1139,97,104.5,96.3,한세대학교
2022 상,대학교,사립,경기,기존,한세대학교,자연과학계열,160.0,0.0,171,142,29,106.9,88.8,한세대학교
2022 상,대학교,사립,경기,기존,한세대학교,공학계열,187.0,0.0,199,183,16,106.4,97.9,한세대학교
2022 상,대학교,사립,경기,기존,한세대학교,예ㆍ체능계열,734.0,0.0,717,665,52,97.7,90.6,한세대학교
2022 하,대학교,사립,경기,기존,한세대학교,인문ㆍ사회계열,1183.0,0.0,1329,1232,97,112.3,104.1,한세대학교
2022 하,대학교,사립,경기,기존,한세대학교,자연과학계열,160.0,0.0,179,149,30,111.9,93.1,한세대학교
2022 하,대학교,사립,경기,기존,한세대학교,공학계열,187.0,0.0,196,181,15,104.8,96.8,한세대학교
2022 하,대학교,사립,경기,기존,한세대학교,예ㆍ체능계열,734.0,0.0,790,730,60,107.6,99.5,한세대학교
2022 상,대학교,사립,경기,기존,한신대학교,인문ㆍ사회계열,3336.0,0.0,3645,3157,488,109.3,94.6,한신대학교
2022 상,대학교,사립,경기,기존,한신대학교,자연과학계열,328.0,0.0,290,281,9,88.4,85.7,한신대학교
2022 상,대학교,사립,경기,기존,한신대학교,공학계열,886.0,0.0,924,835,89,104.3,94.2,한신대학교
2022 상,대학교,사립,경기,기존,한신대학교,예ㆍ체능계열,134.0,0.0,117,117,0,87.3,87.3,한신대학교
2022 하,대학교,사립,경기,기존,한신대학교,인문ㆍ사회계열,3336.0,0.0,3922,3415,507,117.6,102.4,한신대학교
2022 하,대학교,사립,경기,기존,한신대학교,자연과학계열,328.0,0.0,318,308,10,97.0,93.9,한신대학교
2022 하,대학교,사립,경기,기존,한신대학교,공학계열,886.0,0.0,930,835,95,105.0,94.2,한신대학교
2022 하,대학교,사립,경기,기존,한신대학교,예ㆍ체능계열,134.0,0.0,131,131,0,97.8,97.8,한신대학교
2022 상,대학교,사립,서울,기존,한양대학교,인문ㆍ사회계열,3961.0,0.0,5911,3675,2236,149.2,92.8,한양대학교
2022 상,대학교,사립,서울,기존,한양대학교,자연과학계열,1252.0,0.0,1430,1087,343,114.2,86.8,한양대학교
2022 상,대학교,사립,서울,기존,한양대학교,공학계열,4607.0,0.0,5317,4195,1122,115.4,91.1,한양대학교
2022 상,대학교,사립,서울,기존,한양대학교,예ㆍ체능계열,1407.0,0.0,1794,1348,446,127.5,95.8,한양대학교
2022 상,대학교,사립,서울,기존,한양대학교,의학계열,440.0,0.0,415,413,2,94.3,93.9,한양대학교
2022 하,대학교,사립,서울,기존,한양대학교,인문ㆍ사회계열,3961.0,0.0,6122,3920,2202,154.6,99.0,한양대학교
2022 하,대학교,사립,서울,기존,한양대학교,자연과학계열,1252.0,0.0,1511,1164,347,120.7,93.0,한양대학교
2022 하,대학교,사립,서울,기존,한양대학교,공학계열,4607.0,0.0,5557,4436,1121,120.6,96.3,한양대학교
2022 하,대학교,사립,서울,기존,한양대학교,예ㆍ체능계열,1407.0,0.0,1836,1418,418,130.5,100.8,한양대학교
2022 하,대학교,사립,서울,기존,한양대학교,의학계열,440.0,0.0,422,420,2,95.9,95.5,한양대학교
2022 상,대학교,사립,경기,기존,한양대학교(ERICA) _분교,인문ㆍ사회계열,2272.0,0.0,3189,2128,1061,140.4,93.7,한양대학교(ERICA) _분교
2022 상,대학교,사립,경기,기존,한양대학교(ERICA) _분교,자연과학계열,500.0,0.0,558,471,87,111.6,94.2,한양대학교(ERICA) _분교
2022 상,대학교,사립,경기,기존,한양대학교(ERICA) _분교,공학계열,3690.0,0.0,4457,3495,962,120.8,94.7,한양대학교(ERICA) _분교
2022 상,대학교,사립,경기,기존,한양대학교(ERICA) _분교,예ㆍ체능계열,1090.0,0.0,1453,1035,418,133.3,95.0,한양대학교(ERICA) _분교
2022 하,대학교,사립,경기,기존,한양대학교(ERICA) _분교,인문ㆍ사회계열,2272.0,0.0,3109,2266,843,136.8,99.7,한양대학교(ERICA) _분교
2022 하,대학교,사립,경기,기존,한양대학교(ERICA) _분교,자연과학계열,500.0,0.0,588,503,85,117.6,100.6,한양대학교(ERICA) _분교
2022 하,대학교,사립,경기,기존,한양대학교(ERICA) _분교,공학계열,3690.0,0.0,4601,3616,985,124.7,98.0,한양대학교(ERICA) _분교
2022 하,대학교,사립,경기,기존,한양대학교(ERICA) _분교,예ㆍ체능계열,1090.0,0.0,1409,1077,332,129.3,98.8,한양대학교(ERICA) _분교
2022 상,대학교,사립,전북,기존,한일장신대학교,인문ㆍ사회계열,426.0,0.0,331,271,60,77.7,63.6,한일장신대학교
2022 상,대학교,사립,전북,기존,한일장신대학교,자연과학계열,208.0,0.0,232,200,32,111.5,96.2,한일장신대학교
2022 상,대학교,사립,전북,기존,한일장신대학교,예ㆍ체능계열,242.0,0.0,228,227,1,94.2,93.8,한일장신대학교
2022 하,대학교,사립,전북,기존,한일장신대학교,인문ㆍ사회계열,426.0,0.0,370,308,62,86.9,72.3,한일장신대학교
2022 하,대학교,사립,전북,기존,한일장신대학교,자연과학계열,208.0,0.0,236,204,32,113.5,98.1,한일장신대학교
2022 하,대학교,사립,전북,기존,한일장신대학교,예ㆍ체능계열,242.0,0.0,254,253,1,105.0,104.5,한일장신대학교
2022 상,대학교,사립,경기,기존,협성대학교,인문ㆍ사회계열,2368.0,0.0,2230,2055,175,94.2,86.8,협성대학교
2022 상,대학교,사립,경기,기존,협성대학교,자연과학계열,306.0,0.0,279,265,14,91.2,86.6,협성대학교
2022 상,대학교,사립,경기,기존,협성대학교,공학계열,580.0,0.0,561,515,46,96.7,88.8,협성대학교
2022 상,대학교,사립,경기,기존,협성대학교,예ㆍ체능계열,762.0,0.0,678,657,21,89.0,86.2,협성대학교
2022 하,대학교,사립,경기,기존,협성대학교,인문ㆍ사회계열,2368.0,0.0,2426,2212,214,102.4,93.4,협성대학교
2022 하,대학교,사립,경기,기존,협성대학교,자연과학계열,306.0,0.0,296,280,16,96.7,91.5,협성대학교
2022 하,대학교,사립,경기,기존,협성대학교,공학계열,580.0,0.0,580,532,48,100.0,91.7,협성대학교
2022 하,대학교,사립,경기,기존,협성대학교,예ㆍ체능계열,762.0,0.0,728,703,25,95.5,92.3,협성대학교
2022 상,대학교,사립,광주,기존,호남대학교,인문ㆍ사회계열,1775.0,0.0,2273,1616,657,128.1,91.0,호남대학교
2022 상,대학교,사립,광주,기존,호남대학교,자연과학계열,1840.0,0.0,1879,1719,160,102.1,93.4,호남대학교
2022 상,대학교,사립,광주,기존,호남대학교,공학계열,1541.0,0.0,1384,1302,82,89.8,84.5,호남대학교
2022 상,대학교,사립,광주,기존,호남대학교,예ㆍ체능계열,1092.0,0.0,1120,965,155,102.6,88.4,호남대학교
2022 하,대학교,사립,광주,기존,호남대학교,인문ㆍ사회계열,1775.0,0.0,2312,1801,511,130.3,101.5,호남대학교
2022 하,대학교,사립,광주,기존,호남대학교,자연과학계열,1840.0,0.0,1950,1777,173,106.0,96.6,호남대학교
2022 하,대학교,사립,광주,기존,호남대학교,공학계열,1541.0,0.0,1537,1440,97,99.7,93.4,호남대학교
2022 하,대학교,사립,광주,기존,호남대학교,예ㆍ체능계열,1092.0,0.0,1203,1038,165,110.2,95.1,호남대학교
2022 상,대학교,사립,광주,기존,호남신학대학교,인문ㆍ사회계열,304.0,0.0,252,250,2,82.9,82.2,호남신학대학교
2022 상,대학교,사립,광주,기존,호남신학대학교,예ㆍ체능계열,230.0,0.0,199,198,1,86.5,86.1,호남신학대학교
2022 하,대학교,사립,광주,기존,호남신학대학교,인문ㆍ사회계열,304.0,0.0,292,290,2,96.1,95.4,호남신학대학교
2022 하,대학교,사립,광주,기존,호남신학대학교,예ㆍ체능계열,230.0,0.0,202,201,1,87.8,87.4,호남신학대학교
2022 상,대학교,사립,충남,기존,호서대학교,인문ㆍ사회계열,3667.0,0.0,3539,3229,310,96.5,88.1,호서대학교
2022 상,대학교,사립,충남,기존,호서대학교,자연과학계열,1510.0,0.0,1628,1434,194,107.8,95.0,호서대학교
2022 상,대학교,사립,충남,기존,호서대학교,공학계열,4803.0,0.0,4579,4197,382,95.3,87.4,호서대학교
2022 상,대학교,사립,충남,기존,호서대학교,예ㆍ체능계열,1582.0,0.0,1675,1539,136,105.9,97.3,호서대학교
2022 하,대학교,사립,충남,기존,호서대학교,인문ㆍ사회계열,3667.0,0.0,3717,3392,325,101.4,92.5,호서대학교
2022 하,대학교,사립,충남,기존,호서대학교,자연과학계열,1510.0,0.0,1645,1454,191,108.9,96.3,호서대학교
2022 하,대학교,사립,충남,기존,호서대학교,공학계열,4803.0,0.0,4710,4309,401,98.1,89.7,호서대학교
2022 하,대학교,사립,충남,기존,호서대학교,예ㆍ체능계열,1582.0,0.0,1686,1573,113,106.6,99.4,호서대학교
2022 상,산업대학,사립,전북,기존,호원대학교,인문ㆍ사회계열,1003.0,0.0,1249,749,500,124.5,74.7,호원대학교
2022 상,산업대학,사립,전북,기존,호원대학교,자연과학계열,852.0,0.0,852,733,119,100.0,86.0,호원대학교
2022 상,산업대학,사립,전북,기존,호원대학교,공학계열,878.0,0.0,885,535,350,100.8,60.9,호원대학교
2022 상,산업대학,사립,전북,기존,호원대학교,예ㆍ체능계열,1756.0,0.0,1731,1232,499,98.6,70.2,호원대학교
2022 하,산업대학,사립,전북,기존,호원대학교,인문ㆍ사회계열,1003.0,0.0,1400,915,485,139.6,91.2,호원대학교
2022 하,산업대학,사립,전북,기존,호원대학교,자연과학계열,852.0,0.0,907,785,122,106.5,92.1,호원대학교
2022 하,산업대학,사립,전북,기존,호원대학교,공학계열,878.0,0.0,1045,680,365,119.0,77.4,호원대학교
2022 하,산업대학,사립,전북,기존,호원대학교,예ㆍ체능계열,1756.0,0.0,2010,1483,527,114.5,84.5,호원대학교
2022 상,대학교,사립,서울,기존,홍익대학교,인문ㆍ사회계열,2507.0,0.0,3374,2534,840,134.6,101.1,홍익대학교
2022 상,대학교,사립,서울,기존,홍익대학교,자연과학계열,112.0,0.0,112,105,7,100.0,93.8,홍익대학교
2022 상,대학교,사립,서울,기존,홍익대학교,공학계열,5283.0,0.0,5221,4760,461,98.8,90.1,홍익대학교
2022 상,대학교,사립,서울,기존,홍익대학교,예ㆍ체능계열,1680.0,0.0,3079,1981,1098,183.3,117.9,홍익대학교
2022 하,대학교,사립,서울,기존,홍익대학교,인문ㆍ사회계열,2507.0,0.0,3580,2679,901,142.8,106.9,홍익대학교
2022 하,대학교,사립,서울,기존,홍익대학교,자연과학계열,112.0,0.0,123,113,10,109.8,100.9,홍익대학교
2022 하,대학교,사립,서울,기존,홍익대학교,공학계열,5283.0,0.0,5294,4824,470,100.2,91.3,홍익대학교
2022 하,대학교,사립,서울,기존,홍익대학교,예ㆍ체능계열,1680.0,0.0,3166,2022,1144,188.5,120.4,홍익대학교
2022 상,대학교,사립,경기,기존,화성의과학대학교,인문ㆍ사회계열,347.0,7.0,91,90,1,26.8,26.5,화성의과학대학교
2022 상,대학교,사립,경기,기존,화성의과학대학교,자연과학계열,365.0,16.0,211,186,25,60.5,53.3,화성의과학대학교
2022 상,대학교,사립,경기,기존,화성의과학대학교,예ㆍ체능계열,272.0,3.0,53,53,0,19.7,19.7,화성의과학대학교
2022 하,대학교,사립,경기,기존,화성의과학대학교,인문ㆍ사회계열,347.0,7.0,101,100,1,29.7,29.4,화성의과학대학교
2022 하,대학교,사립,경기,기존,화성의과학대학교,자연과학계열,365.0,16.0,221,197,24,63.3,56.4,화성의과학대학교
2022 하,대학교,사립,경기,기존,화성의과학대학교,예ㆍ체능계열,272.0,3.0,52,52,0,19.3,19.3,화성의과학대학교
2023 상,대학교,사립,경기,기존,가천대학교,인문ㆍ사회계열,5454.0,0.0,8105,5258,2847,148.6,96.4,가천대학교
2023 상,대학교,사립,경기,기존,가천대학교,자연과학계열,3000.0,0.0,3223,2748,475,107.4,91.6,가천대학교
2023 상,대학교,사립,경기,기존,가천대학교,공학계열,5993.0,0.0,6611,5472,1139,110.3,91.3,가천대학교
2023 상,대학교,사립,경기,기존,가천대학교,예ㆍ체능계열,1440.0,0.0,1624,1344,280,112.8,93.3,가천대학교
2023 상,대학교,사립,경기,기존,가천대학교,의학계열,268.0,0.0,272,267,5,101.5,99.6,가천대학교
2023 하,대학교,사립,경기,기존,가천대학교,인문ㆍ사회계열,5454.0,0.0,8160,5669,2491,149.6,103.9,가천대학교
2023 하,대학교,사립,경기,기존,가천대학교,자연과학계열,3000.0,0.0,3351,2867,484,111.7,95.6,가천대학교
2023 하,대학교,사립,경기,기존,가천대학교,공학계열,5990.0,0.0,7063,5950,1113,117.9,99.3,가천대학교
2023 하,대학교,사립,경기,기존,가천대학교,예ㆍ체능계열,1440.0,0.0,1719,1485,234,119.4,103.1,가천대학교
2023 하,대학교,사립,경기,기존,가천대학교,의학계열,268.0,0.0,270,265,5,100.7,98.9,가천대학교
2023 상,대학교,사립,강원,기존,가톨릭관동대학교,인문ㆍ사회계열,4077.0,0.0,2637,2442,195,64.7,59.9,가톨릭관동대학교
2023 상,대학교,사립,강원,기존,가톨릭관동대학교,자연과학계열,1283.0,0.0,1258,1094,164,98.1,85.3,가톨릭관동대학교
2023 상,대학교,사립,강원,기존,가톨릭관동대학교,공학계열,1232.0,0.0,864,817,47,70.1,66.3,가톨릭관동대학교
2023 상,대학교,사립,강원,기존,가톨릭관동대학교,예ㆍ체능계열,960.0,0.0,675,654,21,70.3,68.1,가톨릭관동대학교
2023 상,대학교,사립,강원,기존,가톨릭관동대학교,의학계열,196.0,0.0,227,194,33,115.8,99.0,가톨릭관동대학교
2023 하,대학교,사립,강원,기존,가톨릭관동대학교,인문ㆍ사회계열,4077.0,0.0,2835,2629,206,69.5,64.5,가톨릭관동대학교
2023 하,대학교,사립,강원,기존,가톨릭관동대학교,자연과학계열,1283.0,0.0,1300,1130,170,101.3,88.1,가톨릭관동대학교
2023 하,대학교,사립,강원,기존,가톨릭관동대학교,공학계열,1232.0,0.0,872,824,48,70.8,66.9,가톨릭관동대학교
2023 하,대학교,사립,강원,기존,가톨릭관동대학교,예ㆍ체능계열,960.0,0.0,703,680,23,73.2,70.8,가톨릭관동대학교
2023 하,대학교,사립,강원,기존,가톨릭관동대학교,의학계열,196.0,0.0,229,195,34,116.8,99.5,가톨릭관동대학교
2023 상,대학교,사립,충북,기존,가톨릭꽃동네대학교,인문ㆍ사회계열,160.0,0.0,135,133,2,84.4,83.1,가톨릭꽃동네대학교
2023 상,대학교,사립,충북,기존,가톨릭꽃동네대학교,자연과학계열,272.0,0.0,263,247,16,96.7,90.8,가톨릭꽃동네대학교
2023 하,대학교,사립,충북,기존,가톨릭꽃동네대학교,인문ㆍ사회계열,160.0,0.0,145,142,3,90.6,88.8,가톨릭꽃동네대학교
2023 하,대학교,사립,충북,기존,가톨릭꽃동네대학교,자연과학계열,272.0,0.0,266,251,15,97.8,92.3,가톨릭꽃동네대학교
2023 상,대학교,사립,경기,기존,가톨릭대학교,인문ㆍ사회계열,3130.0,0.0,3593,2796,797,114.8,89.3,가톨릭대학교
2023 상,대학교,사립,경기,기존,가톨릭대학교,자연과학계열,1343.0,0.0,1414,1156,258,105.3,86.1,가톨릭대학교
2023 상,대학교,사립,경기,기존,가톨릭대학교,공학계열,1579.0,0.0,1534,1350,184,97.2,85.5,가톨릭대학교
2023 상,대학교,사립,경기,기존,가톨릭대학교,예ㆍ체능계열,180.0,0.0,162,139,23,90.0,77.2,가톨릭대학교
2023 하,대학교,사립,경기,기존,가톨릭대학교,인문ㆍ사회계열,3130.0,0.0,3888,3136,752,124.2,100.2,가톨릭대학교
2023 하,대학교,사립,경기,기존,가톨릭대학교,자연과학계열,1343.0,0.0,1532,1283,249,114.1,95.5,가톨릭대학교
2023 하,대학교,사립,경기,기존,가톨릭대학교,공학계열,1579.0,0.0,1650,1463,187,104.5,92.7,가톨릭대학교
2023 하,대학교,사립,경기,기존,가톨릭대학교,예ㆍ체능계열,180.0,0.0,170,152,18,94.4,84.4,가톨릭대학교
2023 상,대학교,사립,서울,기존,가톨릭대학교 _제2캠퍼스,자연과학계열,506.0,0.0,526,490,36,104.0,96.8,가톨릭대학교 _제2캠퍼스
2023 상,대학교,사립,서울,기존,가톨릭대학교 _제2캠퍼스,의학계열,372.0,0.0,367,356,11,98.7,95.7,가톨릭대학교 _제2캠퍼스
2023 하,대학교,사립,서울,기존,가톨릭대학교 _제2캠퍼스,자연과학계열,506.0,0.0,533,496,37,105.3,98.0,가톨릭대학교 _제2캠퍼스
2023 하,대학교,사립,서울,기존,가톨릭대학교 _제2캠퍼스,의학계열,372.0,0.0,370,359,11,99.5,96.5,가톨릭대학교 _제2캠퍼스
2023 상,대학교,사립,서울,기존,가톨릭대학교 _제3캠퍼스,인문ㆍ사회계열,200.0,0.0,193,183,10,96.5,91.5,가톨릭대학교 _제3캠퍼스
2023 하,대학교,사립,서울,기존,가톨릭대학교 _제3캠퍼스,인문ㆍ사회계열,200.0,0.0,200,191,9,100.0,95.5,가톨릭대학교 _제3캠퍼스
2023 상,대학교,사립,서울,기존,감리교신학대학교,인문ㆍ사회계열,754.0,0.0,569,548,21,75.5,72.7,감리교신학대학교
2023 하,대학교,사립,서울,기존,감리교신학대학교,인문ㆍ사회계열,754.0,0.0,604,583,21,80.1,77.3,감리교신학대학교
2023 상,대학교,사립,경기,기존,강남대학교,인문ㆍ사회계열,3785.0,0.0,3755,3417,338,99.2,90.3,강남대학교
2023 상,대학교,사립,경기,기존,강남대학교,공학계열,1579.0,0.0,1588,1485,103,100.6,94.0,강남대학교
2023 상,대학교,사립,경기,기존,강남대학교,예ㆍ체능계열,600.0,0.0,553,532,21,92.2,88.7,강남대학교
2023 하,대학교,사립,경기,기존,강남대학교,인문ㆍ사회계열,3785.0,0.0,4137,3752,385,109.3,99.1,강남대학교
2023 하,대학교,사립,경기,기존,강남대학교,공학계열,1579.0,0.0,1750,1631,119,110.8,103.3,강남대학교
2023 하,대학교,사립,경기,기존,강남대학교,예ㆍ체능계열,600.0,0.0,616,591,25,102.7,98.5,강남대학교
2023 상,대학교,사립,서울,기존,강서대학교,인문ㆍ사회계열,700.0,0.0,1100,607,493,157.1,86.7,강서대학교
2023 상,대학교,사립,서울,기존,강서대학교,자연과학계열,288.0,0.0,275,253,22,95.5,87.8,강서대학교
2023 상,대학교,사립,서울,기존,강서대학교,예ㆍ체능계열,120.0,0.0,104,103,1,86.7,85.8,강서대학교
2023 하,대학교,사립,서울,기존,강서대학교,인문ㆍ사회계열,700.0,0.0,1217,717,500,173.9,102.4,강서대학교
2023 하,대학교,사립,서울,기존,강서대학교,자연과학계열,288.0,0.0,305,281,24,105.9,97.6,강서대학교
2023 하,대학교,사립,서울,기존,강서대학교,예ㆍ체능계열,120.0,0.0,122,120,2,101.7,100.0,강서대학교
2023 상,대학교,국립,강원,기존,강원대학교,인문ㆍ사회계열,4147.0,0.0,4391,3979,412,105.9,95.9,강원대학교
2023 상,대학교,국립,강원,기존,강원대학교,자연과학계열,4670.0,0.0,4708,4264,444,100.8,91.3,강원대학교
2023 상,대학교,국립,강원,기존,강원대학교,공학계열,2769.0,0.0,2967,2707,260,107.2,97.8,강원대학교
2023 상,대학교,국립,강원,기존,강원대학교,예ㆍ체능계열,601.0,0.0,623,602,21,103.7,100.2,강원대학교
2023 상,대학교,국립,강원,기존,강원대학교,의학계열,209.0,0.0,190,186,4,90.9,89.0,강원대학교
2023 하,대학교,국립,강원,기존,강원대학교,인문ㆍ사회계열,4147.0,0.0,4772,4326,446,115.1,104.3,강원대학교
2023 하,대학교,국립,강원,기존,강원대학교,자연과학계열,4670.0,0.0,4993,4532,461,106.9,97.0,강원대학교
2023 하,대학교,국립,강원,기존,강원대학교,공학계열,2769.0,0.0,3195,2914,281,115.4,105.2,강원대학교
2023 하,대학교,국립,강원,기존,강원대학교,예ㆍ체능계열,601.0,0.0,655,631,24,109.0,105.0,강원대학교
2023 하,대학교,국립,강원,기존,강원대학교,의학계열,209.0,0.0,192,188,4,91.9,90.0,강원대학교
2023 상,대학교,국립,강원,기존,강원대학교 _제2캠퍼스,인문ㆍ사회계열,972.0,0.0,751,695,56,77.3,71.5,강원대학교 _제2캠퍼스
2023 상,대학교,국립,강원,기존,강원대학교 _제2캠퍼스,자연과학계열,1503.0,0.0,1243,1144,99,82.7,76.1,강원대학교 _제2캠퍼스
2023 상,대학교,국립,강원,기존,강원대학교 _제2캠퍼스,공학계열,2712.0,0.0,2307,2205,102,85.1,81.3,강원대학교 _제2캠퍼스
2023 상,대학교,국립,강원,기존,강원대학교 _제2캠퍼스,예ㆍ체능계열,672.0,0.0,656,619,37,97.6,92.1,강원대학교 _제2캠퍼스
2023 하,대학교,국립,강원,기존,강원대학교 _제2캠퍼스,인문ㆍ사회계열,972.0,0.0,791,740,51,81.4,76.1,강원대학교 _제2캠퍼스
2023 하,대학교,국립,강원,기존,강원대학교 _제2캠퍼스,자연과학계열,1503.0,0.0,1309,1205,104,87.1,80.2,강원대학교 _제2캠퍼스
2023 하,대학교,국립,강원,기존,강원대학교 _제2캠퍼스,공학계열,2712.0,0.0,2450,2335,115,90.3,86.1,강원대학교 _제2캠퍼스
2023 하,대학교,국립,강원,기존,강원대학교 _제2캠퍼스,예ㆍ체능계열,672.0,0.0,674,638,36,100.3,94.9,강원대학교 _제2캠퍼스
2023 상,대학교,사립,서울,기존,건국대학교,인문ㆍ사회계열,3756.0,0.0,5109,3599,1510,136.0,95.8,건국대학교
2023 상,대학교,사립,서울,기존,건국대학교,자연과학계열,1970.0,0.0,1946,1711,235,98.8,86.9,건국대학교
2023 상,대학교,사립,서울,기존,건국대학교,공학계열,4916.0,0.0,5314,4775,539,108.1,97.1,건국대학교
2023 상,대학교,사립,서울,기존,건국대학교,예ㆍ체능계열,1220.0,0.0,1576,1258,318,129.2,103.1,건국대학교
2023 상,대학교,사립,서울,기존,건국대학교,의학계열,276.0,0.0,326,269,57,118.1,97.5,건국대학교
2023 하,대학교,사립,서울,기존,건국대학교,인문ㆍ사회계열,3756.0,0.0,5636,4043,1593,150.1,107.6,건국대학교
2023 하,대학교,사립,서울,기존,건국대학교,자연과학계열,1970.0,0.0,2185,1945,240,110.9,98.7,건국대학교
2023 하,대학교,사립,서울,기존,건국대학교,공학계열,4916.0,0.0,5870,5301,569,119.4,107.8,건국대학교
2023 하,대학교,사립,서울,기존,건국대학교,예ㆍ체능계열,1220.0,0.0,1667,1340,327,136.6,109.8,건국대학교
2023 하,대학교,사립,서울,기존,건국대학교,의학계열,276.0,0.0,330,273,57,119.6,98.9,건국대학교
2023 상,대학교,사립,충북,기존,건국대학교(글로컬) _분교,인문ㆍ사회계열,1939.0,0.0,2081,1891,190,107.3,97.5,건국대학교(글로컬) _분교
2023 상,대학교,사립,충북,기존,건국대학교(글로컬) _분교,자연과학계열,1779.0,0.0,1774,1649,125,99.7,92.7,건국대학교(글로컬) _분교
2023 상,대학교,사립,충북,기존,건국대학교(글로컬) _분교,공학계열,1007.0,0.0,1024,976,48,101.7,96.9,건국대학교(글로컬) _분교
2023 상,대학교,사립,충북,기존,건국대학교(글로컬) _분교,예ㆍ체능계열,1511.0,0.0,1637,1477,160,108.3,97.7,건국대학교(글로컬) _분교
2023 하,대학교,사립,충북,기존,건국대학교(글로컬) _분교,인문ㆍ사회계열,1939.0,0.0,2233,2022,211,115.2,104.3,건국대학교(글로컬) _분교
2023 하,대학교,사립,충북,기존,건국대학교(글로컬) _분교,자연과학계열,1779.0,0.0,1841,1713,128,103.5,96.3,건국대학교(글로컬) _분교
2023 하,대학교,사립,충북,기존,건국대학교(글로컬) _분교,공학계열,1007.0,0.0,1071,1018,53,106.4,101.1,건국대학교(글로컬) _분교
2023 하,대학교,사립,충북,기존,건국대학교(글로컬) _분교,예ㆍ체능계열,1511.0,0.0,1699,1531,168,112.4,101.3,건국대학교(글로컬) _분교
2023 상,대학교,사립,충남,기존,건양대학교,인문ㆍ사회계열,1851.0,0.0,1681,1547,134,90.8,83.6,건양대학교
2023 상,대학교,사립,충남,기존,건양대학교,자연과학계열,493.0,0.0,420,404,16,85.2,81.9,건양대학교
2023 상,대학교,사립,충남,기존,건양대학교,공학계열,730.0,0.0,582,553,29,79.7,75.8,건양대학교
2023 상,대학교,사립,충남,기존,건양대학교,예ㆍ체능계열,120.0,0.0,111,111,0,92.5,92.5,건양대학교
2023 하,대학교,사립,충남,기존,건양대학교,인문ㆍ사회계열,1851.0,0.0,1752,1609,143,94.7,86.9,건양대학교
2023 하,대학교,사립,충남,기존,건양대학교,자연과학계열,493.0,0.0,451,431,20,91.5,87.4,건양대학교
2023 하,대학교,사립,충남,기존,건양대학교,공학계열,730.0,0.0,594,573,21,81.4,78.5,건양대학교
2023 하,대학교,사립,충남,기존,건양대학교,예ㆍ체능계열,120.0,0.0,123,123,0,102.5,102.5,건양대학교
2023 상,대학교,사립,대전,기존,건양대학교 _제2캠퍼스,인문ㆍ사회계열,183.0,0.0,183,176,7,100.0,96.2,건양대학교 _제2캠퍼스
2023 상,대학교,사립,대전,기존,건양대학교 _제2캠퍼스,자연과학계열,1943.0,0.0,2093,1902,191,107.7,97.9,건양대학교 _제2캠퍼스
2023 상,대학교,사립,대전,기존,건양대학교 _제2캠퍼스,공학계열,1104.0,0.0,972,937,35,88.0,84.9,건양대학교 _제2캠퍼스
2023 상,대학교,사립,대전,기존,건양대학교 _제2캠퍼스,의학계열,196.0,0.0,231,195,36,117.9,99.5,건양대학교 _제2캠퍼스
2023 하,대학교,사립,대전,기존,건양대학교 _제2캠퍼스,인문ㆍ사회계열,183.0,0.0,191,181,10,104.4,98.9,건양대학교 _제2캠퍼스
2023 하,대학교,사립,대전,기존,건양대학교 _제2캠퍼스,자연과학계열,1943.0,0.0,2136,1936,200,109.9,99.6,건양대학교 _제2캠퍼스
2023 하,대학교,사립,대전,기존,건양대학교 _제2캠퍼스,공학계열,1104.0,0.0,1027,990,37,93.0,89.7,건양대학교 _제2캠퍼스
2023 하,대학교,사립,대전,기존,건양대학교 _제2캠퍼스,의학계열,196.0,0.0,230,194,36,117.3,99.0,건양대학교 _제2캠퍼스
2023 상,대학교,사립,경기,기존,경기대학교,인문ㆍ사회계열,4998.0,0.0,5700,4858,842,114.0,97.2,경기대학교
2023 상,대학교,사립,경기,기존,경기대학교,자연과학계열,815.0,2.0,1057,950,107,130.0,116.9,경기대학교
2023 상,대학교,사립,경기,기존,경기대학교,공학계열,3220.0,0.0,3137,2760,377,97.4,85.7,경기대학교
2023 상,대학교,사립,경기,기존,경기대학교,예ㆍ체능계열,1414.0,0.0,1380,1337,43,97.6,94.6,경기대학교
2023 하,대학교,사립,경기,기존,경기대학교,인문ㆍ사회계열,4998.0,0.0,6126,5193,933,122.6,103.9,경기대학교
2023 하,대학교,사립,경기,기존,경기대학교,자연과학계열,815.0,2.0,1128,1018,110,138.7,125.2,경기대학교
2023 하,대학교,사립,경기,기존,경기대학교,공학계열,3220.0,0.0,3351,2945,406,104.1,91.5,경기대학교
2023 하,대학교,사립,경기,기존,경기대학교,예ㆍ체능계열,1414.0,0.0,1445,1401,44,102.2,99.1,경기대학교
2023 상,대학교,사립,서울,기존,경기대학교 _제2캠퍼스,인문ㆍ사회계열,882.0,0.0,1490,917,573,168.9,104.0,경기대학교 _제2캠퍼스
2023 상,대학교,사립,서울,기존,경기대학교 _제2캠퍼스,예ㆍ체능계열,430.0,0.0,444,402,42,103.3,93.5,경기대학교 _제2캠퍼스
2023 하,대학교,사립,서울,기존,경기대학교 _제2캠퍼스,인문ㆍ사회계열,882.0,0.0,1633,989,644,185.1,112.1,경기대학교 _제2캠퍼스
2023 하,대학교,사립,서울,기존,경기대학교 _제2캠퍼스,예ㆍ체능계열,430.0,0.0,470,427,43,109.3,99.3,경기대학교 _제2캠퍼스
2023 상,대학교,국립,경남,폐교,경남과학기술대학교,인문ㆍ사회계열,582.0,0.0,639,603,36,109.8,103.6,경상국립대학교
2023 상,대학교,국립,경남,폐교,경남과학기술대학교,자연과학계열,653.0,0.0,727,684,43,111.3,104.7,경상국립대학교
2023 상,대학교,국립,경남,폐교,경남과학기술대학교,공학계열,995.0,0.0,1203,1134,69,120.9,114.0,경상국립대학교
2023 상,대학교,국립,경남,폐교,경남과학기술대학교,예ㆍ체능계열,94.0,0.0,75,73,2,79.8,77.7,경상국립대학교
2023 하,대학교,국립,경남,폐교,경남과학기술대학교,인문ㆍ사회계열,582.0,0.0,669,637,32,114.9,109.5,경상국립대학교
2023 하,대학교,국립,경남,폐교,경남과학기술대학교,자연과학계열,653.0,0.0,700,660,40,107.2,101.1,경상국립대학교
2023 하,대학교,국립,경남,폐교,경남과학기술대학교,공학계열,995.0,0.0,1195,1134,61,120.1,114.0,경상국립대학교
2023 하,대학교,국립,경남,폐교,경남과학기술대학교,예ㆍ체능계열,94.0,0.0,77,77,0,81.9,81.9,경상국립대학교
2023 상,대학교,사립,경남,기존,경남대학교,인문ㆍ사회계열,4297.0,0.0,3893,3525,368,90.6,82.0,경남대학교
2023 상,대학교,사립,경남,기존,경남대학교,자연과학계열,1939.0,0.0,1749,1567,182,90.2,80.8,경남대학교
2023 상,대학교,사립,경남,기존,경남대학교,공학계열,2850.0,0.0,2588,2409,179,90.8,84.5,경남대학교
2023 상,대학교,사립,경남,기존,경남대학교,예ㆍ체능계열,779.0,0.0,808,754,54,103.7,96.8,경남대학교
2023 하,대학교,사립,경남,기존,경남대학교,인문ㆍ사회계열,4297.0,0.0,4213,3855,358,98.0,89.7,경남대학교
2023 하,대학교,사립,경남,기존,경남대학교,자연과학계열,1939.0,0.0,1787,1647,140,92.2,84.9,경남대학교
2023 하,대학교,사립,경남,기존,경남대학교,공학계열,2850.0,0.0,2717,2549,168,95.3,89.4,경남대학교
2023 하,대학교,사립,경남,기존,경남대학교,예ㆍ체능계열,779.0,0.0,834,781,53,107.1,100.3,경남대학교
2023 상,대학교,사립,강원,기존,경동대학교,인문ㆍ사회계열,134.0,0.0,810,77,733,604.5,57.5,경동대학교
2023 상,대학교,사립,강원,기존,경동대학교,자연과학계열,20.0,0.0,28,9,19,140.0,45.0,경동대학교
2023 하,대학교,사립,강원,기존,경동대학교,인문ㆍ사회계열,134.0,0.0,631,80,551,470.9,59.7,경동대학교
2023 하,대학교,사립,강원,기존,경동대학교,자연과학계열,20.0,0.0,30,10,20,150.0,50.0,경동대학교
2023 상,대학교,국립,대구,기존,경북대학교,인문ㆍ사회계열,5008.0,0.0,5558,4850,708,111.0,96.8,경북대학교
2023 상,대학교,국립,대구,기존,경북대학교,자연과학계열,5957.0,0.0,5931,5395,536,99.6,90.6,경북대학교
2023 상,대학교,국립,대구,기존,경북대학교,공학계열,6210.0,0.0,6464,5830,634,104.1,93.9,경북대학교
2023 상,대학교,국립,대구,기존,경북대학교,예ㆍ체능계열,1017.0,0.0,928,895,33,91.2,88.0,경북대학교
2023 상,대학교,국립,대구,기존,경북대학교,의학계열,908.0,0.0,842,830,12,92.7,91.4,경북대학교
2023 하,대학교,국립,대구,기존,경북대학교,인문ㆍ사회계열,5008.0,0.0,6086,5368,718,121.5,107.2,경북대학교
2023 하,대학교,국립,대구,기존,경북대학교,자연과학계열,5957.0,0.0,6539,5963,576,109.8,100.1,경북대학교
2023 하,대학교,국립,대구,기존,경북대학교,공학계열,6210.0,0.0,7176,6503,673,115.6,104.7,경북대학교
2023 하,대학교,국립,대구,기존,경북대학교,예ㆍ체능계열,1017.0,0.0,1003,970,33,98.6,95.4,경북대학교
2023 하,대학교,국립,대구,기존,경북대학교,의학계열,908.0,0.0,854,841,13,94.1,92.6,경북대학교
2023 상,대학교,국립,경남,기존,경상국립대학교,인문ㆍ사회계열,4783.0,0.0,4713,4275,438,98.5,89.4,경상국립대학교
2023 상,대학교,국립,경남,기존,경상국립대학교,자연과학계열,4228.0,0.0,4032,3698,334,95.4,87.5,경상국립대학교
2023 상,대학교,국립,경남,기존,경상국립대학교,공학계열,5096.0,0.0,4404,4164,240,86.4,81.7,경상국립대학교
2023 상,대학교,국립,경남,기존,경상국립대학교,예ㆍ체능계열,394.0,0.0,362,349,13,91.9,88.6,경상국립대학교
2023 상,대학교,국립,경남,기존,경상국립대학교,의학계열,504.0,0.0,521,493,28,103.4,97.8,경상국립대학교
2023 하,대학교,국립,경남,기존,경상국립대학교,인문ㆍ사회계열,4783.0,0.0,5075,4616,459,106.1,96.5,경상국립대학교
2023 하,대학교,국립,경남,기존,경상국립대학교,자연과학계열,4228.0,0.0,4288,3937,351,101.4,93.1,경상국립대학교
2023 하,대학교,국립,경남,기존,경상국립대학교,공학계열,5096.0,0.0,4750,4487,263,93.2,88.0,경상국립대학교
2023 하,대학교,국립,경남,기존,경상국립대학교,예ㆍ체능계열,394.0,0.0,361,356,5,91.6,90.4,경상국립대학교
2023 하,대학교,국립,경남,기존,경상국립대학교,의학계열,504.0,0.0,516,487,29,102.4,96.6,경상국립대학교
2023 상,대학교,사립,부산,기존,경성대학교,인문ㆍ사회계열,4693.0,0.0,5525,4203,1322,117.7,89.6,경성대학교
2023 상,대학교,사립,부산,기존,경성대학교,자연과학계열,1522.0,0.0,1439,1260,179,94.5,82.8,경성대학교
2023 상,대학교,사립,부산,기존,경성대학교,공학계열,2743.0,0.0,2461,2246,215,89.7,81.9,경성대학교
2023 상,대학교,사립,부산,기존,경성대학교,예ㆍ체능계열,2187.0,0.0,2050,1962,88,93.7,89.7,경성대학교
2023 하,대학교,사립,부산,기존,경성대학교,인문ㆍ사회계열,4693.0,0.0,5570,4486,1084,118.7,95.6,경성대학교
2023 하,대학교,사립,부산,기존,경성대학교,자연과학계열,1522.0,0.0,1530,1344,186,100.5,88.3,경성대학교
2023 하,대학교,사립,부산,기존,경성대학교,공학계열,2743.0,0.0,2575,2356,219,93.9,85.9,경성대학교
2023 하,대학교,사립,부산,기존,경성대학교,예ㆍ체능계열,2187.0,0.0,2195,2096,99,100.4,95.8,경성대학교
2023 상,교육대학,국립,인천,기존,경인교육대학교,인문ㆍ사회계열,2392.0,0.0,591,529,62,24.7,22.1,경인교육대학교
2023 하,교육대학,국립,인천,기존,경인교육대학교,인문ㆍ사회계열,2392.0,0.0,621,557,64,26.0,23.3,경인교육대학교
2023 상,대학교,사립,경북,기존,경일대학교,인문ㆍ사회계열,1279.0,0.0,1351,1111,240,105.6,86.9,경일대학교
2023 상,대학교,사립,경북,기존,경일대학교,자연과학계열,772.0,0.0,829,727,102,107.4,94.2,경일대학교
2023 상,대학교,사립,경북,기존,경일대학교,공학계열,2433.0,0.0,2637,2320,317,108.4,95.4,경일대학교
2023 상,대학교,사립,경북,기존,경일대학교,예ㆍ체능계열,1839.0,0.0,1599,1535,64,86.9,83.5,경일대학교
2023 하,대학교,사립,경북,기존,경일대학교,인문ㆍ사회계열,1279.0,0.0,1460,1222,238,114.2,95.5,경일대학교
2023 하,대학교,사립,경북,기존,경일대학교,자연과학계열,772.0,0.0,860,752,108,111.4,97.4,경일대학교
2023 하,대학교,사립,경북,기존,경일대학교,공학계열,2433.0,0.0,2750,2400,350,113.0,98.6,경일대학교
2023 하,대학교,사립,경북,기존,경일대학교,예ㆍ체능계열,1839.0,0.0,1731,1661,70,94.1,90.3,경일대학교
2023 상,대학교,사립,서울,기존,경희대학교,인문ㆍ사회계열,6928.0,0.0,10012,6382,3630,144.5,92.1,경희대학교
2023 상,대학교,사립,서울,기존,경희대학교,자연과학계열,4196.0,0.0,4226,3715,511,100.7,88.5,경희대학교
2023 상,대학교,사립,서울,기존,경희대학교,공학계열,4079.0,0.0,4045,3612,433,99.2,88.6,경희대학교
2023 상,대학교,사립,서울,기존,경희대학교,예ㆍ체능계열,3428.0,0.0,3947,3195,752,115.1,93.2,경희대학교
2023 상,대학교,사립,서울,기존,경희대학교,의학계열,1192.0,0.0,1199,1178,21,100.6,98.8,경희대학교
2023 하,대학교,사립,서울,기존,경희대학교,인문ㆍ사회계열,6928.0,0.0,11226,7277,3949,162.0,105.0,경희대학교
2023 하,대학교,사립,서울,기존,경희대학교,자연과학계열,4196.0,0.0,4665,4122,543,111.2,98.2,경희대학교
2023 하,대학교,사립,서울,기존,경희대학교,공학계열,4079.0,0.0,4612,4128,484,113.1,101.2,경희대학교
2023 하,대학교,사립,서울,기존,경희대학교,예ㆍ체능계열,3428.0,0.0,4262,3477,785,124.3,101.4,경희대학교
2023 하,대학교,사립,서울,기존,경희대학교,의학계열,1192.0,0.0,1195,1174,21,100.3,98.5,경희대학교
2023 상,대학교,사립,대구,기존,계명대학교,인문ㆍ사회계열,8558.0,0.0,9231,7801,1430,107.9,91.2,계명대학교
2023 상,대학교,사립,대구,기존,계명대학교,자연과학계열,2402.0,0.0,2309,2095,214,96.1,87.2,계명대학교
2023 상,대학교,사립,대구,기존,계명대학교,공학계열,4029.0,0.0,4038,3636,402,100.2,90.2,계명대학교
2023 상,대학교,사립,대구,기존,계명대학교,예ㆍ체능계열,3429.0,0.0,3570,3350,220,104.1,97.7,계명대학교
2023 상,대학교,사립,대구,기존,계명대학교,의학계열,304.0,0.0,318,306,12,104.6,100.7,계명대학교
2023 하,대학교,사립,대구,기존,계명대학교,인문ㆍ사회계열,8558.0,0.0,9886,8435,1451,115.5,98.6,계명대학교
2023 하,대학교,사립,대구,기존,계명대학교,자연과학계열,2402.0,0.0,2455,2232,223,102.2,92.9,계명대학교
2023 하,대학교,사립,대구,기존,계명대학교,공학계열,4029.0,0.0,4338,3912,426,107.7,97.1,계명대학교
2023 하,대학교,사립,대구,기존,계명대학교,예ㆍ체능계열,3429.0,0.0,3789,3550,239,110.5,103.5,계명대학교
2023 하,대학교,사립,대구,기존,계명대학교,의학계열,304.0,0.0,321,309,12,105.6,101.6,계명대학교
2023 상,대학교,사립,서울,기존,고려대학교,인문ㆍ사회계열,7635.0,0.0,9868,7514,2354,129.2,98.4,고려대학교
2023 상,대학교,사립,서울,기존,고려대학교,자연과학계열,3352.0,0.0,3233,2846,387,96.4,84.9,고려대학교
2023 상,대학교,사립,서울,기존,고려대학교,공학계열,3782.0,0.0,4491,3502,989,118.7,92.6,고려대학교
2023 상,대학교,사립,서울,기존,고려대학교,예ㆍ체능계열,520.0,0.0,556,507,49,106.9,97.5,고려대학교
2023 상,대학교,사립,서울,기존,고려대학교,의학계열,424.0,0.0,423,412,11,99.8,97.2,고려대학교
2023 하,대학교,사립,서울,기존,고려대학교,인문ㆍ사회계열,7635.0,0.0,10574,8302,2272,138.5,108.7,고려대학교
2023 하,대학교,사립,서울,기존,고려대학교,자연과학계열,3352.0,0.0,3774,3364,410,112.6,100.4,고려대학교
2023 하,대학교,사립,서울,기존,고려대학교,공학계열,3782.0,0.0,4997,3947,1050,132.1,104.4,고려대학교
2023 하,대학교,사립,서울,기존,고려대학교,예ㆍ체능계열,520.0,0.0,602,560,42,115.8,107.7,고려대학교
2023 하,대학교,사립,서울,기존,고려대학교,의학계열,424.0,0.0,426,415,11,100.5,97.9,고려대학교
2023 상,대학교,사립,세종,기존,고려대학교(세종) _분교,인문ㆍ사회계열,2341.0,0.0,2620,2161,459,111.9,92.3,고려대학교(세종) _분교
2023 상,대학교,사립,세종,기존,고려대학교(세종) _분교,자연과학계열,838.0,0.0,902,704,198,107.6,84.0,고려대학교(세종) _분교
2023 상,대학교,사립,세종,기존,고려대학교(세종) _분교,공학계열,2159.0,0.0,1983,1783,200,91.8,82.6,고려대학교(세종) _분교
2023 상,대학교,사립,세종,기존,고려대학교(세종) _분교,예ㆍ체능계열,372.0,0.0,410,371,39,110.2,99.7,고려대학교(세종) _분교
2023 하,대학교,사립,세종,기존,고려대학교(세종) _분교,인문ㆍ사회계열,2341.0,0.0,2958,2482,476,126.4,106.0,고려대학교(세종) _분교
2023 하,대학교,사립,세종,기존,고려대학교(세종) _분교,자연과학계열,838.0,0.0,966,763,203,115.3,91.1,고려대학교(세종) _분교
2023 하,대학교,사립,세종,기존,고려대학교(세종) _분교,공학계열,2159.0,0.0,2222,2010,212,102.9,93.1,고려대학교(세종) _분교
2023 하,대학교,사립,세종,기존,고려대학교(세종) _분교,예ㆍ체능계열,372.0,0.0,428,387,41,115.1,104.0,고려대학교(세종) _분교
2023 상,대학교,사립,부산,기존,고신대학교,인문ㆍ사회계열,1730.0,0.0,1341,1268,73,77.5,73.3,고신대학교
2023 상,대학교,사립,부산,기존,고신대학교,자연과학계열,1377.0,0.0,1149,1109,40,83.4,80.5,고신대학교
2023 상,대학교,사립,부산,기존,고신대학교,예ㆍ체능계열,260.0,0.0,138,135,3,53.1,51.9,고신대학교
2023 상,대학교,사립,부산,기존,고신대학교,의학계열,304.0,0.0,293,293,0,96.4,96.4,고신대학교
2023 하,대학교,사립,부산,기존,고신대학교,인문ㆍ사회계열,1730.0,0.0,1553,1469,84,89.8,84.9,고신대학교
2023 하,대학교,사립,부산,기존,고신대학교,자연과학계열,1377.0,0.0,1220,1180,40,88.6,85.7,고신대학교
2023 하,대학교,사립,부산,기존,고신대학교,예ㆍ체능계열,260.0,0.0,180,174,6,69.2,66.9,고신대학교
2023 하,대학교,사립,부산,기존,고신대학교,의학계열,304.0,0.0,297,297,0,97.7,97.7,고신대학교
2023 상,교육대학,국립,충남,기존,공주교육대학교,인문ㆍ사회계열,1416.0,0.0,569,529,40,40.2,37.4,공주교육대학교
2023 하,교육대학,국립,충남,기존,공주교육대학교,인문ㆍ사회계열,1416.0,0.0,592,550,42,41.8,38.8,공주교육대학교
2023 상,대학교,사립,광주,기존,광신대학교,인문ㆍ사회계열,372.0,0.0,324,309,15,87.1,83.1,광신대학교
2023 상,대학교,사립,광주,기존,광신대학교,예ㆍ체능계열,116.0,0.0,91,90,1,78.4,77.6,광신대학교
2023 하,대학교,사립,광주,기존,광신대학교,인문ㆍ사회계열,372.0,0.0,350,337,13,94.1,90.6,광신대학교
2023 하,대학교,사립,광주,기존,광신대학교,예ㆍ체능계열,116.0,0.0,104,103,1,89.7,88.8,광신대학교
2023 상,대학교,사립,서울,기존,광운대학교,인문ㆍ사회계열,2335.0,0.0,3140,2118,1022,134.5,90.7,광운대학교
2023 상,대학교,사립,서울,기존,광운대학교,자연과학계열,560.0,0.0,702,456,246,125.4,81.4,광운대학교
2023 상,대학교,사립,서울,기존,광운대학교,공학계열,3724.0,0.0,3776,3342,434,101.4,89.7,광운대학교
2023 상,대학교,사립,서울,기존,광운대학교,예ㆍ체능계열,148.0,0.0,140,128,12,94.6,86.5,광운대학교
2023 하,대학교,사립,서울,기존,광운대학교,인문ㆍ사회계열,2335.0,0.0,3420,2380,1040,146.5,101.9,광운대학교
2023 하,대학교,사립,서울,기존,광운대학교,자연과학계열,560.0,0.0,773,521,252,138.0,93.0,광운대학교
2023 하,대학교,사립,서울,기존,광운대학교,공학계열,3724.0,0.0,4102,3634,468,110.2,97.6,광운대학교
2023 하,대학교,사립,서울,기존,광운대학교,예ㆍ체능계열,148.0,0.0,152,138,14,102.7,93.2,광운대학교
2023 상,대학교,사립,전남,기존,광주가톨릭대학교,인문ㆍ사회계열,160.0,0.0,58,58,0,36.3,36.3,광주가톨릭대학교
2023 하,대학교,사립,전남,기존,광주가톨릭대학교,인문ㆍ사회계열,160.0,0.0,58,58,0,36.3,36.3,광주가톨릭대학교
2023 상,대학교,특별법법인,광주,기존,광주과학기술원,자연과학계열,800.0,2.0,366,345,21,45.9,43.2,광주과학기술원
2023 하,대학교,특별법법인,광주,기존,광주과학기술원,자연과학계열,800.0,2.0,425,409,16,53.3,51.3,광주과학기술원
2023 상,교육대학,국립,광주,기존,광주교육대학교,인문ㆍ사회계열,1304.0,0.0,551,516,35,42.3,39.6,광주교육대학교
2023 하,교육대학,국립,광주,기존,광주교육대학교,인문ㆍ사회계열,1304.0,0.0,560,523,37,42.9,40.1,광주교육대학교
2023 상,대학교,사립,광주,기존,광주대학교,인문ㆍ사회계열,3140.0,0.0,2374,2095,279,75.6,66.7,광주대학교
2023 상,대학교,사립,광주,기존,광주대학교,자연과학계열,1085.0,0.0,1331,1213,118,122.7,111.8,광주대학교
2023 상,대학교,사립,광주,기존,광주대학교,공학계열,1255.0,0.0,994,961,33,79.2,76.6,광주대학교
2023 상,대학교,사립,광주,기존,광주대학교,예ㆍ체능계열,642.0,0.0,762,724,38,118.7,112.8,광주대학교
2023 하,대학교,사립,광주,기존,광주대학교,인문ㆍ사회계열,3140.0,0.0,2507,2223,284,79.8,70.8,광주대학교
2023 하,대학교,사립,광주,기존,광주대학교,자연과학계열,1085.0,0.0,1361,1238,123,125.4,114.1,광주대학교
2023 하,대학교,사립,광주,기존,광주대학교,공학계열,1255.0,0.0,1020,989,31,81.3,78.8,광주대학교
2023 하,대학교,사립,광주,기존,광주대학교,예ㆍ체능계열,642.0,0.0,822,784,38,128.0,122.1,광주대학교
2023 상,대학교,사립,광주,기존,광주여자대학교,인문ㆍ사회계열,1386.0,0.0,1263,1103,160,91.1,79.6,광주여자대학교
2023 상,대학교,사립,광주,기존,광주여자대학교,자연과학계열,2111.0,0.0,1857,1681,176,88.0,79.6,광주여자대학교
2023 상,대학교,사립,광주,기존,광주여자대학교,예ㆍ체능계열,135.0,0.0,90,88,2,66.7,65.2,광주여자대학교
2023 하,대학교,사립,광주,기존,광주여자대학교,인문ㆍ사회계열,1386.0,0.0,1416,1245,171,102.2,89.8,광주여자대학교
2023 하,대학교,사립,광주,기존,광주여자대학교,자연과학계열,2111.0,0.0,2042,1861,181,96.7,88.2,광주여자대학교
2023 하,대학교,사립,광주,기존,광주여자대학교,예ㆍ체능계열,135.0,0.0,101,101,0,74.8,74.8,광주여자대학교
2023 상,대학교,국립,강원,기존,국립강릉원주대학교,인문ㆍ사회계열,1905.0,35.0,1754,1525,229,93.8,81.6,국립강릉원주대학교
2023 상,대학교,국립,강원,기존,국립강릉원주대학교,자연과학계열,1836.0,10.0,1586,1488,98,86.9,81.5,국립강릉원주대학교
2023 상,대학교,국립,강원,기존,국립강릉원주대학교,공학계열,815.0,7.0,717,671,46,88.7,83.0,국립강릉원주대학교
2023 상,대학교,국립,강원,기존,국립강릉원주대학교,예ㆍ체능계열,575.0,13.0,490,483,7,87.2,85.9,국립강릉원주대학교
2023 상,대학교,국립,강원,기존,국립강릉원주대학교,의학계열,160.0,0.0,147,137,10,91.9,85.6,국립강릉원주대학교
2023 하,대학교,국립,강원,기존,국립강릉원주대학교,인문ㆍ사회계열,1905.0,35.0,1929,1675,254,103.2,89.6,국립강릉원주대학교
2023 하,대학교,국립,강원,기존,국립강릉원주대학교,자연과학계열,1836.0,10.0,1699,1600,99,93.0,87.6,국립강릉원주대학교
2023 하,대학교,국립,강원,기존,국립강릉원주대학교,공학계열,815.0,7.0,769,719,50,95.2,89.0,국립강릉원주대학교
2023 하,대학교,국립,강원,기존,국립강릉원주대학교,예ㆍ체능계열,575.0,13.0,506,499,7,90.0,88.8,국립강릉원주대학교
2023 하,대학교,국립,강원,기존,국립강릉원주대학교,의학계열,160.0,0.0,151,141,10,94.4,88.1,국립강릉원주대학교
2023 상,대학교,국립,강원,기존,국립강릉원주대학교 _제2캠퍼스,인문ㆍ사회계열,487.0,6.0,479,461,18,99.6,95.8,국립강릉원주대학교 _제2캠퍼스
2023 상,대학교,국립,강원,기존,국립강릉원주대학교 _제2캠퍼스,자연과학계열,300.0,0.0,348,291,57,116.0,97.0,국립강릉원주대학교 _제2캠퍼스
2023 상,대학교,국립,강원,기존,국립강릉원주대학교 _제2캠퍼스,공학계열,1181.0,22.0,1143,1063,80,98.6,91.7,국립강릉원주대학교 _제2캠퍼스
2023 하,대학교,국립,강원,기존,국립강릉원주대학교 _제2캠퍼스,인문ㆍ사회계열,487.0,6.0,508,488,20,105.6,101.5,국립강릉원주대학교 _제2캠퍼스
2023 하,대학교,국립,강원,기존,국립강릉원주대학교 _제2캠퍼스,자연과학계열,300.0,0.0,345,287,58,115.0,95.7,국립강릉원주대학교 _제2캠퍼스
2023 하,대학교,국립,강원,기존,국립강릉원주대학교 _제2캠퍼스,공학계열,1181.0,22.0,1245,1156,89,107.4,99.7,국립강릉원주대학교 _제2캠퍼스
2023 상,대학교,국립,경북,기존,국립경국대학교,인문ㆍ사회계열,1778.0,0.0,1342,1280,62,75.5,72.0,국립경국대학교
2023 상,대학교,국립,경북,기존,국립경국대학교,자연과학계열,1773.0,0.0,1510,1432,78,85.2,80.8,국립경국대학교
2023 상,대학교,국립,경북,기존,국립경국대학교,공학계열,1808.0,0.0,1400,1309,91,77.4,72.4,국립경국대학교
2023 상,대학교,국립,경북,기존,국립경국대학교,예ㆍ체능계열,334.0,0.0,246,236,10,73.7,70.7,국립경국대학교
2023 하,대학교,국립,경북,기존,국립경국대학교,인문ㆍ사회계열,1778.0,0.0,1451,1385,66,81.6,77.9,국립경국대학교
2023 하,대학교,국립,경북,기존,국립경국대학교,자연과학계열,1773.0,0.0,1612,1530,82,90.9,86.3,국립경국대학교
2023 하,대학교,국립,경북,기존,국립경국대학교,공학계열,1808.0,0.0,1505,1411,94,83.2,78.0,국립경국대학교
2023 하,대학교,국립,경북,기존,국립경국대학교,예ㆍ체능계열,334.0,0.0,269,262,7,80.5,78.4,국립경국대학교
2023 상,대학교,국립,충남,기존,국립공주대학교,인문ㆍ사회계열,3024.0,0.0,3057,2705,352,101.1,89.5,국립공주대학교
2023 상,대학교,국립,충남,기존,국립공주대학교,자연과학계열,3466.0,0.0,3360,3039,321,96.9,87.7,국립공주대학교
2023 상,대학교,국립,충남,기존,국립공주대학교,공학계열,3629.0,0.0,4038,3173,865,111.3,87.4,국립공주대학교
2023 상,대학교,국립,충남,기존,국립공주대학교,예ㆍ체능계열,996.0,0.0,992,921,71,99.6,92.5,국립공주대학교
2023 하,대학교,국립,충남,기존,국립공주대학교,인문ㆍ사회계열,3024.0,0.0,3241,2858,383,107.2,94.5,국립공주대학교
2023 하,대학교,국립,충남,기존,국립공주대학교,자연과학계열,3466.0,0.0,3547,3212,335,102.3,92.7,국립공주대학교
2023 하,대학교,국립,충남,기존,국립공주대학교,공학계열,3661.0,0.0,4340,3415,925,118.5,93.3,국립공주대학교
2023 하,대학교,국립,충남,기존,국립공주대학교,예ㆍ체능계열,996.0,0.0,1039,963,76,104.3,96.7,국립공주대학교
2023 상,대학교,국립,전북,기존,국립군산대학교,인문ㆍ사회계열,1740.0,0.0,1687,1435,252,97.0,82.5,국립군산대학교
2023 상,대학교,국립,전북,기존,국립군산대학교,자연과학계열,1509.0,0.0,1173,1096,77,77.7,72.6,국립군산대학교
2023 상,대학교,국립,전북,기존,국립군산대학교,공학계열,3225.0,0.0,2538,2407,131,78.7,74.6,국립군산대학교
2023 상,대학교,국립,전북,기존,국립군산대학교,예ㆍ체능계열,414.0,0.0,401,336,65,96.9,81.2,국립군산대학교
2023 하,대학교,국립,전북,기존,국립군산대학교,인문ㆍ사회계열,1740.0,0.0,1850,1599,251,106.3,91.9,국립군산대학교
2023 하,대학교,국립,전북,기존,국립군산대학교,자연과학계열,1509.0,0.0,1244,1170,74,82.4,77.5,국립군산대학교
2023 하,대학교,국립,전북,기존,국립군산대학교,공학계열,3225.0,0.0,2848,2695,153,88.3,83.6,국립군산대학교
2023 하,대학교,국립,전북,기존,국립군산대학교,예ㆍ체능계열,414.0,0.0,425,361,64,102.7,87.2,국립군산대학교
2023 상,대학교,국립,경북,기존,국립금오공과대학교,인문ㆍ사회계열,160.0,0.0,143,126,17,89.4,78.8,국립금오공과대학교
2023 상,대학교,국립,경북,기존,국립금오공과대학교,자연과학계열,264.0,0.0,213,208,5,80.7,78.8,국립금오공과대학교
2023 상,대학교,국립,경북,기존,국립금오공과대학교,공학계열,4445.0,0.0,4331,3947,384,97.4,88.8,국립금오공과대학교
2023 하,대학교,국립,경북,기존,국립금오공과대학교,인문ㆍ사회계열,160.0,0.0,159,139,20,99.4,86.9,국립금오공과대학교
2023 하,대학교,국립,경북,기존,국립금오공과대학교,자연과학계열,264.0,0.0,230,221,9,87.1,83.7,국립금오공과대학교
2023 하,대학교,국립,경북,기존,국립금오공과대학교,공학계열,4445.0,0.0,4605,4200,405,103.6,94.5,국립금오공과대학교
2023 상,대학교,국립,전남,기존,국립목포대학교,인문ㆍ사회계열,2456.0,0.0,2070,1915,155,84.3,78.0,국립목포대학교
2023 상,대학교,국립,전남,기존,국립목포대학교,자연과학계열,1386.0,0.0,1211,1102,109,87.4,79.5,국립목포대학교
2023 상,대학교,국립,전남,기존,국립목포대학교,공학계열,2030.0,0.0,1955,1702,253,96.3,83.8,국립목포대학교
2023 상,대학교,국립,전남,기존,국립목포대학교,예ㆍ체능계열,384.0,0.0,293,288,5,76.3,75.0,국립목포대학교
2023 하,대학교,국립,전남,기존,국립목포대학교,인문ㆍ사회계열,2456.0,0.0,2277,2101,176,92.7,85.5,국립목포대학교
2023 하,대학교,국립,전남,기존,국립목포대학교,자연과학계열,1386.0,0.0,1268,1155,113,91.5,83.3,국립목포대학교
2023 하,대학교,국립,전남,기존,국립목포대학교,공학계열,2030.0,0.0,2082,1806,276,102.6,89.0,국립목포대학교
2023 하,대학교,국립,전남,기존,국립목포대학교,예ㆍ체능계열,384.0,0.0,302,296,6,78.6,77.1,국립목포대학교
2023 상,대학교,국립,전남,기존,국립목포해양대학교,공학계열,2732.0,0.0,2384,2284,100,87.3,83.6,국립목포해양대학교
2023 하,대학교,국립,전남,기존,국립목포해양대학교,공학계열,2732.0,0.0,2503,2388,115,91.6,87.4,국립목포해양대학교
2023 상,대학교,국립,부산,기존,국립부경대학교,인문ㆍ사회계열,3766.0,0.0,4516,3643,873,119.9,96.7,국립부경대학교
2023 상,대학교,국립,부산,기존,국립부경대학교,자연과학계열,2412.0,0.0,2164,2005,159,89.7,83.1,국립부경대학교
2023 상,대학교,국립,부산,기존,국립부경대학교,공학계열,6465.0,0.0,7070,6374,696,109.4,98.6,국립부경대학교
2023 상,대학교,국립,부산,기존,국립부경대학교,예ㆍ체능계열,478.0,0.0,524,466,58,109.6,97.5,국립부경대학교
2023 하,대학교,국립,부산,기존,국립부경대학교,인문ㆍ사회계열,3766.0,0.0,4888,3966,922,129.8,105.3,국립부경대학교
2023 하,대학교,국립,부산,기존,국립부경대학교,자연과학계열,2412.0,0.0,2407,2235,172,99.8,92.7,국립부경대학교
2023 하,대학교,국립,부산,기존,국립부경대학교,공학계열,6465.0,0.0,7457,6692,765,115.3,103.5,국립부경대학교
2023 하,대학교,국립,부산,기존,국립부경대학교,예ㆍ체능계열,478.0,0.0,552,489,63,115.5,102.3,국립부경대학교
2023 상,대학교,국립,전남,기존,국립순천대학교,인문ㆍ사회계열,1877.0,0.0,1885,1635,250,100.4,87.1,국립순천대학교
2023 상,대학교,국립,전남,기존,국립순천대학교,자연과학계열,2366.0,0.0,1994,1868,126,84.3,79.0,국립순천대학교
2023 상,대학교,국립,전남,기존,국립순천대학교,공학계열,1745.0,0.0,1607,1488,119,92.1,85.3,국립순천대학교
2023 상,대학교,국립,전남,기존,국립순천대학교,예ㆍ체능계열,611.0,0.0,534,493,41,87.4,80.7,국립순천대학교
2023 하,대학교,국립,전남,기존,국립순천대학교,인문ㆍ사회계열,1877.0,0.0,2030,1775,255,108.2,94.6,국립순천대학교
2023 하,대학교,국립,전남,기존,국립순천대학교,자연과학계열,2366.0,0.0,2165,2026,139,91.5,85.6,국립순천대학교
2023 하,대학교,국립,전남,기존,국립순천대학교,공학계열,1745.0,0.0,1732,1606,126,99.3,92.0,국립순천대학교
2023 하,대학교,국립,전남,기존,국립순천대학교,예ㆍ체능계열,611.0,0.0,595,551,44,97.4,90.2,국립순천대학교
2023 상,대학교,국립,경남,기존,국립창원대학교,인문ㆍ사회계열,3024.0,0.0,3189,2826,363,105.5,93.5,국립창원대학교
2023 상,대학교,국립,경남,기존,국립창원대학교,자연과학계열,1128.0,0.0,977,931,46,86.6,82.5,국립창원대학교
2023 상,대학교,국립,경남,기존,국립창원대학교,공학계열,2245.0,0.0,2395,2176,219,106.7,96.9,국립창원대학교
2023 상,대학교,국립,경남,기존,국립창원대학교,예ㆍ체능계열,640.0,0.0,523,515,8,81.7,80.5,국립창원대학교
2023 하,대학교,국립,경남,기존,국립창원대학교,인문ㆍ사회계열,3024.0,0.0,3366,3000,366,111.3,99.2,국립창원대학교
2023 하,대학교,국립,경남,기존,국립창원대학교,자연과학계열,1128.0,0.0,1035,986,49,91.8,87.4,국립창원대학교
2023 하,대학교,국립,경남,기존,국립창원대학교,공학계열,2245.0,0.0,2519,2282,237,112.2,101.6,국립창원대학교
2023 하,대학교,국립,경남,기존,국립창원대학교,예ㆍ체능계열,640.0,0.0,561,556,5,87.7,86.9,국립창원대학교
2023 상,대학교,국립,충북,기존,국립한국교통대학교,인문ㆍ사회계열,1880.0,0.0,1782,1612,170,94.8,85.7,국립한국교통대학교
2023 상,대학교,국립,충북,기존,국립한국교통대학교,자연과학계열,742.0,0.0,736,687,49,99.2,92.6,국립한국교통대학교
2023 상,대학교,국립,충북,기존,국립한국교통대학교,공학계열,4661.0,0.0,4629,4187,442,99.3,89.8,국립한국교통대학교
2023 상,대학교,국립,충북,기존,국립한국교통대학교,예ㆍ체능계열,388.0,0.0,412,338,74,106.2,87.1,국립한국교통대학교
2023 하,대학교,국립,충북,기존,국립한국교통대학교,인문ㆍ사회계열,1880.0,0.0,1877,1689,188,99.8,89.8,국립한국교통대학교
2023 하,대학교,국립,충북,기존,국립한국교통대학교,자연과학계열,742.0,0.0,751,701,50,101.2,94.5,국립한국교통대학교
2023 하,대학교,국립,충북,기존,국립한국교통대학교,공학계열,4661.0,0.0,4865,4405,460,104.4,94.5,국립한국교통대학교
2023 하,대학교,국립,충북,기존,국립한국교통대학교,예ㆍ체능계열,388.0,0.0,441,365,76,113.7,94.1,국립한국교통대학교
2023 상,대학교,국립,부산,기존,국립한국해양대학교,인문ㆍ사회계열,1082.0,0.0,1216,1049,167,112.4,97.0,국립한국해양대학교
2023 상,대학교,국립,부산,기존,국립한국해양대학교,자연과학계열,347.0,0.0,400,335,65,115.3,96.5,국립한국해양대학교
2023 상,대학교,국립,부산,기존,국립한국해양대학교,공학계열,4033.0,0.0,4123,3826,297,102.2,94.9,국립한국해양대학교
2023 상,대학교,국립,부산,기존,국립한국해양대학교,예ㆍ체능계열,94.0,0.0,104,94,10,110.6,100.0,국립한국해양대학교
2023 하,대학교,국립,부산,기존,국립한국해양대학교,인문ㆍ사회계열,1082.0,0.0,1336,1162,174,123.5,107.4,국립한국해양대학교
2023 하,대학교,국립,부산,기존,국립한국해양대학교,자연과학계열,347.0,0.0,427,359,68,123.1,103.5,국립한국해양대학교
2023 하,대학교,국립,부산,기존,국립한국해양대학교,공학계열,4033.0,0.0,4299,4015,284,106.6,99.6,국립한국해양대학교
2023 하,대학교,국립,부산,기존,국립한국해양대학교,예ㆍ체능계열,94.0,0.0,105,96,9,111.7,102.1,국립한국해양대학교
2023 상,대학교,사립,서울,기존,국민대학교,인문ㆍ사회계열,4558.0,0.0,6072,4167,1905,133.2,91.4,국민대학교
2023 상,대학교,사립,서울,기존,국민대학교,자연과학계열,1224.0,0.0,1236,1074,162,101.0,87.7,국민대학교
2023 상,대학교,사립,서울,기존,국민대학교,공학계열,3733.0,0.0,4113,3630,483,110.2,97.2,국민대학교
2023 상,대학교,사립,서울,기존,국민대학교,예ㆍ체능계열,2200.0,0.0,2385,2187,198,108.4,99.4,국민대학교
2023 하,대학교,사립,서울,기존,국민대학교,인문ㆍ사회계열,4558.0,0.0,6605,4595,2010,144.9,100.8,국민대학교
2023 하,대학교,사립,서울,기존,국민대학교,자연과학계열,1224.0,0.0,1322,1150,172,108.0,94.0,국민대학교
2023 하,대학교,사립,서울,기존,국민대학교,공학계열,3733.0,0.0,4349,3857,492,116.5,103.3,국민대학교
2023 하,대학교,사립,서울,기존,국민대학교,예ㆍ체능계열,2200.0,0.0,2523,2311,212,114.7,105.0,국민대학교
2023 상,대학교,사립,충북,기존,극동대학교,인문ㆍ사회계열,929.0,0.0,840,630,210,90.4,67.8,극동대학교
2023 상,대학교,사립,충북,기존,극동대학교,자연과학계열,837.0,0.0,801,695,106,95.7,83.0,극동대학교
2023 상,대학교,사립,충북,기존,극동대학교,공학계열,1038.0,0.0,615,550,65,59.2,53.0,극동대학교
2023 상,대학교,사립,충북,기존,극동대학교,예ㆍ체능계열,731.0,0.0,502,493,9,68.7,67.4,극동대학교
2023 하,대학교,사립,충북,기존,극동대학교,인문ㆍ사회계열,929.0,0.0,816,647,169,87.8,69.6,극동대학교
2023 하,대학교,사립,충북,기존,극동대학교,자연과학계열,837.0,0.0,811,703,108,96.9,84.0,극동대학교
2023 하,대학교,사립,충북,기존,극동대학교,공학계열,1038.0,0.0,613,563,50,59.1,54.2,극동대학교
2023 하,대학교,사립,충북,기존,극동대학교,예ㆍ체능계열,731.0,0.0,523,517,6,71.5,70.7,극동대학교
2023 상,대학교,사립,충남,기존,금강대학교,인문ㆍ사회계열,440.0,0.0,154,154,0,35.0,35.0,금강대학교
2023 하,대학교,사립,충남,기존,금강대학교,인문ㆍ사회계열,440.0,0.0,188,188,0,42.7,42.7,금강대학교
2023 상,대학교,사립,경북,기존,김천대학교,인문ㆍ사회계열,584.0,0.0,480,425,55,82.2,72.8,김천대학교
2023 상,대학교,사립,경북,기존,김천대학교,자연과학계열,1805.0,0.0,1470,1324,146,81.4,73.4,김천대학교
2023 상,대학교,사립,경북,기존,김천대학교,공학계열,150.0,0.0,114,85,29,76.0,56.7,김천대학교
2023 상,대학교,사립,경북,기존,김천대학교,예ㆍ체능계열,142.0,0.0,70,69,1,49.3,48.6,김천대학교
2023 하,대학교,사립,경북,기존,김천대학교,인문ㆍ사회계열,584.0,0.0,531,465,66,90.9,79.6,김천대학교
2023 하,대학교,사립,경북,기존,김천대학교,자연과학계열,1805.0,0.0,1559,1400,159,86.4,77.6,김천대학교
2023 하,대학교,사립,경북,기존,김천대학교,공학계열,150.0,0.0,132,101,31,88.0,67.3,김천대학교
2023 하,대학교,사립,경북,기존,김천대학교,예ㆍ체능계열,142.0,0.0,83,81,2,58.5,57.0,김천대학교
2023 상,대학교,사립,충남,기존,나사렛대학교,인문ㆍ사회계열,2860.0,29.0,2616,2276,340,92.4,80.4,나사렛대학교
2023 상,대학교,사립,충남,기존,나사렛대학교,자연과학계열,1025.0,7.0,978,867,111,96.1,85.2,나사렛대학교
2023 상,대학교,사립,충남,기존,나사렛대학교,예ㆍ체능계열,959.0,24.0,856,790,66,91.6,84.5,나사렛대학교
2023 하,대학교,사립,충남,기존,나사렛대학교,인문ㆍ사회계열,2860.0,29.0,2935,2588,347,103.7,91.4,나사렛대학교
2023 하,대학교,사립,충남,기존,나사렛대학교,자연과학계열,1025.0,7.0,955,842,113,93.8,82.7,나사렛대학교
2023 하,대학교,사립,충남,기존,나사렛대학교,예ㆍ체능계열,959.0,24.0,918,847,71,98.2,90.6,나사렛대학교
2023 상,대학교,사립,광주,기존,남부대학교,인문ㆍ사회계열,474.0,0.0,572,391,181,120.7,82.5,남부대학교
2023 상,대학교,사립,광주,기존,남부대학교,자연과학계열,1675.0,0.0,1592,1467,125,95.0,87.6,남부대학교
2023 상,대학교,사립,광주,기존,남부대학교,공학계열,210.0,0.0,216,167,49,102.9,79.5,남부대학교
2023 상,대학교,사립,광주,기존,남부대학교,예ㆍ체능계열,275.0,0.0,230,223,7,83.6,81.1,남부대학교
2023 하,대학교,사립,광주,기존,남부대학교,인문ㆍ사회계열,474.0,0.0,641,417,224,135.2,88.0,남부대학교
2023 하,대학교,사립,광주,기존,남부대학교,자연과학계열,1675.0,0.0,1706,1564,142,101.9,93.4,남부대학교
2023 하,대학교,사립,광주,기존,남부대학교,공학계열,210.0,0.0,243,178,65,115.7,84.8,남부대학교
2023 하,대학교,사립,광주,기존,남부대학교,예ㆍ체능계열,275.0,0.0,259,250,9,94.2,90.9,남부대학교
2023 상,대학교,사립,경기,기존,단국대학교,인문ㆍ사회계열,4052.0,0.0,4939,3923,1016,121.9,96.8,단국대학교
2023 상,대학교,사립,경기,기존,단국대학교,자연과학계열,240.0,0.0,219,218,1,91.3,90.8,단국대학교
2023 상,대학교,사립,경기,기존,단국대학교,공학계열,3378.0,0.0,3738,3323,415,110.7,98.4,단국대학교
2023 상,대학교,사립,경기,기존,단국대학교,예ㆍ체능계열,1480.0,0.0,1763,1414,349,119.1,95.5,단국대학교
2023 하,대학교,사립,경기,기존,단국대학교,인문ㆍ사회계열,4052.0,0.0,5446,4374,1072,134.4,107.9,단국대학교
2023 하,대학교,사립,경기,기존,단국대학교,자연과학계열,240.0,0.0,228,227,1,95.0,94.6,단국대학교
2023 하,대학교,사립,경기,기존,단국대학교,공학계열,3378.0,0.0,3974,3550,424,117.6,105.1,단국대학교
2023 하,대학교,사립,경기,기존,단국대학교,예ㆍ체능계열,1480.0,0.0,1862,1524,338,125.8,103.0,단국대학교
2023 상,대학교,사립,경북,기존,대구가톨릭대학교,인문ㆍ사회계열,4349.0,0.0,4045,3698,347,93.0,85.0,대구가톨릭대학교
2023 상,대학교,사립,경북,기존,대구가톨릭대학교,자연과학계열,2591.0,0.0,2619,2325,294,101.1,89.7,대구가톨릭대학교
2023 상,대학교,사립,경북,기존,대구가톨릭대학교,공학계열,2703.0,0.0,2256,2109,147,83.5,78.0,대구가톨릭대학교
2023 상,대학교,사립,경북,기존,대구가톨릭대학교,예ㆍ체능계열,1512.0,0.0,1280,1227,53,84.7,81.2,대구가톨릭대학교
2023 상,대학교,사립,경북,기존,대구가톨릭대학교,의학계열,160.0,0.0,159,142,17,99.4,88.8,대구가톨릭대학교
2023 하,대학교,사립,경북,기존,대구가톨릭대학교,인문ㆍ사회계열,4349.0,0.0,4337,4000,337,99.7,92.0,대구가톨릭대학교
2023 하,대학교,사립,경북,기존,대구가톨릭대학교,자연과학계열,2591.0,0.0,2735,2438,297,105.6,94.1,대구가톨릭대학교
2023 하,대학교,사립,경북,기존,대구가톨릭대학교,공학계열,2703.0,0.0,2366,2233,133,87.5,82.6,대구가톨릭대학교
2023 하,대학교,사립,경북,기존,대구가톨릭대학교,예ㆍ체능계열,1512.0,0.0,1383,1346,37,91.5,89.0,대구가톨릭대학교
2023 하,대학교,사립,경북,기존,대구가톨릭대학교,의학계열,160.0,0.0,159,142,17,99.4,88.8,대구가톨릭대학교
2023 상,교육대학,국립,대구,기존,대구교육대학교,인문ㆍ사회계열,1532.0,0.0,646,603,43,42.2,39.4,대구교육대학교
2023 하,교육대학,국립,대구,기존,대구교육대학교,인문ㆍ사회계열,1532.0,0.0,666,622,44,43.5,40.6,대구교육대학교
2023 상,대학교,사립,경북,기존,대구대학교,인문ㆍ사회계열,7470.0,0.0,7554,5914,1640,101.1,79.2,대구대학교
2023 상,대학교,사립,경북,기존,대구대학교,자연과학계열,3311.0,0.0,3028,2817,211,91.5,85.1,대구대학교
2023 상,대학교,사립,경북,기존,대구대학교,공학계열,3356.0,0.0,2905,2549,356,86.6,76.0,대구대학교
2023 상,대학교,사립,경북,기존,대구대학교,예ㆍ체능계열,1653.0,0.0,1513,1345,168,91.5,81.4,대구대학교
2023 하,대학교,사립,경북,기존,대구대학교,인문ㆍ사회계열,7470.0,0.0,7823,6520,1303,104.7,87.3,대구대학교
2023 하,대학교,사립,경북,기존,대구대학교,자연과학계열,3311.0,0.0,3195,2967,228,96.5,89.6,대구대학교
2023 하,대학교,사립,경북,기존,대구대학교,공학계열,3356.0,0.0,3090,2706,384,92.1,80.6,대구대학교
2023 하,대학교,사립,경북,기존,대구대학교,예ㆍ체능계열,1653.0,0.0,1648,1459,189,99.7,88.3,대구대학교
2023 상,대학교,사립,경북,기존,대구예술대학교,예ㆍ체능계열,1477.0,17.0,379,373,6,26.0,25.5,대구예술대학교
2023 하,대학교,사립,경북,기존,대구예술대학교,예ㆍ체능계열,1477.0,17.0,429,423,6,29.4,29.0,대구예술대학교
2023 상,대학교,사립,경북,기존,대구한의대학교,인문ㆍ사회계열,1452.0,0.0,1995,1233,762,137.4,84.9,대구한의대학교
2023 상,대학교,사립,경북,기존,대구한의대학교,자연과학계열,2874.0,0.0,2705,2392,313,94.1,83.2,대구한의대학교
2023 상,대학교,사립,경북,기존,대구한의대학교,공학계열,1030.0,0.0,730,697,33,70.9,67.7,대구한의대학교
2023 상,대학교,사립,경북,기존,대구한의대학교,예ㆍ체능계열,470.0,0.0,447,423,24,95.1,90.0,대구한의대학교
2023 상,대학교,사립,경북,기존,대구한의대학교,의학계열,432.0,0.0,445,393,52,103.0,91.0,대구한의대학교
2023 하,대학교,사립,경북,기존,대구한의대학교,인문ㆍ사회계열,1452.0,0.0,1727,1362,365,118.9,93.8,대구한의대학교
2023 하,대학교,사립,경북,기존,대구한의대학교,자연과학계열,2874.0,0.0,2894,2574,320,100.7,89.6,대구한의대학교
2023 하,대학교,사립,경북,기존,대구한의대학교,공학계열,1030.0,0.0,820,784,36,79.6,76.1,대구한의대학교
2023 하,대학교,사립,경북,기존,대구한의대학교,예ㆍ체능계열,470.0,0.0,461,430,31,98.1,91.5,대구한의대학교
2023 하,대학교,사립,경북,기존,대구한의대학교,의학계열,432.0,0.0,448,396,52,103.7,91.7,대구한의대학교
2023 상,대학교,사립,경북,기존,대신대학교,인문ㆍ사회계열,304.0,0.0,297,291,6,97.7,95.7,대신대학교
2023 상,대학교,사립,경북,기존,대신대학교,예ㆍ체능계열,160.0,0.0,96,95,1,60.0,59.4,대신대학교
2023 하,대학교,사립,경북,기존,대신대학교,인문ㆍ사회계열,304.0,0.0,318,312,6,104.6,102.6,대신대학교
2023 하,대학교,사립,경북,기존,대신대학교,예ㆍ체능계열,160.0,0.0,118,117,1,73.8,73.1,대신대학교
2023 상,대학교,사립,세종,기존,대전가톨릭대학교,인문ㆍ사회계열,160.0,0.0,35,34,1,21.9,21.3,대전가톨릭대학교
2023 하,대학교,사립,세종,기존,대전가톨릭대학교,인문ㆍ사회계열,160.0,0.0,35,34,1,21.9,21.3,대전가톨릭대학교
2023 상,대학교,사립,대전,기존,대전대학교,인문ㆍ사회계열,3351.0,0.0,3327,2992,335,99.3,89.3,대전대학교
2023 상,대학교,사립,대전,기존,대전대학교,자연과학계열,1504.0,0.0,1554,1402,152,103.3,93.2,대전대학교
2023 상,대학교,사립,대전,기존,대전대학교,공학계열,2169.0,0.0,1897,1750,147,87.5,80.7,대전대학교
2023 상,대학교,사립,대전,기존,대전대학교,예ㆍ체능계열,740.0,0.0,675,660,15,91.2,89.2,대전대학교
2023 상,대학교,사립,대전,기존,대전대학교,의학계열,288.0,0.0,306,275,31,106.3,95.5,대전대학교
2023 하,대학교,사립,대전,기존,대전대학교,인문ㆍ사회계열,3351.0,0.0,3582,3237,345,106.9,96.6,대전대학교
2023 하,대학교,사립,대전,기존,대전대학교,자연과학계열,1504.0,0.0,1622,1457,165,107.8,96.9,대전대학교
2023 하,대학교,사립,대전,기존,대전대학교,공학계열,2169.0,0.0,2060,1908,152,95.0,88.0,대전대학교
2023 하,대학교,사립,대전,기존,대전대학교,예ㆍ체능계열,740.0,0.0,725,709,16,98.0,95.8,대전대학교
2023 하,대학교,사립,대전,기존,대전대학교,의학계열,288.0,0.0,306,274,32,106.3,95.1,대전대학교
2023 상,대학교,사립,대전,기존,대전신학대학교,인문ㆍ사회계열,128.0,0.0,41,41,0,32.0,32.0,대전신학대학교
2023 하,대학교,사립,대전,기존,대전신학대학교,인문ㆍ사회계열,128.0,0.0,41,41,0,32.0,32.0,대전신학대학교
2023 상,대학교,사립,경기,기존,대진대학교,인문ㆍ사회계열,2980.0,0.0,3052,2603,449,102.4,87.3,대진대학교
2023 상,대학교,사립,경기,기존,대진대학교,자연과학계열,979.0,0.0,914,808,106,93.4,82.5,대진대학교
2023 상,대학교,사립,경기,기존,대진대학교,공학계열,2283.0,0.0,2070,1967,103,90.7,86.2,대진대학교
2023 상,대학교,사립,경기,기존,대진대학교,예ㆍ체능계열,840.0,0.0,816,745,71,97.1,88.7,대진대학교
2023 하,대학교,사립,경기,기존,대진대학교,인문ㆍ사회계열,2980.0,0.0,3101,2774,327,104.1,93.1,대진대학교
2023 하,대학교,사립,경기,기존,대진대학교,자연과학계열,979.0,0.0,947,840,107,96.7,85.8,대진대학교
2023 하,대학교,사립,경기,기존,대진대학교,공학계열,2283.0,0.0,2194,2081,113,96.1,91.2,대진대학교
2023 하,대학교,사립,경기,기존,대진대학교,예ㆍ체능계열,840.0,0.0,876,794,82,104.3,94.5,대진대학교
2023 상,대학교,사립,서울,기존,덕성여자대학교,인문ㆍ사회계열,2480.0,0.0,2687,2377,310,108.3,95.8,덕성여자대학교
2023 상,대학교,사립,서울,기존,덕성여자대학교,자연과학계열,320.0,0.0,920,774,146,287.5,241.9,덕성여자대학교
2023 상,대학교,사립,서울,기존,덕성여자대학교,공학계열,1304.0,0.0,875,838,37,67.1,64.3,덕성여자대학교
2023 상,대학교,사립,서울,기존,덕성여자대학교,예ㆍ체능계열,376.0,0.0,597,563,34,158.8,149.7,덕성여자대학교
2023 하,대학교,사립,서울,기존,덕성여자대학교,인문ㆍ사회계열,2480.0,0.0,2854,2538,316,115.1,102.3,덕성여자대학교
2023 하,대학교,사립,서울,기존,덕성여자대학교,자연과학계열,320.0,0.0,978,831,147,305.6,259.7,덕성여자대학교
2023 하,대학교,사립,서울,기존,덕성여자대학교,공학계열,1304.0,0.0,935,901,34,71.7,69.1,덕성여자대학교
2023 하,대학교,사립,서울,기존,덕성여자대학교,예ㆍ체능계열,376.0,0.0,618,584,34,164.4,155.3,덕성여자대학교
2023 상,대학교,사립,서울,기존,동국대학교,인문ㆍ사회계열,5327.0,0.0,6489,4848,1641,121.8,91.0,동국대학교
2023 상,대학교,사립,서울,기존,동국대학교,자연과학계열,1438.0,0.0,1400,1235,165,97.4,85.9,동국대학교
2023 상,대학교,사립,서울,기존,동국대학교,공학계열,3400.0,0.0,3398,3065,333,99.9,90.1,동국대학교
2023 상,대학교,사립,서울,기존,동국대학교,예ㆍ체능계열,851.0,0.0,1014,809,205,119.2,95.1,동국대학교
2023 하,대학교,사립,서울,기존,동국대학교,인문ㆍ사회계열,5327.0,0.0,7039,5339,1700,132.1,100.2,동국대학교
2023 하,대학교,사립,서울,기존,동국대학교,자연과학계열,1438.0,0.0,1533,1353,180,106.6,94.1,동국대학교
2023 하,대학교,사립,서울,기존,동국대학교,공학계열,3400.0,0.0,3739,3369,370,110.0,99.1,동국대학교
2023 하,대학교,사립,서울,기존,동국대학교,예ㆍ체능계열,851.0,0.0,1105,893,212,129.8,104.9,동국대학교
2023 상,대학교,사립,경북,기존,동국대학교(WISE) _분교,인문ㆍ사회계열,3740.0,0.0,3203,2959,244,85.6,79.1,동국대학교(WISE) _분교
2023 상,대학교,사립,경북,기존,동국대학교(WISE) _분교,자연과학계열,1348.0,0.0,1326,1170,156,98.4,86.8,동국대학교(WISE) _분교
2023 상,대학교,사립,경북,기존,동국대학교(WISE) _분교,공학계열,1080.0,0.0,903,853,50,83.6,79.0,동국대학교(WISE) _분교
2023 상,대학교,사립,경북,기존,동국대학교(WISE) _분교,예ㆍ체능계열,595.0,0.0,518,504,14,87.1,84.7,동국대학교(WISE) _분교
2023 상,대학교,사립,경북,기존,동국대학교(WISE) _분교,의학계열,484.0,0.0,481,427,54,99.4,88.2,동국대학교(WISE) _분교
2023 하,대학교,사립,경북,기존,동국대학교(WISE) _분교,인문ㆍ사회계열,3740.0,0.0,3447,3170,277,92.2,84.8,동국대학교(WISE) _분교
2023 하,대학교,사립,경북,기존,동국대학교(WISE) _분교,자연과학계열,1348.0,0.0,1366,1206,160,101.3,89.5,동국대학교(WISE) _분교
2023 하,대학교,사립,경북,기존,동국대학교(WISE) _분교,공학계열,1080.0,0.0,1016,958,58,94.1,88.7,동국대학교(WISE) _분교
2023 하,대학교,사립,경북,기존,동국대학교(WISE) _분교,예ㆍ체능계열,595.0,0.0,556,544,12,93.4,91.4,동국대학교(WISE) _분교
2023 하,대학교,사립,경북,기존,동국대학교(WISE) _분교,의학계열,484.0,0.0,488,434,54,100.8,89.7,동국대학교(WISE) _분교
2023 상,대학교,사립,서울,기존,동덕여자대학교,인문ㆍ사회계열,2771.0,0.0,2621,2078,543,94.6,75.0,동덕여자대학교
2023 상,대학교,사립,서울,기존,동덕여자대학교,자연과학계열,1246.0,0.0,1458,1244,214,117.0,99.8,동덕여자대학교
2023 상,대학교,사립,서울,기존,동덕여자대학교,예ㆍ체능계열,2231.0,0.0,2284,2243,41,102.4,100.5,동덕여자대학교
2023 하,대학교,사립,서울,기존,동덕여자대학교,인문ㆍ사회계열,2771.0,0.0,2902,2317,585,104.7,83.6,동덕여자대학교
2023 하,대학교,사립,서울,기존,동덕여자대학교,자연과학계열,1246.0,0.0,1610,1379,231,129.2,110.7,동덕여자대학교
2023 하,대학교,사립,서울,기존,동덕여자대학교,예ㆍ체능계열,2231.0,0.0,2469,2421,48,110.7,108.5,동덕여자대학교
2023 상,대학교,사립,부산,기존,동명대학교,인문ㆍ사회계열,2488.0,0.0,2497,1898,599,100.4,76.3,동명대학교
2023 상,대학교,사립,부산,기존,동명대학교,자연과학계열,700.0,0.0,720,611,109,102.9,87.3,동명대학교
2023 상,대학교,사립,부산,기존,동명대학교,공학계열,2946.0,0.0,2653,2422,231,90.1,82.2,동명대학교
2023 상,대학교,사립,부산,기존,동명대학교,예ㆍ체능계열,758.0,0.0,739,674,65,97.5,88.9,동명대학교
2023 하,대학교,사립,부산,기존,동명대학교,인문ㆍ사회계열,2488.0,0.0,2755,2116,639,110.7,85.0,동명대학교
2023 하,대학교,사립,부산,기존,동명대학교,자연과학계열,700.0,0.0,749,638,111,107.0,91.1,동명대학교
2023 하,대학교,사립,부산,기존,동명대학교,공학계열,2946.0,0.0,2689,2515,174,91.3,85.4,동명대학교
2023 하,대학교,사립,부산,기존,동명대학교,예ㆍ체능계열,758.0,0.0,793,735,58,104.6,97.0,동명대학교
2023 상,대학교,사립,부산,기존,동서대학교,인문ㆍ사회계열,3353.0,0.0,3092,2692,400,92.2,80.3,동서대학교
2023 상,대학교,사립,부산,기존,동서대학교,자연과학계열,1200.0,0.0,1251,1045,206,104.3,87.1,동서대학교
2023 상,대학교,사립,부산,기존,동서대학교,공학계열,2105.0,0.0,1705,1562,143,81.0,74.2,동서대학교
2023 상,대학교,사립,부산,기존,동서대학교,예ㆍ체능계열,2260.0,0.0,2330,2140,190,103.1,94.7,동서대학교
2023 하,대학교,사립,부산,기존,동서대학교,인문ㆍ사회계열,3353.0,0.0,3314,2948,366,98.8,87.9,동서대학교
2023 하,대학교,사립,부산,기존,동서대학교,자연과학계열,1160.0,0.0,1285,1077,208,110.8,92.8,동서대학교
2023 하,대학교,사립,부산,기존,동서대학교,공학계열,2145.0,0.0,1819,1664,155,84.8,77.6,동서대학교
2023 하,대학교,사립,부산,기존,동서대학교,예ㆍ체능계열,2260.0,0.0,2560,2353,207,113.3,104.1,동서대학교
2023 상,대학교,사립,전남,기존,동신대학교,인문ㆍ사회계열,1710.0,0.0,1464,1276,188,85.6,74.6,동신대학교
2023 상,대학교,사립,전남,기존,동신대학교,자연과학계열,2127.0,0.0,1901,1701,200,89.4,80.0,동신대학교
2023 상,대학교,사립,전남,기존,동신대학교,공학계열,1605.0,0.0,1136,1071,65,70.8,66.7,동신대학교
2023 상,대학교,사립,전남,기존,동신대학교,예ㆍ체능계열,576.0,0.0,459,436,23,79.7,75.7,동신대학교
2023 상,대학교,사립,전남,기존,동신대학교,의학계열,160.0,0.0,170,147,23,106.3,91.9,동신대학교
2023 하,대학교,사립,전남,기존,동신대학교,인문ㆍ사회계열,1710.0,0.0,1709,1513,196,99.9,88.5,동신대학교
2023 하,대학교,사립,전남,기존,동신대학교,자연과학계열,2127.0,0.0,2040,1831,209,95.9,86.1,동신대학교
2023 하,대학교,사립,전남,기존,동신대학교,공학계열,1605.0,0.0,1280,1233,47,79.8,76.8,동신대학교
2023 하,대학교,사립,전남,기존,동신대학교,예ㆍ체능계열,576.0,0.0,538,512,26,93.4,88.9,동신대학교
2023 하,대학교,사립,전남,기존,동신대학교,의학계열,160.0,0.0,173,150,23,108.1,93.8,동신대학교
2023 상,대학교,사립,부산,기존,동아대학교,인문ㆍ사회계열,6545.0,0.0,7176,6280,896,109.6,96.0,동아대학교
2023 상,대학교,사립,부산,기존,동아대학교,자연과학계열,2973.0,0.0,2758,2580,178,92.8,86.8,동아대학교
2023 상,대학교,사립,부산,기존,동아대학교,공학계열,4995.0,0.0,5263,4770,493,105.4,95.5,동아대학교
2023 상,대학교,사립,부산,기존,동아대학교,예ㆍ체능계열,1676.0,0.0,1631,1597,34,97.3,95.3,동아대학교
2023 상,대학교,사립,부산,기존,동아대학교,의학계열,196.0,0.0,199,197,2,101.5,100.5,동아대학교
2023 하,대학교,사립,부산,기존,동아대학교,인문ㆍ사회계열,6545.0,0.0,7629,6704,925,116.6,102.4,동아대학교
2023 하,대학교,사립,부산,기존,동아대학교,자연과학계열,2973.0,0.0,2925,2741,184,98.4,92.2,동아대학교
2023 하,대학교,사립,부산,기존,동아대학교,공학계열,4995.0,0.0,5426,4948,478,108.6,99.1,동아대학교
2023 하,대학교,사립,부산,기존,동아대학교,예ㆍ체능계열,1676.0,0.0,1689,1650,39,100.8,98.4,동아대학교
2023 하,대학교,사립,부산,기존,동아대학교,의학계열,196.0,0.0,200,198,2,102.0,101.0,동아대학교
2023 상,대학교,사립,경북,기존,동양대학교,인문ㆍ사회계열,1105.0,0.0,1090,876,214,98.6,79.3,동양대학교
2023 상,대학교,사립,경북,기존,동양대학교,자연과학계열,305.0,0.0,351,289,62,115.1,94.8,동양대학교
2023 상,대학교,사립,경북,기존,동양대학교,공학계열,1796.0,0.0,1577,1547,30,87.8,86.1,동양대학교
2023 상,대학교,사립,경북,기존,동양대학교,예ㆍ체능계열,762.0,0.0,640,577,63,84.0,75.7,동양대학교
2023 하,대학교,사립,경북,기존,동양대학교,인문ㆍ사회계열,1105.0,0.0,1066,965,101,96.5,87.3,동양대학교
2023 하,대학교,사립,경북,기존,동양대학교,자연과학계열,305.0,0.0,359,295,64,117.7,96.7,동양대학교
2023 하,대학교,사립,경북,기존,동양대학교,공학계열,1796.0,0.0,1728,1698,30,96.2,94.5,동양대학교
2023 하,대학교,사립,경북,기존,동양대학교,예ㆍ체능계열,762.0,0.0,740,667,73,97.1,87.5,동양대학교
2023 상,대학교,사립,부산,기존,동의대학교,인문ㆍ사회계열,5055.0,0.0,5165,4460,705,102.2,88.2,동의대학교
2023 상,대학교,사립,부산,기존,동의대학교,자연과학계열,1812.0,0.0,1790,1690,100,98.8,93.3,동의대학교
2023 상,대학교,사립,부산,기존,동의대학교,공학계열,6215.0,0.0,5367,5027,340,86.4,80.9,동의대학교
2023 상,대학교,사립,부산,기존,동의대학교,예ㆍ체능계열,1200.0,0.0,1023,986,37,85.3,82.2,동의대학교
2023 상,대학교,사립,부산,기존,동의대학교,의학계열,200.0,0.0,199,197,2,99.5,98.5,동의대학교
2023 하,대학교,사립,부산,기존,동의대학교,인문ㆍ사회계열,5055.0,0.0,5512,4792,720,109.0,94.8,동의대학교
2023 하,대학교,사립,부산,기존,동의대학교,자연과학계열,1812.0,0.0,1842,1735,107,101.7,95.8,동의대학교
2023 하,대학교,사립,부산,기존,동의대학교,공학계열,6215.0,0.0,5625,5269,356,90.5,84.8,동의대학교
2023 하,대학교,사립,부산,기존,동의대학교,예ㆍ체능계열,1200.0,0.0,1092,1048,44,91.0,87.3,동의대학교
2023 하,대학교,사립,부산,기존,동의대학교,의학계열,200.0,0.0,196,194,2,98.0,97.0,동의대학교
2023 상,대학교,사립,경기,기존,루터대학교,인문ㆍ사회계열,340.0,0.0,312,305,7,91.8,89.7,루터대학교
2023 하,대학교,사립,경기,기존,루터대학교,인문ㆍ사회계열,340.0,0.0,346,337,9,101.8,99.1,루터대학교
2023 상,대학교,사립,경기,기존,명지대학교,자연과학계열,703.0,0.0,637,589,48,90.6,83.8,명지대학교
2023 상,대학교,사립,경기,기존,명지대학교,공학계열,3583.0,0.0,3715,3371,344,103.7,94.1,명지대학교
2023 상,대학교,사립,경기,기존,명지대학교,예ㆍ체능계열,1263.0,0.0,1304,1205,99,103.2,95.4,명지대학교
2023 하,대학교,사립,경기,기존,명지대학교,자연과학계열,703.0,0.0,694,635,59,98.7,90.3,명지대학교
2023 하,대학교,사립,경기,기존,명지대학교,공학계열,3583.0,0.0,3956,3589,367,110.4,100.2,명지대학교
2023 하,대학교,사립,경기,기존,명지대학교,예ㆍ체능계열,1263.0,0.0,1422,1320,102,112.6,104.5,명지대학교
2023 상,대학교,사립,서울,기존,명지대학교 _제2캠퍼스,인문ㆍ사회계열,4652.0,0.0,6433,4123,2310,138.3,88.6,명지대학교 _제2캠퍼스
2023 상,대학교,사립,서울,기존,명지대학교 _제2캠퍼스,공학계열,400.0,0.0,459,432,27,114.8,108.0,명지대학교 _제2캠퍼스
2023 하,대학교,사립,서울,기존,명지대학교 _제2캠퍼스,인문ㆍ사회계열,4652.0,0.0,7066,4612,2454,151.9,99.1,명지대학교 _제2캠퍼스
2023 하,대학교,사립,서울,기존,명지대학교 _제2캠퍼스,공학계열,400.0,0.0,503,475,28,125.8,118.8,명지대학교 _제2캠퍼스
2023 상,대학교,사립,대전,기존,목원대학교,인문ㆍ사회계열,2933.0,0.0,2780,2467,313,94.8,84.1,목원대학교
2023 상,대학교,사립,대전,기존,목원대학교,자연과학계열,927.0,0.0,759,729,30,81.9,78.6,목원대학교
2023 상,대학교,사립,대전,기존,목원대학교,공학계열,1020.0,0.0,928,856,72,91.0,83.9,목원대학교
2023 상,대학교,사립,대전,기존,목원대학교,예ㆍ체능계열,2470.0,0.0,2131,2057,74,86.3,83.3,목원대학교
2023 하,대학교,사립,대전,기존,목원대학교,인문ㆍ사회계열,2933.0,0.0,2919,2679,240,99.5,91.3,목원대학교
2023 하,대학교,사립,대전,기존,목원대학교,자연과학계열,927.0,0.0,817,787,30,88.1,84.9,목원대학교
2023 하,대학교,사립,대전,기존,목원대학교,공학계열,1020.0,0.0,974,909,65,95.5,89.1,목원대학교
2023 하,대학교,사립,대전,기존,목원대학교,예ㆍ체능계열,2470.0,0.0,2331,2252,79,94.4,91.2,목원대학교
2023 상,대학교,사립,전남,기존,목포가톨릭대학교,인문ㆍ사회계열,120.0,0.0,109,108,1,90.8,90.0,목포가톨릭대학교
2023 상,대학교,사립,전남,기존,목포가톨릭대학교,자연과학계열,360.0,0.0,388,360,28,107.8,100.0,목포가톨릭대학교
2023 하,대학교,사립,전남,기존,목포가톨릭대학교,인문ㆍ사회계열,120.0,0.0,116,116,0,96.7,96.7,목포가톨릭대학교
2023 하,대학교,사립,전남,기존,목포가톨릭대학교,자연과학계열,360.0,0.0,393,366,27,109.2,101.7,목포가톨릭대학교
2023 상,대학교,사립,대전,기존,배재대학교,인문ㆍ사회계열,3141.0,0.0,2819,2587,232,89.7,82.4,배재대학교
2023 상,대학교,사립,대전,기존,배재대학교,자연과학계열,1493.0,0.0,1379,1279,100,92.4,85.7,배재대학교
2023 상,대학교,사립,대전,기존,배재대학교,공학계열,2347.0,0.0,2075,1964,111,88.4,83.7,배재대학교
2023 상,대학교,사립,대전,기존,배재대학교,예ㆍ체능계열,1025.0,0.0,931,899,32,90.8,87.7,배재대학교
2023 하,대학교,사립,대전,기존,배재대학교,인문ㆍ사회계열,3141.0,0.0,3018,2789,229,96.1,88.8,배재대학교
2023 하,대학교,사립,대전,기존,배재대학교,자연과학계열,1493.0,0.0,1458,1361,97,97.7,91.2,배재대학교
2023 하,대학교,사립,대전,기존,배재대학교,공학계열,2347.0,0.0,2119,2020,99,90.3,86.1,배재대학교
2023 하,대학교,사립,대전,기존,배재대학교,예ㆍ체능계열,1025.0,0.0,994,963,31,97.0,94.0,배재대학교
2023 상,대학교,사립,충남,기존,백석대학교,인문ㆍ사회계열,5228.0,0.0,5032,4560,472,96.3,87.2,백석대학교
2023 상,대학교,사립,충남,기존,백석대학교,자연과학계열,3792.0,0.0,3316,2920,396,87.4,77.0,백석대학교
2023 상,대학교,사립,충남,기존,백석대학교,예ㆍ체능계열,2740.0,0.0,2592,2424,168,94.6,88.5,백석대학교
2023 하,대학교,사립,충남,기존,백석대학교,인문ㆍ사회계열,5228.0,0.0,5366,4869,497,102.6,93.1,백석대학교
2023 하,대학교,사립,충남,기존,백석대학교,자연과학계열,3792.0,0.0,3502,3122,380,92.4,82.3,백석대학교
2023 하,대학교,사립,충남,기존,백석대학교,예ㆍ체능계열,2740.0,0.0,2764,2587,177,100.9,94.4,백석대학교
2023 상,대학교,사립,부산,기존,부산가톨릭대학교,인문ㆍ사회계열,631.0,0.0,813,525,288,128.8,83.2,부산가톨릭대학교
2023 상,대학교,사립,부산,기존,부산가톨릭대학교,자연과학계열,2332.0,0.0,2371,2120,251,101.7,90.9,부산가톨릭대학교
2023 상,대학교,사립,부산,기존,부산가톨릭대학교,공학계열,311.0,0.0,233,222,11,74.9,71.4,부산가톨릭대학교
2023 하,대학교,사립,부산,기존,부산가톨릭대학교,인문ㆍ사회계열,631.0,0.0,805,578,227,127.6,91.6,부산가톨릭대학교
2023 하,대학교,사립,부산,기존,부산가톨릭대학교,자연과학계열,2332.0,0.0,2463,2199,264,105.6,94.3,부산가톨릭대학교
2023 하,대학교,사립,부산,기존,부산가톨릭대학교,공학계열,311.0,0.0,266,255,11,85.5,82.0,부산가톨릭대학교
2023 상,교육대학,국립,부산,기존,부산교육대학교,인문ㆍ사회계열,1424.0,0.0,641,579,62,45.0,40.7,부산교육대학교
2023 하,교육대학,국립,부산,기존,부산교육대학교,인문ㆍ사회계열,1424.0,0.0,675,612,63,47.4,43.0,부산교육대학교
2023 상,대학교,국립,부산,기존,부산대학교,인문ㆍ사회계열,5324.0,0.0,5758,5061,697,108.2,95.1,부산대학교
2023 상,대학교,국립,부산,기존,부산대학교,자연과학계열,4168.0,0.0,4399,4044,355,105.5,97.0,부산대학교
2023 상,대학교,국립,부산,기존,부산대학교,공학계열,6123.0,0.0,6392,5817,575,104.4,95.0,부산대학교
2023 상,대학교,국립,부산,기존,부산대학교,예ㆍ체능계열,1260.0,0.0,1399,1257,142,111.0,99.8,부산대학교
2023 상,대학교,국립,부산,기존,부산대학교,의학계열,500.0,0.0,481,481,0,96.2,96.2,부산대학교
2023 하,대학교,국립,부산,기존,부산대학교,인문ㆍ사회계열,5324.0,0.0,6266,5537,729,117.7,104.0,부산대학교
2023 하,대학교,국립,부산,기존,부산대학교,자연과학계열,4168.0,0.0,4758,4391,367,114.2,105.4,부산대학교
2023 하,대학교,국립,부산,기존,부산대학교,공학계열,6123.0,0.0,6807,6217,590,111.2,101.5,부산대학교
2023 하,대학교,국립,부산,기존,부산대학교,예ㆍ체능계열,1260.0,0.0,1449,1309,140,115.0,103.9,부산대학교
2023 하,대학교,국립,부산,기존,부산대학교,의학계열,500.0,0.0,479,479,0,95.8,95.8,부산대학교
2023 상,대학교,사립,부산,기존,부산외국어대학교,인문ㆍ사회계열,5601.0,0.0,5239,4542,697,93.5,81.1,부산외국어대학교
2023 상,대학교,사립,부산,기존,부산외국어대학교,공학계열,805.0,0.0,590,544,46,73.3,67.6,부산외국어대학교
2023 상,대학교,사립,부산,기존,부산외국어대학교,예ㆍ체능계열,350.0,0.0,304,280,24,86.9,80.0,부산외국어대학교
2023 하,대학교,사립,부산,기존,부산외국어대학교,인문ㆍ사회계열,5601.0,0.0,5780,5021,759,103.2,89.6,부산외국어대학교
2023 하,대학교,사립,부산,기존,부산외국어대학교,공학계열,805.0,0.0,637,596,41,79.1,74.0,부산외국어대학교
2023 하,대학교,사립,부산,기존,부산외국어대학교,예ㆍ체능계열,350.0,0.0,318,290,28,90.9,82.9,부산외국어대학교
2023 상,대학교,사립,경남,기존,부산장신대학교,인문ㆍ사회계열,145.0,0.0,126,121,5,86.9,83.4,부산장신대학교
2023 하,대학교,사립,경남,기존,부산장신대학교,인문ㆍ사회계열,145.0,0.0,133,132,1,91.7,91.0,부산장신대학교
2023 상,대학교,사립,서울,기존,삼육대학교,인문ㆍ사회계열,1480.0,0.0,1730,1463,267,116.9,98.9,삼육대학교
2023 상,대학교,사립,서울,기존,삼육대학교,자연과학계열,1604.0,0.0,1765,1519,246,110.0,94.7,삼육대학교
2023 상,대학교,사립,서울,기존,삼육대학교,공학계열,912.0,0.0,961,881,80,105.4,96.6,삼육대학교
2023 상,대학교,사립,서울,기존,삼육대학교,예ㆍ체능계열,622.0,0.0,662,613,49,106.4,98.6,삼육대학교
2023 하,대학교,사립,서울,기존,삼육대학교,인문ㆍ사회계열,1480.0,0.0,1860,1586,274,125.7,107.2,삼육대학교
2023 하,대학교,사립,서울,기존,삼육대학교,자연과학계열,1604.0,0.0,1869,1609,260,116.5,100.3,삼육대학교
2023 하,대학교,사립,서울,기존,삼육대학교,공학계열,912.0,0.0,1011,925,86,110.9,101.4,삼육대학교
2023 하,대학교,사립,서울,기존,삼육대학교,예ㆍ체능계열,622.0,0.0,705,655,50,113.3,105.3,삼육대학교
2023 상,대학교,사립,서울,기존,상명대학교,인문ㆍ사회계열,2556.0,0.0,2929,2233,696,114.6,87.4,상명대학교
2023 상,대학교,사립,서울,기존,상명대학교,자연과학계열,872.0,0.0,896,769,127,102.8,88.2,상명대학교
2023 상,대학교,사립,서울,기존,상명대학교,공학계열,1207.0,0.0,1124,1026,98,93.1,85.0,상명대학교
2023 상,대학교,사립,서울,기존,상명대학교,예ㆍ체능계열,804.0,0.0,757,715,42,94.2,88.9,상명대학교
2023 하,대학교,사립,서울,기존,상명대학교,인문ㆍ사회계열,2556.0,0.0,3273,2467,806,128.1,96.5,상명대학교
2023 하,대학교,사립,서울,기존,상명대학교,자연과학계열,872.0,0.0,980,828,152,112.4,95.0,상명대학교
2023 하,대학교,사립,서울,기존,상명대학교,공학계열,1207.0,0.0,1250,1136,114,103.6,94.1,상명대학교
2023 하,대학교,사립,서울,기존,상명대학교,예ㆍ체능계열,804.0,0.0,819,779,40,101.9,96.9,상명대학교
2023 상,대학교,사립,강원,기존,상지대학교,인문ㆍ사회계열,3384.0,0.0,2270,2079,191,67.1,61.4,상지대학교
2023 상,대학교,사립,강원,기존,상지대학교,자연과학계열,2176.0,0.0,1601,1459,142,73.6,67.0,상지대학교
2023 상,대학교,사립,강원,기존,상지대학교,공학계열,1316.0,0.0,761,701,60,57.8,53.3,상지대학교
2023 상,대학교,사립,강원,기존,상지대학교,예ㆍ체능계열,1390.0,0.0,1037,977,60,74.6,70.3,상지대학교
2023 상,대학교,사립,강원,기존,상지대학교,의학계열,240.0,0.0,206,202,4,85.8,84.2,상지대학교
2023 하,대학교,사립,강원,기존,상지대학교,인문ㆍ사회계열,3384.0,0.0,2434,2236,198,71.9,66.1,상지대학교
2023 하,대학교,사립,강원,기존,상지대학교,자연과학계열,2176.0,0.0,1734,1585,149,79.7,72.8,상지대학교
2023 하,대학교,사립,강원,기존,상지대학교,공학계열,1316.0,0.0,813,741,72,61.8,56.3,상지대학교
2023 하,대학교,사립,강원,기존,상지대학교,예ㆍ체능계열,1390.0,0.0,1128,1068,60,81.2,76.8,상지대학교
2023 하,대학교,사립,강원,기존,상지대학교,의학계열,240.0,0.0,211,207,4,87.9,86.3,상지대학교
2023 상,대학교,사립,서울,기존,서강대학교,인문ㆍ사회계열,3908.0,0.0,4572,3383,1189,117.0,86.6,서강대학교
2023 상,대학교,사립,서울,기존,서강대학교,자연과학계열,840.0,0.0,830,767,63,98.8,91.3,서강대학교
2023 상,대학교,사립,서울,기존,서강대학교,공학계열,1576.0,0.0,1875,1582,293,119.0,100.4,서강대학교
2023 하,대학교,사립,서울,기존,서강대학교,인문ㆍ사회계열,3908.0,0.0,5172,3851,1321,132.3,98.5,서강대학교
2023 하,대학교,사립,서울,기존,서강대학교,자연과학계열,840.0,0.0,920,846,74,109.5,100.7,서강대학교
2023 하,대학교,사립,서울,기존,서강대학교,공학계열,1576.0,0.0,2008,1735,273,127.4,110.1,서강대학교
2023 상,대학교,사립,서울,기존,서경대학교,인문ㆍ사회계열,1470.0,0.0,1755,1353,402,119.4,92.0,서경대학교
2023 상,대학교,사립,서울,기존,서경대학교,자연과학계열,360.0,0.0,402,364,38,111.7,101.1,서경대학교
2023 상,대학교,사립,서울,기존,서경대학교,공학계열,1440.0,0.0,1457,1313,144,101.2,91.2,서경대학교
2023 상,대학교,사립,서울,기존,서경대학교,예ㆍ체능계열,1846.0,0.0,2591,1652,939,140.4,89.5,서경대학교
2023 하,대학교,사립,서울,기존,서경대학교,인문ㆍ사회계열,1470.0,0.0,1898,1481,417,129.1,100.7,서경대학교
2023 하,대학교,사립,서울,기존,서경대학교,자연과학계열,360.0,0.0,439,399,40,121.9,110.8,서경대학교
2023 하,대학교,사립,서울,기존,서경대학교,공학계열,1440.0,0.0,1613,1457,156,112.0,101.2,서경대학교
2023 하,대학교,사립,서울,기존,서경대학교,예ㆍ체능계열,1846.0,0.0,2710,1762,948,146.8,95.4,서경대학교
2023 상,교육대학,국립,서울,기존,서울교육대학교,인문ㆍ사회계열,1420.0,0.0,1336,1182,154,94.1,83.2,서울교육대학교
2023 하,교육대학,국립,서울,기존,서울교육대학교,인문ㆍ사회계열,1420.0,0.0,1444,1289,155,101.7,90.8,서울교육대학교
2023 상,대학교,사립,서울,기존,서울기독대학교,인문ㆍ사회계열,312.0,0.0,230,218,12,73.7,69.9,서울기독대학교
2023 상,대학교,사립,서울,기존,서울기독대학교,예ㆍ체능계열,232.0,0.0,138,138,0,59.5,59.5,서울기독대학교
2023 하,대학교,사립,서울,기존,서울기독대학교,인문ㆍ사회계열,312.0,3.0,256,244,12,82.8,79.0,서울기독대학교
2023 하,대학교,사립,서울,기존,서울기독대학교,예ㆍ체능계열,232.0,4.0,157,157,0,68.9,68.9,서울기독대학교
2023 상,대학교,국립대법인,서울,기존,서울대학교,인문ㆍ사회계열,4612.0,0.0,6042,5446,596,131.0,118.1,서울대학교
2023 상,대학교,국립대법인,서울,기존,서울대학교,자연과학계열,3560.0,0.0,3945,3400,545,110.8,95.5,서울대학교
2023 상,대학교,국립대법인,서울,기존,서울대학교,공학계열,3210.0,0.0,3669,3321,348,114.3,103.5,서울대학교
2023 상,대학교,국립대법인,서울,기존,서울대학교,예ㆍ체능계열,1140.0,0.0,1382,1297,85,121.2,113.8,서울대학교
2023 상,대학교,국립대법인,서울,기존,서울대학교,의학계열,700.0,0.0,783,697,86,111.9,99.6,서울대학교
2023 하,대학교,국립대법인,서울,기존,서울대학교,인문ㆍ사회계열,4612.0,0.0,6272,5659,613,136.0,122.7,서울대학교
2023 하,대학교,국립대법인,서울,기존,서울대학교,자연과학계열,3560.0,0.0,4222,3675,547,118.6,103.2,서울대학교
2023 하,대학교,국립대법인,서울,기존,서울대학교,공학계열,3210.0,0.0,3920,3582,338,122.1,111.6,서울대학교
2023 하,대학교,국립대법인,서울,기존,서울대학교,예ㆍ체능계열,1140.0,0.0,1454,1364,90,127.5,119.6,서울대학교
2023 하,대학교,국립대법인,서울,기존,서울대학교,의학계열,700.0,0.0,794,707,87,113.4,101.0,서울대학교
2023 상,대학교,공립,서울,기존,서울시립대학교,인문ㆍ사회계열,3084.0,0.0,3873,3485,388,125.6,113.0,서울시립대학교
2023 상,대학교,공립,서울,기존,서울시립대학교,자연과학계열,714.0,0.0,778,710,68,109.0,99.4,서울시립대학교
2023 상,대학교,공립,서울,기존,서울시립대학교,공학계열,2610.0,0.0,2960,2635,325,113.4,101.0,서울시립대학교
2023 상,대학교,공립,서울,기존,서울시립대학교,예ㆍ체능계열,528.0,0.0,573,559,14,108.5,105.9,서울시립대학교
2023 하,대학교,공립,서울,기존,서울시립대학교,인문ㆍ사회계열,3084.0,0.0,4083,3661,422,132.4,118.7,서울시립대학교
2023 하,대학교,공립,서울,기존,서울시립대학교,자연과학계열,714.0,0.0,838,761,77,117.4,106.6,서울시립대학교
2023 하,대학교,공립,서울,기존,서울시립대학교,공학계열,2610.0,0.0,3159,2812,347,121.0,107.7,서울시립대학교
2023 하,대학교,공립,서울,기존,서울시립대학교,예ㆍ체능계열,528.0,0.0,617,604,13,116.9,114.4,서울시립대학교
2023 상,대학교,사립,경기,기존,서울신학대학교,인문ㆍ사회계열,1433.0,0.0,1422,1319,103,99.2,92.0,서울신학대학교
2023 상,대학교,사립,경기,기존,서울신학대학교,공학계열,107.0,0.0,77,73,4,72.0,68.2,서울신학대학교
2023 상,대학교,사립,경기,기존,서울신학대학교,예ㆍ체능계열,333.0,0.0,278,273,5,83.5,82.0,서울신학대학교
2023 하,대학교,사립,경기,기존,서울신학대학교,인문ㆍ사회계열,1433.0,0.0,1602,1485,117,111.8,103.6,서울신학대학교
2023 하,대학교,사립,경기,기존,서울신학대학교,공학계열,107.0,0.0,87,80,7,81.3,74.8,서울신학대학교
2023 하,대학교,사립,경기,기존,서울신학대학교,예ㆍ체능계열,333.0,0.0,326,322,4,97.9,96.7,서울신학대학교
2023 상,대학교,사립,서울,기존,서울여자대학교,인문ㆍ사회계열,3523.0,0.0,3458,2959,499,98.2,84.0,서울여자대학교
2023 상,대학교,사립,서울,기존,서울여자대학교,자연과학계열,2246.0,0.0,2173,2003,170,96.7,89.2,서울여자대학교
2023 상,대학교,사립,서울,기존,서울여자대학교,예ㆍ체능계열,770.0,0.0,733,716,17,95.2,93.0,서울여자대학교
2023 하,대학교,사립,서울,기존,서울여자대학교,인문ㆍ사회계열,3523.0,0.0,3802,3340,462,107.9,94.8,서울여자대학교
2023 하,대학교,사립,서울,기존,서울여자대학교,자연과학계열,2246.0,0.0,2416,2249,167,107.6,100.1,서울여자대학교
2023 하,대학교,사립,서울,기존,서울여자대학교,예ㆍ체능계열,770.0,0.0,800,780,20,103.9,101.3,서울여자대학교
2023 상,대학교,사립,경기,기존,서울장신대학교,인문ㆍ사회계열,336.0,0.0,222,212,10,66.1,63.1,서울장신대학교
2023 상,대학교,사립,경기,기존,서울장신대학교,예ㆍ체능계열,98.0,0.0,33,31,2,33.7,31.6,서울장신대학교
2023 하,대학교,사립,경기,기존,서울장신대학교,인문ㆍ사회계열,336.0,0.0,242,232,10,72.0,69.0,서울장신대학교
2023 하,대학교,사립,경기,기존,서울장신대학교,예ㆍ체능계열,98.0,0.0,33,31,2,33.7,31.6,서울장신대학교
2023 상,대학교,사립,서울,기존,서울한영대학교,인문ㆍ사회계열,640.0,0.0,520,474,46,81.3,74.1,서울한영대학교
2023 상,대학교,사립,서울,기존,서울한영대학교,예ㆍ체능계열,80.0,0.0,33,28,5,41.3,35.0,서울한영대학교
2023 하,대학교,사립,서울,기존,서울한영대학교,인문ㆍ사회계열,640.0,0.0,572,519,53,89.4,81.1,서울한영대학교
2023 하,대학교,사립,서울,기존,서울한영대학교,예ㆍ체능계열,80.0,0.0,51,45,6,63.8,56.3,서울한영대학교
2023 상,대학교,사립,충북,기존,서원대학교,인문ㆍ사회계열,2905.0,0.0,2860,2461,399,98.5,84.7,서원대학교
2023 상,대학교,사립,충북,기존,서원대학교,자연과학계열,950.0,0.0,881,822,59,92.7,86.5,서원대학교
2023 상,대학교,사립,충북,기존,서원대학교,공학계열,1475.0,0.0,1309,1289,20,88.7,87.4,서원대학교
2023 상,대학교,사립,충북,기존,서원대학교,예ㆍ체능계열,1158.0,0.0,1056,963,93,91.2,83.2,서원대학교
2023 하,대학교,사립,충북,기존,서원대학교,인문ㆍ사회계열,2905.0,0.0,3061,2683,378,105.4,92.4,서원대학교
2023 하,대학교,사립,충북,기존,서원대학교,자연과학계열,950.0,0.0,950,892,58,100.0,93.9,서원대학교
2023 하,대학교,사립,충북,기존,서원대학교,공학계열,1475.0,0.0,1422,1401,21,96.4,95.0,서원대학교
2023 하,대학교,사립,충북,기존,서원대학교,예ㆍ체능계열,1158.0,0.0,1138,1044,94,98.3,90.2,서원대학교
2023 상,대학교,사립,충남,기존,선문대학교,인문ㆍ사회계열,3291.0,0.0,3533,2804,729,107.4,85.2,선문대학교
2023 상,대학교,사립,충남,기존,선문대학교,자연과학계열,1097.0,0.0,1174,968,206,107.0,88.2,선문대학교
2023 상,대학교,사립,충남,기존,선문대학교,공학계열,3278.0,0.0,2962,2804,158,90.4,85.5,선문대학교
2023 상,대학교,사립,충남,기존,선문대학교,예ㆍ체능계열,576.0,0.0,620,570,50,107.6,99.0,선문대학교
2023 하,대학교,사립,충남,기존,선문대학교,인문ㆍ사회계열,3291.0,0.0,3935,3135,800,119.6,95.3,선문대학교
2023 하,대학교,사립,충남,기존,선문대학교,자연과학계열,1097.0,0.0,1235,1014,221,112.6,92.4,선문대학교
2023 하,대학교,사립,충남,기존,선문대학교,공학계열,3278.0,0.0,3177,3009,168,96.9,91.8,선문대학교
2023 하,대학교,사립,충남,기존,선문대학교,예ㆍ체능계열,576.0,0.0,663,610,53,115.1,105.9,선문대학교
2023 상,대학교,사립,경기,기존,성결대학교,인문ㆍ사회계열,2920.0,0.0,2787,2623,164,95.4,89.8,성결대학교
2023 상,대학교,사립,경기,기존,성결대학교,공학계열,1220.0,0.0,1339,1248,91,109.8,102.3,성결대학교
2023 상,대학교,사립,경기,기존,성결대학교,예ㆍ체능계열,772.0,0.0,816,764,52,105.7,99.0,성결대학교
2023 하,대학교,사립,경기,기존,성결대학교,인문ㆍ사회계열,2920.0,0.0,3056,2864,192,104.7,98.1,성결대학교
2023 하,대학교,사립,경기,기존,성결대학교,공학계열,1220.0,0.0,1401,1305,96,114.8,107.0,성결대학교
2023 하,대학교,사립,경기,기존,성결대학교,예ㆍ체능계열,772.0,0.0,888,830,58,115.0,107.5,성결대학교
2023 상,대학교,사립,서울,기존,성공회대학교,인문ㆍ사회계열,1452.0,0.0,1319,1240,79,90.8,85.4,성공회대학교
2023 상,대학교,사립,서울,기존,성공회대학교,공학계열,556.0,0.0,475,452,23,85.4,81.3,성공회대학교
2023 하,대학교,사립,서울,기존,성공회대학교,인문ㆍ사회계열,1452.0,0.0,1490,1400,90,102.6,96.4,성공회대학교
2023 하,대학교,사립,서울,기존,성공회대학교,공학계열,556.0,0.0,548,520,28,98.6,93.5,성공회대학교
2023 상,대학교,사립,서울,기존,성균관대학교,인문ㆍ사회계열,6226.0,0.0,9094,6025,3069,146.1,96.8,성균관대학교
2023 상,대학교,사립,서울,기존,성균관대학교,자연과학계열,1622.0,0.0,1719,1312,407,106.0,80.9,성균관대학교
2023 상,대학교,사립,서울,기존,성균관대학교,공학계열,4367.0,0.0,5376,4270,1106,123.1,97.8,성균관대학교
2023 상,대학교,사립,서울,기존,성균관대학교,예ㆍ체능계열,1152.0,0.0,1441,1122,319,125.1,97.4,성균관대학교
2023 상,대학교,사립,서울,기존,성균관대학교,의학계열,160.0,0.0,183,172,11,114.4,107.5,성균관대학교
2023 하,대학교,사립,서울,기존,성균관대학교,인문ㆍ사회계열,6226.0,0.0,9924,6692,3232,159.4,107.5,성균관대학교
2023 하,대학교,사립,서울,기존,성균관대학교,자연과학계열,1622.0,0.0,1909,1486,423,117.7,91.6,성균관대학교
2023 하,대학교,사립,서울,기존,성균관대학교,공학계열,4367.0,0.0,5906,4729,1177,135.2,108.3,성균관대학교
2023 하,대학교,사립,서울,기존,성균관대학교,예ㆍ체능계열,1152.0,0.0,1565,1237,328,135.9,107.4,성균관대학교
2023 하,대학교,사립,서울,기존,성균관대학교,의학계열,160.0,0.0,183,172,11,114.4,107.5,성균관대학교
2023 상,대학교,사립,서울,기존,성신여자대학교,인문ㆍ사회계열,3547.0,0.0,3553,3132,421,100.2,88.3,성신여자대학교
2023 상,대학교,사립,서울,기존,성신여자대학교,자연과학계열,1537.0,0.0,1465,1324,141,95.3,86.1,성신여자대학교
2023 상,대학교,사립,서울,기존,성신여자대학교,공학계열,1567.0,0.0,1610,1455,155,102.7,92.9,성신여자대학교
2023 상,대학교,사립,서울,기존,성신여자대학교,예ㆍ체능계열,2108.0,0.0,2025,1904,121,96.1,90.3,성신여자대학교
2023 하,대학교,사립,서울,기존,성신여자대학교,인문ㆍ사회계열,3547.0,0.0,3797,3349,448,107.0,94.4,성신여자대학교
2023 하,대학교,사립,서울,기존,성신여자대학교,자연과학계열,1537.0,0.0,1584,1433,151,103.1,93.2,성신여자대학교
2023 하,대학교,사립,서울,기존,성신여자대학교,공학계열,1567.0,0.0,1718,1549,169,109.6,98.9,성신여자대학교
2023 하,대학교,사립,서울,기존,성신여자대학교,예ㆍ체능계열,2108.0,0.0,2130,2020,110,101.0,95.8,성신여자대학교
2023 상,대학교,사립,충북,기존,세명대학교,인문ㆍ사회계열,2740.0,0.0,2147,2022,125,78.4,73.8,세명대학교
2023 상,대학교,사립,충북,기존,세명대학교,자연과학계열,2537.0,0.0,2211,1995,216,87.2,78.6,세명대학교
2023 상,대학교,사립,충북,기존,세명대학교,공학계열,966.0,0.0,756,720,36,78.3,74.5,세명대학교
2023 상,대학교,사립,충북,기존,세명대학교,예ㆍ체능계열,900.0,0.0,775,713,62,86.1,79.2,세명대학교
2023 상,대학교,사립,충북,기존,세명대학교,의학계열,160.0,0.0,175,157,18,109.4,98.1,세명대학교
2023 하,대학교,사립,충북,기존,세명대학교,인문ㆍ사회계열,2740.0,0.0,2308,2159,149,84.2,78.8,세명대학교
2023 하,대학교,사립,충북,기존,세명대학교,자연과학계열,2537.0,0.0,2330,2110,220,91.8,83.2,세명대학교
2023 하,대학교,사립,충북,기존,세명대학교,공학계열,966.0,0.0,794,756,38,82.2,78.3,세명대학교
2023 하,대학교,사립,충북,기존,세명대학교,예ㆍ체능계열,900.0,0.0,845,778,67,93.9,86.4,세명대학교
2023 하,대학교,사립,충북,기존,세명대학교,의학계열,160.0,0.0,176,158,18,110.0,98.8,세명대학교
2023 상,대학교,사립,서울,기존,세종대학교,인문ㆍ사회계열,2328.0,0.0,3563,2234,1329,153.0,96.0,세종대학교
2023 상,대학교,사립,서울,기존,세종대학교,자연과학계열,604.0,0.0,563,530,33,93.2,87.7,세종대학교
2023 상,대학교,사립,서울,기존,세종대학교,공학계열,5693.0,0.0,6369,5395,974,111.9,94.8,세종대학교
2023 상,대학교,사립,서울,기존,세종대학교,예ㆍ체능계열,912.0,0.0,1104,927,177,121.1,101.6,세종대학교
2023 하,대학교,사립,서울,기존,세종대학교,인문ㆍ사회계열,2328.0,0.0,3780,2465,1315,162.4,105.9,세종대학교
2023 하,대학교,사립,서울,기존,세종대학교,자연과학계열,604.0,0.0,629,591,38,104.1,97.8,세종대학교
2023 하,대학교,사립,서울,기존,세종대학교,공학계열,5693.0,0.0,6824,5851,973,119.9,102.8,세종대학교
2023 하,대학교,사립,서울,기존,세종대학교,예ㆍ체능계열,912.0,0.0,1181,1024,157,129.5,112.3,세종대학교
2023 상,대학교,사립,전남,기존,세한대학교,인문ㆍ사회계열,1199.0,0.0,1656,1162,494,138.1,96.9,세한대학교
2023 상,대학교,사립,전남,기존,세한대학교,자연과학계열,598.0,0.0,624,538,86,104.3,90.0,세한대학교
2023 상,대학교,사립,전남,기존,세한대학교,공학계열,458.0,0.0,353,335,18,77.1,73.1,세한대학교
2023 상,대학교,사립,전남,기존,세한대학교,예ㆍ체능계열,1110.0,0.0,701,668,33,63.2,60.2,세한대학교
2023 하,대학교,사립,전남,기존,세한대학교,인문ㆍ사회계열,1199.0,0.0,1684,1231,453,140.5,102.7,세한대학교
2023 하,대학교,사립,전남,기존,세한대학교,자연과학계열,598.0,0.0,628,546,82,105.0,91.3,세한대학교
2023 하,대학교,사립,전남,기존,세한대학교,공학계열,458.0,0.0,371,356,15,81.0,77.7,세한대학교
2023 하,대학교,사립,전남,기존,세한대학교,예ㆍ체능계열,1110.0,0.0,771,740,31,69.5,66.7,세한대학교
2023 상,대학교,사립,경기,기존,수원가톨릭대학교,인문ㆍ사회계열,360.0,0.0,117,111,6,32.5,30.8,수원가톨릭대학교
2023 하,대학교,사립,경기,기존,수원가톨릭대학교,인문ㆍ사회계열,360.0,0.0,120,114,6,33.3,31.7,수원가톨릭대학교
2023 상,대학교,사립,경기,기존,수원대학교,인문ㆍ사회계열,2203.0,0.0,2192,1958,234,99.5,88.9,수원대학교
2023 상,대학교,사립,경기,기존,수원대학교,자연과학계열,1120.0,0.0,1055,979,76,94.2,87.4,수원대학교
2023 상,대학교,사립,경기,기존,수원대학교,공학계열,3076.0,0.0,2905,2701,204,94.4,87.8,수원대학교
2023 상,대학교,사립,경기,기존,수원대학교,예ㆍ체능계열,2187.0,0.0,1791,1772,19,81.9,81.0,수원대학교
2023 하,대학교,사립,경기,기존,수원대학교,인문ㆍ사회계열,2203.0,0.0,2333,2065,268,105.9,93.7,수원대학교
2023 하,대학교,사립,경기,기존,수원대학교,자연과학계열,1120.0,0.0,1132,1051,81,101.1,93.8,수원대학교
2023 하,대학교,사립,경기,기존,수원대학교,공학계열,3076.0,0.0,3103,2891,212,100.9,94.0,수원대학교
2023 하,대학교,사립,경기,기존,수원대학교,예ㆍ체능계열,2187.0,0.0,1944,1923,21,88.9,87.9,수원대학교
2023 상,대학교,사립,서울,기존,숙명여자대학교,인문ㆍ사회계열,4460.0,0.0,5185,4153,1032,116.3,93.1,숙명여자대학교
2023 상,대학교,사립,서울,기존,숙명여자대학교,자연과학계열,1234.0,0.0,1434,1144,290,116.2,92.7,숙명여자대학교
2023 상,대학교,사립,서울,기존,숙명여자대학교,공학계열,1722.0,0.0,1693,1592,101,98.3,92.5,숙명여자대학교
2023 상,대학교,사립,서울,기존,숙명여자대학교,예ㆍ체능계열,1294.0,0.0,1313,1276,37,101.5,98.6,숙명여자대학교
2023 하,대학교,사립,서울,기존,숙명여자대학교,인문ㆍ사회계열,4460.0,0.0,5628,4519,1109,126.2,101.3,숙명여자대학교
2023 하,대학교,사립,서울,기존,숙명여자대학교,자연과학계열,1234.0,0.0,1499,1214,285,121.5,98.4,숙명여자대학교
2023 하,대학교,사립,서울,기존,숙명여자대학교,공학계열,1722.0,0.0,1850,1742,108,107.4,101.2,숙명여자대학교
2023 하,대학교,사립,서울,기존,숙명여자대학교,예ㆍ체능계열,1294.0,0.0,1371,1335,36,106.0,103.2,숙명여자대학교
2023 상,각종학교(대학),사립,충북,기존,순복음총회신학교,인문ㆍ사회계열,233.0,0.0,85,85,0,36.5,36.5,순복음총회신학교
2023 상,각종학교(대학),사립,충북,기존,순복음총회신학교,예ㆍ체능계열,35.0,0.0,21,21,0,60.0,60.0,순복음총회신학교
2023 하,각종학교(대학),사립,충북,기존,순복음총회신학교,인문ㆍ사회계열,233.0,0.0,92,92,0,39.5,39.5,순복음총회신학교
2023 하,각종학교(대학),사립,충북,기존,순복음총회신학교,예ㆍ체능계열,35.0,0.0,23,23,0,65.7,65.7,순복음총회신학교
2023 상,대학교,사립,충남,기존,순천향대학교,인문ㆍ사회계열,3296.0,0.0,3933,3246,687,119.3,98.5,순천향대학교
2023 상,대학교,사립,충남,기존,순천향대학교,자연과학계열,1880.0,0.0,1986,1751,235,105.6,93.1,순천향대학교
2023 상,대학교,사립,충남,기존,순천향대학교,공학계열,3502.0,0.0,3788,3236,552,108.2,92.4,순천향대학교
2023 상,대학교,사립,충남,기존,순천향대학교,예ㆍ체능계열,584.0,0.0,578,563,15,99.0,96.4,순천향대학교
2023 상,대학교,사립,충남,기존,순천향대학교,의학계열,372.0,0.0,387,358,29,104.0,96.2,순천향대학교
2023 하,대학교,사립,충남,기존,순천향대학교,인문ㆍ사회계열,3296.0,0.0,4096,3442,654,124.3,104.4,순천향대학교
2023 하,대학교,사립,충남,기존,순천향대학교,자연과학계열,1880.0,0.0,2058,1823,235,109.5,97.0,순천향대학교
2023 하,대학교,사립,충남,기존,순천향대학교,공학계열,3502.0,0.0,3934,3366,568,112.3,96.1,순천향대학교
2023 하,대학교,사립,충남,기존,순천향대학교,예ㆍ체능계열,584.0,0.0,610,594,16,104.5,101.7,순천향대학교
2023 하,대학교,사립,충남,기존,순천향대학교,의학계열,372.0,0.0,389,360,29,104.6,96.8,순천향대학교
2023 상,대학교,사립,서울,기존,숭실대학교,인문ㆍ사회계열,4633.0,0.0,6849,4451,2398,147.8,96.1,숭실대학교
2023 상,대학교,사립,서울,기존,숭실대학교,자연과학계열,884.0,0.0,850,772,78,96.2,87.3,숭실대학교
2023 상,대학교,사립,서울,기존,숭실대학교,공학계열,4940.0,0.0,5432,4739,693,110.0,95.9,숭실대학교
2023 상,대학교,사립,서울,기존,숭실대학교,예ㆍ체능계열,348.0,1.0,385,368,17,111.0,106.1,숭실대학교
2023 하,대학교,사립,서울,기존,숭실대학교,인문ㆍ사회계열,4633.0,0.0,7251,4855,2396,156.5,104.8,숭실대학교
2023 하,대학교,사립,서울,기존,숭실대학교,자연과학계열,884.0,0.0,936,849,87,105.9,96.0,숭실대학교
2023 하,대학교,사립,서울,기존,숭실대학교,공학계열,4940.0,0.0,5826,5094,732,117.9,103.1,숭실대학교
2023 하,대학교,사립,서울,기존,숭실대학교,예ㆍ체능계열,348.0,1.0,398,379,19,114.7,109.2,숭실대학교
2023 상,대학교,사립,경북,기존,신경주대학교,인문ㆍ사회계열,1199.0,59.0,105,93,12,9.2,8.2,신경주대학교
2023 상,대학교,사립,경북,기존,신경주대학교,자연과학계열,605.0,19.0,150,131,19,25.6,22.4,신경주대학교
2023 상,대학교,사립,경북,기존,신경주대학교,공학계열,405.0,21.0,30,29,1,7.8,7.6,신경주대학교
2023 상,대학교,사립,경북,기존,신경주대학교,예ㆍ체능계열,880.0,18.0,196,177,19,22.7,20.5,신경주대학교
2023 하,대학교,사립,경북,기존,신경주대학교,인문ㆍ사회계열,1199.0,59.0,254,199,55,22.3,17.5,신경주대학교
2023 하,대학교,사립,경북,기존,신경주대학교,자연과학계열,605.0,19.0,203,183,20,34.6,31.2,신경주대학교
2023 하,대학교,사립,경북,기존,신경주대학교,공학계열,405.0,21.0,52,51,1,13.5,13.3,신경주대학교
2023 하,대학교,사립,경북,기존,신경주대학교,예ㆍ체능계열,880.0,18.0,291,281,10,33.8,32.6,신경주대학교
2023 상,대학교,사립,부산,기존,신라대학교,인문ㆍ사회계열,3514.0,0.0,3048,2626,422,86.7,74.7,신라대학교
2023 상,대학교,사립,부산,기존,신라대학교,자연과학계열,1658.0,0.0,1372,1272,100,82.8,76.7,신라대학교
2023 상,대학교,사립,부산,기존,신라대학교,공학계열,2129.0,0.0,1322,1215,107,62.1,57.1,신라대학교
2023 상,대학교,사립,부산,기존,신라대학교,예ㆍ체능계열,609.0,0.0,445,397,48,73.1,65.2,신라대학교
2023 하,대학교,사립,부산,기존,신라대학교,인문ㆍ사회계열,3514.0,0.0,3401,2974,427,96.8,84.6,신라대학교
2023 하,대학교,사립,부산,기존,신라대학교,자연과학계열,1658.0,0.0,1547,1437,110,93.3,86.7,신라대학교
2023 하,대학교,사립,부산,기존,신라대학교,공학계열,2129.0,0.0,1470,1350,120,69.0,63.4,신라대학교
2023 하,대학교,사립,부산,기존,신라대학교,예ㆍ체능계열,609.0,0.0,510,484,26,83.7,79.5,신라대학교
2023 상,대학교,사립,경기,기존,아신대학교,인문ㆍ사회계열,636.0,0.0,310,302,8,48.7,47.5,아신대학교
2023 하,대학교,사립,경기,기존,아신대학교,인문ㆍ사회계열,636.0,0.0,347,336,11,54.6,52.8,아신대학교
2023 상,대학교,사립,경기,기존,아주대학교,인문ㆍ사회계열,2250.0,0.0,2799,2101,698,124.4,93.4,아주대학교
2023 상,대학교,사립,경기,기존,아주대학교,자연과학계열,1110.0,0.0,1243,1030,213,112.0,92.8,아주대학교
2023 상,대학교,사립,경기,기존,아주대학교,공학계열,4151.0,0.0,4740,4024,716,114.2,96.9,아주대학교
2023 상,대학교,사립,경기,기존,아주대학교,예ㆍ체능계열,44.0,0.0,35,35,0,79.5,79.5,아주대학교
2023 상,대학교,사립,경기,기존,아주대학교,의학계열,160.0,0.0,172,158,14,107.5,98.8,아주대학교
2023 하,대학교,사립,경기,기존,아주대학교,인문ㆍ사회계열,2250.0,0.0,3099,2359,740,137.7,104.8,아주대학교
2023 하,대학교,사립,경기,기존,아주대학교,자연과학계열,1110.0,0.0,1330,1118,212,119.8,100.7,아주대학교
2023 하,대학교,사립,경기,기존,아주대학교,공학계열,4151.0,0.0,5189,4454,735,125.0,107.3,아주대학교
2023 하,대학교,사립,경기,기존,아주대학교,예ㆍ체능계열,44.0,0.0,39,39,0,88.6,88.6,아주대학교
2023 하,대학교,사립,경기,기존,아주대학교,의학계열,160.0,0.0,168,153,15,105.0,95.6,아주대학교
2023 상,대학교,사립,경기,기존,안양대학교,인문ㆍ사회계열,1788.0,0.0,1808,1652,156,101.1,92.4,안양대학교
2023 상,대학교,사립,경기,기존,안양대학교,자연과학계열,289.0,0.0,264,246,18,91.3,85.1,안양대학교
2023 상,대학교,사립,경기,기존,안양대학교,공학계열,1640.0,0.0,1743,1624,119,106.3,99.0,안양대학교
2023 상,대학교,사립,경기,기존,안양대학교,예ㆍ체능계열,292.0,0.0,230,229,1,78.8,78.4,안양대학교
2023 하,대학교,사립,경기,기존,안양대학교,인문ㆍ사회계열,1788.0,0.0,1978,1810,168,110.6,101.2,안양대학교
2023 하,대학교,사립,경기,기존,안양대학교,자연과학계열,289.0,0.0,285,264,21,98.6,91.3,안양대학교
2023 하,대학교,사립,경기,기존,안양대학교,공학계열,1640.0,0.0,1819,1691,128,110.9,103.1,안양대학교
2023 하,대학교,사립,경기,기존,안양대학교,예ㆍ체능계열,292.0,0.0,270,270,0,92.5,92.5,안양대학교
2023 상,대학교,사립,인천,기존,안양대학교 _제2캠퍼스,인문ㆍ사회계열,104.0,0.0,38,37,1,36.5,35.6,안양대학교 _제2캠퍼스
2023 상,대학교,사립,인천,기존,안양대학교 _제2캠퍼스,공학계열,293.0,0.0,147,147,0,50.2,50.2,안양대학교 _제2캠퍼스
2023 상,대학교,사립,인천,기존,안양대학교 _제2캠퍼스,예ㆍ체능계열,173.0,0.0,69,69,0,39.9,39.9,안양대학교 _제2캠퍼스
2023 하,대학교,사립,인천,기존,안양대학교 _제2캠퍼스,인문ㆍ사회계열,104.0,0.0,44,43,1,42.3,41.3,안양대학교 _제2캠퍼스
2023 하,대학교,사립,인천,기존,안양대학교 _제2캠퍼스,공학계열,293.0,0.0,156,156,0,53.2,53.2,안양대학교 _제2캠퍼스
2023 하,대학교,사립,인천,기존,안양대학교 _제2캠퍼스,예ㆍ체능계열,173.0,0.0,110,110,0,63.6,63.6,안양대학교 _제2캠퍼스
2023 상,대학교,사립,서울,기존,연세대학교,인문ㆍ사회계열,6464.0,0.0,9443,6366,3077,146.1,98.5,연세대학교
2023 상,대학교,사립,서울,기존,연세대학교,자연과학계열,2376.0,0.0,2987,2349,638,125.7,98.9,연세대학교
2023 상,대학교,사립,서울,기존,연세대학교,공학계열,3844.0,0.0,4744,3840,904,123.4,99.9,연세대학교
2023 상,대학교,사립,서울,기존,연세대학교,예ㆍ체능계열,836.0,0.0,885,836,49,105.9,100.0,연세대학교
2023 상,대학교,사립,서울,기존,연세대학교,의학계열,680.0,0.0,751,671,80,110.4,98.7,연세대학교
2023 하,대학교,사립,서울,기존,연세대학교,인문ㆍ사회계열,6464.0,0.0,10220,7164,3056,158.1,110.8,연세대학교
2023 하,대학교,사립,서울,기존,연세대학교,자연과학계열,2376.0,0.0,3203,2571,632,134.8,108.2,연세대학교
2023 하,대학교,사립,서울,기존,연세대학교,공학계열,3844.0,0.0,5196,4280,916,135.2,111.3,연세대학교
2023 하,대학교,사립,서울,기존,연세대학교,예ㆍ체능계열,836.0,0.0,964,911,53,115.3,109.0,연세대학교
2023 하,대학교,사립,서울,기존,연세대학교,의학계열,680.0,0.0,752,670,82,110.6,98.5,연세대학교
2023 상,대학교,사립,강원,기존,연세대학교(미래) _분교,인문ㆍ사회계열,2555.0,0.0,2694,2134,560,105.4,83.5,연세대학교(미래) _분교
2023 상,대학교,사립,강원,기존,연세대학교(미래) _분교,자연과학계열,1824.0,0.0,2324,1996,328,127.4,109.4,연세대학교(미래) _분교
2023 상,대학교,사립,강원,기존,연세대학교(미래) _분교,공학계열,858.0,0.0,1074,868,206,125.2,101.2,연세대학교(미래) _분교
2023 상,대학교,사립,강원,기존,연세대학교(미래) _분교,의학계열,372.0,0.0,403,374,29,108.3,100.5,연세대학교(미래) _분교
2023 하,대학교,사립,강원,기존,연세대학교(미래) _분교,인문ㆍ사회계열,2555.0,0.0,2934,2383,551,114.8,93.3,연세대학교(미래) _분교
2023 하,대학교,사립,강원,기존,연세대학교(미래) _분교,자연과학계열,1824.0,0.0,2414,2074,340,132.3,113.7,연세대학교(미래) _분교
2023 하,대학교,사립,강원,기존,연세대학교(미래) _분교,공학계열,858.0,0.0,1183,960,223,137.9,111.9,연세대학교(미래) _분교
2023 하,대학교,사립,강원,기존,연세대학교(미래) _분교,의학계열,372.0,0.0,410,381,29,110.2,102.4,연세대학교(미래) _분교
2023 상,대학교,사립,경북,기존,영남대학교,인문ㆍ사회계열,6847.0,0.0,7369,6373,996,107.6,93.1,영남대학교
2023 상,대학교,사립,경북,기존,영남대학교,자연과학계열,3197.0,0.0,3216,2881,335,100.6,90.1,영남대학교
2023 상,대학교,사립,경북,기존,영남대학교,공학계열,6321.0,0.0,6607,6000,607,104.5,94.9,영남대학교
2023 상,대학교,사립,경북,기존,영남대학교,예ㆍ체능계열,1937.0,0.0,1803,1744,59,93.1,90.0,영남대학교
2023 상,대학교,사립,경북,기존,영남대학교,의학계열,304.0,0.0,290,290,0,95.4,95.4,영남대학교
2023 하,대학교,사립,경북,기존,영남대학교,인문ㆍ사회계열,6847.0,0.0,7793,6806,987,113.8,99.4,영남대학교
2023 하,대학교,사립,경북,기존,영남대학교,자연과학계열,3197.0,0.0,3374,3019,355,105.5,94.4,영남대학교
2023 하,대학교,사립,경북,기존,영남대학교,공학계열,6321.0,0.0,6956,6326,630,110.0,100.1,영남대학교
2023 하,대학교,사립,경북,기존,영남대학교,예ㆍ체능계열,1937.0,0.0,1915,1857,58,98.9,95.9,영남대학교
2023 하,대학교,사립,경북,기존,영남대학교,의학계열,304.0,0.0,294,294,0,96.7,96.7,영남대학교
2023 상,대학교,사립,경북,기존,영남신학대학교,인문ㆍ사회계열,460.0,0.0,309,298,11,67.2,64.8,영남신학대학교
2023 하,대학교,사립,경북,기존,영남신학대학교,인문ㆍ사회계열,460.0,0.0,329,316,13,71.5,68.7,영남신학대학교
2023 상,대학교,사립,경남,기존,영산대학교,인문ㆍ사회계열,720.0,0.0,510,492,18,70.8,68.3,영산대학교
2023 상,대학교,사립,경남,기존,영산대학교,자연과학계열,670.0,0.0,783,635,148,116.9,94.8,영산대학교
2023 하,대학교,사립,경남,기존,영산대학교,공학계열,690.0,0.0,532,522,10,77.1,75.7,영산대학교
2023 하,대학교,사립,경남,기존,영산대학교,예ㆍ체능계열,295.0,0.0,275,273,2,93.2,92.5,영산대학교
2023 상,대학교,사립,부산,기존,영산대학교 _제2캠퍼스,인문ㆍ사회계열,1282.0,0.0,1456,1039,417,113.6,81.0,영산대학교 _제2캠퍼스
2023 하,대학교,사립,부산,기존,영산대학교 _제2캠퍼스,자연과학계열,600.0,0.0,683,645,38,113.8,107.5,영산대학교 _제2캠퍼스
2023 하,대학교,사립,부산,기존,영산대학교 _제2캠퍼스,예ㆍ체능계열,1480.0,0.0,1407,1335,72,95.1,90.2,영산대학교 _제2캠퍼스
2023 상,대학교,사립,전남,기존,영산선학대학교,인문ㆍ사회계열,200.0,0.0,33,31,2,16.5,15.5,영산선학대학교
2023 하,대학교,사립,전남,기존,영산선학대학교,인문ㆍ사회계열,200.0,0.0,34,32,2,17.0,16.0,영산선학대학교
2023 상,대학교,사립,전북,기존,예수대학교,인문ㆍ사회계열,28.0,0.0,24,24,0,85.7,85.7,예수대학교
2023 상,대학교,사립,전북,기존,예수대학교,자연과학계열,450.0,0.0,463,426,37,102.9,94.7,예수대학교
2023 하,대학교,사립,전북,기존,예수대학교,인문ㆍ사회계열,28.0,0.0,23,23,0,82.1,82.1,예수대학교
2023 하,대학교,사립,전북,기존,예수대학교,자연과학계열,450.0,0.0,468,431,37,104.0,95.8,예수대학교
2023 상,대학교,사립,전북,기존,예원예술대학교,예ㆍ체능계열,721.0,0.0,928,486,442,128.7,67.4,예원예술대학교
2023 하,대학교,사립,전북,기존,예원예술대학교,예ㆍ체능계열,721.0,0.0,872,525,347,120.9,72.8,예원예술대학교
2023 상,대학교,사립,경기,기존,용인대학교,인문ㆍ사회계열,1137.0,17.0,1159,1047,112,103.5,93.5,용인대학교
2023 상,대학교,사립,경기,기존,용인대학교,자연과학계열,978.0,9.0,903,826,77,93.2,85.2,용인대학교
2023 상,대학교,사립,경기,기존,용인대학교,예ㆍ체능계열,3074.0,38.0,3063,2887,176,100.9,95.1,용인대학교
2023 하,대학교,사립,경기,기존,용인대학교,인문ㆍ사회계열,1137.0,17.0,1240,1110,130,110.7,99.1,용인대학교
2023 하,대학교,사립,경기,기존,용인대학교,자연과학계열,978.0,9.0,978,901,77,100.9,93.0,용인대학교
2023 하,대학교,사립,경기,기존,용인대학교,예ㆍ체능계열,3074.0,38.0,3224,3022,202,106.2,99.5,용인대학교
2023 상,대학교,사립,전북,기존,우석대학교,인문ㆍ사회계열,2495.0,0.0,2366,1725,641,94.8,69.1,우석대학교
2023 상,대학교,사립,전북,기존,우석대학교,자연과학계열,2065.0,0.0,2006,1689,317,97.1,81.8,우석대학교
2023 상,대학교,사립,전북,기존,우석대학교,공학계열,1132.0,0.0,851,779,72,75.2,68.8,우석대학교
2023 상,대학교,사립,전북,기존,우석대학교,예ㆍ체능계열,1000.0,0.0,849,774,75,84.9,77.4,우석대학교
2023 상,대학교,사립,전북,기존,우석대학교,의학계열,120.0,0.0,130,112,18,108.3,93.3,우석대학교
2023 하,대학교,사립,전북,기존,우석대학교,인문ㆍ사회계열,2495.0,0.0,2383,1894,489,95.5,75.9,우석대학교
2023 하,대학교,사립,전북,기존,우석대학교,자연과학계열,2065.0,0.0,2136,1813,323,103.4,87.8,우석대학교
2023 하,대학교,사립,전북,기존,우석대학교,공학계열,1132.0,0.0,923,857,66,81.5,75.7,우석대학교
2023 하,대학교,사립,전북,기존,우석대학교,예ㆍ체능계열,1000.0,0.0,986,936,50,98.6,93.6,우석대학교
2023 하,대학교,사립,전북,기존,우석대학교,의학계열,120.0,0.0,133,116,17,110.8,96.7,우석대학교
2023 상,대학교,사립,대전,기존,우송대학교,인문ㆍ사회계열,3370.0,0.0,4249,2921,1328,126.1,86.7,우송대학교
2023 상,대학교,사립,대전,기존,우송대학교,자연과학계열,1470.0,0.0,1452,1354,98,98.8,92.1,우송대학교
2023 상,대학교,사립,대전,기존,우송대학교,공학계열,2396.0,0.0,2308,1954,354,96.3,81.6,우송대학교
2023 상,대학교,사립,대전,기존,우송대학교,예ㆍ체능계열,780.0,0.0,986,726,260,126.4,93.1,우송대학교
2023 하,대학교,사립,대전,기존,우송대학교,인문ㆍ사회계열,3370.0,0.0,4412,3213,1199,130.9,95.3,우송대학교
2023 하,대학교,사립,대전,기존,우송대학교,자연과학계열,1470.0,0.0,1516,1413,103,103.1,96.1,우송대학교
2023 하,대학교,사립,대전,기존,우송대학교,공학계열,2396.0,0.0,2582,2245,337,107.8,93.7,우송대학교
2023 하,대학교,사립,대전,기존,우송대학교,예ㆍ체능계열,780.0,0.0,1063,806,257,136.3,103.3,우송대학교
2023 상,대학교,특별법법인,울산,기존,울산과학기술원,인문ㆍ사회계열,130.0,0.0,145,128,17,111.5,98.5,울산과학기술원
2023 상,대학교,특별법법인,울산,기존,울산과학기술원,자연과학계열,173.0,0.0,160,146,14,92.5,84.4,울산과학기술원
2023 상,대학교,특별법법인,울산,기존,울산과학기술원,공학계열,1257.0,0.0,1335,1164,171,106.2,92.6,울산과학기술원
2023 하,대학교,특별법법인,울산,기존,울산과학기술원,인문ㆍ사회계열,130.0,0.0,147,128,19,113.1,98.5,울산과학기술원
2023 하,대학교,특별법법인,울산,기존,울산과학기술원,자연과학계열,173.0,0.0,169,150,19,97.7,86.7,울산과학기술원
2023 하,대학교,특별법법인,울산,기존,울산과학기술원,공학계열,1257.0,0.0,1436,1248,188,114.2,99.3,울산과학기술원
2023 상,대학교,사립,울산,기존,울산대학교,인문ㆍ사회계열,3609.0,0.0,3389,3029,360,93.9,83.9,울산대학교
2023 상,대학교,사립,울산,기존,울산대학교,자연과학계열,2075.0,0.0,1909,1805,104,92.0,87.0,울산대학교
2023 상,대학교,사립,울산,기존,울산대학교,공학계열,4046.0,0.0,4098,3799,299,101.3,93.9,울산대학교
2023 상,대학교,사립,울산,기존,울산대학교,예ㆍ체능계열,1219.0,0.0,1027,1004,23,84.2,82.4,울산대학교
2023 상,대학교,사립,울산,기존,울산대학교,의학계열,160.0,0.0,157,157,0,98.1,98.1,울산대학교
2023 하,대학교,사립,울산,기존,울산대학교,인문ㆍ사회계열,3609.0,0.0,3674,3281,393,101.8,90.9,울산대학교
2023 하,대학교,사립,울산,기존,울산대학교,자연과학계열,2075.0,0.0,2003,1888,115,96.5,91.0,울산대학교
2023 하,대학교,사립,울산,기존,울산대학교,공학계열,4046.0,0.0,4313,3997,316,106.6,98.8,울산대학교
2023 하,대학교,사립,울산,기존,울산대학교,예ㆍ체능계열,1219.0,0.0,1122,1094,28,92.0,89.7,울산대학교
2023 하,대학교,사립,울산,기존,울산대학교,의학계열,160.0,0.0,160,160,0,100.0,100.0,울산대학교
2023 상,대학교,사립,전북,기존,원광대학교,인문ㆍ사회계열,4098.0,0.0,3610,3426,184,88.1,83.6,원광대학교
2023 상,대학교,사립,전북,기존,원광대학교,자연과학계열,3686.0,0.0,3329,3035,294,90.3,82.3,원광대학교
2023 상,대학교,사립,전북,기존,원광대학교,공학계열,3898.0,0.0,3199,3043,156,82.1,78.1,원광대학교
2023 상,대학교,사립,전북,기존,원광대학교,예ㆍ체능계열,1238.0,0.0,1091,1087,4,88.1,87.8,원광대학교
2023 상,대학교,사립,전북,기존,원광대학교,의학계열,1035.0,0.0,1053,972,81,101.7,93.9,원광대학교
2023 하,대학교,사립,전북,기존,원광대학교,인문ㆍ사회계열,4098.0,0.0,3959,3761,198,96.6,91.8,원광대학교
2023 하,대학교,사립,전북,기존,원광대학교,자연과학계열,3686.0,0.0,3478,3177,301,94.4,86.2,원광대학교
2023 하,대학교,사립,전북,기존,원광대학교,공학계열,3898.0,0.0,3375,3206,169,86.6,82.2,원광대학교
2023 하,대학교,사립,전북,기존,원광대학교,예ㆍ체능계열,1238.0,0.0,1199,1196,3,96.8,96.6,원광대학교
2023 하,대학교,사립,전북,기존,원광대학교,의학계열,1035.0,0.0,1055,975,80,101.9,94.2,원광대학교
2023 상,대학교,사립,경북,기존,위덕대학교,인문ㆍ사회계열,1333.0,0.0,1055,1011,44,79.1,75.8,위덕대학교
2023 상,대학교,사립,경북,기존,위덕대학교,자연과학계열,949.0,0.0,722,683,39,76.1,72.0,위덕대학교
2023 상,대학교,사립,경북,기존,위덕대학교,공학계열,305.0,0.0,135,133,2,44.3,43.6,위덕대학교
2023 상,대학교,사립,경북,기존,위덕대학교,예ㆍ체능계열,305.0,0.0,216,211,5,70.8,69.2,위덕대학교
2023 하,대학교,사립,경북,기존,위덕대학교,인문ㆍ사회계열,1333.0,0.0,1222,1172,50,91.7,87.9,위덕대학교
2023 하,대학교,사립,경북,기존,위덕대학교,자연과학계열,949.0,0.0,790,750,40,83.2,79.0,위덕대학교
2023 하,대학교,사립,경북,기존,위덕대학교,공학계열,305.0,0.0,167,162,5,54.8,53.1,위덕대학교
2023 하,대학교,사립,경북,기존,위덕대학교,예ㆍ체능계열,305.0,0.0,244,243,1,80.0,79.7,위덕대학교
2023 상,대학교,사립,충북,기존,유원대학교,인문ㆍ사회계열,1480.0,0.0,1367,1290,77,92.4,87.2,유원대학교
2023 상,대학교,사립,충북,기존,유원대학교,자연과학계열,1080.0,0.0,1032,924,108,95.6,85.6,유원대학교
2023 상,대학교,사립,충북,기존,유원대학교,공학계열,645.0,0.0,438,431,7,67.9,66.8,유원대학교
2023 상,대학교,사립,충북,기존,유원대학교,예ㆍ체능계열,295.0,0.0,221,215,6,74.9,72.9,유원대학교
2023 하,대학교,사립,충북,기존,유원대학교,인문ㆍ사회계열,1480.0,0.0,1463,1377,86,98.9,93.0,유원대학교
2023 하,대학교,사립,충북,기존,유원대학교,자연과학계열,1080.0,0.0,1075,964,111,99.5,89.3,유원대학교
2023 하,대학교,사립,충북,기존,유원대학교,공학계열,645.0,0.0,470,461,9,72.9,71.5,유원대학교
2023 하,대학교,사립,충북,기존,유원대학교,예ㆍ체능계열,295.0,0.0,241,235,6,81.7,79.7,유원대학교
2023 상,대학교,사립,대전,기존,을지대학교,자연과학계열,80.0,0.0,102,84,18,127.5,105.0,을지대학교
2023 상,대학교,사립,대전,기존,을지대학교,의학계열,160.0,0.0,193,160,33,120.6,100.0,을지대학교
2023 하,대학교,사립,대전,기존,을지대학교,자연과학계열,80.0,0.0,104,86,18,130.0,107.5,을지대학교
2023 하,대학교,사립,대전,기존,을지대학교,의학계열,160.0,0.0,194,161,33,121.3,100.6,을지대학교
2023 상,대학교,사립,경기,기존,을지대학교 _제2캠퍼스,인문ㆍ사회계열,516.0,0.0,506,476,30,98.1,92.2,을지대학교 _제2캠퍼스
2023 상,대학교,사립,경기,기존,을지대학교 _제2캠퍼스,자연과학계열,2280.0,0.0,2393,2162,231,105.0,94.8,을지대학교 _제2캠퍼스
2023 상,대학교,사립,경기,기존,을지대학교 _제2캠퍼스,공학계열,410.0,0.0,375,355,20,91.5,86.6,을지대학교 _제2캠퍼스
2023 상,대학교,사립,경기,기존,을지대학교 _제2캠퍼스,예ㆍ체능계열,171.0,0.0,197,189,8,115.2,110.5,을지대학교 _제2캠퍼스
2023 하,대학교,사립,경기,기존,을지대학교 _제2캠퍼스,인문ㆍ사회계열,516.0,0.0,577,545,32,111.8,105.6,을지대학교 _제2캠퍼스
2023 하,대학교,사립,경기,기존,을지대학교 _제2캠퍼스,자연과학계열,2280.0,0.0,2643,2360,283,115.9,103.5,을지대학교 _제2캠퍼스
2023 하,대학교,사립,경기,기존,을지대학교 _제2캠퍼스,공학계열,410.0,0.0,400,375,25,97.6,91.5,을지대학교 _제2캠퍼스
2023 하,대학교,사립,경기,기존,을지대학교 _제2캠퍼스,예ㆍ체능계열,171.0,0.0,211,202,9,123.4,118.1,을지대학교 _제2캠퍼스
2023 상,대학교,사립,서울,기존,이화여자대학교,인문ㆍ사회계열,5110.0,0.0,6393,5171,1222,125.1,101.2,이화여자대학교
2023 상,대학교,사립,서울,기존,이화여자대학교,자연과학계열,3228.0,0.0,3032,2481,551,93.9,76.9,이화여자대학교
2023 상,대학교,사립,서울,기존,이화여자대학교,공학계열,2163.0,0.0,2310,2066,244,106.8,95.5,이화여자대학교
2023 상,대학교,사립,서울,기존,이화여자대학교,예ㆍ체능계열,1962.0,0.0,2305,2085,220,117.5,106.3,이화여자대학교
2023 상,대학교,사립,서울,기존,이화여자대학교,의학계열,304.0,0.0,284,284,0,93.4,93.4,이화여자대학교
2023 하,대학교,사립,서울,기존,이화여자대학교,인문ㆍ사회계열,5110.0,0.0,7189,5935,1254,140.7,116.1,이화여자대학교
2023 하,대학교,사립,서울,기존,이화여자대학교,자연과학계열,3228.0,0.0,3363,2785,578,104.2,86.3,이화여자대학교
2023 하,대학교,사립,서울,기존,이화여자대학교,공학계열,2163.0,0.0,2599,2333,266,120.2,107.9,이화여자대학교
2023 하,대학교,사립,서울,기존,이화여자대학교,예ㆍ체능계열,1962.0,0.0,2503,2273,230,127.6,115.9,이화여자대학교
2023 하,대학교,사립,서울,기존,이화여자대학교,의학계열,304.0,0.0,286,286,0,94.1,94.1,이화여자대학교
2023 상,대학교,사립,경남,기존,인제대학교,인문ㆍ사회계열,2007.0,0.0,1831,1649,182,91.2,82.2,인제대학교
2023 상,대학교,사립,경남,기존,인제대학교,자연과학계열,1867.0,0.0,2263,1857,406,121.2,99.5,인제대학교
2023 상,대학교,사립,경남,기존,인제대학교,공학계열,3405.0,0.0,2527,2383,144,74.2,70.0,인제대학교
2023 상,대학교,사립,경남,기존,인제대학교,예ㆍ체능계열,333.0,0.0,263,244,19,79.0,73.3,인제대학교
2023 상,대학교,사립,경남,기존,인제대학교,의학계열,372.0,0.0,413,379,34,111.0,101.9,인제대학교
2023 하,대학교,사립,경남,기존,인제대학교,인문ㆍ사회계열,2007.0,0.0,1934,1747,187,96.4,87.0,인제대학교
2023 하,대학교,사립,경남,기존,인제대학교,자연과학계열,1867.0,0.0,2330,1929,401,124.8,103.3,인제대학교
2023 하,대학교,사립,경남,기존,인제대학교,공학계열,3405.0,0.0,2633,2495,138,77.3,73.3,인제대학교
2023 하,대학교,사립,경남,기존,인제대학교,예ㆍ체능계열,333.0,0.0,290,271,19,87.1,81.4,인제대학교
2023 하,대학교,사립,경남,기존,인제대학교,의학계열,372.0,0.0,408,376,32,109.7,101.1,인제대학교
2023 상,대학교,사립,인천,기존,인천가톨릭대학교,인문ㆍ사회계열,57.0,0.0,46,46,0,80.7,80.7,인천가톨릭대학교
2023 하,대학교,사립,인천,기존,인천가톨릭대학교,인문ㆍ사회계열,57.0,0.0,45,45,0,78.9,78.9,인천가톨릭대학교
2023 상,대학교,국립대법인,인천,기존,인천대학교,인문ㆍ사회계열,4032.0,0.0,4457,3909,548,110.5,96.9,인천대학교
2023 상,대학교,국립대법인,인천,기존,인천대학교,자연과학계열,1020.0,0.0,1060,992,68,103.9,97.3,인천대학교
2023 상,대학교,국립대법인,인천,기존,인천대학교,공학계열,3988.0,0.0,4362,3996,366,109.4,100.2,인천대학교
2023 상,대학교,국립대법인,인천,기존,인천대학교,예ㆍ체능계열,928.0,0.0,956,922,34,103.0,99.4,인천대학교
2023 하,대학교,국립대법인,인천,기존,인천대학교,인문ㆍ사회계열,4032.0,0.0,4699,4110,589,116.5,101.9,인천대학교
2023 하,대학교,국립대법인,인천,기존,인천대학교,자연과학계열,1020.0,0.0,1139,1063,76,111.7,104.2,인천대학교
2023 하,대학교,국립대법인,인천,기존,인천대학교,공학계열,3988.0,0.0,4490,4108,382,112.6,103.0,인천대학교
2023 하,대학교,국립대법인,인천,기존,인천대학교,예ㆍ체능계열,928.0,0.0,1005,975,30,108.3,105.1,인천대학교
2023 상,대학교,사립,인천,기존,인하대학교,인문ㆍ사회계열,5381.0,0.0,6500,4956,1544,120.8,92.1,인하대학교
2023 상,대학교,사립,인천,기존,인하대학교,자연과학계열,1609.0,0.0,1594,1454,140,99.1,90.4,인하대학교
2023 상,대학교,사립,인천,기존,인하대학교,공학계열,6299.0,0.0,7280,6028,1252,115.6,95.7,인하대학교
2023 상,대학교,사립,인천,기존,인하대학교,예ㆍ체능계열,742.0,0.0,702,666,36,94.6,89.8,인하대학교
2023 상,대학교,사립,인천,기존,인하대학교,의학계열,196.0,0.0,220,206,14,112.2,105.1,인하대학교
2023 하,대학교,사립,인천,기존,인하대학교,인문ㆍ사회계열,5381.0,0.0,7188,5542,1646,133.6,103.0,인하대학교
2023 하,대학교,사립,인천,기존,인하대학교,자연과학계열,1609.0,0.0,1748,1597,151,108.6,99.3,인하대학교
2023 하,대학교,사립,인천,기존,인하대학교,공학계열,6299.0,0.0,7893,6591,1302,125.3,104.6,인하대학교
2023 하,대학교,사립,인천,기존,인하대학교,예ㆍ체능계열,742.0,0.0,753,717,36,101.5,96.6,인하대학교
2023 하,대학교,사립,인천,기존,인하대학교,의학계열,196.0,0.0,216,203,13,110.2,103.6,인하대학교
2023 상,대학교,사립,서울,기존,장로회신학대학교,인문ㆍ사회계열,400.0,0.0,442,419,23,110.5,104.8,장로회신학대학교
2023 상,대학교,사립,서울,기존,장로회신학대학교,예ㆍ체능계열,200.0,0.0,165,161,4,82.5,80.5,장로회신학대학교
2023 하,대학교,사립,서울,기존,장로회신학대학교,인문ㆍ사회계열,400.0,0.0,429,406,23,107.3,101.5,장로회신학대학교
2023 하,대학교,사립,서울,기존,장로회신학대학교,예ㆍ체능계열,200.0,0.0,187,182,5,93.5,91.0,장로회신학대학교
2023 상,대학교,국립,광주,기존,전남대학교,인문ㆍ사회계열,4276.0,0.0,4832,4228,604,113.0,98.9,전남대학교
2023 상,대학교,국립,광주,기존,전남대학교,자연과학계열,4546.0,0.0,4912,4416,496,108.1,97.1,전남대학교
2023 상,대학교,국립,광주,기존,전남대학교,공학계열,3493.0,0.0,3607,3357,250,103.3,96.1,전남대학교
2023 상,대학교,국립,광주,기존,전남대학교,예ㆍ체능계열,848.0,0.0,854,832,22,100.7,98.1,전남대학교
2023 상,대학교,국립,광주,기존,전남대학교,의학계열,700.0,0.0,676,660,16,96.6,94.3,전남대학교
2023 하,대학교,국립,광주,기존,전남대학교,인문ㆍ사회계열,4276.0,0.0,5339,4646,693,124.9,108.7,전남대학교
2023 하,대학교,국립,광주,기존,전남대학교,자연과학계열,4546.0,0.0,5305,4781,524,116.7,105.2,전남대학교
2023 하,대학교,국립,광주,기존,전남대학교,공학계열,3493.0,0.0,3953,3692,261,113.2,105.7,전남대학교
2023 하,대학교,국립,광주,기존,전남대학교,예ㆍ체능계열,848.0,0.0,889,866,23,104.8,102.1,전남대학교
2023 하,대학교,국립,광주,기존,전남대학교,의학계열,700.0,0.0,679,662,17,97.0,94.6,전남대학교
2023 상,대학교,국립,전남,기존,전남대학교 _제2캠퍼스,인문ㆍ사회계열,661.0,0.0,533,459,74,80.6,69.4,전남대학교 _제2캠퍼스
2023 상,대학교,국립,전남,기존,전남대학교 _제2캠퍼스,자연과학계열,972.0,0.0,785,683,102,80.8,70.3,전남대학교 _제2캠퍼스
2023 상,대학교,국립,전남,기존,전남대학교 _제2캠퍼스,공학계열,1561.0,0.0,1223,1034,189,78.3,66.2,전남대학교 _제2캠퍼스
2023 하,대학교,국립,전남,기존,전남대학교 _제2캠퍼스,인문ㆍ사회계열,661.0,0.0,589,519,70,89.1,78.5,전남대학교 _제2캠퍼스
2023 하,대학교,국립,전남,기존,전남대학교 _제2캠퍼스,자연과학계열,972.0,0.0,848,738,110,87.2,75.9,전남대학교 _제2캠퍼스
2023 하,대학교,국립,전남,기존,전남대학교 _제2캠퍼스,공학계열,1561.0,0.0,1335,1148,187,85.5,73.5,전남대학교 _제2캠퍼스
2023 상,대학교,국립,전북,기존,전북대학교,인문ㆍ사회계열,4500.0,0.0,5044,4316,728,112.1,95.9,전북대학교
2023 상,대학교,국립,전북,기존,전북대학교,자연과학계열,4806.0,0.0,4921,4369,552,102.4,90.9,전북대학교
2023 상,대학교,국립,전북,기존,전북대학교,공학계열,4944.0,0.0,5226,4717,509,105.7,95.4,전북대학교
2023 상,대학교,국립,전북,기존,전북대학교,예ㆍ체능계열,648.0,0.0,618,588,30,95.4,90.7,전북대학교
2023 상,대학교,국립,전북,기존,전북대학교,의학계열,896.0,0.0,879,861,18,98.1,96.1,전북대학교
2023 하,대학교,국립,전북,기존,전북대학교,인문ㆍ사회계열,4500.0,0.0,5442,4667,775,120.9,103.7,전북대학교
2023 하,대학교,국립,전북,기존,전북대학교,자연과학계열,4806.0,0.0,5270,4709,561,109.7,98.0,전북대학교
2023 하,대학교,국립,전북,기존,전북대학교,공학계열,4944.0,0.0,5527,5024,503,111.8,101.6,전북대학교
2023 하,대학교,국립,전북,기존,전북대학교,예ㆍ체능계열,648.0,0.0,675,639,36,104.2,98.6,전북대학교
2023 하,대학교,국립,전북,기존,전북대학교,의학계열,896.0,0.0,886,868,18,98.9,96.9,전북대학교
2023 상,교육대학,국립,전북,기존,전주교육대학교,인문ㆍ사회계열,1140.0,0.0,439,410,29,38.5,36.0,전주교육대학교
2023 하,교육대학,국립,전북,기존,전주교육대학교,인문ㆍ사회계열,1140.0,0.0,463,434,29,40.6,38.1,전주교육대학교
2023 상,대학교,사립,전북,기존,전주대학교,인문ㆍ사회계열,4356.0,0.0,4295,3771,524,98.6,86.6,전주대학교
2023 상,대학교,사립,전북,기존,전주대학교,자연과학계열,2143.0,0.0,2101,1911,190,98.0,89.2,전주대학교
2023 상,대학교,사립,전북,기존,전주대학교,공학계열,2444.0,0.0,2175,1948,227,89.0,79.7,전주대학교
2023 상,대학교,사립,전북,기존,전주대학교,예ㆍ체능계열,1250.0,0.0,1158,1087,71,92.6,87.0,전주대학교
2023 하,대학교,사립,전북,기존,전주대학교,인문ㆍ사회계열,4356.0,0.0,4714,4107,607,108.2,94.3,전주대학교
2023 하,대학교,사립,전북,기존,전주대학교,자연과학계열,2143.0,0.0,2236,2030,206,104.3,94.7,전주대학교
2023 하,대학교,사립,전북,기존,전주대학교,공학계열,2444.0,0.0,2352,2105,247,96.2,86.1,전주대학교
2023 하,대학교,사립,전북,기존,전주대학교,예ㆍ체능계열,1250.0,0.0,1226,1143,83,98.1,91.4,전주대학교
2023 상,대학교,국립,제주,기존,제주대학교,인문ㆍ사회계열,3572.0,0.0,3764,3321,443,105.4,93.0,제주대학교
2023 상,대학교,국립,제주,기존,제주대학교,자연과학계열,2684.0,0.0,2607,2400,207,97.1,89.4,제주대학교
2023 상,대학교,국립,제주,기존,제주대학교,공학계열,1598.0,0.0,1538,1411,127,96.2,88.3,제주대학교
2023 상,대학교,국립,제주,기존,제주대학교,예ㆍ체능계열,576.0,0.0,555,534,21,96.4,92.7,제주대학교
2023 상,대학교,국립,제주,기존,제주대학교,의학계열,280.0,0.0,285,264,21,101.8,94.3,제주대학교
2023 하,대학교,국립,제주,기존,제주대학교,인문ㆍ사회계열,3572.0,0.0,4157,3672,485,116.4,102.8,제주대학교
2023 하,대학교,국립,제주,기존,제주대학교,자연과학계열,2684.0,0.0,2857,2629,228,106.4,98.0,제주대학교
2023 하,대학교,국립,제주,기존,제주대학교,공학계열,1598.0,0.0,1684,1540,144,105.4,96.4,제주대학교
2023 하,대학교,국립,제주,기존,제주대학교,예ㆍ체능계열,576.0,0.0,601,581,20,104.3,100.9,제주대학교
2023 하,대학교,국립,제주,기존,제주대학교,의학계열,280.0,0.0,291,269,22,103.9,96.1,제주대학교
2023 상,대학교,사립,광주,기존,조선대학교,인문ㆍ사회계열,6391.0,0.0,5988,5430,558,93.7,85.0,조선대학교
2023 상,대학교,사립,광주,기존,조선대학교,자연과학계열,2868.0,0.0,2797,2541,256,97.5,88.6,조선대학교
2023 상,대학교,사립,광주,기존,조선대학교,공학계열,5873.0,0.0,5784,5273,511,98.5,89.8,조선대학교
2023 상,대학교,사립,광주,기존,조선대학교,예ㆍ체능계열,2032.0,0.0,2002,1871,131,98.5,92.1,조선대학교
2023 상,대학교,사립,광주,기존,조선대학교,의학계열,820.0,0.0,772,670,102,94.1,81.7,조선대학교
2023 하,대학교,사립,광주,기존,조선대학교,인문ㆍ사회계열,6391.0,0.0,6473,5878,595,101.3,92.0,조선대학교
2023 하,대학교,사립,광주,기존,조선대학교,자연과학계열,2868.0,0.0,2930,2669,261,102.2,93.1,조선대학교
2023 하,대학교,사립,광주,기존,조선대학교,공학계열,5873.0,0.0,6042,5499,543,102.9,93.6,조선대학교
2023 하,대학교,사립,광주,기존,조선대학교,예ㆍ체능계열,2032.0,0.0,2097,1962,135,103.2,96.6,조선대학교
2023 하,대학교,사립,광주,기존,조선대학교,의학계열,820.0,0.0,786,685,101,95.9,83.5,조선대학교
2023 상,대학교,사립,충남,기존,중부대학교,인문ㆍ사회계열,3386.0,0.0,2874,2487,387,84.9,73.4,중부대학교
2023 상,대학교,사립,충남,기존,중부대학교,자연과학계열,1017.0,0.0,1091,948,143,107.3,93.2,중부대학교
2023 상,대학교,사립,충남,기존,중부대학교,공학계열,1332.0,0.0,1279,1117,162,96.0,83.9,중부대학교
2023 상,대학교,사립,충남,기존,중부대학교,예ㆍ체능계열,1860.0,0.0,1607,1503,104,86.4,80.8,중부대학교
2023 하,대학교,사립,충남,기존,중부대학교,인문ㆍ사회계열,3386.0,0.0,2953,2566,387,87.2,75.8,중부대학교
2023 하,대학교,사립,충남,기존,중부대학교,자연과학계열,1017.0,0.0,1135,966,169,111.6,95.0,중부대학교
2023 하,대학교,사립,충남,기존,중부대학교,공학계열,1332.0,0.0,1364,1179,185,102.4,88.5,중부대학교
2023 하,대학교,사립,충남,기존,중부대학교,예ㆍ체능계열,1860.0,0.0,1756,1638,118,94.4,88.1,중부대학교
2023 상,대학교,사립,서울,기존,중앙대학교,인문ㆍ사회계열,6344.0,0.0,9439,6015,3424,148.8,94.8,중앙대학교
2023 상,대학교,사립,서울,기존,중앙대학교,자연과학계열,2396.0,0.0,2480,2047,433,103.5,85.4,중앙대학교
2023 상,대학교,사립,서울,기존,중앙대학교,공학계열,3698.0,0.0,4197,3549,648,113.5,96.0,중앙대학교
2023 상,대학교,사립,서울,기존,중앙대학교,예ㆍ체능계열,504.0,0.0,501,490,11,99.4,97.2,중앙대학교
2023 상,대학교,사립,서울,기존,중앙대학교,의학계열,344.0,0.0,363,341,22,105.5,99.1,중앙대학교
2023 하,대학교,사립,서울,기존,중앙대학교,인문ㆍ사회계열,6344.0,0.0,10596,7069,3527,167.0,111.4,중앙대학교
2023 하,대학교,사립,서울,기존,중앙대학교,자연과학계열,2396.0,0.0,2646,2205,441,110.4,92.0,중앙대학교
2023 하,대학교,사립,서울,기존,중앙대학교,공학계열,3698.0,0.0,4581,3906,675,123.9,105.6,중앙대학교
2023 하,대학교,사립,서울,기존,중앙대학교,예ㆍ체능계열,504.0,0.0,557,541,16,110.5,107.3,중앙대학교
2023 하,대학교,사립,서울,기존,중앙대학교,의학계열,344.0,0.0,362,340,22,105.2,98.8,중앙대학교
2023 상,대학교,사립,경기,기존,중앙승가대학교,인문ㆍ사회계열,480.0,0.0,69,69,0,14.4,14.4,중앙승가대학교
2023 하,대학교,사립,경기,기존,중앙승가대학교,인문ㆍ사회계열,480.0,0.0,74,74,0,15.4,15.4,중앙승가대학교
2023 상,대학교,사립,충북,기존,중원대학교,인문ㆍ사회계열,737.0,10.0,621,589,32,85.4,81.0,중원대학교
2023 상,대학교,사립,충북,기존,중원대학교,자연과학계열,1141.0,24.0,1088,996,92,97.4,89.2,중원대학교
2023 상,대학교,사립,충북,기존,중원대학교,공학계열,1010.0,10.0,789,719,70,78.9,71.9,중원대학교
2023 상,대학교,사립,충북,기존,중원대학교,예ㆍ체능계열,630.0,0.0,535,525,10,84.9,83.3,중원대학교
2023 하,대학교,사립,충북,기존,중원대학교,인문ㆍ사회계열,737.0,10.0,675,629,46,92.8,86.5,중원대학교
2023 하,대학교,사립,충북,기존,중원대학교,자연과학계열,1141.0,24.0,1147,1048,99,102.7,93.8,중원대학교
2023 하,대학교,사립,충북,기존,중원대학교,공학계열,1010.0,10.0,793,723,70,79.3,72.3,중원대학교
2023 하,대학교,사립,충북,기존,중원대학교,예ㆍ체능계열,630.0,0.0,535,522,13,84.9,82.9,중원대학교
2023 상,교육대학,국립,경남,기존,진주교육대학교,인문ㆍ사회계열,1276.0,0.0,511,480,31,40.0,37.6,진주교육대학교
2023 하,교육대학,국립,경남,기존,진주교육대학교,인문ㆍ사회계열,1276.0,0.0,524,490,34,41.1,38.4,진주교육대학교
2023 상,대학교,사립,경기,기존,차의과학대학교,인문ㆍ사회계열,1081.0,0.0,998,956,42,92.3,88.4,차의과학대학교
2023 상,대학교,사립,경기,기존,차의과학대학교,자연과학계열,935.0,0.0,1067,889,178,114.1,95.1,차의과학대학교
2023 하,대학교,사립,경기,기존,차의과학대학교,인문ㆍ사회계열,1081.0,0.0,1095,1048,47,101.3,96.9,차의과학대학교
2023 하,대학교,사립,경기,기존,차의과학대학교,자연과학계열,935.0,0.0,1154,980,174,123.4,104.8,차의과학대학교
2023 상,산업대학,사립,충남,기존,청운대학교,인문ㆍ사회계열,2348.0,0.0,2535,1738,797,108.0,74.0,청운대학교
2023 상,산업대학,사립,충남,기존,청운대학교,자연과학계열,420.0,0.0,396,341,55,94.3,81.2,청운대학교
2023 상,산업대학,사립,충남,기존,청운대학교,공학계열,1020.0,0.0,1577,1121,456,154.6,109.9,청운대학교
2023 상,산업대학,사립,충남,기존,청운대학교,예ㆍ체능계열,992.0,0.0,765,668,97,77.1,67.3,청운대학교
2023 하,산업대학,사립,충남,기존,청운대학교,인문ㆍ사회계열,2348.0,0.0,2712,1951,761,115.5,83.1,청운대학교
2023 하,산업대학,사립,충남,기존,청운대학교,자연과학계열,420.0,0.0,442,379,63,105.2,90.2,청운대학교
2023 하,산업대학,사립,충남,기존,청운대학교,공학계열,1020.0,0.0,1543,1073,470,151.3,105.2,청운대학교
2023 하,산업대학,사립,충남,기존,청운대학교,예ㆍ체능계열,992.0,0.0,854,753,101,86.1,75.9,청운대학교
2023 상,교육대학,국립,충북,기존,청주교육대학교,인문ㆍ사회계열,1144.0,0.0,478,441,37,41.8,38.5,청주교육대학교
2023 하,교육대학,국립,충북,기존,청주교육대학교,인문ㆍ사회계열,1144.0,0.0,485,447,38,42.4,39.1,청주교육대학교
2023 상,대학교,사립,충북,기존,청주대학교,인문ㆍ사회계열,4293.0,0.0,4309,3720,589,100.4,86.7,청주대학교
2023 상,대학교,사립,충북,기존,청주대학교,자연과학계열,1493.0,0.0,1425,1388,37,95.4,93.0,청주대학교
2023 상,대학교,사립,충북,기존,청주대학교,공학계열,3312.0,0.0,3282,2869,413,99.1,86.6,청주대학교
2023 상,대학교,사립,충북,기존,청주대학교,예ㆍ체능계열,1504.0,0.0,1683,1517,166,111.9,100.9,청주대학교
2023 하,대학교,사립,충북,기존,청주대학교,인문ㆍ사회계열,4293.0,0.0,4340,3871,469,101.1,90.2,청주대학교
2023 하,대학교,사립,충북,기존,청주대학교,자연과학계열,1493.0,0.0,1444,1408,36,96.7,94.3,청주대학교
2023 하,대학교,사립,충북,기존,청주대학교,공학계열,3312.0,0.0,3231,2968,263,97.6,89.6,청주대학교
2023 하,대학교,사립,충북,기존,청주대학교,예ㆍ체능계열,1504.0,0.0,1689,1597,92,112.3,106.2,청주대학교
2023 상,대학교,사립,서울,기존,총신대학교,인문ㆍ사회계열,1038.0,0.0,1090,988,102,105.0,95.2,총신대학교
2023 상,대학교,사립,서울,기존,총신대학교,예ㆍ체능계열,217.0,0.0,193,184,9,88.9,84.8,총신대학교
2023 하,대학교,사립,서울,기존,총신대학교,인문ㆍ사회계열,1038.0,0.0,1167,1060,107,112.4,102.1,총신대학교
2023 하,대학교,사립,서울,기존,총신대학교,예ㆍ체능계열,217.0,0.0,207,195,12,95.4,89.9,총신대학교
2023 상,대학교,사립,서울,기존,추계예술대학교,인문ㆍ사회계열,237.0,0.0,264,232,32,111.4,97.9,추계예술대학교
2023 상,대학교,사립,서울,기존,추계예술대학교,예ㆍ체능계열,782.0,0.0,771,734,37,98.6,93.9,추계예술대학교
2023 하,대학교,사립,서울,기존,추계예술대학교,인문ㆍ사회계열,237.0,0.0,275,239,36,116.0,100.8,추계예술대학교
2023 하,대학교,사립,서울,기존,추계예술대학교,예ㆍ체능계열,782.0,0.0,835,796,39,106.8,101.8,추계예술대학교
2023 상,교육대학,국립,강원,기존,춘천교육대학교,인문ㆍ사회계열,1284.0,0.0,532,499,33,41.4,38.9,춘천교육대학교
2023 하,교육대학,국립,강원,기존,춘천교육대학교,인문ㆍ사회계열,1284.0,0.0,536,502,34,41.7,39.1,춘천교육대학교
2023 상,대학교,국립,대전,기존,충남대학교,인문ㆍ사회계열,4450.0,0.0,5355,4670,685,120.3,104.9,충남대학교
2023 상,대학교,국립,대전,기존,충남대학교,자연과학계열,4419.0,0.0,4770,4342,428,107.9,98.3,충남대학교
2023 상,대학교,국립,대전,기존,충남대학교,공학계열,4316.0,0.0,4572,4209,363,105.9,97.5,충남대학교
2023 상,대학교,국립,대전,기존,충남대학교,예ㆍ체능계열,832.0,0.0,801,794,7,96.3,95.4,충남대학교
2023 상,대학교,국립,대전,기존,충남대학교,의학계열,656.0,0.0,642,606,36,97.9,92.4,충남대학교
2023 하,대학교,국립,대전,기존,충남대학교,인문ㆍ사회계열,4450.0,0.0,5801,5072,729,130.4,114.0,충남대학교
2023 하,대학교,국립,대전,기존,충남대학교,자연과학계열,4369.0,0.0,5162,4714,448,118.2,107.9,충남대학교
2023 하,대학교,국립,대전,기존,충남대학교,공학계열,4316.0,0.0,4896,4511,385,113.4,104.5,충남대학교
2023 하,대학교,국립,대전,기존,충남대학교,예ㆍ체능계열,832.0,0.0,866,860,6,104.1,103.4,충남대학교
2023 하,대학교,국립,대전,기존,충남대학교,의학계열,656.0,0.0,650,613,37,99.1,93.4,충남대학교
2023 상,대학교,국립,충북,기존,충북대학교,인문ㆍ사회계열,3580.0,0.0,3818,3318,500,106.6,92.7,충북대학교
2023 상,대학교,국립,충북,기존,충북대학교,자연과학계열,3498.0,0.0,3706,3285,421,105.9,93.9,충북대학교
2023 상,대학교,국립,충북,기존,충북대학교,공학계열,3716.0,0.0,4095,3644,451,110.2,98.1,충북대학교
2023 상,대학교,국립,충북,기존,충북대학교,예ㆍ체능계열,252.0,0.0,222,217,5,88.1,86.1,충북대학교
2023 상,대학교,국립,충북,기존,충북대학교,의학계열,380.0,0.0,399,367,32,105.0,96.6,충북대학교
2023 하,대학교,국립,충북,기존,충북대학교,인문ㆍ사회계열,3580.0,0.0,4130,3597,533,115.4,100.5,충북대학교
2023 하,대학교,국립,충북,기존,충북대학교,자연과학계열,3498.0,0.0,3896,3461,435,111.4,98.9,충북대학교
2023 하,대학교,국립,충북,기존,충북대학교,공학계열,3716.0,0.0,4309,3839,470,116.0,103.3,충북대학교
2023 하,대학교,국립,충북,기존,충북대학교,예ㆍ체능계열,252.0,0.0,242,235,7,96.0,93.3,충북대학교
2023 하,대학교,국립,충북,기존,충북대학교,의학계열,380.0,0.0,404,369,35,106.3,97.1,충북대학교
2023 상,대학교,사립,경기,기존,칼빈대학교,인문ㆍ사회계열,234.0,0.0,764,188,576,326.5,80.3,칼빈대학교
2023 상,대학교,사립,경기,기존,칼빈대학교,자연과학계열,70.0,0.0,127,40,87,181.4,57.1,칼빈대학교
2023 상,대학교,사립,경기,기존,칼빈대학교,공학계열,30.0,0.0,10,10,0,33.3,33.3,칼빈대학교
2023 상,대학교,사립,경기,기존,칼빈대학교,예ㆍ체능계열,26.0,0.0,21,21,0,80.8,80.8,칼빈대학교
2023 하,대학교,사립,경기,기존,칼빈대학교,인문ㆍ사회계열,234.0,0.0,420,211,209,179.5,90.2,칼빈대학교
2023 하,대학교,사립,경기,기존,칼빈대학교,자연과학계열,70.0,0.0,138,44,94,197.1,62.9,칼빈대학교
2023 하,대학교,사립,경기,기존,칼빈대학교,공학계열,30.0,0.0,11,11,0,36.7,36.7,칼빈대학교
2023 하,대학교,사립,경기,기존,칼빈대학교,예ㆍ체능계열,26.0,0.0,21,21,0,80.8,80.8,칼빈대학교
2023 상,대학교,사립,경기,기존,평택대학교,인문ㆍ사회계열,1390.0,0.0,1321,1135,186,95.0,81.7,평택대학교
2023 상,대학교,사립,경기,기존,평택대학교,자연과학계열,1109.0,25.0,985,942,43,90.9,86.9,평택대학교
2023 상,대학교,사립,경기,기존,평택대학교,공학계열,168.0,0.0,145,131,14,86.3,78.0,평택대학교
2023 상,대학교,사립,경기,기존,평택대학교,예ㆍ체능계열,603.0,0.0,489,486,3,81.1,80.6,평택대학교
2023 하,대학교,사립,경기,기존,평택대학교,인문ㆍ사회계열,1390.0,0.0,1471,1239,232,105.8,89.1,평택대학교
2023 하,대학교,사립,경기,기존,평택대학교,자연과학계열,1109.0,25.0,1035,984,51,95.5,90.8,평택대학교
2023 하,대학교,사립,경기,기존,평택대학교,공학계열,168.0,0.0,143,129,14,85.1,76.8,평택대학교
2023 하,대학교,사립,경기,기존,평택대학교,예ㆍ체능계열,603.0,0.0,540,537,3,89.6,89.1,평택대학교
2023 상,대학교,사립,경북,기존,포항공과대학교,공학계열,1280.0,0.0,1088,1019,69,85.0,79.6,포항공과대학교
2023 하,대학교,사립,경북,기존,포항공과대학교,공학계열,1320.0,0.0,1234,1163,71,93.5,88.1,포항공과대학교
2023 상,대학교,특별법법인,대전,기존,한국과학기술원,인문ㆍ사회계열,120.0,0.0,75,71,4,62.5,59.2,한국과학기술원
2023 상,대학교,특별법법인,대전,기존,한국과학기술원,자연과학계열,1316.0,0.0,749,683,66,56.9,51.9,한국과학기술원
2023 상,대학교,특별법법인,대전,기존,한국과학기술원,공학계열,2444.0,0.0,2889,2497,392,118.2,102.2,한국과학기술원
2023 하,대학교,특별법법인,대전,기존,한국과학기술원,인문ㆍ사회계열,120.0,0.0,81,78,3,67.5,65.0,한국과학기술원
2023 하,대학교,특별법법인,대전,기존,한국과학기술원,자연과학계열,1316.0,0.0,798,731,67,60.6,55.5,한국과학기술원
2023 하,대학교,특별법법인,대전,기존,한국과학기술원,공학계열,2444.0,0.0,2989,2624,365,122.3,107.4,한국과학기술원
2023 상,대학교,국립,충북,기존,한국교원대학교,인문ㆍ사회계열,1232.0,0.0,1236,1134,102,100.3,92.0,한국교원대학교
2023 상,대학교,국립,충북,기존,한국교원대학교,자연과학계열,563.0,0.0,575,539,36,102.1,95.7,한국교원대학교
2023 상,대학교,국립,충북,기존,한국교원대학교,공학계열,159.0,0.0,157,149,8,98.7,93.7,한국교원대학교
2023 상,대학교,국립,충북,기존,한국교원대학교,예ㆍ체능계열,230.0,0.0,218,217,1,94.8,94.3,한국교원대학교
2023 하,대학교,국립,충북,기존,한국교원대학교,인문ㆍ사회계열,1232.0,0.0,1302,1195,107,105.7,97.0,한국교원대학교
2023 하,대학교,국립,충북,기존,한국교원대학교,자연과학계열,563.0,0.0,581,543,38,103.2,96.4,한국교원대학교
2023 하,대학교,국립,충북,기존,한국교원대학교,공학계열,159.0,0.0,163,154,9,102.5,96.9,한국교원대학교
2023 하,대학교,국립,충북,기존,한국교원대학교,예ㆍ체능계열,230.0,0.0,221,220,1,96.1,95.7,한국교원대학교
2023 상,대학교,사립,충남,기존,한국기술교육대학교,인문ㆍ사회계열,528.0,0.0,602,472,130,114.0,89.4,한국기술교육대학교
2023 상,대학교,사립,충남,기존,한국기술교육대학교,공학계열,2816.0,0.0,3153,2769,384,112.0,98.3,한국기술교육대학교
2023 하,대학교,사립,충남,기존,한국기술교육대학교,인문ㆍ사회계열,528.0,0.0,663,515,148,125.6,97.5,한국기술교육대학교
2023 하,대학교,사립,충남,기존,한국기술교육대학교,공학계열,2816.0,0.0,3448,3034,414,122.4,107.7,한국기술교육대학교
2023 상,방송통신대학,국립,서울,기존,한국방송통신대학교,인문ㆍ사회계열,166010.0,0.0,53035,48097,4938,31.9,29.0,한국방송통신대학교
2023 상,방송통신대학,국립,서울,기존,한국방송통신대학교,자연과학계열,44890.0,0.0,25949,23786,2163,57.8,53.0,한국방송통신대학교
2023 상,방송통신대학,국립,서울,기존,한국방송통신대학교,공학계열,4800.0,0.0,996,886,110,20.8,18.5,한국방송통신대학교
2023 상,방송통신대학,국립,서울,기존,한국방송통신대학교,예ㆍ체능계열,4500.0,0.0,1792,1585,207,39.8,35.2,한국방송통신대학교
2023 하,방송통신대학,국립,서울,기존,한국방송통신대학교,인문ㆍ사회계열,166010.0,0.0,60394,53984,6410,36.4,32.5,한국방송통신대학교
2023 하,방송통신대학,국립,서울,기존,한국방송통신대학교,자연과학계열,44890.0,0.0,28882,25972,2910,64.3,57.9,한국방송통신대학교
2023 하,방송통신대학,국립,서울,기존,한국방송통신대학교,공학계열,4800.0,0.0,1065,954,111,22.2,19.9,한국방송통신대학교
2023 하,방송통신대학,국립,서울,기존,한국방송통신대학교,예ㆍ체능계열,4500.0,0.0,1734,1478,256,38.5,32.8,한국방송통신대학교
2023 상,대학교,사립,서울,기존,한국성서대학교,인문ㆍ사회계열,572.0,0.0,530,495,35,92.7,86.5,한국성서대학교
2023 상,대학교,사립,서울,기존,한국성서대학교,자연과학계열,180.0,0.0,219,185,34,121.7,102.8,한국성서대학교
2023 상,대학교,사립,서울,기존,한국성서대학교,공학계열,140.0,0.0,153,149,4,109.3,106.4,한국성서대학교
2023 하,대학교,사립,서울,기존,한국성서대학교,인문ㆍ사회계열,572.0,0.0,619,573,46,108.2,100.2,한국성서대학교
2023 하,대학교,사립,서울,기존,한국성서대학교,자연과학계열,180.0,0.0,231,194,37,128.3,107.8,한국성서대학교
2023 하,대학교,사립,서울,기존,한국성서대학교,공학계열,140.0,0.0,164,159,5,117.1,113.6,한국성서대학교
2023 상,각종학교(대학),특별법국립,서울,기존,한국예술종합학교,예ㆍ체능계열,2252.0,0.0,2606,2485,121,115.7,110.3,한국예술종합학교
2023 하,각종학교(대학),특별법국립,서울,기존,한국예술종합학교,예ㆍ체능계열,1673.0,0.0,2699,2579,120,161.3,154.2,한국예술종합학교
2023 상,대학교,사립,서울,기존,한국외국어대학교,인문ㆍ사회계열,11284.0,0.0,13065,10493,2572,115.8,93.0,한국외국어대학교
2023 상,대학교,사립,서울,기존,한국외국어대학교,자연과학계열,1059.0,0.0,990,903,87,93.5,85.3,한국외국어대학교
2023 상,대학교,사립,서울,기존,한국외국어대학교,공학계열,1165.0,0.0,1072,1026,46,92.0,88.1,한국외국어대학교
2023 하,대학교,사립,서울,기존,한국외국어대학교,인문ㆍ사회계열,11284.0,0.0,14422,11819,2603,127.8,104.7,한국외국어대학교
2023 하,대학교,사립,서울,기존,한국외국어대학교,자연과학계열,1059.0,0.0,1119,1020,99,105.7,96.3,한국외국어대학교
2023 하,대학교,사립,서울,기존,한국외국어대학교,공학계열,1165.0,0.0,1199,1151,48,102.9,98.8,한국외국어대학교
2023 상,대학교,국립,서울,기존,한국체육대학교,예ㆍ체능계열,2150.0,0.0,2299,2161,138,106.9,100.5,한국체육대학교
2023 하,대학교,국립,서울,기존,한국체육대학교,예ㆍ체능계열,2150.0,0.0,2410,2260,150,112.1,105.1,한국체육대학교
2023 상,대학교,사립,대전,기존,한국침례신학대학교,인문ㆍ사회계열,949.0,0.0,697,678,19,73.4,71.4,한국침례신학대학교
2023 상,대학교,사립,대전,기존,한국침례신학대학교,예ㆍ체능계열,203.0,0.0,69,67,2,34.0,33.0,한국침례신학대학교
2023 하,대학교,사립,대전,기존,한국침례신학대학교,인문ㆍ사회계열,949.0,0.0,723,702,21,76.2,74.0,한국침례신학대학교
2023 하,대학교,사립,대전,기존,한국침례신학대학교,예ㆍ체능계열,203.0,0.0,75,73,2,36.9,36.0,한국침례신학대학교
2023 상,대학교,사립,경기,기존,한국항공대학교,인문ㆍ사회계열,424.0,0.0,399,359,40,94.1,84.7,한국항공대학교
2023 상,대학교,사립,경기,기존,한국항공대학교,자연과학계열,739.0,0.0,980,724,256,132.6,98.0,한국항공대학교
2023 상,대학교,사립,경기,기존,한국항공대학교,공학계열,2313.0,0.0,2308,2092,216,99.8,90.4,한국항공대학교
2023 하,대학교,사립,경기,기존,한국항공대학교,인문ㆍ사회계열,424.0,0.0,426,380,46,100.5,89.6,한국항공대학교
2023 하,대학교,사립,경기,기존,한국항공대학교,자연과학계열,739.0,0.0,1049,795,254,141.9,107.6,한국항공대학교
2023 하,대학교,사립,경기,기존,한국항공대학교,공학계열,2313.0,0.0,2569,2325,244,111.1,100.5,한국항공대학교
2023 상,대학교,사립,대전,기존,한남대학교,인문ㆍ사회계열,5752.0,0.0,5902,5263,639,102.6,91.5,한남대학교
2023 상,대학교,사립,대전,기존,한남대학교,자연과학계열,1246.0,0.0,1097,1043,54,88.0,83.7,한남대학교
2023 상,대학교,사립,대전,기존,한남대학교,공학계열,2860.0,0.0,2467,2281,186,86.3,79.8,한남대학교
2023 상,대학교,사립,대전,기존,한남대학교,예ㆍ체능계열,1035.0,0.0,950,907,43,91.8,87.6,한남대학교
2023 하,대학교,사립,대전,기존,한남대학교,인문ㆍ사회계열,5752.0,0.0,6507,5860,647,113.1,101.9,한남대학교
2023 하,대학교,사립,대전,기존,한남대학교,자연과학계열,1246.0,0.0,1196,1134,62,96.0,91.0,한남대학교
2023 하,대학교,사립,대전,기존,한남대학교,공학계열,2860.0,0.0,2643,2454,189,92.4,85.8,한남대학교
2023 하,대학교,사립,대전,기존,한남대학교,예ㆍ체능계열,1035.0,0.0,1042,993,49,100.7,95.9,한남대학교
2023 상,대학교,사립,경북,기존,한동대학교,인문ㆍ사회계열,1272.0,0.0,2058,1723,335,161.8,135.5,한동대학교
2023 상,대학교,사립,경북,기존,한동대학교,자연과학계열,215.0,0.0,198,184,14,92.1,85.6,한동대학교
2023 상,대학교,사립,경북,기존,한동대학교,공학계열,1429.0,0.0,1381,1232,149,96.6,86.2,한동대학교
2023 하,대학교,사립,경북,기존,한동대학교,인문ㆍ사회계열,1272.0,0.0,2200,1854,346,173.0,145.8,한동대학교
2023 하,대학교,사립,경북,기존,한동대학교,자연과학계열,215.0,0.0,224,208,16,104.2,96.7,한동대학교
2023 하,대학교,사립,경북,기존,한동대학교,공학계열,1429.0,0.0,1496,1327,169,104.7,92.9,한동대학교
2023 상,대학교,사립,강원,기존,한라대학교,인문ㆍ사회계열,1115.0,0.0,1129,917,212,101.3,82.2,한라대학교
2023 상,대학교,사립,강원,기존,한라대학교,공학계열,1874.0,0.0,1417,1306,111,75.6,69.7,한라대학교
2023 상,대학교,사립,강원,기존,한라대학교,예ㆍ체능계열,572.0,0.0,328,258,70,57.3,45.1,한라대학교
2023 하,대학교,사립,강원,기존,한라대학교,인문ㆍ사회계열,1115.0,0.0,1181,1042,139,105.9,93.5,한라대학교
2023 하,대학교,사립,강원,기존,한라대학교,공학계열,1874.0,0.0,1600,1507,93,85.4,80.4,한라대학교
2023 하,대학교,사립,강원,기존,한라대학교,예ㆍ체능계열,572.0,0.0,389,313,76,68.0,54.7,한라대학교
2023 상,대학교,사립,강원,기존,한림대학교,인문ㆍ사회계열,3636.0,0.0,3664,3279,385,100.8,90.2,한림대학교
2023 상,대학교,사립,강원,기존,한림대학교,자연과학계열,1904.0,0.0,1804,1726,78,94.7,90.7,한림대학교
2023 상,대학교,사립,강원,기존,한림대학교,공학계열,1132.0,0.0,1101,1037,64,97.3,91.6,한림대학교
2023 상,대학교,사립,강원,기존,한림대학교,예ㆍ체능계열,200.0,0.0,199,178,21,99.5,89.0,한림대학교
2023 상,대학교,사립,강원,기존,한림대학교,의학계열,304.0,0.0,310,303,7,102.0,99.7,한림대학교
2023 하,대학교,사립,강원,기존,한림대학교,인문ㆍ사회계열,3636.0,0.0,3950,3508,442,108.6,96.5,한림대학교
2023 하,대학교,사립,강원,기존,한림대학교,자연과학계열,1904.0,0.0,1913,1834,79,100.5,96.3,한림대학교
2023 하,대학교,사립,강원,기존,한림대학교,공학계열,1132.0,0.0,1191,1125,66,105.2,99.4,한림대학교
2023 하,대학교,사립,강원,기존,한림대학교,예ㆍ체능계열,200.0,0.0,225,199,26,112.5,99.5,한림대학교
2023 하,대학교,사립,강원,기존,한림대학교,의학계열,304.0,0.0,315,307,8,103.6,101.0,한림대학교
2023 상,대학교,사립,충남,기존,한서대학교,인문ㆍ사회계열,1487.0,0.0,1453,1246,207,97.7,83.8,한서대학교
2023 상,대학교,사립,충남,기존,한서대학교,자연과학계열,1832.0,0.0,1732,1556,176,94.5,84.9,한서대학교
2023 상,대학교,사립,충남,기존,한서대학교,공학계열,1712.0,0.0,1812,1682,130,105.8,98.2,한서대학교
2023 상,대학교,사립,충남,기존,한서대학교,예ㆍ체능계열,1255.0,0.0,1095,1037,58,87.3,82.6,한서대학교
2023 하,대학교,사립,충남,기존,한서대학교,인문ㆍ사회계열,1487.0,0.0,1552,1325,227,104.4,89.1,한서대학교
2023 하,대학교,사립,충남,기존,한서대학교,자연과학계열,1832.0,0.0,1835,1648,187,100.2,90.0,한서대학교
2023 하,대학교,사립,충남,기존,한서대학교,공학계열,1712.0,0.0,1912,1770,142,111.7,103.4,한서대학교
2023 하,대학교,사립,충남,기존,한서대학교,예ㆍ체능계열,1255.0,0.0,1180,1123,57,94.0,89.5,한서대학교
2023 상,대학교,사립,서울,기존,한성대학교,인문ㆍ사회계열,2819.0,0.0,2656,2252,404,94.2,79.9,한성대학교
2023 상,대학교,사립,서울,기존,한성대학교,공학계열,1874.0,0.0,2219,2046,173,118.4,109.2,한성대학교
2023 상,대학교,사립,서울,기존,한성대학교,예ㆍ체능계열,1139.0,0.0,1573,1177,396,138.1,103.3,한성대학교
2023 하,대학교,사립,서울,기존,한성대학교,인문ㆍ사회계열,2819.0,0.0,2840,2410,430,100.7,85.5,한성대학교
2023 하,대학교,사립,서울,기존,한성대학교,공학계열,1874.0,0.0,2427,2242,185,129.5,119.6,한성대학교
2023 하,대학교,사립,서울,기존,한성대학교,예ㆍ체능계열,1139.0,0.0,1675,1255,420,147.1,110.2,한성대학교
2023 상,대학교,사립,경기,기존,한세대학교,인문ㆍ사회계열,1184.0,0.0,1289,1199,90,108.9,101.3,한세대학교
2023 상,대학교,사립,경기,기존,한세대학교,자연과학계열,160.0,0.0,181,147,34,113.1,91.9,한세대학교
2023 상,대학교,사립,경기,기존,한세대학교,공학계열,187.0,0.0,205,176,29,109.6,94.1,한세대학교
2023 상,대학교,사립,경기,기존,한세대학교,예ㆍ체능계열,733.0,0.0,677,625,52,92.4,85.3,한세대학교
2023 하,대학교,사립,경기,기존,한세대학교,인문ㆍ사회계열,1184.0,0.0,1373,1281,92,116.0,108.2,한세대학교
2023 하,대학교,사립,경기,기존,한세대학교,자연과학계열,160.0,0.0,185,150,35,115.6,93.8,한세대학교
2023 하,대학교,사립,경기,기존,한세대학교,공학계열,187.0,0.0,218,188,30,116.6,100.5,한세대학교
2023 하,대학교,사립,경기,기존,한세대학교,예ㆍ체능계열,733.0,0.0,773,712,61,105.5,97.1,한세대학교
2023 상,대학교,사립,경기,기존,한신대학교,인문ㆍ사회계열,3340.0,0.0,3615,3187,428,108.2,95.4,한신대학교
2023 상,대학교,사립,경기,기존,한신대학교,자연과학계열,328.0,0.0,287,284,3,87.5,86.6,한신대학교
2023 상,대학교,사립,경기,기존,한신대학교,공학계열,875.0,0.0,947,860,87,108.2,98.3,한신대학교
2023 상,대학교,사립,경기,기존,한신대학교,예ㆍ체능계열,131.0,0.0,135,134,1,103.1,102.3,한신대학교
2023 하,대학교,사립,경기,기존,한신대학교,인문ㆍ사회계열,3340.0,0.0,3943,3459,484,118.1,103.6,한신대학교
2023 하,대학교,사립,경기,기존,한신대학교,자연과학계열,328.0,0.0,313,308,5,95.4,93.9,한신대학교
2023 하,대학교,사립,경기,기존,한신대학교,공학계열,875.0,0.0,1002,913,89,114.5,104.3,한신대학교
2023 하,대학교,사립,경기,기존,한신대학교,예ㆍ체능계열,131.0,0.0,139,139,0,106.1,106.1,한신대학교
2023 상,대학교,사립,서울,기존,한양대학교,인문ㆍ사회계열,3947.0,0.0,5960,3629,2331,151.0,91.9,한양대학교
2023 상,대학교,사립,서울,기존,한양대학교,자연과학계열,1246.0,0.0,1433,1068,365,115.0,85.7,한양대학교
2023 상,대학교,사립,서울,기존,한양대학교,공학계열,4735.0,0.0,5658,4418,1240,119.5,93.3,한양대학교
2023 상,대학교,사립,서울,기존,한양대학교,예ㆍ체능계열,1401.0,0.0,1830,1375,455,130.6,98.1,한양대학교
2023 상,대학교,사립,서울,기존,한양대학교,의학계열,440.0,0.0,414,410,4,94.1,93.2,한양대학교
2023 하,대학교,사립,서울,기존,한양대학교,인문ㆍ사회계열,3947.0,0.0,6444,4093,2351,163.3,103.7,한양대학교
2023 하,대학교,사립,서울,기존,한양대학교,자연과학계열,1246.0,0.0,1559,1194,365,125.1,95.8,한양대학교
2023 하,대학교,사립,서울,기존,한양대학교,공학계열,4735.0,0.0,6205,4888,1317,131.0,103.2,한양대학교
2023 하,대학교,사립,서울,기존,한양대학교,예ㆍ체능계열,1401.0,0.0,1907,1439,468,136.1,102.7,한양대학교
2023 하,대학교,사립,서울,기존,한양대학교,의학계열,440.0,0.0,416,412,4,94.5,93.6,한양대학교
2023 상,대학교,사립,경기,기존,한양대학교(ERICA) _분교,인문ㆍ사회계열,2272.0,0.0,3319,2080,1239,146.1,91.5,한양대학교(ERICA) _분교
2023 상,대학교,사립,경기,기존,한양대학교(ERICA) _분교,자연과학계열,500.0,0.0,596,476,120,119.2,95.2,한양대학교(ERICA) _분교
2023 상,대학교,사립,경기,기존,한양대학교(ERICA) _분교,공학계열,3754.0,0.0,4556,3520,1036,121.4,93.8,한양대학교(ERICA) _분교
2023 상,대학교,사립,경기,기존,한양대학교(ERICA) _분교,예ㆍ체능계열,1084.0,0.0,1496,1053,443,138.0,97.1,한양대학교(ERICA) _분교
2023 하,대학교,사립,경기,기존,한양대학교(ERICA) _분교,인문ㆍ사회계열,2272.0,0.0,3421,2254,1167,150.6,99.2,한양대학교(ERICA) _분교
2023 하,대학교,사립,경기,기존,한양대학교(ERICA) _분교,자연과학계열,500.0,0.0,638,511,127,127.6,102.2,한양대학교(ERICA) _분교
2023 하,대학교,사립,경기,기존,한양대학교(ERICA) _분교,공학계열,3754.0,0.0,4795,3723,1072,127.7,99.2,한양대학교(ERICA) _분교
2023 하,대학교,사립,경기,기존,한양대학교(ERICA) _분교,예ㆍ체능계열,1084.0,0.0,1550,1110,440,143.0,102.4,한양대학교(ERICA) _분교
2023 상,대학교,사립,전북,기존,한일장신대학교,인문ㆍ사회계열,393.0,0.0,266,260,6,67.7,66.2,한일장신대학교
2023 상,대학교,사립,전북,기존,한일장신대학교,자연과학계열,218.0,0.0,236,208,28,108.3,95.4,한일장신대학교
2023 상,대학교,사립,전북,기존,한일장신대학교,예ㆍ체능계열,265.0,0.0,228,228,0,86.0,86.0,한일장신대학교
2023 하,대학교,사립,전북,기존,한일장신대학교,인문ㆍ사회계열,393.0,0.0,291,279,12,74.0,71.0,한일장신대학교
2023 하,대학교,사립,전북,기존,한일장신대학교,자연과학계열,218.0,0.0,237,209,28,108.7,95.9,한일장신대학교
2023 하,대학교,사립,전북,기존,한일장신대학교,예ㆍ체능계열,265.0,0.0,250,249,1,94.3,94.0,한일장신대학교
2023 상,대학교,사립,경기,기존,협성대학교,인문ㆍ사회계열,2308.0,0.0,2088,1970,118,90.5,85.4,협성대학교
2023 상,대학교,사립,경기,기존,협성대학교,자연과학계열,309.0,0.0,266,254,12,86.1,82.2,협성대학교
2023 상,대학교,사립,경기,기존,협성대학교,공학계열,590.0,0.0,562,517,45,95.3,87.6,협성대학교
2023 상,대학교,사립,경기,기존,협성대학교,예ㆍ체능계열,809.0,0.0,718,679,39,88.8,83.9,협성대학교
2023 하,대학교,사립,경기,기존,협성대학교,인문ㆍ사회계열,2308.0,0.0,2275,2118,157,98.6,91.8,협성대학교
2023 하,대학교,사립,경기,기존,협성대학교,자연과학계열,309.0,0.0,289,276,13,93.5,89.3,협성대학교
2023 하,대학교,사립,경기,기존,협성대학교,공학계열,590.0,0.0,615,564,51,104.2,95.6,협성대학교
2023 하,대학교,사립,경기,기존,협성대학교,예ㆍ체능계열,809.0,0.0,783,741,42,96.8,91.6,협성대학교
2023 상,대학교,사립,광주,기존,호남대학교,인문ㆍ사회계열,1712.0,0.0,2157,1414,743,126.0,82.6,호남대학교
2023 상,대학교,사립,광주,기존,호남대학교,자연과학계열,1853.0,0.0,1845,1701,144,99.6,91.8,호남대학교
2023 상,대학교,사립,광주,기존,호남대학교,공학계열,1444.0,0.0,1239,1164,75,85.8,80.6,호남대학교
2023 상,대학교,사립,광주,기존,호남대학교,예ㆍ체능계열,1179.0,0.0,1352,994,358,114.7,84.3,호남대학교
2023 하,대학교,사립,광주,기존,호남대학교,인문ㆍ사회계열,1712.0,0.0,2180,1534,646,127.3,89.6,호남대학교
2023 하,대학교,사립,광주,기존,호남대학교,자연과학계열,1853.0,0.0,1898,1747,151,102.4,94.3,호남대학교
2023 하,대학교,사립,광주,기존,호남대학교,공학계열,1444.0,0.0,1366,1285,81,94.6,89.0,호남대학교
2023 하,대학교,사립,광주,기존,호남대학교,예ㆍ체능계열,1179.0,0.0,1166,1021,145,98.9,86.6,호남대학교
2023 상,대학교,사립,광주,기존,호남신학대학교,인문ㆍ사회계열,294.0,0.0,224,222,2,76.2,75.5,호남신학대학교
2023 상,대학교,사립,광주,기존,호남신학대학교,예ㆍ체능계열,220.0,0.0,177,177,0,80.5,80.5,호남신학대학교
2023 하,대학교,사립,광주,기존,호남신학대학교,인문ㆍ사회계열,294.0,0.0,236,233,3,80.3,79.3,호남신학대학교
2023 하,대학교,사립,광주,기존,호남신학대학교,예ㆍ체능계열,220.0,0.0,198,197,1,90.0,89.5,호남신학대학교
2023 상,대학교,사립,충남,기존,호서대학교,인문ㆍ사회계열,3590.0,0.0,3580,3256,324,99.7,90.7,호서대학교
2023 상,대학교,사립,충남,기존,호서대학교,자연과학계열,1561.0,0.0,1701,1496,205,109.0,95.8,호서대학교
2023 상,대학교,사립,충남,기존,호서대학교,공학계열,4845.0,0.0,4575,4165,410,94.4,86.0,호서대학교
2023 상,대학교,사립,충남,기존,호서대학교,예ㆍ체능계열,1566.0,0.0,1700,1566,134,108.6,100.0,호서대학교
2023 하,대학교,사립,충남,기존,호서대학교,인문ㆍ사회계열,3590.0,0.0,3890,3541,349,108.4,98.6,호서대학교
2023 하,대학교,사립,충남,기존,호서대학교,자연과학계열,1561.0,0.0,1776,1566,210,113.8,100.3,호서대학교
2023 하,대학교,사립,충남,기존,호서대학교,공학계열,4845.0,0.0,4888,4463,425,100.9,92.1,호서대학교
2023 하,대학교,사립,충남,기존,호서대학교,예ㆍ체능계열,1566.0,0.0,1814,1676,138,115.8,107.0,호서대학교
2023 상,산업대학,사립,전북,기존,호원대학교,인문ㆍ사회계열,961.0,0.0,1267,754,513,131.8,78.5,호원대학교
2023 상,산업대학,사립,전북,기존,호원대학교,자연과학계열,835.0,0.0,801,694,107,95.9,83.1,호원대학교
2023 상,산업대학,사립,전북,기존,호원대학교,공학계열,723.0,0.0,699,415,284,96.7,57.4,호원대학교
2023 상,산업대학,사립,전북,기존,호원대학교,예ㆍ체능계열,1937.0,0.0,1881,1295,586,97.1,66.9,호원대학교
2023 하,산업대학,사립,전북,기존,호원대학교,인문ㆍ사회계열,961.0,0.0,1389,844,545,144.5,87.8,호원대학교
2023 하,산업대학,사립,전북,기존,호원대학교,자연과학계열,835.0,0.0,860,750,110,103.0,89.8,호원대학교
2023 하,산업대학,사립,전북,기존,호원대학교,공학계열,723.0,0.0,814,508,306,112.6,70.3,호원대학교
2023 하,산업대학,사립,전북,기존,호원대학교,예ㆍ체능계열,1937.0,0.0,2286,1634,652,118.0,84.4,호원대학교
2023 상,대학교,사립,서울,기존,홍익대학교,인문ㆍ사회계열,2504.0,0.0,3261,2433,828,130.2,97.2,홍익대학교
2023 상,대학교,사립,서울,기존,홍익대학교,자연과학계열,112.0,0.0,120,110,10,107.1,98.2,홍익대학교
2023 상,대학교,사립,서울,기존,홍익대학교,공학계열,5288.0,0.0,5239,4763,476,99.1,90.1,홍익대학교
2023 상,대학교,사립,서울,기존,홍익대학교,예ㆍ체능계열,1728.0,0.0,3113,2015,1098,180.2,116.6,홍익대학교
2023 하,대학교,사립,서울,기존,홍익대학교,인문ㆍ사회계열,2504.0,0.0,3536,2652,884,141.2,105.9,홍익대학교
2023 하,대학교,사립,서울,기존,홍익대학교,자연과학계열,112.0,0.0,125,116,9,111.6,103.6,홍익대학교
2023 하,대학교,사립,서울,기존,홍익대학교,공학계열,5288.0,0.0,5488,4983,505,103.8,94.2,홍익대학교
2023 하,대학교,사립,서울,기존,홍익대학교,예ㆍ체능계열,1728.0,0.0,3216,2098,1118,186.1,121.4,홍익대학교
2023 상,대학교,사립,경기,기존,화성의과학대학교,인문ㆍ사회계열,354.0,6.0,88,88,0,25.3,25.3,화성의과학대학교
2023 상,대학교,사립,경기,기존,화성의과학대학교,자연과학계열,366.0,4.0,207,190,17,57.2,52.5,화성의과학대학교
2023 상,대학교,사립,경기,기존,화성의과학대학교,예ㆍ체능계열,264.0,3.0,58,58,0,22.2,22.2,화성의과학대학교
2023 하,대학교,사립,경기,기존,화성의과학대학교,인문ㆍ사회계열,354.0,6.0,102,102,0,29.3,29.3,화성의과학대학교
2023 하,대학교,사립,경기,기존,화성의과학대학교,자연과학계열,366.0,4.0,225,206,19,62.2,56.9,화성의과학대학교
2023 하,대학교,사립,경기,기존,화성의과학대학교,예ㆍ체능계열,264.0,3.0,61,61,0,23.4,23.4,화성의과학대학교
