기준연도,학교종류,설립구분,지역,상태,학교,계열,학생정원,학생모집정지인원(B),재학생,정원내,정원외,재학생충원율,정원내 재학생 충원율(%){D/(A-B)}X100
2020,대학교,사립,경남,기존,가야대학교(김해),인문ㆍ사회계열,865,0,722,690,32,83.5,79.8
2020,대학교,사립,경남,기존,가야대학교(김해),자연과학계열,1569,0,1454,1308,146,92.7,83.4
2020,대학교,사립,경기,기존,가천대학교,인문ㆍ사회계열,5479,0,7352,6000,1352,134.2,109.5
2020,대학교,사립,경기,기존,가천대학교,자연과학계열,3015,0,3345,2981,364,110.9,98.9
2020,대학교,사립,경기,기존,가천대학교,예ㆍ체능계열,1480,0,1650,1593,57,111.5,107.6
2020,대학교,사립,경기,기존,가천대학교,공학계열,5120,0,6083,5496,587,118.8,107.3
2020,대학교,사립,경기,기존,가천대학교,의학계열,280,0,248,248,0,88.6,88.6
2020,대학교,사립,강원,기존,가톨릭관동대학교,인문ㆍ사회계열,3926,0,4028,3691,337,102.6,94
2020,대학교,사립,강원,기존,가톨릭관동대학교,자연과학계열,1181,0,1224,1049,175,103.6,88.8
2020,대학교,사립,강원,기존,가톨릭관동대학교,예ㆍ체능계열,1430,0,1151,1127,24,80.5,78.8
2020,대학교,사립,강원,기존,가톨릭관동대학교,공학계열,1765,0,1472,1405,67,83.4,79.6
2020,대학교,사립,강원,기존,가톨릭관동대학교,의학계열,196,0,232,202,30,118.4,103.1
2020,대학교,사립,충북,기존,가톨릭꽃동네대학교,인문ㆍ사회계열,259,0,267,260,7,103.1,100.4
2020,대학교,사립,충북,기존,가톨릭꽃동네대학교,자연과학계열,173,0,190,172,18,109.8,99.4
2020,대학교,사립,경기,기존,가톨릭대학교,인문ㆍ사회계열,3263,0,4070,3597,473,124.7,110.2
2020,대학교,사립,경기,기존,가톨릭대학교,자연과학계열,1305,0,1409,1272,137,108,97.5
2020,대학교,사립,경기,기존,가톨릭대학교,예ㆍ체능계열,185,0,192,192,0,103.8,103.8
2020,대학교,사립,경기,기존,가톨릭대학교,공학계열,1245,0,1492,1331,161,119.8,106.9
2020,대학교,사립,서울,기존,가톨릭대학교 _제2캠퍼스,자연과학계열,506,0,542,504,38,107.1,99.6
2020,대학교,사립,서울,기존,가톨릭대학교 _제2캠퍼스,의학계열,372,0,381,362,19,102.4,97.3
2020,대학교,사립,서울,기존,가톨릭대학교 _제3캠퍼스,인문ㆍ사회계열,210,0,231,219,12,110,104.3
2020,대학교,사립,서울,기존,감리교신학대학교,인문ㆍ사회계열,800,0,814,770,44,101.8,96.3
2020,대학교,사립,경기,기존,강남대학교,인문ㆍ사회계열,3949,0,4590,4101,489,116.2,103.8
2020,대학교,사립,경기,기존,강남대학교,예ㆍ체능계열,605,0,621,593,28,102.6,98
2020,대학교,사립,경기,기존,강남대학교,공학계열,1432,0,1484,1360,124,103.6,95
2020,대학교,사립,서울,기존,강서대학교,인문ㆍ사회계열,736,0,940,828,112,127.7,112.5
2020,대학교,사립,서울,기존,강서대학교,자연과학계열,280,0,291,258,33,103.9,92.1
2020,대학교,사립,서울,기존,강서대학교,예ㆍ체능계열,125,0,120,114,6,96,91.2
2020,대학교,국립,강원,기존,강원대학교,인문ㆍ사회계열,4095,0,5012,4493,519,122.4,109.7
2020,대학교,국립,강원,기존,강원대학교,자연과학계열,4667,0,5048,4723,325,108.2,101.2
2020,대학교,국립,강원,기존,강원대학교,예ㆍ체능계열,620,0,650,629,21,104.8,101.5
2020,대학교,국립,강원,기존,강원대학교,공학계열,2597,0,2948,2681,267,113.5,103.2
2020,대학교,국립,강원,기존,강원대학교,의학계열,160,0,163,158,5,101.9,98.8
2020,대학교,국립,강원,기존,강원대학교 _제2캠퍼스,인문ㆍ사회계열,973,0,910,841,69,93.5,86.4
2020,대학교,국립,강원,기존,강원대학교 _제2캠퍼스,자연과학계열,1394,0,1403,1307,96,100.6,93.8
2020,대학교,국립,강원,기존,강원대학교 _제2캠퍼스,예ㆍ체능계열,784,0,758,704,54,96.7,89.8
2020,대학교,국립,강원,기존,강원대학교 _제2캠퍼스,공학계열,2965,0,2695,2538,157,90.9,85.6
2020,대학교,사립,서울,기존,건국대학교,인문ㆍ사회계열,3721,0,6153,4378,1775,165.4,117.7
2020,대학교,사립,서울,기존,건국대학교,자연과학계열,1998,0,2268,2042,226,113.5,102.2
2020,대학교,사립,서울,기존,건국대학교,예ㆍ체능계열,1217,0,1620,1397,223,133.1,114.8
2020,대학교,사립,서울,기존,건국대학교,공학계열,4926,0,5404,4888,516,109.7,99.2
2020,대학교,사립,서울,기존,건국대학교,의학계열,276,0,321,270,51,116.3,97.8
2020,대학교,사립,충북,기존,건국대학교(글로컬) _분교,인문ㆍ사회계열,2141,0,2734,2386,348,127.7,111.4
2020,대학교,사립,충북,기존,건국대학교(글로컬) _분교,자연과학계열,1565,0,1568,1441,127,100.2,92.1
2020,대학교,사립,충북,기존,건국대학교(글로컬) _분교,예ㆍ체능계열,1495,0,1670,1518,152,111.7,101.5
2020,대학교,사립,충북,기존,건국대학교(글로컬) _분교,공학계열,1030,0,1023,955,68,99.3,92.7
2020,대학교,사립,충남,기존,건양대학교,인문ㆍ사회계열,2105,0,2262,2070,192,107.5,98.3
2020,대학교,사립,충남,기존,건양대학교,자연과학계열,480,0,474,443,31,98.8,92.3
2020,대학교,사립,충남,기존,건양대학교,예ㆍ체능계열,140,0,117,116,1,83.6,82.9
2020,대학교,사립,충남,기존,건양대학교,공학계열,760,0,681,639,42,89.6,84.1
2020,대학교,사립,대전,기존,건양대학교 _제2캠퍼스,인문ㆍ사회계열,160,0,170,160,10,106.3,100
2020,대학교,사립,대전,기존,건양대학교 _제2캠퍼스,자연과학계열,1999,0,2107,1943,164,105.4,97.2
2020,대학교,사립,대전,기존,건양대학교 _제2캠퍼스,공학계열,1050,0,1003,976,27,95.5,93
2020,대학교,사립,대전,기존,건양대학교 _제2캠퍼스,의학계열,196,0,225,188,37,114.8,95.9
2020,대학교,사립,경기,기존,경기대학교,인문ㆍ사회계열,5238,0,6125,5340,785,116.9,101.9
2020,대학교,사립,경기,기존,경기대학교,자연과학계열,1282,0,1338,1222,116,104.4,95.3
2020,대학교,사립,경기,기존,경기대학교,예ㆍ체능계열,1468,0,1479,1431,48,100.7,97.5
2020,대학교,사립,경기,기존,경기대학교,공학계열,2459,0,2790,2440,350,113.5,99.2
2020,대학교,사립,서울,기존,경기대학교 _제2캠퍼스,인문ㆍ사회계열,904,0,1521,956,565,168.3,105.8
2020,대학교,사립,서울,기존,경기대학교 _제2캠퍼스,예ㆍ체능계열,408,0,459,438,21,112.5,107.4
2020,대학교,국립,경남,폐교,경남과학기술대학교,인문ㆍ사회계열,1377,0,1352,1302,50,98.2,94.6
2020,대학교,국립,경남,폐교,경남과학기술대학교,자연과학계열,1294,0,1380,1305,75,106.6,100.9
2020,대학교,국립,경남,폐교,경남과학기술대학교,예ㆍ체능계열,128,0,124,124,0,96.9,96.9
2020,대학교,국립,경남,폐교,경남과학기술대학교,공학계열,1968,0,2176,2070,106,110.6,105.2
2020,대학교,사립,경남,기존,경남대학교,인문ㆍ사회계열,5435,0,5295,4946,349,97.4,91
2020,대학교,사립,경남,기존,경남대학교,자연과학계열,1865,0,1742,1606,136,93.4,86.1
2020,대학교,사립,경남,기존,경남대학교,예ㆍ체능계열,830,0,838,790,48,101,95.2
2020,대학교,사립,경남,기존,경남대학교,공학계열,3439,0,3272,3085,187,95.1,89.7
2020,대학교,사립,강원,기존,경동대학교,인문ㆍ사회계열,707,0,991,470,521,140.2,66.5
2020,대학교,사립,강원,기존,경동대학교,자연과학계열,140,0,150,120,30,107.1,85.7
2020,대학교,사립,강원,기존,경동대학교,예ㆍ체능계열,40,0,26,25,1,65,62.5
2020,대학교,사립,강원,기존,경동대학교,공학계열,113,0,130,88,42,115,77.9
2020,대학교,사립,강원,기존,경동대학교 _제3캠퍼스,인문ㆍ사회계열,450,0,418,413,5,92.9,91.8
2020,대학교,사립,강원,기존,경동대학교 _제3캠퍼스,자연과학계열,3260,0,3590,3253,337,110.1,99.8
2020,대학교,사립,경기,기존,경동대학교 _제4캠퍼스,인문ㆍ사회계열,1221,0,1250,1154,96,102.4,94.5
2020,대학교,사립,경기,기존,경동대학교 _제4캠퍼스,자연과학계열,150,0,155,151,4,103.3,100.7
2020,대학교,사립,경기,기존,경동대학교 _제4캠퍼스,예ㆍ체능계열,314,0,299,291,8,95.2,92.7
2020,대학교,사립,경기,기존,경동대학교 _제4캠퍼스,공학계열,745,0,805,668,137,108.1,89.7
2020,대학교,국립,대구,기존,경북대학교,인문ㆍ사회계열,5008,0,6459,5718,741,129,114.2
2020,대학교,국립,대구,기존,경북대학교,자연과학계열,5954,0,6479,5880,599,108.8,98.8
2020,대학교,국립,대구,기존,경북대학교,예ㆍ체능계열,1012,0,1044,1004,40,103.2,99.2
2020,대학교,국립,대구,기존,경북대학교,공학계열,6188,0,7422,6704,718,119.9,108.3
2020,대학교,국립,대구,기존,경북대학교,의학계열,908,0,899,870,29,99,95.8
2020,대학교,국립,경남,기존,경상국립대학교,인문ㆍ사회계열,4189,0,4895,4373,522,116.9,104.4
2020,대학교,국립,경남,기존,경상국립대학교,자연과학계열,3634,0,3964,3636,328,109.1,100.1
2020,대학교,국립,경남,기존,경상국립대학교,예ㆍ체능계열,277,0,297,295,2,107.2,106.5
2020,대학교,국립,경남,기존,경상국립대학교,공학계열,3924,0,4320,4028,292,110.1,102.7
2020,대학교,국립,경남,기존,경상국립대학교,의학계열,504,0,513,477,36,101.8,94.6
2020,대학교,사립,부산,기존,경성대학교,인문ㆍ사회계열,4863,0,5892,4785,1107,121.2,98.4
2020,대학교,사립,부산,기존,경성대학교,자연과학계열,1300,0,1326,1260,66,102,96.9
2020,대학교,사립,부산,기존,경성대학교,예ㆍ체능계열,2137,0,2256,2135,121,105.6,99.9
2020,대학교,사립,부산,기존,경성대학교,공학계열,2925,0,2980,2703,277,101.9,92.4
2020,대학교,사립,경북,기존,경운대학교,인문ㆍ사회계열,761,0,790,754,36,103.8,99.1
2020,대학교,사립,경북,기존,경운대학교,자연과학계열,1564,0,1648,1513,135,105.4,96.7
2020,대학교,사립,경북,기존,경운대학교,예ㆍ체능계열,483,0,453,446,7,93.8,92.3
2020,대학교,사립,경북,기존,경운대학교,공학계열,1928,0,1447,1384,63,75.1,71.8
2020,교육대학,국립,인천,기존,경인교육대학교,인문ㆍ사회계열,2392,0,651,607,44,27.2,25.4
2020,대학교,사립,경북,기존,경일대학교,인문ㆍ사회계열,1175,0,1408,1249,159,119.8,106.3
2020,대학교,사립,경북,기존,경일대학교,자연과학계열,812,0,905,810,95,111.5,99.8
2020,대학교,사립,경북,기존,경일대학교,예ㆍ체능계열,1075,0,1175,1100,75,109.3,102.3
2020,대학교,사립,경북,기존,경일대학교,공학계열,3294,0,3434,3083,351,104.3,93.6
2020,대학교,사립,서울,기존,경희대학교,인문ㆍ사회계열,6904,0,11247,7668,3579,162.9,111.1
2020,대학교,사립,서울,기존,경희대학교,자연과학계열,4160,0,4702,4175,527,113,100.4
2020,대학교,사립,서울,기존,경희대학교,예ㆍ체능계열,3428,0,4255,3692,563,124.1,107.7
2020,대학교,사립,서울,기존,경희대학교,공학계열,4002,0,4510,4069,441,112.7,101.7
2020,대학교,사립,서울,기존,경희대학교,의학계열,1192,0,1161,1145,16,97.4,96.1
2020,대학교,사립,대구,기존,계명대학교,인문ㆍ사회계열,9087,0,10533,9418,1115,115.9,103.6
2020,대학교,사립,대구,기존,계명대학교,자연과학계열,2392,0,2499,2313,186,104.5,96.7
2020,대학교,사립,대구,기존,계명대학교,예ㆍ체능계열,3342,0,3538,3389,149,105.9,101.4
2020,대학교,사립,대구,기존,계명대학교,공학계열,3597,0,3827,3454,373,106.4,96
2020,대학교,사립,대구,기존,계명대학교,의학계열,304,0,295,282,13,97,92.8
2020,대학교,사립,서울,기존,고려대학교,인문ㆍ사회계열,7640,0,11233,8559,2674,147,112
2020,대학교,사립,서울,기존,고려대학교,자연과학계열,3352,0,3808,3408,400,113.6,101.7
2020,대학교,사립,서울,기존,고려대학교,예ㆍ체능계열,520,0,623,573,50,119.8,110.2
2020,대학교,사립,서울,기존,고려대학교,공학계열,3512,0,4706,3814,892,134,108.6
2020,대학교,사립,서울,기존,고려대학교,의학계열,424,0,452,434,18,106.6,102.4
2020,대학교,사립,세종,기존,고려대학교(세종) _분교,인문ㆍ사회계열,2443,0,3092,2696,396,126.6,110.4
2020,대학교,사립,세종,기존,고려대학교(세종) _분교,자연과학계열,837,0,952,859,93,113.7,102.6
2020,대학교,사립,세종,기존,고려대학교(세종) _분교,예ㆍ체능계열,374,0,421,399,22,112.6,106.7
2020,대학교,사립,세종,기존,고려대학교(세종) _분교,공학계열,1810,0,1922,1741,181,106.2,96.2
2020,대학교,사립,부산,기존,고신대학교,인문ㆍ사회계열,1800,0,2021,1873,148,112.3,104.1
2020,대학교,사립,부산,기존,고신대학교,자연과학계열,1327,0,1323,1265,58,99.7,95.3
2020,대학교,사립,부산,기존,고신대학교,예ㆍ체능계열,265,0,271,266,5,102.3,100.4
2020,대학교,사립,부산,기존,고신대학교,의학계열,304,0,305,305,0,100.3,100.3
2020,교육대학,국립,충남,기존,공주교육대학교,인문ㆍ사회계열,1416,0,642,605,37,45.3,42.7
2020,대학교,사립,광주,기존,광신대학교,인문ㆍ사회계열,379,0,409,378,31,107.9,99.7
2020,대학교,사립,광주,기존,광신대학교,예ㆍ체능계열,124,0,105,105,0,84.7,84.7
2020,대학교,사립,서울,기존,광운대학교,인문ㆍ사회계열,2368,0,3308,2454,854,139.7,103.6
2020,대학교,사립,서울,기존,광운대학교,자연과학계열,560,0,712,516,196,127.1,92.1
2020,대학교,사립,서울,기존,광운대학교,예ㆍ체능계열,148,0,150,136,14,101.4,91.9
2020,대학교,사립,서울,기존,광운대학교,공학계열,3694,0,4011,3598,413,108.6,97.4
2020,대학교,사립,전남,기존,광주가톨릭대학교,인문ㆍ사회계열,160,0,89,89,0,55.6,55.6
2020,대학교,특별법법인,광주,기존,광주과학기술원,자연과학계열,800,2,419,419,0,52.5,52.5
2020,교육대학,국립,광주,기존,광주교육대학교,인문ㆍ사회계열,1304,0,587,543,44,45,41.6
2020,대학교,사립,광주,기존,광주대학교,인문ㆍ사회계열,3117,0,3572,3346,226,114.6,107.3
2020,대학교,사립,광주,기존,광주대학교,자연과학계열,920,0,986,888,98,107.2,96.5
2020,대학교,사립,광주,기존,광주대학교,예ㆍ체능계열,960,0,953,921,32,99.3,95.9
2020,대학교,사립,광주,기존,광주대학교,공학계열,1595,0,1452,1394,58,91,87.4
2020,대학교,사립,광주,기존,광주여자대학교,인문ㆍ사회계열,1474,0,1560,1387,173,105.8,94.1
2020,대학교,사립,광주,기존,광주여자대학교,자연과학계열,1986,0,2056,1905,151,103.5,95.9
2020,대학교,사립,광주,기존,광주여자대학교,예ㆍ체능계열,120,0,119,119,0,99.2,99.2
2020,대학교,국립,강원,기존,국립강릉원주대학교,인문ㆍ사회계열,1935,0,2185,1949,236,112.9,100.7
2020,대학교,국립,강원,기존,국립강릉원주대학교,자연과학계열,1925,0,1932,1823,109,100.4,94.7
2020,대학교,국립,강원,기존,국립강릉원주대학교,예ㆍ체능계열,593,0,598,589,9,100.8,99.3
2020,대학교,국립,강원,기존,국립강릉원주대학교,공학계열,843,0,903,836,67,107.1,99.2
2020,대학교,국립,강원,기존,국립강릉원주대학교,의학계열,160,0,157,147,10,98.1,91.9
2020,대학교,국립,강원,기존,국립강릉원주대학교 _제2캠퍼스,인문ㆍ사회계열,480,0,488,471,17,101.7,98.1
2020,대학교,국립,강원,기존,국립강릉원주대학교 _제2캠퍼스,자연과학계열,300,0,321,292,29,107,97.3
2020,대학교,국립,강원,기존,국립강릉원주대학교 _제2캠퍼스,공학계열,1176,0,1252,1175,77,106.5,99.9
2020,대학교,국립,경북,기존,국립경국대학교,인문ㆍ사회계열,1848,0,1788,1684,104,96.8,91.1
2020,대학교,국립,경북,기존,국립경국대학교,자연과학계열,1806,0,1866,1769,97,103.3,98
2020,대학교,국립,경북,기존,국립경국대학교,예ㆍ체능계열,348,0,336,330,6,96.6,94.8
2020,대학교,국립,경북,기존,국립경국대학교,공학계열,1822,0,1872,1766,106,102.7,96.9
2020,대학교,국립,충남,기존,국립공주대학교,인문ㆍ사회계열,3024,0,3478,3046,432,115,100.7
2020,대학교,국립,충남,기존,국립공주대학교,자연과학계열,3416,0,3759,3371,388,110,98.7
2020,대학교,국립,충남,기존,국립공주대학교,예ㆍ체능계열,996,0,1098,1029,69,110.2,103.3
2020,대학교,국립,충남,기존,국립공주대학교,공학계열,3517,0,4610,3658,952,131.1,104
2020,대학교,국립,전북,기존,국립군산대학교,인문ㆍ사회계열,1716,0,1993,1800,193,116.1,104.9
2020,대학교,국립,전북,기존,국립군산대학교,자연과학계열,1440,0,1493,1413,80,103.7,98.1
2020,대학교,국립,전북,기존,국립군산대학교,예ㆍ체능계열,424,0,442,431,11,104.2,101.7
2020,대학교,국립,전북,기존,국립군산대학교,공학계열,3360,0,3385,3159,226,100.7,94
2020,대학교,국립,경북,기존,국립금오공과대학교,인문ㆍ사회계열,160,0,210,162,48,131.3,101.3
2020,대학교,국립,경북,기존,국립금오공과대학교,자연과학계열,162,0,258,244,14,159.3,150.6
2020,대학교,국립,경북,기존,국립금오공과대학교,공학계열,4528,0,5106,4545,561,112.8,100.4
2020,대학교,국립,전남,기존,국립목포대학교,인문ㆍ사회계열,2488,0,2899,2629,270,116.5,105.7
2020,대학교,국립,전남,기존,국립목포대학교,자연과학계열,1484,0,1502,1422,80,101.2,95.8
2020,대학교,국립,전남,기존,국립목포대학교,예ㆍ체능계열,380,0,405,393,12,106.6,103.4
2020,대학교,국립,전남,기존,국립목포대학교,공학계열,2101,0,2523,2173,350,120.1,103.4
2020,대학교,국립,전남,기존,국립목포해양대학교,공학계열,2764,0,2548,2427,121,92.2,87.8
2020,대학교,국립,부산,기존,국립부경대학교,인문ㆍ사회계열,3780,0,5167,4285,882,136.7,113.4
2020,대학교,국립,부산,기존,국립부경대학교,자연과학계열,2292,0,2525,2335,190,110.2,101.9
2020,대학교,국립,부산,기존,국립부경대학교,예ㆍ체능계열,484,0,530,467,63,109.5,96.5
2020,대학교,국립,부산,기존,국립부경대학교,공학계열,6566,0,7872,7019,853,119.9,106.9
2020,대학교,국립,전남,기존,국립순천대학교,인문ㆍ사회계열,1920,0,2220,1951,269,115.6,101.6
2020,대학교,국립,전남,기존,국립순천대학교,자연과학계열,2273,0,2238,2066,172,98.5,90.9
2020,대학교,국립,전남,기존,국립순천대학교,예ㆍ체능계열,636,0,707,671,36,111.2,105.5
2020,대학교,국립,전남,기존,국립순천대학교,공학계열,1673,0,1823,1677,146,109,100.2
2020,대학교,국립,경남,기존,국립창원대학교,인문ㆍ사회계열,3036,0,3521,3098,423,116,102
2020,대학교,국립,경남,기존,국립창원대학교,자연과학계열,1116,0,1173,1094,79,105.1,98
2020,대학교,국립,경남,기존,국립창원대학교,예ㆍ체능계열,640,0,638,634,4,99.7,99.1
2020,대학교,국립,경남,기존,국립창원대학교,공학계열,2246,0,2583,2328,255,115,103.7
2020,대학교,국립,충북,기존,국립한국교통대학교,인문ㆍ사회계열,2040,0,2053,1885,168,100.6,92.4
2020,대학교,국립,충북,기존,국립한국교통대학교,자연과학계열,796,0,781,726,55,98.1,91.2
2020,대학교,국립,충북,기존,국립한국교통대학교,예ㆍ체능계열,396,0,396,364,32,100,91.9
2020,대학교,국립,충북,기존,국립한국교통대학교,공학계열,4439,0,5024,4573,451,113.2,103
2020,대학교,국립,부산,기존,국립한국해양대학교,인문ㆍ사회계열,1148,0,1554,1267,287,135.4,110.4
2020,대학교,국립,부산,기존,국립한국해양대학교,자연과학계열,368,0,483,380,103,131.3,103.3
2020,대학교,국립,부산,기존,국립한국해양대학교,예ㆍ체능계열,100,0,102,90,12,102,90
2020,대학교,국립,부산,기존,국립한국해양대학교,공학계열,4144,0,4283,3970,313,103.4,95.8
2020,대학교,국립,대전,기존,국립한밭대학교,인문ㆍ사회계열,1696,0,2235,1876,359,131.8,110.6
2020,대학교,국립,대전,기존,국립한밭대학교,예ㆍ체능계열,486,0,531,472,59,109.3,97.1
2020,대학교,국립,대전,기존,국립한밭대학교,공학계열,5227,0,6023,5353,670,115.2,102.4
2020,대학교,사립,서울,기존,국민대학교,인문ㆍ사회계열,4536,0,7179,4996,2183,158.3,110.1
2020,대학교,사립,서울,기존,국민대학교,자연과학계열,1180,0,1420,1234,186,120.3,104.6
2020,대학교,사립,서울,기존,국민대학교,예ㆍ체능계열,2170,0,2502,2281,221,115.3,105.1
2020,대학교,사립,서울,기존,국민대학교,공학계열,3621,0,4008,3507,501,110.7,96.9
2020,대학교,사립,충북,기존,극동대학교,인문ㆍ사회계열,1111,0,1145,1091,54,103.1,98.2
2020,대학교,사립,충북,기존,극동대학교,자연과학계열,965,0,979,894,85,101.5,92.6
2020,대학교,사립,충북,기존,극동대학교,예ㆍ체능계열,749,0,731,716,15,97.6,95.6
2020,대학교,사립,충북,기존,극동대학교,공학계열,915,0,829,774,55,90.6,84.6
2020,대학교,사립,충남,기존,금강대학교,인문ㆍ사회계열,510,0,393,383,10,77.1,75.1
2020,대학교,사립,경북,기존,김천대학교,인문ㆍ사회계열,711,0,665,547,118,93.5,76.9
2020,대학교,사립,경북,기존,김천대학교,자연과학계열,2315,1,2080,1882,198,89.9,81.3
2020,대학교,사립,경북,기존,김천대학교,예ㆍ체능계열,75,0,57,54,3,76,72
2020,대학교,사립,경북,기존,김천대학교,공학계열,243,0,196,170,26,80.7,70
2020,대학교,사립,충남,기존,나사렛대학교,인문ㆍ사회계열,2980,0,3319,2894,425,111.4,97.1
2020,대학교,사립,충남,기존,나사렛대학교,자연과학계열,1030,0,983,878,105,95.4,85.2
2020,대학교,사립,충남,기존,나사렛대학교,예ㆍ체능계열,834,0,844,753,91,101.2,90.3
2020,대학교,사립,광주,기존,남부대학교,인문ㆍ사회계열,544,0,649,530,119,119.3,97.4
2020,대학교,사립,광주,기존,남부대학교,자연과학계열,1735,0,1829,1622,207,105.4,93.5
2020,대학교,사립,광주,기존,남부대학교,예ㆍ체능계열,240,0,254,240,14,105.8,100
2020,대학교,사립,광주,기존,남부대학교,공학계열,301,0,321,210,111,106.6,69.8
2020,대학교,사립,충남,기존,남서울대학교,인문ㆍ사회계열,3864,0,4300,3799,501,111.3,98.3
2020,대학교,사립,충남,기존,남서울대학교,자연과학계열,896,0,1069,868,201,119.3,96.9
2020,대학교,사립,충남,기존,남서울대학교,예ㆍ체능계열,1537,0,1675,1566,109,109,101.9
2020,대학교,사립,충남,기존,남서울대학교,공학계열,2515,0,2458,2318,140,97.7,92.2
2020,대학교,사립,경기,기존,단국대학교,인문ㆍ사회계열,4112,0,5832,4803,1029,141.8,116.8
2020,대학교,사립,경기,기존,단국대학교,자연과학계열,240,0,260,256,4,108.3,106.7
2020,대학교,사립,경기,기존,단국대학교,예ㆍ체능계열,1480,0,1744,1529,215,117.8,103.3
2020,대학교,사립,경기,기존,단국대학교,공학계열,3318,0,3855,3417,438,116.2,103
2020,대학교,사립,충남,기존,단국대학교 _제2캠퍼스,인문ㆍ사회계열,2806,0,3695,3179,516,131.7,113.3
2020,대학교,사립,충남,기존,단국대학교 _제2캠퍼스,자연과학계열,3696,0,3878,3592,286,104.9,97.2
2020,대학교,사립,충남,기존,단국대학교 _제2캠퍼스,예ㆍ체능계열,1492,0,1691,1587,104,113.3,106.4
2020,대학교,사립,충남,기존,단국대학교 _제2캠퍼스,공학계열,1266,0,1469,1333,136,116,105.3
2020,대학교,사립,충남,기존,단국대학교 _제2캠퍼스,의학계열,440,0,440,424,16,100,96.4
2020,대학교,사립,경북,기존,대구가톨릭대학교,인문ㆍ사회계열,4711,0,5101,4654,447,108.3,98.8
2020,대학교,사립,경북,기존,대구가톨릭대학교,자연과학계열,2803,0,3008,2780,228,107.3,99.2
2020,대학교,사립,경북,기존,대구가톨릭대학교,예ㆍ체능계열,1480,0,1480,1459,21,100,98.6
2020,대학교,사립,경북,기존,대구가톨릭대학교,공학계열,2604,0,2677,2488,189,102.8,95.5
2020,대학교,사립,경북,기존,대구가톨릭대학교,의학계열,160,0,167,154,13,104.4,96.3
2020,대학교,특별법법인,대구,기존,대구경북과학기술원,자연과학계열,880,0,769,764,5,87.4,86.8
2020,교육대학,국립,대구,기존,대구교육대학교,인문ㆍ사회계열,1532,0,724,673,51,47.3,43.9
2020,대학교,사립,경북,기존,대구대학교,인문ㆍ사회계열,8027,0,8619,7508,1111,107.4,93.5
2020,대학교,사립,경북,기존,대구대학교,자연과학계열,3402,0,3464,3264,200,101.8,95.9
2020,대학교,사립,경북,기존,대구대학교,예ㆍ체능계열,1456,0,1531,1408,123,105.2,96.7
2020,대학교,사립,경북,기존,대구대학교,공학계열,3351,0,3457,3034,423,103.2,90.5
2020,대학교,사립,경북,기존,대구예술대학교,예ㆍ체능계열,1753,0,948,934,14,54.1,53.3
2020,대학교,사립,경북,기존,대구한의대학교,인문ㆍ사회계열,1473,0,1755,1536,219,119.1,104.3
2020,대학교,사립,경북,기존,대구한의대학교,자연과학계열,2783,0,3017,2792,225,108.4,100.3
2020,대학교,사립,경북,기존,대구한의대학교,예ㆍ체능계열,440,0,562,506,56,127.7,115
2020,대학교,사립,경북,기존,대구한의대학교,공학계열,1160,0,1064,1016,48,91.7,87.6
2020,대학교,사립,경북,기존,대구한의대학교,의학계열,432,0,451,417,34,104.4,96.5
2020,대학교,사립,경북,기존,대신대학교,인문ㆍ사회계열,304,0,288,282,6,94.7,92.8
2020,대학교,사립,경북,기존,대신대학교,예ㆍ체능계열,160,0,120,118,2,75,73.8
2020,대학교,사립,세종,기존,대전가톨릭대학교,인문ㆍ사회계열,160,0,44,44,0,27.5,27.5
2020,대학교,사립,대전,기존,대전대학교,인문ㆍ사회계열,3952,0,4211,3925,286,106.6,99.3
2020,대학교,사립,대전,기존,대전대학교,자연과학계열,1514,0,1646,1475,171,108.7,97.4
2020,대학교,사립,대전,기존,대전대학교,예ㆍ체능계열,630,0,627,621,6,99.5,98.6
2020,대학교,사립,대전,기존,대전대학교,공학계열,2188,0,2198,2031,167,100.5,92.8
2020,대학교,사립,대전,기존,대전대학교,의학계열,288,0,297,267,30,103.1,92.7
2020,대학교,사립,대전,기존,대전신학대학교,인문ㆍ사회계열,212,0,85,84,1,40.1,39.6
2020,대학교,사립,경기,기존,대진대학교,인문ㆍ사회계열,3205,0,3479,3148,331,108.5,98.2
2020,대학교,사립,경기,기존,대진대학교,자연과학계열,932,0,922,838,84,98.9,89.9
2020,대학교,사립,경기,기존,대진대학교,예ㆍ체능계열,828,0,872,798,74,105.3,96.4
2020,대학교,사립,경기,기존,대진대학교,공학계열,2287,0,2165,2050,115,94.7,89.6
2020,대학교,사립,서울,기존,덕성여자대학교,인문ㆍ사회계열,2724,0,3087,2819,268,113.3,103.5
2020,대학교,사립,서울,기존,덕성여자대학교,자연과학계열,948,0,1023,942,81,107.9,99.4
2020,대학교,사립,서울,기존,덕성여자대학교,예ㆍ체능계열,599,0,681,637,44,113.7,106.3
2020,대학교,사립,서울,기존,덕성여자대학교,공학계열,670,0,715,686,29,106.7,102.4
2020,대학교,사립,서울,기존,동국대학교,인문ㆍ사회계열,5332,0,7626,5718,1908,143,107.2
2020,대학교,사립,서울,기존,동국대학교,자연과학계열,1474,0,1560,1434,126,105.8,97.3
2020,대학교,사립,서울,기존,동국대학교,예ㆍ체능계열,840,0,1040,830,210,123.8,98.8
2020,대학교,사립,서울,기존,동국대학교,공학계열,3214,0,3718,3337,381,115.7,103.8
2020,대학교,사립,경북,기존,동국대학교(WISE) _분교,인문ㆍ사회계열,3688,0,4064,3532,532,110.2,95.8
2020,대학교,사립,경북,기존,동국대학교(WISE) _분교,자연과학계열,1558,0,1625,1495,130,104.3,96
2020,대학교,사립,경북,기존,동국대학교(WISE) _분교,예ㆍ체능계열,494,0,498,486,12,100.8,98.4
2020,대학교,사립,경북,기존,동국대학교(WISE) _분교,공학계열,1058,0,1134,997,137,107.2,94.2
2020,대학교,사립,경북,기존,동국대학교(WISE) _분교,의학계열,337,0,349,307,42,103.6,91.1
2020,대학교,사립,서울,기존,동덕여자대학교,인문ㆍ사회계열,2572,33,3075,2583,492,121.1,101.7
2020,대학교,사립,서울,기존,동덕여자대학교,자연과학계열,1244,13,1400,1240,160,113.7,100.7
2020,대학교,사립,서울,기존,동덕여자대학교,예ㆍ체능계열,2372,30,2463,2400,63,105.2,102.5
2020,대학교,사립,부산,기존,동명대학교,인문ㆍ사회계열,2605,0,3032,2544,488,116.4,97.7
2020,대학교,사립,부산,기존,동명대학교,자연과학계열,567,0,639,554,85,112.7,97.7
2020,대학교,사립,부산,기존,동명대학교,예ㆍ체능계열,590,0,704,660,44,119.3,111.9
2020,대학교,사립,부산,기존,동명대학교,공학계열,3510,0,3460,3199,261,98.6,91.1
2020,대학교,사립,부산,기존,동서대학교,인문ㆍ사회계열,3910,0,4412,3971,441,112.8,101.6
2020,대학교,사립,부산,기존,동서대학교,자연과학계열,1045,0,1186,1047,139,113.5,100.2
2020,대학교,사립,부산,기존,동서대학교,예ㆍ체능계열,1840,0,1911,1785,126,103.9,97
2020,대학교,사립,부산,기존,동서대학교,공학계열,2925,0,2858,2680,178,97.7,91.6
2020,대학교,사립,전남,기존,동신대학교,인문ㆍ사회계열,1872,0,2102,1771,331,112.3,94.6
2020,대학교,사립,전남,기존,동신대학교,자연과학계열,2060,0,2126,1935,191,103.2,93.9
2020,대학교,사립,전남,기존,동신대학교,예ㆍ체능계열,420,0,439,398,41,104.5,94.8
2020,대학교,사립,전남,기존,동신대학교,공학계열,1760,0,1444,1388,56,82,78.9
2020,대학교,사립,전남,기존,동신대학교,의학계열,160,0,194,157,37,121.3,98.1
2020,대학교,사립,부산,기존,동아대학교,인문ㆍ사회계열,6700,0,8035,7224,811,119.9,107.8
2020,대학교,사립,부산,기존,동아대학교,자연과학계열,2888,0,2774,2619,155,96.1,90.7
2020,대학교,사립,부산,기존,동아대학교,예ㆍ체능계열,1786,0,1917,1857,60,107.3,104
2020,대학교,사립,부산,기존,동아대학교,공학계열,4810,0,5423,4869,554,112.7,101.2
2020,대학교,사립,부산,기존,동아대학교,의학계열,196,0,193,192,1,98.5,98
2020,대학교,사립,경북,기존,동양대학교,인문ㆍ사회계열,1397,0,1329,1269,60,95.1,90.8
2020,대학교,사립,경북,기존,동양대학교,자연과학계열,240,0,301,245,56,125.4,102.1
2020,대학교,사립,경북,기존,동양대학교,예ㆍ체능계열,844,0,801,735,66,94.9,87.1
2020,대학교,사립,경북,기존,동양대학교,공학계열,1663,0,1564,1520,44,94,91.4
2020,대학교,사립,부산,기존,동의대학교,인문ㆍ사회계열,4935,0,5772,5066,706,117,102.7
2020,대학교,사립,부산,기존,동의대학교,자연과학계열,1750,0,1817,1731,86,103.8,98.9
2020,대학교,사립,부산,기존,동의대학교,예ㆍ체능계열,1260,0,1265,1234,31,100.4,97.9
2020,대학교,사립,부산,기존,동의대학교,공학계열,6375,0,5784,5411,373,90.7,84.9
2020,대학교,사립,부산,기존,동의대학교,의학계열,200,0,187,187,0,93.5,93.5
2020,대학교,사립,경기,기존,루터대학교,인문ㆍ사회계열,355,0,369,361,8,103.9,101.7
2020,대학교,사립,경기,기존,명지대학교,자연과학계열,720,0,740,694,46,102.8,96.4
2020,대학교,사립,경기,기존,명지대학교,예ㆍ체능계열,1293,0,1346,1309,37,104.1,101.2
2020,대학교,사립,경기,기존,명지대학교,공학계열,3669,0,3958,3645,313,107.9,99.3
2020,대학교,사립,서울,기존,명지대학교 _제2캠퍼스,인문ㆍ사회계열,4652,0,6856,4849,2007,147.4,104.2
2020,대학교,사립,서울,기존,명지대학교 _제2캠퍼스,공학계열,400,0,345,334,11,86.3,83.5
2020,대학교,사립,대전,기존,목원대학교,인문ㆍ사회계열,3232,0,3313,3063,250,102.5,94.8
2020,대학교,사립,대전,기존,목원대학교,자연과학계열,943,0,925,872,53,98.1,92.5
2020,대학교,사립,대전,기존,목원대학교,예ㆍ체능계열,2060,0,2114,2050,64,102.6,99.5
2020,대학교,사립,대전,기존,목원대학교,공학계열,1264,0,1242,1150,92,98.3,91
2020,대학교,사립,전남,기존,목포가톨릭대학교,인문ㆍ사회계열,136,0,126,126,0,92.6,92.6
2020,대학교,사립,전남,기존,목포가톨릭대학교,자연과학계열,354,0,383,354,29,108.2,100
2020,대학교,사립,대전,기존,배재대학교,인문ㆍ사회계열,3833,0,3935,3694,241,102.7,96.4
2020,대학교,사립,대전,기존,배재대학교,자연과학계열,1591,0,1617,1511,106,101.6,95
2020,대학교,사립,대전,기존,배재대학교,예ㆍ체능계열,832,0,839,818,21,100.8,98.3
2020,대학교,사립,대전,기존,배재대학교,공학계열,1964,0,2007,1875,132,102.2,95.5
2020,대학교,사립,충남,기존,백석대학교,인문ㆍ사회계열,5665,0,6155,5616,539,108.6,99.1
2020,대학교,사립,충남,기존,백석대학교,자연과학계열,2795,0,3001,2636,365,107.4,94.3
2020,대학교,사립,충남,기존,백석대학교,예ㆍ체능계열,2700,0,2672,2527,145,99,93.6
2020,대학교,사립,부산,기존,부산가톨릭대학교,인문ㆍ사회계열,894,0,888,857,31,99.3,95.9
2020,대학교,사립,부산,기존,부산가톨릭대학교,자연과학계열,2370,0,2683,2375,308,113.2,100.2
2020,대학교,사립,부산,기존,부산가톨릭대학교,공학계열,400,0,377,375,2,94.3,93.8
2020,교육대학,국립,부산,기존,부산교육대학교,인문ㆍ사회계열,1424,0,694,639,55,48.7,44.9
2020,대학교,국립,부산,기존,부산대학교,인문ㆍ사회계열,5328,0,6756,6005,751,126.8,112.7
2020,대학교,국립,부산,기존,부산대학교,자연과학계열,4218,0,4652,4256,396,110.3,100.9
2020,대학교,국립,부산,기존,부산대학교,예ㆍ체능계열,1260,0,1526,1376,150,121.1,109.2
2020,대학교,국립,부산,기존,부산대학교,공학계열,5948,0,7080,6363,717,119,107
2020,대학교,국립,부산,기존,부산대학교,의학계열,500,0,488,488,0,97.6,97.6
2020,대학교,사립,부산,기존,부산외국어대학교,인문ㆍ사회계열,6216,0,7091,6318,773,114.1,101.6
2020,대학교,사립,부산,기존,부산외국어대학교,예ㆍ체능계열,240,0,253,222,31,105.4,92.5
2020,대학교,사립,부산,기존,부산외국어대학교,공학계열,870,0,744,713,31,85.5,82
2020,대학교,사립,경남,기존,부산장신대학교,인문ㆍ사회계열,253,0,221,215,6,87.4,85
2020,대학교,사립,서울,기존,삼육대학교,인문ㆍ사회계열,1694,0,2057,1806,251,121.4,106.6
2020,대학교,사립,서울,기존,삼육대학교,자연과학계열,1676,0,1936,1706,230,115.5,101.8
2020,대학교,사립,서울,기존,삼육대학교,예ㆍ체능계열,678,0,787,731,56,116.1,107.8
2020,대학교,사립,서울,기존,삼육대학교,공학계열,632,0,737,672,65,116.6,106.3
2020,대학교,사립,서울,기존,상명대학교,인문ㆍ사회계열,2552,0,3610,2579,1031,141.5,101.1
2020,대학교,사립,서울,기존,상명대학교,자연과학계열,881,0,1229,979,250,139.5,111.1
2020,대학교,사립,서울,기존,상명대학교,예ㆍ체능계열,751,0,819,777,42,109.1,103.5
2020,대학교,사립,서울,기존,상명대학교,공학계열,1024,0,886,787,99,86.5,76.9
2020,대학교,사립,충남,기존,상명대학교 _제2캠퍼스,인문ㆍ사회계열,984,0,1136,1023,113,115.4,104
2020,대학교,사립,충남,기존,상명대학교 _제2캠퍼스,자연과학계열,558,0,586,517,69,105,92.7
2020,대학교,사립,충남,기존,상명대학교 _제2캠퍼스,예ㆍ체능계열,1934,0,2482,2147,335,128.3,111
2020,대학교,사립,충남,기존,상명대학교 _제2캠퍼스,공학계열,1744,0,1501,1442,59,86.1,82.7
2020,대학교,사립,강원,기존,상지대학교,인문ㆍ사회계열,3228,0,2959,2764,195,91.7,85.6
2020,대학교,사립,강원,기존,상지대학교,자연과학계열,2026,0,1917,1836,81,94.6,90.6
2020,대학교,사립,강원,기존,상지대학교,예ㆍ체능계열,985,0,886,848,38,89.9,86.1
2020,대학교,사립,강원,기존,상지대학교,공학계열,1017,0,895,841,54,88,82.7
2020,대학교,사립,강원,기존,상지대학교,의학계열,240,0,216,216,0,90,90
2020,대학교,사립,서울,기존,서강대학교,인문ㆍ사회계열,3848,0,5526,4020,1506,143.6,104.5
2020,대학교,사립,서울,기존,서강대학교,자연과학계열,840,0,880,808,72,104.8,96.2
2020,대학교,사립,서울,기존,서강대학교,공학계열,1608,0,1869,1654,215,116.2,102.9
2020,대학교,사립,서울,기존,서경대학교,인문ㆍ사회계열,1538,0,2006,1704,302,130.4,110.8
2020,대학교,사립,서울,기존,서경대학교,자연과학계열,320,0,336,302,34,105,94.4
2020,대학교,사립,서울,기존,서경대학교,예ㆍ체능계열,1716,0,2186,1600,586,127.4,93.2
2020,대학교,사립,서울,기존,서경대학교,공학계열,1600,0,1657,1497,160,103.6,93.6
2020,대학교,국립,서울,기존,서울과학기술대학교,인문ㆍ사회계열,977,0,1583,1172,411,162,120
2020,대학교,국립,서울,기존,서울과학기술대학교,자연과학계열,578,0,671,609,62,116.1,105.4
2020,대학교,국립,서울,기존,서울과학기술대학교,예ㆍ체능계열,1010,0,1332,1196,136,131.9,118.4
2020,대학교,국립,서울,기존,서울과학기술대학교,공학계열,5755,0,7001,6249,752,121.7,108.6
2020,교육대학,국립,서울,기존,서울교육대학교,인문ㆍ사회계열,1420,0,1553,1404,149,109.4,98.9
2020,대학교,사립,서울,기존,서울기독대학교,인문ㆍ사회계열,352,0,320,308,12,90.9,87.5
2020,대학교,사립,서울,기존,서울기독대학교,예ㆍ체능계열,205,0,181,181,0,88.3,88.3
2020,대학교,국립대법인,서울,기존,서울대학교,인문ㆍ사회계열,4612,0,6519,5917,602,141.3,128.3
2020,대학교,국립대법인,서울,기존,서울대학교,자연과학계열,3550,0,4093,3688,405,115.3,103.9
2020,대학교,국립대법인,서울,기존,서울대학교,예ㆍ체능계열,1140,0,1440,1337,103,126.3,117.3
2020,대학교,국립대법인,서울,기존,서울대학교,공학계열,3120,0,3758,3437,321,120.4,110.2
2020,대학교,국립대법인,서울,기존,서울대학교,의학계열,700,0,798,691,107,114,98.7
2020,대학교,공립,서울,기존,서울시립대학교,인문ㆍ사회계열,3094,0,4335,3860,475,140.1,124.8
2020,대학교,공립,서울,기존,서울시립대학교,자연과학계열,656,0,793,729,64,120.9,111.1
2020,대학교,공립,서울,기존,서울시립대학교,예ㆍ체능계열,528,0,644,626,18,122,118.6
2020,대학교,공립,서울,기존,서울시립대학교,공학계열,2510,0,3256,2901,355,129.7,115.6
2020,대학교,사립,경기,기존,서울신학대학교,인문ㆍ사회계열,1661,0,1843,1697,146,111,102.2
2020,대학교,사립,경기,기존,서울신학대학교,예ㆍ체능계열,385,0,375,369,6,97.4,95.8
2020,대학교,사립,서울,기존,서울여자대학교,인문ㆍ사회계열,3528,0,3971,3567,404,112.6,101.1
2020,대학교,사립,서울,기존,서울여자대학교,자연과학계열,2120,0,2405,2215,190,113.4,104.5
2020,대학교,사립,서울,기존,서울여자대학교,예ㆍ체능계열,720,0,765,743,22,106.3,103.2
2020,대학교,사립,경기,기존,서울장신대학교,인문ㆍ사회계열,350,0,384,361,23,109.7,103.1
2020,대학교,사립,경기,기존,서울장신대학교,예ㆍ체능계열,111,0,92,90,2,82.9,81.1
2020,대학교,사립,서울,기존,서울한영대학교,인문ㆍ사회계열,640,0,628,570,58,98.1,89.1
2020,대학교,사립,서울,기존,서울한영대학교,예ㆍ체능계열,80,0,67,67,0,83.8,83.8
2020,대학교,사립,충북,기존,서원대학교,인문ㆍ사회계열,2919,0,3277,2865,412,112.3,98.2
2020,대학교,사립,충북,기존,서원대학교,자연과학계열,1120,0,1183,1126,57,105.6,100.5
2020,대학교,사립,충북,기존,서원대학교,예ㆍ체능계열,794,0,790,733,57,99.5,92.3
2020,대학교,사립,충북,기존,서원대학교,공학계열,1655,0,1610,1572,38,97.3,95
2020,대학교,사립,충남,기존,선문대학교,인문ㆍ사회계열,3104,0,4283,3375,908,138,108.7
2020,대학교,사립,충남,기존,선문대학교,자연과학계열,1028,0,1201,984,217,116.8,95.7
2020,대학교,사립,충남,기존,선문대학교,예ㆍ체능계열,460,0,501,441,60,108.9,95.9
2020,대학교,사립,충남,기존,선문대학교,공학계열,3647,0,3267,3044,223,89.6,83.5
2020,대학교,사립,경기,기존,성결대학교,인문ㆍ사회계열,2920,0,3207,2964,243,109.8,101.5
2020,대학교,사립,경기,기존,성결대학교,예ㆍ체능계열,772,0,912,845,67,118.1,109.5
2020,대학교,사립,경기,기존,성결대학교,공학계열,1220,0,1299,1210,89,106.5,99.2
2020,대학교,사립,서울,기존,성공회대학교,인문ㆍ사회계열,1415,0,1494,1394,100,105.6,98.5
2020,대학교,사립,서울,기존,성공회대학교,공학계열,593,0,618,596,22,104.2,100.5
2020,대학교,사립,서울,기존,성균관대학교,인문ㆍ사회계열,6102,0,10019,6852,3167,164.2,112.3
2020,대학교,사립,서울,기존,성균관대학교,자연과학계열,1644,0,1641,1389,252,99.8,84.5
2020,대학교,사립,서울,기존,성균관대학교,예ㆍ체능계열,1155,0,1539,1275,264,133.2,110.4
2020,대학교,사립,서울,기존,성균관대학교,공학계열,4491,0,5943,4801,1142,132.3,106.9
2020,대학교,사립,서울,기존,성균관대학교,의학계열,136,0,163,159,4,119.9,116.9
2020,대학교,사립,서울,기존,성신여자대학교,인문ㆍ사회계열,3604,0,4097,3714,383,113.7,103.1
2020,대학교,사립,서울,기존,성신여자대학교,자연과학계열,1192,0,1379,1216,163,115.7,102
2020,대학교,사립,서울,기존,성신여자대학교,예ㆍ체능계열,2144,0,2119,2054,65,98.8,95.8
2020,대학교,사립,서울,기존,성신여자대학교,공학계열,1300,0,1273,1131,142,97.9,87
2020,대학교,사립,충북,기존,세명대학교,인문ㆍ사회계열,3010,0,3107,2883,224,103.2,95.8
2020,대학교,사립,충북,기존,세명대학교,자연과학계열,2540,0,2626,2424,202,103.4,95.4
2020,대학교,사립,충북,기존,세명대학교,예ㆍ체능계열,800,0,808,744,64,101,93
2020,대학교,사립,충북,기존,세명대학교,공학계열,1090,0,1089,1037,52,99.9,95.1
2020,대학교,사립,충북,기존,세명대학교,의학계열,160,0,174,160,14,108.8,100
2020,대학교,사립,서울,기존,세종대학교,인문ㆍ사회계열,2332,0,3730,2610,1120,159.9,111.9
2020,대학교,사립,서울,기존,세종대학교,자연과학계열,612,0,707,668,39,115.5,109.2
2020,대학교,사립,서울,기존,세종대학교,예ㆍ체능계열,916,0,1322,1202,120,144.3,131.2
2020,대학교,사립,서울,기존,세종대학교,공학계열,5471,0,6184,5406,778,113,98.8
2020,대학교,사립,전남,기존,세한대학교,인문ㆍ사회계열,1278,0,1506,1469,37,117.8,114.9
2020,대학교,사립,전남,기존,세한대학교,자연과학계열,713,0,742,615,127,104.1,86.3
2020,대학교,사립,전남,기존,세한대학교,예ㆍ체능계열,1361,0,1286,1274,12,94.5,93.6
2020,대학교,사립,전남,기존,세한대학교,공학계열,446,0,380,370,10,85.2,83
2020,대학교,사립,광주,기존,송원대학교,인문ㆍ사회계열,1100,0,1136,998,138,103.3,90.7
2020,대학교,사립,광주,기존,송원대학교,자연과학계열,785,0,770,679,91,98.1,86.5
2020,대학교,사립,광주,기존,송원대학교,예ㆍ체능계열,435,0,413,406,7,94.9,93.3
2020,대학교,사립,광주,기존,송원대학교,공학계열,800,0,661,642,19,82.6,80.3
2020,대학교,사립,경기,기존,수원가톨릭대학교,인문ㆍ사회계열,360,0,121,118,3,33.6,32.8
2020,대학교,사립,경기,기존,수원대학교,인문ㆍ사회계열,2275,0,2688,2258,430,118.2,99.3
2020,대학교,사립,경기,기존,수원대학교,자연과학계열,1165,0,1173,1111,62,100.7,95.4
2020,대학교,사립,경기,기존,수원대학교,예ㆍ체능계열,2235,0,2078,2035,43,93,91.1
2020,대학교,사립,경기,기존,수원대학교,공학계열,3109,0,3094,2879,215,99.5,92.6
2020,대학교,사립,서울,기존,숙명여자대학교,인문ㆍ사회계열,4566,0,5726,4791,935,125.4,104.9
2020,대학교,사립,서울,기존,숙명여자대학교,자연과학계열,1270,0,1372,1233,139,108,97.1
2020,대학교,사립,서울,기존,숙명여자대학교,예ㆍ체능계열,1320,0,1448,1421,27,109.7,107.7
2020,대학교,사립,서울,기존,숙명여자대학교,공학계열,1692,0,1577,1482,95,93.2,87.6
2020,각종학교(대학),사립,충북,기존,순복음총회신학교,인문ㆍ사회계열,280,0,155,153,2,55.4,54.6
2020,각종학교(대학),사립,충북,기존,순복음총회신학교,예ㆍ체능계열,44,0,30,30,0,68.2,68.2
2020,대학교,사립,충남,기존,순천향대학교,인문ㆍ사회계열,3296,0,3967,3459,508,120.4,104.9
2020,대학교,사립,충남,기존,순천향대학교,자연과학계열,1894,0,2098,1900,198,110.8,100.3
2020,대학교,사립,충남,기존,순천향대학교,예ㆍ체능계열,584,0,657,642,15,112.5,109.9
2020,대학교,사립,충남,기존,순천향대학교,공학계열,3480,0,3654,3136,518,105,90.1
2020,대학교,사립,충남,기존,순천향대학교,의학계열,372,0,379,355,24,101.9,95.4
2020,대학교,사립,서울,기존,숭실대학교,인문ㆍ사회계열,4620,0,6944,4751,2193,150.3,102.8
2020,대학교,사립,서울,기존,숭실대학교,자연과학계열,884,0,899,821,78,101.7,92.9
2020,대학교,사립,서울,기존,숭실대학교,예ㆍ체능계열,348,0,336,309,27,96.6,88.8
2020,대학교,사립,서울,기존,숭실대학교,공학계열,4878,0,5434,4794,640,111.4,98.3
2020,대학교,사립,경북,기존,신경주대학교,인문ㆍ사회계열,1582,60,482,274,208,31.7,18
2020,대학교,사립,경북,기존,신경주대학교,자연과학계열,655,5,245,201,44,37.7,30.9
2020,대학교,사립,경북,기존,신경주대학교,예ㆍ체능계열,761,9,275,239,36,36.6,31.8
2020,대학교,사립,경북,기존,신경주대학교,공학계열,50,4,11,11,0,23.9,23.9
2020,대학교,사립,부산,기존,신라대학교,인문ㆍ사회계열,3920,0,4594,4051,543,117.2,103.3
2020,대학교,사립,부산,기존,신라대학교,자연과학계열,1660,0,1799,1659,140,108.4,99.9
2020,대학교,사립,부산,기존,신라대학교,예ㆍ체능계열,732,0,762,709,53,104.1,96.9
2020,대학교,사립,부산,기존,신라대학교,공학계열,2278,0,1766,1617,149,77.5,71
2020,대학교,사립,경기,기존,신한대학교,인문ㆍ사회계열,266,0,257,216,41,96.6,81.2
2020,대학교,사립,경기,기존,신한대학교,자연과학계열,360,0,486,366,120,135,101.7
2020,대학교,사립,경기,기존,신한대학교,공학계열,692,0,636,608,28,91.9,87.9
2020,대학교,사립,경기,기존,신한대학교 _제2캠퍼스,인문ㆍ사회계열,1860,0,2190,1792,398,117.7,96.3
2020,대학교,사립,경기,기존,신한대학교 _제2캠퍼스,자연과학계열,1578,0,1730,1509,221,109.6,95.6
2020,대학교,사립,경기,기존,신한대학교 _제2캠퍼스,예ㆍ체능계열,756,0,703,670,33,93,88.6
2020,대학교,사립,경기,기존,신한대학교 _제2캠퍼스,공학계열,300,0,336,271,65,112,90.3
2020,대학교,사립,경기,기존,아신대학교,인문ㆍ사회계열,744,0,617,601,16,82.9,80.8
2020,대학교,사립,경기,기존,아주대학교,인문ㆍ사회계열,2256,0,2951,2389,562,130.8,105.9
2020,대학교,사립,경기,기존,아주대학교,자연과학계열,1112,0,1292,1106,186,116.2,99.5
2020,대학교,사립,경기,기존,아주대학교,예ㆍ체능계열,48,0,37,37,0,77.1,77.1
2020,대학교,사립,경기,기존,아주대학교,공학계열,4098,0,5095,4421,674,124.3,107.9
2020,대학교,사립,경기,기존,아주대학교,의학계열,160,0,172,162,10,107.5,101.3
2020,대학교,사립,경기,기존,안양대학교,인문ㆍ사회계열,1860,0,2134,1963,171,114.7,105.5
2020,대학교,사립,경기,기존,안양대학교,자연과학계열,160,0,258,233,25,161.3,145.6
2020,대학교,사립,경기,기존,안양대학교,예ㆍ체능계열,260,0,330,327,3,126.9,125.8
2020,대학교,사립,경기,기존,안양대학교,공학계열,1756,0,1762,1655,107,100.3,94.2
2020,대학교,사립,인천,기존,안양대학교 _제2캠퍼스,인문ㆍ사회계열,208,0,140,139,1,67.3,66.8
2020,대학교,사립,인천,기존,안양대학교 _제2캠퍼스,공학계열,280,0,186,186,0,66.4,66.4
2020,대학교,사립,서울,기존,연세대학교,인문ㆍ사회계열,6484,20,9529,7231,2298,147.4,111.9
2020,대학교,사립,서울,기존,연세대학교,자연과학계열,2376,2,3119,2514,605,131.4,105.9
2020,대학교,사립,서울,기존,연세대학교,예ㆍ체능계열,836,5,978,918,60,117.7,110.5
2020,대학교,사립,서울,기존,연세대학교,공학계열,3790,11,4558,4027,531,120.6,106.6
2020,대학교,사립,서울,기존,연세대학교,의학계열,680,0,740,660,80,108.8,97.1
2020,대학교,사립,강원,기존,연세대학교(미래) _분교,인문ㆍ사회계열,2320,0,2887,2497,390,124.4,107.6
2020,대학교,사립,강원,기존,연세대학교(미래) _분교,자연과학계열,2478,0,2941,2513,428,118.7,101.4
2020,대학교,사립,강원,기존,연세대학교(미래) _분교,공학계열,880,0,1087,883,204,123.5,100.3
2020,대학교,사립,강원,기존,연세대학교(미래) _분교,의학계열,372,0,417,390,27,112.1,104.8
2020,대학교,사립,경북,기존,영남대학교,인문ㆍ사회계열,6956,0,8208,7227,981,118,103.9
2020,대학교,사립,경북,기존,영남대학교,자연과학계열,3212,0,3326,3106,220,103.5,96.7
2020,대학교,사립,경북,기존,영남대학교,예ㆍ체능계열,1936,0,1931,1855,76,99.7,95.8
2020,대학교,사립,경북,기존,영남대학교,공학계열,6272,0,6682,6094,588,106.5,97.2
2020,대학교,사립,경북,기존,영남대학교,의학계열,304,0,310,310,0,102,102
2020,대학교,사립,경북,기존,영남신학대학교,인문ㆍ사회계열,460,0,470,429,41,102.2,93.3
2020,대학교,사립,경남,기존,영산대학교,인문ㆍ사회계열,825,0,820,783,37,99.4,94.9
2020,대학교,사립,경남,기존,영산대학교,자연과학계열,640,0,776,650,126,121.3,101.6
2020,대학교,사립,경남,기존,영산대학교,예ㆍ체능계열,230,0,272,271,1,118.3,117.8
2020,대학교,사립,경남,기존,영산대학교,공학계열,1070,0,1012,990,22,94.6,92.5
2020,대학교,사립,부산,기존,영산대학교 _제2캠퍼스,인문ㆍ사회계열,1390,0,1918,1478,440,138,106.3
2020,대학교,사립,부산,기존,영산대학교 _제2캠퍼스,자연과학계열,545,0,670,619,51,122.9,113.6
2020,대학교,사립,부산,기존,영산대학교 _제2캠퍼스,예ㆍ체능계열,1240,0,1416,1313,103,114.2,105.9
2020,대학교,사립,부산,기존,영산대학교 _제2캠퍼스,공학계열,60,0,27,27,0,45,45
2020,대학교,사립,전남,기존,영산선학대학교,인문ㆍ사회계열,200,0,29,27,2,14.5,13.5
2020,대학교,사립,전북,기존,예수대학교,인문ㆍ사회계열,66,0,65,65,0,98.5,98.5
2020,대학교,사립,전북,기존,예수대학교,자연과학계열,450,0,486,444,42,108,98.7
2020,대학교,사립,전북,기존,예원예술대학교,예ㆍ체능계열,846,0,1064,649,415,125.8,76.7
2020,대학교,사립,경기,기존,예원예술대학교 _제2캠퍼스,예ㆍ체능계열,396,0,408,358,50,103,90.4
2020,대학교,사립,경기,기존,용인대학교,인문ㆍ사회계열,1441,0,1638,1447,191,113.7,100.4
2020,대학교,사립,경기,기존,용인대학교,자연과학계열,994,0,1016,908,108,102.2,91.3
2020,대학교,사립,경기,기존,용인대학교,예ㆍ체능계열,3221,0,3586,3183,403,111.3,98.8
2020,대학교,사립,전북,기존,우석대학교,인문ㆍ사회계열,2451,0,2889,2449,440,117.9,99.9
2020,대학교,사립,전북,기존,우석대학교,자연과학계열,2051,0,2111,1917,194,102.9,93.5
2020,대학교,사립,전북,기존,우석대학교,예ㆍ체능계열,956,0,999,950,49,104.5,99.4
2020,대학교,사립,전북,기존,우석대학교,공학계열,1502,0,1404,1343,61,93.5,89.4
2020,대학교,사립,전북,기존,우석대학교,의학계열,120,0,130,117,13,108.3,97.5
2020,대학교,사립,대전,기존,우송대학교,인문ㆍ사회계열,3425,0,4552,3340,1212,132.9,97.5
2020,대학교,사립,대전,기존,우송대학교,자연과학계열,1650,0,1757,1625,132,106.5,98.5
2020,대학교,사립,대전,기존,우송대학교,예ㆍ체능계열,780,0,1026,769,257,131.5,98.6
2020,대학교,사립,대전,기존,우송대학교,공학계열,2161,0,2411,2195,216,111.6,101.6
2020,대학교,특별법법인,울산,기존,울산과학기술원,인문ㆍ사회계열,160,0,219,185,34,136.9,115.6
2020,대학교,특별법법인,울산,기존,울산과학기술원,자연과학계열,168,0,233,210,23,138.7,125
2020,대학교,특별법법인,울산,기존,울산과학기술원,공학계열,1112,0,1624,1425,199,146,128.1
2020,대학교,사립,울산,기존,울산대학교,인문ㆍ사회계열,3624,0,4161,3606,555,114.8,99.5
2020,대학교,사립,울산,기존,울산대학교,자연과학계열,2100,0,2099,1964,135,100,93.5
2020,대학교,사립,울산,기존,울산대학교,예ㆍ체능계열,1260,0,1263,1241,22,100.2,98.5
2020,대학교,사립,울산,기존,울산대학교,공학계열,3904,0,4397,4030,367,112.6,103.2
2020,대학교,사립,울산,기존,울산대학교,의학계열,160,0,160,160,0,100,100
2020,대학교,사립,전북,기존,원광대학교,인문ㆍ사회계열,4304,0,5044,4588,456,117.2,106.6
2020,대학교,사립,전북,기존,원광대학교,자연과학계열,3808,0,3805,3521,284,99.9,92.5
2020,대학교,사립,전북,기존,원광대학교,예ㆍ체능계열,1346,0,1343,1319,24,99.8,98
2020,대학교,사립,전북,기존,원광대학교,공학계열,4354,0,3678,3417,261,84.5,78.5
2020,대학교,사립,전북,기존,원광대학교,의학계열,984,0,1137,1009,128,115.5,102.5
2020,대학교,사립,경북,기존,위덕대학교,인문ㆍ사회계열,1467,0,1477,1388,89,100.7,94.6
2020,대학교,사립,경북,기존,위덕대학교,자연과학계열,958,0,848,800,48,88.5,83.5
2020,대학교,사립,경북,기존,위덕대학교,예ㆍ체능계열,310,0,269,268,1,86.8,86.5
2020,대학교,사립,경북,기존,위덕대학교,공학계열,520,0,405,396,9,77.9,76.2
2020,대학교,사립,충북,기존,유원대학교,인문ㆍ사회계열,1415,0,1362,1290,72,96.3,91.2
2020,대학교,사립,충북,기존,유원대학교,자연과학계열,1250,0,1246,1141,105,99.7,91.3
2020,대학교,사립,충북,기존,유원대학교,예ㆍ체능계열,390,0,341,330,11,87.4,84.6
2020,대학교,사립,충북,기존,유원대학교,공학계열,810,0,696,685,11,85.9,84.6
2020,대학교,사립,대전,기존,을지대학교,자연과학계열,508,0,561,510,51,110.4,100.4
2020,대학교,사립,대전,기존,을지대학교,의학계열,160,0,187,158,29,116.9,98.8
2020,대학교,사립,경기,기존,을지대학교 _제2캠퍼스,인문ㆍ사회계열,624,0,704,664,40,112.8,106.4
2020,대학교,사립,경기,기존,을지대학교 _제2캠퍼스,자연과학계열,2370,0,2772,2522,250,117,106.4
2020,대학교,사립,경기,기존,을지대학교 _제2캠퍼스,예ㆍ체능계열,284,0,196,186,10,69,65.5
2020,대학교,사립,경기,기존,을지대학교 _제2캠퍼스,공학계열,340,0,262,249,13,77.1,73.2
2020,대학교,사립,서울,기존,이화여자대학교,인문ㆍ사회계열,5112,0,7497,6212,1285,146.7,121.5
2020,대학교,사립,서울,기존,이화여자대학교,자연과학계열,3292,0,3175,2836,339,96.4,86.1
2020,대학교,사립,서울,기존,이화여자대학교,예ㆍ체능계열,1976,0,2576,2291,285,130.4,115.9
2020,대학교,사립,서울,기존,이화여자대학교,공학계열,2080,0,2149,1953,196,103.3,93.9
2020,대학교,사립,서울,기존,이화여자대학교,의학계열,304,0,301,295,6,99,97
2020,대학교,사립,경남,기존,인제대학교,인문ㆍ사회계열,2448,0,2673,2477,196,109.2,101.2
2020,대학교,사립,경남,기존,인제대학교,자연과학계열,2207,0,2532,2165,367,114.7,98.1
2020,대학교,사립,경남,기존,인제대학교,예ㆍ체능계열,300,0,408,387,21,136,129
2020,대학교,사립,경남,기존,인제대학교,공학계열,3690,0,3137,2899,238,85,78.6
2020,대학교,사립,경남,기존,인제대학교,의학계열,372,0,404,370,34,108.6,99.5
2020,대학교,사립,인천,기존,인천가톨릭대학교,인문ㆍ사회계열,80,0,61,61,0,76.3,76.3
2020,대학교,사립,인천,기존,인천가톨릭대학교 _제2캠퍼스,자연과학계열,160,0,178,159,19,111.3,99.4
2020,대학교,사립,인천,기존,인천가톨릭대학교 _제2캠퍼스,예ㆍ체능계열,438,0,466,444,22,106.4,101.4
2020,대학교,국립대법인,인천,기존,인천대학교,인문ㆍ사회계열,3956,0,4882,4190,692,123.4,105.9
2020,대학교,국립대법인,인천,기존,인천대학교,자연과학계열,1096,0,1204,1108,96,109.9,101.1
2020,대학교,국립대법인,인천,기존,인천대학교,예ㆍ체능계열,928,0,997,979,18,107.4,105.5
2020,대학교,국립대법인,인천,기존,인천대학교,공학계열,3988,0,4693,4221,472,117.7,105.8
2020,대학교,사립,인천,기존,인하대학교,인문ㆍ사회계열,5405,0,7283,5818,1465,134.7,107.6
2020,대학교,사립,인천,기존,인하대학교,자연과학계열,1630,0,1710,1551,159,104.9,95.2
2020,대학교,사립,인천,기존,인하대학교,예ㆍ체능계열,625,0,630,594,36,100.8,95
2020,대학교,사립,인천,기존,인하대학교,공학계열,5930,0,7690,6534,1156,129.7,110.2
2020,대학교,사립,인천,기존,인하대학교,의학계열,128,0,194,186,8,151.6,145.3
2020,대학교,사립,서울,기존,장로회신학대학교,인문ㆍ사회계열,400,0,447,406,41,111.8,101.5
2020,대학교,사립,서울,기존,장로회신학대학교,예ㆍ체능계열,200,0,201,185,16,100.5,92.5
2020,대학교,국립,광주,기존,전남대학교,인문ㆍ사회계열,4141,0,5841,4866,975,141.1,117.5
2020,대학교,국립,광주,기존,전남대학교,자연과학계열,4464,0,5099,4687,412,114.2,105
2020,대학교,국립,광주,기존,전남대학교,예ㆍ체능계열,848,0,939,914,25,110.7,107.8
2020,대학교,국립,광주,기존,전남대학교,공학계열,3081,0,3781,3530,251,122.7,114.6
2020,대학교,국립,광주,기존,전남대학교,의학계열,774,0,721,706,15,93.2,91.2
2020,대학교,국립,전남,기존,전남대학교 _제2캠퍼스,인문ㆍ사회계열,700,0,565,500,65,80.7,71.4
2020,대학교,국립,전남,기존,전남대학교 _제2캠퍼스,자연과학계열,1019,0,929,849,80,91.2,83.3
2020,대학교,국립,전남,기존,전남대학교 _제2캠퍼스,공학계열,1249,0,1210,1041,169,96.9,83.3
2020,대학교,국립,전북,기존,전북대학교,인문ㆍ사회계열,4540,0,5808,4995,813,127.9,110
2020,대학교,국립,전북,기존,전북대학교,자연과학계열,4656,0,5228,4706,522,112.3,101.1
2020,대학교,국립,전북,기존,전북대학교,예ㆍ체능계열,651,0,737,707,30,113.2,108.6
2020,대학교,국립,전북,기존,전북대학교,공학계열,4961,0,5707,5286,421,115,106.6
2020,대학교,국립,전북,기존,전북대학교,의학계열,800,0,884,780,104,110.5,97.5
2020,교육대학,국립,전북,기존,전주교육대학교,인문ㆍ사회계열,1140,0,497,474,23,43.6,41.6
2020,대학교,사립,전북,기존,전주대학교,인문ㆍ사회계열,4505,0,5281,4440,841,117.2,98.6
2020,대학교,사립,전북,기존,전주대학교,자연과학계열,1984,0,2100,1847,253,105.8,93.1
2020,대학교,사립,전북,기존,전주대학교,예ㆍ체능계열,1205,0,1372,1246,126,113.9,103.4
2020,대학교,사립,전북,기존,전주대학교,공학계열,2394,0,2373,2136,237,99.1,89.2
2020,기술대학,사립,서울,기존,정석대학,인문ㆍ사회계열,50,0,38,38,0,76,76
2020,기술대학,사립,서울,기존,정석대학,공학계열,150,0,20,20,0,13.3,13.3
2020,대학교,사립,제주,기존,제주국제대학교,인문ㆍ사회계열,1063,0,295,282,13,27.8,26.5
2020,대학교,사립,제주,기존,제주국제대학교,자연과학계열,90,0,11,11,0,12.2,12.2
2020,대학교,사립,제주,기존,제주국제대학교,예ㆍ체능계열,629,0,270,269,1,42.9,42.8
2020,대학교,사립,제주,기존,제주국제대학교,공학계열,687,0,352,338,14,51.2,49.2
2020,대학교,국립,제주,기존,제주대학교,인문ㆍ사회계열,3645,0,4590,4052,538,125.9,111.2
2020,대학교,국립,제주,기존,제주대학교,자연과학계열,2532,0,2685,2504,181,106,98.9
2020,대학교,국립,제주,기존,제주대학교,예ㆍ체능계열,598,0,626,608,18,104.7,101.7
2020,대학교,국립,제주,기존,제주대학교,공학계열,1569,0,1842,1663,179,117.4,106
2020,대학교,국립,제주,기존,제주대학교,의학계열,160,0,196,165,31,122.5,103.1
2020,대학교,사립,광주,기존,조선대학교,인문ㆍ사회계열,6644,0,7265,6586,679,109.3,99.1
2020,대학교,사립,광주,기존,조선대학교,자연과학계열,2939,0,2946,2844,102,100.2,96.8
2020,대학교,사립,광주,기존,조선대학교,예ㆍ체능계열,1965,0,2060,1951,109,104.8,99.3
2020,대학교,사립,광주,기존,조선대학교,공학계열,5784,0,6420,5807,613,111,100.4
2020,대학교,사립,광주,기존,조선대학교,의학계열,820,0,778,532,246,94.9,64.9
2020,대학교,사립,충남,기존,중부대학교,인문ㆍ사회계열,3129,0,3338,3063,275,106.7,97.9
2020,대학교,사립,충남,기존,중부대학교,자연과학계열,1114,0,1228,989,239,110.2,88.8
2020,대학교,사립,충남,기존,중부대학교,예ㆍ체능계열,1570,0,1673,1545,128,106.6,98.4
2020,대학교,사립,충남,기존,중부대학교,공학계열,1967,0,1935,1761,174,98.4,89.5
2020,대학교,사립,서울,기존,중앙대학교,인문ㆍ사회계열,6611,0,10816,7431,3385,163.6,112.4
2020,대학교,사립,서울,기존,중앙대학교,자연과학계열,2528,0,2664,2417,247,105.4,95.6
2020,대학교,사립,서울,기존,중앙대학교,예ㆍ체능계열,516,0,552,525,27,107,101.7
2020,대학교,사립,서울,기존,중앙대학교,공학계열,3509,0,4348,3782,566,123.9,107.8
2020,대학교,사립,서울,기존,중앙대학교,의학계열,344,0,367,347,20,106.7,100.9
2020,대학교,사립,경기,기존,중앙대학교 _제2캠퍼스,자연과학계열,1288,0,1240,1161,79,96.3,90.1
2020,대학교,사립,경기,기존,중앙대학교 _제2캠퍼스,예ㆍ체능계열,2933,0,3471,3130,341,118.3,106.7
2020,대학교,사립,경기,기존,중앙대학교 _제2캠퍼스,공학계열,235,0,224,217,7,95.3,92.3
2020,대학교,사립,경기,기존,중앙승가대학교,인문ㆍ사회계열,480,0,147,139,8,30.6,29
2020,대학교,사립,충북,기존,중원대학교,인문ㆍ사회계열,959,0,1043,966,77,108.8,100.7
2020,대학교,사립,충북,기존,중원대학교,자연과학계열,1255,0,1253,1149,104,99.8,91.6
2020,대학교,사립,충북,기존,중원대학교,예ㆍ체능계열,599,0,596,554,42,99.5,92.5
2020,대학교,사립,충북,기존,중원대학교,공학계열,1135,0,1176,1091,85,103.6,96.1
2020,교육대학,국립,경남,기존,진주교육대학교,인문ㆍ사회계열,1276,0,545,506,39,42.7,39.7
2020,대학교,사립,경기,기존,차의과학대학교,인문ㆍ사회계열,930,0,1021,984,37,109.8,105.8
2020,대학교,사립,경기,기존,차의과학대학교,자연과학계열,1122,0,1260,1123,137,112.3,100.1
2020,대학교,사립,경남,기존,창신대학교,인문ㆍ사회계열,880,0,792,757,35,90,86
2020,대학교,사립,경남,기존,창신대학교,자연과학계열,500,0,546,459,87,109.2,91.8
2020,대학교,사립,경남,기존,창신대학교,예ㆍ체능계열,265,0,261,260,1,98.5,98.1
2020,대학교,사립,경남,기존,창신대학교,공학계열,355,0,297,285,12,83.7,80.3
2020,산업대학,사립,충남,기존,청운대학교,인문ㆍ사회계열,2550,0,3269,2536,733,128.2,99.5
2020,산업대학,사립,충남,기존,청운대학교,자연과학계열,425,0,479,408,71,112.7,96
2020,산업대학,사립,충남,기존,청운대학교,예ㆍ체능계열,1061,0,1113,973,140,104.9,91.7
2020,산업대학,사립,충남,기존,청운대학교,공학계열,1150,0,1607,1153,454,139.7,100.3
2020,교육대학,국립,충북,기존,청주교육대학교,인문ㆍ사회계열,1144,0,496,460,36,43.4,40.2
2020,대학교,사립,충북,기존,청주대학교,인문ㆍ사회계열,4468,0,4719,4193,526,105.6,93.8
2020,대학교,사립,충북,기존,청주대학교,자연과학계열,1583,0,1746,1692,54,110.3,106.9
2020,대학교,사립,충북,기존,청주대학교,예ㆍ체능계열,1358,0,1453,1384,69,107,101.9
2020,대학교,사립,충북,기존,청주대학교,공학계열,3232,0,3062,2793,269,94.7,86.4
2020,대학교,사립,전남,기존,초당대학교,인문ㆍ사회계열,991,0,1057,933,124,106.7,94.1
2020,대학교,사립,전남,기존,초당대학교,자연과학계열,1015,0,1145,1024,121,112.8,100.9
2020,대학교,사립,전남,기존,초당대학교,예ㆍ체능계열,285,0,268,265,3,94,93
2020,대학교,사립,전남,기존,초당대학교,공학계열,765,0,750,705,45,98,92.2
2020,대학교,사립,서울,기존,총신대학교,인문ㆍ사회계열,1176,0,1418,1219,199,120.6,103.7
2020,대학교,사립,서울,기존,총신대학교,예ㆍ체능계열,238,0,275,253,22,115.5,106.3
2020,대학교,사립,서울,기존,추계예술대학교,인문ㆍ사회계열,254,0,261,248,13,102.8,97.6
2020,대학교,사립,서울,기존,추계예술대학교,예ㆍ체능계열,843,0,850,816,34,100.8,96.8
2020,교육대학,국립,강원,기존,춘천교육대학교,인문ㆍ사회계열,1284,0,564,528,36,43.9,41.1
2020,대학교,국립,대전,기존,충남대학교,인문ㆍ사회계열,4444,0,6163,5264,899,138.7,118.5
2020,대학교,국립,대전,기존,충남대학교,자연과학계열,4296,0,4970,4618,352,115.7,107.5
2020,대학교,국립,대전,기존,충남대학교,예ㆍ체능계열,832,0,903,895,8,108.5,107.6
2020,대학교,국립,대전,기존,충남대학교,공학계열,4029,0,4959,4608,351,123.1,114.4
2020,대학교,국립,대전,기존,충남대학교,의학계열,656,0,674,622,52,102.7,94.8
2020,대학교,국립,충북,기존,충북대학교,인문ㆍ사회계열,3580,0,4344,3654,690,121.3,102.1
2020,대학교,국립,충북,기존,충북대학교,자연과학계열,3614,0,3930,3629,301,108.7,100.4
2020,대학교,국립,충북,기존,충북대학교,예ㆍ체능계열,252,0,276,268,8,109.5,106.3
2020,대학교,국립,충북,기존,충북대학교,공학계열,3547,0,4315,3783,532,121.7,106.7
2020,대학교,국립,충북,기존,충북대학교,의학계열,380,0,412,384,28,108.4,101.1
2020,대학교,사립,경기,기존,칼빈대학교,인문ㆍ사회계열,312,0,528,270,258,169.2,86.5
2020,대학교,사립,경기,기존,칼빈대학교,예ㆍ체능계열,56,0,50,50,0,89.3,89.3
2020,대학교,사립,경기,기존,평택대학교,인문ㆍ사회계열,1480,0,2014,1549,465,136.1,104.7
2020,대학교,사립,경기,기존,평택대학교,자연과학계열,1200,0,1085,1005,80,90.4,83.8
2020,대학교,사립,경기,기존,평택대학교,예ㆍ체능계열,620,0,655,646,9,105.6,104.2
2020,대학교,사립,경기,기존,평택대학교,공학계열,120,0,100,77,23,83.3,64.2
2020,대학교,사립,경북,기존,포항공과대학교,자연과학계열,70,0,199,194,5,284.3,277.1
2020,대학교,사립,경북,기존,포항공과대학교,공학계열,1210,0,1243,1204,39,102.7,99.5
2020,대학교,국립,경기,기존,한경국립대학교,인문ㆍ사회계열,691,0,843,715,128,122,103.5
2020,대학교,국립,경기,기존,한경국립대학교,자연과학계열,1409,0,1426,1331,95,101.2,94.5
2020,대학교,국립,경기,기존,한경국립대학교,예ㆍ체능계열,310,0,359,299,60,115.8,96.5
2020,대학교,국립,경기,기존,한경국립대학교,공학계열,2356,0,2580,2412,168,109.5,102.4
2020,대학교,사립,경기,기존,한국공학대학교,인문ㆍ사회계열,560,0,675,589,86,120.5,105.2
2020,대학교,사립,경기,기존,한국공학대학교,예ㆍ체능계열,402,0,467,384,83,116.2,95.5
2020,대학교,사립,경기,기존,한국공학대학교,공학계열,4558,0,5657,4564,1093,124.1,100.1
2020,대학교,특별법법인,대전,기존,한국과학기술원,인문ㆍ사회계열,120,0,71,69,2,59.2,57.5
2020,대학교,특별법법인,대전,기존,한국과학기술원,자연과학계열,1317,0,860,817,43,65.3,62
2020,대학교,특별법법인,대전,기존,한국과학기술원,공학계열,2443,0,2891,2643,248,118.3,108.2
2020,대학교,국립,충북,기존,한국교원대학교,인문ㆍ사회계열,1220,0,1373,1259,114,112.5,103.2
2020,대학교,국립,충북,기존,한국교원대학교,자연과학계열,572,0,639,593,46,111.7,103.7
2020,대학교,국립,충북,기존,한국교원대학교,예ㆍ체능계열,236,0,242,240,2,102.5,101.7
2020,대학교,국립,충북,기존,한국교원대학교,공학계열,156,0,164,157,7,105.1,100.6
2020,대학교,사립,경남,기존,한국국제대학교,인문ㆍ사회계열,1003,2,550,525,25,54.9,52.4
2020,대학교,사립,경남,기존,한국국제대학교,자연과학계열,761,0,550,486,64,72.3,63.9
2020,대학교,사립,경남,기존,한국국제대학교,예ㆍ체능계열,340,0,267,263,4,78.5,77.4
2020,대학교,사립,경남,기존,한국국제대학교,공학계열,615,0,246,232,14,40,37.7
2020,대학교,사립,충남,기존,한국기술교육대학교,인문ㆍ사회계열,464,0,673,525,148,145,113.1
2020,대학교,사립,충남,기존,한국기술교육대학교,공학계열,2880,0,3568,3106,462,123.9,107.8
2020,방송통신대학,국립,서울,기존,한국방송통신대학교,인문ㆍ사회계열,176270,0,74331,66863,7468,42.2,37.9
2020,방송통신대학,국립,서울,기존,한국방송통신대학교,자연과학계열,47180,0,28094,25309,2785,59.5,53.6
2020,방송통신대학,국립,서울,기존,한국방송통신대학교,공학계열,4200,0,889,863,26,21.2,20.5
2020,대학교,사립,서울,기존,한국성서대학교,인문ㆍ사회계열,589,0,700,633,67,118.8,107.5
2020,대학교,사립,서울,기존,한국성서대학교,자연과학계열,180,0,211,186,25,117.2,103.3
2020,대학교,사립,서울,기존,한국성서대학교,공학계열,140,0,138,132,6,98.6,94.3
2020,각종학교(대학),특별법국립,서울,기존,한국예술종합학교,예ㆍ체능계열,2252,0,2763,2630,133,122.7,116.8
2020,대학교,사립,서울,기존,한국외국어대학교,인문ㆍ사회계열,11340,0,15059,12404,2655,132.8,109.4
2020,대학교,사립,서울,기존,한국외국어대학교,자연과학계열,1032,0,1131,1037,94,109.6,100.5
2020,대학교,사립,서울,기존,한국외국어대학교,공학계열,1136,0,1248,1181,67,109.9,104
2020,대학교,특별법국립,충남,기존,한국전통문화대학교,인문ㆍ사회계열,180,0,182,174,8,101.1,96.7
2020,대학교,특별법국립,충남,기존,한국전통문화대학교,자연과학계열,80,0,81,79,2,101.3,98.8
2020,대학교,특별법국립,충남,기존,한국전통문화대학교,예ㆍ체능계열,160,0,169,167,2,105.6,104.4
2020,대학교,특별법국립,충남,기존,한국전통문화대학교,공학계열,140,0,160,156,4,114.3,111.4
2020,대학교,국립,서울,기존,한국체육대학교,예ㆍ체능계열,2225,0,2512,2374,138,112.9,106.7
2020,대학교,사립,대전,기존,한국침례신학대학교,인문ㆍ사회계열,1180,0,1062,1027,35,90,87
2020,대학교,사립,대전,기존,한국침례신학대학교,예ㆍ체능계열,260,0,214,207,7,82.3,79.6
2020,대학교,사립,경기,기존,한국항공대학교,인문ㆍ사회계열,441,0,464,415,49,105.2,94.1
2020,대학교,사립,경기,기존,한국항공대학교,자연과학계열,708,0,952,739,213,134.5,104.4
2020,대학교,사립,경기,기존,한국항공대학교,공학계열,2186,0,2547,2322,225,116.5,106.2
2020,대학교,사립,대전,기존,한남대학교,인문ㆍ사회계열,5752,0,6187,5673,514,107.6,98.6
2020,대학교,사립,대전,기존,한남대학교,자연과학계열,1238,0,1255,1195,60,101.4,96.5
2020,대학교,사립,대전,기존,한남대학교,예ㆍ체능계열,952,0,986,967,19,103.6,101.6
2020,대학교,사립,대전,기존,한남대학교,공학계열,2791,0,2663,2465,198,95.4,88.3
2020,대학교,사립,경북,기존,한동대학교,인문ㆍ사회계열,1242,0,2146,1864,282,172.8,150.1
2020,대학교,사립,경북,기존,한동대학교,자연과학계열,230,0,235,213,22,102.2,92.6
2020,대학교,사립,경북,기존,한동대학교,공학계열,1444,0,1508,1385,123,104.4,95.9
2020,대학교,사립,강원,기존,한라대학교,인문ㆍ사회계열,1455,0,1519,1447,72,104.4,99.5
2020,대학교,사립,강원,기존,한라대학교,예ㆍ체능계열,169,0,166,154,12,98.2,91.1
2020,대학교,사립,강원,기존,한라대학교,공학계열,1949,0,2045,1921,124,104.9,98.6
2020,대학교,사립,전남,기존,한려대학교,인문ㆍ사회계열,175,0,22,22,0,12.6,12.6
2020,대학교,사립,전남,기존,한려대학교,자연과학계열,802,0,297,266,31,37,33.2
2020,대학교,사립,전남,기존,한려대학교,예ㆍ체능계열,158,0,49,45,4,31,28.5
2020,대학교,사립,전남,기존,한려대학교,공학계열,70,0,5,5,0,7.1,7.1
2020,대학교,사립,강원,기존,한림대학교,인문ㆍ사회계열,3628,0,4238,3771,467,116.8,103.9
2020,대학교,사립,강원,기존,한림대학교,자연과학계열,1998,0,2015,1929,86,100.9,96.5
2020,대학교,사립,강원,기존,한림대학교,예ㆍ체능계열,206,0,252,228,24,122.3,110.7
2020,대학교,사립,강원,기존,한림대학교,공학계열,860,0,976,918,58,113.5,106.7
2020,대학교,사립,강원,기존,한림대학교,의학계열,304,0,319,311,8,104.9,102.3
2020,대학교,사립,충남,기존,한서대학교,인문ㆍ사회계열,1538,0,1949,1654,295,126.7,107.5
2020,대학교,사립,충남,기존,한서대학교,자연과학계열,1699,0,1745,1585,160,102.7,93.3
2020,대학교,사립,충남,기존,한서대학교,예ㆍ체능계열,1320,0,1322,1206,116,100.2,91.4
2020,대학교,사립,충남,기존,한서대학교,공학계열,1808,0,1918,1733,185,106.1,95.9
2020,대학교,사립,서울,기존,한성대학교,인문ㆍ사회계열,3048,0,2978,2647,331,97.7,86.8
2020,대학교,사립,서울,기존,한성대학교,예ㆍ체능계열,1088,0,1488,1232,256,136.8,113.2
2020,대학교,사립,서울,기존,한성대학교,공학계열,1696,0,2101,1935,166,123.9,114.1
2020,대학교,사립,경기,기존,한세대학교,인문ㆍ사회계열,1217,0,1434,1296,138,117.8,106.5
2020,대학교,사립,경기,기존,한세대학교,자연과학계열,138,0,160,135,25,115.9,97.8
2020,대학교,사립,경기,기존,한세대학교,예ㆍ체능계열,739,0,816,759,57,110.4,102.7
2020,대학교,사립,경기,기존,한세대학교,공학계열,194,0,214,188,26,110.3,96.9
2020,대학교,사립,경기,기존,한신대학교,인문ㆍ사회계열,3327,0,3826,3482,344,115,104.7
2020,대학교,사립,경기,기존,한신대학교,자연과학계열,328,0,337,324,13,102.7,98.8
2020,대학교,사립,경기,기존,한신대학교,예ㆍ체능계열,140,0,154,154,0,110,110
2020,대학교,사립,경기,기존,한신대학교,공학계열,908,0,950,870,80,104.6,95.8
2020,대학교,사립,서울,기존,한양대학교,인문ㆍ사회계열,3992,0,6325,4222,2103,158.4,105.8
2020,대학교,사립,서울,기존,한양대학교,자연과학계열,1266,0,1527,1217,310,120.6,96.1
2020,대학교,사립,서울,기존,한양대학교,예ㆍ체능계열,1420,0,1780,1454,326,125.4,102.4
2020,대학교,사립,서울,기존,한양대학교,공학계열,4363,0,5654,4634,1020,129.6,106.2
2020,대학교,사립,서울,기존,한양대학교,의학계열,440,0,423,423,0,96.1,96.1
2020,대학교,사립,경기,기존,한양대학교(ERICA) _분교,인문ㆍ사회계열,2272,0,3097,2530,567,136.3,111.4
2020,대학교,사립,경기,기존,한양대학교(ERICA) _분교,자연과학계열,500,0,544,505,39,108.8,101
2020,대학교,사립,경기,기존,한양대학교(ERICA) _분교,예ㆍ체능계열,1096,0,1319,1190,129,120.3,108.6
2020,대학교,사립,경기,기존,한양대학교(ERICA) _분교,공학계열,3579,0,4216,3426,790,117.8,95.7
2020,대학교,사립,전북,기존,한일장신대학교,인문ㆍ사회계열,507,0,509,397,112,100.4,78.3
2020,대학교,사립,전북,기존,한일장신대학교,자연과학계열,208,0,213,189,24,102.4,90.9
2020,대학교,사립,전북,기존,한일장신대학교,예ㆍ체능계열,171,0,187,165,22,109.4,96.5
2020,대학교,사립,경기,기존,협성대학교,인문ㆍ사회계열,2450,0,2673,2335,338,109.1,95.3
2020,대학교,사립,경기,기존,협성대학교,자연과학계열,314,0,274,258,16,87.3,82.2
2020,대학교,사립,경기,기존,협성대학교,예ㆍ체능계열,702,0,658,653,5,93.7,93
2020,대학교,사립,경기,기존,협성대학교,공학계열,586,0,547,506,41,93.3,86.3
2020,대학교,사립,광주,기존,호남대학교,인문ㆍ사회계열,1902,0,2543,2064,479,133.7,108.5
2020,대학교,사립,광주,기존,호남대학교,자연과학계열,1683,0,1766,1621,145,104.9,96.3
2020,대학교,사립,광주,기존,호남대학교,예ㆍ체능계열,1023,0,1238,1042,196,121,101.9
2020,대학교,사립,광주,기존,호남대학교,공학계열,1640,0,1527,1430,97,93.1,87.2
2020,대학교,사립,광주,기존,호남신학대학교,인문ㆍ사회계열,344,0,311,309,2,90.4,89.8
2020,대학교,사립,광주,기존,호남신학대학교,예ㆍ체능계열,240,0,215,214,1,89.6,89.2
2020,대학교,사립,충남,기존,호서대학교,인문ㆍ사회계열,3827,0,4363,3959,404,114,103.4
2020,대학교,사립,충남,기존,호서대학교,자연과학계열,1428,0,1660,1483,177,116.2,103.9
2020,대학교,사립,충남,기존,호서대학교,예ㆍ체능계열,1604,0,1725,1606,119,107.5,100.1
2020,대학교,사립,충남,기존,호서대학교,공학계열,4703,0,4872,4474,398,103.6,95.1
2020,산업대학,사립,전북,기존,호원대학교,인문ㆍ사회계열,1108,0,1543,1058,485,139.3,95.5
2020,산업대학,사립,전북,기존,호원대학교,자연과학계열,976,0,996,883,113,102,90.5
2020,산업대학,사립,전북,기존,호원대학교,예ㆍ체능계열,1463,0,1587,1279,308,108.5,87.4
2020,산업대학,사립,전북,기존,호원대학교,공학계열,1087,0,1310,957,353,120.5,88
2020,대학교,사립,서울,기존,홍익대학교,인문ㆍ사회계열,2554,0,3759,2874,885,147.2,112.5
2020,대학교,사립,서울,기존,홍익대학교,자연과학계열,112,0,129,119,10,115.2,106.3
2020,대학교,사립,서울,기존,홍익대학교,예ㆍ체능계열,1595,0,2835,1914,921,177.7,120
2020,대학교,사립,서울,기존,홍익대학교,공학계열,5368,0,5413,4927,486,100.8,91.8
2020,대학교,사립,세종,기존,홍익대학교 _제2캠퍼스,인문ㆍ사회계열,1114,0,1425,1316,109,127.9,118.1
2020,대학교,사립,세종,기존,홍익대학교 _제2캠퍼스,예ㆍ체능계열,1194,0,1847,1616,231,154.7,135.3
2020,대학교,사립,세종,기존,홍익대학교 _제2캠퍼스,공학계열,3008,0,2593,2451,142,86.2,81.5
2020,대학교,사립,경기,기존,화성의과학대학교,인문ㆍ사회계열,385,1,191,190,1,49.7,49.5
2020,대학교,사립,경기,기존,화성의과학대학교,자연과학계열,378,12,265,242,23,72.4,66.1
2020,대학교,사립,경기,기존,화성의과학대학교,예ㆍ체능계열,253,0,113,112,1,44.7,44.3
2019,대학교,사립,경남,기존,가야대학교(김해),자연과학계열,1541,0,1541,1394,147,100,90.5
2019,대학교,사립,경남,기존,가야대학교(김해),인문ㆍ사회계열,995,0,909,862,47,91.4,86.6
2019,대학교,사립,경기,기존,가천대학교,의학계열,240,0,222,221,1,92.5,92.1
2019,대학교,사립,경기,기존,가천대학교,공학계열,5092,0,6006,5438,568,117.9,106.8
2019,대학교,사립,경기,기존,가천대학교,인문ㆍ사회계열,5514,0,7269,5987,1282,131.8,108.6
2019,대학교,사립,경기,기존,가천대학교,자연과학계열,2998,0,3338,2976,362,111.3,99.3
2019,대학교,사립,경기,기존,가천대학교,예ㆍ체능계열,1520,0,1715,1664,51,112.8,109.5
2019,대학교,사립,강원,기존,가톨릭관동대학교,인문ㆍ사회계열,3951,0,3970,3651,319,100.5,92.4
2019,대학교,사립,강원,기존,가톨릭관동대학교,의학계열,196,15,220,189,31,121.5,104.4
2019,대학교,사립,강원,기존,가톨릭관동대학교,공학계열,1818,0,1535,1444,91,84.4,79.4
2019,대학교,사립,강원,기존,가톨릭관동대학교,예ㆍ체능계열,1519,0,1189,1153,36,78.3,75.9
2019,대학교,사립,강원,기존,가톨릭관동대학교,자연과학계열,1104,0,1143,975,168,103.5,88.3
2019,대학교,사립,충북,기존,가톨릭꽃동네대학교,자연과학계열,160,0,167,156,11,104.4,97.5
2019,대학교,사립,충북,기존,가톨릭꽃동네대학교,인문ㆍ사회계열,272,0,281,272,9,103.3,100
2019,대학교,사립,경기,기존,가톨릭대학교,자연과학계열,1308,0,1458,1301,157,111.5,99.5
2019,대학교,사립,경기,기존,가톨릭대학교,공학계열,1202,0,1442,1290,152,120,107.3
2019,대학교,사립,경기,기존,가톨릭대학교,예ㆍ체능계열,190,0,192,192,0,101.1,101.1
2019,대학교,사립,경기,기존,가톨릭대학교,인문ㆍ사회계열,3328,0,4090,3590,500,122.9,107.9
2019,대학교,사립,서울,기존,가톨릭대학교 _제2캠퍼스,자연과학계열,478,0,520,480,40,108.8,100.4
2019,대학교,사립,서울,기존,가톨릭대학교 _제2캠퍼스,의학계열,279,0,287,271,16,102.9,97.1
2019,대학교,사립,서울,기존,가톨릭대학교 _제3캠퍼스,인문ㆍ사회계열,220,0,192,178,14,87.3,80.9
2019,대학교,사립,서울,기존,감리교신학대학교,인문ㆍ사회계열,800,0,833,793,40,104.1,99.1
2019,대학교,사립,경기,기존,강남대학교,공학계열,1300,0,1435,1331,104,110.4,102.4
2019,대학교,사립,경기,기존,강남대학교,인문ㆍ사회계열,4120,0,4686,4202,484,113.7,102
2019,대학교,사립,경기,기존,강남대학교,예ㆍ체능계열,610,0,639,613,26,104.8,100.5
2019,대학교,사립,서울,기존,강서대학교,인문ㆍ사회계열,769,0,1029,896,133,133.8,116.5
2019,대학교,사립,서울,기존,강서대학교,예ㆍ체능계열,130,0,116,112,4,89.2,86.2
2019,대학교,사립,서울,기존,강서대학교,자연과학계열,275,0,244,219,25,88.7,79.6
2019,대학교,국립,강원,기존,강원대학교,예ㆍ체능계열,632,0,655,625,30,103.6,98.9
2019,대학교,국립,강원,기존,강원대학교,의학계열,160,0,171,167,4,106.9,104.4
2019,대학교,국립,강원,기존,강원대학교,자연과학계열,4695,0,5006,4669,337,106.6,99.4
2019,대학교,국립,강원,기존,강원대학교,인문ㆍ사회계열,4102,0,5051,4485,566,123.1,109.3
2019,대학교,국립,강원,기존,강원대학교,공학계열,2597,0,3021,2727,294,116.3,105
2019,대학교,국립,강원,기존,강원대학교 _제2캠퍼스,자연과학계열,1381,0,1418,1316,102,102.7,95.3
2019,대학교,국립,강원,기존,강원대학교 _제2캠퍼스,예ㆍ체능계열,824,0,771,711,60,93.6,86.3
2019,대학교,국립,강원,기존,강원대학교 _제2캠퍼스,공학계열,2994,0,2762,2582,180,92.3,86.2
2019,대학교,국립,강원,기존,강원대학교 _제2캠퍼스,인문ㆍ사회계열,970,0,945,874,71,97.4,90.1
2019,대학교,사립,서울,기존,건국대학교,예ㆍ체능계열,1246,0,1734,1467,267,139.2,117.7
2019,대학교,사립,서울,기존,건국대학교,공학계열,4568,0,5242,4725,517,114.8,103.4
2019,대학교,사립,서울,기존,건국대학교,의학계열,276,0,348,288,60,126.1,104.3
2019,대학교,사립,서울,기존,건국대학교,인문ㆍ사회계열,3900,0,6394,4535,1859,163.9,116.3
2019,대학교,사립,서울,기존,건국대학교,자연과학계열,2148,0,2215,1980,235,103.1,92.2
2019,대학교,사립,충북,기존,건국대학교(글로컬) _분교,인문ㆍ사회계열,2407,0,2853,2429,424,118.5,100.9
2019,대학교,사립,충북,기존,건국대학교(글로컬) _분교,자연과학계열,1490,0,1525,1397,128,102.3,93.8
2019,대학교,사립,충북,기존,건국대학교(글로컬) _분교,공학계열,980,0,1003,932,71,102.3,95.1
2019,대학교,사립,충북,기존,건국대학교(글로컬) _분교,예ㆍ체능계열,1565,0,1863,1654,209,119,105.7
2019,대학교,사립,충남,기존,건양대학교,인문ㆍ사회계열,2206,0,2487,2229,258,112.7,101
2019,대학교,사립,충남,기존,건양대학교,공학계열,714,0,651,604,47,91.2,84.6
2019,대학교,사립,충남,기존,건양대학교,자연과학계열,470,0,486,452,34,103.4,96.2
2019,대학교,사립,충남,기존,건양대학교,예ㆍ체능계열,150,0,139,139,0,92.7,92.7
2019,대학교,사립,대전,기존,건양대학교 _제2캠퍼스,인문ㆍ사회계열,175,0,186,177,9,106.3,101.1
2019,대학교,사립,대전,기존,건양대학교 _제2캠퍼스,자연과학계열,1994,0,2088,1908,180,104.7,95.7
2019,대학교,사립,대전,기존,건양대학교 _제2캠퍼스,공학계열,1070,0,1072,1028,44,100.2,96.1
2019,대학교,사립,대전,기존,건양대학교 _제2캠퍼스,의학계열,196,0,238,198,40,121.4,101
2019,대학교,사립,경기,기존,경기대학교,인문ㆍ사회계열,5323,0,6227,5414,813,117,101.7
2019,대학교,사립,경기,기존,경기대학교,공학계열,2462,0,2791,2448,343,113.4,99.4
2019,대학교,사립,경기,기존,경기대학교,자연과학계열,1238,0,1332,1213,119,107.6,98
2019,대학교,사립,경기,기존,경기대학교,예ㆍ체능계열,1468,0,1504,1450,54,102.5,98.8
2019,대학교,사립,서울,기존,경기대학교 _제2캠퍼스,예ㆍ체능계열,408,0,472,445,27,115.7,109.1
2019,대학교,사립,서울,기존,경기대학교 _제2캠퍼스,인문ㆍ사회계열,904,0,1525,1008,517,168.7,111.5
2019,대학교,국립,경남,폐교,경남과학기술대학교,인문ㆍ사회계열,1485,0,1379,1320,59,92.9,88.9
2019,대학교,국립,경남,폐교,경남과학기술대학교,공학계열,1987,0,2005,1886,119,100.9,94.9
2019,대학교,국립,경남,폐교,경남과학기술대학교,예ㆍ체능계열,122,0,113,112,1,92.6,91.8
2019,대학교,국립,경남,폐교,경남과학기술대학교,자연과학계열,1296,0,1334,1265,69,102.9,97.6
2019,대학교,사립,경남,기존,경남대학교,예ㆍ체능계열,840,0,868,809,59,103.3,96.3
2019,대학교,사립,경남,기존,경남대학교,자연과학계열,1790,0,1753,1627,126,97.9,90.9
2019,대학교,사립,경남,기존,경남대학교,공학계열,3423,0,3263,3082,181,95.3,90
2019,대학교,사립,경남,기존,경남대학교,인문ㆍ사회계열,5655,0,5602,5200,402,99.1,92
2019,대학교,사립,강원,기존,경동대학교,예ㆍ체능계열,80,0,43,42,1,53.8,52.5
2019,대학교,사립,강원,기존,경동대학교,공학계열,226,0,286,228,58,126.5,100.9
2019,대학교,사립,강원,기존,경동대학교,자연과학계열,180,0,201,167,34,111.7,92.8
2019,대학교,사립,강원,기존,경동대학교,인문ㆍ사회계열,1084,0,1303,840,463,120.2,77.5
2019,대학교,사립,강원,기존,경동대학교 _제3캠퍼스,인문ㆍ사회계열,330,0,310,306,4,93.9,92.7
2019,대학교,사립,강원,기존,경동대학교 _제3캠퍼스,자연과학계열,3220,0,3518,3190,328,109.3,99.1
2019,대학교,사립,경기,기존,경동대학교 _제4캠퍼스,인문ㆍ사회계열,1186,0,1247,1144,103,105.1,96.5
2019,대학교,사립,경기,기존,경동대학교 _제4캠퍼스,예ㆍ체능계열,223,0,209,203,6,93.7,91
2019,대학교,사립,경기,기존,경동대학교 _제4캠퍼스,공학계열,541,0,604,525,79,111.6,97
2019,대학교,사립,경기,기존,경동대학교 _제4캠퍼스,자연과학계열,70,0,73,70,3,104.3,100
2019,대학교,국립,대구,기존,경북대학교,공학계열,6088,0,7647,6881,766,125.6,113
2019,대학교,국립,대구,기존,경북대학교,인문ㆍ사회계열,5142,0,6631,5897,734,129,114.7
2019,대학교,국립,대구,기존,경북대학교,자연과학계열,5988,0,6632,5986,646,110.8,100
2019,대학교,국립,대구,기존,경북대학교,예ㆍ체능계열,1012,0,1086,1039,47,107.3,102.7
2019,대학교,국립,대구,기존,경북대학교,의학계열,738,0,722,691,31,97.8,93.6
2019,대학교,국립,경남,기존,경상국립대학교,예ㆍ체능계열,278,0,283,282,1,101.8,101.4
2019,대학교,국립,경남,기존,경상국립대학교,자연과학계열,3629,0,3978,3655,323,109.6,100.7
2019,대학교,국립,경남,기존,경상국립대학교,인문ㆍ사회계열,4226,0,5009,4424,585,118.5,104.7
2019,대학교,국립,경남,기존,경상국립대학교,공학계열,3938,0,4509,4144,365,114.5,105.2
2019,대학교,국립,경남,기존,경상국립대학교,의학계열,428,0,429,389,40,100.2,90.9
2019,대학교,사립,부산,기존,경성대학교,자연과학계열,1300,0,1320,1245,75,101.5,95.8
2019,대학교,사립,부산,기존,경성대학교,인문ㆍ사회계열,4962,0,5778,4836,942,116.4,97.5
2019,대학교,사립,부산,기존,경성대학교,공학계열,2820,0,2945,2644,301,104.4,93.8
2019,대학교,사립,부산,기존,경성대학교,예ㆍ체능계열,2178,0,2212,2093,119,101.6,96.1
2019,대학교,사립,경북,기존,경운대학교,자연과학계열,1596,0,1700,1566,134,106.5,98.1
2019,대학교,사립,경북,기존,경운대학교,공학계열,1736,0,1400,1346,54,80.6,77.5
2019,대학교,사립,경북,기존,경운대학교,예ㆍ체능계열,571,0,509,503,6,89.1,88.1
2019,대학교,사립,경북,기존,경운대학교,인문ㆍ사회계열,859,0,877,832,45,102.1,96.9
2019,교육대학,국립,인천,기존,경인교육대학교,인문ㆍ사회계열,2392,0,624,580,44,26.1,24.2
2019,대학교,사립,경북,기존,경일대학교,공학계열,3325,0,3434,3115,319,103.3,93.7
2019,대학교,사립,경북,기존,경일대학교,예ㆍ체능계열,960,0,1069,981,88,111.4,102.2
2019,대학교,사립,경북,기존,경일대학교,인문ㆍ사회계열,1320,0,1487,1349,138,112.7,102.2
2019,대학교,사립,경북,기존,경일대학교,자연과학계열,782,0,856,773,83,109.5,98.8
2019,대학교,사립,서울,기존,경희대학교,인문ㆍ사회계열,6992,0,11797,7897,3900,168.7,112.9
2019,대학교,사립,서울,기존,경희대학교,공학계열,3967,0,4599,4138,461,115.9,104.3
2019,대학교,사립,서울,기존,경희대학교,의학계열,1002,0,985,970,15,98.3,96.8
2019,대학교,사립,서울,기존,경희대학교,자연과학계열,4127,0,4689,4119,570,113.6,99.8
2019,대학교,사립,서울,기존,경희대학교,예ㆍ체능계열,3486,0,4360,3715,645,125.1,106.6
2019,대학교,사립,대구,기존,계명대학교,자연과학계열,2402,0,2523,2299,224,105,95.7
2019,대학교,사립,대구,기존,계명대학교,공학계열,3532,0,3777,3387,390,106.9,95.9
2019,대학교,사립,대구,기존,계명대학교,예ㆍ체능계열,3372,0,3670,3453,217,108.8,102.4
2019,대학교,사립,대구,기존,계명대학교,의학계열,304,0,301,288,13,99,94.7
2019,대학교,사립,대구,기존,계명대학교,인문ㆍ사회계열,9182,0,10924,9633,1291,119,104.9
2019,대학교,사립,서울,기존,고려대학교,인문ㆍ사회계열,7640,0,11691,8691,3000,153,113.8
2019,대학교,사립,서울,기존,고려대학교,의학계열,424,0,459,433,26,108.3,102.1
2019,대학교,사립,서울,기존,고려대학교,예ㆍ체능계열,520,3,595,545,50,115.1,105.4
2019,대학교,사립,서울,기존,고려대학교,공학계열,3512,0,4661,3761,900,132.7,107.1
2019,대학교,사립,서울,기존,고려대학교,자연과학계열,3352,0,3759,3328,431,112.1,99.3
2019,대학교,사립,세종,기존,고려대학교(세종) _분교,공학계열,1740,0,1880,1708,172,108,98.2
2019,대학교,사립,세종,기존,고려대학교(세종) _분교,인문ㆍ사회계열,2633,0,3250,2792,458,123.4,106
2019,대학교,사립,세종,기존,고려대학교(세종) _분교,자연과학계열,852,0,886,798,88,104,93.7
2019,대학교,사립,세종,기존,고려대학교(세종) _분교,예ㆍ체능계열,386,0,427,406,21,110.6,105.2
2019,대학교,사립,부산,기존,고신대학교,인문ㆍ사회계열,1830,0,2063,1910,153,112.7,104.4
2019,대학교,사립,부산,기존,고신대학교,자연과학계열,1292,0,1285,1224,61,99.5,94.7
2019,대학교,사립,부산,기존,고신대학교,예ㆍ체능계열,270,0,270,262,8,100,97
2019,대학교,사립,부산,기존,고신대학교,의학계열,304,0,307,307,0,101,101
2019,교육대학,국립,충남,기존,공주교육대학교,인문ㆍ사회계열,1416,0,663,630,33,46.8,44.5
2019,대학교,사립,광주,기존,광신대학교,인문ㆍ사회계열,393,0,409,378,31,104.1,96.2
2019,대학교,사립,광주,기존,광신대학교,예ㆍ체능계열,130,0,93,93,0,71.5,71.5
2019,대학교,사립,서울,기존,광운대학교,예ㆍ체능계열,150,0,155,143,12,103.3,95.3
2019,대학교,사립,서울,기존,광운대학교,인문ㆍ사회계열,2419,0,3257,2575,682,134.6,106.4
2019,대학교,사립,서울,기존,광운대학교,자연과학계열,568,0,708,536,172,124.6,94.4
2019,대학교,사립,서울,기존,광운대학교,공학계열,3662,0,4079,3682,397,111.4,100.5
2019,대학교,사립,전남,기존,광주가톨릭대학교,인문ㆍ사회계열,160,0,76,76,0,47.5,47.5
2019,대학교,특별법법인,광주,기존,광주과학기술원,자연과학계열,800,0,461,461,0,57.6,57.6
2019,교육대학,국립,광주,기존,광주교육대학교,인문ㆍ사회계열,1304,0,782,724,58,60,55.5
2019,대학교,사립,광주,기존,광주대학교,인문ㆍ사회계열,3240,0,3626,3354,272,111.9,103.5
2019,대학교,사립,광주,기존,광주대학교,공학계열,1496,0,1345,1277,68,89.9,85.4
2019,대학교,사립,광주,기존,광주대학교,자연과학계열,860,0,890,811,79,103.5,94.3
2019,대학교,사립,광주,기존,광주대학교,예ㆍ체능계열,1000,0,1008,971,37,100.8,97.1
2019,대학교,사립,광주,기존,광주여자대학교,예ㆍ체능계열,120,0,111,111,0,92.5,92.5
2019,대학교,사립,광주,기존,광주여자대학교,자연과학계열,1956,0,1973,1820,153,100.9,93
2019,대학교,사립,광주,기존,광주여자대학교,인문ㆍ사회계열,1504,0,1530,1422,108,101.7,94.5
2019,대학교,국립,강원,기존,국립강릉원주대학교,자연과학계열,1928,0,1949,1826,123,101.1,94.7
2019,대학교,국립,강원,기존,국립강릉원주대학교,예ㆍ체능계열,604,0,589,582,7,97.5,96.4
2019,대학교,국립,강원,기존,국립강릉원주대학교,인문ㆍ사회계열,1949,0,2174,1946,228,111.5,99.8
2019,대학교,국립,강원,기존,국립강릉원주대학교,의학계열,160,0,159,147,12,99.4,91.9
2019,대학교,국립,강원,기존,국립강릉원주대학교,공학계열,848,0,866,801,65,102.1,94.5
2019,대학교,국립,강원,기존,국립강릉원주대학교 _제2캠퍼스,인문ㆍ사회계열,482,0,503,484,19,104.4,100.4
2019,대학교,국립,강원,기존,국립강릉원주대학교 _제2캠퍼스,공학계열,1181,0,1274,1184,90,107.9,100.3
2019,대학교,국립,강원,기존,국립강릉원주대학교 _제2캠퍼스,자연과학계열,300,0,321,297,24,107,99
2019,대학교,국립,경북,기존,국립경국대학교,자연과학계열,1855,0,1890,1790,100,101.9,96.5
2019,대학교,국립,경북,기존,국립경국대학교,인문ㆍ사회계열,1851,0,1846,1736,110,99.7,93.8
2019,대학교,국립,경북,기존,국립경국대학교,공학계열,1776,0,1835,1727,108,103.3,97.2
2019,대학교,국립,경북,기존,국립경국대학교,예ㆍ체능계열,362,0,343,342,1,94.8,94.5
2019,대학교,국립,충남,기존,국립공주대학교,공학계열,3601,0,4617,3642,975,128.2,101.1
2019,대학교,국립,충남,기존,국립공주대학교,예ㆍ체능계열,940,0,1105,1024,81,117.6,108.9
2019,대학교,국립,충남,기존,국립공주대학교,인문ㆍ사회계열,3040,0,3638,3189,449,119.7,104.9
2019,대학교,국립,충남,기존,국립공주대학교,자연과학계열,3432,0,3814,3400,414,111.1,99.1
2019,대학교,국립,전북,기존,국립군산대학교,예ㆍ체능계열,432,0,459,443,16,106.3,102.5
2019,대학교,국립,전북,기존,국립군산대학교,공학계열,3247,0,3198,2974,224,98.5,91.6
2019,대학교,국립,전북,기존,국립군산대학교,자연과학계열,1529,0,1451,1366,85,94.9,89.3
2019,대학교,국립,전북,기존,국립군산대학교,인문ㆍ사회계열,1770,0,2023,1855,168,114.3,104.8
2019,대학교,국립,경북,기존,국립금오공과대학교,공학계열,4586,0,5343,4766,577,116.5,103.9
2019,대학교,국립,경북,기존,국립금오공과대학교,자연과학계열,131,0,133,125,8,101.5,95.4
2019,대학교,국립,경북,기존,국립금오공과대학교,인문ㆍ사회계열,163,0,231,167,64,141.7,102.5
2019,대학교,국립,전남,기존,국립목포대학교,예ㆍ체능계열,385,0,416,405,11,108.1,105.2
2019,대학교,국립,전남,기존,국립목포대학교,자연과학계열,1483,0,1530,1443,87,103.2,97.3
2019,대학교,국립,전남,기존,국립목포대학교,인문ㆍ사회계열,2506,0,2882,2629,253,115,104.9
2019,대학교,국립,전남,기존,국립목포대학교,공학계열,2115,0,2409,2133,276,113.9,100.9
2019,대학교,국립,전남,기존,국립목포해양대학교,공학계열,2764,0,2595,2467,128,93.9,89.3
2019,대학교,국립,부산,기존,국립부경대학교,자연과학계열,2321,0,2557,2353,204,110.2,101.4
2019,대학교,국립,부산,기존,국립부경대학교,공학계열,6611,0,7991,7165,826,120.9,108.4
2019,대학교,국립,부산,기존,국립부경대학교,예ㆍ체능계열,489,0,549,486,63,112.3,99.4
2019,대학교,국립,부산,기존,국립부경대학교,인문ㆍ사회계열,3754,0,5229,4313,916,139.3,114.9
2019,대학교,국립,전남,기존,국립순천대학교,예ㆍ체능계열,645,0,697,662,35,108.1,102.6
2019,대학교,국립,전남,기존,국립순천대학교,공학계열,1683,0,1888,1757,131,112.2,104.4
2019,대학교,국립,전남,기존,국립순천대학교,자연과학계열,2284,0,2210,2045,165,96.8,89.5
2019,대학교,국립,전남,기존,국립순천대학교,인문ㆍ사회계열,1931,0,2222,1975,247,115.1,102.3
2019,대학교,국립,경남,기존,국립창원대학교,인문ㆍ사회계열,3042,0,3611,3170,441,118.7,104.2
2019,대학교,국립,경남,기존,국립창원대학교,예ㆍ체능계열,651,0,641,637,4,98.5,97.8
2019,대학교,국립,경남,기존,국립창원대학교,자연과학계열,1111,0,1162,1085,77,104.6,97.7
2019,대학교,국립,경남,기존,국립창원대학교,공학계열,2262,0,2608,2347,261,115.3,103.8
2019,대학교,국립,충북,기존,국립한국교통대학교,인문ㆍ사회계열,2026,0,2034,1900,134,100.4,93.8
2019,대학교,국립,충북,기존,국립한국교통대학교,자연과학계열,774,0,759,705,54,98.1,91.1
2019,대학교,국립,충북,기존,국립한국교통대학교,예ㆍ체능계열,396,0,379,351,28,95.7,88.6
2019,대학교,국립,충북,기존,국립한국교통대학교,공학계열,4520,0,5058,4603,455,111.9,101.8
2019,대학교,국립,부산,기존,국립한국해양대학교,공학계열,4152,0,4368,4036,332,105.2,97.2
2019,대학교,국립,부산,기존,국립한국해양대학교,예ㆍ체능계열,100,0,108,96,12,108,96
2019,대학교,국립,부산,기존,국립한국해양대학교,자연과학계열,368,0,460,359,101,125,97.6
2019,대학교,국립,부산,기존,국립한국해양대학교,인문ㆍ사회계열,1151,0,1570,1250,320,136.4,108.6
2019,대학교,국립,대전,기존,국립한밭대학교,예ㆍ체능계열,468,0,516,464,52,110.3,99.1
2019,대학교,국립,대전,기존,국립한밭대학교,공학계열,5249,0,6091,5367,724,116,102.2
2019,대학교,국립,대전,기존,국립한밭대학교,인문ㆍ사회계열,1707,0,2161,1824,337,126.6,106.9
2019,대학교,사립,서울,기존,국민대학교,인문ㆍ사회계열,4670,0,7548,5147,2401,161.6,110.2
2019,대학교,사립,서울,기존,국민대학교,공학계열,3481,0,4113,3564,549,118.2,102.4
2019,대학교,사립,서울,기존,국민대학교,예ㆍ체능계열,2189,0,2545,2297,248,116.3,104.9
2019,대학교,사립,서울,기존,국민대학교,자연과학계열,1190,0,1369,1171,198,115,98.4
2019,대학교,사립,충북,기존,극동대학교,예ㆍ체능계열,770,0,797,774,23,103.5,100.5
2019,대학교,사립,충북,기존,극동대학교,공학계열,848,0,759,718,41,89.5,84.7
2019,대학교,사립,충북,기존,극동대학교,자연과학계열,960,0,944,871,73,98.3,90.7
2019,대학교,사립,충북,기존,극동대학교,인문ㆍ사회계열,1251,0,1171,1127,44,93.6,90.1
2019,대학교,사립,충남,기존,금강대학교,인문ㆍ사회계열,525,0,394,389,5,75,74.1
2019,대학교,사립,충남,기존,금강대학교,공학계열,20,0,0,0,0,0,0
2019,대학교,사립,경북,기존,김천대학교,인문ㆍ사회계열,782,0,656,589,67,83.9,75.3
2019,대학교,사립,경북,기존,김천대학교,공학계열,238,0,183,169,14,76.9,71
2019,대학교,사립,경북,기존,김천대학교,예ㆍ체능계열,75,0,55,54,1,73.3,72
2019,대학교,사립,경북,기존,김천대학교,자연과학계열,2530,1,2363,2153,210,93.4,85.1
2019,대학교,사립,충남,기존,나사렛대학교,예ㆍ체능계열,762,0,850,735,115,111.5,96.5
2019,대학교,사립,충남,기존,나사렛대학교,자연과학계열,1025,0,1049,948,101,102.3,92.5
2019,대학교,사립,충남,기존,나사렛대학교,인문ㆍ사회계열,3084,0,3252,2837,415,105.4,92
2019,대학교,사립,광주,기존,남부대학교,예ㆍ체능계열,270,0,258,236,22,95.6,87.4
2019,대학교,사립,광주,기존,남부대학교,공학계열,301,0,360,214,146,119.6,71.1
2019,대학교,사립,광주,기존,남부대학교,자연과학계열,1705,0,1790,1586,204,105,93
2019,대학교,사립,광주,기존,남부대학교,인문ㆍ사회계열,544,0,614,553,61,112.9,101.7
2019,대학교,사립,충남,기존,남서울대학교,공학계열,2508,0,2428,2258,170,96.8,90
2019,대학교,사립,충남,기존,남서울대학교,자연과학계열,728,0,825,718,107,113.3,98.6
2019,대학교,사립,충남,기존,남서울대학교,예ㆍ체능계열,1543,0,1641,1520,121,106.4,98.5
2019,대학교,사립,충남,기존,남서울대학교,인문ㆍ사회계열,4119,0,4703,4030,673,114.2,97.8
2019,대학교,사립,경기,기존,단국대학교,자연과학계열,240,0,270,266,4,112.5,110.8
2019,대학교,사립,경기,기존,단국대학교,예ㆍ체능계열,1487,0,1809,1555,254,121.7,104.6
2019,대학교,사립,경기,기존,단국대학교,공학계열,3273,0,3836,3385,451,117.2,103.4
2019,대학교,사립,경기,기존,단국대학교,인문ㆍ사회계열,4192,0,5896,4816,1080,140.6,114.9
2019,대학교,사립,충남,기존,단국대학교 _제2캠퍼스,인문ㆍ사회계열,2871,0,3717,3199,518,129.5,111.4
2019,대학교,사립,충남,기존,단국대학교 _제2캠퍼스,의학계열,440,0,431,413,18,98,93.9
2019,대학교,사립,충남,기존,단국대학교 _제2캠퍼스,예ㆍ체능계열,1459,0,1625,1516,109,111.4,103.9
2019,대학교,사립,충남,기존,단국대학교 _제2캠퍼스,자연과학계열,3667,0,3937,3584,353,107.4,97.7
2019,대학교,사립,충남,기존,단국대학교 _제2캠퍼스,공학계열,1301,0,1553,1418,135,119.4,109
2019,대학교,사립,경북,기존,대구가톨릭대학교,인문ㆍ사회계열,4846,0,5228,4742,486,107.9,97.9
2019,대학교,사립,경북,기존,대구가톨릭대학교,공학계열,2384,0,2482,2299,183,104.1,96.4
2019,대학교,사립,경북,기존,대구가톨릭대학교,의학계열,160,0,166,154,12,103.8,96.3
2019,대학교,사립,경북,기존,대구가톨릭대학교,자연과학계열,2865,0,3084,2854,230,107.6,99.6
2019,대학교,사립,경북,기존,대구가톨릭대학교,예ㆍ체능계열,1542,0,1581,1553,28,102.5,100.7
2019,대학교,특별법법인,대구,기존,대구경북과학기술원,자연과학계열,860,0,792,772,20,92.1,89.8
2019,교육대학,국립,대구,기존,대구교육대학교,인문ㆍ사회계열,1533,0,760,696,64,49.6,45.4
2019,대학교,사립,경북,기존,대구대학교,예ㆍ체능계열,1454,0,1486,1371,115,102.2,94.3
2019,대학교,사립,경북,기존,대구대학교,자연과학계열,3392,0,3488,3270,218,102.8,96.4
2019,대학교,사립,경북,기존,대구대학교,공학계열,3282,0,3389,2995,394,103.3,91.3
2019,대학교,사립,경북,기존,대구대학교,인문ㆍ사회계열,8198,0,8667,7719,948,105.7,94.2
2019,대학교,사립,경북,기존,대구예술대학교,예ㆍ체능계열,1786,0,1102,1080,22,61.7,60.5
2019,대학교,사립,경북,기존,대구한의대학교,예ㆍ체능계열,500,0,559,504,55,111.8,100.8
2019,대학교,사립,경북,기존,대구한의대학교,의학계열,432,0,438,410,28,101.4,94.9
2019,대학교,사립,경북,기존,대구한의대학교,자연과학계열,2815,0,2875,2703,172,102.1,96
2019,대학교,사립,경북,기존,대구한의대학교,인문ㆍ사회계열,1541,0,1642,1474,168,106.6,95.7
2019,대학교,사립,경북,기존,대구한의대학교,공학계열,1000,0,874,831,43,87.4,83.1
2019,대학교,사립,경북,기존,대신대학교,예ㆍ체능계열,160,2,130,127,3,82.3,80.4
2019,대학교,사립,경북,기존,대신대학교,인문ㆍ사회계열,313,4,294,283,11,95.1,91.6
2019,대학교,사립,세종,기존,대전가톨릭대학교,인문ㆍ사회계열,160,0,48,47,1,30,29.4
2019,대학교,사립,대전,기존,대전대학교,자연과학계열,1493,0,1671,1499,172,111.9,100.4
2019,대학교,사립,대전,기존,대전대학교,예ㆍ체능계열,628,0,620,614,6,98.7,97.8
2019,대학교,사립,대전,기존,대전대학교,의학계열,288,0,279,254,25,96.9,88.2
2019,대학교,사립,대전,기존,대전대학교,인문ㆍ사회계열,4091,0,4359,4079,280,106.6,99.7
2019,대학교,사립,대전,기존,대전대학교,공학계열,2208,0,2177,2006,171,98.6,90.9
2019,대학교,사립,대전,기존,대전신학대학교,인문ㆍ사회계열,240,0,101,98,3,42.1,40.8
2019,대학교,사립,경기,기존,대진대학교,인문ㆍ사회계열,3290,0,3541,3187,354,107.6,96.9
2019,대학교,사립,경기,기존,대진대학교,공학계열,2290,0,2169,2032,137,94.7,88.7
2019,대학교,사립,경기,기존,대진대학교,자연과학계열,924,0,904,841,63,97.8,91
2019,대학교,사립,경기,기존,대진대학교,예ㆍ체능계열,838,0,899,813,86,107.3,97
2019,대학교,사립,서울,기존,덕성여자대학교,공학계열,434,0,486,461,25,112,106.2
2019,대학교,사립,서울,기존,덕성여자대학교,인문ㆍ사회계열,2814,0,3192,2924,268,113.4,103.9
2019,대학교,사립,서울,기존,덕성여자대학교,예ㆍ체능계열,675,0,752,695,57,111.4,103
2019,대학교,사립,서울,기존,덕성여자대학교,자연과학계열,1188,0,1190,1101,89,100.2,92.7
2019,대학교,사립,서울,기존,동국대학교,인문ㆍ사회계열,5332,0,7648,5716,1932,143.4,107.2
2019,대학교,사립,서울,기존,동국대학교,자연과학계열,1474,0,1547,1417,130,105,96.1
2019,대학교,사립,서울,기존,동국대학교,예ㆍ체능계열,840,0,1083,865,218,128.9,103
2019,대학교,사립,서울,기존,동국대학교,공학계열,3214,0,3697,3328,369,115,103.5
2019,대학교,사립,경북,기존,동국대학교(WISE) _분교,인문ㆍ사회계열,3724,0,4171,3625,546,112,97.3
2019,대학교,사립,경북,기존,동국대학교(WISE) _분교,자연과학계열,1552,0,1575,1442,133,101.5,92.9
2019,대학교,사립,경북,기존,동국대학교(WISE) _분교,공학계열,1048,0,1147,1015,132,109.4,96.9
2019,대학교,사립,경북,기존,동국대학교(WISE) _분교,의학계열,288,0,299,263,36,103.8,91.3
2019,대학교,사립,경북,기존,동국대학교(WISE) _분교,예ㆍ체능계열,498,0,519,505,14,104.2,101.4
2019,대학교,사립,서울,기존,동덕여자대학교,예ㆍ체능계열,2372,30,2397,2331,66,102.3,99.5
2019,대학교,사립,서울,기존,동덕여자대학교,자연과학계열,1224,13,1393,1237,156,115,102.1
2019,대학교,사립,서울,기존,동덕여자대학교,인문ㆍ사회계열,2592,33,3047,2566,481,119.1,100.3
2019,대학교,사립,부산,기존,동명대학교,인문ㆍ사회계열,2712,0,3051,2737,314,112.5,100.9
2019,대학교,사립,부산,기존,동명대학교,공학계열,3410,0,3516,3228,288,103.1,94.7
2019,대학교,사립,부산,기존,동명대학교,예ㆍ체능계열,630,0,711,662,49,112.9,105.1
2019,대학교,사립,부산,기존,동명대학교,자연과학계열,560,0,627,561,66,112,100.2
2019,대학교,사립,부산,기존,동서대학교,공학계열,3060,0,2931,2733,198,95.8,89.3
2019,대학교,사립,부산,기존,동서대학교,자연과학계열,970,0,1093,979,114,112.7,100.9
2019,대학교,사립,부산,기존,동서대학교,예ㆍ체능계열,1800,0,1881,1788,93,104.5,99.3
2019,대학교,사립,부산,기존,동서대학교,인문ㆍ사회계열,3985,0,4552,4122,430,114.2,103.4
2019,대학교,사립,전남,기존,동신대학교,의학계열,160,0,199,157,42,124.4,98.1
2019,대학교,사립,전남,기존,동신대학교,인문ㆍ사회계열,1954,0,2148,1866,282,109.9,95.5
2019,대학교,사립,전남,기존,동신대학교,공학계열,1625,0,1533,1459,74,94.3,89.8
2019,대학교,사립,전남,기존,동신대학교,예ㆍ체능계열,475,0,455,437,18,95.8,92
2019,대학교,사립,전남,기존,동신대학교,자연과학계열,2090,0,2177,1968,209,104.2,94.2
2019,대학교,사립,부산,기존,동아대학교,공학계열,4805,0,5417,4843,574,112.7,100.8
2019,대학교,사립,부산,기존,동아대학교,의학계열,196,0,192,191,1,98,97.4
2019,대학교,사립,부산,기존,동아대학교,예ㆍ체능계열,1836,0,1909,1836,73,104,100
2019,대학교,사립,부산,기존,동아대학교,인문ㆍ사회계열,6760,0,8166,7344,822,120.8,108.6
2019,대학교,사립,부산,기존,동아대학교,자연과학계열,2873,0,2780,2614,166,96.8,91
2019,대학교,사립,경북,기존,동양대학교,공학계열,1617,0,1636,1581,55,101.2,97.8
2019,대학교,사립,경북,기존,동양대학교,예ㆍ체능계열,869,0,768,715,53,88.4,82.3
2019,대학교,사립,경북,기존,동양대학교,인문ㆍ사회계열,1450,0,1501,1352,149,103.5,93.2
2019,대학교,사립,경북,기존,동양대학교,자연과학계열,240,0,307,252,55,127.9,105
2019,대학교,사립,부산,기존,동의대학교,인문ㆍ사회계열,5125,0,6107,5299,808,119.2,103.4
2019,대학교,사립,부산,기존,동의대학교,의학계열,200,0,189,189,0,94.5,94.5
2019,대학교,사립,부산,기존,동의대학교,공학계열,5975,0,5727,5366,361,95.8,89.8
2019,대학교,사립,부산,기존,동의대학교,예ㆍ체능계열,1295,0,1268,1238,30,97.9,95.6
2019,대학교,사립,부산,기존,동의대학교,자연과학계열,1925,0,1889,1813,76,98.1,94.2
2019,대학교,사립,경기,기존,루터대학교,인문ㆍ사회계열,370,0,358,347,11,96.8,93.8
2019,대학교,사립,경기,기존,명지대학교,예ㆍ체능계열,1293,0,1526,1411,115,118,109.1
2019,대학교,사립,경기,기존,명지대학교,공학계열,3673,0,4089,3743,346,111.3,101.9
2019,대학교,사립,경기,기존,명지대학교,자연과학계열,720,0,786,738,48,109.2,102.5
2019,대학교,사립,서울,기존,명지대학교 _제2캠퍼스,인문ㆍ사회계열,4652,0,6973,4992,1981,149.9,107.3
2019,대학교,사립,서울,기존,명지대학교 _제2캠퍼스,공학계열,400,0,284,278,6,71,69.5
2019,대학교,사립,대전,기존,목원대학교,인문ㆍ사회계열,3269,0,3401,3151,250,104,96.4
2019,대학교,사립,대전,기존,목원대학교,공학계열,1269,0,1272,1157,115,100.2,91.2
2019,대학교,사립,대전,기존,목원대학교,자연과학계열,948,0,924,876,48,97.5,92.4
2019,대학교,사립,대전,기존,목원대학교,예ㆍ체능계열,2059,0,2089,2032,57,101.5,98.7
2019,대학교,사립,전남,기존,목포가톨릭대학교,자연과학계열,354,0,375,338,37,105.9,95.5
2019,대학교,사립,전남,기존,목포가톨릭대학교,인문ㆍ사회계열,146,0,125,123,2,85.6,84.2
2019,대학교,사립,대전,기존,배재대학교,자연과학계열,1598,0,1644,1544,100,102.9,96.6
2019,대학교,사립,대전,기존,배재대학교,인문ㆍ사회계열,3994,0,4200,3911,289,105.2,97.9
2019,대학교,사립,대전,기존,배재대학교,공학계열,1814,0,1896,1772,124,104.5,97.7
2019,대학교,사립,대전,기존,배재대학교,예ㆍ체능계열,860,0,884,860,24,102.8,100
2019,대학교,사립,충남,기존,백석대학교,인문ㆍ사회계열,5922,0,6403,5845,558,108.1,98.7
2019,대학교,사립,충남,기존,백석대학교,예ㆍ체능계열,2685,0,2671,2526,145,99.5,94.1
2019,대학교,사립,충남,기존,백석대학교,자연과학계열,2615,0,2805,2423,382,107.3,92.7
2019,대학교,사립,부산,기존,부산가톨릭대학교,자연과학계열,2315,0,2635,2301,334,113.8,99.4
2019,대학교,사립,부산,기존,부산가톨릭대학교,공학계열,400,0,404,402,2,101,100.5
2019,대학교,사립,부산,기존,부산가톨릭대학교,인문ㆍ사회계열,949,0,916,888,28,96.5,93.6
2019,교육대학,국립,부산,기존,부산교육대학교,인문ㆍ사회계열,1424,0,712,658,54,50,46.2
2019,대학교,국립,부산,기존,부산대학교,공학계열,6001,0,6999,6273,726,116.6,104.5
2019,대학교,국립,부산,기존,부산대학교,의학계열,375,0,357,357,0,95.2,95.2
2019,대학교,국립,부산,기존,부산대학교,인문ㆍ사회계열,5363,0,6810,5995,815,127,111.8
2019,대학교,국립,부산,기존,부산대학교,자연과학계열,4216,0,4676,4260,416,110.9,101
2019,대학교,국립,부산,기존,부산대학교,예ㆍ체능계열,1276,0,1504,1355,149,117.9,106.2
2019,대학교,사립,부산,기존,부산외국어대학교,인문ㆍ사회계열,6308,0,7342,6476,866,116.4,102.7
2019,대학교,사립,부산,기존,부산외국어대학교,공학계열,845,0,692,668,24,81.9,79.1
2019,대학교,사립,부산,기존,부산외국어대학교,예ㆍ체능계열,250,0,233,210,23,93.2,84
2019,대학교,사립,경남,기존,부산장신대학교,인문ㆍ사회계열,274,0,227,218,9,82.8,79.6
2019,대학교,사립,서울,기존,삼육대학교,인문ㆍ사회계열,1724,0,1981,1807,174,114.9,104.8
2019,대학교,사립,서울,기존,삼육대학교,자연과학계열,1676,0,1950,1711,239,116.3,102.1
2019,대학교,사립,서울,기존,삼육대학교,공학계열,632,0,761,700,61,120.4,110.8
2019,대학교,사립,서울,기존,삼육대학교,예ㆍ체능계열,697,0,806,750,56,115.6,107.6
2019,대학교,사립,서울,기존,상명대학교,자연과학계열,1044,0,1371,1061,310,131.3,101.6
2019,대학교,사립,서울,기존,상명대학교,공학계열,835,0,799,715,84,95.7,85.6
2019,대학교,사립,서울,기존,상명대학교,인문ㆍ사회계열,2574,0,3737,2643,1094,145.2,102.7
2019,대학교,사립,서울,기존,상명대학교,예ㆍ체능계열,769,0,843,780,63,109.6,101.4
2019,대학교,사립,충남,기존,상명대학교 _제2캠퍼스,인문ㆍ사회계열,1064,0,1204,1051,153,113.2,98.8
2019,대학교,사립,충남,기존,상명대학교 _제2캠퍼스,예ㆍ체능계열,2025,0,2706,2366,340,133.6,116.8
2019,대학교,사립,충남,기존,상명대학교 _제2캠퍼스,자연과학계열,549,0,598,522,76,108.9,95.1
2019,대학교,사립,충남,기존,상명대학교 _제2캠퍼스,공학계열,1611,0,1472,1377,95,91.4,85.5
2019,대학교,사립,강원,기존,상지대학교,예ㆍ체능계열,852,0,768,739,29,90.1,86.7
2019,대학교,사립,강원,기존,상지대학교,인문ㆍ사회계열,3177,0,2863,2652,211,90.1,83.5
2019,대학교,사립,강원,기존,상지대학교,자연과학계열,1940,0,1818,1731,87,93.7,89.2
2019,대학교,사립,강원,기존,상지대학교,공학계열,924,0,814,766,48,88.1,82.9
2019,대학교,사립,강원,기존,상지대학교,의학계열,240,0,224,224,0,93.3,93.3
2019,대학교,사립,서울,기존,서강대학교,자연과학계열,844,0,892,808,84,105.7,95.7
2019,대학교,사립,서울,기존,서강대학교,공학계열,1642,0,1849,1662,187,112.6,101.2
2019,대학교,사립,서울,기존,서강대학교,인문ㆍ사회계열,3836,0,5781,4187,1594,150.7,109.2
2019,대학교,사립,서울,기존,서경대학교,자연과학계열,320,0,353,319,34,110.3,99.7
2019,대학교,사립,서울,기존,서경대학교,예ㆍ체능계열,1717,0,2298,1588,710,133.8,92.5
2019,대학교,사립,서울,기존,서경대학교,인문ㆍ사회계열,1678,0,2106,1788,318,125.5,106.6
2019,대학교,사립,서울,기존,서경대학교,공학계열,1600,0,1711,1545,166,106.9,96.6
2019,대학교,국립,서울,기존,서울과학기술대학교,예ㆍ체능계열,1038,0,1362,1207,155,131.2,116.3
2019,대학교,국립,서울,기존,서울과학기술대학교,공학계열,5752,0,7058,6331,727,122.7,110.1
2019,대학교,국립,서울,기존,서울과학기술대학교,자연과학계열,581,0,717,648,69,123.4,111.5
2019,대학교,국립,서울,기존,서울과학기술대학교,인문ㆍ사회계열,1014,0,1498,1197,301,147.7,118
2019,교육대학,국립,서울,기존,서울교육대학교,인문ㆍ사회계열,1420,0,1546,1422,124,108.9,100.1
2019,대학교,사립,서울,기존,서울기독대학교,예ㆍ체능계열,198,0,192,192,0,97,97
2019,대학교,사립,서울,기존,서울기독대학교,인문ㆍ사회계열,384,0,345,327,18,89.8,85.2
2019,대학교,국립대법인,서울,기존,서울대학교,자연과학계열,3550,0,4089,3684,405,115.2,103.8
2019,대학교,국립대법인,서울,기존,서울대학교,예ㆍ체능계열,1140,0,1391,1277,114,122,112
2019,대학교,국립대법인,서울,기존,서울대학교,인문ㆍ사회계열,4612,0,6567,5974,593,142.4,129.5
2019,대학교,국립대법인,서울,기존,서울대학교,공학계열,3120,0,3685,3370,315,118.1,108
2019,대학교,국립대법인,서울,기존,서울대학교,의학계열,700,0,824,705,119,117.7,100.7
2019,대학교,공립,서울,기존,서울시립대학교,공학계열,2549,0,3244,2857,387,127.3,112.1
2019,대학교,공립,서울,기존,서울시립대학교,예ㆍ체능계열,528,0,616,598,18,116.7,113.3
2019,대학교,공립,서울,기존,서울시립대학교,자연과학계열,656,0,796,729,67,121.3,111.1
2019,대학교,공립,서울,기존,서울시립대학교,인문ㆍ사회계열,3109,0,4403,3888,515,141.6,125.1
2019,대학교,사립,경기,기존,서울신학대학교,인문ㆍ사회계열,1694,0,1883,1728,155,111.2,102
2019,대학교,사립,경기,기존,서울신학대학교,예ㆍ체능계열,390,0,389,379,10,99.7,97.2
2019,대학교,사립,서울,기존,서울여자대학교,인문ㆍ사회계열,3528,0,3995,3611,384,113.2,102.4
2019,대학교,사립,서울,기존,서울여자대학교,자연과학계열,2120,0,2342,2149,193,110.5,101.4
2019,대학교,사립,서울,기존,서울여자대학교,예ㆍ체능계열,720,0,738,724,14,102.5,100.6
2019,대학교,사립,경기,기존,서울장신대학교,예ㆍ체능계열,114,0,104,102,2,91.2,89.5
2019,대학교,사립,경기,기존,서울장신대학교,인문ㆍ사회계열,356,0,383,347,36,107.6,97.5
2019,대학교,사립,서울,기존,서울한영대학교,인문ㆍ사회계열,660,0,608,561,47,92.1,85
2019,대학교,사립,서울,기존,서울한영대학교,예ㆍ체능계열,80,0,67,67,0,83.8,83.8
2019,대학교,사립,충북,기존,서원대학교,예ㆍ체능계열,808,0,772,725,47,95.5,89.7
2019,대학교,사립,충북,기존,서원대학교,공학계열,1600,0,1527,1484,43,95.4,92.8
2019,대학교,사립,충북,기존,서원대학교,인문ㆍ사회계열,2995,0,3379,2936,443,112.8,98
2019,대학교,사립,충북,기존,서원대학교,자연과학계열,1110,0,1107,1053,54,99.7,94.9
2019,대학교,사립,충남,기존,선문대학교,인문ㆍ사회계열,3265,0,4219,3338,881,129.2,102.2
2019,대학교,사립,충남,기존,선문대학교,예ㆍ체능계열,497,0,546,480,66,109.9,96.6
2019,대학교,사립,충남,기존,선문대학교,자연과학계열,1012,0,1195,977,218,118.1,96.5
2019,대학교,사립,충남,기존,선문대학교,공학계열,3510,0,3229,2978,251,92,84.8
2019,대학교,사립,경기,기존,성결대학교,인문ㆍ사회계열,2980,0,3235,3009,226,108.6,101
2019,대학교,사립,경기,기존,성결대학교,공학계열,1225,0,1280,1194,86,104.5,97.5
2019,대학교,사립,경기,기존,성결대학교,예ㆍ체능계열,759,0,892,829,63,117.5,109.2
2019,대학교,사립,서울,기존,성공회대학교,인문ㆍ사회계열,1385,0,1458,1357,101,105.3,98
2019,대학교,사립,서울,기존,성공회대학교,공학계열,634,0,628,607,21,99.1,95.7
2019,대학교,사립,서울,기존,성균관대학교,인문ㆍ사회계열,6141,0,10363,6962,3401,168.8,113.4
2019,대학교,사립,서울,기존,성균관대학교,의학계열,112,0,160,156,4,142.9,139.3
2019,대학교,사립,서울,기존,성균관대학교,예ㆍ체능계열,1162,1,1594,1310,284,137.3,112.8
2019,대학교,사립,서울,기존,성균관대학교,공학계열,4510,0,6026,4850,1176,133.6,107.5
2019,대학교,사립,서울,기존,성균관대학교,자연과학계열,1636,0,1655,1428,227,101.2,87.3
2019,대학교,사립,서울,기존,성신여자대학교,예ㆍ체능계열,2149,0,2215,2144,71,103.1,99.8
2019,대학교,사립,서울,기존,성신여자대학교,공학계열,975,0,976,883,93,100.1,90.6
2019,대학교,사립,서울,기존,성신여자대학교,자연과학계열,1345,0,1511,1329,182,112.3,98.8
2019,대학교,사립,서울,기존,성신여자대학교,인문ㆍ사회계열,3771,0,4264,3867,397,113.1,102.5
2019,대학교,사립,충북,기존,세명대학교,공학계열,1080,0,1033,985,48,95.6,91.2
2019,대학교,사립,충북,기존,세명대학교,인문ㆍ사회계열,3120,0,3131,2897,234,100.4,92.9
2019,대학교,사립,충북,기존,세명대학교,자연과학계열,2440,0,2419,2230,189,99.1,91.4
2019,대학교,사립,충북,기존,세명대학교,예ㆍ체능계열,800,0,801,738,63,100.1,92.3
2019,대학교,사립,충북,기존,세명대학교,의학계열,160,0,161,151,10,100.6,94.4
2019,대학교,사립,서울,기존,세종대학교,인문ㆍ사회계열,2414,0,3783,2643,1140,156.7,109.5
2019,대학교,사립,서울,기존,세종대학교,예ㆍ체능계열,1022,0,1339,1176,163,131,115.1
2019,대학교,사립,서울,기존,세종대학교,공학계열,5258,0,5960,5147,813,113.4,97.9
2019,대학교,사립,서울,기존,세종대학교,자연과학계열,629,0,717,680,37,114,108.1
2019,대학교,사립,전남,기존,세한대학교,공학계열,456,0,374,366,8,82,80.3
2019,대학교,사립,전남,기존,세한대학교,예ㆍ체능계열,1431,0,1364,1338,26,95.3,93.5
2019,대학교,사립,전남,기존,세한대학교,자연과학계열,773,0,786,638,148,101.7,82.5
2019,대학교,사립,전남,기존,세한대학교,인문ㆍ사회계열,1299,0,1479,1436,43,113.9,110.5
2019,대학교,사립,광주,기존,송원대학교,예ㆍ체능계열,445,0,412,405,7,92.6,91
2019,대학교,사립,광주,기존,송원대학교,인문ㆍ사회계열,1258,0,1055,963,92,83.9,76.6
2019,대학교,사립,광주,기존,송원대학교,공학계열,770,0,606,585,21,78.7,76
2019,대학교,사립,광주,기존,송원대학교,자연과학계열,727,0,717,625,92,98.6,86
2019,대학교,사립,경기,기존,수원가톨릭대학교,인문ㆍ사회계열,360,0,135,132,3,37.5,36.7
2019,대학교,사립,경기,기존,수원대학교,자연과학계열,1211,0,1227,1155,72,101.3,95.4
2019,대학교,사립,경기,기존,수원대학교,예ㆍ체능계열,2225,0,2073,2026,47,93.2,91.1
2019,대학교,사립,경기,기존,수원대학교,공학계열,3053,0,3166,2937,229,103.7,96.2
2019,대학교,사립,경기,기존,수원대학교,인문ㆍ사회계열,2295,0,2906,2382,524,126.6,103.8
2019,대학교,사립,서울,기존,숙명여자대학교,공학계열,1369,0,1396,1310,86,102,95.7
2019,대학교,사립,서울,기존,숙명여자대학교,예ㆍ체능계열,1369,0,1463,1433,30,106.9,104.7
2019,대학교,사립,서울,기존,숙명여자대학교,인문ㆍ사회계열,4783,0,5847,4997,850,122.2,104.5
2019,대학교,사립,서울,기존,숙명여자대학교,자연과학계열,1415,0,1440,1299,141,101.8,91.8
2019,각종학교(대학),사립,충북,기존,순복음총회신학교,예ㆍ체능계열,49,0,28,28,0,57.1,57.1
2019,각종학교(대학),사립,충북,기존,순복음총회신학교,인문ㆍ사회계열,291,0,182,180,2,62.5,61.9
2019,대학교,사립,충남,기존,순천향대학교,의학계열,372,0,371,351,20,99.7,94.4
2019,대학교,사립,충남,기존,순천향대학교,예ㆍ체능계열,672,0,753,728,25,112.1,108.3
2019,대학교,사립,충남,기존,순천향대학교,공학계열,3258,0,3516,2987,529,107.9,91.7
2019,대학교,사립,충남,기존,순천향대학교,인문ㆍ사회계열,3394,0,4008,3451,557,118.1,101.7
2019,대학교,사립,충남,기존,순천향대학교,자연과학계열,1959,0,2076,1888,188,106,96.4
2019,대학교,사립,서울,기존,숭실대학교,자연과학계열,895,0,922,839,83,103,93.7
2019,대학교,사립,서울,기존,숭실대학교,예ㆍ체능계열,353,0,328,304,24,92.9,86.1
2019,대학교,사립,서울,기존,숭실대학교,인문ㆍ사회계열,4684,0,6918,4808,2110,147.7,102.6
2019,대학교,사립,서울,기존,숭실대학교,공학계열,4798,0,5449,4816,633,113.6,100.4
2019,대학교,사립,경북,기존,신경주대학교,자연과학계열,700,0,257,224,33,36.7,32
2019,대학교,사립,경북,기존,신경주대학교,예ㆍ체능계열,649,0,251,226,25,38.7,34.8
2019,대학교,사립,경북,기존,신경주대학교,인문ㆍ사회계열,1699,0,610,433,177,35.9,25.5
2019,대학교,사립,부산,기존,신라대학교,예ㆍ체능계열,784,0,769,719,50,98.1,91.7
2019,대학교,사립,부산,기존,신라대학교,공학계열,2026,0,1776,1606,170,87.7,79.3
2019,대학교,사립,부산,기존,신라대학교,자연과학계열,1715,0,1778,1638,140,103.7,95.5
2019,대학교,사립,부산,기존,신라대학교,인문ㆍ사회계열,4065,0,4579,3972,607,112.6,97.7
2019,대학교,사립,경기,기존,신한대학교,공학계열,682,0,626,548,78,91.8,80.4
2019,대학교,사립,경기,기존,신한대학교,인문ㆍ사회계열,273,0,245,202,43,89.7,74
2019,대학교,사립,경기,기존,신한대학교,자연과학계열,360,0,475,355,120,131.9,98.6
2019,대학교,사립,경기,기존,신한대학교 _제2캠퍼스,예ㆍ체능계열,723,0,706,622,84,97.6,86
2019,대학교,사립,경기,기존,신한대학교 _제2캠퍼스,공학계열,300,0,363,260,103,121,86.7
2019,대학교,사립,경기,기존,신한대학교 _제2캠퍼스,자연과학계열,1569,0,1813,1504,309,115.6,95.9
2019,대학교,사립,경기,기존,신한대학교 _제2캠퍼스,인문ㆍ사회계열,1905,0,2167,1687,480,113.8,88.6
2019,대학교,사립,경기,기존,아신대학교,인문ㆍ사회계열,748,0,655,624,31,87.6,83.4
2019,대학교,사립,경기,기존,아주대학교,인문ㆍ사회계열,2201,0,3016,2507,509,137,113.9
2019,대학교,사립,경기,기존,아주대학교,자연과학계열,1115,0,1400,1165,235,125.6,104.5
2019,대학교,사립,경기,기존,아주대학교,공학계열,4108,0,5226,4538,688,127.2,110.5
2019,대학교,사립,경기,기존,아주대학교,의학계열,168,0,166,158,8,98.8,94
2019,대학교,사립,경기,기존,아주대학교,예ㆍ체능계열,104,0,42,42,0,40.4,40.4
2019,대학교,사립,경기,기존,안양대학교,인문ㆍ사회계열,1942,0,2195,2008,187,113,103.4
2019,대학교,사립,경기,기존,안양대학교,자연과학계열,230,0,264,240,24,114.8,104.3
2019,대학교,사립,경기,기존,안양대학교,공학계열,1647,0,1619,1523,96,98.3,92.5
2019,대학교,사립,경기,기존,안양대학교,예ㆍ체능계열,325,0,366,360,6,112.6,110.8
2019,대학교,사립,인천,기존,안양대학교 _제2캠퍼스,공학계열,280,0,207,206,1,73.9,73.6
2019,대학교,사립,인천,기존,안양대학교 _제2캠퍼스,인문ㆍ사회계열,226,0,150,147,3,66.4,65
2019,대학교,사립,서울,기존,연세대학교,인문ㆍ사회계열,6485,20,9593,7255,2338,148.4,112.2
2019,대학교,사립,서울,기존,연세대학교,공학계열,3794,11,4580,4017,563,121.1,106.2
2019,대학교,사립,서울,기존,연세대학교,의학계열,680,0,732,664,68,107.6,97.6
2019,대학교,사립,서울,기존,연세대학교,예ㆍ체능계열,836,5,959,897,62,115.4,107.9
2019,대학교,사립,서울,기존,연세대학교,자연과학계열,2371,2,3220,2492,728,135.9,105.2
2019,대학교,사립,강원,기존,연세대학교(미래) _분교,자연과학계열,2483,1,2984,2521,463,120.2,101.6
2019,대학교,사립,강원,기존,연세대학교(미래) _분교,공학계열,883,0,1128,934,194,127.7,105.8
2019,대학교,사립,강원,기존,연세대학교(미래) _분교,의학계열,372,0,430,394,36,115.6,105.9
2019,대학교,사립,강원,기존,연세대학교(미래) _분교,인문ㆍ사회계열,2324,0,2879,2464,415,123.9,106
2019,대학교,사립,경북,기존,영남대학교,의학계열,304,0,302,302,0,99.3,99.3
2019,대학교,사립,경북,기존,영남대학교,예ㆍ체능계열,1948,0,1987,1909,78,102,98
2019,대학교,사립,경북,기존,영남대학교,공학계열,5987,0,6680,6038,642,111.6,100.9
2019,대학교,사립,경북,기존,영남대학교,자연과학계열,3376,0,3469,3226,243,102.8,95.6
2019,대학교,사립,경북,기존,영남대학교,인문ㆍ사회계열,7115,0,8522,7509,1013,119.8,105.5
2019,대학교,사립,경북,기존,영남신학대학교,인문ㆍ사회계열,470,0,447,400,47,95.1,85.1
2019,대학교,사립,경남,기존,영산대학교,공학계열,1090,0,1005,982,23,92.2,90.1
2019,대학교,사립,경남,기존,영산대학교,예ㆍ체능계열,200,0,236,234,2,118,117
2019,대학교,사립,경남,기존,영산대학교,자연과학계열,640,0,740,630,110,115.6,98.4
2019,대학교,사립,경남,기존,영산대학교,인문ㆍ사회계열,921,0,988,941,47,107.3,102.2
2019,대학교,사립,부산,기존,영산대학교 _제2캠퍼스,예ㆍ체능계열,1155,0,1334,1215,119,115.5,105.2
2019,대학교,사립,부산,기존,영산대학교 _제2캠퍼스,자연과학계열,540,0,709,642,67,131.3,118.9
2019,대학교,사립,부산,기존,영산대학교 _제2캠퍼스,인문ㆍ사회계열,1426,0,1851,1468,383,129.8,102.9
2019,대학교,사립,부산,기존,영산대학교 _제2캠퍼스,공학계열,60,0,26,26,0,43.3,43.3
2019,대학교,사립,전남,기존,영산선학대학교,인문ㆍ사회계열,200,0,33,31,2,16.5,15.5
2019,대학교,사립,전북,기존,예수대학교,자연과학계열,455,0,502,441,61,110.3,96.9
2019,대학교,사립,전북,기존,예수대학교,인문ㆍ사회계열,71,0,65,65,0,91.5,91.5
2019,대학교,사립,전북,기존,예원예술대학교,인문ㆍ사회계열,30,0,19,16,3,63.3,53.3
2019,대학교,사립,전북,기존,예원예술대학교,예ㆍ체능계열,834,0,723,591,132,86.7,70.9
2019,대학교,사립,경기,기존,예원예술대학교 _제2캠퍼스,예ㆍ체능계열,396,0,400,361,39,101,91.2
2019,대학교,사립,경기,기존,용인대학교,인문ㆍ사회계열,1478,0,1630,1456,174,110.3,98.5
2019,대학교,사립,경기,기존,용인대학교,예ㆍ체능계열,3231,0,3555,3201,354,110,99.1
2019,대학교,사립,경기,기존,용인대학교,자연과학계열,1014,0,1044,920,124,103,90.7
2019,대학교,사립,전북,기존,우석대학교,자연과학계열,1997,0,2073,1889,184,103.8,94.6
2019,대학교,사립,전북,기존,우석대학교,예ㆍ체능계열,971,0,940,894,46,96.8,92.1
2019,대학교,사립,전북,기존,우석대학교,의학계열,120,0,136,118,18,113.3,98.3
2019,대학교,사립,전북,기존,우석대학교,인문ㆍ사회계열,2516,0,2812,2430,382,111.8,96.6
2019,대학교,사립,전북,기존,우석대학교,공학계열,1476,0,1350,1290,60,91.5,87.4
2019,대학교,사립,대전,기존,우송대학교,인문ㆍ사회계열,3586,0,4670,3478,1192,130.2,97
2019,대학교,사립,대전,기존,우송대학교,예ㆍ체능계열,810,0,1026,752,274,126.7,92.8
2019,대학교,사립,대전,기존,우송대학교,자연과학계열,1570,0,1714,1584,130,109.2,100.9
2019,대학교,사립,대전,기존,우송대학교,공학계열,2079,0,2315,2102,213,111.4,101.1
2019,대학교,특별법법인,울산,기존,울산과학기술원,인문ㆍ사회계열,170,0,247,205,42,145.3,120.6
2019,대학교,특별법법인,울산,기존,울산과학기술원,공학계열,1108,0,1646,1458,188,148.6,131.6
2019,대학교,특별법법인,울산,기존,울산과학기술원,자연과학계열,162,0,291,252,39,179.6,155.6
2019,대학교,사립,울산,기존,울산대학교,예ㆍ체능계열,1260,0,1231,1200,31,97.7,95.2
2019,대학교,사립,울산,기존,울산대학교,자연과학계열,2104,2,2166,2019,147,103,96.1
2019,대학교,사립,울산,기존,울산대학교,인문ㆍ사회계열,3637,0,4257,3666,591,117,100.8
2019,대학교,사립,울산,기존,울산대학교,공학계열,3909,0,4371,3990,381,111.8,102.1
2019,대학교,사립,울산,기존,울산대학교,의학계열,160,0,159,159,0,99.4,99.4
2019,대학교,사립,전북,기존,원광대학교,자연과학계열,3829,0,3858,3535,323,100.8,92.3
2019,대학교,사립,전북,기존,원광대학교,공학계열,3907,0,3386,3139,247,86.7,80.3
2019,대학교,사립,전북,기존,원광대학교,예ㆍ체능계열,1432,0,1409,1377,32,98.4,96.2
2019,대학교,사립,전북,기존,원광대학교,인문ㆍ사회계열,4644,0,5218,4700,518,112.4,101.2
2019,대학교,사립,전북,기존,원광대학교,의학계열,984,0,1140,992,148,115.9,100.8
2019,대학교,사립,경북,기존,위덕대학교,인문ㆍ사회계열,1498,0,1471,1371,100,98.2,91.5
2019,대학교,사립,경북,기존,위덕대학교,자연과학계열,957,0,889,839,50,92.9,87.7
2019,대학교,사립,경북,기존,위덕대학교,예ㆍ체능계열,295,0,277,275,2,93.9,93.2
2019,대학교,사립,경북,기존,위덕대학교,공학계열,580,0,409,400,9,70.5,69
2019,대학교,사립,충북,기존,유원대학교,자연과학계열,1380,0,1251,1142,109,90.7,82.8
2019,대학교,사립,충북,기존,유원대학교,인문ㆍ사회계열,1450,0,1302,1246,56,89.8,85.9
2019,대학교,사립,충북,기존,유원대학교,예ㆍ체능계열,400,0,235,230,5,58.8,57.5
2019,대학교,사립,충북,기존,유원대학교,공학계열,840,0,631,624,7,75.1,74.3
2019,대학교,사립,대전,기존,을지대학교,자연과학계열,508,0,548,502,46,107.9,98.8
2019,대학교,사립,대전,기존,을지대학교,의학계열,160,0,191,162,29,119.4,101.3
2019,대학교,사립,경기,기존,을지대학교 _제2캠퍼스,공학계열,260,0,180,172,8,69.2,66.2
2019,대학교,사립,경기,기존,을지대학교 _제2캠퍼스,인문ㆍ사회계열,668,0,675,628,47,101,94
2019,대학교,사립,경기,기존,을지대학교 _제2캠퍼스,자연과학계열,2592,0,2853,2612,241,110.1,100.8
2019,대학교,사립,경기,기존,을지대학교 _제2캠퍼스,예ㆍ체능계열,213,0,176,158,18,82.6,74.2
2019,대학교,사립,서울,기존,이화여자대학교,의학계열,228,0,231,225,6,101.3,98.7
2019,대학교,사립,서울,기존,이화여자대학교,인문ㆍ사회계열,5313,0,7937,6437,1500,149.4,121.2
2019,대학교,사립,서울,기존,이화여자대학교,예ㆍ체능계열,2059,0,2743,2390,353,133.2,116.1
2019,대학교,사립,서울,기존,이화여자대학교,공학계열,1870,0,1967,1794,173,105.2,95.9
2019,대학교,사립,서울,기존,이화여자대학교,자연과학계열,3194,0,3210,2870,340,100.5,89.9
2019,대학교,사립,경남,기존,인제대학교,자연과학계열,1990,0,2175,1911,264,109.3,96
2019,대학교,사립,경남,기존,인제대학교,인문ㆍ사회계열,2676,0,2915,2723,192,108.9,101.8
2019,대학교,사립,경남,기존,인제대학교,예ㆍ체능계열,428,0,496,466,30,115.9,108.9
2019,대학교,사립,경남,기존,인제대학교,공학계열,3278,0,2964,2714,250,90.4,82.8
2019,대학교,사립,부산,기존,인제대학교 _제2캠퍼스,자연과학계열,320,0,451,314,137,140.9,98.1
2019,대학교,사립,부산,기존,인제대학교 _제2캠퍼스,의학계열,372,0,397,362,35,106.7,97.3
2019,대학교,사립,인천,기존,인천가톨릭대학교,인문ㆍ사회계열,89,0,55,55,0,61.8,61.8
2019,대학교,사립,인천,기존,인천가톨릭대학교 _제2캠퍼스,자연과학계열,160,0,177,159,18,110.6,99.4
2019,대학교,사립,인천,기존,인천가톨릭대학교 _제2캠퍼스,예ㆍ체능계열,443,0,432,399,33,97.5,90.1
2019,대학교,국립대법인,인천,기존,인천대학교,인문ㆍ사회계열,3931,0,4855,4174,681,123.5,106.2
2019,대학교,국립대법인,인천,기존,인천대학교,공학계열,4005,0,4788,4255,533,119.6,106.2
2019,대학교,국립대법인,인천,기존,인천대학교,자연과학계열,1136,0,1269,1163,106,111.7,102.4
2019,대학교,국립대법인,인천,기존,인천대학교,예ㆍ체능계열,933,0,986,967,19,105.7,103.6
2019,대학교,사립,인천,기존,인하대학교,의학계열,113,0,137,131,6,121.2,115.9
2019,대학교,사립,인천,기존,인하대학교,공학계열,5879,0,7800,6665,1135,132.7,113.4
2019,대학교,사립,인천,기존,인하대학교,예ㆍ체능계열,617,0,614,588,26,99.5,95.3
2019,대학교,사립,인천,기존,인하대학교,자연과학계열,1619,0,1719,1548,171,106.2,95.6
2019,대학교,사립,인천,기존,인하대학교,인문ㆍ사회계열,5506,0,7403,5989,1414,134.5,108.8
2019,대학교,사립,서울,기존,장로회신학대학교,인문ㆍ사회계열,400,0,426,394,32,106.5,98.5
2019,대학교,사립,서울,기존,장로회신학대학교,예ㆍ체능계열,200,0,211,197,14,105.5,98.5
2019,대학교,국립,광주,기존,전남대학교,의학계열,774,0,715,698,17,92.4,90.2
2019,대학교,국립,광주,기존,전남대학교,인문ㆍ사회계열,4123,0,5820,4748,1072,141.2,115.2
2019,대학교,국립,광주,기존,전남대학교,자연과학계열,4490,0,5118,4707,411,114,104.8
2019,대학교,국립,광주,기존,전남대학교,예ㆍ체능계열,856,0,974,949,25,113.8,110.9
2019,대학교,국립,광주,기존,전남대학교,공학계열,3107,0,3761,3514,247,121,113.1
2019,대학교,국립,전남,기존,전남대학교 _제2캠퍼스,공학계열,1210,0,1101,993,108,91,82.1
2019,대학교,국립,전남,기존,전남대학교 _제2캠퍼스,인문ㆍ사회계열,726,0,745,709,36,102.6,97.7
2019,대학교,국립,전남,기존,전남대학교 _제2캠퍼스,자연과학계열,1082,0,1018,924,94,94.1,85.4
2019,대학교,국립,전북,기존,전북대학교,예ㆍ체능계열,661,0,719,683,36,108.8,103.3
2019,대학교,국립,전북,기존,전북대학교,의학계열,650,0,775,636,139,119.2,97.8
2019,대학교,국립,전북,기존,전북대학교,공학계열,4990,0,5818,5426,392,116.6,108.7
2019,대학교,국립,전북,기존,전북대학교,자연과학계열,4611,0,5099,4626,473,110.6,100.3
2019,대학교,국립,전북,기존,전북대학교,인문ㆍ사회계열,4595,0,5733,5012,721,124.8,109.1
2019,교육대학,국립,전북,기존,전주교육대학교,인문ㆍ사회계열,1140,0,496,472,24,43.5,41.4
2019,대학교,사립,전북,기존,전주대학교,공학계열,2400,0,2270,2051,219,94.6,85.5
2019,대학교,사립,전북,기존,전주대학교,자연과학계열,1980,0,2108,1873,235,106.5,94.6
2019,대학교,사립,전북,기존,전주대학교,예ㆍ체능계열,1241,0,1346,1227,119,108.5,98.9
2019,대학교,사립,전북,기존,전주대학교,인문ㆍ사회계열,4520,0,5150,4437,713,113.9,98.2
2019,기술대학,사립,서울,기존,정석대학,인문ㆍ사회계열,50,0,41,41,0,82,82
2019,기술대학,사립,서울,기존,정석대학,공학계열,150,0,31,31,0,20.7,20.7
2019,대학교,사립,제주,기존,제주국제대학교,자연과학계열,110,0,9,9,0,8.2,8.2
2019,대학교,사립,제주,기존,제주국제대학교,예ㆍ체능계열,734,0,343,341,2,46.7,46.5
2019,대학교,사립,제주,기존,제주국제대학교,공학계열,767,0,412,400,12,53.7,52.2
2019,대학교,사립,제주,기존,제주국제대학교,인문ㆍ사회계열,1288,0,427,407,20,33.2,31.6
2019,대학교,국립,제주,기존,제주대학교,예ㆍ체능계열,613,0,639,618,21,104.2,100.8
2019,대학교,국립,제주,기존,제주대학교,공학계열,1592,0,1832,1642,190,115.1,103.1
2019,대학교,국립,제주,기존,제주대학교,자연과학계열,2490,0,2707,2519,188,108.7,101.2
2019,대학교,국립,제주,기존,제주대학교,인문ㆍ사회계열,3673,0,4791,4219,572,130.4,114.9
2019,대학교,국립,제주,기존,제주대학교,의학계열,160,0,194,162,32,121.3,101.3
2019,대학교,사립,광주,기존,조선대학교,인문ㆍ사회계열,6763,0,7333,6782,551,108.4,100.3
2019,대학교,사립,광주,기존,조선대학교,공학계열,5769,0,6255,5648,607,108.4,97.9
2019,대학교,사립,광주,기존,조선대학교,의학계열,615,0,587,404,183,95.4,65.7
2019,대학교,사립,광주,기존,조선대학교,예ㆍ체능계열,1942,0,2028,1919,109,104.4,98.8
2019,대학교,사립,광주,기존,조선대학교,자연과학계열,2892,0,2886,2779,107,99.8,96.1
2019,대학교,사립,충남,기존,중부대학교,공학계열,1935,0,1940,1773,167,100.3,91.6
2019,대학교,사립,충남,기존,중부대학교,예ㆍ체능계열,1545,0,1620,1504,116,104.9,97.3
2019,대학교,사립,충남,기존,중부대학교,자연과학계열,1129,0,1129,990,139,100,87.7
2019,대학교,사립,충남,기존,중부대학교,인문ㆍ사회계열,3214,0,3372,3131,241,104.9,97.4
2019,대학교,사립,서울,기존,중앙대학교,자연과학계열,2532,0,2727,2499,228,107.7,98.7
2019,대학교,사립,서울,기존,중앙대학교,공학계열,3500,0,4196,3675,521,119.9,105
2019,대학교,사립,서울,기존,중앙대학교,예ㆍ체능계열,520,0,593,551,42,114,106
2019,대학교,사립,서울,기존,중앙대학교,의학계열,344,0,354,331,23,102.9,96.2
2019,대학교,사립,서울,기존,중앙대학교,인문ㆍ사회계열,6720,0,10673,7355,3318,158.8,109.4
2019,대학교,사립,경기,기존,중앙대학교 _제2캠퍼스,공학계열,102,0,132,129,3,129.4,126.5
2019,대학교,사립,경기,기존,중앙대학교 _제2캠퍼스,예ㆍ체능계열,2964,0,3425,3140,285,115.6,105.9
2019,대학교,사립,경기,기존,중앙대학교 _제2캠퍼스,자연과학계열,1319,0,1255,1176,79,95.1,89.2
2019,대학교,사립,경기,기존,중앙승가대학교,인문ㆍ사회계열,480,0,143,141,2,29.8,29.4
2019,대학교,사립,충북,기존,중원대학교,예ㆍ체능계열,586,0,550,525,25,93.9,89.6
2019,대학교,사립,충북,기존,중원대학교,공학계열,1120,0,1138,1061,77,101.6,94.7
2019,대학교,사립,충북,기존,중원대학교,자연과학계열,1219,0,1250,1147,103,102.5,94.1
2019,대학교,사립,충북,기존,중원대학교,인문ㆍ사회계열,1099,0,1050,994,56,95.5,90.4
2019,교육대학,국립,경남,기존,진주교육대학교,인문ㆍ사회계열,1276,0,552,516,36,43.3,40.4
2019,대학교,사립,경기,기존,차의과학대학교,자연과학계열,1137,0,1241,1095,146,109.1,96.3
2019,대학교,사립,경기,기존,차의과학대학교,인문ㆍ사회계열,951,0,971,935,36,102.1,98.3
2019,대학교,사립,경남,기존,창신대학교,예ㆍ체능계열,277,0,265,262,3,95.7,94.6
2019,대학교,사립,경남,기존,창신대학교,자연과학계열,495,0,539,459,80,108.9,92.7
2019,대학교,사립,경남,기존,창신대학교,공학계열,340,0,350,340,10,102.9,100
2019,대학교,사립,경남,기존,창신대학교,인문ㆍ사회계열,900,0,828,795,33,92,88.3
2019,산업대학,사립,충남,기존,청운대학교,공학계열,1190,0,1589,1202,387,133.5,101
2019,산업대학,사립,충남,기존,청운대학교,자연과학계열,435,0,511,444,67,117.5,102.1
2019,산업대학,사립,충남,기존,청운대학교,예ㆍ체능계열,1100,0,1094,969,125,99.5,88.1
2019,산업대학,사립,충남,기존,청운대학교,인문ㆍ사회계열,2640,0,3348,2571,777,126.8,97.4
2019,교육대학,국립,충북,기존,청주교육대학교,인문ㆍ사회계열,1144,0,504,466,38,44.1,40.7
2019,대학교,사립,충북,기존,청주대학교,공학계열,3053,0,2850,2613,237,93.4,85.6
2019,대학교,사립,충북,기존,청주대학교,예ㆍ체능계열,1395,0,1463,1384,79,104.9,99.2
2019,대학교,사립,충북,기존,청주대학교,자연과학계열,1787,0,1735,1676,59,97.1,93.8
2019,대학교,사립,충북,기존,청주대학교,인문ㆍ사회계열,4546,0,4648,4139,509,102.2,91
2019,대학교,사립,전남,기존,초당대학교,공학계열,655,0,570,525,45,87,80.2
2019,대학교,사립,전남,기존,초당대학교,인문ㆍ사회계열,984,0,1043,878,165,106,89.2
2019,대학교,사립,전남,기존,초당대학교,자연과학계열,1060,0,1150,1016,134,108.5,95.8
2019,대학교,사립,전남,기존,초당대학교,예ㆍ체능계열,405,0,357,333,24,88.1,82.2
2019,대학교,사립,서울,기존,총신대학교,예ㆍ체능계열,240,0,264,246,18,110,102.5
2019,대학교,사립,서울,기존,총신대학교,인문ㆍ사회계열,1200,0,1482,1193,289,123.5,99.4
2019,대학교,사립,서울,기존,추계예술대학교,인문ㆍ사회계열,256,0,288,272,16,112.5,106.3
2019,대학교,사립,서울,기존,추계예술대학교,예ㆍ체능계열,862,0,888,853,35,103,99
2019,교육대학,국립,강원,기존,춘천교육대학교,인문ㆍ사회계열,1284,0,571,534,37,44.5,41.6
2019,대학교,국립,대전,기존,충남대학교,자연과학계열,4292,0,4942,4597,345,115.1,107.1
2019,대학교,국립,대전,기존,충남대학교,인문ㆍ사회계열,4492,0,6324,5356,968,140.8,119.2
2019,대학교,국립,대전,기존,충남대학교,의학계열,546,0,584,535,49,107,98
2019,대학교,국립,대전,기존,충남대학교,공학계열,4050,0,5124,4757,367,126.5,117.5
2019,대학교,국립,대전,기존,충남대학교,예ㆍ체능계열,845,0,916,911,5,108.4,107.8
2019,대학교,국립,충북,기존,충북대학교,인문ㆍ사회계열,3602,0,4524,3773,751,125.6,104.7
2019,대학교,국립,충북,기존,충북대학교,공학계열,3571,0,4271,3782,489,119.6,105.9
2019,대학교,국립,충북,기존,충북대학교,자연과학계열,3630,0,4135,3743,392,113.9,103.1
2019,대학교,국립,충북,기존,충북대학교,예ㆍ체능계열,255,0,277,267,10,108.6,104.7
2019,대학교,국립,충북,기존,충북대학교,의학계열,380,0,406,381,25,106.8,100.3
2019,대학교,사립,경기,기존,칼빈대학교,인문ㆍ사회계열,316,0,453,242,211,143.4,76.6
2019,대학교,사립,경기,기존,칼빈대학교,예ㆍ체능계열,60,0,51,51,0,85,85
2019,대학교,사립,경기,기존,평택대학교,예ㆍ체능계열,691,0,672,660,12,97.3,95.5
2019,대학교,사립,경기,기존,평택대학교,공학계열,90,0,63,49,14,70,54.4
2019,대학교,사립,경기,기존,평택대학교,자연과학계열,1085,0,971,889,82,89.5,81.9
2019,대학교,사립,경기,기존,평택대학교,인문ㆍ사회계열,1623,0,1952,1566,386,120.3,96.5
2019,대학교,사립,경북,기존,포항공과대학교,자연과학계열,140,0,208,207,1,148.6,147.9
2019,대학교,사립,경북,기존,포항공과대학교,공학계열,1140,0,1224,1186,38,107.4,104
2019,대학교,국립,경기,기존,한경국립대학교,인문ㆍ사회계열,698,0,827,693,134,118.5,99.3
2019,대학교,국립,경기,기존,한경국립대학교,자연과학계열,1468,0,1504,1397,107,102.5,95.2
2019,대학교,국립,경기,기존,한경국립대학교,예ㆍ체능계열,329,0,391,345,46,118.8,104.9
2019,대학교,국립,경기,기존,한경국립대학교,공학계열,2341,0,2579,2373,206,110.2,101.4
2019,대학교,사립,경기,기존,한국공학대학교,예ㆍ체능계열,408,0,464,398,66,113.7,97.5
2019,대학교,사립,경기,기존,한국공학대학교,인문ㆍ사회계열,564,0,673,580,93,119.3,102.8
2019,대학교,사립,경기,기존,한국공학대학교,공학계열,4548,0,5742,4603,1139,126.3,101.2
2019,대학교,특별법법인,대전,기존,한국과학기술원,자연과학계열,1318,0,906,857,49,68.7,65
2019,대학교,특별법법인,대전,기존,한국과학기술원,인문ㆍ사회계열,120,0,64,52,12,53.3,43.3
2019,대학교,특별법법인,대전,기존,한국과학기술원,공학계열,2442,0,2909,2702,207,119.1,110.6
2019,대학교,국립,충북,기존,한국교원대학교,자연과학계열,572,0,656,616,40,114.7,107.7
2019,대학교,국립,충북,기존,한국교원대학교,공학계열,156,0,171,165,6,109.6,105.8
2019,대학교,국립,충북,기존,한국교원대학교,예ㆍ체능계열,236,0,251,250,1,106.4,105.9
2019,대학교,국립,충북,기존,한국교원대학교,인문ㆍ사회계열,1220,0,1369,1257,112,112.2,103
2019,대학교,사립,경남,기존,한국국제대학교,자연과학계열,796,0,676,594,82,84.9,74.6
2019,대학교,사립,경남,기존,한국국제대학교,공학계열,699,0,356,332,24,50.9,47.5
2019,대학교,사립,경남,기존,한국국제대학교,예ㆍ체능계열,395,0,331,325,6,83.8,82.3
2019,대학교,사립,경남,기존,한국국제대학교,인문ㆍ사회계열,1153,0,847,812,35,73.5,70.4
2019,대학교,사립,충남,기존,한국기술교육대학교,인문ㆍ사회계열,474,0,689,544,145,145.4,114.8
2019,대학교,사립,충남,기존,한국기술교육대학교,공학계열,2880,0,3743,3233,510,130,112.3
2019,방송통신대학,국립,서울,기존,한국방송통신대학교,인문ㆍ사회계열,180300,0,78092,70532,7560,43.3,39.1
2019,방송통신대학,국립,서울,기존,한국방송통신대학교,자연과학계열,48000,0,27901,25522,2379,58.1,53.2
2019,방송통신대학,국립,서울,기존,한국방송통신대학교,공학계열,4000,0,819,819,0,20.5,20.5
2019,대학교,사립,서울,기존,한국성서대학교,공학계열,140,0,137,130,7,97.9,92.9
2019,대학교,사립,서울,기존,한국성서대학교,인문ㆍ사회계열,606,0,743,656,87,122.6,108.3
2019,대학교,사립,서울,기존,한국성서대학교,자연과학계열,180,0,208,181,27,115.6,100.6
2019,각종학교(대학),특별법국립,서울,기존,한국예술종합학교,예ㆍ체능계열,2252,0,2711,2579,132,120.4,114.5
2019,대학교,사립,서울,기존,한국외국어대학교,인문ㆍ사회계열,11340,0,15478,12538,2940,136.5,110.6
2019,대학교,사립,서울,기존,한국외국어대학교,공학계열,1136,0,1186,1107,79,104.4,97.4
2019,대학교,사립,서울,기존,한국외국어대학교,자연과학계열,1032,0,1106,1024,82,107.2,99.2
2019,대학교,특별법국립,충남,기존,한국전통문화대학교,인문ㆍ사회계열,180,0,181,174,7,100.6,96.7
2019,대학교,특별법국립,충남,기존,한국전통문화대학교,자연과학계열,80,0,84,84,0,105,105
2019,대학교,특별법국립,충남,기존,한국전통문화대학교,공학계열,140,0,163,159,4,116.4,113.6
2019,대학교,특별법국립,충남,기존,한국전통문화대학교,예ㆍ체능계열,160,0,148,146,2,92.5,91.3
2019,대학교,국립,서울,기존,한국체육대학교,예ㆍ체능계열,2270,0,2455,2322,133,108.1,102.3
2019,대학교,사립,대전,기존,한국침례신학대학교,예ㆍ체능계열,260,0,231,220,11,88.8,84.6
2019,대학교,사립,대전,기존,한국침례신학대학교,인문ㆍ사회계열,1180,0,1114,1071,43,94.4,90.8
2019,대학교,사립,경기,기존,한국항공대학교,공학계열,2251,0,2531,2296,235,112.4,102
2019,대학교,사립,경기,기존,한국항공대학교,인문ㆍ사회계열,454,0,497,448,49,109.5,98.7
2019,대학교,사립,경기,기존,한국항공대학교,자연과학계열,664,0,926,727,199,139.5,109.5
2019,대학교,사립,대전,기존,한남대학교,인문ㆍ사회계열,5828,0,7215,6588,627,123.8,113
2019,대학교,사립,대전,기존,한남대학교,예ㆍ체능계열,977,0,992,962,30,101.5,98.5
2019,대학교,사립,대전,기존,한남대학교,공학계열,2746,0,2839,2617,222,103.4,95.3
2019,대학교,사립,대전,기존,한남대학교,자연과학계열,1244,0,1291,1240,51,103.8,99.7
2019,대학교,사립,경북,기존,한동대학교,자연과학계열,224,0,231,215,16,103.1,96
2019,대학교,사립,경북,기존,한동대학교,인문ㆍ사회계열,1291,0,2242,1925,317,173.7,149.1
2019,대학교,사립,경북,기존,한동대학교,공학계열,1407,0,1483,1371,112,105.4,97.4
2019,대학교,사립,강원,기존,한라대학교,인문ㆍ사회계열,1480,0,1521,1452,69,102.8,98.1
2019,대학교,사립,강원,기존,한라대학교,공학계열,1970,0,1995,1869,126,101.3,94.9
2019,대학교,사립,강원,기존,한라대학교,예ㆍ체능계열,150,0,152,148,4,101.3,98.7
2019,대학교,사립,전남,기존,한려대학교,예ㆍ체능계열,171,0,39,36,3,22.8,21.1
2019,대학교,사립,전남,기존,한려대학교,인문ㆍ사회계열,195,0,26,26,0,13.3,13.3
2019,대학교,사립,전남,기존,한려대학교,공학계열,86,0,16,16,0,18.6,18.6
2019,대학교,사립,전남,기존,한려대학교,자연과학계열,918,0,334,292,42,36.4,31.8
2019,대학교,사립,강원,기존,한림대학교,예ㆍ체능계열,209,0,254,224,30,121.5,107.2
2019,대학교,사립,강원,기존,한림대학교,의학계열,304,0,306,299,7,100.7,98.4
2019,대학교,사립,강원,기존,한림대학교,공학계열,874,0,996,918,78,114,105
2019,대학교,사립,강원,기존,한림대학교,자연과학계열,2045,0,2085,1982,103,102,96.9
2019,대학교,사립,강원,기존,한림대학교,인문ㆍ사회계열,3564,0,4458,3855,603,125.1,108.2
2019,대학교,사립,충남,기존,한서대학교,공학계열,1769,0,1800,1630,170,101.8,92.1
2019,대학교,사립,충남,기존,한서대학교,자연과학계열,1718,0,1734,1560,174,100.9,90.8
2019,대학교,사립,충남,기존,한서대학교,예ㆍ체능계열,1390,0,1421,1284,137,102.2,92.4
2019,대학교,사립,충남,기존,한서대학교,인문ㆍ사회계열,1537,0,1933,1686,247,125.8,109.7
2019,대학교,사립,서울,기존,한성대학교,인문ㆍ사회계열,2989,0,3071,2766,305,102.7,92.5
2019,대학교,사립,서울,기존,한성대학교,공학계열,1713,0,2034,1861,173,118.7,108.6
2019,대학교,사립,서울,기존,한성대학교,예ㆍ체능계열,1152,0,1463,1252,211,127,108.7
2019,대학교,사립,경기,기존,한세대학교,인문ㆍ사회계열,1247,0,1517,1363,154,121.7,109.3
2019,대학교,사립,경기,기존,한세대학교,공학계열,198,0,232,192,40,117.2,97
2019,대학교,사립,경기,기존,한세대학교,예ㆍ체능계열,744,0,827,760,67,111.2,102.2
2019,대학교,사립,경기,기존,한세대학교,자연과학계열,123,0,152,132,20,123.6,107.3
2019,대학교,사립,경기,기존,한신대학교,공학계열,908,0,902,833,69,99.3,91.7
2019,대학교,사립,경기,기존,한신대학교,예ㆍ체능계열,140,0,162,162,0,115.7,115.7
2019,대학교,사립,경기,기존,한신대학교,자연과학계열,328,0,333,324,9,101.5,98.8
2019,대학교,사립,경기,기존,한신대학교,인문ㆍ사회계열,3346,0,3801,3504,297,113.6,104.7
2019,대학교,사립,서울,기존,한양대학교,인문ㆍ사회계열,4024,0,6520,4375,2145,162,108.7
2019,대학교,사립,서울,기존,한양대학교,자연과학계열,1275,0,1542,1244,298,120.9,97.6
2019,대학교,사립,서울,기존,한양대학교,공학계열,4355,0,5797,4720,1077,133.1,108.4
2019,대학교,사립,서울,기존,한양대학교,의학계열,440,0,427,427,0,97,97
2019,대학교,사립,서울,기존,한양대학교,예ㆍ체능계열,1436,0,1856,1546,310,129.2,107.7
2019,대학교,사립,경기,기존,한양대학교(ERICA) _분교,인문ㆍ사회계열,2389,0,3177,2674,503,133,111.9
2019,대학교,사립,경기,기존,한양대학교(ERICA) _분교,자연과학계열,522,0,550,507,43,105.4,97.1
2019,대학교,사립,경기,기존,한양대학교(ERICA) _분교,공학계열,3417,0,4014,3304,710,117.5,96.7
2019,대학교,사립,경기,기존,한양대학교(ERICA) _분교,예ㆍ체능계열,1150,0,1282,1198,84,111.5,104.2
2019,대학교,사립,전북,기존,한일장신대학교,예ㆍ체능계열,143,0,150,123,27,104.9,86
2019,대학교,사립,전북,기존,한일장신대학교,자연과학계열,208,0,230,202,28,110.6,97.1
2019,대학교,사립,전북,기존,한일장신대학교,인문ㆍ사회계열,555,0,557,460,97,100.4,82.9
2019,대학교,사립,경기,기존,협성대학교,예ㆍ체능계열,732,0,716,709,7,97.8,96.9
2019,대학교,사립,경기,기존,협성대학교,공학계열,566,0,535,482,53,94.5,85.2
2019,대학교,사립,경기,기존,협성대학교,자연과학계열,282,0,290,266,24,102.8,94.3
2019,대학교,사립,경기,기존,협성대학교,인문ㆍ사회계열,2528,0,2754,2363,391,108.9,93.5
2019,대학교,사립,광주,기존,호남대학교,인문ㆍ사회계열,2042,0,2621,2141,480,128.4,104.8
2019,대학교,사립,광주,기존,호남대학교,공학계열,1549,0,1461,1367,94,94.3,88.3
2019,대학교,사립,광주,기존,호남대학교,자연과학계열,1630,0,1725,1585,140,105.8,97.2
2019,대학교,사립,광주,기존,호남대학교,예ㆍ체능계열,1027,0,1194,973,221,116.3,94.7
2019,대학교,사립,광주,기존,호남신학대학교,인문ㆍ사회계열,375,0,330,328,2,88,87.5
2019,대학교,사립,광주,기존,호남신학대학교,예ㆍ체능계열,230,0,193,193,0,83.9,83.9
2019,대학교,사립,충남,기존,호서대학교,자연과학계열,1466,0,1535,1393,142,104.7,95
2019,대학교,사립,충남,기존,호서대학교,예ㆍ체능계열,1678,0,1753,1665,88,104.5,99.2
2019,대학교,사립,충남,기존,호서대학교,공학계열,4612,0,4592,4198,394,99.6,91
2019,대학교,사립,충남,기존,호서대학교,인문ㆍ사회계열,3851,0,3964,3583,381,102.9,93
2019,산업대학,사립,전북,기존,호원대학교,공학계열,1118,0,1266,969,297,113.2,86.7
2019,산업대학,사립,전북,기존,호원대학교,예ㆍ체능계열,1410,0,1570,1302,268,111.3,92.3
2019,산업대학,사립,전북,기존,호원대학교,자연과학계열,1030,0,1047,900,147,101.7,87.4
2019,산업대학,사립,전북,기존,호원대학교,인문ㆍ사회계열,1249,0,1589,1161,428,127.2,93
2019,대학교,사립,서울,기존,홍익대학교,공학계열,5407,0,5448,4948,500,100.8,91.5
2019,대학교,사립,서울,기존,홍익대학교,예ㆍ체능계열,1561,0,2853,1942,911,182.8,124.4
2019,대학교,사립,서울,기존,홍익대학교,자연과학계열,124,0,146,135,11,117.7,108.9
2019,대학교,사립,서울,기존,홍익대학교,인문ㆍ사회계열,2645,0,3892,3054,838,147.1,115.5
2019,대학교,사립,세종,기존,홍익대학교 _제2캠퍼스,공학계열,3024,0,2587,2424,163,85.5,80.2
2019,대학교,사립,세종,기존,홍익대학교 _제2캠퍼스,예ㆍ체능계열,1219,0,1788,1552,236,146.7,127.3
2019,대학교,사립,세종,기존,홍익대학교 _제2캠퍼스,인문ㆍ사회계열,1176,0,1476,1371,105,125.5,116.6
2019,대학교,사립,경기,기존,화성의과학대학교,예ㆍ체능계열,233,0,136,135,1,58.4,57.9
2019,대학교,사립,경기,기존,화성의과학대학교,자연과학계열,387,12,285,257,28,76,68.5
2019,대학교,사립,경기,기존,화성의과학대학교,인문ㆍ사회계열,428,1,215,214,1,50.4,50.1
2018,대학교,사립,경남,기존,가야대학교(김해),인문ㆍ사회계열,1037,0,993,944,49,95.8,91
2018,대학교,사립,경남,기존,가야대학교(김해),자연과학계열,1501,0,1621,1464,157,108,97.5
2018,대학교,사립,경기,기존,가천대학교,예ㆍ체능계열,1570,0,1678,1618,60,106.9,103.1
2018,대학교,사립,경기,기존,가천대학교,자연과학계열,2968,0,3257,2921,336,109.7,98.4
2018,대학교,사립,경기,기존,가천대학교,의학계열,200,0,186,184,2,93,92
2018,대학교,사립,경기,기존,가천대학교,인문ㆍ사회계열,5630,0,7352,6092,1260,130.6,108.2
2018,대학교,사립,경기,기존,가천대학교,공학계열,5114,0,5944,5367,577,116.2,104.9
2018,대학교,사립,강원,기존,가톨릭관동대학교,공학계열,1867,0,1600,1503,97,85.7,80.5
2018,대학교,사립,강원,기존,가톨릭관동대학교,예ㆍ체능계열,1459,0,1184,1134,50,81.2,77.7
2018,대학교,사립,강원,기존,가톨릭관동대학교,자연과학계열,914,0,992,817,175,108.5,89.4
2018,대학교,사립,강원,기존,가톨릭관동대학교,의학계열,196,25,202,181,21,118.1,105.8
2018,대학교,사립,강원,기존,가톨릭관동대학교,인문ㆍ사회계열,4259,0,4304,3964,340,101.1,93.1
2018,대학교,사립,충북,기존,가톨릭꽃동네대학교,인문ㆍ사회계열,284,0,298,288,10,104.9,101.4
2018,대학교,사립,충북,기존,가톨릭꽃동네대학교,자연과학계열,160,0,171,159,12,106.9,99.4
2018,대학교,사립,경기,기존,가톨릭대학교,자연과학계열,1316,0,1459,1307,152,110.9,99.3
2018,대학교,사립,경기,기존,가톨릭대학교,인문ㆍ사회계열,3388,0,4059,3582,477,119.8,105.7
2018,대학교,사립,경기,기존,가톨릭대학교,공학계열,1181,0,1399,1252,147,118.5,106
2018,대학교,사립,경기,기존,가톨릭대학교,예ㆍ체능계열,196,0,205,205,0,104.6,104.6
2018,대학교,사립,서울,기존,가톨릭대학교 _제2캠퍼스,의학계열,186,0,192,181,11,103.2,97.3
2018,대학교,사립,서울,기존,가톨릭대학교 _제2캠퍼스,자연과학계열,450,0,487,446,41,108.2,99.1
2018,대학교,사립,서울,기존,가톨릭대학교 _제3캠퍼스,인문ㆍ사회계열,230,0,178,159,19,77.4,69.1
2018,대학교,사립,서울,기존,감리교신학대학교,인문ㆍ사회계열,800,0,823,784,39,102.9,98
2018,대학교,사립,경기,기존,강남대학교,공학계열,1177,0,1237,1143,94,105.1,97.1
2018,대학교,사립,경기,기존,강남대학교,인문ㆍ사회계열,4317,0,4870,4360,510,112.8,101
2018,대학교,사립,경기,기존,강남대학교,예ㆍ체능계열,619,0,652,633,19,105.3,102.3
2018,대학교,사립,서울,기존,강서대학교,자연과학계열,205,0,188,169,19,91.7,82.4
2018,대학교,사립,서울,기존,강서대학교,인문ㆍ사회계열,887,0,1129,996,133,127.3,112.3
2018,대학교,사립,서울,기존,강서대학교,예ㆍ체능계열,135,0,127,122,5,94.1,90.4
2018,대학교,국립,강원,기존,강원대학교,예ㆍ체능계열,668,0,683,650,33,102.2,97.3
2018,대학교,국립,강원,기존,강원대학교,의학계열,160,0,176,171,5,110,106.9
2018,대학교,국립,강원,기존,강원대학교,인문ㆍ사회계열,4202,0,4863,4365,498,115.7,103.9
2018,대학교,국립,강원,기존,강원대학교,공학계열,2652,0,3069,2737,332,115.7,103.2
2018,대학교,국립,강원,기존,강원대학교,자연과학계열,4827,0,5056,4697,359,104.7,97.3
2018,대학교,국립,강원,기존,강원대학교 _제2캠퍼스,예ㆍ체능계열,865,0,798,751,47,92.3,86.8
2018,대학교,국립,강원,기존,강원대학교 _제2캠퍼스,자연과학계열,1414,0,1456,1343,113,103,95
2018,대학교,국립,강원,기존,강원대학교 _제2캠퍼스,인문ㆍ사회계열,1006,0,926,840,86,92,83.5
2018,대학교,국립,강원,기존,강원대학교 _제2캠퍼스,공학계열,3090,0,2810,2612,198,90.9,84.5
2018,대학교,사립,서울,기존,건국대학교,자연과학계열,2288,0,2270,2024,246,99.2,88.5
2018,대학교,사립,서울,기존,건국대학교,의학계열,276,0,342,284,58,123.9,102.9
2018,대학교,사립,서울,기존,건국대학교,인문ㆍ사회계열,4070,0,6439,4646,1793,158.2,114.2
2018,대학교,사립,서울,기존,건국대학교,공학계열,4199,0,5194,4669,525,123.7,111.2
2018,대학교,사립,서울,기존,건국대학교,예ㆍ체능계열,1305,0,1663,1438,225,127.4,110.2
2018,대학교,사립,충북,기존,건국대학교(글로컬) _분교,자연과학계열,1415,0,1469,1340,129,103.8,94.7
2018,대학교,사립,충북,기존,건국대학교(글로컬) _분교,예ㆍ체능계열,1635,0,1971,1715,256,120.6,104.9
2018,대학교,사립,충북,기존,건국대학교(글로컬) _분교,인문ㆍ사회계열,2673,0,3261,2746,515,122,102.7
2018,대학교,사립,충북,기존,건국대학교(글로컬) _분교,공학계열,930,0,949,874,75,102,94
2018,대학교,사립,충남,기존,건양대학교,공학계열,669,0,632,590,42,94.5,88.2
2018,대학교,사립,충남,기존,건양대학교,예ㆍ체능계열,155,0,144,144,0,92.9,92.9
2018,대학교,사립,충남,기존,건양대학교,자연과학계열,457,0,470,434,36,102.8,95
2018,대학교,사립,충남,기존,건양대학교,인문ㆍ사회계열,2363,0,2722,2429,293,115.2,102.8
2018,대학교,사립,대전,기존,건양대학교 _제2캠퍼스,자연과학계열,1974,0,2121,1928,193,107.4,97.7
2018,대학교,사립,대전,기존,건양대학교 _제2캠퍼스,공학계열,1090,0,1114,1053,61,102.2,96.6
2018,대학교,사립,대전,기존,건양대학교 _제2캠퍼스,의학계열,196,0,242,202,40,123.5,103.1
2018,대학교,사립,대전,기존,건양대학교 _제2캠퍼스,인문ㆍ사회계열,190,0,201,195,6,105.8,102.6
2018,대학교,사립,경기,기존,경기대학교,공학계열,2474,0,2796,2441,355,113,98.7
2018,대학교,사립,경기,기존,경기대학교,예ㆍ체능계열,1472,0,1507,1442,65,102.4,98
2018,대학교,사립,경기,기존,경기대학교,인문ㆍ사회계열,5416,0,6137,5356,781,113.3,98.9
2018,대학교,사립,경기,기존,경기대학교,자연과학계열,1193,0,1296,1173,123,108.6,98.3
2018,대학교,사립,서울,기존,경기대학교 _제2캠퍼스,인문ㆍ사회계열,907,0,1558,1102,456,171.8,121.5
2018,대학교,사립,서울,기존,경기대학교 _제2캠퍼스,예ㆍ체능계열,409,0,472,438,34,115.4,107.1
2018,대학교,국립,경남,폐교,경남과학기술대학교,공학계열,2054,0,2031,1900,131,98.9,92.5
2018,대학교,국립,경남,폐교,경남과학기술대학교,인문ㆍ사회계열,1531,0,1464,1399,65,95.6,91.4
2018,대학교,국립,경남,폐교,경남과학기술대학교,자연과학계열,1316,0,1366,1283,83,103.8,97.5
2018,대학교,국립,경남,폐교,경남과학기술대학교,예ㆍ체능계열,117,0,101,100,1,86.3,85.5
2018,대학교,사립,경남,기존,경남대학교,공학계열,3428,0,3253,3062,191,94.9,89.3
2018,대학교,사립,경남,기존,경남대학교,예ㆍ체능계열,840,0,844,784,60,100.5,93.3
2018,대학교,사립,경남,기존,경남대학교,자연과학계열,1730,0,1801,1679,122,104.1,97.1
2018,대학교,사립,경남,기존,경남대학교,인문ㆍ사회계열,5840,0,6061,5619,442,103.8,96.2
2018,대학교,사립,강원,기존,경동대학교,인문ㆍ사회계열,1421,0,1689,1268,421,118.9,89.2
2018,대학교,사립,강원,기존,경동대학교,공학계열,339,0,435,339,96,128.3,100
2018,대학교,사립,강원,기존,경동대학교,자연과학계열,540,0,546,493,53,101.1,91.3
2018,대학교,사립,강원,기존,경동대학교,예ㆍ체능계열,120,0,94,94,0,78.3,78.3
2018,대학교,사립,강원,기존,경동대학교 _제3캠퍼스,자연과학계열,2890,0,3306,2961,345,114.4,102.5
2018,대학교,사립,강원,기존,경동대학교 _제3캠퍼스,인문ㆍ사회계열,220,0,214,212,2,97.3,96.4
2018,대학교,사립,경기,기존,경동대학교 _제4캠퍼스,공학계열,377,0,468,423,45,124.1,112.2
2018,대학교,사립,경기,기존,경동대학교 _제4캠퍼스,인문ㆍ사회계열,1031,0,1121,1035,86,108.7,100.4
2018,대학교,사립,경기,기존,경동대학교 _제4캠퍼스,예ㆍ체능계열,172,0,189,177,12,109.9,102.9
2018,대학교,사립,경기,기존,경동대학교 _제4캠퍼스,자연과학계열,30,0,32,31,1,106.7,103.3
2018,대학교,국립,대구,기존,경북대학교,예ㆍ체능계열,1008,0,1138,1091,47,112.9,108.2
2018,대학교,국립,대구,기존,경북대학교,자연과학계열,6260,0,6656,6009,647,106.3,96
2018,대학교,국립,대구,기존,경북대학교,의학계열,568,0,562,533,29,98.9,93.8
2018,대학교,국립,대구,기존,경북대학교,인문ㆍ사회계열,5309,0,6769,5996,773,127.5,112.9
2018,대학교,국립,대구,기존,경북대학교,공학계열,5997,0,7765,6958,807,129.5,116
2018,대학교,국립,경남,기존,경상국립대학교,의학계열,352,0,370,334,36,105.1,94.9
2018,대학교,국립,경남,기존,경상국립대학교,인문ㆍ사회계열,4322,0,4971,4514,457,115,104.4
2018,대학교,국립,경남,기존,경상국립대학교,자연과학계열,3660,0,3819,3520,299,104.3,96.2
2018,대학교,국립,경남,기존,경상국립대학교,예ㆍ체능계열,279,0,278,278,0,99.6,99.6
2018,대학교,국립,경남,기존,경상국립대학교,공학계열,4000,0,4525,4146,379,113.1,103.7
2018,대학교,사립,부산,기존,경성대학교,예ㆍ체능계열,2214,0,2263,2132,131,102.2,96.3
2018,대학교,사립,부산,기존,경성대학교,인문ㆍ사회계열,5071,0,5983,5173,810,118,102
2018,대학교,사립,부산,기존,경성대학교,자연과학계열,1370,0,1386,1301,85,101.2,95
2018,대학교,사립,부산,기존,경성대학교,공학계열,2719,0,2816,2544,272,103.6,93.6
2018,대학교,사립,경북,기존,경운대학교,공학계열,1544,0,1305,1230,75,84.5,79.7
2018,대학교,사립,경북,기존,경운대학교,자연과학계열,1628,0,1664,1533,131,102.2,94.2
2018,대학교,사립,경북,기존,경운대학교,인문ㆍ사회계열,957,0,985,907,78,102.9,94.8
2018,대학교,사립,경북,기존,경운대학교,예ㆍ체능계열,659,0,570,555,15,86.5,84.2
2018,교육대학,국립,인천,기존,경인교육대학교,인문ㆍ사회계열,2392,0,682,635,47,28.5,26.5
2018,대학교,사립,경북,기존,경일대학교,예ㆍ체능계열,950,0,1070,1015,55,112.6,106.8
2018,대학교,사립,경북,기존,경일대학교,자연과학계열,762,0,823,758,65,108,99.5
2018,대학교,사립,경북,기존,경일대학교,인문ㆍ사회계열,1495,0,1650,1495,155,110.4,100
2018,대학교,사립,경북,기존,경일대학교,공학계열,3266,0,3294,3077,217,100.9,94.2
2018,대학교,사립,서울,기존,경희대학교,공학계열,3954,0,4554,4122,432,115.2,104.2
2018,대학교,사립,서울,기존,경희대학교,예ㆍ체능계열,3549,0,4366,3733,633,123,105.2
2018,대학교,사립,서울,기존,경희대학교,자연과학계열,4134,0,4622,4088,534,111.8,98.9
2018,대학교,사립,서울,기존,경희대학교,의학계열,812,0,791,780,11,97.4,96.1
2018,대학교,사립,서울,기존,경희대학교,인문ㆍ사회계열,7130,0,11730,8036,3694,164.5,112.7
2018,대학교,사립,대구,기존,계명대학교,공학계열,3495,0,3713,3319,394,106.2,95
2018,대학교,사립,대구,기존,계명대학교,자연과학계열,2412,0,2566,2328,238,106.4,96.5
2018,대학교,사립,대구,기존,계명대학교,의학계열,304,0,308,297,11,101.3,97.7
2018,대학교,사립,대구,기존,계명대학교,인문ㆍ사회계열,9397,0,11036,9781,1255,117.4,104.1
2018,대학교,사립,대구,기존,계명대학교,예ㆍ체능계열,3399,0,3646,3415,231,107.3,100.5
2018,대학교,사립,서울,기존,고려대학교,공학계열,3512,0,4671,3759,912,133,107
2018,대학교,사립,서울,기존,고려대학교,예ㆍ체능계열,520,0,628,578,50,120.8,111.2
2018,대학교,사립,서울,기존,고려대학교,자연과학계열,3352,0,3702,3275,427,110.4,97.7
2018,대학교,사립,서울,기존,고려대학교,인문ㆍ사회계열,7640,0,11632,8658,2974,152.3,113.3
2018,대학교,사립,서울,기존,고려대학교,의학계열,424,0,447,417,30,105.4,98.3
2018,대학교,사립,세종,기존,고려대학교(세종) _분교,자연과학계열,867,0,903,817,86,104.2,94.2
2018,대학교,사립,세종,기존,고려대학교(세종) _분교,공학계열,1670,0,1833,1655,178,109.8,99.1
2018,대학교,사립,세종,기존,고려대학교(세종) _분교,인문ㆍ사회계열,2823,0,3312,2915,397,117.3,103.3
2018,대학교,사립,세종,기존,고려대학교(세종) _분교,예ㆍ체능계열,398,0,435,416,19,109.3,104.5
2018,대학교,사립,부산,기존,고신대학교,인문ㆍ사회계열,1855,0,2099,1951,148,113.2,105.2
2018,대학교,사립,부산,기존,고신대학교,예ㆍ체능계열,290,0,262,257,5,90.3,88.6
2018,대학교,사립,부산,기존,고신대학교,자연과학계열,1247,0,1249,1177,72,100.2,94.4
2018,대학교,사립,부산,기존,고신대학교,의학계열,304,0,316,316,0,103.9,103.9
2018,교육대학,국립,충남,기존,공주교육대학교,인문ㆍ사회계열,1416,0,680,650,30,48,45.9
2018,대학교,사립,광주,기존,광신대학교,예ㆍ체능계열,136,4,105,105,0,79.5,79.5
2018,대학교,사립,광주,기존,광신대학교,인문ㆍ사회계열,407,16,411,375,36,105.1,95.9
2018,대학교,사립,서울,기존,광운대학교,예ㆍ체능계열,153,0,162,150,12,105.9,98
2018,대학교,사립,서울,기존,광운대학교,공학계열,3652,0,4089,3719,370,112,101.8
2018,대학교,사립,서울,기존,광운대학교,인문ㆍ사회계열,2486,0,3087,2674,413,124.2,107.6
2018,대학교,사립,서울,기존,광운대학교,자연과학계열,579,0,681,552,129,117.6,95.3
2018,대학교,사립,전남,기존,광주가톨릭대학교,인문ㆍ사회계열,160,0,76,76,0,47.5,47.5
2018,대학교,특별법법인,광주,기존,광주과학기술원,자연과학계열,800,0,559,559,0,69.9,69.9
2018,교육대학,국립,광주,기존,광주교육대학교,인문ㆍ사회계열,1304,0,796,733,63,61,56.2
2018,대학교,사립,광주,기존,광주대학교,자연과학계열,890,0,930,834,96,104.5,93.7
2018,대학교,사립,광주,기존,광주대학교,공학계열,1343,0,1374,1308,66,102.3,97.4
2018,대학교,사립,광주,기존,광주대학교,인문ㆍ사회계열,3360,0,3906,3588,318,116.3,106.8
2018,대학교,사립,광주,기존,광주대학교,예ㆍ체능계열,1010,0,1067,1023,44,105.6,101.3
2018,대학교,사립,광주,기존,광주여자대학교,예ㆍ체능계열,120,0,108,107,1,90,89.2
2018,대학교,사립,광주,기존,광주여자대학교,자연과학계열,1960,0,2021,1850,171,103.1,94.4
2018,대학교,사립,광주,기존,광주여자대학교,인문ㆍ사회계열,1500,0,1555,1447,108,103.7,96.5
2018,대학교,국립,강원,기존,국립강릉원주대학교,공학계열,856,0,876,810,66,102.3,94.6
2018,대학교,국립,강원,기존,국립강릉원주대학교,자연과학계열,1948,0,1908,1782,126,97.9,91.5
2018,대학교,국립,강원,기존,국립강릉원주대학교,예ㆍ체능계열,639,0,618,608,10,96.7,95.1
2018,대학교,국립,강원,기존,국립강릉원주대학교,의학계열,160,0,168,155,13,105,96.9
2018,대학교,국립,강원,기존,국립강릉원주대학교,인문ㆍ사회계열,2008,0,2173,1964,209,108.2,97.8
2018,대학교,국립,강원,기존,국립강릉원주대학교 _제2캠퍼스,공학계열,1196,0,1289,1192,97,107.8,99.7
2018,대학교,국립,강원,기존,국립강릉원주대학교 _제2캠퍼스,자연과학계열,300,0,316,295,21,105.3,98.3
2018,대학교,국립,강원,기존,국립강릉원주대학교 _제2캠퍼스,인문ㆍ사회계열,484,0,500,474,26,103.3,97.9
2018,대학교,국립,경북,기존,국립경국대학교,예ㆍ체능계열,385,0,368,367,1,95.6,95.3
2018,대학교,국립,경북,기존,국립경국대학교,자연과학계열,1928,0,1961,1854,107,101.7,96.2
2018,대학교,국립,경북,기존,국립경국대학교,인문ㆍ사회계열,1891,0,1959,1826,133,103.6,96.6
2018,대학교,국립,경북,기존,국립경국대학교,공학계열,1752,0,1835,1687,148,104.7,96.3
2018,대학교,국립,충남,기존,국립공주대학교,자연과학계열,3527,0,3797,3421,376,107.7,97
2018,대학교,국립,충남,기존,국립공주대학교,예ㆍ체능계열,937,0,1115,1024,91,119,109.3
2018,대학교,국립,충남,기존,국립공주대학교,공학계열,3731,0,4569,3584,985,122.5,96.1
2018,대학교,국립,충남,기존,국립공주대학교,인문ㆍ사회계열,3122,0,3638,3225,413,116.5,103.3
2018,대학교,국립,전북,기존,국립군산대학교,인문ㆍ사회계열,1852,0,1999,1828,171,107.9,98.7
2018,대학교,국립,전북,기존,국립군산대학교,공학계열,3155,0,3142,2916,226,99.6,92.4
2018,대학교,국립,전북,기존,국립군산대학교,자연과학계열,1645,0,1433,1348,85,87.1,81.9
2018,대학교,국립,전북,기존,국립군산대학교,예ㆍ체능계열,461,0,468,456,12,101.5,98.9
2018,대학교,국립,경북,기존,국립금오공과대학교,인문ㆍ사회계열,171,0,257,179,78,150.3,104.7
2018,대학교,국립,경북,기존,국립금오공과대학교,공학계열,4657,0,5520,4923,597,118.5,105.7
2018,대학교,국립,경북,기존,국립금오공과대학교,자연과학계열,138,0,139,130,9,100.7,94.2
2018,대학교,국립,전남,기존,국립목포대학교,공학계열,2161,0,2310,2084,226,106.9,96.4
2018,대학교,국립,전남,기존,국립목포대학교,예ㆍ체능계열,398,0,422,410,12,106,103
2018,대학교,국립,전남,기존,국립목포대학교,인문ㆍ사회계열,2581,0,2919,2674,245,113.1,103.6
2018,대학교,국립,전남,기존,국립목포대학교,자연과학계열,1508,0,1570,1473,97,104.1,97.7
2018,대학교,국립,전남,기존,국립목포해양대학교,공학계열,2764,0,2647,2531,116,95.8,91.6
2018,대학교,국립,부산,기존,국립부경대학교,예ㆍ체능계열,494,0,524,465,59,106.1,94.1
2018,대학교,국립,부산,기존,국립부경대학교,자연과학계열,2362,0,2546,2348,198,107.8,99.4
2018,대학교,국립,부산,기존,국립부경대학교,공학계열,6721,0,8206,7419,787,122.1,110.4
2018,대학교,국립,부산,기존,국립부경대학교,인문ㆍ사회계열,3798,0,5321,4476,845,140.1,117.9
2018,대학교,국립,전남,기존,국립순천대학교,자연과학계열,2312,0,2255,2113,142,97.5,91.4
2018,대학교,국립,전남,기존,국립순천대학교,인문ㆍ사회계열,1980,0,2239,2031,208,113.1,102.6
2018,대학교,국립,전남,기존,국립순천대학교,공학계열,1748,0,1830,1704,126,104.7,97.5
2018,대학교,국립,전남,기존,국립순천대학교,예ㆍ체능계열,683,0,683,658,25,100,96.3
2018,대학교,국립,경남,기존,국립창원대학교,공학계열,2314,0,2715,2456,259,117.3,106.1
2018,대학교,국립,경남,기존,국립창원대학교,인문ㆍ사회계열,3093,0,3607,3184,423,116.6,102.9
2018,대학교,국립,경남,기존,국립창원대학교,자연과학계열,1119,0,1086,1029,57,97.1,92
2018,대학교,국립,경남,기존,국립창원대학교,예ㆍ체능계열,673,0,651,647,4,96.7,96.1
2018,대학교,국립,충북,기존,국립한국교통대학교,예ㆍ체능계열,407,0,389,363,26,95.6,89.2
2018,대학교,국립,충북,기존,국립한국교통대학교,자연과학계열,772,0,745,693,52,96.5,89.8
2018,대학교,국립,충북,기존,국립한국교통대학교,인문ㆍ사회계열,2051,0,2084,1938,146,101.6,94.5
2018,대학교,국립,충북,기존,국립한국교통대학교,공학계열,4699,0,5138,4695,443,109.3,99.9
2018,대학교,국립,부산,기존,국립한국해양대학교,예ㆍ체능계열,100,0,111,99,12,111,99
2018,대학교,국립,부산,기존,국립한국해양대학교,자연과학계열,368,0,505,383,122,137.2,104.1
2018,대학교,국립,부산,기존,국립한국해양대학교,인문ㆍ사회계열,1154,0,1589,1271,318,137.7,110.1
2018,대학교,국립,부산,기존,국립한국해양대학교,공학계열,4160,0,4495,4124,371,108.1,99.1
2018,대학교,국립,대전,기존,국립한밭대학교,공학계열,5306,0,6042,5268,774,113.9,99.3
2018,대학교,국립,대전,기존,국립한밭대학교,인문ㆍ사회계열,1735,0,2134,1789,345,123,103.1
2018,대학교,국립,대전,기존,국립한밭대학교,예ㆍ체능계열,455,0,521,469,52,114.5,103.1
2018,대학교,사립,서울,기존,국민대학교,공학계열,3369,0,4030,3478,552,119.6,103.2
2018,대학교,사립,서울,기존,국민대학교,인문ㆍ사회계열,4862,0,7304,5007,2297,150.2,103
2018,대학교,사립,서울,기존,국민대학교,자연과학계열,1213,0,1421,1203,218,117.1,99.2
2018,대학교,사립,서울,기존,국민대학교,예ㆍ체능계열,2208,0,2535,2287,248,114.8,103.6
2018,대학교,사립,충북,기존,극동대학교,공학계열,781,0,754,712,42,96.5,91.2
2018,대학교,사립,충북,기존,극동대학교,인문ㆍ사회계열,1391,0,1364,1315,49,98.1,94.5
2018,대학교,사립,충북,기존,극동대학교,자연과학계열,955,0,975,887,88,102.1,92.9
2018,대학교,사립,충북,기존,극동대학교,예ㆍ체능계열,791,0,781,771,10,98.7,97.5
2018,대학교,사립,충남,기존,금강대학교,인문ㆍ사회계열,560,0,527,511,16,94.1,91.3
2018,대학교,사립,충남,기존,금강대학교,공학계열,20,0,0,0,0,0,0
2018,대학교,사립,경북,기존,김천대학교,자연과학계열,2644,1,2409,2181,228,91.1,82.5
2018,대학교,사립,경북,기존,김천대학교,공학계열,200,0,146,134,12,73,67
2018,대학교,사립,경북,기존,김천대학교,인문ㆍ사회계열,855,0,695,632,63,81.3,73.9
2018,대학교,사립,경북,기존,김천대학교,예ㆍ체능계열,75,0,31,31,0,41.3,41.3
2018,대학교,사립,충남,기존,나사렛대학교,자연과학계열,1058,0,1112,995,117,105.1,94
2018,대학교,사립,충남,기존,나사렛대학교,예ㆍ체능계열,701,0,825,713,112,117.7,101.7
2018,대학교,사립,충남,기존,나사렛대학교,인문ㆍ사회계열,3193,0,3331,2893,438,104.3,90.6
2018,대학교,사립,광주,기존,남부대학교,자연과학계열,1675,0,1811,1609,202,108.1,96.1
2018,대학교,사립,광주,기존,남부대학교,인문ㆍ사회계열,545,0,639,599,40,117.2,109.9
2018,대학교,사립,광주,기존,남부대학교,공학계열,300,0,403,259,144,134.3,86.3
2018,대학교,사립,광주,기존,남부대학교,예ㆍ체능계열,300,0,283,264,19,94.3,88
2018,대학교,사립,충남,기존,남서울대학교,예ㆍ체능계열,1555,0,1613,1491,122,103.7,95.9
2018,대학교,사립,충남,기존,남서울대학교,인문ㆍ사회계열,4304,0,4817,4155,662,111.9,96.5
2018,대학교,사립,충남,기존,남서울대학교,자연과학계열,680,0,786,654,132,115.6,96.2
2018,대학교,사립,충남,기존,남서울대학교,공학계열,2506,0,2413,2192,221,96.3,87.5
2018,대학교,사립,경기,기존,단국대학교,공학계열,3271,0,3737,3337,400,114.2,102
2018,대학교,사립,경기,기존,단국대학교,인문ㆍ사회계열,4282,0,5806,4782,1024,135.6,111.7
2018,대학교,사립,경기,기존,단국대학교,자연과학계열,240,0,276,270,6,115,112.5
2018,대학교,사립,경기,기존,단국대학교,예ㆍ체능계열,1504,0,1795,1602,193,119.3,106.5
2018,대학교,사립,충남,기존,단국대학교 _제2캠퍼스,의학계열,440,0,417,396,21,94.8,90
2018,대학교,사립,충남,기존,단국대학교 _제2캠퍼스,인문ㆍ사회계열,2904,0,3818,3271,547,131.5,112.6
2018,대학교,사립,충남,기존,단국대학교 _제2캠퍼스,공학계열,1294,0,1508,1360,148,116.5,105.1
2018,대학교,사립,충남,기존,단국대학교 _제2캠퍼스,자연과학계열,3719,0,3873,3513,360,104.1,94.5
2018,대학교,사립,충남,기존,단국대학교 _제2캠퍼스,예ㆍ체능계열,1476,0,1718,1583,135,116.4,107.2
2018,대학교,사립,경북,기존,대구가톨릭대학교,예ㆍ체능계열,1598,0,1630,1608,22,102,100.6
2018,대학교,사립,경북,기존,대구가톨릭대학교,자연과학계열,2931,0,3168,2918,250,108.1,99.6
2018,대학교,사립,경북,기존,대구가톨릭대학교,의학계열,160,0,172,160,12,107.5,100
2018,대학교,사립,경북,기존,대구가톨릭대학교,인문ㆍ사회계열,5013,0,5595,5083,512,111.6,101.4
2018,대학교,사립,경북,기존,대구가톨릭대학교,공학계열,2249,0,2504,2317,187,111.3,103
2018,대학교,특별법법인,대구,기존,대구경북과학기술원,자연과학계열,850,0,767,755,12,90.2,88.8
2018,교육대학,국립,대구,기존,대구교육대학교,인문ㆍ사회계열,1532,0,793,729,64,51.8,47.6
2018,대학교,사립,경북,기존,대구대학교,인문ㆍ사회계열,8382,0,8825,7927,898,105.3,94.6
2018,대학교,사립,경북,기존,대구대학교,자연과학계열,3442,0,3496,3243,253,101.6,94.2
2018,대학교,사립,경북,기존,대구대학교,공학계열,3303,0,3538,3133,405,107.1,94.9
2018,대학교,사립,경북,기존,대구대학교,예ㆍ체능계열,1491,0,1514,1397,117,101.5,93.7
2018,대학교,사립,경북,기존,대구예술대학교,예ㆍ체능계열,1819,0,1198,1161,37,65.9,63.8
2018,대학교,사립,경북,기존,대구한의대학교,자연과학계열,2816,0,3049,2823,226,108.3,100.2
2018,대학교,사립,경북,기존,대구한의대학교,의학계열,432,0,434,409,25,100.5,94.7
2018,대학교,사립,경북,기존,대구한의대학교,인문ㆍ사회계열,1615,0,1930,1709,221,119.5,105.8
2018,대학교,사립,경북,기존,대구한의대학교,공학계열,840,0,848,813,35,101,96.8
2018,대학교,사립,경북,기존,대구한의대학교,예ㆍ체능계열,590,0,635,591,44,107.6,100.2
2018,대학교,사립,경북,기존,대신대학교,예ㆍ체능계열,160,2,112,110,2,70.9,69.6
2018,대학교,사립,경북,기존,대신대학교,인문ㆍ사회계열,322,4,319,296,23,100.3,93.1
2018,대학교,사립,세종,기존,대전가톨릭대학교,인문ㆍ사회계열,160,0,46,43,3,28.8,26.9
2018,대학교,사립,대전,기존,대전대학교,인문ㆍ사회계열,4280,0,4548,4272,276,106.3,99.8
2018,대학교,사립,대전,기존,대전대학교,예ㆍ체능계열,626,0,621,615,6,99.2,98.2
2018,대학교,사립,대전,기존,대전대학교,자연과학계열,1498,0,1723,1574,149,115,105.1
2018,대학교,사립,대전,기존,대전대학교,공학계열,2220,0,2096,1933,163,94.4,87.1
2018,대학교,사립,대전,기존,대전대학교,의학계열,288,0,293,265,28,101.7,92
2018,대학교,사립,대전,기존,대전신학대학교,인문ㆍ사회계열,240,0,118,115,3,49.2,47.9
2018,대학교,사립,경기,기존,대진대학교,공학계열,2309,0,2209,2048,161,95.7,88.7
2018,대학교,사립,경기,기존,대진대학교,인문ㆍ사회계열,3369,0,3669,3290,379,108.9,97.7
2018,대학교,사립,경기,기존,대진대학교,자연과학계열,940,0,879,830,49,93.5,88.3
2018,대학교,사립,경기,기존,대진대학교,예ㆍ체능계열,841,0,879,798,81,104.5,94.9
2018,대학교,사립,서울,기존,덕성여자대학교,자연과학계열,1240,0,1309,1225,84,105.6,98.8
2018,대학교,사립,서울,기존,덕성여자대학교,인문ㆍ사회계열,2840,0,3219,2938,281,113.3,103.5
2018,대학교,사립,서울,기존,덕성여자대학교,공학계열,400,0,422,399,23,105.5,99.8
2018,대학교,사립,서울,기존,덕성여자대학교,예ㆍ체능계열,680,0,766,712,54,112.6,104.7
2018,대학교,사립,서울,기존,동국대학교,공학계열,3214,0,3643,3269,374,113.3,101.7
2018,대학교,사립,서울,기존,동국대학교,인문ㆍ사회계열,5332,0,7581,5733,1848,142.2,107.5
2018,대학교,사립,서울,기존,동국대학교,예ㆍ체능계열,840,0,1065,867,198,126.8,103.2
2018,대학교,사립,서울,기존,동국대학교,자연과학계열,1474,0,1583,1436,147,107.4,97.4
2018,대학교,사립,경북,기존,동국대학교(WISE) _분교,자연과학계열,1491,0,1522,1394,128,102.1,93.5
2018,대학교,사립,경북,기존,동국대학교(WISE) _분교,예ㆍ체능계열,505,0,525,504,21,104,99.8
2018,대학교,사립,경북,기존,동국대학교(WISE) _분교,공학계열,1050,0,1107,982,125,105.4,93.5
2018,대학교,사립,경북,기존,동국대학교(WISE) _분교,인문ㆍ사회계열,3827,0,4315,3693,622,112.8,96.5
2018,대학교,사립,경북,기존,동국대학교(WISE) _분교,의학계열,288,0,305,270,35,105.9,93.8
2018,대학교,사립,서울,기존,동덕여자대학교,예ㆍ체능계열,2394,30,2379,2306,73,100.6,97.5
2018,대학교,사립,서울,기존,동덕여자대학교,자연과학계열,1216,13,1363,1197,166,113.3,99.5
2018,대학교,사립,서울,기존,동덕여자대학교,인문ㆍ사회계열,2645,33,3076,2621,455,117.8,100.3
2018,대학교,사립,부산,기존,동명대학교,자연과학계열,580,0,649,597,52,111.9,102.9
2018,대학교,사립,부산,기존,동명대학교,공학계열,3320,0,3501,3223,278,105.5,97.1
2018,대학교,사립,부산,기존,동명대학교,인문ㆍ사회계열,2854,0,3056,2813,243,107.1,98.6
2018,대학교,사립,부산,기존,동명대학교,예ㆍ체능계열,730,0,741,689,52,101.5,94.4
2018,대학교,사립,부산,기존,동서대학교,공학계열,3065,0,2871,2680,191,93.7,87.4
2018,대학교,사립,부산,기존,동서대학교,인문ㆍ사회계열,4153,0,4788,4386,402,115.3,105.6
2018,대학교,사립,부산,기존,동서대학교,자연과학계열,955,0,1007,919,88,105.4,96.2
2018,대학교,사립,부산,기존,동서대학교,예ㆍ체능계열,1800,0,1915,1820,95,106.4,101.1
2018,대학교,사립,전남,기존,동신대학교,자연과학계열,2135,0,2235,2013,222,104.7,94.3
2018,대학교,사립,전남,기존,동신대학교,예ㆍ체능계열,505,0,494,464,30,97.8,91.9
2018,대학교,사립,전남,기존,동신대학교,인문ㆍ사회계열,2051,0,2374,2134,240,115.7,104
2018,대학교,사립,전남,기존,동신대학교,의학계열,160,0,202,157,45,126.3,98.1
2018,대학교,사립,전남,기존,동신대학교,공학계열,1525,0,1567,1476,91,102.8,96.8
2018,대학교,사립,부산,기존,동아대학교,인문ㆍ사회계열,6855,0,8511,7636,875,124.2,111.4
2018,대학교,사립,부산,기존,동아대학교,의학계열,196,0,197,197,0,100.5,100.5
2018,대학교,사립,부산,기존,동아대학교,자연과학계열,2818,0,2759,2595,164,97.9,92.1
2018,대학교,사립,부산,기존,동아대학교,예ㆍ체능계열,1887,0,2004,1916,88,106.2,101.5
2018,대학교,사립,부산,기존,동아대학교,공학계열,4805,0,5453,4857,596,113.5,101.1
2018,대학교,사립,경북,기존,동양대학교,공학계열,1676,0,1695,1627,68,101.1,97.1
2018,대학교,사립,경북,기존,동양대학교,인문ㆍ사회계열,1528,0,1615,1445,170,105.7,94.6
2018,대학교,사립,경북,기존,동양대학교,자연과학계열,240,0,297,243,54,123.8,101.3
2018,대학교,사립,경북,기존,동양대학교,예ㆍ체능계열,764,0,703,650,53,92,85.1
2018,대학교,사립,부산,기존,동의대학교,예ㆍ체능계열,1330,0,1340,1314,26,100.8,98.8
2018,대학교,사립,부산,기존,동의대학교,자연과학계열,2150,0,2065,1989,76,96,92.5
2018,대학교,사립,부산,기존,동의대학교,의학계열,200,0,180,180,0,90,90
2018,대학교,사립,부산,기존,동의대학교,인문ㆍ사회계열,5320,0,6436,5651,785,121,106.2
2018,대학교,사립,부산,기존,동의대학교,공학계열,5520,0,5602,5233,369,101.5,94.8
2018,대학교,사립,경기,기존,루터대학교,인문ㆍ사회계열,385,0,359,348,11,93.2,90.4
2018,대학교,사립,경기,기존,명지대학교,예ㆍ체능계열,1345,0,1441,1380,61,107.1,102.6
2018,대학교,사립,경기,기존,명지대학교,자연과학계열,756,0,845,794,51,111.8,105
2018,대학교,사립,경기,기존,명지대학교,공학계열,3746,0,4334,3931,403,115.7,104.9
2018,대학교,사립,서울,기존,명지대학교 _제2캠퍼스,공학계열,300,0,231,226,5,77,75.3
2018,대학교,사립,서울,기존,명지대학교 _제2캠퍼스,인문ㆍ사회계열,4752,0,6704,5136,1568,141.1,108.1
2018,대학교,사립,대전,기존,목원대학교,공학계열,1291,0,1269,1174,95,98.3,90.9
2018,대학교,사립,대전,기존,목원대학교,인문ㆍ사회계열,3324,0,3515,3257,258,105.7,98
2018,대학교,사립,대전,기존,목원대학교,자연과학계열,961,0,957,898,59,99.6,93.4
2018,대학교,사립,대전,기존,목원대학교,예ㆍ체능계열,2099,0,2152,2088,64,102.5,99.5
2018,대학교,사립,전남,기존,목포가톨릭대학교,자연과학계열,354,0,389,347,42,109.9,98
2018,대학교,사립,전남,기존,목포가톨릭대학교,인문ㆍ사회계열,156,0,130,129,1,83.3,82.7
2018,대학교,사립,대전,기존,배재대학교,예ㆍ체능계열,904,0,888,871,17,98.2,96.3
2018,대학교,사립,대전,기존,배재대학교,자연과학계열,1628,0,1658,1573,85,101.8,96.6
2018,대학교,사립,대전,기존,배재대학교,인문ㆍ사회계열,4109,0,4271,3978,293,103.9,96.8
2018,대학교,사립,대전,기존,배재대학교,공학계열,1751,0,1781,1662,119,101.7,94.9
2018,대학교,사립,충남,기존,백석대학교,자연과학계열,2435,0,2690,2312,378,110.5,94.9
2018,대학교,사립,충남,기존,백석대학교,인문ㆍ사회계열,6179,0,6664,6138,526,107.8,99.3
2018,대학교,사립,충남,기존,백석대학교,예ㆍ체능계열,2670,0,2669,2517,152,100,94.3
2018,대학교,사립,부산,기존,부산가톨릭대학교,공학계열,400,0,362,361,1,90.5,90.3
2018,대학교,사립,부산,기존,부산가톨릭대학교,인문ㆍ사회계열,1004,0,1012,987,25,100.8,98.3
2018,대학교,사립,부산,기존,부산가톨릭대학교,자연과학계열,2260,0,2637,2287,350,116.7,101.2
2018,교육대학,국립,부산,기존,부산교육대학교,인문ㆍ사회계열,1424,0,717,669,48,50.4,47
2018,대학교,국립,부산,기존,부산대학교,공학계열,6039,0,7366,6631,735,122,109.8
2018,대학교,국립,부산,기존,부산대학교,인문ㆍ사회계열,5450,0,7234,6360,874,132.7,116.7
2018,대학교,국립,부산,기존,부산대학교,자연과학계열,4262,0,4744,4309,435,111.3,101.1
2018,대학교,국립,부산,기존,부산대학교,의학계열,250,0,240,240,0,96,96
2018,대학교,국립,부산,기존,부산대학교,예ㆍ체능계열,1313,0,1537,1390,147,117.1,105.9
2018,대학교,사립,부산,기존,부산외국어대학교,예ㆍ체능계열,270,0,220,212,8,81.5,78.5
2018,대학교,사립,부산,기존,부산외국어대학교,공학계열,820,0,691,664,27,84.3,81
2018,대학교,사립,부산,기존,부산외국어대학교,인문ㆍ사회계열,6475,0,7677,6796,881,118.6,105
2018,대학교,사립,경남,기존,부산장신대학교,인문ㆍ사회계열,277,0,257,244,13,92.8,88.1
2018,대학교,사립,서울,기존,삼육대학교,자연과학계열,1687,0,2071,1827,244,122.8,108.3
2018,대학교,사립,서울,기존,삼육대학교,인문ㆍ사회계열,1755,0,2042,1862,180,116.4,106.1
2018,대학교,사립,서울,기존,삼육대학교,공학계열,640,0,746,685,61,116.6,107
2018,대학교,사립,서울,기존,삼육대학교,예ㆍ체능계열,732,0,803,736,67,109.7,100.5
2018,대학교,사립,서울,기존,상명대학교,예ㆍ체능계열,813,0,886,802,84,109,98.6
2018,대학교,사립,서울,기존,상명대학교,자연과학계열,1211,0,1463,1168,295,120.8,96.4
2018,대학교,사립,서울,기존,상명대학교,인문ㆍ사회계열,2591,0,3779,2686,1093,145.9,103.7
2018,대학교,사립,서울,기존,상명대학교,공학계열,649,0,680,605,75,104.8,93.2
2018,대학교,사립,충남,기존,상명대학교 _제2캠퍼스,예ㆍ체능계열,2142,0,2637,2316,321,123.1,108.1
2018,대학교,사립,충남,기존,상명대학교 _제2캠퍼스,자연과학계열,545,0,610,527,83,111.9,96.7
2018,대학교,사립,충남,기존,상명대학교 _제2캠퍼스,공학계열,1481,0,1445,1318,127,97.6,89
2018,대학교,사립,충남,기존,상명대학교 _제2캠퍼스,인문ㆍ사회계열,1168,0,1298,1097,201,111.1,93.9
2018,대학교,사립,강원,기존,상지대학교,인문ㆍ사회계열,3300,0,2870,2634,236,87,79.8
2018,대학교,사립,강원,기존,상지대학교,의학계열,240,0,216,216,0,90,90
2018,대학교,사립,강원,기존,상지대학교,자연과학계열,1970,0,1780,1699,81,90.4,86.2
2018,대학교,사립,강원,기존,상지대학교,예ㆍ체능계열,852,0,757,725,32,88.8,85.1
2018,대학교,사립,강원,기존,상지대학교,공학계열,956,0,830,785,45,86.8,82.1
2018,대학교,사립,서울,기존,서강대학교,공학계열,1676,0,1831,1673,158,109.2,99.8
2018,대학교,사립,서울,기존,서강대학교,인문ㆍ사회계열,3864,0,5541,4210,1331,143.4,109
2018,대학교,사립,서울,기존,서강대학교,자연과학계열,848,0,930,826,104,109.7,97.4
2018,대학교,사립,서울,기존,서경대학교,예ㆍ체능계열,1698,0,2185,1563,622,128.7,92
2018,대학교,사립,서울,기존,서경대학교,자연과학계열,320,0,348,306,42,108.8,95.6
2018,대학교,사립,서울,기존,서경대학교,인문ㆍ사회계열,1838,0,2216,1871,345,120.6,101.8
2018,대학교,사립,서울,기존,서경대학교,공학계열,1600,0,1719,1568,151,107.4,98
2018,대학교,국립,서울,기존,서울과학기술대학교,예ㆍ체능계열,1062,0,1403,1225,178,132.1,115.3
2018,대학교,국립,서울,기존,서울과학기술대학교,자연과학계열,599,0,675,592,83,112.7,98.8
2018,대학교,국립,서울,기존,서울과학기술대학교,인문ㆍ사회계열,1077,0,1401,1155,246,130.1,107.2
2018,대학교,국립,서울,기존,서울과학기술대학교,공학계열,5787,0,6927,6200,727,119.7,107.1
2018,교육대학,국립,서울,기존,서울교육대학교,인문ㆍ사회계열,1420,0,1546,1425,121,108.9,100.4
2018,대학교,사립,서울,기존,서울기독대학교,인문ㆍ사회계열,416,0,414,397,17,99.5,95.4
2018,대학교,사립,서울,기존,서울기독대학교,예ㆍ체능계열,191,0,190,190,0,99.5,99.5
2018,대학교,국립대법인,서울,기존,서울대학교,공학계열,3146,0,3669,3360,309,116.6,106.8
2018,대학교,국립대법인,서울,기존,서울대학교,인문ㆍ사회계열,4612,0,6630,6024,606,143.8,130.6
2018,대학교,국립대법인,서울,기존,서울대학교,의학계열,700,0,816,691,125,116.6,98.7
2018,대학교,국립대법인,서울,기존,서울대학교,자연과학계열,3510,0,3973,3617,356,113.2,103
2018,대학교,국립대법인,서울,기존,서울대학교,예ㆍ체능계열,1140,0,1423,1303,120,124.8,114.3
2018,대학교,공립,서울,기존,서울시립대학교,자연과학계열,662,0,775,715,60,117.1,108
2018,대학교,공립,서울,기존,서울시립대학교,예ㆍ체능계열,532,0,589,575,14,110.7,108.1
2018,대학교,공립,서울,기존,서울시립대학교,인문ㆍ사회계열,3148,0,4351,3881,470,138.2,123.3
2018,대학교,공립,서울,기존,서울시립대학교,공학계열,2571,0,3275,2900,375,127.4,112.8
2018,대학교,사립,경기,기존,서울신학대학교,예ㆍ체능계열,395,0,409,396,13,103.5,100.3
2018,대학교,사립,경기,기존,서울신학대학교,인문ㆍ사회계열,1727,0,1882,1736,146,109,100.5
2018,대학교,사립,서울,기존,서울여자대학교,인문ㆍ사회계열,3574,0,4042,3650,392,113.1,102.1
2018,대학교,사립,서울,기존,서울여자대학교,자연과학계열,2115,0,2383,2181,202,112.7,103.1
2018,대학교,사립,서울,기존,서울여자대학교,예ㆍ체능계열,730,0,762,748,14,104.4,102.5
2018,대학교,사립,경기,기존,서울장신대학교,예ㆍ체능계열,117,0,104,102,2,88.9,87.2
2018,대학교,사립,경기,기존,서울장신대학교,인문ㆍ사회계열,362,0,366,340,26,101.1,93.9
2018,대학교,사립,서울,기존,서울한영대학교,인문ㆍ사회계열,683,0,604,544,60,88.4,79.6
2018,대학교,사립,서울,기존,서울한영대학교,예ㆍ체능계열,77,0,58,58,0,75.3,75.3
2018,대학교,사립,충북,기존,서원대학교,자연과학계열,1100,0,1136,1081,55,103.3,98.3
2018,대학교,사립,충북,기존,서원대학교,인문ㆍ사회계열,3126,0,3614,3122,492,115.6,99.9
2018,대학교,사립,충북,기존,서원대학교,공학계열,1535,0,1456,1408,48,94.9,91.7
2018,대학교,사립,충북,기존,서원대학교,예ㆍ체능계열,827,0,847,794,53,102.4,96
2018,대학교,사립,충남,기존,선문대학교,공학계열,3339,0,3189,2936,253,95.5,87.9
2018,대학교,사립,충남,기존,선문대학교,자연과학계열,992,0,1196,957,239,120.6,96.5
2018,대학교,사립,충남,기존,선문대학교,인문ㆍ사회계열,3527,0,4400,3599,801,124.8,102
2018,대학교,사립,충남,기존,선문대학교,예ㆍ체능계열,538,0,572,512,60,106.3,95.2
2018,대학교,사립,경기,기존,성결대학교,예ㆍ체능계열,746,0,874,822,52,117.2,110.2
2018,대학교,사립,경기,기존,성결대학교,인문ㆍ사회계열,3040,0,3217,3004,213,105.8,98.8
2018,대학교,사립,경기,기존,성결대학교,공학계열,1230,0,1240,1163,77,100.8,94.6
2018,대학교,사립,서울,기존,성공회대학교,공학계열,675,0,681,660,21,100.9,97.8
2018,대학교,사립,서울,기존,성공회대학교,인문ㆍ사회계열,1355,0,1382,1277,105,102,94.2
2018,대학교,사립,서울,기존,성균관대학교,공학계열,4517,0,5942,4818,1124,131.5,106.7
2018,대학교,사립,서울,기존,성균관대학교,인문ㆍ사회계열,6234,0,10305,6905,3400,165.3,110.8
2018,대학교,사립,서울,기존,성균관대학교,의학계열,112,0,162,157,5,144.6,140.2
2018,대학교,사립,서울,기존,성균관대학교,자연과학계열,1668,0,1618,1398,220,97,83.8
2018,대학교,사립,서울,기존,성균관대학교,예ㆍ체능계열,1183,0,1514,1260,254,128,106.5
2018,대학교,사립,서울,기존,성신여자대학교,공학계열,650,0,693,627,66,106.6,96.5
2018,대학교,사립,서울,기존,성신여자대학교,인문ㆍ사회계열,4030,0,4518,4104,414,112.1,101.8
2018,대학교,사립,서울,기존,성신여자대학교,예ㆍ체능계열,2184,0,2250,2169,81,103,99.3
2018,대학교,사립,서울,기존,성신여자대학교,자연과학계열,1532,0,1663,1453,210,108.6,94.8
2018,대학교,사립,충북,기존,세명대학교,공학계열,1080,0,1036,992,44,95.9,91.9
2018,대학교,사립,충북,기존,세명대학교,인문ㆍ사회계열,3220,0,3276,3032,244,101.7,94.2
2018,대학교,사립,충북,기존,세명대학교,의학계열,160,0,163,148,15,101.9,92.5
2018,대학교,사립,충북,기존,세명대학교,자연과학계열,2340,0,2351,2158,193,100.5,92.2
2018,대학교,사립,충북,기존,세명대학교,예ㆍ체능계열,800,0,821,771,50,102.6,96.4
2018,대학교,사립,서울,기존,세종대학교,공학계열,5071,0,5843,5072,771,115.2,100
2018,대학교,사립,서울,기존,세종대학교,인문ㆍ사회계열,2496,0,3874,2783,1091,155.2,111.5
2018,대학교,사립,서울,기존,세종대학교,자연과학계열,646,0,711,669,42,110.1,103.6
2018,대학교,사립,서울,기존,세종대학교,예ㆍ체능계열,1128,0,1433,1281,152,127,113.6
2018,대학교,사립,전남,기존,세한대학교,예ㆍ체능계열,1490,0,1474,1429,45,98.9,95.9
2018,대학교,사립,전남,기존,세한대학교,자연과학계열,830,0,885,729,156,106.6,87.8
2018,대학교,사립,전남,기존,세한대학교,인문ㆍ사회계열,1395,0,1544,1485,59,110.7,106.5
2018,대학교,사립,전남,기존,세한대학교,공학계열,405,0,313,311,2,77.3,76.8
2018,대학교,사립,광주,기존,송원대학교,인문ㆍ사회계열,1282,0,1109,1044,65,86.5,81.4
2018,대학교,사립,광주,기존,송원대학교,공학계열,740,0,601,589,12,81.2,79.6
2018,대학교,사립,광주,기존,송원대학교,자연과학계열,728,0,745,639,106,102.3,87.8
2018,대학교,사립,광주,기존,송원대학교,예ㆍ체능계열,450,0,419,416,3,93.1,92.4
2018,대학교,사립,경기,기존,수원가톨릭대학교,인문ㆍ사회계열,360,0,124,120,4,34.4,33.3
2018,대학교,사립,경기,기존,수원대학교,자연과학계열,1282,0,1304,1227,77,101.7,95.7
2018,대학교,사립,경기,기존,수원대학교,인문ㆍ사회계열,2423,0,2864,2466,398,118.2,101.8
2018,대학교,사립,경기,기존,수원대학교,예ㆍ체능계열,2255,0,2116,2085,31,93.8,92.5
2018,대학교,사립,경기,기존,수원대학교,공학계열,3032,0,3188,2954,234,105.1,97.4
2018,대학교,사립,서울,기존,숙명여자대학교,예ㆍ체능계열,1423,0,1488,1451,37,104.6,102
2018,대학교,사립,서울,기존,숙명여자대학교,공학계열,946,0,1153,1083,70,121.9,114.5
2018,대학교,사립,서울,기존,숙명여자대학교,자연과학계열,1618,0,1515,1365,150,93.6,84.4
2018,대학교,사립,서울,기존,숙명여자대학교,인문ㆍ사회계열,5037,0,6002,5204,798,119.2,103.3
2018,각종학교(대학),사립,충북,기존,순복음총회신학교,예ㆍ체능계열,51,0,26,26,0,51,51
2018,각종학교(대학),사립,충북,기존,순복음총회신학교,인문ㆍ사회계열,305,0,203,193,10,66.6,63.3
2018,대학교,사립,충남,기존,순천향대학교,공학계열,3048,0,3294,2817,477,108.1,92.4
2018,대학교,사립,충남,기존,순천향대학교,의학계열,372,0,382,366,16,102.7,98.4
2018,대학교,사립,충남,기존,순천향대학교,자연과학계열,2032,0,2074,1909,165,102.1,93.9
2018,대학교,사립,충남,기존,순천향대학교,예ㆍ체능계열,765,0,802,769,33,104.8,100.5
2018,대학교,사립,충남,기존,순천향대학교,인문ㆍ사회계열,3518,0,4138,3615,523,117.6,102.8
2018,대학교,사립,서울,기존,숭실대학교,공학계열,4717,0,5381,4758,623,114.1,100.9
2018,대학교,사립,서울,기존,숭실대학교,인문ㆍ사회계열,4746,0,6810,4881,1929,143.5,102.8
2018,대학교,사립,서울,기존,숭실대학교,자연과학계열,909,0,925,850,75,101.8,93.5
2018,대학교,사립,서울,기존,숭실대학교,예ㆍ체능계열,358,0,286,266,20,79.9,74.3
2018,대학교,사립,경북,기존,신경주대학교,예ㆍ체능계열,539,0,235,229,6,43.6,42.5
2018,대학교,사립,경북,기존,신경주대학교,자연과학계열,701,0,323,295,28,46.1,42.1
2018,대학교,사립,경북,기존,신경주대학교,인문ㆍ사회계열,1808,0,823,695,128,45.5,38.4
2018,대학교,사립,부산,기존,신라대학교,자연과학계열,1775,0,1893,1760,133,106.6,99.2
2018,대학교,사립,부산,기존,신라대학교,인문ㆍ사회계열,4245,0,5074,4455,619,119.5,104.9
2018,대학교,사립,부산,기존,신라대학교,공학계열,1784,0,1785,1621,164,100.1,90.9
2018,대학교,사립,부산,기존,신라대학교,예ㆍ체능계열,841,0,864,825,39,102.7,98.1
2018,대학교,사립,경기,기존,신한대학교,공학계열,692,0,709,481,228,102.5,69.5
2018,대학교,사립,경기,기존,신한대학교,자연과학계열,360,0,423,321,102,117.5,89.2
2018,대학교,사립,경기,기존,신한대학교,인문ㆍ사회계열,280,0,266,208,58,95,74.3
2018,대학교,사립,경기,기존,신한대학교 _제2캠퍼스,인문ㆍ사회계열,1940,0,2313,1651,662,119.2,85.1
2018,대학교,사립,경기,기존,신한대학교 _제2캠퍼스,자연과학계열,1560,0,1855,1391,464,118.9,89.2
2018,대학교,사립,경기,기존,신한대학교 _제2캠퍼스,공학계열,280,0,323,184,139,115.4,65.7
2018,대학교,사립,경기,기존,신한대학교 _제2캠퍼스,예ㆍ체능계열,700,0,712,559,153,101.7,79.9
2018,대학교,사립,경기,기존,아신대학교,인문ㆍ사회계열,752,0,712,669,43,94.7,89
2018,대학교,사립,경기,기존,아주대학교,공학계열,4122,0,5184,4526,658,125.8,109.8
2018,대학교,사립,경기,기존,아주대학교,의학계열,160,0,171,162,9,106.9,101.3
2018,대학교,사립,경기,기존,아주대학교,인문ㆍ사회계열,2362,0,2997,2549,448,126.9,107.9
2018,대학교,사립,경기,기존,아주대학교,자연과학계열,1123,0,1352,1116,236,120.4,99.4
2018,대학교,사립,경기,기존,안양대학교,예ㆍ체능계열,390,0,412,403,9,105.6,103.3
2018,대학교,사립,경기,기존,안양대학교,인문ㆍ사회계열,2024,0,2197,2022,175,108.5,99.9
2018,대학교,사립,경기,기존,안양대학교,자연과학계열,300,0,305,281,24,101.7,93.7
2018,대학교,사립,경기,기존,안양대학교,공학계열,1538,0,1512,1428,84,98.3,92.8
2018,대학교,사립,인천,기존,안양대학교 _제2캠퍼스,공학계열,280,0,218,216,2,77.9,77.1
2018,대학교,사립,인천,기존,안양대학교 _제2캠퍼스,인문ㆍ사회계열,244,0,161,157,4,66,64.3
2018,대학교,사립,서울,기존,연세대학교,예ㆍ체능계열,836,0,973,909,64,116.4,108.7
2018,대학교,사립,서울,기존,연세대학교,인문ㆍ사회계열,6500,0,9739,7516,2223,149.8,115.6
2018,대학교,사립,서울,기존,연세대학교,자연과학계열,2332,0,3278,2568,710,140.6,110.1
2018,대학교,사립,서울,기존,연세대학교,의학계열,680,0,734,610,124,107.9,89.7
2018,대학교,사립,서울,기존,연세대학교,공학계열,3789,0,4440,3853,587,117.2,101.7
2018,대학교,사립,강원,기존,연세대학교(미래) _분교,공학계열,896,0,1117,922,195,124.7,102.9
2018,대학교,사립,강원,기존,연세대학교(미래) _분교,자연과학계열,2517,0,3034,2539,495,120.5,100.9
2018,대학교,사립,강원,기존,연세대학교(미래) _분교,의학계열,372,0,439,400,39,118,107.5
2018,대학교,사립,강원,기존,연세대학교(미래) _분교,인문ㆍ사회계열,2339,0,2859,2493,366,122.2,106.6
2018,대학교,사립,경북,기존,영남대학교,예ㆍ체능계열,1965,0,2038,1947,91,103.7,99.1
2018,대학교,사립,경북,기존,영남대학교,자연과학계열,3582,0,3467,3227,240,96.8,90.1
2018,대학교,사립,경북,기존,영남대학교,인문ㆍ사회계열,7322,0,8628,7664,964,117.8,104.7
2018,대학교,사립,경북,기존,영남대학교,의학계열,304,0,303,302,1,99.7,99.3
2018,대학교,사립,경북,기존,영남대학교,공학계열,5709,0,6706,6055,651,117.5,106.1
2018,대학교,사립,경북,기존,영남신학대학교,인문ㆍ사회계열,480,0,427,403,24,89,84
2018,대학교,사립,경남,기존,영산대학교,자연과학계열,640,0,745,645,100,116.4,100.8
2018,대학교,사립,경남,기존,영산대학교,공학계열,1100,0,1020,995,25,92.7,90.5
2018,대학교,사립,경남,기존,영산대학교,인문ㆍ사회계열,1032,0,1103,1051,52,106.9,101.8
2018,대학교,사립,경남,기존,영산대학교,예ㆍ체능계열,190,0,222,220,2,116.8,115.8
2018,대학교,사립,부산,기존,영산대학교 _제2캠퍼스,예ㆍ체능계열,1085,0,1281,1156,125,118.1,106.5
2018,대학교,사립,부산,기존,영산대학교 _제2캠퍼스,인문ㆍ사회계열,1462,0,1825,1492,333,124.8,102.1
2018,대학교,사립,부산,기존,영산대학교 _제2캠퍼스,공학계열,60,0,46,46,0,76.7,76.7
2018,대학교,사립,부산,기존,영산대학교 _제2캠퍼스,자연과학계열,540,0,700,627,73,129.6,116.1
2018,대학교,사립,전남,기존,영산선학대학교,인문ㆍ사회계열,200,0,45,43,2,22.5,21.5
2018,대학교,사립,전북,기존,예수대학교,자연과학계열,460,0,522,449,73,113.5,97.6
2018,대학교,사립,전북,기존,예수대학교,인문ㆍ사회계열,76,0,65,65,0,85.5,85.5
2018,대학교,사립,전북,기존,예원예술대학교,인문ㆍ사회계열,60,0,26,23,3,43.3,38.3
2018,대학교,사립,전북,기존,예원예술대학교,예ㆍ체능계열,822,0,646,576,70,78.6,70.1
2018,대학교,사립,경기,기존,예원예술대학교 _제2캠퍼스,예ㆍ체능계열,396,0,410,369,41,103.5,93.2
2018,대학교,사립,경기,기존,용인대학교,예ㆍ체능계열,3241,0,3317,3093,224,102.3,95.4
2018,대학교,사립,경기,기존,용인대학교,자연과학계열,1034,0,1098,950,148,106.2,91.9
2018,대학교,사립,경기,기존,용인대학교,인문ㆍ사회계열,1515,0,1661,1476,185,109.6,97.4
2018,대학교,사립,전북,기존,우석대학교,예ㆍ체능계열,961,0,920,876,44,95.7,91.2
2018,대학교,사립,전북,기존,우석대학교,자연과학계열,1939,0,2114,1905,209,109,98.2
2018,대학교,사립,전북,기존,우석대학교,의학계열,120,0,128,113,15,106.7,94.2
2018,대학교,사립,전북,기존,우석대학교,공학계열,1450,0,1323,1267,56,91.2,87.4
2018,대학교,사립,전북,기존,우석대학교,인문ㆍ사회계열,2610,0,2854,2559,295,109.3,98
2018,대학교,사립,대전,기존,우송대학교,인문ㆍ사회계열,3640,0,4626,3588,1038,127.1,98.6
2018,대학교,사립,대전,기존,우송대학교,공학계열,2037,0,2308,2094,214,113.3,102.8
2018,대학교,사립,대전,기존,우송대학교,예ㆍ체능계열,840,0,1064,833,231,126.7,99.2
2018,대학교,사립,대전,기존,우송대학교,자연과학계열,1600,0,1701,1575,126,106.3,98.4
2018,대학교,특별법법인,울산,기존,울산과학기술원,자연과학계열,245,0,371,334,37,151.4,136.3
2018,대학교,특별법법인,울산,기존,울산과학기술원,공학계열,1295,0,1828,1607,221,141.2,124.1
2018,대학교,특별법법인,울산,기존,울산과학기술원,인문ㆍ사회계열,200,0,326,278,48,163,139
2018,대학교,사립,울산,기존,울산대학교,예ㆍ체능계열,1266,0,1226,1199,27,96.8,94.7
2018,대학교,사립,울산,기존,울산대학교,인문ㆍ사회계열,3691,0,4139,3646,493,112.1,98.8
2018,대학교,사립,울산,기존,울산대학교,자연과학계열,2122,0,2150,1994,156,101.3,94
2018,대학교,사립,울산,기존,울산대학교,의학계열,160,0,163,163,0,101.9,101.9
2018,대학교,사립,울산,기존,울산대학교,공학계열,3937,0,4361,3970,391,110.8,100.8
2018,대학교,사립,전북,기존,원광대학교,의학계열,984,0,1104,950,154,112.2,96.5
2018,대학교,사립,전북,기존,원광대학교,인문ㆍ사회계열,5043,0,5484,5032,452,108.7,99.8
2018,대학교,사립,전북,기존,원광대학교,자연과학계열,3852,0,4036,3646,390,104.8,94.7
2018,대학교,사립,전북,기존,원광대학교,예ㆍ체능계열,1532,0,1397,1353,44,91.2,88.3
2018,대학교,사립,전북,기존,원광대학교,공학계열,3460,0,3229,3002,227,93.3,86.8
2018,대학교,사립,경북,기존,위덕대학교,인문ㆍ사회계열,1504,0,1495,1399,96,99.4,93
2018,대학교,사립,경북,기존,위덕대학교,예ㆍ체능계열,280,0,294,289,5,105,103.2
2018,대학교,사립,경북,기존,위덕대학교,자연과학계열,931,0,878,837,41,94.3,89.9
2018,대학교,사립,경북,기존,위덕대학교,공학계열,650,0,506,495,11,77.8,76.2
2018,대학교,사립,충북,기존,유원대학교,예ㆍ체능계열,380,0,308,287,21,81.1,75.5
2018,대학교,사립,충북,기존,유원대학교,인문ㆍ사회계열,1500,0,1359,1324,35,90.6,88.3
2018,대학교,사립,충북,기존,유원대학교,자연과학계열,1440,0,1395,1271,124,96.9,88.3
2018,대학교,사립,충북,기존,유원대학교,공학계열,860,0,631,623,8,73.4,72.4
2018,대학교,사립,대전,기존,을지대학교,의학계열,160,0,183,156,27,114.4,97.5
2018,대학교,사립,대전,기존,을지대학교,자연과학계열,508,0,567,498,69,111.6,98
2018,대학교,사립,경기,기존,을지대학교 _제2캠퍼스,인문ㆍ사회계열,782,0,825,738,87,105.5,94.4
2018,대학교,사립,경기,기존,을지대학교 _제2캠퍼스,자연과학계열,3066,0,3330,3033,297,108.6,98.9
2018,대학교,사립,서울,기존,이화여자대학교,예ㆍ체능계열,2180,0,2832,2477,355,129.9,113.6
2018,대학교,사립,서울,기존,이화여자대학교,인문ㆍ사회계열,5476,0,7956,6502,1454,145.3,118.7
2018,대학교,사립,서울,기존,이화여자대학교,자연과학계열,3096,0,3106,2772,334,100.3,89.5
2018,대학교,사립,서울,기존,이화여자대학교,의학계열,152,0,150,148,2,98.7,97.4
2018,대학교,사립,서울,기존,이화여자대학교,공학계열,1684,0,1745,1592,153,103.6,94.5
2018,대학교,사립,경남,기존,인제대학교,인문ㆍ사회계열,2957,0,2998,2834,164,101.4,95.8
2018,대학교,사립,경남,기존,인제대학교,예ㆍ체능계열,571,0,536,502,34,93.9,87.9
2018,대학교,사립,경남,기존,인제대학교,자연과학계열,2112,0,2209,1974,235,104.6,93.5
2018,대학교,사립,경남,기존,인제대학교,공학계열,2894,0,2777,2526,251,96,87.3
2018,대학교,사립,부산,기존,인제대학교 _제2캠퍼스,자연과학계열,320,0,441,311,130,137.8,97.2
2018,대학교,사립,부산,기존,인제대학교 _제2캠퍼스,의학계열,372,0,400,369,31,107.5,99.2
2018,대학교,사립,인천,기존,인천가톨릭대학교,인문ㆍ사회계열,98,0,73,72,1,74.5,73.5
2018,대학교,사립,인천,기존,인천가톨릭대학교 _제2캠퍼스,예ㆍ체능계열,448,0,481,445,36,107.4,99.3
2018,대학교,사립,인천,기존,인천가톨릭대학교 _제2캠퍼스,자연과학계열,160,0,162,149,13,101.3,93.1
2018,대학교,국립대법인,인천,기존,인천대학교,공학계열,4093,0,4785,4214,571,116.9,103
2018,대학교,국립대법인,인천,기존,인천대학교,인문ㆍ사회계열,3956,0,4967,4314,653,125.6,109
2018,대학교,국립대법인,인천,기존,인천대학교,자연과학계열,1193,0,1317,1207,110,110.4,101.2
2018,대학교,국립대법인,인천,기존,인천대학교,예ㆍ체능계열,951,0,981,960,21,103.2,100.9
2018,대학교,사립,인천,기존,인하대학교,공학계열,5873,0,7700,6620,1080,131.1,112.7
2018,대학교,사립,인천,기존,인하대학교,의학계열,98,0,96,92,4,98,93.9
2018,대학교,사립,인천,기존,인하대학교,자연과학계열,1620,0,1720,1548,172,106.2,95.6
2018,대학교,사립,인천,기존,인하대학교,인문ㆍ사회계열,5657,0,7254,6030,1224,128.2,106.6
2018,대학교,사립,인천,기존,인하대학교,예ㆍ체능계열,614,0,600,572,28,97.7,93.2
2018,대학교,사립,서울,기존,장로회신학대학교,인문ㆍ사회계열,400,0,416,378,38,104,94.5
2018,대학교,사립,서울,기존,장로회신학대학교,예ㆍ체능계열,200,0,206,197,9,103,98.5
2018,대학교,국립,광주,기존,전남대학교,예ㆍ체능계열,869,0,917,891,26,105.5,102.5
2018,대학교,국립,광주,기존,전남대학교,자연과학계열,4605,0,5204,4776,428,113,103.7
2018,대학교,국립,광주,기존,전남대학교,의학계열,700,0,724,703,21,103.4,100.4
2018,대학교,국립,광주,기존,전남대학교,인문ㆍ사회계열,4250,0,5998,5007,991,141.1,117.8
2018,대학교,국립,광주,기존,전남대학교,공학계열,3182,0,3983,3738,245,125.2,117.5
2018,대학교,국립,전남,기존,전남대학교 _제2캠퍼스,예ㆍ체능계열,26,0,7,7,0,26.9,26.9
2018,대학교,국립,전남,기존,전남대학교 _제2캠퍼스,자연과학계열,1125,0,1004,937,67,89.2,83.3
2018,대학교,국립,전남,기존,전남대학교 _제2캠퍼스,공학계열,1226,0,1066,1022,44,86.9,83.4
2018,대학교,국립,전남,기존,전남대학교 _제2캠퍼스,인문ㆍ사회계열,743,0,754,734,20,101.5,98.8
2018,대학교,국립,전북,기존,전북대학교,예ㆍ체능계열,683,0,733,704,29,107.3,103.1
2018,대학교,국립,전북,기존,전북대학교,자연과학계열,4702,0,5179,4690,489,110.1,99.7
2018,대학교,국립,전북,기존,전북대학교,의학계열,500,0,627,488,139,125.4,97.6
2018,대학교,국립,전북,기존,전북대학교,인문ㆍ사회계열,4723,0,5718,5097,621,121.1,107.9
2018,대학교,국립,전북,기존,전북대학교,공학계열,5092,0,5789,5393,396,113.7,105.9
2018,교육대학,국립,전북,기존,전주교육대학교,인문ㆍ사회계열,1140,0,490,468,22,43,41.1
2018,대학교,사립,전북,기존,전주대학교,인문ㆍ사회계열,4585,0,5357,4711,646,116.8,102.7
2018,대학교,사립,전북,기존,전주대학교,예ㆍ체능계열,1309,0,1447,1330,117,110.5,101.6
2018,대학교,사립,전북,기존,전주대학교,자연과학계열,1980,0,2122,1912,210,107.2,96.6
2018,대학교,사립,전북,기존,전주대학교,공학계열,2400,0,2368,2146,222,98.7,89.4
2018,기술대학,사립,서울,기존,정석대학,공학계열,150,0,49,49,0,32.7,32.7
2018,기술대학,사립,서울,기존,정석대학,인문ㆍ사회계열,50,0,37,37,0,74,74
2018,대학교,사립,제주,기존,제주국제대학교,예ㆍ체능계열,769,0,340,336,4,44.2,43.7
2018,대학교,사립,제주,기존,제주국제대학교,인문ㆍ사회계열,1413,0,566,536,30,40.1,37.9
2018,대학교,사립,제주,기존,제주국제대학교,공학계열,777,0,428,418,10,55.1,53.8
2018,대학교,사립,제주,기존,제주국제대학교,자연과학계열,110,0,24,24,0,21.8,21.8
2018,대학교,국립,제주,기존,제주대학교,예ㆍ체능계열,639,0,688,673,15,107.7,105.3
2018,대학교,국립,제주,기존,제주대학교,자연과학계열,2520,0,2686,2479,207,106.6,98.4
2018,대학교,국립,제주,기존,제주대학교,인문ㆍ사회계열,3770,0,4802,4200,602,127.4,111.4
2018,대학교,국립,제주,기존,제주대학교,의학계열,160,0,186,159,27,116.3,99.4
2018,대학교,국립,제주,기존,제주대학교,공학계열,1653,0,1882,1691,191,113.9,102.3
2018,대학교,사립,광주,기존,조선대학교,공학계열,5705,0,6286,5699,587,110.2,99.9
2018,대학교,사립,광주,기존,조선대학교,의학계열,410,0,388,263,125,94.6,64.1
2018,대학교,사립,광주,기존,조선대학교,자연과학계열,2832,0,2830,2715,115,99.9,95.9
2018,대학교,사립,광주,기존,조선대학교,인문ㆍ사회계열,6866,0,7643,7111,532,111.3,103.6
2018,대학교,사립,광주,기존,조선대학교,예ㆍ체능계열,1966,0,2093,1979,114,106.5,100.7
2018,대학교,사립,충남,기존,중부대학교,자연과학계열,1179,0,1099,1025,74,93.2,86.9
2018,대학교,사립,충남,기존,중부대학교,인문ㆍ사회계열,3292,0,3404,3176,228,103.4,96.5
2018,대학교,사립,충남,기존,중부대학교,공학계열,1890,0,1954,1801,153,103.4,95.3
2018,대학교,사립,충남,기존,중부대학교,예ㆍ체능계열,1590,0,1629,1503,126,102.5,94.5
2018,대학교,사립,서울,기존,중앙대학교,인문ㆍ사회계열,6750,0,10510,7348,3162,155.7,108.9
2018,대학교,사립,서울,기존,중앙대학교,예ㆍ체능계열,520,0,582,534,48,111.9,102.7
2018,대학교,사립,서울,기존,중앙대학교,자연과학계열,2532,0,2770,2511,259,109.4,99.2
2018,대학교,사립,서울,기존,중앙대학교,의학계열,344,0,354,333,21,102.9,96.8
2018,대학교,사립,서울,기존,중앙대학교,공학계열,3578,0,4150,3642,508,116,101.8
2018,대학교,사립,경기,기존,중앙대학교 _제2캠퍼스,자연과학계열,1350,0,1254,1176,78,92.9,87.1
2018,대학교,사립,경기,기존,중앙대학교 _제2캠퍼스,예ㆍ체능계열,3112,0,3420,3214,206,109.9,103.3
2018,대학교,사립,경기,기존,중앙승가대학교,인문ㆍ사회계열,480,0,157,156,1,32.7,32.5
2018,대학교,사립,충북,기존,중원대학교,인문ㆍ사회계열,1239,0,1183,1119,64,95.5,90.3
2018,대학교,사립,충북,기존,중원대학교,공학계열,1105,0,1078,1003,75,97.6,90.8
2018,대학교,사립,충북,기존,중원대학교,예ㆍ체능계열,573,0,579,548,31,101,95.6
2018,대학교,사립,충북,기존,중원대학교,자연과학계열,1183,0,1183,1089,94,100,92.1
2018,교육대학,국립,경남,기존,진주교육대학교,인문ㆍ사회계열,1276,0,563,528,35,44.1,41.4
2018,대학교,사립,경기,기존,차의과학대학교,인문ㆍ사회계열,972,0,996,964,32,102.5,99.2
2018,대학교,사립,경기,기존,차의과학대학교,자연과학계열,1152,0,1320,1165,155,114.6,101.1
2018,대학교,사립,경남,기존,창신대학교,자연과학계열,480,0,529,456,73,110.2,95
2018,대학교,사립,경남,기존,창신대학교,공학계열,325,0,275,264,11,84.6,81.2
2018,대학교,사립,경남,기존,창신대학교,인문ㆍ사회계열,930,0,795,757,38,85.5,81.4
2018,대학교,사립,경남,기존,창신대학교,예ㆍ체능계열,297,0,251,247,4,84.5,83.2
2018,산업대학,사립,충남,기존,청운대학교,공학계열,1185,0,1619,1276,343,136.6,107.7
2018,산업대학,사립,충남,기존,청운대학교,자연과학계열,445,0,518,457,61,116.4,102.7
2018,산업대학,사립,충남,기존,청운대학교,예ㆍ체능계열,1120,0,1119,1009,110,99.9,90.1
2018,산업대학,사립,충남,기존,청운대학교,인문ㆍ사회계열,2740,0,3385,2626,759,123.5,95.8
2018,교육대학,국립,충북,기존,청주교육대학교,인문ㆍ사회계열,1144,0,502,473,29,43.9,41.3
2018,대학교,사립,충북,기존,청주대학교,예ㆍ체능계열,1442,0,1502,1410,92,104.2,97.8
2018,대학교,사립,충북,기존,청주대학교,공학계열,2899,0,2592,2368,224,89.4,81.7
2018,대학교,사립,충북,기존,청주대학교,인문ㆍ사회계열,4653,0,4968,4461,507,106.8,95.9
2018,대학교,사립,충북,기존,청주대학교,자연과학계열,2011,0,1817,1750,67,90.4,87
2018,대학교,사립,전남,기존,초당대학교,자연과학계열,1105,0,1165,1023,142,105.4,92.6
2018,대학교,사립,전남,기존,초당대학교,공학계열,600,0,563,505,58,93.8,84.2
2018,대학교,사립,전남,기존,초당대학교,예ㆍ체능계열,470,0,413,381,32,87.9,81.1
2018,대학교,사립,전남,기존,초당대학교,인문ㆍ사회계열,977,0,1079,881,198,110.4,90.2
2018,대학교,사립,서울,기존,총신대학교,인문ㆍ사회계열,1200,0,1542,1167,375,128.5,97.3
2018,대학교,사립,서울,기존,총신대학교,예ㆍ체능계열,240,0,243,230,13,101.3,95.8
2018,대학교,사립,서울,기존,추계예술대학교,예ㆍ체능계열,881,0,906,871,35,102.8,98.9
2018,대학교,사립,서울,기존,추계예술대학교,인문ㆍ사회계열,258,0,273,253,20,105.8,98.1
2018,교육대학,국립,강원,기존,춘천교육대학교,인문ㆍ사회계열,1284,0,588,551,37,45.8,42.9
2018,대학교,국립,대전,기존,충남대학교,자연과학계열,4348,0,4937,4589,348,113.5,105.5
2018,대학교,국립,대전,기존,충남대학교,의학계열,436,0,485,446,39,111.2,102.3
2018,대학교,국립,대전,기존,충남대학교,인문ㆍ사회계열,4574,0,6401,5435,966,139.9,118.8
2018,대학교,국립,대전,기존,충남대학교,공학계열,4116,0,5278,4906,372,128.2,119.2
2018,대학교,국립,대전,기존,충남대학교,예ㆍ체능계열,868,0,918,913,5,105.8,105.2
2018,대학교,국립,충북,기존,충북대학교,자연과학계열,3593,0,4046,3694,352,112.6,102.8
2018,대학교,국립,충북,기존,충북대학교,예ㆍ체능계열,265,0,277,265,12,104.5,100
2018,대학교,국립,충북,기존,충북대학교,의학계열,380,0,407,384,23,107.1,101.1
2018,대학교,국립,충북,기존,충북대학교,인문ㆍ사회계열,3705,0,4758,3953,805,128.4,106.7
2018,대학교,국립,충북,기존,충북대학교,공학계열,3774,0,4484,3941,543,118.8,104.4
2018,대학교,사립,경기,기존,칼빈대학교,인문ㆍ사회계열,320,0,461,247,214,144.1,77.2
2018,대학교,사립,경기,기존,칼빈대학교,예ㆍ체능계열,64,0,49,49,0,76.6,76.6
2018,대학교,사립,경기,기존,평택대학교,자연과학계열,970,0,923,881,42,95.2,90.8
2018,대학교,사립,경기,기존,평택대학교,예ㆍ체능계열,764,0,790,781,9,103.4,102.2
2018,대학교,사립,경기,기존,평택대학교,공학계열,60,0,48,46,2,80,76.7
2018,대학교,사립,경기,기존,평택대학교,인문ㆍ사회계열,1777,0,1918,1666,252,107.9,93.8
2018,대학교,사립,경북,기존,포항공과대학교,공학계열,1070,0,1125,1087,38,105.1,101.6
2018,대학교,사립,경북,기존,포항공과대학교,자연과학계열,210,0,297,293,4,141.4,139.5
2018,대학교,국립,경기,기존,한경국립대학교,예ㆍ체능계열,319,0,382,331,51,119.7,103.8
2018,대학교,국립,경기,기존,한경국립대학교,자연과학계열,1484,0,1670,1479,191,112.5,99.7
2018,대학교,국립,경기,기존,한경국립대학교,공학계열,2375,0,2878,2443,435,121.2,102.9
2018,대학교,국립,경기,기존,한경국립대학교,인문ㆍ사회계열,709,0,1024,758,266,144.4,106.9
2018,대학교,사립,경기,기존,한국공학대학교,예ㆍ체능계열,414,0,427,380,47,103.1,91.8
2018,대학교,사립,경기,기존,한국공학대학교,공학계열,4538,0,5935,4549,1386,130.8,100.2
2018,대학교,사립,경기,기존,한국공학대학교,인문ㆍ사회계열,568,0,648,546,102,114.1,96.1
2018,대학교,특별법법인,대전,기존,한국과학기술원,자연과학계열,1319,0,992,951,41,75.2,72.1
2018,대학교,특별법법인,대전,기존,한국과학기술원,공학계열,2441,0,2860,2682,178,117.2,109.9
2018,대학교,특별법법인,대전,기존,한국과학기술원,인문ㆍ사회계열,120,0,58,54,4,48.3,45
2018,대학교,국립,충북,기존,한국교원대학교,예ㆍ체능계열,236,0,234,234,0,99.2,99.2
2018,대학교,국립,충북,기존,한국교원대학교,자연과학계열,572,0,629,592,37,110,103.5
2018,대학교,국립,충북,기존,한국교원대학교,인문ㆍ사회계열,1220,0,1366,1245,121,112,102
2018,대학교,국립,충북,기존,한국교원대학교,공학계열,156,0,176,171,5,112.8,109.6
2018,대학교,사립,경남,기존,한국국제대학교,예ㆍ체능계열,450,7,387,378,9,87.4,85.3
2018,대학교,사립,경남,기존,한국국제대학교,인문ㆍ사회계열,1253,25,1188,1147,41,96.7,93.4
2018,대학교,사립,경남,기존,한국국제대학교,공학계열,752,8,520,482,38,69.9,64.8
2018,대학교,사립,경남,기존,한국국제대학교,자연과학계열,856,11,810,711,99,95.9,84.1
2018,대학교,사립,충남,기존,한국기술교육대학교,인문ㆍ사회계열,493,0,684,549,135,138.7,111.4
2018,대학교,사립,충남,기존,한국기술교육대학교,공학계열,2945,0,3717,3237,480,126.2,109.9
2018,방송통신대학,국립,서울,기존,한국방송통신대학교,공학계열,4000,0,804,748,56,20.1,18.7
2018,방송통신대학,국립,서울,기존,한국방송통신대학교,자연과학계열,48800,0,28560,26430,2130,58.5,54.2
2018,방송통신대학,국립,서울,기존,한국방송통신대학교,인문ㆍ사회계열,184000,0,81159,73550,7609,44.1,40
2018,대학교,사립,서울,기존,한국성서대학교,자연과학계열,180,0,205,177,28,113.9,98.3
2018,대학교,사립,서울,기존,한국성서대학교,인문ㆍ사회계열,623,0,769,674,95,123.4,108.2
2018,대학교,사립,서울,기존,한국성서대학교,공학계열,140,0,135,128,7,96.4,91.4
2018,각종학교(대학),특별법국립,서울,기존,한국예술종합학교,예ㆍ체능계열,2252,0,2693,2573,120,119.6,114.3
2018,대학교,사립,서울,기존,한국외국어대학교,공학계열,1101,0,1165,1074,91,105.8,97.5
2018,대학교,사립,서울,기존,한국외국어대학교,자연과학계열,1032,0,1127,1036,91,109.2,100.4
2018,대학교,사립,서울,기존,한국외국어대학교,인문ㆍ사회계열,11375,0,15053,12555,2498,132.3,110.4
2018,대학교,특별법국립,충남,기존,한국전통문화대학교,인문ㆍ사회계열,170,0,170,167,3,100,98.2
2018,대학교,특별법국립,충남,기존,한국전통문화대학교,자연과학계열,80,0,81,81,0,101.3,101.3
2018,대학교,특별법국립,충남,기존,한국전통문화대학교,공학계열,150,0,145,144,1,96.7,96
2018,대학교,특별법국립,충남,기존,한국전통문화대학교,예ㆍ체능계열,160,0,144,142,2,90,88.8
2018,대학교,국립,서울,기존,한국체육대학교,예ㆍ체능계열,2315,0,2541,2417,124,109.8,104.4
2018,대학교,사립,대전,기존,한국침례신학대학교,예ㆍ체능계열,260,0,229,218,11,88.1,83.8
2018,대학교,사립,대전,기존,한국침례신학대학교,인문ㆍ사회계열,1220,0,1237,1177,60,101.4,96.5
2018,대학교,사립,경기,기존,한국항공대학교,공학계열,2319,0,2568,2322,246,110.7,100.1
2018,대학교,사립,경기,기존,한국항공대학교,인문ㆍ사회계열,487,0,530,474,56,108.8,97.3
2018,대학교,사립,경기,기존,한국항공대학교,자연과학계열,626,0,876,709,167,139.9,113.3
2018,대학교,사립,대전,기존,한남대학교,자연과학계열,1248,0,1226,1184,42,98.2,94.9
2018,대학교,사립,대전,기존,한남대학교,인문ㆍ사회계열,6001,0,6869,6291,578,114.5,104.8
2018,대학교,사립,대전,기존,한남대학교,공학계열,2718,0,2781,2533,248,102.3,93.2
2018,대학교,사립,대전,기존,한남대학교,예ㆍ체능계열,1008,0,1077,1045,32,106.8,103.7
2018,대학교,사립,경북,기존,한동대학교,공학계열,1343,0,1410,1301,109,105,96.9
2018,대학교,사립,경북,기존,한동대학교,자연과학계열,238,0,242,226,16,101.7,95
2018,대학교,사립,경북,기존,한동대학교,인문ㆍ사회계열,1364,0,2294,2008,286,168.2,147.2
2018,대학교,사립,강원,기존,한라대학교,인문ㆍ사회계열,1530,0,1597,1511,86,104.4,98.8
2018,대학교,사립,강원,기존,한라대학교,예ㆍ체능계열,180,0,170,164,6,94.4,91.1
2018,대학교,사립,강원,기존,한라대학교,공학계열,1990,0,2040,1894,146,102.5,95.2
2018,대학교,사립,전남,기존,한려대학교,예ㆍ체능계열,165,0,42,35,7,25.5,21.2
2018,대학교,사립,전남,기존,한려대학교,자연과학계열,958,0,378,335,43,39.5,35
2018,대학교,사립,전남,기존,한려대학교,인문ㆍ사회계열,210,0,56,56,0,26.7,26.7
2018,대학교,사립,전남,기존,한려대학교,공학계열,111,0,27,27,0,24.3,24.3
2018,대학교,사립,강원,기존,한림대학교,자연과학계열,2111,0,2117,2035,82,100.3,96.4
2018,대학교,사립,강원,기존,한림대학교,예ㆍ체능계열,226,0,258,230,28,114.2,101.8
2018,대학교,사립,강원,기존,한림대학교,공학계열,874,0,947,867,80,108.4,99.2
2018,대학교,사립,강원,기존,한림대학교,의학계열,304,0,288,282,6,94.7,92.8
2018,대학교,사립,강원,기존,한림대학교,인문ㆍ사회계열,3610,0,4251,3720,531,117.8,103
2018,대학교,사립,충남,기존,한서대학교,자연과학계열,1742,0,1844,1658,186,105.9,95.2
2018,대학교,사립,충남,기존,한서대학교,공학계열,1720,0,1819,1641,178,105.8,95.4
2018,대학교,사립,충남,기존,한서대학교,인문ㆍ사회계열,1551,0,1908,1728,180,123,111.4
2018,대학교,사립,충남,기존,한서대학교,예ㆍ체능계열,1450,0,1538,1340,198,106.1,92.4
2018,대학교,사립,서울,기존,한성대학교,공학계열,1731,0,1940,1781,159,112.1,102.9
2018,대학교,사립,서울,기존,한성대학교,예ㆍ체능계열,1228,0,1463,1316,147,119.1,107.2
2018,대학교,사립,서울,기존,한성대학교,인문ㆍ사회계열,2976,0,3079,2806,273,103.5,94.3
2018,대학교,사립,경기,기존,한세대학교,공학계열,201,0,254,212,42,126.4,105.5
2018,대학교,사립,경기,기존,한세대학교,인문ㆍ사회계열,1275,0,1536,1390,146,120.5,109
2018,대학교,사립,경기,기존,한세대학교,예ㆍ체능계열,752,0,858,787,71,114.1,104.7
2018,대학교,사립,경기,기존,한세대학교,자연과학계열,108,0,112,100,12,103.7,92.6
2018,대학교,사립,경기,기존,한신대학교,예ㆍ체능계열,140,0,149,146,3,106.4,104.3
2018,대학교,사립,경기,기존,한신대학교,자연과학계열,328,0,321,310,11,97.9,94.5
2018,대학교,사립,경기,기존,한신대학교,공학계열,893,0,860,791,69,96.3,88.6
2018,대학교,사립,경기,기존,한신대학교,인문ㆍ사회계열,3380,0,3816,3505,311,112.9,103.7
2018,대학교,사립,서울,기존,한양대학교,인문ㆍ사회계열,4064,0,6393,4434,1959,157.3,109.1
2018,대학교,사립,서울,기존,한양대학교,예ㆍ체능계열,1463,0,1778,1521,257,121.5,104
2018,대학교,사립,서울,기존,한양대학교,의학계열,440,0,419,419,0,95.2,95.2
2018,대학교,사립,서울,기존,한양대학교,공학계열,4393,0,5666,4622,1044,129,105.2
2018,대학교,사립,서울,기존,한양대학교,자연과학계열,1287,0,1577,1273,304,122.5,98.9
2018,대학교,사립,경기,기존,한양대학교(ERICA) _분교,예ㆍ체능계열,1210,0,1303,1249,54,107.7,103.2
2018,대학교,사립,경기,기존,한양대학교(ERICA) _분교,자연과학계열,545,0,569,537,32,104.4,98.5
2018,대학교,사립,경기,기존,한양대학교(ERICA) _분교,공학계열,3263,0,3813,3246,567,116.9,99.5
2018,대학교,사립,경기,기존,한양대학교(ERICA) _분교,인문ㆍ사회계열,2516,0,3171,2691,480,126,107
2018,대학교,사립,전북,기존,한일장신대학교,예ㆍ체능계열,123,0,89,86,3,72.4,69.9
2018,대학교,사립,전북,기존,한일장신대학교,인문ㆍ사회계열,595,0,572,493,79,96.1,82.9
2018,대학교,사립,전북,기존,한일장신대학교,자연과학계열,208,0,209,185,24,100.5,88.9
2018,대학교,사립,경기,기존,협성대학교,자연과학계열,250,0,261,240,21,104.4,96
2018,대학교,사립,경기,기존,협성대학교,공학계열,546,0,544,477,67,99.6,87.4
2018,대학교,사립,경기,기존,협성대학교,예ㆍ체능계열,762,0,749,745,4,98.3,97.8
2018,대학교,사립,경기,기존,협성대학교,인문ㆍ사회계열,2606,0,2779,2431,348,106.6,93.3
2018,대학교,사립,광주,기존,호남대학교,자연과학계열,1569,0,1720,1584,136,109.6,101
2018,대학교,사립,광주,기존,호남대학교,인문ㆍ사회계열,2160,0,2678,2261,417,124,104.7
2018,대학교,사립,광주,기존,호남대학교,예ㆍ체능계열,1083,0,1273,1052,221,117.5,97.1
2018,대학교,사립,광주,기존,호남대학교,공학계열,1436,0,1508,1409,99,105,98.1
2018,대학교,사립,광주,기존,호남신학대학교,예ㆍ체능계열,220,0,199,199,0,90.5,90.5
2018,대학교,사립,광주,기존,호남신학대학교,인문ㆍ사회계열,416,0,334,330,4,80.3,79.3
2018,대학교,사립,충남,기존,호서대학교,예ㆍ체능계열,1721,0,1680,1593,87,97.6,92.6
2018,대학교,사립,충남,기존,호서대학교,인문ㆍ사회계열,3873,0,4006,3609,397,103.4,93.2
2018,대학교,사립,충남,기존,호서대학교,자연과학계열,1532,0,1558,1419,139,101.7,92.6
2018,대학교,사립,충남,기존,호서대학교,공학계열,4578,0,4547,4158,389,99.3,90.8
2018,산업대학,사립,전북,기존,호원대학교,자연과학계열,1094,0,1150,971,179,105.1,88.8
2018,산업대학,사립,전북,기존,호원대학교,공학계열,1158,0,1238,1003,235,106.9,86.6
2018,산업대학,사립,전북,기존,호원대학교,인문ㆍ사회계열,1382,0,1618,1224,394,117.1,88.6
2018,산업대학,사립,전북,기존,호원대학교,예ㆍ체능계열,1388,0,1586,1327,259,114.3,95.6
2018,대학교,사립,서울,기존,홍익대학교,예ㆍ체능계열,1610,0,2669,1937,732,165.8,120.3
2018,대학교,사립,서울,기존,홍익대학교,공학계열,5305,0,5351,4823,528,100.9,90.9
2018,대학교,사립,서울,기존,홍익대학교,자연과학계열,136,0,157,146,11,115.4,107.4
2018,대학교,사립,서울,기존,홍익대학교,인문ㆍ사회계열,2789,0,4026,3242,784,144.4,116.2
2018,대학교,사립,세종,기존,홍익대학교 _제2캠퍼스,예ㆍ체능계열,1271,0,1790,1575,215,140.8,123.9
2018,대학교,사립,세종,기존,홍익대학교 _제2캠퍼스,공학계열,3026,0,2596,2418,178,85.8,79.9
2018,대학교,사립,세종,기존,홍익대학교 _제2캠퍼스,인문ㆍ사회계열,1269,0,1506,1375,131,118.7,108.4
2018,대학교,사립,경기,기존,화성의과학대학교,자연과학계열,387,0,298,269,29,77,69.5
2018,대학교,사립,경기,기존,화성의과학대학교,인문ㆍ사회계열,505,0,260,258,2,51.5,51.1
2018,대학교,사립,경기,기존,화성의과학대학교,예ㆍ체능계열,203,0,102,102,0,50.2,50.2
2017,대학교,사립,경남,기존,가야대학교(김해),인문ㆍ사회계열,1108,0,1013,956,57,91.4,86.3
2017,대학교,사립,경남,기존,가야대학교(김해),자연과학계열,1462,0,1559,1402,157,106.6,95.9
2017,대학교,사립,경기,기존,가천대학교,인문ㆍ사회계열,5766,0,7330,6116,1214,127.1,106.1
2017,대학교,사립,경기,기존,가천대학교,공학계열,5121,0,5744,5167,577,112.2,100.9
2017,대학교,사립,경기,기존,가천대학교,예ㆍ체능계열,1620,0,1798,1743,55,111,107.6
2017,대학교,사립,경기,기존,가천대학교,의학계열,160,0,158,153,5,98.8,95.6
2017,대학교,사립,경기,기존,가천대학교,자연과학계열,2953,0,3279,2925,354,111,99.1
2017,대학교,사립,강원,기존,가톨릭관동대학교,공학계열,1866,0,1590,1492,98,85.2,80
2017,대학교,사립,강원,기존,가톨릭관동대학교,인문ㆍ사회계열,4708,45,4562,4228,334,97.8,90.7
2017,대학교,사립,강원,기존,가톨릭관동대학교,의학계열,196,30,200,178,22,120.5,107.2
2017,대학교,사립,강원,기존,가톨릭관동대학교,자연과학계열,774,0,823,721,102,106.3,93.2
2017,대학교,사립,강원,기존,가톨릭관동대학교,예ㆍ체능계열,1404,0,1166,1124,42,83,80.1
2017,대학교,사립,충북,기존,가톨릭꽃동네대학교,자연과학계열,160,0,179,158,21,111.9,98.8
2017,대학교,사립,충북,기존,가톨릭꽃동네대학교,인문ㆍ사회계열,296,0,284,275,9,95.9,92.9
2017,대학교,사립,경기,기존,가톨릭대학교,공학계열,1191,0,1375,1233,142,115.4,103.5
2017,대학교,사립,경기,기존,가톨릭대학교,예ㆍ체능계열,203,0,208,208,0,102.5,102.5
2017,대학교,사립,경기,기존,가톨릭대학교,인문ㆍ사회계열,3457,0,4014,3560,454,116.1,103
2017,대학교,사립,경기,기존,가톨릭대학교,자연과학계열,1336,0,1470,1335,135,110,99.9
2017,대학교,사립,서울,기존,가톨릭대학교 _제2캠퍼스,자연과학계열,450,0,483,439,44,107.3,97.6
2017,대학교,사립,서울,기존,가톨릭대학교 _제2캠퍼스,의학계열,93,0,100,91,9,107.5,97.8
2017,대학교,사립,서울,기존,가톨릭대학교 _제3캠퍼스,인문ㆍ사회계열,240,0,179,158,21,74.6,65.8
2017,대학교,사립,서울,기존,감리교신학대학교,인문ㆍ사회계열,800,0,835,792,43,104.4,99
2017,대학교,사립,경기,기존,강남대학교,인문ㆍ사회계열,4559,0,5022,4493,529,110.2,98.6
2017,대학교,사립,경기,기존,강남대학교,공학계열,1080,0,1094,1003,91,101.3,92.9
2017,대학교,사립,경기,기존,강남대학교,예ㆍ체능계열,640,0,603,581,22,94.2,90.8
2017,대학교,사립,서울,기존,강서대학교,인문ㆍ사회계열,1005,0,1110,989,121,110.4,98.4
2017,대학교,사립,서울,기존,강서대학교,자연과학계열,135,0,133,119,14,98.5,88.1
2017,대학교,사립,서울,기존,강서대학교,예ㆍ체능계열,140,0,139,134,5,99.3,95.7
2017,대학교,국립,강원,기존,강원대학교,예ㆍ체능계열,701,0,729,704,25,104,100.4
2017,대학교,국립,강원,기존,강원대학교,자연과학계열,4973,0,5164,4779,385,103.8,96.1
2017,대학교,국립,강원,기존,강원대학교,의학계열,160,0,165,160,5,103.1,100
2017,대학교,국립,강원,기존,강원대학교,공학계열,2683,0,3081,2788,293,114.8,103.9
2017,대학교,국립,강원,기존,강원대학교,인문ㆍ사회계열,4300,0,4971,4504,467,115.6,104.7
2017,대학교,국립,강원,기존,강원대학교 _제2캠퍼스,예ㆍ체능계열,895,0,811,767,44,90.6,85.7
2017,대학교,국립,강원,기존,강원대학교 _제2캠퍼스,공학계열,3143,0,2835,2656,179,90.2,84.5
2017,대학교,국립,강원,기존,강원대학교 _제2캠퍼스,자연과학계열,1481,0,1431,1333,98,96.6,90
2017,대학교,국립,강원,기존,강원대학교 _제2캠퍼스,인문ㆍ사회계열,1047,0,981,890,91,93.7,85
2017,대학교,사립,서울,기존,건국대학교,자연과학계열,2428,0,2350,2095,255,96.8,86.3
2017,대학교,사립,서울,기존,건국대학교,인문ㆍ사회계열,4240,0,6290,4740,1550,148.3,111.8
2017,대학교,사립,서울,기존,건국대학교,의학계열,276,0,332,275,57,120.3,99.6
2017,대학교,사립,서울,기존,건국대학교,예ㆍ체능계열,1364,0,1649,1417,232,120.9,103.9
2017,대학교,사립,서울,기존,건국대학교,공학계열,3830,0,4931,4391,540,128.7,114.6
2017,대학교,사립,충북,기존,건국대학교(글로컬) _분교,예ㆍ체능계열,1705,0,1846,1615,231,108.3,94.7
2017,대학교,사립,충북,기존,건국대학교(글로컬) _분교,자연과학계열,1340,0,1421,1280,141,106,95.5
2017,대학교,사립,충북,기존,건국대학교(글로컬) _분교,인문ㆍ사회계열,2939,0,3505,3034,471,119.3,103.2
2017,대학교,사립,충북,기존,건국대학교(글로컬) _분교,공학계열,880,0,949,879,70,107.8,99.9
2017,대학교,사립,충남,기존,건양대학교,인문ㆍ사회계열,2532,0,2844,2539,305,112.3,100.3
2017,대학교,사립,충남,기존,건양대학교,자연과학계열,452,0,476,442,34,105.3,97.8
2017,대학교,사립,충남,기존,건양대학교,공학계열,894,0,857,806,51,95.9,90.2
2017,대학교,사립,충남,기존,건양대학교,예ㆍ체능계열,160,0,158,158,0,98.8,98.8
2017,대학교,사립,대전,기존,건양대학교 _제2캠퍼스,공학계열,830,0,868,810,58,104.6,97.6
2017,대학교,사립,대전,기존,건양대학교 _제2캠퍼스,인문ㆍ사회계열,205,0,208,204,4,101.5,99.5
2017,대학교,사립,대전,기존,건양대학교 _제2캠퍼스,자연과학계열,1954,0,2133,1933,200,109.2,98.9
2017,대학교,사립,대전,기존,건양대학교 _제2캠퍼스,의학계열,196,0,242,200,42,123.5,102
2017,대학교,사립,경기,기존,경기대학교,공학계열,2510,0,2853,2480,373,113.7,98.8
2017,대학교,사립,경기,기존,경기대학교,예ㆍ체능계열,1499,0,1486,1421,65,99.1,94.8
2017,대학교,사립,경기,기존,경기대학교,자연과학계열,1160,0,1322,1189,133,114,102.5
2017,대학교,사립,경기,기존,경기대학교,인문ㆍ사회계열,5391,0,6238,5389,849,115.7,100
2017,대학교,사립,서울,기존,경기대학교 _제2캠퍼스,예ㆍ체능계열,417,0,466,429,37,111.8,102.9
2017,대학교,사립,서울,기존,경기대학교 _제2캠퍼스,인문ㆍ사회계열,1115,0,1614,1157,457,144.8,103.8
2017,대학교,국립,경남,폐교,경남과학기술대학교,예ㆍ체능계열,118,0,99,99,0,83.9,83.9
2017,대학교,국립,경남,폐교,경남과학기술대학교,자연과학계열,1330,0,1377,1283,94,103.5,96.5
2017,대학교,국립,경남,폐교,경남과학기술대학교,인문ㆍ사회계열,1592,0,1469,1390,79,92.3,87.3
2017,대학교,국립,경남,폐교,경남과학기술대학교,공학계열,2106,0,2096,1917,179,99.5,91
2017,대학교,사립,경남,기존,경남대학교,인문ㆍ사회계열,6080,0,6273,5827,446,103.2,95.8
2017,대학교,사립,경남,기존,경남대학교,자연과학계열,1710,0,1696,1584,112,99.2,92.6
2017,대학교,사립,경남,기존,경남대학교,예ㆍ체능계열,845,0,870,815,55,103,96.4
2017,대학교,사립,경남,기존,경남대학교,공학계열,3465,0,3128,2950,178,90.3,85.1
2017,대학교,사립,강원,기존,경동대학교,자연과학계열,930,0,836,761,75,89.9,81.8
2017,대학교,사립,강원,기존,경동대학교,예ㆍ체능계열,160,0,128,128,0,80,80
2017,대학교,사립,강원,기존,경동대학교,공학계열,482,0,602,476,126,124.9,98.8
2017,대학교,사립,강원,기존,경동대학교,인문ㆍ사회계열,1736,0,1979,1657,322,114,95.4
2017,대학교,사립,강원,기존,경동대학교 _제3캠퍼스,자연과학계열,2560,0,2775,2510,265,108.4,98
2017,대학교,사립,강원,기존,경동대학교 _제3캠퍼스,인문ㆍ사회계열,110,0,105,105,0,95.5,95.5
2017,대학교,사립,경기,기존,경동대학교 _제4캠퍼스,공학계열,264,0,305,284,21,115.5,107.6
2017,대학교,사립,경기,기존,경동대학교 _제4캠퍼스,예ㆍ체능계열,132,0,155,140,15,117.4,106.1
2017,대학교,사립,경기,기존,경동대학교 _제4캠퍼스,인문ㆍ사회계열,804,0,844,770,74,105,95.8
2017,대학교,국립,대구,기존,경북대학교,자연과학계열,6445,0,6738,6095,643,104.5,94.6
2017,대학교,국립,대구,기존,경북대학교,예ㆍ체능계열,989,0,1142,1092,50,115.5,110.4
2017,대학교,국립,대구,기존,경북대학교,인문ㆍ사회계열,5461,0,6891,6147,744,126.2,112.6
2017,대학교,국립,대구,기존,경북대학교,공학계열,6108,0,7926,7100,826,129.8,116.2
2017,대학교,국립,대구,기존,경북대학교,의학계열,398,0,399,369,30,100.3,92.7
2017,대학교,국립,경남,기존,경상국립대학교,예ㆍ체능계열,280,0,298,297,1,106.4,106.1
2017,대학교,국립,경남,기존,경상국립대학교,의학계열,276,0,304,269,35,110.1,97.5
2017,대학교,국립,경남,기존,경상국립대학교,공학계열,4106,0,4622,4234,388,112.6,103.1
2017,대학교,국립,경남,기존,경상국립대학교,자연과학계열,3710,0,3932,3607,325,106,97.2
2017,대학교,국립,경남,기존,경상국립대학교,인문ㆍ사회계열,4431,0,5046,4596,450,113.9,103.7
2017,대학교,사립,부산,기존,경성대학교,인문ㆍ사회계열,5310,0,5812,5205,607,109.5,98
2017,대학교,사립,부산,기존,경성대학교,자연과학계열,1480,0,1436,1343,93,97,90.7
2017,대학교,사립,부산,기존,경성대학교,예ㆍ체능계열,2270,0,2356,2201,155,103.8,97
2017,대학교,사립,부산,기존,경성대학교,공학계열,2624,0,2682,2452,230,102.2,93.4
2017,대학교,사립,경북,기존,경운대학교,인문ㆍ사회계열,1112,0,1053,1000,53,94.7,89.9
2017,대학교,사립,경북,기존,경운대학교,공학계열,1332,0,1147,1090,57,86.1,81.8
2017,대학교,사립,경북,기존,경운대학교,자연과학계열,1690,0,1638,1512,126,96.9,89.5
2017,대학교,사립,경북,기존,경운대학교,예ㆍ체능계열,792,0,685,678,7,86.5,85.6
2017,교육대학,국립,인천,기존,경인교육대학교,인문ㆍ사회계열,2392,0,689,635,54,28.8,26.5
2017,대학교,사립,경북,기존,경일대학교,자연과학계열,740,0,744,688,56,100.5,93
2017,대학교,사립,경북,기존,경일대학교,공학계열,3204,0,3245,3066,179,101.3,95.7
2017,대학교,사립,경북,기존,경일대학교,예ㆍ체능계열,950,0,1071,1018,53,112.7,107.2
2017,대학교,사립,경북,기존,경일대학교,인문ㆍ사회계열,1755,0,1954,1772,182,111.3,101
2017,대학교,사립,서울,기존,경희대학교,인문ㆍ사회계열,7306,0,11247,8023,3224,153.9,109.8
2017,대학교,사립,서울,기존,경희대학교,자연과학계열,4198,0,4589,4039,550,109.3,96.2
2017,대학교,사립,서울,기존,경희대학교,공학계열,3941,0,4557,4115,442,115.6,104.4
2017,대학교,사립,서울,기존,경희대학교,의학계열,622,0,598,586,12,96.1,94.2
2017,대학교,사립,서울,기존,경희대학교,예ㆍ체능계열,3612,0,4206,3732,474,116.4,103.3
2017,대학교,사립,대구,기존,계명대학교,예ㆍ체능계열,3451,0,3695,3465,230,107.1,100.4
2017,대학교,사립,대구,기존,계명대학교,의학계열,304,0,311,299,12,102.3,98.4
2017,대학교,사립,대구,기존,계명대학교,공학계열,3493,0,3742,3318,424,107.1,95
2017,대학교,사립,대구,기존,계명대학교,자연과학계열,2462,0,2675,2428,247,108.7,98.6
2017,대학교,사립,대구,기존,계명대학교,인문ㆍ사회계열,9662,0,11230,9951,1279,116.2,103
2017,대학교,사립,서울,기존,고려대학교,인문ㆍ사회계열,7604,0,11486,8699,2787,151.1,114.4
2017,대학교,사립,서울,기존,고려대학교,공학계열,3441,0,4795,3868,927,139.3,112.4
2017,대학교,사립,서울,기존,고려대학교,예ㆍ체능계열,520,0,623,579,44,119.8,111.3
2017,대학교,사립,서울,기존,고려대학교,자연과학계열,3453,0,3810,3364,446,110.3,97.4
2017,대학교,사립,서울,기존,고려대학교,의학계열,371,0,396,369,27,106.7,99.5
2017,대학교,사립,세종,기존,고려대학교(세종) _분교,자연과학계열,882,0,928,844,84,105.2,95.7
2017,대학교,사립,세종,기존,고려대학교(세종) _분교,예ㆍ체능계열,410,0,447,432,15,109,105.4
2017,대학교,사립,세종,기존,고려대학교(세종) _분교,공학계열,1600,0,1753,1575,178,109.6,98.4
2017,대학교,사립,세종,기존,고려대학교(세종) _분교,인문ㆍ사회계열,3013,0,3501,3122,379,116.2,103.6
2017,대학교,사립,부산,기존,고신대학교,인문ㆍ사회계열,1934,0,2233,2085,148,115.5,107.8
2017,대학교,사립,부산,기존,고신대학교,의학계열,304,0,316,316,0,103.9,103.9
2017,대학교,사립,부산,기존,고신대학교,자연과학계열,1192,0,1264,1185,79,106,99.4
2017,대학교,사립,부산,기존,고신대학교,예ㆍ체능계열,320,0,315,306,9,98.4,95.6
2017,교육대학,국립,충남,기존,공주교육대학교,인문ㆍ사회계열,1416,0,698,672,26,49.3,47.5
2017,대학교,사립,광주,기존,광신대학교,인문ㆍ사회계열,425,16,418,379,39,102.2,92.7
2017,대학교,사립,광주,기존,광신대학교,예ㆍ체능계열,138,4,99,99,0,73.9,73.9
2017,대학교,사립,서울,기존,광운대학교,예ㆍ체능계열,156,0,177,169,8,113.5,108.3
2017,대학교,사립,서울,기존,광운대학교,공학계열,3642,0,4191,3770,421,115.1,103.5
2017,대학교,사립,서울,기존,광운대학교,자연과학계열,590,0,687,578,109,116.4,98
2017,대학교,사립,서울,기존,광운대학교,인문ㆍ사회계열,2553,0,3158,2765,393,123.7,108.3
2017,대학교,사립,전남,기존,광주가톨릭대학교,인문ㆍ사회계열,160,0,83,83,0,51.9,51.9
2017,대학교,특별법법인,광주,기존,광주과학기술원,자연과학계열,770,0,560,560,0,72.7,72.7
2017,교육대학,국립,광주,기존,광주교육대학교,인문ㆍ사회계열,1304,0,809,742,67,62,56.9
2017,대학교,사립,광주,기존,광주대학교,예ㆍ체능계열,1073,0,1018,981,37,94.9,91.4
2017,대학교,사립,광주,기존,광주대학교,자연과학계열,945,0,960,869,91,101.6,92
2017,대학교,사립,광주,기존,광주대학교,공학계열,1228,0,1189,1132,57,96.8,92.2
2017,대학교,사립,광주,기존,광주대학교,인문ㆍ사회계열,3540,0,3907,3508,399,110.4,99.1
2017,대학교,사립,광주,기존,광주여자대학교,인문ㆍ사회계열,1525,0,1590,1467,123,104.3,96.2
2017,대학교,사립,광주,기존,광주여자대학교,자연과학계열,2010,0,2050,1877,173,102,93.4
2017,대학교,사립,광주,기존,광주여자대학교,예ㆍ체능계열,145,0,125,124,1,86.2,85.5
2017,대학교,국립,강원,기존,국립강릉원주대학교,의학계열,160,0,159,147,12,99.4,91.9
2017,대학교,국립,강원,기존,국립강릉원주대학교,인문ㆍ사회계열,2091,0,2197,1995,202,105.1,95.4
2017,대학교,국립,강원,기존,국립강릉원주대학교,공학계열,869,0,882,818,64,101.5,94.1
2017,대학교,국립,강원,기존,국립강릉원주대학교,자연과학계열,1982,0,1943,1820,123,98,91.8
2017,대학교,국립,강원,기존,국립강릉원주대학교,예ㆍ체능계열,686,0,631,620,11,92,90.4
2017,대학교,국립,강원,기존,국립강릉원주대학교 _제2캠퍼스,인문ㆍ사회계열,488,0,471,455,16,96.5,93.2
2017,대학교,국립,강원,기존,국립강릉원주대학교 _제2캠퍼스,공학계열,1219,0,1274,1170,104,104.5,96
2017,대학교,국립,강원,기존,국립강릉원주대학교 _제2캠퍼스,자연과학계열,300,0,313,292,21,104.3,97.3
2017,대학교,국립,경북,기존,국립경국대학교,자연과학계열,1938,0,1859,1749,110,95.9,90.2
2017,대학교,국립,경북,기존,국립경국대학교,예ㆍ체능계열,403,0,374,370,4,92.8,91.8
2017,대학교,국립,경북,기존,국립경국대학교,공학계열,1791,0,1878,1713,165,104.9,95.6
2017,대학교,국립,경북,기존,국립경국대학교,인문ㆍ사회계열,1956,0,1965,1820,145,100.5,93
2017,대학교,국립,충남,기존,국립공주대학교,인문ㆍ사회계열,3204,0,3628,3206,422,113.2,100.1
2017,대학교,국립,충남,기존,국립공주대학교,공학계열,3861,0,4835,3828,1007,125.2,99.1
2017,대학교,국립,충남,기존,국립공주대학교,자연과학계열,3622,0,3897,3503,394,107.6,96.7
2017,대학교,국립,충남,기존,국립공주대학교,예ㆍ체능계열,934,0,1023,953,70,109.5,102
2017,대학교,국립,전북,기존,국립군산대학교,자연과학계열,1742,0,1509,1411,98,86.6,81
2017,대학교,국립,전북,기존,국립군산대학교,예ㆍ체능계열,505,0,494,480,14,97.8,95
2017,대학교,국립,전북,기존,국립군산대학교,공학계열,3116,0,3182,2953,229,102.1,94.8
2017,대학교,국립,전북,기존,국립군산대학교,인문ㆍ사회계열,1943,0,2055,1888,167,105.8,97.2
2017,대학교,국립,경북,기존,국립금오공과대학교,자연과학계열,186,0,188,173,15,101.1,93
2017,대학교,국립,경북,기존,국립금오공과대학교,인문ㆍ사회계열,180,0,263,177,86,146.1,98.3
2017,대학교,국립,경북,기존,국립금오공과대학교,공학계열,4735,0,5691,5053,638,120.2,106.7
2017,대학교,국립,전남,기존,국립목포대학교,인문ㆍ사회계열,2656,0,3038,2773,265,114.4,104.4
2017,대학교,국립,전남,기존,국립목포대학교,자연과학계열,1553,0,1577,1478,99,101.5,95.2
2017,대학교,국립,전남,기존,국립목포대학교,예ㆍ체능계열,411,0,427,413,14,103.9,100.5
2017,대학교,국립,전남,기존,국립목포대학교,공학계열,2207,0,2320,2085,235,105.1,94.5
2017,대학교,국립,전남,기존,국립목포해양대학교,공학계열,2704,0,2601,2480,121,96.2,91.7
2017,대학교,국립,부산,기존,국립부경대학교,예ㆍ체능계열,499,0,538,493,45,107.8,98.8
2017,대학교,국립,부산,기존,국립부경대학교,공학계열,6869,0,8294,7517,777,120.7,109.4
2017,대학교,국립,부산,기존,국립부경대학교,인문ㆍ사회계열,3852,0,5237,4522,715,136,117.4
2017,대학교,국립,부산,기존,국립부경대학교,자연과학계열,2407,0,2586,2379,207,107.4,98.8
2017,대학교,국립,전남,기존,국립순천대학교,예ㆍ체능계열,721,0,747,714,33,103.6,99
2017,대학교,국립,전남,기존,국립순천대학교,인문ㆍ사회계열,2029,0,2334,2118,216,115,104.4
2017,대학교,국립,전남,기존,국립순천대학교,공학계열,1813,0,1793,1680,113,98.9,92.7
2017,대학교,국립,전남,기존,국립순천대학교,자연과학계열,2340,0,2294,2171,123,98,92.8
2017,대학교,국립,경남,기존,국립창원대학교,자연과학계열,1127,0,1084,1030,54,96.2,91.4
2017,대학교,국립,경남,기존,국립창원대학교,공학계열,2366,0,2793,2494,299,118,105.4
2017,대학교,국립,경남,기존,국립창원대학교,예ㆍ체능계열,695,0,677,675,2,97.4,97.1
2017,대학교,국립,경남,기존,국립창원대학교,인문ㆍ사회계열,3144,0,3708,3237,471,117.9,103
2017,대학교,국립,충북,기존,국립한국교통대학교,공학계열,4878,0,5117,4692,425,104.9,96.2
2017,대학교,국립,충북,기존,국립한국교통대학교,자연과학계열,770,0,785,735,50,101.9,95.5
2017,대학교,국립,충북,기존,국립한국교통대학교,예ㆍ체능계열,418,0,390,356,34,93.3,85.2
2017,대학교,국립,충북,기존,국립한국교통대학교,인문ㆍ사회계열,2076,0,2092,1942,150,100.8,93.5
2017,대학교,국립,부산,기존,국립한국해양대학교,공학계열,4096,0,4523,4113,410,110.4,100.4
2017,대학교,국립,부산,기존,국립한국해양대학교,자연과학계열,365,0,489,365,124,134,100
2017,대학교,국립,부산,기존,국립한국해양대학교,예ㆍ체능계열,100,0,111,100,11,111,100
2017,대학교,국립,부산,기존,국립한국해양대학교,인문ㆍ사회계열,1187,0,1569,1279,290,132.2,107.8
2017,대학교,국립,대전,기존,국립한밭대학교,인문ㆍ사회계열,1766,0,1929,1697,232,109.2,96.1
2017,대학교,국립,대전,기존,국립한밭대학교,예ㆍ체능계열,455,0,481,452,29,105.7,99.3
2017,대학교,국립,대전,기존,국립한밭대학교,공학계열,5352,0,5422,4890,532,101.3,91.4
2017,대학교,사립,서울,기존,국민대학교,인문ㆍ사회계열,5052,0,7249,5212,2037,143.5,103.2
2017,대학교,사립,서울,기존,국민대학교,자연과학계열,1248,0,1439,1226,213,115.3,98.2
2017,대학교,사립,서울,기존,국민대학교,예ㆍ체능계열,2220,0,2385,2176,209,107.4,98
2017,대학교,사립,서울,기존,국민대학교,공학계열,3251,0,3871,3296,575,119.1,101.4
2017,대학교,사립,충북,기존,극동대학교,자연과학계열,950,0,1001,914,87,105.4,96.2
2017,대학교,사립,충북,기존,극동대학교,공학계열,746,0,671,623,48,89.9,83.5
2017,대학교,사립,충북,기존,극동대학교,예ㆍ체능계열,831,0,736,729,7,88.6,87.7
2017,대학교,사립,충북,기존,극동대학교,인문ㆍ사회계열,1501,0,1453,1390,63,96.8,92.6
2017,대학교,사립,충남,기존,금강대학교,공학계열,20,0,0,0,0,0,0
2017,대학교,사립,충남,기존,금강대학교,인문ㆍ사회계열,580,0,536,515,21,92.4,88.8
2017,대학교,사립,경북,기존,김천대학교,예ㆍ체능계열,100,0,66,65,1,66,65
2017,대학교,사립,경북,기존,김천대학교,공학계열,160,0,113,106,7,70.6,66.3
2017,대학교,사립,경북,기존,김천대학교,인문ㆍ사회계열,911,0,788,718,70,86.5,78.8
2017,대학교,사립,경북,기존,김천대학교,자연과학계열,2695,0,2425,2179,246,90,80.9
2017,대학교,사립,충남,기존,나사렛대학교,인문ㆍ사회계열,3339,0,3625,3197,428,108.6,95.7
2017,대학교,사립,충남,기존,나사렛대학교,자연과학계열,1098,0,1137,1001,136,103.6,91.2
2017,대학교,사립,충남,기존,나사렛대학교,예ㆍ체능계열,653,0,696,593,103,106.6,90.8
2017,대학교,사립,광주,기존,남부대학교,인문ㆍ사회계열,569,0,645,609,36,113.4,107
2017,대학교,사립,광주,기존,남부대학교,공학계열,280,0,319,230,89,113.9,82.1
2017,대학교,사립,광주,기존,남부대학교,자연과학계열,1700,0,1817,1585,232,106.9,93.2
2017,대학교,사립,광주,기존,남부대학교,예ㆍ체능계열,355,0,297,287,10,83.7,80.8
2017,대학교,사립,충남,기존,남서울대학교,자연과학계열,680,0,744,638,106,109.4,93.8
2017,대학교,사립,충남,기존,남서울대학교,예ㆍ체능계열,1594,0,1541,1473,68,96.7,92.4
2017,대학교,사립,충남,기존,남서울대학교,공학계열,2520,0,2169,2008,161,86.1,79.7
2017,대학교,사립,충남,기존,남서울대학교,인문ㆍ사회계열,4496,0,4632,4168,464,103,92.7
2017,대학교,사립,경기,기존,단국대학교,인문ㆍ사회계열,4372,0,5737,4757,980,131.2,108.8
2017,대학교,사립,경기,기존,단국대학교,예ㆍ체능계열,1521,0,1687,1556,131,110.9,102.3
2017,대학교,사립,경기,기존,단국대학교,자연과학계열,240,0,283,276,7,117.9,115
2017,대학교,사립,경기,기존,단국대학교,공학계열,3269,0,3664,3253,411,112.1,99.5
2017,대학교,사립,충남,기존,단국대학교 _제2캠퍼스,인문ㆍ사회계열,2983,0,4021,3494,527,134.8,117.1
2017,대학교,사립,충남,기존,단국대학교 _제2캠퍼스,자연과학계열,3797,0,3665,3357,308,96.5,88.4
2017,대학교,사립,충남,기존,단국대학교 _제2캠퍼스,공학계열,1262,0,1622,1444,178,128.5,114.4
2017,대학교,사립,충남,기존,단국대학교 _제2캠퍼스,예ㆍ체능계열,1496,0,1682,1598,84,112.4,106.8
2017,대학교,사립,충남,기존,단국대학교 _제2캠퍼스,의학계열,440,0,437,416,21,99.3,94.5
2017,대학교,사립,경북,기존,대구가톨릭대학교,공학계열,2157,0,2435,2232,203,112.9,103.5
2017,대학교,사립,경북,기존,대구가톨릭대학교,자연과학계열,3047,0,3261,2947,314,107,96.7
2017,대학교,사립,경북,기존,대구가톨릭대학교,예ㆍ체능계열,1612,0,1591,1572,19,98.7,97.5
2017,대학교,사립,경북,기존,대구가톨릭대학교,의학계열,160,0,179,163,16,111.9,101.9
2017,대학교,사립,경북,기존,대구가톨릭대학교,인문ㆍ사회계열,5195,0,5858,5316,542,112.8,102.3
2017,대학교,특별법법인,대구,기존,대구경북과학기술원,자연과학계열,810,0,709,698,11,87.5,86.2
2017,교육대학,국립,대구,기존,대구교육대학교,인문ㆍ사회계열,1532,0,817,752,65,53.3,49.1
2017,대학교,사립,경북,기존,대구대학교,예ㆍ체능계열,1541,0,1508,1392,116,97.9,90.3
2017,대학교,사립,경북,기존,대구대학교,인문ㆍ사회계열,8628,0,9169,8275,894,106.3,95.9
2017,대학교,사립,경북,기존,대구대학교,자연과학계열,3573,0,3574,3300,274,100,92.4
2017,대학교,사립,경북,기존,대구대학교,공학계열,3350,0,3620,3160,460,108.1,94.3
2017,대학교,사립,경북,기존,대구예술대학교,예ㆍ체능계열,1852,0,1344,1307,37,72.6,70.6
2017,대학교,사립,경북,기존,대구외국어대학교,인문ㆍ사회계열,512,38,304,284,20,64.1,59.9
2017,대학교,사립,경북,기존,대구한의대학교,자연과학계열,2862,0,2914,2693,221,101.8,94.1
2017,대학교,사립,경북,기존,대구한의대학교,공학계열,752,0,731,701,30,97.2,93.2
2017,대학교,사립,경북,기존,대구한의대학교,인문ㆍ사회계열,1777,0,2051,1773,278,115.4,99.8
2017,대학교,사립,경북,기존,대구한의대학교,의학계열,432,0,433,410,23,100.2,94.9
2017,대학교,사립,경북,기존,대구한의대학교,예ㆍ체능계열,645,0,616,586,30,95.5,90.9
2017,대학교,사립,경북,기존,대신대학교,예ㆍ체능계열,160,4,109,105,4,69.9,67.3
2017,대학교,사립,경북,기존,대신대학교,인문ㆍ사회계열,331,8,242,242,0,74.9,74.9
2017,대학교,사립,세종,기존,대전가톨릭대학교,인문ㆍ사회계열,160,0,61,57,4,38.1,35.6
2017,대학교,사립,대전,기존,대전대학교,예ㆍ체능계열,648,0,622,617,5,96,95.2
2017,대학교,사립,대전,기존,대전대학교,인문ㆍ사회계열,4455,0,4686,4411,275,105.2,99
2017,대학교,사립,대전,기존,대전대학교,의학계열,288,0,302,275,27,104.9,95.5
2017,대학교,사립,대전,기존,대전대학교,공학계열,2195,0,2119,1943,176,96.5,88.5
2017,대학교,사립,대전,기존,대전대학교,자연과학계열,1568,0,1667,1515,152,106.3,96.6
2017,대학교,사립,대전,기존,대전신학대학교,인문ㆍ사회계열,240,0,145,143,2,60.4,59.6
2017,대학교,사립,경기,기존,대진대학교,인문ㆍ사회계열,3420,0,3665,3263,402,107.2,95.4
2017,대학교,사립,경기,기존,대진대학교,예ㆍ체능계열,905,0,905,829,76,100,91.6
2017,대학교,사립,경기,기존,대진대학교,공학계열,2312,0,2188,2017,171,94.6,87.2
2017,대학교,사립,경기,기존,대진대학교,자연과학계열,959,0,877,837,40,91.4,87.3
2017,대학교,사립,서울,기존,덕성여자대학교,인문ㆍ사회계열,2840,0,3335,3001,334,117.4,105.7
2017,대학교,사립,서울,기존,덕성여자대학교,공학계열,360,0,364,341,23,101.1,94.7
2017,대학교,사립,서울,기존,덕성여자대학교,자연과학계열,1280,0,1284,1211,73,100.3,94.6
2017,대학교,사립,서울,기존,덕성여자대학교,예ㆍ체능계열,680,0,764,706,58,112.4,103.8
2017,대학교,사립,서울,기존,동국대학교,인문ㆍ사회계열,5332,0,7388,5647,1741,138.6,105.9
2017,대학교,사립,서울,기존,동국대학교,예ㆍ체능계열,840,0,1030,862,168,122.6,102.6
2017,대학교,사립,서울,기존,동국대학교,공학계열,3304,0,3701,3295,406,112,99.7
2017,대학교,사립,서울,기존,동국대학교,자연과학계열,1384,0,1582,1425,157,114.3,103
2017,대학교,사립,경북,기존,동국대학교(WISE) _분교,자연과학계열,1442,0,1446,1311,135,100.3,90.9
2017,대학교,사립,경북,기존,동국대학교(WISE) _분교,예ㆍ체능계열,520,0,518,505,13,99.6,97.1
2017,대학교,사립,경북,기존,동국대학교(WISE) _분교,공학계열,1075,0,1069,962,107,99.4,89.5
2017,대학교,사립,경북,기존,동국대학교(WISE) _분교,인문ㆍ사회계열,3982,0,4331,3773,558,108.8,94.8
2017,대학교,사립,경북,기존,동국대학교(WISE) _분교,의학계열,307,0,321,283,38,104.6,92.2
2017,대학교,사립,서울,기존,동덕여자대학교,인문ㆍ사회계열,2739,33,3055,2623,432,112.9,96.9
2017,대학교,사립,서울,기존,동덕여자대학교,자연과학계열,1225,13,1327,1155,172,109.5,95.3
2017,대학교,사립,서울,기존,동덕여자대학교,예ㆍ체능계열,2441,30,2381,2305,76,98.8,95.6
2017,대학교,사립,부산,기존,동명대학교,인문ㆍ사회계열,3026,0,3185,2924,261,105.3,96.6
2017,대학교,사립,부산,기존,동명대학교,공학계열,3230,0,3549,3238,311,109.9,100.2
2017,대학교,사립,부산,기존,동명대학교,예ㆍ체능계열,830,0,794,749,45,95.7,90.2
2017,대학교,사립,부산,기존,동명대학교,자연과학계열,600,0,629,571,58,104.8,95.2
2017,대학교,사립,부산,기존,동서대학교,예ㆍ체능계열,1760,0,1838,1733,105,104.4,98.5
2017,대학교,사립,부산,기존,동서대학교,자연과학계열,940,0,979,900,79,104.1,95.7
2017,대학교,사립,부산,기존,동서대학교,공학계열,3080,0,3025,2821,204,98.2,91.6
2017,대학교,사립,부산,기존,동서대학교,인문ㆍ사회계열,4378,0,4967,4547,420,113.5,103.9
2017,대학교,사립,전남,기존,동신대학교,인문ㆍ사회계열,2208,0,2382,2154,228,107.9,97.6
2017,대학교,사립,전남,기존,동신대학교,의학계열,160,0,220,166,54,137.5,103.8
2017,대학교,사립,전남,기존,동신대학교,공학계열,1440,0,1437,1355,82,99.8,94.1
2017,대학교,사립,전남,기존,동신대학교,자연과학계열,2195,0,2359,2106,253,107.5,95.9
2017,대학교,사립,전남,기존,동신대학교,예ㆍ체능계열,545,0,519,490,29,95.2,89.9
2017,대학교,사립,부산,기존,동아대학교,인문ㆍ사회계열,7150,0,8673,7786,887,121.3,108.9
2017,대학교,사립,부산,기존,동아대학교,예ㆍ체능계열,2033,0,2048,1960,88,100.7,96.4
2017,대학교,사립,부산,기존,동아대학교,공학계열,4875,0,5583,4927,656,114.5,101.1
2017,대학교,사립,부산,기존,동아대학교,자연과학계열,2798,0,2774,2613,161,99.1,93.4
2017,대학교,사립,부산,기존,동아대학교,의학계열,171,0,179,178,1,104.7,104.1
2017,대학교,사립,경북,기존,동양대학교,예ㆍ체능계열,680,0,598,557,41,87.9,81.9
2017,대학교,사립,경북,기존,동양대학교,자연과학계열,240,0,279,231,48,116.3,96.3
2017,대학교,사립,경북,기존,동양대학교,공학계열,1755,0,1720,1645,75,98,93.7
2017,대학교,사립,경북,기존,동양대학교,인문ㆍ사회계열,1646,0,1788,1581,207,108.6,96.1
2017,대학교,사립,부산,기존,동의대학교,인문ㆍ사회계열,5690,0,6680,5930,750,117.4,104.2
2017,대학교,사립,부산,기존,동의대학교,의학계열,200,0,192,191,1,96,95.5
2017,대학교,사립,부산,기존,동의대학교,공학계열,5200,0,5408,5007,401,104,96.3
2017,대학교,사립,부산,기존,동의대학교,자연과학계열,2335,0,2213,2140,73,94.8,91.6
2017,대학교,사립,부산,기존,동의대학교,예ㆍ체능계열,1405,0,1384,1352,32,98.5,96.2
2017,대학교,사립,경기,기존,루터대학교,인문ㆍ사회계열,400,0,381,372,9,95.3,93
2017,대학교,사립,경기,기존,명지대학교,자연과학계열,798,0,844,796,48,105.8,99.7
2017,대학교,사립,경기,기존,명지대학교,예ㆍ체능계열,1402,0,1448,1387,61,103.3,98.9
2017,대학교,사립,경기,기존,명지대학교,공학계열,3866,0,4338,3967,371,112.2,102.6
2017,대학교,사립,서울,기존,명지대학교 _제2캠퍼스,인문ㆍ사회계열,4852,0,6658,5384,1274,137.2,111
2017,대학교,사립,서울,기존,명지대학교 _제2캠퍼스,공학계열,200,0,177,177,0,88.5,88.5
2017,대학교,사립,대전,기존,목원대학교,인문ㆍ사회계열,3433,0,3692,3406,286,107.5,99.2
2017,대학교,사립,대전,기존,목원대학교,공학계열,1314,0,1285,1192,93,97.8,90.7
2017,대학교,사립,대전,기존,목원대학교,예ㆍ체능계열,2156,0,2209,2148,61,102.5,99.6
2017,대학교,사립,대전,기존,목원대학교,자연과학계열,980,0,1002,943,59,102.2,96.2
2017,대학교,사립,전남,기존,목포가톨릭대학교,인문ㆍ사회계열,160,0,148,148,0,92.5,92.5
2017,대학교,사립,전남,기존,목포가톨릭대학교,자연과학계열,360,0,410,365,45,113.9,101.4
2017,대학교,사립,대전,기존,배재대학교,인문ㆍ사회계열,4270,0,4442,4075,367,104,95.4
2017,대학교,사립,대전,기존,배재대학교,공학계열,1752,0,1667,1557,110,95.1,88.9
2017,대학교,사립,대전,기존,배재대학교,자연과학계열,1663,0,1672,1570,102,100.5,94.4
2017,대학교,사립,대전,기존,배재대학교,예ㆍ체능계열,933,0,914,900,14,98,96.5
2017,대학교,사립,충남,기존,백석대학교,인문ㆍ사회계열,6582,0,6920,6424,496,105.1,97.6
2017,대학교,사립,충남,기존,백석대학교,자연과학계열,2332,0,2447,2163,284,104.9,92.8
2017,대학교,사립,충남,기존,백석대학교,예ㆍ체능계열,2680,0,2632,2501,131,98.2,93.3
2017,대학교,사립,부산,기존,부산가톨릭대학교,공학계열,400,0,372,371,1,93,92.8
2017,대학교,사립,부산,기존,부산가톨릭대학교,자연과학계열,2280,0,2688,2313,375,117.9,101.4
2017,대학교,사립,부산,기존,부산가톨릭대학교,인문ㆍ사회계열,1033,0,991,967,24,95.9,93.6
2017,교육대학,국립,부산,기존,부산교육대학교,인문ㆍ사회계열,1424,0,718,669,49,50.4,47
2017,대학교,국립,부산,기존,부산대학교,의학계열,125,0,115,115,0,92,92
2017,대학교,국립,부산,기존,부산대학교,공학계열,6151,0,7472,6647,825,121.5,108.1
2017,대학교,국립,부산,기존,부산대학교,인문ㆍ사회계열,5564,0,7184,6292,892,129.1,113.1
2017,대학교,국립,부산,기존,부산대학교,예ㆍ체능계열,1357,0,1529,1402,127,112.7,103.3
2017,대학교,국립,부산,기존,부산대학교,자연과학계열,4370,0,4729,4314,415,108.2,98.7
2017,대학교,사립,부산,기존,부산외국어대학교,예ㆍ체능계열,290,0,248,235,13,85.5,81
2017,대학교,사립,부산,기존,부산외국어대학교,공학계열,775,0,652,623,29,84.1,80.4
2017,대학교,사립,부산,기존,부산외국어대학교,인문ㆍ사회계열,6725,0,7847,6994,853,116.7,104
2017,대학교,사립,경남,기존,부산장신대학교,인문ㆍ사회계열,280,0,250,240,10,89.3,85.7
2017,대학교,사립,서울,기존,삼육대학교,예ㆍ체능계열,748,0,793,731,62,106,97.7
2017,대학교,사립,서울,기존,삼육대학교,공학계열,652,0,747,675,72,114.6,103.5
2017,대학교,사립,서울,기존,삼육대학교,자연과학계열,1718,0,1984,1740,244,115.5,101.3
2017,대학교,사립,서울,기존,삼육대학교,인문ㆍ사회계열,1786,0,2061,1902,159,115.4,106.5
2017,대학교,사립,서울,기존,상명대학교,인문ㆍ사회계열,2634,0,3971,2775,1196,150.8,105.4
2017,대학교,사립,서울,기존,상명대학교,예ㆍ체능계열,885,0,929,841,88,105,95
2017,대학교,사립,서울,기존,상명대학교,공학계열,463,0,545,471,74,117.7,101.7
2017,대학교,사립,서울,기존,상명대학교,자연과학계열,1380,0,1661,1326,335,120.4,96.1
2017,대학교,사립,충남,기존,상명대학교 _제2캠퍼스,인문ㆍ사회계열,1290,0,1380,1187,193,107,92
2017,대학교,사립,충남,기존,상명대학교 _제2캠퍼스,자연과학계열,550,0,594,515,79,108,93.6
2017,대학교,사립,충남,기존,상명대학교 _제2캠퍼스,공학계열,1359,0,1341,1214,127,98.7,89.3
2017,대학교,사립,충남,기존,상명대학교 _제2캠퍼스,예ㆍ체능계열,2282,0,2632,2306,326,115.3,101.1
2017,대학교,사립,강원,기존,상지대학교,인문ㆍ사회계열,3465,0,3054,2776,278,88.1,80.1
2017,대학교,사립,강원,기존,상지대학교,공학계열,1008,0,861,807,54,85.4,80.1
2017,대학교,사립,강원,기존,상지대학교,자연과학계열,2020,0,1791,1702,89,88.7,84.3
2017,대학교,사립,강원,기존,상지대학교,예ㆍ체능계열,864,0,776,747,29,89.8,86.5
2017,대학교,사립,강원,기존,상지대학교,의학계열,240,0,216,216,0,90,90
2017,대학교,사립,서울,기존,서강대학교,공학계열,1680,0,1856,1686,170,110.5,100.4
2017,대학교,사립,서울,기존,서강대학교,인문ㆍ사회계열,3922,0,5370,4271,1099,136.9,108.9
2017,대학교,사립,서울,기존,서강대학교,자연과학계열,852,0,893,795,98,104.8,93.3
2017,대학교,사립,서울,기존,서경대학교,공학계열,1600,0,1780,1622,158,111.3,101.4
2017,대학교,사립,서울,기존,서경대학교,자연과학계열,320,0,330,297,33,103.1,92.8
2017,대학교,사립,서울,기존,서경대학교,인문ㆍ사회계열,2008,0,2474,2100,374,123.2,104.6
2017,대학교,사립,서울,기존,서경대학교,예ㆍ체능계열,1669,0,2047,1526,521,122.6,91.4
2017,대학교,사립,전북,기존,서남대학교,의학계열,196,0,187,180,7,95.4,91.8
2017,대학교,사립,전북,기존,서남대학교,자연과학계열,1098,0,526,488,38,47.9,44.4
2017,대학교,사립,전북,기존,서남대학교,공학계열,37,0,0,0,0,0,0
2017,대학교,사립,전북,기존,서남대학교,인문ㆍ사회계열,260,0,15,15,0,5.8,5.8
2017,대학교,사립,전북,기존,서남대학교,예ㆍ체능계열,400,0,81,81,0,20.3,20.3
2017,대학교,사립,충남,기존,서남대학교 _제2캠퍼스,공학계열,620,0,95,94,1,15.3,15.2
2017,대학교,사립,충남,기존,서남대학교 _제2캠퍼스,자연과학계열,565,0,190,182,8,33.6,32.2
2017,대학교,사립,충남,기존,서남대학교 _제2캠퍼스,인문ㆍ사회계열,1095,0,165,165,0,15.1,15.1
2017,대학교,사립,충남,기존,서남대학교 _제2캠퍼스,예ㆍ체능계열,382,0,127,127,0,33.2,33.2
2017,대학교,국립,서울,기존,서울과학기술대학교,예ㆍ체능계열,1086,0,1304,1153,151,120.1,106.2
2017,대학교,국립,서울,기존,서울과학기술대학교,인문ㆍ사회계열,1140,0,1190,1057,133,104.4,92.7
2017,대학교,국립,서울,기존,서울과학기술대학교,자연과학계열,620,0,618,550,68,99.7,88.7
2017,대학교,국립,서울,기존,서울과학기술대학교,공학계열,5852,0,6208,5702,506,106.1,97.4
2017,교육대학,국립,서울,기존,서울교육대학교,인문ㆍ사회계열,1420,0,1539,1418,121,108.4,99.9
2017,대학교,사립,서울,기존,서울기독대학교,예ㆍ체능계열,200,0,179,178,1,89.5,89
2017,대학교,사립,서울,기존,서울기독대학교,인문ㆍ사회계열,432,0,394,380,14,91.2,88
2017,대학교,국립대법인,서울,기존,서울대학교,의학계열,632,0,756,638,118,119.6,100.9
2017,대학교,국립대법인,서울,기존,서울대학교,예ㆍ체능계열,1140,0,1419,1308,111,124.5,114.7
2017,대학교,국립대법인,서울,기존,서울대학교,공학계열,3146,0,3787,3469,318,120.4,110.3
2017,대학교,국립대법인,서울,기존,서울대학교,자연과학계열,3470,0,3987,3652,335,114.9,105.2
2017,대학교,국립대법인,서울,기존,서울대학교,인문ㆍ사회계열,4646,0,6502,5902,600,139.9,127
2017,대학교,공립,서울,기존,서울시립대학교,공학계열,2594,0,3366,3009,357,129.8,116
2017,대학교,공립,서울,기존,서울시립대학교,자연과학계열,668,0,789,733,56,118.1,109.7
2017,대학교,공립,서울,기존,서울시립대학교,인문ㆍ사회계열,3186,0,4334,3908,426,136,122.7
2017,대학교,공립,서울,기존,서울시립대학교,예ㆍ체능계열,536,0,620,609,11,115.7,113.6
2017,대학교,사립,경기,기존,서울신학대학교,예ㆍ체능계열,385,0,401,387,14,104.2,100.5
2017,대학교,사립,경기,기존,서울신학대학교,인문ㆍ사회계열,1775,0,1855,1721,134,104.5,97
2017,대학교,사립,서울,기존,서울여자대학교,예ㆍ체능계열,750,0,734,718,16,97.9,95.7
2017,대학교,사립,서울,기존,서울여자대학교,자연과학계열,2135,0,2316,2106,210,108.5,98.6
2017,대학교,사립,서울,기존,서울여자대학교,인문ㆍ사회계열,3672,0,4193,3798,395,114.2,103.4
2017,대학교,사립,경기,기존,서울장신대학교,예ㆍ체능계열,120,0,113,110,3,94.2,91.7
2017,대학교,사립,경기,기존,서울장신대학교,인문ㆍ사회계열,368,0,368,339,29,100,92.1
2017,대학교,사립,서울,기존,서울한영대학교,인문ㆍ사회계열,708,0,654,599,55,92.4,84.6
2017,대학교,사립,서울,기존,서울한영대학교,예ㆍ체능계열,72,0,60,59,1,83.3,81.9
2017,대학교,사립,충북,기존,서원대학교,인문ㆍ사회계열,3267,0,3915,3422,493,119.8,104.7
2017,대학교,사립,충북,기존,서원대학교,공학계열,1465,0,1356,1306,50,92.6,89.1
2017,대학교,사립,충북,기존,서원대학교,예ㆍ체능계열,891,0,903,855,48,101.3,96
2017,대학교,사립,충북,기존,서원대학교,자연과학계열,1090,0,1150,1076,74,105.5,98.7
2017,대학교,사립,충남,기존,선문대학교,인문ㆍ사회계열,3854,0,4427,3725,702,114.9,96.7
2017,대학교,사립,충남,기존,선문대학교,자연과학계열,1043,0,1206,1016,190,115.6,97.4
2017,대학교,사립,충남,기존,선문대학교,공학계열,3145,0,3064,2850,214,97.4,90.6
2017,대학교,사립,충남,기존,선문대학교,예ㆍ체능계열,583,0,573,519,54,98.3,89
2017,대학교,사립,경기,기존,성결대학교,공학계열,1235,0,1203,1134,69,97.4,91.8
2017,대학교,사립,경기,기존,성결대학교,인문ㆍ사회계열,3100,0,3305,3076,229,106.6,99.2
2017,대학교,사립,경기,기존,성결대학교,예ㆍ체능계열,733,0,825,763,62,112.6,104.1
2017,대학교,사립,서울,기존,성공회대학교,인문ㆍ사회계열,1342,0,1460,1331,129,108.8,99.2
2017,대학교,사립,서울,기존,성공회대학교,공학계열,726,0,699,674,25,96.3,92.8
2017,대학교,사립,서울,기존,성균관대학교,의학계열,104,0,146,141,5,140.4,135.6
2017,대학교,사립,서울,기존,성균관대학교,인문ㆍ사회계열,6327,0,9939,6848,3091,157.1,108.2
2017,대학교,사립,서울,기존,성균관대학교,공학계열,4524,0,5897,4751,1146,130.3,105
2017,대학교,사립,서울,기존,성균관대학교,예ㆍ체능계열,1204,0,1516,1293,223,125.9,107.4
2017,대학교,사립,서울,기존,성균관대학교,자연과학계열,1686,0,1610,1405,205,95.5,83.3
2017,대학교,사립,서울,기존,성신여자대학교,자연과학계열,1719,0,1827,1589,238,106.3,92.4
2017,대학교,사립,서울,기존,성신여자대학교,예ㆍ체능계열,2219,0,2229,2133,96,100.5,96.1
2017,대학교,사립,서울,기존,성신여자대학교,공학계열,325,0,360,326,34,110.8,100.3
2017,대학교,사립,서울,기존,성신여자대학교,인문ㆍ사회계열,4289,0,4817,4329,488,112.3,100.9
2017,대학교,사립,충북,기존,세명대학교,공학계열,1090,0,1037,991,46,95.1,90.9
2017,대학교,사립,충북,기존,세명대학교,예ㆍ체능계열,850,0,849,792,57,99.9,93.2
2017,대학교,사립,충북,기존,세명대학교,자연과학계열,2260,0,2278,2085,193,100.8,92.3
2017,대학교,사립,충북,기존,세명대학교,의학계열,160,0,162,144,18,101.3,90
2017,대학교,사립,충북,기존,세명대학교,인문ㆍ사회계열,3450,0,3460,3180,280,100.3,92.2
2017,대학교,사립,서울,기존,세종대학교,인문ㆍ사회계열,2578,0,3814,2811,1003,147.9,109
2017,대학교,사립,서울,기존,세종대학교,공학계열,4821,0,5694,4916,778,118.1,102
2017,대학교,사립,서울,기존,세종대학교,예ㆍ체능계열,1234,0,1480,1307,173,119.9,105.9
2017,대학교,사립,서울,기존,세종대학교,자연과학계열,696,0,742,695,47,106.6,99.9
2017,대학교,사립,전남,기존,세한대학교,인문ㆍ사회계열,1485,0,1626,1575,51,109.5,106.1
2017,대학교,사립,전남,기존,세한대학교,공학계열,370,0,209,207,2,56.5,55.9
2017,대학교,사립,전남,기존,세한대학교,예ㆍ체능계열,1560,0,1489,1442,47,95.4,92.4
2017,대학교,사립,전남,기존,세한대학교,자연과학계열,840,0,857,711,146,102,84.6
2017,대학교,사립,광주,기존,송원대학교,인문ㆍ사회계열,1306,0,1027,963,64,78.6,73.7
2017,대학교,사립,광주,기존,송원대학교,공학계열,710,0,521,505,16,73.4,71.1
2017,대학교,사립,광주,기존,송원대학교,자연과학계열,729,0,717,612,105,98.4,84
2017,대학교,사립,광주,기존,송원대학교,예ㆍ체능계열,455,0,373,368,5,82,80.9
2017,대학교,사립,경기,기존,수원가톨릭대학교,인문ㆍ사회계열,360,0,121,117,4,33.6,32.5
2017,대학교,사립,경기,기존,수원대학교,자연과학계열,1383,0,1379,1285,94,99.7,92.9
2017,대학교,사립,경기,기존,수원대학교,예ㆍ체능계열,2325,0,2204,2177,27,94.8,93.6
2017,대학교,사립,경기,기존,수원대학교,공학계열,3041,0,3135,2891,244,103.1,95.1
2017,대학교,사립,경기,기존,수원대학교,인문ㆍ사회계열,2659,0,3036,2632,404,114.2,99
2017,대학교,사립,서울,기존,숙명여자대학교,예ㆍ체능계열,1477,0,1525,1490,35,103.2,100.9
2017,대학교,사립,서울,기존,숙명여자대학교,공학계열,523,0,861,796,65,164.6,152.2
2017,대학교,사립,서울,기존,숙명여자대학교,자연과학계열,1821,0,1614,1450,164,88.6,79.6
2017,대학교,사립,서울,기존,숙명여자대학교,인문ㆍ사회계열,5291,0,6257,5468,789,118.3,103.3
2017,각종학교(대학),사립,충북,기존,순복음총회신학교,인문ㆍ사회계열,319,0,217,205,12,68,64.3
2017,각종학교(대학),사립,충북,기존,순복음총회신학교,예ㆍ체능계열,54,0,30,30,0,55.6,55.6
2017,대학교,사립,충남,기존,순천향대학교,자연과학계열,2129,0,2152,2009,143,101.1,94.4
2017,대학교,사립,충남,기존,순천향대학교,공학계열,2854,0,2974,2588,386,104.2,90.7
2017,대학교,사립,충남,기존,순천향대학교,의학계열,372,0,373,357,16,100.3,96
2017,대학교,사립,충남,기존,순천향대학교,예ㆍ체능계열,874,0,795,761,34,91,87.1
2017,대학교,사립,충남,기존,순천향대학교,인문ㆍ사회계열,3684,0,4275,3733,542,116,101.3
2017,대학교,사립,서울,기존,숭실대학교,예ㆍ체능계열,316,0,288,274,14,91.1,86.7
2017,대학교,사립,서울,기존,숭실대학교,자연과학계열,923,0,910,830,80,98.6,89.9
2017,대학교,사립,서울,기존,숭실대학교,공학계열,4678,0,5340,4739,601,114.2,101.3
2017,대학교,사립,서울,기존,숭실대학교,인문ㆍ사회계열,4813,0,6388,4939,1449,132.7,102.6
2017,대학교,사립,경북,기존,신경주대학교,예ㆍ체능계열,482,0,222,217,5,46.1,45
2017,대학교,사립,경북,기존,신경주대학교,인문ㆍ사회계열,1117,0,672,580,92,60.2,51.9
2017,대학교,사립,경북,기존,신경주대학교,자연과학계열,1746,0,912,871,41,52.2,49.9
2017,대학교,사립,부산,기존,신라대학교,인문ㆍ사회계열,4445,0,5094,4429,665,114.6,99.6
2017,대학교,사립,부산,기존,신라대학교,공학계열,1638,0,1616,1437,179,98.7,87.7
2017,대학교,사립,부산,기존,신라대학교,예ㆍ체능계열,903,0,888,836,52,98.3,92.6
2017,대학교,사립,부산,기존,신라대학교,자연과학계열,1845,0,1887,1751,136,102.3,94.9
2017,대학교,사립,경기,기존,신한대학교,자연과학계열,360,0,418,310,108,116.1,86.1
2017,대학교,사립,경기,기존,신한대학교,공학계열,692,0,734,393,341,106.1,56.8
2017,대학교,사립,경기,기존,신한대학교,인문ㆍ사회계열,280,0,235,179,56,83.9,63.9
2017,대학교,사립,경기,기존,신한대학교 _제2캠퍼스,예ㆍ체능계열,700,0,685,474,211,97.9,67.7
2017,대학교,사립,경기,기존,신한대학교 _제2캠퍼스,공학계열,280,0,284,138,146,101.4,49.3
2017,대학교,사립,경기,기존,신한대학교 _제2캠퍼스,자연과학계열,1560,0,1949,1198,751,124.9,76.8
2017,대학교,사립,경기,기존,신한대학교 _제2캠퍼스,인문ㆍ사회계열,1940,0,2383,1473,910,122.8,75.9
2017,대학교,사립,경기,기존,아신대학교,인문ㆍ사회계열,766,0,733,690,43,95.7,90.1
2017,대학교,사립,경기,기존,아주대학교,공학계열,4142,0,5199,4603,596,125.5,111.1
2017,대학교,사립,경기,기존,아주대학교,의학계열,140,0,151,142,9,107.9,101.4
2017,대학교,사립,경기,기존,아주대학교,자연과학계열,1119,0,1308,1071,237,116.9,95.7
2017,대학교,사립,경기,기존,아주대학교,인문ㆍ사회계열,2421,0,2885,2522,363,119.2,104.2
2017,대학교,사립,경기,기존,안양대학교,예ㆍ체능계열,477,0,491,481,10,102.9,100.8
2017,대학교,사립,경기,기존,안양대학교,자연과학계열,350,0,329,307,22,94,87.7
2017,대학교,사립,경기,기존,안양대학교,공학계열,1419,0,1475,1376,99,103.9,97
2017,대학교,사립,경기,기존,안양대학교,인문ㆍ사회계열,2114,0,2181,2024,157,103.2,95.7
2017,대학교,사립,인천,폐교,안양대학교 _제2캠퍼스,인문ㆍ사회계열,262,0,193,190,3,73.7,72.5
2017,대학교,사립,인천,폐교,안양대학교 _제2캠퍼스,공학계열,280,0,210,207,3,75,73.9
2017,대학교,사립,서울,기존,연세대학교,공학계열,3792,0,4545,3987,558,119.9,105.1
2017,대학교,사립,서울,기존,연세대학교,인문ㆍ사회계열,6502,0,9692,7638,2054,149.1,117.5
2017,대학교,사립,서울,기존,연세대학교,자연과학계열,2316,0,3205,2535,670,138.4,109.5
2017,대학교,사립,서울,기존,연세대학교,의학계열,595,0,661,534,127,111.1,89.7
2017,대학교,사립,서울,기존,연세대학교,예ㆍ체능계열,836,0,1011,941,70,120.9,112.6
2017,대학교,사립,강원,기존,연세대학교(미래) _분교,공학계열,909,0,1155,944,211,127.1,103.9
2017,대학교,사립,강원,기존,연세대학교(미래) _분교,인문ㆍ사회계열,2354,0,2894,2589,305,122.9,110
2017,대학교,사립,강원,기존,연세대학교(미래) _분교,의학계열,372,0,425,380,45,114.2,102.2
2017,대학교,사립,강원,기존,연세대학교(미래) _분교,자연과학계열,2551,0,3071,2547,524,120.4,99.8
2017,대학교,사립,경북,기존,영남대학교,의학계열,266,0,261,260,1,98.1,97.7
2017,대학교,사립,경북,기존,영남대학교,예ㆍ체능계열,2006,0,2059,1980,79,102.6,98.7
2017,대학교,사립,경북,기존,영남대학교,자연과학계열,3787,0,3593,3342,251,94.9,88.2
2017,대학교,사립,경북,기존,영남대학교,공학계열,5502,0,6585,5910,675,119.7,107.4
2017,대학교,사립,경북,기존,영남대학교,인문ㆍ사회계열,7641,0,8713,7854,859,114,102.8
2017,대학교,사립,경북,기존,영남신학대학교,인문ㆍ사회계열,490,0,415,403,12,84.7,82.2
2017,대학교,사립,경남,기존,영산대학교,인문ㆍ사회계열,1213,0,1247,1174,73,102.8,96.8
2017,대학교,사립,경남,기존,영산대학교,자연과학계열,640,0,726,625,101,113.4,97.7
2017,대학교,사립,경남,기존,영산대학교,공학계열,1070,0,856,833,23,80,77.9
2017,대학교,사립,경남,기존,영산대학교,예ㆍ체능계열,190,0,190,186,4,100,97.9
2017,대학교,사립,부산,기존,영산대학교 _제2캠퍼스,예ㆍ체능계열,1060,0,1156,1061,95,109.1,100.1
2017,대학교,사립,부산,기존,영산대학교 _제2캠퍼스,공학계열,60,0,60,59,1,100,98.3
2017,대학교,사립,부산,기존,영산대학교 _제2캠퍼스,자연과학계열,540,0,691,605,86,128,112
2017,대학교,사립,부산,기존,영산대학교 _제2캠퍼스,인문ㆍ사회계열,1503,0,1765,1461,304,117.4,97.2
2017,대학교,사립,전남,기존,영산선학대학교,인문ㆍ사회계열,200,0,46,44,2,23,22
2017,대학교,사립,전북,기존,예수대학교,인문ㆍ사회계열,76,0,73,73,0,96.1,96.1
2017,대학교,사립,전북,기존,예수대학교,자연과학계열,460,0,490,444,46,106.5,96.5
2017,대학교,사립,전북,기존,예원예술대학교,인문ㆍ사회계열,96,14,38,37,1,46.3,45.1
2017,대학교,사립,전북,기존,예원예술대학교,예ㆍ체능계열,729,17,574,539,35,80.6,75.7
2017,대학교,사립,경기,기존,예원예술대학교 _제2캠퍼스,예ㆍ체능계열,396,0,445,403,42,112.4,101.8
2017,대학교,사립,경기,기존,용인대학교,인문ㆍ사회계열,1547,0,1745,1558,187,112.8,100.7
2017,대학교,사립,경기,기존,용인대학교,예ㆍ체능계열,3253,0,3395,3203,192,104.4,98.5
2017,대학교,사립,경기,기존,용인대학교,자연과학계열,1057,0,1142,981,161,108,92.8
2017,대학교,사립,전북,기존,우석대학교,자연과학계열,2026,0,2185,1976,209,107.8,97.5
2017,대학교,사립,전북,기존,우석대학교,예ㆍ체능계열,1026,0,1069,1037,32,104.2,101.1
2017,대학교,사립,전북,기존,우석대학교,의학계열,120,0,133,115,18,110.8,95.8
2017,대학교,사립,전북,기존,우석대학교,인문ㆍ사회계열,2673,0,2946,2671,275,110.2,99.9
2017,대학교,사립,전북,기존,우석대학교,공학계열,1430,0,1293,1228,65,90.4,85.9
2017,대학교,사립,대전,기존,우송대학교,자연과학계열,1623,0,1681,1568,113,103.6,96.6
2017,대학교,사립,대전,기존,우송대학교,공학계열,2115,0,2335,2120,215,110.4,100.2
2017,대학교,사립,대전,기존,우송대학교,인문ㆍ사회계열,3655,0,4504,3638,866,123.2,99.5
2017,대학교,사립,대전,기존,우송대학교,예ㆍ체능계열,880,0,1071,847,224,121.7,96.3
2017,대학교,특별법법인,울산,기존,울산과학기술원,인문ㆍ사회계열,260,0,351,306,45,135,117.7
2017,대학교,특별법법인,울산,기존,울산과학기술원,자연과학계열,377,0,461,418,43,122.3,110.9
2017,대학교,특별법법인,울산,기존,울산과학기술원,공학계열,1493,0,2081,1868,213,139.4,125.1
2017,대학교,사립,울산,기존,울산대학교,인문ㆍ사회계열,3756,0,4136,3614,522,110.1,96.2
2017,대학교,사립,울산,기존,울산대학교,공학계열,3961,0,4504,4029,475,113.7,101.7
2017,대학교,사립,울산,기존,울산대학교,자연과학계열,2137,0,2148,1987,161,100.5,93
2017,대학교,사립,울산,기존,울산대학교,예ㆍ체능계열,1276,0,1242,1208,34,97.3,94.7
2017,대학교,사립,울산,기존,울산대학교,의학계열,160,0,160,160,0,100,100
2017,대학교,사립,전북,기존,원광대학교,공학계열,3000,0,2934,2719,215,97.8,90.6
2017,대학교,사립,전북,기존,원광대학교,자연과학계열,3940,0,3879,3647,232,98.5,92.6
2017,대학교,사립,전북,기존,원광대학교,의학계열,984,0,1040,949,91,105.7,96.4
2017,대학교,사립,전북,기존,원광대학교,인문ㆍ사회계열,5447,0,5825,5433,392,106.9,99.7
2017,대학교,사립,전북,기존,원광대학교,예ㆍ체능계열,1650,0,1480,1427,53,89.7,86.5
2017,대학교,사립,경북,기존,위덕대학교,자연과학계열,895,0,858,813,45,95.9,90.8
2017,대학교,사립,경북,기존,위덕대학교,공학계열,710,0,564,555,9,79.4,78.2
2017,대학교,사립,경북,기존,위덕대학교,예ㆍ체능계열,270,0,253,251,2,93.7,93
2017,대학교,사립,경북,기존,위덕대학교,인문ㆍ사회계열,1535,0,1540,1418,122,100.3,92.4
2017,대학교,사립,충북,기존,유원대학교,자연과학계열,1460,0,1380,1240,140,94.5,84.9
2017,대학교,사립,충북,기존,유원대학교,예ㆍ체능계열,360,0,240,240,0,66.7,66.7
2017,대학교,사립,충북,기존,유원대학교,공학계열,890,0,678,671,7,76.2,75.4
2017,대학교,사립,충북,기존,유원대학교,인문ㆍ사회계열,1580,0,1348,1309,39,85.3,82.8
2017,대학교,사립,대전,기존,을지대학교,의학계열,160,0,182,154,28,113.8,96.3
2017,대학교,사립,대전,기존,을지대학교,자연과학계열,508,0,578,505,73,113.8,99.4
2017,대학교,사립,경기,기존,을지대학교 _제2캠퍼스,인문ㆍ사회계열,791,0,849,753,96,107.3,95.2
2017,대학교,사립,경기,기존,을지대학교 _제2캠퍼스,자연과학계열,3172,0,3516,3174,342,110.8,100.1
2017,대학교,사립,서울,기존,이화여자대학교,인문ㆍ사회계열,5686,0,7748,6386,1362,136.3,112.3
2017,대학교,사립,서울,기존,이화여자대학교,공학계열,1438,0,1589,1468,121,110.5,102.1
2017,대학교,사립,서울,기존,이화여자대학교,자연과학계열,3021,0,3292,2944,348,109,97.5
2017,대학교,사립,서울,기존,이화여자대학교,예ㆍ체능계열,2329,0,2837,2550,287,121.8,109.5
2017,대학교,사립,서울,기존,이화여자대학교,의학계열,76,0,74,74,0,97.4,97.4
2017,대학교,사립,경남,기존,인제대학교,인문ㆍ사회계열,3256,0,3201,3061,140,98.3,94
2017,대학교,사립,경남,기존,인제대학교,공학계열,2383,0,2330,2128,202,97.8,89.3
2017,대학교,사립,경남,기존,인제대학교,예ㆍ체능계열,724,0,685,640,45,94.6,88.4
2017,대학교,사립,경남,기존,인제대학교,자연과학계열,2361,0,2549,2270,279,108,96.1
2017,대학교,사립,부산,기존,인제대학교 _제2캠퍼스,자연과학계열,320,0,452,307,145,141.3,95.9
2017,대학교,사립,부산,기존,인제대학교 _제2캠퍼스,의학계열,372,0,426,392,34,114.5,105.4
2017,대학교,사립,인천,기존,인천가톨릭대학교,인문ㆍ사회계열,105,0,79,78,1,75.2,74.3
2017,대학교,사립,인천,기존,인천가톨릭대학교 _제2캠퍼스,예ㆍ체능계열,455,0,546,501,45,120,110.1
2017,대학교,사립,인천,기존,인천가톨릭대학교 _제2캠퍼스,자연과학계열,160,0,155,147,8,96.9,91.9
2017,대학교,국립대법인,인천,기존,인천대학교,공학계열,4181,0,4919,4330,589,117.7,103.6
2017,대학교,국립대법인,인천,기존,인천대학교,자연과학계열,1212,0,1288,1182,106,106.3,97.5
2017,대학교,국립대법인,인천,기존,인천대학교,예ㆍ체능계열,969,0,1011,978,33,104.3,100.9
2017,대학교,국립대법인,인천,기존,인천대학교,인문ㆍ사회계열,4019,0,4835,4214,621,120.3,104.9
2017,대학교,사립,인천,기존,인하대학교,의학계열,49,0,47,31,16,95.9,63.3
2017,대학교,사립,인천,기존,인하대학교,예ㆍ체능계열,611,0,583,567,16,95.4,92.8
2017,대학교,사립,인천,기존,인하대학교,인문ㆍ사회계열,5817,0,7177,6163,1014,123.4,105.9
2017,대학교,사립,인천,기존,인하대학교,자연과학계열,1636,0,1738,1565,173,106.2,95.7
2017,대학교,사립,인천,기존,인하대학교,공학계열,5867,0,7579,6547,1032,129.2,111.6
2017,대학교,사립,서울,기존,장로회신학대학교,인문ㆍ사회계열,400,0,442,404,38,110.5,101
2017,대학교,사립,서울,기존,장로회신학대학교,예ㆍ체능계열,200,0,236,223,13,118,111.5
2017,대학교,국립,광주,기존,전남대학교,예ㆍ체능계열,882,0,930,904,26,105.4,102.5
2017,대학교,국립,광주,기존,전남대학교,의학계열,637,0,655,633,22,102.8,99.4
2017,대학교,국립,광주,기존,전남대학교,인문ㆍ사회계열,4365,0,5954,5123,831,136.4,117.4
2017,대학교,국립,광주,기존,전남대학교,자연과학계열,4690,0,5207,4764,443,111,101.6
2017,대학교,국립,광주,기존,전남대학교,공학계열,3257,0,3919,3685,234,120.3,113.1
2017,대학교,국립,전남,기존,전남대학교 _제2캠퍼스,인문ㆍ사회계열,796,0,754,730,24,94.7,91.7
2017,대학교,국립,전남,기존,전남대학교 _제2캠퍼스,공학계열,1242,0,1036,983,53,83.4,79.1
2017,대학교,국립,전남,기존,전남대학교 _제2캠퍼스,예ㆍ체능계열,52,0,29,28,1,55.8,53.8
2017,대학교,국립,전남,기존,전남대학교 _제2캠퍼스,자연과학계열,1168,0,1036,970,66,88.7,83
2017,대학교,국립,전북,기존,전북대학교,의학계열,350,0,336,324,12,96,92.6
2017,대학교,국립,전북,기존,전북대학교,예ㆍ체능계열,712,0,743,721,22,104.4,101.3
2017,대학교,국립,전북,기존,전북대학교,자연과학계열,4914,0,5257,4822,435,107,98.1
2017,대학교,국립,전북,기존,전북대학교,인문ㆍ사회계열,4862,0,5714,5145,569,117.5,105.8
2017,대학교,국립,전북,기존,전북대학교,공학계열,5200,0,5979,5592,387,115,107.5
2017,교육대학,국립,전북,기존,전주교육대학교,인문ㆍ사회계열,1140,0,490,465,25,43,40.8
2017,대학교,사립,전북,기존,전주대학교,인문ㆍ사회계열,4700,0,5432,4862,570,115.6,103.4
2017,대학교,사립,전북,기존,전주대학교,예ㆍ체능계열,1616,0,1589,1524,65,98.3,94.3
2017,대학교,사립,전북,기존,전주대학교,공학계열,2193,0,2154,1954,200,98.2,89.1
2017,대학교,사립,전북,기존,전주대학교,자연과학계열,2045,0,2133,1939,194,104.3,94.8
2017,기술대학,사립,서울,기존,정석대학,공학계열,150,0,48,48,0,32,32
2017,기술대학,사립,서울,기존,정석대학,인문ㆍ사회계열,50,0,42,42,0,84,84
2017,대학교,사립,제주,기존,제주국제대학교,예ㆍ체능계열,785,0,345,338,7,43.9,43.1
2017,대학교,사립,제주,기존,제주국제대학교,공학계열,797,0,433,422,11,54.3,52.9
2017,대학교,사립,제주,기존,제주국제대학교,인문ㆍ사회계열,1473,0,624,595,29,42.4,40.4
2017,대학교,사립,제주,기존,제주국제대학교,자연과학계열,105,0,35,35,0,33.3,33.3
2017,대학교,국립,제주,기존,제주대학교,의학계열,160,0,195,166,29,121.9,103.8
2017,대학교,국립,제주,기존,제주대학교,예ㆍ체능계열,663,0,702,689,13,105.9,103.9
2017,대학교,국립,제주,기존,제주대학교,공학계열,1713,0,1857,1666,191,108.4,97.3
2017,대학교,국립,제주,기존,제주대학교,자연과학계열,2584,0,2648,2468,180,102.5,95.5
2017,대학교,국립,제주,기존,제주대학교,인문ㆍ사회계열,3856,0,4820,4194,626,125,108.8
2017,대학교,사립,광주,기존,조선대학교,예ㆍ체능계열,2039,0,2098,1988,110,102.9,97.5
2017,대학교,사립,광주,기존,조선대학교,의학계열,205,0,191,130,61,93.2,63.4
2017,대학교,사립,광주,기존,조선대학교,공학계열,5786,0,6131,5601,530,106,96.8
2017,대학교,사립,광주,기존,조선대학교,자연과학계열,2860,0,2913,2779,134,101.9,97.2
2017,대학교,사립,광주,기존,조선대학교,인문ㆍ사회계열,7273,0,7770,7290,480,106.8,100.2
2017,대학교,사립,충남,기존,중부대학교,자연과학계열,1170,0,1033,971,62,88.3,83
2017,대학교,사립,충남,기존,중부대학교,인문ㆍ사회계열,3470,0,3352,3140,212,96.6,90.5
2017,대학교,사립,충남,기존,중부대학교,공학계열,1835,0,1947,1792,155,106.1,97.7
2017,대학교,사립,충남,기존,중부대학교,예ㆍ체능계열,1700,0,1691,1559,132,99.5,91.7
2017,대학교,사립,서울,기존,중앙대학교,자연과학계열,2506,0,2725,2472,253,108.7,98.6
2017,대학교,사립,서울,기존,중앙대학교,공학계열,3501,0,3993,3501,492,114.1,100
2017,대학교,사립,서울,기존,중앙대학교,예ㆍ체능계열,520,0,563,519,44,108.3,99.8
2017,대학교,사립,서울,기존,중앙대학교,의학계열,301,0,303,287,16,100.7,95.3
2017,대학교,사립,서울,기존,중앙대학교,인문ㆍ사회계열,6740,0,10081,7159,2922,149.6,106.2
2017,대학교,사립,경기,기존,중앙대학교 _제2캠퍼스,자연과학계열,1401,0,1345,1231,114,96,87.9
2017,대학교,사립,경기,기존,중앙대학교 _제2캠퍼스,예ㆍ체능계열,3354,0,3466,3301,165,103.3,98.4
2017,대학교,사립,경기,기존,중앙승가대학교,인문ㆍ사회계열,480,0,190,190,0,39.6,39.6
2017,대학교,사립,충북,기존,중원대학교,자연과학계열,1165,0,1010,931,79,86.7,79.9
2017,대학교,사립,충북,기존,중원대학교,예ㆍ체능계열,630,0,581,553,28,92.2,87.8
2017,대학교,사립,충북,기존,중원대학교,공학계열,1105,0,921,850,71,83.3,76.9
2017,대학교,사립,충북,기존,중원대학교,인문ㆍ사회계열,1276,0,1137,1065,72,89.1,83.5
2017,교육대학,국립,경남,기존,진주교육대학교,인문ㆍ사회계열,1276,0,570,527,43,44.7,41.3
2017,대학교,사립,경기,기존,차의과학대학교,인문ㆍ사회계열,996,0,923,890,33,92.7,89.4
2017,대학교,사립,경기,기존,차의과학대학교,자연과학계열,1164,0,1284,1128,156,110.3,96.9
2017,대학교,사립,경남,기존,창신대학교,자연과학계열,475,0,495,428,67,104.2,90.1
2017,대학교,사립,경남,기존,창신대학교,예ㆍ체능계열,312,0,246,241,5,78.8,77.2
2017,대학교,사립,경남,기존,창신대학교,공학계열,325,0,176,169,7,54.2,52
2017,대학교,사립,경남,기존,창신대학교,인문ㆍ사회계열,950,0,731,704,27,76.9,74.1
2017,산업대학,사립,충남,기존,청운대학교,예ㆍ체능계열,1065,0,974,885,89,91.5,83.1
2017,산업대학,사립,충남,기존,청운대학교,자연과학계열,455,0,486,426,60,106.8,93.6
2017,산업대학,사립,충남,기존,청운대학교,공학계열,1250,0,1718,1371,347,137.4,109.7
2017,산업대학,사립,충남,기존,청운대학교,인문ㆍ사회계열,2845,0,3519,2680,839,123.7,94.2
2017,교육대학,국립,충북,기존,청주교육대학교,인문ㆍ사회계열,1144,0,526,495,31,46,43.3
2017,대학교,사립,충북,기존,청주대학교,자연과학계열,2235,0,2077,2013,64,92.9,90.1
2017,대학교,사립,충북,기존,청주대학교,예ㆍ체능계열,1490,0,1608,1508,100,107.9,101.2
2017,대학교,사립,충북,기존,청주대학교,공학계열,2758,0,2379,2144,235,86.3,77.7
2017,대학교,사립,충북,기존,청주대학교,인문ㆍ사회계열,4831,0,5363,4837,526,111,100.1
2017,대학교,사립,전남,기존,초당대학교,예ㆍ체능계열,535,0,372,351,21,69.5,65.6
2017,대학교,사립,전남,기존,초당대학교,공학계열,560,0,496,440,56,88.6,78.6
2017,대학교,사립,전남,기존,초당대학교,인문ㆍ사회계열,970,0,1035,828,207,106.7,85.4
2017,대학교,사립,전남,기존,초당대학교,자연과학계열,1150,0,1152,995,157,100.2,86.5
2017,대학교,사립,서울,기존,총신대학교,예ㆍ체능계열,250,0,270,257,13,108,102.8
2017,대학교,사립,서울,기존,총신대학교,인문ㆍ사회계열,1190,0,1636,1187,449,137.5,99.7
2017,대학교,사립,서울,기존,추계예술대학교,예ㆍ체능계열,900,0,961,919,42,106.8,102.1
2017,대학교,사립,서울,기존,추계예술대학교,인문ㆍ사회계열,260,0,288,272,16,110.8,104.6
2017,교육대학,국립,강원,기존,춘천교육대학교,인문ㆍ사회계열,1284,0,582,544,38,45.3,42.4
2017,대학교,국립,대전,기존,충남대학교,예ㆍ체능계열,898,0,951,941,10,105.9,104.8
2017,대학교,국립,대전,기존,충남대학교,의학계열,326,0,344,314,30,105.5,96.3
2017,대학교,국립,대전,기존,충남대학교,공학계열,4222,0,5285,4958,327,125.2,117.4
2017,대학교,국립,대전,기존,충남대학교,자연과학계열,4495,0,5082,4721,361,113.1,105
2017,대학교,국립,대전,기존,충남대학교,인문ㆍ사회계열,4726,0,6491,5611,880,137.3,118.7
2017,대학교,국립,충북,기존,충북대학교,인문ㆍ사회계열,3839,0,4778,3969,809,124.5,103.4
2017,대학교,국립,충북,기존,충북대학교,자연과학계열,3658,0,4049,3686,363,110.7,100.8
2017,대학교,국립,충북,기존,충북대학교,공학계열,3860,0,4629,4067,562,119.9,105.4
2017,대학교,국립,충북,기존,충북대학교,의학계열,356,0,394,372,22,110.7,104.5
2017,대학교,국립,충북,기존,충북대학교,예ㆍ체능계열,287,0,300,283,17,104.5,98.6
2017,대학교,사립,경기,기존,칼빈대학교,인문ㆍ사회계열,324,0,352,233,119,108.6,71.9
2017,대학교,사립,경기,기존,칼빈대학교,예ㆍ체능계열,68,0,48,48,0,70.6,70.6
2017,대학교,사립,경기,기존,평택대학교,예ㆍ체능계열,839,0,855,845,10,101.9,100.7
2017,대학교,사립,경기,기존,평택대학교,자연과학계열,855,0,833,790,43,97.4,92.4
2017,대학교,사립,경기,기존,평택대학교,공학계열,30,0,30,29,1,100,96.7
2017,대학교,사립,경기,기존,평택대학교,인문ㆍ사회계열,1942,0,2191,1895,296,112.8,97.6
2017,대학교,사립,경북,기존,포항공과대학교,공학계열,1000,0,1058,1038,20,105.8,103.8
2017,대학교,사립,경북,기존,포항공과대학교,자연과학계열,280,0,391,385,6,139.6,137.5
2017,대학교,국립,경기,기존,한경국립대학교,인문ㆍ사회계열,720,0,902,723,179,125.3,100.4
2017,대학교,국립,경기,기존,한경국립대학교,공학계열,2409,0,2421,2215,206,100.5,91.9
2017,대학교,국립,경기,기존,한경국립대학교,예ㆍ체능계열,309,0,325,299,26,105.2,96.8
2017,대학교,국립,경기,기존,한경국립대학교,자연과학계열,1500,0,1533,1397,136,102.2,93.1
2017,대학교,사립,경기,기존,한국공학대학교,공학계열,4528,0,5544,4295,1249,122.4,94.9
2017,대학교,사립,경기,기존,한국공학대학교,예ㆍ체능계열,420,0,427,394,33,101.7,93.8
2017,대학교,사립,경기,기존,한국공학대학교,인문ㆍ사회계열,572,0,611,524,87,106.8,91.6
2017,대학교,특별법법인,대전,기존,한국과학기술원,공학계열,2460,0,2819,2644,175,114.6,107.5
2017,대학교,특별법법인,대전,기존,한국과학기술원,자연과학계열,1330,0,1004,985,19,75.5,74.1
2017,대학교,특별법법인,대전,기존,한국과학기술원,인문ㆍ사회계열,90,0,50,47,3,55.6,52.2
2017,대학교,국립,충북,기존,한국교원대학교,예ㆍ체능계열,237,0,234,234,0,98.7,98.7
2017,대학교,국립,충북,기존,한국교원대학교,인문ㆍ사회계열,1216,0,1346,1221,125,110.7,100.4
2017,대학교,국립,충북,기존,한국교원대학교,공학계열,157,0,181,175,6,115.3,111.5
2017,대학교,국립,충북,기존,한국교원대학교,자연과학계열,574,0,635,602,33,110.6,104.9
2017,대학교,사립,경남,기존,한국국제대학교,자연과학계열,951,26,933,848,85,100.9,91.7
2017,대학교,사립,경남,기존,한국국제대학교,예ㆍ체능계열,552,17,469,461,8,87.7,86.2
2017,대학교,사립,경남,기존,한국국제대학교,공학계열,767,8,627,597,30,82.6,78.7
2017,대학교,사립,경남,기존,한국국제대학교,인문ㆍ사회계열,1421,56,1333,1284,49,97.7,94.1
2017,대학교,사립,충남,기존,한국기술교육대학교,공학계열,2990,0,3788,3390,398,126.7,113.4
2017,대학교,사립,충남,기존,한국기술교육대학교,인문ㆍ사회계열,512,0,644,545,99,125.8,106.4
2017,방송통신대학,국립,서울,기존,한국방송통신대학교,자연과학계열,48800,0,29370,27348,2022,60.2,56
2017,방송통신대학,국립,서울,기존,한국방송통신대학교,공학계열,4000,0,815,815,0,20.4,20.4
2017,방송통신대학,국립,서울,기존,한국방송통신대학교,인문ㆍ사회계열,186000,0,85352,77460,7892,45.9,41.6
2017,대학교,사립,서울,기존,한국성서대학교,공학계열,140,0,140,136,4,100,97.1
2017,대학교,사립,서울,기존,한국성서대학교,인문ㆍ사회계열,640,0,734,646,88,114.7,100.9
2017,대학교,사립,서울,기존,한국성서대학교,자연과학계열,180,0,200,173,27,111.1,96.1
2017,각종학교(대학),특별법국립,서울,기존,한국예술종합학교,예ㆍ체능계열,2252,0,2599,2484,115,115.4,110.3
2017,대학교,사립,서울,기존,한국외국어대학교,인문ㆍ사회계열,11410,0,14710,12521,2189,128.9,109.7
2017,대학교,사립,서울,기존,한국외국어대학교,자연과학계열,1032,0,1158,1056,102,112.2,102.3
2017,대학교,사립,서울,기존,한국외국어대학교,공학계열,1066,0,1174,1074,100,110.1,100.8
2017,대학교,국립,충남,기존,한국전통문화대학교(일반),예ㆍ체능계열,160,0,144,143,1,90,89.4
2017,대학교,국립,충남,기존,한국전통문화대학교(일반),공학계열,155,0,157,156,1,101.3,100.6
2017,대학교,국립,충남,기존,한국전통문화대학교(일반),자연과학계열,80,0,79,79,0,98.8,98.8
2017,대학교,국립,충남,기존,한국전통문화대학교(일반),인문ㆍ사회계열,165,0,164,162,2,99.4,98.2
2017,대학교,국립,서울,기존,한국체육대학교,예ㆍ체능계열,2360,0,2549,2434,115,108,103.1
2017,대학교,사립,대전,기존,한국침례신학대학교,인문ㆍ사회계열,1260,0,1310,1252,58,104,99.4
2017,대학교,사립,대전,기존,한국침례신학대학교,예ㆍ체능계열,260,0,232,224,8,89.2,86.2
2017,대학교,사립,경기,기존,한국항공대학교,자연과학계열,588,0,824,663,161,140.1,112.8
2017,대학교,사립,경기,기존,한국항공대학교,공학계열,2387,0,2752,2486,266,115.3,104.1
2017,대학교,사립,경기,기존,한국항공대학교,인문ㆍ사회계열,520,0,560,500,60,107.7,96.2
2017,대학교,사립,대전,기존,한남대학교,자연과학계열,1273,0,1270,1227,43,99.8,96.4
2017,대학교,사립,대전,기존,한남대학교,공학계열,2701,0,2652,2382,270,98.2,88.2
2017,대학교,사립,대전,기존,한남대학교,인문ㆍ사회계열,6235,0,6602,6082,520,105.9,97.5
2017,대학교,사립,대전,기존,한남대학교,예ㆍ체능계열,1066,0,1095,1053,42,102.7,98.8
2017,대학교,사립,경북,기존,한동대학교,자연과학계열,243,0,251,235,16,103.3,96.7
2017,대학교,사립,경북,기존,한동대학교,공학계열,1322,0,1404,1298,106,106.2,98.2
2017,대학교,사립,경북,기존,한동대학교,인문ㆍ사회계열,1411,0,2375,2098,277,168.3,148.7
2017,대학교,사립,강원,기존,한라대학교,공학계열,2010,0,2118,1992,126,105.4,99.1
2017,대학교,사립,강원,기존,한라대학교,예ㆍ체능계열,210,0,194,191,3,92.4,91
2017,대학교,사립,강원,기존,한라대학교,인문ㆍ사회계열,1580,0,1622,1549,73,102.7,98
2017,대학교,사립,전남,기존,한려대학교,자연과학계열,996,0,430,372,58,43.2,37.3
2017,대학교,사립,전남,기존,한려대학교,인문ㆍ사회계열,431,0,66,66,0,15.3,15.3
2017,대학교,사립,전남,기존,한려대학교,공학계열,91,0,19,19,0,20.9,20.9
2017,대학교,사립,전남,기존,한려대학교,예ㆍ체능계열,124,0,38,38,0,30.6,30.6
2017,대학교,사립,강원,기존,한림대학교,예ㆍ체능계열,240,0,258,231,27,107.5,96.3
2017,대학교,사립,강원,기존,한림대학교,의학계열,304,0,294,289,5,96.7,95.1
2017,대학교,사립,강원,기존,한림대학교,공학계열,890,0,1020,927,93,114.6,104.2
2017,대학교,사립,강원,기존,한림대학교,자연과학계열,2130,0,2158,2055,103,101.3,96.5
2017,대학교,사립,강원,기존,한림대학교,인문ㆍ사회계열,3690,0,4374,3895,479,118.5,105.6
2017,대학교,사립,충남,기존,한서대학교,공학계열,1728,0,1809,1654,155,104.7,95.7
2017,대학교,사립,충남,기존,한서대학교,예ㆍ체능계열,1570,0,1661,1410,251,105.8,89.8
2017,대학교,사립,충남,기존,한서대학교,인문ㆍ사회계열,1625,0,1833,1677,156,112.8,103.2
2017,대학교,사립,충남,기존,한서대학교,자연과학계열,1811,0,1963,1736,227,108.4,95.9
2017,대학교,사립,서울,기존,한성대학교,인문ㆍ사회계열,3000,0,3125,2844,281,104.2,94.8
2017,대학교,사립,서울,기존,한성대학교,공학계열,1777,0,1859,1679,180,104.6,94.5
2017,대학교,사립,서울,기존,한성대학교,예ㆍ체능계열,1320,0,1358,1249,109,102.9,94.6
2017,대학교,사립,경기,기존,한세대학교,자연과학계열,100,0,108,99,9,108,99
2017,대학교,사립,경기,기존,한세대학교,공학계열,202,0,236,194,42,116.8,96
2017,대학교,사립,경기,기존,한세대학교,인문ㆍ사회계열,1298,0,1617,1472,145,124.6,113.4
2017,대학교,사립,경기,기존,한세대학교,예ㆍ체능계열,760,0,867,798,69,114.1,105
2017,대학교,사립,경기,기존,한신대학교,인문ㆍ사회계열,3468,0,3782,3478,304,109.1,100.3
2017,대학교,사립,경기,기존,한신대학교,공학계열,886,0,863,791,72,97.4,89.3
2017,대학교,사립,경기,기존,한신대학교,자연과학계열,336,0,344,329,15,102.4,97.9
2017,대학교,사립,경기,기존,한신대학교,예ㆍ체능계열,140,0,120,117,3,85.7,83.6
2017,대학교,사립,서울,기존,한양대학교,인문ㆍ사회계열,4127,0,5691,4459,1232,137.9,108
2017,대학교,사립,서울,기존,한양대학교,자연과학계열,1266,0,1541,1263,278,121.7,99.8
2017,대학교,사립,서울,기존,한양대학교,공학계열,4435,0,6183,4651,1532,139.4,104.9
2017,대학교,사립,서울,기존,한양대학교,예ㆍ체능계열,1490,0,1685,1487,198,113.1,99.8
2017,대학교,사립,서울,기존,한양대학교,의학계열,385,0,357,357,0,92.7,92.7
2017,대학교,사립,경기,기존,한양대학교(ERICA) _분교,인문ㆍ사회계열,2648,0,3329,2881,448,125.7,108.8
2017,대학교,사립,경기,기존,한양대학교(ERICA) _분교,공학계열,2894,0,3691,3144,547,127.5,108.6
2017,대학교,사립,경기,기존,한양대학교(ERICA) _분교,예ㆍ체능계열,1282,0,1346,1303,43,105,101.6
2017,대학교,사립,경기,기존,한양대학교(ERICA) _분교,자연과학계열,788,0,599,569,30,76,72.2
2017,대학교,사립,전북,기존,한일장신대학교,인문ㆍ사회계열,630,0,595,548,47,94.4,87
2017,대학교,사립,전북,기존,한일장신대학교,자연과학계열,196,0,176,168,8,89.8,85.7
2017,대학교,사립,전북,기존,한일장신대학교,예ㆍ체능계열,126,0,98,97,1,77.8,77
2017,대학교,사립,강원,기존,한중대학교,예ㆍ체능계열,592,35,140,138,2,25.1,24.8
2017,대학교,사립,강원,기존,한중대학교,공학계열,540,25,102,99,3,19.8,19.2
2017,대학교,사립,강원,기존,한중대학교,자연과학계열,490,10,351,285,66,73.1,59.4
2017,대학교,사립,강원,기존,한중대학교,인문ㆍ사회계열,857,23,186,179,7,22.3,21.5
2017,대학교,사립,경기,기존,협성대학교,인문ㆍ사회계열,2694,0,2825,2466,359,104.9,91.5
2017,대학교,사립,경기,기존,협성대학교,예ㆍ체능계열,797,0,749,739,10,94,92.7
2017,대학교,사립,경기,기존,협성대학교,공학계열,531,0,488,429,59,91.9,80.8
2017,대학교,사립,경기,기존,협성대학교,자연과학계열,218,0,227,212,15,104.1,97.2
2017,대학교,사립,광주,기존,호남대학교,공학계열,1381,0,1450,1347,103,105,97.5
2017,대학교,사립,광주,기존,호남대학교,인문ㆍ사회계열,2383,0,2810,2379,431,117.9,99.8
2017,대학교,사립,광주,기존,호남대학교,자연과학계열,1571,0,1627,1481,146,103.6,94.3
2017,대학교,사립,광주,기존,호남대학교,예ㆍ체능계열,1179,0,1311,1092,219,111.2,92.6
2017,대학교,사립,광주,기존,호남신학대학교,인문ㆍ사회계열,443,0,337,335,2,76.1,75.6
2017,대학교,사립,광주,기존,호남신학대학교,예ㆍ체능계열,210,0,197,197,0,93.8,93.8
2017,대학교,사립,충남,기존,호서대학교,인문ㆍ사회계열,3950,0,4102,3706,396,103.8,93.8
2017,대학교,사립,충남,기존,호서대학교,공학계열,4561,0,4483,4101,382,98.3,89.9
2017,대학교,사립,충남,기존,호서대학교,예ㆍ체능계열,1805,0,1723,1658,65,95.5,91.9
2017,대학교,사립,충남,기존,호서대학교,자연과학계열,1607,0,1602,1447,155,99.7,90
2017,산업대학,사립,전북,기존,호원대학교,자연과학계열,1141,0,1182,1033,149,103.6,90.5
2017,산업대학,사립,전북,기존,호원대학교,인문ㆍ사회계열,1572,0,1832,1429,403,116.5,90.9
2017,산업대학,사립,전북,기존,호원대학교,공학계열,1203,0,1168,957,211,97.1,79.6
2017,산업대학,사립,전북,기존,호원대학교,예ㆍ체능계열,1396,0,1557,1363,194,111.5,97.6
2017,대학교,사립,서울,기존,홍익대학교,자연과학계열,148,0,154,145,9,104.1,98
2017,대학교,사립,서울,기존,홍익대학교,인문ㆍ사회계열,2977,0,4074,3359,715,136.8,112.8
2017,대학교,사립,서울,기존,홍익대학교,공학계열,5115,0,5326,4778,548,104.1,93.4
2017,대학교,사립,서울,기존,홍익대학교,예ㆍ체능계열,1699,0,2485,1913,572,146.3,112.6
2017,대학교,사립,세종,기존,홍익대학교 _제2캠퍼스,공학계열,2976,0,2602,2429,173,87.4,81.6
2017,대학교,사립,세종,기존,홍익대학교 _제2캠퍼스,인문ㆍ사회계열,1392,0,1624,1487,137,116.7,106.8
2017,대학교,사립,세종,기존,홍익대학교 _제2캠퍼스,예ㆍ체능계열,1343,0,1835,1602,233,136.6,119.3
2017,대학교,사립,경기,기존,화성의과학대학교,자연과학계열,386,0,289,256,33,74.9,66.3
2017,대학교,사립,경기,기존,화성의과학대학교,예ㆍ체능계열,193,0,93,92,1,48.2,47.7
2017,대학교,사립,경기,기존,화성의과학대학교,인문ㆍ사회계열,579,0,323,320,3,55.8,55.3
2016,대학교,사립,경남,기존,가야대학교(김해),자연과학계열,1478,0,1490,1333,157,100.8,90.2
2016,대학교,사립,경남,기존,가야대학교(김해),인문ㆍ사회계열,1122,0,1080,1031,49,96.3,91.9
2016,대학교,사립,경기,기존,가천대학교,공학계열,5183,0,5930,5318,612,114.4,102.6
2016,대학교,사립,경기,기존,가천대학교,의학계열,120,0,115,109,6,95.8,90.8
2016,대학교,사립,경기,기존,가천대학교,자연과학계열,2998,0,3227,2893,334,107.6,96.5
2016,대학교,사립,경기,기존,가천대학교,예ㆍ체능계열,1700,0,1922,1867,55,113.1,109.8
2016,대학교,사립,경기,기존,가천대학교,인문ㆍ사회계열,5807,0,7448,6229,1219,128.3,107.3
2016,대학교,사립,강원,기존,가톨릭관동대학교,인문ㆍ사회계열,5170,130,4979,4574,405,98.8,90.8
2016,대학교,사립,강원,기존,가톨릭관동대학교,자연과학계열,731,0,801,704,97,109.6,96.3
2016,대학교,사립,강원,기존,가톨릭관동대학교,예ㆍ체능계열,1238,35,1078,1031,47,89.6,85.7
2016,대학교,사립,강원,기존,가톨릭관동대학교,의학계열,196,30,206,184,22,124.1,110.8
2016,대학교,사립,강원,기존,가톨릭관동대학교,공학계열,1889,0,1804,1689,115,95.5,89.4
2016,대학교,사립,충북,기존,가톨릭꽃동네대학교,인문ㆍ사회계열,308,0,315,301,14,102.3,97.7
2016,대학교,사립,충북,기존,가톨릭꽃동네대학교,자연과학계열,160,0,171,151,20,106.9,94.4
2016,대학교,사립,경기,기존,가톨릭대학교,인문ㆍ사회계열,3511,0,4178,3723,455,119,106
2016,대학교,사립,경기,기존,가톨릭대학교,예ㆍ체능계열,205,0,209,209,0,102,102
2016,대학교,사립,경기,기존,가톨릭대학교,공학계열,1335,0,1442,1294,148,108,96.9
2016,대학교,사립,경기,기존,가톨릭대학교,자연과학계열,1232,0,1468,1341,127,119.2,108.8
2016,대학교,사립,서울,기존,가톨릭대학교 _제2캠퍼스,자연과학계열,450,0,486,427,59,108,94.9
2016,대학교,사립,서울,기존,가톨릭대학교 _제3캠퍼스,인문ㆍ사회계열,260,0,207,186,21,79.6,71.5
2016,대학교,사립,서울,기존,감리교신학대학교,인문ㆍ사회계열,800,0,840,783,57,105,97.9
2016,대학교,사립,경기,기존,강남대학교,예ㆍ체능계열,660,0,627,599,28,95,90.8
2016,대학교,사립,경기,기존,강남대학교,공학계열,983,0,975,875,100,99.2,89
2016,대학교,사립,경기,기존,강남대학교,인문ㆍ사회계열,4780,0,5316,4760,556,111.2,99.6
2016,대학교,사립,서울,기존,강서대학교,인문ㆍ사회계열,1095,0,1217,1064,153,111.1,97.2
2016,대학교,사립,서울,기존,강서대학교,예ㆍ체능계열,140,0,145,140,5,103.6,100
2016,대학교,사립,서울,기존,강서대학교,자연과학계열,65,0,71,64,7,109.2,98.5
2016,대학교,국립,강원,기존,강원대학교,의학계열,160,0,178,173,5,111.3,108.1
2016,대학교,국립,강원,기존,강원대학교,자연과학계열,5083,0,5371,4985,386,105.7,98.1
2016,대학교,국립,강원,기존,강원대학교,인문ㆍ사회계열,4399,0,5174,4697,477,117.6,106.8
2016,대학교,국립,강원,기존,강원대학교,예ㆍ체능계열,734,0,769,741,28,104.8,101
2016,대학교,국립,강원,기존,강원대학교,공학계열,2749,0,3286,2950,336,119.5,107.3
2016,대학교,국립,강원,기존,강원대학교 _제2캠퍼스,예ㆍ체능계열,925,0,855,808,47,92.4,87.4
2016,대학교,국립,강원,기존,강원대학교 _제2캠퍼스,인문ㆍ사회계열,1088,0,1054,961,93,96.9,88.3
2016,대학교,국립,강원,기존,강원대학교 _제2캠퍼스,자연과학계열,1512,0,1504,1394,110,99.5,92.2
2016,대학교,국립,강원,기존,강원대학교 _제2캠퍼스,공학계열,3232,0,2933,2740,193,90.7,84.8
2016,대학교,사립,서울,기존,건국대학교,공학계열,3484,0,4282,3749,533,122.9,107.6
2016,대학교,사립,서울,기존,건국대학교,예ㆍ체능계열,1426,0,1794,1550,244,125.8,108.7
2016,대학교,사립,서울,기존,건국대학교,자연과학계열,2540,0,2801,2495,306,110.3,98.2
2016,대학교,사립,서울,기존,건국대학교,의학계열,276,0,353,284,69,127.9,102.9
2016,대학교,사립,서울,기존,건국대학교,인문ㆍ사회계열,4412,0,6353,4895,1458,144,110.9
2016,대학교,사립,충북,기존,건국대학교(글로컬) _분교,공학계열,880,0,1075,987,88,122.2,112.2
2016,대학교,사립,충북,기존,건국대학교(글로컬) _분교,인문ㆍ사회계열,3100,0,3805,3359,446,122.7,108.4
2016,대학교,사립,충북,기존,건국대학교(글로컬) _분교,예ㆍ체능계열,1720,0,1858,1666,192,108,96.9
2016,대학교,사립,충북,기존,건국대학교(글로컬) _분교,자연과학계열,1340,0,1458,1318,140,108.8,98.4
2016,대학교,사립,충남,기존,건양대학교,공학계열,900,0,885,831,54,98.3,92.3
2016,대학교,사립,충남,기존,건양대학교,자연과학계열,437,0,469,440,29,107.3,100.7
2016,대학교,사립,충남,기존,건양대학교,예ㆍ체능계열,160,0,158,158,0,98.8,98.8
2016,대학교,사립,충남,기존,건양대학교,인문ㆍ사회계열,2781,0,3062,2783,279,110.1,100.1
2016,대학교,사립,대전,기존,건양대학교 _제2캠퍼스,자연과학계열,1930,0,2091,1868,223,108.3,96.8
2016,대학교,사립,대전,기존,건양대학교 _제2캠퍼스,의학계열,196,0,247,201,46,126,102.6
2016,대학교,사립,대전,기존,건양대학교 _제2캠퍼스,인문ㆍ사회계열,220,0,242,235,7,110,106.8
2016,대학교,사립,대전,기존,건양대학교 _제2캠퍼스,공학계열,740,0,840,794,46,113.5,107.3
2016,대학교,사립,경기,기존,경기대학교,인문ㆍ사회계열,5296,0,6376,5484,892,120.4,103.5
2016,대학교,사립,경기,기존,경기대학교,예ㆍ체능계열,1530,0,1427,1368,59,93.3,89.4
2016,대학교,사립,경기,기존,경기대학교,자연과학계열,1181,0,1312,1178,134,111.1,99.7
2016,대학교,사립,경기,기존,경기대학교,공학계열,2558,0,2984,2582,402,116.7,100.9
2016,대학교,사립,서울,기존,경기대학교 _제2캠퍼스,예ㆍ체능계열,425,0,467,421,46,109.9,99.1
2016,대학교,사립,서울,기존,경기대학교 _제2캠퍼스,인문ㆍ사회계열,1323,0,1545,1204,341,116.8,91
2016,대학교,국립,경남,기존,경남과학기술대학교,예ㆍ체능계열,119,0,105,102,3,88.2,85.7
2016,대학교,국립,경남,기존,경남과학기술대학교,자연과학계열,1366,0,1317,1253,64,96.4,91.7
2016,대학교,국립,경남,기존,경남과학기술대학교,인문ㆍ사회계열,1600,0,1511,1415,96,94.4,88.4
2016,대학교,국립,경남,기존,경남과학기술대학교,공학계열,2194,0,1945,1820,125,88.7,83
2016,대학교,사립,경남,기존,경남대학교,인문ㆍ사회계열,6255,0,6580,6138,442,105.2,98.1
2016,대학교,사립,경남,기존,경남대학교,예ㆍ체능계열,850,0,875,827,48,102.9,97.3
2016,대학교,사립,경남,기존,경남대학교,자연과학계열,1770,0,1734,1625,109,98,91.8
2016,대학교,사립,경남,기존,경남대학교,공학계열,3485,0,3088,2911,177,88.6,83.5
2016,대학교,사립,강원,기존,경동대학교,인문ㆍ사회계열,2085,0,2110,1933,177,101.2,92.7
2016,대학교,사립,강원,기존,경동대학교,예ㆍ체능계열,193,0,133,127,6,68.9,65.8
2016,대학교,사립,강원,기존,경동대학교,자연과학계열,1270,0,1081,993,88,85.1,78.2
2016,대학교,사립,강원,기존,경동대학교,공학계열,563,0,588,470,118,104.4,83.5
2016,대학교,사립,강원,기존,경동대학교 _제3캠퍼스,자연과학계열,2230,0,2311,2110,201,103.6,94.6
2016,대학교,사립,경기,기존,경동대학교 _제4캠퍼스,예ㆍ체능계열,99,0,117,104,13,118.2,105.1
2016,대학교,사립,경기,기존,경동대학교 _제4캠퍼스,공학계열,198,0,229,205,24,115.7,103.5
2016,대학교,사립,경기,기존,경동대학교 _제4캠퍼스,인문ㆍ사회계열,603,0,634,564,70,105.1,93.5
2016,대학교,국립,대구,기존,경북대학교,의학계열,228,0,247,214,33,108.3,93.9
2016,대학교,국립,대구,기존,경북대학교,자연과학계열,6630,0,6970,6345,625,105.1,95.7
2016,대학교,국립,대구,기존,경북대학교,예ㆍ체능계열,970,0,1144,1092,52,117.9,112.6
2016,대학교,국립,대구,기존,경북대학교,인문ㆍ사회계열,5613,0,7174,6465,709,127.8,115.2
2016,대학교,국립,대구,기존,경북대학교,공학계열,6219,0,8167,7339,828,131.3,118
2016,대학교,국립,경남,기존,경상국립대학교,의학계열,200,0,235,199,36,117.5,99.5
2016,대학교,국립,경남,기존,경상국립대학교,자연과학계열,3758,0,4013,3675,338,106.8,97.8
2016,대학교,국립,경남,기존,경상국립대학교,예ㆍ체능계열,280,0,294,292,2,105,104.3
2016,대학교,국립,경남,기존,경상국립대학교,인문ㆍ사회계열,4538,0,5253,4816,437,115.8,106.1
2016,대학교,국립,경남,기존,경상국립대학교,공학계열,4217,0,4853,4425,428,115.1,104.9
2016,대학교,사립,부산,기존,경성대학교,인문ㆍ사회계열,5480,0,6021,5372,649,109.9,98
2016,대학교,사립,부산,기존,경성대학교,공학계열,2609,0,2684,2454,230,102.9,94.1
2016,대학교,사립,부산,기존,경성대학교,예ㆍ체능계열,2325,0,2352,2201,151,101.2,94.7
2016,대학교,사립,부산,기존,경성대학교,자연과학계열,1585,0,1617,1493,124,102,94.2
2016,대학교,사립,경북,기존,경운대학교,공학계열,1000,0,693,657,36,69.3,65.7
2016,대학교,사립,경북,기존,경운대학교,자연과학계열,1893,0,1743,1610,133,92.1,85.1
2016,대학교,사립,경북,기존,경운대학교,예ㆍ체능계열,912,0,640,634,6,70.2,69.5
2016,대학교,사립,경북,기존,경운대학교,인문ㆍ사회계열,1268,0,1141,1084,57,90,85.5
2016,교육대학,국립,인천,기존,경인교육대학교,인문ㆍ사회계열,2392,0,652,604,48,27.3,25.3
2016,대학교,사립,경북,기존,경일대학교,예ㆍ체능계열,970,0,1046,988,58,107.8,101.9
2016,대학교,사립,경북,기존,경일대학교,자연과학계열,750,0,733,679,54,97.7,90.5
2016,대학교,사립,경북,기존,경일대학교,인문ㆍ사회계열,1970,0,2140,1998,142,108.6,101.4
2016,대학교,사립,경북,기존,경일대학교,공학계열,3145,0,3234,3039,195,102.8,96.6
2016,대학교,사립,서울,기존,경희대학교,자연과학계열,4242,0,4792,4210,582,113,99.2
2016,대학교,사립,서울,기존,경희대학교,인문ㆍ사회계열,7482,0,11275,8388,2887,150.7,112.1
2016,대학교,사립,서울,기존,경희대학교,공학계열,3948,0,4784,4257,527,121.2,107.8
2016,대학교,사립,서울,기존,경희대학교,의학계열,432,0,434,423,11,100.5,97.9
2016,대학교,사립,서울,기존,경희대학교,예ㆍ체능계열,3675,0,4223,3804,419,114.9,103.5
2016,대학교,사립,대구,기존,계명대학교,의학계열,304,0,310,297,13,102,97.7
2016,대학교,사립,대구,기존,계명대학교,자연과학계열,2512,0,2758,2475,283,109.8,98.5
2016,대학교,사립,대구,기존,계명대학교,예ㆍ체능계열,3503,0,3786,3535,251,108.1,100.9
2016,대학교,사립,대구,기존,계명대학교,인문ㆍ사회계열,9934,0,11726,10397,1329,118,104.7
2016,대학교,사립,대구,기존,계명대학교,공학계열,3484,0,3798,3335,463,109,95.7
2016,대학교,사립,서울,기존,고려대학교,예ㆍ체능계열,520,0,596,563,33,114.6,108.3
2016,대학교,사립,서울,기존,고려대학교,인문ㆍ사회계열,7568,0,10932,8648,2284,144.5,114.3
2016,대학교,사립,서울,기존,고려대학교,공학계열,3370,0,4785,3942,843,142,117
2016,대학교,사립,서울,기존,고려대학교,의학계열,318,0,335,310,25,105.3,97.5
2016,대학교,사립,서울,기존,고려대학교,자연과학계열,3554,0,3768,3326,442,106,93.6
2016,대학교,사립,세종,기존,고려대학교(세종) _분교,인문ㆍ사회계열,3130,0,3656,3249,407,116.8,103.8
2016,대학교,사립,세종,기존,고려대학교(세종) _분교,자연과학계열,937,0,1037,939,98,110.7,100.2
2016,대학교,사립,세종,기존,고려대학교(세종) _분교,공학계열,1493,0,1730,1541,189,115.9,103.2
2016,대학교,사립,세종,기존,고려대학교(세종) _분교,예ㆍ체능계열,420,0,473,460,13,112.6,109.5
2016,대학교,사립,부산,기존,고신대학교,예ㆍ체능계열,355,0,331,320,11,93.2,90.1
2016,대학교,사립,부산,기존,고신대학교,자연과학계열,1167,0,1226,1141,85,105.1,97.8
2016,대학교,사립,부산,기존,고신대학교,의학계열,304,0,314,314,0,103.3,103.3
2016,대학교,사립,부산,기존,고신대학교,인문ㆍ사회계열,1998,0,2236,2087,149,111.9,104.5
2016,교육대학,국립,충남,기존,공주교육대학교,자연과학계열,431,0,473,438,35,109.7,101.6
2016,교육대학,국립,충남,기존,공주교육대학교,예ㆍ체능계열,309,0,345,310,35,111.7,100.3
2016,교육대학,국립,충남,기존,공주교육대학교,인문ㆍ사회계열,676,0,701,679,22,103.7,100.4
2016,대학교,사립,광주,기존,광신대학교,예ㆍ체능계열,140,4,101,101,0,74.3,74.3
2016,대학교,사립,광주,기존,광신대학교,인문ㆍ사회계열,416,16,398,360,38,99.5,90
2016,대학교,사립,서울,기존,광운대학교,인문ㆍ사회계열,2620,0,3363,2958,405,128.4,112.9
2016,대학교,사립,서울,기존,광운대학교,예ㆍ체능계열,159,0,177,166,11,111.3,104.4
2016,대학교,사립,서울,기존,광운대학교,자연과학계열,601,0,695,604,91,115.6,100.5
2016,대학교,사립,서울,기존,광운대학교,공학계열,3632,0,4267,3823,444,117.5,105.3
2016,대학교,사립,전남,기존,광주가톨릭대학교,인문ㆍ사회계열,160,0,79,79,0,49.4,49.4
2016,대학교,특별법법인,광주,기존,광주과학기술원,자연과학계열,680,0,560,560,0,82.4,82.4
2016,교육대학,국립,광주,기존,광주교육대학교,인문ㆍ사회계열,1304,0,813,747,66,62.3,57.3
2016,대학교,사립,광주,기존,광주대학교,자연과학계열,990,0,953,865,88,96.3,87.4
2016,대학교,사립,광주,기존,광주대학교,예ㆍ체능계열,1173,0,1117,1064,53,95.2,90.7
2016,대학교,사립,광주,기존,광주대학교,인문ㆍ사회계열,3692,0,4145,3716,429,112.3,100.7
2016,대학교,사립,광주,기존,광주대학교,공학계열,1137,0,1079,1021,58,94.9,89.8
2016,대학교,사립,광주,기존,광주여자대학교,자연과학계열,2030,0,2087,1888,199,102.8,93
2016,대학교,사립,광주,기존,광주여자대학교,예ㆍ체능계열,175,0,136,135,1,77.7,77.1
2016,대학교,사립,광주,기존,광주여자대학교,공학계열,25,0,16,16,0,64,64
2016,대학교,사립,광주,기존,광주여자대학교,인문ㆍ사회계열,1565,0,1642,1503,139,104.9,96
2016,대학교,국립,강원,기존,국립강릉원주대학교,의학계열,160,0,163,150,13,101.9,93.8
2016,대학교,국립,강원,기존,국립강릉원주대학교,공학계열,922,0,991,916,75,107.5,99.3
2016,대학교,국립,강원,기존,국립강릉원주대학교,자연과학계열,2016,0,1977,1847,130,98.1,91.6
2016,대학교,국립,강원,기존,국립강릉원주대학교,예ㆍ체능계열,651,0,572,564,8,87.9,86.6
2016,대학교,국립,강원,기존,국립강릉원주대학교,인문ㆍ사회계열,2194,0,2286,2078,208,104.2,94.7
2016,대학교,국립,강원,기존,국립강릉원주대학교 _제2캠퍼스,공학계열,1202,0,1217,1116,101,101.2,92.8
2016,대학교,국립,강원,기존,국립강릉원주대학교 _제2캠퍼스,예ㆍ체능계열,82,0,110,103,7,134.1,125.6
2016,대학교,국립,강원,기존,국립강릉원주대학교 _제2캠퍼스,인문ㆍ사회계열,472,0,430,419,11,91.1,88.8
2016,대학교,국립,강원,기존,국립강릉원주대학교 _제2캠퍼스,자연과학계열,300,0,302,284,18,100.7,94.7
2016,대학교,국립,경북,기존,국립경국대학교,자연과학계열,1948,0,1934,1827,107,99.3,93.8
2016,대학교,국립,경북,기존,국립경국대학교,예ㆍ체능계열,421,0,410,404,6,97.4,96
2016,대학교,국립,경북,기존,국립경국대학교,인문ㆍ사회계열,2021,0,2115,1953,162,104.7,96.6
2016,대학교,국립,경북,기존,국립경국대학교,공학계열,1830,0,1956,1778,178,106.9,97.2
2016,대학교,국립,충남,기존,국립공주대학교,예ㆍ체능계열,962,0,1065,983,82,110.7,102.2
2016,대학교,국립,충남,기존,국립공주대학교,자연과학계열,3715,0,4103,3676,427,110.4,99
2016,대학교,국립,충남,기존,국립공주대학교,공학계열,3960,0,5058,3994,1064,127.7,100.9
2016,대학교,국립,충남,기존,국립공주대학교,인문ㆍ사회계열,3288,0,3766,3351,415,114.5,101.9
2016,대학교,국립,전북,기존,국립군산대학교,공학계열,3077,0,3131,2883,248,101.8,93.7
2016,대학교,국립,전북,기존,국립군산대학교,자연과학계열,1839,0,1820,1705,115,99,92.7
2016,대학교,국립,전북,기존,국립군산대학교,예ㆍ체능계열,549,0,540,518,22,98.4,94.4
2016,대학교,국립,전북,기존,국립군산대학교,인문ㆍ사회계열,2034,0,2062,1900,162,101.4,93.4
2016,대학교,국립,경북,기존,국립금오공과대학교,공학계열,4812,0,5863,5217,646,121.8,108.4
2016,대학교,국립,경북,기존,국립금오공과대학교,자연과학계열,234,0,258,241,17,110.3,103
2016,대학교,국립,경북,기존,국립금오공과대학교,인문ㆍ사회계열,190,0,319,209,110,167.9,110
2016,대학교,국립,전남,기존,국립목포대학교,공학계열,2253,0,2458,2181,277,109.1,96.8
2016,대학교,국립,전남,기존,국립목포대학교,인문ㆍ사회계열,2731,0,3016,2732,284,110.4,100
2016,대학교,국립,전남,기존,국립목포대학교,자연과학계열,1598,0,1605,1490,115,100.4,93.2
2016,대학교,국립,전남,기존,국립목포대학교,예ㆍ체능계열,424,0,428,417,11,100.9,98.3
2016,대학교,국립,전남,기존,국립목포해양대학교,공학계열,2629,0,2612,2457,155,99.4,93.5
2016,대학교,국립,부산,기존,국립부경대학교,공학계열,7035,0,8662,7927,735,123.1,112.7
2016,대학교,국립,부산,기존,국립부경대학교,인문ㆍ사회계열,3903,0,5222,4597,625,133.8,117.8
2016,대학교,국립,부산,기존,국립부경대학교,예ㆍ체능계열,504,0,563,531,32,111.7,105.4
2016,대학교,국립,부산,기존,국립부경대학교,자연과학계열,2435,0,2638,2430,208,108.3,99.8
2016,대학교,국립,전남,기존,국립순천대학교,인문ㆍ사회계열,2110,0,2512,2258,254,119.1,107
2016,대학교,국립,전남,기존,국립순천대학교,예ㆍ체능계열,759,0,779,745,34,102.6,98.2
2016,대학교,국립,전남,기존,국립순천대학교,자연과학계열,2349,0,2341,2182,159,99.7,92.9
2016,대학교,국립,전남,기존,국립순천대학교,공학계열,1883,0,1898,1772,126,100.8,94.1
2016,대학교,국립,경남,기존,국립창원대학교,예ㆍ체능계열,717,0,725,722,3,101.1,100.7
2016,대학교,국립,경남,기존,국립창원대학교,자연과학계열,1135,0,1155,1110,45,101.8,97.8
2016,대학교,국립,경남,기존,국립창원대학교,인문ㆍ사회계열,3195,0,3830,3351,479,119.9,104.9
2016,대학교,국립,경남,기존,국립창원대학교,공학계열,2418,0,2938,2673,265,121.5,110.5
2016,대학교,국립,충북,기존,국립한국교통대학교,공학계열,5057,0,5342,4935,407,105.6,97.6
2016,대학교,국립,충북,기존,국립한국교통대학교,예ㆍ체능계열,429,0,393,357,36,91.6,83.2
2016,대학교,국립,충북,기존,국립한국교통대학교,인문ㆍ사회계열,2101,0,2159,2007,152,102.8,95.5
2016,대학교,국립,충북,기존,국립한국교통대학교,자연과학계열,768,0,782,721,61,101.8,93.9
2016,대학교,국립,부산,기존,국립한국해양대학교,인문ㆍ사회계열,1220,0,1632,1323,309,133.8,108.4
2016,대학교,국립,부산,기존,국립한국해양대학교,공학계열,4017,0,4638,4200,438,115.5,104.6
2016,대학교,국립,부산,기존,국립한국해양대학교,예ㆍ체능계열,100,0,114,99,15,114,99
2016,대학교,국립,부산,기존,국립한국해양대학교,자연과학계열,362,0,512,388,124,141.4,107.2
2016,대학교,국립,대전,기존,국립한밭대학교,예ㆍ체능계열,455,0,433,408,25,95.2,89.7
2016,대학교,국립,대전,기존,국립한밭대학교,인문ㆍ사회계열,1797,0,1788,1567,221,99.5,87.2
2016,대학교,국립,대전,기존,국립한밭대학교,공학계열,5398,0,4844,4417,427,89.7,81.8
2016,대학교,사립,서울,기존,국민대학교,공학계열,3090,0,3815,3224,591,123.5,104.3
2016,대학교,사립,서울,기존,국민대학교,인문ㆍ사회계열,5284,0,7503,5623,1880,142,106.4
2016,대학교,사립,서울,기존,국민대학교,자연과학계열,1289,0,1478,1252,226,114.7,97.1
2016,대학교,사립,서울,기존,국민대학교,예ㆍ체능계열,2228,0,2366,2174,192,106.2,97.6
2016,대학교,사립,충북,기존,극동대학교,공학계열,741,0,651,602,49,87.9,81.2
2016,대학교,사립,충북,기존,극동대학교,자연과학계열,945,0,989,911,78,104.7,96.4
2016,대학교,사립,충북,기존,극동대학교,인문ㆍ사회계열,1611,0,1723,1629,94,107,101.1
2016,대학교,사립,충북,기존,극동대학교,예ㆍ체능계열,896,0,820,805,15,91.5,89.8
2016,대학교,사립,충남,기존,금강대학교,인문ㆍ사회계열,600,0,503,483,20,83.8,80.5
2016,대학교,사립,충남,기존,금강대학교,공학계열,20,0,20,20,0,100,100
2016,대학교,사립,경북,기존,김천대학교,인문ㆍ사회계열,969,0,912,832,80,94.1,85.9
2016,대학교,사립,경북,기존,김천대학교,예ㆍ체능계열,100,0,81,79,2,81,79
2016,대학교,사립,경북,기존,김천대학교,공학계열,160,0,129,117,12,80.6,73.1
2016,대학교,사립,경북,기존,김천대학교,자연과학계열,2679,0,2585,2308,277,96.5,86.2
2016,대학교,사립,충남,기존,나사렛대학교,예ㆍ체능계열,625,0,690,582,108,110.4,93.1
2016,대학교,사립,충남,기존,나사렛대학교,자연과학계열,1178,0,1151,1021,130,97.7,86.7
2016,대학교,사립,충남,기존,나사렛대학교,인문ㆍ사회계열,3425,0,3647,3228,419,106.5,94.2
2016,대학교,사립,광주,기존,남부대학교,예ㆍ체능계열,450,0,354,338,16,78.7,75.1
2016,대학교,사립,광주,기존,남부대학교,공학계열,250,0,275,196,79,110,78.4
2016,대학교,사립,광주,기존,남부대학교,자연과학계열,1710,0,1750,1511,239,102.3,88.4
2016,대학교,사립,광주,기존,남부대학교,인문ㆍ사회계열,598,0,648,602,46,108.4,100.7
2016,대학교,사립,충남,기존,남서울대학교,공학계열,2550,0,1869,1732,137,73.3,67.9
2016,대학교,사립,충남,기존,남서울대학교,예ㆍ체능계열,1644,0,1426,1373,53,86.7,83.5
2016,대학교,사립,충남,기존,남서울대학교,자연과학계열,680,0,712,621,91,104.7,91.3
2016,대학교,사립,충남,기존,남서울대학교,인문ㆍ사회계열,4661,0,4361,4004,357,93.6,85.9
2016,대학교,사립,경기,기존,단국대학교,자연과학계열,240,0,367,356,11,152.9,148.3
2016,대학교,사립,경기,기존,단국대학교,예ㆍ체능계열,1531,0,1644,1558,86,107.4,101.8
2016,대학교,사립,경기,기존,단국대학교,공학계열,3264,0,3607,3206,401,110.5,98.2
2016,대학교,사립,경기,기존,단국대학교,인문ㆍ사회계열,4472,0,5831,4956,875,130.4,110.8
2016,대학교,사립,충남,기존,단국대학교 _제2캠퍼스,인문ㆍ사회계열,3285,0,4158,3641,517,126.6,110.8
2016,대학교,사립,충남,기존,단국대학교 _제2캠퍼스,의학계열,440,0,450,427,23,102.3,97
2016,대학교,사립,충남,기존,단국대학교 _제2캠퍼스,예ㆍ체능계열,1523,0,1709,1616,93,112.2,106.1
2016,대학교,사립,충남,기존,단국대학교 _제2캠퍼스,자연과학계열,3766,0,3517,3228,289,93.4,85.7
2016,대학교,사립,충남,기존,단국대학교 _제2캠퍼스,공학계열,1185,0,1789,1605,184,151,135.4
2016,대학교,사립,경북,기존,대구가톨릭대학교,의학계열,160,0,170,155,15,106.3,96.9
2016,대학교,사립,경북,기존,대구가톨릭대학교,인문ㆍ사회계열,5367,0,6197,5633,564,115.5,105
2016,대학교,사립,경북,기존,대구가톨릭대학교,예ㆍ체능계열,1621,0,1616,1595,21,99.7,98.4
2016,대학교,사립,경북,기존,대구가톨릭대학교,공학계열,2065,0,2350,2119,231,113.8,102.6
2016,대학교,사립,경북,기존,대구가톨릭대학교,자연과학계열,3178,0,3524,3155,369,110.9,99.3
2016,대학교,특별법법인,대구,기존,대구경북과학기술원,자연과학계열,600,0,533,528,5,88.8,88
2016,교육대학,국립,대구,기존,대구교육대학교,예ㆍ체능계열,333,0,363,334,29,109,100.3
2016,교육대학,국립,대구,기존,대구교육대학교,인문ㆍ사회계열,765,0,831,770,61,108.6,100.7
2016,교육대학,국립,대구,기존,대구교육대학교,자연과학계열,434,0,483,445,38,111.3,102.5
2016,대학교,사립,경북,기존,대구대학교,공학계열,3470,0,3780,3334,446,108.9,96.1
2016,대학교,사립,경북,기존,대구대학교,인문ㆍ사회계열,8787,0,9654,8760,894,109.9,99.7
2016,대학교,사립,경북,기존,대구대학교,자연과학계열,3720,0,3771,3492,279,101.4,93.9
2016,대학교,사립,경북,기존,대구대학교,예ㆍ체능계열,1589,0,1574,1464,110,99.1,92.1
2016,대학교,사립,경북,기존,대구예술대학교,예ㆍ체능계열,1852,0,1432,1400,32,77.3,75.6
2016,대학교,사립,경북,기존,대구외국어대학교,인문ㆍ사회계열,520,31,334,315,19,68.3,64.4
2016,대학교,사립,경북,기존,대구한의대학교,공학계열,664,0,673,637,36,101.4,95.9
2016,대학교,사립,경북,기존,대구한의대학교,의학계열,432,0,442,418,24,102.3,96.8
2016,대학교,사립,경북,기존,대구한의대학교,자연과학계열,2926,0,3058,2832,226,104.5,96.8
2016,대학교,사립,경북,기존,대구한의대학교,예ㆍ체능계열,700,0,700,661,39,100,94.4
2016,대학교,사립,경북,기존,대구한의대학교,인문ㆍ사회계열,1922,0,2200,1900,300,114.5,98.9
2016,대학교,사립,경북,기존,대신대학교,인문ㆍ사회계열,340,8,209,204,5,63,61.4
2016,대학교,사립,경북,기존,대신대학교,예ㆍ체능계열,160,4,92,90,2,59,57.7
2016,대학교,사립,세종,기존,대전가톨릭대학교,인문ㆍ사회계열,160,0,68,64,4,42.5,40
2016,대학교,사립,대전,기존,대전대학교,의학계열,288,0,305,274,31,105.9,95.1
2016,대학교,사립,대전,기존,대전대학교,예ㆍ체능계열,683,0,647,635,12,94.7,93
2016,대학교,사립,대전,기존,대전대학교,공학계열,2173,0,2088,1903,185,96.1,87.6
2016,대학교,사립,대전,기존,대전대학교,자연과학계열,1622,0,1716,1578,138,105.8,97.3
2016,대학교,사립,대전,기존,대전대학교,인문ㆍ사회계열,4635,0,4888,4603,285,105.5,99.3
2016,대학교,사립,대전,기존,대전신학대학교,인문ㆍ사회계열,240,0,185,182,3,77.1,75.8
2016,대학교,사립,경기,기존,대진대학교,공학계열,2263,0,2234,2046,188,98.7,90.4
2016,대학교,사립,경기,기존,대진대학교,자연과학계열,947,0,892,844,48,94.2,89.1
2016,대학교,사립,경기,기존,대진대학교,예ㆍ체능계열,993,0,911,828,83,91.7,83.4
2016,대학교,사립,경기,기존,대진대학교,인문ㆍ사회계열,3470,0,3795,3402,393,109.4,98
2016,대학교,사립,서울,기존,덕성여자대학교,자연과학계열,1280,0,1318,1236,82,103,96.6
2016,대학교,사립,서울,기존,덕성여자대학교,인문ㆍ사회계열,2840,0,3413,3062,351,120.2,107.8
2016,대학교,사립,서울,기존,덕성여자대학교,예ㆍ체능계열,680,0,770,718,52,113.2,105.6
2016,대학교,사립,서울,기존,덕성여자대학교,공학계열,360,0,387,360,27,107.5,100
2016,대학교,사립,서울,기존,동국대학교,공학계열,3304,0,3645,3198,447,110.3,96.8
2016,대학교,사립,서울,기존,동국대학교,자연과학계열,1384,0,1561,1407,154,112.8,101.7
2016,대학교,사립,서울,기존,동국대학교,예ㆍ체능계열,840,0,1018,864,154,121.2,102.9
2016,대학교,사립,서울,기존,동국대학교,인문ㆍ사회계열,5332,0,7346,5689,1657,137.8,106.7
2016,대학교,사립,경북,기존,동국대학교(WISE) _분교,인문ㆍ사회계열,4099,0,4473,3908,565,109.1,95.3
2016,대학교,사립,경북,기존,동국대학교(WISE) _분교,자연과학계열,1451,0,1469,1331,138,101.2,91.7
2016,대학교,사립,경북,기존,동국대학교(WISE) _분교,공학계열,1085,0,1059,960,99,97.6,88.5
2016,대학교,사립,경북,기존,동국대학교(WISE) _분교,예ㆍ체능계열,555,0,584,569,15,105.2,102.5
2016,대학교,사립,경북,기존,동국대학교(WISE) _분교,의학계열,326,0,354,311,43,108.6,95.4
2016,대학교,사립,서울,기존,동덕여자대학교,자연과학계열,1234,0,1332,1149,183,107.9,93.1
2016,대학교,사립,서울,기존,동덕여자대학교,예ㆍ체능계열,2488,0,2483,2398,85,99.8,96.4
2016,대학교,사립,서울,기존,동덕여자대학교,인문ㆍ사회계열,2833,0,3225,2767,458,113.8,97.7
2016,대학교,사립,부산,기존,동명대학교,인문ㆍ사회계열,3198,0,3333,3035,298,104.2,94.9
2016,대학교,사립,부산,기존,동명대학교,공학계열,3130,0,3546,3229,317,113.3,103.2
2016,대학교,사립,부산,기존,동명대학교,자연과학계열,630,0,649,600,49,103,95.2
2016,대학교,사립,부산,기존,동명대학교,예ㆍ체능계열,930,0,909,859,50,97.7,92.4
2016,대학교,사립,부산,기존,동서대학교,공학계열,3080,0,3110,2907,203,101,94.4
2016,대학교,사립,부산,기존,동서대학교,예ㆍ체능계열,1720,0,1877,1771,106,109.1,103
2016,대학교,사립,부산,기존,동서대학교,인문ㆍ사회계열,4603,0,5197,4749,448,112.9,103.2
2016,대학교,사립,부산,기존,동서대학교,자연과학계열,940,0,971,882,89,103.3,93.8
2016,대학교,사립,전남,기존,동신대학교,인문ㆍ사회계열,2365,0,2491,2275,216,105.3,96.2
2016,대학교,사립,전남,기존,동신대학교,의학계열,160,0,226,168,58,141.3,105
2016,대학교,사립,전남,기존,동신대학교,자연과학계열,2255,0,2502,2208,294,111,97.9
2016,대학교,사립,전남,기존,동신대학교,예ㆍ체능계열,585,0,582,559,23,99.5,95.6
2016,대학교,사립,전남,기존,동신대학교,공학계열,1355,0,1291,1207,84,95.3,89.1
2016,대학교,사립,부산,기존,동아대학교,공학계열,4955,0,5813,5132,681,117.3,103.6
2016,대학교,사립,부산,기존,동아대학교,자연과학계열,2778,0,2839,2659,180,102.2,95.7
2016,대학교,사립,부산,기존,동아대학교,의학계열,146,0,149,149,0,102.1,102.1
2016,대학교,사립,부산,기존,동아대학교,예ㆍ체능계열,2169,0,2110,2032,78,97.3,93.7
2016,대학교,사립,부산,기존,동아대학교,인문ㆍ사회계열,7445,0,8931,8044,887,120,108
2016,대학교,사립,경북,기존,동양대학교,공학계열,1865,0,1763,1667,96,94.5,89.4
2016,대학교,사립,경북,기존,동양대학교,예ㆍ체능계열,546,0,500,472,28,91.6,86.4
2016,대학교,사립,경북,기존,동양대학교,자연과학계열,240,0,260,221,39,108.3,92.1
2016,대학교,사립,경북,기존,동양대학교,인문ㆍ사회계열,1751,0,1906,1696,210,108.9,96.9
2016,대학교,사립,부산,기존,동의대학교,인문ㆍ사회계열,6080,0,6647,5977,670,109.3,98.3
2016,대학교,사립,부산,기존,동의대학교,자연과학계열,2590,0,2500,2413,87,96.5,93.2
2016,대학교,사립,부산,기존,동의대학교,의학계열,200,0,193,186,7,96.5,93
2016,대학교,사립,부산,기존,동의대학교,예ㆍ체능계열,1485,0,1393,1365,28,93.8,91.9
2016,대학교,사립,부산,기존,동의대학교,공학계열,4830,0,4860,4482,378,100.6,92.8
2016,대학교,사립,경기,기존,루터대학교,인문ㆍ사회계열,400,0,412,395,17,103,98.8
2016,대학교,사립,경기,기존,명지대학교,예ㆍ체능계열,1478,0,1536,1490,46,103.9,100.8
2016,대학교,사립,경기,기존,명지대학교,자연과학계열,840,0,861,814,47,102.5,96.9
2016,대학교,사립,경기,기존,명지대학교,공학계열,3991,0,4355,3973,382,109.1,99.5
2016,대학교,사립,서울,기존,명지대학교 _제2캠퍼스,공학계열,100,0,97,97,0,97,97
2016,대학교,사립,서울,기존,명지대학교 _제2캠퍼스,인문ㆍ사회계열,4952,0,6883,5629,1254,139,113.7
2016,대학교,사립,대전,기존,목원대학교,예ㆍ체능계열,2246,0,2334,2296,38,103.9,102.2
2016,대학교,사립,대전,기존,목원대학교,인문ㆍ사회계열,3555,0,3880,3573,307,109.1,100.5
2016,대학교,사립,대전,기존,목원대학교,자연과학계열,1006,0,1040,978,62,103.4,97.2
2016,대학교,사립,대전,기존,목원대학교,공학계열,1359,0,1360,1262,98,100.1,92.9
2016,대학교,사립,전남,기존,목포가톨릭대학교,인문ㆍ사회계열,160,0,155,155,0,96.9,96.9
2016,대학교,사립,전남,기존,목포가톨릭대학교,자연과학계열,360,0,415,373,42,115.3,103.6
2016,대학교,사립,대전,기존,배재대학교,공학계열,1727,0,1741,1609,132,100.8,93.2
2016,대학교,사립,대전,기존,배재대학교,인문ㆍ사회계열,4448,0,4860,4430,430,109.3,99.6
2016,대학교,사립,대전,기존,배재대학교,예ㆍ체능계열,975,0,905,891,14,92.8,91.4
2016,대학교,사립,대전,기존,배재대학교,자연과학계열,1740,0,1824,1688,136,104.8,97
2016,대학교,사립,충남,기존,백석대학교,자연과학계열,2332,0,2475,2147,328,106.1,92.1
2016,대학교,사립,충남,기존,백석대학교,인문ㆍ사회계열,6922,0,7393,6834,559,106.8,98.7
2016,대학교,사립,충남,기존,백석대학교,예ㆍ체능계열,2650,0,2610,2473,137,98.5,93.3
2016,대학교,사립,부산,기존,부산가톨릭대학교,인문ㆍ사회계열,1062,0,1025,997,28,96.5,93.9
2016,대학교,사립,부산,기존,부산가톨릭대학교,자연과학계열,2300,0,2637,2228,409,114.7,96.9
2016,대학교,사립,부산,기존,부산가톨릭대학교,공학계열,400,0,379,377,2,94.8,94.3
2016,교육대학,국립,부산,기존,부산교육대학교,예ㆍ체능계열,327,0,374,340,34,114.4,104
2016,교육대학,국립,부산,기존,부산교육대학교,인문ㆍ사회계열,665,0,721,670,51,108.4,100.8
2016,교육대학,국립,부산,기존,부산교육대학교,자연과학계열,432,0,473,431,42,109.5,99.8
2016,대학교,국립,부산,기존,부산대학교,자연과학계열,4480,0,4815,4389,426,107.5,98
2016,대학교,국립,부산,기존,부산대학교,예ㆍ체능계열,1401,0,1569,1443,126,112,103
2016,대학교,국립,부산,기존,부산대학교,인문ㆍ사회계열,5679,0,7222,6278,944,127.2,110.5
2016,대학교,국립,부산,기존,부산대학교,공학계열,6260,0,7881,7056,825,125.9,112.7
2016,대학교,사립,부산,기존,부산외국어대학교,예ㆍ체능계열,310,0,260,244,16,83.9,78.7
2016,대학교,사립,부산,기존,부산외국어대학교,공학계열,685,0,581,546,35,84.8,79.7
2016,대학교,사립,부산,기존,부산외국어대학교,인문ㆍ사회계열,7065,70,8287,7492,795,118.5,107.1
2016,대학교,사립,경남,기존,부산장신대학교,인문ㆍ사회계열,280,0,266,252,14,95,90
2016,대학교,사립,서울,기존,삼육대학교,예ㆍ체능계열,764,0,843,771,72,110.3,100.9
2016,대학교,사립,서울,기존,삼육대학교,공학계열,664,0,733,660,73,110.4,99.4
2016,대학교,사립,서울,기존,삼육대학교,자연과학계열,1749,0,1953,1678,275,111.7,95.9
2016,대학교,사립,서울,기존,삼육대학교,인문ㆍ사회계열,1781,0,2101,1937,164,118,108.8
2016,대학교,사립,서울,기존,상명대학교,인문ㆍ사회계열,2648,0,4053,2794,1259,153.1,105.5
2016,대학교,사립,서울,기존,상명대학교,예ㆍ체능계열,971,0,1014,912,102,104.4,93.9
2016,대학교,사립,서울,기존,상명대학교,자연과학계열,1564,0,1890,1554,336,120.8,99.4
2016,대학교,사립,서울,기존,상명대학교,공학계열,277,0,374,294,80,135,106.1
2016,대학교,사립,충남,기존,상명대학교(천안) _분교,공학계열,1206,0,1198,1079,119,99.3,89.5
2016,대학교,사립,충남,기존,상명대학교(천안) _분교,인문ㆍ사회계열,1419,0,1544,1359,185,108.8,95.8
2016,대학교,사립,충남,기존,상명대학교(천안) _분교,자연과학계열,555,0,591,504,87,106.5,90.8
2016,대학교,사립,충남,기존,상명대학교(천안) _분교,예ㆍ체능계열,2446,0,2831,2549,282,115.7,104.2
2016,대학교,사립,강원,기존,상지대학교,의학계열,240,0,231,226,5,96.3,94.2
2016,대학교,사립,강원,기존,상지대학교,인문ㆍ사회계열,3630,0,3465,3123,342,95.5,86
2016,대학교,사립,강원,기존,상지대학교,자연과학계열,2070,0,1897,1788,109,91.6,86.4
2016,대학교,사립,강원,기존,상지대학교,공학계열,1060,0,935,872,63,88.2,82.3
2016,대학교,사립,강원,기존,상지대학교,예ㆍ체능계열,876,0,786,763,23,89.7,87.1
2016,대학교,사립,서울,기존,서강대학교,자연과학계열,856,0,925,837,88,108.1,97.8
2016,대학교,사립,서울,기존,서강대학교,인문ㆍ사회계열,3980,0,5221,4361,860,131.2,109.6
2016,대학교,사립,서울,기존,서강대학교,공학계열,1684,0,1836,1668,168,109,99
2016,대학교,사립,서울,기존,서경대학교,예ㆍ체능계열,1640,0,1972,1452,520,120.2,88.5
2016,대학교,사립,서울,기존,서경대학교,자연과학계열,320,0,356,315,41,111.3,98.4
2016,대학교,사립,서울,기존,서경대학교,공학계열,1600,0,1823,1659,164,113.9,103.7
2016,대학교,사립,서울,기존,서경대학교,인문ㆍ사회계열,2080,0,2602,2193,409,125.1,105.4
2016,대학교,사립,전북,기존,서남대학교,인문ㆍ사회계열,410,0,30,30,0,7.3,7.3
2016,대학교,사립,전북,기존,서남대학교,예ㆍ체능계열,450,0,98,98,0,21.8,21.8
2016,대학교,사립,전북,기존,서남대학교,자연과학계열,1308,0,612,558,54,46.8,42.7
2016,대학교,사립,전북,기존,서남대학교,의학계열,196,0,194,189,5,99,96.4
2016,대학교,사립,전북,기존,서남대학교,공학계열,74,0,2,2,0,2.7,2.7
2016,대학교,사립,충남,기존,서남대학교 _제2캠퍼스,자연과학계열,685,0,227,217,10,33.1,31.7
2016,대학교,사립,충남,기존,서남대학교 _제2캠퍼스,공학계열,520,0,126,125,1,24.2,24
2016,대학교,사립,충남,기존,서남대학교 _제2캠퍼스,인문ㆍ사회계열,1666,0,237,236,1,14.2,14.2
2016,대학교,사립,충남,기존,서남대학교 _제2캠퍼스,예ㆍ체능계열,301,0,145,136,9,48.2,45.2
2016,대학교,국립,서울,기존,서울과학기술대학교,공학계열,5930,0,5372,4921,451,90.6,83
2016,대학교,국립,서울,기존,서울과학기술대학교,예ㆍ체능계열,1104,0,1215,1060,155,110.1,96
2016,대학교,국립,서울,기존,서울과학기술대학교,자연과학계열,639,0,625,563,62,97.8,88.1
2016,대학교,국립,서울,기존,서울과학기술대학교,인문ㆍ사회계열,1198,0,1062,961,101,88.6,80.2
2016,교육대학,국립,서울,기존,서울교육대학교,인문ㆍ사회계열,1420,0,1545,1423,122,108.8,100.2
2016,대학교,사립,서울,기존,서울기독대학교,예ㆍ체능계열,204,0,185,184,1,90.7,90.2
2016,대학교,사립,서울,기존,서울기독대학교,인문ㆍ사회계열,440,0,404,389,15,91.8,88.4
2016,대학교,국립대법인,서울,기존,서울대학교,예ㆍ체능계열,1140,0,1455,1342,113,127.6,117.7
2016,대학교,국립대법인,서울,기존,서울대학교,의학계열,564,0,677,558,119,120,98.9
2016,대학교,국립대법인,서울,기존,서울대학교,공학계열,3146,0,3877,3544,333,123.2,112.7
2016,대학교,국립대법인,서울,기존,서울대학교,자연과학계열,3534,0,4082,3719,363,115.5,105.2
2016,대학교,국립대법인,서울,기존,서울대학교,인문ㆍ사회계열,4616,0,6420,5782,638,139.1,125.3
2016,대학교,공립,서울,기존,서울시립대학교,인문ㆍ사회계열,3224,0,4357,3954,403,135.1,122.6
2016,대학교,공립,서울,기존,서울시립대학교,자연과학계열,674,0,812,753,59,120.5,111.7
2016,대학교,공립,서울,기존,서울시립대학교,공학계열,2617,0,3387,3017,370,129.4,115.3
2016,대학교,공립,서울,기존,서울시립대학교,예ㆍ체능계열,540,0,591,578,13,109.4,107
2016,대학교,사립,경기,기존,서울신학대학교,예ㆍ체능계열,370,0,382,366,16,103.2,98.9
2016,대학교,사립,경기,기존,서울신학대학교,인문ㆍ사회계열,1790,0,1867,1720,147,104.3,96.1
2016,대학교,사립,서울,기존,서울여자대학교,인문ㆍ사회계열,3770,0,4418,3987,431,117.2,105.8
2016,대학교,사립,서울,기존,서울여자대학교,예ㆍ체능계열,770,0,816,794,22,106,103.1
2016,대학교,사립,서울,기존,서울여자대학교,자연과학계열,2155,0,2390,2162,228,110.9,100.3
2016,대학교,사립,경기,기존,서울장신대학교,예ㆍ체능계열,125,0,114,109,5,91.2,87.2
2016,대학교,사립,경기,기존,서울장신대학교,인문ㆍ사회계열,363,0,381,351,30,105,96.7
2016,대학교,사립,서울,기존,서울한영대학교,예ㆍ체능계열,69,0,59,58,1,85.5,84.1
2016,대학교,사립,서울,기존,서울한영대학교,인문ㆍ사회계열,731,0,693,643,50,94.8,88
2016,대학교,사립,충북,기존,서원대학교,예ㆍ체능계열,925,0,955,903,52,103.2,97.6
2016,대학교,사립,충북,기존,서원대학교,공학계열,1385,0,1258,1202,56,90.8,86.8
2016,대학교,사립,충북,기존,서원대학교,자연과학계열,1070,0,1119,1043,76,104.6,97.5
2016,대학교,사립,충북,기존,서원대학교,인문ㆍ사회계열,3458,0,3989,3577,412,115.4,103.4
2016,대학교,사립,충남,기존,선문대학교,예ㆍ체능계열,628,0,583,546,37,92.8,86.9
2016,대학교,사립,충남,기존,선문대학교,자연과학계열,1101,0,1208,1035,173,109.7,94
2016,대학교,사립,충남,기존,선문대학교,인문ㆍ사회계열,4245,0,4852,4172,680,114.3,98.3
2016,대학교,사립,충남,기존,선문대학교,공학계열,2887,0,2881,2679,202,99.8,92.8
2016,대학교,사립,경기,기존,성결대학교,공학계열,1240,0,1246,1194,52,100.5,96.3
2016,대학교,사립,경기,기존,성결대학교,예ㆍ체능계열,720,0,793,722,71,110.1,100.3
2016,대학교,사립,경기,기존,성결대학교,인문ㆍ사회계열,3160,0,3458,3179,279,109.4,100.6
2016,대학교,사립,서울,기존,성공회대학교,인문ㆍ사회계열,1522,0,1594,1457,137,104.7,95.7
2016,대학교,사립,서울,기존,성공회대학교,공학계열,584,0,567,548,19,97.1,93.8
2016,대학교,사립,서울,기존,성균관대학교,공학계열,4570,0,6077,4914,1163,133,107.5
2016,대학교,사립,서울,기존,성균관대학교,의학계열,120,0,126,122,4,105,101.7
2016,대학교,사립,서울,기존,성균관대학교,인문ㆍ사회계열,6394,0,9862,6996,2866,154.2,109.4
2016,대학교,사립,서울,기존,성균관대학교,자연과학계열,1704,0,1615,1423,192,94.8,83.5
2016,대학교,사립,서울,기존,성균관대학교,예ㆍ체능계열,1222,0,1544,1377,167,126.4,112.7
2016,대학교,사립,서울,기존,성신여자대학교,자연과학계열,1906,0,2054,1814,240,107.8,95.2
2016,대학교,사립,서울,기존,성신여자대학교,인문ㆍ사회계열,4548,0,5226,4644,582,114.9,102.1
2016,대학교,사립,서울,기존,성신여자대학교,예ㆍ체능계열,2254,0,2340,2250,90,103.8,99.8
2016,대학교,사립,충북,기존,세명대학교,인문ㆍ사회계열,3680,0,3713,3398,315,100.9,92.3
2016,대학교,사립,충북,기존,세명대학교,예ㆍ체능계열,900,0,907,839,68,100.8,93.2
2016,대학교,사립,충북,기존,세명대학교,자연과학계열,2180,0,2215,2015,200,101.6,92.4
2016,대학교,사립,충북,기존,세명대학교,의학계열,160,0,167,144,23,104.4,90
2016,대학교,사립,충북,기존,세명대학교,공학계열,1100,0,1084,1020,64,98.5,92.7
2016,대학교,사립,서울,기존,세종대학교,예ㆍ체능계열,1340,8,1555,1395,160,116.7,104.7
2016,대학교,사립,서울,기존,세종대학교,인문ㆍ사회계열,2660,4,3737,2907,830,140.7,109.5
2016,대학교,사립,서울,기존,세종대학교,자연과학계열,746,0,732,686,46,98.1,92
2016,대학교,사립,서울,기존,세종대학교,공학계열,4582,0,5475,4746,729,119.5,103.6
2016,대학교,사립,전남,기존,세한대학교,예ㆍ체능계열,1710,0,1520,1480,40,88.9,86.5
2016,대학교,사립,전남,기존,세한대학교,인문ㆍ사회계열,1505,0,1601,1539,62,106.4,102.3
2016,대학교,사립,전남,기존,세한대학교,자연과학계열,840,0,819,681,138,97.5,81.1
2016,대학교,사립,전남,기존,세한대학교,공학계열,295,0,226,224,2,76.6,75.9
2016,대학교,사립,광주,기존,송원대학교,예ㆍ체능계열,455,0,362,352,10,79.6,77.4
2016,대학교,사립,광주,기존,송원대학교,인문ㆍ사회계열,1335,0,1096,1030,66,82.1,77.2
2016,대학교,사립,광주,기존,송원대학교,공학계열,680,0,445,429,16,65.4,63.1
2016,대학교,사립,광주,기존,송원대학교,자연과학계열,730,0,650,542,108,89,74.2
2016,대학교,사립,경기,기존,수원가톨릭대학교,인문ㆍ사회계열,360,0,143,141,2,39.7,39.2
2016,대학교,사립,경기,기존,수원대학교,공학계열,3045,0,3135,2870,265,103,94.3
2016,대학교,사립,경기,기존,수원대학교,자연과학계열,1499,0,1516,1397,119,101.1,93.2
2016,대학교,사립,경기,기존,수원대학교,인문ㆍ사회계열,2880,0,3178,2729,449,110.3,94.8
2016,대학교,사립,경기,기존,수원대학교,예ㆍ체능계열,2400,0,2203,2176,27,91.8,90.7
2016,대학교,사립,서울,기존,숙명여자대학교,예ㆍ체능계열,1515,0,1597,1557,40,105.4,102.8
2016,대학교,사립,서울,기존,숙명여자대학교,자연과학계열,2010,0,2012,1805,207,100.1,89.8
2016,대학교,사립,서울,기존,숙명여자대학교,공학계열,100,0,246,220,26,246,220
2016,대학교,사립,서울,기존,숙명여자대학교,인문ㆍ사회계열,5487,0,6637,5820,817,121,106.1
2016,각종학교(대학),사립,충북,기존,순복음총회신학교,인문ㆍ사회계열,334,5,306,291,15,93,88.4
2016,각종학교(대학),사립,충북,기존,순복음총회신학교,예ㆍ체능계열,52,0,39,39,0,75,75
2016,대학교,사립,충남,기존,순천향대학교,공학계열,2607,0,2724,2382,342,104.5,91.4
2016,대학교,사립,충남,기존,순천향대학교,인문ㆍ사회계열,3850,0,4383,3877,506,113.8,100.7
2016,대학교,사립,충남,기존,순천향대학교,의학계열,372,0,369,353,16,99.2,94.9
2016,대학교,사립,충남,기존,순천향대학교,자연과학계열,2234,0,2229,2051,178,99.8,91.8
2016,대학교,사립,충남,기존,순천향대학교,예ㆍ체능계열,988,0,911,887,24,92.2,89.8
2016,대학교,사립,서울,기존,숭실대학교,공학계열,4639,0,5288,4698,590,114,101.3
2016,대학교,사립,서울,기존,숭실대학교,자연과학계열,937,0,950,865,85,101.4,92.3
2016,대학교,사립,서울,기존,숭실대학교,예ㆍ체능계열,274,0,268,257,11,97.8,93.8
2016,대학교,사립,서울,기존,숭실대학교,인문ㆍ사회계열,4880,0,6251,5128,1123,128.1,105.1
2016,대학교,사립,경북,기존,신경주대학교,자연과학계열,1120,0,1078,1042,36,96.3,93
2016,대학교,사립,경북,기존,신경주대학교,인문ㆍ사회계열,2278,0,891,840,51,39.1,36.9
2016,대학교,사립,경북,기존,신경주대학교,예ㆍ체능계열,570,0,214,211,3,37.5,37
2016,대학교,사립,부산,기존,신라대학교,인문ㆍ사회계열,4728,0,5330,4613,717,112.7,97.6
2016,대학교,사립,부산,기존,신라대학교,예ㆍ체능계열,980,0,957,905,52,97.7,92.3
2016,대학교,사립,부산,기존,신라대학교,자연과학계열,1931,0,2005,1866,139,103.8,96.6
2016,대학교,사립,부산,기존,신라대학교,공학계열,1449,0,1426,1272,154,98.4,87.8
2016,대학교,사립,경기,기존,신한대학교,인문ㆍ사회계열,210,0,188,147,41,89.5,70
2016,대학교,사립,경기,기존,신한대학교,공학계열,519,0,581,306,275,111.9,59
2016,대학교,사립,경기,기존,신한대학교,자연과학계열,270,0,307,238,69,113.7,88.1
2016,대학교,사립,경기,기존,신한대학교 _제2캠퍼스,인문ㆍ사회계열,1455,0,1962,1148,814,134.8,78.9
2016,대학교,사립,경기,기존,신한대학교 _제2캠퍼스,예ㆍ체능계열,525,0,568,380,188,108.2,72.4
2016,대학교,사립,경기,기존,신한대학교 _제2캠퍼스,공학계열,210,0,236,111,125,112.4,52.9
2016,대학교,사립,경기,기존,신한대학교 _제2캠퍼스,자연과학계열,1170,0,1519,934,585,129.8,79.8
2016,대학교,사립,경기,기존,아신대학교,인문ㆍ사회계열,780,0,780,735,45,100,94.2
2016,대학교,사립,경기,기존,아주대학교,공학계열,4162,0,5074,4554,520,121.9,109.4
2016,대학교,사립,경기,기존,아주대학교,의학계열,120,0,122,115,7,101.7,95.8
2016,대학교,사립,경기,기존,아주대학교,자연과학계열,1115,0,1327,1083,244,119,97.1
2016,대학교,사립,경기,기존,아주대학교,인문ㆍ사회계열,2480,0,3057,2714,343,123.3,109.4
2016,대학교,사립,경기,기존,안양대학교,인문ㆍ사회계열,2204,0,2176,2010,166,98.7,91.2
2016,대학교,사립,경기,기존,안양대학교,예ㆍ체능계열,564,0,500,482,18,88.7,85.5
2016,대학교,사립,경기,기존,안양대학교,자연과학계열,400,0,400,373,27,100,93.3
2016,대학교,사립,경기,기존,안양대학교,공학계열,1300,0,1318,1215,103,101.4,93.5
2016,대학교,사립,인천,기존,안양대학교 _제2캠퍼스,공학계열,280,0,221,217,4,78.9,77.5
2016,대학교,사립,인천,기존,안양대학교 _제2캠퍼스,인문ㆍ사회계열,280,0,227,221,6,81.1,78.9
2016,대학교,사립,서울,기존,연세대학교,인문ㆍ사회계열,6569,0,9888,7767,2121,150.5,118.2
2016,대학교,사립,서울,기존,연세대학교,예ㆍ체능계열,841,0,1024,964,60,121.8,114.6
2016,대학교,사립,서울,기존,연세대학교,자연과학계열,2481,0,3427,2735,692,138.1,110.2
2016,대학교,사립,서울,기존,연세대학교,공학계열,3579,0,4535,3982,553,126.7,111.3
2016,대학교,사립,서울,기존,연세대학교,의학계열,510,0,591,457,134,115.9,89.6
2016,대학교,사립,강원,기존,연세대학교(미래) _분교,인문ㆍ사회계열,2369,0,3009,2698,311,127,113.9
2016,대학교,사립,강원,기존,연세대학교(미래) _분교,자연과학계열,2585,0,3150,2612,538,121.9,101
2016,대학교,사립,강원,기존,연세대학교(미래) _분교,공학계열,922,0,1238,1020,218,134.3,110.6
2016,대학교,사립,강원,기존,연세대학교(미래) _분교,의학계열,372,0,423,373,50,113.7,100.3
2016,대학교,사립,경북,기존,영남대학교,인문ㆍ사회계열,8017,0,9247,8368,879,115.3,104.4
2016,대학교,사립,경북,기존,영남대학교,공학계열,5259,0,6545,5843,702,124.5,111.1
2016,대학교,사립,경북,기존,영남대학교,의학계열,228,0,216,214,2,94.7,93.9
2016,대학교,사립,경북,기존,영남대학교,자연과학계열,3980,0,3753,3498,255,94.3,87.9
2016,대학교,사립,경북,기존,영남대학교,예ㆍ체능계열,2040,0,2067,1976,91,101.3,96.9
2016,대학교,사립,경북,기존,영남신학대학교,인문ㆍ사회계열,515,0,387,378,9,75.1,73.4
2016,대학교,사립,경남,기존,영산대학교,자연과학계열,640,0,719,629,90,112.3,98.3
2016,대학교,사립,경남,기존,영산대학교,공학계열,980,0,835,783,52,85.2,79.9
2016,대학교,사립,경남,기존,영산대학교,예ㆍ체능계열,220,0,193,188,5,87.7,85.5
2016,대학교,사립,경남,기존,영산대학교,인문ㆍ사회계열,1317,0,1432,1345,87,108.7,102.1
2016,대학교,사립,부산,기존,영산대학교 _제2캠퍼스,인문ㆍ사회계열,1631,0,1998,1637,361,122.5,100.4
2016,대학교,사립,부산,기존,영산대학교 _제2캠퍼스,예ㆍ체능계열,1115,0,1179,1088,91,105.7,97.6
2016,대학교,사립,부산,기존,영산대학교 _제2캠퍼스,자연과학계열,540,0,644,572,72,119.3,105.9
2016,대학교,사립,전남,기존,영산선학대학교,인문ㆍ사회계열,200,0,38,37,1,19,18.5
2016,대학교,사립,전북,기존,예수대학교,자연과학계열,460,0,490,442,48,106.5,96.1
2016,대학교,사립,전북,기존,예수대학교,인문ㆍ사회계열,76,0,77,77,0,101.3,101.3
2016,대학교,사립,전북,기존,예원예술대학교,인문ㆍ사회계열,132,0,71,69,2,53.8,52.3
2016,대학교,사립,전북,기존,예원예술대학교,예ㆍ체능계열,618,31,517,488,29,88.1,83.1
2016,대학교,사립,경기,기존,예원예술대학교 _제2캠퍼스,예ㆍ체능계열,396,0,494,443,51,124.7,111.9
2016,대학교,사립,경기,기존,용인대학교,예ㆍ체능계열,3248,0,3387,3163,224,104.3,97.4
2016,대학교,사립,경기,기존,용인대학교,인문ㆍ사회계열,1566,0,1811,1628,183,115.6,104
2016,대학교,사립,경기,기존,용인대학교,자연과학계열,1066,0,1238,1056,182,116.1,99.1
2016,대학교,사립,전북,기존,우석대학교,자연과학계열,2160,0,2262,2041,221,104.7,94.5
2016,대학교,사립,전북,기존,우석대학교,의학계열,120,0,136,117,19,113.3,97.5
2016,대학교,사립,전북,기존,우석대학교,인문ㆍ사회계열,2805,0,3124,2817,307,111.4,100.4
2016,대학교,사립,전북,기존,우석대학교,공학계열,1255,0,1187,1118,69,94.6,89.1
2016,대학교,사립,전북,기존,우석대학교,예ㆍ체능계열,1130,0,1144,1116,28,101.2,98.8
2016,대학교,사립,대전,기존,우송대학교,자연과학계열,1620,0,1682,1578,104,103.8,97.4
2016,대학교,사립,대전,기존,우송대학교,공학계열,2030,0,2047,1844,203,100.8,90.8
2016,대학교,사립,대전,기존,우송대학교,예ㆍ체능계열,920,0,1028,847,181,111.7,92.1
2016,대학교,사립,대전,기존,우송대학교,인문ㆍ사회계열,3872,0,4619,3719,900,119.3,96
2016,대학교,특별법법인,울산,기존,울산과학기술원,인문ㆍ사회계열,320,0,422,387,35,131.9,120.9
2016,대학교,특별법법인,울산,기존,울산과학기술원,공학계열,1967,0,2468,2256,212,125.5,114.7
2016,대학교,특별법법인,울산,기존,울산과학기술원,자연과학계열,233,0,294,283,11,126.2,121.5
2016,대학교,사립,울산,기존,울산대학교,인문ㆍ사회계열,3821,0,4305,3775,530,112.7,98.8
2016,대학교,사립,울산,기존,울산대학교,자연과학계열,2152,0,2190,2011,179,101.8,93.4
2016,대학교,사립,울산,기존,울산대학교,공학계열,3985,0,4681,4180,501,117.5,104.9
2016,대학교,사립,울산,기존,울산대학교,의학계열,160,0,158,158,0,98.8,98.8
2016,대학교,사립,울산,기존,울산대학교,예ㆍ체능계열,1286,0,1226,1195,31,95.3,92.9
2016,대학교,사립,전북,기존,원광대학교,공학계열,2535,0,2532,2302,230,99.9,90.8
2016,대학교,사립,전북,기존,원광대학교,인문ㆍ사회계열,5896,0,6577,6153,424,111.6,104.4
2016,대학교,사립,전북,기존,원광대학교,의학계열,984,0,1054,965,89,107.1,98.1
2016,대학교,사립,전북,기존,원광대학교,자연과학계열,3988,0,3951,3717,234,99.1,93.2
2016,대학교,사립,전북,기존,원광대학교,예ㆍ체능계열,1783,0,1634,1577,57,91.6,88.4
2016,대학교,사립,경북,기존,위덕대학교,인문ㆍ사회계열,1515,0,1539,1436,103,101.6,94.8
2016,대학교,사립,경북,기존,위덕대학교,공학계열,770,0,610,607,3,79.2,78.8
2016,대학교,사립,경북,기존,위덕대학교,자연과학계열,900,0,859,822,37,95.4,91.3
2016,대학교,사립,경북,기존,위덕대학교,예ㆍ체능계열,270,0,210,209,1,77.8,77.4
2016,대학교,사립,충북,기존,유원대학교,인문ㆍ사회계열,1620,0,1429,1377,52,88.2,85
2016,대학교,사립,충북,기존,유원대학교,자연과학계열,1450,0,1365,1234,131,94.1,85.1
2016,대학교,사립,충북,기존,유원대학교,공학계열,880,0,665,659,6,75.6,74.9
2016,대학교,사립,충북,기존,유원대학교,예ㆍ체능계열,370,0,228,227,1,61.6,61.4
2016,대학교,사립,대전,기존,을지대학교,자연과학계열,508,0,584,502,82,115,98.8
2016,대학교,사립,대전,기존,을지대학교,의학계열,160,0,184,157,27,115,98.1
2016,대학교,사립,경기,기존,을지대학교 _제2캠퍼스,인문ㆍ사회계열,800,0,855,741,114,106.9,92.6
2016,대학교,사립,경기,기존,을지대학교 _제2캠퍼스,자연과학계열,3188,0,3443,3039,404,108,95.3
2016,대학교,사립,서울,기존,이화여자대학교,예ㆍ체능계열,2478,0,2961,2708,253,119.5,109.3
2016,대학교,사립,서울,기존,이화여자대학교,공학계열,1192,0,1309,1208,101,109.8,101.3
2016,대학교,사립,서울,기존,이화여자대학교,인문ㆍ사회계열,5896,0,7784,6570,1214,132,111.4
2016,대학교,사립,서울,기존,이화여자대학교,자연과학계열,2946,0,3261,2945,316,110.7,100
2016,대학교,사립,경남,기존,인제대학교,인문ㆍ사회계열,3551,0,3568,3417,151,100.5,96.2
2016,대학교,사립,경남,기존,인제대학교,예ㆍ체능계열,877,0,884,832,52,100.8,94.9
2016,대학교,사립,경남,기존,인제대학교,공학계열,2010,0,1939,1772,167,96.5,88.2
2016,대학교,사립,경남,기존,인제대학교,자연과학계열,2476,0,2753,2443,310,111.2,98.7
2016,대학교,사립,부산,기존,인제대학교 _제2캠퍼스,의학계열,372,0,409,385,24,109.9,103.5
2016,대학교,사립,부산,기존,인제대학교 _제2캠퍼스,자연과학계열,320,0,483,326,157,150.9,101.9
2016,대학교,사립,인천,기존,인천가톨릭대학교,인문ㆍ사회계열,110,0,75,74,1,68.2,67.3
2016,대학교,사립,인천,기존,인천가톨릭대학교 _제2캠퍼스,예ㆍ체능계열,510,0,611,559,52,119.8,109.6
2016,대학교,사립,인천,기존,인천가톨릭대학교 _제2캠퍼스,자연과학계열,120,0,113,112,1,94.2,93.3
2016,대학교,국립대법인,인천,기존,인천대학교,예ㆍ체능계열,987,0,1077,1025,52,109.1,103.9
2016,대학교,국립대법인,인천,기존,인천대학교,자연과학계열,1231,0,1358,1247,111,110.3,101.3
2016,대학교,국립대법인,인천,기존,인천대학교,공학계열,4269,0,5174,4455,719,121.2,104.4
2016,대학교,국립대법인,인천,기존,인천대학교,인문ㆍ사회계열,4082,0,4850,4236,614,118.8,103.8
2016,대학교,사립,인천,기존,인하대학교,인문ㆍ사회계열,6202,0,7530,6595,935,121.4,106.3
2016,대학교,사립,인천,기존,인하대학교,자연과학계열,1441,0,1528,1375,153,106,95.4
2016,대학교,사립,인천,기존,인하대학교,공학계열,5852,0,7862,6799,1063,134.3,116.2
2016,대학교,사립,인천,기존,인하대학교,예ㆍ체능계열,600,0,577,571,6,96.2,95.2
2016,대학교,사립,서울,기존,장로회신학대학교,인문ㆍ사회계열,400,0,465,422,43,116.3,105.5
2016,대학교,사립,서울,기존,장로회신학대학교,예ㆍ체능계열,200,0,216,202,14,108,101
2016,대학교,국립,광주,기존,전남대학교,예ㆍ체능계열,895,0,969,947,22,108.3,105.8
2016,대학교,국립,광주,기존,전남대학교,의학계열,574,0,572,545,27,99.7,94.9
2016,대학교,국립,광주,기존,전남대학교,공학계열,3332,0,4079,3872,207,122.4,116.2
2016,대학교,국립,광주,기존,전남대학교,자연과학계열,4763,0,5384,4953,431,113,104
2016,대학교,국립,광주,기존,전남대학교,인문ㆍ사회계열,4492,0,6073,5351,722,135.2,119.1
2016,대학교,국립,전남,기존,전남대학교 _제2캠퍼스,자연과학계열,1211,0,1045,971,74,86.3,80.2
2016,대학교,국립,전남,기존,전남대학교 _제2캠퍼스,인문ㆍ사회계열,849,0,791,766,25,93.2,90.2
2016,대학교,국립,전남,기존,전남대학교 _제2캠퍼스,공학계열,1258,0,1075,1029,46,85.5,81.8
2016,대학교,국립,전남,기존,전남대학교 _제2캠퍼스,예ㆍ체능계열,78,0,62,62,0,79.5,79.5
2016,대학교,국립,전북,기존,전북대학교,의학계열,200,0,204,185,19,102,92.5
2016,대학교,국립,전북,기존,전북대학교,공학계열,5315,0,6201,5829,372,116.7,109.7
2016,대학교,국립,전북,기존,전북대학교,자연과학계열,5115,0,5489,5054,435,107.3,98.8
2016,대학교,국립,전북,기존,전북대학교,인문ㆍ사회계열,5006,0,6070,5549,521,121.3,110.8
2016,대학교,국립,전북,기존,전북대학교,예ㆍ체능계열,740,0,779,757,22,105.3,102.3
2016,교육대학,국립,전북,기존,전주교육대학교,인문ㆍ사회계열,482,0,497,472,25,103.1,97.9
2016,교육대학,국립,전북,기존,전주교육대학교,자연과학계열,375,0,396,369,27,105.6,98.4
2016,교육대학,국립,전북,기존,전주교육대학교,예ㆍ체능계열,283,0,306,287,19,108.1,101.4
2016,대학교,사립,전북,기존,전주대학교,예ㆍ체능계열,1663,0,1660,1603,57,99.8,96.4
2016,대학교,사립,전북,기존,전주대학교,인문ㆍ사회계열,4815,0,5491,4952,539,114,102.8
2016,대학교,사립,전북,기존,전주대학교,공학계열,2246,0,2097,1896,201,93.4,84.4
2016,대학교,사립,전북,기존,전주대학교,자연과학계열,2110,0,2184,2009,175,103.5,95.2
2016,기술대학,사립,서울,기존,정석대학,공학계열,150,0,45,45,0,30,30
2016,기술대학,사립,서울,기존,정석대학,인문ㆍ사회계열,50,0,46,46,0,92,92
2016,대학교,사립,제주,기존,제주국제대학교,인문ㆍ사회계열,1475,0,663,625,38,44.9,42.4
2016,대학교,사립,제주,기존,제주국제대학교,예ㆍ체능계열,780,0,377,367,10,48.3,47.1
2016,대학교,사립,제주,기존,제주국제대학교,공학계열,840,0,444,433,11,52.9,51.5
2016,대학교,사립,제주,기존,제주국제대학교,자연과학계열,105,0,40,39,1,38.1,37.1
2016,대학교,국립,제주,기존,제주대학교,인문ㆍ사회계열,3948,0,4917,4357,560,124.5,110.4
2016,대학교,국립,제주,기존,제주대학교,예ㆍ체능계열,687,0,696,675,21,101.3,98.3
2016,대학교,국립,제주,기존,제주대학교,의학계열,160,0,191,163,28,119.4,101.9
2016,대학교,국립,제주,기존,제주대학교,자연과학계열,2648,0,2699,2514,185,101.9,94.9
2016,대학교,국립,제주,기존,제주대학교,공학계열,1767,0,1917,1724,193,108.5,97.6
2016,대학교,사립,광주,기존,조선대학교,예ㆍ체능계열,2112,0,2174,2052,122,102.9,97.2
2016,대학교,사립,광주,기존,조선대학교,공학계열,5890,0,6290,5774,516,106.8,98
2016,대학교,사립,광주,기존,조선대학교,인문ㆍ사회계열,7657,0,8045,7570,475,105.1,98.9
2016,대학교,사립,광주,기존,조선대학교,자연과학계열,2898,0,2980,2820,160,102.8,97.3
2016,대학교,사립,충남,기존,중부대학교,인문ㆍ사회계열,3645,0,3524,3314,210,96.7,90.9
2016,대학교,사립,충남,기존,중부대학교,공학계열,1835,0,1871,1728,143,102,94.2
2016,대학교,사립,충남,기존,중부대학교,예ㆍ체능계열,1730,0,1746,1610,136,100.9,93.1
2016,대학교,사립,충남,기존,중부대학교,자연과학계열,1239,0,1138,1077,61,91.8,86.9
2016,대학교,사립,서울,기존,중앙대학교,자연과학계열,2465,0,2696,2408,288,109.4,97.7
2016,대학교,사립,서울,기존,중앙대학교,인문ㆍ사회계열,6448,0,9552,6947,2605,148.1,107.7
2016,대학교,사립,서울,기존,중앙대학교,공학계열,3369,0,3948,3455,493,117.2,102.6
2016,대학교,사립,서울,기존,중앙대학교,의학계열,258,0,252,237,15,97.7,91.9
2016,대학교,사립,서울,기존,중앙대학교,예ㆍ체능계열,510,0,554,506,48,108.6,99.2
2016,대학교,사립,경기,기존,중앙대학교 _제2캠퍼스,인문ㆍ사회계열,262,0,1296,1125,171,494.7,429.4
2016,대학교,사립,경기,기존,중앙대학교 _제2캠퍼스,예ㆍ체능계열,3596,0,3753,3614,139,104.4,100.5
2016,대학교,사립,경기,기존,중앙대학교 _제2캠퍼스,공학계열,100,0,51,51,0,51,51
2016,대학교,사립,경기,기존,중앙대학교 _제2캠퍼스,자연과학계열,1452,0,1324,1205,119,91.2,83
2016,대학교,사립,경기,기존,중앙승가대학교,인문ㆍ사회계열,480,0,206,206,0,42.9,42.9
2016,대학교,사립,충북,기존,중원대학교,공학계열,1095,0,856,797,59,78.2,72.8
2016,대학교,사립,충북,기존,중원대학교,자연과학계열,1110,0,952,882,70,85.8,79.5
2016,대학교,사립,충북,기존,중원대학교,인문ㆍ사회계열,1299,0,1099,1048,51,84.6,80.7
2016,대학교,사립,충북,기존,중원대학교,예ㆍ체능계열,705,0,585,553,32,83,78.4
2016,교육대학,국립,경남,기존,진주교육대학교,자연과학계열,427,0,451,422,29,105.6,98.8
2016,교육대학,국립,경남,기존,진주교육대학교,예ㆍ체능계열,316,0,333,315,18,105.4,99.7
2016,교육대학,국립,경남,기존,진주교육대학교,인문ㆍ사회계열,533,0,563,521,42,105.6,97.7
2016,대학교,사립,경기,기존,차의과학대학교,인문ㆍ사회계열,1000,0,813,785,28,81.3,78.5
2016,대학교,사립,경기,기존,차의과학대학교,자연과학계열,1160,0,1146,985,161,98.8,84.9
2016,대학교,사립,경남,기존,창신대학교,자연과학계열,470,0,444,392,52,94.5,83.4
2016,대학교,사립,경남,기존,창신대학교,공학계열,350,0,164,160,4,46.9,45.7
2016,대학교,사립,경남,기존,창신대학교,인문ㆍ사회계열,945,0,703,673,30,74.4,71.2
2016,대학교,사립,경남,기존,창신대학교,예ㆍ체능계열,327,0,243,239,4,74.3,73.1
2016,산업대학,사립,충남,기존,청운대학교,인문ㆍ사회계열,2935,0,3667,2875,792,124.9,98
2016,산업대학,사립,충남,기존,청운대학교,예ㆍ체능계열,965,0,930,855,75,96.4,88.6
2016,산업대학,사립,충남,기존,청운대학교,공학계열,1320,0,1747,1447,300,132.3,109.6
2016,산업대학,사립,충남,기존,청운대학교,자연과학계열,460,0,474,415,59,103,90.2
2016,교육대학,국립,충북,기존,청주교육대학교,인문ㆍ사회계열,1144,0,520,485,35,45.5,42.4
2016,대학교,사립,충북,기존,청주대학교,자연과학계열,2238,0,2100,2029,71,93.8,90.7
2016,대학교,사립,충북,기존,청주대학교,공학계열,2765,0,2501,2249,252,90.5,81.3
2016,대학교,사립,충북,기존,청주대학교,인문ㆍ사회계열,5004,0,5938,5313,625,118.7,106.2
2016,대학교,사립,충북,기존,청주대학교,예ㆍ체능계열,1547,0,1636,1552,84,105.8,100.3
2016,대학교,사립,전남,기존,초당대학교,예ㆍ체능계열,580,0,390,377,13,67.2,65
2016,대학교,사립,전남,기존,초당대학교,인문ㆍ사회계열,940,0,992,765,227,105.5,81.4
2016,대학교,사립,전남,기존,초당대학교,공학계열,550,0,425,381,44,77.3,69.3
2016,대학교,사립,전남,기존,초당대학교,자연과학계열,1160,0,1117,958,159,96.3,82.6
2016,대학교,사립,서울,기존,총신대학교,예ㆍ체능계열,260,0,289,274,15,111.2,105.4
2016,대학교,사립,서울,기존,총신대학교,인문ㆍ사회계열,1180,0,1737,1256,481,147.2,106.4
2016,대학교,사립,서울,기존,추계예술대학교,인문ㆍ사회계열,260,0,296,279,17,113.8,107.3
2016,대학교,사립,서울,기존,추계예술대학교,예ㆍ체능계열,900,0,912,868,44,101.3,96.4
2016,교육대학,국립,강원,기존,춘천교육대학교,인문ㆍ사회계열,1284,0,591,550,41,46,42.8
2016,대학교,국립,대전,기존,충남대학교,공학계열,4328,0,5575,5283,292,128.8,122.1
2016,대학교,국립,대전,기존,충남대학교,인문ㆍ사회계열,4878,0,6700,5906,794,137.4,121.1
2016,대학교,국립,대전,기존,충남대학교,자연과학계열,4642,0,5222,4896,326,112.5,105.5
2016,대학교,국립,대전,기존,충남대학교,의학계열,216,0,244,218,26,113,100.9
2016,대학교,국립,대전,기존,충남대학교,예ㆍ체능계열,928,0,997,987,10,107.4,106.4
2016,대학교,국립,충북,기존,충북대학교,의학계열,332,0,379,356,23,114.2,107.2
2016,대학교,국립,충북,기존,충북대학교,공학계열,3977,0,4779,4214,565,120.2,106
2016,대학교,국립,충북,기존,충북대학교,자연과학계열,3723,0,4140,3782,358,111.2,101.6
2016,대학교,국립,충북,기존,충북대학교,인문ㆍ사회계열,3942,0,4887,4146,741,124,105.2
2016,대학교,국립,충북,기존,충북대학교,예ㆍ체능계열,309,0,336,316,20,108.7,102.3
2016,대학교,사립,경기,기존,칼빈대학교,인문ㆍ사회계열,329,9,360,251,109,112.5,78.4
2016,대학교,사립,경기,기존,칼빈대학교,예ㆍ체능계열,69,3,47,47,0,71.2,71.2
2016,대학교,사립,경기,기존,평택대학교,자연과학계열,740,0,673,632,41,90.9,85.4
2016,대학교,사립,경기,기존,평택대학교,예ㆍ체능계열,914,0,929,914,15,101.6,100
2016,대학교,사립,경기,기존,평택대학교,인문ㆍ사회계열,2107,0,2430,2141,289,115.3,101.6
2016,대학교,사립,경북,기존,포항공과대학교,공학계열,1000,0,1048,1034,14,104.8,103.4
2016,대학교,사립,경북,기존,포항공과대학교,자연과학계열,280,0,424,417,7,151.4,148.9
2016,대학교,국립,경기,기존,한경국립대학교,예ㆍ체능계열,309,0,294,280,14,95.1,90.6
2016,대학교,국립,경기,기존,한경국립대학교,자연과학계열,1511,0,1433,1309,124,94.8,86.6
2016,대학교,국립,경기,기존,한경국립대학교,인문ㆍ사회계열,726,0,868,671,197,119.6,92.4
2016,대학교,국립,경기,기존,한경국립대학교,공학계열,2443,0,2094,1903,191,85.7,77.9
2016,대학교,사립,경기,기존,한국공학대학교,인문ㆍ사회계열,572,0,559,458,101,97.7,80.1
2016,대학교,사립,경기,기존,한국공학대학교,예ㆍ체능계열,420,0,381,348,33,90.7,82.9
2016,대학교,사립,경기,기존,한국공학대학교,공학계열,4528,0,5031,3733,1298,111.1,82.4
2016,대학교,특별법법인,대전,기존,한국과학기술원,인문ㆍ사회계열,60,0,48,45,3,80,75
2016,대학교,특별법법인,대전,기존,한국과학기술원,공학계열,2480,0,2825,2681,144,113.9,108.1
2016,대학교,특별법법인,대전,기존,한국과학기술원,자연과학계열,1340,0,1059,1023,36,79,76.3
2016,대학교,국립,충북,기존,한국교원대학교,공학계열,158,0,186,180,6,117.7,113.9
2016,대학교,국립,충북,기존,한국교원대학교,예ㆍ체능계열,238,0,227,227,0,95.4,95.4
2016,대학교,국립,충북,기존,한국교원대학교,자연과학계열,576,0,630,600,30,109.4,104.2
2016,대학교,국립,충북,기존,한국교원대학교,인문ㆍ사회계열,1212,0,1360,1234,126,112.2,101.8
2016,대학교,사립,경남,기존,한국국제대학교,예ㆍ체능계열,632,32,514,505,9,85.7,84.2
2016,대학교,사립,경남,기존,한국국제대학교,공학계열,767,8,660,627,33,87,82.6
2016,대학교,사립,경남,기존,한국국제대학교,자연과학계열,1051,46,1022,925,97,101.7,92
2016,대학교,사립,경남,기존,한국국제대학교,인문ㆍ사회계열,1582,77,1485,1424,61,98.7,94.6
2016,대학교,사립,충남,기존,한국기술교육대학교,인문ㆍ사회계열,531,0,638,563,75,120.2,106
2016,대학교,사립,충남,기존,한국기술교육대학교,공학계열,3036,0,3752,3407,345,123.6,112.2
2016,방송통신대학,국립,서울,기존,한국방송통신대학교,공학계열,3000,0,737,737,0,24.6,24.6
2016,방송통신대학,국립,서울,기존,한국방송통신대학교,인문ㆍ사회계열,186500,0,91951,83874,8077,49.3,45
2016,방송통신대학,국립,서울,기존,한국방송통신대학교,자연과학계열,49300,0,30509,28472,2037,61.9,57.8
2016,대학교,사립,서울,기존,한국성서대학교,자연과학계열,180,0,194,166,28,107.8,92.2
2016,대학교,사립,서울,기존,한국성서대학교,공학계열,140,0,113,108,5,80.7,77.1
2016,대학교,사립,서울,기존,한국성서대학교,인문ㆍ사회계열,640,0,715,624,91,111.7,97.5
2016,각종학교(대학),특별법국립,서울,기존,한국예술종합학교,예ㆍ체능계열,2252,0,2583,2481,102,114.7,110.2
2016,대학교,사립,서울,기존,한국외국어대학교,인문ㆍ사회계열,11451,0,14359,12419,1940,125.4,108.5
2016,대학교,사립,서울,기존,한국외국어대학교,자연과학계열,1047,0,1168,1078,90,111.6,103
2016,대학교,사립,서울,기존,한국외국어대학교,공학계열,1031,0,1188,1067,121,115.2,103.5
2016,대학교,국립,충남,기존,한국전통문화대학교(일반),자연과학계열,80,0,65,64,1,81.3,80
2016,대학교,국립,충남,기존,한국전통문화대학교(일반),인문ㆍ사회계열,160,0,155,149,6,96.9,93.1
2016,대학교,국립,충남,기존,한국전통문화대학교(일반),공학계열,160,0,163,158,5,101.9,98.8
2016,대학교,국립,충남,기존,한국전통문화대학교(일반),예ㆍ체능계열,160,0,170,170,0,106.3,106.3
2016,대학교,국립,서울,기존,한국체육대학교,예ㆍ체능계열,2360,0,2505,2388,117,106.1,101.2
2016,대학교,사립,대전,기존,한국침례신학대학교,인문ㆍ사회계열,1300,0,1331,1279,52,102.4,98.4
2016,대학교,사립,대전,기존,한국침례신학대학교,예ㆍ체능계열,260,0,249,241,8,95.8,92.7
2016,대학교,사립,경기,기존,한국항공대학교,공학계열,2397,0,2777,2500,277,115.9,104.3
2016,대학교,사립,경기,기존,한국항공대학교,인문ㆍ사회계열,540,0,576,513,63,106.7,95
2016,대학교,사립,경기,기존,한국항공대학교,자연과학계열,594,0,774,630,144,130.3,106.1
2016,대학교,사립,대전,기존,한남대학교,인문ㆍ사회계열,6489,0,6958,6427,531,107.2,99
2016,대학교,사립,대전,기존,한남대학교,공학계열,2679,0,2765,2462,303,103.2,91.9
2016,대학교,사립,대전,기존,한남대학교,자연과학계열,1298,0,1301,1257,44,100.2,96.8
2016,대학교,사립,대전,기존,한남대학교,예ㆍ체능계열,1124,0,1200,1161,39,106.8,103.3
2016,대학교,사립,경북,기존,한동대학교,인문ㆍ사회계열,1589,0,2508,2232,276,157.8,140.5
2016,대학교,사립,경북,기존,한동대학교,공학계열,1185,0,1241,1156,85,104.7,97.6
2016,대학교,사립,경북,기존,한동대학교,자연과학계열,233,0,241,226,15,103.4,97
2016,대학교,사립,강원,기존,한라대학교,공학계열,2030,0,2176,2043,133,107.2,100.6
2016,대학교,사립,강원,기존,한라대학교,인문ㆍ사회계열,1630,0,1679,1595,84,103,97.9
2016,대학교,사립,강원,기존,한라대학교,예ㆍ체능계열,240,0,228,223,5,95,92.9
2016,대학교,사립,전남,기존,한려대학교,예ㆍ체능계열,83,0,49,49,0,59,59
2016,대학교,사립,전남,기존,한려대학교,인문ㆍ사회계열,652,0,79,79,0,12.1,12.1
2016,대학교,사립,전남,기존,한려대학교,공학계열,71,0,29,29,0,40.8,40.8
2016,대학교,사립,전남,기존,한려대학교,자연과학계열,1016,0,514,443,71,50.6,43.6
2016,대학교,사립,강원,기존,한림대학교,공학계열,883,0,1031,932,99,116.8,105.5
2016,대학교,사립,강원,기존,한림대학교,인문ㆍ사회계열,3785,0,4490,4024,466,118.6,106.3
2016,대학교,사립,강원,기존,한림대학교,의학계열,304,0,286,282,4,94.1,92.8
2016,대학교,사립,강원,기존,한림대학교,자연과학계열,2155,0,2189,2082,107,101.6,96.6
2016,대학교,사립,강원,기존,한림대학교,예ㆍ체능계열,256,0,281,251,30,109.8,98
2016,대학교,사립,경기,폐교,한북대학교,공학계열,60,0,49,47,2,81.7,78.3
2016,대학교,사립,경기,폐교,한북대학교,인문ㆍ사회계열,300,0,262,251,11,87.3,83.7
2016,대학교,사립,경기,폐교,한북대학교,예ㆍ체능계열,70,0,41,40,1,58.6,57.1
2016,대학교,사립,경기,폐교,한북대학교,자연과학계열,70,0,63,57,6,90,81.4
2016,대학교,사립,충남,기존,한서대학교,자연과학계열,1885,0,2097,1844,253,111.2,97.8
2016,대학교,사립,충남,기존,한서대학교,인문ㆍ사회계열,1725,0,1848,1698,150,107.1,98.4
2016,대학교,사립,충남,기존,한서대학교,공학계열,1696,0,1752,1628,124,103.3,96
2016,대학교,사립,충남,기존,한서대학교,예ㆍ체능계열,1650,0,1704,1508,196,103.3,91.4
2016,대학교,사립,서울,기존,한성대학교,예ㆍ체능계열,1412,0,1543,1423,120,109.3,100.8
2016,대학교,사립,서울,기존,한성대학교,공학계열,1823,0,1892,1702,190,103.8,93.4
2016,대학교,사립,서울,기존,한성대학교,인문ㆍ사회계열,3024,0,3216,2891,325,106.3,95.6
2016,대학교,사립,경기,기존,한세대학교,인문ㆍ사회계열,1285,0,1577,1438,139,122.7,111.9
2016,대학교,사립,경기,기존,한세대학교,공학계열,200,0,250,203,47,125,101.5
2016,대학교,사립,경기,기존,한세대학교,예ㆍ체능계열,775,0,878,813,65,113.3,104.9
2016,대학교,사립,경기,기존,한세대학교,자연과학계열,100,0,107,98,9,107,98
2016,대학교,사립,경기,기존,한신대학교,공학계열,890,0,857,789,68,96.3,88.7
2016,대학교,사립,경기,기존,한신대학교,인문ㆍ사회계열,3515,0,3949,3612,337,112.3,102.8
2016,대학교,사립,경기,기존,한신대학교,자연과학계열,350,0,355,334,21,101.4,95.4
2016,대학교,사립,경기,기존,한신대학교,예ㆍ체능계열,145,0,145,136,9,100,93.8
2016,대학교,사립,서울,기존,한양대학교,자연과학계열,1243,0,1455,1191,264,117.1,95.8
2016,대학교,사립,서울,기존,한양대학교,예ㆍ체능계열,1516,0,1714,1536,178,113.1,101.3
2016,대학교,사립,서울,기존,한양대학교,공학계열,4479,0,6177,4821,1356,137.9,107.6
2016,대학교,사립,서울,기존,한양대학교,인문ㆍ사회계열,4191,0,5850,4657,1193,139.6,111.1
2016,대학교,사립,서울,기존,한양대학교,의학계열,330,0,303,303,0,91.8,91.8
2016,대학교,사립,경기,기존,한양대학교(ERICA) _분교,공학계열,2663,0,3253,2781,472,122.2,104.4
2016,대학교,사립,경기,기존,한양대학교(ERICA) _분교,예ㆍ체능계열,1354,0,1441,1410,31,106.4,104.1
2016,대학교,사립,경기,기존,한양대학교(ERICA) _분교,인문ㆍ사회계열,2790,0,3414,2956,458,122.4,105.9
2016,대학교,사립,경기,기존,한양대학교(ERICA) _분교,자연과학계열,887,0,929,878,51,104.7,99
2016,대학교,사립,전북,기존,한일장신대학교,인문ㆍ사회계열,725,0,657,627,30,90.6,86.5
2016,대학교,사립,전북,기존,한일장신대학교,자연과학계열,144,0,140,130,10,97.2,90.3
2016,대학교,사립,전북,기존,한일장신대학교,예ㆍ체능계열,129,0,115,114,1,89.1,88.4
2016,대학교,사립,강원,기존,한중대학교,예ㆍ체능계열,637,24,222,216,6,36.2,35.2
2016,대학교,사립,강원,기존,한중대학교,공학계열,610,22,155,151,4,26.4,25.7
2016,대학교,사립,강원,기존,한중대학교,자연과학계열,485,11,416,325,91,87.8,68.6
2016,대학교,사립,강원,기존,한중대학교,인문ㆍ사회계열,880,41,269,257,12,32.1,30.6
2016,대학교,사립,경기,기존,협성대학교,인문ㆍ사회계열,2760,0,3009,2634,375,109,95.4
2016,대학교,사립,경기,기존,협성대학교,공학계열,510,0,465,420,45,91.2,82.4
2016,대학교,사립,경기,기존,협성대학교,자연과학계열,180,0,197,184,13,109.4,102.2
2016,대학교,사립,경기,기존,협성대학교,예ㆍ체능계열,830,0,784,776,8,94.5,93.5
2016,대학교,사립,광주,기존,호남대학교,공학계열,1334,0,1369,1262,107,102.6,94.6
2016,대학교,사립,광주,기존,호남대학교,예ㆍ체능계열,1262,0,1359,1190,169,107.7,94.3
2016,대학교,사립,광주,기존,호남대학교,인문ㆍ사회계열,2619,0,3068,2628,440,117.1,100.3
2016,대학교,사립,광주,기존,호남대학교,자연과학계열,1579,0,1580,1436,144,100.1,90.9
2016,대학교,사립,광주,기존,호남신학대학교,인문ㆍ사회계열,470,0,357,354,3,76,75.3
2016,대학교,사립,광주,기존,호남신학대학교,예ㆍ체능계열,200,0,184,184,0,92,92
2016,대학교,사립,충남,기존,호서대학교,인문ㆍ사회계열,4027,0,4334,3903,431,107.6,96.9
2016,대학교,사립,충남,기존,호서대학교,공학계열,4574,0,4633,4217,416,101.3,92.2
2016,대학교,사립,충남,기존,호서대학교,예ㆍ체능계열,1939,0,1911,1854,57,98.6,95.6
2016,대학교,사립,충남,기존,호서대학교,자연과학계열,1627,0,1640,1505,135,100.8,92.5
2016,산업대학,사립,전북,기존,호원대학교,인문ㆍ사회계열,1740,0,1867,1522,345,107.3,87.5
2016,산업대학,사립,전북,기존,호원대학교,자연과학계열,1116,0,1133,1009,124,101.5,90.4
2016,산업대학,사립,전북,기존,호원대학교,공학계열,1188,0,1217,1036,181,102.4,87.2
2016,산업대학,사립,전북,기존,호원대학교,예ㆍ체능계열,1426,0,1565,1401,164,109.7,98.2
2016,대학교,사립,서울,기존,홍익대학교,공학계열,4206,0,5253,4759,494,124.9,113.1
2016,대학교,사립,서울,기존,홍익대학교,인문ㆍ사회계열,3560,0,4213,3653,560,118.3,102.6
2016,대학교,사립,서울,기존,홍익대학교,자연과학계열,160,0,159,149,10,99.4,93.1
2016,대학교,사립,서울,기존,홍익대학교,예ㆍ체능계열,2000,0,2520,2019,501,126,101
2016,대학교,사립,세종,기존,홍익대학교(세종) _분교,인문ㆍ사회계열,1708,0,1784,1657,127,104.4,97
2016,대학교,사립,세종,기존,홍익대학교(세종) _분교,예ㆍ체능계열,1624,0,1769,1576,193,108.9,97
2016,대학교,사립,세종,기존,홍익대학교(세종) _분교,공학계열,2447,0,2648,2476,172,108.2,101.2
2016,대학교,사립,경기,기존,화성의과학대학교,자연과학계열,381,0,312,271,41,81.9,71.1
2016,대학교,사립,경기,기존,화성의과학대학교,인문ㆍ사회계열,628,0,406,398,8,64.6,63.4
2016,대학교,사립,경기,기존,화성의과학대학교,예ㆍ체능계열,180,0,97,94,3,53.9,52.2
2015,대학교,사립,경북,기존,가야대학교(고령) _제2캠퍼스,인문ㆍ사회계열,36,0,0,0,0,0,0
2015,대학교,사립,경남,기존,가야대학교(김해),자연과학계열,1448,0,1477,1320,157,102,91.2
2015,대학교,사립,경남,기존,가야대학교(김해),인문ㆍ사회계열,1171,0,1161,1099,62,99.1,93.9
2015,대학교,사립,경기,기존,가천대학교,인문ㆍ사회계열,5835,0,7655,6434,1221,131.2,110.3
2015,대학교,사립,경기,기존,가천대학교,예ㆍ체능계열,1795,0,2027,1970,57,112.9,109.7
2015,대학교,사립,경기,기존,가천대학교,의학계열,120,0,109,102,7,90.8,85
2015,대학교,사립,경기,기존,가천대학교,자연과학계열,3015,0,3272,2875,397,108.5,95.4
2015,대학교,사립,경기,기존,가천대학교,공학계열,5196,0,5932,5294,638,114.2,101.9
2015,대학교,사립,강원,기존,가톨릭관동대학교,자연과학계열,618,15,695,608,87,115.3,100.8
2015,대학교,사립,강원,기존,가톨릭관동대학교,공학계열,1826,0,1713,1578,135,93.8,86.4
2015,대학교,사립,강원,기존,가톨릭관동대학교,의학계열,196,15,210,186,24,116,102.8
2015,대학교,사립,강원,기존,가톨릭관동대학교,인문ㆍ사회계열,5629,130,5572,5135,437,101.3,93.4
2015,대학교,사립,강원,기존,가톨릭관동대학교,예ㆍ체능계열,1198,35,1002,950,52,86.2,81.7
2015,대학교,사립,충북,기존,가톨릭꽃동네대학교,인문ㆍ사회계열,320,0,328,306,22,102.5,95.6
2015,대학교,사립,충북,기존,가톨릭꽃동네대학교,자연과학계열,160,0,174,158,16,108.8,98.8
2015,대학교,사립,경기,기존,가톨릭대학교,예ㆍ체능계열,207,0,218,218,0,105.3,105.3
2015,대학교,사립,경기,기존,가톨릭대학교,공학계열,1231,0,1465,1316,149,119,106.9
2015,대학교,사립,경기,기존,가톨릭대학교,자연과학계열,1361,0,1456,1332,124,107,97.9
2015,대학교,사립,경기,기존,가톨릭대학교,인문ㆍ사회계열,3540,0,4241,3833,408,119.8,108.3
2015,대학교,사립,서울,기존,가톨릭대학교 _제2캠퍼스,자연과학계열,385,0,448,379,69,116.4,98.4
2015,대학교,사립,서울,기존,가톨릭대학교 _제3캠퍼스,인문ㆍ사회계열,280,0,182,171,11,65,61.1
2015,대학교,사립,서울,기존,감리교신학대학교,인문ㆍ사회계열,800,0,858,797,61,107.3,99.6
2015,대학교,사립,경기,기존,강남대학교,인문ㆍ사회계열,4855,0,5562,4958,604,114.6,102.1
2015,대학교,사립,경기,기존,강남대학교,공학계열,1014,0,1032,923,109,101.8,91
2015,대학교,사립,경기,기존,강남대학교,예ㆍ체능계열,676,0,685,660,25,101.3,97.6
2015,대학교,사립,서울,기존,강서대학교,인문ㆍ사회계열,1180,0,1317,1148,169,111.6,97.3
2015,대학교,사립,서울,기존,강서대학교,예ㆍ체능계열,140,0,138,133,5,98.6,95
2015,대학교,국립,강원,기존,강원대학교,예ㆍ체능계열,765,0,792,759,33,103.5,99.2
2015,대학교,국립,강원,기존,강원대학교,자연과학계열,5175,0,5535,5131,404,107,99.1
2015,대학교,국립,강원,기존,강원대학교,의학계열,160,0,173,164,9,108.1,102.5
2015,대학교,국립,강원,기존,강원대학교,공학계열,2805,0,3419,3035,384,121.9,108.2
2015,대학교,국립,강원,기존,강원대학교,인문ㆍ사회계열,4482,0,5390,4853,537,120.3,108.3
2015,대학교,국립,강원,기존,강원대학교 _제2캠퍼스,자연과학계열,1540,0,1549,1428,121,100.6,92.7
2015,대학교,국립,강원,기존,강원대학교 _제2캠퍼스,예ㆍ체능계열,936,0,879,829,50,93.9,88.6
2015,대학교,국립,강원,기존,강원대학교 _제2캠퍼스,인문ㆍ사회계열,1108,0,1141,1030,111,103,93
2015,대학교,국립,강원,기존,강원대학교 _제2캠퍼스,공학계열,3311,0,3112,2913,199,94,88
2015,대학교,사립,서울,기존,건국대학교,인문ㆍ사회계열,4332,0,6457,5001,1456,149.1,115.4
2015,대학교,사립,서울,기존,건국대학교,예ㆍ체능계열,1456,0,1748,1532,216,120.1,105.2
2015,대학교,사립,서울,기존,건국대학교,의학계열,276,0,361,290,71,130.8,105.1
2015,대학교,사립,서울,기존,건국대학교,공학계열,3442,0,4395,3826,569,127.7,111.2
2015,대학교,사립,서울,기존,건국대학교,자연과학계열,2632,0,2737,2423,314,104,92.1
2015,대학교,사립,충북,기존,건국대학교(글로컬) _분교,인문ㆍ사회계열,3115,0,3920,3511,409,125.8,112.7
2015,대학교,사립,충북,기존,건국대학교(글로컬) _분교,예ㆍ체능계열,1640,0,1803,1646,157,109.9,100.4
2015,대학교,사립,충북,기존,건국대학교(글로컬) _분교,자연과학계열,1361,0,1599,1431,168,117.5,105.1
2015,대학교,사립,충북,기존,건국대학교(글로컬) _분교,공학계열,924,0,1059,968,91,114.6,104.8
2015,대학교,사립,충남,기존,건양대학교,공학계열,880,0,903,849,54,102.6,96.5
2015,대학교,사립,충남,기존,건양대학교,인문ㆍ사회계열,2988,0,3310,3045,265,110.8,101.9
2015,대학교,사립,충남,기존,건양대학교,자연과학계열,465,0,483,452,31,103.9,97.2
2015,대학교,사립,충남,기존,건양대학교,예ㆍ체능계열,160,0,167,167,0,104.4,104.4
2015,대학교,사립,대전,기존,건양대학교 _제2캠퍼스,자연과학계열,1836,0,2021,1770,251,110.1,96.4
2015,대학교,사립,대전,기존,건양대학교 _제2캠퍼스,공학계열,770,0,847,805,42,110,104.5
2015,대학교,사립,대전,기존,건양대학교 _제2캠퍼스,의학계열,196,0,235,194,41,119.9,99
2015,대학교,사립,대전,기존,건양대학교 _제2캠퍼스,인문ㆍ사회계열,220,0,244,235,9,110.9,106.8
2015,대학교,사립,경기,기존,경기대학교,인문ㆍ사회계열,5182,0,6472,5552,920,124.9,107.1
2015,대학교,사립,경기,기존,경기대학교,공학계열,2591,0,2997,2606,391,115.7,100.6
2015,대학교,사립,경기,기존,경기대학교,자연과학계열,1196,0,1319,1193,126,110.3,99.7
2015,대학교,사립,경기,기존,경기대학교,예ㆍ체능계열,1557,0,1566,1484,82,100.6,95.3
2015,대학교,사립,서울,기존,경기대학교 _제2캠퍼스,예ㆍ체능계열,433,0,459,416,43,106,96.1
2015,대학교,사립,서울,기존,경기대학교 _제2캠퍼스,인문ㆍ사회계열,1531,0,1683,1351,332,109.9,88.2
2015,대학교,국립,경남,기존,경남과학기술대학교,공학계열,2282,0,1849,1738,111,81,76.2
2015,대학교,국립,경남,기존,경남과학기술대학교,예ㆍ체능계열,120,0,101,98,3,84.2,81.7
2015,대학교,국립,경남,기존,경남과학기술대학교,자연과학계열,1404,0,1190,1124,66,84.8,80.1
2015,대학교,국립,경남,기존,경남과학기술대학교,인문ㆍ사회계열,1570,0,1444,1353,91,92,86.2
2015,대학교,사립,경남,기존,경남대학교,자연과학계열,1790,0,1804,1703,101,100.8,95.1
2015,대학교,사립,경남,기존,경남대학교,공학계열,3497,0,3206,3002,204,91.7,85.8
2015,대학교,사립,경남,기존,경남대학교,인문ㆍ사회계열,6537,0,6878,6433,445,105.2,98.4
2015,대학교,사립,경남,기존,경남대학교,예ㆍ체능계열,865,0,920,875,45,106.4,101.2
2015,대학교,사립,강원,기존,경동대학교,자연과학계열,1405,0,1313,1176,137,93.5,83.7
2015,대학교,사립,강원,기존,경동대학교,예ㆍ체능계열,143,0,101,97,4,70.6,67.8
2015,대학교,사립,강원,기존,경동대학교,인문ㆍ사회계열,1709,0,1574,1506,68,92.1,88.1
2015,대학교,사립,강원,기존,경동대학교,공학계열,497,0,483,385,98,97.2,77.5
2015,대학교,사립,강원,기존,경동대학교 _제2캠퍼스,인문ㆍ사회계열,266,0,157,148,9,59,55.6
2015,대학교,사립,강원,기존,경동대학교 _제2캠퍼스,공학계열,38,0,35,35,0,92.1,92.1
2015,대학교,사립,강원,기존,경동대학교 _제2캠퍼스,자연과학계열,185,0,76,73,3,41.1,39.5
2015,대학교,사립,강원,기존,경동대학교 _제2캠퍼스,예ㆍ체능계열,40,0,20,19,1,50,47.5
2015,대학교,사립,강원,기존,경동대학교 _제3캠퍼스,자연과학계열,1425,0,1496,1314,182,105,92.2
2015,대학교,사립,경기,기존,경동대학교 _제4캠퍼스,인문ㆍ사회계열,402,0,420,374,46,104.5,93
2015,대학교,사립,경기,기존,경동대학교 _제4캠퍼스,공학계열,132,0,134,117,17,101.5,88.6
2015,대학교,사립,경기,기존,경동대학교 _제4캠퍼스,예ㆍ체능계열,66,0,66,52,14,100,78.8
2015,대학교,국립,대구,기존,경북대학교,인문ㆍ사회계열,5681,0,7430,6741,689,130.8,118.7
2015,대학교,국립,대구,기존,경북대학교,자연과학계열,6561,0,7076,6443,633,107.8,98.2
2015,대학교,국립,대구,기존,경북대학교,공학계열,6422,0,8208,7367,841,127.8,114.7
2015,대학교,국립,대구,기존,경북대학교,의학계열,228,0,250,216,34,109.6,94.7
2015,대학교,국립,대구,기존,경북대학교,예ㆍ체능계열,951,0,1141,1082,59,120,113.8
2015,대학교,국립,경남,기존,경상국립대학교,자연과학계열,3753,0,4164,3825,339,111,101.9
2015,대학교,국립,경남,기존,경상국립대학교,예ㆍ체능계열,280,0,274,273,1,97.9,97.5
2015,대학교,국립,경남,기존,경상국립대학교,의학계열,200,0,241,216,25,120.5,108
2015,대학교,국립,경남,기존,경상국립대학교,인문ㆍ사회계열,4592,0,5485,5106,379,119.4,111.2
2015,대학교,국립,경남,기존,경상국립대학교,공학계열,4315,0,5108,4675,433,118.4,108.3
2015,대학교,사립,부산,기존,경성대학교,자연과학계열,1690,0,1706,1579,127,100.9,93.4
2015,대학교,사립,부산,기존,경성대학교,예ㆍ체능계열,2340,0,2446,2289,157,104.5,97.8
2015,대학교,사립,부산,기존,경성대학교,인문ㆍ사회계열,5630,0,6283,5685,598,111.6,101
2015,대학교,사립,부산,기존,경성대학교,공학계열,2594,0,2767,2538,229,106.7,97.8
2015,대학교,사립,경북,기존,경운대학교,예ㆍ체능계열,984,0,548,540,8,55.7,54.9
2015,대학교,사립,경북,기존,경운대학교,공학계열,1000,0,553,525,28,55.3,52.5
2015,대학교,사립,경북,기존,경운대학교,자연과학계열,1898,0,1616,1492,124,85.1,78.6
2015,대학교,사립,경북,기존,경운대학교,인문ㆍ사회계열,1321,0,995,942,53,75.3,71.3
2015,교육대학,국립,인천,기존,경인교육대학교,인문ㆍ사회계열,2392,0,609,570,39,25.5,23.8
2015,대학교,사립,경북,기존,경일대학교,인문ㆍ사회계열,2120,0,2271,2125,146,107.1,100.2
2015,대학교,사립,경북,기존,경일대학교,공학계열,3160,0,3223,3036,187,102,96.1
2015,대학교,사립,경북,기존,경일대학교,예ㆍ체능계열,1020,0,1105,1032,73,108.3,101.2
2015,대학교,사립,경북,기존,경일대학교,자연과학계열,720,0,709,649,60,98.5,90.1
2015,대학교,사립,서울,기존,경희대학교,공학계열,4010,0,4885,4339,546,121.8,108.2
2015,대학교,사립,서울,기존,경희대학교,자연과학계열,4129,0,4688,4101,587,113.5,99.3
2015,대학교,사립,서울,기존,경희대학교,예ㆍ체능계열,3680,0,4192,3804,388,113.9,103.4
2015,대학교,사립,서울,기존,경희대학교,의학계열,432,0,433,421,12,100.2,97.5
2015,대학교,사립,서울,기존,경희대학교,인문ㆍ사회계열,7550,0,11061,8545,2516,146.5,113.2
2015,대학교,사립,대구,기존,계명대학교,자연과학계열,2552,0,2889,2585,304,113.2,101.3
2015,대학교,사립,대구,기존,계명대학교,공학계열,3533,0,3919,3519,400,110.9,99.6
2015,대학교,사립,대구,기존,계명대학교,의학계열,304,0,304,292,12,100,96.1
2015,대학교,사립,대구,기존,계명대학교,인문ㆍ사회계열,10113,0,12233,10808,1425,121,106.9
2015,대학교,사립,대구,기존,계명대학교,예ㆍ체능계열,3530,0,3821,3585,236,108.2,101.6
2015,대학교,사립,서울,기존,고려대학교,인문ㆍ사회계열,7532,0,10769,8840,1929,143,117.4
2015,대학교,사립,서울,기존,고려대학교,자연과학계열,3687,0,3808,3373,435,103.3,91.5
2015,대학교,사립,서울,기존,고려대학교,공학계열,3299,0,4786,4030,756,145.1,122.2
2015,대학교,사립,서울,기존,고려대학교,의학계열,265,0,278,255,23,104.9,96.2
2015,대학교,사립,서울,기존,고려대학교,예ㆍ체능계열,520,0,613,587,26,117.9,112.9
2015,대학교,사립,세종,기존,고려대학교(세종) _분교,예ㆍ체능계열,420,0,482,469,13,114.8,111.7
2015,대학교,사립,세종,기존,고려대학교(세종) _분교,자연과학계열,934,0,1076,974,102,115.2,104.3
2015,대학교,사립,세종,기존,고려대학교(세종) _분교,공학계열,1486,0,1753,1572,181,118,105.8
2015,대학교,사립,세종,기존,고려대학교(세종) _분교,인문ㆍ사회계열,3140,0,3720,3306,414,118.5,105.3
2015,대학교,사립,부산,기존,고신대학교,인문ㆍ사회계열,2070,0,2328,2155,173,112.5,104.1
2015,대학교,사립,부산,기존,고신대학교,의학계열,304,0,314,314,0,103.3,103.3
2015,대학교,사립,부산,기존,고신대학교,예ㆍ체능계열,392,0,391,378,13,99.7,96.4
2015,대학교,사립,부산,기존,고신대학교,자연과학계열,1142,0,1207,1115,92,105.7,97.6
2015,교육대학,국립,충남,기존,공주교육대학교,인문ㆍ사회계열,674,0,714,683,31,105.9,101.3
2015,교육대학,국립,충남,기존,공주교육대학교,예ㆍ체능계열,311,0,343,306,37,110.3,98.4
2015,교육대학,국립,충남,기존,공주교육대학교,자연과학계열,431,0,467,431,36,108.4,100
2015,대학교,사립,광주,기존,광신대학교,예ㆍ체능계열,130,4,101,101,0,80.2,80.2
2015,대학교,사립,광주,기존,광신대학교,인문ㆍ사회계열,404,16,384,345,39,99,88.9
2015,대학교,사립,서울,기존,광운대학교,공학계열,3657,0,4427,3961,466,121.1,108.3
2015,대학교,사립,서울,기존,광운대학교,인문ㆍ사회계열,2637,0,3438,3035,403,130.4,115.1
2015,대학교,사립,서울,기존,광운대학교,예ㆍ체능계열,160,0,168,158,10,105,98.8
2015,대학교,사립,서울,기존,광운대학교,자연과학계열,601,0,718,633,85,119.5,105.3
2015,대학교,사립,전남,기존,광주가톨릭대학교,인문ㆍ사회계열,160,0,91,91,0,56.9,56.9
2015,대학교,특별법법인,광주,기존,광주과학기술원,인문ㆍ사회계열,370,0,0,0,0,0,0
2015,대학교,특별법법인,광주,기존,광주과학기술원,공학계열,52,0,44,44,0,84.6,84.6
2015,대학교,특별법법인,광주,기존,광주과학기술원,자연과학계열,158,0,523,523,0,331,331
2015,교육대학,국립,광주,기존,광주교육대학교,예ㆍ체능계열,314,0,336,310,26,107,98.7
2015,교육대학,국립,광주,기존,광주교육대학교,자연과학계열,421,0,459,423,36,109,100.5
2015,교육대학,국립,광주,기존,광주교육대학교,인문ㆍ사회계열,569,0,624,572,52,109.7,100.5
2015,대학교,사립,광주,기존,광주대학교,공학계열,1175,0,1058,998,60,90,84.9
2015,대학교,사립,광주,기존,광주대학교,자연과학계열,990,0,941,840,101,95.1,84.8
2015,대학교,사립,광주,기존,광주대학교,예ㆍ체능계열,1258,0,1162,1103,59,92.4,87.7
2015,대학교,사립,광주,기존,광주대학교,인문ㆍ사회계열,3773,0,4252,3786,466,112.7,100.3
2015,대학교,사립,광주,기존,광주여자대학교,자연과학계열,2050,0,2124,1903,221,103.6,92.8
2015,대학교,사립,광주,기존,광주여자대학교,공학계열,50,0,28,28,0,56,56
2015,대학교,사립,광주,기존,광주여자대학교,인문ㆍ사회계열,1605,0,1686,1547,139,105,96.4
2015,대학교,사립,광주,기존,광주여자대학교,예ㆍ체능계열,205,0,173,168,5,84.4,82
2015,대학교,국립,강원,기존,국립강릉원주대학교,예ㆍ체능계열,608,0,554,543,11,91.1,89.3
2015,대학교,국립,강원,기존,국립강릉원주대학교,공학계열,971,0,1004,913,91,103.4,94
2015,대학교,국립,강원,기존,국립강릉원주대학교,자연과학계열,2046,0,1973,1844,129,96.4,90.1
2015,대학교,국립,강원,기존,국립강릉원주대학교,인문ㆍ사회계열,2280,0,2446,2185,261,107.3,95.8
2015,대학교,국립,강원,기존,국립강릉원주대학교,의학계열,160,0,166,155,11,103.8,96.9
2015,대학교,국립,강원,기존,국립강릉원주대학교 _제2캠퍼스,인문ㆍ사회계열,454,0,408,397,11,89.9,87.4
2015,대학교,국립,강원,기존,국립강릉원주대학교 _제2캠퍼스,공학계열,1180,0,1203,1092,111,101.9,92.5
2015,대학교,국립,강원,기존,국립강릉원주대학교 _제2캠퍼스,자연과학계열,300,0,314,290,24,104.7,96.7
2015,대학교,국립,강원,기존,국립강릉원주대학교 _제2캠퍼스,예ㆍ체능계열,164,0,176,166,10,107.3,101.2
2015,대학교,국립,경북,기존,국립경국대학교,자연과학계열,1954,0,1935,1819,116,99,93.1
2015,대학교,국립,경북,기존,국립경국대학교,공학계열,1866,0,2042,1837,205,109.4,98.4
2015,대학교,국립,경북,기존,국립경국대학교,예ㆍ체능계열,437,0,430,418,12,98.4,95.7
2015,대학교,국립,경북,기존,국립경국대학교,인문ㆍ사회계열,2075,0,2186,2026,160,105.3,97.6
2015,대학교,국립,충남,기존,국립공주대학교,예ㆍ체능계열,949,0,1128,1025,103,118.9,108
2015,대학교,국립,충남,기존,국립공주대학교,인문ㆍ사회계열,3356,0,4062,3566,496,121,106.3
2015,대학교,국립,충남,기존,국립공주대학교,자연과학계열,3788,0,4166,3692,474,110,97.5
2015,대학교,국립,충남,기존,국립공주대학교,공학계열,4079,0,5239,4145,1094,128.4,101.6
2015,대학교,국립,전북,기존,국립군산대학교,자연과학계열,1876,0,1988,1860,128,106,99.1
2015,대학교,국립,전북,기존,국립군산대학교,공학계열,3125,0,3401,3142,259,108.8,100.5
2015,대학교,국립,전북,기존,국립군산대학교,인문ㆍ사회계열,2065,0,2382,2165,217,115.4,104.8
2015,대학교,국립,전북,기존,국립군산대학교,예ㆍ체능계열,588,0,579,555,24,98.5,94.4
2015,대학교,국립,경북,기존,국립금오공과대학교,자연과학계열,279,0,290,272,18,103.9,97.5
2015,대학교,국립,경북,기존,국립금오공과대학교,인문ㆍ사회계열,197,0,382,215,167,193.9,109.1
2015,대학교,국립,경북,기존,국립금오공과대학교,공학계열,4868,0,6274,5592,682,128.9,114.9
2015,대학교,국립,전남,기존,국립목포대학교,자연과학계열,1644,0,1694,1564,130,103,95.1
2015,대학교,국립,전남,기존,국립목포대학교,공학계열,2286,0,2604,2291,313,113.9,100.2
2015,대학교,국립,전남,기존,국립목포대학교,예ㆍ체능계열,432,0,440,431,9,101.9,99.8
2015,대학교,국립,전남,기존,국립목포대학교,인문ㆍ사회계열,2788,0,3195,2893,302,114.6,103.8
2015,대학교,국립,전남,기존,국립목포해양대학교,공학계열,2554,0,2567,2390,177,100.5,93.6
2015,대학교,국립,부산,기존,국립부경대학교,공학계열,7175,0,9041,8301,740,126,115.7
2015,대학교,국립,부산,기존,국립부경대학교,예ㆍ체능계열,504,0,548,526,22,108.7,104.4
2015,대학교,국립,부산,기존,국립부경대학교,자연과학계열,2434,0,2661,2437,224,109.3,100.1
2015,대학교,국립,부산,기존,국립부경대학교,인문ㆍ사회계열,3964,0,5417,4807,610,136.7,121.3
2015,대학교,국립,전남,기존,국립순천대학교,자연과학계열,2351,0,2291,2127,164,97.4,90.5
2015,대학교,국립,전남,기존,국립순천대학교,인문ㆍ사회계열,2184,0,2600,2331,269,119,106.7
2015,대학교,국립,전남,기존,국립순천대학교,공학계열,1940,0,2075,1934,141,107,99.7
2015,대학교,국립,전남,기존,국립순천대학교,예ㆍ체능계열,788,0,832,792,40,105.6,100.5
2015,대학교,국립,경남,기존,국립창원대학교,공학계열,2456,0,3039,2805,234,123.7,114.2
2015,대학교,국립,경남,기존,국립창원대학교,예ㆍ체능계열,728,0,712,710,2,97.8,97.5
2015,대학교,국립,경남,기존,국립창원대학교,인문ㆍ사회계열,3213,0,3897,3461,436,121.3,107.7
2015,대학교,국립,경남,기존,국립창원대학교,자연과학계열,1175,0,1229,1174,55,104.6,99.9
2015,대학교,국립,충북,기존,국립한국교통대학교,예ㆍ체능계열,300,0,344,315,29,114.7,105
2015,대학교,국립,충북,기존,국립한국교통대학교,공학계열,5468,0,5429,5028,401,99.3,92
2015,대학교,국립,충북,기존,국립한국교통대학교,자연과학계열,652,0,654,605,49,100.3,92.8
2015,대학교,국립,충북,기존,국립한국교통대학교,인문ㆍ사회계열,2151,0,2151,1988,163,100,92.4
2015,대학교,국립,부산,기존,국립한국해양대학교,자연과학계열,799,0,1031,821,210,129,102.8
2015,대학교,국립,부산,기존,국립한국해양대학교,예ㆍ체능계열,100,0,113,102,11,113,102
2015,대학교,국립,부산,기존,국립한국해양대학교,인문ㆍ사회계열,1250,0,1764,1434,330,141.1,114.7
2015,대학교,국립,부산,기존,국립한국해양대학교,공학계열,3490,0,4047,3707,340,116,106.2
2015,대학교,국립,대전,기존,국립한밭대학교,공학계열,5405,0,4100,3737,363,75.9,69.1
2015,대학교,국립,대전,기존,국립한밭대학교,예ㆍ체능계열,460,0,362,339,23,78.7,73.7
2015,대학교,국립,대전,기존,국립한밭대학교,인문ㆍ사회계열,1827,0,1616,1419,197,88.5,77.7
2015,대학교,사립,서울,기존,국민대학교,공학계열,3071,0,3820,3248,572,124.4,105.8
2015,대학교,사립,서울,기존,국민대학교,예ㆍ체능계열,2224,0,2377,2206,171,106.9,99.2
2015,대학교,사립,서울,기존,국민대학교,자연과학계열,1303,0,1550,1327,223,119,101.8
2015,대학교,사립,서울,기존,국민대학교,인문ㆍ사회계열,5389,0,7870,5974,1896,146,110.9
2015,대학교,사립,충북,기존,극동대학교,공학계열,708,0,645,594,51,91.1,83.9
2015,대학교,사립,충북,기존,극동대학교,인문ㆍ사회계열,1683,0,1756,1646,110,104.3,97.8
2015,대학교,사립,충북,기존,극동대학교,예ㆍ체능계열,928,0,797,771,26,85.9,83.1
2015,대학교,사립,충북,기존,극동대학교,자연과학계열,950,0,1011,910,101,106.4,95.8
2015,대학교,사립,충남,기존,금강대학교,인문ㆍ사회계열,640,0,501,475,26,78.3,74.2
2015,대학교,사립,경북,기존,김천대학교,예ㆍ체능계열,105,0,76,75,1,72.4,71.4
2015,대학교,사립,경북,기존,김천대학교,공학계열,160,0,139,122,17,86.9,76.3
2015,대학교,사립,경북,기존,김천대학교,자연과학계열,2632,0,2601,2318,283,98.8,88.1
2015,대학교,사립,경북,기존,김천대학교,인문ㆍ사회계열,1052,0,944,863,81,89.7,82
2015,대학교,사립,충남,기존,나사렛대학교,자연과학계열,1383,0,1208,1082,126,87.3,78.2
2015,대학교,사립,충남,기존,나사렛대학교,인문ㆍ사회계열,3447,0,3790,3331,459,110,96.6
2015,대학교,사립,충남,기존,나사렛대학교,예ㆍ체능계열,509,0,697,593,104,136.9,116.5
2015,대학교,사립,광주,기존,남부대학교,예ㆍ체능계열,515,0,422,403,19,81.9,78.3
2015,대학교,사립,광주,기존,남부대학교,인문ㆍ사회계열,632,0,654,608,46,103.5,96.2
2015,대학교,사립,광주,기존,남부대학교,공학계열,250,0,284,214,70,113.6,85.6
2015,대학교,사립,광주,기존,남부대학교,자연과학계열,1715,0,1814,1545,269,105.8,90.1
2015,대학교,사립,충남,기존,남서울대학교,인문ㆍ사회계열,4830,0,3977,3660,317,82.3,75.8
2015,대학교,사립,충남,기존,남서울대학교,공학계열,2525,0,1548,1446,102,61.3,57.3
2015,대학교,사립,충남,기존,남서울대학교,자연과학계열,665,0,633,571,62,95.2,85.9
2015,대학교,사립,충남,기존,남서울대학교,예ㆍ체능계열,1674,0,1189,1153,36,71,68.9
2015,산업대학,사립,충남,폐교,남서울대학교(산업대),공학계열,40,0,872,792,80,2180,1980
2015,대학교,사립,경기,기존,단국대학교,공학계열,3137,0,3687,3276,411,117.5,104.4
2015,대학교,사립,경기,기존,단국대학교,인문ㆍ사회계열,4449,0,6095,5263,832,137,118.3
2015,대학교,사립,경기,기존,단국대학교,예ㆍ체능계열,1534,0,1608,1550,58,104.8,101
2015,대학교,사립,경기,기존,단국대학교,자연과학계열,450,0,585,537,48,130,119.3
2015,대학교,사립,충남,기존,단국대학교 _제2캠퍼스,예ㆍ체능계열,1643,0,1834,1740,94,111.6,105.9
2015,대학교,사립,충남,기존,단국대학교 _제2캠퍼스,자연과학계열,3462,0,3461,3187,274,100,92.1
2015,대학교,사립,충남,기존,단국대학교 _제2캠퍼스,공학계열,1391,0,2051,1824,227,147.4,131.1
2015,대학교,사립,충남,기존,단국대학교 _제2캠퍼스,의학계열,440,0,462,435,27,105,98.9
2015,대학교,사립,충남,기존,단국대학교 _제2캠퍼스,인문ㆍ사회계열,3505,0,4585,4016,569,130.8,114.6
2015,대학교,사립,경북,기존,대구가톨릭대학교,예ㆍ체능계열,1569,0,1463,1452,11,93.2,92.5
2015,대학교,사립,경북,기존,대구가톨릭대학교,인문ㆍ사회계열,5498,0,6217,5731,486,113.1,104.2
2015,대학교,사립,경북,기존,대구가톨릭대학교,의학계열,160,0,175,161,14,109.4,100.6
2015,대학교,사립,경북,기존,대구가톨릭대학교,공학계열,2055,0,2383,2167,216,116,105.5
2015,대학교,사립,경북,기존,대구가톨릭대학교,자연과학계열,3285,0,3748,3340,408,114.1,101.7
2015,대학교,특별법법인,대구,기존,대구경북과학기술원,자연과학계열,400,0,358,358,0,89.5,89.5
2015,교육대학,국립,대구,기존,대구교육대학교,예ㆍ체능계열,333,0,367,340,27,110.2,102.1
2015,교육대학,국립,대구,기존,대구교육대학교,자연과학계열,434,0,487,445,42,112.2,102.5
2015,교육대학,국립,대구,기존,대구교육대학교,인문ㆍ사회계열,765,0,814,748,66,106.4,97.8
2015,대학교,사립,경북,기존,대구대학교,자연과학계열,3821,0,3900,3604,296,102.1,94.3
2015,대학교,사립,경북,기존,대구대학교,인문ㆍ사회계열,8876,0,10056,9112,944,113.3,102.7
2015,대학교,사립,경북,기존,대구대학교,공학계열,3636,0,4083,3640,443,112.3,100.1
2015,대학교,사립,경북,기존,대구대학교,예ㆍ체능계열,1627,0,1700,1572,128,104.5,96.6
2015,대학교,사립,경북,기존,대구예술대학교,예ㆍ체능계열,1874,2,1476,1431,45,78.8,76.4
2015,대학교,사립,경북,기존,대구외국어대학교,인문ㆍ사회계열,520,20,345,328,17,69,65.6
2015,대학교,사립,경북,기존,대구한의대학교,자연과학계열,2936,0,3012,2815,197,102.6,95.9
2015,대학교,사립,경북,기존,대구한의대학교,예ㆍ체능계열,710,0,708,664,44,99.7,93.5
2015,대학교,사립,경북,기존,대구한의대학교,의학계열,432,0,422,398,24,97.7,92.1
2015,대학교,사립,경북,기존,대구한의대학교,인문ㆍ사회계열,2002,0,2155,1905,250,107.6,95.2
2015,대학교,사립,경북,기존,대구한의대학교,공학계열,744,0,763,702,61,102.6,94.4
2015,대학교,사립,경북,기존,대신대학교,예ㆍ체능계열,160,2,92,91,1,58.2,57.6
2015,대학교,사립,경북,기존,대신대학교,인문ㆍ사회계열,340,4,211,200,11,62.8,59.5
2015,대학교,사립,세종,기존,대전가톨릭대학교,인문ㆍ사회계열,160,0,67,62,5,41.9,38.8
2015,대학교,사립,대전,기존,대전대학교,공학계열,2148,0,2100,1902,198,97.8,88.5
2015,대학교,사립,대전,기존,대전대학교,자연과학계열,1677,0,1787,1619,168,106.6,96.5
2015,대학교,사립,대전,기존,대전대학교,인문ㆍ사회계열,4763,0,4960,4644,316,104.1,97.5
2015,대학교,사립,대전,기존,대전대학교,의학계열,288,0,305,276,29,105.9,95.8
2015,대학교,사립,대전,기존,대전대학교,예ㆍ체능계열,725,0,614,604,10,84.7,83.3
2015,대학교,사립,대전,기존,대전신학대학교,인문ㆍ사회계열,240,0,187,178,9,77.9,74.2
2015,대학교,사립,경기,기존,대진대학교,인문ㆍ사회계열,3463,0,3864,3486,378,111.6,100.7
2015,대학교,사립,경기,기존,대진대학교,공학계열,2294,0,2292,2064,228,99.9,90
2015,대학교,사립,경기,기존,대진대학교,자연과학계열,912,0,863,818,45,94.6,89.7
2015,대학교,사립,경기,기존,대진대학교,예ㆍ체능계열,1071,0,1001,915,86,93.5,85.4
2015,대학교,사립,서울,기존,덕성여자대학교,공학계열,360,0,399,364,35,110.8,101.1
2015,대학교,사립,서울,기존,덕성여자대학교,인문ㆍ사회계열,2840,0,3598,3206,392,126.7,112.9
2015,대학교,사립,서울,기존,덕성여자대학교,예ㆍ체능계열,680,0,753,689,64,110.7,101.3
2015,대학교,사립,서울,기존,덕성여자대학교,자연과학계열,1280,0,1344,1232,112,105,96.3
2015,대학교,사립,서울,기존,동국대학교,자연과학계열,1384,0,1568,1404,164,113.3,101.4
2015,대학교,사립,서울,기존,동국대학교,예ㆍ체능계열,880,0,1077,941,136,122.4,106.9
2015,대학교,사립,서울,기존,동국대학교,인문ㆍ사회계열,5312,0,7377,5764,1613,138.9,108.5
2015,대학교,사립,서울,기존,동국대학교,공학계열,3284,0,3737,3252,485,113.8,99
2015,대학교,사립,경북,기존,동국대학교(WISE) _분교,자연과학계열,1475,0,1505,1359,146,102,92.1
2015,대학교,사립,경북,기존,동국대학교(WISE) _분교,공학계열,1090,0,1084,978,106,99.4,89.7
2015,대학교,사립,경북,기존,동국대학교(WISE) _분교,의학계열,345,0,380,332,48,110.1,96.2
2015,대학교,사립,경북,기존,동국대학교(WISE) _분교,인문ㆍ사회계열,4197,0,4683,4170,513,111.6,99.4
2015,대학교,사립,경북,기존,동국대학교(WISE) _분교,예ㆍ체능계열,590,0,601,585,16,101.9,99.2
2015,대학교,사립,서울,기존,동덕여자대학교,예ㆍ체능계열,2535,0,2607,2517,90,102.8,99.3
2015,대학교,사립,서울,기존,동덕여자대학교,자연과학계열,1263,0,1527,1300,227,120.9,102.9
2015,대학교,사립,서울,기존,동덕여자대학교,인문ㆍ사회계열,2907,0,3784,3203,581,130.2,110.2
2015,대학교,사립,부산,기존,동명대학교,자연과학계열,810,0,692,632,60,85.4,78
2015,대학교,사립,부산,기존,동명대학교,공학계열,3020,0,3831,3484,347,126.9,115.4
2015,대학교,사립,부산,기존,동명대학교,인문ㆍ사회계열,3290,0,3597,3217,380,109.3,97.8
2015,대학교,사립,부산,기존,동명대학교,예ㆍ체능계열,930,0,974,908,66,104.7,97.6
2015,대학교,사립,부산,기존,동서대학교,공학계열,3080,0,3101,2921,180,100.7,94.8
2015,대학교,사립,부산,기존,동서대학교,예ㆍ체능계열,1680,0,1866,1763,103,111.1,104.9
2015,대학교,사립,부산,기존,동서대학교,자연과학계열,930,0,955,866,89,102.7,93.1
2015,대학교,사립,부산,기존,동서대학교,인문ㆍ사회계열,4808,0,5432,4952,480,113,103
2015,대학교,사립,전남,기존,동신대학교,자연과학계열,2285,0,2549,2222,327,111.6,97.2
2015,대학교,사립,전남,기존,동신대학교,예ㆍ체능계열,570,0,553,531,22,97,93.2
2015,대학교,사립,전남,기존,동신대학교,인문ㆍ사회계열,2440,0,2576,2362,214,105.6,96.8
2015,대학교,사립,전남,기존,동신대학교,의학계열,160,0,228,168,60,142.5,105
2015,대학교,사립,전남,기존,동신대학교,공학계열,1405,0,1327,1252,75,94.4,89.1
2015,대학교,사립,부산,기존,동아대학교,예ㆍ체능계열,2260,0,2140,2068,72,94.7,91.5
2015,대학교,사립,부산,기존,동아대학교,의학계열,121,0,120,119,1,99.2,98.3
2015,대학교,사립,부산,기존,동아대학교,공학계열,4980,0,6087,5421,666,122.2,108.9
2015,대학교,사립,부산,기존,동아대학교,자연과학계열,2813,0,2851,2690,161,101.4,95.6
2015,대학교,사립,부산,기존,동아대학교,인문ㆍ사회계열,7705,0,9338,8435,903,121.2,109.5
2015,대학교,사립,경북,기존,동양대학교,공학계열,1985,0,1857,1749,108,93.6,88.1
2015,대학교,사립,경북,기존,동양대학교,자연과학계열,230,0,256,214,42,111.3,93
2015,대학교,사립,경북,기존,동양대학교,인문ㆍ사회계열,1861,0,2096,1894,202,112.6,101.8
2015,대학교,사립,경북,기존,동양대학교,예ㆍ체능계열,412,0,376,366,10,91.3,88.8
2015,대학교,사립,부산,기존,동의대학교,자연과학계열,2615,0,2579,2472,107,98.6,94.5
2015,대학교,사립,부산,기존,동의대학교,공학계열,4885,0,4898,4502,396,100.3,92.2
2015,대학교,사립,부산,기존,동의대학교,의학계열,200,0,203,193,10,101.5,96.5
2015,대학교,사립,부산,기존,동의대학교,인문ㆍ사회계열,6365,0,6807,6127,680,106.9,96.3
2015,대학교,사립,부산,기존,동의대학교,예ㆍ체능계열,1515,0,1361,1344,17,89.8,88.7
2015,대학교,사립,경기,기존,루터대학교,인문ㆍ사회계열,400,0,423,414,9,105.8,103.5
2015,대학교,사립,경기,기존,명지대학교,공학계열,4143,0,4588,4162,426,110.7,100.5
2015,대학교,사립,경기,기존,명지대학교,예ㆍ체능계열,1569,0,1569,1545,24,100,98.5
2015,대학교,사립,경기,기존,명지대학교,자연과학계열,921,0,932,874,58,101.2,94.9
2015,대학교,사립,서울,기존,명지대학교 _제2캠퍼스,인문ㆍ사회계열,5119,0,7326,6070,1256,143.1,118.6
2015,대학교,사립,대전,기존,목원대학교,자연과학계열,1076,0,1066,1000,66,99.1,92.9
2015,대학교,사립,대전,기존,목원대학교,예ㆍ체능계열,2277,0,2367,2341,26,104,102.8
2015,대학교,사립,대전,기존,목원대학교,인문ㆍ사회계열,3656,0,4144,3813,331,113.3,104.3
2015,대학교,사립,대전,기존,목원대학교,공학계열,1405,0,1389,1281,108,98.9,91.2
2015,대학교,사립,전남,기존,목포가톨릭대학교,자연과학계열,360,0,400,356,44,111.1,98.9
2015,대학교,사립,전남,기존,목포가톨릭대학교,인문ㆍ사회계열,160,0,147,147,0,91.9,91.9
2015,대학교,사립,대전,기존,배재대학교,인문ㆍ사회계열,4633,0,5118,4654,464,110.5,100.5
2015,대학교,사립,대전,기존,배재대학교,예ㆍ체능계열,1022,0,956,935,21,93.5,91.5
2015,대학교,사립,대전,기존,배재대학교,자연과학계열,1783,0,1888,1741,147,105.9,97.6
2015,대학교,사립,대전,기존,배재대학교,공학계열,1688,0,1719,1562,157,101.8,92.5
2015,대학교,사립,충남,기존,백석대학교,자연과학계열,2314,0,2499,2140,359,108,92.5
2015,대학교,사립,충남,기존,백석대학교,예ㆍ체능계열,2645,0,2634,2495,139,99.6,94.3
2015,대학교,사립,충남,기존,백석대학교,인문ㆍ사회계열,7235,0,7856,7221,635,108.6,99.8
2015,대학교,사립,부산,기존,부산가톨릭대학교,공학계열,400,0,395,392,3,98.8,98
2015,대학교,사립,부산,기존,부산가톨릭대학교,인문ㆍ사회계열,1096,0,1039,997,42,94.8,91
2015,대학교,사립,부산,기존,부산가톨릭대학교,자연과학계열,2315,0,2659,2218,441,114.9,95.8
2015,교육대학,국립,부산,기존,부산교육대학교,예ㆍ체능계열,322,0,372,337,35,115.5,104.7
2015,교육대학,국립,부산,기존,부산교육대학교,자연과학계열,438,0,474,434,40,108.2,99.1
2015,교육대학,국립,부산,기존,부산교육대학교,인문ㆍ사회계열,664,0,727,676,51,109.5,101.8
2015,대학교,국립,부산,기존,부산대학교,인문ㆍ사회계열,5759,0,7566,6637,929,131.4,115.2
2015,대학교,국립,부산,기존,부산대학교,자연과학계열,4467,0,4873,4446,427,109.1,99.5
2015,대학교,국립,부산,기존,부산대학교,공학계열,6355,0,8099,7235,864,127.4,113.8
2015,대학교,국립,부산,기존,부산대학교,예ㆍ체능계열,1429,0,1627,1514,113,113.9,105.9
2015,대학교,사립,부산,기존,부산외국어대학교,공학계열,635,0,547,518,29,86.1,81.6
2015,대학교,사립,부산,기존,부산외국어대학교,예ㆍ체능계열,320,0,268,263,5,83.8,82.2
2015,대학교,사립,부산,기존,부산외국어대학교,자연과학계열,30,0,31,31,0,103.3,103.3
2015,대학교,사립,부산,기존,부산외국어대학교,인문ㆍ사회계열,7335,70,8425,7713,712,116,106.2
2015,대학교,사립,경남,기존,부산장신대학교,인문ㆍ사회계열,280,0,273,256,17,97.5,91.4
2015,대학교,사립,서울,기존,삼육대학교,자연과학계열,1860,0,1971,1735,236,106,93.3
2015,대학교,사립,서울,기존,삼육대학교,인문ㆍ사회계열,1767,0,2217,1994,223,125.5,112.8
2015,대학교,사립,서울,기존,삼육대학교,공학계열,676,0,717,633,84,106.1,93.6
2015,대학교,사립,서울,기존,삼육대학교,예ㆍ체능계열,780,0,846,778,68,108.5,99.7
2015,대학교,사립,서울,기존,상명대학교,예ㆍ체능계열,1022,0,1050,975,75,102.7,95.4
2015,대학교,사립,서울,기존,상명대학교,인문ㆍ사회계열,2654,0,3875,2789,1086,146,105.1
2015,대학교,사립,서울,기존,상명대학교,공학계열,280,0,361,271,90,128.9,96.8
2015,대학교,사립,서울,기존,상명대학교,자연과학계열,1588,0,1989,1584,405,125.3,99.7
2015,대학교,사립,충남,기존,상명대학교(천안) _분교,예ㆍ체능계열,2534,0,2848,2570,278,112.4,101.4
2015,대학교,사립,충남,기존,상명대학교(천안) _분교,공학계열,1175,0,1206,1089,117,102.6,92.7
2015,대학교,사립,충남,기존,상명대학교(천안) _분교,자연과학계열,560,0,603,518,85,107.7,92.5
2015,대학교,사립,충남,기존,상명대학교(천안) _분교,인문ㆍ사회계열,1473,0,1601,1439,162,108.7,97.7
2015,대학교,사립,강원,기존,상지대학교,인문ㆍ사회계열,3750,0,3844,3494,350,102.5,93.2
2015,대학교,사립,강원,기존,상지대학교,의학계열,240,0,236,230,6,98.3,95.8
2015,대학교,사립,강원,기존,상지대학교,예ㆍ체능계열,910,0,855,826,29,94,90.8
2015,대학교,사립,강원,기존,상지대학교,자연과학계열,2015,0,1964,1848,116,97.5,91.7
2015,대학교,사립,강원,기존,상지대학교,공학계열,1085,0,953,897,56,87.8,82.7
2015,대학교,사립,서울,기존,서강대학교,자연과학계열,856,0,884,811,73,103.3,94.7
2015,대학교,사립,서울,기존,서강대학교,공학계열,1684,0,1848,1698,150,109.7,100.8
2015,대학교,사립,서울,기존,서강대학교,인문ㆍ사회계열,4020,0,5269,4474,795,131.1,111.3
2015,대학교,사립,서울,기존,서경대학교,자연과학계열,320,0,358,300,58,111.9,93.8
2015,대학교,사립,서울,기존,서경대학교,예ㆍ체능계열,1560,0,1784,1380,404,114.4,88.5
2015,대학교,사립,서울,기존,서경대학교,인문ㆍ사회계열,2160,0,2792,2371,421,129.3,109.8
2015,대학교,사립,서울,기존,서경대학교,공학계열,1600,0,1811,1619,192,113.2,101.2
2015,대학교,사립,전북,기존,서남대학교,공학계열,111,0,4,4,0,3.6,3.6
2015,대학교,사립,전북,기존,서남대학교,의학계열,196,0,198,194,4,101,99
2015,대학교,사립,전북,기존,서남대학교,인문ㆍ사회계열,590,0,33,33,0,5.6,5.6
2015,대학교,사립,전북,기존,서남대학교,예ㆍ체능계열,510,0,98,98,0,19.2,19.2
2015,대학교,사립,전북,기존,서남대학교,자연과학계열,1518,0,614,554,60,40.4,36.5
2015,대학교,사립,충남,기존,서남대학교 _제2캠퍼스,공학계열,510,0,119,118,1,23.3,23.1
2015,대학교,사립,충남,기존,서남대학교 _제2캠퍼스,자연과학계열,715,0,247,241,6,34.5,33.7
2015,대학교,사립,충남,기존,서남대학교 _제2캠퍼스,예ㆍ체능계열,230,0,88,79,9,38.3,34.3
2015,대학교,사립,충남,기존,서남대학교 _제2캠퍼스,인문ㆍ사회계열,2187,0,278,275,3,12.7,12.6
2015,대학교,국립,서울,기존,서울과학기술대학교,공학계열,5943,0,4250,3892,358,71.5,65.5
2015,대학교,국립,서울,기존,서울과학기술대학교,인문ㆍ사회계열,1200,0,886,826,60,73.8,68.8
2015,대학교,국립,서울,기존,서울과학기술대학교,예ㆍ체능계열,1112,0,1010,847,163,90.8,76.2
2015,대학교,국립,서울,기존,서울과학기술대학교,자연과학계열,669,0,566,507,59,84.6,75.8
2015,산업대학,국립,서울,폐교,서울과학기술대학교(산업대),공학계열,42,0,3036,2946,90,7228.6,7014.3
2015,교육대학,국립,서울,기존,서울교육대학교,인문ㆍ사회계열,1421,0,1532,1404,128,107.8,98.8
2015,대학교,사립,서울,기존,서울기독대학교,예ㆍ체능계열,213,0,192,192,0,90.1,90.1
2015,대학교,사립,서울,기존,서울기독대학교,인문ㆍ사회계열,440,0,481,443,38,109.3,100.7
2015,대학교,국립대법인,서울,기존,서울대학교,자연과학계열,3662,0,4017,3670,347,109.7,100.2
2015,대학교,국립대법인,서울,기존,서울대학교,예ㆍ체능계열,1140,0,1470,1346,124,128.9,118.1
2015,대학교,국립대법인,서울,기존,서울대학교,의학계열,496,0,622,492,130,125.4,99.2
2015,대학교,국립대법인,서울,기존,서울대학교,공학계열,3146,0,3844,3524,320,122.2,112
2015,대학교,국립대법인,서울,기존,서울대학교,인문ㆍ사회계열,4522,0,6558,5871,687,145,129.8
2015,대학교,공립,서울,기존,서울시립대학교,자연과학계열,680,0,822,774,48,120.9,113.8
2015,대학교,공립,서울,기존,서울시립대학교,예ㆍ체능계열,544,0,587,576,11,107.9,105.9
2015,대학교,공립,서울,기존,서울시립대학교,인문ㆍ사회계열,3248,0,4657,4194,463,143.4,129.1
2015,대학교,공립,서울,기존,서울시립대학교,공학계열,2640,0,3450,3078,372,130.7,116.6
2015,대학교,사립,경기,기존,서울신학대학교,예ㆍ체능계열,350,0,376,358,18,107.4,102.3
2015,대학교,사립,경기,기존,서울신학대학교,인문ㆍ사회계열,1810,0,2013,1842,171,111.2,101.8
2015,대학교,사립,서울,기존,서울여자대학교,자연과학계열,2175,0,2387,2147,240,109.7,98.7
2015,대학교,사립,서울,기존,서울여자대학교,예ㆍ체능계열,790,0,810,793,17,102.5,100.4
2015,대학교,사립,서울,기존,서울여자대학교,인문ㆍ사회계열,3868,0,4573,4087,486,118.2,105.7
2015,대학교,사립,경기,기존,서울장신대학교,예ㆍ체능계열,130,0,131,126,5,100.8,96.9
2015,대학교,사립,경기,기존,서울장신대학교,인문ㆍ사회계열,358,0,391,355,36,109.2,99.2
2015,대학교,사립,서울,기존,서울한영대학교,인문ㆍ사회계열,731,0,729,683,46,99.7,93.4
2015,대학교,사립,서울,기존,서울한영대학교,예ㆍ체능계열,69,0,62,61,1,89.9,88.4
2015,대학교,사립,충북,기존,서원대학교,예ㆍ체능계열,925,0,985,938,47,106.5,101.4
2015,대학교,사립,충북,기존,서원대학교,자연과학계열,1155,0,1142,1071,71,98.9,92.7
2015,대학교,사립,충북,기존,서원대학교,공학계열,1260,0,1188,1136,52,94.3,90.2
2015,대학교,사립,충북,기존,서원대학교,인문ㆍ사회계열,3623,0,3997,3640,357,110.3,100.5
2015,대학교,사립,충남,기존,선문대학교,공학계열,2871,0,2967,2764,203,103.3,96.3
2015,대학교,사립,충남,기존,선문대학교,자연과학계열,1174,0,1311,1151,160,111.7,98
2015,대학교,사립,충남,기존,선문대학교,예ㆍ체능계열,640,0,589,562,27,92,87.8
2015,대학교,사립,충남,기존,선문대학교,인문ㆍ사회계열,4376,0,5191,4555,636,118.6,104.1
2015,대학교,사립,경기,기존,성결대학교,공학계열,1240,0,1246,1178,68,100.5,95
2015,대학교,사립,경기,기존,성결대학교,인문ㆍ사회계열,3160,0,3647,3322,325,115.4,105.1
2015,대학교,사립,경기,기존,성결대학교,예ㆍ체능계열,720,0,827,755,72,114.9,104.9
2015,대학교,사립,서울,기존,성공회대학교,인문ㆍ사회계열,1541,0,1749,1597,152,113.5,103.6
2015,대학교,사립,서울,기존,성공회대학교,공학계열,592,0,586,564,22,99,95.3
2015,대학교,사립,서울,기존,성균관대학교,인문ㆍ사회계열,6448,0,9924,7312,2612,153.9,113.4
2015,대학교,사립,서울,기존,성균관대학교,자연과학계열,1730,0,1657,1484,173,95.8,85.8
2015,대학교,사립,서울,기존,성균관대학교,공학계열,4599,0,6173,5041,1132,134.2,109.6
2015,대학교,사립,서울,기존,성균관대학교,의학계열,100,0,108,105,3,108,105
2015,대학교,사립,서울,기존,성균관대학교,예ㆍ체능계열,1236,0,1495,1342,153,121,108.6
2015,대학교,사립,서울,기존,성신여자대학교,자연과학계열,1937,0,2159,1885,274,111.5,97.3
2015,대학교,사립,서울,기존,성신여자대학교,예ㆍ체능계열,2253,0,2314,2205,109,102.7,97.9
2015,대학교,사립,서울,기존,성신여자대학교,인문ㆍ사회계열,4674,0,5489,4850,639,117.4,103.8
2015,대학교,사립,충북,기존,세명대학교,공학계열,1120,0,1087,1019,68,97.1,91
2015,대학교,사립,충북,기존,세명대학교,의학계열,160,0,183,150,33,114.4,93.8
2015,대학교,사립,충북,기존,세명대학교,인문ㆍ사회계열,3840,0,4046,3689,357,105.4,96.1
2015,대학교,사립,충북,기존,세명대학교,예ㆍ체능계열,960,0,956,890,66,99.6,92.7
2015,대학교,사립,충북,기존,세명대학교,자연과학계열,2160,0,2192,1974,218,101.5,91.4
2015,대학교,사립,서울,기존,세종대학교,자연과학계열,786,0,724,686,38,92.1,87.3
2015,대학교,사립,서울,기존,세종대학교,예ㆍ체능계열,1340,8,1525,1387,138,114.5,104.1
2015,대학교,사립,서울,기존,세종대학교,인문ㆍ사회계열,2660,4,3595,2896,699,135.4,109
2015,대학교,사립,서울,기존,세종대학교,공학계열,4529,0,5449,4762,687,120.3,105.1
2015,대학교,사립,전남,기존,세한대학교,자연과학계열,840,0,849,722,127,101.1,86
2015,대학교,사립,전남,기존,세한대학교,예ㆍ체능계열,1410,0,1148,1114,34,81.4,79
2015,대학교,사립,전남,기존,세한대학교,인문ㆍ사회계열,1225,0,1316,1226,90,107.4,100.1
2015,대학교,사립,전남,기존,세한대학교,공학계열,200,0,162,162,0,81,81
2015,대학교,사립,충남,기존,세한대학교 _제2캠퍼스,공학계열,30,0,29,29,0,96.7,96.7
2015,대학교,사립,충남,기존,세한대학교 _제2캠퍼스,예ㆍ체능계열,360,0,461,449,12,128.1,124.7
2015,대학교,사립,충남,기존,세한대학교 _제2캠퍼스,인문ㆍ사회계열,310,0,320,312,8,103.2,100.6
2015,대학교,사립,광주,기존,송원대학교,인문ㆍ사회계열,1250,0,960,907,53,76.8,72.6
2015,대학교,사립,광주,기존,송원대학교,자연과학계열,790,0,709,607,102,89.7,76.8
2015,대학교,사립,광주,기존,송원대학교,공학계열,710,0,381,361,20,53.7,50.8
2015,대학교,사립,광주,기존,송원대학교,예ㆍ체능계열,450,0,315,307,8,70,68.2
2015,대학교,사립,경기,기존,수원가톨릭대학교,인문ㆍ사회계열,360,0,143,142,1,39.7,39.4
2015,대학교,사립,경기,기존,수원대학교,공학계열,3110,0,3297,2978,319,106,95.8
2015,대학교,사립,경기,기존,수원대학교,자연과학계열,1553,0,1572,1422,150,101.2,91.6
2015,대학교,사립,경기,기존,수원대학교,예ㆍ체능계열,2480,0,2296,2261,35,92.6,91.2
2015,대학교,사립,경기,기존,수원대학교,인문ㆍ사회계열,3100,0,3540,3009,531,114.2,97.1
2015,대학교,사립,서울,기존,숙명여자대학교,인문ㆍ사회계열,5524,0,6807,5948,859,123.2,107.7
2015,대학교,사립,서울,기존,숙명여자대학교,예ㆍ체능계열,1520,0,1642,1604,38,108,105.5
2015,대학교,사립,서울,기존,숙명여자대학교,자연과학계열,2068,0,2225,1974,251,107.6,95.5
2015,각종학교(대학),사립,충북,기존,순복음총회신학교,예ㆍ체능계열,37,0,22,22,0,59.5,59.5
2015,각종학교(대학),사립,충북,기존,순복음총회신학교,인문ㆍ사회계열,358,5,278,278,0,78.8,78.8
2015,대학교,사립,충남,기존,순천향대학교,예ㆍ체능계열,1014,0,962,939,23,94.9,92.6
2015,대학교,사립,충남,기존,순천향대학교,공학계열,2626,0,2798,2487,311,106.5,94.7
2015,대학교,사립,충남,기존,순천향대학교,자연과학계열,2354,0,2307,2085,222,98,88.6
2015,대학교,사립,충남,기존,순천향대학교,인문ㆍ사회계열,3918,0,4567,4105,462,116.6,104.8
2015,대학교,사립,충남,기존,순천향대학교,의학계열,372,0,383,367,16,103,98.7
2015,대학교,사립,서울,기존,숭실대학교,자연과학계열,940,0,928,845,83,98.7,89.9
2015,대학교,사립,서울,기존,숭실대학교,예ㆍ체능계열,227,0,236,225,11,104,99.1
2015,대학교,사립,서울,기존,숭실대학교,인문ㆍ사회계열,4883,0,6363,5356,1007,130.3,109.7
2015,대학교,사립,서울,기존,숭실대학교,공학계열,4680,0,5408,4781,627,115.6,102.2
2015,대학교,사립,경북,기존,신경주대학교,공학계열,60,0,70,69,1,116.7,115
2015,대학교,사립,경북,기존,신경주대학교,자연과학계열,894,48,475,458,17,56.1,54.1
2015,대학교,사립,경북,기존,신경주대학교,예ㆍ체능계열,565,0,225,223,2,39.8,39.5
2015,대학교,사립,경북,기존,신경주대학교,인문ㆍ사회계열,3103,270,1840,1764,76,64.9,62.3
2015,대학교,사립,부산,기존,신라대학교,자연과학계열,1962,0,2110,1957,153,107.5,99.7
2015,대학교,사립,부산,기존,신라대학교,예ㆍ체능계열,1005,0,989,936,53,98.4,93.1
2015,대학교,사립,부산,기존,신라대학교,인문ㆍ사회계열,4916,0,5678,4924,754,115.5,100.2
2015,대학교,사립,부산,기존,신라대학교,공학계열,1492,0,1500,1328,172,100.5,89
2015,대학교,사립,경기,기존,신한대학교,인문ㆍ사회계열,140,0,131,113,18,93.6,80.7
2015,대학교,사립,경기,기존,신한대학교,공학계열,346,0,407,256,151,117.6,74
2015,대학교,사립,경기,기존,신한대학교,자연과학계열,180,0,201,166,35,111.7,92.2
2015,대학교,사립,경기,기존,신한대학교 _제2캠퍼스,예ㆍ체능계열,350,0,393,301,92,112.3,86
2015,대학교,사립,경기,기존,신한대학교 _제2캠퍼스,자연과학계열,780,0,1027,711,316,131.7,91.2
2015,대학교,사립,경기,기존,신한대학교 _제2캠퍼스,공학계열,140,0,168,94,74,120,67.1
2015,대학교,사립,경기,기존,신한대학교 _제2캠퍼스,인문ㆍ사회계열,970,0,1348,848,500,139,87.4
2015,대학교,사립,경기,기존,아신대학교,인문ㆍ사회계열,790,0,807,765,42,102.2,96.8
2015,대학교,사립,경기,기존,아주대학교,자연과학계열,1120,0,1346,1096,250,120.2,97.9
2015,대학교,사립,경기,기존,아주대학교,공학계열,4182,0,5251,4738,513,125.6,113.3
2015,대학교,사립,경기,기존,아주대학교,인문ㆍ사회계열,2530,0,3242,2883,359,128.1,114
2015,대학교,사립,경기,기존,아주대학교,의학계열,100,0,115,105,10,115,105
2015,대학교,사립,경기,기존,안양대학교,공학계열,1330,0,1475,1356,119,110.9,102
2015,대학교,사립,경기,기존,안양대학교,자연과학계열,380,0,381,351,30,100.3,92.4
2015,대학교,사립,경기,기존,안양대학교,예ㆍ체능계열,504,0,522,503,19,103.6,99.8
2015,대학교,사립,경기,기존,안양대학교,인문ㆍ사회계열,2254,0,2480,2261,219,110,100.3
2015,대학교,사립,인천,기존,안양대학교 _제2캠퍼스,인문ㆍ사회계열,280,0,270,260,10,96.4,92.9
2015,대학교,사립,인천,기존,안양대학교 _제2캠퍼스,공학계열,280,0,239,236,3,85.4,84.3
2015,대학교,사립,서울,기존,연세대학교,자연과학계열,2431,0,3429,2733,696,141.1,112.4
2015,대학교,사립,서울,기존,연세대학교,공학계열,3632,0,4482,3937,545,123.4,108.4
2015,대학교,사립,서울,기존,연세대학교,의학계열,425,0,539,393,146,126.8,92.5
2015,대학교,사립,서울,기존,연세대학교,예ㆍ체능계열,846,0,1037,974,63,122.6,115.1
2015,대학교,사립,서울,기존,연세대학교,인문ㆍ사회계열,6603,0,10059,8085,1974,152.3,122.4
2015,대학교,사립,강원,기존,연세대학교(미래) _분교,자연과학계열,2614,0,3187,2674,513,121.9,102.3
2015,대학교,사립,강원,기존,연세대학교(미래) _분교,공학계열,932,0,1210,997,213,129.8,107
2015,대학교,사립,강원,기존,연세대학교(미래) _분교,의학계열,372,0,444,382,62,119.4,102.7
2015,대학교,사립,강원,기존,연세대학교(미래) _분교,인문ㆍ사회계열,2380,0,3057,2714,343,128.4,114
2015,대학교,사립,경북,기존,영남대학교,인문ㆍ사회계열,8224,0,9828,8807,1021,119.5,107.1
2015,대학교,사립,경북,기존,영남대학교,의학계열,190,0,196,193,3,103.2,101.6
2015,대학교,사립,경북,기존,영남대학교,공학계열,5311,0,6660,5934,726,125.4,111.7
2015,대학교,사립,경북,기존,영남대학교,자연과학계열,4037,0,3897,3632,265,96.5,90
2015,대학교,사립,경북,기존,영남대학교,예ㆍ체능계열,2057,0,2061,1974,87,100.2,96
2015,대학교,사립,경북,기존,영남신학대학교,인문ㆍ사회계열,530,0,433,425,8,81.7,80.2
2015,대학교,사립,경남,기존,영산대학교,자연과학계열,620,0,721,616,105,116.3,99.4
2015,대학교,사립,경남,기존,영산대학교,예ㆍ체능계열,360,0,203,201,2,56.4,55.8
2015,대학교,사립,경남,기존,영산대학교,공학계열,910,0,824,773,51,90.5,84.9
2015,대학교,사립,경남,기존,영산대학교,인문ㆍ사회계열,1484,0,1571,1421,150,105.9,95.8
2015,대학교,사립,부산,기존,영산대학교 _제2캠퍼스,예ㆍ체능계열,870,0,1217,1101,116,139.9,126.6
2015,대학교,사립,부산,기존,영산대학교 _제2캠퍼스,인문ㆍ사회계열,1714,0,2087,1774,313,121.8,103.5
2015,대학교,사립,부산,기존,영산대학교 _제2캠퍼스,공학계열,90,0,0,0,0,0,0
2015,대학교,사립,부산,기존,영산대학교 _제2캠퍼스,자연과학계열,540,0,656,603,53,121.5,111.7
2015,대학교,사립,전남,기존,영산선학대학교,인문ㆍ사회계열,200,0,42,40,2,21,20
2015,대학교,사립,전북,기존,예수대학교,자연과학계열,460,0,504,451,53,109.6,98
2015,대학교,사립,전북,기존,예수대학교,인문ㆍ사회계열,76,0,71,71,0,93.4,93.4
2015,대학교,사립,전북,기존,예원예술대학교,예ㆍ체능계열,538,31,467,440,27,92.1,86.8
2015,대학교,사립,전북,기존,예원예술대학교,인문ㆍ사회계열,137,0,66,58,8,48.2,42.3
2015,대학교,사립,경기,기존,예원예술대학교 _제2캠퍼스,예ㆍ체능계열,396,0,489,435,54,123.5,109.8
2015,대학교,사립,경기,기존,용인대학교,인문ㆍ사회계열,1576,0,1785,1584,201,113.3,100.5
2015,대학교,사립,경기,기존,용인대학교,예ㆍ체능계열,3248,0,3381,3129,252,104.1,96.3
2015,대학교,사립,경기,기존,용인대학교,자연과학계열,1056,0,1162,1017,145,110,96.3
2015,대학교,사립,전북,기존,우석대학교,공학계열,1170,0,1201,1123,78,102.6,96
2015,대학교,사립,전북,기존,우석대학교,자연과학계열,2285,0,2393,2162,231,104.7,94.6
2015,대학교,사립,전북,기존,우석대학교,예ㆍ체능계열,1245,0,1149,1112,37,92.3,89.3
2015,대학교,사립,전북,기존,우석대학교,인문ㆍ사회계열,2845,0,3190,2876,314,112.1,101.1
2015,대학교,사립,전북,기존,우석대학교,의학계열,120,0,148,126,22,123.3,105
2015,대학교,사립,대전,기존,우송대학교,예ㆍ체능계열,970,0,1051,900,151,108.4,92.8
2015,대학교,사립,대전,기존,우송대학교,공학계열,2110,0,2168,1946,222,102.7,92.2
2015,대학교,사립,대전,기존,우송대학교,자연과학계열,1600,0,1615,1525,90,100.9,95.3
2015,대학교,사립,대전,기존,우송대학교,인문ㆍ사회계열,3911,0,4592,3822,770,117.4,97.7
2015,대학교,특별법법인,울산,기존,울산과학기술원,공학계열,2490,0,2476,2300,176,99.4,92.4
2015,대학교,특별법법인,울산,기존,울산과학기술원,인문ㆍ사회계열,420,0,416,386,30,99,91.9
2015,대학교,사립,울산,기존,울산대학교,인문ㆍ사회계열,3873,0,4439,3986,453,114.6,102.9
2015,대학교,사립,울산,기존,울산대학교,예ㆍ체능계열,1296,0,1242,1218,24,95.8,94
2015,대학교,사립,울산,기존,울산대학교,의학계열,160,0,161,161,0,100.6,100.6
2015,대학교,사립,울산,기존,울산대학교,공학계열,4004,0,4861,4315,546,121.4,107.8
2015,대학교,사립,울산,기존,울산대학교,자연과학계열,2163,0,2241,2047,194,103.6,94.6
2015,대학교,사립,전북,기존,원광대학교,자연과학계열,3930,0,3950,3712,238,100.5,94.5
2015,대학교,사립,전북,기존,원광대학교,공학계열,2465,0,2652,2408,244,107.6,97.7
2015,대학교,사립,전북,기존,원광대학교,의학계열,984,0,1043,957,86,106,97.3
2015,대학교,사립,전북,기존,원광대학교,인문ㆍ사회계열,6153,0,6928,6483,445,112.6,105.4
2015,대학교,사립,전북,기존,원광대학교,예ㆍ체능계열,1829,0,1683,1620,63,92,88.6
2015,대학교,사립,경북,기존,위덕대학교,예ㆍ체능계열,279,0,233,230,3,83.5,82.4
2015,대학교,사립,경북,기존,위덕대학교,인문ㆍ사회계열,1485,0,1511,1408,103,101.8,94.8
2015,대학교,사립,경북,기존,위덕대학교,자연과학계열,880,0,822,784,38,93.4,89.1
2015,대학교,사립,경북,기존,위덕대학교,공학계열,841,0,656,648,8,78,77.1
2015,대학교,사립,충북,기존,유원대학교,예ㆍ체능계열,410,0,246,241,5,60,58.8
2015,대학교,사립,충북,기존,유원대학교,공학계열,1100,0,820,812,8,74.5,73.8
2015,대학교,사립,충북,기존,유원대학교,자연과학계열,1220,0,1371,1238,133,112.4,101.5
2015,대학교,사립,충북,기존,유원대학교,인문ㆍ사회계열,1590,0,1347,1293,54,84.7,81.3
2015,대학교,사립,대전,기존,을지대학교,의학계열,160,0,198,171,27,123.8,106.9
2015,대학교,사립,대전,기존,을지대학교,자연과학계열,508,0,594,507,87,116.9,99.8
2015,대학교,사립,경기,기존,을지대학교 _제2캠퍼스,자연과학계열,3188,0,3586,3120,466,112.5,97.9
2015,대학교,사립,경기,기존,을지대학교 _제2캠퍼스,인문ㆍ사회계열,800,0,913,767,146,114.1,95.9
2015,대학교,사립,서울,기존,이화여자대학교,자연과학계열,2893,0,3210,2898,312,111,100.2
2015,대학교,사립,서울,기존,이화여자대학교,공학계열,1132,0,1232,1140,92,108.8,100.7
2015,대학교,사립,서울,기존,이화여자대학교,예ㆍ체능계열,2544,0,2935,2741,194,115.4,107.7
2015,대학교,사립,서울,기존,이화여자대학교,인문ㆍ사회계열,5905,0,7806,6629,1177,132.2,112.3
2015,대학교,사립,경남,기존,인제대학교,인문ㆍ사회계열,3610,0,3810,3602,208,105.5,99.8
2015,대학교,사립,경남,기존,인제대학교,자연과학계열,2524,0,2743,2438,305,108.7,96.6
2015,대학교,사립,경남,기존,인제대학교,공학계열,2022,0,2087,1922,165,103.2,95.1
2015,대학교,사립,경남,기존,인제대학교,예ㆍ체능계열,902,0,878,826,52,97.3,91.6
2015,대학교,사립,부산,기존,인제대학교 _제2캠퍼스,의학계열,372,0,386,368,18,103.8,98.9
2015,대학교,사립,부산,기존,인제대학교 _제2캠퍼스,자연과학계열,320,0,494,316,178,154.4,98.8
2015,대학교,사립,인천,기존,인천가톨릭대학교,인문ㆍ사회계열,115,0,81,79,2,70.4,68.7
2015,대학교,사립,인천,기존,인천가톨릭대학교 _제2캠퍼스,자연과학계열,80,0,76,75,1,95,93.8
2015,대학교,사립,인천,기존,인천가톨릭대학교 _제2캠퍼스,예ㆍ체능계열,565,0,603,544,59,106.7,96.3
2015,대학교,국립대법인,인천,기존,인천대학교,인문ㆍ사회계열,4132,0,4972,4275,697,120.3,103.5
2015,대학교,국립대법인,인천,기존,인천대학교,예ㆍ체능계열,1000,0,1073,924,149,107.3,92.4
2015,대학교,국립대법인,인천,기존,인천대학교,자연과학계열,1248,0,1390,1263,127,111.4,101.2
2015,대학교,국립대법인,인천,기존,인천대학교,공학계열,4340,0,5444,4365,1079,125.4,100.6
2015,대학교,사립,인천,기존,인하대학교,예ㆍ체능계열,590,0,585,575,10,99.2,97.5
2015,대학교,사립,인천,기존,인하대학교,자연과학계열,1396,0,1568,1396,172,112.3,100
2015,대학교,사립,인천,기존,인하대학교,인문ㆍ사회계열,6298,0,7980,7036,944,126.7,111.7
2015,대학교,사립,인천,기존,인하대학교,공학계열,5900,0,8043,6971,1072,136.3,118.2
2015,대학교,사립,서울,기존,장로회신학대학교,예ㆍ체능계열,200,0,232,213,19,116,106.5
2015,대학교,사립,서울,기존,장로회신학대학교,인문ㆍ사회계열,400,0,451,408,43,112.8,102
2015,대학교,국립,광주,기존,전남대학교,예ㆍ체능계열,904,0,934,908,26,103.3,100.4
2015,대학교,국립,광주,기존,전남대학교,의학계열,511,0,518,490,28,101.4,95.9
2015,대학교,국립,광주,기존,전남대학교,공학계열,3386,0,4268,4045,223,126,119.5
2015,대학교,국립,광주,기존,전남대학교,자연과학계열,4869,0,5457,5017,440,112.1,103
2015,대학교,국립,광주,기존,전남대학교,인문ㆍ사회계열,4559,0,6383,5697,686,140,125
2015,대학교,국립,전남,기존,전남대학교 _제2캠퍼스,공학계열,1285,0,1135,1083,52,88.3,84.3
2015,대학교,국립,전남,기존,전남대학교 _제2캠퍼스,인문ㆍ사회계열,897,0,868,840,28,96.8,93.6
2015,대학교,국립,전남,기존,전남대학교 _제2캠퍼스,예ㆍ체능계열,104,0,89,86,3,85.6,82.7
2015,대학교,국립,전남,기존,전남대학교 _제2캠퍼스,자연과학계열,1250,0,1146,1057,89,91.7,84.6
2015,대학교,국립,전북,기존,전북대학교,자연과학계열,5169,0,5679,5198,481,109.9,100.6
2015,대학교,국립,전북,기존,전북대학교,예ㆍ체능계열,759,0,784,763,21,103.3,100.5
2015,대학교,국립,전북,기존,전북대학교,인문ㆍ사회계열,5105,0,6335,5787,548,124.1,113.4
2015,대학교,국립,전북,기존,전북대학교,의학계열,200,0,205,183,22,102.5,91.5
2015,대학교,국립,전북,기존,전북대학교,공학계열,5400,0,6573,6187,386,121.7,114.6
2015,교육대학,국립,전북,기존,전주교육대학교,인문ㆍ사회계열,485,0,505,481,24,104.1,99.2
2015,교육대학,국립,전북,기존,전주교육대학교,예ㆍ체능계열,283,0,307,285,22,108.5,100.7
2015,교육대학,국립,전북,기존,전주교육대학교,자연과학계열,372,0,398,361,37,107,97
2015,대학교,사립,전북,기존,전주대학교,인문ㆍ사회계열,5050,0,5636,5133,503,111.6,101.6
2015,대학교,사립,전북,기존,전주대학교,공학계열,2289,0,2143,1930,213,93.6,84.3
2015,대학교,사립,전북,기존,전주대학교,자연과학계열,2065,0,2195,2010,185,106.3,97.3
2015,대학교,사립,전북,기존,전주대학교,예ㆍ체능계열,1677,0,1639,1580,59,97.7,94.2
2015,기술대학,사립,서울,기존,정석대학,인문ㆍ사회계열,50,0,40,40,0,80,80
2015,기술대학,사립,서울,기존,정석대학,공학계열,150,0,72,72,0,48,48
2015,대학교,사립,제주,기존,제주국제대학교,공학계열,880,0,302,294,8,34.3,33.4
2015,대학교,사립,제주,기존,제주국제대학교,인문ㆍ사회계열,1480,0,538,479,59,36.4,32.4
2015,대학교,사립,제주,기존,제주국제대학교,예ㆍ체능계열,675,0,320,305,15,47.4,45.2
2015,대학교,사립,제주,기존,제주국제대학교,자연과학계열,165,0,26,25,1,15.8,15.2
2015,대학교,국립,제주,기존,제주대학교,공학계열,1804,0,1935,1753,182,107.3,97.2
2015,대학교,국립,제주,기존,제주대학교,의학계열,160,0,177,150,27,110.6,93.8
2015,대학교,국립,제주,기존,제주대학교,인문ㆍ사회계열,4040,0,5001,4479,522,123.8,110.9
2015,대학교,국립,제주,기존,제주대학교,예ㆍ체능계열,704,0,716,701,15,101.7,99.6
2015,대학교,국립,제주,기존,제주대학교,자연과학계열,2692,0,2724,2548,176,101.2,94.7
2015,대학교,사립,광주,기존,조선대학교,공학계열,5989,0,6269,5778,491,104.7,96.5
2015,대학교,사립,광주,기존,조선대학교,인문ㆍ사회계열,7949,0,8462,7963,499,106.5,100.2
2015,대학교,사립,광주,기존,조선대학교,자연과학계열,2830,0,2896,2716,180,102.3,96
2015,대학교,사립,광주,기존,조선대학교,예ㆍ체능계열,2188,0,2172,2071,101,99.3,94.7
2015,대학교,사립,충남,기존,중부대학교,자연과학계열,1240,0,1172,1109,63,94.5,89.4
2015,대학교,사립,충남,기존,중부대학교,예ㆍ체능계열,1780,0,1657,1594,63,93.1,89.6
2015,대학교,사립,충남,기존,중부대학교,인문ㆍ사회계열,3770,0,3760,3545,215,99.7,94
2015,대학교,사립,충남,기존,중부대학교,공학계열,1890,0,1821,1704,117,96.3,90.2
2015,대학교,사립,서울,기존,중앙대학교,예ㆍ체능계열,500,0,578,530,48,115.6,106
2015,대학교,사립,서울,기존,중앙대학교,인문ㆍ사회계열,6156,0,9131,6864,2267,148.3,111.5
2015,대학교,사립,서울,기존,중앙대학교,자연과학계열,2450,0,2745,2330,415,112,95.1
2015,대학교,사립,서울,기존,중앙대학교,공학계열,3227,0,3885,3393,492,120.4,105.1
2015,대학교,사립,서울,기존,중앙대학교,의학계열,215,0,208,198,10,96.7,92.1
2015,대학교,사립,경기,기존,중앙대학교 _제2캠퍼스,예ㆍ체능계열,3838,0,3750,3607,143,97.7,94
2015,대학교,사립,경기,기존,중앙대학교 _제2캠퍼스,자연과학계열,1466,0,1324,1189,135,90.3,81.1
2015,대학교,사립,경기,기존,중앙대학교 _제2캠퍼스,공학계열,100,0,34,33,1,34,33
2015,대학교,사립,경기,기존,중앙대학교 _제2캠퍼스,인문ㆍ사회계열,624,0,1799,1545,254,288.3,247.6
2015,대학교,사립,경기,기존,중앙승가대학교,인문ㆍ사회계열,480,0,222,222,0,46.3,46.3
2015,대학교,사립,충북,기존,중원대학교,공학계열,1095,0,900,841,59,82.2,76.8
2015,대학교,사립,충북,기존,중원대학교,자연과학계열,1010,0,906,853,53,89.7,84.5
2015,대학교,사립,충북,기존,중원대학교,예ㆍ체능계열,750,0,583,539,44,77.7,71.9
2015,대학교,사립,충북,기존,중원대학교,인문ㆍ사회계열,1410,0,1086,1047,39,77,74.3
2015,교육대학,국립,경남,기존,진주교육대학교,예ㆍ체능계열,316,0,345,323,22,109.2,102.2
2015,교육대학,국립,경남,기존,진주교육대학교,자연과학계열,423,0,450,419,31,106.4,99.1
2015,교육대학,국립,경남,기존,진주교육대학교,인문ㆍ사회계열,537,0,566,518,48,105.4,96.5
2015,대학교,사립,경기,기존,차의과학대학교,자연과학계열,1090,0,1082,935,147,99.3,85.8
2015,대학교,사립,경기,기존,차의과학대학교,인문ㆍ사회계열,850,0,710,688,22,83.5,80.9
2015,대학교,사립,경남,기존,창신대학교,예ㆍ체능계열,250,0,205,204,1,82,81.6
2015,대학교,사립,경남,기존,창신대학교,인문ㆍ사회계열,715,0,561,534,27,78.5,74.7
2015,대학교,사립,경남,기존,창신대학교,공학계열,265,0,146,144,2,55.1,54.3
2015,대학교,사립,경남,기존,창신대학교,자연과학계열,350,0,311,270,41,88.9,77.1
2015,산업대학,사립,충남,기존,청운대학교,자연과학계열,440,0,465,409,56,105.7,93
2015,산업대학,사립,충남,기존,청운대학교,인문ㆍ사회계열,2970,0,3551,2863,688,119.6,96.4
2015,산업대학,사립,충남,기존,청운대학교,예ㆍ체능계열,835,0,823,771,52,98.6,92.3
2015,산업대학,사립,충남,기존,청운대학교,공학계열,1445,0,1855,1559,296,128.4,107.9
2015,교육대학,국립,충북,기존,청주교육대학교,예ㆍ체능계열,283,0,308,276,32,108.8,97.5
2015,교육대학,국립,충북,기존,청주교육대학교,자연과학계열,381,0,427,387,40,112.1,101.6
2015,교육대학,국립,충북,기존,청주교육대학교,인문ㆍ사회계열,480,0,520,485,35,108.3,101
2015,대학교,사립,충북,기존,청주대학교,자연과학계열,2138,0,1987,1922,65,92.9,89.9
2015,대학교,사립,충북,기존,청주대학교,예ㆍ체능계열,1607,0,1656,1568,88,103,97.6
2015,대학교,사립,충북,기존,청주대학교,인문ㆍ사회계열,5328,0,6213,5574,639,116.6,104.6
2015,대학교,사립,충북,기존,청주대학교,공학계열,2705,0,2548,2289,259,94.2,84.6
2015,대학교,사립,전남,기존,초당대학교,예ㆍ체능계열,605,0,431,420,11,71.2,69.4
2015,대학교,사립,전남,기존,초당대학교,인문ㆍ사회계열,1010,0,981,728,253,97.1,72.1
2015,대학교,사립,전남,기존,초당대학교,공학계열,545,0,366,331,35,67.2,60.7
2015,대학교,사립,전남,기존,초당대학교,자연과학계열,1210,0,1061,900,161,87.7,74.4
2015,대학교,사립,서울,기존,총신대학교,인문ㆍ사회계열,1170,0,1711,1217,494,146.2,104
2015,대학교,사립,서울,기존,총신대학교,예ㆍ체능계열,270,0,315,300,15,116.7,111.1
2015,대학교,사립,서울,기존,추계예술대학교,인문ㆍ사회계열,260,0,269,251,18,103.5,96.5
2015,대학교,사립,서울,기존,추계예술대학교,예ㆍ체능계열,900,0,927,874,53,103,97.1
2015,교육대학,국립,강원,기존,춘천교육대학교,예ㆍ체능계열,308,0,354,319,35,114.9,103.6
2015,교육대학,국립,강원,기존,춘천교육대학교,인문ㆍ사회계열,536,0,583,538,45,108.8,100.4
2015,교육대학,국립,강원,기존,춘천교육대학교,자연과학계열,440,0,458,434,24,104.1,98.6
2015,대학교,국립,대전,기존,충남대학교,공학계열,4416,0,5697,5453,244,129,123.5
2015,대학교,국립,대전,기존,충남대학교,인문ㆍ사회계열,4972,0,6626,5921,705,133.3,119.1
2015,대학교,국립,대전,기존,충남대학교,의학계열,216,0,242,217,25,112,100.5
2015,대학교,국립,대전,기존,충남대학교,자연과학계열,4693,0,5273,4971,302,112.4,105.9
2015,대학교,국립,대전,기존,충남대학교,예ㆍ체능계열,945,0,995,984,11,105.3,104.1
2015,대학교,국립,충북,기존,충북대학교,인문ㆍ사회계열,4025,0,5048,4394,654,125.4,109.2
2015,대학교,국립,충북,기존,충북대학교,자연과학계열,3788,0,4321,3952,369,114.1,104.3
2015,대학교,국립,충북,기존,충북대학교,공학계열,4072,0,5072,4506,566,124.6,110.7
2015,대학교,국립,충북,기존,충북대학교,의학계열,308,0,341,317,24,110.7,102.9
2015,대학교,국립,충북,기존,충북대학교,예ㆍ체능계열,328,0,361,343,18,110.1,104.6
2015,대학교,사립,경기,기존,칼빈대학교,예ㆍ체능계열,72,3,54,54,0,78.3,78.3
2015,대학교,사립,경기,기존,칼빈대학교,인문ㆍ사회계열,338,9,368,262,106,111.9,79.6
2015,대학교,사립,경기,기존,평택대학교,자연과학계열,710,0,695,661,34,97.9,93.1
2015,대학교,사립,경기,기존,평택대학교,예ㆍ체능계열,918,0,911,888,23,99.2,96.7
2015,대학교,사립,경기,기존,평택대학교,인문ㆍ사회계열,2159,0,2553,2258,295,118.2,104.6
2015,대학교,사립,경북,기존,포항공과대학교,자연과학계열,280,0,411,402,9,146.8,143.6
2015,대학교,사립,경북,기존,포항공과대학교,공학계열,1000,0,1002,990,12,100.2,99
2015,대학교,국립,경기,기존,한경국립대학교,예ㆍ체능계열,308,0,236,225,11,76.6,73.1
2015,대학교,국립,경기,기존,한경국립대학교,인문ㆍ사회계열,732,0,720,559,161,98.4,76.4
2015,대학교,국립,경기,기존,한경국립대학교,공학계열,2452,0,1707,1573,134,69.6,64.2
2015,대학교,국립,경기,기존,한경국립대학교,자연과학계열,1520,0,1238,1129,109,81.4,74.3
2015,산업대학,국립,경기,폐교,한경대학교(산업대),공학계열,20,0,1192,1103,89,5960,5515
2015,대학교,사립,경기,기존,한국공학대학교,인문ㆍ사회계열,539,0,393,334,59,72.9,62
2015,대학교,사립,경기,기존,한국공학대학교,예ㆍ체능계열,395,0,319,286,33,80.8,72.4
2015,대학교,사립,경기,기존,한국공학대학교,공학계열,4586,0,4031,2880,1151,87.9,62.8
2015,대학교,특별법법인,대전,기존,한국과학기술원,자연과학계열,1340,0,1185,1167,18,88.4,87.1
2015,대학교,특별법법인,대전,기존,한국과학기술원,공학계열,2480,0,2763,2621,142,111.4,105.7
2015,대학교,특별법법인,대전,기존,한국과학기술원,인문ㆍ사회계열,60,0,20,20,0,33.3,33.3
2015,대학교,국립,충북,기존,한국교원대학교,공학계열,159,0,185,175,10,116.4,110.1
2015,대학교,국립,충북,기존,한국교원대학교,예ㆍ체능계열,239,0,229,229,0,95.8,95.8
2015,대학교,국립,충북,기존,한국교원대학교,인문ㆍ사회계열,1208,0,1367,1242,125,113.2,102.8
2015,대학교,국립,충북,기존,한국교원대학교,자연과학계열,578,0,612,574,38,105.9,99.3
2015,대학교,사립,경남,기존,한국국제대학교,예ㆍ체능계열,662,32,541,521,20,85.9,82.7
2015,대학교,사립,경남,기존,한국국제대학교,인문ㆍ사회계열,1707,77,1501,1436,65,92.1,88.1
2015,대학교,사립,경남,기존,한국국제대학교,공학계열,773,8,696,664,32,91,86.8
2015,대학교,사립,경남,기존,한국국제대학교,자연과학계열,1144,46,1098,995,103,100,90.6
2015,대학교,사립,충남,기존,한국기술교육대학교,인문ㆍ사회계열,543,0,706,667,39,130,122.8
2015,대학교,사립,충남,기존,한국기술교육대학교,공학계열,3078,0,3854,3537,317,125.2,114.9
2015,방송통신대학,국립,서울,기존,한국방송통신대학교,공학계열,2000,0,463,463,0,23.2,23.2
2015,방송통신대학,국립,서울,기존,한국방송통신대학교,인문ㆍ사회계열,187000,0,101252,92579,8673,54.1,49.5
2015,방송통신대학,국립,서울,기존,한국방송통신대학교,자연과학계열,49800,0,32754,30603,2151,65.8,61.5
2015,대학교,사립,서울,기존,한국성서대학교,인문ㆍ사회계열,640,0,807,703,104,126.1,109.8
2015,대학교,사립,서울,기존,한국성서대학교,공학계열,140,0,126,121,5,90,86.4
2015,대학교,사립,서울,기존,한국성서대학교,자연과학계열,180,0,193,168,25,107.2,93.3
2015,각종학교(대학),특별법국립,서울,기존,한국예술종합학교,예ㆍ체능계열,2252,0,2652,2579,73,117.8,114.5
2015,대학교,사립,서울,기존,한국외국어대학교,자연과학계열,1062,0,1133,1052,81,106.7,99.1
2015,대학교,사립,서울,기존,한국외국어대학교,공학계열,996,0,1154,1022,132,115.9,102.6
2015,대학교,사립,서울,기존,한국외국어대학교,인문ㆍ사회계열,11492,0,14342,12440,1902,124.8,108.2
2015,대학교,국립,충남,기존,한국전통문화대학교(일반),예ㆍ체능계열,160,0,165,165,0,103.1,103.1
2015,대학교,국립,충남,기존,한국전통문화대학교(일반),인문ㆍ사회계열,160,0,161,156,5,100.6,97.5
2015,대학교,국립,충남,기존,한국전통문화대학교(일반),공학계열,160,0,163,160,3,101.9,100
2015,대학교,국립,충남,기존,한국전통문화대학교(일반),자연과학계열,80,0,80,78,2,100,97.5
2015,대학교,국립,서울,기존,한국체육대학교,예ㆍ체능계열,2360,0,2460,2353,107,104.2,99.7
2015,대학교,사립,대전,기존,한국침례신학대학교,예ㆍ체능계열,260,0,251,240,11,96.5,92.3
2015,대학교,사립,대전,기존,한국침례신학대학교,인문ㆍ사회계열,1340,0,1375,1307,68,102.6,97.5
2015,대학교,사립,경기,기존,한국항공대학교,인문ㆍ사회계열,560,0,609,547,62,108.8,97.7
2015,대학교,사립,경기,기존,한국항공대학교,공학계열,2400,0,2846,2563,283,118.6,106.8
2015,대학교,사립,경기,기존,한국항공대학교,자연과학계열,600,0,773,641,132,128.8,106.8
2015,대학교,사립,대전,기존,한남대학교,자연과학계열,1364,0,1335,1294,41,97.9,94.9
2015,대학교,사립,대전,기존,한남대학교,공학계열,2656,0,2870,2514,356,108.1,94.7
2015,대학교,사립,대전,기존,한남대학교,인문ㆍ사회계열,6669,0,7380,6868,512,110.7,103
2015,대학교,사립,대전,기존,한남대학교,예ㆍ체능계열,1161,0,1226,1194,32,105.6,102.8
2015,대학교,사립,경북,기존,한동대학교,자연과학계열,238,0,250,236,14,105,99.2
2015,대학교,사립,경북,기존,한동대학교,공학계열,1090,0,1153,1074,79,105.8,98.5
2015,대학교,사립,경북,기존,한동대학교,인문ㆍ사회계열,1704,0,2672,2387,285,156.8,140.1
2015,대학교,사립,강원,기존,한라대학교,공학계열,2040,0,2155,2023,132,105.6,99.2
2015,대학교,사립,강원,기존,한라대학교,인문ㆍ사회계열,1660,0,1741,1647,94,104.9,99.2
2015,대학교,사립,강원,기존,한라대학교,예ㆍ체능계열,280,0,252,243,9,90,86.8
2015,대학교,사립,전남,기존,한려대학교,예ㆍ체능계열,35,0,22,22,0,62.9,62.9
2015,대학교,사립,전남,기존,한려대학교,인문ㆍ사회계열,888,0,85,85,0,9.6,9.6
2015,대학교,사립,전남,기존,한려대학교,공학계열,45,0,28,28,0,62.2,62.2
2015,대학교,사립,전남,기존,한려대학교,자연과학계열,1020,0,545,470,75,53.4,46.1
2015,대학교,사립,강원,기존,한림대학교,공학계열,846,0,1012,917,95,119.6,108.4
2015,대학교,사립,강원,기존,한림대학교,의학계열,304,0,288,284,4,94.7,93.4
2015,대학교,사립,강원,기존,한림대학교,인문ㆍ사회계열,3910,0,4879,4349,530,124.8,111.2
2015,대학교,사립,강원,기존,한림대학교,예ㆍ체능계열,272,0,292,260,32,107.4,95.6
2015,대학교,사립,강원,기존,한림대학교,자연과학계열,2180,0,2252,2141,111,103.3,98.2
2015,산업대학,국립,대전,폐교,한밭대학교(산업대),공학계열,20,0,1776,1659,117,8880,8295
2015,대학교,사립,경기,폐교,한북대학교,인문ㆍ사회계열,600,0,493,465,28,82.2,77.5
2015,대학교,사립,경기,폐교,한북대학교,예ㆍ체능계열,140,0,99,95,4,70.7,67.9
2015,대학교,사립,경기,폐교,한북대학교,자연과학계열,140,0,132,120,12,94.3,85.7
2015,대학교,사립,경기,폐교,한북대학교,공학계열,120,0,85,81,4,70.8,67.5
2015,대학교,사립,충남,기존,한서대학교,공학계열,1643,0,1675,1548,127,101.9,94.2
2015,대학교,사립,충남,기존,한서대학교,인문ㆍ사회계열,1665,0,1830,1694,136,109.9,101.7
2015,대학교,사립,충남,기존,한서대학교,예ㆍ체능계열,1755,0,1663,1531,132,94.8,87.2
2015,대학교,사립,충남,기존,한서대학교,자연과학계열,2115,0,2364,2047,317,111.8,96.8
2015,대학교,사립,서울,기존,한성대학교,공학계열,1852,0,2012,1800,212,108.6,97.2
2015,대학교,사립,서울,기존,한성대학교,예ㆍ체능계열,1426,0,1564,1433,131,109.7,100.5
2015,대학교,사립,서울,기존,한성대학교,인문ㆍ사회계열,3121,0,3455,3114,341,110.7,99.8
2015,대학교,사립,경기,기존,한세대학교,자연과학계열,100,0,101,92,9,101,92
2015,대학교,사립,경기,기존,한세대학교,예ㆍ체능계열,786,0,854,787,67,108.7,100.1
2015,대학교,사립,경기,기존,한세대학교,인문ㆍ사회계열,1274,0,1544,1378,166,121.2,108.2
2015,대학교,사립,경기,기존,한세대학교,공학계열,200,0,244,220,24,122,110
2015,대학교,사립,경기,기존,한신대학교,자연과학계열,364,0,372,349,23,102.2,95.9
2015,대학교,사립,경기,기존,한신대학교,예ㆍ체능계열,150,0,153,140,13,102,93.3
2015,대학교,사립,경기,기존,한신대학교,공학계열,894,0,886,816,70,99.1,91.3
2015,대학교,사립,경기,기존,한신대학교,인문ㆍ사회계열,3562,0,4052,3701,351,113.8,103.9
2015,대학교,사립,서울,기존,한양대학교,인문ㆍ사회계열,4233,0,5847,4706,1141,138.1,111.2
2015,대학교,사립,서울,기존,한양대학교,자연과학계열,1321,0,1427,1168,259,108,88.4
2015,대학교,사립,서울,기존,한양대학교,공학계열,4512,0,5996,4812,1184,132.9,106.6
2015,대학교,사립,서울,기존,한양대학교,예ㆍ체능계열,1461,0,1725,1585,140,118.1,108.5
2015,대학교,사립,서울,기존,한양대학교,의학계열,275,0,274,274,0,99.6,99.6
2015,대학교,사립,경기,기존,한양대학교(ERICA) _분교,인문ㆍ사회계열,2815,0,3528,3069,459,125.3,109
2015,대학교,사립,경기,기존,한양대학교(ERICA) _분교,자연과학계열,893,0,945,890,55,105.8,99.7
2015,대학교,사립,경기,기존,한양대학교(ERICA) _분교,예ㆍ체능계열,1383,0,1439,1414,25,104,102.2
2015,대학교,사립,경기,기존,한양대학교(ERICA) _분교,공학계열,2650,0,3320,2905,415,125.3,109.6
2015,대학교,사립,전북,기존,한일장신대학교,인문ㆍ사회계열,800,0,653,614,39,81.6,76.8
2015,대학교,사립,전북,기존,한일장신대학교,예ㆍ체능계열,147,0,122,121,1,83,82.3
2015,대학교,사립,전북,기존,한일장신대학교,자연과학계열,92,0,97,89,8,105.4,96.7
2015,대학교,사립,강원,기존,한중대학교,인문ㆍ사회계열,890,13,393,375,18,44.8,42.8
2015,대학교,사립,강원,기존,한중대학교,자연과학계열,465,3,433,343,90,93.7,74.2
2015,대학교,사립,강원,기존,한중대학교,공학계열,685,10,224,218,6,33.2,32.3
2015,대학교,사립,강원,기존,한중대학교,예ㆍ체능계열,689,8,269,262,7,39.5,38.5
2015,대학교,사립,경기,기존,협성대학교,예ㆍ체능계열,875,0,835,823,12,95.4,94.1
2015,대학교,사립,경기,기존,협성대학교,공학계열,525,0,479,432,47,91.2,82.3
2015,대학교,사립,경기,기존,협성대학교,자연과학계열,175,0,198,176,22,113.1,100.6
2015,대학교,사립,경기,기존,협성대학교,인문ㆍ사회계열,2725,0,3106,2682,424,114,98.4
2015,대학교,사립,광주,기존,호남대학교,자연과학계열,1500,0,1565,1404,161,104.3,93.6
2015,대학교,사립,광주,기존,호남대학교,공학계열,1397,0,1429,1337,92,102.3,95.7
2015,대학교,사립,광주,기존,호남대학교,예ㆍ체능계열,1395,0,1466,1290,176,105.1,92.5
2015,대학교,사립,광주,기존,호남대학교,인문ㆍ사회계열,2828,0,3243,2839,404,114.7,100.4
2015,대학교,사립,광주,기존,호남신학대학교,예ㆍ체능계열,200,0,187,186,1,93.5,93
2015,대학교,사립,광주,기존,호남신학대학교,인문ㆍ사회계열,480,0,383,377,6,79.8,78.5
2015,대학교,사립,충남,기존,호서대학교,공학계열,4641,0,4895,4454,441,105.5,96
2015,대학교,사립,충남,기존,호서대학교,자연과학계열,1551,0,1600,1486,114,103.2,95.8
2015,대학교,사립,충남,기존,호서대학교,예ㆍ체능계열,2079,0,2035,1980,55,97.9,95.2
2015,대학교,사립,충남,기존,호서대학교,인문ㆍ사회계열,4110,0,4464,4005,459,108.6,97.4
2015,산업대학,사립,전북,기존,호원대학교,공학계열,1260,0,1309,1158,151,103.9,91.9
2015,산업대학,사립,전북,기존,호원대학교,자연과학계열,1064,0,1094,970,124,102.8,91.2
2015,산업대학,사립,전북,기존,호원대학교,인문ㆍ사회계열,1870,0,1900,1622,278,101.6,86.7
2015,산업대학,사립,전북,기존,호원대학교,예ㆍ체능계열,1416,0,1552,1409,143,109.6,99.5
2015,대학교,사립,서울,기존,홍익대학교,자연과학계열,160,0,181,168,13,113.1,105
2015,대학교,사립,서울,기존,홍익대학교,예ㆍ체능계열,2000,0,2491,2066,425,124.6,103.3
2015,대학교,사립,서울,기존,홍익대학교,인문ㆍ사회계열,3560,0,4243,3704,539,119.2,104
2015,대학교,사립,서울,기존,홍익대학교,공학계열,4206,0,5023,4400,623,119.4,104.6
2015,대학교,사립,세종,기존,홍익대학교(세종) _분교,인문ㆍ사회계열,1726,0,1922,1753,169,111.4,101.6
2015,대학교,사립,세종,기존,홍익대학교(세종) _분교,예ㆍ체능계열,1640,0,1851,1625,226,112.9,99.1
2015,대학교,사립,세종,기존,홍익대학교(세종) _분교,공학계열,2460,0,2692,2482,210,109.4,100.9
2015,대학교,사립,경기,기존,화성의과학대학교,인문ㆍ사회계열,684,0,481,467,14,70.3,68.3
2015,대학교,사립,경기,기존,화성의과학대학교,자연과학계열,366,0,320,285,35,87.4,77.9
2015,대학교,사립,경기,기존,화성의과학대학교,예ㆍ체능계열,175,0,104,104,0,59.4,59.4
2014,대학교,사립,경북,기존,가야대학교(고령) _제2캠퍼스,인문ㆍ사회계열,72,0,1,1,0,1.4,1.4
2014,대학교,사립,경남,기존,가야대학교(김해),인문ㆍ사회계열,1250,0,1285,1187,98,102.8,95
2014,대학교,사립,경남,기존,가야대학교(김해),자연과학계열,1398,0,1424,1268,156,101.9,90.7
2014,대학교,사립,경기,기존,가천대학교,의학계열,120,0,119,109,10,99.2,90.8
2014,대학교,사립,경기,기존,가천대학교,인문ㆍ사회계열,5710,0,7594,6396,1198,133,112
2014,대학교,사립,경기,기존,가천대학교,자연과학계열,3057,0,3337,2881,456,109.2,94.2
2014,대학교,사립,경기,기존,가천대학교,공학계열,5229,0,5881,5186,695,112.5,99.2
2014,대학교,사립,경기,기존,가천대학교,예ㆍ체능계열,1875,0,2076,1987,89,110.7,106
2014,대학교,사립,강원,기존,가톨릭관동대학교,인문ㆍ사회계열,5815,130,5783,5317,466,101.7,93.5
2014,대학교,사립,강원,기존,가톨릭관동대학교,공학계열,1756,0,1643,1503,140,93.6,85.6
2014,대학교,사립,강원,기존,가톨릭관동대학교,의학계열,196,0,218,198,20,111.2,101
2014,대학교,사립,강원,기존,가톨릭관동대학교,예ㆍ체능계열,1307,35,1129,1077,52,88.8,84.7
2014,대학교,사립,강원,기존,가톨릭관동대학교,자연과학계열,618,30,661,575,86,112.4,97.8
2014,대학교,사립,충북,기존,가톨릭꽃동네대학교,자연과학계열,160,0,183,163,20,114.4,101.9
2014,대학교,사립,충북,기존,가톨릭꽃동네대학교,인문ㆍ사회계열,320,0,320,296,24,100,92.5
2014,대학교,사립,경기,기존,가톨릭대학교,예ㆍ체능계열,208,0,210,210,0,101,101
2014,대학교,사립,경기,기존,가톨릭대학교,인문ㆍ사회계열,3560,0,4363,3937,426,122.6,110.6
2014,대학교,사립,경기,기존,가톨릭대학교,자연과학계열,1355,0,1453,1310,143,107.2,96.7
2014,대학교,사립,경기,기존,가톨릭대학교,공학계열,1249,0,1428,1266,162,114.3,101.4
2014,대학교,사립,서울,기존,가톨릭대학교 _제2캠퍼스,자연과학계열,320,0,389,318,71,121.6,99.4
2014,대학교,사립,서울,기존,가톨릭대학교 _제3캠퍼스,인문ㆍ사회계열,300,0,210,201,9,70,67
2014,대학교,사립,서울,기존,감리교신학대학교,인문ㆍ사회계열,800,0,910,838,72,113.8,104.8
2014,대학교,사립,경기,기존,강남대학교,인문ㆍ사회계열,4904,0,5717,5082,635,116.6,103.6
2014,대학교,사립,경기,기존,강남대학교,공학계열,1036,0,1045,927,118,100.9,89.5
2014,대학교,사립,경기,기존,강남대학교,예ㆍ체능계열,688,0,713,672,41,103.6,97.7
2014,대학교,사립,서울,기존,강서대학교,예ㆍ체능계열,145,0,147,144,3,101.4,99.3
2014,대학교,사립,서울,기존,강서대학교,인문ㆍ사회계열,1175,0,1238,1099,139,105.4,93.5
2014,대학교,국립,강원,기존,강원대학교,자연과학계열,5168,0,5552,5131,421,107.4,99.3
2014,대학교,국립,강원,기존,강원대학교,예ㆍ체능계열,768,0,806,771,35,104.9,100.4
2014,대학교,국립,강원,기존,강원대학교,공학계열,2800,0,3337,2950,387,119.2,105.4
2014,대학교,국립,강원,기존,강원대학교,의학계열,160,0,159,150,9,99.4,93.8
2014,대학교,국립,강원,기존,강원대학교,인문ㆍ사회계열,4476,0,5421,4849,572,121.1,108.3
2014,대학교,국립,강원,기존,강원대학교 _제2캠퍼스,인문ㆍ사회계열,1096,0,1210,1091,119,110.4,99.5
2014,대학교,국립,강원,기존,강원대학교 _제2캠퍼스,예ㆍ체능계열,940,0,872,827,45,92.8,88
2014,대학교,국립,강원,기존,강원대학교 _제2캠퍼스,자연과학계열,1540,0,1567,1434,133,101.8,93.1
2014,대학교,국립,강원,기존,강원대학교 _제2캠퍼스,공학계열,3340,0,3185,2996,189,95.4,89.7
2014,대학교,사립,서울,기존,건국대학교,인문ㆍ사회계열,4275,0,6600,5064,1536,154.4,118.5
2014,대학교,사립,서울,기존,건국대학교,자연과학계열,2731,0,2697,2389,308,98.8,87.5
2014,대학교,사립,서울,기존,건국대학교,공학계열,3400,0,4378,3790,588,128.8,111.5
2014,대학교,사립,서울,기존,건국대학교,의학계열,276,0,338,270,68,122.5,97.8
2014,대학교,사립,서울,기존,건국대학교,예ㆍ체능계열,1456,0,1816,1576,240,124.7,108.2
2014,대학교,사립,충북,기존,건국대학교(글로컬) _분교,인문ㆍ사회계열,3130,0,4127,3706,421,131.9,118.4
2014,대학교,사립,충북,기존,건국대학교(글로컬) _분교,공학계열,968,0,1079,986,93,111.5,101.9
2014,대학교,사립,충북,기존,건국대학교(글로컬) _분교,예ㆍ체능계열,1560,0,1770,1590,180,113.5,101.9
2014,대학교,사립,충북,기존,건국대학교(글로컬) _분교,자연과학계열,1382,0,1634,1446,188,118.2,104.6
2014,대학교,사립,충남,기존,건양대학교,공학계열,1740,0,1835,1732,103,105.5,99.5
2014,대학교,사립,충남,기존,건양대학교,인문ㆍ사회계열,3084,0,3401,3155,246,110.3,102.3
2014,대학교,사립,충남,기존,건양대학교,자연과학계열,516,0,515,483,32,99.8,93.6
2014,대학교,사립,충남,기존,건양대학교,예ㆍ체능계열,160,0,149,149,0,93.1,93.1
2014,대학교,사립,대전,기존,건양대학교 _제2캠퍼스,인문ㆍ사회계열,220,0,244,235,9,110.9,106.8
2014,대학교,사립,대전,기존,건양대학교 _제2캠퍼스,자연과학계열,1687,0,1866,1607,259,110.6,95.3
2014,대학교,사립,대전,기존,건양대학교 _제2캠퍼스,의학계열,196,0,228,191,37,116.3,97.4
2014,대학교,사립,경기,기존,경기대학교,예ㆍ체능계열,1580,0,1661,1550,111,105.1,98.1
2014,대학교,사립,경기,기존,경기대학교,공학계열,2620,0,3052,2646,406,116.5,101
2014,대학교,사립,경기,기존,경기대학교,인문ㆍ사회계열,5060,0,6184,5243,941,122.2,103.6
2014,대학교,사립,경기,기존,경기대학교,자연과학계열,1212,0,1337,1193,144,110.3,98.4
2014,대학교,사립,서울,기존,경기대학교 _제2캠퍼스,예ㆍ체능계열,440,0,480,422,58,109.1,95.9
2014,대학교,사립,서울,기존,경기대학교 _제2캠퍼스,인문ㆍ사회계열,1736,0,2189,1788,401,126.1,103
2014,대학교,국립,경남,기존,경남과학기술대학교,예ㆍ체능계열,120,0,103,98,5,85.8,81.7
2014,대학교,국립,경남,기존,경남과학기술대학교,공학계열,2305,0,1623,1521,102,70.4,66
2014,대학교,국립,경남,기존,경남과학기술대학교,자연과학계열,1412,0,1103,1026,77,78.1,72.7
2014,대학교,국립,경남,기존,경남과학기술대학교,인문ㆍ사회계열,1529,0,1216,1140,76,79.5,74.6
2014,대학교,사립,경남,기존,경남대학교,자연과학계열,1785,0,1788,1704,84,100.2,95.5
2014,대학교,사립,경남,기존,경남대학교,공학계열,3460,0,3331,3083,248,96.3,89.1
2014,대학교,사립,경남,기존,경남대학교,인문ㆍ사회계열,6847,0,7229,6804,425,105.6,99.4
2014,대학교,사립,경남,기존,경남대학교,예ㆍ체능계열,890,0,926,894,32,104,100.4
2014,대학교,사립,강원,기존,경동대학교,자연과학계열,1305,0,1218,1081,137,93.3,82.8
2014,대학교,사립,강원,기존,경동대학교,공학계열,514,0,461,391,70,89.7,76.1
2014,대학교,사립,강원,기존,경동대학교,예ㆍ체능계열,133,0,92,83,9,69.2,62.4
2014,대학교,사립,강원,기존,경동대학교,인문ㆍ사회계열,1722,0,1683,1594,89,97.7,92.6
2014,대학교,사립,강원,기존,경동대학교 _제2캠퍼스,인문ㆍ사회계열,266,0,177,169,8,66.5,63.5
2014,대학교,사립,강원,기존,경동대학교 _제2캠퍼스,자연과학계열,120,0,89,87,2,74.2,72.5
2014,대학교,사립,강원,기존,경동대학교 _제2캠퍼스,예ㆍ체능계열,40,0,31,30,1,77.5,75
2014,대학교,사립,강원,기존,경동대학교 _제2캠퍼스,공학계열,73,0,69,68,1,94.5,93.2
2014,대학교,사립,강원,기존,경동대학교 _제3캠퍼스,자연과학계열,950,0,1046,914,132,110.1,96.2
2014,대학교,사립,경기,기존,경동대학교 _제4캠퍼스,인문ㆍ사회계열,201,0,213,199,14,106,99
2014,대학교,사립,경기,기존,경동대학교 _제4캠퍼스,예ㆍ체능계열,33,0,37,32,5,112.1,97
2014,대학교,사립,경기,기존,경동대학교 _제4캠퍼스,공학계열,66,0,70,65,5,106.1,98.5
2014,대학교,국립,대구,기존,경북대학교,공학계열,6528,0,8414,7434,980,128.9,113.9
2014,대학교,국립,대구,기존,경북대학교,인문ㆍ사회계열,5767,0,7647,6906,741,132.6,119.8
2014,대학교,국립,대구,기존,경북대학교,자연과학계열,6312,0,6734,6075,659,106.7,96.2
2014,대학교,국립,대구,기존,경북대학교,예ㆍ체능계열,939,0,1121,1045,76,119.4,111.3
2014,대학교,국립,대구,기존,경북대학교,의학계열,228,0,252,216,36,110.5,94.7
2014,대학교,국립,경남,기존,경상국립대학교,의학계열,200,0,248,223,25,124,111.5
2014,대학교,국립,경남,기존,경상국립대학교,예ㆍ체능계열,280,0,287,286,1,102.5,102.1
2014,대학교,국립,경남,기존,경상국립대학교,공학계열,4363,0,5174,4740,434,118.6,108.6
2014,대학교,국립,경남,기존,경상국립대학교,자연과학계열,3707,0,4104,3766,338,110.7,101.6
2014,대학교,국립,경남,기존,경상국립대학교,인문ㆍ사회계열,4592,0,5485,5095,390,119.4,111
2014,대학교,사립,부산,기존,경성대학교,공학계열,2570,0,2848,2629,219,110.8,102.3
2014,대학교,사립,부산,기존,경성대학교,자연과학계열,1700,0,1773,1639,134,104.3,96.4
2014,대학교,사립,부산,기존,경성대학교,인문ㆍ사회계열,5790,0,6619,5960,659,114.3,102.9
2014,대학교,사립,부산,기존,경성대학교,예ㆍ체능계열,2370,0,2453,2272,181,103.5,95.9
2014,대학교,사립,경북,기존,경운대학교,공학계열,750,0,408,387,21,54.4,51.6
2014,대학교,사립,경북,기존,경운대학교,자연과학계열,1423,0,1215,1134,81,85.4,79.7
2014,대학교,사립,경북,기존,경운대학교,예ㆍ체능계열,786,0,493,484,9,62.7,61.6
2014,대학교,사립,경북,기존,경운대학교,인문ㆍ사회계열,1034,0,813,762,51,78.6,73.7
2014,산업대학,사립,경북,폐교,경운대학교(산업대),자연과학계열,405,0,625,565,60,154.3,139.5
2014,산업대학,사립,경북,폐교,경운대학교(산업대),예ㆍ체능계열,365,0,525,517,8,143.8,141.6
2014,산업대학,사립,경북,폐교,경운대학교(산업대),인문ㆍ사회계열,450,0,704,644,60,156.4,143.1
2014,산업대학,사립,경북,폐교,경운대학교(산업대),공학계열,240,0,461,433,28,192.1,180.4
2014,교육대학,국립,인천,기존,경인교육대학교,자연과학계열,674,0,161,148,13,23.9,22
2014,교육대학,국립,인천,기존,경인교육대학교,예ㆍ체능계열,532,0,192,181,11,36.1,34
2014,교육대학,국립,인천,기존,경인교육대학교,인문ㆍ사회계열,1254,0,288,271,17,23,21.6
2014,대학교,사립,경북,기존,경일대학교,인문ㆍ사회계열,2290,0,2442,2247,195,106.6,98.1
2014,대학교,사립,경북,기존,경일대학교,자연과학계열,650,0,580,530,50,89.2,81.5
2014,대학교,사립,경북,기존,경일대학교,예ㆍ체능계열,1080,0,1141,1061,80,105.6,98.2
2014,대학교,사립,경북,기존,경일대학교,공학계열,3170,0,3261,3073,188,102.9,96.9
2014,대학교,사립,서울,기존,경희대학교,공학계열,4050,0,4943,4404,539,122,108.7
2014,대학교,사립,서울,기존,경희대학교,자연과학계열,3976,0,4566,3960,606,114.8,99.6
2014,대학교,사립,서울,기존,경희대학교,인문ㆍ사회계열,7568,0,10867,8667,2200,143.6,114.5
2014,대학교,사립,서울,기존,경희대학교,예ㆍ체능계열,3680,0,4147,3784,363,112.7,102.8
2014,대학교,사립,서울,기존,경희대학교,의학계열,432,0,443,429,14,102.5,99.3
2014,대학교,사립,대구,기존,계명대학교,인문ㆍ사회계열,10177,0,12592,11152,1440,123.7,109.6
2014,대학교,사립,대구,기존,계명대학교,자연과학계열,2597,0,2967,2637,330,114.2,101.5
2014,대학교,사립,대구,기존,계명대학교,공학계열,3524,0,3996,3566,430,113.4,101.2
2014,대학교,사립,대구,기존,계명대학교,의학계열,304,0,306,294,12,100.7,96.7
2014,대학교,사립,대구,기존,계명대학교,예ㆍ체능계열,3580,0,3733,3503,230,104.3,97.8
2014,대학교,사립,서울,기존,고려대학교,인문ㆍ사회계열,7496,0,10621,8909,1712,141.7,118.9
2014,대학교,사립,서울,기존,고려대학교,공학계열,3228,0,4459,3774,685,138.1,116.9
2014,대학교,사립,서울,기존,고려대학교,의학계열,212,0,241,219,22,113.7,103.3
2014,대학교,사립,서울,기존,고려대학교,예ㆍ체능계열,520,0,592,575,17,113.8,110.6
2014,대학교,사립,서울,기존,고려대학교,자연과학계열,3820,0,4177,3752,425,109.3,98.2
2014,대학교,사립,세종,기존,고려대학교(세종) _분교,공학계열,1479,0,1767,1588,179,119.5,107.4
2014,대학교,사립,세종,기존,고려대학교(세종) _분교,예ㆍ체능계열,425,0,532,516,16,125.2,121.4
2014,대학교,사립,세종,기존,고려대학교(세종) _분교,자연과학계열,926,0,1075,973,102,116.1,105.1
2014,대학교,사립,세종,기존,고려대학교(세종) _분교,인문ㆍ사회계열,3150,0,3729,3309,420,118.4,105
2014,대학교,사립,부산,기존,고신대학교,의학계열,304,0,311,311,0,102.3,102.3
2014,대학교,사립,부산,기존,고신대학교,자연과학계열,1122,0,1134,1048,86,101.1,93.4
2014,대학교,사립,부산,기존,고신대학교,예ㆍ체능계열,429,0,394,382,12,91.8,89
2014,대학교,사립,부산,기존,고신대학교,인문ㆍ사회계열,2147,0,2251,2081,170,104.8,96.9
2014,교육대학,국립,충남,기존,공주교육대학교,인문ㆍ사회계열,696,0,764,725,39,109.8,104.2
2014,교육대학,국립,충남,기존,공주교육대학교,자연과학계열,454,0,507,462,45,111.7,101.8
2014,교육대학,국립,충남,기존,공주교육대학교,예ㆍ체능계열,312,0,340,305,35,109,97.8
2014,대학교,사립,광주,기존,광신대학교,예ㆍ체능계열,120,0,108,108,0,90,90
2014,대학교,사립,광주,기존,광신대학교,인문ㆍ사회계열,392,0,361,339,22,92.1,86.5
2014,대학교,사립,서울,기존,광운대학교,예ㆍ체능계열,160,0,170,156,14,106.3,97.5
2014,대학교,사립,서울,기존,광운대학교,공학계열,3657,0,4751,4211,540,129.9,115.1
2014,대학교,사립,서울,기존,광운대학교,자연과학계열,600,0,721,649,72,120.2,108.2
2014,대학교,사립,서울,기존,광운대학교,인문ㆍ사회계열,2638,0,3623,3198,425,137.3,121.2
2014,대학교,사립,전남,기존,광주가톨릭대학교,인문ㆍ사회계열,160,0,85,85,0,53.1,53.1
2014,대학교,특별법법인,광주,기존,광주과학기술원,자연과학계열,150,0,417,417,0,278,278
2014,대학교,특별법법인,광주,기존,광주과학기술원,인문ㆍ사회계열,280,0,0,0,0,0,0
2014,대학교,특별법법인,광주,기존,광주과학기술원,공학계열,50,0,33,33,0,66,66
2014,교육대학,국립,광주,기존,광주교육대학교,자연과학계열,438,0,487,446,41,111.2,101.8
2014,교육대학,국립,광주,기존,광주교육대학교,인문ㆍ사회계열,588,0,642,593,49,109.2,100.9
2014,교육대학,국립,광주,기존,광주교육대학교,예ㆍ체능계열,321,0,356,322,34,110.9,100.3
2014,대학교,사립,광주,기존,광주대학교,자연과학계열,1000,0,998,893,105,99.8,89.3
2014,대학교,사립,광주,기존,광주대학교,공학계열,1148,0,1050,988,62,91.5,86.1
2014,대학교,사립,광주,기존,광주대학교,인문ㆍ사회계열,3911,0,4354,3870,484,111.3,99
2014,대학교,사립,광주,기존,광주대학교,예ㆍ체능계열,1338,0,1228,1167,61,91.8,87.2
2014,대학교,사립,광주,기존,광주여자대학교,인문ㆍ사회계열,1641,0,1730,1592,138,105.4,97
2014,대학교,사립,광주,기존,광주여자대학교,예ㆍ체능계열,225,0,198,189,9,88,84
2014,대학교,사립,광주,기존,광주여자대학교,자연과학계열,2084,0,2143,1933,210,102.8,92.8
2014,대학교,사립,광주,기존,광주여자대학교,공학계열,75,0,52,52,0,69.3,69.3
2014,대학교,국립,강원,기존,국립강릉원주대학교,공학계열,1016,0,1052,960,92,103.5,94.5
2014,대학교,국립,강원,기존,국립강릉원주대학교,인문ㆍ사회계열,2324,0,2527,2241,286,108.7,96.4
2014,대학교,국립,강원,기존,국립강릉원주대학교,예ㆍ체능계열,538,0,478,468,10,88.8,87
2014,대학교,국립,강원,기존,국립강릉원주대학교,의학계열,160,0,155,146,9,96.9,91.3
2014,대학교,국립,강원,기존,국립강릉원주대학교,자연과학계열,2060,0,1999,1867,132,97,90.6
2014,대학교,국립,강원,기존,국립강릉원주대학교 _제2캠퍼스,자연과학계열,300,0,304,286,18,101.3,95.3
2014,대학교,국립,강원,기존,국립강릉원주대학교 _제2캠퍼스,인문ㆍ사회계열,436,0,376,368,8,86.2,84.4
2014,대학교,국립,강원,기존,국립강릉원주대학교 _제2캠퍼스,예ㆍ체능계열,246,0,228,218,10,92.7,88.6
2014,대학교,국립,강원,기존,국립강릉원주대학교 _제2캠퍼스,공학계열,1148,0,1191,1059,132,103.7,92.2
2014,대학교,국립,경북,기존,국립경국대학교,예ㆍ체능계열,444,0,427,411,16,96.2,92.6
2014,대학교,국립,경북,기존,국립경국대학교,공학계열,1886,0,2090,1881,209,110.8,99.7
2014,대학교,국립,경북,기존,국립경국대학교,인문ㆍ사회계열,2080,0,2242,2064,178,107.8,99.2
2014,대학교,국립,경북,기존,국립경국대학교,자연과학계열,1942,0,1994,1868,126,102.7,96.2
2014,대학교,국립,충남,기존,국립공주대학교,자연과학계열,3770,0,4156,3639,517,110.2,96.5
2014,대학교,국립,충남,기존,국립공주대학교,공학계열,4123,0,5092,4043,1049,123.5,98.1
2014,대학교,국립,충남,기존,국립공주대학교,예ㆍ체능계열,914,0,1092,993,99,119.5,108.6
2014,대학교,국립,충남,기존,국립공주대학교,인문ㆍ사회계열,3365,0,4079,3529,550,121.2,104.9
2014,대학교,국립,전북,기존,국립군산대학교,예ㆍ체능계열,610,0,596,568,28,97.7,93.1
2014,대학교,국립,전북,기존,국립군산대학교,인문ㆍ사회계열,2067,0,2361,2159,202,114.2,104.5
2014,대학교,국립,전북,기존,국립군산대학교,자연과학계열,1889,0,1924,1806,118,101.9,95.6
2014,대학교,국립,전북,기존,국립군산대학교,공학계열,3146,0,3299,3047,252,104.9,96.9
2014,대학교,국립,경북,기존,국립금오공과대학교,공학계열,4875,0,6107,5482,625,125.3,112.5
2014,대학교,국립,경북,기존,국립금오공과대학교,자연과학계열,320,0,349,328,21,109.1,102.5
2014,대학교,국립,경북,기존,국립금오공과대학교,인문ㆍ사회계열,199,0,360,216,144,180.9,108.5
2014,대학교,국립,전남,기존,국립목포대학교,공학계열,2286,0,2692,2371,321,117.8,103.7
2014,대학교,국립,전남,기존,국립목포대학교,인문ㆍ사회계열,2788,0,3322,2972,350,119.2,106.6
2014,대학교,국립,전남,기존,국립목포대학교,예ㆍ체능계열,432,0,448,435,13,103.7,100.7
2014,대학교,국립,전남,기존,국립목포대학교,자연과학계열,1664,0,1709,1553,156,102.7,93.3
2014,대학교,국립,전남,기존,국립목포해양대학교,공학계열,2479,2,2504,2318,186,101.1,93.6
2014,대학교,국립,부산,기존,국립부경대학교,예ㆍ체능계열,498,0,552,533,19,110.8,107
2014,대학교,국립,부산,기존,국립부경대학교,인문ㆍ사회계열,3955,0,5390,4735,655,136.3,119.7
2014,대학교,국립,부산,기존,국립부경대학교,자연과학계열,2421,0,2663,2448,215,110,101.1
2014,대학교,국립,부산,기존,국립부경대학교,공학계열,7253,0,8878,8176,702,122.4,112.7
2014,대학교,국립,전남,기존,국립순천대학교,인문ㆍ사회계열,2223,0,2733,2443,290,122.9,109.9
2014,대학교,국립,전남,기존,국립순천대학교,예ㆍ체능계열,788,0,859,814,45,109,103.3
2014,대학교,국립,전남,기존,국립순천대학교,공학계열,1937,0,2076,1930,146,107.2,99.6
2014,대학교,국립,전남,기존,국립순천대학교,자연과학계열,2333,0,2219,2061,158,95.1,88.3
2014,대학교,국립,경남,기존,국립창원대학교,공학계열,2456,0,3117,2872,245,126.9,116.9
2014,대학교,국립,경남,기존,국립창원대학교,인문ㆍ사회계열,3186,0,3991,3494,497,125.3,109.7
2014,대학교,국립,경남,기존,국립창원대학교,예ㆍ체능계열,728,0,699,696,3,96,95.6
2014,대학교,국립,경남,기존,국립창원대학교,자연과학계열,1202,0,1272,1212,60,105.8,100.8
2014,대학교,국립,충북,기존,국립한국교통대학교,인문ㆍ사회계열,2108,0,2026,1876,150,96.1,89
2014,대학교,국립,충북,기존,국립한국교통대학교,예ㆍ체능계열,280,0,263,238,25,93.9,85
2014,대학교,국립,충북,기존,국립한국교통대학교,공학계열,5490,0,4957,4575,382,90.3,83.3
2014,대학교,국립,충북,기존,국립한국교통대학교,자연과학계열,670,0,651,604,47,97.2,90.1
2014,대학교,국립,부산,기존,국립한국해양대학교,공학계열,3403,0,4033,3674,359,118.5,108
2014,대학교,국립,부산,기존,국립한국해양대학교,예ㆍ체능계열,100,0,97,88,9,97,88
2014,대학교,국립,부산,기존,국립한국해양대학교,인문ㆍ사회계열,1280,0,1828,1519,309,142.8,118.7
2014,대학교,국립,부산,기존,국립한국해양대학교,자연과학계열,796,0,1015,824,191,127.5,103.5
2014,대학교,국립,대전,기존,국립한밭대학교,공학계열,4044,0,2974,2707,267,73.5,66.9
2014,대학교,국립,대전,기존,국립한밭대학교,예ㆍ체능계열,345,0,286,270,16,82.9,78.3
2014,대학교,국립,대전,기존,국립한밭대학교,인문ㆍ사회계열,1380,0,1243,1080,163,90.1,78.3
2014,대학교,사립,서울,기존,국민대학교,예ㆍ체능계열,2220,0,2388,2208,180,107.6,99.5
2014,대학교,사립,서울,기존,국민대학교,인문ㆍ사회계열,5436,0,7832,6052,1780,144.1,111.3
2014,대학교,사립,서울,기존,국민대학교,자연과학계열,1304,0,1545,1326,219,118.5,101.7
2014,대학교,사립,서울,기존,국민대학교,공학계열,3027,0,3728,3183,545,123.2,105.2
2014,대학교,사립,충북,기존,극동대학교,자연과학계열,955,0,995,891,104,104.2,93.3
2014,대학교,사립,충북,기존,극동대학교,공학계열,685,0,579,544,35,84.5,79.4
2014,대학교,사립,충북,기존,극동대학교,예ㆍ체능계열,950,0,833,800,33,87.7,84.2
2014,대학교,사립,충북,기존,극동대학교,인문ㆍ사회계열,1755,0,1840,1708,132,104.8,97.3
2014,대학교,사립,충남,기존,금강대학교,인문ㆍ사회계열,595,0,454,438,16,76.3,73.6
2014,대학교,사립,경북,기존,김천대학교,공학계열,160,0,124,113,11,77.5,70.6
2014,대학교,사립,경북,기존,김천대학교,예ㆍ체능계열,110,0,73,73,0,66.4,66.4
2014,대학교,사립,경북,기존,김천대학교,인문ㆍ사회계열,1165,0,860,787,73,73.8,67.6
2014,대학교,사립,경북,기존,김천대학교,자연과학계열,2572,0,2368,2080,288,92.1,80.9
2014,대학교,사립,충남,기존,나사렛대학교,자연과학계열,1485,0,1175,1069,106,79.1,72
2014,대학교,사립,충남,기존,나사렛대학교,인문ㆍ사회계열,3454,0,4035,3507,528,116.8,101.5
2014,대학교,사립,충남,기존,나사렛대학교,예ㆍ체능계열,457,0,739,625,114,161.7,136.8
2014,대학교,사립,광주,기존,남부대학교,예ㆍ체능계열,579,0,447,430,17,77.2,74.3
2014,대학교,사립,광주,기존,남부대학교,공학계열,250,0,249,203,46,99.6,81.2
2014,대학교,사립,광주,기존,남부대학교,자연과학계열,1705,28,1843,1523,320,109.9,90.8
2014,대학교,사립,광주,기존,남부대학교,인문ㆍ사회계열,702,0,649,586,63,92.5,83.5
2014,대학교,사립,충남,기존,남서울대학교,예ㆍ체능계열,1274,0,927,896,31,72.8,70.3
2014,대학교,사립,충남,기존,남서울대학교,공학계열,1905,0,1218,1136,82,63.9,59.6
2014,대학교,사립,충남,기존,남서울대학교,자연과학계열,495,0,476,432,44,96.2,87.3
2014,대학교,사립,충남,기존,남서울대학교,인문ㆍ사회계열,3672,0,3213,2936,277,87.5,80
2014,산업대학,사립,충남,폐교,남서울대학교(산업대),자연과학계열,140,0,183,166,17,130.7,118.6
2014,산업대학,사립,충남,폐교,남서울대학교(산업대),예ㆍ체능계열,440,0,837,790,47,190.2,179.5
2014,산업대학,사립,충남,폐교,남서울대학교(산업대),공학계열,670,0,1187,1076,111,177.2,160.6
2014,산업대학,사립,충남,폐교,남서울대학교(산업대),인문ㆍ사회계열,1410,0,2542,2362,180,180.3,167.5
2014,대학교,사립,경기,기존,단국대학교,인문ㆍ사회계열,4396,0,6188,5313,875,140.8,120.9
2014,대학교,사립,경기,기존,단국대학교,자연과학계열,660,0,790,712,78,119.7,107.9
2014,대학교,사립,경기,기존,단국대학교,공학계열,2987,0,3641,3226,415,121.9,108
2014,대학교,사립,경기,기존,단국대학교,예ㆍ체능계열,1527,0,1658,1590,68,108.6,104.1
2014,대학교,사립,충남,기존,단국대학교 _제2캠퍼스,인문ㆍ사회계열,3740,0,4807,4233,574,128.5,113.2
2014,대학교,사립,충남,기존,단국대학교 _제2캠퍼스,예ㆍ체능계열,1753,0,1958,1845,113,111.7,105.2
2014,대학교,사립,충남,기존,단국대학교 _제2캠퍼스,자연과학계열,3096,0,3295,3032,263,106.4,97.9
2014,대학교,사립,충남,기존,단국대학교 _제2캠퍼스,공학계열,1597,0,2099,1886,213,131.4,118.1
2014,대학교,사립,충남,기존,단국대학교 _제2캠퍼스,의학계열,440,0,461,432,29,104.8,98.2
2014,대학교,사립,경북,기존,대구가톨릭대학교,공학계열,2015,0,2229,2003,226,110.6,99.4
2014,대학교,사립,경북,기존,대구가톨릭대학교,자연과학계열,3369,0,3825,3397,428,113.5,100.8
2014,대학교,사립,경북,기존,대구가톨릭대학교,인문ㆍ사회계열,5567,0,6426,5848,578,115.4,105
2014,대학교,사립,경북,기존,대구가톨릭대학교,예ㆍ체능계열,1530,0,1447,1437,10,94.6,93.9
2014,대학교,사립,경북,기존,대구가톨릭대학교,의학계열,160,0,179,162,17,111.9,101.3
2014,대학교,특별법법인,대구,기존,대구경북과학기술원,자연과학계열,200,0,167,167,0,83.5,83.5
2014,교육대학,국립,대구,기존,대구교육대학교,인문ㆍ사회계열,776,0,854,788,66,110.1,101.5
2014,교육대학,국립,대구,기존,대구교육대학교,자연과학계열,471,0,510,466,44,108.3,98.9
2014,교육대학,국립,대구,기존,대구교육대학교,예ㆍ체능계열,335,0,370,340,30,110.4,101.5
2014,대학교,사립,경북,기존,대구대학교,인문ㆍ사회계열,8945,0,10102,9143,959,112.9,102.2
2014,대학교,사립,경북,기존,대구대학교,자연과학계열,3849,0,3960,3653,307,102.9,94.9
2014,대학교,사립,경북,기존,대구대학교,예ㆍ체능계열,1640,0,1752,1614,138,106.8,98.4
2014,대학교,사립,경북,기존,대구대학교,공학계열,3728,0,4196,3758,438,112.6,100.8
2014,대학교,사립,경북,기존,대구예술대학교,예ㆍ체능계열,1896,0,1507,1460,47,79.5,77
2014,대학교,사립,경북,기존,대구외국어대학교,인문ㆍ사회계열,520,7,333,312,21,64.9,60.8
2014,대학교,사립,경북,기존,대구한의대학교,예ㆍ체능계열,680,0,680,628,52,100,92.4
2014,대학교,사립,경북,기존,대구한의대학교,의학계열,432,0,431,403,28,99.8,93.3
2014,대학교,사립,경북,기존,대구한의대학교,인문ㆍ사회계열,2077,0,2116,1961,155,101.9,94.4
2014,대학교,사립,경북,기존,대구한의대학교,자연과학계열,2986,0,3058,2852,206,102.4,95.5
2014,대학교,사립,경북,기존,대구한의대학교,공학계열,824,0,788,756,32,95.6,91.7
2014,대학교,사립,경북,기존,대신대학교,인문ㆍ사회계열,345,4,239,220,19,70.1,64.5
2014,대학교,사립,경북,기존,대신대학교,예ㆍ체능계열,170,2,101,99,2,60.1,58.9
2014,대학교,사립,세종,기존,대전가톨릭대학교,인문ㆍ사회계열,160,0,64,63,1,40,39.4
2014,대학교,사립,대전,기존,대전대학교,의학계열,288,0,310,279,31,107.6,96.9
2014,대학교,사립,대전,기존,대전대학교,공학계열,2113,0,2049,1866,183,97,88.3
2014,대학교,사립,대전,기존,대전대학교,예ㆍ체능계열,777,0,626,618,8,80.6,79.5
2014,대학교,사립,대전,기존,대전대학교,자연과학계열,1696,0,1815,1610,205,107,94.9
2014,대학교,사립,대전,기존,대전대학교,인문ㆍ사회계열,4836,0,5133,4753,380,106.1,98.3
2014,대학교,사립,대전,기존,대전신학대학교,인문ㆍ사회계열,240,0,195,180,15,81.3,75
2014,대학교,사립,경기,기존,대진대학교,예ㆍ체능계열,1154,0,1153,1071,82,99.9,92.8
2014,대학교,사립,경기,기존,대진대학교,자연과학계열,865,0,814,766,48,94.1,88.6
2014,대학교,사립,경기,기존,대진대학교,공학계열,2300,0,2291,2055,236,99.6,89.3
2014,대학교,사립,경기,기존,대진대학교,인문ㆍ사회계열,3461,0,3950,3564,386,114.1,103
2014,대학교,사립,서울,기존,덕성여자대학교,예ㆍ체능계열,680,0,798,715,83,117.4,105.1
2014,대학교,사립,서울,기존,덕성여자대학교,공학계열,360,0,391,350,41,108.6,97.2
2014,대학교,사립,서울,기존,덕성여자대학교,자연과학계열,1280,0,1370,1235,135,107,96.5
2014,대학교,사립,서울,기존,덕성여자대학교,인문ㆍ사회계열,2840,0,3752,3322,430,132.1,117
2014,대학교,사립,서울,기존,동국대학교,자연과학계열,1374,0,1609,1410,199,117.1,102.6
2014,대학교,사립,서울,기존,동국대학교,인문ㆍ사회계열,5299,0,7341,5830,1511,138.5,110
2014,대학교,사립,서울,기존,동국대학교,공학계열,3267,0,3603,3116,487,110.3,95.4
2014,대학교,사립,서울,기존,동국대학교,예ㆍ체능계열,920,0,1074,962,112,116.7,104.6
2014,대학교,사립,경북,기존,동국대학교(WISE) _분교,의학계열,364,0,409,354,55,112.4,97.3
2014,대학교,사립,경북,기존,동국대학교(WISE) _분교,자연과학계열,1508,0,1549,1406,143,102.7,93.2
2014,대학교,사립,경북,기존,동국대학교(WISE) _분교,공학계열,1085,0,1104,993,111,101.8,91.5
2014,대학교,사립,경북,기존,동국대학교(WISE) _분교,인문ㆍ사회계열,4240,0,4837,4312,525,114.1,101.7
2014,대학교,사립,경북,기존,동국대학교(WISE) _분교,예ㆍ체능계열,605,0,581,569,12,96,94
2014,대학교,사립,서울,기존,동덕여자대학교,자연과학계열,1280,0,1529,1304,225,119.5,101.9
2014,대학교,사립,서울,기존,동덕여자대학교,인문ㆍ사회계열,2948,0,3861,3273,588,131,111
2014,대학교,사립,서울,기존,동덕여자대학교,예ㆍ체능계열,2560,0,2700,2606,94,105.5,101.8
2014,대학교,사립,부산,기존,동명대학교,자연과학계열,740,0,838,758,80,113.2,102.4
2014,대학교,사립,부산,기존,동명대학교,예ㆍ체능계열,1010,0,916,858,58,90.7,85
2014,대학교,사립,부산,기존,동명대학교,공학계열,3260,0,3825,3487,338,117.3,107
2014,대학교,사립,부산,기존,동명대학교,인문ㆍ사회계열,3290,0,3606,3211,395,109.6,97.6
2014,대학교,사립,부산,기존,동서대학교,예ㆍ체능계열,1655,0,1834,1726,108,110.8,104.3
2014,대학교,사립,부산,기존,동서대학교,공학계열,3090,0,3127,2946,181,101.2,95.3
2014,대학교,사립,부산,기존,동서대학교,인문ㆍ사회계열,4910,0,5589,5064,525,113.8,103.1
2014,대학교,사립,부산,기존,동서대학교,자연과학계열,890,0,898,818,80,100.9,91.9
2014,대학교,사립,전남,기존,동신대학교,예ㆍ체능계열,605,0,554,531,23,91.6,87.8
2014,대학교,사립,전남,기존,동신대학교,의학계열,160,0,212,158,54,132.5,98.8
2014,대학교,사립,전남,기존,동신대학교,자연과학계열,2295,0,2481,2137,344,108.1,93.1
2014,대학교,사립,전남,기존,동신대학교,공학계열,1405,0,1273,1191,82,90.6,84.8
2014,대학교,사립,전남,기존,동신대학교,인문ㆍ사회계열,2515,0,2555,2359,196,101.6,93.8
2014,대학교,사립,부산,기존,동아대학교,예ㆍ체능계열,2371,0,2324,2246,78,98,94.7
2014,대학교,사립,부산,기존,동아대학교,자연과학계열,2888,0,2974,2790,184,103,96.6
2014,대학교,사립,부산,기존,동아대학교,의학계열,96,0,93,91,2,96.9,94.8
2014,대학교,사립,부산,기존,동아대학교,인문ㆍ사회계열,7930,0,9868,8912,956,124.4,112.4
2014,대학교,사립,부산,기존,동아대학교,공학계열,5020,0,6319,5632,687,125.9,112.2
2014,대학교,사립,경북,기존,동양대학교,자연과학계열,200,0,228,189,39,114,94.5
2014,대학교,사립,경북,기존,동양대학교,인문ㆍ사회계열,1951,0,2221,2018,203,113.8,103.4
2014,대학교,사립,경북,기존,동양대학교,공학계열,2015,0,1920,1805,115,95.3,89.6
2014,대학교,사립,경북,기존,동양대학교,예ㆍ체능계열,418,0,369,359,10,88.3,85.9
2014,대학교,사립,부산,기존,동의대학교,인문ㆍ사회계열,6650,0,7981,7190,791,120,108.1
2014,대학교,사립,부산,기존,동의대학교,자연과학계열,2610,0,2547,2424,123,97.6,92.9
2014,대학교,사립,부산,기존,동의대학교,공학계열,4960,0,5424,4993,431,109.4,100.7
2014,대학교,사립,부산,기존,동의대학교,의학계열,200,0,186,177,9,93,88.5
2014,대학교,사립,부산,기존,동의대학교,예ㆍ체능계열,1575,0,1424,1405,19,90.4,89.2
2014,대학교,사립,경기,기존,루터대학교,인문ㆍ사회계열,500,0,458,445,13,91.6,89
2014,대학교,사립,경기,기존,명지대학교,예ㆍ체능계열,1610,0,1646,1607,39,102.2,99.8
2014,대학교,사립,경기,기존,명지대학교,공학계열,4212,0,4722,4260,462,112.1,101.1
2014,대학교,사립,경기,기존,명지대학교,자연과학계열,990,0,983,907,76,99.3,91.6
2014,대학교,사립,서울,기존,명지대학교 _제2캠퍼스,인문ㆍ사회계열,5186,0,7528,6240,1288,145.2,120.3
2014,대학교,사립,대전,기존,목원대학교,예ㆍ체능계열,2443,0,2443,2418,25,100,99
2014,대학교,사립,대전,기존,목원대학교,자연과학계열,1063,0,1097,1038,59,103.2,97.6
2014,대학교,사립,대전,기존,목원대학교,공학계열,1468,0,1465,1345,120,99.8,91.6
2014,대학교,사립,대전,기존,목원대학교,인문ㆍ사회계열,3847,0,4373,4024,349,113.7,104.6
2014,대학교,사립,전남,기존,목포가톨릭대학교,인문ㆍ사회계열,160,0,145,143,2,90.6,89.4
2014,대학교,사립,전남,기존,목포가톨릭대학교,자연과학계열,360,0,394,347,47,109.4,96.4
2014,대학교,사립,대전,기존,배재대학교,공학계열,1645,0,1684,1513,171,102.4,92
2014,대학교,사립,대전,기존,배재대학교,예ㆍ체능계열,1054,0,1027,1007,20,97.4,95.5
2014,대학교,사립,대전,기존,배재대학교,인문ㆍ사회계열,4772,0,5286,4712,574,110.8,98.7
2014,대학교,사립,대전,기존,배재대학교,자연과학계열,1817,0,1932,1774,158,106.3,97.6
2014,대학교,사립,충남,기존,백석대학교,자연과학계열,2221,0,2484,2124,360,111.8,95.6
2014,대학교,사립,충남,기존,백석대학교,인문ㆍ사회계열,7611,0,8339,7629,710,109.6,100.2
2014,대학교,사립,충남,기존,백석대학교,예ㆍ체능계열,2690,0,2565,2413,152,95.4,89.7
2014,대학교,사립,부산,기존,부산가톨릭대학교,인문ㆍ사회계열,1140,0,1088,1048,40,95.4,91.9
2014,대학교,사립,부산,기존,부산가톨릭대학교,공학계열,410,0,366,364,2,89.3,88.8
2014,대학교,사립,부산,기존,부산가톨릭대학교,자연과학계열,2315,0,2694,2201,493,116.4,95.1
2014,교육대학,국립,부산,기존,부산교육대학교,자연과학계열,458,0,496,460,36,108.3,100.4
2014,교육대학,국립,부산,기존,부산교육대학교,예ㆍ체능계열,331,0,362,328,34,109.4,99.1
2014,교육대학,국립,부산,기존,부산교육대학교,인문ㆍ사회계열,685,0,749,692,57,109.3,101
2014,대학교,국립,부산,기존,부산대학교,인문ㆍ사회계열,5787,0,7572,6677,895,130.8,115.4
2014,대학교,국립,부산,기존,부산대학교,예ㆍ체능계열,1436,0,1635,1533,102,113.9,106.8
2014,대학교,국립,부산,기존,부산대학교,자연과학계열,4406,0,4933,4504,429,112,102.2
2014,대학교,국립,부산,기존,부산대학교,공학계열,6430,0,8081,7251,830,125.7,112.8
2014,대학교,사립,부산,기존,부산외국어대학교,예ㆍ체능계열,320,0,249,246,3,77.8,76.9
2014,대학교,사립,부산,기존,부산외국어대학교,인문ㆍ사회계열,7540,70,8633,7898,735,115.6,105.7
2014,대학교,사립,부산,기존,부산외국어대학교,공학계열,575,0,499,479,20,86.8,83.3
2014,대학교,사립,부산,기존,부산외국어대학교,자연과학계열,60,0,48,48,0,80,80
2014,대학교,사립,경남,기존,부산장신대학교,인문ㆍ사회계열,280,0,278,260,18,99.3,92.9
2014,대학교,사립,서울,기존,삼육대학교,예ㆍ체능계열,780,0,893,810,83,114.5,103.8
2014,대학교,사립,서울,기존,삼육대학교,공학계열,676,0,745,645,100,110.2,95.4
2014,대학교,사립,서울,기존,삼육대학교,인문ㆍ사회계열,1752,0,2291,2049,242,130.8,117
2014,대학교,사립,서울,기존,삼육대학교,자연과학계열,1880,0,1946,1704,242,103.5,90.6
2014,대학교,사립,서울,기존,상명대학교,공학계열,280,0,324,249,75,115.7,88.9
2014,대학교,사립,서울,기존,상명대학교,자연과학계열,1565,0,1929,1544,385,123.3,98.7
2014,대학교,사립,서울,기존,상명대학교,인문ㆍ사회계열,2690,0,3634,2741,893,135.1,101.9
2014,대학교,사립,서울,기존,상명대학교,예ㆍ체능계열,1065,0,1060,1024,36,99.5,96.2
2014,대학교,사립,충남,기존,상명대학교(천안) _분교,예ㆍ체능계열,2596,0,2915,2595,320,112.3,100
2014,대학교,사립,충남,기존,상명대학교(천안) _분교,자연과학계열,560,0,618,536,82,110.4,95.7
2014,대학교,사립,충남,기존,상명대학교(천안) _분교,인문ㆍ사회계열,1503,0,1620,1477,143,107.8,98.3
2014,대학교,사립,충남,기존,상명대학교(천안) _분교,공학계열,1141,0,1229,1095,134,107.7,96
2014,대학교,사립,강원,기존,상지대학교,예ㆍ체능계열,939,0,962,924,38,102.4,98.4
2014,대학교,사립,강원,기존,상지대학교,자연과학계열,1965,0,1944,1822,122,98.9,92.7
2014,대학교,사립,강원,기존,상지대학교,공학계열,1110,0,1073,1006,67,96.7,90.6
2014,대학교,사립,강원,기존,상지대학교,의학계열,240,0,238,228,10,99.2,95
2014,대학교,사립,강원,기존,상지대학교,인문ㆍ사회계열,3890,0,4234,3836,398,108.8,98.6
2014,대학교,사립,서울,기존,서강대학교,자연과학계열,856,0,885,810,75,103.4,94.6
2014,대학교,사립,서울,기존,서강대학교,공학계열,1564,0,1877,1713,164,120,109.5
2014,대학교,사립,서울,기존,서강대학교,인문ㆍ사회계열,4140,0,5388,4579,809,130.1,110.6
2014,대학교,사립,서울,기존,서경대학교,자연과학계열,320,0,382,325,57,119.4,101.6
2014,대학교,사립,서울,기존,서경대학교,인문ㆍ사회계열,2220,0,2795,2362,433,125.9,106.4
2014,대학교,사립,서울,기존,서경대학교,공학계열,1600,0,1792,1591,201,112,99.4
2014,대학교,사립,서울,기존,서경대학교,예ㆍ체능계열,1500,0,1733,1366,367,115.5,91.1
2014,대학교,사립,전북,기존,서남대학교,의학계열,196,0,202,196,6,103.1,100
2014,대학교,사립,전북,기존,서남대학교,자연과학계열,1734,0,655,590,65,37.8,34
2014,대학교,사립,전북,기존,서남대학교,인문ㆍ사회계열,741,0,39,38,1,5.3,5.1
2014,대학교,사립,전북,기존,서남대학교,공학계열,151,0,5,5,0,3.3,3.3
2014,대학교,사립,전북,기존,서남대학교,예ㆍ체능계열,640,0,110,110,0,17.2,17.2
2014,대학교,사립,충남,기존,서남대학교 _제2캠퍼스,인문ㆍ사회계열,2772,0,405,400,5,14.6,14.4
2014,대학교,사립,충남,기존,서남대학교 _제2캠퍼스,공학계열,500,0,99,99,0,19.8,19.8
2014,대학교,사립,충남,기존,서남대학교 _제2캠퍼스,자연과학계열,640,0,251,242,9,39.2,37.8
2014,대학교,사립,충남,기존,서남대학교 _제2캠퍼스,예ㆍ체능계열,201,0,75,65,10,37.3,32.3
2014,대학교,국립,서울,기존,서울과학기술대학교,예ㆍ체능계열,834,0,800,666,134,95.9,79.9
2014,대학교,국립,서울,기존,서울과학기술대학교,자연과학계열,504,0,423,379,44,83.9,75.2
2014,대학교,국립,서울,기존,서울과학기술대학교,공학계열,4482,0,3240,2959,281,72.3,66
2014,대학교,국립,서울,기존,서울과학기술대학교,인문ㆍ사회계열,900,0,735,694,41,81.7,77.1
2014,산업대학,국립,서울,폐교,서울과학기술대학교(산업대),예ㆍ체능계열,236,0,653,600,53,276.7,254.2
2014,산업대학,국립,서울,폐교,서울과학기술대학교(산업대),자연과학계열,188,0,361,349,12,192,185.6
2014,산업대학,국립,서울,폐교,서울과학기술대학교(산업대),공학계열,1418,0,4130,3976,154,291.3,280.4
2014,산업대학,국립,서울,폐교,서울과학기술대학교(산업대),인문ㆍ사회계열,265,0,616,586,30,232.5,221.1
2014,교육대학,국립,서울,기존,서울교육대학교,인문ㆍ사회계열,1466,0,1570,1428,142,107.1,97.4
2014,대학교,사립,서울,기존,서울기독대학교,예ㆍ체능계열,222,0,195,193,2,87.8,86.9
2014,대학교,사립,서울,기존,서울기독대학교,인문ㆍ사회계열,440,0,487,441,46,110.7,100.2
2014,대학교,국립대법인,서울,기존,서울대학교,예ㆍ체능계열,1140,0,1436,1311,125,126,115
2014,대학교,국립대법인,서울,기존,서울대학교,인문ㆍ사회계열,4492,0,6345,5627,718,141.3,125.3
2014,대학교,국립대법인,서울,기존,서울대학교,의학계열,428,0,568,438,130,132.7,102.3
2014,대학교,국립대법인,서울,기존,서울대학교,공학계열,3146,0,3798,3504,294,120.7,111.4
2014,대학교,국립대법인,서울,기존,서울대학교,자연과학계열,3726,0,4306,3921,385,115.6,105.2
2014,대학교,공립,서울,기존,서울시립대학교,예ㆍ체능계열,544,0,624,616,8,114.7,113.2
2014,대학교,공립,서울,기존,서울시립대학교,공학계열,2640,0,3397,3037,360,128.7,115
2014,대학교,공립,서울,기존,서울시립대학교,자연과학계열,680,0,843,794,49,124,116.8
2014,대학교,공립,서울,기존,서울시립대학교,인문ㆍ사회계열,3248,0,4685,4201,484,144.2,129.3
2014,대학교,사립,경기,기존,서울신학대학교,예ㆍ체능계열,330,0,360,340,20,109.1,103
2014,대학교,사립,경기,기존,서울신학대학교,인문ㆍ사회계열,1830,0,2005,1823,182,109.6,99.6
2014,대학교,사립,서울,기존,서울여자대학교,자연과학계열,2200,0,2420,2175,245,110,98.9
2014,대학교,사립,서울,기존,서울여자대학교,인문ㆍ사회계열,3920,0,4787,4251,536,122.1,108.4
2014,대학교,사립,서울,기존,서울여자대학교,예ㆍ체능계열,800,0,846,822,24,105.8,102.8
2014,대학교,사립,경기,기존,서울장신대학교,인문ㆍ사회계열,353,0,377,338,39,106.8,95.8
2014,대학교,사립,경기,기존,서울장신대학교,예ㆍ체능계열,135,0,129,123,6,95.6,91.1
2014,대학교,사립,서울,기존,서울한영대학교,인문ㆍ사회계열,728,0,709,671,38,97.4,92.2
2014,대학교,사립,서울,기존,서울한영대학교,예ㆍ체능계열,72,0,67,64,3,93.1,88.9
2014,대학교,사립,충북,기존,서원대학교,예ㆍ체능계열,960,0,1062,1014,48,110.6,105.6
2014,대학교,사립,충북,기존,서원대학교,자연과학계열,1210,0,1150,1064,86,95,87.9
2014,대학교,사립,충북,기존,서원대학교,인문ㆍ사회계열,3733,0,4006,3692,314,107.3,98.9
2014,대학교,사립,충북,기존,서원대학교,공학계열,1110,0,1101,1036,65,99.2,93.3
2014,대학교,사립,충남,기존,선문대학교,자연과학계열,1231,0,1349,1189,160,109.6,96.6
2014,대학교,사립,충남,기존,선문대학교,공학계열,2852,0,2931,2713,218,102.8,95.1
2014,대학교,사립,충남,기존,선문대학교,인문ㆍ사회계열,4469,0,5461,4763,698,122.2,106.6
2014,대학교,사립,충남,기존,선문대학교,예ㆍ체능계열,653,0,624,602,22,95.6,92.2
2014,대학교,사립,경기,기존,성결대학교,인문ㆍ사회계열,3160,0,3556,3234,322,112.5,102.3
2014,대학교,사립,경기,기존,성결대학교,예ㆍ체능계열,720,0,766,687,79,106.4,95.4
2014,대학교,사립,경기,기존,성결대학교,공학계열,1240,0,1306,1214,92,105.3,97.9
2014,대학교,사립,서울,기존,성공회대학교,공학계열,600,0,593,565,28,98.8,94.2
2014,대학교,사립,서울,기존,성공회대학교,인문ㆍ사회계열,1560,0,1709,1548,161,109.6,99.2
2014,대학교,사립,서울,기존,성균관대학교,예ㆍ체능계열,1236,0,1539,1424,115,124.5,115.2
2014,대학교,사립,서울,기존,성균관대학교,인문ㆍ사회계열,6448,0,9924,7439,2485,153.9,115.4
2014,대학교,사립,서울,기존,성균관대학교,공학계열,4599,0,6222,5122,1100,135.3,111.4
2014,대학교,사립,서울,기존,성균관대학교,자연과학계열,1740,0,1673,1509,164,96.1,86.7
2014,대학교,사립,서울,기존,성균관대학교,의학계열,80,0,81,80,1,101.3,100
2014,대학교,사립,서울,기존,성신여자대학교,예ㆍ체능계열,2222,0,2371,2230,141,106.7,100.4
2014,대학교,사립,서울,기존,성신여자대학교,인문ㆍ사회계열,4708,0,5786,5058,728,122.9,107.4
2014,대학교,사립,서울,기존,성신여자대학교,자연과학계열,1937,0,2208,1910,298,114,98.6
2014,대학교,사립,충북,기존,세명대학교,의학계열,160,0,194,157,37,121.3,98.1
2014,대학교,사립,충북,기존,세명대학교,자연과학계열,2130,0,2178,1983,195,102.3,93.1
2014,대학교,사립,충북,기존,세명대학교,예ㆍ체능계열,1030,0,983,922,61,95.4,89.5
2014,대학교,사립,충북,기존,세명대학교,인문ㆍ사회계열,4020,0,4105,3765,340,102.1,93.7
2014,대학교,사립,충북,기존,세명대학교,공학계열,1140,0,1119,1040,79,98.2,91.2
2014,대학교,사립,서울,기존,세종대학교,예ㆍ체능계열,1340,8,1536,1396,140,115.3,104.8
2014,대학교,사립,서울,기존,세종대학교,공학계열,4431,0,5300,4633,667,119.6,104.6
2014,대학교,사립,서울,기존,세종대학교,자연과학계열,871,0,877,825,52,100.7,94.7
2014,대학교,사립,서울,기존,세종대학교,인문ㆍ사회계열,2685,4,3574,3006,568,133.3,112.1
2014,대학교,사립,전남,기존,세한대학교,예ㆍ체능계열,1660,0,1393,1355,38,83.9,81.6
2014,대학교,사립,전남,기존,세한대학교,공학계열,240,0,175,169,6,72.9,70.4
2014,대학교,사립,전남,기존,세한대학교,인문ㆍ사회계열,1530,0,1642,1476,166,107.3,96.5
2014,대학교,사립,전남,기존,세한대학교,자연과학계열,830,0,840,720,120,101.2,86.7
2014,대학교,사립,충남,기존,세한대학교 _제2캠퍼스,예ㆍ체능계열,200,0,363,358,5,181.5,179
2014,대학교,사립,충남,기존,세한대학교 _제2캠퍼스,인문ㆍ사회계열,40,0,40,40,0,100,100
2014,대학교,사립,광주,기존,송원대학교,공학계열,540,0,303,296,7,56.1,54.8
2014,대학교,사립,광주,기존,송원대학교,인문ㆍ사회계열,935,0,777,740,37,83.1,79.1
2014,대학교,사립,광주,기존,송원대학교,자연과학계열,700,0,614,542,72,87.7,77.4
2014,대학교,사립,광주,기존,송원대학교,예ㆍ체능계열,225,0,168,166,2,74.7,73.8
2014,대학교,사립,경기,기존,수원가톨릭대학교,인문ㆍ사회계열,360,0,139,137,2,38.6,38.1
2014,대학교,사립,경기,기존,수원대학교,예ㆍ체능계열,2530,0,2332,2281,51,92.2,90.2
2014,대학교,사립,경기,기존,수원대학교,인문ㆍ사회계열,3202,0,3701,3137,564,115.6,98
2014,대학교,사립,경기,기존,수원대학교,공학계열,3140,0,3470,3134,336,110.5,99.8
2014,대학교,사립,경기,기존,수원대학교,자연과학계열,1587,0,1670,1487,183,105.2,93.7
2014,대학교,사립,서울,기존,숙명여자대학교,인문ㆍ사회계열,5524,0,6924,5978,946,125.3,108.2
2014,대학교,사립,서울,기존,숙명여자대학교,예ㆍ체능계열,1520,0,1637,1591,46,107.7,104.7
2014,대학교,사립,서울,기존,숙명여자대학교,자연과학계열,2068,0,2243,1990,253,108.5,96.2
2014,각종학교(대학),사립,충북,기존,순복음총회신학교,인문ㆍ사회계열,375,0,235,235,0,62.7,62.7
2014,각종학교(대학),사립,충북,기존,순복음총회신학교,예ㆍ체능계열,25,0,21,21,0,84,84
2014,대학교,사립,충남,기존,순천향대학교,인문ㆍ사회계열,3960,0,4672,4200,472,118,106.1
2014,대학교,사립,충남,기존,순천향대학교,의학계열,372,0,368,352,16,98.9,94.6
2014,대학교,사립,충남,기존,순천향대학교,예ㆍ체능계열,1035,0,999,972,27,96.5,93.9
2014,대학교,사립,충남,기존,순천향대학교,자연과학계열,2386,0,2417,2202,215,101.3,92.3
2014,대학교,사립,충남,기존,순천향대학교,공학계열,2633,0,2878,2582,296,109.3,98.1
2014,대학교,사립,서울,기존,숭실대학교,공학계열,4722,0,5612,4932,680,118.8,104.4
2014,대학교,사립,서울,기존,숭실대학교,자연과학계열,940,0,971,881,90,103.3,93.7
2014,대학교,사립,서울,기존,숭실대학교,인문ㆍ사회계열,4888,0,6596,5435,1161,134.9,111.2
2014,대학교,사립,서울,기존,숭실대학교,예ㆍ체능계열,180,0,173,163,10,96.1,90.6
2014,대학교,사립,경북,기존,신경주대학교,인문ㆍ사회계열,3583,497,1875,1782,93,60.8,57.7
2014,대학교,사립,경북,기존,신경주대학교,예ㆍ체능계열,613,10,216,211,5,35.8,35
2014,대학교,사립,경북,기존,신경주대학교,공학계열,185,5,89,87,2,49.4,48.3
2014,대학교,사립,경북,기존,신경주대학교,자연과학계열,895,57,447,430,17,53.3,51.3
2014,대학교,사립,부산,기존,신라대학교,예ㆍ체능계열,1040,0,1001,956,45,96.3,91.9
2014,대학교,사립,부산,기존,신라대학교,공학계열,1473,0,1487,1340,147,101,91
2014,대학교,사립,부산,기존,신라대학교,인문ㆍ사회계열,5094,0,5680,4965,715,111.5,97.5
2014,대학교,사립,부산,기존,신라대학교,자연과학계열,2008,0,1933,1797,136,96.3,89.5
2014,대학교,사립,경기,기존,신한대학교,자연과학계열,90,0,191,165,26,212.2,183.3
2014,대학교,사립,경기,기존,신한대학교,인문ㆍ사회계열,70,0,171,164,7,244.3,234.3
2014,대학교,사립,경기,기존,신한대학교,공학계열,173,0,286,275,11,165.3,159
2014,대학교,사립,경기,기존,신한대학교 _제2캠퍼스,예ㆍ체능계열,175,0,226,216,10,129.1,123.4
2014,대학교,사립,경기,기존,신한대학교 _제2캠퍼스,인문ㆍ사회계열,485,0,997,879,118,205.6,181.2
2014,대학교,사립,경기,기존,신한대학교 _제2캠퍼스,자연과학계열,390,0,597,499,98,153.1,127.9
2014,대학교,사립,경기,기존,신한대학교 _제2캠퍼스,공학계열,70,0,92,70,22,131.4,100
2014,대학교,사립,경기,기존,아신대학교,인문ㆍ사회계열,820,0,756,719,37,92.2,87.7
2014,대학교,사립,경기,기존,아주대학교,공학계열,4135,0,5234,4754,480,126.6,115
2014,대학교,사립,경기,기존,아주대학교,의학계열,80,0,91,83,8,113.8,103.8
2014,대학교,사립,경기,기존,아주대학교,인문ㆍ사회계열,2572,0,3350,3021,329,130.2,117.5
2014,대학교,사립,경기,기존,아주대학교,자연과학계열,1145,0,1313,1060,253,114.7,92.6
2014,대학교,사립,경기,기존,안양대학교,예ㆍ체능계열,444,0,572,548,24,128.8,123.4
2014,대학교,사립,경기,기존,안양대학교,공학계열,1395,0,1451,1330,121,104,95.3
2014,대학교,사립,경기,기존,안양대학교,자연과학계열,360,0,344,321,23,95.6,89.2
2014,대학교,사립,경기,기존,안양대학교,인문ㆍ사회계열,2269,0,2527,2281,246,111.4,100.5
2014,대학교,사립,인천,기존,안양대학교 _제2캠퍼스,인문ㆍ사회계열,280,0,284,258,26,101.4,92.1
2014,대학교,사립,인천,기존,안양대학교 _제2캠퍼스,공학계열,280,0,251,245,6,89.6,87.5
2014,대학교,사립,서울,기존,연세대학교,의학계열,340,0,433,344,89,127.4,101.2
2014,대학교,사립,서울,기존,연세대학교,인문ㆍ사회계열,6592,0,9873,8113,1760,149.8,123.1
2014,대학교,사립,서울,기존,연세대학교,자연과학계열,2415,0,3366,2716,650,139.4,112.5
2014,대학교,사립,서울,기존,연세대학교,공학계열,3689,0,4513,3965,548,122.3,107.5
2014,대학교,사립,서울,기존,연세대학교,예ㆍ체능계열,859,0,1042,982,60,121.3,114.3
2014,대학교,사립,강원,기존,연세대학교(미래) _분교,공학계열,932,0,1192,1008,184,127.9,108.2
2014,대학교,사립,강원,기존,연세대학교(미래) _분교,인문ㆍ사회계열,2380,0,3228,2829,399,135.6,118.9
2014,대학교,사립,강원,기존,연세대학교(미래) _분교,자연과학계열,2614,0,3221,2711,510,123.2,103.7
2014,대학교,사립,강원,기존,연세대학교(미래) _분교,의학계열,372,0,451,390,61,121.2,104.8
2014,대학교,사립,경북,기존,영남대학교,공학계열,5358,0,6915,6146,769,129.1,114.7
2014,대학교,사립,경북,기존,영남대학교,예ㆍ체능계열,2069,0,2163,2078,85,104.5,100.4
2014,대학교,사립,경북,기존,영남대학교,자연과학계열,4034,0,4054,3755,299,100.5,93.1
2014,대학교,사립,경북,기존,영남대학교,인문ㆍ사회계열,8401,0,10223,9103,1120,121.7,108.4
2014,대학교,사립,경북,기존,영남대학교,의학계열,152,0,158,151,7,103.9,99.3
2014,대학교,사립,경북,기존,영남신학대학교,인문ㆍ사회계열,545,0,497,482,15,91.2,88.4
2014,대학교,사립,경남,기존,영산대학교,인문ㆍ사회계열,1783,0,1729,1480,249,97,83
2014,대학교,사립,경남,기존,영산대학교,예ㆍ체능계열,425,0,336,330,6,79.1,77.6
2014,대학교,사립,경남,기존,영산대학교,공학계열,790,0,707,682,25,89.5,86.3
2014,대학교,사립,경남,기존,영산대학교,자연과학계열,555,0,639,546,93,115.1,98.4
2014,대학교,사립,부산,기존,영산대학교 _제2캠퍼스,인문ㆍ사회계열,1688,0,2218,1956,262,131.4,115.9
2014,대학교,사립,부산,기존,영산대학교 _제2캠퍼스,예ㆍ체능계열,810,0,850,756,94,104.9,93.3
2014,대학교,사립,부산,기존,영산대학교 _제2캠퍼스,공학계열,120,0,117,111,6,97.5,92.5
2014,대학교,사립,부산,기존,영산대학교 _제2캠퍼스,자연과학계열,540,0,669,607,62,123.9,112.4
2014,대학교,사립,전남,기존,영산선학대학교,인문ㆍ사회계열,200,0,43,42,1,21.5,21
2014,대학교,사립,전북,기존,예수대학교,인문ㆍ사회계열,82,0,73,71,2,89,86.6
2014,대학교,사립,전북,기존,예수대학교,자연과학계열,460,0,528,467,61,114.8,101.5
2014,대학교,사립,전북,기존,예원예술대학교,인문ㆍ사회계열,135,0,88,73,15,65.2,54.1
2014,대학교,사립,전북,기존,예원예술대학교,예ㆍ체능계열,425,31,433,384,49,109.9,97.5
2014,대학교,사립,경기,기존,예원예술대학교 _제2캠퍼스,예ㆍ체능계열,436,0,484,418,66,111,95.9
2014,대학교,사립,경기,기존,용인대학교,예ㆍ체능계열,3248,0,3546,3267,279,109.2,100.6
2014,대학교,사립,경기,기존,용인대학교,자연과학계열,1046,0,1190,1042,148,113.8,99.6
2014,대학교,사립,경기,기존,용인대학교,인문ㆍ사회계열,1586,0,1828,1609,219,115.3,101.5
2014,대학교,사립,전북,기존,우석대학교,인문ㆍ사회계열,2880,0,3247,2933,314,112.7,101.8
2014,대학교,사립,전북,기존,우석대학교,의학계열,120,0,155,127,28,129.2,105.8
2014,대학교,사립,전북,기존,우석대학교,공학계열,1080,0,1136,1067,69,105.2,98.8
2014,대학교,사립,전북,기존,우석대학교,자연과학계열,2415,0,2590,2337,253,107.2,96.8
2014,대학교,사립,전북,기존,우석대학교,예ㆍ체능계열,1365,0,1417,1366,51,103.8,100.1
2014,대학교,사립,대전,기존,우송대학교,예ㆍ체능계열,1045,0,1032,911,121,98.8,87.2
2014,대학교,사립,대전,기존,우송대학교,공학계열,2200,0,2121,1894,227,96.4,86.1
2014,대학교,사립,대전,기존,우송대학교,인문ㆍ사회계열,3977,0,4360,3658,702,109.6,92
2014,대학교,사립,대전,기존,우송대학교,자연과학계열,1490,0,1472,1394,78,98.8,93.6
2014,대학교,특별법법인,울산,기존,울산과학기술원,인문ㆍ사회계열,500,0,390,370,20,78,74
2014,대학교,특별법법인,울산,기존,울산과학기술원,공학계열,2500,0,2365,2241,124,94.6,89.6
2014,대학교,사립,울산,기존,울산대학교,자연과학계열,2130,0,2372,2164,208,111.4,101.6
2014,대학교,사립,울산,기존,울산대학교,공학계열,4000,0,5458,4889,569,136.5,122.2
2014,대학교,사립,울산,기존,울산대학교,인문ㆍ사회계열,3938,0,4864,4396,468,123.5,111.6
2014,대학교,사립,울산,기존,울산대학교,의학계열,160,0,157,157,0,98.1,98.1
2014,대학교,사립,울산,기존,울산대학교,예ㆍ체능계열,1310,0,1314,1289,25,100.3,98.4
2014,대학교,사립,전북,기존,원광대학교,예ㆍ체능계열,1914,0,1714,1663,51,89.6,86.9
2014,대학교,사립,전북,기존,원광대학교,공학계열,2475,0,2730,2480,250,110.3,100.2
2014,대학교,사립,전북,기존,원광대학교,자연과학계열,3913,0,3993,3731,262,102,95.3
2014,대학교,사립,전북,기존,원광대학교,의학계열,984,0,1044,954,90,106.1,97
2014,대학교,사립,전북,기존,원광대학교,인문ㆍ사회계열,6599,0,7364,6873,491,111.6,104.2
2014,대학교,사립,경북,기존,위덕대학교,자연과학계열,871,0,825,791,34,94.7,90.8
2014,대학교,사립,경북,기존,위덕대학교,공학계열,882,0,689,674,15,78.1,76.4
2014,대학교,사립,경북,기존,위덕대학교,인문ㆍ사회계열,1454,0,1513,1402,111,104.1,96.4
2014,대학교,사립,경북,기존,위덕대학교,예ㆍ체능계열,308,0,265,257,8,86,83.4
2014,대학교,사립,충북,기존,유원대학교,인문ㆍ사회계열,1550,0,1298,1250,48,83.7,80.6
2014,대학교,사립,충북,기존,유원대학교,자연과학계열,1145,0,1312,1191,121,114.6,104
2014,대학교,사립,충북,기존,유원대학교,예ㆍ체능계열,510,0,321,311,10,62.9,61
2014,대학교,사립,충북,기존,유원대학교,공학계열,1115,0,777,766,11,69.7,68.7
2014,대학교,사립,대전,기존,을지대학교,의학계열,160,0,191,168,23,119.4,105
2014,대학교,사립,대전,기존,을지대학교,자연과학계열,508,0,590,496,94,116.1,97.6
2014,대학교,사립,경기,기존,을지대학교 _제2캠퍼스,자연과학계열,3188,0,3579,3088,491,112.3,96.9
2014,대학교,사립,경기,기존,을지대학교 _제2캠퍼스,인문ㆍ사회계열,800,0,834,703,131,104.3,87.9
2014,대학교,사립,서울,기존,이화여자대학교,예ㆍ체능계열,2572,0,3070,2853,217,119.4,110.9
2014,대학교,사립,서울,기존,이화여자대학교,공학계열,1072,0,1247,1147,100,116.3,107
2014,대학교,사립,서울,기존,이화여자대학교,인문ㆍ사회계열,5952,0,8567,7372,1195,143.9,123.9
2014,대학교,사립,서울,기존,이화여자대학교,자연과학계열,2840,0,3282,2933,349,115.6,103.3
2014,대학교,사립,경남,기존,인제대학교,인문ㆍ사회계열,3618,0,3849,3620,229,106.4,100.1
2014,대학교,사립,경남,기존,인제대학교,공학계열,1970,0,2047,1898,149,103.9,96.3
2014,대학교,사립,경남,기존,인제대학교,자연과학계열,2586,0,2801,2507,294,108.3,96.9
2014,대학교,사립,경남,기존,인제대학교,예ㆍ체능계열,912,0,912,866,46,100,95
2014,대학교,사립,부산,기존,인제대학교 _제2캠퍼스,자연과학계열,320,0,493,314,179,154.1,98.1
2014,대학교,사립,부산,기존,인제대학교 _제2캠퍼스,의학계열,372,0,401,379,22,107.8,101.9
2014,대학교,사립,인천,기존,인천가톨릭대학교,인문ㆍ사회계열,125,0,87,85,2,69.6,68
2014,대학교,사립,인천,기존,인천가톨릭대학교 _제2캠퍼스,예ㆍ체능계열,615,0,683,608,75,111.1,98.9
2014,대학교,사립,인천,기존,인천가톨릭대학교 _제2캠퍼스,자연과학계열,40,0,38,38,0,95,95
2014,대학교,국립대법인,인천,기존,인천대학교,자연과학계열,1231,0,1350,1219,131,109.7,99
2014,대학교,국립대법인,인천,기존,인천대학교,예ㆍ체능계열,1022,0,1162,901,261,113.7,88.2
2014,대학교,국립대법인,인천,기존,인천대학교,공학계열,4335,0,5739,4176,1563,132.4,96.3
2014,대학교,국립대법인,인천,기존,인천대학교,인문ㆍ사회계열,4132,0,5092,4150,942,123.2,100.4
2014,대학교,사립,인천,기존,인하대학교,인문ㆍ사회계열,6297,0,8164,7164,1000,129.6,113.8
2014,대학교,사립,인천,기존,인하대학교,공학계열,5906,0,8117,6985,1132,137.4,118.3
2014,대학교,사립,인천,기존,인하대학교,자연과학계열,1381,0,1580,1398,182,114.4,101.2
2014,대학교,사립,인천,기존,인하대학교,예ㆍ체능계열,575,0,565,555,10,98.3,96.5
2014,대학교,사립,서울,기존,장로회신학대학교,예ㆍ체능계열,200,0,216,199,17,108,99.5
2014,대학교,사립,서울,기존,장로회신학대학교,인문ㆍ사회계열,400,0,450,404,46,112.5,101
2014,대학교,국립,광주,기존,전남대학교,의학계열,448,0,473,439,34,105.6,98
2014,대학교,국립,광주,기존,전남대학교,공학계열,3356,0,4229,4017,212,126,119.7
2014,대학교,국립,광주,기존,전남대학교,예ㆍ체능계열,908,0,955,930,25,105.2,102.4
2014,대학교,국립,광주,기존,전남대학교,자연과학계열,4906,0,5518,5066,452,112.5,103.3
2014,대학교,국립,광주,기존,전남대학교,인문ㆍ사회계열,4538,0,6521,5837,684,143.7,128.6
2014,대학교,국립,전남,기존,전남대학교 _제2캠퍼스,예ㆍ체능계열,104,0,106,101,5,101.9,97.1
2014,대학교,국립,전남,기존,전남대학교 _제2캠퍼스,인문ㆍ사회계열,932,0,906,872,34,97.2,93.6
2014,대학교,국립,전남,기존,전남대학교 _제2캠퍼스,자연과학계열,1256,0,1178,1085,93,93.8,86.4
2014,대학교,국립,전남,기존,전남대학교 _제2캠퍼스,공학계열,1285,0,1167,1103,64,90.8,85.8
2014,대학교,국립,전북,기존,전북대학교,공학계열,5403,0,6394,5977,417,118.3,110.6
2014,대학교,국립,전북,기존,전북대학교,자연과학계열,5087,0,5508,5024,484,108.3,98.8
2014,대학교,국립,전북,기존,전북대학교,인문ㆍ사회계열,5141,0,6410,5836,574,124.7,113.5
2014,대학교,국립,전북,기존,전북대학교,예ㆍ체능계열,765,0,804,786,18,105.1,102.7
2014,대학교,국립,전북,기존,전북대학교,의학계열,200,0,204,179,25,102,89.5
2014,교육대학,국립,전북,기존,전주교육대학교,인문ㆍ사회계열,500,0,518,492,26,103.6,98.4
2014,교육대학,국립,전북,기존,전주교육대학교,예ㆍ체능계열,294,0,322,300,22,109.5,102
2014,교육대학,국립,전북,기존,전주교육대학교,자연과학계열,383,0,418,373,45,109.1,97.4
2014,대학교,사립,전북,기존,전주대학교,자연과학계열,1965,0,2188,1985,203,111.3,101
2014,대학교,사립,전북,기존,전주대학교,공학계열,2322,0,2359,2150,209,101.6,92.6
2014,대학교,사립,전북,기존,전주대학교,인문ㆍ사회계열,5305,0,6229,5621,608,117.4,106
2014,대학교,사립,전북,기존,전주대학교,예ㆍ체능계열,1666,0,1539,1505,34,92.4,90.3
2014,기술대학,사립,서울,기존,정석대학,공학계열,370,0,107,107,0,28.9,28.9
2014,기술대학,사립,서울,기존,정석대학,인문ㆍ사회계열,100,0,42,42,0,42,42
2014,대학교,사립,제주,기존,제주국제대학교,자연과학계열,140,0,10,9,1,7.1,6.4
2014,대학교,사립,제주,기존,제주국제대학교,인문ㆍ사회계열,1085,0,349,307,42,32.2,28.3
2014,대학교,사립,제주,기존,제주국제대학교,예ㆍ체능계열,505,0,237,221,16,46.9,43.8
2014,대학교,사립,제주,기존,제주국제대학교,공학계열,670,0,135,127,8,20.1,19
2014,대학교,국립,제주,기존,제주대학교,의학계열,160,0,178,152,26,111.3,95
2014,대학교,국립,제주,기존,제주대학교,자연과학계열,2692,0,2750,2574,176,102.2,95.6
2014,대학교,국립,제주,기존,제주대학교,공학계열,1799,0,1892,1731,161,105.2,96.2
2014,대학교,국립,제주,기존,제주대학교,인문ㆍ사회계열,4055,0,4976,4471,505,122.7,110.3
2014,대학교,국립,제주,기존,제주대학교,예ㆍ체능계열,704,0,722,710,12,102.6,100.9
2014,대학교,사립,광주,기존,조선대학교,예ㆍ체능계열,2240,0,2283,2187,96,101.9,97.6
2014,대학교,사립,광주,기존,조선대학교,인문ㆍ사회계열,8222,0,9115,8561,554,110.9,104.1
2014,대학교,사립,광주,기존,조선대학교,공학계열,6128,0,6733,6182,551,109.9,100.9
2014,대학교,사립,광주,기존,조선대학교,자연과학계열,2770,0,2809,2614,195,101.4,94.4
2014,대학교,사립,충남,기존,중부대학교,자연과학계열,1217,0,1217,1151,66,100,94.6
2014,대학교,사립,충남,기존,중부대학교,예ㆍ체능계열,1760,0,1680,1598,82,95.5,90.8
2014,대학교,사립,충남,기존,중부대학교,공학계열,1960,0,1932,1831,101,98.6,93.4
2014,대학교,사립,충남,기존,중부대학교,인문ㆍ사회계열,3905,0,4055,3821,234,103.8,97.8
2014,대학교,사립,서울,기존,중앙대학교,인문ㆍ사회계열,5820,0,8503,6567,1936,146.1,112.8
2014,대학교,사립,서울,기존,중앙대학교,공학계열,3095,0,3824,3283,541,123.6,106.1
2014,대학교,사립,서울,기존,중앙대학교,자연과학계열,2232,0,2635,2223,412,118.1,99.6
2014,대학교,사립,서울,기존,중앙대학교,의학계열,172,0,176,171,5,102.3,99.4
2014,대학교,사립,서울,기존,중앙대학교,예ㆍ체능계열,497,0,558,502,56,112.3,101
2014,대학교,사립,경기,기존,중앙대학교 _제2캠퍼스,공학계열,100,0,81,77,4,81,77
2014,대학교,사립,경기,기존,중앙대학교 _제2캠퍼스,인문ㆍ사회계열,1389,0,2341,1996,345,168.5,143.7
2014,대학교,사립,경기,기존,중앙대학교 _제2캠퍼스,자연과학계열,1360,0,1354,1212,142,99.6,89.1
2014,대학교,사립,경기,기존,중앙대학교 _제2캠퍼스,예ㆍ체능계열,3724,0,3764,3599,165,101.1,96.6
2014,대학교,사립,경기,기존,중앙승가대학교,인문ㆍ사회계열,480,0,242,240,2,50.4,50
2014,대학교,사립,충북,기존,중원대학교,예ㆍ체능계열,705,0,572,498,74,81.1,70.6
2014,대학교,사립,충북,기존,중원대학교,자연과학계열,844,0,730,681,49,86.5,80.7
2014,대학교,사립,충북,기존,중원대학교,인문ㆍ사회계열,1266,0,866,829,37,68.4,65.5
2014,대학교,사립,충북,기존,중원대학교,공학계열,939,0,702,663,39,74.8,70.6
2014,교육대학,국립,경남,기존,진주교육대학교,자연과학계열,435,0,470,433,37,108,99.5
2014,교육대학,국립,경남,기존,진주교육대학교,예ㆍ체능계열,325,0,359,334,25,110.5,102.8
2014,교육대학,국립,경남,기존,진주교육대학교,인문ㆍ사회계열,559,0,607,553,54,108.6,98.9
2014,산업대학,국립,경남,폐교,진주산업대학교(산업대),공학계열,30,0,986,892,94,3286.7,2973.3
2014,대학교,사립,경기,기존,차의과학대학교,자연과학계열,1010,0,954,830,124,94.5,82.2
2014,대학교,사립,경기,기존,차의과학대학교,인문ㆍ사회계열,710,0,583,571,12,82.1,80.4
2014,대학교,사립,경남,기존,창신대학교,공학계열,180,0,134,132,2,74.4,73.3
2014,대학교,사립,경남,기존,창신대학교,인문ㆍ사회계열,475,0,398,381,17,83.8,80.2
2014,대학교,사립,경남,기존,창신대학교,자연과학계열,240,0,204,176,28,85,73.3
2014,대학교,사립,경남,기존,창신대학교,예ㆍ체능계열,165,0,134,134,0,81.2,81.2
2014,산업대학,사립,충남,기존,청운대학교,예ㆍ체능계열,705,0,725,682,43,102.8,96.7
2014,산업대학,사립,충남,기존,청운대학교,공학계열,1570,0,1919,1585,334,122.2,101
2014,산업대학,사립,충남,기존,청운대학교,인문ㆍ사회계열,3005,0,3498,2832,666,116.4,94.2
2014,산업대학,사립,충남,기존,청운대학교,자연과학계열,420,0,437,393,44,104,93.6
2014,교육대학,국립,충북,기존,청주교육대학교,자연과학계열,394,0,419,375,44,106.3,95.2
2014,교육대학,국립,충북,기존,청주교육대학교,예ㆍ체능계열,293,0,304,278,26,103.8,94.9
2014,교육대학,국립,충북,기존,청주교육대학교,인문ㆍ사회계열,497,0,552,511,41,111.1,102.8
2014,대학교,사립,충북,기존,청주대학교,인문ㆍ사회계열,5716,0,6728,5898,830,117.7,103.2
2014,대학교,사립,충북,기존,청주대학교,예ㆍ체능계열,1709,0,1760,1651,109,103,96.6
2014,대학교,사립,충북,기존,청주대학교,자연과학계열,1926,0,1818,1754,64,94.4,91.1
2014,대학교,사립,충북,기존,청주대학교,공학계열,2580,0,2545,2294,251,98.6,88.9
2014,대학교,사립,전남,기존,초당대학교,인문ㆍ사회계열,775,0,845,567,278,109,73.2
2014,대학교,사립,전남,기존,초당대학교,공학계열,420,0,307,286,21,73.1,68.1
2014,대학교,사립,전남,기존,초당대학교,예ㆍ체능계열,460,0,353,349,4,76.7,75.9
2014,대학교,사립,전남,기존,초당대학교,자연과학계열,915,0,842,723,119,92,79
2014,산업대학,사립,전남,폐교,초당대학교(산업대),예ㆍ체능계열,185,0,209,192,17,113,103.8
2014,산업대학,사립,전남,폐교,초당대학교(산업대),공학계열,85,0,118,117,1,138.8,137.6
2014,산업대학,사립,전남,폐교,초당대학교(산업대),인문ㆍ사회계열,315,0,457,420,37,145.1,133.3
2014,산업대학,사립,전남,폐교,초당대학교(산업대),자연과학계열,330,0,546,443,103,165.5,134.2
2014,대학교,사립,서울,기존,총신대학교,인문ㆍ사회계열,1160,0,1720,1204,516,148.3,103.8
2014,대학교,사립,서울,기존,총신대학교,예ㆍ체능계열,280,0,292,280,12,104.3,100
2014,대학교,사립,서울,기존,추계예술대학교,예ㆍ체능계열,900,0,931,869,62,103.4,96.6
2014,대학교,사립,서울,기존,추계예술대학교,인문ㆍ사회계열,260,0,264,245,19,101.5,94.2
2014,교육대학,국립,강원,기존,춘천교육대학교,예ㆍ체능계열,304,0,350,309,41,115.1,101.6
2014,교육대학,국립,강원,기존,춘천교육대학교,인문ㆍ사회계열,562,0,617,570,47,109.8,101.4
2014,교육대학,국립,강원,기존,춘천교육대학교,자연과학계열,465,0,480,454,26,103.2,97.6
2014,대학교,국립,대전,기존,충남대학교,공학계열,4456,0,5655,5449,206,126.9,122.3
2014,대학교,국립,대전,기존,충남대학교,예ㆍ체능계열,952,0,976,968,8,102.5,101.7
2014,대학교,국립,대전,기존,충남대학교,인문ㆍ사회계열,5022,0,6639,6055,584,132.2,120.6
2014,대학교,국립,대전,기존,충남대학교,의학계열,216,0,230,202,28,106.5,93.5
2014,대학교,국립,대전,기존,충남대학교,자연과학계열,4694,0,5246,4994,252,111.8,106.4
2014,대학교,국립,충북,기존,충북대학교,인문ㆍ사회계열,4014,0,5030,4384,646,125.3,109.2
2014,대학교,국립,충북,기존,충북대학교,예ㆍ체능계열,351,0,367,349,18,104.6,99.4
2014,대학교,국립,충북,기존,충북대학교,공학계열,4139,0,5056,4520,536,122.2,109.2
2014,대학교,국립,충북,기존,충북대학교,의학계열,284,0,314,294,20,110.6,103.5
2014,대학교,국립,충북,기존,충북대학교,자연과학계열,3782,0,4248,3919,329,112.3,103.6
2014,대학교,사립,경기,기존,칼빈대학교,인문ㆍ사회계열,347,9,394,294,100,116.6,87
2014,대학교,사립,경기,기존,칼빈대학교,예ㆍ체능계열,75,3,67,67,0,93.1,93.1
2014,대학교,사립,제주,폐교,탐라대학교,공학계열,24,0,15,12,3,62.5,50
2014,대학교,사립,제주,폐교,탐라대학교,인문ㆍ사회계열,157,0,65,54,11,41.4,34.4
2014,대학교,사립,제주,폐교,탐라대학교,예ㆍ체능계열,85,0,34,31,3,40,36.5
2014,대학교,사립,경기,기존,평택대학교,인문ㆍ사회계열,2200,0,2574,2252,322,117,102.4
2014,대학교,사립,경기,기존,평택대학교,자연과학계열,680,0,699,662,37,102.8,97.4
2014,대학교,사립,경기,기존,평택대학교,예ㆍ체능계열,920,0,849,827,22,92.3,89.9
2014,대학교,사립,경북,기존,포항공과대학교,자연과학계열,280,0,433,425,8,154.6,151.8
2014,대학교,사립,경북,기존,포항공과대학교,공학계열,980,0,961,947,14,98.1,96.6
2014,대학교,국립,경기,기존,한경국립대학교,인문ㆍ사회계열,549,0,543,429,114,98.9,78.1
2014,대학교,국립,경기,기존,한경국립대학교,예ㆍ체능계열,231,0,183,174,9,79.2,75.3
2014,대학교,국립,경기,기존,한경국립대학교,공학계열,1839,0,1259,1165,94,68.5,63.3
2014,대학교,국립,경기,기존,한경국립대학교,자연과학계열,1140,0,948,870,78,83.2,76.3
2014,산업대학,국립,경기,폐교,한경대학교(산업대),예ㆍ체능계열,87,0,169,152,17,194.3,174.7
2014,산업대학,국립,경기,폐교,한경대학교(산업대),공학계열,631,0,1574,1454,120,249.4,230.4
2014,산업대학,국립,경기,폐교,한경대학교(산업대),자연과학계열,427,0,806,729,77,188.8,170.7
2014,산업대학,국립,경기,폐교,한경대학교(산업대),인문ㆍ사회계열,220,0,567,487,80,257.7,221.4
2014,대학교,사립,경기,기존,한국공학대학교,인문ㆍ사회계열,396,0,284,256,28,71.7,64.6
2014,대학교,사립,경기,기존,한국공학대학교,예ㆍ체능계열,290,0,229,208,21,79,71.7
2014,대학교,사립,경기,기존,한국공학대학교,공학계열,3454,0,2795,2068,727,80.9,59.9
2014,대학교,특별법법인,대전,기존,한국과학기술원,공학계열,2672,0,2742,2614,128,102.6,97.8
2014,대학교,특별법법인,대전,기존,한국과학기술원,인문ㆍ사회계열,12,0,11,11,0,91.7,91.7
2014,대학교,특별법법인,대전,기존,한국과학기술원,자연과학계열,1196,0,1227,1199,28,102.6,100.3
2014,대학교,국립,충북,기존,한국교원대학교,예ㆍ체능계열,240,0,236,236,0,98.3,98.3
2014,대학교,국립,충북,기존,한국교원대학교,공학계열,160,0,186,173,13,116.3,108.1
2014,대학교,국립,충북,기존,한국교원대학교,인문ㆍ사회계열,1214,0,1381,1249,132,113.8,102.9
2014,대학교,국립,충북,기존,한국교원대학교,자연과학계열,580,0,627,579,48,108.1,99.8
2014,대학교,사립,경남,기존,한국국제대학교,인문ㆍ사회계열,1814,47,1625,1554,71,92,87.9
2014,대학교,사립,경남,기존,한국국제대학교,예ㆍ체능계열,710,25,619,597,22,90.4,87.2
2014,대학교,사립,경남,기존,한국국제대학교,공학계열,760,0,725,700,25,95.4,92.1
2014,대학교,사립,경남,기존,한국국제대학교,자연과학계열,1188,40,1098,1004,94,95.6,87.5
2014,대학교,사립,충남,기존,한국기술교육대학교,공학계열,3075,0,3860,3591,269,125.5,116.8
2014,대학교,사립,충남,기존,한국기술교육대학교,인문ㆍ사회계열,546,0,719,674,45,131.7,123.4
2014,방송통신대학,국립,서울,기존,한국방송통신대학교,자연과학계열,50300,0,33422,31369,2053,66.4,62.4
2014,방송통신대학,국립,서울,기존,한국방송통신대학교,공학계열,1000,0,304,304,0,30.4,30.4
2014,방송통신대학,국립,서울,기존,한국방송통신대학교,인문ㆍ사회계열,187500,0,109357,100240,9117,58.3,53.5
2014,산업대학,사립,경기,폐교,한국산업기술대학교(산업대),인문ㆍ사회계열,110,0,316,254,62,287.3,230.9
2014,산업대학,사립,경기,폐교,한국산업기술대학교(산업대),예ㆍ체능계열,80,0,172,156,16,215,195
2014,산업대학,사립,경기,폐교,한국산업기술대학교(산업대),공학계열,1190,0,3439,2923,516,289,245.6
2014,대학교,사립,서울,기존,한국성서대학교,자연과학계열,180,0,186,169,17,103.3,93.9
2014,대학교,사립,서울,기존,한국성서대학교,공학계열,140,0,151,144,7,107.9,102.9
2014,대학교,사립,서울,기존,한국성서대학교,인문ㆍ사회계열,640,0,866,746,120,135.3,116.6
2014,각종학교(대학),특별법국립,서울,기존,한국예술종합학교,예ㆍ체능계열,2152,0,2703,2626,77,125.6,122
2014,각종학교(대학),특별법국립,서울,기존,한국예술종합학교,공학계열,80,0,121,117,4,151.3,146.3
2014,대학교,사립,서울,기존,한국외국어대학교,인문ㆍ사회계열,11498,0,14437,12477,1960,125.6,108.5
2014,대학교,사립,서울,기존,한국외국어대학교,자연과학계열,1077,0,1159,1063,96,107.6,98.7
2014,대학교,사립,서울,기존,한국외국어대학교,공학계열,996,0,1199,1070,129,120.4,107.4
2014,대학교,국립,충남,기존,한국전통문화대학교(일반),공학계열,160,0,162,160,2,101.3,100
2014,대학교,국립,충남,기존,한국전통문화대학교(일반),예ㆍ체능계열,160,0,172,172,0,107.5,107.5
2014,대학교,국립,충남,기존,한국전통문화대학교(일반),자연과학계열,80,0,78,77,1,97.5,96.3
2014,대학교,국립,충남,기존,한국전통문화대학교(일반),인문ㆍ사회계열,160,0,159,157,2,99.4,98.1
2014,대학교,국립,서울,기존,한국체육대학교,예ㆍ체능계열,2360,0,2490,2405,85,105.5,101.9
2014,대학교,사립,대전,기존,한국침례신학대학교,예ㆍ체능계열,260,0,253,244,9,97.3,93.8
2014,대학교,사립,대전,기존,한국침례신학대학교,인문ㆍ사회계열,1340,0,1380,1305,75,103,97.4
2014,대학교,사립,경기,기존,한국항공대학교,자연과학계열,600,0,825,698,127,137.5,116.3
2014,대학교,사립,경기,기존,한국항공대학교,공학계열,2400,0,2954,2650,304,123.1,110.4
2014,대학교,사립,경기,기존,한국항공대학교,인문ㆍ사회계열,560,0,711,626,85,127,111.8
2014,대학교,사립,대전,기존,한남대학교,공학계열,2610,0,2879,2542,337,110.3,97.4
2014,대학교,사립,대전,기존,한남대학교,인문ㆍ사회계열,6767,0,7568,7050,518,111.8,104.2
2014,대학교,사립,대전,기존,한남대학교,예ㆍ체능계열,1068,0,1242,1214,28,116.3,113.7
2014,대학교,사립,대전,기존,한남대학교,자연과학계열,1550,0,1407,1368,39,90.8,88.3
2014,대학교,사립,경북,기존,한동대학교,공학계열,972,0,989,913,76,101.7,93.9
2014,대학교,사립,경북,기존,한동대학교,자연과학계열,244,0,247,235,12,101.2,96.3
2014,대학교,사립,경북,기존,한동대학교,인문ㆍ사회계열,1824,0,2736,2445,291,150,134
2014,대학교,사립,강원,기존,한라대학교,공학계열,2040,0,2166,2006,160,106.2,98.3
2014,대학교,사립,강원,기존,한라대학교,예ㆍ체능계열,280,0,235,226,9,83.9,80.7
2014,대학교,사립,강원,기존,한라대학교,인문ㆍ사회계열,1660,0,1754,1642,112,105.7,98.9
2014,대학교,사립,전남,기존,한려대학교,자연과학계열,1020,0,547,470,77,53.6,46.1
2014,대학교,사립,전남,기존,한려대학교,인문ㆍ사회계열,1114,0,75,74,1,6.7,6.6
2014,대학교,사립,강원,기존,한림대학교,예ㆍ체능계열,274,0,318,282,36,116.1,102.9
2014,대학교,사립,강원,기존,한림대학교,자연과학계열,2186,0,2281,2169,112,104.3,99.2
2014,대학교,사립,강원,기존,한림대학교,인문ㆍ사회계열,3925,0,5003,4435,568,127.5,113
2014,대학교,사립,강원,기존,한림대학교,공학계열,823,0,973,861,112,118.2,104.6
2014,대학교,사립,강원,기존,한림대학교,의학계열,304,0,294,290,4,96.7,95.4
2014,산업대학,국립,대전,폐교,한밭대학교(산업대),예ㆍ체능계열,115,0,204,181,23,177.4,157.4
2014,산업대학,국립,대전,폐교,한밭대학교(산업대),공학계열,1277,0,2843,2659,184,222.6,208.2
2014,산업대학,국립,대전,폐교,한밭대학교(산업대),인문ㆍ사회계열,418,0,867,782,85,207.4,187.1
2014,대학교,사립,경기,폐교,한북대학교,인문ㆍ사회계열,900,0,176,165,11,19.6,18.3
2014,대학교,사립,경기,폐교,한북대학교,자연과학계열,210,0,0,0,0,0,0
2014,대학교,사립,경기,폐교,한북대학교,공학계열,170,0,0,0,0,0,0
2014,대학교,사립,경기,폐교,한북대학교,예ㆍ체능계열,220,0,94,90,4,42.7,40.9
2014,대학교,사립,충남,기존,한서대학교,자연과학계열,1848,0,2162,1843,319,117,99.7
2014,대학교,사립,충남,기존,한서대학교,공학계열,1720,0,1846,1701,145,107.3,98.9
2014,대학교,사립,충남,기존,한서대학교,인문ㆍ사회계열,1810,0,2110,1947,163,116.6,107.6
2014,대학교,사립,충남,기존,한서대학교,예ㆍ체능계열,2022,0,2091,1884,207,103.4,93.2
2014,대학교,사립,서울,기존,한성대학교,예ㆍ체능계열,1440,0,1573,1421,152,109.2,98.7
2014,대학교,사립,서울,기존,한성대학교,공학계열,1880,0,2049,1806,243,109,96.1
2014,대학교,사립,서울,기존,한성대학교,인문ㆍ사회계열,3160,0,3592,3236,356,113.7,102.4
2014,대학교,사립,경기,기존,한세대학교,자연과학계열,100,0,96,89,7,96,89
2014,대학교,사립,경기,기존,한세대학교,공학계열,200,0,258,236,22,129,118
2014,대학교,사립,경기,기존,한세대학교,인문ㆍ사회계열,1296,0,1568,1388,180,121,107.1
2014,대학교,사립,경기,기존,한세대학교,예ㆍ체능계열,764,0,880,806,74,115.2,105.5
2014,대학교,사립,경기,기존,한신대학교,예ㆍ체능계열,155,0,160,141,19,103.2,91
2014,대학교,사립,경기,기존,한신대학교,인문ㆍ사회계열,3594,0,4208,3887,321,117.1,108.2
2014,대학교,사립,경기,기존,한신대학교,공학계열,913,0,867,788,79,95,86.3
2014,대학교,사립,경기,기존,한신대학교,자연과학계열,378,0,357,334,23,94.4,88.4
2014,대학교,사립,서울,기존,한양대학교,예ㆍ체능계열,1248,0,1404,1343,61,112.5,107.6
2014,대학교,사립,서울,기존,한양대학교,공학계열,4514,0,6036,4949,1087,133.7,109.6
2014,대학교,사립,서울,기존,한양대학교,의학계열,220,0,224,224,0,101.8,101.8
2014,대학교,사립,서울,기존,한양대학교,인문ㆍ사회계열,4172,0,5849,4692,1157,140.2,112.5
2014,대학교,사립,서울,기존,한양대학교,자연과학계열,1622,0,1964,1598,366,121.1,98.5
2014,대학교,사립,경기,기존,한양대학교(ERICA) _분교,공학계열,2637,0,3432,3021,411,130.1,114.6
2014,대학교,사립,경기,기존,한양대학교(ERICA) _분교,예ㆍ체능계열,1406,0,1456,1439,17,103.6,102.3
2014,대학교,사립,경기,기존,한양대학교(ERICA) _분교,자연과학계열,888,0,950,895,55,107,100.8
2014,대학교,사립,경기,기존,한양대학교(ERICA) _분교,인문ㆍ사회계열,2830,0,3608,3104,504,127.5,109.7
2014,대학교,사립,전북,기존,한일장신대학교,인문ㆍ사회계열,895,0,689,647,42,77,72.3
2014,대학교,사립,전북,기존,한일장신대학교,자연과학계열,40,0,40,39,1,100,97.5
2014,대학교,사립,전북,기존,한일장신대학교,예ㆍ체능계열,165,0,132,131,1,80,79.4
2014,대학교,사립,강원,기존,한중대학교,공학계열,685,0,279,274,5,40.7,40
2014,대학교,사립,강원,기존,한중대학교,자연과학계열,475,0,449,354,95,94.5,74.5
2014,대학교,사립,강원,기존,한중대학교,인문ㆍ사회계열,945,0,502,482,20,53.1,51
2014,대학교,사립,강원,기존,한중대학교,예ㆍ체능계열,729,0,306,297,9,42,40.7
2014,대학교,사립,경기,기존,협성대학교,자연과학계열,170,0,190,168,22,111.8,98.8
2014,대학교,사립,경기,기존,협성대학교,공학계열,540,0,531,462,69,98.3,85.6
2014,대학교,사립,경기,기존,협성대학교,예ㆍ체능계열,920,0,956,931,25,103.9,101.2
2014,대학교,사립,경기,기존,협성대학교,인문ㆍ사회계열,2690,0,3102,2645,457,115.3,98.3
2014,대학교,사립,광주,기존,호남대학교,예ㆍ체능계열,1525,0,1400,1265,135,91.8,83
2014,대학교,사립,광주,기존,호남대학교,공학계열,1510,0,1423,1341,82,94.2,88.8
2014,대학교,사립,광주,기존,호남대학교,인문ㆍ사회계열,2999,0,3113,2779,334,103.8,92.7
2014,대학교,사립,광주,기존,호남대학교,자연과학계열,1412,0,1422,1259,163,100.7,89.2
2014,대학교,사립,광주,기존,호남신학대학교,인문ㆍ사회계열,480,0,402,398,4,83.8,82.9
2014,대학교,사립,광주,기존,호남신학대학교,예ㆍ체능계열,200,0,197,196,1,98.5,98
2014,대학교,사립,충남,기존,호서대학교,예ㆍ체능계열,2135,0,2060,2005,55,96.5,93.9
2014,대학교,사립,충남,기존,호서대학교,공학계열,4770,0,5057,4565,492,106,95.7
2014,대학교,사립,충남,기존,호서대학교,자연과학계열,1455,0,1457,1353,104,100.1,93
2014,대학교,사립,충남,기존,호서대학교,인문ㆍ사회계열,4195,0,4587,4105,482,109.3,97.9
2014,산업대학,사립,전북,기존,호원대학교,인문ㆍ사회계열,1965,0,1774,1611,163,90.3,82
2014,산업대학,사립,전북,기존,호원대학교,예ㆍ체능계열,1403,0,1412,1354,58,100.6,96.5
2014,산업대학,사립,전북,기존,호원대학교,공학계열,1350,0,1225,1117,108,90.7,82.7
2014,산업대학,사립,전북,기존,호원대학교,자연과학계열,997,0,989,911,78,99.2,91.4
2014,대학교,사립,서울,기존,홍익대학교,예ㆍ체능계열,2000,0,2525,2154,371,126.3,107.7
2014,대학교,사립,서울,기존,홍익대학교,인문ㆍ사회계열,3560,0,4326,3798,528,121.5,106.7
2014,대학교,사립,서울,기존,홍익대학교,자연과학계열,160,0,183,170,13,114.4,106.3
2014,대학교,사립,서울,기존,홍익대학교,공학계열,4206,0,5023,4322,701,119.4,102.8
2014,대학교,사립,세종,기존,홍익대학교(세종) _분교,인문ㆍ사회계열,1726,0,2057,1864,193,119.2,108
2014,대학교,사립,세종,기존,홍익대학교(세종) _분교,공학계열,2460,0,2661,2453,208,108.2,99.7
2014,대학교,사립,세종,기존,홍익대학교(세종) _분교,예ㆍ체능계열,1640,0,1957,1693,264,119.3,103.2
2014,대학교,사립,경기,기존,화성의과학대학교,자연과학계열,355,0,300,265,35,84.5,74.6
2014,대학교,사립,경기,기존,화성의과학대학교,인문ㆍ사회계열,706,0,465,451,14,65.9,63.9
2014,대학교,사립,경기,기존,화성의과학대학교,예ㆍ체능계열,185,0,103,101,2,55.7,54.6
2013,대학교,사립,경북,기존,가야대학교,인문ㆍ사회계열,108,0,8,8,0,7.4,7.4
2013,대학교,사립,경남,기존,가야대학교 _제2캠퍼스,인문ㆍ사회계열,1325,0,1366,1223,143,103.1,92.3
2013,대학교,사립,경남,기존,가야대학교 _제2캠퍼스,자연과학계열,1322,0,1355,1188,167,102.5,89.9
2013,대학교,사립,경기,기존,가천대학교,자연과학계열,3044,0,3277,2816,461,107.7,92.5
2013,대학교,사립,경기,기존,가천대학교,인문ㆍ사회계열,5620,0,7309,6104,1205,130.1,108.6
2013,대학교,사립,경기,기존,가천대학교,예ㆍ체능계열,1965,0,2050,1950,100,104.3,99.2
2013,대학교,사립,경기,기존,가천대학교,공학계열,5292,0,5809,5091,718,109.8,96.2
2013,대학교,사립,경기,기존,가천대학교,의학계열,120,0,110,99,11,91.7,82.5
2013,대학교,사립,강원,기존,가톨릭관동대학교,인문ㆍ사회계열,5870,85,5767,5270,497,99.7,91.1
2013,대학교,사립,강원,기존,가톨릭관동대학교,예ㆍ체능계열,1404,35,1185,1128,57,86.6,82.4
2013,대학교,사립,강원,기존,가톨릭관동대학교,자연과학계열,618,15,687,582,105,113.9,96.5
2013,대학교,사립,강원,기존,가톨릭관동대학교,의학계열,196,0,218,200,18,111.2,102
2013,대학교,사립,강원,기존,가톨릭관동대학교,공학계열,1674,0,1538,1396,142,91.9,83.4
2013,대학교,사립,충북,기존,가톨릭꽃동네대학교,자연과학계열,160,0,174,157,17,108.8,98.1
2013,대학교,사립,충북,기존,가톨릭꽃동네대학교,인문ㆍ사회계열,320,0,336,315,21,105,98.4
2013,대학교,사립,경기,기존,가톨릭대학교,공학계열,1266,0,1485,1314,171,117.3,103.8
2013,대학교,사립,경기,기존,가톨릭대학교,자연과학계열,1320,0,1444,1281,163,109.4,97
2013,대학교,사립,경기,기존,가톨릭대학교,인문ㆍ사회계열,3558,0,4417,3872,545,124.1,108.8
2013,대학교,사립,경기,기존,가톨릭대학교,예ㆍ체능계열,208,0,229,228,1,110.1,109.6
2013,대학교,사립,서울,기존,가톨릭대학교 _제2캠퍼스,자연과학계열,320,0,385,314,71,120.3,98.1
2013,대학교,사립,서울,기존,가톨릭대학교 _제2캠퍼스,의학계열,46,0,85,65,20,184.8,141.3
2013,대학교,사립,서울,기존,가톨릭대학교 _제3캠퍼스,인문ㆍ사회계열,320,0,240,226,14,75,70.6
2013,대학교,사립,서울,기존,감리교신학대학교,인문ㆍ사회계열,800,0,886,825,61,110.8,103.1
2013,대학교,사립,경기,기존,강남대학교,공학계열,1032,0,1029,919,110,99.7,89.1
2013,대학교,사립,경기,기존,강남대학교,예ㆍ체능계열,688,0,748,686,62,108.7,99.7
2013,대학교,사립,경기,기존,강남대학교,인문ㆍ사회계열,4908,0,5590,4984,606,113.9,101.5
2013,대학교,사립,서울,기존,강서대학교,인문ㆍ사회계열,1170,0,1277,1142,135,109.1,97.6
2013,대학교,사립,서울,기존,강서대학교,예ㆍ체능계열,150,0,150,150,0,100,100
2013,대학교,국립,강원,기존,강원대학교,자연과학계열,5114,0,5341,4971,370,104.4,97.2
2013,대학교,국립,강원,기존,강원대학교,의학계열,160,0,147,135,12,91.9,84.4
2013,대학교,국립,강원,기존,강원대학교,예ㆍ체능계열,768,0,805,763,42,104.8,99.3
2013,대학교,국립,강원,기존,강원대학교,인문ㆍ사회계열,4528,0,5465,4862,603,120.7,107.4
2013,대학교,국립,강원,기존,강원대학교,공학계열,2802,0,3341,2949,392,119.2,105.2
2013,대학교,국립,강원,기존,강원대학교 _제2캠퍼스,인문ㆍ사회계열,1111,0,1162,1036,126,104.6,93.2
2013,대학교,국립,강원,기존,강원대학교 _제2캠퍼스,공학계열,3368,0,3115,2901,214,92.5,86.1
2013,대학교,국립,강원,기존,강원대학교 _제2캠퍼스,자연과학계열,1512,0,1458,1331,127,96.4,88
2013,대학교,국립,강원,기존,강원대학교 _제2캠퍼스,예ㆍ체능계열,941,0,882,829,53,93.7,88.1
2013,대학교,사립,서울,기존,건국대학교,의학계열,276,0,364,284,80,131.9,102.9
2013,대학교,사립,서울,기존,건국대학교,예ㆍ체능계열,1461,0,1880,1596,284,128.7,109.2
2013,대학교,사립,서울,기존,건국대학교,인문ㆍ사회계열,4213,0,7360,5593,1767,174.7,132.8
2013,대학교,사립,서울,기존,건국대학교,자연과학계열,2830,0,2773,2459,314,98,86.9
2013,대학교,사립,서울,기존,건국대학교,공학계열,3358,0,4412,3764,648,131.4,112.1
2013,대학교,사립,충북,기존,건국대학교(글로컬) _분교,인문ㆍ사회계열,3100,0,4006,3615,391,129.2,116.6
2013,대학교,사립,충북,기존,건국대학교(글로컬) _분교,예ㆍ체능계열,1480,0,1651,1470,181,111.6,99.3
2013,대학교,사립,충북,기존,건국대학교(글로컬) _분교,공학계열,832,0,1108,1012,96,133.2,121.6
2013,대학교,사립,충북,기존,건국대학교(글로컬) _분교,자연과학계열,1628,0,1686,1484,202,103.6,91.2
2013,대학교,사립,충남,기존,건양대학교,자연과학계열,522,0,508,488,20,97.3,93.5
2013,대학교,사립,충남,기존,건양대학교,공학계열,1645,0,1644,1556,88,99.9,94.6
2013,대학교,사립,충남,기존,건양대학교,인문ㆍ사회계열,3580,0,3819,3560,259,106.7,99.4
2013,대학교,사립,대전,기존,건양대학교 _제2캠퍼스,자연과학계열,1518,0,1695,1442,253,111.7,95
2013,대학교,사립,대전,기존,건양대학교 _제2캠퍼스,의학계열,196,0,235,200,35,119.9,102
2013,대학교,사립,대전,기존,건양대학교 _제2캠퍼스,인문ㆍ사회계열,220,0,237,220,17,107.7,100
2013,대학교,사립,경기,기존,경기대학교,자연과학계열,1223,0,1366,1210,156,111.7,98.9
2013,대학교,사립,경기,기존,경기대학교,예ㆍ체능계열,1580,0,1682,1560,122,106.5,98.7
2013,대학교,사립,경기,기존,경기대학교,인문ㆍ사회계열,5060,0,6234,5267,967,123.2,104.1
2013,대학교,사립,경기,기존,경기대학교,공학계열,2609,0,2963,2576,387,113.6,98.7
2013,대학교,사립,서울,기존,경기대학교 _제2캠퍼스,예ㆍ체능계열,440,0,479,432,47,108.9,98.2
2013,대학교,사립,서울,기존,경기대학교 _제2캠퍼스,인문ㆍ사회계열,1736,0,2214,1810,404,127.5,104.3
2013,대학교,국립,경남,기존,경남과학기술대학교,자연과학계열,936,0,740,682,58,79.1,72.9
2013,대학교,국립,경남,기존,경남과학기술대학교,공학계열,1896,0,1243,1155,88,65.6,60.9
2013,대학교,국립,경남,기존,경남과학기술대학교,예ㆍ체능계열,90,0,78,72,6,86.7,80
2013,대학교,국립,경남,기존,경남과학기술대학교,인문ㆍ사회계열,1110,0,857,800,57,77.2,72.1
2013,대학교,사립,경남,기존,경남대학교,공학계열,3409,0,3299,3008,291,96.8,88.2
2013,대학교,사립,경남,기존,경남대학교,인문ㆍ사회계열,7067,0,7291,6834,457,103.2,96.7
2013,대학교,사립,경남,기존,경남대학교,자연과학계열,1735,0,1737,1666,71,100.1,96
2013,대학교,사립,경남,기존,경남대학교,예ㆍ체능계열,915,0,963,932,31,105.2,101.9
2013,대학교,사립,강원,기존,경동대학교,공학계열,549,0,430,407,23,78.3,74.1
2013,대학교,사립,강원,기존,경동대학교,인문ㆍ사회계열,1827,0,1605,1499,106,87.8,82
2013,대학교,사립,강원,기존,경동대학교,예ㆍ체능계열,123,0,88,74,14,71.5,60.2
2013,대학교,사립,강원,기존,경동대학교,자연과학계열,1155,0,1018,925,93,88.1,80.1
2013,대학교,사립,강원,기존,경동대학교 _제2캠퍼스,예ㆍ체능계열,40,0,40,40,0,100,100
2013,대학교,사립,강원,기존,경동대학교 _제2캠퍼스,자연과학계열,95,0,93,90,3,97.9,94.7
2013,대학교,사립,강원,기존,경동대학교 _제2캠퍼스,인문ㆍ사회계열,236,0,223,210,13,94.5,89
2013,대학교,사립,강원,기존,경동대학교 _제3캠퍼스,자연과학계열,475,0,502,469,33,105.7,98.7
2013,대학교,국립,대구,기존,경북대학교,인문ㆍ사회계열,5868,0,7801,6949,852,132.9,118.4
2013,대학교,국립,대구,기존,경북대학교,예ㆍ체능계열,942,0,1099,1003,96,116.7,106.5
2013,대학교,국립,대구,기존,경북대학교,의학계열,228,0,251,214,37,110.1,93.9
2013,대학교,국립,대구,기존,경북대학교,공학계열,6509,0,8200,7071,1129,126,108.6
2013,대학교,국립,대구,기존,경북대학교,자연과학계열,6267,0,6531,5711,820,104.2,91.1
2013,대학교,국립,경남,기존,경상국립대학교,공학계열,4367,0,5024,4602,422,115,105.4
2013,대학교,국립,경남,기존,경상국립대학교,예ㆍ체능계열,280,0,286,284,2,102.1,101.4
2013,대학교,국립,경남,기존,경상국립대학교,의학계열,200,0,242,214,28,121,107
2013,대학교,국립,경남,기존,경상국립대학교,자연과학계열,3714,0,4057,3721,336,109.2,100.2
2013,대학교,국립,경남,기존,경상국립대학교,인문ㆍ사회계열,4583,0,5332,4977,355,116.3,108.6
2013,대학교,사립,부산,기존,경성대학교,인문ㆍ사회계열,5840,0,6506,5839,667,111.4,100
2013,대학교,사립,부산,기존,경성대학교,자연과학계열,1625,0,1629,1515,114,100.2,93.2
2013,대학교,사립,부산,기존,경성대학교,예ㆍ체능계열,2395,0,2435,2261,174,101.7,94.4
2013,대학교,사립,부산,기존,경성대학교,공학계열,2590,0,2692,2494,198,103.9,96.3
2013,대학교,사립,경북,기존,경운대학교,자연과학계열,948,0,860,801,59,90.7,84.5
2013,대학교,사립,경북,기존,경운대학교,공학계열,500,0,356,336,20,71.2,67.2
2013,대학교,사립,경북,기존,경운대학교,예ㆍ체능계열,533,0,410,402,8,76.9,75.4
2013,대학교,사립,경북,기존,경운대학교,인문ㆍ사회계열,690,0,584,562,22,84.6,81.4
2013,산업대학,사립,경북,폐교,경운대학교(산업대),인문ㆍ사회계열,920,0,1046,870,176,113.7,94.6
2013,산업대학,사립,경북,폐교,경운대학교(산업대),공학계열,480,0,499,455,44,104,94.8
2013,산업대학,사립,경북,폐교,경운대학교(산업대),예ㆍ체능계열,745,0,765,720,45,102.7,96.6
2013,산업대학,사립,경북,폐교,경운대학교(산업대),자연과학계열,775,0,869,774,95,112.1,99.9
2013,교육대학,국립,인천,기존,경인교육대학교,자연과학계열,751,0,322,301,21,42.9,40.1
2013,교육대학,국립,인천,기존,경인교육대학교,예ㆍ체능계열,519,0,187,173,14,36,33.3
2013,교육대학,국립,인천,기존,경인교육대학교,인문ㆍ사회계열,1325,0,530,500,30,40,37.7
2013,대학교,사립,경북,기존,경일대학교,자연과학계열,485,0,434,397,37,89.5,81.9
2013,대학교,사립,경북,기존,경일대학교,예ㆍ체능계열,1150,0,1128,1060,68,98.1,92.2
2013,대학교,사립,경북,기존,경일대학교,공학계열,3195,0,3252,3063,189,101.8,95.9
2013,대학교,사립,경북,기존,경일대학교,인문ㆍ사회계열,2440,0,2537,2342,195,104,96
2013,대학교,사립,서울,기존,경희대학교,공학계열,4090,0,4880,4352,528,119.3,106.4
2013,대학교,사립,서울,기존,경희대학교,의학계열,432,0,443,429,14,102.5,99.3
2013,대학교,사립,서울,기존,경희대학교,예ㆍ체능계열,3680,0,4110,3739,371,111.7,101.6
2013,대학교,사립,서울,기존,경희대학교,자연과학계열,3916,0,4385,3779,606,112,96.5
2013,대학교,사립,서울,기존,경희대학교,인문ㆍ사회계열,7588,0,11088,8655,2433,146.1,114.1
2013,대학교,사립,대구,기존,계명대학교,예ㆍ체능계열,3600,0,3763,3539,224,104.5,98.3
2013,대학교,사립,대구,기존,계명대학교,자연과학계열,2557,0,2947,2610,337,115.3,102.1
2013,대학교,사립,대구,기존,계명대학교,의학계열,304,0,309,295,14,101.6,97
2013,대학교,사립,대구,기존,계명대학교,공학계열,3499,0,3846,3421,425,109.9,97.8
2013,대학교,사립,대구,기존,계명대학교,인문ㆍ사회계열,10212,0,12650,11096,1554,123.9,108.7
2013,대학교,사립,서울,기존,고려대학교,인문ㆍ사회계열,7506,9,10661,9117,1544,142.2,121.6
2013,대학교,사립,서울,기존,고려대학교,자연과학계열,3799,11,4349,3912,437,114.8,103.3
2013,대학교,사립,서울,기존,고려대학교,공학계열,3228,4,4280,3677,603,132.8,114.1
2013,대학교,사립,서울,기존,고려대학교,의학계열,212,0,247,224,23,116.5,105.7
2013,대학교,사립,서울,기존,고려대학교,예ㆍ체능계열,510,0,568,554,14,111.4,108.6
2013,대학교,사립,세종,기존,고려대학교(세종) _분교,자연과학계열,893,0,1054,955,99,118,106.9
2013,대학교,사립,세종,기존,고려대학교(세종) _분교,예ㆍ체능계열,455,0,547,528,19,120.2,116
2013,대학교,사립,세종,기존,고려대학교(세종) _분교,공학계열,1472,0,1753,1570,183,119.1,106.7
2013,대학교,사립,세종,기존,고려대학교(세종) _분교,인문ㆍ사회계열,3160,0,3813,3361,452,120.7,106.4
2013,대학교,사립,부산,기존,고신대학교,의학계열,304,0,291,291,0,95.7,95.7
2013,대학교,사립,부산,기존,고신대학교,인문ㆍ사회계열,2170,0,2311,2112,199,106.5,97.3
2013,대학교,사립,부산,기존,고신대학교,자연과학계열,1112,0,1100,1019,81,98.9,91.6
2013,대학교,사립,부산,기존,고신대학교,예ㆍ체능계열,456,0,398,385,13,87.3,84.4
2013,교육대학,국립,충남,기존,공주교육대학교,인문ㆍ사회계열,752,0,802,753,49,106.6,100.1
2013,교육대학,국립,충남,기존,공주교육대학교,예ㆍ체능계열,317,0,346,313,33,109.1,98.7
2013,교육대학,국립,충남,기존,공주교육대학교,자연과학계열,479,0,515,463,52,107.5,96.7
2013,대학교,사립,광주,기존,광신대학교,예ㆍ체능계열,110,0,98,97,1,89.1,88.2
2013,대학교,사립,광주,기존,광신대학교,인문ㆍ사회계열,380,2,367,331,36,97.1,87.6
2013,대학교,사립,서울,기존,광운대학교,공학계열,3656,0,4583,4050,533,125.4,110.8
2013,대학교,사립,서울,기존,광운대학교,인문ㆍ사회계열,2639,0,3602,3103,499,136.5,117.6
2013,대학교,사립,서울,기존,광운대학교,자연과학계열,600,0,724,644,80,120.7,107.3
2013,대학교,사립,서울,기존,광운대학교,예ㆍ체능계열,160,0,168,159,9,105,99.4
2013,대학교,사립,전남,기존,광주가톨릭대학교,인문ㆍ사회계열,160,0,80,80,0,50,50
2013,대학교,특별법법인,광주,기존,광주과학기술원,자연과학계열,410,0,344,344,0,83.9,83.9
2013,교육대학,국립,광주,기존,광주교육대학교,자연과학계열,460,0,508,460,48,110.4,100
2013,교육대학,국립,광주,기존,광주교육대학교,예ㆍ체능계열,341,0,376,338,38,110.3,99.1
2013,교육대학,국립,광주,기존,광주교육대학교,인문ㆍ사회계열,627,0,671,636,35,107,101.4
2013,대학교,사립,광주,기존,광주대학교,공학계열,1082,0,988,926,62,91.3,85.6
2013,대학교,사립,광주,기존,광주대학교,인문ㆍ사회계열,3760,0,3990,3576,414,106.1,95.1
2013,대학교,사립,광주,기존,광주대학교,자연과학계열,1140,0,1100,996,104,96.5,87.4
2013,대학교,사립,광주,기존,광주대학교,예ㆍ체능계열,1440,0,1158,1098,60,80.4,76.3
2013,대학교,사립,광주,기존,광주여자대학교,인문ㆍ사회계열,1671,0,1706,1565,141,102.1,93.7
2013,대학교,사립,광주,기존,광주여자대학교,공학계열,95,0,69,69,0,72.6,72.6
2013,대학교,사립,광주,기존,광주여자대학교,예ㆍ체능계열,225,0,187,181,6,83.1,80.4
2013,대학교,사립,광주,기존,광주여자대학교,자연과학계열,2049,0,2121,1909,212,103.5,93.2
2013,대학교,국립,강원,기존,국립강릉원주대학교,인문ㆍ사회계열,2344,0,2566,2294,272,109.5,97.9
2013,대학교,국립,강원,기존,국립강릉원주대학교,자연과학계열,2061,0,1999,1866,133,97,90.5
2013,대학교,국립,강원,기존,국립강릉원주대학교,의학계열,160,0,158,152,6,98.8,95
2013,대학교,국립,강원,기존,국립강릉원주대학교,예ㆍ체능계열,455,0,418,410,8,91.9,90.1
2013,대학교,국립,강원,기존,국립강릉원주대학교,공학계열,1059,0,1099,1010,89,103.8,95.4
2013,대학교,국립,강원,기존,국립강릉원주대학교 _제2캠퍼스,인문ㆍ사회계열,417,0,376,365,11,90.2,87.5
2013,대학교,국립,강원,기존,국립강릉원주대학교 _제2캠퍼스,예ㆍ체능계열,328,0,318,309,9,97,94.2
2013,대학교,국립,강원,기존,국립강릉원주대학교 _제2캠퍼스,공학계열,1109,0,1145,1007,138,103.2,90.8
2013,대학교,국립,강원,기존,국립강릉원주대학교 _제2캠퍼스,자연과학계열,295,0,323,296,27,109.5,100.3
2013,대학교,국립,경북,기존,국립경국대학교,인문ㆍ사회계열,2068,0,2173,1964,209,105.1,95
2013,대학교,국립,경북,기존,국립경국대학교,예ㆍ체능계열,444,0,417,398,19,93.9,89.6
2013,대학교,국립,경북,기존,국립경국대학교,자연과학계열,1948,0,2000,1878,122,102.7,96.4
2013,대학교,국립,경북,기존,국립경국대학교,공학계열,1892,0,1974,1803,171,104.3,95.3
2013,대학교,국립,충남,기존,국립공주대학교,예ㆍ체능계열,879,0,1104,999,105,125.6,113.7
2013,대학교,국립,충남,기존,국립공주대학교,공학계열,4178,0,4909,3915,994,117.5,93.7
2013,대학교,국립,충남,기존,국립공주대학교,인문ㆍ사회계열,3387,0,4043,3430,613,119.4,101.3
2013,대학교,국립,충남,기존,국립공주대학교,자연과학계열,3739,0,4105,3594,511,109.8,96.1
2013,대학교,국립,전북,기존,국립군산대학교,인문ㆍ사회계열,2063,0,2197,2031,166,106.5,98.4
2013,대학교,국립,전북,기존,국립군산대학교,공학계열,3118,0,3043,2867,176,97.6,91.9
2013,대학교,국립,전북,기존,국립군산대학교,예ㆍ체능계열,618,0,624,596,28,101,96.4
2013,대학교,국립,전북,기존,국립군산대학교,자연과학계열,1913,0,1880,1790,90,98.3,93.6
2013,대학교,국립,경북,기존,국립금오공과대학교,인문ㆍ사회계열,200,0,397,228,169,198.5,114
2013,대학교,국립,경북,기존,국립금오공과대학교,공학계열,4834,0,6240,5683,557,129.1,117.6
2013,대학교,국립,경북,기존,국립금오공과대학교,자연과학계열,360,0,418,388,30,116.1,107.8
2013,대학교,국립,전남,기존,국립목포대학교,인문ㆍ사회계열,2804,0,3334,2938,396,118.9,104.8
2013,대학교,국립,전남,기존,국립목포대학교,공학계열,2302,0,2588,2285,303,112.4,99.3
2013,대학교,국립,전남,기존,국립목포대학교,자연과학계열,1620,0,1659,1504,155,102.4,92.8
2013,대학교,국립,전남,기존,국립목포대학교,예ㆍ체능계열,444,0,459,442,17,103.4,99.5
2013,대학교,국립,전남,기존,국립목포해양대학교,공학계열,2464,2,2438,2270,168,99,92.2
2013,대학교,국립,부산,기존,국립부경대학교,예ㆍ체능계열,492,0,558,531,27,113.4,107.9
2013,대학교,국립,부산,기존,국립부경대학교,공학계열,7295,0,8979,8271,708,123.1,113.4
2013,대학교,국립,부산,기존,국립부경대학교,인문ㆍ사회계열,3946,0,5459,4699,760,138.3,119.1
2013,대학교,국립,부산,기존,국립부경대학교,자연과학계열,2394,0,2629,2436,193,109.8,101.8
2013,대학교,국립,전남,기존,국립순천대학교,공학계열,1939,0,1988,1851,137,102.5,95.5
2013,대학교,국립,전남,기존,국립순천대학교,인문ㆍ사회계열,2281,0,2687,2378,309,117.8,104.3
2013,대학교,국립,전남,기존,국립순천대학교,자연과학계열,2296,0,2168,2016,152,94.4,87.8
2013,대학교,국립,전남,기존,국립순천대학교,예ㆍ체능계열,788,0,862,812,50,109.4,103
2013,대학교,국립,경남,기존,국립창원대학교,인문ㆍ사회계열,3159,0,3856,3376,480,122.1,106.9
2013,대학교,국립,경남,기존,국립창원대학교,자연과학계열,1373,0,1265,1208,57,92.1,88
2013,대학교,국립,경남,기존,국립창원대학교,공학계열,2454,0,3040,2840,200,123.9,115.7
2013,대학교,국립,경남,기존,국립창원대학교,예ㆍ체능계열,584,0,689,683,6,118,117
2013,대학교,국립,충북,기존,국립한국교통대학교,인문ㆍ사회계열,2095,0,1795,1642,153,85.7,78.4
2013,대학교,국립,충북,기존,국립한국교통대학교,공학계열,5507,0,4386,4022,364,79.6,73
2013,대학교,국립,충북,기존,국립한국교통대학교,예ㆍ체능계열,270,0,267,233,34,98.9,86.3
2013,대학교,국립,충북,기존,국립한국교통대학교,자연과학계열,653,0,639,569,70,97.9,87.1
2013,대학교,국립,부산,기존,국립한국해양대학교,인문ㆍ사회계열,1280,0,1797,1483,314,140.4,115.9
2013,대학교,국립,부산,기존,국립한국해양대학교,예ㆍ체능계열,100,0,97,93,4,97,93
2013,대학교,국립,부산,기존,국립한국해양대학교,공학계열,3423,0,4020,3664,356,117.4,107
2013,대학교,국립,부산,기존,국립한국해양대학교,자연과학계열,787,0,951,782,169,120.8,99.4
2013,대학교,국립,대전,기존,국립한밭대학교,인문ㆍ사회계열,920,0,884,758,126,96.1,82.4
2013,대학교,국립,대전,기존,국립한밭대학교,공학계열,2696,0,2251,2072,179,83.5,76.9
2013,대학교,국립,대전,기존,국립한밭대학교,예ㆍ체능계열,230,0,206,196,10,89.6,85.2
2013,대학교,사립,서울,기존,국민대학교,인문ㆍ사회계열,5477,0,7813,6095,1718,142.7,111.3
2013,대학교,사립,서울,기존,국민대학교,예ㆍ체능계열,2216,0,2407,2211,196,108.6,99.8
2013,대학교,사립,서울,기존,국민대학교,공학계열,2983,0,3712,3177,535,124.4,106.5
2013,대학교,사립,서울,기존,국민대학교,자연과학계열,1311,0,1475,1253,222,112.5,95.6
2013,대학교,사립,충북,기존,극동대학교,자연과학계열,975,0,944,836,108,96.8,85.7
2013,대학교,사립,충북,기존,극동대학교,공학계열,575,0,533,501,32,92.7,87.1
2013,대학교,사립,충북,기존,극동대학교,예ㆍ체능계열,970,0,870,833,37,89.7,85.9
2013,대학교,사립,충북,기존,극동대학교,인문ㆍ사회계열,1880,0,2020,1859,161,107.4,98.9
2013,대학교,사립,충남,기존,금강대학교,인문ㆍ사회계열,530,0,409,394,15,77.2,74.3
2013,대학교,사립,경북,기존,김천대학교,인문ㆍ사회계열,1278,0,855,766,89,66.9,59.9
2013,대학교,사립,경북,기존,김천대학교,예ㆍ체능계열,115,0,77,76,1,67,66.1
2013,대학교,사립,경북,기존,김천대학교,공학계열,160,0,80,73,7,50,45.6
2013,대학교,사립,경북,기존,김천대학교,자연과학계열,2512,0,2027,1788,239,80.7,71.2
2013,대학교,사립,충남,기존,나사렛대학교,자연과학계열,1580,0,1487,1344,143,94.1,85.1
2013,대학교,사립,충남,기존,나사렛대학교,예ㆍ체능계열,379,0,385,346,39,101.6,91.3
2013,대학교,사립,충남,기존,나사렛대학교,인문ㆍ사회계열,3437,0,3886,3330,556,113.1,96.9
2013,대학교,사립,광주,기존,남부대학교,인문ㆍ사회계열,722,0,680,607,73,94.2,84.1
2013,대학교,사립,광주,기존,남부대학교,자연과학계열,1675,68,1814,1469,345,112.9,91.4
2013,대학교,사립,광주,기존,남부대학교,예ㆍ체능계열,639,10,485,462,23,77.1,73.4
2013,대학교,사립,광주,기존,남부대학교,공학계열,240,0,205,179,26,85.4,74.6
2013,대학교,사립,충남,기존,남서울대학교,공학계열,1270,0,1003,930,73,79,73.2
2013,대학교,사립,충남,기존,남서울대학교,예ㆍ체능계열,849,0,713,676,37,84,79.6
2013,대학교,사립,충남,기존,남서울대학교,인문ㆍ사회계열,2456,0,2272,2075,197,92.5,84.5
2013,대학교,사립,충남,기존,남서울대학교,자연과학계열,325,0,330,307,23,101.5,94.5
2013,산업대학,사립,충남,폐교,남서울대학교(산업대),자연과학계열,280,0,295,269,26,105.4,96.1
2013,산업대학,사립,충남,폐교,남서울대학교(산업대),예ㆍ체능계열,880,0,1072,1007,65,121.8,114.4
2013,산업대학,사립,충남,폐교,남서울대학교(산업대),공학계열,1300,0,1386,1262,124,106.6,97.1
2013,산업대학,사립,충남,폐교,남서울대학교(산업대),인문ㆍ사회계열,2820,0,3514,3193,321,124.6,113.2
2013,대학교,사립,경기,기존,단국대학교,공학계열,2837,0,3586,3196,390,126.4,112.7
2013,대학교,사립,경기,기존,단국대학교,자연과학계열,870,0,1011,909,102,116.2,104.5
2013,대학교,사립,경기,기존,단국대학교,예ㆍ체능계열,1520,0,1618,1560,58,106.4,102.6
2013,대학교,사립,경기,기존,단국대학교,인문ㆍ사회계열,4343,0,6012,5091,921,138.4,117.2
2013,대학교,사립,충남,기존,단국대학교(천안) _분교,자연과학계열,2679,0,2864,2638,226,106.9,98.5
2013,대학교,사립,충남,기존,단국대학교(천안) _분교,공학계열,1848,0,2246,2032,214,121.5,110
2013,대학교,사립,충남,기존,단국대학교(천안) _분교,인문ㆍ사회계열,3934,0,4866,4261,605,123.7,108.3
2013,대학교,사립,충남,기존,단국대학교(천안) _분교,의학계열,440,0,476,437,39,108.2,99.3
2013,대학교,사립,충남,기존,단국대학교(천안) _분교,예ㆍ체능계열,1860,0,2010,1890,120,108.1,101.6
2013,대학교,사립,경북,기존,대구가톨릭대학교,인문ㆍ사회계열,5710,0,6469,5845,624,113.3,102.4
2013,대학교,사립,경북,기존,대구가톨릭대학교,자연과학계열,3348,0,3734,3302,432,111.5,98.6
2013,대학교,사립,경북,기존,대구가톨릭대학교,공학계열,1920,0,2081,1893,188,108.4,98.6
2013,대학교,사립,경북,기존,대구가톨릭대학교,의학계열,160,0,183,169,14,114.4,105.6
2013,대학교,사립,경북,기존,대구가톨릭대학교,예ㆍ체능계열,1536,0,1516,1495,21,98.7,97.3
2013,교육대학,국립,대구,기존,대구교육대학교,인문ㆍ사회계열,815,0,881,814,67,108.1,99.9
2013,교육대학,국립,대구,기존,대구교육대학교,예ㆍ체능계열,338,0,363,331,32,107.4,97.9
2013,교육대학,국립,대구,기존,대구교육대학교,자연과학계열,526,0,568,514,54,108,97.7
2013,대학교,사립,경북,기존,대구대학교,인문ㆍ사회계열,8984,0,10041,9089,952,111.8,101.2
2013,대학교,사립,경북,기존,대구대학교,공학계열,3790,0,4148,3723,425,109.4,98.2
2013,대학교,사립,경북,기존,대구대학교,예ㆍ체능계열,1640,0,1755,1633,122,107,99.6
2013,대학교,사립,경북,기존,대구대학교,자연과학계열,3768,0,3886,3572,314,103.1,94.8
2013,대학교,사립,경북,기존,대구예술대학교,예ㆍ체능계열,1918,0,1383,1335,48,72.1,69.6
2013,대학교,사립,경북,기존,대구외국어대학교,인문ㆍ사회계열,520,0,372,365,7,71.5,70.2
2013,대학교,사립,경북,기존,대구한의대학교,자연과학계열,3000,0,2997,2787,210,99.9,92.9
2013,대학교,사립,경북,기존,대구한의대학교,예ㆍ체능계열,680,0,599,571,28,88.1,84
2013,대학교,사립,경북,기존,대구한의대학교,공학계열,832,0,757,720,37,91,86.5
2013,대학교,사립,경북,기존,대구한의대학교,인문ㆍ사회계열,2060,0,2048,1907,141,99.4,92.6
2013,대학교,사립,경북,기존,대구한의대학교,의학계열,432,0,446,417,29,103.2,96.5
2013,대학교,사립,경북,기존,대신대학교,인문ㆍ사회계열,380,0,281,273,8,73.9,71.8
2013,대학교,사립,경북,기존,대신대학교,예ㆍ체능계열,175,0,107,107,0,61.1,61.1
2013,대학교,사립,세종,기존,대전가톨릭대학교,인문ㆍ사회계열,160,0,77,74,3,48.1,46.3
2013,대학교,사립,대전,기존,대전대학교,예ㆍ체능계열,805,0,621,614,7,77.1,76.3
2013,대학교,사립,대전,기존,대전대학교,의학계열,288,0,308,275,33,106.9,95.5
2013,대학교,사립,대전,기존,대전대학교,공학계열,2106,0,2065,1888,177,98.1,89.6
2013,대학교,사립,대전,기존,대전대학교,인문ㆍ사회계열,4854,0,5164,4749,415,106.4,97.8
2013,대학교,사립,대전,기존,대전대학교,자연과학계열,1670,0,1836,1608,228,109.9,96.3
2013,대학교,사립,대전,기존,대전신학대학교,인문ㆍ사회계열,240,0,178,173,5,74.2,72.1
2013,대학교,사립,경기,기존,대진대학교,예ㆍ체능계열,1174,0,1138,1069,69,96.9,91.1
2013,대학교,사립,경기,기존,대진대학교,공학계열,2317,0,2247,2033,214,97,87.7
2013,대학교,사립,경기,기존,대진대학교,인문ㆍ사회계열,3480,0,3934,3505,429,113,100.7
2013,대학교,사립,경기,기존,대진대학교,자연과학계열,829,0,755,718,37,91.1,86.6
2013,대학교,사립,서울,기존,덕성여자대학교,자연과학계열,1250,0,1373,1225,148,109.8,98
2013,대학교,사립,서울,기존,덕성여자대학교,예ㆍ체능계열,687,0,770,694,76,112.1,101
2013,대학교,사립,서울,기존,덕성여자대학교,공학계열,362,0,378,328,50,104.4,90.6
2013,대학교,사립,서울,기존,덕성여자대학교,인문ㆍ사회계열,2861,0,3910,3428,482,136.7,119.8
2013,대학교,사립,서울,기존,동국대학교,예ㆍ체능계열,960,0,1115,1007,108,116.1,104.9
2013,대학교,사립,서울,기존,동국대학교,인문ㆍ사회계열,5295,0,7509,5985,1524,141.8,113
2013,대학교,사립,서울,기존,동국대학교,자연과학계열,1474,0,1527,1312,215,103.6,89
2013,대학교,사립,서울,기존,동국대학교,공학계열,3131,0,3707,3181,526,118.4,101.6
2013,대학교,사립,경북,기존,동국대학교(WISE) _분교,공학계열,1025,0,1017,913,104,99.2,89.1
2013,대학교,사립,경북,기존,동국대학교(WISE) _분교,자연과학계열,1575,0,1626,1476,150,103.2,93.7
2013,대학교,사립,경북,기존,동국대학교(WISE) _분교,인문ㆍ사회계열,4233,0,4870,4320,550,115,102.1
2013,대학교,사립,경북,기존,동국대학교(WISE) _분교,의학계열,364,2,412,353,59,113.8,97.5
2013,대학교,사립,경북,기존,동국대학교(WISE) _분교,예ㆍ체능계열,615,0,599,590,9,97.4,95.9
2013,대학교,사립,서울,기존,동덕여자대학교,예ㆍ체능계열,2560,0,2695,2595,100,105.3,101.4
2013,대학교,사립,서울,기존,동덕여자대학교,자연과학계열,1280,0,1457,1250,207,113.8,97.7
2013,대학교,사립,서울,기존,동덕여자대학교,인문ㆍ사회계열,2948,0,3935,3302,633,133.5,112
2013,대학교,사립,부산,기존,동명대학교,공학계열,3540,0,3639,3278,361,102.8,92.6
2013,대학교,사립,부산,기존,동명대학교,예ㆍ체능계열,1100,0,937,867,70,85.2,78.8
2013,대학교,사립,부산,기존,동명대학교,자연과학계열,560,0,743,662,81,132.7,118.2
2013,대학교,사립,부산,기존,동명대학교,인문ㆍ사회계열,3320,0,3491,3051,440,105.2,91.9
2013,대학교,사립,부산,기존,동서대학교,공학계열,3160,0,3088,2890,198,97.7,91.5
2013,대학교,사립,부산,기존,동서대학교,자연과학계열,775,0,785,706,79,101.3,91.1
2013,대학교,사립,부산,기존,동서대학교,인문ㆍ사회계열,4945,0,5644,5039,605,114.1,101.9
2013,대학교,사립,부산,기존,동서대학교,예ㆍ체능계열,1685,0,1824,1711,113,108.2,101.5
2013,대학교,사립,전남,기존,동신대학교,인문ㆍ사회계열,2505,0,2556,2359,197,102,94.2
2013,대학교,사립,전남,기존,동신대학교,의학계열,160,0,208,155,53,130,96.9
2013,대학교,사립,전남,기존,동신대학교,예ㆍ체능계열,445,0,351,337,14,78.9,75.7
2013,대학교,사립,전남,기존,동신대학교,자연과학계열,2645,0,2793,2415,378,105.6,91.3
2013,대학교,사립,전남,기존,동신대학교,공학계열,1225,0,994,944,50,81.1,77.1
2013,대학교,사립,부산,기존,동아대학교,공학계열,5025,0,6085,5412,673,121.1,107.7
2013,대학교,사립,부산,기존,동아대학교,의학계열,96,0,96,93,3,100,96.9
2013,대학교,사립,부산,기존,동아대학교,인문ㆍ사회계열,7930,0,9952,8958,994,125.5,113
2013,대학교,사립,부산,기존,동아대학교,자연과학계열,2928,0,3005,2792,213,102.6,95.4
2013,대학교,사립,부산,기존,동아대학교,예ㆍ체능계열,2352,0,2210,2140,70,94,91
2013,대학교,사립,경북,기존,동양대학교,공학계열,2045,0,1815,1714,101,88.8,83.8
2013,대학교,사립,경북,기존,동양대학교,자연과학계열,165,0,183,154,29,110.9,93.3
2013,대학교,사립,경북,기존,동양대학교,예ㆍ체능계열,409,0,307,299,8,75.1,73.1
2013,대학교,사립,경북,기존,동양대학교,인문ㆍ사회계열,1980,0,2057,1850,207,103.9,93.4
2013,대학교,사립,부산,기존,동의대학교,예ㆍ체능계열,1615,0,1396,1386,10,86.4,85.8
2013,대학교,사립,부산,기존,동의대학교,인문ㆍ사회계열,6765,0,8024,7203,821,118.6,106.5
2013,대학교,사립,부산,기존,동의대학교,자연과학계열,2530,0,2462,2350,112,97.3,92.9
2013,대학교,사립,부산,기존,동의대학교,의학계열,200,0,195,185,10,97.5,92.5
2013,대학교,사립,부산,기존,동의대학교,공학계열,4990,0,5221,4777,444,104.6,95.7
2013,대학교,사립,경기,기존,루터대학교,인문ㆍ사회계열,600,0,470,456,14,78.3,76
2013,대학교,사립,경기,기존,명지대학교,예ㆍ체능계열,1546,0,1618,1578,40,104.7,102.1
2013,대학교,사립,경기,기존,명지대학교,자연과학계열,1029,0,957,891,66,93,86.6
2013,대학교,사립,경기,기존,명지대학교,공학계열,4323,0,4721,4248,473,109.2,98.3
2013,대학교,사립,서울,기존,명지대학교 _제2캠퍼스,인문ㆍ사회계열,5253,0,7419,6144,1275,141.2,117
2013,대학교,사립,대전,기존,목원대학교,자연과학계열,1083,0,1094,1023,71,101,94.5
2013,대학교,사립,대전,기존,목원대학교,인문ㆍ사회계열,3989,0,4585,4243,342,114.9,106.4
2013,대학교,사립,대전,기존,목원대학교,예ㆍ체능계열,2559,0,2503,2480,23,97.8,96.9
2013,대학교,사립,대전,기존,목원대학교,공학계열,1519,0,1523,1406,117,100.3,92.6
2013,대학교,사립,전남,기존,목포가톨릭대학교,인문ㆍ사회계열,160,0,157,155,2,98.1,96.9
2013,대학교,사립,전남,기존,목포가톨릭대학교,자연과학계열,360,0,403,355,48,111.9,98.6
2013,대학교,사립,대전,기존,배재대학교,공학계열,1572,0,1579,1408,171,100.4,89.6
2013,대학교,사립,대전,기존,배재대학교,자연과학계열,1820,0,1896,1736,160,104.2,95.4
2013,대학교,사립,대전,기존,배재대학교,인문ㆍ사회계열,4878,0,5431,4802,629,111.3,98.4
2013,대학교,사립,대전,기존,배재대학교,예ㆍ체능계열,1075,0,1033,1015,18,96.1,94.4
2013,대학교,사립,충남,기존,백석대학교,예ㆍ체능계열,2725,0,2565,2413,152,94.1,88.6
2013,대학교,사립,충남,기존,백석대학교,자연과학계열,2118,0,2436,2079,357,115,98.2
2013,대학교,사립,충남,기존,백석대학교,인문ㆍ사회계열,7759,0,8403,7661,742,108.3,98.7
2013,대학교,사립,부산,기존,부산가톨릭대학교,인문ㆍ사회계열,1165,0,1118,1076,42,96,92.4
2013,대학교,사립,부산,기존,부산가톨릭대학교,자연과학계열,2285,0,2654,2148,506,116.1,94
2013,대학교,사립,부산,기존,부산가톨릭대학교,공학계열,420,0,355,354,1,84.5,84.3
2013,교육대학,국립,부산,기존,부산교육대학교,예ㆍ체능계열,343,0,369,332,37,107.6,96.8
2013,교육대학,국립,부산,기존,부산교육대학교,인문ㆍ사회계열,726,0,783,729,54,107.9,100.4
2013,교육대학,국립,부산,기존,부산교육대학교,자연과학계열,504,0,544,499,45,107.9,99
2013,대학교,국립,부산,기존,부산대학교,자연과학계열,4403,0,4775,4357,418,108.4,99
2013,대학교,국립,부산,기존,부산대학교,공학계열,6432,0,7770,7011,759,120.8,109
2013,대학교,국립,부산,기존,부산대학교,예ㆍ체능계열,1436,0,1560,1470,90,108.6,102.4
2013,대학교,국립,부산,기존,부산대학교,인문ㆍ사회계열,5788,0,7567,6715,852,130.7,116
2013,대학교,사립,부산,기존,부산외국어대학교,예ㆍ체능계열,320,0,255,252,3,79.7,78.8
2013,대학교,사립,부산,기존,부산외국어대학교,인문ㆍ사회계열,7630,70,8262,7523,739,109.3,99.5
2013,대학교,사립,부산,기존,부산외국어대학교,공학계열,530,0,453,439,14,85.5,82.8
2013,대학교,사립,부산,기존,부산외국어대학교,자연과학계열,90,0,62,62,0,68.9,68.9
2013,대학교,사립,경남,기존,부산장신대학교,인문ㆍ사회계열,280,0,285,269,16,101.8,96.1
2013,대학교,사립,서울,기존,삼육대학교,예ㆍ체능계열,780,0,819,752,67,105,96.4
2013,대학교,사립,서울,기존,삼육대학교,인문ㆍ사회계열,1891,0,2339,2014,325,123.7,106.5
2013,대학교,사립,서울,기존,삼육대학교,자연과학계열,1980,0,2189,1876,313,110.6,94.7
2013,대학교,사립,서울,기존,삼육대학교,공학계열,357,0,350,307,43,98,86
2013,대학교,사립,서울,기존,상명대학교,공학계열,280,0,271,231,40,96.8,82.5
2013,대학교,사립,서울,기존,상명대학교,인문ㆍ사회계열,2700,0,3391,2722,669,125.6,100.8
2013,대학교,사립,서울,기존,상명대학교,예ㆍ체능계열,1080,0,1079,1052,27,99.9,97.4
2013,대학교,사립,서울,기존,상명대학교,자연과학계열,1540,0,1929,1566,363,125.3,101.7
2013,대학교,사립,충남,기존,상명대학교(천안) _분교,공학계열,1095,0,1221,1083,138,111.5,98.9
2013,대학교,사립,충남,기존,상명대학교(천안) _분교,예ㆍ체능계열,2630,0,2954,2647,307,112.3,100.6
2013,대학교,사립,충남,기존,상명대학교(천안) _분교,자연과학계열,540,0,609,521,88,112.8,96.5
2013,대학교,사립,충남,기존,상명대학교(천안) _분교,인문ㆍ사회계열,1535,0,1673,1538,135,109,100.2
2013,대학교,사립,강원,기존,상지대학교,예ㆍ체능계열,944,0,881,851,30,93.3,90.1
2013,대학교,사립,강원,기존,상지대학교,인문ㆍ사회계열,3980,0,4108,3697,411,103.2,92.9
2013,대학교,사립,강원,기존,상지대학교,공학계열,1115,0,1024,946,78,91.8,84.8
2013,대학교,사립,강원,기존,상지대학교,의학계열,240,0,244,231,13,101.7,96.3
2013,대학교,사립,강원,기존,상지대학교,자연과학계열,1915,0,1823,1719,104,95.2,89.8
2013,대학교,사립,서울,기존,서강대학교,자연과학계열,856,0,863,787,76,100.8,91.9
2013,대학교,사립,서울,기존,서강대학교,공학계열,1564,0,1815,1649,166,116,105.4
2013,대학교,사립,서울,기존,서강대학교,인문ㆍ사회계열,4140,0,5699,4801,898,137.7,116
2013,대학교,사립,서울,기존,서경대학교,예ㆍ체능계열,1450,0,1727,1332,395,119.1,91.9
2013,대학교,사립,서울,기존,서경대학교,공학계열,1600,0,1667,1472,195,104.2,92
2013,대학교,사립,서울,기존,서경대학교,인문ㆍ사회계열,2270,0,2855,2361,494,125.8,104
2013,대학교,사립,서울,기존,서경대학교,자연과학계열,320,0,376,324,52,117.5,101.3
2013,대학교,사립,전북,기존,서남대학교,예ㆍ체능계열,680,0,116,116,0,17.1,17.1
2013,대학교,사립,전북,기존,서남대학교,의학계열,196,0,196,189,7,100,96.4
2013,대학교,사립,전북,기존,서남대학교,공학계열,154,0,7,7,0,4.5,4.5
2013,대학교,사립,전북,기존,서남대학교,인문ㆍ사회계열,762,0,62,60,2,8.1,7.9
2013,대학교,사립,전북,기존,서남대학교,자연과학계열,1790,0,708,625,83,39.6,34.9
2013,대학교,사립,충남,기존,서남대학교 _제2캠퍼스,자연과학계열,540,0,261,249,12,48.3,46.1
2013,대학교,사립,충남,기존,서남대학교 _제2캠퍼스,예ㆍ체능계열,142,0,70,70,0,49.3,49.3
2013,대학교,사립,충남,기존,서남대학교 _제2캠퍼스,인문ㆍ사회계열,3022,0,537,535,2,17.8,17.7
2013,대학교,사립,충남,기존,서남대학교 _제2캠퍼스,공학계열,440,0,113,113,0,25.7,25.7
2013,대학교,국립,서울,기존,서울과학기술대학교,인문ㆍ사회계열,600,0,580,547,33,96.7,91.2
2013,대학교,국립,서울,기존,서울과학기술대학교,공학계열,3104,0,2816,2464,352,90.7,79.4
2013,대학교,국립,서울,기존,서울과학기술대학교,예ㆍ체능계열,556,0,626,502,124,112.6,90.3
2013,대학교,국립,서울,기존,서울과학기술대학교,자연과학계열,220,0,199,186,13,90.5,84.5
2013,산업대학,국립,서울,폐교,서울과학기술대학교(산업대),공학계열,2924,0,5077,4916,161,173.6,168.1
2013,산업대학,국립,서울,폐교,서울과학기술대학교(산업대),자연과학계열,273,0,323,308,15,118.3,112.8
2013,산업대학,국립,서울,폐교,서울과학기술대학교(산업대),예ㆍ체능계열,475,0,871,793,78,183.4,166.9
2013,산업대학,국립,서울,폐교,서울과학기술대학교(산업대),인문ㆍ사회계열,496,0,776,718,58,156.5,144.8
2013,교육대학,국립,서울,기존,서울교육대학교,예ㆍ체능계열,321,0,348,316,32,108.4,98.4
2013,교육대학,국립,서울,기존,서울교육대학교,인문ㆍ사회계열,747,0,796,721,75,106.6,96.5
2013,교육대학,국립,서울,기존,서울교육대학교,자연과학계열,486,0,502,462,40,103.3,95.1
2013,대학교,사립,서울,기존,서울기독대학교,인문ㆍ사회계열,440,0,519,418,101,118,95
2013,대학교,사립,서울,기존,서울기독대학교,예ㆍ체능계열,231,0,215,213,2,93.1,92.2
2013,대학교,국립대법인,서울,기존,서울대학교,공학계열,3154,0,3805,3502,303,120.6,111
2013,대학교,국립대법인,서울,기존,서울대학교,인문ㆍ사회계열,4492,0,6498,5749,749,144.7,128
2013,대학교,국립대법인,서울,기존,서울대학교,예ㆍ체능계열,1140,0,1461,1348,113,128.2,118.2
2013,대학교,국립대법인,서울,기존,서울대학교,의학계열,428,0,580,447,133,135.5,104.4
2013,대학교,국립대법인,서울,기존,서울대학교,자연과학계열,3690,0,4368,3935,433,118.4,106.6
2013,대학교,공립,서울,기존,서울시립대학교,인문ㆍ사회계열,3248,0,4516,4110,406,139,126.5
2013,대학교,공립,서울,기존,서울시립대학교,예ㆍ체능계열,544,0,615,610,5,113.1,112.1
2013,대학교,공립,서울,기존,서울시립대학교,공학계열,2640,0,3381,3025,356,128.1,114.6
2013,대학교,공립,서울,기존,서울시립대학교,자연과학계열,680,0,797,762,35,117.2,112.1
2013,대학교,사립,경기,기존,서울신학대학교,인문ㆍ사회계열,1830,0,2011,1815,196,109.9,99.2
2013,대학교,사립,경기,기존,서울신학대학교,예ㆍ체능계열,330,0,364,348,16,110.3,105.5
2013,대학교,사립,서울,기존,서울여자대학교,예ㆍ체능계열,800,0,860,828,32,107.5,103.5
2013,대학교,사립,서울,기존,서울여자대학교,자연과학계열,2200,0,2408,2144,264,109.5,97.5
2013,대학교,사립,서울,기존,서울여자대학교,인문ㆍ사회계열,3920,0,4782,4218,564,122,107.6
2013,대학교,사립,경기,기존,서울장신대학교,예ㆍ체능계열,140,0,128,120,8,91.4,85.7
2013,대학교,사립,경기,기존,서울장신대학교,인문ㆍ사회계열,348,0,389,351,38,111.8,100.9
2013,대학교,사립,서울,기존,서울한영대학교,예ㆍ체능계열,77,0,73,71,2,94.8,92.2
2013,대학교,사립,서울,기존,서울한영대학교,인문ㆍ사회계열,723,0,690,672,18,95.4,92.9
2013,대학교,사립,충북,기존,서원대학교,인문ㆍ사회계열,3823,0,3728,3480,248,97.5,91
2013,대학교,사립,충북,기존,서원대학교,자연과학계열,1265,0,1169,1072,97,92.4,84.7
2013,대학교,사립,충북,기존,서원대학교,공학계열,960,0,907,852,55,94.5,88.8
2013,대학교,사립,충북,기존,서원대학교,예ㆍ체능계열,965,0,868,828,40,89.9,85.8
2013,대학교,사립,충남,기존,선문대학교,공학계열,2862,0,2789,2558,231,97.4,89.4
2013,대학교,사립,충남,기존,선문대학교,인문ㆍ사회계열,4504,0,5372,4615,757,119.3,102.5
2013,대학교,사립,충남,기존,선문대학교,자연과학계열,1203,0,1280,1126,154,106.4,93.6
2013,대학교,사립,충남,기존,선문대학교,예ㆍ체능계열,664,0,593,576,17,89.3,86.7
2013,대학교,사립,경기,기존,성결대학교,예ㆍ체능계열,720,0,801,706,95,111.3,98.1
2013,대학교,사립,경기,기존,성결대학교,인문ㆍ사회계열,3160,0,3474,3136,338,109.9,99.2
2013,대학교,사립,경기,기존,성결대학교,공학계열,1240,0,1236,1129,107,99.7,91
2013,대학교,사립,서울,기존,성공회대학교,인문ㆍ사회계열,1400,0,1630,1448,182,116.4,103.4
2013,대학교,사립,서울,기존,성공회대학교,자연과학계열,160,0,183,170,13,114.4,106.3
2013,대학교,사립,서울,기존,성공회대학교,공학계열,600,0,556,534,22,92.7,89
2013,대학교,사립,서울,기존,성균관대학교,공학계열,4599,0,6032,5025,1007,131.2,109.3
2013,대학교,사립,서울,기존,성균관대학교,예ㆍ체능계열,1236,0,1511,1417,94,122.2,114.6
2013,대학교,사립,서울,기존,성균관대학교,자연과학계열,1684,0,1884,1688,196,111.9,100.2
2013,대학교,사립,서울,기존,성균관대학교,인문ㆍ사회계열,6448,0,9857,7477,2380,152.9,116
2013,대학교,사립,서울,기존,성균관대학교,의학계열,88,0,81,81,0,92,92
2013,대학교,사립,서울,기존,성신여자대학교,자연과학계열,1971,0,2281,1965,316,115.7,99.7
2013,대학교,사립,서울,기존,성신여자대학교,예ㆍ체능계열,2131,0,2261,2094,167,106.1,98.3
2013,대학교,사립,서울,기존,성신여자대학교,인문ㆍ사회계열,4768,0,5872,5107,765,123.2,107.1
2013,대학교,사립,충북,기존,세명대학교,의학계열,160,0,193,148,45,120.6,92.5
2013,대학교,사립,충북,기존,세명대학교,자연과학계열,2060,0,2029,1877,152,98.5,91.1
2013,대학교,사립,충북,기존,세명대학교,공학계열,1150,0,1107,1017,90,96.3,88.4
2013,대학교,사립,충북,기존,세명대학교,예ㆍ체능계열,1070,0,989,914,75,92.4,85.4
2013,대학교,사립,충북,기존,세명대학교,인문ㆍ사회계열,4070,0,4110,3783,327,101,92.9
2013,대학교,사립,서울,기존,세종대학교,자연과학계열,923,1,867,810,57,94,87.9
2013,대학교,사립,서울,기존,세종대학교,예ㆍ체능계열,1340,16,1574,1452,122,118.9,109.7
2013,대학교,사립,서울,기존,세종대학교,공학계열,4307,2,5259,4652,607,122.2,108.1
2013,대학교,사립,서울,기존,세종대학교,인문ㆍ사회계열,2710,8,3458,2952,506,128,109.3
2013,대학교,사립,전남,기존,세한대학교,공학계열,220,0,134,124,10,60.9,56.4
2013,대학교,사립,전남,기존,세한대학교,자연과학계열,830,0,843,739,104,101.6,89
2013,대학교,사립,전남,기존,세한대학교,예ㆍ체능계열,1910,0,1751,1705,46,91.7,89.3
2013,대학교,사립,전남,기존,세한대학교,인문ㆍ사회계열,1640,0,1766,1555,211,107.7,94.8
2013,대학교,사립,광주,기존,송원대학교,자연과학계열,470,0,410,367,43,87.2,78.1
2013,대학교,사립,광주,기존,송원대학교,예ㆍ체능계열,140,0,117,112,5,83.6,80
2013,대학교,사립,광주,기존,송원대학교,공학계열,370,0,252,241,11,68.1,65.1
2013,대학교,사립,광주,기존,송원대학교,인문ㆍ사회계열,620,0,535,511,24,86.3,82.4
2013,대학교,사립,경기,기존,수원가톨릭대학교,인문ㆍ사회계열,360,0,167,164,3,46.4,45.6
2013,대학교,사립,경기,기존,수원대학교,인문ㆍ사회계열,3266,0,3620,2990,630,110.8,91.5
2013,대학교,사립,경기,기존,수원대학교,예ㆍ체능계열,2470,0,2402,2345,57,97.2,94.9
2013,대학교,사립,경기,기존,수원대학교,자연과학계열,1566,0,1622,1468,154,103.6,93.7
2013,대학교,사립,경기,기존,수원대학교,공학계열,3165,0,3604,3260,344,113.9,103
2013,대학교,사립,서울,기존,숙명여자대학교,자연과학계열,2002,0,2181,1924,257,108.9,96.1
2013,대학교,사립,서울,기존,숙명여자대학교,예ㆍ체능계열,1520,0,1624,1581,43,106.8,104
2013,대학교,사립,서울,기존,숙명여자대학교,인문ㆍ사회계열,5590,0,7077,6033,1044,126.6,107.9
2013,각종학교(대학),사립,충북,기존,순복음총회신학교,인문ㆍ사회계열,390,0,266,266,0,68.2,68.2
2013,각종학교(대학),사립,충북,기존,순복음총회신학교,예ㆍ체능계열,10,0,10,10,0,100,100
2013,대학교,사립,충남,기존,순천향대학교,의학계열,372,0,371,354,17,99.7,95.2
2013,대학교,사립,충남,기존,순천향대학교,자연과학계열,2389,0,2408,2197,211,100.8,92
2013,대학교,사립,충남,기존,순천향대학교,공학계열,2620,0,2836,2586,250,108.2,98.7
2013,대학교,사립,충남,기존,순천향대학교,예ㆍ체능계열,1040,0,1046,1008,38,100.6,96.9
2013,대학교,사립,충남,기존,순천향대학교,인문ㆍ사회계열,3965,0,4747,4177,570,119.7,105.3
2013,대학교,사립,서울,기존,숭실대학교,예ㆍ체능계열,180,0,167,153,14,92.8,85
2013,대학교,사립,서울,기존,숭실대학교,공학계열,4722,0,5832,5119,713,123.5,108.4
2013,대학교,사립,서울,기존,숭실대학교,인문ㆍ사회계열,4888,0,7015,5783,1232,143.5,118.3
2013,대학교,사립,서울,기존,숭실대학교,자연과학계열,940,0,1007,919,88,107.1,97.8
2013,대학교,사립,경북,기존,신경주대학교,자연과학계열,820,57,477,459,18,62.5,60.2
2013,대학교,사립,경북,기존,신경주대학교,공학계열,345,5,135,131,4,39.7,38.5
2013,대학교,사립,경북,기존,신경주대학교,인문ㆍ사회계열,3885,497,2285,2163,122,67.4,63.8
2013,대학교,사립,경북,기존,신경주대학교,예ㆍ체능계열,593,10,266,258,8,45.6,44.3
2013,대학교,사립,부산,기존,신라대학교,공학계열,1443,0,1337,1222,115,92.7,84.7
2013,대학교,사립,부산,기존,신라대학교,자연과학계열,2028,0,1989,1839,150,98.1,90.7
2013,대학교,사립,부산,기존,신라대학교,예ㆍ체능계열,1095,0,1016,977,39,92.8,89.2
2013,대학교,사립,부산,기존,신라대학교,인문ㆍ사회계열,5194,0,5698,5031,667,109.7,96.9
2013,대학교,사립,경기,기존,아신대학교,인문ㆍ사회계열,840,0,717,682,35,85.4,81.2
2013,대학교,사립,경기,기존,아주대학교,의학계열,80,0,93,86,7,116.3,107.5
2013,대학교,사립,경기,기존,아주대학교,자연과학계열,1137,0,1293,1042,251,113.7,91.6
2013,대학교,사립,경기,기존,아주대학교,인문ㆍ사회계열,2629,0,3490,3109,381,132.8,118.3
2013,대학교,사립,경기,기존,아주대학교,공학계열,4075,0,5295,4811,484,129.9,118.1
2013,대학교,사립,경기,기존,안양대학교,공학계열,1470,0,1381,1275,106,93.9,86.7
2013,대학교,사립,경기,기존,안양대학교,자연과학계열,360,0,361,338,23,100.3,93.9
2013,대학교,사립,경기,기존,안양대학교,인문ㆍ사회계열,2276,0,2474,2242,232,108.7,98.5
2013,대학교,사립,경기,기존,안양대학교,예ㆍ체능계열,362,0,541,520,21,149.4,143.6
2013,대학교,사립,인천,기존,안양대학교 _제2캠퍼스,인문ㆍ사회계열,280,0,272,244,28,97.1,87.1
2013,대학교,사립,인천,기존,안양대학교 _제2캠퍼스,공학계열,280,0,245,239,6,87.5,85.4
2013,대학교,사립,서울,기존,연세대학교,공학계열,3706,0,4522,3978,544,122,107.3
2013,대학교,사립,서울,기존,연세대학교,자연과학계열,2309,0,3272,2607,665,141.7,112.9
2013,대학교,사립,서울,기존,연세대학교,인문ㆍ사회계열,6599,0,9981,8273,1708,151.3,125.4
2013,대학교,사립,서울,기존,연세대학교,의학계열,374,0,441,358,83,117.9,95.7
2013,대학교,사립,서울,기존,연세대학교,예ㆍ체능계열,872,0,1010,939,71,115.8,107.7
2013,대학교,사립,강원,기존,연세대학교(미래) _분교,자연과학계열,2614,0,3218,2674,544,123.1,102.3
2013,대학교,사립,강원,기존,연세대학교(미래) _분교,공학계열,932,0,1132,986,146,121.5,105.8
2013,대학교,사립,강원,기존,연세대학교(미래) _분교,인문ㆍ사회계열,2380,0,3223,2776,447,135.4,116.6
2013,대학교,사립,강원,기존,연세대학교(미래) _분교,의학계열,372,0,446,395,51,119.9,106.2
2013,대학교,사립,경북,기존,영남대학교,인문ㆍ사회계열,8521,0,10457,9272,1185,122.7,108.8
2013,대학교,사립,경북,기존,영남대학교,예ㆍ체능계열,2042,0,2140,2042,98,104.8,100
2013,대학교,사립,경북,기존,영남대학교,자연과학계열,3884,0,3964,3648,316,102.1,93.9
2013,대학교,사립,경북,기존,영남대학교,의학계열,152,0,168,156,12,110.5,102.6
2013,대학교,사립,경북,기존,영남대학교,공학계열,5330,0,6764,6056,708,126.9,113.6
2013,대학교,사립,경북,기존,영남신학대학교,인문ㆍ사회계열,560,0,557,540,17,99.5,96.4
2013,대학교,사립,경남,기존,영산대학교,자연과학계열,465,0,517,441,76,111.2,94.8
2013,대학교,사립,경남,기존,영산대학교,인문ㆍ사회계열,2127,0,1836,1559,277,86.3,73.3
2013,대학교,사립,경남,기존,영산대학교,예ㆍ체능계열,450,0,351,344,7,78,76.4
2013,대학교,사립,경남,기존,영산대학교,공학계열,670,0,640,611,29,95.5,91.2
2013,대학교,사립,부산,기존,영산대학교 _제2캠퍼스,인문ㆍ사회계열,1572,0,2206,1987,219,140.3,126.4
2013,대학교,사립,부산,기존,영산대학교 _제2캠퍼스,자연과학계열,540,0,641,576,65,118.7,106.7
2013,대학교,사립,부산,기존,영산대학교 _제2캠퍼스,예ㆍ체능계열,800,0,798,713,85,99.8,89.1
2013,대학교,사립,부산,기존,영산대학교 _제2캠퍼스,공학계열,120,0,95,89,6,79.2,74.2
2013,대학교,사립,전남,기존,영산선학대학교,인문ㆍ사회계열,200,0,40,39,1,20,19.5
2013,대학교,사립,전북,기존,예수대학교,자연과학계열,455,0,501,441,60,110.1,96.9
2013,대학교,사립,전북,기존,예수대학교,인문ㆍ사회계열,93,0,86,84,2,92.5,90.3
2013,대학교,사립,전북,기존,예원예술대학교,예ㆍ체능계열,866,0,893,736,157,103.1,85
2013,대학교,사립,전북,기존,예원예술대학교,인문ㆍ사회계열,130,0,105,89,16,80.8,68.5
2013,대학교,사립,경기,기존,용인대학교,인문ㆍ사회계열,1576,0,1772,1540,232,112.4,97.7
2013,대학교,사립,경기,기존,용인대학교,자연과학계열,1036,0,1150,1040,110,111,100.4
2013,대학교,사립,경기,기존,용인대학교,예ㆍ체능계열,3268,0,3567,3305,262,109.1,101.1
2013,대학교,사립,전북,기존,우석대학교,의학계열,120,0,151,117,34,125.8,97.5
2013,대학교,사립,전북,기존,우석대학교,공학계열,960,0,867,807,60,90.3,84.1
2013,대학교,사립,전북,기존,우석대학교,인문ㆍ사회계열,2955,0,3147,2819,328,106.5,95.4
2013,대학교,사립,전북,기존,우석대학교,예ㆍ체능계열,1420,0,1296,1253,43,91.3,88.2
2013,대학교,사립,전북,기존,우석대학교,자연과학계열,2405,0,2398,2153,245,99.7,89.5
2013,대학교,사립,대전,기존,우송대학교,자연과학계열,1382,0,1339,1272,67,96.9,92
2013,대학교,사립,대전,기존,우송대학교,인문ㆍ사회계열,4052,0,4413,3671,742,108.9,90.6
2013,대학교,사립,대전,기존,우송대학교,예ㆍ체능계열,805,0,780,668,112,96.9,83
2013,대학교,사립,대전,기존,우송대학교,공학계열,2510,0,2200,1970,230,87.6,78.5
2013,대학교,특별법법인,울산,기존,울산과학기술원,공학계열,2450,0,2158,2084,74,88.1,85.1
2013,대학교,특별법법인,울산,기존,울산과학기술원,인문ㆍ사회계열,550,0,359,347,12,65.3,63.1
2013,대학교,사립,울산,기존,울산대학교,자연과학계열,2100,0,2339,2159,180,111.4,102.8
2013,대학교,사립,울산,기존,울산대학교,인문ㆍ사회계열,4042,0,4952,4513,439,122.5,111.7
2013,대학교,사립,울산,기존,울산대학교,의학계열,160,0,155,155,0,96.9,96.9
2013,대학교,사립,울산,기존,울산대학교,예ㆍ체능계열,1330,0,1310,1292,18,98.5,97.1
2013,대학교,사립,울산,기존,울산대학교,공학계열,4060,0,5281,4778,503,130.1,117.7
2013,대학교,사립,전북,기존,원광대학교,예ㆍ체능계열,1964,0,1735,1670,65,88.3,85
2013,대학교,사립,전북,기존,원광대학교,인문ㆍ사회계열,7055,0,7486,6917,569,106.1,98
2013,대학교,사립,전북,기존,원광대학교,자연과학계열,3836,0,3847,3562,285,100.3,92.9
2013,대학교,사립,전북,기존,원광대학교,공학계열,2506,0,2662,2416,246,106.2,96.4
2013,대학교,사립,전북,기존,원광대학교,의학계열,984,0,1037,951,86,105.4,96.6
2013,대학교,사립,경북,기존,위덕대학교,인문ㆍ사회계열,1456,0,1456,1357,99,100,93.2
2013,대학교,사립,경북,기존,위덕대학교,공학계열,897,0,737,719,18,82.2,80.2
2013,대학교,사립,경북,기존,위덕대학교,예ㆍ체능계열,317,0,273,265,8,86.1,83.6
2013,대학교,사립,경북,기존,위덕대학교,자연과학계열,865,0,748,706,42,86.5,81.6
2013,대학교,사립,충북,기존,유원대학교,자연과학계열,1045,0,1079,982,97,103.3,94
2013,대학교,사립,충북,기존,유원대학교,인문ㆍ사회계열,1520,0,1348,1301,47,88.7,85.6
2013,대학교,사립,충북,기존,유원대학교,예ㆍ체능계열,560,0,401,384,17,71.6,68.6
2013,대학교,사립,충북,기존,유원대학교,공학계열,1195,0,974,953,21,81.5,79.7
2013,대학교,사립,대전,기존,을지대학교,의학계열,160,0,194,172,22,121.3,107.5
2013,대학교,사립,대전,기존,을지대학교,인문ㆍ사회계열,40,0,56,54,2,140,135
2013,대학교,사립,대전,기존,을지대학교,자연과학계열,508,0,599,497,102,117.9,97.8
2013,대학교,사립,경기,기존,을지대학교 _제2캠퍼스,자연과학계열,3188,0,3584,3010,574,112.4,94.4
2013,대학교,사립,경기,기존,을지대학교 _제2캠퍼스,인문ㆍ사회계열,800,0,860,718,142,107.5,89.8
2013,대학교,사립,서울,기존,이화여자대학교,공학계열,1075,0,1217,1124,93,113.2,104.6
2013,대학교,사립,서울,기존,이화여자대학교,예ㆍ체능계열,2576,0,3062,2852,210,118.9,110.7
2013,대학교,사립,서울,기존,이화여자대학교,자연과학계열,2765,0,3122,2802,320,112.9,101.3
2013,대학교,사립,서울,기존,이화여자대학교,인문ㆍ사회계열,6020,0,8682,7505,1177,144.2,124.7
2013,대학교,사립,경남,기존,인제대학교,공학계열,1974,0,2018,1871,147,102.2,94.8
2013,대학교,사립,경남,기존,인제대학교,인문ㆍ사회계열,3627,0,3835,3586,249,105.7,98.9
2013,대학교,사립,경남,기존,인제대학교,예ㆍ체능계열,912,0,857,815,42,94,89.4
2013,대학교,사립,경남,기존,인제대학교,자연과학계열,2573,0,2801,2502,299,108.9,97.2
2013,대학교,사립,부산,기존,인제대학교 _제2캠퍼스,자연과학계열,320,0,488,310,178,152.5,96.9
2013,대학교,사립,부산,기존,인제대학교 _제2캠퍼스,의학계열,372,0,391,373,18,105.1,100.3
2013,대학교,사립,인천,기존,인천가톨릭대학교,인문ㆍ사회계열,130,0,100,98,2,76.9,75.4
2013,대학교,사립,인천,기존,인천가톨릭대학교 _제2캠퍼스,예ㆍ체능계열,670,0,708,633,75,105.7,94.5
2013,대학교,국립대법인,인천,기존,인천대학교,예ㆍ체능계열,1044,0,1382,873,509,132.4,83.6
2013,대학교,국립대법인,인천,기존,인천대학교,인문ㆍ사회계열,4132,0,5453,3908,1545,132,94.6
2013,대학교,국립대법인,인천,기존,인천대학교,공학계열,4330,0,6484,3835,2649,149.7,88.6
2013,대학교,국립대법인,인천,기존,인천대학교,자연과학계열,1214,0,1300,1183,117,107.1,97.4
2013,대학교,사립,인천,기존,인하대학교,공학계열,5913,0,8073,6936,1137,136.5,117.3
2013,대학교,사립,인천,기존,인하대학교,자연과학계열,1400,0,1581,1389,192,112.9,99.2
2013,대학교,사립,인천,기존,인하대학교,예ㆍ체능계열,560,0,560,548,12,100,97.9
2013,대학교,사립,인천,기존,인하대학교,인문ㆍ사회계열,6287,0,8409,7250,1159,133.8,115.3
2013,대학교,사립,서울,기존,장로회신학대학교,인문ㆍ사회계열,400,0,453,402,51,113.3,100.5
2013,대학교,사립,서울,기존,장로회신학대학교,예ㆍ체능계열,200,0,210,193,17,105,96.5
2013,대학교,국립,광주,기존,전남대학교,인문ㆍ사회계열,4555,0,6432,5719,713,141.2,125.6
2013,대학교,국립,광주,기존,전남대학교,예ㆍ체능계열,912,0,972,949,23,106.6,104.1
2013,대학교,국립,광주,기존,전남대학교,의학계열,448,0,495,456,39,110.5,101.8
2013,대학교,국립,광주,기존,전남대학교,공학계열,3326,0,4055,3856,199,121.9,115.9
2013,대학교,국립,광주,기존,전남대학교,자연과학계열,4883,0,5424,4990,434,111.1,102.2
2013,대학교,국립,전남,기존,전남대학교 _제2캠퍼스,인문ㆍ사회계열,932,0,900,863,37,96.6,92.6
2013,대학교,국립,전남,기존,전남대학교 _제2캠퍼스,예ㆍ체능계열,104,0,92,87,5,88.5,83.7
2013,대학교,국립,전남,기존,전남대학교 _제2캠퍼스,공학계열,1285,0,1126,1058,68,87.6,82.3
2013,대학교,국립,전남,기존,전남대학교 _제2캠퍼스,자연과학계열,1262,0,1211,1119,92,96,88.7
2013,대학교,국립,전북,기존,전북대학교,공학계열,5427,0,6184,5718,466,113.9,105.4
2013,대학교,국립,전북,기존,전북대학교,의학계열,200,0,208,183,25,104,91.5
2013,대학교,국립,전북,기존,전북대학교,예ㆍ체능계열,764,0,767,743,24,100.4,97.3
2013,대학교,국립,전북,기존,전북대학교,자연과학계열,5066,0,5389,4932,457,106.4,97.4
2013,대학교,국립,전북,기존,전북대학교,인문ㆍ사회계열,5166,0,6361,5715,646,123.1,110.6
2013,교육대학,국립,전북,기존,전주교육대학교,자연과학계열,406,0,449,399,50,110.6,98.3
2013,교육대학,국립,전북,기존,전주교육대학교,예ㆍ체능계열,310,0,339,312,27,109.4,100.6
2013,교육대학,국립,전북,기존,전주교육대학교,인문ㆍ사회계열,533,0,562,532,30,105.4,99.8
2013,대학교,사립,전북,기존,전주대학교,인문ㆍ사회계열,5440,0,6281,5594,687,115.5,102.8
2013,대학교,사립,전북,기존,전주대학교,공학계열,2292,0,1988,1826,162,86.7,79.7
2013,대학교,사립,전북,기존,전주대학교,예ㆍ체능계열,1666,0,1457,1430,27,87.5,85.8
2013,대학교,사립,전북,기존,전주대학교,자연과학계열,1890,0,1983,1797,186,104.9,95.1
2013,기술대학,사립,서울,기존,정석대학,인문ㆍ사회계열,50,0,45,45,0,90,90
2013,기술대학,사립,서울,기존,정석대학,공학계열,150,0,108,108,0,72,72
2013,대학교,사립,제주,기존,제주국제대학교,예ㆍ체능계열,300,0,199,186,13,66.3,62
2013,대학교,사립,제주,기존,제주국제대학교,공학계열,460,0,151,143,8,32.8,31.1
2013,대학교,사립,제주,기존,제주국제대학교,자연과학계열,120,0,13,13,0,10.8,10.8
2013,대학교,사립,제주,기존,제주국제대학교,인문ㆍ사회계열,720,0,345,313,32,47.9,43.5
2013,대학교,국립,제주,기존,제주대학교,자연과학계열,2683,0,2746,2573,173,102.3,95.9
2013,대학교,국립,제주,기존,제주대학교,공학계열,1795,0,1825,1640,185,101.7,91.4
2013,대학교,국립,제주,기존,제주대학교,예ㆍ체능계열,706,0,709,699,10,100.4,99
2013,대학교,국립,제주,기존,제주대학교,의학계열,160,0,182,158,24,113.8,98.8
2013,대학교,국립,제주,기존,제주대학교,인문ㆍ사회계열,4080,0,4897,4399,498,120,107.8
2013,대학교,사립,광주,기존,조선대학교,예ㆍ체능계열,2240,0,2344,2250,94,104.6,100.4
2013,대학교,사립,광주,기존,조선대학교,인문ㆍ사회계열,8213,0,8970,8382,588,109.2,102.1
2013,대학교,사립,광주,기존,조선대학교,공학계열,6104,0,6600,6040,560,108.1,99
2013,대학교,사립,광주,기존,조선대학교,자연과학계열,2805,0,2858,2662,196,101.9,94.9
2013,대학교,사립,충남,기존,중부대학교,예ㆍ체능계열,1740,0,1651,1565,86,94.9,89.9
2013,대학교,사립,충남,기존,중부대학교,공학계열,2030,0,1964,1866,98,96.7,91.9
2013,대학교,사립,충남,기존,중부대학교,자연과학계열,1193,0,1192,1124,68,99.9,94.2
2013,대학교,사립,충남,기존,중부대학교,인문ㆍ사회계열,3945,0,4041,3828,213,102.4,97
2013,대학교,사립,서울,기존,중앙대학교,자연과학계열,2017,0,2175,1932,243,107.8,95.8
2013,대학교,사립,서울,기존,중앙대학교,공학계열,3000,0,3642,3107,535,121.4,103.6
2013,대학교,사립,서울,기존,중앙대학교,예ㆍ체능계열,494,0,571,511,60,115.6,103.4
2013,대학교,사립,서울,기존,중앙대학교,인문ㆍ사회계열,5514,0,7942,6263,1679,144,113.6
2013,대학교,사립,서울,기존,중앙대학교,의학계열,172,0,177,169,8,102.9,98.3
2013,대학교,사립,경기,기존,중앙대학교 _제2캠퍼스,예ㆍ체능계열,3371,0,3539,3367,172,105,99.9
2013,대학교,사립,경기,기존,중앙대학교 _제2캠퍼스,자연과학계열,1242,0,1346,1163,183,108.4,93.6
2013,대학교,사립,경기,기존,중앙대학교 _제2캠퍼스,공학계열,100,0,146,138,8,146,138
2013,대학교,사립,경기,기존,중앙대학교 _제2캠퍼스,인문ㆍ사회계열,2297,0,3137,2578,559,136.6,112.2
2013,대학교,사립,경기,기존,중앙승가대학교,인문ㆍ사회계열,480,0,254,253,1,52.9,52.7
2013,대학교,사립,충북,기존,중원대학교,공학계열,1138,0,635,612,23,55.8,53.8
2013,대학교,사립,충북,기존,중원대학교,예ㆍ체능계열,100,0,95,68,27,95,68
2013,대학교,사립,충북,기존,중원대학교,인문ㆍ사회계열,1182,0,733,699,34,62,59.1
2013,대학교,사립,충북,기존,중원대학교,자연과학계열,850,0,736,639,97,86.6,75.2
2013,교육대학,국립,경남,기존,진주교육대학교,인문ㆍ사회계열,599,0,644,593,51,107.5,99
2013,교육대학,국립,경남,기존,진주교육대학교,자연과학계열,462,0,501,460,41,108.4,99.6
2013,교육대학,국립,경남,기존,진주교육대학교,예ㆍ체능계열,347,0,362,337,25,104.3,97.1
2013,산업대학,국립,경남,폐교,진주산업대학교(산업대),자연과학계열,310,0,514,468,46,165.8,151
2013,산업대학,국립,경남,폐교,진주산업대학교(산업대),예ㆍ체능계열,30,0,46,46,0,153.3,153.3
2013,산업대학,국립,경남,폐교,진주산업대학교(산업대),공학계열,725,0,1487,1349,138,205.1,186.1
2013,산업대학,국립,경남,폐교,진주산업대학교(산업대),인문ㆍ사회계열,330,0,503,447,56,152.4,135.5
2013,대학교,사립,경기,기존,차의과학대학교,자연과학계열,760,0,788,697,91,103.7,91.7
2013,대학교,사립,경기,기존,차의과학대학교,인문ㆍ사회계열,510,0,468,459,9,91.8,90
2013,대학교,사립,경남,기존,창신대학교,공학계열,90,0,85,84,1,94.4,93.3
2013,대학교,사립,경남,기존,창신대학교,인문ㆍ사회계열,235,0,226,216,10,96.2,91.9
2013,대학교,사립,경남,기존,창신대학교,예ㆍ체능계열,55,0,55,55,0,100,100
2013,대학교,사립,경남,기존,창신대학교,자연과학계열,150,0,154,138,16,102.7,92
2013,산업대학,사립,충남,기존,청운대학교,예ㆍ체능계열,685,0,679,656,23,99.1,95.8
2013,산업대학,사립,충남,기존,청운대학교,인문ㆍ사회계열,3070,0,3548,2972,576,115.6,96.8
2013,산업대학,사립,충남,기존,청운대학교,공학계열,1570,0,1958,1706,252,124.7,108.7
2013,산업대학,사립,충남,기존,청운대학교,자연과학계열,385,0,413,380,33,107.3,98.7
2013,교육대학,국립,충북,기존,청주교육대학교,인문ㆍ사회계열,545,0,601,560,41,110.3,102.8
2013,교육대학,국립,충북,기존,청주교육대학교,자연과학계열,411,0,440,389,51,107.1,94.6
2013,교육대학,국립,충북,기존,청주교육대학교,예ㆍ체능계열,305,0,322,297,25,105.6,97.4
2013,대학교,사립,충북,기존,청주대학교,인문ㆍ사회계열,6039,0,7194,6139,1055,119.1,101.7
2013,대학교,사립,충북,기존,청주대학교,예ㆍ체능계열,1811,0,1761,1679,82,97.2,92.7
2013,대학교,사립,충북,기존,청주대학교,공학계열,2466,0,2431,2169,262,98.6,88
2013,대학교,사립,충북,기존,청주대학교,자연과학계열,1684,0,1584,1530,54,94.1,90.9
2013,대학교,사립,전남,기존,초당대학교,예ㆍ체능계열,260,0,193,193,0,74.2,74.2
2013,대학교,사립,전남,기존,초당대학교,공학계열,220,0,193,184,9,87.7,83.6
2013,대학교,사립,전남,기존,초당대학교,자연과학계열,735,0,712,624,88,96.9,84.9
2013,대학교,사립,전남,기존,초당대학교,인문ㆍ사회계열,540,0,719,434,285,133.1,80.4
2013,산업대학,사립,전남,폐교,초당대학교(산업대),자연과학계열,715,0,858,736,122,120,102.9
2013,산업대학,사립,전남,폐교,초당대학교(산업대),예ㆍ체능계열,295,0,303,290,13,102.7,98.3
2013,산업대학,사립,전남,폐교,초당대학교(산업대),공학계열,205,0,157,152,5,76.6,74.1
2013,산업대학,사립,전남,폐교,초당대학교(산업대),인문ㆍ사회계열,710,0,766,696,70,107.9,98
2013,대학교,사립,서울,기존,총신대학교,예ㆍ체능계열,280,0,263,250,13,93.9,89.3
2013,대학교,사립,서울,기존,총신대학교,인문ㆍ사회계열,1160,0,1625,1189,436,140.1,102.5
2013,대학교,사립,서울,기존,추계예술대학교,인문ㆍ사회계열,260,0,283,257,26,108.8,98.8
2013,대학교,사립,서울,기존,추계예술대학교,예ㆍ체능계열,900,0,950,885,65,105.6,98.3
2013,교육대학,국립,강원,기존,춘천교육대학교,자연과학계열,458,0,477,451,26,104.1,98.5
2013,교육대학,국립,강원,기존,춘천교육대학교,인문ㆍ사회계열,606,0,667,615,52,110.1,101.5
2013,교육대학,국립,강원,기존,춘천교육대학교,예ㆍ체능계열,357,0,391,352,39,109.5,98.6
2013,대학교,국립,대전,기존,충남대학교,자연과학계열,4677,0,5136,4897,239,109.8,104.7
2013,대학교,국립,대전,기존,충남대학교,인문ㆍ사회계열,5022,0,6517,6023,494,129.8,119.9
2013,대학교,국립,대전,기존,충남대학교,공학계열,4471,0,5519,5282,237,123.4,118.1
2013,대학교,국립,대전,기존,충남대학교,의학계열,216,0,229,201,28,106,93.1
2013,대학교,국립,대전,기존,충남대학교,예ㆍ체능계열,958,0,960,951,9,100.2,99.3
2013,대학교,국립,충북,기존,충북대학교,의학계열,284,0,302,277,25,106.3,97.5
2013,대학교,국립,충북,기존,충북대학교,예ㆍ체능계열,386,0,389,377,12,100.8,97.7
2013,대학교,국립,충북,기존,충북대학교,공학계열,4206,0,4915,4429,486,116.9,105.3
2013,대학교,국립,충북,기존,충북대학교,자연과학계열,3736,0,4082,3808,274,109.3,101.9
2013,대학교,국립,충북,기존,충북대학교,인문ㆍ사회계열,3979,0,4986,4356,630,125.3,109.5
2013,대학교,사립,경기,기존,칼빈대학교,인문ㆍ사회계열,358,0,401,335,66,112,93.6
2013,대학교,사립,경기,기존,칼빈대학교,예ㆍ체능계열,78,0,61,61,0,78.2,78.2
2013,대학교,사립,제주,폐교,탐라대학교,인문ㆍ사회계열,309,0,138,100,38,44.7,32.4
2013,대학교,사립,제주,폐교,탐라대학교,공학계열,48,0,35,31,4,72.9,64.6
2013,대학교,사립,제주,폐교,탐라대학교,예ㆍ체능계열,175,0,74,64,10,42.3,36.6
2013,대학교,사립,경기,기존,평택대학교,인문ㆍ사회계열,2245,0,2659,2341,318,118.4,104.3
2013,대학교,사립,경기,기존,평택대학교,자연과학계열,635,0,639,606,33,100.6,95.4
2013,대학교,사립,경기,기존,평택대학교,예ㆍ체능계열,920,0,818,790,28,88.9,85.9
2013,대학교,사립,경북,기존,포항공과대학교,자연과학계열,364,0,425,415,10,116.8,114
2013,대학교,사립,경북,기존,포항공과대학교,공학계열,876,0,985,967,18,112.4,110.4
2013,대학교,국립,경기,기존,한경국립대학교,예ㆍ체능계열,154,0,144,137,7,93.5,89
2013,대학교,국립,경기,기존,한경국립대학교,공학계열,1226,0,957,888,69,78.1,72.4
2013,대학교,국립,경기,기존,한경국립대학교,인문ㆍ사회계열,366,0,372,307,65,101.6,83.9
2013,대학교,국립,경기,기존,한경국립대학교,자연과학계열,760,0,692,629,63,91.1,82.8
2013,산업대학,국립,경기,폐교,한경대학교(산업대),인문ㆍ사회계열,440,0,682,563,119,155,128
2013,산업대학,국립,경기,폐교,한경대학교(산업대),공학계열,1242,0,1799,1664,135,144.8,134
2013,산업대학,국립,경기,폐교,한경대학교(산업대),자연과학계열,854,0,1102,966,136,129,113.1
2013,산업대학,국립,경기,폐교,한경대학교(산업대),예ㆍ체능계열,174,0,239,210,29,137.4,120.7
2013,대학교,사립,경기,기존,한국공학대학교,공학계열,2322,0,1947,1639,308,83.9,70.6
2013,대학교,사립,경기,기존,한국공학대학교,예ㆍ체능계열,185,0,161,152,9,87,82.2
2013,대학교,사립,경기,기존,한국공학대학교,인문ㆍ사회계열,253,0,200,186,14,79.1,73.5
2013,대학교,특별법법인,대전,기존,한국과학기술원,자연과학계열,1292,0,1343,1317,26,103.9,101.9
2013,대학교,특별법법인,대전,기존,한국과학기술원,인문ㆍ사회계열,52,0,55,51,4,105.8,98.1
2013,대학교,특별법법인,대전,기존,한국과학기술원,공학계열,2536,0,2641,2510,131,104.1,99
2013,대학교,국립,충북,기존,한국교원대학교,공학계열,160,0,164,154,10,102.5,96.3
2013,대학교,국립,충북,기존,한국교원대학교,예ㆍ체능계열,240,0,245,245,0,102.1,102.1
2013,대학교,국립,충북,기존,한국교원대학교,인문ㆍ사회계열,1233,0,1384,1241,143,112.2,100.6
2013,대학교,국립,충북,기존,한국교원대학교,자연과학계열,580,0,602,552,50,103.8,95.2
2013,대학교,사립,경남,기존,한국국제대학교,예ㆍ체능계열,710,15,668,647,21,96.1,93.1
2013,대학교,사립,경남,기존,한국국제대학교,공학계열,760,0,701,653,48,92.2,85.9
2013,대학교,사립,경남,기존,한국국제대학교,자연과학계열,1168,20,1150,1045,105,100.2,91
2013,대학교,사립,경남,기존,한국국제대학교,인문ㆍ사회계열,1834,21,1688,1601,87,93.1,88.3
2013,대학교,사립,충남,기존,한국기술교육대학교,인문ㆍ사회계열,549,0,737,694,43,134.2,126.4
2013,대학교,사립,충남,기존,한국기술교육대학교,공학계열,3071,0,3585,3292,293,116.7,107.2
2013,방송통신대학,국립,서울,기존,한국방송통신대학교,인문ㆍ사회계열,145200,0,122013,112293,9720,84,77.3
2013,방송통신대학,국립,서울,기존,한국방송통신대학교,자연과학계열,115600,0,33607,31627,1980,29.1,27.4
2013,산업대학,사립,경기,폐교,한국산업기술대학교(산업대),인문ㆍ사회계열,220,0,386,301,85,175.5,136.8
2013,산업대학,사립,경기,폐교,한국산업기술대학교(산업대),예ㆍ체능계열,160,0,244,244,0,152.5,152.5
2013,산업대학,사립,경기,폐교,한국산업기술대학교(산업대),공학계열,2380,0,4053,3328,725,170.3,139.8
2013,대학교,사립,서울,기존,한국성서대학교,공학계열,145,0,134,127,7,92.4,87.6
2013,대학교,사립,서울,기존,한국성서대학교,인문ㆍ사회계열,655,0,864,746,118,131.9,113.9
2013,대학교,사립,서울,기존,한국성서대학교,자연과학계열,160,0,166,152,14,103.8,95
2013,각종학교(대학),특별법국립,서울,기존,한국예술종합학교,예ㆍ체능계열,2232,0,2484,2400,84,111.3,107.5
2013,대학교,사립,서울,기존,한국외국어대학교,인문ㆍ사회계열,6704,0,9041,7557,1484,134.9,112.7
2013,대학교,사립,경기,기존,한국외국어대학교(용인) _분교,공학계열,996,0,1198,1053,145,120.3,105.7
2013,대학교,사립,경기,기존,한국외국어대학교(용인) _분교,인문ㆍ사회계열,4800,0,5692,5081,611,118.6,105.9
2013,대학교,사립,경기,기존,한국외국어대학교(용인) _분교,자연과학계열,1092,0,1143,1042,101,104.7,95.4
2013,각종학교(대학),국립,충남,기존,한국전통문화대학교(각종),인문ㆍ사회계열,160,0,155,154,1,96.9,96.3
2013,각종학교(대학),국립,충남,기존,한국전통문화대학교(각종),자연과학계열,80,0,77,75,2,96.3,93.8
2013,각종학교(대학),국립,충남,기존,한국전통문화대학교(각종),공학계열,160,0,157,156,1,98.1,97.5
2013,각종학교(대학),국립,충남,기존,한국전통문화대학교(각종),예ㆍ체능계열,160,0,165,165,0,103.1,103.1
2013,대학교,국립,서울,기존,한국체육대학교,예ㆍ체능계열,2360,0,2532,2450,82,107.3,103.8
2013,대학교,사립,대전,기존,한국침례신학대학교,예ㆍ체능계열,260,0,249,242,7,95.8,93.1
2013,대학교,사립,대전,기존,한국침례신학대학교,인문ㆍ사회계열,1340,0,1399,1325,74,104.4,98.9
2013,대학교,사립,경기,기존,한국항공대학교,인문ㆍ사회계열,560,0,699,612,87,124.8,109.3
2013,대학교,사립,경기,기존,한국항공대학교,자연과학계열,600,0,810,667,143,135,111.2
2013,대학교,사립,경기,기존,한국항공대학교,공학계열,2400,0,2874,2586,288,119.8,107.8
2013,대학교,사립,대전,기존,한남대학교,자연과학계열,1620,0,1548,1507,41,95.6,93
2013,대학교,사립,대전,기존,한남대학교,인문ㆍ사회계열,6812,0,7472,6887,585,109.7,101.1
2013,대학교,사립,대전,기존,한남대학교,공학계열,2560,0,2735,2447,288,106.8,95.6
2013,대학교,사립,대전,기존,한남대학교,예ㆍ체능계열,1028,0,1021,1004,17,99.3,97.7
2013,대학교,사립,경북,기존,한동대학교,공학계열,918,0,915,837,78,99.7,91.2
2013,대학교,사립,경북,기존,한동대학교,인문ㆍ사회계열,1856,0,2715,2431,284,146.3,131
2013,대학교,사립,경북,기존,한동대학교,자연과학계열,266,0,261,250,11,98.1,94
2013,대학교,사립,강원,기존,한라대학교,공학계열,2040,0,2029,1881,148,99.5,92.2
2013,대학교,사립,강원,기존,한라대학교,예ㆍ체능계열,280,0,234,225,9,83.6,80.4
2013,대학교,사립,강원,기존,한라대학교,인문ㆍ사회계열,1660,0,1774,1665,109,106.9,100.3
2013,대학교,사립,전남,기존,한려대학교,인문ㆍ사회계열,843,0,65,65,0,7.7,7.7
2013,대학교,사립,전남,기존,한려대학교,자연과학계열,760,0,458,405,53,60.3,53.3
2013,산업대학,사립,전남,폐교,한려대학교(산업대),자연과학계열,230,0,157,134,23,68.3,58.3
2013,산업대학,사립,전남,폐교,한려대학교(산업대),인문ㆍ사회계열,306,0,34,24,10,11.1,7.8
2013,대학교,사립,강원,기존,한림대학교,자연과학계열,2192,0,2302,2193,109,105,100
2013,대학교,사립,강원,기존,한림대학교,공학계열,800,0,977,844,133,122.1,105.5
2013,대학교,사립,강원,기존,한림대학교,의학계열,304,0,287,282,5,94.4,92.8
2013,대학교,사립,강원,기존,한림대학교,인문ㆍ사회계열,3940,0,4977,4352,625,126.3,110.5
2013,대학교,사립,강원,기존,한림대학교,예ㆍ체능계열,276,0,320,286,34,115.9,103.6
2013,각종학교(대학),사립,충남,폐교,한민학교,의학계열,420,0,0,0,0,0,0
2013,각종학교(대학),사립,충남,폐교,한민학교,인문ㆍ사회계열,700,0,106,96,10,15.1,13.7
2013,산업대학,국립,대전,폐교,한밭대학교(산업대),인문ㆍ사회계열,836,0,1179,1050,129,141,125.6
2013,산업대학,국립,대전,폐교,한밭대학교(산업대),공학계열,2534,0,3574,3329,245,141,131.4
2013,산업대학,국립,대전,폐교,한밭대학교(산업대),예ㆍ체능계열,230,0,303,271,32,131.7,117.8
2013,대학교,사립,경기,폐교,한북대학교,인문ㆍ사회계열,1200,0,942,886,56,78.5,73.8
2013,대학교,사립,경기,폐교,한북대학교,자연과학계열,280,0,266,249,17,95,88.9
2013,대학교,사립,경기,폐교,한북대학교,공학계열,220,0,151,142,9,68.6,64.5
2013,대학교,사립,경기,폐교,한북대학교,예ㆍ체능계열,300,0,217,205,12,72.3,68.3
2013,대학교,사립,충남,기존,한서대학교,인문ㆍ사회계열,1835,0,2031,1848,183,110.7,100.7
2013,대학교,사립,충남,기존,한서대학교,자연과학계열,1444,0,1557,1322,235,107.8,91.6
2013,대학교,사립,충남,기존,한서대학교,예ㆍ체능계열,1997,0,1944,1701,243,97.3,85.2
2013,대학교,사립,충남,기존,한서대학교,공학계열,2124,0,2293,2033,260,108,95.7
2013,대학교,사립,서울,기존,한성대학교,공학계열,1880,0,2027,1762,265,107.8,93.7
2013,대학교,사립,서울,기존,한성대학교,예ㆍ체능계열,1440,0,1633,1480,153,113.4,102.8
2013,대학교,사립,서울,기존,한성대학교,인문ㆍ사회계열,3160,0,3661,3231,430,115.9,102.2
2013,대학교,사립,경기,기존,한세대학교,자연과학계열,75,0,77,72,5,102.7,96
2013,대학교,사립,경기,기존,한세대학교,공학계열,200,0,257,223,34,128.5,111.5
2013,대학교,사립,경기,기존,한세대학교,예ㆍ체능계열,761,0,858,768,90,112.7,100.9
2013,대학교,사립,경기,기존,한세대학교,인문ㆍ사회계열,1324,0,1602,1346,256,121,101.7
2013,대학교,사립,경기,기존,한신대학교,예ㆍ체능계열,160,0,175,151,24,109.4,94.4
2013,대학교,사립,경기,기존,한신대학교,자연과학계열,384,0,353,331,22,91.9,86.2
2013,대학교,사립,경기,기존,한신대학교,인문ㆍ사회계열,3572,0,4006,3676,330,112.2,102.9
2013,대학교,사립,경기,기존,한신대학교,공학계열,924,0,848,791,57,91.8,85.6
2013,대학교,사립,서울,기존,한양대학교,인문ㆍ사회계열,4142,0,6002,4773,1229,144.9,115.2
2013,대학교,사립,서울,기존,한양대학교,자연과학계열,1610,0,1964,1576,388,122,97.9
2013,대학교,사립,서울,기존,한양대학교,의학계열,220,0,238,238,0,108.2,108.2
2013,대학교,사립,서울,기존,한양대학교,예ㆍ체능계열,1243,0,1339,1274,65,107.7,102.5
2013,대학교,사립,서울,기존,한양대학교,공학계열,4539,0,6034,4987,1047,132.9,109.9
2013,대학교,사립,경기,기존,한양대학교(ERICA) _분교,인문ㆍ사회계열,2855,0,3545,3039,506,124.2,106.4
2013,대학교,사립,경기,기존,한양대학교(ERICA) _분교,공학계열,2637,0,3414,3024,390,129.5,114.7
2013,대학교,사립,경기,기존,한양대학교(ERICA) _분교,자연과학계열,864,0,909,862,47,105.2,99.8
2013,대학교,사립,경기,기존,한양대학교(ERICA) _분교,예ㆍ체능계열,1405,0,1442,1422,20,102.6,101.2
2013,대학교,사립,전북,기존,한일장신대학교,인문ㆍ사회계열,1020,0,769,722,47,75.4,70.8
2013,대학교,사립,전북,기존,한일장신대학교,예ㆍ체능계열,185,0,171,170,1,92.4,91.9
2013,대학교,사립,강원,기존,한중대학교,자연과학계열,475,0,448,350,98,94.3,73.7
2013,대학교,사립,강원,기존,한중대학교,공학계열,685,0,327,315,12,47.7,46
2013,대학교,사립,강원,기존,한중대학교,인문ㆍ사회계열,1010,0,557,532,25,55.1,52.7
2013,대학교,사립,강원,기존,한중대학교,예ㆍ체능계열,755,0,372,363,9,49.3,48.1
2013,대학교,사립,경기,기존,협성대학교,공학계열,550,0,536,465,71,97.5,84.5
2013,대학교,사립,경기,기존,협성대학교,자연과학계열,165,0,199,174,25,120.6,105.5
2013,대학교,사립,경기,기존,협성대학교,인문ㆍ사회계열,2645,0,3074,2638,436,116.2,99.7
2013,대학교,사립,경기,기존,협성대학교,예ㆍ체능계열,960,0,998,975,23,104,101.6
2013,대학교,사립,광주,기존,호남대학교,예ㆍ체능계열,1595,0,1490,1378,112,93.4,86.4
2013,대학교,사립,광주,기존,호남대학교,인문ㆍ사회계열,3099,0,3256,2934,322,105.1,94.7
2013,대학교,사립,광주,기존,호남대학교,공학계열,1555,0,1524,1427,97,98,91.8
2013,대학교,사립,광주,기존,호남대학교,자연과학계열,1257,0,1322,1155,167,105.2,91.9
2013,대학교,사립,광주,기존,호남신학대학교,인문ㆍ사회계열,480,0,389,382,7,81,79.6
2013,대학교,사립,광주,기존,호남신학대학교,예ㆍ체능계열,200,0,183,183,0,91.5,91.5
2013,대학교,사립,충남,기존,호서대학교,자연과학계열,1305,0,1336,1233,103,102.4,94.5
2013,대학교,사립,충남,기존,호서대학교,예ㆍ체능계열,2145,0,2008,1950,58,93.6,90.9
2013,대학교,사립,충남,기존,호서대학교,인문ㆍ사회계열,4215,0,4533,4003,530,107.5,95
2013,대학교,사립,충남,기존,호서대학교,공학계열,4940,0,5231,4711,520,105.9,95.4
2013,산업대학,사립,전북,기존,호원대학교,공학계열,1415,0,1177,1078,99,83.2,76.2
2013,산업대학,사립,전북,기존,호원대학교,예ㆍ체능계열,1385,0,1284,1198,86,92.7,86.5
2013,산업대학,사립,전북,기존,호원대학교,자연과학계열,925,0,869,846,23,93.9,91.5
2013,산업대학,사립,전북,기존,호원대학교,인문ㆍ사회계열,2015,0,1786,1598,188,88.6,79.3
2013,대학교,사립,서울,기존,홍익대학교,예ㆍ체능계열,2000,0,2468,2112,356,123.4,105.6
2013,대학교,사립,서울,기존,홍익대학교,인문ㆍ사회계열,3560,0,4246,3752,494,119.3,105.4
2013,대학교,사립,서울,기존,홍익대학교,공학계열,4205,0,5164,4428,736,122.8,105.3
2013,대학교,사립,서울,기존,홍익대학교,자연과학계열,160,0,179,168,11,111.9,105
2013,대학교,사립,세종,기존,홍익대학교(세종) _분교,인문ㆍ사회계열,1723,0,1966,1775,191,114.1,103
2013,대학교,사립,세종,기존,홍익대학교(세종) _분교,예ㆍ체능계열,1640,0,1942,1665,277,118.4,101.5
2013,대학교,사립,세종,기존,홍익대학교(세종) _분교,공학계열,2473,0,2620,2406,214,105.9,97.3
2013,대학교,사립,경기,기존,화성의과학대학교,인문ㆍ사회계열,721,0,486,470,16,67.4,65.2
2013,대학교,사립,경기,기존,화성의과학대학교,예ㆍ체능계열,190,0,111,110,1,58.4,57.9
2013,대학교,사립,경기,기존,화성의과학대학교,자연과학계열,340,0,291,263,28,85.6,77.4
