기준연도,학교명,대계열,등록금
2014,가야대학교(고령) _제2캠퍼스,인문사회계열,5496000.0
2014,가야대학교(김해),예체능계열,7612000.0
2014,가야대학교(김해),인문사회계열,6561666.666666667
2014,가야대학교(김해),자연과학계열,7752285.714285715
2014,가천대학교,공학계열,9557453.125
2014,가천대학교,예체능계열,9362230.76923077
2014,가천대학교,의학계열,8922000.0
2014,가천대학교,인문사회계열,7395675.675675675
2014,가천대학교,자연과학계열,8811640.0
2014,가톨릭관동대학교,공학계열,8552884.615384616
2014,가톨릭관동대학교,예체능계열,8497545.454545455
2014,가톨릭관동대학교,의학계열,9850000.0
2014,가톨릭관동대학교,인문사회계열,6785081.481481481
2014,가톨릭관동대학교,자연과학계열,8550700.0
2014,가톨릭꽃동네대학교,인문사회계열,7368000.0
2014,가톨릭꽃동네대학교,자연과학계열,8546000.0
2014,가톨릭대학교,공학계열,8786857.142857144
2014,가톨릭대학교,예체능계열,9442000.0
2014,가톨릭대학교,인문사회계열,6573037.037037037
2014,가톨릭대학교,자연과학계열,7644200.0
2014,가톨릭대학교 _제2캠퍼스,자연과학계열,8666000.0
2014,가톨릭대학교 _제3캠퍼스,인문사회계열,7002000.0
2014,감리교신학대학교,인문사회계열,6201250.0
2014,강남대학교,공학계열,10015000.0
2014,강남대학교,예체능계열,10551600.0
2014,강남대학교,인문사회계열,7795500.0
2014,강남대학교,자연과학계열,10015000.0
2014,강서대학교,예체능계열,8749633.333333334
2014,강서대학교,인문사회계열,7027833.333333333
2014,강원대학교,공학계열,4542000.0
2014,강원대학교,예체능계열,4747600.0
2014,강원대학교,의학계열,5758000.0
2014,강원대학교,인문사회계열,3590000.0
2014,강원대학교,자연과학계열,4347329.787234043
2014,강원대학교 _제2캠퍼스,공학계열,4584608.695652174
2014,강원대학교 _제2캠퍼스,예체능계열,4625600.0
2014,강원대학교 _제2캠퍼스,인문사회계열,3553555.5555555555
2014,강원대학교 _제2캠퍼스,자연과학계열,4366000.0
2014,건국대학교,공학계열,9829153.846153846
2014,건국대학교,예체능계열,10084400.0
2014,건국대학교,의학계열,10184000.0
2014,건국대학교,인문사회계열,7457428.571428572
2014,건국대학교,자연과학계열,8828095.238095239
2014,건국대학교(글로컬) _분교,공학계열,9563000.0
2014,건국대학교(글로컬) _분교,예체능계열,9697714.285714285
2014,건국대학교(글로컬) _분교,인문사회계열,7333111.111111111
2014,건국대학교(글로컬) _분교,자연과학계열,8378888.888888889
2014,건양대학교,공학계열,7563125.0
2014,건양대학교,예체능계열,7310000.0
2014,건양대학교,인문사회계열,6463478.260869565
2014,건양대학교,자연과학계열,7451000.0
2014,건양대학교 _제2캠퍼스,의학계열,9546000.0
2014,건양대학교 _제2캠퍼스,인문사회계열,6366000.0
2014,건양대학교 _제2캠퍼스,자연과학계열,7861333.333333333
2014,경기대학교,공학계열,8909466.666666666
2014,경기대학교,예체능계열,8697750.0
2014,경기대학교,인문사회계열,7081000.0
2014,경기대학교,자연과학계열,7956666.666666667
2014,경기대학교 _제2캠퍼스,예체능계열,8908800.0
2014,경기대학교 _제2캠퍼스,인문사회계열,7268666.666666667
2014,경남과학기술대학교 (폐교),공학계열,3963166.6666666665
2014,경남과학기술대학교 (폐교),예체능계열,4140000.0
2014,경남과학기술대학교 (폐교),인문사회계열,3503150.0
2014,경남과학기술대학교 (폐교),자연과학계열,3797144.4444444445
2014,경남대학교,공학계열,7886375.0
2014,경남대학교,예체능계열,7800000.0
2014,경남대학교,인문사회계열,6041918.918918919
2014,경남대학교,자연과학계열,6921555.555555556
2014,경동대학교,공학계열,7613920.0
2014,경동대학교,예체능계열,7904600.0
2014,경동대학교,인문사회계열,5849930.769230769
2014,경동대학교,자연과학계열,8061044.444444444
2014,경동대학교 _제2캠퍼스,공학계열,8646000.0
2014,경동대학교 _제2캠퍼스,예체능계열,8344000.0
2014,경동대학교 _제2캠퍼스,인문사회계열,7255333.333333333
2014,경동대학교 _제2캠퍼스,자연과학계열,8440000.0
2014,경동대학교 _제3캠퍼스,자연과학계열,9477000.0
2014,경동대학교 _제4캠퍼스,공학계열,8640000.0
2014,경동대학교 _제4캠퍼스,예체능계열,8640000.0
2014,경동대학교 _제4캠퍼스,인문사회계열,7066000.0
2014,경북대학교,공학계열,4789481.481481481
2014,경북대학교,예체능계열,4863285.714285715
2014,경북대학교,의학계열,5331000.0
2014,경북대학교,인문사회계열,3765804.8780487804
2014,경북대학교,자연과학계열,4574150.0
2014,경상국립대학교,공학계열,4484560.0
2014,경상국립대학교,예체능계열,4320000.0
2014,경상국립대학교,의학계열,5864000.0
2014,경상국립대학교,인문사회계열,3481235.294117647
2014,경상국립대학교,자연과학계열,4271062.5
2014,경성대학교,공학계열,7962285.714285715
2014,경성대학교,예체능계열,7885428.571428572
2014,경성대학교,인문사회계열,6009655.172413793
2014,경성대학교,자연과학계열,7350909.090909091
2014,경운대학교,공학계열,8931250.0
2014,경운대학교,예체능계열,8726666.666666666
2014,경운대학교,인문사회계열,6760000.0
2014,경운대학교,자연과학계열,8510000.0
2014,경운대학교(산업대) (폐교),공학계열,8231250.0
2014,경운대학교(산업대) (폐교),예체능계열,8026666.666666667
2014,경운대학교(산업대) (폐교),인문사회계열,6060000.0
2014,경운대학교(산업대) (폐교),자연과학계열,7810000.0
2014,경인교육대학교,인문사회계열,3364000.0
2014,경일대학교,공학계열,8315333.333333333
2014,경일대학교,예체능계열,8613000.0
2014,경일대학교,인문사회계열,6334333.333333333
2014,경일대학교,자연과학계열,8362000.0
2014,경희대학교,공학계열,9288666.666666666
2014,경희대학교,예체능계열,9343578.94736842
2014,경희대학교,의학계열,9398000.0
2014,경희대학교,인문사회계열,7252461.538461538
2014,경희대학교,자연과학계열,9053750.0
2014,계명대학교,공학계열,8856571.42857143
2014,계명대학교,예체능계열,9308000.0
2014,계명대학교,의학계열,9856000.0
2014,계명대학교,인문사회계열,6713750.0
2014,계명대학교,자연과학계열,8655294.11764706
2014,고려대학교,공학계열,10532600.0
2014,고려대학교,예체능계열,10114000.0
2014,고려대학교,의학계열,12414000.0
2014,고려대학교,인문사회계열,8198390.0
2014,고려대학교,자연과학계열,9762250.0
2014,고려대학교(세종) _분교,공학계열,10708000.0
2014,고려대학교(세종) _분교,예체능계열,8916000.0
2014,고려대학교(세종) _분교,인문사회계열,8068923.076923077
2014,고려대학교(세종) _분교,자연과학계열,9793555.555555556
2014,고신대학교,예체능계열,7123962.5
2014,고신대학교,의학계열,9410000.0
2014,고신대학교,인문사회계열,6164550.0
2014,고신대학교,자연과학계열,7176190.909090909
2014,공주교육대학교,인문사회계열,3603000.0
2014,광신대학교,예체능계열,7601000.0
2014,광신대학교,인문사회계열,6079500.0
2014,광운대학교,공학계열,9232400.0
2014,광운대학교,예체능계열,8468000.0
2014,광운대학교,인문사회계열,7387272.7272727275
2014,광운대학교,자연과학계열,8229500.0
2014,광주가톨릭대학교,인문사회계열,0.0
2014,광주과학기술원,공학계열,2060000.0
2014,광주과학기술원,자연과학계열,2060000.0
2014,광주교육대학교,인문사회계열,3655276.923076923
2014,광주대학교,공학계열,7481400.0
2014,광주대학교,예체능계열,7468363.636363637
2014,광주대학교,인문사회계열,6399333.333333333
2014,광주대학교,자연과학계열,7396666.666666667
2014,광주여자대학교,예체능계열,7210333.333333333
2014,광주여자대학교,인문사회계열,6153200.0
2014,광주여자대학교,자연과학계열,7054250.0
2014,국립강릉원주대학교,공학계열,4702000.0
2014,국립강릉원주대학교,예체능계열,5274500.0
2014,국립강릉원주대학교,의학계열,7968000.0
2014,국립강릉원주대학교,인문사회계열,3646235.294117647
2014,국립강릉원주대학교,자연과학계열,4569875.0
2014,국립강릉원주대학교 _제2캠퍼스,공학계열,4784000.0
2014,국립강릉원주대학교 _제2캠퍼스,예체능계열,5444000.0
2014,국립강릉원주대학교 _제2캠퍼스,인문사회계열,3614500.0
2014,국립강릉원주대학교 _제2캠퍼스,자연과학계열,4899000.0
2014,국립경국대학교,공학계열,4351142.857142857
2014,국립경국대학교,예체능계열,4338333.333333333
2014,국립경국대학교,인문사회계열,3435222.222222222
2014,국립경국대학교,자연과학계열,3957153.846153846
2014,국립공주대학교,공학계열,4281722.222222222
2014,국립공주대학교,예체능계열,4284933.333333333
2014,국립공주대학교,인문사회계열,3385885.714285714
2014,국립공주대학교,자연과학계열,3999294.117647059
2014,국립군산대학교,공학계열,4411500.0
2014,국립군산대학교,예체능계열,4365200.0
2014,국립군산대학교,인문사회계열,3573294.117647059
2014,국립군산대학교,자연과학계열,4104400.0
2014,국립금오공과대학교,공학계열,3867710.3448275863
2014,국립금오공과대학교,인문사회계열,3575700.0
2014,국립금오공과대학교,자연과학계열,3713000.0
2014,국립목포대학교,공학계열,4414000.0
2014,국립목포대학교,예체능계열,4320666.666666667
2014,국립목포대학교,인문사회계열,3632250.0
2014,국립목포대학교,자연과학계열,4294571.428571428
2014,국립목포해양대학교,공학계열,3802000.0
2014,국립부경대학교,공학계열,4517878.787878788
2014,국립부경대학교,예체능계열,4428000.0
2014,국립부경대학교,인문사회계열,3531222.222222222
2014,국립부경대학교,자연과학계열,4318222.222222222
2014,국립순천대학교,공학계열,4480615.384615385
2014,국립순천대학교,예체능계열,4585600.0
2014,국립순천대학교,인문사회계열,3538727.272727273
2014,국립순천대학교,자연과학계열,4305536.363636363
2014,국립창원대학교,공학계열,4500000.0
2014,국립창원대학교,예체능계열,4485600.0
2014,국립창원대학교,인문사회계열,3565185.185185185
2014,국립창원대학교,자연과학계열,4243090.909090909
2014,국립한국교통대학교,공학계열,4327977.777777778
2014,국립한국교통대학교,예체능계열,4449000.0
2014,국립한국교통대학교,인문사회계열,3729722.222222222
2014,국립한국교통대학교,자연과학계열,4241000.0
2014,국립한국해양대학교,공학계열,4156700.0
2014,국립한국해양대학교,예체능계열,4160000.0
2014,국립한국해양대학교,인문사회계열,3442888.888888889
2014,국립한국해양대학교,자연과학계열,3969333.3333333335
2014,국립한밭대학교,공학계열,4636235.714285715
2014,국립한밭대학교,예체능계열,4598900.0
2014,국립한밭대학교,인문사회계열,3841700.0
2014,국립한밭대학교,자연과학계열,4689800.0
2014,국민대학교,공학계열,9539250.0
2014,국민대학교,예체능계열,9835500.0
2014,국민대학교,인문사회계열,7659818.181818182
2014,국민대학교,자연과학계열,8684875.0
2014,극동대학교,공학계열,8791250.0
2014,극동대학교,예체능계열,8505733.333333334
2014,극동대학교,인문사회계열,7025000.0
2014,극동대학교,자연과학계열,8324857.142857143
2014,금강대학교,인문사회계열,7480200.0
2014,김천대학교,공학계열,8076000.0
2014,김천대학교,예체능계열,8076000.0
2014,김천대학교,인문사회계열,7074333.333333333
2014,김천대학교,자연과학계열,7701428.571428572
2014,나사렛대학교,공학계열,8550000.0
2014,나사렛대학교,예체능계열,8700000.0
2014,나사렛대학교,인문사회계열,7343448.275862069
2014,나사렛대학교,자연과학계열,8733333.333333334
2014,남부대학교,공학계열,7426666.666666667
2014,남부대학교,예체능계열,7389600.0
2014,남부대학교,인문사회계열,6416400.0
2014,남부대학교,자연과학계열,7017600.0
2014,남서울대학교,공학계열,9028000.0
2014,남서울대학교,예체능계열,9158400.0
2014,남서울대학교,인문사회계열,7754000.0
2014,남서울대학교,자연과학계열,9340333.333333334
2014,남서울대학교(산업대) (폐교),공학계열,8408750.0
2014,남서울대학교(산업대) (폐교),예체능계열,8558400.0
2014,남서울대학교(산업대) (폐교),인문사회계열,7154000.0
2014,남서울대학교(산업대) (폐교),자연과학계열,8740333.333333334
2014,단국대학교,공학계열,9917384.615384616
2014,단국대학교,예체능계열,9855714.285714285
2014,단국대학교,인문사회계열,7608916.666666667
2014,단국대학교,자연과학계열,8845142.857142856
2014,단국대학교 _제2캠퍼스,공학계열,9344363.636363637
2014,단국대학교 _제2캠퍼스,예체능계열,9525500.0
2014,단국대학교 _제2캠퍼스,의학계열,10342000.0
2014,단국대학교 _제2캠퍼스,인문사회계열,7421037.037037037
2014,단국대학교 _제2캠퍼스,자연과학계열,9464437.5
2014,대구가톨릭대학교,공학계열,8392000.0
2014,대구가톨릭대학교,예체능계열,9277166.666666666
2014,대구가톨릭대학교,의학계열,9610000.0
2014,대구가톨릭대학교,인문사회계열,6401761.904761905
2014,대구가톨릭대학교,자연과학계열,8539573.913043479
2014,대구경북과학기술원,자연과학계열,0.0
2014,대구교육대학교,인문사회계열,3781000.0
2014,대구대학교,공학계열,8489368.421052631
2014,대구대학교,예체능계열,8880000.0
2014,대구대학교,인문사회계열,6397488.372093023
2014,대구대학교,자연과학계열,8088074.074074074
2014,대구예술대학교,예체능계열,8898444.444444444
2014,대구예술대학교,인문사회계열,5792000.0
2014,대구예술대학교,자연과학계열,7501200.0
2014,대구외국어대학교 (폐교),인문사회계열,5736000.0
2014,대구한의대학교,공학계열,8220000.0
2014,대구한의대학교,예체능계열,8356000.0
2014,대구한의대학교,의학계열,9260000.0
2014,대구한의대학교,인문사회계열,6245523.80952381
2014,대구한의대학교,자연과학계열,8177000.0
2014,대신대학교,예체능계열,7754800.0
2014,대신대학교,인문사회계열,6458833.333333333
2014,대전가톨릭대학교,인문사회계열,6260000.0
2014,대전대학교,공학계열,8700666.666666666
2014,대전대학교,예체능계열,8031000.0
2014,대전대학교,의학계열,9350000.0
2014,대전대학교,인문사회계열,7228071.428571428
2014,대전대학교,자연과학계열,8163600.0
2014,대전신학대학교,인문사회계열,6556000.0
2014,대진대학교,공학계열,8913000.0
2014,대진대학교,예체능계열,8846750.0
2014,대진대학교,인문사회계열,6941000.0
2014,대진대학교,자연과학계열,8284125.0
2014,덕성여자대학교,공학계열,9303000.0
2014,덕성여자대학교,예체능계열,9387000.0
2014,덕성여자대학교,인문사회계열,6971000.0
2014,덕성여자대학교,자연과학계열,8436166.666666666
2014,동국대학교,공학계열,10184000.0
2014,동국대학교,예체능계열,10025428.57142857
2014,동국대학교,인문사회계열,7738000.0
2014,동국대학교,자연과학계열,9091636.363636363
2014,동국대학교(WISE) _분교,공학계열,9426909.090909092
2014,동국대학교(WISE) _분교,예체능계열,9456000.0
2014,동국대학교(WISE) _분교,의학계열,10368000.0
2014,동국대학교(WISE) _분교,인문사회계열,7333294.117647059
2014,동국대학교(WISE) _분교,자연과학계열,8749818.181818182
2014,동덕여자대학교,공학계열,8314000.0
2014,동덕여자대학교,예체능계열,9359882.352941176
2014,동덕여자대학교,인문사회계열,6669333.333333333
2014,동덕여자대학교,자연과학계열,8432800.0
2014,동명대학교,공학계열,8288000.0
2014,동명대학교,예체능계열,8154000.0
2014,동명대학교,인문사회계열,6225263.157894737
2014,동명대학교,자연과학계열,7849000.0
2014,동서대학교,공학계열,7782450.0
2014,동서대학교,예체능계열,7559538.461538462
2014,동서대학교,인문사회계열,6133655.172413793
2014,동서대학교,자연과학계열,8056500.0
2014,동신대학교,공학계열,7651818.181818182
2014,동신대학교,예체능계열,7490800.0
2014,동신대학교,의학계열,8520000.0
2014,동신대학교,인문사회계열,6287200.0
2014,동신대학교,자연과학계열,7432766.666666667
2014,동아대학교,공학계열,8392411.764705881
2014,동아대학교,예체능계열,8029882.352941177
2014,동아대학교,의학계열,9734000.0
2014,동아대학교,인문사회계열,6506833.333333333
2014,동아대학교,자연과학계열,7549400.0
2014,동양대학교,공학계열,7897333.333333333
2014,동양대학교,예체능계열,8117600.0
2014,동양대학교,인문사회계열,6348000.0
2014,동양대학교,자연과학계열,8164000.0
2014,동의대학교,공학계열,8056000.0
2014,동의대학교,예체능계열,7479333.333333333
2014,동의대학교,의학계열,8130000.0
2014,동의대학교,인문사회계열,5996000.0
2014,동의대학교,자연과학계열,7237500.0
2014,루터대학교,예체능계열,6900000.0
2014,루터대학교,인문사회계열,6774000.0
2014,루터대학교,자연과학계열,6990000.0
2014,명지대학교,공학계열,10022000.0
2014,명지대학교,예체능계열,10299857.142857144
2014,명지대학교,인문사회계열,9094000.0
2014,명지대학교,자연과학계열,9120000.0
2014,명지대학교 _제2캠퍼스,공학계열,7704000.0
2014,명지대학교 _제2캠퍼스,인문사회계열,7644181.818181818
2014,목원대학교,공학계열,8489000.0
2014,목원대학교,예체능계열,8639913.043478262
2014,목원대학교,인문사회계열,7085809.523809524
2014,목원대학교,자연과학계열,7864583.333333333
2014,목포가톨릭대학교,인문사회계열,6123000.0
2014,목포가톨릭대학교,자연과학계열,7292000.0
2014,배재대학교,공학계열,8363294.117647059
2014,배재대학교,예체능계열,8356000.0
2014,배재대학교,인문사회계열,6899860.465116279
2014,배재대학교,자연과학계열,7746769.230769231
2014,백석대학교,공학계열,9090000.0
2014,백석대학교,예체능계열,9466153.846153846
2014,백석대학교,인문사회계열,7690000.0
2014,백석대학교,자연과학계열,9090000.0
2014,부산가톨릭대학교,공학계열,8139200.0
2014,부산가톨릭대학교,인문사회계열,6269257.142857143
2014,부산가톨릭대학교,자연과학계열,7512400.0
2014,부산교육대학교,인문사회계열,3202000.0
2014,부산대학교,공학계열,4875750.0
2014,부산대학교,예체능계열,4853333.333333333
2014,부산대학교,인문사회계열,3647897.435897436
2014,부산대학교,자연과학계열,4635230.769230769
2014,부산외국어대학교,공학계열,8014514.285714285
2014,부산외국어대학교,예체능계열,6833900.0
2014,부산외국어대학교,인문사회계열,6185746.9387755105
2014,부산외국어대학교,자연과학계열,6673000.0
2014,부산장신대학교,인문사회계열,6439633.333333333
2014,삼육대학교,공학계열,9144500.0
2014,삼육대학교,예체능계열,9649000.0
2014,삼육대학교,인문사회계열,7742000.0
2014,삼육대학교,자연과학계열,8775916.666666666
2014,상명대학교,공학계열,8914857.142857144
2014,상명대학교,예체능계열,9485500.0
2014,상명대학교,인문사회계열,7605411.764705882
2014,상명대학교,자연과학계열,9004000.0
2014,상명대학교(천안) _분교(폐교),공학계열,9265000.0
2014,상명대학교(천안) _분교(폐교),예체능계열,9312000.0
2014,상명대학교(천안) _분교(폐교),인문사회계열,7593846.153846154
2014,상명대학교(천안) _분교(폐교),자연과학계열,9239500.0
2014,상지대학교,공학계열,8571750.0
2014,상지대학교,예체능계열,8307000.0
2014,상지대학교,의학계열,9754500.0
2014,상지대학교,인문사회계열,6820185.185185186
2014,상지대학교,자연과학계열,7972000.0
2014,서강대학교,공학계열,10283400.0
2014,서강대학교,인문사회계열,8047545.454545454
2014,서강대학교,자연과학계열,9405000.0
2014,서경대학교,공학계열,8925222.222222222
2014,서경대학교,예체능계열,9392812.5
2014,서경대학교,인문사회계열,7379700.0
2014,서경대학교,자연과학계열,8907333.333333334
2014,서남대학교 (폐교),공학계열,7297500.0
2014,서남대학교 (폐교),예체능계열,6915750.0
2014,서남대학교 (폐교),의학계열,9900000.0
2014,서남대학교 (폐교),인문사회계열,5859142.857142857
2014,서남대학교 (폐교),자연과학계열,8067285.714285715
2014,서남대학교 _제2캠퍼스(폐교),공학계열,7549833.333333333
2014,서남대학교 _제2캠퍼스(폐교),예체능계열,7074000.0
2014,서남대학교 _제2캠퍼스(폐교),인문사회계열,6010000.0
2014,서남대학교 _제2캠퍼스(폐교),자연과학계열,7661200.0
2014,서울과학기술대학교,공학계열,5549700.0
2014,서울과학기술대학교,예체능계열,5640800.0
2014,서울과학기술대학교,인문사회계열,4593616.666666667
2014,서울과학기술대학교,자연과학계열,5568000.0
2014,서울과학기술대학교(산업대) (폐교),공학계열,4856230.0
2014,서울과학기술대학교(산업대) (폐교),예체능계열,4919666.666666667
2014,서울과학기술대학교(산업대) (폐교),인문사회계열,4139000.0
2014,서울과학기술대학교(산업대) (폐교),자연과학계열,4853000.0
2014,서울교육대학교,인문사회계열,3259000.0
2014,서울기독대학교,예체능계열,8955900.0
2014,서울기독대학교,인문사회계열,7227333.333333333
2014,서울대학교,공학계열,6209333.333333333
2014,서울대학교,예체능계열,7633222.222222222
2014,서울대학교,의학계열,9781000.0
2014,서울대학교,인문사회계열,5158673.076923077
2014,서울대학교,자연과학계열,6346521.739130435
2014,서울시립대학교,공학계열,2793000.0
2014,서울시립대학교,예체능계열,3026750.0
2014,서울시립대학교,인문사회계열,2136000.0
2014,서울시립대학교,자연과학계열,2508200.0
2014,서울신학대학교,예체능계열,9106750.0
2014,서울신학대학교,인문사회계열,7307212.5
2014,서울여자대학교,공학계열,9031000.0
2014,서울여자대학교,예체능계열,10017083.333333334
2014,서울여자대학교,인문사회계열,7656400.0
2014,서울여자대학교,자연과학계열,9015428.57142857
2014,서울장신대학교,예체능계열,10575300.0
2014,서울장신대학교,인문사회계열,7667300.0
2014,서울한영대학교,예체능계열,8545800.0
2014,서울한영대학교,인문사회계열,6993950.0
2014,서원대학교,공학계열,8645022.222222222
2014,서원대학교,예체능계열,8375490.0
2014,서원대학교,인문사회계열,7011373.9130434785
2014,서원대학교,자연과학계열,7798185.714285715
2014,선문대학교,공학계열,8756500.0
2014,선문대학교,예체능계열,8066000.0
2014,선문대학교,인문사회계열,7250645.161290322
2014,선문대학교,자연과학계열,8420181.818181818
2014,성결대학교,공학계열,8982000.0
2014,성결대학교,예체능계열,9627000.0
2014,성결대학교,인문사회계열,7292000.0
2014,성공회대학교,공학계열,8514000.0
2014,성공회대학교,인문사회계열,7653444.444444444
2014,성균관대학교,공학계열,9428666.666666666
2014,성균관대학교,예체능계열,9884000.0
2014,성균관대학교,의학계열,11338000.0
2014,성균관대학교,인문사회계열,7509571.428571428
2014,성균관대학교,자연과학계열,8985166.666666666
2014,성신여자대학교,공학계열,9034000.0
2014,성신여자대학교,예체능계열,10361384.615384616
2014,성신여자대학교,인문사회계열,7698400.0
2014,성신여자대학교,자연과학계열,8932222.222222222
2014,세명대학교,공학계열,8173666.666666667
2014,세명대학교,예체능계열,8192000.0
2014,세명대학교,의학계열,8894000.0
2014,세명대학교,인문사회계열,6490521.739130435
2014,세명대학교,자연과학계열,8121111.111111111
2014,세종대학교,공학계열,9125214.285714285
2014,세종대학교,예체능계열,9489500.0
2014,세종대학교,인문사회계열,6856857.142857143
2014,세종대학교,자연과학계열,8139142.857142857
2014,세한대학교,공학계열,7151200.0
2014,세한대학교,예체능계열,7053723.80952381
2014,세한대학교,인문사회계열,5602154.545454546
2014,세한대학교,자연과학계열,6933483.333333333
2014,송원대학교,공학계열,6646100.0
2014,송원대학교,예체능계열,6947333.333333333
2014,송원대학교,인문사회계열,6144257.142857143
2014,송원대학교,자연과학계열,7120000.0
2014,수원가톨릭대학교,인문사회계열,5667000.0
2014,수원대학교,공학계열,8607222.222222222
2014,수원대학교,예체능계열,8815583.333333334
2014,수원대학교,인문사회계열,6930764.705882353
2014,수원대학교,자연과학계열,7983000.0
2014,숙명여자대학교,공학계열,9287000.0
2014,숙명여자대학교,예체능계열,10576090.909090908
2014,숙명여자대학교,인문사회계열,7977454.545454546
2014,숙명여자대학교,자연과학계열,9422000.0
2014,순복음총회신학교,예체능계열,7700000.0
2014,순복음총회신학교,인문사회계열,6225000.0
2014,순천향대학교,공학계열,9118000.0
2014,순천향대학교,예체능계열,8585000.0
2014,순천향대학교,의학계열,10040000.0
2014,순천향대학교,인문사회계열,7818111.111111111
2014,순천향대학교,자연과학계열,8451466.666666666
2014,숭실대학교,공학계열,9497000.0
2014,숭실대학교,예체능계열,8992000.0
2014,숭실대학교,인문사회계열,7954000.0
2014,숭실대학교,자연과학계열,8776800.0
2014,신경주대학교,공학계열,8088200.0
2014,신경주대학교,예체능계열,8698222.222222222
2014,신경주대학교,인문사회계열,6560347.826086956
2014,신경주대학교,자연과학계열,7921460.0
2014,신라대학교,공학계열,8307544.444444444
2014,신라대학교,예체능계열,8009444.444444444
2014,신라대학교,인문사회계열,6223472.413793104
2014,신라대학교,자연과학계열,7718990.0
2014,신한대학교,공학계열,10668000.0
2014,신한대학교,인문사회계열,8468000.0
2014,신한대학교,자연과학계열,10068000.0
2014,신한대학교 _제2캠퍼스,공학계열,10668000.0
2014,신한대학교 _제2캠퍼스,예체능계열,10568000.0
2014,신한대학교 _제2캠퍼스,인문사회계열,8468000.0
2014,신한대학교 _제2캠퍼스,자연과학계열,10068000.0
2014,아신대학교,인문사회계열,6856000.0
2014,아주대학교,공학계열,9383818.181818182
2014,아주대학교,의학계열,11180000.0
2014,아주대학교,인문사회계열,7606909.090909091
2014,아주대학교,자연과학계열,9089333.333333334
2014,안양대학교,공학계열,9393000.0
2014,안양대학교,예체능계열,9103500.0
2014,안양대학교,인문사회계열,7542615.384615385
2014,안양대학교,자연과학계열,8636000.0
2014,안양대학교 _제2캠퍼스,공학계열,9393000.0
2014,안양대학교 _제2캠퍼스,인문사회계열,7601000.0
2014,연세대학교,공학계열,10279181.818181818
2014,연세대학교,예체능계열,10817000.0
2014,연세대학교,의학계열,12128000.0
2014,연세대학교,인문사회계열,9692517.24137931
2014,연세대학교,자연과학계열,10414842.105263159
2014,연세대학교(미래) _분교,공학계열,10329000.0
2014,연세대학교(미래) _분교,예체능계열,9227000.0
2014,연세대학교(미래) _분교,의학계열,12128000.0
2014,연세대학교(미래) _분교,인문사회계열,7712500.0
2014,연세대학교(미래) _분교,자연과학계열,8937500.0
2014,영남대학교,공학계열,8813000.0
2014,영남대학교,예체능계열,9563500.0
2014,영남대학교,의학계열,10714000.0
2014,영남대학교,인문사회계열,6545032.258064516
2014,영남대학교,자연과학계열,8902421.05263158
2014,영남신학대학교,인문사회계열,6516033.333333333
2014,영산대학교,공학계열,7907000.0
2014,영산대학교,예체능계열,7147000.0
2014,영산대학교,인문사회계열,5828321.428571428
2014,영산대학교,자연과학계열,6818600.0
2014,영산대학교 _제2캠퍼스,공학계열,7907000.0
2014,영산대학교 _제2캠퍼스,예체능계열,7907000.0
2014,영산대학교 _제2캠퍼스,인문사회계열,5981000.0
2014,영산대학교 _제2캠퍼스,자연과학계열,7679000.0
2014,영산선학대학교,인문사회계열,2150000.0
2014,예수대학교,인문사회계열,5563000.0
2014,예수대학교,자연과학계열,7403000.0
2014,예원예술대학교,예체능계열,7788075.0
2014,예원예술대학교,인문사회계열,6178025.0
2014,예원예술대학교 _제2캠퍼스,예체능계열,8214211.111111111
2014,용인대학교,예체능계열,8833000.0
2014,용인대학교,인문사회계열,7760090.909090909
2014,용인대학교,자연과학계열,8455000.0
2014,우석대학교,공학계열,8237000.0
2014,우석대학교,예체능계열,7913181.818181818
2014,우석대학교,의학계열,8316250.0
2014,우석대학교,인문사회계열,6241366.666666667
2014,우석대학교,자연과학계열,7584875.0
2014,우송대학교,공학계열,7893433.333333333
2014,우송대학교,예체능계열,8183540.0
2014,우송대학교,인문사회계열,7165650.0
2014,우송대학교,자연과학계열,8344033.333333333
2014,울산과학기술원,공학계열,6342000.0
2014,울산과학기술원,인문사회계열,5880000.0
2014,울산과학기술원,자연과학계열,6342000.0
2014,울산대학교,공학계열,8779333.333333334
2014,울산대학교,예체능계열,9001000.0
2014,울산대학교,의학계열,10952000.0
2014,울산대학교,인문사회계열,6211642.857142857
2014,울산대학교,자연과학계열,8553914.285714285
2014,원광대학교,공학계열,8419000.0
2014,원광대학교,예체능계열,8042500.0
2014,원광대학교,의학계열,9750000.0
2014,원광대학교,인문사회계열,6579612.903225807
2014,원광대학교,자연과학계열,8073409.090909091
2014,위덕대학교,공학계열,8174818.181818182
2014,위덕대학교,예체능계열,8656333.333333334
2014,위덕대학교,인문사회계열,6782692.307692308
2014,위덕대학교,자연과학계열,8379428.571428572
2014,유원대학교,공학계열,8461777.777777778
2014,유원대학교,예체능계열,8628000.0
2014,유원대학교,인문사회계열,6875384.615384615
2014,유원대학교,자연과학계열,8628000.0
2014,을지대학교,의학계열,10320500.0
2014,을지대학교,자연과학계열,9858333.333333334
2014,을지대학교 _제2캠퍼스,공학계열,9967500.0
2014,을지대학교 _제2캠퍼스,예체능계열,9448250.0
2014,을지대학교 _제2캠퍼스,인문사회계열,8508000.0
2014,을지대학교 _제2캠퍼스,자연과학계열,9294291.666666666
2014,이화여자대학교,공학계열,9746000.0
2014,이화여자대학교,예체능계열,10823428.57142857
2014,이화여자대학교,인문사회계열,7777428.571428572
2014,이화여자대학교,자연과학계열,9269642.857142856
2014,인제대학교,공학계열,8199581.25
2014,인제대학교,예체능계열,8196500.0
2014,인제대학교,인문사회계열,6221094.736842105
2014,인제대학교,자연과학계열,7893427.2727272725
2014,인제대학교 _제2캠퍼스,의학계열,9902000.0
2014,인제대학교 _제2캠퍼스,자연과학계열,7489500.0
2014,인천가톨릭대학교,인문사회계열,5186000.0
2014,인천가톨릭대학교 _제2캠퍼스,예체능계열,8710000.0
2014,인천가톨릭대학교 _제2캠퍼스,자연과학계열,8950000.0
2014,인천대학교,공학계열,5663857.142857143
2014,인천대학교,예체능계열,5373714.285714285
2014,인천대학교,인문사회계열,4623923.076923077
2014,인천대학교,자연과학계열,4993100.0
2014,인하대학교,공학계열,8820127.659574468
2014,인하대학교,예체능계열,9012666.666666666
2014,인하대학교,인문사회계열,7130444.444444444
2014,인하대학교,자연과학계열,8259217.391304348
2014,장로회신학대학교,예체능계열,9251500.0
2014,장로회신학대학교,인문사회계열,6657500.0
2014,전남대학교,공학계열,4498235.294117647
2014,전남대학교,예체능계열,4654000.0
2014,전남대학교,의학계열,5874000.0
2014,전남대학교,인문사회계열,3625777.777777778
2014,전남대학교,자연과학계열,4425111.111111111
2014,전남대학교 _제2캠퍼스,공학계열,4530000.0
2014,전남대학교 _제2캠퍼스,예체능계열,4740000.0
2014,전남대학교 _제2캠퍼스,인문사회계열,3870800.0
2014,전남대학교 _제2캠퍼스,자연과학계열,4200800.0
2014,전북대학교,공학계열,4658742.857142857
2014,전북대학교,예체능계열,4769428.571428572
2014,전북대학교,의학계열,4852000.0
2014,전북대학교,인문사회계열,3508751.515151515
2014,전북대학교,자연과학계열,4374750.0
2014,전주교육대학교,인문사회계열,3440000.0
2014,전주대학교,공학계열,8460000.0
2014,전주대학교,예체능계열,8079166.666666667
2014,전주대학교,인문사회계열,6760000.0
2014,전주대학교,자연과학계열,7793333.333333333
2014,정석대학,공학계열,0.0
2014,정석대학,인문사회계열,0.0
2014,제주국제대학교,공학계열,7104857.142857143
2014,제주국제대학교,예체능계열,6822000.0
2014,제주국제대학교,인문사회계열,6550000.0
2014,제주국제대학교,자연과학계열,6777000.0
2014,제주대학교,공학계열,4498437.5
2014,제주대학교,예체능계열,4410500.0
2014,제주대학교,의학계열,5605000.0
2014,제주대학교,인문사회계열,3419587.5
2014,제주대학교,자연과학계열,4171161.904761905
2014,조선대학교,공학계열,8124148.148148148
2014,조선대학교,예체능계열,7804210.52631579
2014,조선대학교,인문사회계열,6407076.923076923
2014,조선대학교,자연과학계열,7349282.608695652
2014,중부대학교,공학계열,8096500.0
2014,중부대학교,예체능계열,8294000.0
2014,중부대학교,인문사회계열,7112560.0
2014,중부대학교,자연과학계열,7702000.0
2014,중앙대학교,공학계열,10016000.0
2014,중앙대학교,예체능계열,9849500.0
2014,중앙대학교,인문사회계열,7792000.0
2014,중앙대학교,자연과학계열,9181200.0
2014,중앙대학교 _제2캠퍼스,공학계열,9036000.0
2014,중앙대학교 _제2캠퍼스,예체능계열,10057777.777777778
2014,중앙대학교 _제2캠퍼스,인문사회계열,6812000.0
2014,중앙대학교 _제2캠퍼스,자연과학계열,8918000.0
2014,중앙승가대학교,인문사회계열,1810000.0
2014,중원대학교,공학계열,8489888.888888888
2014,중원대학교,예체능계열,8253000.0
2014,중원대학교,인문사회계열,7007000.0
2014,중원대학교,자연과학계열,8459571.42857143
2014,진주교육대학교,인문사회계열,3625925.0
2014,진주산업대학교(산업대) (폐교),공학계열,3205000.0
2014,차의과학대학교,인문사회계열,7713000.0
2014,차의과학대학교,자연과학계열,8060833.333333333
2014,창신대학교,공학계열,7720000.0
2014,창신대학교,예체능계열,7605333.333333333
2014,창신대학교,인문사회계열,6005000.0
2014,창신대학교,자연과학계열,7153333.333333333
2014,청운대학교,공학계열,8520000.0
2014,청운대학교,예체능계열,8716000.0
2014,청운대학교,인문사회계열,7600615.384615385
2014,청운대학교,자연과학계열,8520000.0
2014,청주교육대학교,인문사회계열,3409000.0
2014,청주대학교,공학계열,9528714.285714285
2014,청주대학교,예체능계열,9341666.666666666
2014,청주대학교,인문사회계열,7906037.037037037
2014,청주대학교,자연과학계열,8947750.0
2014,초당대학교,공학계열,7278000.0
2014,초당대학교,예체능계열,6930666.666666667
2014,초당대학교,인문사회계열,5866800.0
2014,초당대학교,자연과학계열,7064000.0
2014,초당대학교(산업대) (폐교),공학계열,4060000.0
2014,초당대학교(산업대) (폐교),예체능계열,4926250.0
2014,초당대학교(산업대) (폐교),인문사회계열,3724000.0
2014,초당대학교(산업대) (폐교),자연과학계열,5215000.0
2014,총신대학교,예체능계열,9649000.0
2014,총신대학교,인문사회계열,7440000.0
2014,추계예술대학교,예체능계열,9695062.5
2014,추계예술대학교,인문사회계열,7418333.333333333
2014,춘천교육대학교,인문사회계열,3366000.0
2014,충남대학교,공학계열,5025000.0
2014,충남대학교,예체능계열,4787777.777777778
2014,충남대학교,의학계열,5616000.0
2014,충남대학교,인문사회계열,3565806.4516129033
2014,충남대학교,자연과학계열,4348451.612903226
2014,충북대학교,공학계열,4753294.117647059
2014,충북대학교,예체능계열,4529860.0
2014,충북대학교,의학계열,7445000.0
2014,충북대학교,인문사회계열,3688007.1428571427
2014,충북대학교,자연과학계열,4539542.424242424
2014,칼빈대학교,예체능계열,8703800.0
2014,칼빈대학교,인문사회계열,7129400.0
2014,탐라대학교 (폐교),공학계열,6642000.0
2014,탐라대학교 (폐교),예체능계열,6642000.0
2014,탐라대학교 (폐교),인문사회계열,6082000.0
2014,평택대학교,공학계열,8716000.0
2014,평택대학교,예체능계열,9594000.0
2014,평택대학교,인문사회계열,7568000.0
2014,평택대학교,자연과학계열,8716000.0
2014,포항공과대학교,공학계열,6254000.0
2014,포항공과대학교,자연과학계열,6254000.0
2014,한경국립대학교,공학계열,4180466.6666666665
2014,한경국립대학교,예체능계열,4172000.0
2014,한경국립대학교,인문사회계열,3688500.0
2014,한경국립대학교,자연과학계열,3991000.0
2014,한경대학교(산업대) (폐교),공학계열,3286142.8571428573
2014,한경대학교(산업대) (폐교),예체능계열,3294000.0
2014,한경대학교(산업대) (폐교),인문사회계열,3113166.6666666665
2014,한경대학교(산업대) (폐교),자연과학계열,3231142.8571428573
2014,한국공학대학교,공학계열,9880000.0
2014,한국공학대학교,예체능계열,9880000.0
2014,한국공학대학교,인문사회계열,8661000.0
2014,한국과학기술원,공학계열,7219000.0
2014,한국교원대학교,공학계열,3620000.0
2014,한국교원대학교,예체능계열,3821333.3333333335
2014,한국교원대학교,인문사회계열,2901363.6363636362
2014,한국교원대학교,자연과학계열,3529875.0
2014,한국국제대학교 (폐교),공학계열,7500000.0
2014,한국국제대학교 (폐교),예체능계열,7225333.333333333
2014,한국국제대학교 (폐교),인문사회계열,6137714.285714285
2014,한국국제대학교 (폐교),자연과학계열,7084285.714285715
2014,한국기술교육대학교,공학계열,5001071.428571428
2014,한국기술교육대학교,인문사회계열,3568500.0
2014,한국방송통신대학교,공학계열,1480000.0
2014,한국방송통신대학교,인문사회계열,789941.1764705882
2014,한국방송통신대학교,자연과학계열,719000.0
2014,한국산업기술대학교(산업대) (폐교),공학계열,7547000.0
2014,한국산업기술대학교(산업대) (폐교),예체능계열,7547000.0
2014,한국산업기술대학교(산업대) (폐교),인문사회계열,7547000.0
2014,한국성서대학교,공학계열,8300000.0
2014,한국성서대학교,인문사회계열,7120000.0
2014,한국성서대학교,자연과학계열,8300000.0
2014,한국예술종합학교,공학계열,4882000.0
2014,한국예술종합학교,예체능계열,4917016.666666667
2014,한국예술종합학교,인문사회계열,4913500.0
2014,한국외국어대학교,공학계열,9449000.0
2014,한국외국어대학교,인문사회계열,7512253.333333333
2014,한국외국어대학교,자연과학계열,8630857.142857144
2014,한국전통문화대학교(일반),공학계열,3849000.0
2014,한국전통문화대학교(일반),예체능계열,3763500.0
2014,한국전통문화대학교(일반),인문사회계열,3025750.0
2014,한국전통문화대학교(일반),자연과학계열,3988500.0
2014,한국체육대학교,예체능계열,4220571.428571428
2014,한국체육대학교,인문사회계열,4350000.0
2014,한국침례신학대학교,예체능계열,8357350.0
2014,한국침례신학대학교,인문사회계열,6420300.0
2014,한국항공대학교,공학계열,9754300.0
2014,한국항공대학교,인문사회계열,7731500.0
2014,한국항공대학교,자연과학계열,9650500.0
2014,한남대학교,공학계열,9106000.0
2014,한남대학교,예체능계열,8765400.0
2014,한남대학교,인문사회계열,7179416.666666667
2014,한남대학교,자연과학계열,8117725.0
2014,한동대학교,공학계열,7748000.0
2014,한동대학교,인문사회계열,5935500.0
2014,한동대학교,자연과학계열,7748000.0
2014,한라대학교,공학계열,8091750.0
2014,한라대학교,예체능계열,8398000.0
2014,한라대학교,인문사회계열,6560000.0
2014,한려대학교 (폐교),인문사회계열,5676333.333333333
2014,한려대학교 (폐교),자연과학계열,7407142.857142857
2014,한림대학교,공학계열,9342000.0
2014,한림대학교,예체능계열,9038000.0
2014,한림대학교,의학계열,10366000.0
2014,한림대학교,인문사회계열,7571458.823529412
2014,한림대학교,자연과학계열,8956000.0
2014,한밭대학교(산업대) (폐교),공학계열,3626000.0
2014,한밭대학교(산업대) (폐교),예체능계열,3626000.0
2014,한밭대학교(산업대) (폐교),인문사회계열,3461000.0
2014,한밭대학교(산업대) (폐교),자연과학계열,3626000.0
2014,한북대학교 (폐교),공학계열,8760000.0
2014,한북대학교 (폐교),예체능계열,8526666.666666666
2014,한북대학교 (폐교),인문사회계열,6980000.0
2014,한북대학교 (폐교),자연과학계열,8410000.0
2014,한서대학교,공학계열,9152666.666666666
2014,한서대학교,예체능계열,8809428.57142857
2014,한서대학교,인문사회계열,7251454.545454546
2014,한서대학교,자연과학계열,8283090.909090909
2014,한성대학교,공학계열,9352000.0
2014,한성대학교,예체능계열,9398545.454545455
2014,한성대학교,인문사회계열,7300000.0
2014,한세대학교,공학계열,9775000.0
2014,한세대학교,예체능계열,10287166.666666666
2014,한세대학교,인문사회계열,7972000.0
2014,한세대학교,자연과학계열,9173000.0
2014,한신대학교,공학계열,8837333.333333334
2014,한신대학교,예체능계열,8728000.0
2014,한신대학교,인문사회계열,7579724.137931035
2014,한신대학교,자연과학계열,8116400.0
2014,한양대학교,공학계열,10188150.0
2014,한양대학교,예체능계열,10600400.0
2014,한양대학교,의학계열,10822000.0
2014,한양대학교,인문사회계열,8011619.047619048
2014,한양대학교,자연과학계열,9237454.545454545
2014,한양대학교(ERICA) _분교,공학계열,10106733.333333334
2014,한양대학교(ERICA) _분교,예체능계열,9842000.0
2014,한양대학교(ERICA) _분교,인문사회계열,8003000.0
2014,한양대학교(ERICA) _분교,자연과학계열,9243500.0
2014,한일장신대학교,예체능계열,7820000.0
2014,한일장신대학교,인문사회계열,6130000.0
2014,한일장신대학교,자연과학계열,6700000.0
2014,한중대학교 (폐교),공학계열,8035000.0
2014,한중대학교 (폐교),예체능계열,7643190.909090909
2014,한중대학교 (폐교),인문사회계열,6299956.521739131
2014,한중대학교 (폐교),자연과학계열,7643000.0
2014,협성대학교,공학계열,9368000.0
2014,협성대학교,예체능계열,9279111.111111112
2014,협성대학교,인문사회계열,7386000.0
2014,협성대학교,자연과학계열,9152000.0
2014,호남대학교,공학계열,7496000.0
2014,호남대학교,예체능계열,7392888.888888889
2014,호남대학교,인문사회계열,6396583.333333333
2014,호남대학교,자연과학계열,7212000.0
2014,호남신학대학교,예체능계열,8220000.0
2014,호남신학대학교,인문사회계열,6120000.0
2014,호서대학교,공학계열,8748750.0
2014,호서대학교,예체능계열,8582818.181818182
2014,호서대학교,인문사회계열,7368060.606060606
2014,호서대학교,자연과학계열,8195600.0
2014,호원대학교,공학계열,7462366.666666667
2014,호원대학교,예체능계열,7831422.222222222
2014,호원대학교,인문사회계열,6440176.923076923
2014,호원대학교,자연과학계열,7856600.0
2014,홍익대학교,공학계열,9980000.0
2014,홍익대학교,예체능계열,9980000.0
2014,홍익대학교,인문사회계열,7844000.0
2014,홍익대학교,자연과학계열,7844000.0
2014,홍익대학교(세종) _분교(폐교),공학계열,9980000.0
2014,홍익대학교(세종) _분교(폐교),예체능계열,9980000.0
2014,홍익대학교(세종) _분교(폐교),인문사회계열,7844000.0
2014,화성의과학대학교,공학계열,7336000.0
2014,화성의과학대학교,예체능계열,7199000.0
2014,화성의과학대학교,인문사회계열,7168400.0
2014,화성의과학대학교,자연과학계열,9084000.0
2015,가야대학교(고령) _제2캠퍼스,인문사회계열,5496000.0
2015,가야대학교(김해),예체능계열,7612000.0
2015,가야대학교(김해),인문사회계열,6561666.666666667
2015,가야대학교(김해),자연과학계열,7752285.714285715
2015,가천대학교,공학계열,9609285.714285715
2015,가천대학교,예체능계열,9378083.333333334
2015,가천대학교,의학계열,8914000.0
2015,가천대학교,인문사회계열,7477942.857142857
2015,가천대학교,자연과학계열,8932285.714285715
2015,가톨릭관동대학교,공학계열,8393966.666666666
2015,가톨릭관동대학교,예체능계열,8495750.0
2015,가톨릭관동대학교,의학계열,9850000.0
2015,가톨릭관동대학교,인문사회계열,6567906.666666667
2015,가톨릭관동대학교,자연과학계열,8550700.0
2015,가톨릭꽃동네대학교,인문사회계열,7368000.0
2015,가톨릭꽃동네대학교,자연과학계열,8546000.0
2015,가톨릭대학교,공학계열,8786857.142857144
2015,가톨릭대학교,예체능계열,9442000.0
2015,가톨릭대학교,인문사회계열,6573037.037037037
2015,가톨릭대학교,자연과학계열,7644200.0
2015,가톨릭대학교 _제2캠퍼스,자연과학계열,9564000.0
2015,가톨릭대학교 _제3캠퍼스,인문사회계열,7002000.0
2015,감리교신학대학교,인문사회계열,6201250.0
2015,강남대학교,공학계열,10015000.0
2015,강남대학교,예체능계열,10358000.0
2015,강남대학교,인문사회계열,7720200.0
2015,강남대학교,자연과학계열,10015000.0
2015,강서대학교,예체능계열,8764000.0
2015,강서대학교,인문사회계열,7005888.888888889
2015,강원대학교,공학계열,4538695.652173913
2015,강원대학교,예체능계열,4747600.0
2015,강원대학교,의학계열,5758000.0
2015,강원대학교,인문사회계열,3571777.777777778
2015,강원대학교,자연과학계열,4334823.529411765
2015,강원대학교 _제2캠퍼스,공학계열,4536153.846153846
2015,강원대학교 _제2캠퍼스,예체능계열,4625600.0
2015,강원대학교 _제2캠퍼스,인문사회계열,3569500.0
2015,강원대학교 _제2캠퍼스,자연과학계열,4366000.0
2015,건국대학교,공학계열,9756000.0
2015,건국대학교,예체능계열,10080400.0
2015,건국대학교,의학계열,10180000.0
2015,건국대학교,인문사회계열,7472551.724137931
2015,건국대학교,자연과학계열,8824095.238095239
2015,건국대학교(글로컬) _분교,공학계열,9559000.0
2015,건국대학교(글로컬) _분교,예체능계열,9693714.285714285
2015,건국대학교(글로컬) _분교,인문사회계열,7418375.0
2015,건국대학교(글로컬) _분교,자연과학계열,8494000.0
2015,건양대학교,공학계열,7675000.0
2015,건양대학교,예체능계열,7310000.0
2015,건양대학교,인문사회계열,6616500.0
2015,건양대학교,자연과학계열,7293500.0
2015,건양대학교 _제2캠퍼스,공학계열,7874000.0
2015,건양대학교 _제2캠퍼스,의학계열,9546000.0
2015,건양대학교 _제2캠퍼스,인문사회계열,6366000.0
2015,건양대학교 _제2캠퍼스,자연과학계열,7861333.333333333
2015,경기대학교,공학계열,8939642.857142856
2015,경기대학교,예체능계열,8711733.333333334
2015,경기대학교,인문사회계열,7027437.5
2015,경기대학교,자연과학계열,7828500.0
2015,경기대학교 _제2캠퍼스,예체능계열,9041000.0
2015,경기대학교 _제2캠퍼스,인문사회계열,6839500.0
2015,경기대학교 _제2캠퍼스,자연과학계열,7179000.0
2015,경남과학기술대학교 (폐교),공학계열,3979943.75
2015,경남과학기술대학교 (폐교),예체능계열,4139000.0
2015,경남과학기술대학교 (폐교),인문사회계열,3497642.8571428573
2015,경남과학기술대학교 (폐교),자연과학계열,3795000.0
2015,경남대학교,공학계열,8015166.666666667
2015,경남대학교,예체능계열,7810333.333333333
2015,경남대학교,인문사회계열,6155500.0
2015,경남대학교,자연과학계열,6984000.0
2015,경동대학교,공학계열,7506742.857142857
2015,경동대학교,예체능계열,7616750.0
2015,경동대학교,인문사회계열,6104060.0
2015,경동대학교,자연과학계열,7768522.222222222
2015,경동대학교 _제2캠퍼스,공학계열,7866000.0
2015,경동대학교 _제2캠퍼스,예체능계열,8344000.0
2015,경동대학교 _제2캠퍼스,인문사회계열,6995333.333333333
2015,경동대학교 _제2캠퍼스,자연과학계열,8050000.0
2015,경동대학교 _제3캠퍼스,자연과학계열,9477000.0
2015,경동대학교 _제4캠퍼스,공학계열,8380000.0
2015,경동대학교 _제4캠퍼스,예체능계열,8640000.0
2015,경동대학교 _제4캠퍼스,인문사회계열,7066000.0
2015,경북대학교,공학계열,4742585.365853659
2015,경북대학교,예체능계열,4839875.0
2015,경북대학교,의학계열,5331000.0
2015,경북대학교,인문사회계열,3780341.463414634
2015,경북대학교,자연과학계열,4607846.153846154
2015,경상국립대학교,공학계열,4432000.0
2015,경상국립대학교,예체능계열,4320000.0
2015,경상국립대학교,의학계열,5864000.0
2015,경상국립대학교,인문사회계열,3456969.696969697
2015,경상국립대학교,자연과학계열,4250475.609756097
2015,경성대학교,공학계열,7708526.315789473
2015,경성대학교,예체능계열,7659789.47368421
2015,경성대학교,인문사회계열,5778823.529411765
2015,경성대학교,자연과학계열,7305454.545454546
2015,경운대학교,공학계열,8660000.0
2015,경운대학교,예체능계열,8545714.285714285
2015,경운대학교,인문사회계열,6760000.0
2015,경운대학교,자연과학계열,8645555.555555556
2015,경인교육대학교,인문사회계열,3364000.0
2015,경일대학교,공학계열,8313333.333333333
2015,경일대학교,예체능계열,8613000.0
2015,경일대학교,인문사회계열,6217692.307692308
2015,경일대학교,자연과학계열,8360000.0
2015,경희대학교,공학계열,9288666.666666666
2015,경희대학교,예체능계열,9403666.666666666
2015,경희대학교,의학계열,9398000.0
2015,경희대학교,인문사회계열,7250740.740740741
2015,경희대학교,자연과학계열,9413360.0
2015,계명대학교,공학계열,8877473.684210526
2015,계명대학교,예체능계열,9265090.909090908
2015,계명대학교,의학계열,9856000.0
2015,계명대학교,인문사회계열,6715659.574468086
2015,계명대학교,자연과학계열,8607733.333333334
2015,고려대학교,공학계열,10451000.0
2015,고려대학교,예체능계열,10114000.0
2015,고려대학교,의학계열,12414000.0
2015,고려대학교,인문사회계열,8164100.0
2015,고려대학교,자연과학계열,9254409.090909092
2015,고려대학교(세종) _분교,공학계열,10708000.0
2015,고려대학교(세종) _분교,예체능계열,8916000.0
2015,고려대학교(세종) _분교,인문사회계열,8166142.857142857
2015,고려대학교(세종) _분교,자연과학계열,9710500.0
2015,고신대학교,예체능계열,7117462.5
2015,고신대학교,의학계열,9410000.0
2015,고신대학교,인문사회계열,6157686.666666667
2015,고신대학교,자연과학계열,7161408.333333333
2015,공주교육대학교,인문사회계열,3603000.0
2015,광신대학교,예체능계열,7579000.0
2015,광신대학교,인문사회계열,6065500.0
2015,광운대학교,공학계열,9168800.0
2015,광운대학교,예체능계열,8468000.0
2015,광운대학교,인문사회계열,7352750.0
2015,광운대학교,자연과학계열,8229500.0
2015,광주가톨릭대학교,인문사회계열,0.0
2015,광주과학기술원,공학계열,2060000.0
2015,광주과학기술원,자연과학계열,2060000.0
2015,광주교육대학교,인문사회계열,3654423.076923077
2015,광주대학교,공학계열,7270769.230769231
2015,광주대학교,예체능계열,7242666.666666667
2015,광주대학교,인문사회계열,6358600.0
2015,광주대학교,자연과학계열,7313142.857142857
2015,광주여자대학교,예체능계열,7029033.333333333
2015,광주여자대학교,인문사회계열,6097390.0
2015,광주여자대학교,자연과학계열,6962741.666666667
2015,국립강릉원주대학교,공학계열,4700000.0
2015,국립강릉원주대학교,예체능계열,5272500.0
2015,국립강릉원주대학교,의학계열,7966000.0
2015,국립강릉원주대학교,인문사회계열,3644235.294117647
2015,국립강릉원주대학교,자연과학계열,4567875.0
2015,국립강릉원주대학교 _제2캠퍼스,공학계열,4721636.363636363
2015,국립강릉원주대학교 _제2캠퍼스,예체능계열,5442000.0
2015,국립강릉원주대학교 _제2캠퍼스,인문사회계열,3612500.0
2015,국립강릉원주대학교 _제2캠퍼스,자연과학계열,4897000.0
2015,국립경국대학교,공학계열,4346142.857142857
2015,국립경국대학교,예체능계열,4333666.666666667
2015,국립경국대학교,인문사회계열,3432111.111111111
2015,국립경국대학교,자연과학계열,3963214.285714286
2015,국립공주대학교,공학계열,4294848.484848484
2015,국립공주대학교,예체능계열,4286714.285714285
2015,국립공주대학교,인문사회계열,3374484.8484848486
2015,국립공주대학교,자연과학계열,4000848.484848485
2015,국립군산대학교,공학계열,4350518.518518519
2015,국립군산대학교,예체능계열,4326800.0
2015,국립군산대학교,인문사회계열,3532875.0
2015,국립군산대학교,자연과학계열,4072550.0
2015,국립금오공과대학교,공학계열,3879600.0
2015,국립금오공과대학교,인문사회계열,3576000.0
2015,국립금오공과대학교,자연과학계열,3627000.0
2015,국립목포대학교,공학계열,4412000.0
2015,국립목포대학교,예체능계열,4318666.666666667
2015,국립목포대학교,인문사회계열,3630250.0
2015,국립목포대학교,자연과학계열,4268571.428571428
2015,국립목포해양대학교,공학계열,3607076.923076923
2015,국립부경대학교,공학계열,4517823.529411765
2015,국립부경대학교,예체능계열,4428000.0
2015,국립부경대학교,인문사회계열,3531222.222222222
2015,국립부경대학교,자연과학계열,4306588.235294118
2015,국립순천대학교,공학계열,4411625.0
2015,국립순천대학교,예체능계열,4575600.0
2015,국립순천대학교,인문사회계열,3553000.0
2015,국립순천대학교,자연과학계열,4268869.565217392
2015,국립창원대학교,공학계열,4449913.043478261
2015,국립창원대학교,예체능계열,4485600.0
2015,국립창원대학교,인문사회계열,3565185.185185185
2015,국립창원대학교,자연과학계열,4155000.0
2015,국립한국교통대학교,공학계열,4300769.230769231
2015,국립한국교통대학교,예체능계열,4435000.0
2015,국립한국교통대학교,인문사회계열,3729705.882352941
2015,국립한국교통대학교,자연과학계열,4305000.0
2015,국립한국해양대학교,공학계열,4034200.0
2015,국립한국해양대학교,예체능계열,4160000.0
2015,국립한국해양대학교,인문사회계열,3424444.4444444445
2015,국립한국해양대학교,자연과학계열,4067500.0
2015,국립한밭대학교,공학계열,4662914.285714285
2015,국립한밭대학교,예체능계열,4594650.0
2015,국립한밭대학교,인문사회계열,3878250.0
2015,국립한밭대학교,자연과학계열,4684800.0
2015,국민대학교,공학계열,9539250.0
2015,국민대학교,예체능계열,9835500.0
2015,국민대학교,인문사회계열,7613913.043478261
2015,국민대학교,자연과학계열,8684875.0
2015,극동대학교,공학계열,8791250.0
2015,극동대학교,예체능계열,8583384.615384616
2015,극동대학교,인문사회계열,7057333.333333333
2015,극동대학교,자연과학계열,8236000.0
2015,금강대학교,인문사회계열,7216000.0
2015,김천대학교,공학계열,8076000.0
2015,김천대학교,예체능계열,8076000.0
2015,김천대학교,인문사회계열,7074333.333333333
2015,김천대학교,자연과학계열,7701428.571428572
2015,나사렛대학교,공학계열,7800000.0
2015,나사렛대학교,예체능계열,8850000.0
2015,나사렛대학교,인문사회계열,7387750.0
2015,나사렛대학교,자연과학계열,8733333.333333334
2015,남부대학교,공학계열,7426666.666666667
2015,남부대학교,예체능계열,7389600.0
2015,남부대학교,인문사회계열,6416400.0
2015,남부대학교,자연과학계열,6906909.090909091
2015,남서울대학교,공학계열,8984000.0
2015,남서울대학교,예체능계열,9114000.0
2015,남서울대학교,인문사회계열,7531333.333333333
2015,남서울대학교,자연과학계열,9231428.57142857
2015,남서울대학교(산업대) (폐교),공학계열,8078000.0
2015,단국대학교,공학계열,9844333.333333334
2015,단국대학교,예체능계열,9904769.23076923
2015,단국대학교,인문사회계열,7646833.333333333
2015,단국대학교,자연과학계열,8845142.857142856
2015,단국대학교 _제2캠퍼스,공학계열,9378833.333333334
2015,단국대학교 _제2캠퍼스,예체능계열,9449666.666666666
2015,단국대학교 _제2캠퍼스,의학계열,10342000.0
2015,단국대학교 _제2캠퍼스,인문사회계열,7421037.037037037
2015,단국대학교 _제2캠퍼스,자연과학계열,9418033.333333334
2015,대구가톨릭대학교,공학계열,8265111.111111111
2015,대구가톨릭대학교,예체능계열,9277166.666666666
2015,대구가톨릭대학교,의학계열,9610000.0
2015,대구가톨릭대학교,인문사회계열,6351906.976744186
2015,대구가톨릭대학교,자연과학계열,8543958.333333334
2015,대구경북과학기술원,자연과학계열,0.0
2015,대구교육대학교,인문사회계열,3781000.0
2015,대구대학교,공학계열,8614000.0
2015,대구대학교,예체능계열,8880000.0
2015,대구대학교,인문사회계열,6428000.0
2015,대구대학교,자연과학계열,8065571.428571428
2015,대구예술대학교,예체능계열,8932588.235294119
2015,대구예술대학교,인문사회계열,5576000.0
2015,대구예술대학교,자연과학계열,7604000.0
2015,대구외국어대학교 (폐교),인문사회계열,5726000.0
2015,대구한의대학교,공학계열,7879529.411764706
2015,대구한의대학교,예체능계열,8129333.333333333
2015,대구한의대학교,의학계열,9260000.0
2015,대구한의대학교,인문사회계열,6221565.217391305
2015,대구한의대학교,자연과학계열,7905000.0
2015,대신대학교,예체능계열,7766000.0
2015,대신대학교,인문사회계열,6460000.0
2015,대전가톨릭대학교,인문사회계열,6260000.0
2015,대전대학교,공학계열,8442571.42857143
2015,대전대학교,예체능계열,7971000.0
2015,대전대학교,의학계열,9350000.0
2015,대전대학교,인문사회계열,7071870.9677419355
2015,대전대학교,자연과학계열,8163600.0
2015,대전신학대학교,인문사회계열,6556000.0
2015,대진대학교,공학계열,8913000.0
2015,대진대학교,예체능계열,8648000.0
2015,대진대학교,인문사회계열,6941000.0
2015,대진대학교,자연과학계열,8283750.0
2015,덕성여자대학교,공학계열,9303000.0
2015,덕성여자대학교,예체능계열,9387000.0
2015,덕성여자대학교,인문사회계열,6971000.0
2015,덕성여자대학교,자연과학계열,8436166.666666666
2015,동국대학교,공학계열,9979200.0
2015,동국대학교,예체능계열,9906500.0
2015,동국대학교,인문사회계열,7620666.666666667
2015,동국대학교,자연과학계열,9091636.363636363
2015,동국대학교(WISE) _분교,공학계열,9456000.0
2015,동국대학교(WISE) _분교,예체능계열,9456000.0
2015,동국대학교(WISE) _분교,의학계열,10368000.0
2015,동국대학교(WISE) _분교,인문사회계열,7379314.285714285
2015,동국대학교(WISE) _분교,자연과학계열,8901000.0
2015,동덕여자대학교,공학계열,8314000.0
2015,동덕여자대학교,예체능계열,9359882.352941176
2015,동덕여자대학교,인문사회계열,6669333.333333333
2015,동덕여자대학교,자연과학계열,8432800.0
2015,동명대학교,공학계열,8288000.0
2015,동명대학교,예체능계열,8154000.0
2015,동명대학교,인문사회계열,6225263.157894737
2015,동명대학교,자연과학계열,7886000.0
2015,동서대학교,공학계열,7725750.0
2015,동서대학교,예체능계열,7599562.5
2015,동서대학교,인문사회계열,6147208.333333333
2015,동서대학교,자연과학계열,8056500.0
2015,동신대학교,공학계열,7700000.0
2015,동신대학교,예체능계열,7571000.0
2015,동신대학교,의학계열,8520000.0
2015,동신대학교,인문사회계열,6287200.0
2015,동신대학교,자연과학계열,7419666.666666667
2015,동아대학교,공학계열,8351578.947368421
2015,동아대학교,예체능계열,7873368.421052632
2015,동아대학교,의학계열,9734000.0
2015,동아대학교,인문사회계열,6338878.787878788
2015,동아대학교,자연과학계열,7500937.5
2015,동양대학교,공학계열,7934000.0
2015,동양대학교,예체능계열,8039000.0
2015,동양대학교,인문사회계열,6270222.222222222
2015,동양대학교,자연과학계열,8164000.0
2015,동의대학교,공학계열,7892461.538461538
2015,동의대학교,예체능계열,7520000.0
2015,동의대학교,의학계열,8128000.0
2015,동의대학교,인문사회계열,5944000.0
2015,동의대학교,자연과학계열,7160500.0
2015,루터대학교,인문사회계열,6990000.0
2015,루터대학교,자연과학계열,6990000.0
2015,명지대학교,공학계열,10084857.142857144
2015,명지대학교,예체능계열,10299857.142857144
2015,명지대학교,자연과학계열,9120000.0
2015,명지대학교 _제2캠퍼스,공학계열,7669000.0
2015,명지대학교 _제2캠퍼스,인문사회계열,7644181.818181818
2015,목원대학교,공학계열,8489000.0
2015,목원대학교,예체능계열,8701181.818181818
2015,목원대학교,인문사회계열,7049714.285714285
2015,목원대학교,자연과학계열,7858966.666666667
2015,목포가톨릭대학교,인문사회계열,6123000.0
2015,목포가톨릭대학교,자연과학계열,7292000.0
2015,배재대학교,공학계열,8464285.714285715
2015,배재대학교,예체능계열,8328857.142857143
2015,배재대학교,인문사회계열,6908666.666666667
2015,배재대학교,자연과학계열,7868400.0
2015,백석대학교,공학계열,9090000.0
2015,백석대학교,예체능계열,9385000.0
2015,백석대학교,인문사회계열,7623636.363636363
2015,백석대학교,자연과학계열,9090000.0
2015,부산가톨릭대학교,공학계열,8140000.0
2015,부산가톨릭대학교,인문사회계열,6327900.0
2015,부산가톨릭대학교,자연과학계열,7511870.0
2015,부산교육대학교,인문사회계열,3202000.0
2015,부산대학교,공학계열,4824285.714285715
2015,부산대학교,예체능계열,4853333.333333333
2015,부산대학교,인문사회계열,3655473.6842105263
2015,부산대학교,자연과학계열,4696296.296296297
2015,부산외국어대학교,공학계열,8006533.333333333
2015,부산외국어대학교,예체능계열,6790100.0
2015,부산외국어대학교,인문사회계열,6007970.149253732
2015,부산외국어대학교,자연과학계열,6656000.0
2015,부산장신대학교,인문사회계열,6437466.666666667
2015,삼육대학교,공학계열,9171666.666666666
2015,삼육대학교,예체능계열,9636000.0
2015,삼육대학교,인문사회계열,7732000.0
2015,삼육대학교,자연과학계열,8479857.142857144
2015,상명대학교,공학계열,8914857.142857144
2015,상명대학교,예체능계열,9622714.285714285
2015,상명대학교,인문사회계열,7481833.333333333
2015,상명대학교,자연과학계열,9004000.0
2015,상명대학교(천안) _분교(폐교),공학계열,9072666.666666666
2015,상명대학교(천안) _분교(폐교),예체능계열,9340666.666666666
2015,상명대학교(천안) _분교(폐교),인문사회계열,7593846.153846154
2015,상명대학교(천안) _분교(폐교),자연과학계열,9239500.0
2015,상지대학교,공학계열,8440142.857142856
2015,상지대학교,예체능계열,8206000.0
2015,상지대학교,의학계열,9654000.0
2015,상지대학교,인문사회계열,6736846.153846154
2015,상지대학교,자연과학계열,7874777.777777778
2015,서강대학교,공학계열,10283400.0
2015,서강대학교,인문사회계열,8232777.777777778
2015,서강대학교,자연과학계열,9405000.0
2015,서경대학교,공학계열,8995875.0
2015,서경대학교,예체능계열,9289500.0
2015,서경대학교,인문사회계열,7118500.0
2015,서경대학교,자연과학계열,9181000.0
2015,서남대학교 (폐교),공학계열,6721500.0
2015,서남대학교 (폐교),예체능계열,6771750.0
2015,서남대학교 (폐교),의학계열,9900000.0
2015,서남대학교 (폐교),인문사회계열,5658000.0
2015,서남대학교 (폐교),자연과학계열,7783750.0
2015,서남대학교 _제2캠퍼스(폐교),공학계열,7397666.666666667
2015,서남대학교 _제2캠퍼스(폐교),예체능계열,7074000.0
2015,서남대학교 _제2캠퍼스(폐교),인문사회계열,5854000.0
2015,서남대학교 _제2캠퍼스(폐교),자연과학계열,7547000.0
2015,서울과학기술대학교,공학계열,5544073.333333333
2015,서울과학기술대학교,예체능계열,5634800.0
2015,서울과학기술대학교,인문사회계열,4594980.0
2015,서울과학기술대학교,자연과학계열,5562000.0
2015,서울과학기술대학교(산업대) (폐교),공학계열,4933000.0
2015,서울교육대학교,인문사회계열,3259000.0
2015,서울기독대학교,예체능계열,8958600.0
2015,서울기독대학교,인문사회계열,7227333.333333333
2015,서울대학교,공학계열,6202142.857142857
2015,서울대학교,예체능계열,7610777.777777778
2015,서울대학교,의학계열,9752000.0
2015,서울대학교,인문사회계열,5137144.444444444
2015,서울대학교,자연과학계열,6343272.7272727275
2015,서울시립대학교,공학계열,2793000.0
2015,서울시립대학교,예체능계열,3026750.0
2015,서울시립대학교,인문사회계열,2136000.0
2015,서울시립대학교,자연과학계열,2508200.0
2015,서울신학대학교,예체능계열,9093950.0
2015,서울신학대학교,인문사회계열,7318033.333333333
2015,서울여자대학교,공학계열,9029550.0
2015,서울여자대학교,예체능계열,10004550.0
2015,서울여자대학교,인문사회계열,7653990.0
2015,서울여자대학교,자연과학계열,9012542.857142856
2015,서울장신대학교,예체능계열,10609500.0
2015,서울장신대학교,인문사회계열,7693100.0
2015,서울한영대학교,예체능계열,8508000.0
2015,서울한영대학교,인문사회계열,6969471.428571428
2015,서원대학교,공학계열,8628977.777777778
2015,서원대학교,예체능계열,8273162.5
2015,서원대학교,인문사회계열,6895016.666666667
2015,서원대학교,자연과학계열,7721957.142857143
2015,선문대학교,공학계열,8591647.05882353
2015,선문대학교,예체능계열,8066000.0
2015,선문대학교,인문사회계열,7148967.741935484
2015,선문대학교,자연과학계열,8420666.666666666
2015,성결대학교,공학계열,8982000.0
2015,성결대학교,예체능계열,9627000.0
2015,성결대학교,인문사회계열,7161230.769230769
2015,성공회대학교,공학계열,8514000.0
2015,성공회대학교,인문사회계열,7653444.444444444
2015,성균관대학교,공학계열,9468000.0
2015,성균관대학교,예체능계열,9884000.0
2015,성균관대학교,의학계열,11338000.0
2015,성균관대학교,인문사회계열,7509571.428571428
2015,성균관대학교,자연과학계열,8985166.666666666
2015,성신여자대학교,공학계열,9034000.0
2015,성신여자대학교,예체능계열,10361384.615384616
2015,성신여자대학교,인문사회계열,7698400.0
2015,성신여자대학교,자연과학계열,8932222.222222222
2015,세명대학교,공학계열,8158000.0
2015,세명대학교,예체능계열,7809333.333333333
2015,세명대학교,의학계열,8876000.0
2015,세명대학교,인문사회계열,6428333.333333333
2015,세명대학교,자연과학계열,7842000.0
2015,세종대학교,공학계열,8946000.0
2015,세종대학교,예체능계열,9460000.0
2015,세종대학교,인문사회계열,6825000.0
2015,세종대학교,자연과학계열,7830285.714285715
2015,세한대학교,공학계열,6968075.0
2015,세한대학교,예체능계열,6893817.647058823
2015,세한대학교,인문사회계열,5343850.0
2015,세한대학교,자연과학계열,6840233.333333333
2015,세한대학교 _제2캠퍼스(폐교),공학계열,7501000.0
2015,세한대학교 _제2캠퍼스(폐교),예체능계열,7365000.0
2015,세한대학교 _제2캠퍼스(폐교),인문사회계열,5983428.571428572
2015,송원대학교,공학계열,6778450.0
2015,송원대학교,예체능계열,7027000.0
2015,송원대학교,인문사회계열,6179600.0
2015,송원대학교,자연과학계열,6928571.428571428
2015,수원가톨릭대학교,인문사회계열,5667000.0
2015,수원대학교,공학계열,8639058.823529411
2015,수원대학교,예체능계열,8815583.333333334
2015,수원대학교,인문사회계열,6930764.705882353
2015,수원대학교,자연과학계열,7983000.0
2015,숙명여자대학교,공학계열,9287000.0
2015,숙명여자대학교,예체능계열,10576090.909090908
2015,숙명여자대학교,인문사회계열,7977454.545454546
2015,숙명여자대학교,자연과학계열,9422000.0
2015,순복음총회신학교,예체능계열,7500000.0
2015,순복음총회신학교,인문사회계열,5875000.0
2015,순천향대학교,공학계열,9118000.0
2015,순천향대학교,예체능계열,8682000.0
2015,순천향대학교,의학계열,10040000.0
2015,순천향대학교,인문사회계열,7818111.111111111
2015,순천향대학교,자연과학계열,8667333.333333334
2015,숭실대학교,공학계열,9532470.588235294
2015,숭실대학교,예체능계열,9361333.333333334
2015,숭실대학교,인문사회계열,7951692.307692308
2015,숭실대학교,자연과학계열,8776800.0
2015,신경주대학교,공학계열,8078000.0
2015,신경주대학교,예체능계열,8457230.76923077
2015,신경주대학교,인문사회계열,6758947.368421053
2015,신경주대학교,자연과학계열,7567588.888888889
2015,신라대학교,공학계열,8003181.818181818
2015,신라대학교,예체능계열,7885444.444444444
2015,신라대학교,인문사회계열,6050294.117647059
2015,신라대학교,자연과학계열,7451153.846153846
2015,신한대학교,공학계열,10668000.0
2015,신한대학교,인문사회계열,8468000.0
2015,신한대학교,자연과학계열,10068000.0
2015,신한대학교 _제2캠퍼스,공학계열,10668000.0
2015,신한대학교 _제2캠퍼스,예체능계열,10568000.0
2015,신한대학교 _제2캠퍼스,인문사회계열,8468000.0
2015,신한대학교 _제2캠퍼스,자연과학계열,10068000.0
2015,아신대학교,인문사회계열,6770285.714285715
2015,아주대학교,공학계열,9383818.181818182
2015,아주대학교,의학계열,11200000.0
2015,아주대학교,인문사회계열,7638600.0
2015,아주대학교,자연과학계열,9089333.333333334
2015,안양대학교,공학계열,9283625.0
2015,안양대학교,예체능계열,9081333.333333334
2015,안양대학교,인문사회계열,7610666.666666667
2015,안양대학교,자연과학계열,8636000.0
2015,안양대학교 _제2캠퍼스,공학계열,9393000.0
2015,안양대학교 _제2캠퍼스,인문사회계열,7309333.333333333
2015,안양대학교 _제2캠퍼스,자연과학계열,8518000.0
2015,연세대학교,공학계열,10259181.818181818
2015,연세대학교,예체능계열,10796142.857142856
2015,연세대학교,의학계열,12104000.0
2015,연세대학교,인문사회계열,9773400.0
2015,연세대학교,자연과학계열,10394210.52631579
2015,연세대학교(미래) _분교,공학계열,10309000.0
2015,연세대학교(미래) _분교,예체능계열,9209000.0
2015,연세대학교(미래) _분교,의학계열,12104000.0
2015,연세대학교(미래) _분교,인문사회계열,7753818.181818182
2015,연세대학교(미래) _분교,자연과학계열,8920055.555555556
2015,영남대학교,공학계열,8710476.19047619
2015,영남대학교,예체능계열,9405333.333333334
2015,영남대학교,의학계열,10686000.0
2015,영남대학교,인문사회계열,6429942.857142857
2015,영남대학교,자연과학계열,8805913.043478262
2015,영남신학대학교,인문사회계열,6452440.0
2015,영산대학교,공학계열,7907000.0
2015,영산대학교,예체능계열,6781000.0
2015,영산대학교,인문사회계열,5849666.666666667
2015,영산대학교,자연과학계열,6818600.0
2015,영산대학교 _제2캠퍼스,공학계열,7907000.0
2015,영산대학교 _제2캠퍼스,예체능계열,7257444.444444444
2015,영산대학교 _제2캠퍼스,인문사회계열,5981000.0
2015,영산대학교 _제2캠퍼스,자연과학계열,7679000.0
2015,영산선학대학교,인문사회계열,2150000.0
2015,예수대학교,인문사회계열,5563000.0
2015,예수대학교,자연과학계열,7403000.0
2015,예원예술대학교,예체능계열,8167446.666666667
2015,예원예술대학교,인문사회계열,6344566.666666667
2015,예원예술대학교 _제2캠퍼스,예체능계열,8301900.0
2015,용인대학교,예체능계열,8870526.315789474
2015,용인대학교,인문사회계열,7617000.0
2015,용인대학교,자연과학계열,8455000.0
2015,우석대학교,공학계열,8205000.0
2015,우석대학교,예체능계열,7654750.0
2015,우석대학교,의학계열,8051500.0
2015,우석대학교,인문사회계열,6296786.206896552
2015,우석대학교,자연과학계열,7538106.666666667
2015,우송대학교,공학계열,7995333.333333333
2015,우송대학교,예체능계열,8172740.0
2015,우송대학교,인문사회계열,7482043.75
2015,우송대학교,자연과학계열,8131244.444444444
2015,울산과학기술원,공학계열,6318000.0
2015,울산과학기술원,인문사회계열,5858000.0
2015,울산과학기술원,자연과학계열,6318000.0
2015,울산대학교,공학계열,8719271.42857143
2015,울산대학교,예체능계열,9247566.666666666
2015,울산대학교,의학계열,10936000.0
2015,울산대학교,인문사회계열,6449000.0
2015,울산대학교,자연과학계열,8544085.714285715
2015,원광대학교,공학계열,8377785.714285715
2015,원광대학교,예체능계열,8006437.5
2015,원광대학교,의학계열,9750000.0
2015,원광대학교,인문사회계열,6559593.75
2015,원광대학교,자연과학계열,7976956.521739131
2015,위덕대학교,공학계열,8174818.181818182
2015,위덕대학교,예체능계열,8599250.0
2015,위덕대학교,인문사회계열,6749153.846153846
2015,위덕대학교,자연과학계열,8330500.0
2015,유원대학교,공학계열,8478400.0
2015,유원대학교,예체능계열,8067000.0
2015,유원대학교,인문사회계열,6748800.0
2015,유원대학교,자연과학계열,8628000.0
2015,을지대학교,의학계열,10320500.0
2015,을지대학교,자연과학계열,9858333.333333334
2015,을지대학교 _제2캠퍼스,공학계열,9967500.0
2015,을지대학교 _제2캠퍼스,예체능계열,9448250.0
2015,을지대학교 _제2캠퍼스,인문사회계열,8508000.0
2015,을지대학교 _제2캠퍼스,자연과학계열,9294291.666666666
2015,이화여자대학교,공학계열,9797545.454545455
2015,이화여자대학교,예체능계열,10823428.57142857
2015,이화여자대학교,인문사회계열,7793117.647058823
2015,이화여자대학교,자연과학계열,9570066.666666666
2015,인제대학교,공학계열,8080642.857142857
2015,인제대학교,예체능계열,7775800.0
2015,인제대학교,인문사회계열,6171533.333333333
2015,인제대학교,자연과학계열,7799658.333333333
2015,인제대학교 _제2캠퍼스,의학계열,9933500.0
2015,인제대학교 _제2캠퍼스,자연과학계열,7494500.0
2015,인천가톨릭대학교,인문사회계열,5186000.0
2015,인천가톨릭대학교 _제2캠퍼스,예체능계열,8701000.0
2015,인천가톨릭대학교 _제2캠퍼스,자연과학계열,8941000.0
2015,인천대학교,공학계열,5664000.0
2015,인천대학교,예체능계열,5346857.142857143
2015,인천대학교,인문사회계열,4599846.153846154
2015,인천대학교,자연과학계열,4967000.0
2015,인하대학교,공학계열,9132814.814814815
2015,인하대학교,예체능계열,9254800.0
2015,인하대학교,인문사회계열,7431851.851851852
2015,인하대학교,자연과학계열,8712666.666666666
2015,장로회신학대학교,예체능계열,9201500.0
2015,장로회신학대학교,인문사회계열,6607500.0
2015,전남대학교,공학계열,4498235.294117647
2015,전남대학교,예체능계열,4640333.333333333
2015,전남대학교,의학계열,5874000.0
2015,전남대학교,인문사회계열,3625777.777777778
2015,전남대학교,자연과학계열,4407500.0
2015,전남대학교 _제2캠퍼스,공학계열,4530000.0
2015,전남대학교 _제2캠퍼스,예체능계열,4740000.0
2015,전남대학교 _제2캠퍼스,인문사회계열,3870800.0
2015,전남대학교 _제2캠퍼스,자연과학계열,4226000.0
2015,전북대학교,공학계열,4660424.242424242
2015,전북대학교,예체능계열,4767428.571428572
2015,전북대학교,의학계열,4850000.0
2015,전북대학교,인문사회계열,3513575.757575758
2015,전북대학교,자연과학계열,4497647.05882353
2015,전주교육대학교,인문사회계열,3440000.0
2015,전주대학교,공학계열,8460000.0
2015,전주대학교,예체능계열,8117272.7272727275
2015,전주대학교,인문사회계열,6778000.0
2015,전주대학교,자연과학계열,7762142.857142857
2015,정석대학,공학계열,0.0
2015,정석대학,인문사회계열,0.0
2015,제주국제대학교,공학계열,7104857.142857143
2015,제주국제대학교,예체능계열,6822000.0
2015,제주국제대학교,인문사회계열,6550000.0
2015,제주국제대학교,자연과학계열,6777000.0
2015,제주대학교,공학계열,4515964.285714285
2015,제주대학교,예체능계열,4428875.0
2015,제주대학교,의학계열,5602000.0
2015,제주대학교,인문사회계열,3414211.5384615385
2015,제주대학교,자연과학계열,4162434.782608696
2015,조선대학교,공학계열,8124148.148148148
2015,조선대학교,예체능계열,7780900.0
2015,조선대학교,인문사회계열,6446000.0
2015,조선대학교,자연과학계열,7713521.739130435
2015,중부대학교,공학계열,8124000.0
2015,중부대학교,예체능계열,8367846.153846154
2015,중부대학교,인문사회계열,7097166.666666667
2015,중부대학교,자연과학계열,7702000.0
2015,중앙대학교,공학계열,9926909.090909092
2015,중앙대학교,예체능계열,9849500.0
2015,중앙대학교,인문사회계열,7719407.407407408
2015,중앙대학교,자연과학계열,9632750.0
2015,중앙대학교 _제2캠퍼스,공학계열,9036000.0
2015,중앙대학교 _제2캠퍼스,예체능계열,10057777.777777778
2015,중앙대학교 _제2캠퍼스,인문사회계열,6812000.0
2015,중앙대학교 _제2캠퍼스,자연과학계열,8918000.0
2015,중앙승가대학교,인문사회계열,1810000.0
2015,중원대학교,공학계열,8214090.909090909
2015,중원대학교,예체능계열,7923428.571428572
2015,중원대학교,인문사회계열,6773076.923076923
2015,중원대학교,자연과학계열,8296333.333333333
2015,진주교육대학교,인문사회계열,3622008.3333333335
2015,차의과학대학교,인문사회계열,7713000.0
2015,차의과학대학교,자연과학계열,8060833.333333333
2015,창신대학교,공학계열,7720000.0
2015,창신대학교,예체능계열,7605333.333333333
2015,창신대학교,인문사회계열,6005000.0
2015,창신대학교,자연과학계열,6953333.333333333
2015,청운대학교,공학계열,8019384.615384615
2015,청운대학교,예체능계열,8435600.0
2015,청운대학교,인문사회계열,7384000.0
2015,청운대학교,자연과학계열,8434000.0
2015,청주교육대학교,인문사회계열,3409000.0
2015,청주대학교,공학계열,9179857.142857144
2015,청주대학교,예체능계열,8997500.0
2015,청주대학교,인문사회계열,7626730.769230769
2015,청주대학교,자연과학계열,8621583.333333334
2015,초당대학교,공학계열,7278000.0
2015,초당대학교,예체능계열,6930666.666666667
2015,초당대학교,인문사회계열,5868727.2727272725
2015,초당대학교,자연과학계열,7064000.0
2015,총신대학교,예체능계열,9633000.0
2015,총신대학교,인문사회계열,7394625.0
2015,추계예술대학교,예체능계열,9695062.5
2015,추계예술대학교,인문사회계열,7418333.333333333
2015,춘천교육대학교,인문사회계열,3364016.6666666665
2015,충남대학교,공학계열,4975068.9655172415
2015,충남대학교,예체능계열,4787777.777777778
2015,충남대학교,의학계열,5616000.0
2015,충남대학교,인문사회계열,3553031.25
2015,충남대학교,자연과학계열,4397303.125
2015,충북대학교,공학계열,4742117.647058823
2015,충북대학교,예체능계열,4604666.666666667
2015,충북대학교,의학계열,7445000.0
2015,충북대학교,인문사회계열,3690000.0
2015,충북대학교,자연과학계열,4538468.75
2015,칼빈대학교,예체능계열,8898850.0
2015,칼빈대학교,인문사회계열,7294366.666666667
2015,평택대학교,공학계열,8692000.0
2015,평택대학교,예체능계열,9568000.0
2015,평택대학교,인문사회계열,7550000.0
2015,평택대학교,자연과학계열,8482000.0
2015,포항공과대학교,공학계열,6254000.0
2015,포항공과대학교,자연과학계열,6254000.0
2015,한경국립대학교,공학계열,4180466.6666666665
2015,한경국립대학교,예체능계열,4172000.0
2015,한경국립대학교,인문사회계열,3688500.0
2015,한경국립대학교,자연과학계열,3991000.0
2015,한경대학교(산업대) (폐교),공학계열,3294000.0
2015,한국공학대학교,공학계열,9880000.0
2015,한국공학대학교,예체능계열,9880000.0
2015,한국공학대학교,인문사회계열,9067333.333333334
2015,한국과학기술원,공학계열,7219000.0
2015,한국교원대학교,공학계열,3600000.0
2015,한국교원대학교,예체능계열,3801333.3333333335
2015,한국교원대학교,인문사회계열,2874000.0
2015,한국교원대학교,자연과학계열,3509250.0
2015,한국국제대학교 (폐교),공학계열,7426571.428571428
2015,한국국제대학교 (폐교),예체능계열,7150500.0
2015,한국국제대학교 (폐교),인문사회계열,6022250.0
2015,한국국제대학교 (폐교),자연과학계열,7203000.0
2015,한국기술교육대학교,공학계열,4953162.5
2015,한국기술교육대학교,인문사회계열,3551900.0
2015,한국방송통신대학교,공학계열,1480000.0
2015,한국방송통신대학교,인문사회계열,789941.1764705882
2015,한국방송통신대학교,자연과학계열,735500.0
2015,한국성서대학교,공학계열,8131650.0
2015,한국성서대학교,인문사회계열,6982680.0
2015,한국성서대학교,자연과학계열,8131650.0
2015,한국예술종합학교,공학계열,4882000.0
2015,한국예술종합학교,예체능계열,4918145.833333333
2015,한국예술종합학교,인문사회계열,4913500.0
2015,한국외국어대학교,공학계열,9107333.333333334
2015,한국외국어대학교,인문사회계열,7448584.269662921
2015,한국외국어대학교,자연과학계열,8623142.857142856
2015,한국전통문화대학교(일반),공학계열,3576000.0
2015,한국전통문화대학교(일반),예체능계열,3497500.0
2015,한국전통문화대학교(일반),인문사회계열,2811750.0
2015,한국전통문화대학교(일반),자연과학계열,3705500.0
2015,한국체육대학교,예체능계열,4249333.333333333
2015,한국침례신학대학교,예체능계열,8353300.0
2015,한국침례신학대학교,인문사회계열,6420300.0
2015,한국항공대학교,공학계열,9738780.0
2015,한국항공대학교,인문사회계열,7731800.0
2015,한국항공대학교,자연과학계열,9649900.0
2015,한남대학교,공학계열,8765562.5
2015,한남대학교,예체능계열,8835400.0
2015,한남대학교,인문사회계열,6983658.536585365
2015,한남대학교,자연과학계열,8115787.5
2015,한동대학교,공학계열,7748000.0
2015,한동대학교,인문사회계열,6402000.0
2015,한동대학교,자연과학계열,7748000.0
2015,한라대학교,공학계열,8091750.0
2015,한라대학교,예체능계열,8398000.0
2015,한라대학교,인문사회계열,6560000.0
2015,한려대학교 (폐교),공학계열,6770000.0
2015,한려대학교 (폐교),예체능계열,6770000.0
2015,한려대학교 (폐교),인문사회계열,5487285.714285715
2015,한려대학교 (폐교),자연과학계열,7268750.0
2015,한림대학교,공학계열,9333000.0
2015,한림대학교,예체능계열,9029000.0
2015,한림대학교,의학계열,10356000.0
2015,한림대학교,인문사회계열,7589072.222222222
2015,한림대학교,자연과학계열,8946818.181818182
2015,한밭대학교(산업대) (폐교),공학계열,3626000.0
2015,한북대학교 (폐교),공학계열,8760000.0
2015,한북대학교 (폐교),예체능계열,8410000.0
2015,한북대학교 (폐교),인문사회계열,6980000.0
2015,한북대학교 (폐교),자연과학계열,8526666.666666666
2015,한서대학교,공학계열,9007571.42857143
2015,한서대학교,예체능계열,8736923.076923076
2015,한서대학교,인문사회계열,7351333.333333333
2015,한서대학교,자연과학계열,8478428.57142857
2015,한성대학교,공학계열,9352000.0
2015,한성대학교,예체능계열,9398545.454545455
2015,한성대학교,인문사회계열,7300000.0
2015,한세대학교,공학계열,9775000.0
2015,한세대학교,예체능계열,10427000.0
2015,한세대학교,인문사회계열,7996769.230769231
2015,한세대학교,자연과학계열,9173000.0
2015,한신대학교,공학계열,9146000.0
2015,한신대학교,예체능계열,8728000.0
2015,한신대학교,인문사회계열,7703857.142857143
2015,한신대학교,자연과학계열,8195000.0
2015,한양대학교,공학계열,10190476.19047619
2015,한양대학교,예체능계열,10600400.0
2015,한양대학교,의학계열,10822000.0
2015,한양대학교,인문사회계열,8011619.047619048
2015,한양대학교,자연과학계열,9342800.0
2015,한양대학교(ERICA) _분교,공학계열,9931687.5
2015,한양대학교(ERICA) _분교,예체능계열,9885076.923076924
2015,한양대학교(ERICA) _분교,인문사회계열,8003000.0
2015,한양대학교(ERICA) _분교,자연과학계열,9121375.0
2015,한일장신대학교,예체능계열,7820000.0
2015,한일장신대학교,인문사회계열,6026000.0
2015,한일장신대학교,자연과학계열,6700000.0
2015,한중대학교 (폐교),공학계열,8055550.0
2015,한중대학교 (폐교),예체능계열,7792442.857142857
2015,한중대학교 (폐교),인문사회계열,6405281.818181818
2015,한중대학교 (폐교),자연과학계열,7604550.0
2015,협성대학교,공학계열,9368000.0
2015,협성대학교,예체능계열,9279111.111111112
2015,협성대학교,인문사회계열,7386000.0
2015,협성대학교,자연과학계열,9152000.0
2015,호남대학교,공학계열,7446000.0
2015,호남대학교,예체능계열,7365111.111111111
2015,호남대학교,인문사회계열,6410461.111111111
2015,호남대학교,자연과학계열,7264000.0
2015,호남신학대학교,예체능계열,8396500.0
2015,호남신학대학교,인문사회계열,6249000.0
2015,호서대학교,공학계열,9028000.0
2015,호서대학교,예체능계열,8930307.692307692
2015,호서대학교,인문사회계열,7623416.666666667
2015,호서대학교,자연과학계열,8437400.0
2015,호원대학교,공학계열,7504971.428571428
2015,호원대학교,예체능계열,7661036.363636363
2015,호원대학교,인문사회계열,6419700.0
2015,호원대학교,자연과학계열,7847275.0
2015,홍익대학교,공학계열,9980000.0
2015,홍익대학교,예체능계열,9980000.0
2015,홍익대학교,인문사회계열,7844000.0
2015,홍익대학교,자연과학계열,7844000.0
2015,홍익대학교(세종) _분교(폐교),공학계열,9980000.0
2015,홍익대학교(세종) _분교(폐교),예체능계열,9980000.0
2015,홍익대학교(세종) _분교(폐교),인문사회계열,7512000.0
2015,화성의과학대학교,공학계열,7336000.0
2015,화성의과학대학교,예체능계열,7199000.0
2015,화성의과학대학교,인문사회계열,7168400.0
2015,화성의과학대학교,자연과학계열,9084000.0
2016,가야대학교(김해),예체능계열,7612000.0
2016,가야대학교(김해),인문사회계열,6561666.666666667
2016,가야대학교(김해),자연과학계열,7752285.714285715
2016,가천대학교,공학계열,9629037.037037037
2016,가천대학교,예체능계열,9497333.333333334
2016,가천대학교,의학계열,8914000.0
2016,가천대학교,인문사회계열,7640000.0
2016,가천대학교,자연과학계열,9071666.666666666
2016,가톨릭관동대학교,공학계열,8524565.0
2016,가톨릭관동대학교,예체능계열,8558956.25
2016,가톨릭관동대학교,의학계열,9850000.0
2016,가톨릭관동대학교,인문사회계열,6542667.647058823
2016,가톨릭관동대학교,자연과학계열,8244600.0
2016,가톨릭꽃동네대학교,인문사회계열,7368000.0
2016,가톨릭꽃동네대학교,자연과학계열,8546000.0
2016,가톨릭대학교,공학계열,8870666.666666666
2016,가톨릭대학교,예체능계열,9442000.0
2016,가톨릭대학교,인문사회계열,6539333.333333333
2016,가톨릭대학교,자연과학계열,7644200.0
2016,가톨릭대학교 _제2캠퍼스,자연과학계열,9564000.0
2016,가톨릭대학교 _제3캠퍼스,인문사회계열,7002000.0
2016,감리교신학대학교,인문사회계열,6201250.0
2016,강남대학교,공학계열,9684142.857142856
2016,강남대학교,예체능계열,10773333.333333334
2016,강남대학교,인문사회계열,7684480.0
2016,강남대학교,자연과학계열,10015000.0
2016,강서대학교,예체능계열,8764000.0
2016,강서대학교,인문사회계열,6980100.0
2016,강서대학교,자연과학계열,9486000.0
2016,강원대학교,공학계열,4515037.037037037
2016,강원대학교,예체능계열,4723333.333333333
2016,강원대학교,의학계열,5758000.0
2016,강원대학교,인문사회계열,3567222.222222222
2016,강원대학교,자연과학계열,4279661.016949153
2016,강원대학교 _제2캠퍼스,공학계열,4517862.068965517
2016,강원대학교 _제2캠퍼스,예체능계열,4738500.0
2016,강원대학교 _제2캠퍼스,인문사회계열,3590000.0
2016,강원대학교 _제2캠퍼스,자연과학계열,4366000.0
2016,건국대학교,공학계열,10222000.0
2016,건국대학교,예체능계열,9791333.333333334
2016,건국대학교,의학계열,10180000.0
2016,건국대학교,인문사회계열,7797304.347826087
2016,건국대학교,자연과학계열,9070500.0
2016,건국대학교(글로컬) _분교,공학계열,9559000.0
2016,건국대학교(글로컬) _분교,예체능계열,10001000.0
2016,건국대학교(글로컬) _분교,인문사회계열,7680500.0
2016,건국대학교(글로컬) _분교,자연과학계열,8896000.0
2016,건양대학교,공학계열,7613428.571428572
2016,건양대학교,예체능계열,7310000.0
2016,건양대학교,인문사회계열,6443500.0
2016,건양대학교,자연과학계열,7170800.0
2016,건양대학교 _제2캠퍼스,공학계열,7874000.0
2016,건양대학교 _제2캠퍼스,의학계열,9546000.0
2016,건양대학교 _제2캠퍼스,인문사회계열,6051000.0
2016,건양대학교 _제2캠퍼스,자연과학계열,7861333.333333333
2016,경기대학교,공학계열,8986846.153846154
2016,경기대학교,예체능계열,8543250.0
2016,경기대학교,인문사회계열,6988696.96969697
2016,경기대학교,자연과학계열,7828500.0
2016,경기대학교 _제2캠퍼스,예체능계열,8898000.0
2016,경기대학교 _제2캠퍼스,인문사회계열,6788428.571428572
2016,경기대학교 _제2캠퍼스,자연과학계열,7179000.0
2016,경남과학기술대학교 (폐교),공학계열,3993412.5
2016,경남과학기술대학교 (폐교),예체능계열,4124000.0
2016,경남과학기술대학교 (폐교),인문사회계열,3494500.0
2016,경남과학기술대학교 (폐교),자연과학계열,3784377.777777778
2016,경남대학교,공학계열,8015166.666666667
2016,경남대학교,예체능계열,7983200.0
2016,경남대학교,인문사회계열,6210230.769230769
2016,경남대학교,자연과학계열,6859111.111111111
2016,경동대학교,공학계열,6649350.0
2016,경동대학교,예체능계열,5756250.0
2016,경동대학교,인문사회계열,6241752.380952381
2016,경동대학교,자연과학계열,7270490.0
2016,경동대학교 _제3캠퍼스,자연과학계열,9173437.5
2016,경동대학교 _제4캠퍼스,공학계열,8432233.333333334
2016,경동대학교 _제4캠퍼스,예체능계열,8702700.0
2016,경동대학교 _제4캠퍼스,인문사회계열,7128650.0
2016,경북대학교,공학계열,4712583.333333333
2016,경북대학교,예체능계열,4861400.0
2016,경북대학교,의학계열,5316000.0
2016,경북대학교,인문사회계열,3751454.5454545454
2016,경북대학교,자연과학계열,4550603.174603174
2016,경상국립대학교,공학계열,4432000.0
2016,경상국립대학교,예체능계열,4320000.0
2016,경상국립대학교,의학계열,5864000.0
2016,경상국립대학교,인문사회계열,3456969.696969697
2016,경상국립대학교,자연과학계열,4257230.769230769
2016,경성대학교,공학계열,7635931.0344827585
2016,경성대학교,예체능계열,7529266.666666667
2016,경성대학교,인문사회계열,5649200.0
2016,경성대학교,자연과학계열,7049230.769230769
2016,경운대학교,공학계열,8660000.0
2016,경운대학교,예체능계열,8545714.285714285
2016,경운대학교,인문사회계열,6760000.0
2016,경운대학교,자연과학계열,8645555.555555556
2016,경인교육대학교,인문사회계열,3364000.0
2016,경일대학교,공학계열,8360000.0
2016,경일대학교,예체능계열,8613000.0
2016,경일대학교,인문사회계열,6217692.307692308
2016,경일대학교,자연과학계열,8220000.0
2016,경희대학교,공학계열,9397692.307692308
2016,경희대학교,예체능계열,9403666.666666666
2016,경희대학교,의학계열,9398000.0
2016,경희대학교,인문사회계열,7284206.8965517245
2016,경희대학교,자연과학계열,9430166.666666666
2016,계명대학교,공학계열,8871473.684210526
2016,계명대학교,예체능계열,9259090.909090908
2016,계명대학교,의학계열,9850000.0
2016,계명대학교,인문사회계열,6711652.173913044
2016,계명대학교,자연과학계열,8601733.333333334
2016,고려대학교,공학계열,10451000.0
2016,고려대학교,예체능계열,10114000.0
2016,고려대학교,의학계열,12414000.0
2016,고려대학교,인문사회계열,8145387.096774193
2016,고려대학교,자연과학계열,9295000.0
2016,고려대학교(세종) _분교,공학계열,10708000.0
2016,고려대학교(세종) _분교,예체능계열,8916000.0
2016,고려대학교(세종) _분교,인문사회계열,8166142.857142857
2016,고려대학교(세종) _분교,자연과학계열,9568000.0
2016,고신대학교,예체능계열,7351275.0
2016,고신대학교,의학계열,9410000.0
2016,고신대학교,인문사회계열,6270392.307692308
2016,고신대학교,자연과학계열,7127100.0
2016,공주교육대학교,인문사회계열,3603000.0
2016,광신대학교,예체능계열,7507000.0
2016,광신대학교,인문사회계열,6065500.0
2016,광운대학교,공학계열,9168800.0
2016,광운대학교,예체능계열,8468000.0
2016,광운대학교,인문사회계열,7378813.043478261
2016,광운대학교,자연과학계열,8468000.0
2016,광주가톨릭대학교,인문사회계열,0.0
2016,광주과학기술원,공학계열,2060000.0
2016,광주과학기술원,자연과학계열,2060000.0
2016,광주교육대학교,인문사회계열,3655300.0
2016,광주대학교,공학계열,7266769.230769231
2016,광주대학교,예체능계열,7234857.142857143
2016,광주대학교,인문사회계열,6354600.0
2016,광주대학교,자연과학계열,7309142.857142857
2016,광주여자대학교,예체능계열,7028633.333333333
2016,광주여자대학교,인문사회계열,6097290.0
2016,광주여자대학교,자연과학계열,6962275.0
2016,국립강릉원주대학교,공학계열,4700000.0
2016,국립강릉원주대학교,예체능계열,5272500.0
2016,국립강릉원주대학교,의학계열,7966000.0
2016,국립강릉원주대학교,인문사회계열,3644235.294117647
2016,국립강릉원주대학교,자연과학계열,4546470.588235294
2016,국립강릉원주대학교 _제2캠퍼스,공학계열,4782000.0
2016,국립강릉원주대학교 _제2캠퍼스,예체능계열,5442000.0
2016,국립강릉원주대학교 _제2캠퍼스,인문사회계열,3612500.0
2016,국립강릉원주대학교 _제2캠퍼스,자연과학계열,4897000.0
2016,국립경국대학교,공학계열,4323133.333333333
2016,국립경국대학교,예체능계열,4333666.666666667
2016,국립경국대학교,인문사회계열,3432111.111111111
2016,국립경국대학교,자연과학계열,3960307.6923076925
2016,국립공주대학교,공학계열,4294848.484848484
2016,국립공주대학교,예체능계열,4286714.285714285
2016,국립공주대학교,인문사회계열,3374484.8484848486
2016,국립공주대학교,자연과학계열,4000848.484848485
2016,국립군산대학교,공학계열,4350518.518518519
2016,국립군산대학교,예체능계열,4326800.0
2016,국립군산대학교,인문사회계열,3532875.0
2016,국립군산대학교,자연과학계열,4068666.6666666665
2016,국립금오공과대학교,공학계열,3883148.1481481483
2016,국립금오공과대학교,인문사회계열,3574000.0
2016,국립금오공과대학교,자연과학계열,3625000.0
2016,국립목포대학교,공학계열,4332000.0
2016,국립목포대학교,예체능계열,4318666.666666667
2016,국립목포대학교,인문사회계열,3611200.0
2016,국립목포대학교,자연과학계열,4214666.666666667
2016,국립목포해양대학교,공학계열,3607076.923076923
2016,국립부경대학교,공학계열,4517823.529411765
2016,국립부경대학교,예체능계열,4428000.0
2016,국립부경대학교,인문사회계열,3531222.222222222
2016,국립부경대학교,자연과학계열,4306588.235294118
2016,국립순천대학교,공학계열,4401000.0
2016,국립순천대학교,예체능계열,4575600.0
2016,국립순천대학교,인문사회계열,3491217.3913043477
2016,국립순천대학교,자연과학계열,4255083.333333333
2016,국립창원대학교,공학계열,4483588.235294118
2016,국립창원대학교,예체능계열,4485600.0
2016,국립창원대학교,인문사회계열,3540370.3703703703
2016,국립창원대학교,자연과학계열,4172538.4615384615
2016,국립한국교통대학교,공학계열,4292777.777777778
2016,국립한국교통대학교,예체능계열,4448333.333333333
2016,국립한국교통대학교,인문사회계열,3711111.111111111
2016,국립한국교통대학교,자연과학계열,4305000.0
2016,국립한국해양대학교,공학계열,3993684.210526316
2016,국립한국해양대학교,예체능계열,4160000.0
2016,국립한국해양대학교,인문사회계열,3424444.4444444445
2016,국립한국해양대학교,자연과학계열,4294666.666666667
2016,국립한밭대학교,공학계열,4673400.0
2016,국립한밭대학교,예체능계열,4586400.0
2016,국립한밭대학교,인문사회계열,3882250.0
2016,국립한밭대학교,자연과학계열,4676900.0
2016,국민대학교,공학계열,9539250.0
2016,국민대학교,예체능계열,9763230.76923077
2016,국민대학교,인문사회계열,7660640.0
2016,국민대학교,자연과학계열,8684875.0
2016,극동대학교,공학계열,8791250.0
2016,극동대학교,예체능계열,8583384.615384616
2016,극동대학교,인문사회계열,7175888.888888889
2016,극동대학교,자연과학계열,8324857.142857143
2016,금강대학교,공학계열,7248000.0
2016,금강대학교,인문사회계열,6735000.0
2016,김천대학교,공학계열,8076000.0
2016,김천대학교,예체능계열,8076000.0
2016,김천대학교,인문사회계열,7126363.636363637
2016,김천대학교,자연과학계열,7760153.846153846
2016,나사렛대학교,공학계열,7800000.0
2016,나사렛대학교,예체능계열,8804000.0
2016,나사렛대학교,인문사회계열,7439719.047619048
2016,나사렛대학교,자연과학계열,8756250.0
2016,남부대학교,공학계열,7426666.666666667
2016,남부대학교,예체능계열,7389600.0
2016,남부대학교,인문사회계열,6416400.0
2016,남부대학교,자연과학계열,6906909.090909091
2016,남서울대학교,공학계열,8952350.0
2016,남서울대학교,예체능계열,9174000.0
2016,남서울대학교,인문사회계열,7510333.333333333
2016,남서울대학교,자연과학계열,9206571.42857143
2016,단국대학교,공학계열,9840333.333333334
2016,단국대학교,예체능계열,9882166.666666666
2016,단국대학교,인문사회계열,7726909.090909091
2016,단국대학교,자연과학계열,9294000.0
2016,단국대학교 _제2캠퍼스,공학계열,9640250.0
2016,단국대학교 _제2캠퍼스,예체능계열,9218545.454545455
2016,단국대학교 _제2캠퍼스,의학계열,10338000.0
2016,단국대학교 _제2캠퍼스,인문사회계열,7575909.090909091
2016,단국대학교 _제2캠퍼스,자연과학계열,9434181.818181818
2016,대구가톨릭대학교,공학계열,8169894.736842105
2016,대구가톨릭대학교,예체능계열,9273333.333333334
2016,대구가톨릭대학교,의학계열,9610000.0
2016,대구가톨릭대학교,인문사회계열,6205659.574468086
2016,대구가톨릭대학교,자연과학계열,8360300.0
2016,대구경북과학기술원,자연과학계열,0.0
2016,대구교육대학교,인문사회계열,3781000.0
2016,대구대학교,공학계열,8574000.0
2016,대구대학교,예체능계열,8812000.0
2016,대구대학교,인문사회계열,6412869.565217392
2016,대구대학교,자연과학계열,8017000.0
2016,대구예술대학교,예체능계열,8912352.94117647
2016,대구예술대학교,자연과학계열,7604000.0
2016,대구외국어대학교 (폐교),인문사회계열,5826000.0
2016,대구한의대학교,공학계열,7886000.0
2016,대구한의대학교,예체능계열,8007428.571428572
2016,대구한의대학교,의학계열,9260000.0
2016,대구한의대학교,인문사회계열,6302200.0
2016,대구한의대학교,자연과학계열,7805440.0
2016,대신대학교,예체능계열,7766000.0
2016,대신대학교,인문사회계열,6460000.0
2016,대전가톨릭대학교,인문사회계열,6260000.0
2016,대전대학교,공학계열,8385250.0
2016,대전대학교,예체능계열,7947636.363636363
2016,대전대학교,의학계열,9350000.0
2016,대전대학교,인문사회계열,7050484.848484849
2016,대전대학교,자연과학계열,8254666.666666667
2016,대전신학대학교,인문사회계열,6556000.0
2016,대진대학교,공학계열,8840727.272727273
2016,대진대학교,예체능계열,8648000.0
2016,대진대학교,인문사회계열,6894235.294117647
2016,대진대학교,자연과학계열,7978800.0
2016,덕성여자대학교,공학계열,9303000.0
2016,덕성여자대학교,예체능계열,9387000.0
2016,덕성여자대학교,인문사회계열,6971000.0
2016,덕성여자대학교,자연과학계열,8436166.666666666
2016,동국대학교,공학계열,9979200.0
2016,동국대학교,예체능계열,9700222.222222222
2016,동국대학교,인문사회계열,7660823.529411765
2016,동국대학교,자연과학계열,9323111.111111112
2016,동국대학교(WISE) _분교,공학계열,9456000.0
2016,동국대학교(WISE) _분교,예체능계열,9221333.333333334
2016,동국대학교(WISE) _분교,의학계열,10368000.0
2016,동국대학교(WISE) _분교,인문사회계열,7367055.555555556
2016,동국대학교(WISE) _분교,자연과학계열,8901000.0
2016,동덕여자대학교,공학계열,8314000.0
2016,동덕여자대학교,예체능계열,9480285.714285715
2016,동덕여자대학교,인문사회계열,6798000.0
2016,동덕여자대학교,자연과학계열,8432800.0
2016,동명대학교,공학계열,8257444.444444444
2016,동명대학교,예체능계열,8154000.0
2016,동명대학교,인문사회계열,6225263.157894737
2016,동명대학교,자연과학계열,7886000.0
2016,동서대학교,공학계열,7725750.0
2016,동서대학교,예체능계열,7599562.5
2016,동서대학교,인문사회계열,6147208.333333333
2016,동서대학교,자연과학계열,8056500.0
2016,동신대학교,공학계열,7700000.0
2016,동신대학교,예체능계열,7525666.666666667
2016,동신대학교,의학계열,8520000.0
2016,동신대학교,인문사회계열,6273500.0
2016,동신대학교,자연과학계열,7419666.666666667
2016,동아대학교,공학계열,8132129.0322580645
2016,동아대학교,예체능계열,7939500.0
2016,동아대학교,의학계열,9734000.0
2016,동아대학교,인문사회계열,6384000.0
2016,동아대학교,자연과학계열,7504705.882352941
2016,동양대학교,공학계열,7769800.0
2016,동양대학교,예체능계열,8126000.0
2016,동양대학교,인문사회계열,6193384.615384615
2016,동양대학교,자연과학계열,8164000.0
2016,동의대학교,공학계열,7808250.0
2016,동의대학교,예체능계열,7518000.0
2016,동의대학교,의학계열,8126000.0
2016,동의대학교,인문사회계열,5944702.702702703
2016,동의대학교,자연과학계열,7158500.0
2016,루터대학교,인문사회계열,6990000.0
2016,루터대학교,자연과학계열,6990000.0
2016,명지대학교,공학계열,10096526.315789474
2016,명지대학교,예체능계열,10299857.142857144
2016,명지대학교,자연과학계열,8994285.714285715
2016,명지대학교 _제2캠퍼스,공학계열,8821500.0
2016,명지대학교 _제2캠퍼스,인문사회계열,7644769.230769231
2016,목원대학교,공학계열,8489000.0
2016,목원대학교,예체능계열,8455230.76923077
2016,목원대학교,인문사회계열,7049714.285714285
2016,목원대학교,자연과학계열,7856816.666666667
2016,목포가톨릭대학교,인문사회계열,6123000.0
2016,목포가톨릭대학교,자연과학계열,7292000.0
2016,배재대학교,공학계열,8527166.666666666
2016,배재대학교,예체능계열,8331076.923076923
2016,배재대학교,인문사회계열,6878700.0
2016,배재대학교,자연과학계열,7865166.666666667
2016,백석대학교,공학계열,9090000.0
2016,백석대학교,예체능계열,9410000.0
2016,백석대학교,인문사회계열,7623636.363636363
2016,백석대학교,자연과학계열,9090000.0
2016,부산가톨릭대학교,공학계열,8140000.0
2016,부산가톨릭대학교,인문사회계열,6327416.666666667
2016,부산가톨릭대학교,자연과학계열,7511480.0
2016,부산교육대학교,인문사회계열,3202000.0
2016,부산대학교,공학계열,4820965.517241379
2016,부산대학교,예체능계열,4853333.333333333
2016,부산대학교,인문사회계열,3655473.6842105263
2016,부산대학교,자연과학계열,4696296.296296297
2016,부산외국어대학교,공학계열,8040175.0
2016,부산외국어대학교,예체능계열,6757000.0
2016,부산외국어대학교,인문사회계열,5948028.915662651
2016,부산장신대학교,인문사회계열,6435666.666666667
2016,삼육대학교,공학계열,9194400.0
2016,삼육대학교,예체능계열,9623500.0
2016,삼육대학교,인문사회계열,7758720.0
2016,삼육대학교,자연과학계열,8487785.714285715
2016,상명대학교,공학계열,8848000.0
2016,상명대학교,예체능계열,9622714.285714285
2016,상명대학교,인문사회계열,7479777.777777778
2016,상명대학교,자연과학계열,9004000.0
2016,상명대학교(천안) _분교(폐교),공학계열,9072666.666666666
2016,상명대학교(천안) _분교(폐교),예체능계열,9446615.384615384
2016,상명대학교(천안) _분교(폐교),인문사회계열,7663000.0
2016,상명대학교(천안) _분교(폐교),자연과학계열,9239500.0
2016,상지대학교,공학계열,8440142.857142856
2016,상지대학교,예체능계열,8206000.0
2016,상지대학교,의학계열,9654000.0
2016,상지대학교,인문사회계열,6736846.153846154
2016,상지대학교,자연과학계열,7874777.777777778
2016,서강대학교,공학계열,10283400.0
2016,서강대학교,인문사회계열,8047545.454545454
2016,서강대학교,자연과학계열,9211200.0
2016,서경대학교,공학계열,8995875.0
2016,서경대학교,예체능계열,9365058.823529411
2016,서경대학교,인문사회계열,7451285.714285715
2016,서경대학교,자연과학계열,9181000.0
2016,서남대학교 (폐교),공학계열,6721500.0
2016,서남대학교 (폐교),예체능계열,6743233.333333333
2016,서남대학교 (폐교),의학계열,9900000.0
2016,서남대학교 (폐교),인문사회계열,5530000.0
2016,서남대학교 (폐교),자연과학계열,7673725.0
2016,서남대학교 _제2캠퍼스(폐교),공학계열,7414162.5
2016,서남대학교 _제2캠퍼스(폐교),예체능계열,7077166.666666667
2016,서남대학교 _제2캠퍼스(폐교),인문사회계열,5658000.0
2016,서남대학교 _제2캠퍼스(폐교),자연과학계열,7245666.666666667
2016,서울과학기술대학교,공학계열,5543780.0
2016,서울과학기술대학교,예체능계열,5634800.0
2016,서울과학기술대학교,인문사회계열,4594700.0
2016,서울과학기술대학교,자연과학계열,5562000.0
2016,서울교육대학교,인문사회계열,3259000.0
2016,서울기독대학교,예체능계열,8975500.0
2016,서울기독대학교,인문사회계열,7227333.333333333
2016,서울대학교,공학계열,6159066.666666667
2016,서울대학교,예체능계열,7584444.444444444
2016,서울대학교,의학계열,9717500.0
2016,서울대학교,인문사회계열,5131260.0
2016,서울대학교,자연과학계열,6437739.130434782
2016,서울시립대학교,공학계열,2793000.0
2016,서울시립대학교,예체능계열,3026750.0
2016,서울시립대학교,인문사회계열,2136000.0
2016,서울시립대학교,자연과학계열,2508200.0
2016,서울신학대학교,예체능계열,9076650.0
2016,서울신학대학교,인문사회계열,7312911.111111111
2016,서울여자대학교,공학계열,8632716.666666666
2016,서울여자대학교,예체능계열,9955200.0
2016,서울여자대학교,인문사회계열,7652655.0
2016,서울여자대학교,자연과학계열,8642166.666666666
2016,서울장신대학교,예체능계열,10365400.0
2016,서울장신대학교,인문사회계열,7726900.0
2016,서울한영대학교,예체능계열,8341000.0
2016,서울한영대학교,인문사회계열,6887657.142857143
2016,서원대학교,공학계열,8558455.555555556
2016,서원대학교,예체능계열,8234275.0
2016,서원대학교,인문사회계열,6970400.0
2016,서원대학교,자연과학계열,7903650.0
2016,선문대학교,공학계열,8577176.470588235
2016,선문대학교,예체능계열,8372000.0
2016,선문대학교,인문사회계열,7132228.125
2016,선문대학교,자연과학계열,8420666.666666666
2016,성결대학교,공학계열,8812000.0
2016,성결대학교,예체능계열,9627000.0
2016,성결대학교,인문사회계열,7109857.142857143
2016,성공회대학교,공학계열,8514000.0
2016,성공회대학교,인문사회계열,7653444.444444444
2016,성균관대학교,공학계열,9428666.666666666
2016,성균관대학교,예체능계열,9884000.0
2016,성균관대학교,의학계열,11338000.0
2016,성균관대학교,인문사회계열,7509571.428571428
2016,성균관대학교,자연과학계열,8985166.666666666
2016,성신여자대학교,공학계열,9008000.0
2016,성신여자대학교,예체능계열,10330769.23076923
2016,성신여자대학교,인문사회계열,7706260.869565218
2016,성신여자대학교,자연과학계열,8906444.444444444
2016,세명대학교,공학계열,8269000.0
2016,세명대학교,예체능계열,7802333.333333333
2016,세명대학교,의학계열,8866000.0
2016,세명대학교,인문사회계열,6420333.333333333
2016,세명대학교,자연과학계열,7612750.0
2016,세종대학교,공학계열,8972285.714285715
2016,세종대학교,예체능계열,9458000.0
2016,세종대학교,인문사회계열,6715000.0
2016,세종대학교,자연과학계열,7828285.714285715
2016,세한대학교,공학계열,7569833.333333333
2016,세한대학교,예체능계열,7022006.25
2016,세한대학교,인문사회계열,5784020.0
2016,세한대학교,자연과학계열,6834483.333333333
2016,송원대학교,공학계열,7093550.0
2016,송원대학교,예체능계열,7118566.666666667
2016,송원대학교,인문사회계열,6209337.5
2016,송원대학교,자연과학계열,6822222.222222222
2016,수원가톨릭대학교,인문사회계열,5667000.0
2016,수원대학교,공학계열,8366133.333333333
2016,수원대학교,예체능계열,8726148.148148147
2016,수원대학교,인문사회계열,6632517.24137931
2016,수원대학교,자연과학계열,7677333.333333333
2016,숙명여자대학교,공학계열,9468750.0
2016,숙명여자대학교,예체능계열,10576090.909090908
2016,숙명여자대학교,인문사회계열,8017720.0
2016,숙명여자대학교,자연과학계열,9194700.0
2016,순복음총회신학교,예체능계열,6900000.0
2016,순복음총회신학교,인문사회계열,5625000.0
2016,순천향대학교,공학계열,9118000.0
2016,순천향대학교,예체능계열,8682000.0
2016,순천향대학교,의학계열,10040000.0
2016,순천향대학교,인문사회계열,7782947.368421053
2016,순천향대학교,자연과학계열,8667333.333333334
2016,숭실대학교,공학계열,9532470.588235294
2016,숭실대학교,예체능계열,9261333.333333334
2016,숭실대학교,인문사회계열,7881642.857142857
2016,숭실대학교,자연과학계열,8776800.0
2016,신경주대학교,공학계열,7800000.0
2016,신경주대학교,예체능계열,8659777.777777778
2016,신경주대학교,인문사회계열,6868615.384615385
2016,신경주대학교,자연과학계열,7359800.0
2016,신라대학교,공학계열,8003181.818181818
2016,신라대학교,예체능계열,7883666.666666667
2016,신라대학교,인문사회계열,6048454.545454546
2016,신라대학교,자연과학계열,7448076.923076923
2016,신한대학교,공학계열,10668000.0
2016,신한대학교,인문사회계열,8468000.0
2016,신한대학교,자연과학계열,10068000.0
2016,신한대학교 _제2캠퍼스,공학계열,10668000.0
2016,신한대학교 _제2캠퍼스,예체능계열,10568000.0
2016,신한대학교 _제2캠퍼스,인문사회계열,8468000.0
2016,신한대학교 _제2캠퍼스,자연과학계열,10068000.0
2016,아신대학교,인문사회계열,6770285.714285715
2016,아주대학교,공학계열,9632000.0
2016,아주대학교,의학계열,11200000.0
2016,아주대학교,인문사회계열,7834142.857142857
2016,아주대학교,자연과학계열,9150000.0
2016,안양대학교,공학계열,9245625.0
2016,안양대학교,예체능계열,9355000.0
2016,안양대학교,인문사회계열,7580666.666666667
2016,안양대학교,자연과학계열,8601000.0
2016,안양대학교 _제2캠퍼스,공학계열,9355000.0
2016,안양대학교 _제2캠퍼스,인문사회계열,7571000.0
2016,연세대학교,공학계열,10259181.818181818
2016,연세대학교,예체능계열,10796142.857142856
2016,연세대학교,의학계열,12104000.0
2016,연세대학교,인문사회계열,9740566.666666666
2016,연세대학교,자연과학계열,10342368.421052631
2016,연세대학교(미래) _분교,공학계열,10309000.0
2016,연세대학교(미래) _분교,예체능계열,9209000.0
2016,연세대학교(미래) _분교,의학계열,12104000.0
2016,연세대학교(미래) _분교,인문사회계열,7964000.0
2016,연세대학교(미래) _분교,자연과학계열,8920055.555555556
2016,영남대학교,공학계열,8692476.19047619
2016,영남대학교,예체능계열,9385600.0
2016,영남대학교,의학계열,10662000.0
2016,영남대학교,인문사회계열,6369368.421052632
2016,영남대학교,자연과학계열,8736480.0
2016,영남신학대학교,인문사회계열,6532775.0
2016,영산대학교,공학계열,7907000.0
2016,영산대학교,예체능계열,6781000.0
2016,영산대학교,인문사회계열,5757600.0
2016,영산대학교,자연과학계열,6818600.0
2016,영산대학교 _제2캠퍼스,공학계열,7907000.0
2016,영산대학교 _제2캠퍼스,예체능계열,7257444.444444444
2016,영산대학교 _제2캠퍼스,인문사회계열,5981000.0
2016,영산대학교 _제2캠퍼스,자연과학계열,7679000.0
2016,영산선학대학교,인문사회계열,2150000.0
2016,예수대학교,인문사회계열,5563000.0
2016,예수대학교,자연과학계열,7403000.0
2016,예원예술대학교,예체능계열,8457309.090909092
2016,예원예술대학교,인문사회계열,6220000.0
2016,예원예술대학교 _제2캠퍼스,예체능계열,8665720.0
2016,용인대학교,예체능계열,8870526.315789474
2016,용인대학교,인문사회계열,7617000.0
2016,용인대학교,자연과학계열,8455000.0
2016,우석대학교,공학계열,8169250.0
2016,우석대학교,예체능계열,7641615.384615385
2016,우석대학교,의학계열,8058000.0
2016,우석대학교,인문사회계열,6254636.666666667
2016,우석대학교,자연과학계열,7424562.5
2016,우송대학교,공학계열,7916133.333333333
2016,우송대학교,예체능계열,8121166.666666667
2016,우송대학교,인문사회계열,7457550.0
2016,우송대학교,자연과학계열,8094788.888888889
2016,울산과학기술원,공학계열,6300000.0
2016,울산과학기술원,인문사회계열,5841333.333333333
2016,울산과학기술원,자연과학계열,6300000.0
2016,울산대학교,공학계열,8763369.23076923
2016,울산대학교,예체능계열,9246383.333333334
2016,울산대학교,의학계열,10928000.0
2016,울산대학교,인문사회계열,6443000.0
2016,울산대학교,자연과학계열,8539757.142857144
2016,원광대학교,공학계열,8427916.666666666
2016,원광대학교,예체능계열,8071916.666666667
2016,원광대학교,의학계열,9750000.0
2016,원광대학교,인문사회계열,6648250.0
2016,원광대학교,자연과학계열,8122150.0
2016,위덕대학교,공학계열,8281571.428571428
2016,위덕대학교,예체능계열,8770500.0
2016,위덕대학교,인문사회계열,6906400.0
2016,위덕대학교,자연과학계열,8444666.666666666
2016,유원대학교,공학계열,8628000.0
2016,유원대학교,예체능계열,8254000.0
2016,유원대학교,인문사회계열,6985666.666666667
2016,유원대학교,자연과학계열,8628000.0
2016,을지대학교,의학계열,10320500.0
2016,을지대학교,자연과학계열,9858333.333333334
2016,을지대학교 _제2캠퍼스,공학계열,9967500.0
2016,을지대학교 _제2캠퍼스,예체능계열,9448250.0
2016,을지대학교 _제2캠퍼스,인문사회계열,8508000.0
2016,을지대학교 _제2캠퍼스,자연과학계열,9294291.666666666
2016,이화여자대학교,공학계열,9893000.0
2016,이화여자대학교,예체능계열,10619857.142857144
2016,이화여자대학교,인문사회계열,7876750.0
2016,이화여자대학교,자연과학계열,9374684.210526315
2016,인제대학교,공학계열,8232147.05882353
2016,인제대학교,예체능계열,7485137.5
2016,인제대학교,인문사회계열,6146163.636363637
2016,인제대학교,자연과학계열,7899145.454545454
2016,인제대학교 _제2캠퍼스,의학계열,9959500.0
2016,인제대학교 _제2캠퍼스,자연과학계열,7496500.0
2016,인천가톨릭대학교,인문사회계열,5186000.0
2016,인천가톨릭대학교 _제2캠퍼스,예체능계열,8701000.0
2016,인천가톨릭대학교 _제2캠퍼스,자연과학계열,8941000.0
2016,인천대학교,공학계열,5471000.0
2016,인천대학교,예체능계열,5320285.714285715
2016,인천대학교,인문사회계열,4523066.666666667
2016,인천대학교,자연과학계열,4883233.333333333
2016,인하대학교,공학계열,9132814.814814815
2016,인하대학교,예체능계열,9254800.0
2016,인하대학교,인문사회계열,7431851.851851852
2016,인하대학교,자연과학계열,8712666.666666666
2016,장로회신학대학교,예체능계열,9201500.0
2016,장로회신학대학교,인문사회계열,6607500.0
2016,전남대학교,공학계열,4501875.0
2016,전남대학교,예체능계열,4654571.428571428
2016,전남대학교,의학계열,5874000.0
2016,전남대학교,인문사회계열,3635655.172413793
2016,전남대학교,자연과학계열,4418888.888888889
2016,전남대학교 _제2캠퍼스,공학계열,4555200.0
2016,전남대학교 _제2캠퍼스,예체능계열,4572000.0
2016,전남대학교 _제2캠퍼스,인문사회계열,3870800.0
2016,전남대학교 _제2캠퍼스,자연과학계열,4268000.0
2016,전북대학교,공학계열,4712500.0
2016,전북대학교,예체능계열,4767428.571428572
2016,전북대학교,의학계열,4850000.0
2016,전북대학교,인문사회계열,3502628.5714285714
2016,전북대학교,자연과학계열,4504606.060606061
2016,전주교육대학교,인문사회계열,3440000.0
2016,전주대학교,공학계열,8460000.0
2016,전주대학교,예체능계열,8117272.7272727275
2016,전주대학교,인문사회계열,6778000.0
2016,전주대학교,자연과학계열,7762142.857142857
2016,정석대학,공학계열,0.0
2016,정석대학,인문사회계열,0.0
2016,제주국제대학교,공학계열,7047000.0
2016,제주국제대학교,예체능계열,6740181.818181818
2016,제주국제대학교,인문사회계열,6406000.0
2016,제주국제대학교,자연과학계열,6912000.0
2016,제주대학교,공학계열,4450600.0
2016,제주대학교,예체능계열,4348733.333333333
2016,제주대학교,의학계열,5602000.0
2016,제주대학교,인문사회계열,3413523.076923077
2016,제주대학교,자연과학계열,4152304.1666666665
2016,조선대학교,공학계열,8108214.285714285
2016,조선대학교,예체능계열,7780900.0
2016,조선대학교,인문사회계열,6466514.285714285
2016,조선대학교,자연과학계열,7731761.904761905
2016,중부대학교,공학계열,8124000.0
2016,중부대학교,예체능계열,8275538.461538462
2016,중부대학교,인문사회계열,7097166.666666667
2016,중부대학교,자연과학계열,7702000.0
2016,중앙대학교,공학계열,9186769.23076923
2016,중앙대학교,예체능계열,9323600.0
2016,중앙대학교,인문사회계열,7040666.666666667
2016,중앙대학교,자연과학계열,9117777.777777778
2016,중앙대학교 _제2캠퍼스,공학계열,8977000.0
2016,중앙대학교 _제2캠퍼스,예체능계열,10057777.777777778
2016,중앙대학교 _제2캠퍼스,인문사회계열,6812000.0
2016,중앙대학교 _제2캠퍼스,자연과학계열,7938000.0
2016,중앙승가대학교,인문사회계열,1970000.0
2016,중원대학교,공학계열,8125363.636363637
2016,중원대학교,예체능계열,7837428.571428572
2016,중원대학교,인문사회계열,6702000.0
2016,중원대학교,자연과학계열,8208555.555555556
2016,진주교육대학교,인문사회계열,3623000.0
2016,차의과학대학교,인문사회계열,7713000.0
2016,차의과학대학교,자연과학계열,8060833.333333333
2016,창신대학교,공학계열,7720000.0
2016,창신대학교,예체능계열,7605333.333333333
2016,창신대학교,인문사회계열,6005000.0
2016,창신대학교,자연과학계열,6953333.333333333
2016,청운대학교,공학계열,7981384.615384615
2016,청운대학교,예체능계열,8396800.0
2016,청운대학교,인문사회계열,7350285.714285715
2016,청운대학교,자연과학계열,8396000.0
2016,청주교육대학교,인문사회계열,3395230.769230769
2016,청주대학교,공학계열,9179857.142857144
2016,청주대학교,예체능계열,8997500.0
2016,청주대학교,인문사회계열,7657500.0
2016,청주대학교,자연과학계열,8621583.333333334
2016,초당대학교,공학계열,7529500.0
2016,초당대학교,예체능계열,7064000.0
2016,초당대학교,인문사회계열,5953333.333333333
2016,초당대학교,자연과학계열,7064000.0
2016,총신대학교,예체능계열,9632600.0
2016,총신대학교,인문사회계열,7456375.0
2016,추계예술대학교,예체능계열,9784062.5
2016,추계예술대학교,인문사회계열,7484333.333333333
2016,춘천교육대학교,인문사회계열,3364025.0
2016,충남대학교,공학계열,4964666.666666667
2016,충남대학교,예체능계열,4787777.777777778
2016,충남대학교,의학계열,5616000.0
2016,충남대학교,인문사회계열,3553031.25
2016,충남대학교,자연과학계열,4425383.870967742
2016,충북대학교,공학계열,4742117.647058823
2016,충북대학교,예체능계열,4604666.666666667
2016,충북대학교,의학계열,7445000.0
2016,충북대학교,인문사회계열,3686764.285714286
2016,충북대학교,자연과학계열,4472194.444444444
2016,칼빈대학교,예체능계열,8864000.0
2016,칼빈대학교,인문사회계열,7398000.0
2016,평택대학교,공학계열,8680000.0
2016,평택대학교,예체능계열,9552000.0
2016,평택대학교,인문사회계열,7540000.0
2016,평택대학교,자연과학계열,8470000.0
2016,포항공과대학교,공학계열,6254000.0
2016,포항공과대학교,자연과학계열,6254000.0
2016,한경국립대학교,공학계열,4180100.0
2016,한경국립대학교,예체능계열,4111666.6666666665
2016,한경국립대학교,인문사회계열,3688500.0
2016,한경국립대학교,자연과학계열,3991000.0
2016,한국공학대학교,공학계열,9880000.0
2016,한국공학대학교,예체능계열,9880000.0
2016,한국공학대학교,인문사회계열,9067333.333333334
2016,한국과학기술원,공학계열,7219000.0
2016,한국교원대학교,공학계열,3600000.0
2016,한국교원대학교,예체능계열,3801333.3333333335
2016,한국교원대학교,인문사회계열,2874000.0
2016,한국교원대학교,자연과학계열,3509250.0
2016,한국국제대학교 (폐교),공학계열,7354285.714285715
2016,한국국제대학교 (폐교),예체능계열,7186500.0
2016,한국국제대학교 (폐교),인문사회계열,5932588.235294118
2016,한국국제대학교 (폐교),자연과학계열,7061428.571428572
2016,한국기술교육대학교,공학계열,4884255.555555556
2016,한국기술교육대학교,인문사회계열,3538500.0
2016,한국방송통신대학교,공학계열,1480000.0
2016,한국방송통신대학교,인문사회계열,789941.1764705882
2016,한국방송통신대학교,자연과학계열,735500.0
2016,한국성서대학교,공학계열,7950000.0
2016,한국성서대학교,인문사회계열,7170000.0
2016,한국성서대학교,자연과학계열,8390000.0
2016,한국예술종합학교,공학계열,4882000.0
2016,한국예술종합학교,예체능계열,4915404.166666667
2016,한국예술종합학교,인문사회계열,4913500.0
2016,한국외국어대학교,공학계열,9060750.0
2016,한국외국어대학교,인문사회계열,7606120.879120879
2016,한국외국어대학교,자연과학계열,8618142.857142856
2016,한국전통문화대학교(일반),공학계열,3576000.0
2016,한국전통문화대학교(일반),예체능계열,3497500.0
2016,한국전통문화대학교(일반),인문사회계열,2811750.0
2016,한국전통문화대학교(일반),자연과학계열,3705500.0
2016,한국체육대학교,예체능계열,4249333.333333333
2016,한국침례신학대학교,예체능계열,8353300.0
2016,한국침례신학대학교,인문사회계열,6417483.333333333
2016,한국항공대학교,공학계열,9606080.0
2016,한국항공대학교,인문사회계열,7136666.666666667
2016,한국항공대학교,자연과학계열,9155900.0
2016,한남대학교,공학계열,8653555.555555556
2016,한남대학교,예체능계열,8637000.0
2016,한남대학교,인문사회계열,6933214.285714285
2016,한남대학교,자연과학계열,8201837.5
2016,한동대학교,공학계열,7748000.0
2016,한동대학교,인문사회계열,6402000.0
2016,한동대학교,자연과학계열,7748000.0
2016,한라대학교,공학계열,8048000.0
2016,한라대학교,예체능계열,8048000.0
2016,한라대학교,인문사회계열,6560000.0
2016,한려대학교 (폐교),공학계열,6626000.0
2016,한려대학교 (폐교),예체능계열,6789000.0
2016,한려대학교 (폐교),인문사회계열,5430614.285714285
2016,한려대학교 (폐교),자연과학계열,7264125.0
2016,한림대학교,공학계열,9307000.0
2016,한림대학교,예체능계열,9005000.0
2016,한림대학교,의학계열,10324000.0
2016,한림대학교,인문사회계열,7594818.75
2016,한림대학교,자연과학계열,8956600.0
2016,한북대학교 (폐교),공학계열,8760000.0
2016,한북대학교 (폐교),예체능계열,8410000.0
2016,한북대학교 (폐교),인문사회계열,6980000.0
2016,한북대학교 (폐교),자연과학계열,8526666.666666666
2016,한서대학교,공학계열,8973142.857142856
2016,한서대학교,예체능계열,8755333.333333334
2016,한서대학교,인문사회계열,7382615.384615385
2016,한서대학교,자연과학계열,8446000.0
2016,한성대학교,공학계열,8986666.666666666
2016,한성대학교,예체능계열,9254428.57142857
2016,한성대학교,인문사회계열,7110307.692307692
2016,한세대학교,공학계열,9775000.0
2016,한세대학교,예체능계열,10427000.0
2016,한세대학교,인문사회계열,8065333.333333333
2016,한세대학교,자연과학계열,9173000.0
2016,한신대학교,공학계열,9006666.666666666
2016,한신대학교,예체능계열,8728000.0
2016,한신대학교,인문사회계열,7551290.322580645
2016,한신대학교,자연과학계열,7963500.0
2016,한양대학교,공학계열,10148181.818181818
2016,한양대학교,예체능계열,10600400.0
2016,한양대학교,의학계열,10822000.0
2016,한양대학교,인문사회계열,8011619.047619048
2016,한양대학교,자연과학계열,9342800.0
2016,한양대학교(ERICA) _분교,공학계열,9892176.470588235
2016,한양대학교(ERICA) _분교,예체능계열,10153111.111111112
2016,한양대학교(ERICA) _분교,인문사회계열,7937866.666666667
2016,한양대학교(ERICA) _분교,자연과학계열,9433833.333333334
2016,한일장신대학교,예체능계열,7820000.0
2016,한일장신대학교,인문사회계열,6062500.0
2016,한일장신대학교,자연과학계열,7520000.0
2016,한중대학교 (폐교),공학계열,7959020.0
2016,한중대학교 (폐교),예체능계열,7872468.75
2016,한중대학교 (폐교),인문사회계열,6445934.782608695
2016,한중대학교 (폐교),자연과학계열,7692714.285714285
2016,협성대학교,공학계열,9368000.0
2016,협성대학교,예체능계열,9368000.0
2016,협성대학교,인문사회계열,7386000.0
2016,협성대학교,자연과학계열,9152000.0
2016,호남대학교,공학계열,7338222.222222222
2016,호남대학교,예체능계열,7279555.555555556
2016,호남대학교,인문사회계열,6352390.0
2016,호남대학교,자연과학계열,7264000.0
2016,호남신학대학교,예체능계열,8396500.0
2016,호남신학대학교,인문사회계열,6243650.0
2016,호서대학교,공학계열,8912615.384615384
2016,호서대학교,예체능계열,8785571.42857143
2016,호서대학교,인문사회계열,7512769.230769231
2016,호서대학교,자연과학계열,8437400.0
2016,호원대학교,공학계열,7624957.142857143
2016,호원대학교,예체능계열,7553840.0
2016,호원대학교,인문사회계열,6324000.0
2016,호원대학교,자연과학계열,7681962.5
2016,홍익대학교,공학계열,9980000.0
2016,홍익대학교,예체능계열,9980000.0
2016,홍익대학교,인문사회계열,7844000.0
2016,홍익대학교,자연과학계열,7844000.0
2016,홍익대학교(세종) _분교(폐교),공학계열,9980000.0
2016,홍익대학교(세종) _분교(폐교),예체능계열,9980000.0
2016,홍익대학교(세종) _분교(폐교),인문사회계열,7512000.0
2016,화성의과학대학교,공학계열,7072000.0
2016,화성의과학대학교,예체능계열,7126500.0
2016,화성의과학대학교,인문사회계열,6998400.0
2016,화성의과학대학교,자연과학계열,9084000.0
2017,가야대학교(김해),예체능계열,7612000.0
2017,가야대학교(김해),인문사회계열,6561666.666666667
2017,가야대학교(김해),자연과학계열,7752285.714285715
2017,가천대학교,공학계열,9827400.0
2017,가천대학교,예체능계열,9795272.727272727
2017,가천대학교,의학계열,9768000.0
2017,가천대학교,인문사회계열,8084631.578947368
2017,가천대학교,자연과학계열,9187375.0
2017,가톨릭관동대학교,공학계열,8380495.454545454
2017,가톨릭관동대학교,예체능계열,8582417.647058824
2017,가톨릭관동대학교,의학계열,9850000.0
2017,가톨릭관동대학교,인문사회계열,6525107.317073171
2017,가톨릭관동대학교,자연과학계열,7980012.5
2017,가톨릭꽃동네대학교,인문사회계열,7368000.0
2017,가톨릭꽃동네대학교,자연과학계열,8546000.0
2017,가톨릭대학교,공학계열,8870666.666666666
2017,가톨릭대학교,예체능계열,9442000.0
2017,가톨릭대학교,인문사회계열,6539333.333333333
2017,가톨릭대학교,자연과학계열,7644200.0
2017,가톨릭대학교 _제2캠퍼스,의학계열,10374000.0
2017,가톨릭대학교 _제2캠퍼스,자연과학계열,9564000.0
2017,가톨릭대학교 _제3캠퍼스,인문사회계열,7002000.0
2017,감리교신학대학교,인문사회계열,6201250.0
2017,강남대학교,공학계열,8831333.333333334
2017,강남대학교,예체능계열,10301000.0
2017,강남대학교,인문사회계열,7478050.0
2017,강서대학교,예체능계열,8249525.0
2017,강서대학교,인문사회계열,6350781.818181818
2017,강서대학교,자연과학계열,9143000.0
2017,강원대학교,공학계열,4518000.0
2017,강원대학교,예체능계열,4723333.333333333
2017,강원대학교,의학계열,5758000.0
2017,강원대학교,인문사회계열,3567222.222222222
2017,강원대학교,자연과학계열,4293640.0
2017,강원대학교 _제2캠퍼스,공학계열,4517862.068965517
2017,강원대학교 _제2캠퍼스,예체능계열,4738500.0
2017,강원대학교 _제2캠퍼스,인문사회계열,3590000.0
2017,강원대학교 _제2캠퍼스,자연과학계열,4366000.0
2017,건국대학교,공학계열,10033333.333333334
2017,건국대학교,예체능계열,9791333.333333334
2017,건국대학교,의학계열,10180000.0
2017,건국대학교,인문사회계열,7797304.347826087
2017,건국대학교,자연과학계열,8639181.818181818
2017,건국대학교(글로컬) _분교,공학계열,8880800.0
2017,건국대학교(글로컬) _분교,예체능계열,9419866.666666666
2017,건국대학교(글로컬) _분교,인문사회계열,7262714.285714285
2017,건국대학교(글로컬) _분교,자연과학계열,8520800.0
2017,건양대학교,공학계열,7532727.2727272725
2017,건양대학교,예체능계열,7590000.0
2017,건양대학교,인문사회계열,6422260.869565218
2017,건양대학교,자연과학계열,7275000.0
2017,건양대학교 _제2캠퍼스,공학계열,7870000.0
2017,건양대학교 _제2캠퍼스,의학계열,9540000.0
2017,건양대학교 _제2캠퍼스,인문사회계열,6035000.0
2017,건양대학교 _제2캠퍼스,자연과학계열,7858888.888888889
2017,경기대학교,공학계열,8986846.153846154
2017,경기대학교,예체능계열,8543250.0
2017,경기대학교,인문사회계열,7063137.931034483
2017,경기대학교,자연과학계열,7630714.285714285
2017,경기대학교 _제2캠퍼스,예체능계열,8898000.0
2017,경기대학교 _제2캠퍼스,인문사회계열,6814923.076923077
2017,경기대학교 _제2캠퍼스,자연과학계열,7179000.0
2017,경남과학기술대학교 (폐교),공학계열,4005580.0
2017,경남과학기술대학교 (폐교),예체능계열,4123000.0
2017,경남과학기술대학교 (폐교),인문사회계열,3464820.0
2017,경남과학기술대학교 (폐교),자연과학계열,3784255.5555555555
2017,경남대학교,공학계열,8015166.666666667
2017,경남대학교,예체능계열,7983200.0
2017,경남대학교,인문사회계열,6240880.0
2017,경남대학교,자연과학계열,6796666.666666667
2017,경동대학교,공학계열,7993075.0
2017,경동대학교,예체능계열,8748500.0
2017,경동대학교,인문사회계열,6533184.2105263155
2017,경동대학교,자연과학계열,7774533.333333333
2017,경동대학교 _제3캠퍼스,인문사회계열,7040000.0
2017,경동대학교 _제3캠퍼스,자연과학계열,8967437.5
2017,경동대학교 _제4캠퍼스,공학계열,7863933.333333333
2017,경동대학교 _제4캠퍼스,예체능계열,8380500.0
2017,경동대학교 _제4캠퍼스,인문사회계열,6956750.0
2017,경북대학교,공학계열,4713900.0
2017,경북대학교,예체능계열,4855857.142857143
2017,경북대학교,의학계열,7772000.0
2017,경북대학교,인문사회계열,3751454.5454545454
2017,경북대학교,자연과학계열,4550603.174603174
2017,경상국립대학교,공학계열,4434275.862068965
2017,경상국립대학교,예체능계열,4320000.0
2017,경상국립대학교,의학계열,7894000.0
2017,경상국립대학교,인문사회계열,3456969.696969697
2017,경상국립대학교,자연과학계열,4257230.769230769
2017,경성대학교,공학계열,7627032.258064516
2017,경성대학교,예체능계열,7540518.518518519
2017,경성대학교,인문사회계열,5634074.074074074
2017,경성대학교,자연과학계열,6948125.0
2017,경운대학교,공학계열,8426666.666666666
2017,경운대학교,예체능계열,8445714.285714285
2017,경운대학교,인문사회계열,6497500.0
2017,경운대학교,자연과학계열,8490000.0
2017,경인교육대학교,인문사회계열,3364000.0
2017,경일대학교,공학계열,8316250.0
2017,경일대학교,예체능계열,8613000.0
2017,경일대학교,인문사회계열,5934705.882352941
2017,경일대학교,자연과학계열,8220000.0
2017,경희대학교,공학계열,9349466.666666666
2017,경희대학교,예체능계열,9403666.666666666
2017,경희대학교,의학계열,11399333.333333334
2017,경희대학교,인문사회계열,7284206.8965517245
2017,경희대학교,자연과학계열,9467130.43478261
2017,계명대학교,공학계열,8875200.0
2017,계명대학교,예체능계열,9259090.909090908
2017,계명대학교,의학계열,9850000.0
2017,계명대학교,인문사회계열,6710347.826086956
2017,계명대학교,자연과학계열,8601733.333333334
2017,고려대학교,공학계열,10491636.363636363
2017,고려대학교,예체능계열,10078000.0
2017,고려대학교,의학계열,12414000.0
2017,고려대학교,인문사회계열,8110532.258064516
2017,고려대학교,자연과학계열,9270714.285714285
2017,고려대학교(세종) _분교,공학계열,10451555.555555556
2017,고려대학교(세종) _분교,예체능계열,9063333.333333334
2017,고려대학교(세종) _분교,인문사회계열,7681851.851851852
2017,고려대학교(세종) _분교,자연과학계열,9501400.0
2017,고신대학교,예체능계열,7305433.333333333
2017,고신대학교,의학계열,9410000.0
2017,고신대학교,인문사회계열,6361145.454545454
2017,고신대학교,자연과학계열,7279040.0
2017,공주교육대학교,인문사회계열,3603000.0
2017,광신대학교,예체능계열,7507000.0
2017,광신대학교,인문사회계열,6065500.0
2017,광운대학교,공학계열,9179375.0
2017,광운대학교,예체능계열,8460000.0
2017,광운대학교,인문사회계열,7598750.0
2017,광운대학교,자연과학계열,8460000.0
2017,광주가톨릭대학교,인문사회계열,0.0
2017,광주과학기술원,공학계열,2060000.0
2017,광주과학기술원,자연과학계열,2060000.0
2017,광주교육대학교,인문사회계열,3654630.769230769
2017,광주대학교,공학계열,7237888.888888889
2017,광주대학교,예체능계열,7234857.142857143
2017,광주대학교,인문사회계열,6309125.0
2017,광주대학교,자연과학계열,7288666.666666667
2017,광주여자대학교,예체능계열,7028666.666666667
2017,광주여자대학교,인문사회계열,6097310.0
2017,광주여자대학교,자연과학계열,7011372.7272727275
2017,국립강릉원주대학교,공학계열,4714000.0
2017,국립강릉원주대학교,예체능계열,5272500.0
2017,국립강릉원주대학교,의학계열,7966000.0
2017,국립강릉원주대학교,인문사회계열,3654000.0
2017,국립강릉원주대학교,자연과학계열,4546705.882352941
2017,국립강릉원주대학교 _제2캠퍼스,공학계열,4761250.0
2017,국립강릉원주대학교 _제2캠퍼스,인문사회계열,3612500.0
2017,국립강릉원주대학교 _제2캠퍼스,자연과학계열,4468000.0
2017,국립경국대학교,공학계열,4323133.333333333
2017,국립경국대학교,예체능계열,4333666.666666667
2017,국립경국대학교,인문사회계열,3432111.111111111
2017,국립경국대학교,자연과학계열,3960307.6923076925
2017,국립공주대학교,공학계열,4296875.0
2017,국립공주대학교,예체능계열,4286714.285714285
2017,국립공주대학교,인문사회계열,3354484.8484848486
2017,국립공주대학교,자연과학계열,4000848.484848485
2017,국립군산대학교,공학계열,4321805.555555556
2017,국립군산대학교,예체능계열,4318800.0
2017,국립군산대학교,인문사회계열,3511750.0
2017,국립군산대학교,자연과학계열,4042055.5555555555
2017,국립금오공과대학교,공학계열,3871333.3333333335
2017,국립금오공과대학교,인문사회계열,3571000.0
2017,국립금오공과대학교,자연과학계열,3622000.0
2017,국립목포대학교,공학계열,4324347.826086956
2017,국립목포대학교,예체능계열,4318666.666666667
2017,국립목포대학교,인문사회계열,3589777.777777778
2017,국립목포대학교,자연과학계열,4214666.666666667
2017,국립목포해양대학교,공학계열,3581428.5714285714
2017,국립부경대학교,공학계열,4545315.7894736845
2017,국립부경대학교,예체능계열,4428000.0
2017,국립부경대학교,인문사회계열,3521441.1764705884
2017,국립부경대학교,자연과학계열,4306588.235294118
2017,국립순천대학교,공학계열,4428000.0
2017,국립순천대학교,예체능계열,4575600.0
2017,국립순천대학교,인문사회계열,3499636.3636363638
2017,국립순천대학교,자연과학계열,4244720.0
2017,국립창원대학교,공학계열,4492857.142857143
2017,국립창원대학교,예체능계열,4440333.333333333
2017,국립창원대학교,인문사회계열,3560038.4615384615
2017,국립창원대학교,자연과학계열,4172538.4615384615
2017,국립한국교통대학교,공학계열,4263823.529411765
2017,국립한국교통대학교,예체능계열,4372142.857142857
2017,국립한국교통대학교,인문사회계열,3702250.0
2017,국립한국교통대학교,자연과학계열,4309285.714285715
2017,국립한국해양대학교,공학계열,4063500.0
2017,국립한국해양대학교,예체능계열,4160000.0
2017,국립한국해양대학교,인문사회계열,3424444.4444444445
2017,국립한국해양대학교,자연과학계열,4294666.666666667
2017,국립한밭대학교,공학계열,4680433.333333333
2017,국립한밭대학교,예체능계열,4393300.0
2017,국립한밭대학교,인문사회계열,3866362.5
2017,국립한밭대학교,자연과학계열,4672100.0
2017,국민대학교,공학계열,9355800.0
2017,국민대학교,예체능계열,9763230.76923077
2017,국민대학교,인문사회계열,7561964.285714285
2017,국민대학교,자연과학계열,8573888.888888888
2017,극동대학교,공학계열,8607111.111111112
2017,극동대학교,예체능계열,8235066.666666667
2017,극동대학교,인문사회계열,6815000.0
2017,극동대학교,자연과학계열,8324857.142857143
2017,금강대학교,공학계열,6564000.0
2017,금강대학교,인문사회계열,6661714.285714285
2017,김천대학교,공학계열,8076000.0
2017,김천대학교,예체능계열,8076000.0
2017,김천대학교,인문사회계열,7188800.0
2017,김천대학교,자연과학계열,7848166.666666667
2017,나사렛대학교,공학계열,8175000.0
2017,나사렛대학교,예체능계열,8464285.714285715
2017,나사렛대학교,인문사회계열,7246666.666666667
2017,나사렛대학교,자연과학계열,8483333.333333334
2017,남부대학교,공학계열,7426666.666666667
2017,남부대학교,예체능계열,7426666.666666667
2017,남부대학교,인문사회계열,6416400.0
2017,남부대학교,자연과학계열,6906909.090909091
2017,남서울대학교,공학계열,8910350.0
2017,남서울대학교,예체능계열,9130333.333333334
2017,남서울대학교,인문사회계열,7473333.333333333
2017,남서울대학교,자연과학계열,9162571.42857143
2017,단국대학교,공학계열,9979384.615384616
2017,단국대학교,예체능계열,9878166.666666666
2017,단국대학교,인문사회계열,7994000.0
2017,단국대학교,자연과학계열,9290000.0
2017,단국대학교 _제2캠퍼스,공학계열,9750000.0
2017,단국대학교 _제2캠퍼스,예체능계열,9214545.454545455
2017,단국대학교 _제2캠퍼스,의학계열,10334000.0
2017,단국대학교 _제2캠퍼스,인문사회계열,7597263.157894737
2017,단국대학교 _제2캠퍼스,자연과학계열,9466952.38095238
2017,대구가톨릭대학교,공학계열,8236363.636363637
2017,대구가톨릭대학교,예체능계열,9166923.076923076
2017,대구가톨릭대학교,의학계열,9610000.0
2017,대구가톨릭대학교,인문사회계열,6215212.5
2017,대구가톨릭대학교,자연과학계열,8329853.846153846
2017,대구경북과학기술원,자연과학계열,0.0
2017,대구교육대학교,인문사회계열,3781000.0
2017,대구대학교,공학계열,8651500.0
2017,대구대학교,예체능계열,8812000.0
2017,대구대학교,인문사회계열,6414775.510204081
2017,대구대학교,자연과학계열,8025066.666666667
2017,대구예술대학교,예체능계열,8957888.888888888
2017,대구예술대학교,자연과학계열,7672000.0
2017,대구외국어대학교 (폐교),예체능계열,5826000.0
2017,대구외국어대학교 (폐교),인문사회계열,5826000.0
2017,대구한의대학교,공학계열,8002250.0
2017,대구한의대학교,예체능계열,7831000.0
2017,대구한의대학교,의학계열,9260000.0
2017,대구한의대학교,인문사회계열,6171600.0
2017,대구한의대학교,자연과학계열,7711407.407407408
2017,대신대학교,예체능계열,7766000.0
2017,대신대학교,인문사회계열,6457733.333333333
2017,대전가톨릭대학교,인문사회계열,6260000.0
2017,대전대학교,공학계열,8406941.176470589
2017,대전대학교,예체능계열,8037333.333333333
2017,대전대학교,의학계열,9350000.0
2017,대전대학교,인문사회계열,7059111.111111111
2017,대전대학교,자연과학계열,8254666.666666667
2017,대전신학대학교,인문사회계열,6556000.0
2017,대진대학교,공학계열,8807000.0
2017,대진대학교,예체능계열,8696181.818181818
2017,대진대학교,인문사회계열,6865285.714285715
2017,대진대학교,자연과학계열,7921571.428571428
2017,덕성여자대학교,공학계열,9303000.0
2017,덕성여자대학교,예체능계열,9387000.0
2017,덕성여자대학교,인문사회계열,6971000.0
2017,덕성여자대학교,자연과학계열,8436166.666666666
2017,동국대학교,공학계열,9979200.0
2017,동국대학교,예체능계열,9700222.222222222
2017,동국대학교,인문사회계열,7712918.918918919
2017,동국대학교,자연과학계열,9323111.111111112
2017,동국대학교(WISE) _분교,공학계열,9850666.666666666
2017,동국대학교(WISE) _분교,예체능계열,9669333.333333334
2017,동국대학교(WISE) _분교,의학계열,10368000.0
2017,동국대학교(WISE) _분교,인문사회계열,7903375.0
2017,동국대학교(WISE) _분교,자연과학계열,9150857.142857144
2017,동덕여자대학교,공학계열,8314000.0
2017,동덕여자대학교,예체능계열,9480285.714285715
2017,동덕여자대학교,인문사회계열,6798000.0
2017,동덕여자대학교,자연과학계열,8291750.0
2017,동명대학교,공학계열,8144521.739130435
2017,동명대학교,예체능계열,7970666.666666667
2017,동명대학교,인문사회계열,6117740.909090909
2017,동명대학교,자연과학계열,7886000.0
2017,동서대학교,공학계열,7725750.0
2017,동서대학교,예체능계열,7606636.363636363
2017,동서대학교,인문사회계열,6145920.0
2017,동서대학교,자연과학계열,8056500.0
2017,동신대학교,공학계열,7606470.588235294
2017,동신대학교,예체능계열,7323428.571428572
2017,동신대학교,의학계열,8520000.0
2017,동신대학교,인문사회계열,6099200.0
2017,동신대학교,자연과학계열,7419666.666666667
2017,동아대학교,공학계열,8132129.0322580645
2017,동아대학교,예체능계열,7939500.0
2017,동아대학교,의학계열,9734000.0
2017,동아대학교,인문사회계열,6384000.0
2017,동아대학교,자연과학계열,7504705.882352941
2017,동양대학교,공학계열,7751368.421052632
2017,동양대학교,예체능계열,8124666.666666667
2017,동양대학교,인문사회계열,6102571.428571428
2017,동양대학교,자연과학계열,8162000.0
2017,동의대학교,공학계열,7681000.0
2017,동의대학교,예체능계열,7345000.0
2017,동의대학교,의학계열,8115000.0
2017,동의대학교,인문사회계열,5694636.363636363
2017,동의대학교,자연과학계열,6960000.0
2017,루터대학교,인문사회계열,6990000.0
2017,루터대학교,자연과학계열,6990000.0
2017,명지대학교,공학계열,9540736.842105264
2017,명지대학교,예체능계열,10365384.615384616
2017,명지대학교,자연과학계열,8386666.666666667
2017,명지대학교 _제2캠퍼스,공학계열,8601500.0
2017,명지대학교 _제2캠퍼스,인문사회계열,7122059.259259259
2017,목원대학교,공학계열,8501000.0
2017,목원대학교,예체능계열,8469703.703703703
2017,목원대학교,인문사회계열,7118105.263157895
2017,목원대학교,자연과학계열,7775714.285714285
2017,목포가톨릭대학교,인문사회계열,6123000.0
2017,목포가톨릭대학교,자연과학계열,7292000.0
2017,배재대학교,공학계열,8574333.333333334
2017,배재대학교,예체능계열,8516000.0
2017,배재대학교,인문사회계열,7088720.0
2017,배재대학교,자연과학계열,7971272.7272727275
2017,백석대학교,공학계열,9090000.0
2017,백석대학교,예체능계열,9476666.666666666
2017,백석대학교,인문사회계열,7568333.333333333
2017,백석대학교,자연과학계열,9090000.0
2017,부산가톨릭대학교,공학계열,8140000.0
2017,부산가톨릭대학교,인문사회계열,6327866.666666667
2017,부산가톨릭대학교,자연과학계열,7511730.0
2017,부산교육대학교,인문사회계열,3202000.0
2017,부산대학교,공학계열,4820965.517241379
2017,부산대학교,예체능계열,4853333.333333333
2017,부산대학교,의학계열,10100000.0
2017,부산대학교,인문사회계열,3655473.6842105263
2017,부산대학교,자연과학계열,4696296.296296297
2017,부산외국어대학교,공학계열,7897750.0
2017,부산외국어대학교,예체능계열,6994000.0
2017,부산외국어대학교,인문사회계열,6049584.2105263155
2017,부산장신대학교,인문사회계열,6434500.0
2017,삼육대학교,공학계열,8779000.0
2017,삼육대학교,예체능계열,9291600.0
2017,삼육대학교,인문사회계열,7768410.0
2017,삼육대학교,자연과학계열,8394666.666666666
2017,상명대학교,공학계열,9208444.444444444
2017,상명대학교,예체능계열,9622714.285714285
2017,상명대학교,인문사회계열,7440421.052631579
2017,상명대학교,자연과학계열,8472500.0
2017,상명대학교 _제2캠퍼스,공학계열,8955750.0
2017,상명대학교 _제2캠퍼스,예체능계열,9102588.235294119
2017,상명대학교 _제2캠퍼스,인문사회계열,7225333.333333333
2017,상명대학교 _제2캠퍼스,자연과학계열,8794500.0
2017,상지대학교,공학계열,8552571.42857143
2017,상지대학교,예체능계열,8140428.571428572
2017,상지대학교,의학계열,9654000.0
2017,상지대학교,인문사회계열,6719923.076923077
2017,상지대학교,자연과학계열,7831055.555555556
2017,서강대학교,공학계열,10283400.0
2017,서강대학교,인문사회계열,7978083.333333333
2017,서강대학교,자연과학계열,9211200.0
2017,서경대학교,공학계열,9086714.285714285
2017,서경대학교,예체능계열,9259263.157894736
2017,서경대학교,인문사회계열,7334000.0
2017,서경대학교,자연과학계열,9181000.0
2017,서남대학교 (폐교),공학계열,6721500.0
2017,서남대학교 (폐교),예체능계열,6580200.0
2017,서남대학교 (폐교),의학계열,9900000.0
2017,서남대학교 (폐교),인문사회계열,5593714.285714285
2017,서남대학교 (폐교),자연과학계열,7594175.0
2017,서남대학교 _제2캠퍼스(폐교),공학계열,7177854.545454546
2017,서남대학교 _제2캠퍼스(폐교),예체능계열,6897320.0
2017,서남대학교 _제2캠퍼스(폐교),인문사회계열,5560666.666666667
2017,서남대학교 _제2캠퍼스(폐교),자연과학계열,7032333.333333333
2017,서울과학기술대학교,공학계열,5475215.7894736845
2017,서울과학기술대학교,예체능계열,5507833.333333333
2017,서울과학기술대학교,인문사회계열,4631000.0
2017,서울과학기술대학교,자연과학계열,5389750.0
2017,서울교육대학교,인문사회계열,3259000.0
2017,서울기독대학교,예체능계열,8969800.0
2017,서울기독대학교,인문사회계열,7223933.333333333
2017,서울대학교,공학계열,6129764.705882353
2017,서울대학교,예체능계열,7558111.111111111
2017,서울대학교,의학계열,9683000.0
2017,서울대학교,인문사회계열,5145127.2727272725
2017,서울대학교,자연과학계열,6384920.0
2017,서울시립대학교,공학계열,2793000.0
2017,서울시립대학교,예체능계열,3026750.0
2017,서울시립대학교,인문사회계열,2136000.0
2017,서울시립대학교,자연과학계열,2519857.1428571427
2017,서울신학대학교,예체능계열,9072000.0
2017,서울신학대학교,인문사회계열,7309433.333333333
2017,서울여자대학교,공학계열,8580366.666666666
2017,서울여자대학교,예체능계열,9889812.5
2017,서울여자대학교,인문사회계열,7533495.652173913
2017,서울여자대학교,자연과학계열,8456214.285714285
2017,서울장신대학교,예체능계열,10418000.0
2017,서울장신대학교,인문사회계열,7760000.0
2017,서울한영대학교,예체능계열,8235200.0
2017,서울한영대학교,인문사회계열,6772130.0
2017,서원대학교,공학계열,8509800.0
2017,서원대학교,예체능계열,7976012.5
2017,서원대학교,인문사회계열,6874313.636363637
2017,서원대학교,자연과학계열,7866933.333333333
2017,선문대학교,공학계열,8666588.235294119
2017,선문대학교,예체능계열,8182000.0
2017,선문대학교,인문사회계열,6989176.470588235
2017,선문대학교,자연과학계열,8336222.222222222
2017,성결대학교,공학계열,8826333.333333334
2017,성결대학교,예체능계열,9654400.0
2017,성결대학교,인문사회계열,7055333.333333333
2017,성공회대학교,공학계열,8514000.0
2017,성공회대학교,인문사회계열,7545875.0
2017,성균관대학교,공학계열,9362421.05263158
2017,성균관대학교,예체능계열,9884000.0
2017,성균관대학교,의학계열,11338000.0
2017,성균관대학교,인문사회계열,7509571.428571428
2017,성균관대학교,자연과학계열,8985166.666666666
2017,성신여자대학교,공학계열,8800000.0
2017,성신여자대학교,예체능계열,10265142.857142856
2017,성신여자대학교,인문사회계열,7507200.0
2017,성신여자대학교,자연과학계열,8670727.272727273
2017,세명대학교,공학계열,8269000.0
2017,세명대학교,예체능계열,7831500.0
2017,세명대학교,의학계열,8866000.0
2017,세명대학교,인문사회계열,6362000.0
2017,세명대학교,자연과학계열,7605214.285714285
2017,세종대학교,공학계열,9058967.741935484
2017,세종대학교,예체능계열,9210500.0
2017,세종대학교,인문사회계열,6693478.260869565
2017,세종대학교,자연과학계열,7751000.0
2017,세한대학교,공학계열,7677633.333333333
2017,세한대학교,예체능계열,7025531.25
2017,세한대학교,인문사회계열,5734400.0
2017,세한대학교,자연과학계열,6821233.333333333
2017,송원대학교,공학계열,7263857.142857143
2017,송원대학교,예체능계열,7207533.333333333
2017,송원대학교,인문사회계열,6159870.0
2017,송원대학교,자연과학계열,6754545.454545454
2017,수원가톨릭대학교,인문사회계열,5667000.0
2017,수원대학교,공학계열,8160421.052631579
2017,수원대학교,예체능계열,8626851.515151516
2017,수원대학교,인문사회계열,6406251.428571428
2017,수원대학교,자연과학계열,7565888.235294118
2017,숙명여자대학교,공학계열,9706000.0
2017,숙명여자대학교,예체능계열,10556454.545454545
2017,숙명여자대학교,인문사회계열,8003320.0
2017,숙명여자대학교,자연과학계열,9089000.0
2017,순복음총회신학교,예체능계열,6900000.0
2017,순복음총회신학교,인문사회계열,5457142.857142857
2017,순천향대학교,공학계열,9118000.0
2017,순천향대학교,예체능계열,8391142.857142856
2017,순천향대학교,의학계열,10040000.0
2017,순천향대학교,인문사회계열,7625384.615384615
2017,순천향대학교,자연과학계열,8530000.0
2017,숭실대학교,공학계열,9593000.0
2017,숭실대학교,예체능계열,9261333.333333334
2017,숭실대학교,인문사회계열,7881642.857142857
2017,숭실대학교,자연과학계열,8776800.0
2017,신경주대학교,공학계열,7722000.0
2017,신경주대학교,예체능계열,8465428.57142857
2017,신경주대학교,인문사회계열,6911076.923076923
2017,신경주대학교,자연과학계열,7124857.142857143
2017,신라대학교,공학계열,7975909.090909091
2017,신라대학교,예체능계열,7628083.333333333
2017,신라대학교,인문사회계열,5987210.52631579
2017,신라대학교,자연과학계열,7327875.0
2017,신한대학교,공학계열,10668000.0
2017,신한대학교,인문사회계열,8468000.0
2017,신한대학교,자연과학계열,10068000.0
2017,신한대학교 _제2캠퍼스,공학계열,10668000.0
2017,신한대학교 _제2캠퍼스,예체능계열,10568000.0
2017,신한대학교 _제2캠퍼스,인문사회계열,8468000.0
2017,신한대학교 _제2캠퍼스,자연과학계열,10068000.0
2017,아신대학교,인문사회계열,6770285.714285715
2017,아주대학교,공학계열,9639500.0
2017,아주대학교,의학계열,11200000.0
2017,아주대학교,인문사회계열,7834142.857142857
2017,아주대학교,자연과학계열,9150000.0
2017,안양대학교,공학계열,8887500.0
2017,안양대학교,예체능계열,8800000.0
2017,안양대학교,인문사회계열,7164555.555555556
2017,안양대학교,자연과학계열,8135500.0
2017,안양대학교 _제2캠퍼스,공학계열,8741666.666666666
2017,안양대학교 _제2캠퍼스,인문사회계열,7255333.333333333
2017,안양대학교 _제2캠퍼스,자연과학계열,9325000.0
2017,연세대학교,공학계열,10847785.714285715
2017,연세대학교,예체능계열,10474625.0
2017,연세대학교,의학계열,12104000.0
2017,연세대학교,인문사회계열,9740566.666666666
2017,연세대학교,자연과학계열,10099000.0
2017,연세대학교(미래) _분교,공학계열,10309000.0
2017,연세대학교(미래) _분교,예체능계열,9209000.0
2017,연세대학교(미래) _분교,의학계열,12104000.0
2017,연세대학교(미래) _분교,인문사회계열,7900428.571428572
2017,연세대학교(미래) _분교,자연과학계열,8920055.555555556
2017,영남대학교,공학계열,8670307.692307692
2017,영남대학교,예체능계열,9385600.0
2017,영남대학교,의학계열,10662000.0
2017,영남대학교,인문사회계열,6355435.897435897
2017,영남대학교,자연과학계열,8708000.0
2017,영남신학대학교,인문사회계열,6522000.0
2017,영산대학교,공학계열,7852100.0
2017,영산대학교,예체능계열,6781000.0
2017,영산대학교,인문사회계열,5717970.0
2017,영산대학교,자연과학계열,7743000.0
2017,영산대학교 _제2캠퍼스,공학계열,7907000.0
2017,영산대학교 _제2캠퍼스,예체능계열,7054111.111111111
2017,영산대학교 _제2캠퍼스,인문사회계열,5694565.217391305
2017,영산대학교 _제2캠퍼스,자연과학계열,6716000.0
2017,영산선학대학교,인문사회계열,2150000.0
2017,예수대학교,인문사회계열,5563000.0
2017,예수대학교,자연과학계열,7403000.0
2017,예원예술대학교,예체능계열,8485454.545454545
2017,예원예술대학교,인문사회계열,5990000.0
2017,예원예술대학교 _제2캠퍼스,예체능계열,8750000.0
2017,용인대학교,예체능계열,8845857.142857144
2017,용인대학교,인문사회계열,7617000.0
2017,용인대학교,자연과학계열,8357125.0
2017,우석대학교,공학계열,8096529.411764706
2017,우석대학교,예체능계열,7595000.0
2017,우석대학교,의학계열,8058000.0
2017,우석대학교,인문사회계열,6294391.666666667
2017,우석대학교,자연과학계열,7558438.461538462
2017,우송대학교,공학계열,7735190.0
2017,우송대학교,예체능계열,7993300.0
2017,우송대학교,인문사회계열,7589912.5
2017,우송대학교,자연과학계열,8018266.666666667
2017,울산과학기술원,공학계열,6288000.0
2017,울산과학기술원,인문사회계열,5829333.333333333
2017,울산과학기술원,자연과학계열,6288000.0
2017,울산대학교,공학계열,8808215.384615384
2017,울산대학교,예체능계열,9323976.923076924
2017,울산대학교,의학계열,10918000.0
2017,울산대학교,인문사회계열,6395500.0
2017,울산대학교,자연과학계열,8179800.0
2017,원광대학교,공학계열,8499320.0
2017,원광대학교,예체능계열,7872714.285714285
2017,원광대학교,의학계열,9750000.0
2017,원광대학교,인문사회계열,6564103.448275862
2017,원광대학교,자연과학계열,8069142.857142857
2017,위덕대학교,공학계열,8501750.0
2017,위덕대학교,예체능계열,8770500.0
2017,위덕대학교,인문사회계열,6955714.285714285
2017,위덕대학교,자연과학계열,8444666.666666666
2017,유원대학교,공학계열,8478400.0
2017,유원대학교,예체능계열,8328800.0
2017,유원대학교,인문사회계열,6834285.714285715
2017,유원대학교,자연과학계열,8414285.714285715
2017,을지대학교,의학계열,10320500.0
2017,을지대학교,자연과학계열,9858333.333333334
2017,을지대학교 _제2캠퍼스,공학계열,9608250.0
2017,을지대학교 _제2캠퍼스,예체능계열,9444750.0
2017,을지대학교 _제2캠퍼스,인문사회계열,8507325.0
2017,을지대학교 _제2캠퍼스,자연과학계열,9154846.153846154
2017,이화여자대학교,공학계열,9744181.818181818
2017,이화여자대학교,예체능계열,10348785.714285715
2017,이화여자대학교,의학계열,12896000.0
2017,이화여자대학교,인문사회계열,7821325.0
2017,이화여자대학교,자연과학계열,9304400.0
2017,인제대학교,공학계열,8131004.545454546
2017,인제대학교,예체능계열,7133712.5
2017,인제대학교,인문사회계열,5923160.0
2017,인제대학교,자연과학계열,7860163.636363637
2017,인제대학교 _제2캠퍼스,의학계열,9959500.0
2017,인제대학교 _제2캠퍼스,자연과학계열,7496500.0
2017,인천가톨릭대학교,인문사회계열,5186000.0
2017,인천가톨릭대학교 _제2캠퍼스,예체능계열,8732000.0
2017,인천가톨릭대학교 _제2캠퍼스,자연과학계열,8976000.0
2017,인천대학교,공학계열,5330888.888888889
2017,인천대학교,예체능계열,5098750.0
2017,인천대학교,인문사회계열,4352000.0
2017,인천대학교,자연과학계열,4708100.0
2017,인하대학교,공학계열,9268545.454545455
2017,인하대학교,예체능계열,9047666.666666666
2017,인하대학교,의학계열,10550000.0
2017,인하대학교,인문사회계열,7530370.37037037
2017,인하대학교,자연과학계열,9043818.181818182
2017,장로회신학대학교,예체능계열,9201500.0
2017,장로회신학대학교,인문사회계열,6607500.0
2017,전남대학교,공학계열,4506000.0
2017,전남대학교,예체능계열,4654571.428571428
2017,전남대학교,의학계열,5874000.0
2017,전남대학교,인문사회계열,3635655.172413793
2017,전남대학교,자연과학계열,4418888.888888889
2017,전남대학교 _제2캠퍼스,공학계열,4555200.0
2017,전남대학교 _제2캠퍼스,예체능계열,4572000.0
2017,전남대학교 _제2캠퍼스,인문사회계열,3798666.6666666665
2017,전남대학교 _제2캠퍼스,자연과학계열,4268000.0
2017,전북대학교,공학계열,4716258.064516129
2017,전북대학교,예체능계열,4767428.571428572
2017,전북대학교,의학계열,8216666.666666667
2017,전북대학교,인문사회계열,3488410.2564102565
2017,전북대학교,자연과학계열,4504606.060606061
2017,전주교육대학교,인문사회계열,3440000.0
2017,전주대학교,공학계열,8416153.846153846
2017,전주대학교,예체능계열,8098333.333333333
2017,전주대학교,인문사회계열,6778000.0
2017,전주대학교,자연과학계열,7717333.333333333
2017,정석대학,공학계열,0.0
2017,정석대학,인문사회계열,0.0
2017,제주국제대학교,공학계열,7182000.0
2017,제주국제대학교,예체능계열,6750000.0
2017,제주국제대학교,인문사회계열,6493428.571428572
2017,제주국제대학교,자연과학계열,7182000.0
2017,제주대학교,공학계열,4435991.304347826
2017,제주대학교,예체능계열,4321685.714285715
2017,제주대학교,의학계열,5602000.0
2017,제주대학교,인문사회계열,3442334.4827586208
2017,제주대학교,자연과학계열,4173708.3333333335
2017,조선대학교,공학계열,8225545.454545454
2017,조선대학교,예체능계열,7880133.333333333
2017,조선대학교,의학계열,10680000.0
2017,조선대학교,인문사회계열,6561806.451612903
2017,조선대학교,자연과학계열,7903055.555555556
2017,중부대학교,공학계열,8097538.461538462
2017,중부대학교,예체능계열,8137307.692307692
2017,중부대학교,인문사회계열,6938666.666666667
2017,중부대학교,자연과학계열,7388000.0
2017,중앙대학교,공학계열,9199333.333333334
2017,중앙대학교,예체능계열,9849500.0
2017,중앙대학교,인문사회계열,7792000.0
2017,중앙대학교,자연과학계열,9632750.0
2017,중앙대학교 _제2캠퍼스,공학계열,8918000.0
2017,중앙대학교 _제2캠퍼스,예체능계열,10057777.777777778
2017,중앙대학교 _제2캠퍼스,자연과학계열,8918000.0
2017,중앙승가대학교,인문사회계열,1970000.0
2017,중원대학교,공학계열,8125363.636363637
2017,중원대학교,예체능계열,7837428.571428572
2017,중원대학교,인문사회계열,6702000.0
2017,중원대학교,자연과학계열,8208555.555555556
2017,진주교육대학교,인문사회계열,3622975.0
2017,차의과학대학교,인문사회계열,7713000.0
2017,차의과학대학교,자연과학계열,8060833.333333333
2017,창신대학교,공학계열,7520000.0
2017,창신대학교,예체능계열,7405333.333333333
2017,창신대학교,인문사회계열,6080000.0
2017,창신대학교,자연과학계열,6953333.333333333
2017,청운대학교,공학계열,8002615.384615385
2017,청운대학교,예체능계열,8187384.615384615
2017,청운대학교,인문사회계열,7261571.428571428
2017,청운대학교,자연과학계열,8358000.0
2017,청주교육대학교,인문사회계열,3409000.0
2017,청주대학교,공학계열,9179857.142857144
2017,청주대학교,예체능계열,8905166.666666666
2017,청주대학교,인문사회계열,7657500.0
2017,청주대학교,자연과학계열,8630615.384615384
2017,초당대학교,공학계열,7273666.666666667
2017,초당대학교,예체능계열,6864000.0
2017,초당대학교,인문사회계열,5852666.666666667
2017,초당대학교,자연과학계열,6930666.666666667
2017,총신대학교,예체능계열,9632200.0
2017,총신대학교,인문사회계열,7449287.5
2017,추계예술대학교,예체능계열,9784062.5
2017,추계예술대학교,인문사회계열,7484333.333333333
2017,춘천교육대학교,인문사회계열,3364008.3333333335
2017,충남대학교,공학계열,4964666.666666667
2017,충남대학교,예체능계열,4788750.0
2017,충남대학교,의학계열,7623000.0
2017,충남대학교,인문사회계열,3551303.0303030303
2017,충남대학교,자연과학계열,4404516.129032258
2017,충북대학교,공학계열,4761375.0
2017,충북대학교,예체능계열,4603833.333333333
2017,충북대학교,의학계열,7445000.0
2017,충북대학교,인문사회계열,3664835.4838709678
2017,충북대학교,자연과학계열,4461797.297297297
2017,칼빈대학교,예체능계열,8864000.0
2017,칼빈대학교,인문사회계열,7630666.666666667
2017,평택대학교,공학계열,8584000.0
2017,평택대학교,예체능계열,9237000.0
2017,평택대학교,인문사회계열,7166666.666666667
2017,평택대학교,자연과학계열,8344000.0
2017,포항공과대학교,공학계열,6254000.0
2017,포항공과대학교,자연과학계열,6254000.0
2017,한경국립대학교,공학계열,4180740.0
2017,한경국립대학교,예체능계열,4172000.0
2017,한경국립대학교,인문사회계열,3688500.0
2017,한경국립대학교,자연과학계열,3991000.0
2017,한국공학대학교,공학계열,9880000.0
2017,한국공학대학교,예체능계열,9880000.0
2017,한국공학대학교,인문사회계열,9067333.333333334
2017,한국과학기술원,공학계열,6941642.857142857
2017,한국과학기술원,인문사회계열,6866000.0
2017,한국과학기술원,자연과학계열,6866000.0
2017,한국교원대학교,공학계열,3600000.0
2017,한국교원대학교,예체능계열,3801333.3333333335
2017,한국교원대학교,인문사회계열,2874000.0
2017,한국교원대학교,자연과학계열,3509250.0
2017,한국국제대학교 (폐교),공학계열,7305000.0
2017,한국국제대학교 (폐교),예체능계열,7138000.0
2017,한국국제대학교 (폐교),인문사회계열,5901411.764705882
2017,한국국제대학교 (폐교),자연과학계열,7061428.571428572
2017,한국기술교육대학교,공학계열,4870922.222222222
2017,한국기술교육대학교,인문사회계열,3537300.0
2017,한국방송통신대학교,공학계열,1464650.0
2017,한국방송통신대학교,인문사회계열,788135.2941176471
2017,한국방송통신대학교,자연과학계열,735500.0
2017,한국성서대학교,공학계열,7950000.0
2017,한국성서대학교,인문사회계열,7170000.0
2017,한국성서대학교,자연과학계열,8390000.0
2017,한국예술종합학교,공학계열,4882000.0
2017,한국예술종합학교,예체능계열,4913500.0
2017,한국예술종합학교,인문사회계열,4913500.0
2017,한국외국어대학교,공학계열,8991444.444444444
2017,한국외국어대학교,인문사회계열,7679880.952380952
2017,한국외국어대학교,자연과학계열,8709000.0
2017,한국전통문화대학교(일반),공학계열,3571800.0
2017,한국전통문화대학교(일반),예체능계열,3497500.0
2017,한국전통문화대학교(일반),인문사회계열,2914600.0
2017,한국전통문화대학교(일반),자연과학계열,3705500.0
2017,한국체육대학교,예체능계열,4249333.333333333
2017,한국침례신학대학교,예체능계열,8353300.0
2017,한국침례신학대학교,인문사회계열,6418316.666666667
2017,한국항공대학교,공학계열,9529360.0
2017,한국항공대학교,인문사회계열,7057000.0
2017,한국항공대학교,자연과학계열,9083000.0
2017,한남대학교,공학계열,8709450.0
2017,한남대학교,예체능계열,8579375.0
2017,한남대학교,인문사회계열,6879836.734693877
2017,한남대학교,자연과학계열,8213537.5
2017,한동대학교,공학계열,7748000.0
2017,한동대학교,인문사회계열,6402000.0
2017,한동대학교,자연과학계열,7748000.0
2017,한라대학교,공학계열,8164666.666666667
2017,한라대학교,예체능계열,8048000.0
2017,한라대학교,인문사회계열,6560000.0
2017,한려대학교 (폐교),공학계열,6626666.666666667
2017,한려대학교 (폐교),예체능계열,6790000.0
2017,한려대학교 (폐교),인문사회계열,5197857.142857143
2017,한려대학교 (폐교),자연과학계열,7265000.0
2017,한림대학교,공학계열,9107200.0
2017,한림대학교,예체능계열,8989000.0
2017,한림대학교,의학계열,10304000.0
2017,한림대학교,인문사회계열,7641458.823529412
2017,한림대학교,자연과학계열,8940200.0
2017,한서대학교,공학계열,8843000.0
2017,한서대학교,예체능계열,8639076.923076924
2017,한서대학교,인문사회계열,7022736.842105263
2017,한서대학교,자연과학계열,8243750.0
2017,한성대학교,공학계열,8612200.0
2017,한성대학교,예체능계열,9112823.529411765
2017,한성대학교,인문사회계열,6657294.117647059
2017,한세대학교,공학계열,9775000.0
2017,한세대학교,예체능계열,10427000.0
2017,한세대학교,인문사회계열,8054600.0
2017,한세대학교,자연과학계열,9173000.0
2017,한신대학교,공학계열,9006666.666666666
2017,한신대학교,예체능계열,8728000.0
2017,한신대학교,인문사회계열,7367121.951219512
2017,한신대학교,자연과학계열,8326000.0
2017,한양대학교,공학계열,10143952.38095238
2017,한양대학교,예체능계열,10600400.0
2017,한양대학교,의학계열,10822000.0
2017,한양대학교,인문사회계열,8060900.0
2017,한양대학교,자연과학계열,9342800.0
2017,한양대학교(ERICA) _분교,공학계열,9756826.086956521
2017,한양대학교(ERICA) _분교,예체능계열,9795090.909090908
2017,한양대학교(ERICA) _분교,인문사회계열,7830588.235294118
2017,한양대학교(ERICA) _분교,자연과학계열,9108166.666666666
2017,한일장신대학교,예체능계열,7820000.0
2017,한일장신대학교,인문사회계열,6020000.0
2017,한일장신대학교,자연과학계열,7520000.0
2017,한중대학교 (폐교),공학계열,7741333.333333333
2017,한중대학교 (폐교),예체능계열,7779250.0
2017,한중대학교 (폐교),인문사회계열,6480636.363636363
2017,한중대학교 (폐교),자연과학계열,7561428.571428572
2017,협성대학교,공학계열,9368000.0
2017,협성대학교,예체능계열,8901333.333333334
2017,협성대학교,인문사회계열,6986000.0
2017,협성대학교,자연과학계열,9260000.0
2017,호남대학교,공학계열,7344000.0
2017,호남대학교,예체능계열,7279555.555555556
2017,호남대학교,인문사회계열,6297894.736842105
2017,호남대학교,자연과학계열,7264000.0
2017,호남신학대학교,예체능계열,8418300.0
2017,호남신학대학교,인문사회계열,6233800.0
2017,호서대학교,공학계열,8561783.783783784
2017,호서대학교,예체능계열,8462444.444444444
2017,호서대학교,인문사회계열,7240814.814814814
2017,호서대학교,자연과학계열,8221454.545454546
2017,호원대학교,공학계열,7687408.333333333
2017,호원대학교,예체능계열,7333761.538461538
2017,호원대학교,인문사회계열,6259275.0
2017,호원대학교,자연과학계열,7632087.5
2017,홍익대학교,공학계열,9929544.444444444
2017,홍익대학교,예체능계열,9980000.0
2017,홍익대학교,인문사회계열,7844000.0
2017,홍익대학교,자연과학계열,7844000.0
2017,홍익대학교 _제2캠퍼스,공학계열,9836140.0
2017,홍익대학교 _제2캠퍼스,예체능계열,9980000.0
2017,홍익대학교 _제2캠퍼스,인문사회계열,8129000.0
2017,화성의과학대학교,공학계열,7072000.0
2017,화성의과학대학교,예체능계열,7126500.0
2017,화성의과학대학교,인문사회계열,6828400.0
2017,화성의과학대학교,자연과학계열,9084000.0
2018,가야대학교(김해),예체능계열,7492000.0
2018,가야대학교(김해),인문사회계열,6441666.666666667
2018,가야대학교(김해),자연과학계열,7642750.0
2018,가천대학교,공학계열,9818000.0
2018,가천대학교,예체능계열,9732666.666666666
2018,가천대학교,의학계열,9768000.0
2018,가천대학교,인문사회계열,7882952.380952381
2018,가천대학교,자연과학계열,9211428.57142857
2018,가톨릭관동대학교,공학계열,8418468.181818182
2018,가톨릭관동대학교,예체능계열,8497411.111111112
2018,가톨릭관동대학교,의학계열,9850000.0
2018,가톨릭관동대학교,인문사회계열,6492976.923076923
2018,가톨릭관동대학교,자연과학계열,7845170.0
2018,가톨릭꽃동네대학교,인문사회계열,7143000.0
2018,가톨릭꽃동네대학교,자연과학계열,8321000.0
2018,가톨릭대학교,공학계열,8776666.666666666
2018,가톨릭대학교,예체능계열,9301000.0
2018,가톨릭대학교,인문사회계열,6480583.333333333
2018,가톨릭대학교,자연과학계열,7616000.0
2018,가톨릭대학교 _제2캠퍼스,의학계열,10374000.0
2018,가톨릭대학교 _제2캠퍼스,자연과학계열,9423000.0
2018,가톨릭대학교 _제3캠퍼스,인문사회계열,6861000.0
2018,감리교신학대학교,인문사회계열,6254250.0
2018,강남대학교,공학계열,8938000.0
2018,강남대학교,예체능계열,10149000.0
2018,강남대학교,인문사회계열,7106000.0
2018,강남대학교,자연과학계열,8097000.0
2018,강서대학교,예체능계열,8056300.0
2018,강서대학교,인문사회계열,6289306.25
2018,강서대학교,자연과학계열,9074000.0
2018,강원대학교,공학계열,4411241.379310345
2018,강원대학교,예체능계열,4542000.0
2018,강원대학교,의학계열,5758000.0
2018,강원대학교,인문사회계열,3426000.0
2018,강원대학교,자연과학계열,4168285.714285714
2018,강원대학교 _제2캠퍼스,공학계열,4416153.846153846
2018,강원대학교 _제2캠퍼스,예체능계열,4574500.0
2018,강원대학교 _제2캠퍼스,인문사회계열,3426000.0
2018,강원대학교 _제2캠퍼스,자연과학계열,4202000.0
2018,건국대학교,공학계열,9647857.142857144
2018,건국대학교,예체능계열,9499357.142857144
2018,건국대학교,의학계열,10180000.0
2018,건국대학교,인문사회계열,7595217.391304348
2018,건국대학교,자연과학계열,8549954.545454545
2018,건국대학교(글로컬) _분교,공학계열,8795222.222222222
2018,건국대학교(글로컬) _분교,예체능계열,9215550.0
2018,건국대학교(글로컬) _분교,인문사회계열,6906909.090909091
2018,건국대학교(글로컬) _분교,자연과학계열,8253125.0
2018,건양대학교,공학계열,7457777.777777778
2018,건양대학교,예체능계열,7464000.0
2018,건양대학교,인문사회계열,6258720.0
2018,건양대학교,자연과학계열,7212000.0
2018,건양대학교 _제2캠퍼스,공학계열,7744000.0
2018,건양대학교 _제2캠퍼스,의학계열,9540000.0
2018,건양대학교 _제2캠퍼스,인문사회계열,6214000.0
2018,건양대학교 _제2캠퍼스,자연과학계열,7732888.888888889
2018,경기대학교,공학계열,8725142.857142856
2018,경기대학교,예체능계열,8284315.7894736845
2018,경기대학교,인문사회계열,6806933.333333333
2018,경기대학교,자연과학계열,7807000.0
2018,경기대학교 _제2캠퍼스,예체능계열,8783600.0
2018,경기대학교 _제2캠퍼스,인문사회계열,7294000.0
2018,경기대학교 _제2캠퍼스,자연과학계열,7036000.0
2018,경남과학기술대학교 (폐교),공학계열,3977526.6666666665
2018,경남과학기술대학교 (폐교),예체능계열,4102000.0
2018,경남과학기술대학교 (폐교),인문사회계열,3495777.777777778
2018,경남과학기술대학교 (폐교),자연과학계열,3672170.0
2018,경남대학교,공학계열,7865733.333333333
2018,경남대학교,예체능계열,7843200.0
2018,경남대학교,인문사회계열,6100880.0
2018,경남대학교,자연과학계열,6728909.090909091
2018,경동대학교,공학계열,7836000.0
2018,경동대학교,예체능계열,8185300.0
2018,경동대학교,인문사회계열,6343323.529411765
2018,경동대학교,자연과학계열,7673500.0
2018,경동대학교 _제3캠퍼스,인문사회계열,6915000.0
2018,경동대학교 _제3캠퍼스,자연과학계열,8850187.5
2018,경동대학교 _제4캠퍼스,공학계열,8639400.0
2018,경동대학교 _제4캠퍼스,예체능계열,8771500.0
2018,경동대학교 _제4캠퍼스,인문사회계열,6985562.5
2018,경동대학교 _제4캠퍼스,자연과학계열,8503000.0
2018,경북대학교,공학계열,4654400.0
2018,경북대학교,예체능계열,4682571.428571428
2018,경북대학교,의학계열,7772000.0
2018,경북대학교,인문사회계열,3626119.0476190476
2018,경북대학교,자연과학계열,4470303.571428572
2018,경상국립대학교,공학계열,4330000.0
2018,경상국립대학교,예체능계열,4152000.0
2018,경상국립대학교,의학계열,7894000.0
2018,경상국립대학교,인문사회계열,3288969.696969697
2018,경상국립대학교,자연과학계열,4203750.0
2018,경성대학교,공학계열,7699923.076923077
2018,경성대학교,예체능계열,7534900.0
2018,경성대학교,인문사회계열,5644210.52631579
2018,경성대학교,자연과학계열,6936000.0
2018,경운대학교,공학계열,8483846.153846154
2018,경운대학교,예체능계열,8496000.0
2018,경운대학교,인문사회계열,6410000.0
2018,경운대학교,자연과학계열,8210000.0
2018,경인교육대학교,인문사회계열,3189000.0
2018,경일대학교,공학계열,8187058.823529412
2018,경일대학교,예체능계열,8403000.0
2018,경일대학교,인문사회계열,5912666.666666667
2018,경일대학교,자연과학계열,8108000.0
2018,경희대학교,공학계열,9213200.0
2018,경희대학교,예체능계열,9257666.666666666
2018,경희대학교,의학계열,11399333.333333334
2018,경희대학교,인문사회계열,7140466.666666667
2018,경희대학교,자연과학계열,9327478.260869564
2018,계명대학교,공학계열,8804000.0
2018,계명대학교,예체능계열,9160000.0
2018,계명대학교,의학계열,9850000.0
2018,계명대학교,인문사회계열,6604727.2727272725
2018,계명대학교,자연과학계열,8582769.23076923
2018,고려대학교,공학계열,10513000.0
2018,고려대학교,예체능계열,9919000.0
2018,고려대학교,의학계열,12414000.0
2018,고려대학교,인문사회계열,7985626.666666667
2018,고려대학교,자연과학계열,9544142.857142856
2018,고려대학교(세종) _분교,공학계열,10327888.888888888
2018,고려대학교(세종) _분교,예체능계열,8957333.333333334
2018,고려대학교(세종) _분교,인문사회계열,7599407.407407408
2018,고려대학교(세종) _분교,자연과학계열,9390100.0
2018,고신대학교,예체능계열,7195166.666666667
2018,고신대학교,의학계열,9410000.0
2018,고신대학교,인문사회계열,6146841.666666667
2018,고신대학교,자연과학계열,7088900.0
2018,공주교육대학교,인문사회계열,3424000.0
2018,광신대학교,예체능계열,7413000.0
2018,광신대학교,인문사회계열,5971500.0
2018,광운대학교,공학계열,9226200.0
2018,광운대학교,예체능계열,8307000.0
2018,광운대학교,인문사회계열,7528130.769230769
2018,광운대학교,자연과학계열,8307000.0
2018,광주가톨릭대학교,인문사회계열,0.0
2018,광주과학기술원,공학계열,2060000.0
2018,광주과학기술원,자연과학계열,2060000.0
2018,광주교육대학교,인문사회계열,3476569.230769231
2018,광주대학교,공학계열,7210000.0
2018,광주대학교,예체능계열,7245181.818181818
2018,광주대학교,인문사회계열,6335074.074074074
2018,광주대학교,자연과학계열,7279200.0
2018,광주여자대학교,예체능계열,7224000.0
2018,광주여자대학교,인문사회계열,6063655.555555556
2018,광주여자대학교,자연과학계열,6973430.0
2018,국립강릉원주대학교,공학계열,4548000.0
2018,국립강릉원주대학교,예체능계열,5104500.0
2018,국립강릉원주대학교,의학계열,7966000.0
2018,국립강릉원주대학교,인문사회계열,3488000.0
2018,국립강릉원주대학교,자연과학계열,4390000.0
2018,국립강릉원주대학교 _제2캠퍼스,공학계열,4616000.0
2018,국립강릉원주대학교 _제2캠퍼스,인문사회계열,3488000.0
2018,국립강릉원주대학교 _제2캠퍼스,자연과학계열,4298000.0
2018,국립경국대학교,공학계열,4155133.3333333335
2018,국립경국대학교,예체능계열,4165666.6666666665
2018,국립경국대학교,인문사회계열,3264111.111111111
2018,국립경국대학교,자연과학계열,3792307.6923076925
2018,국립공주대학교,공학계열,4219062.5
2018,국립공주대학교,예체능계열,4180000.0
2018,국립공주대학교,인문사회계열,3218666.6666666665
2018,국립공주대학교,자연과학계열,3860000.0
2018,국립군산대학교,공학계열,4241000.0
2018,국립군산대학교,예체능계열,4170250.0
2018,국립군산대학교,인문사회계열,3420736.8421052634
2018,국립군산대학교,자연과학계열,3971588.2352941176
2018,국립금오공과대학교,공학계열,3792000.0
2018,국립금오공과대학교,인문사회계열,3400000.0
2018,국립금오공과대학교,자연과학계열,3536000.0
2018,국립목포대학교,공학계열,4244000.0
2018,국립목포대학교,예체능계열,4174000.0
2018,국립목포대학교,인문사회계열,3430580.64516129
2018,국립목포대학교,자연과학계열,4096235.294117647
2018,국립목포해양대학교,공학계열,3492363.6363636362
2018,국립부경대학교,공학계열,4385210.52631579
2018,국립부경대학교,예체능계열,4259000.0
2018,국립부경대학교,인문사회계열,3438029.411764706
2018,국립부경대학교,자연과학계열,4137588.2352941176
2018,국립순천대학교,공학계열,4293000.0
2018,국립순천대학교,예체능계열,4405600.0
2018,국립순천대학교,인문사회계열,3377250.0
2018,국립순천대학교,자연과학계열,4113416.6666666665
2018,국립창원대학교,공학계열,4382916.666666667
2018,국립창원대학교,예체능계열,4268666.666666667
2018,국립창원대학교,인문사회계열,3397666.6666666665
2018,국립창원대학교,자연과학계열,4041000.0
2018,국립한국교통대학교,공학계열,4262710.0
2018,국립한국교통대학교,예체능계열,4352857.142857143
2018,국립한국교통대학교,인문사회계열,3707777.777777778
2018,국립한국교통대학교,자연과학계열,4077000.0
2018,국립한국해양대학교,공학계열,3959750.0
2018,국립한국해양대학교,예체능계열,3994000.0
2018,국립한국해양대학교,인문사회계열,3296750.0
2018,국립한국해양대학교,자연과학계열,4128666.6666666665
2018,국립한밭대학교,공학계열,4655180.0
2018,국립한밭대학교,예체능계열,4367266.666666667
2018,국립한밭대학교,인문사회계열,3841225.0
2018,국립한밭대학교,자연과학계열,4647900.0
2018,국민대학교,공학계열,9214200.0
2018,국민대학교,예체능계열,9599846.153846154
2018,국민대학교,인문사회계열,7429214.285714285
2018,국민대학교,자연과학계열,8436222.222222222
2018,극동대학교,공학계열,8533222.222222222
2018,극동대학교,예체능계열,8189923.076923077
2018,극동대학교,인문사회계열,6709500.0
2018,극동대학교,자연과학계열,8232333.333333333
2018,금강대학교,공학계열,6564000.0
2018,금강대학교,인문사회계열,6673400.0
2018,김천대학교,공학계열,7722000.0
2018,김천대학교,예체능계열,7272000.0
2018,김천대학교,인문사회계열,6848454.545454546
2018,김천대학교,자연과학계열,7560357.142857143
2018,나사렛대학교,공학계열,8400000.0
2018,나사렛대학교,예체능계열,8228571.428571428
2018,나사렛대학교,인문사회계열,7139310.344827586
2018,나사렛대학교,자연과학계열,8475000.0
2018,남부대학교,공학계열,7246714.285714285
2018,남부대학교,예체능계열,7352666.666666667
2018,남부대학교,인문사회계열,6305400.0
2018,남부대학교,자연과학계열,6823636.363636363
2018,남서울대학교,공학계열,8684000.0
2018,남서울대학교,예체능계열,8992333.333333334
2018,남서울대학교,인문사회계열,7477250.0
2018,남서울대학교,자연과학계열,9025142.857142856
2018,단국대학교,공학계열,9840615.384615384
2018,단국대학교,예체능계열,9752500.0
2018,단국대학교,인문사회계열,7919052.631578947
2018,단국대학교,자연과학계열,9140000.0
2018,단국대학교 _제2캠퍼스,공학계열,9600000.0
2018,단국대학교 _제2캠퍼스,예체능계열,9231600.0
2018,단국대학교 _제2캠퍼스,의학계열,10330000.0
2018,단국대학교 _제2캠퍼스,인문사회계열,7462631.578947368
2018,단국대학교 _제2캠퍼스,자연과학계열,9337809.523809524
2018,대구가톨릭대학교,공학계열,8178947.368421053
2018,대구가톨릭대학교,예체능계열,9041076.923076924
2018,대구가톨릭대학교,의학계열,9610000.0
2018,대구가톨릭대학교,인문사회계열,6131437.5
2018,대구가톨릭대학교,자연과학계열,8274488.0
2018,대구경북과학기술원,자연과학계열,0.0
2018,대구교육대학교,인문사회계열,3604000.0
2018,대구대학교,공학계열,8529368.421052631
2018,대구대학교,예체능계열,8689600.0
2018,대구대학교,인문사회계열,6258723.404255319
2018,대구대학교,자연과학계열,7944142.857142857
2018,대구예술대학교,예체능계열,8842244.444444444
2018,대구예술대학교,자연과학계열,7542000.0
2018,대구한의대학교,공학계열,8115600.0
2018,대구한의대학교,예체능계열,7681333.333333333
2018,대구한의대학교,의학계열,9260000.0
2018,대구한의대학교,인문사회계열,6220800.0
2018,대구한의대학교,자연과학계열,7742200.0
2018,대신대학교,예체능계열,7656000.0
2018,대신대학교,인문사회계열,6346666.666666667
2018,대전가톨릭대학교,인문사회계열,6160000.0
2018,대전대학교,공학계열,8420571.42857143
2018,대전대학교,예체능계열,8035600.0
2018,대전대학교,의학계열,9350000.0
2018,대전대학교,인문사회계열,7070933.333333333
2018,대전대학교,자연과학계열,8117777.777777778
2018,대전신학대학교,인문사회계열,6436000.0
2018,대진대학교,공학계열,8651600.0
2018,대진대학교,예체능계열,8785000.0
2018,대진대학교,인문사회계열,6722045.454545454
2018,대진대학교,자연과학계열,7830142.857142857
2018,덕성여자대학교,공학계열,9371000.0
2018,덕성여자대학교,예체능계열,9347500.0
2018,덕성여자대학교,인문사회계열,6900000.0
2018,덕성여자대학교,자연과학계열,8265083.333333333
2018,동국대학교,공학계열,9897142.857142856
2018,동국대학교,예체능계열,9554444.444444444
2018,동국대학교,인문사회계열,7612054.054054054
2018,동국대학교,자연과학계열,9177333.333333334
2018,동국대학교(WISE) _분교,공학계열,9447818.181818182
2018,동국대학교(WISE) _분교,예체능계열,9526333.333333334
2018,동국대학교(WISE) _분교,의학계열,9496000.0
2018,동국대학교(WISE) _분교,인문사회계열,7669000.0
2018,동국대학교(WISE) _분교,자연과학계열,8898769.23076923
2018,동덕여자대학교,공학계열,8159000.0
2018,동덕여자대학교,예체능계열,9325285.714285715
2018,동덕여자대학교,인문사회계열,6643000.0
2018,동덕여자대학교,자연과학계열,8175500.0
2018,동명대학교,공학계열,8049666.666666667
2018,동명대학교,예체능계열,7574142.857142857
2018,동명대학교,인문사회계열,6003212.5
2018,동명대학교,자연과학계열,7776000.0
2018,동서대학교,공학계열,7789909.090909091
2018,동서대학교,예체능계열,7529100.0
2018,동서대학교,인문사회계열,6091200.0
2018,동서대학교,자연과학계열,7961500.0
2018,동신대학교,공학계열,7519176.470588235
2018,동신대학교,예체능계열,7278000.0
2018,동신대학교,의학계열,8520000.0
2018,동신대학교,인문사회계열,6019700.0
2018,동신대학교,자연과학계열,7313666.666666667
2018,동아대학교,공학계열,8077066.666666667
2018,동아대학교,예체능계열,8110888.888888889
2018,동아대학교,의학계열,9734000.0
2018,동아대학교,인문사회계열,6430148.148148148
2018,동아대학교,자연과학계열,7483600.0
2018,동양대학교,공학계열,7705083.333333333
2018,동양대학교,예체능계열,8149666.666666667
2018,동양대학교,인문사회계열,6034800.0
2018,동양대학교,자연과학계열,8022000.0
2018,동의대학교,공학계열,7612000.0
2018,동의대학교,예체능계열,7250285.714285715
2018,동의대학교,의학계열,8106000.0
2018,동의대학교,인문사회계열,5692051.282051282
2018,동의대학교,자연과학계열,6908133.333333333
2018,루터대학교,인문사회계열,6852000.0
2018,루터대학교,자연과학계열,6852000.0
2018,명지대학교,공학계열,9535727.272727273
2018,명지대학교,예체능계열,9976150.0
2018,명지대학교,자연과학계열,8363166.666666667
2018,명지대학교 _제2캠퍼스,공학계열,8495750.0
2018,명지대학교 _제2캠퍼스,인문사회계열,7095500.0
2018,목원대학교,공학계열,8432888.888888888
2018,목원대학교,예체능계열,8379629.62962963
2018,목원대학교,인문사회계열,7006000.0
2018,목원대학교,자연과학계열,7649228.571428572
2018,목포가톨릭대학교,인문사회계열,6027000.0
2018,목포가톨릭대학교,자연과학계열,7196000.0
2018,배재대학교,공학계열,8403500.0
2018,배재대학교,예체능계열,8516000.0
2018,배재대학교,인문사회계열,6851464.285714285
2018,배재대학교,자연과학계열,7698416.666666667
2018,백석대학교,공학계열,8944000.0
2018,백석대학교,예체능계열,9443200.0
2018,백석대학교,인문사회계열,7490909.090909091
2018,백석대학교,자연과학계열,8944000.0
2018,부산가톨릭대학교,공학계열,8032000.0
2018,부산가톨릭대학교,인문사회계열,6238333.333333333
2018,부산가톨릭대학교,자연과학계열,7404000.0
2018,부산교육대학교,인문사회계열,3024000.0
2018,부산대학교,공학계열,4708842.105263158
2018,부산대학교,예체능계열,4683333.333333333
2018,부산대학교,의학계열,10100000.0
2018,부산대학교,인문사회계열,3485473.6842105263
2018,부산대학교,자연과학계열,4532592.592592592
2018,부산외국어대학교,공학계열,7809333.333333333
2018,부산외국어대학교,예체능계열,6918500.0
2018,부산외국어대학교,인문사회계열,6043292.156862745
2018,부산장신대학교,인문사회계열,6309500.0
2018,삼육대학교,공학계열,8709000.0
2018,삼육대학교,예체능계열,9207600.0
2018,삼육대학교,인문사회계열,7582800.0
2018,삼육대학교,자연과학계열,8543000.0
2018,상명대학교,공학계열,9172444.444444444
2018,상명대학교,예체능계열,9579000.0
2018,상명대학교,인문사회계열,7491562.5
2018,상명대학교,자연과학계열,8358833.333333333
2018,상명대학교 _제2캠퍼스,공학계열,8920428.57142857
2018,상명대학교 _제2캠퍼스,예체능계열,8963500.0
2018,상명대학교 _제2캠퍼스,인문사회계열,7213750.0
2018,상명대학교 _제2캠퍼스,자연과학계열,8691000.0
2018,상지대학교,공학계열,8444571.42857143
2018,상지대학교,예체능계열,8014428.571428572
2018,상지대학교,의학계열,9654000.0
2018,상지대학교,인문사회계열,6716782.608695652
2018,상지대학교,자연과학계열,7837562.5
2018,서강대학교,공학계열,10127400.0
2018,서강대학교,인문사회계열,7861083.333333333
2018,서강대학교,자연과학계열,9086400.0
2018,서경대학교,공학계열,8954714.285714285
2018,서경대학교,예체능계열,9201529.411764706
2018,서경대학교,인문사회계열,7025555.555555556
2018,서경대학교,자연과학계열,9049000.0
2018,서울과학기술대학교,공학계열,5455842.105263158
2018,서울과학기술대학교,예체능계열,5485833.333333333
2018,서울과학기술대학교,인문사회계열,4622177.777777778
2018,서울과학기술대학교,자연과학계열,5367750.0
2018,서울교육대학교,인문사회계열,3088000.0
2018,서울기독대학교,예체능계열,8517166.666666666
2018,서울기독대학교,인문사회계열,6902850.0
2018,서울대학교,공학계열,5990588.235294118
2018,서울대학교,예체능계열,7517125.0
2018,서울대학교,의학계열,9683000.0
2018,서울대학교,인문사회계열,4996354.166666667
2018,서울대학교,자연과학계열,6242960.0
2018,서울시립대학교,공학계열,2701000.0
2018,서울시립대학교,예체능계열,2934750.0
2018,서울시립대학교,인문사회계열,2044000.0
2018,서울시립대학교,자연과학계열,2427857.1428571427
2018,서울신학대학교,예체능계열,8934000.0
2018,서울신학대학교,인문사회계열,7177844.444444444
2018,서울여자대학교,공학계열,8491583.333333334
2018,서울여자대학교,예체능계열,9780075.0
2018,서울여자대학교,인문사회계열,7424500.0
2018,서울여자대학교,자연과학계열,8395478.57142857
2018,서울장신대학교,예체능계열,10282000.0
2018,서울장신대학교,인문사회계열,7624000.0
2018,서울한영대학교,예체능계열,8432000.0
2018,서울한영대학교,인문사회계열,6840012.5
2018,서원대학교,공학계열,8213454.545454546
2018,서원대학교,예체능계열,7951371.428571428
2018,서원대학교,인문사회계열,6537092.0
2018,서원대학교,자연과학계열,7686316.666666667
2018,선문대학교,공학계열,8630571.42857143
2018,선문대학교,예체능계열,8058000.0
2018,선문대학교,인문사회계열,7022480.0
2018,선문대학교,자연과학계열,8326000.0
2018,성결대학교,공학계열,8699000.0
2018,성결대학교,예체능계열,9504400.0
2018,성결대학교,인문사회계열,6981000.0
2018,성공회대학교,공학계열,7690000.0
2018,성공회대학교,인문사회계열,6993545.454545454
2018,성균관대학교,공학계열,9444000.0
2018,성균관대학교,예체능계열,9732000.0
2018,성균관대학교,의학계열,11338000.0
2018,성균관대학교,인문사회계열,7466142.857142857
2018,성균관대학교,자연과학계열,8921833.333333334
2018,성신여자대학교,공학계열,8668750.0
2018,성신여자대학교,예체능계열,10125857.142857144
2018,성신여자대학교,인문사회계열,7387200.0
2018,성신여자대학교,자연과학계열,8561636.363636363
2018,세명대학교,공학계열,8129000.0
2018,세명대학교,예체능계열,8129000.0
2018,세명대학교,의학계열,8866000.0
2018,세명대학교,인문사회계열,6447555.555555556
2018,세명대학교,자연과학계열,7693909.090909091
2018,세종대학교,공학계열,9040444.444444444
2018,세종대학교,예체능계열,9091250.0
2018,세종대학교,인문사회계열,6701105.263157895
2018,세종대학교,자연과학계열,7760666.666666667
2018,세한대학교,공학계열,7777125.0
2018,세한대학교,예체능계열,7114741.666666667
2018,세한대학교,인문사회계열,5710825.0
2018,세한대학교,자연과학계열,6716100.0
2018,송원대학교,공학계열,7242857.142857143
2018,송원대학교,예체능계열,7166666.666666667
2018,송원대학교,인문사회계열,6090000.0
2018,송원대학교,자연과학계열,6777777.777777778
2018,수원가톨릭대학교,인문사회계열,5097000.0
2018,수원대학교,공학계열,8022526.315789473
2018,수원대학교,예체능계열,8319226.470588235
2018,수원대학교,인문사회계열,6237380.0
2018,수원대학교,자연과학계열,7281305.263157895
2018,숙명여자대학교,공학계열,9595818.181818182
2018,숙명여자대학교,예체능계열,10389636.363636363
2018,숙명여자대학교,인문사회계열,7841680.0
2018,숙명여자대학교,자연과학계열,8984600.0
2018,순복음총회신학교,예체능계열,6900000.0
2018,순복음총회신학교,인문사회계열,5457142.857142857
2018,순천향대학교,공학계열,8986000.0
2018,순천향대학교,예체능계열,8315714.285714285
2018,순천향대학교,의학계열,10040000.0
2018,순천향대학교,인문사회계열,7523846.153846154
2018,순천향대학교,자연과학계열,8420000.0
2018,숭실대학교,공학계열,9491735.294117646
2018,숭실대학교,예체능계열,9702000.0
2018,숭실대학교,인문사회계열,7796000.0
2018,숭실대학교,자연과학계열,8632800.0
2018,신경주대학교,공학계열,7360000.0
2018,신경주대학교,예체능계열,8439750.0
2018,신경주대학교,인문사회계열,6670750.0
2018,신경주대학교,자연과학계열,6884000.0
2018,신라대학교,공학계열,7982647.05882353
2018,신라대학교,예체능계열,7606375.0
2018,신라대학교,인문사회계열,6000931.0344827585
2018,신라대학교,자연과학계열,7365000.0
2018,신한대학교,공학계열,10513000.0
2018,신한대학교,인문사회계열,8313000.0
2018,신한대학교,자연과학계열,9913000.0
2018,신한대학교 _제2캠퍼스,공학계열,10513000.0
2018,신한대학교 _제2캠퍼스,예체능계열,10413000.0
2018,신한대학교 _제2캠퍼스,인문사회계열,8313000.0
2018,신한대학교 _제2캠퍼스,자연과학계열,9913000.0
2018,아신대학교,인문사회계열,6796000.0
2018,아주대학교,공학계열,9513500.0
2018,아주대학교,의학계열,11108000.0
2018,아주대학교,인문사회계열,7686533.333333333
2018,아주대학교,자연과학계열,9030000.0
2018,안양대학교,공학계열,8536500.0
2018,안양대학교,예체능계열,8736800.0
2018,안양대학교,인문사회계열,6948894.736842105
2018,안양대학교,자연과학계열,8047500.0
2018,안양대학교 _제2캠퍼스,공학계열,8781500.0
2018,안양대학교 _제2캠퍼스,인문사회계열,7162000.0
2018,연세대학교,공학계열,10903533.333333334
2018,연세대학교,예체능계열,10336375.0
2018,연세대학교,의학계열,12104000.0
2018,연세대학교,인문사회계열,9864878.787878787
2018,연세대학교,자연과학계열,9949777.777777778
2018,연세대학교(미래) _분교,공학계열,10151000.0
2018,연세대학교(미래) _분교,예체능계열,9051000.0
2018,연세대학교(미래) _분교,의학계열,12104000.0
2018,연세대학교(미래) _분교,인문사회계열,7832714.285714285
2018,연세대학교(미래) _분교,자연과학계열,8823500.0
2018,영남대학교,공학계열,8642272.727272727
2018,영남대학교,예체능계열,9422400.0
2018,영남대학교,의학계열,10662000.0
2018,영남대학교,인문사회계열,6326909.090909091
2018,영남대학교,자연과학계열,8706095.238095239
2018,영남신학대학교,인문사회계열,6505675.0
2018,영산대학교,공학계열,7493076.923076923
2018,영산대학교,예체능계열,6744333.333333333
2018,영산대학교,인문사회계열,5707966.666666667
2018,영산대학교,자연과학계열,7633000.0
2018,영산대학교 _제2캠퍼스,공학계열,7358000.0
2018,영산대학교 _제2캠퍼스,예체능계열,6719083.333333333
2018,영산대학교 _제2캠퍼스,인문사회계열,5595250.0
2018,영산대학교 _제2캠퍼스,자연과학계열,6593500.0
2018,영산선학대학교,인문사회계열,2000000.0
2018,예수대학교,인문사회계열,5473000.0
2018,예수대학교,자연과학계열,7313000.0
2018,예원예술대학교,예체능계열,8350000.0
2018,예원예술대학교,인문사회계열,5990000.0
2018,예원예술대학교 _제2캠퍼스,예체능계열,8583333.333333334
2018,용인대학교,예체능계열,8662850.0
2018,용인대학교,인문사회계열,7634090.909090909
2018,용인대학교,자연과학계열,8246875.0
2018,우석대학교,공학계열,7998166.666666667
2018,우석대학교,예체능계열,7777000.0
2018,우석대학교,의학계열,9256000.0
2018,우석대학교,인문사회계열,6239266.666666667
2018,우석대학교,자연과학계열,7507116.666666667
2018,우송대학교,공학계열,7663410.0
2018,우송대학교,예체능계열,7973583.333333333
2018,우송대학교,인문사회계열,7252425.0
2018,우송대학교,자연과학계열,7872555.555555556
2018,울산과학기술원,공학계열,6178222.222222222
2018,울산과학기술원,인문사회계열,5300000.0
2018,울산과학기술원,자연과학계열,6288000.0
2018,울산대학교,공학계열,8680830.76923077
2018,울산대학교,예체능계열,9207836.363636363
2018,울산대학교,의학계열,10918000.0
2018,울산대학교,인문사회계열,6301380.952380952
2018,울산대학교,자연과학계열,8055320.0
2018,원광대학교,공학계열,8397240.0
2018,원광대학교,예체능계열,7785615.384615385
2018,원광대학교,의학계열,9750000.0
2018,원광대학교,인문사회계열,6487000.0
2018,원광대학교,자연과학계열,8008238.095238095
2018,위덕대학교,공학계열,8399000.0
2018,위덕대학교,예체능계열,8976000.0
2018,위덕대학교,인문사회계열,6796800.0
2018,위덕대학교,자연과학계열,8379428.571428572
2018,유원대학교,공학계열,8151818.181818182
2018,유원대학교,예체능계열,8478000.0
2018,유원대학교,인문사회계열,6599000.0
2018,유원대학교,자연과학계열,8328500.0
2018,을지대학교,의학계열,10320500.0
2018,을지대학교,자연과학계열,9731333.333333334
2018,을지대학교 _제2캠퍼스,공학계열,9434450.0
2018,을지대학교 _제2캠퍼스,예체능계열,9318900.0
2018,을지대학교 _제2캠퍼스,인문사회계열,8357040.0
2018,을지대학교 _제2캠퍼스,자연과학계열,9105708.333333334
2018,이화여자대학교,공학계열,10006307.692307692
2018,이화여자대학교,예체능계열,10293000.0
2018,이화여자대학교,의학계열,12896000.0
2018,이화여자대학교,인문사회계열,7878635.294117647
2018,이화여자대학교,자연과학계열,9349500.0
2018,인제대학교,공학계열,8092617.647058823
2018,인제대학교,예체능계열,7148085.714285715
2018,인제대학교,인문사회계열,5847083.333333333
2018,인제대학교,자연과학계열,7726636.363636363
2018,인제대학교 _제2캠퍼스,의학계열,9958000.0
2018,인제대학교 _제2캠퍼스,자연과학계열,7381500.0
2018,인천가톨릭대학교,인문사회계열,5186000.0
2018,인천가톨릭대학교 _제2캠퍼스,예체능계열,8679000.0
2018,인천가톨릭대학교 _제2캠퍼스,자연과학계열,8926000.0
2018,인천대학교,공학계열,5180000.0
2018,인천대학교,예체능계열,4837750.0
2018,인천대학교,인문사회계열,4132322.580645161
2018,인천대학교,자연과학계열,4510900.0
2018,인하대학교,공학계열,9041045.454545455
2018,인하대학교,예체능계열,8749833.333333334
2018,인하대학교,의학계열,10550000.0
2018,인하대학교,인문사회계열,7371307.692307692
2018,인하대학교,자연과학계열,8884818.181818182
2018,장로회신학대학교,예체능계열,9063500.0
2018,장로회신학대학교,인문사회계열,6469500.0
2018,전남대학교,공학계열,4440000.0
2018,전남대학교,예체능계열,4500333.333333333
2018,전남대학교,의학계열,5874000.0
2018,전남대학교,인문사회계열,3497290.3225806453
2018,전남대학교,자연과학계열,4269615.384615385
2018,전남대학교 _제2캠퍼스,공학계열,4404000.0
2018,전남대학교 _제2캠퍼스,예체능계열,4572000.0
2018,전남대학교 _제2캠퍼스,인문사회계열,3585111.111111111
2018,전남대학교 _제2캠퍼스,자연과학계열,4100000.0
2018,전북대학교,공학계열,4562358.974358974
2018,전북대학교,예체능계열,4599428.571428572
2018,전북대학교,의학계열,8216666.666666667
2018,전북대학교,인문사회계열,3344523.8095238097
2018,전북대학교,자연과학계열,4332685.714285715
2018,전주교육대학교,인문사회계열,3272000.0
2018,전주대학교,공학계열,8346000.0
2018,전주대학교,예체능계열,8026000.0
2018,전주대학교,인문사회계열,6664000.0
2018,전주대학교,자연과학계열,7699846.153846154
2018,정석대학,공학계열,0.0
2018,정석대학,인문사회계열,0.0
2018,제주국제대학교,공학계열,6912816.666666667
2018,제주국제대학교,예체능계열,6722390.909090909
2018,제주국제대학교,인문사회계열,6199326.0869565215
2018,제주국제대학교,자연과학계열,6922600.0
2018,제주대학교,공학계열,4332447.826086956
2018,제주대학교,예체능계열,4189014.285714286
2018,제주대학교,의학계열,5602000.0
2018,제주대학교,인문사회계열,3280767.8571428573
2018,제주대학교,자연과학계열,4025813.0434782607
2018,조선대학교,공학계열,8091111.111111111
2018,조선대학교,예체능계열,7860333.333333333
2018,조선대학교,의학계열,10680000.0
2018,조선대학교,인문사회계열,6332600.0
2018,조선대학교,자연과학계열,7783111.111111111
2018,중부대학교,공학계열,7765000.0
2018,중부대학교,예체능계열,8019466.666666667
2018,중부대학교,인문사회계열,6826800.0
2018,중부대학교,자연과학계열,7343000.0
2018,중앙대학교,공학계열,9710181.818181818
2018,중앙대학교,예체능계열,9693500.0
2018,중앙대학교,의학계열,11404000.0
2018,중앙대학교,인문사회계열,7636000.0
2018,중앙대학교,자연과학계열,8886333.333333334
2018,중앙대학교 _제2캠퍼스,공학계열,8762000.0
2018,중앙대학교 _제2캠퍼스,예체능계열,9902736.842105264
2018,중앙대학교 _제2캠퍼스,자연과학계열,8762000.0
2018,중앙승가대학교,인문사회계열,1928000.0
2018,중원대학교,공학계열,8256388.888888889
2018,중원대학교,예체능계열,7910500.0
2018,중원대학교,인문사회계열,6755600.0
2018,중원대학교,자연과학계열,8267500.0
2018,진주교육대학교,인문사회계열,3446000.0
2018,차의과학대학교,인문사회계열,7588000.0
2018,차의과학대학교,자연과학계열,7956666.666666667
2018,창신대학교,공학계열,7730000.0
2018,창신대학교,예체능계열,7325333.333333333
2018,창신대학교,인문사회계열,5920000.0
2018,창신대학교,자연과학계열,7070000.0
2018,청운대학교,공학계열,8204000.0
2018,청운대학교,예체능계열,8184363.636363637
2018,청운대학교,인문사회계열,7283333.333333333
2018,청운대학교,자연과학계열,8204000.0
2018,청주교육대학교,인문사회계열,3230000.0
2018,청주대학교,공학계열,8597238.095238095
2018,청주대학교,예체능계열,8428375.0
2018,청주대학교,인문사회계열,7049250.0
2018,청주대학교,자연과학계열,8248857.142857143
2018,초당대학교,공학계열,7220333.333333333
2018,초당대학교,예체능계열,6824000.0
2018,초당대학교,인문사회계열,5775384.615384615
2018,초당대학교,자연과학계열,6877333.333333333
2018,총신대학교,예체능계열,9503000.0
2018,총신대학교,인문사회계열,7304750.0
2018,추계예술대학교,예체능계열,9646437.5
2018,추계예술대학교,인문사회계열,7354100.0
2018,춘천교육대학교,인문사회계열,3185000.0
2018,충남대학교,공학계열,4844000.0
2018,충남대학교,예체능계열,4607750.0
2018,충남대학교,의학계열,7623000.0
2018,충남대학교,인문사회계열,3430125.0
2018,충남대학교,자연과학계열,4227327.586206896
2018,충북대학교,공학계열,4595375.0
2018,충북대학교,예체능계열,4437833.333333333
2018,충북대학교,의학계열,7445000.0
2018,충북대학교,인문사회계열,3514887.0967741935
2018,충북대학교,자연과학계열,4358608.108108108
2018,칼빈대학교,예체능계열,8444200.0
2018,칼빈대학교,인문사회계열,7575900.0
2018,평택대학교,공학계열,8476800.0
2018,평택대학교,예체능계열,9153250.0
2018,평택대학교,인문사회계열,7092222.222222222
2018,평택대학교,자연과학계열,8369500.0
2018,포항공과대학교,공학계열,5714750.0
2018,포항공과대학교,자연과학계열,5580000.0
2018,한경국립대학교,공학계열,4158410.0
2018,한경국립대학교,예체능계열,4149000.0
2018,한경국립대학교,인문사회계열,3665500.0
2018,한경국립대학교,자연과학계열,3968000.0
2018,한국공학대학교,공학계열,9730000.0
2018,한국공학대학교,예체능계열,9730000.0
2018,한국공학대학교,인문사회계열,8917333.333333334
2018,한국과학기술원,공학계열,6866000.0
2018,한국과학기술원,자연과학계열,7017285.714285715
2018,한국교원대학교,공학계열,3600000.0
2018,한국교원대학교,예체능계열,3801333.3333333335
2018,한국교원대학교,인문사회계열,2874000.0
2018,한국교원대학교,자연과학계열,3509250.0
2018,한국국제대학교 (폐교),공학계열,7278571.428571428
2018,한국국제대학교 (폐교),예체능계열,7092571.428571428
2018,한국국제대학교 (폐교),인문사회계열,5889000.0
2018,한국국제대학교 (폐교),자연과학계열,6846500.0
2018,한국기술교육대학교,공학계열,4680177.777777778
2018,한국기술교육대학교,인문사회계열,3306000.0
2018,한국방송통신대학교,공학계열,1457650.0
2018,한국방송통신대학교,인문사회계열,784738.8888888889
2018,한국방송통신대학교,자연과학계열,732000.0
2018,한국성서대학교,공학계열,7860000.0
2018,한국성서대학교,인문사회계열,7080000.0
2018,한국성서대학교,자연과학계열,8300000.0
2018,한국예술종합학교,공학계열,4773200.0
2018,한국예술종합학교,예체능계열,4808000.0
2018,한국예술종합학교,인문사회계열,4808000.0
2018,한국외국어대학교,공학계열,9035571.42857143
2018,한국외국어대학교,인문사회계열,7527275.862068965
2018,한국외국어대학교,자연과학계열,8549000.0
2018,한국전통문화대학교,공학계열,3425000.0
2018,한국전통문화대학교,예체능계열,3174750.0
2018,한국전통문화대학교,인문사회계열,2652850.0
2018,한국전통문화대학교,자연과학계열,3563500.0
2018,한국체육대학교,예체능계열,4111800.0
2018,한국침례신학대학교,예체능계열,8200300.0
2018,한국침례신학대학교,인문사회계열,6265966.666666667
2018,한국항공대학교,공학계열,9621750.0
2018,한국항공대학교,인문사회계열,6992266.666666667
2018,한국항공대학교,자연과학계열,8836425.0
2018,한남대학교,공학계열,8722666.666666666
2018,한남대학교,예체능계열,8494500.0
2018,한남대학교,인문사회계열,6868421.052631579
2018,한남대학교,자연과학계열,8076675.0
2018,한동대학교,공학계열,7748000.0
2018,한동대학교,인문사회계열,6506750.0
2018,한동대학교,자연과학계열,7748000.0
2018,한라대학교,공학계열,8071333.333333333
2018,한라대학교,예체능계열,7978000.0
2018,한라대학교,인문사회계열,6420000.0
2018,한려대학교 (폐교),공학계열,6561333.333333333
2018,한려대학교 (폐교),예체능계열,6692000.0
2018,한려대학교 (폐교),인문사회계열,5685000.0
2018,한려대학교 (폐교),자연과학계열,6711625.0
2018,한림대학교,공학계열,8717428.57142857
2018,한림대학교,예체능계열,8842000.0
2018,한림대학교,의학계열,10304000.0
2018,한림대학교,인문사회계열,7253515.384615385
2018,한림대학교,자연과학계열,8723000.0
2018,한서대학교,공학계열,8635037.037037037
2018,한서대학교,예체능계열,8327600.0
2018,한서대학교,인문사회계열,6935727.2727272725
2018,한서대학교,자연과학계열,8042105.263157895
2018,한성대학교,공학계열,8583076.923076924
2018,한성대학교,예체능계열,9050705.88235294
2018,한성대학교,인문사회계열,6663887.5
2018,한세대학교,공학계열,9623000.0
2018,한세대학교,예체능계열,10275000.0
2018,한세대학교,인문사회계열,7902600.0
2018,한세대학교,자연과학계열,9021000.0
2018,한신대학교,공학계열,8857666.666666666
2018,한신대학교,예체능계열,8579000.0
2018,한신대학교,인문사회계열,7293925.0
2018,한신대학교,자연과학계열,8177000.0
2018,한양대학교,공학계열,10080000.0
2018,한양대학교,예체능계열,10443400.0
2018,한양대학교,의학계열,10822000.0
2018,한양대학교,인문사회계열,8064454.545454546
2018,한양대학교,자연과학계열,9185800.0
2018,한양대학교(ERICA) _분교,공학계열,9638000.0
2018,한양대학교(ERICA) _분교,예체능계열,9450615.384615384
2018,한양대학교(ERICA) _분교,인문사회계열,7743500.0
2018,한양대학교(ERICA) _분교,자연과학계열,9029666.666666666
2018,한일장신대학교,예체능계열,7438666.666666667
2018,한일장신대학교,인문사회계열,5912000.0
2018,한일장신대학교,자연과학계열,7416000.0
2018,협성대학교,공학계열,9208000.0
2018,협성대학교,예체능계열,8834666.666666666
2018,협성대학교,인문사회계열,6906000.0
2018,협성대학교,자연과학계열,9100000.0
2018,호남대학교,공학계열,7250400.0
2018,호남대학교,예체능계열,7187111.111111111
2018,호남대학교,인문사회계열,6169142.857142857
2018,호남대학교,자연과학계열,7160000.0
2018,호남신학대학교,예체능계열,8352000.0
2018,호남신학대학교,인문사회계열,6163800.0
2018,호서대학교,공학계열,8499052.631578946
2018,호서대학교,예체능계열,8328210.52631579
2018,호서대학교,인문사회계열,7163037.037037037
2018,호서대학교,자연과학계열,7935384.615384615
2018,호원대학교,공학계열,7336950.0
2018,호원대학교,예체능계열,7244154.545454546
2018,호원대학교,인문사회계열,6086966.666666667
2018,호원대학교,자연과학계열,7461962.5
2018,홍익대학교,공학계열,9764388.888888888
2018,홍익대학교,예체능계열,9821000.0
2018,홍익대학교,인문사회계열,7685000.0
2018,홍익대학교,자연과학계열,7685000.0
2018,홍익대학교 _제2캠퍼스,공학계열,9689330.0
2018,홍익대학교 _제2캠퍼스,예체능계열,9653600.0
2018,홍익대학교 _제2캠퍼스,인문사회계열,8397000.0
2018,화성의과학대학교,공학계열,6693500.0
2018,화성의과학대학교,예체능계열,6877600.0
2018,화성의과학대학교,인문사회계열,6746800.0
2018,화성의과학대학교,자연과학계열,8045000.0
2019,가야대학교(김해),예체능계열,7372000.0
2019,가야대학교(김해),인문사회계열,6203714.285714285
2019,가야대학교(김해),자연과학계열,7479000.0
2019,가천대학교,공학계열,9526750.0
2019,가천대학교,예체능계열,9591666.666666666
2019,가천대학교,의학계열,9768000.0
2019,가천대학교,인문사회계열,7716227.2727272725
2019,가천대학교,자연과학계열,9080500.0
2019,가톨릭관동대학교,공학계열,8365360.0
2019,가톨릭관동대학교,예체능계열,8434441.176470589
2019,가톨릭관동대학교,의학계열,9850000.0
2019,가톨릭관동대학교,인문사회계열,6469488.888888889
2019,가톨릭관동대학교,자연과학계열,7659681.818181818
2019,가톨릭꽃동네대학교,인문사회계열,6918000.0
2019,가톨릭꽃동네대학교,자연과학계열,8096000.0
2019,가톨릭대학교,공학계열,8682666.666666666
2019,가톨릭대학교,예체능계열,9160000.0
2019,가톨릭대학교,인문사회계열,6396916.666666667
2019,가톨릭대학교,자연과학계열,7587800.0
2019,가톨릭대학교 _제2캠퍼스,의학계열,10374000.0
2019,가톨릭대학교 _제2캠퍼스,자연과학계열,9282000.0
2019,가톨릭대학교 _제3캠퍼스,인문사회계열,6720000.0
2019,감리교신학대학교,인문사회계열,6254250.0
2019,강남대학교,공학계열,8692181.818181818
2019,강남대학교,예체능계열,9681428.57142857
2019,강남대학교,인문사회계열,7069033.333333333
2019,강남대학교,자연과학계열,8638000.0
2019,강서대학교,예체능계열,7830200.0
2019,강서대학교,인문사회계열,6204900.0
2019,강서대학교,자연과학계열,9005000.0
2019,강원대학교,공학계열,4416400.0
2019,강원대학교,예체능계열,4542000.0
2019,강원대학교,의학계열,5758000.0
2019,강원대학교,인문사회계열,3448564.1025641025
2019,강원대학교,자연과학계열,4135622.6415094337
2019,강원대학교 _제2캠퍼스,공학계열,4424166.666666667
2019,강원대학교 _제2캠퍼스,예체능계열,4574500.0
2019,강원대학교 _제2캠퍼스,인문사회계열,3514000.0
2019,강원대학교 _제2캠퍼스,자연과학계열,4202000.0
2019,건국대학교,공학계열,9550785.714285715
2019,건국대학교,예체능계열,9449600.0
2019,건국대학교,의학계열,10180000.0
2019,건국대학교,인문사회계열,7488000.0
2019,건국대학교,자연과학계열,8460727.272727273
2019,건국대학교(글로컬) _분교,공학계열,8778444.444444444
2019,건국대학교(글로컬) _분교,예체능계열,9177800.0
2019,건국대학교(글로컬) _분교,인문사회계열,6865727.2727272725
2019,건국대학교(글로컬) _분교,자연과학계열,8196500.0
2019,건양대학교,공학계열,7387777.777777778
2019,건양대학교,예체능계열,7203000.0
2019,건양대학교,인문사회계열,6283263.157894737
2019,건양대학교,자연과학계열,7216000.0
2019,건양대학교 _제2캠퍼스,공학계열,7618000.0
2019,건양대학교 _제2캠퍼스,의학계열,9540000.0
2019,건양대학교 _제2캠퍼스,자연과학계열,7455000.0
2019,경기대학교,공학계열,8612785.714285715
2019,경기대학교,예체능계열,8199076.923076923
2019,경기대학교,인문사회계열,6725758.620689655
2019,경기대학교,자연과학계열,7711666.666666667
2019,경기대학교 _제2캠퍼스,예체능계열,8755000.0
2019,경기대학교 _제2캠퍼스,인문사회계열,6893000.0
2019,경기대학교 _제2캠퍼스,자연과학계열,6893000.0
2019,경남과학기술대학교 (폐교),공학계열,3999742.8571428573
2019,경남과학기술대학교 (폐교),예체능계열,4102000.0
2019,경남과학기술대학교 (폐교),인문사회계열,3470966.6666666665
2019,경남과학기술대학교 (폐교),자연과학계열,3759400.0
2019,경남대학교,공학계열,7743533.333333333
2019,경남대학교,예체능계열,7702200.0
2019,경남대학교,인문사회계열,5940038.461538462
2019,경남대학교,자연과학계열,6690500.0
2019,경동대학교,공학계열,8046000.0
2019,경동대학교,예체능계열,8342000.0
2019,경동대학교,인문사회계열,6481733.333333333
2019,경동대학교,자연과학계열,8211500.0
2019,경동대학교 _제3캠퍼스,인문사회계열,6790000.0
2019,경동대학교 _제3캠퍼스,자연과학계열,8765000.0
2019,경동대학교 _제4캠퍼스,공학계열,8577640.0
2019,경동대학교 _제4캠퍼스,예체능계열,8725550.0
2019,경동대학교 _제4캠퍼스,인문사회계열,6828362.5
2019,경동대학교 _제4캠퍼스,자연과학계열,8378000.0
2019,경북대학교,공학계열,4654205.128205128
2019,경북대학교,예체능계열,4682571.428571428
2019,경북대학교,의학계열,7772000.0
2019,경북대학교,인문사회계열,3637717.9487179485
2019,경북대학교,자연과학계열,4478098.039215687
2019,경상국립대학교,공학계열,4330000.0
2019,경상국립대학교,예체능계열,4152000.0
2019,경상국립대학교,의학계열,7894000.0
2019,경상국립대학교,인문사회계열,3288969.696969697
2019,경상국립대학교,자연과학계열,4203750.0
2019,경성대학교,공학계열,7666333.333333333
2019,경성대학교,예체능계열,7433619.047619048
2019,경성대학교,인문사회계열,5632727.2727272725
2019,경성대학교,자연과학계열,7097000.0
2019,경운대학교,공학계열,8356428.571428572
2019,경운대학교,예체능계열,8320000.0
2019,경운대학교,인문사회계열,6270000.0
2019,경운대학교,자연과학계열,8110000.0
2019,경인교육대학교,인문사회계열,3189000.0
2019,경일대학교,공학계열,8038000.0
2019,경일대학교,예체능계열,8249200.0
2019,경일대학교,인문사회계열,5888750.0
2019,경일대학교,자연과학계열,8080000.0
2019,경희대학교,공학계열,9076933.333333334
2019,경희대학교,예체능계열,9111666.666666666
2019,경희대학교,의학계열,11399333.333333334
2019,경희대학교,인문사회계열,6999333.333333333
2019,경희대학교,자연과학계열,9187826.086956521
2019,계명대학교,공학계열,8626794.444444444
2019,계명대학교,예체능계열,9018000.0
2019,계명대학교,의학계열,9850000.0
2019,계명대학교,인문사회계열,6462727.2727272725
2019,계명대학교,자연과학계열,8462615.384615384
2019,고려대학교,공학계열,10354000.0
2019,고려대학교,예체능계열,9760000.0
2019,고려대학교,의학계열,12414000.0
2019,고려대학교,인문사회계열,7831050.0
2019,고려대학교,자연과학계열,9383214.285714285
2019,고려대학교(세종) _분교,공학계열,10204222.222222222
2019,고려대학교(세종) _분교,예체능계열,8851333.333333334
2019,고려대학교(세종) _분교,인문사회계열,7516962.962962963
2019,고려대학교(세종) _분교,자연과학계열,9278800.0
2019,고신대학교,예체능계열,7086066.666666667
2019,고신대학교,의학계열,9410000.0
2019,고신대학교,인문사회계열,5966992.857142857
2019,고신대학교,자연과학계열,7003716.666666667
2019,공주교육대학교,인문사회계열,3424000.0
2019,광신대학교,예체능계열,7157000.0
2019,광신대학교,인문사회계열,5799666.666666667
2019,광운대학교,공학계열,9093600.0
2019,광운대학교,예체능계열,8154000.0
2019,광운대학교,인문사회계열,7326000.0
2019,광운대학교,자연과학계열,8154000.0
2019,광주가톨릭대학교,인문사회계열,0.0
2019,광주과학기술원,공학계열,2060000.0
2019,광주과학기술원,자연과학계열,2060000.0
2019,광주교육대학교,인문사회계열,3476384.6153846155
2019,광주대학교,공학계열,7160266.666666667
2019,광주대학교,예체능계열,7179818.181818182
2019,광주대학교,인문사회계열,6247185.185185186
2019,광주대학교,자연과학계열,7200000.0
2019,광주여자대학교,예체능계열,7116000.0
2019,광주여자대학교,인문사회계열,5955666.666666667
2019,광주여자대학교,자연과학계열,6890611.111111111
2019,국립강릉원주대학교,공학계열,4548000.0
2019,국립강릉원주대학교,예체능계열,5104500.0
2019,국립강릉원주대학교,의학계열,7966000.0
2019,국립강릉원주대학교,인문사회계열,3488000.0
2019,국립강릉원주대학교,자연과학계열,4401375.0
2019,국립강릉원주대학교 _제2캠퍼스,공학계열,4616000.0
2019,국립강릉원주대학교 _제2캠퍼스,인문사회계열,3488000.0
2019,국립강릉원주대학교 _제2캠퍼스,자연과학계열,4298000.0
2019,국립경국대학교,공학계열,4074900.0
2019,국립경국대학교,예체능계열,4165666.6666666665
2019,국립경국대학교,인문사회계열,3257000.0
2019,국립경국대학교,자연과학계열,3792307.6923076925
2019,국립공주대학교,공학계열,4219062.5
2019,국립공주대학교,예체능계열,4180000.0
2019,국립공주대학교,인문사회계열,3218666.6666666665
2019,국립공주대학교,자연과학계열,3860000.0
2019,국립군산대학교,공학계열,4227555.555555556
2019,국립군산대학교,예체능계열,4167500.0
2019,국립군산대학교,인문사회계열,3418736.8421052634
2019,국립군산대학교,자연과학계열,3932000.0
2019,국립금오공과대학교,공학계열,3792000.0
2019,국립금오공과대학교,인문사회계열,3400000.0
2019,국립금오공과대학교,자연과학계열,3536000.0
2019,국립목포대학교,공학계열,4244000.0
2019,국립목포대학교,예체능계열,4174000.0
2019,국립목포대학교,인문사회계열,3450982.7586206896
2019,국립목포대학교,자연과학계열,4124571.4285714286
2019,국립목포해양대학교,공학계열,3506461.5384615385
2019,국립부경대학교,공학계열,4385210.52631579
2019,국립부경대학교,예체능계열,4259000.0
2019,국립부경대학교,인문사회계열,3440031.25
2019,국립부경대학교,자연과학계열,4137588.2352941176
2019,국립순천대학교,공학계열,4293000.0
2019,국립순천대학교,예체능계열,4405600.0
2019,국립순천대학교,인문사회계열,3362666.6666666665
2019,국립순천대학교,자연과학계열,4124090.909090909
2019,국립창원대학교,공학계열,4382916.666666667
2019,국립창원대학교,예체능계열,4268666.666666667
2019,국립창원대학교,인문사회계열,3397666.6666666665
2019,국립창원대학교,자연과학계열,4041000.0
2019,국립한국교통대학교,공학계열,4264237.288135593
2019,국립한국교통대학교,예체능계열,4352857.142857143
2019,국립한국교통대학교,인문사회계열,3683103.4482758623
2019,국립한국교통대학교,자연과학계열,4258750.0
2019,국립한국해양대학교,공학계열,3969200.0
2019,국립한국해양대학교,예체능계열,3994000.0
2019,국립한국해양대학교,인문사회계열,3296750.0
2019,국립한국해양대학교,자연과학계열,4128666.6666666665
2019,국립한밭대학교,공학계열,4655852.94117647
2019,국립한밭대학교,예체능계열,4454700.0
2019,국립한밭대학교,인문사회계열,3834162.5
2019,국립한밭대학교,자연과학계열,4645000.0
2019,국민대학교,공학계열,9072600.0
2019,국민대학교,예체능계열,9212133.333333334
2019,국민대학교,인문사회계열,7221666.666666667
2019,국민대학교,자연과학계열,8273500.0
2019,극동대학교,공학계열,8375333.333333333
2019,극동대학교,예체능계열,8111846.153846154
2019,극동대학교,인문사회계열,6573700.0
2019,극동대학교,자연과학계열,8029333.333333333
2019,금강대학교,공학계열,6564000.0
2019,금강대학교,인문사회계열,6769000.0
2019,김천대학교,공학계열,7636000.0
2019,김천대학교,예체능계열,7545000.0
2019,김천대학교,인문사회계열,6789818.181818182
2019,김천대학교,자연과학계열,7459000.0
2019,나사렛대학교,공학계열,8250000.0
2019,나사렛대학교,예체능계열,8310000.0
2019,나사렛대학교,인문사회계열,7031481.481481481
2019,나사렛대학교,자연과학계열,8464285.714285715
2019,남부대학교,공학계열,7181250.0
2019,남부대학교,예체능계열,7278666.666666667
2019,남부대학교,인문사회계열,6132000.0
2019,남부대학교,자연과학계열,6742909.090909091
2019,남서울대학교,공학계열,8588000.0
2019,남서울대학교,예체능계열,8872333.333333334
2019,남서울대학교,인문사회계열,7372250.0
2019,남서울대학교,자연과학계열,8905142.857142856
2019,단국대학교,공학계열,9701846.153846154
2019,단국대학교,예체능계열,9711800.0
2019,단국대학교,인문사회계열,7776736.842105263
2019,단국대학교,자연과학계열,8990000.0
2019,단국대학교 _제2캠퍼스,공학계열,9450000.0
2019,단국대학교 _제2캠퍼스,예체능계열,9098666.666666666
2019,단국대학교 _제2캠퍼스,의학계열,10326000.0
2019,단국대학교 _제2캠퍼스,인문사회계열,7328000.0
2019,단국대학교 _제2캠퍼스,자연과학계열,9292842.105263159
2019,대구가톨릭대학교,공학계열,8218400.0
2019,대구가톨릭대학교,예체능계열,8943166.666666666
2019,대구가톨릭대학교,의학계열,9610000.0
2019,대구가톨릭대학교,인문사회계열,6150969.230769231
2019,대구가톨릭대학교,자연과학계열,8348690.909090909
2019,대구경북과학기술원,자연과학계열,7000000.0
2019,대구교육대학교,인문사회계열,3604000.0
2019,대구대학교,공학계열,8399333.333333334
2019,대구대학교,예체능계열,8690444.444444444
2019,대구대학교,인문사회계열,6137108.888888889
2019,대구대학교,자연과학계열,7819384.615384615
2019,대구예술대학교,예체능계열,8746017.647058824
2019,대구예술대학교,자연과학계열,7412000.0
2019,대구한의대학교,공학계열,8017333.333333333
2019,대구한의대학교,예체능계열,7680800.0
2019,대구한의대학교,의학계열,9260000.0
2019,대구한의대학교,인문사회계열,6127750.0
2019,대구한의대학교,자연과학계열,7756750.0
2019,대신대학교,예체능계열,7546000.0
2019,대신대학교,인문사회계열,6237466.666666667
2019,대전가톨릭대학교,인문사회계열,6060000.0
2019,대전대학교,공학계열,8232714.285714285
2019,대전대학교,예체능계열,7992571.428571428
2019,대전대학교,의학계열,9350000.0
2019,대전대학교,인문사회계열,6926600.0
2019,대전대학교,자연과학계열,7934400.0
2019,대전신학대학교,인문사회계열,6316000.0
2019,대진대학교,공학계열,8513266.666666666
2019,대진대학교,예체능계열,8657000.0
2019,대진대학교,인문사회계열,6611500.0
2019,대진대학교,자연과학계열,7850166.666666667
2019,덕성여자대학교,공학계열,9060133.333333334
2019,덕성여자대학교,예체능계열,9196500.0
2019,덕성여자대학교,인문사회계열,6749109.090909091
2019,덕성여자대학교,자연과학계열,8162816.666666667
2019,동국대학교,공학계열,9615066.666666666
2019,동국대학교,예체능계열,9578500.0
2019,동국대학교,인문사회계열,7464702.702702703
2019,동국대학교,자연과학계열,9031555.555555556
2019,동국대학교(WISE) _분교,공학계열,9349833.333333334
2019,동국대학교(WISE) _분교,예체능계열,9382333.333333334
2019,동국대학교(WISE) _분교,의학계열,9496000.0
2019,동국대학교(WISE) _분교,인문사회계열,7362555.555555556
2019,동국대학교(WISE) _분교,자연과학계열,8891416.666666666
2019,동덕여자대학교,공학계열,8004000.0
2019,동덕여자대학교,예체능계열,9170285.714285715
2019,동덕여자대학교,인문사회계열,6488000.0
2019,동덕여자대학교,자연과학계열,8059250.0
2019,동명대학교,공학계열,7981913.043478261
2019,동명대학교,예체능계열,7511285.714285715
2019,동명대학교,인문사회계열,5928895.833333333
2019,동명대학교,자연과학계열,7666000.0
2019,동서대학교,공학계열,7712571.428571428
2019,동서대학교,예체능계열,7449300.0
2019,동서대학교,인문사회계열,5962280.0
2019,동서대학교,자연과학계열,7866500.0
2019,동신대학교,공학계열,7417333.333333333
2019,동신대학교,예체능계열,7243000.0
2019,동신대학교,의학계열,8520000.0
2019,동신대학교,인문사회계열,5933473.684210527
2019,동신대학교,자연과학계열,7207666.666666667
2019,동아대학교,공학계열,8009866.666666667
2019,동아대학교,예체능계열,8183111.111111111
2019,동아대학교,의학계열,9734000.0
2019,동아대학교,인문사회계열,6242538.461538462
2019,동아대학교,자연과학계열,7408285.714285715
2019,동양대학교,공학계열,7755764.705882353
2019,동양대학교,예체능계열,8254500.0
2019,동양대학교,인문사회계열,5992000.0
2019,동양대학교,자연과학계열,7882000.0
2019,동의대학교,공학계열,7532684.2105263155
2019,동의대학교,예체능계열,7185000.0
2019,동의대학교,의학계열,8093000.0
2019,동의대학교,인문사회계열,5590621.621621622
2019,동의대학교,자연과학계열,6769750.0
2019,루터대학교,인문사회계열,6714000.0
2019,루터대학교,자연과학계열,6714000.0
2019,명지대학교,공학계열,9733076.923076924
2019,명지대학교,예체능계열,9884500.0
2019,명지대학교,자연과학계열,8838000.0
2019,명지대학교 _제2캠퍼스,공학계열,8912000.0
2019,명지대학교 _제2캠퍼스,인문사회계열,7316486.666666667
2019,목원대학교,공학계열,8314666.666666667
2019,목원대학교,예체능계열,8409333.333333334
2019,목원대학교,인문사회계열,6854000.0
2019,목원대학교,자연과학계열,7520385.714285715
2019,목포가톨릭대학교,인문사회계열,5931000.0
2019,목포가톨릭대학교,자연과학계열,7100000.0
2019,배재대학교,공학계열,8243666.666666667
2019,배재대학교,예체능계열,8278666.666666667
2019,배재대학교,인문사회계열,6699827.586206896
2019,배재대학교,자연과학계열,7519307.692307692
2019,백석대학교,공학계열,8579000.0
2019,백석대학교,예체능계열,9326400.0
2019,백석대학교,인문사회계열,7361500.0
2019,백석대학교,자연과학계열,8798000.0
2019,부산가톨릭대학교,공학계열,7918000.0
2019,부산가톨릭대학교,인문사회계열,6142516.666666667
2019,부산가톨릭대학교,자연과학계열,7290660.0
2019,부산교육대학교,인문사회계열,3024000.0
2019,부산대학교,공학계열,4707777.777777778
2019,부산대학교,예체능계열,4683333.333333333
2019,부산대학교,의학계열,10100000.0
2019,부산대학교,인문사회계열,3485473.6842105263
2019,부산대학교,자연과학계열,4532592.592592592
2019,부산외국어대학교,공학계열,7870333.333333333
2019,부산외국어대학교,예체능계열,6891250.0
2019,부산외국어대학교,인문사회계열,6082478.0
2019,부산장신대학교,인문사회계열,5829066.666666667
2019,삼육대학교,공학계열,8698000.0
2019,삼육대학교,예체능계열,9123600.0
2019,삼육대학교,인문사회계열,7393818.181818182
2019,삼육대학교,자연과학계열,8445000.0
2019,상명대학교,공학계열,9220857.142857144
2019,상명대학교,예체능계열,9652000.0
2019,상명대학교,인문사회계열,7351875.0
2019,상명대학교,자연과학계열,8306000.0
2019,상명대학교 _제2캠퍼스,공학계열,8818285.714285715
2019,상명대학교 _제2캠퍼스,예체능계열,8822285.714285715
2019,상명대학교 _제2캠퍼스,인문사회계열,7178000.0
2019,상명대학교 _제2캠퍼스,자연과학계열,8619500.0
2019,상지대학교,공학계열,8336571.428571428
2019,상지대학교,예체능계열,7812000.0
2019,상지대학교,의학계열,9654000.0
2019,상지대학교,인문사회계열,6598760.0
2019,상지대학교,자연과학계열,7721058.823529412
2019,서강대학교,공학계열,9840800.0
2019,서강대학교,인문사회계열,7733272.7272727275
2019,서강대학교,자연과학계열,9094000.0
2019,서경대학교,공학계열,8682375.0
2019,서경대학교,예체능계열,9153000.0
2019,서경대학교,인문사회계열,6937555.555555556
2019,서경대학교,자연과학계열,8917000.0
2019,서울과학기술대학교,공학계열,5430220.0
2019,서울과학기술대학교,예체능계열,5485833.333333333
2019,서울과학기술대학교,인문사회계열,4701685.714285715
2019,서울과학기술대학교,자연과학계열,5367750.0
2019,서울교육대학교,인문사회계열,3088000.0
2019,서울기독대학교,예체능계열,8450957.142857144
2019,서울기독대학교,인문사회계열,6666075.0
2019,서울대학교,공학계열,5990250.0
2019,서울대학교,예체능계열,7517125.0
2019,서울대학교,의학계열,9683000.0
2019,서울대학교,인문사회계열,4996354.166666667
2019,서울대학교,자연과학계열,6242960.0
2019,서울시립대학교,공학계열,2701000.0
2019,서울시립대학교,예체능계열,2934750.0
2019,서울시립대학교,인문사회계열,2044000.0
2019,서울시립대학교,자연과학계열,2431500.0
2019,서울신학대학교,예체능계열,8805550.0
2019,서울신학대학교,인문사회계열,7049133.333333333
2019,서울여자대학교,공학계열,8749000.0
2019,서울여자대학교,예체능계열,9836600.0
2019,서울여자대학교,인문사회계열,7370571.428571428
2019,서울여자대학교,자연과학계열,8487555.555555556
2019,서울장신대학교,예체능계열,10146000.0
2019,서울장신대학교,인문사회계열,7488000.0
2019,서울한영대학교,예체능계열,8140350.0
2019,서울한영대학교,인문사회계열,6693825.0
2019,서원대학교,공학계열,8040620.0
2019,서원대학교,예체능계열,7680557.142857143
2019,서원대학교,인문사회계열,6307961.538461538
2019,서원대학교,자연과학계열,7564914.285714285
2019,선문대학교,공학계열,8544153.846153846
2019,선문대학교,예체능계열,7982000.0
2019,선문대학교,인문사회계열,6949833.333333333
2019,선문대학교,자연과학계열,8231000.0
2019,성결대학교,공학계열,8425111.111111112
2019,성결대학교,예체능계열,9297333.333333334
2019,성결대학교,인문사회계열,6794000.0
2019,성공회대학교,공학계열,7692916.666666667
2019,성공회대학교,인문사회계열,6950409.090909091
2019,성균관대학교,공학계열,9298923.076923076
2019,성균관대학교,예체능계열,9580000.0
2019,성균관대학교,의학계열,11338000.0
2019,성균관대학교,인문사회계열,7482400.0
2019,성균관대학교,자연과학계열,8858500.0
2019,성신여자대학교,공학계열,8537500.0
2019,성신여자대학교,예체능계열,9986571.42857143
2019,성신여자대학교,인문사회계열,7267200.0
2019,성신여자대학교,자연과학계열,8452545.454545455
2019,세명대학교,공학계열,7989000.0
2019,세명대학교,예체능계열,7884000.0
2019,세명대학교,의학계열,8866000.0
2019,세명대학교,인문사회계열,6343578.947368421
2019,세명대학교,자연과학계열,7579363.636363637
2019,세종대학교,공학계열,8946222.222222222
2019,세종대학교,예체능계열,8972000.0
2019,세종대학교,인문사회계열,6609052.631578947
2019,세종대학교,자연과학계열,7654666.666666667
2019,세한대학교,공학계열,7918071.428571428
2019,세한대학교,예체능계열,7081241.666666667
2019,세한대학교,인문사회계열,5873738.461538462
2019,세한대학교,자연과학계열,6679740.0
2019,송원대학교,공학계열,7200000.0
2019,송원대학교,예체능계열,7066666.666666667
2019,송원대학교,인문사회계열,6010000.0
2019,송원대학교,자연과학계열,6800000.0
2019,수원가톨릭대학교,인문사회계열,5097000.0
2019,수원대학교,공학계열,8027916.666666667
2019,수원대학교,예체능계열,8383778.571428572
2019,수원대학교,인문사회계열,6248241.666666667
2019,수원대학교,자연과학계열,7356928.571428572
2019,숙명여자대학교,공학계열,9602000.0
2019,숙명여자대학교,예체능계열,10221000.0
2019,숙명여자대학교,인문사회계열,7678600.0
2019,숙명여자대학교,자연과학계열,9019750.0
2019,순복음총회신학교,예체능계열,6900000.0
2019,순복음총회신학교,인문사회계열,5461028.571428572
2019,순천향대학교,공학계열,8854000.0
2019,순천향대학교,예체능계열,8240285.714285715
2019,순천향대학교,의학계열,10040000.0
2019,순천향대학교,인문사회계열,7433200.0
2019,순천향대학교,자연과학계열,8310000.0
2019,숭실대학교,공학계열,9358664.705882354
2019,숭실대학교,예체능계열,9558000.0
2019,숭실대학교,인문사회계열,7652000.0
2019,숭실대학교,자연과학계열,8488800.0
2019,신경주대학교,공학계열,7360000.0
2019,신경주대학교,예체능계열,8310250.0
2019,신경주대학교,인문사회계열,6567750.0
2019,신경주대학교,자연과학계열,6817714.285714285
2019,신라대학교,공학계열,8012900.0
2019,신라대학교,예체능계열,7427800.0
2019,신라대학교,인문사회계열,5930428.571428572
2019,신라대학교,자연과학계열,7281923.076923077
2019,신한대학교,공학계열,10358000.0
2019,신한대학교,인문사회계열,8158000.0
2019,신한대학교,자연과학계열,9758000.0
2019,신한대학교 _제2캠퍼스,공학계열,10358000.0
2019,신한대학교 _제2캠퍼스,예체능계열,10258000.0
2019,신한대학교 _제2캠퍼스,인문사회계열,8158000.0
2019,신한대학교 _제2캠퍼스,자연과학계열,9758000.0
2019,아신대학교,인문사회계열,6736000.0
2019,아주대학교,공학계열,9464000.0
2019,아주대학교,예체능계열,7360000.0
2019,아주대학교,의학계열,11036000.0
2019,아주대학교,인문사회계열,7555571.428571428
2019,아주대학교,자연과학계열,8910000.0
2019,안양대학교,공학계열,8495166.666666666
2019,안양대학교,예체능계열,8662800.0
2019,안양대학교,인문사회계열,6879315.7894736845
2019,안양대학교,자연과학계열,7959500.0
2019,안양대학교 _제2캠퍼스,공학계열,8693500.0
2019,안양대학교 _제2캠퍼스,인문사회계열,7050666.666666667
2019,연세대학교,공학계열,10554357.142857144
2019,연세대학교,예체능계열,10198125.0
2019,연세대학교,의학계열,12104000.0
2019,연세대학교,인문사회계열,9104703.703703703
2019,연세대학교,자연과학계열,9800555.555555556
2019,연세대학교(미래) _분교,공학계열,9993000.0
2019,연세대학교(미래) _분교,예체능계열,8893000.0
2019,연세대학교(미래) _분교,의학계열,12104000.0
2019,연세대학교(미래) _분교,인문사회계열,7818153.846153846
2019,연세대학교(미래) _분교,자연과학계열,8726944.444444444
2019,영남대학교,공학계열,8536333.333333334
2019,영남대학교,예체능계열,9279400.0
2019,영남대학교,의학계열,10662000.0
2019,영남대학교,인문사회계열,6238766.666666667
2019,영남대학교,자연과학계열,8644210.52631579
2019,영남신학대학교,인문사회계열,6396625.0
2019,영산대학교,공학계열,7423800.0
2019,영산대학교,예체능계열,6707666.666666667
2019,영산대학교,인문사회계열,5666277.777777778
2019,영산대학교,자연과학계열,7523000.0
2019,영산대학교 _제2캠퍼스,공학계열,7358000.0
2019,영산대학교 _제2캠퍼스,예체능계열,6893055.555555556
2019,영산대학교 _제2캠퍼스,인문사회계열,5602325.0
2019,영산대학교 _제2캠퍼스,자연과학계열,6699090.909090909
2019,영산선학대학교,인문사회계열,2000000.0
2019,예수대학교,인문사회계열,5383000.0
2019,예수대학교,자연과학계열,7223000.0
2019,예원예술대학교,예체능계열,8282894.736842105
2019,예원예술대학교,인문사회계열,5990000.0
2019,예원예술대학교 _제2캠퍼스,예체능계열,8507777.777777778
2019,용인대학교,예체능계열,8555750.0
2019,용인대학교,인문사회계열,7459818.181818182
2019,용인대학교,자연과학계열,8136625.0
2019,우석대학교,공학계열,7914789.47368421
2019,우석대학교,예체능계열,7663166.666666667
2019,우석대학교,의학계열,9256000.0
2019,우석대학교,인문사회계열,6151045.0
2019,우석대학교,자연과학계열,7528625.0
2019,우송대학교,공학계열,7689681.818181818
2019,우송대학교,예체능계열,7767750.0
2019,우송대학교,인문사회계열,7119152.94117647
2019,우송대학교,자연과학계열,7766633.333333333
2019,울산과학기술원,공학계열,6288000.0
2019,울산과학기술원,인문사회계열,5629333.333333333
2019,울산과학기술원,자연과학계열,6288000.0
2019,울산대학교,공학계열,8553446.153846154
2019,울산대학교,예체능계열,9069772.727272727
2019,울산대학교,의학계열,10918000.0
2019,울산대학교,인문사회계열,6176523.80952381
2019,울산대학교,자연과학계열,7930620.0
2019,원광대학교,공학계열,8295160.0
2019,원광대학교,예체능계열,7714230.769230769
2019,원광대학교,의학계열,9750000.0
2019,원광대학교,인문사회계열,6387571.428571428
2019,원광대학교,자연과학계열,7894136.363636363
2019,위덕대학교,공학계열,8234600.0
2019,위덕대학교,예체능계열,8839000.0
2019,위덕대학교,인문사회계열,6714600.0
2019,위덕대학교,자연과학계열,8399000.0
2019,유원대학교,공학계열,8124363.636363637
2019,유원대학교,예체능계열,8178666.666666667
2019,유원대학교,인문사회계열,6538933.333333333
2019,유원대학교,자연과학계열,8118933.333333333
2019,을지대학교,의학계열,10320500.0
2019,을지대학교,자연과학계열,9604333.333333334
2019,을지대학교 _제2캠퍼스,공학계열,9298550.0
2019,을지대학교 _제2캠퍼스,예체능계열,9193050.0
2019,을지대학교 _제2캠퍼스,인문사회계열,8216880.0
2019,을지대학교 _제2캠퍼스,자연과학계열,8990100.0
2019,이화여자대학교,공학계열,9890153.846153846
2019,이화여자대학교,예체능계열,10277500.0
2019,이화여자대학교,의학계열,12896000.0
2019,이화여자대학교,인문사회계열,7786233.333333333
2019,이화여자대학교,자연과학계열,9299315.789473685
2019,인제대학교,공학계열,7959894.117647059
2019,인제대학교,예체능계열,7076616.666666667
2019,인제대학교,인문사회계열,5741788.0
2019,인제대학교,자연과학계열,7596866.666666667
2019,인제대학교 _제2캠퍼스,의학계열,9958000.0
2019,인제대학교 _제2캠퍼스,자연과학계열,7267500.0
2019,인천가톨릭대학교,인문사회계열,5282000.0
2019,인천가톨릭대학교 _제2캠퍼스,예체능계열,8644000.0
2019,인천가톨릭대학교 _제2캠퍼스,자연과학계열,8896000.0
2019,인천대학교,공학계열,5164000.0
2019,인천대학교,예체능계열,4823000.0
2019,인천대학교,인문사회계열,4122000.0
2019,인천대학교,자연과학계열,4497650.0
2019,인하대학교,공학계열,8903727.272727273
2019,인하대학교,예체능계열,8617333.333333334
2019,인하대학교,의학계열,10550000.0
2019,인하대학교,인문사회계열,7212307.692307692
2019,인하대학교,자연과학계열,8725818.181818182
2019,장로회신학대학교,예체능계열,8926500.0
2019,장로회신학대학교,인문사회계열,6332500.0
2019,전남대학교,공학계열,4342714.285714285
2019,전남대학교,예체능계열,4500333.333333333
2019,전남대학교,의학계열,5874000.0
2019,전남대학교,인문사회계열,3457777.777777778
2019,전남대학교,자연과학계열,4233636.363636363
2019,전남대학교 _제2캠퍼스,공학계열,4404000.0
2019,전남대학교 _제2캠퍼스,인문사회계열,3570400.0
2019,전남대학교 _제2캠퍼스,자연과학계열,4100000.0
2019,전북대학교,공학계열,4562358.974358974
2019,전북대학교,예체능계열,4599428.571428572
2019,전북대학교,의학계열,8216666.666666667
2019,전북대학교,인문사회계열,3322000.0
2019,전북대학교,자연과학계열,4332685.714285715
2019,전주교육대학교,인문사회계열,3272000.0
2019,전주대학교,공학계열,8232000.0
2019,전주대학교,예체능계열,7912000.0
2019,전주대학교,인문사회계열,6550000.0
2019,전주대학교,자연과학계열,7585846.153846154
2019,정석대학,공학계열,0.0
2019,정석대학,인문사회계열,0.0
2019,제주국제대학교,공학계열,6497137.5
2019,제주국제대학교,예체능계열,6156000.0
2019,제주국제대학교,인문사회계열,5969795.833333333
2019,제주국제대학교,자연과학계열,6417000.0
2019,제주대학교,공학계열,4344053.333333333
2019,제주대학교,예체능계열,4211200.0
2019,제주대학교,의학계열,5602000.0
2019,제주대학교,인문사회계열,3281435.714285714
2019,제주대학교,자연과학계열,4159639.1304347827
2019,조선대학교,공학계열,7987629.62962963
2019,조선대학교,예체능계열,7733333.333333333
2019,조선대학교,의학계열,10680000.0
2019,조선대학교,인문사회계열,6202451.612903226
2019,조선대학교,자연과학계열,7663166.666666667
2019,중부대학교,공학계열,7735000.0
2019,중부대학교,예체능계열,8017307.692307692
2019,중부대학교,인문사회계열,6764400.0
2019,중부대학교,자연과학계열,7323033.333333333
2019,중앙대학교,공학계열,9581727.272727273
2019,중앙대학교,예체능계열,9536500.0
2019,중앙대학교,인문사회계열,7479000.0
2019,중앙대학교,자연과학계열,9398000.0
2019,중앙대학교 _제2캠퍼스,공학계열,9154000.0
2019,중앙대학교 _제2캠퍼스,예체능계열,9745736.842105264
2019,중앙대학교 _제2캠퍼스,자연과학계열,8605000.0
2019,중앙승가대학교,인문사회계열,1886000.0
2019,중원대학교,공학계열,8134522.222222222
2019,중원대학교,예체능계열,7782166.666666667
2019,중원대학교,인문사회계열,6417200.0
2019,중원대학교,자연과학계열,8113500.0
2019,진주교육대학교,인문사회계열,3446000.0
2019,차의과학대학교,인문사회계열,7463000.0
2019,차의과학대학교,자연과학계열,7852500.0
2019,창신대학교,공학계열,7640000.0
2019,창신대학교,예체능계열,7245333.333333333
2019,창신대학교,인문사회계열,5826666.666666667
2019,창신대학교,자연과학계열,6950000.0
2019,청운대학교,공학계열,7998666.666666667
2019,청운대학교,예체능계열,8072363.636363637
2019,청운대학교,인문사회계열,6884380.952380952
2019,청운대학교,자연과학계열,8050000.0
2019,청주교육대학교,인문사회계열,3230000.0
2019,청주대학교,공학계열,8468228.57142857
2019,청주대학교,예체능계열,8421380.952380951
2019,청주대학교,인문사회계열,6980408.1632653065
2019,청주대학교,자연과학계열,8156000.0
2019,초당대학교,공학계열,7167000.0
2019,초당대학교,예체능계열,6784000.0
2019,초당대학교,인문사회계열,5726153.846153846
2019,초당대학교,자연과학계열,6824000.0
2019,총신대학교,예체능계열,9357000.0
2019,총신대학교,인문사회계열,7164750.0
2019,추계예술대학교,예체능계열,9598275.0
2019,추계예술대학교,인문사회계열,7289133.333333333
2019,춘천교육대학교,인문사회계열,3184991.6666666665
2019,충남대학교,공학계열,4844000.0
2019,충남대학교,예체능계열,4607750.0
2019,충남대학교,의학계열,7623000.0
2019,충남대학교,인문사회계열,3430125.0
2019,충남대학교,자연과학계열,4222650.0
2019,충북대학교,공학계열,4624000.0
2019,충북대학교,예체능계열,4437833.333333333
2019,충북대학교,의학계열,7445000.0
2019,충북대학교,인문사회계열,3514874.193548387
2019,충북대학교,자연과학계열,4409803.571428572
2019,칼빈대학교,예체능계열,8409150.0
2019,칼빈대학교,인문사회계열,7473825.0
2019,평택대학교,공학계열,8368800.0
2019,평택대학교,예체능계열,9068875.0
2019,평택대학교,인문사회계열,7000526.315789473
2019,평택대학교,자연과학계열,8268250.0
2019,포항공과대학교,공학계열,5681000.0
2019,포항공과대학교,자연과학계열,5580000.0
2019,한경국립대학교,공학계열,4156110.0
2019,한경국립대학교,예체능계열,4149000.0
2019,한경국립대학교,인문사회계열,3665500.0
2019,한경국립대학교,자연과학계열,3968000.0
2019,한국공학대학교,공학계열,9570000.0
2019,한국공학대학교,예체능계열,9570000.0
2019,한국공학대학교,인문사회계열,8756666.666666666
2019,한국과학기술원,공학계열,6866000.0
2019,한국과학기술원,인문사회계열,6866000.0
2019,한국과학기술원,자연과학계열,6866000.0
2019,한국교원대학교,공학계열,3600000.0
2019,한국교원대학교,예체능계열,3801333.3333333335
2019,한국교원대학교,인문사회계열,2874000.0
2019,한국교원대학교,자연과학계열,3509250.0
2019,한국국제대학교 (폐교),공학계열,7074285.714285715
2019,한국국제대학교 (폐교),예체능계열,7055666.666666667
2019,한국국제대학교 (폐교),인문사회계열,5883000.0
2019,한국국제대학교 (폐교),자연과학계열,6779000.0
2019,한국기술교육대학교,공학계열,4727500.0
2019,한국기술교육대학교,인문사회계열,3303000.0
2019,한국방송통신대학교,공학계열,1457650.0
2019,한국방송통신대학교,인문사회계열,784738.8888888889
2019,한국방송통신대학교,자연과학계열,732000.0
2019,한국성서대학교,공학계열,7770000.0
2019,한국성서대학교,인문사회계열,6990000.0
2019,한국성서대학교,자연과학계열,8210000.0
2019,한국예술종합학교,공학계열,4773200.0
2019,한국예술종합학교,예체능계열,4808000.0
2019,한국예술종합학교,인문사회계열,4808000.0
2019,한국외국어대학교,공학계열,8921285.714285715
2019,한국외국어대학교,인문사회계열,7431870.588235294
2019,한국외국어대학교,자연과학계열,8389000.0
2019,한국전통문화대학교,공학계열,3484650.0
2019,한국전통문화대학교,예체능계열,3419000.0
2019,한국전통문화대학교,인문사회계열,2811566.6666666665
2019,한국전통문화대학교,자연과학계열,3631000.0
2019,한국체육대학교,예체능계열,4111800.0
2019,한국침례신학대학교,예체능계열,8047300.0
2019,한국침례신학대학교,인문사회계열,6114016.666666667
2019,한국항공대학교,공학계열,9464400.0
2019,한국항공대학교,인문사회계열,7443200.0
2019,한국항공대학교,자연과학계열,9012500.0
2019,한남대학교,공학계열,8557016.666666666
2019,한남대학교,예체능계열,8337666.666666667
2019,한남대학교,인문사회계열,6794485.714285715
2019,한남대학교,자연과학계열,7900385.714285715
2019,한동대학교,공학계열,7503714.285714285
2019,한동대학교,인문사회계열,6354000.0
2019,한동대학교,자연과학계열,7748000.0
2019,한라대학교,공학계열,8034000.0
2019,한라대학교,예체능계열,8118000.0
2019,한라대학교,인문사회계열,6280000.0
2019,한려대학교 (폐교),공학계열,6594000.0
2019,한려대학교 (폐교),예체능계열,6594000.0
2019,한려대학교 (폐교),인문사회계열,5587000.0
2019,한려대학교 (폐교),자연과학계열,6672428.571428572
2019,한림대학교,공학계열,8486909.090909092
2019,한림대학교,예체능계열,8687000.0
2019,한림대학교,의학계열,10294000.0
2019,한림대학교,인문사회계열,7131557.142857143
2019,한림대학교,자연과학계열,8313187.5
2019,한서대학교,공학계열,8539407.407407407
2019,한서대학교,예체능계열,8216800.0
2019,한서대학교,인문사회계열,6870454.545454546
2019,한서대학교,자연과학계열,7946736.842105263
2019,한성대학교,공학계열,8592000.0
2019,한성대학교,예체능계열,9058500.0
2019,한성대학교,인문사회계열,6750737.5
2019,한세대학교,공학계열,9471000.0
2019,한세대학교,예체능계열,10123000.0
2019,한세대학교,인문사회계열,7750600.0
2019,한세대학교,자연과학계열,8869000.0
2019,한신대학교,공학계열,8708666.666666666
2019,한신대학교,예체능계열,8430000.0
2019,한신대학교,인문사회계열,7295333.333333333
2019,한신대학교,자연과학계열,8028000.0
2019,한양대학교,공학계열,9923000.0
2019,한양대학교,예체능계열,10286400.0
2019,한양대학교,의학계열,10822000.0
2019,한양대학교,인문사회계열,7850523.80952381
2019,한양대학교,자연과학계열,9028800.0
2019,한양대학교(ERICA) _분교,공학계열,9485640.0
2019,한양대학교(ERICA) _분교,예체능계열,9348857.142857144
2019,한양대학교(ERICA) _분교,인문사회계열,7533000.0
2019,한양대학교(ERICA) _분교,자연과학계열,9104600.0
2019,한일장신대학교,예체능계열,7331000.0
2019,한일장신대학교,인문사회계열,5877333.333333333
2019,한일장신대학교,자연과학계열,7312000.0
2019,협성대학교,공학계열,9048000.0
2019,협성대학교,예체능계열,8768000.0
2019,협성대학교,인문사회계열,6826000.0
2019,협성대학교,자연과학계열,8940000.0
2019,호남대학교,공학계열,7156800.0
2019,호남대학교,예체능계열,7138500.0
2019,호남대학교,인문사회계열,6094857.142857143
2019,호남대학교,자연과학계열,7024800.0
2019,호남신학대학교,예체능계열,8242300.0
2019,호남신학대학교,인문사회계열,6058250.0
2019,호서대학교,공학계열,8463294.11764706
2019,호서대학교,예체능계열,8310375.0
2019,호서대학교,인문사회계열,7150916.666666667
2019,호서대학교,자연과학계열,7866153.846153846
2019,호원대학교,공학계열,7203422.222222222
2019,호원대학교,예체능계열,7013269.230769231
2019,호원대학교,인문사회계열,5697352.631578947
2019,호원대학교,자연과학계열,7327900.0
2019,홍익대학교,공학계열,9604100.0
2019,홍익대학교,예체능계열,9661000.0
2019,홍익대학교,인문사회계열,7525000.0
2019,홍익대학교,자연과학계열,7525000.0
2019,홍익대학교 _제2캠퍼스,공학계열,9545110.0
2019,홍익대학교 _제2캠퍼스,예체능계열,9548166.666666666
2019,홍익대학교 _제2캠퍼스,인문사회계열,7525000.0
2019,화성의과학대학교,공학계열,7186000.0
2019,화성의과학대학교,예체능계열,7717000.0
2019,화성의과학대학교,인문사회계열,6786500.0
2019,화성의과학대학교,자연과학계열,7982000.0
2020,가야대학교(김해),예체능계열,7252000.0
2020,가야대학교(김해),인문사회계열,6095777.777777778
2020,가야대학교(김해),자연과학계열,7332666.666666667
2020,가천대학교,공학계열,9409818.181818182
2020,가천대학교,예체능계열,9449666.666666666
2020,가천대학교,의학계열,9768000.0
2020,가천대학교,인문사회계열,7564583.333333333
2020,가천대학교,자연과학계열,8842062.5
2020,가톨릭관동대학교,공학계열,8355729.142857143
2020,가톨릭관동대학교,예체능계열,8379377.333333333
2020,가톨릭관동대학교,의학계열,9850000.0
2020,가톨릭관동대학교,인문사회계열,6419467.419354838
2020,가톨릭관동대학교,자연과학계열,7668597.9
2020,가톨릭꽃동네대학교,인문사회계열,6718000.0
2020,가톨릭꽃동네대학교,자연과학계열,7946000.0
2020,가톨릭대학교,공학계열,8627050.0
2020,가톨릭대학교,예체능계열,9019400.0
2020,가톨릭대학교,인문사회계열,6611008.333333333
2020,가톨릭대학교,자연과학계열,7834120.0
2020,가톨릭대학교 _제2캠퍼스,의학계열,10374000.0
2020,가톨릭대학교 _제2캠퍼스,자연과학계열,9141400.0
2020,가톨릭대학교 _제3캠퍼스,인문사회계열,6579400.0
2020,감리교신학대학교,인문사회계열,6234350.25
2020,강남대학교,공학계열,9102000.0
2020,강남대학교,예체능계열,9307000.0
2020,강남대학교,인문사회계열,7270000.0
2020,강서대학교,예체능계열,8325200.0
2020,강서대학교,인문사회계열,6339973.714285715
2020,강서대학교,자연과학계열,9072000.0
2020,강원대학교,공학계열,4417120.0
2020,강원대학교,예체능계열,4540000.0
2020,강원대학교,의학계열,5756000.0
2020,강원대학교,인문사회계열,3446574.769230769
2020,강원대학교,자연과학계열,4133622.6415094337
2020,강원대학교 _제2캠퍼스,공학계열,4426166.666666667
2020,강원대학교 _제2캠퍼스,예체능계열,4572500.0
2020,강원대학교 _제2캠퍼스,인문사회계열,3540050.2
2020,강원대학교 _제2캠퍼스,자연과학계열,4200000.0
2020,건국대학교,공학계열,9401750.0
2020,건국대학교,예체능계열,9313700.0
2020,건국대학교,의학계열,10180000.0
2020,건국대학교,인문사회계열,7337000.0
2020,건국대학교,자연과학계열,8657769.23076923
2020,건국대학교(글로컬) _분교,공학계열,8874200.0
2020,건국대학교(글로컬) _분교,예체능계열,9114647.05882353
2020,건국대학교(글로컬) _분교,인문사회계열,6896750.0
2020,건국대학교(글로컬) _분교,자연과학계열,8200500.0
2020,건양대학교,공학계열,7492000.0
2020,건양대학교,예체능계열,6937000.0
2020,건양대학교,인문사회계열,6067411.764705882
2020,건양대학교,자연과학계열,7352000.0
2020,건양대학교 _제2캠퍼스,공학계열,7492000.0
2020,건양대학교 _제2캠퍼스,의학계열,9540000.0
2020,건양대학교 _제2캠퍼스,인문사회계열,5962000.0
2020,건양대학교 _제2캠퍼스,자연과학계열,7480888.888888889
2020,경기대학교,공학계열,8500428.57142857
2020,경기대학교,예체능계열,8117000.0
2020,경기대학교,인문사회계열,6632068.9655172415
2020,경기대학교,자연과학계열,7616333.333333333
2020,경기대학교 _제2캠퍼스,예체능계열,8554800.0
2020,경기대학교 _제2캠퍼스,인문사회계열,6750000.0
2020,경기대학교 _제2캠퍼스,자연과학계열,6750000.0
2020,경남과학기술대학교 (폐교),공학계열,3999536.3333333335
2020,경남과학기술대학교 (폐교),예체능계열,4102000.0
2020,경남과학기술대학교 (폐교),인문사회계열,3491611.4545454546
2020,경남과학기술대학교 (폐교),자연과학계열,3757659.6666666665
2020,경남대학교,공학계열,7621766.666666667
2020,경남대학교,예체능계열,7561700.0
2020,경남대학교,인문사회계열,5804942.307692308
2020,경남대학교,자연과학계열,6601428.0
2020,경동대학교,공학계열,8048000.0
2020,경동대학교,예체능계열,8344000.0
2020,경동대학교,인문사회계열,6538746.846153846
2020,경동대학교,자연과학계열,8183709.0
2020,경동대학교 _제3캠퍼스,인문사회계열,6824901.333333333
2020,경동대학교 _제3캠퍼스,자연과학계열,8735446.125
2020,경동대학교 _제4캠퍼스,공학계열,8525781.666666666
2020,경동대학교 _제4캠퍼스,예체능계열,8715814.0
2020,경동대학교 _제4캠퍼스,인문사회계열,6886543.888888889
2020,경동대학교 _제4캠퍼스,자연과학계열,8494963.5
2020,경북대학교,공학계열,4654761.904761905
2020,경북대학교,예체능계열,4682571.428571428
2020,경북대학교,의학계열,7772000.0
2020,경북대학교,인문사회계열,3637717.9487179485
2020,경북대학교,자연과학계열,4478098.039215687
2020,경상국립대학교,공학계열,4330000.0
2020,경상국립대학교,예체능계열,4152000.0
2020,경상국립대학교,의학계열,7894000.0
2020,경상국립대학교,인문사회계열,3288969.696969697
2020,경상국립대학교,자연과학계열,4203750.0
2020,경성대학교,공학계열,7613652.173913044
2020,경성대학교,예체능계열,7387000.0
2020,경성대학교,인문사회계열,5572121.212121212
2020,경성대학교,자연과학계열,7047000.0
2020,경운대학교,공학계열,8389000.0
2020,경운대학교,예체능계열,8195000.0
2020,경운대학교,인문사회계열,6260000.0
2020,경운대학교,자연과학계열,8090000.0
2020,경인교육대학교,인문사회계열,3189000.0
2020,경일대학교,공학계열,7855909.090909091
2020,경일대학교,예체능계열,8206000.0
2020,경일대학교,인문사회계열,5986000.0
2020,경일대학교,자연과학계열,7940000.0
2020,경희대학교,공학계열,8966668.57142857
2020,경희대학교,예체능계열,8965906.666666666
2020,경희대학교,의학계열,11399333.333333334
2020,경희대학교,인문사회계열,6937135.483870967
2020,경희대학교,자연과학계열,9048403.47826087
2020,계명대학교,공학계열,8520000.0
2020,계명대학교,예체능계열,8876000.0
2020,계명대학교,의학계열,9850000.0
2020,계명대학교,인문사회계열,6320727.2727272725
2020,계명대학교,자연과학계열,8342461.538461538
2020,고려대학교,공학계열,10195000.0
2020,고려대학교,예체능계열,9601000.0
2020,고려대학교,의학계열,12414000.0
2020,고려대학교,인문사회계열,7672048.233333333
2020,고려대학교,자연과학계열,9222285.714285715
2020,고려대학교(세종) _분교,공학계열,10195000.0
2020,고려대학교(세종) _분교,예체능계열,8917000.0
2020,고려대학교(세종) _분교,인문사회계열,7635000.0
2020,고려대학교(세종) _분교,자연과학계열,9358875.0
2020,고신대학교,예체능계열,7071218.75
2020,고신대학교,의학계열,9410000.0
2020,고신대학교,인문사회계열,5860414.375
2020,고신대학교,자연과학계열,6823289.071428572
2020,공주교육대학교,인문사회계열,3424000.0
2020,광신대학교,예체능계열,7128333.333333333
2020,광신대학교,인문사회계열,5786000.0
2020,광운대학교,공학계열,9027000.0
2020,광운대학교,예체능계열,7753500.0
2020,광운대학교,인문사회계열,7194857.142857143
2020,광운대학교,자연과학계열,8001000.0
2020,광주가톨릭대학교,인문사회계열,0.0
2020,광주과학기술원,공학계열,2060000.0
2020,광주과학기술원,자연과학계열,2060000.0
2020,광주교육대학교,인문사회계열,3476411.3076923075
2020,광주대학교,공학계열,7143272.7272727275
2020,광주대학교,예체능계열,7128666.666666667
2020,광주대학교,인문사회계열,6257523.80952381
2020,광주대학교,자연과학계열,7166000.0
2020,광주여자대학교,예체능계열,7007998.0
2020,광주여자대학교,인문사회계열,5806034.1
2020,광주여자대학교,자연과학계열,6794492.0
2020,국립강릉원주대학교,공학계열,4548000.0
2020,국립강릉원주대학교,예체능계열,5160400.0
2020,국립강릉원주대학교,의학계열,7966000.0
2020,국립강릉원주대학교,인문사회계열,3488000.0
2020,국립강릉원주대학교,자연과학계열,4401375.0
2020,국립강릉원주대학교 _제2캠퍼스,공학계열,4616000.0
2020,국립강릉원주대학교 _제2캠퍼스,인문사회계열,3488000.0
2020,국립강릉원주대학교 _제2캠퍼스,자연과학계열,4298000.0
2020,국립경국대학교,공학계열,4080438.095238095
2020,국립경국대학교,예체능계열,4165933.3333333335
2020,국립경국대학교,인문사회계열,3257180.0
2020,국립경국대학교,자연과학계열,3792323.076923077
2020,국립공주대학교,공학계열,4219062.5
2020,국립공주대학교,예체능계열,4180000.0
2020,국립공주대학교,인문사회계열,3218666.6666666665
2020,국립공주대학교,자연과학계열,3860000.0
2020,국립군산대학교,공학계열,4238000.0
2020,국립군산대학교,예체능계열,4167500.0
2020,국립군산대학교,인문사회계열,3388888.888888889
2020,국립군산대학교,자연과학계열,3925454.5454545454
2020,국립금오공과대학교,공학계열,3777341.1764705884
2020,국립금오공과대학교,인문사회계열,3400400.0
2020,국립금오공과대학교,자연과학계열,3536400.0
2020,국립목포대학교,공학계열,4244000.0
2020,국립목포대학교,예체능계열,4174000.0
2020,국립목포대학교,인문사회계열,3465183.7407407407
2020,국립목포대학교,자연과학계열,4088888.888888889
2020,국립목포해양대학교,공학계열,3488000.0
2020,국립부경대학교,공학계열,4387355.555555556
2020,국립부경대학교,예체능계열,4259000.0
2020,국립부경대학교,인문사회계열,3463352.6315789474
2020,국립부경대학교,자연과학계열,4137588.2352941176
2020,국립순천대학교,공학계열,4293000.0
2020,국립순천대학교,예체능계열,4405600.0
2020,국립순천대학교,인문사회계열,3362666.6666666665
2020,국립순천대학교,자연과학계열,4124090.909090909
2020,국립창원대학교,공학계열,4382916.666666667
2020,국립창원대학교,예체능계열,4268666.666666667
2020,국립창원대학교,인문사회계열,3395615.3846153845
2020,국립창원대학교,자연과학계열,4041000.0
2020,국립한국교통대학교,공학계열,4258918.918918919
2020,국립한국교통대학교,예체능계열,4202500.0
2020,국립한국교통대학교,인문사회계열,3656666.6666666665
2020,국립한국교통대학교,자연과학계열,4213333.333333333
2020,국립한국해양대학교,공학계열,3969200.0
2020,국립한국해양대학교,예체능계열,3994000.0
2020,국립한국해양대학교,인문사회계열,3296750.0
2020,국립한국해양대학교,자연과학계열,3994000.0
2020,국립한밭대학교,공학계열,4649836.529411765
2020,국립한밭대학교,예체능계열,4455487.5
2020,국립한밭대학교,인문사회계열,3828035.5
2020,국립한밭대학교,자연과학계열,4642897.0
2020,국민대학교,공학계열,9008250.0
2020,국민대학교,예체능계열,9046933.333333334
2020,국민대학교,인문사회계열,7167478.260869565
2020,국민대학교,자연과학계열,8220250.0
2020,극동대학교,공학계열,8295000.0
2020,극동대학교,예체능계열,8108200.0
2020,극동대학교,인문사회계열,6590909.090909091
2020,극동대학교,자연과학계열,7826333.333333333
2020,금강대학교,인문사회계열,6700500.0
2020,김천대학교,공학계열,7376250.0
2020,김천대학교,예체능계열,7411000.0
2020,김천대학교,인문사회계열,6725000.0
2020,김천대학교,자연과학계열,7298071.428571428
2020,나사렛대학교,공학계열,7950000.0
2020,나사렛대학교,예체능계열,8325000.0
2020,나사렛대학교,인문사회계열,7112727.2727272725
2020,나사렛대학교,자연과학계열,8450000.0
2020,남부대학교,공학계열,7119542.857142857
2020,남부대학교,예체능계열,7278400.0
2020,남부대학교,인문사회계열,5975828.571428572
2020,남부대학교,자연과학계열,6661745.454545454
2020,남서울대학교,공학계열,8492000.0
2020,남서울대학교,예체능계열,8752333.333333334
2020,남서울대학교,인문사회계열,7267250.0
2020,남서울대학교,자연과학계열,8785142.857142856
2020,단국대학교,공학계열,9244625.0
2020,단국대학교,예체능계열,9343833.333333334
2020,단국대학교,인문사회계열,7603047.619047619
2020,단국대학교,자연과학계열,8840000.0
2020,단국대학교 _제2캠퍼스,공학계열,9064000.0
2020,단국대학교 _제2캠퍼스,예체능계열,8816750.0
2020,단국대학교 _제2캠퍼스,의학계열,10322000.0
2020,단국대학교 _제2캠퍼스,인문사회계열,6980000.0
2020,단국대학교 _제2캠퍼스,자연과학계열,9053391.304347826
2020,대구가톨릭대학교,공학계열,8143904.761904762
2020,대구가톨릭대학교,예체능계열,8811166.666666666
2020,대구가톨릭대학교,의학계열,9610000.0
2020,대구가톨릭대학교,인문사회계열,6040301.615384615
2020,대구가톨릭대학교,자연과학계열,8227130.434782608
2020,대구경북과학기술원,자연과학계열,7000000.0
2020,대구교육대학교,인문사회계열,3604000.0
2020,대구대학교,공학계열,8270888.888888889
2020,대구대학교,예체능계열,8554444.444444444
2020,대구대학교,인문사회계열,6044623.928571428
2020,대구대학교,자연과학계열,7699076.923076923
2020,대구예술대학교,예체능계열,8591537.647058824
2020,대구예술대학교,자연과학계열,7282000.0
2020,대구한의대학교,공학계열,7881333.333333333
2020,대구한의대학교,예체능계열,7439200.0
2020,대구한의대학교,의학계열,9260000.0
2020,대구한의대학교,인문사회계열,5987384.615384615
2020,대구한의대학교,자연과학계열,7716266.666666667
2020,대신대학교,예체능계열,7436000.0
2020,대신대학교,인문사회계열,6130000.0
2020,대전가톨릭대학교,인문사회계열,5960000.0
2020,대전대학교,공학계열,8121538.461538462
2020,대전대학교,예체능계열,7920666.666666667
2020,대전대학교,의학계열,9350000.0
2020,대전대학교,인문사회계열,6881083.333333333
2020,대전대학교,자연과학계열,7846000.0
2020,대전신학대학교,인문사회계열,6161925.0
2020,대진대학교,공학계열,8400562.5
2020,대진대학교,예체능계열,8529000.0
2020,대진대학교,인문사회계열,6500954.545454546
2020,대진대학교,자연과학계열,7815800.0
2020,덕성여자대학교,공학계열,8313000.0
2020,덕성여자대학교,예체능계열,8542875.0
2020,덕성여자대학교,인문사회계열,6102053.391304348
2020,덕성여자대학교,자연과학계열,7679750.0
2020,동국대학교,공학계열,9472933.333333334
2020,동국대학교,예체능계열,9414500.0
2020,동국대학교,인문사회계열,7363600.0
2020,동국대학교,자연과학계열,8885777.777777778
2020,동국대학교(WISE) _분교,공학계열,9267292.307692308
2020,동국대학교(WISE) _분교,예체능계열,9239133.333333334
2020,동국대학교(WISE) _분교,의학계열,10368000.0
2020,동국대학교(WISE) _분교,인문사회계열,7277085.714285715
2020,동국대학교(WISE) _분교,자연과학계열,8784016.666666666
2020,동덕여자대학교,공학계열,7849000.0
2020,동덕여자대학교,예체능계열,9015285.714285715
2020,동덕여자대학교,인문사회계열,6333000.0
2020,동덕여자대학교,자연과학계열,8000285.714285715
2020,동명대학교,공학계열,7862666.666666667
2020,동명대학교,예체능계열,7153466.666666667
2020,동명대학교,인문사회계열,6056903.857142857
2020,동명대학교,자연과학계열,7861675.0
2020,동서대학교,공학계열,7682280.0
2020,동서대학교,예체능계열,7294076.923076923
2020,동서대학교,인문사회계열,5950500.0
2020,동서대학교,자연과학계열,7776857.142857143
2020,동신대학교,공학계열,7367866.666666667
2020,동신대학교,예체능계열,7210000.0
2020,동신대학교,의학계열,8520000.0
2020,동신대학교,인문사회계열,5969200.0
2020,동신대학교,자연과학계열,7101666.666666667
2020,동아대학교,공학계열,7942304.0
2020,동아대학교,예체능계열,8056431.111111111
2020,동아대학교,의학계열,9734000.0
2020,동아대학교,인문사회계열,6100727.142857143
2020,동아대학교,자연과학계열,7218155.0
2020,동양대학교,공학계열,7712266.666666667
2020,동양대학교,예체능계열,8149500.0
2020,동양대학교,인문사회계열,5921636.363636363
2020,동양대학교,자연과학계열,7742000.0
2020,동의대학교,공학계열,7483789.47368421
2020,동의대학교,예체능계열,7099000.0
2020,동의대학교,의학계열,8082000.0
2020,동의대학교,인문사회계열,5538571.428571428
2020,동의대학교,자연과학계열,6771818.181818182
2020,루터대학교,인문사회계열,6576000.0
2020,명지대학교,공학계열,9582900.0
2020,명지대학교,예체능계열,9792850.0
2020,명지대학교,인문사회계열,9551000.0
2020,명지대학교,자연과학계열,8697000.0
2020,명지대학교 _제2캠퍼스,공학계열,9551000.0
2020,명지대학교 _제2캠퍼스,예체능계열,7211000.0
2020,명지대학교 _제2캠퍼스,인문사회계열,7185937.5
2020,목원대학교,공학계열,8238285.714285715
2020,목원대학교,예체능계열,8274222.222222222
2020,목원대학교,인문사회계열,6658857.142857143
2020,목원대학교,자연과학계열,7373750.0
2020,목포가톨릭대학교,인문사회계열,5835000.0
2020,목포가톨릭대학교,자연과학계열,7004000.0
2020,배재대학교,공학계열,8102666.666666667
2020,배재대학교,예체능계열,8111000.0
2020,배재대학교,인문사회계열,6523333.333333333
2020,배재대학교,자연과학계열,7283062.5
2020,백석대학교,공학계열,8506000.0
2020,백석대학교,예체능계열,9247000.0
2020,백석대학교,인문사회계열,7252000.0
2020,백석대학교,자연과학계열,8652000.0
2020,부산가톨릭대학교,공학계열,7813000.0
2020,부산가톨릭대학교,인문사회계열,6054063.5
2020,부산가톨릭대학교,자연과학계열,7186245.1
2020,부산교육대학교,인문사회계열,3024000.0
2020,부산대학교,공학계열,4710666.666666667
2020,부산대학교,예체능계열,4683333.333333333
2020,부산대학교,의학계열,10100000.0
2020,부산대학교,인문사회계열,3485473.6842105263
2020,부산대학교,자연과학계열,4532592.592592592
2020,부산외국어대학교,공학계열,7891600.0
2020,부산외국어대학교,예체능계열,6882000.0
2020,부산외국어대학교,인문사회계열,6069367.707317073
2020,부산장신대학교,인문사회계열,5903670.25
2020,삼육대학교,공학계열,8681500.0
2020,삼육대학교,예체능계열,9124666.666666666
2020,삼육대학교,인문사회계열,7272363.636363637
2020,삼육대학교,자연과학계열,8458250.0
2020,상명대학교,공학계열,8795733.333333334
2020,상명대학교,예체능계열,9216800.0
2020,상명대학교,인문사회계열,7136368.421052632
2020,상명대학교,자연과학계열,8209833.333333333
2020,상명대학교 _제2캠퍼스,공학계열,8833000.0
2020,상명대학교 _제2캠퍼스,예체능계열,8772473.684210526
2020,상명대학교 _제2캠퍼스,인문사회계열,7421000.0
2020,상명대학교 _제2캠퍼스,자연과학계열,8558000.0
2020,상지대학교,공학계열,8345363.636363637
2020,상지대학교,예체능계열,7980900.0
2020,상지대학교,의학계열,9654000.0
2020,상지대학교,인문사회계열,6783241.379310345
2020,상지대학교,자연과학계열,7733526.315789473
2020,서강대학교,공학계열,9715200.0
2020,서강대학교,인문사회계열,7556769.230769231
2020,서강대학교,자연과학계열,8937000.0
2020,서경대학교,공학계열,8543888.888888888
2020,서경대학교,예체능계열,9116352.94117647
2020,서경대학교,인문사회계열,6913000.0
2020,서경대학교,자연과학계열,8785000.0
2020,서울과학기술대학교,공학계열,5430040.947368421
2020,서울과학기술대학교,예체능계열,5618420.0
2020,서울과학기술대학교,인문사회계열,4774923.8
2020,서울과학기술대학교,자연과학계열,5540420.0
2020,서울교육대학교,인문사회계열,3088000.0
2020,서울기독대학교,예체능계열,8441074.0
2020,서울기독대학교,인문사회계열,6585807.75
2020,서울대학교,공학계열,5989866.666666667
2020,서울대학교,예체능계열,7517125.0
2020,서울대학교,의학계열,9683000.0
2020,서울대학교,인문사회계열,4996366.625
2020,서울대학교,자연과학계열,6255166.666666667
2020,서울시립대학교,공학계열,2701000.0
2020,서울시립대학교,예체능계열,2934750.0
2020,서울시립대학교,인문사회계열,2044000.0
2020,서울시립대학교,자연과학계열,2431500.0
2020,서울신학대학교,예체능계열,8677314.0
2020,서울신학대학교,인문사회계열,6920888.777777778
2020,서울여자대학교,공학계열,8608000.0
2020,서울여자대학교,예체능계열,9695600.0
2020,서울여자대학교,인문사회계열,7249714.285714285
2020,서울여자대학교,자연과학계열,8409222.222222222
2020,서울장신대학교,예체능계열,10010000.0
2020,서울장신대학교,인문사회계열,7352000.0
2020,서울한영대학교,예체능계열,8618500.0
2020,서울한영대학교,인문사회계열,6940104.6
2020,서원대학교,공학계열,7978291.6
2020,서원대학교,예체능계열,7707713.666666667
2020,서원대학교,인문사회계열,6166394.76
2020,서원대학교,자연과학계열,7528166.625
2020,선문대학교,공학계열,8435411.764705881
2020,선문대학교,예체능계열,7906000.0
2020,선문대학교,인문사회계열,6904363.636363637
2020,선문대학교,자연과학계열,8174000.0
2020,성결대학교,공학계열,8349555.555555556
2020,성결대학교,예체능계열,9180666.666666666
2020,성결대학교,인문사회계열,6723875.0
2020,성공회대학교,공학계열,7695883.333333333
2020,성공회대학교,인문사회계열,6907263.636363637
2020,성균관대학교,공학계열,9231428.57142857
2020,성균관대학교,예체능계열,9428000.0
2020,성균관대학교,의학계열,11338000.0
2020,성균관대학교,인문사회계열,7441866.666666667
2020,성균관대학교,자연과학계열,8795166.666666666
2020,성신여자대학교,공학계열,8453428.57142857
2020,성신여자대학교,예체능계열,9880769.23076923
2020,성신여자대학교,인문사회계열,7219333.333333333
2020,성신여자대학교,자연과학계열,8443750.0
2020,세명대학교,공학계열,7849000.0
2020,세명대학교,예체능계열,7779000.0
2020,세명대학교,의학계열,8866000.0
2020,세명대학교,인문사회계열,6257000.0
2020,세명대학교,자연과학계열,7599222.222222222
2020,세종대학교,공학계열,8852000.0
2020,세종대학교,예체능계열,8930333.333333334
2020,세종대학교,인문사회계열,6502150.0
2020,세종대학교,자연과학계열,7548666.666666667
2020,세한대학교,공학계열,7840500.0
2020,세한대학교,예체능계열,7061272.7272727275
2020,세한대학교,인문사회계열,6146151.230769231
2020,세한대학교,자연과학계열,6626000.0
2020,송원대학교,공학계열,7055555.555555556
2020,송원대학교,예체능계열,6925000.0
2020,송원대학교,인문사회계열,5937500.0
2020,송원대학교,자연과학계열,6733333.333333333
2020,수원가톨릭대학교,인문사회계열,5097000.0
2020,수원대학교,공학계열,8044000.0
2020,수원대학교,예체능계열,8355375.0
2020,수원대학교,인문사회계열,6299800.0
2020,수원대학교,자연과학계열,7411428.571428572
2020,숙명여자대학교,공학계열,9666000.0
2020,숙명여자대학교,예체능계열,10058181.818181818
2020,숙명여자대학교,인문사회계열,7519520.0
2020,숙명여자대학교,자연과학계열,8981428.57142857
2020,순복음총회신학교,예체능계열,7500000.0
2020,순복음총회신학교,인문사회계열,5808802.75
2020,순천향대학교,공학계열,8722000.0
2020,순천향대학교,예체능계열,8192500.0
2020,순천향대학교,의학계열,10040000.0
2020,순천향대학교,인문사회계열,7437700.0
2020,순천향대학교,자연과학계열,8381600.0
2020,숭실대학교,공학계열,9228411.764705881
2020,숭실대학교,예체능계열,9414000.0
2020,숭실대학교,인문사회계열,7508000.0
2020,숭실대학교,자연과학계열,8344800.0
2020,신경주대학교,공학계열,7907200.0
2020,신경주대학교,예체능계열,8392200.0
2020,신경주대학교,인문사회계열,6632000.0
2020,신경주대학교,자연과학계열,6972000.0
2020,신라대학교,공학계열,8016866.666666667
2020,신라대학교,예체능계열,7660500.0
2020,신라대학교,인문사회계열,5873000.0
2020,신라대학교,자연과학계열,7231500.0
2020,신한대학교,공학계열,10203360.0
2020,신한대학교,인문사회계열,8003360.0
2020,신한대학교,자연과학계열,9603360.0
2020,신한대학교 _제2캠퍼스,공학계열,9951680.0
2020,신한대학교 _제2캠퍼스,예체능계열,10103360.0
2020,신한대학교 _제2캠퍼스,인문사회계열,7940440.0
2020,신한대학교 _제2캠퍼스,자연과학계열,9603360.0
2020,아신대학교,인문사회계열,6676000.0
2020,아주대학교,공학계열,9320000.0
2020,아주대학교,예체능계열,7216000.0
2020,아주대학교,의학계열,10964000.0
2020,아주대학교,인문사회계열,7411571.428571428
2020,아주대학교,자연과학계열,8790000.0
2020,안양대학교,공학계열,8706909.090909092
2020,안양대학교,예체능계열,8867000.0
2020,안양대학교,인문사회계열,7058181.818181818
2020,안양대학교,자연과학계열,8477000.0
2020,안양대학교 _제2캠퍼스,공학계열,8831000.0
2020,안양대학교 _제2캠퍼스,인문사회계열,7089000.0
2020,연세대학교,공학계열,10491000.0
2020,연세대학교,예체능계열,10322142.857142856
2020,연세대학교,의학계열,12104000.0
2020,연세대학교,인문사회계열,8774576.923076924
2020,연세대학교,자연과학계열,9651333.333333334
2020,연세대학교(미래) _분교,공학계열,9835000.0
2020,연세대학교(미래) _분교,예체능계열,8735000.0
2020,연세대학교(미래) _분교,의학계열,12104000.0
2020,연세대학교(미래) _분교,인문사회계열,7745230.769230769
2020,연세대학교(미래) _분교,자연과학계열,8630388.888888888
2020,영남대학교,공학계열,8434800.0
2020,영남대학교,예체능계열,9137200.0
2020,영남대학교,의학계열,10662000.0
2020,영남대학교,인문사회계열,6110800.0
2020,영남대학교,자연과학계열,8545266.666666666
2020,영남신학대학교,인문사회계열,6290000.0
2020,영산대학교,공학계열,7404231.578947368
2020,영산대학교,예체능계열,6671200.0
2020,영산대학교,인문사회계열,5869955.75
2020,영산대학교,자연과학계열,7413600.0
2020,영산대학교 _제2캠퍼스,공학계열,7358000.0
2020,영산대학교 _제2캠퍼스,예체능계열,7030640.0
2020,영산대학교 _제2캠퍼스,인문사회계열,5557883.870967742
2020,영산대학교 _제2캠퍼스,자연과학계열,6728733.333333333
2020,영산선학대학교,인문사회계열,2000000.0
2020,예수대학교,인문사회계열,5293600.0
2020,예수대학교,자연과학계열,7133600.0
2020,예원예술대학교,예체능계열,8148636.363636363
2020,예원예술대학교 _제2캠퍼스,예체능계열,8478888.888888888
2020,용인대학교,예체능계열,8430263.157894736
2020,용인대학교,인문사회계열,7345272.7272727275
2020,용인대학교,자연과학계열,8077000.0
2020,우석대학교,공학계열,7891320.0
2020,우석대학교,예체능계열,7507400.0
2020,우석대학교,의학계열,9256000.0
2020,우석대학교,인문사회계열,6163155.647058823
2020,우석대학교,자연과학계열,7434597.916666667
2020,우송대학교,공학계열,7461499.545454546
2020,우송대학교,예체능계열,7667533.0
2020,우송대학교,인문사회계열,7014827.647058823
2020,우송대학교,자연과학계열,7643395.777777778
2020,울산과학기술원,공학계열,6288000.0
2020,울산과학기술원,인문사회계열,5629333.333333333
2020,울산과학기술원,자연과학계열,6288000.0
2020,울산대학교,공학계열,8457400.0
2020,울산대학교,예체능계열,8817115.384615384
2020,울산대학교,의학계열,10918000.0
2020,울산대학교,인문사회계열,6083421.052631579
2020,울산대학교,자연과학계열,7907222.222222222
2020,원광대학교,공학계열,8163347.826086956
2020,원광대학교,예체능계열,7772000.0
2020,원광대학교,의학계열,9750000.0
2020,원광대학교,인문사회계열,6346333.333333333
2020,원광대학교,자연과학계열,7884050.0
2020,위덕대학교,공학계열,8193500.0
2020,위덕대학교,예체능계열,8702000.0
2020,위덕대학교,인문사회계열,6654307.692307692
2020,위덕대학교,자연과학계열,8207200.0
2020,유원대학교,공학계열,8059520.0
2020,유원대학교,예체능계열,8079466.666666667
2020,유원대학교,인문사회계열,6449600.0
2020,유원대학교,자연과학계열,8029600.0
2020,을지대학교,의학계열,10320500.0
2020,을지대학교,자연과학계열,9477333.333333334
2020,을지대학교 _제2캠퍼스,공학계열,9166583.5
2020,을지대학교 _제2캠퍼스,예체능계열,9067250.0
2020,을지대학교 _제2캠퍼스,인문사회계열,8086333.4
2020,을지대학교 _제2캠퍼스,자연과학계열,8926683.181818182
2020,이화여자대학교,공학계열,9895200.0
2020,이화여자대학교,예체능계열,10247235.294117646
2020,이화여자대학교,의학계열,12896000.0
2020,이화여자대학교,인문사회계열,7943106.242424242
2020,이화여자대학교,자연과학계열,9318337.5
2020,인제대학교,공학계열,7832125.05882353
2020,인제대학교,예체능계열,7810250.0
2020,인제대학교,의학계열,9958000.0
2020,인제대학교,인문사회계열,5838096.0
2020,인제대학교,자연과학계열,7610772.7272727275
2020,인천가톨릭대학교,인문사회계열,5363000.0
2020,인천가톨릭대학교 _제2캠퍼스,예체능계열,8335714.285714285
2020,인천가톨릭대학교 _제2캠퍼스,인문사회계열,8590000.0
2020,인천가톨릭대학교 _제2캠퍼스,자연과학계열,8846000.0
2020,인천대학교,공학계열,5148000.0
2020,인천대학교,예체능계열,4808250.0
2020,인천대학교,인문사회계열,4109928.5714285714
2020,인천대학교,자연과학계열,4484187.5
2020,인하대학교,공학계열,8783952.38095238
2020,인하대학교,예체능계열,8484833.333333334
2020,인하대학교,의학계열,10550000.0
2020,인하대학교,인문사회계열,7053307.692307692
2020,인하대학교,자연과학계열,8566818.181818182
2020,장로회신학대학교,예체능계열,8788500.0
2020,장로회신학대학교,인문사회계열,6194500.0
2020,전남대학교,공학계열,4359882.352941177
2020,전남대학교,예체능계열,4500333.333333333
2020,전남대학교,의학계열,5874000.0
2020,전남대학교,인문사회계열,3457071.4285714286
2020,전남대학교,자연과학계열,4233636.363636363
2020,전남대학교 _제2캠퍼스,공학계열,4348727.2727272725
2020,전남대학교 _제2캠퍼스,인문사회계열,3585111.111111111
2020,전남대학교 _제2캠퍼스,자연과학계열,4100000.0
2020,전북대학교,공학계열,4562358.974358974
2020,전북대학교,예체능계열,4599428.571428572
2020,전북대학교,의학계열,8216666.666666667
2020,전북대학교,인문사회계열,3322000.0
2020,전북대학교,자연과학계열,4409277.777777778
2020,전주교육대학교,인문사회계열,3272000.0
2020,전주대학교,공학계열,8118000.0
2020,전주대학교,예체능계열,7798000.0
2020,전주대학교,인문사회계열,6462444.444444444
2020,전주대학교,자연과학계열,7460857.142857143
2020,정석대학,공학계열,0.0
2020,정석대학,인문사회계열,0.0
2020,제주국제대학교,공학계열,6287053.777777778
2020,제주국제대학교,예체능계열,6136363.636363637
2020,제주국제대학교,인문사회계열,5793330.041666667
2020,제주국제대학교,자연과학계열,6196500.0
2020,제주대학교,공학계열,4335569.4
2020,제주대학교,예체능계열,4208562.8
2020,제주대학교,의학계열,5602000.0
2020,제주대학교,인문사회계열,3281790.1071428573
2020,제주대학교,자연과학계열,4351790.0
2020,조선대학교,공학계열,7818374.193548387
2020,조선대학교,예체능계열,7581852.631578947
2020,조선대학교,의학계열,10680000.0
2020,조선대학교,인문사회계열,6032193.939393939
2020,조선대학교,자연과학계열,7529700.0
2020,중부대학교,공학계열,7765857.142857143
2020,중부대학교,예체능계열,7967363.636363637
2020,중부대학교,인문사회계열,6713047.619047619
2020,중부대학교,자연과학계열,7375500.0
2020,중앙대학교,공학계열,9453272.727272727
2020,중앙대학교,예체능계열,9069000.0
2020,중앙대학교,인문사회계열,7322000.0
2020,중앙대학교,자연과학계열,9280250.0
2020,중앙대학교 _제2캠퍼스,공학계열,8997000.0
2020,중앙대학교 _제2캠퍼스,예체능계열,9588736.842105264
2020,중앙대학교 _제2캠퍼스,자연과학계열,8448000.0
2020,중앙승가대학교,인문사회계열,1844000.0
2020,중원대학교,공학계열,8011777.777777778
2020,중원대학교,예체능계열,7653833.333333333
2020,중원대학교,인문사회계열,6324800.0
2020,중원대학교,자연과학계열,7959500.0
2020,진주교육대학교,인문사회계열,3445606.25
2020,차의과학대학교,인문사회계열,7338000.0
2020,차의과학대학교,자연과학계열,7748333.333333333
2020,창신대학교,공학계열,7693333.333333333
2020,창신대학교,예체능계열,7114000.0
2020,창신대학교,인문사회계열,5733333.333333333
2020,창신대학교,자연과학계열,6830000.0
2020,청운대학교,공학계열,7827555.555555556
2020,청운대학교,예체능계열,8008888.888888889
2020,청운대학교,인문사회계열,6791200.0
2020,청운대학교,자연과학계열,7896000.0
2020,청주교육대학교,인문사회계열,3230000.0
2020,청주대학교,공학계열,8404971.42857143
2020,청주대학교,예체능계열,8385263.157894737
2020,청주대학교,인문사회계열,6920285.714285715
2020,청주대학교,자연과학계열,8053733.333333333
2020,초당대학교,공학계열,7467000.0
2020,초당대학교,예체능계열,6717333.333333333
2020,초당대학교,인문사회계열,5657818.181818182
2020,초당대학교,자연과학계열,6824000.0
2020,총신대학교,예체능계열,9207378.0
2020,총신대학교,인문사회계열,7018618.625
2020,추계예술대학교,예체능계열,9632538.125
2020,추계예술대학교,인문사회계열,7281035.333333333
2020,춘천교육대학교,인문사회계열,3185002.6666666665
2020,충남대학교,공학계열,4844000.0
2020,충남대학교,예체능계열,4635555.555555556
2020,충남대학교,의학계열,7623000.0
2020,충남대학교,인문사회계열,3384064.5161290322
2020,충남대학교,자연과학계열,4222650.0
2020,충북대학교,공학계열,4624000.0
2020,충북대학교,예체능계열,4437833.333333333
2020,충북대학교,의학계열,7445000.0
2020,충북대학교,인문사회계열,3520107.1428571427
2020,충북대학교,자연과학계열,4404637.931034483
2020,칼빈대학교,예체능계열,8388265.5
2020,칼빈대학교,인문사회계열,7405618.0
2020,평택대학교,공학계열,8366800.0
2020,평택대학교,예체능계열,9148800.0
2020,평택대학교,인문사회계열,7097090.909090909
2020,평택대학교,자연과학계열,8276800.0
2020,포항공과대학교,공학계열,5647250.0
2020,포항공과대학교,자연과학계열,5580000.0
2020,한경국립대학교,공학계열,4176171.3684210526
2020,한경국립대학교,예체능계열,4209173.333333333
2020,한경국립대학교,인문사회계열,3649990.0
2020,한경국립대학교,자연과학계열,3967440.0
2020,한국공학대학교,공학계열,9420000.0
2020,한국공학대학교,예체능계열,9420000.0
2020,한국공학대학교,인문사회계열,8606666.666666666
2020,한국과학기술원,공학계열,6866000.0
2020,한국과학기술원,인문사회계열,6866000.0
2020,한국과학기술원,자연과학계열,6866000.0
2020,한국교원대학교,공학계열,3600000.0
2020,한국교원대학교,예체능계열,3801333.3333333335
2020,한국교원대학교,인문사회계열,2874000.0
2020,한국교원대학교,자연과학계열,3509250.0
2020,한국국제대학교 (폐교),공학계열,7031666.666666667
2020,한국국제대학교 (폐교),예체능계열,7076000.0
2020,한국국제대학교 (폐교),인문사회계열,5790000.0
2020,한국국제대학교 (폐교),자연과학계열,6686250.0
2020,한국기술교육대학교,공학계열,4727500.0
2020,한국기술교육대학교,인문사회계열,3303000.0
2020,한국방송통신대학교,공학계열,1458157.0
2020,한국방송통신대학교,인문사회계열,779180.6315789474
2020,한국방송통신대학교,자연과학계열,731600.0
2020,한국성서대학교,공학계열,7680000.0
2020,한국성서대학교,인문사회계열,6900000.0
2020,한국성서대학교,자연과학계열,8120000.0
2020,한국예술종합학교,공학계열,4773200.0
2020,한국예술종합학교,예체능계열,4808000.0
2020,한국예술종합학교,인문사회계열,4808000.0
2020,한국외국어대학교,공학계열,8807000.0
2020,한국외국어대학교,인문사회계열,7307635.294117647
2020,한국외국어대학교,자연과학계열,8229000.0
2020,한국전통문화대학교,공학계열,3499500.0
2020,한국전통문화대학교,예체능계열,3419000.0
2020,한국전통문화대학교,인문사회계열,2794833.3333333335
2020,한국전통문화대학교,자연과학계열,3631000.0
2020,한국체육대학교,예체능계열,4111800.0
2020,한국침례신학대학교,예체능계열,7894400.0
2020,한국침례신학대학교,인문사회계열,5961101.5
2020,한국항공대학교,공학계열,9320034.25
2020,한국항공대학교,인문사회계열,7296546.0
2020,한국항공대학교,자연과학계열,8874122.666666666
2020,한남대학교,공학계열,8473834.5
2020,한남대학교,예체능계열,8230060.0
2020,한남대학교,인문사회계열,6699085.294117647
2020,한남대학교,자연과학계열,7756386.571428572
2020,한동대학교,공학계열,7503714.285714285
2020,한동대학교,인문사회계열,6330000.0
2020,한동대학교,자연과학계열,7748000.0
2020,한라대학교,공학계열,7922000.0
2020,한라대학교,예체능계열,7978000.0
2020,한라대학교,인문사회계열,6140000.0
2020,한려대학교 (폐교),공학계열,6365266.666666667
2020,한려대학교 (폐교),예체능계열,6397900.0
2020,한려대학교 (폐교),인문사회계열,5390900.0
2020,한려대학교 (폐교),자연과학계열,6490314.285714285
2020,한림대학교,공학계열,8439554.285714285
2020,한림대학교,예체능계열,8539880.0
2020,한림대학교,의학계열,10294000.0
2020,한림대학교,인문사회계열,7022584.233333333
2020,한림대학교,자연과학계열,8195230.588235294
2020,한서대학교,공학계열,8540600.0
2020,한서대학교,예체능계열,8117846.153846154
2020,한서대학교,인문사회계열,7042666.666666667
2020,한서대학교,자연과학계열,7956533.333333333
2020,한성대학교,공학계열,8615200.0
2020,한성대학교,예체능계열,8842400.0
2020,한성대학교,인문사회계열,6999232.714285715
2020,한세대학교,공학계열,9319000.0
2020,한세대학교,예체능계열,9971000.0
2020,한세대학교,인문사회계열,7598600.0
2020,한세대학교,자연과학계열,8717000.0
2020,한신대학교,공학계열,8559666.666666666
2020,한신대학교,예체능계열,8281000.0
2020,한신대학교,인문사회계열,7229545.454545454
2020,한신대학교,자연과학계열,7719333.333333333
2020,한양대학교,공학계열,9847052.631578946
2020,한양대학교,예체능계열,10129400.0
2020,한양대학교,의학계열,10822000.0
2020,한양대학교,인문사회계열,7693523.80952381
2020,한양대학교,자연과학계열,8871800.0
2020,한양대학교(ERICA) _분교,공학계열,9458272.727272727
2020,한양대학교(ERICA) _분교,예체능계열,9396166.666666666
2020,한양대학교(ERICA) _분교,인문사회계열,7464533.333333333
2020,한양대학교(ERICA) _분교,자연과학계열,9217000.0
2020,한일장신대학교,예체능계열,7279000.0
2020,한일장신대학교,인문사회계열,5832000.0
2020,한일장신대학교,자연과학계열,7208000.0
2020,협성대학교,공학계열,8888000.0
2020,협성대학교,예체능계열,8888000.0
2020,협성대학교,인문사회계열,6906000.0
2020,협성대학교,자연과학계열,8780000.0
2020,호남대학교,공학계열,7063200.0
2020,호남대학교,예체능계열,6952400.0
2020,호남대학교,인문사회계열,6058111.111111111
2020,호남대학교,자연과학계열,6914181.818181818
2020,호남신학대학교,예체능계열,8135200.0
2020,호남신학대학교,인문사회계열,5965683.5
2020,호서대학교,공학계열,8493777.777777778
2020,호서대학교,예체능계열,8312235.294117647
2020,호서대학교,인문사회계열,7050909.090909091
2020,호서대학교,자연과학계열,7904909.090909091
2020,호원대학교,공학계열,7157092.25
2020,호원대학교,예체능계열,7315867.818181818
2020,호원대학교,인문사회계열,5483102.461538462
2020,호원대학교,자연과학계열,7224381.111111111
2020,홍익대학교,공학계열,9409430.909090908
2020,홍익대학교,예체능계열,9737800.0
2020,홍익대학교,인문사회계열,7365800.0
2020,홍익대학교,자연과학계열,7365800.0
2020,홍익대학교 _제2캠퍼스,공학계열,9403695.8
2020,홍익대학교 _제2캠퍼스,예체능계열,9415500.0
2020,홍익대학교 _제2캠퍼스,인문사회계열,7365800.0
2020,화성의과학대학교,공학계열,7116000.0
2020,화성의과학대학교,예체능계열,7699000.0
2020,화성의과학대학교,인문사회계열,6934000.0
2020,화성의과학대학교,자연과학계열,7984500.0
2021,가야대학교(김해),예체능계열,7132000.0
2021,가야대학교(김해),인문사회계열,6034000.0
2021,가야대학교(김해),자연과학계열,7212666.666666667
2021,가천대학교,공학계열,9271692.307692308
2021,가천대학교,예체능계열,9149666.666666666
2021,가천대학교,의학계열,9768000.0
2021,가천대학교,인문사회계열,7401615.384615385
2021,가천대학교,자연과학계열,8727500.0
2021,가톨릭관동대학교,공학계열,8276348.166666667
2021,가톨릭관동대학교,예체능계열,8328078.916666667
2021,가톨릭관동대학교,의학계열,9850000.0
2021,가톨릭관동대학교,인문사회계열,6263471.966666667
2021,가톨릭관동대학교,자연과학계열,7405303.181818182
2021,가톨릭꽃동네대학교,인문사회계열,6618000.0
2021,가톨릭꽃동네대학교,자연과학계열,7796000.0
2021,가톨릭대학교,공학계열,8600600.0
2021,가톨릭대학교,예체능계열,8878600.0
2021,가톨릭대학교,인문사회계열,6476075.0
2021,가톨릭대학교,자연과학계열,7753140.0
2021,가톨릭대학교 _제2캠퍼스,의학계열,10374000.0
2021,가톨릭대학교 _제2캠퍼스,자연과학계열,9000600.0
2021,가톨릭대학교 _제3캠퍼스,인문사회계열,6438600.0
2021,감리교신학대학교,인문사회계열,6308650.25
2021,강남대학교,공학계열,8745000.0
2021,강남대학교,예체능계열,8940142.857142856
2021,강남대학교,인문사회계열,7032588.235294118
2021,강서대학교,예체능계열,8189500.0
2021,강서대학교,인문사회계열,6223326.714285715
2021,강서대학교,자연과학계열,8937000.0
2021,강원대학교,공학계열,4406000.0
2021,강원대학교,예체능계열,4568363.636363637
2021,강원대학교,의학계열,5756000.0
2021,강원대학교,인문사회계열,3459257.96
2021,강원대학교,자연과학계열,4183393.9393939395
2021,강원대학교 _제2캠퍼스,공학계열,4436000.0
2021,강원대학교 _제2캠퍼스,예체능계열,4572500.0
2021,강원대학교 _제2캠퍼스,인문사회계열,3612396.5714285714
2021,강원대학교 _제2캠퍼스,자연과학계열,4200000.0
2021,건국대학교,공학계열,9335600.0
2021,건국대학교,예체능계열,9166000.0
2021,건국대학교,의학계열,10180000.0
2021,건국대학교,인문사회계열,7186000.0
2021,건국대학교,자연과학계열,8506769.23076923
2021,건국대학교(글로컬) _분교,공학계열,8919000.0
2021,건국대학교(글로컬) _분교,예체능계열,9014363.636363637
2021,건국대학교(글로컬) _분교,인문사회계열,6993000.0
2021,건국대학교(글로컬) _분교,자연과학계열,8365111.111111111
2021,건양대학교,공학계열,7366000.0
2021,건양대학교,예체능계열,6811000.0
2021,건양대학교,인문사회계열,5935555.555555556
2021,건양대학교,자연과학계열,7226000.0
2021,건양대학교 _제2캠퍼스,공학계열,7366000.0
2021,건양대학교 _제2캠퍼스,의학계열,9540000.0
2021,건양대학교 _제2캠퍼스,인문사회계열,5836000.0
2021,건양대학교 _제2캠퍼스,자연과학계열,7354888.888888889
2021,경기대학교,공학계열,8397500.0
2021,경기대학교,예체능계열,8169250.0
2021,경기대학교,인문사회계열,6516125.0
2021,경기대학교,자연과학계열,7729250.0
2021,경기대학교 _제2캠퍼스,예체능계열,8421333.333333334
2021,경기대학교 _제2캠퍼스,인문사회계열,6492600.0
2021,경기대학교 _제2캠퍼스,자연과학계열,6464000.0
2021,경남과학기술대학교 (폐교),공학계열,3981527.1052631577
2021,경남과학기술대학교 (폐교),예체능계열,4102000.0
2021,경남과학기술대학교 (폐교),인문사회계열,3467810.1818181816
2021,경남과학기술대학교 (폐교),자연과학계열,3758754.1818181816
2021,경남대학교,공학계열,7604906.666666667
2021,경남대학교,예체능계열,7533600.0
2021,경남대학교,인문사회계열,5777923.076923077
2021,경남대학교,자연과학계열,6570430.583333333
2021,경동대학교,인문사회계열,6401053.875
2021,경동대학교,자연과학계열,8061500.0
2021,경동대학교 _제3캠퍼스,인문사회계열,6959162.6
2021,경동대학교 _제3캠퍼스,자연과학계열,8626450.125
2021,경동대학교 _제4캠퍼스,공학계열,8390302.0
2021,경동대학교 _제4캠퍼스,예체능계열,8578796.0
2021,경동대학교 _제4캠퍼스,인문사회계열,6769931.9
2021,경동대학교 _제4캠퍼스,자연과학계열,8323133.5
2021,경북대학교,공학계열,4654000.0
2021,경북대학교,예체능계열,4682571.428571428
2021,경북대학교,의학계열,7772000.0
2021,경북대학교,인문사회계열,3637717.9487179485
2021,경북대학교,자연과학계열,4478098.039215687
2021,경상국립대학교,공학계열,4330000.0
2021,경상국립대학교,예체능계열,4152000.0
2021,경상국립대학교,의학계열,7894000.0
2021,경상국립대학교,인문사회계열,3309314.285714286
2021,경상국립대학교,자연과학계열,4169333.3333333335
2021,경성대학교,공학계열,7561478.260869565
2021,경성대학교,예체능계열,7445444.444444444
2021,경성대학교,인문사회계열,5508888.888888889
2021,경성대학교,자연과학계열,6916823.529411765
2021,경운대학교,공학계열,8249000.0
2021,경운대학교,예체능계열,8090000.0
2021,경운대학교,인문사회계열,6383750.0
2021,경운대학교,자연과학계열,7950000.0
2021,경인교육대학교,인문사회계열,3189000.0
2021,경일대학교,공학계열,7717368.421052632
2021,경일대학교,예체능계열,7976545.454545454
2021,경일대학교,인문사회계열,5874000.0
2021,경일대학교,자연과학계열,7772000.0
2021,경희대학교,공학계열,8820748.57142857
2021,경희대학교,예체능계열,8819986.666666666
2021,경희대학교,의학계열,11399333.333333334
2021,경희대학교,인문사회계열,6803820.0
2021,경희대학교,자연과학계열,8908827.826086957
2021,계명대학교,공학계열,8378000.0
2021,계명대학교,예체능계열,8734000.0
2021,계명대학교,의학계열,9850000.0
2021,계명대학교,인문사회계열,6178727.2727272725
2021,계명대학교,자연과학계열,8222307.692307692
2021,고려대학교,공학계열,10036000.0
2021,고려대학교,예체능계열,9442000.0
2021,고려대학교,의학계열,12414000.0
2021,고려대학교,인문사회계열,7512780.6
2021,고려대학교,자연과학계열,9061357.142857144
2021,고려대학교(세종) _분교,공학계열,10003636.363636363
2021,고려대학교(세종) _분교,예체능계열,8758000.0
2021,고려대학교(세종) _분교,인문사회계열,7428533.333333333
2021,고려대학교(세종) _분교,자연과학계열,9089333.333333334
2021,고신대학교,예체능계열,6987125.0
2021,고신대학교,의학계열,9410000.0
2021,고신대학교,인문사회계열,5796096.0
2021,고신대학교,자연과학계열,6863082.0
2021,공주교육대학교,인문사회계열,3424000.0
2021,광신대학교,예체능계열,7099666.666666667
2021,광신대학교,인문사회계열,5717200.0
2021,광운대학교,공학계열,8874000.0
2021,광운대학교,예체능계열,7677000.0
2021,광운대학교,인문사회계열,7081692.307692308
2021,광운대학교,자연과학계열,7593500.0
2021,광주가톨릭대학교,인문사회계열,0.0
2021,광주과학기술원,공학계열,2060000.0
2021,광주과학기술원,자연과학계열,2060000.0
2021,광주교육대학교,인문사회계열,3476365.230769231
2021,광주대학교,공학계열,6930571.428571428
2021,광주대학교,예체능계열,7037000.0
2021,광주대학교,인문사회계열,6118000.0
2021,광주대학교,자연과학계열,6823600.0
2021,광주여자대학교,공학계열,6533000.0
2021,광주여자대학교,예체능계열,6990442.333333333
2021,광주여자대학교,인문사회계열,5638461.857142857
2021,광주여자대학교,자연과학계열,6672841.6
2021,국립강릉원주대학교,공학계열,4548000.0
2021,국립강릉원주대학교,예체능계열,5160400.0
2021,국립강릉원주대학교,의학계열,7966000.0
2021,국립강릉원주대학교,인문사회계열,3488000.0
2021,국립강릉원주대학교,자연과학계열,4401375.0
2021,국립강릉원주대학교 _제2캠퍼스,공학계열,4616000.0
2021,국립강릉원주대학교 _제2캠퍼스,인문사회계열,3488000.0
2021,국립강릉원주대학교 _제2캠퍼스,자연과학계열,4298000.0
2021,국립경국대학교,공학계열,4140977.777777778
2021,국립경국대학교,예체능계열,4165933.3333333335
2021,국립경국대학교,인문사회계열,3257180.0
2021,국립경국대학교,자연과학계열,3778237.5
2021,국립공주대학교,공학계열,4220277.777777778
2021,국립공주대학교,예체능계열,4188823.529411765
2021,국립공주대학교,인문사회계열,3216432.4324324327
2021,국립공주대학교,자연과학계열,3863076.923076923
2021,국립군산대학교,공학계열,4238000.0
2021,국립군산대학교,예체능계열,4167500.0
2021,국립군산대학교,인문사회계열,3388888.888888889
2021,국립군산대학교,자연과학계열,3925454.5454545454
2021,국립금오공과대학교,공학계열,3792400.0
2021,국립금오공과대학교,인문사회계열,3400400.0
2021,국립금오공과대학교,자연과학계열,3536400.0
2021,국립목포대학교,공학계열,4244000.0
2021,국립목포대학교,예체능계열,4150666.6666666665
2021,국립목포대학교,인문사회계열,3457742.9655172415
2021,국립목포대학교,자연과학계열,4096235.294117647
2021,국립목포해양대학교,공학계열,3488000.0
2021,국립부경대학교,공학계열,4374247.05882353
2021,국립부경대학교,예체능계열,4259000.0
2021,국립부경대학교,인문사회계열,3463352.6315789474
2021,국립부경대학교,자연과학계열,4137588.2352941176
2021,국립순천대학교,공학계열,4278857.142857143
2021,국립순천대학교,예체능계열,4405600.0
2021,국립순천대학교,인문사회계열,3416583.3333333335
2021,국립순천대학교,자연과학계열,4093172.4137931033
2021,국립창원대학교,공학계열,4382941.176470588
2021,국립창원대학교,예체능계열,4268666.666666667
2021,국립창원대학교,인문사회계열,3397625.0
2021,국립창원대학교,자연과학계열,4041000.0
2021,국립한국교통대학교,공학계열,4248571.428571428
2021,국립한국교통대학교,예체능계열,4202500.0
2021,국립한국교통대학교,인문사회계열,3656666.6666666665
2021,국립한국교통대학교,자연과학계열,4213333.333333333
2021,국립한국해양대학교,공학계열,4021767.4418604653
2021,국립한국해양대학교,예체능계열,3994000.0
2021,국립한국해양대학교,인문사회계열,3290000.0
2021,국립한국해양대학교,자연과학계열,3994000.0
2021,국립한밭대학교,공학계열,4644819.7894736845
2021,국립한밭대학교,예체능계열,4456778.0
2021,국립한밭대학교,인문사회계열,3802046.0
2021,국립한밭대학교,자연과학계열,4640183.0
2021,국민대학교,공학계열,8831250.0
2021,국민대학교,예체능계열,8881733.333333334
2021,국민대학교,인문사회계열,7034173.9130434785
2021,국민대학교,자연과학계열,8065375.0
2021,극동대학교,공학계열,8254000.0
2021,극동대학교,예체능계열,8067200.0
2021,극동대학교,인문사회계열,6539846.153846154
2021,극동대학교,자연과학계열,7785333.333333333
2021,금강대학교,인문사회계열,6632000.0
2021,김천대학교,공학계열,7368000.0
2021,김천대학교,예체능계열,7416000.0
2021,김천대학교,인문사회계열,6706333.333333333
2021,김천대학교,자연과학계열,7230100.0
2021,나사렛대학교,공학계열,7850000.0
2021,나사렛대학교,예체능계열,8100000.0
2021,나사렛대학교,인문사회계열,6961818.181818182
2021,나사렛대학교,자연과학계열,8250000.0
2021,남부대학교,공학계열,7111600.0
2021,남부대학교,예체능계열,7167200.0
2021,남부대학교,인문사회계열,5848742.857142857
2021,남부대학교,자연과학계열,6618300.0
2021,남서울대학교,공학계열,8398181.818181818
2021,남서울대학교,예체능계열,8632333.333333334
2021,남서울대학교,인문사회계열,7153625.0
2021,남서울대학교,자연과학계열,8940000.0
2021,단국대학교,공학계열,9153375.0
2021,단국대학교,예체능계열,9256266.666666666
2021,단국대학교,인문사회계열,7380916.666666667
2021,단국대학교,자연과학계열,8694000.0
2021,단국대학교 _제2캠퍼스,공학계열,8946545.454545455
2021,단국대학교 _제2캠퍼스,예체능계열,8725500.0
2021,단국대학교 _제2캠퍼스,의학계열,10322000.0
2021,단국대학교 _제2캠퍼스,인문사회계열,6941866.666666667
2021,단국대학교 _제2캠퍼스,자연과학계열,8627777.777777778
2021,대구가톨릭대학교,공학계열,8043909.090909091
2021,대구가톨릭대학교,예체능계열,8686615.384615384
2021,대구가톨릭대학교,의학계열,9610000.0
2021,대구가톨릭대학교,인문사회계열,5903257.545454546
2021,대구가톨릭대학교,자연과학계열,8114434.782608695
2021,대구경북과학기술원,자연과학계열,7000000.0
2021,대구교육대학교,인문사회계열,3604000.0
2021,대구대학교,공학계열,8143523.80952381
2021,대구대학교,예체능계열,8418444.444444444
2021,대구대학교,인문사회계열,5930189.560975609
2021,대구대학교,자연과학계열,7583600.0
2021,대구예술대학교,예체능계열,8447611.888888888
2021,대구예술대학교,자연과학계열,7152000.0
2021,대구한의대학교,공학계열,7711333.333333333
2021,대구한의대학교,예체능계열,7425333.333333333
2021,대구한의대학교,의학계열,9260000.0
2021,대구한의대학교,인문사회계열,5816600.0
2021,대구한의대학교,자연과학계열,7487680.0
2021,대신대학교,예체능계열,7326000.0
2021,대신대학교,인문사회계열,6020000.0
2021,대전가톨릭대학교,인문사회계열,5860000.0
2021,대전대학교,공학계열,7959500.0
2021,대전대학교,예체능계열,7772571.428571428
2021,대전대학교,의학계열,9350000.0
2021,대전대학교,인문사회계열,6719520.0
2021,대전대학교,자연과학계열,7628200.0
2021,대전신학대학교,인문사회계열,6038261.0
2021,대진대학교,공학계열,8245350.0
2021,대진대학교,예체능계열,8306666.666666667
2021,대진대학교,인문사회계열,6364681.818181818
2021,대진대학교,자연과학계열,7533166.666666667
2021,덕성여자대학교,공학계열,8241300.0
2021,덕성여자대학교,예체능계열,8477992.0
2021,덕성여자대학교,인문사회계열,6061711.111111111
2021,덕성여자대학교,자연과학계열,7533833.333333333
2021,동국대학교,공학계열,9330800.0
2021,동국대학교,예체능계열,9250500.0
2021,동국대학교,인문사회계열,7260000.0
2021,동국대학교,자연과학계열,8740000.0
2021,동국대학교(WISE) _분교,공학계열,9241800.0
2021,동국대학교(WISE) _분교,예체능계열,9095733.333333334
2021,동국대학교(WISE) _분교,의학계열,10368000.0
2021,동국대학교(WISE) _분교,인문사회계열,7152933.333333333
2021,동국대학교(WISE) _분교,자연과학계열,8885955.555555556
2021,동덕여자대학교,공학계열,7644666.666666667
2021,동덕여자대학교,예체능계열,8735444.444444444
2021,동덕여자대학교,인문사회계열,6064500.0
2021,동덕여자대학교,자연과학계열,7542500.0
2021,동명대학교,공학계열,7799875.0
2021,동명대학교,예체능계열,7061800.0
2021,동명대학교,인문사회계열,5950620.545454546
2021,동명대학교,자연과학계열,7751675.0
2021,동서대학교,공학계열,7618517.24137931
2021,동서대학교,예체능계열,7141533.333333333
2021,동서대학교,인문사회계열,5863933.333333333
2021,동서대학교,자연과학계열,7636153.846153846
2021,동신대학교,공학계열,7268933.333333333
2021,동신대학교,예체능계열,7104000.0
2021,동신대학교,의학계열,8520000.0
2021,동신대학교,인문사회계열,5849066.666666667
2021,동신대학교,자연과학계열,6986833.333333333
2021,동아대학교,공학계열,7900996.521739131
2021,동아대학교,예체능계열,7929871.111111111
2021,동아대학교,의학계열,9734000.0
2021,동아대학교,인문사회계열,5943378.378378378
2021,동아대학교,자연과학계열,7025104.444444444
2021,동양대학교,공학계열,7618333.333333333
2021,동양대학교,예체능계열,7959333.333333333
2021,동양대학교,인문사회계열,5837200.0
2021,동양대학교,자연과학계열,7602000.0
2021,동의대학교,공학계열,7450162.162162162
2021,동의대학교,예체능계열,7117428.571428572
2021,동의대학교,의학계열,8082000.0
2021,동의대학교,인문사회계열,5532814.814814814
2021,동의대학교,자연과학계열,6769200.0
2021,루터대학교,인문사회계열,6438000.0
2021,명지대학교,공학계열,9496222.222222222
2021,명지대학교,예체능계열,9801384.615384616
2021,명지대학교,인문사회계열,9410000.0
2021,명지대학교,자연과학계열,8556000.0
2021,명지대학교 _제2캠퍼스,공학계열,9410000.0
2021,명지대학교 _제2캠퍼스,예체능계열,7070000.0
2021,명지대학교 _제2캠퍼스,인문사회계열,7073733.333333333
2021,목원대학교,공학계열,8073090.909090909
2021,목원대학교,예체능계열,8131172.413793104
2021,목원대학교,인문사회계열,6479687.5
2021,목원대학교,자연과학계열,7231606.090909091
2021,목포가톨릭대학교,인문사회계열,5739000.0
2021,목포가톨릭대학교,자연과학계열,6908000.0
2021,배재대학교,공학계열,8059684.2105263155
2021,배재대학교,예체능계열,8063777.777777778
2021,배재대학교,인문사회계열,6520769.230769231
2021,배재대학교,자연과학계열,7241733.333333333
2021,백석대학교,공학계열,8433000.0
2021,백석대학교,예체능계열,9101000.0
2021,백석대학교,인문사회계열,7106000.0
2021,백석대학교,자연과학계열,8506000.0
2021,부산가톨릭대학교,공학계열,7705671.333333333
2021,부산가톨릭대학교,인문사회계열,5965744.666666667
2021,부산가톨릭대학교,자연과학계열,7078583.3
2021,부산교육대학교,인문사회계열,3024000.0
2021,부산대학교,공학계열,4710666.666666667
2021,부산대학교,예체능계열,4683333.333333333
2021,부산대학교,의학계열,10100000.0
2021,부산대학교,인문사회계열,3485473.6842105263
2021,부산대학교,자연과학계열,4532592.592592592
2021,부산외국어대학교,공학계열,7854571.428571428
2021,부산외국어대학교,예체능계열,6864000.0
2021,부산외국어대학교,인문사회계열,6118874.527777778
2021,부산장신대학교,인문사회계열,5751461.333333333
2021,삼육대학교,공학계열,8550666.666666666
2021,삼육대학교,예체능계열,8984666.666666666
2021,삼육대학교,인문사회계열,7061454.545454546
2021,삼육대학교,자연과학계열,8335750.0
2021,상명대학교,공학계열,8747619.047619049
2021,상명대학교,예체능계열,9127400.0
2021,상명대학교,인문사회계열,7004400.0
2021,상명대학교,자연과학계열,8135333.333333333
2021,상명대학교 _제2캠퍼스,공학계열,8658200.0
2021,상명대학교 _제2캠퍼스,예체능계열,8729647.05882353
2021,상명대학교 _제2캠퍼스,인문사회계열,7144333.333333333
2021,상명대학교 _제2캠퍼스,자연과학계열,8350666.666666667
2021,상지대학교,공학계열,8203571.428571428
2021,상지대학교,예체능계열,7867500.0
2021,상지대학교,의학계열,9654000.0
2021,상지대학교,인문사회계열,6640687.5
2021,상지대학교,자연과학계열,7557857.142857143
2021,서강대학교,공학계열,9590400.0
2021,서강대학교,인문사회계열,7426307.692307692
2021,서강대학교,자연과학계열,8781000.0
2021,서경대학교,공학계열,8433100.0
2021,서경대학교,예체능계열,8941000.0
2021,서경대학교,인문사회계열,6748900.0
2021,서경대학교,자연과학계열,8506500.0
2021,서울과학기술대학교,공학계열,5460493.15
2021,서울과학기술대학교,예체능계열,5618420.0
2021,서울과학기술대학교,인문사회계열,4781226.0
2021,서울과학기술대학교,자연과학계열,5540420.0
2021,서울교육대학교,인문사회계열,3088000.0
2021,서울기독대학교,예체능계열,8319111.333333333
2021,서울기독대학교,인문사회계열,6484166.625
2021,서울대학교,공학계열,5990588.235294118
2021,서울대학교,예체능계열,7461066.666666667
2021,서울대학교,의학계열,9683000.0
2021,서울대학교,인문사회계열,5001252.130434782
2021,서울대학교,자연과학계열,6255166.666666667
2021,서울시립대학교,공학계열,2701000.0
2021,서울시립대학교,예체능계열,2934750.0
2021,서울시립대학교,인문사회계열,2044000.0
2021,서울시립대학교,자연과학계열,2434333.3333333335
2021,서울신학대학교,공학계열,8687000.0
2021,서울신학대학교,예체능계열,8545770.0
2021,서울신학대학교,인문사회계열,6730199.615384615
2021,서울여자대학교,공학계열,8524000.0
2021,서울여자대학교,예체능계열,9345833.333333334
2021,서울여자대학교,인문사회계열,7184916.666666667
2021,서울여자대학교,자연과학계열,8445200.0
2021,서울장신대학교,예체능계열,9874000.0
2021,서울장신대학교,인문사회계열,7216000.0
2021,서울한영대학교,예체능계열,8518500.0
2021,서울한영대학교,인문사회계열,6843600.0
2021,서원대학교,공학계열,7829648.555555556
2021,서원대학교,예체능계열,7534043.5
2021,서원대학교,인문사회계열,6215729.80952381
2021,서원대학교,자연과학계열,7227750.0
2021,선문대학교,공학계열,8329111.111111111
2021,선문대학교,예체능계열,7864400.0
2021,선문대학교,인문사회계열,6783384.615384615
2021,선문대학교,자연과학계열,8060000.0
2021,성결대학교,공학계열,8213285.714285715
2021,성결대학교,예체능계열,9067333.333333334
2021,성결대학교,인문사회계열,6609428.571428572
2021,성공회대학교,공학계열,7727225.0
2021,성공회대학교,인문사회계열,7287641.666666667
2021,성균관대학교,공학계열,9177142.857142856
2021,성균관대학교,예체능계열,9276000.0
2021,성균관대학교,의학계열,11338000.0
2021,성균관대학교,인문사회계열,7441741.935483871
2021,성균관대학교,자연과학계열,8731833.333333334
2021,성신여자대학교,공학계열,8343750.0
2021,성신여자대학교,예체능계열,9612571.42857143
2021,성신여자대학교,인문사회계열,7021333.333333333
2021,성신여자대학교,자연과학계열,8349166.666666667
2021,세명대학교,공학계열,7709000.0
2021,세명대학교,예체능계열,7662333.333333333
2021,세명대학교,의학계열,8866000.0
2021,세명대학교,인문사회계열,6134500.0
2021,세명대학교,자연과학계열,7413300.0
2021,세종대학교,공학계열,8762928.57142857
2021,세종대학교,예체능계열,8771333.333333334
2021,세종대학교,인문사회계열,6424947.368421053
2021,세종대학교,자연과학계열,7651142.857142857
2021,세한대학교,공학계열,8002571.428571428
2021,세한대학교,예체능계열,6933000.0
2021,세한대학교,인문사회계열,6178555.555555556
2021,세한대학교,자연과학계열,6630500.0
2021,송원대학교,공학계열,6946153.846153846
2021,송원대학교,예체능계열,6816666.666666667
2021,송원대학교,인문사회계열,5820000.0
2021,송원대학교,자연과학계열,6700000.0
2021,수원가톨릭대학교,인문사회계열,5097000.0
2021,수원대학교,공학계열,8044000.0
2021,수원대학교,예체능계열,8376133.333333333
2021,수원대학교,인문사회계열,6289636.363636363
2021,수원대학교,자연과학계열,7453600.0
2021,숙명여자대학교,공학계열,9519000.0
2021,숙명여자대학교,예체능계열,9911181.818181818
2021,숙명여자대학교,인문사회계열,7372520.0
2021,숙명여자대학교,자연과학계열,8855428.57142857
2021,순복음총회신학교,예체능계열,7500000.0
2021,순복음총회신학교,인문사회계열,5812744.0
2021,순천향대학교,공학계열,8590000.0
2021,순천향대학교,예체능계열,8060500.0
2021,순천향대학교,의학계열,10040000.0
2021,순천향대학교,인문사회계열,7305700.0
2021,순천향대학교,자연과학계열,8249600.0
2021,숭실대학교,공학계열,9101352.94117647
2021,숭실대학교,예체능계열,9270000.0
2021,숭실대학교,인문사회계열,7364000.0
2021,숭실대학교,자연과학계열,8200800.0
2021,신경주대학교,공학계열,7453333.333333333
2021,신경주대학교,예체능계열,8328307.692307692
2021,신경주대학교,인문사회계열,6479368.421052632
2021,신경주대학교,자연과학계열,7405333.333333333
2021,신라대학교,공학계열,7993210.52631579
2021,신라대학교,예체능계열,7512333.333333333
2021,신라대학교,인문사회계열,5797468.085106383
2021,신라대학교,자연과학계열,7125000.0
2021,신한대학교,공학계열,10048480.0
2021,신한대학교,인문사회계열,7848480.0
2021,신한대학교,자연과학계열,9448480.0
2021,신한대학교 _제2캠퍼스,공학계열,9874240.0
2021,신한대학교 _제2캠퍼스,예체능계열,9948480.0
2021,신한대학교 _제2캠퍼스,인문사회계열,7804920.0
2021,신한대학교 _제2캠퍼스,자연과학계열,9448480.0
2021,아신대학교,인문사회계열,6573142.857142857
2021,아주대학교,공학계열,9176000.0
2021,아주대학교,예체능계열,7072000.0
2021,아주대학교,의학계열,10892000.0
2021,아주대학교,인문사회계열,7267571.428571428
2021,아주대학교,자연과학계열,8670000.0
2021,안양대학교,공학계열,8605090.909090908
2021,안양대학교,예체능계열,8727000.0
2021,안양대학교,인문사회계열,6930909.090909091
2021,안양대학교,자연과학계열,8337000.0
2021,안양대학교 _제2캠퍼스,공학계열,8691000.0
2021,안양대학교 _제2캠퍼스,인문사회계열,6949000.0
2021,연세대학교,공학계열,10333000.0
2021,연세대학교,예체능계열,10164142.857142856
2021,연세대학교,의학계열,12104000.0
2021,연세대학교,인문사회계열,8622653.846153846
2021,연세대학교,자연과학계열,9502111.111111112
2021,연세대학교(미래) _분교,공학계열,8908888.888888888
2021,연세대학교(미래) _분교,예체능계열,8400500.0
2021,연세대학교(미래) _분교,의학계열,12104000.0
2021,연세대학교(미래) _분교,인문사회계열,8076166.666666667
2021,연세대학교(미래) _분교,자연과학계열,8429863.636363637
2021,영남대학교,공학계열,8292400.0
2021,영남대학교,예체능계열,9000333.333333334
2021,영남대학교,의학계열,10662000.0
2021,영남대학교,인문사회계열,5963489.655172414
2021,영남대학교,자연과학계열,8384700.0
2021,영남신학대학교,인문사회계열,6180000.0
2021,영산대학교,공학계열,7443400.0
2021,영산대학교,예체능계열,6634600.0
2021,영산대학교,인문사회계열,5743522.0
2021,영산대학교,자연과학계열,7303800.0
2021,영산대학교 _제2캠퍼스,예체능계열,7214900.0
2021,영산대학교 _제2캠퍼스,인문사회계열,5569454.545454546
2021,영산대학교 _제2캠퍼스,자연과학계열,6583711.111111111
2021,영산선학대학교,인문사회계열,2000000.0
2021,예수대학교,인문사회계열,5203800.0
2021,예수대학교,자연과학계열,7043800.0
2021,예원예술대학교,예체능계열,8130263.157894737
2021,예원예술대학교 _제2캠퍼스,예체능계열,8427777.777777778
2021,용인대학교,공학계열,7951000.0
2021,용인대학교,예체능계열,8397000.0
2021,용인대학교,인문사회계열,7125538.461538462
2021,용인대학교,자연과학계열,7831428.571428572
2021,우석대학교,공학계열,7783314.285714285
2021,우석대학교,예체능계열,7391600.0
2021,우석대학교,의학계열,9256000.0
2021,우석대학교,인문사회계열,6074091.8125
2021,우석대학교,자연과학계열,7381454.545454546
2021,우송대학교,공학계열,7346228.666666667
2021,우송대학교,예체능계열,7531765.0
2021,우송대학교,인문사회계열,6944345.666666667
2021,우송대학교,자연과학계열,7508635.666666667
2021,울산과학기술원,공학계열,6288000.0
2021,울산과학기술원,인문사회계열,5629333.333333333
2021,울산과학기술원,자연과학계열,6288000.0
2021,울산대학교,공학계열,8309061.538461538
2021,울산대학교,예체능계열,8748178.57142857
2021,울산대학교,의학계열,10918000.0
2021,울산대학교,인문사회계열,5945421.052631579
2021,울산대학교,자연과학계열,7769222.222222222
2021,원광대학교,공학계열,8074130.434782608
2021,원광대학교,예체능계열,7643625.0
2021,원광대학교,의학계열,9750000.0
2021,원광대학교,인문사회계열,6232333.333333333
2021,원광대학교,자연과학계열,7873611.111111111
2021,위덕대학교,공학계열,8125000.0
2021,위덕대학교,예체능계열,8565000.0
2021,위덕대학교,인문사회계열,6517307.692307692
2021,위덕대학교,자연과학계열,8097600.0
2021,유원대학교,공학계열,7992200.0
2021,유원대학교,예체능계열,7979733.333333333
2021,유원대학교,인문사회계열,6389760.0
2021,유원대학교,자연과학계열,7960553.846153846
2021,을지대학교,의학계열,10320500.0
2021,을지대학교,자연과학계열,10803000.0
2021,을지대학교 _제2캠퍼스,공학계열,8941500.0
2021,을지대학교 _제2캠퍼스,예체능계열,8780750.0
2021,을지대학교 _제2캠퍼스,인문사회계열,7895200.0
2021,을지대학교 _제2캠퍼스,자연과학계열,8801045.454545455
2021,을지대학교 _제3캠퍼스,예체능계열,8535000.0
2021,을지대학교 _제3캠퍼스,인문사회계열,7897000.0
2021,을지대학교 _제3캠퍼스,자연과학계열,8624000.0
2021,이화여자대학교,공학계열,9744000.0
2021,이화여자대학교,예체능계열,10113823.529411765
2021,이화여자대학교,의학계열,12896000.0
2021,이화여자대학교,인문사회계열,7800444.818181818
2021,이화여자대학교,자연과학계열,9214387.5
2021,인제대학교,공학계열,7756940.45
2021,인제대학교,예체능계열,7687710.5
2021,인제대학교,의학계열,9947000.0
2021,인제대학교,인문사회계열,5726790.866666666
2021,인제대학교,자연과학계열,7505083.818181818
2021,인천가톨릭대학교,인문사회계열,5340000.0
2021,인천가톨릭대학교 _제2캠퍼스,예체능계열,8230857.142857143
2021,인천가톨릭대학교 _제2캠퍼스,인문사회계열,8358000.0
2021,인천가톨릭대학교 _제2캠퍼스,자연과학계열,8618000.0
2021,인천대학교,공학계열,5148000.0
2021,인천대학교,예체능계열,4808250.0
2021,인천대학교,인문사회계열,4110592.592592593
2021,인천대학교,자연과학계열,4484187.5
2021,인하대학교,공학계열,8669166.666666666
2021,인하대학교,예체능계열,8641333.333333334
2021,인하대학교,의학계열,10550000.0
2021,인하대학교,인문사회계열,6881714.285714285
2021,인하대학교,자연과학계열,8407818.181818182
2021,장로회신학대학교,예체능계열,8649500.0
2021,장로회신학대학교,인문사회계열,6055500.0
2021,전남대학교,공학계열,4368315.7894736845
2021,전남대학교,예체능계열,4500333.333333333
2021,전남대학교,의학계열,5874000.0
2021,전남대학교,인문사회계열,3457071.4285714286
2021,전남대학교,자연과학계열,4229705.882352941
2021,전남대학교 _제2캠퍼스,공학계열,4360571.428571428
2021,전남대학교 _제2캠퍼스,인문사회계열,3558363.6363636362
2021,전남대학교 _제2캠퍼스,자연과학계열,4100000.0
2021,전북대학교,공학계열,4555000.0
2021,전북대학교,예체능계열,4599428.571428572
2021,전북대학교,의학계열,8216666.666666667
2021,전북대학교,인문사회계열,3322000.0
2021,전북대학교,자연과학계열,4413314.285714285
2021,전주교육대학교,인문사회계열,3272000.0
2021,전주대학교,공학계열,8004000.0
2021,전주대학교,예체능계열,7648444.444444444
2021,전주대학교,인문사회계열,6344222.222222222
2021,전주대학교,자연과학계열,7337333.333333333
2021,정석대학,공학계열,0.0
2021,정석대학,인문사회계열,0.0
2021,제주국제대학교,공학계열,6048000.0
2021,제주국제대학교,예체능계열,6000000.0
2021,제주국제대학교,인문사회계열,5512500.0
2021,제주국제대학교,자연과학계열,6012000.0
2021,제주대학교,공학계열,4351696.866666666
2021,제주대학교,예체능계열,4208285.4
2021,제주대학교,의학계열,8367000.0
2021,제주대학교,인문사회계열,3281685.8928571427
2021,제주대학교,자연과학계열,4292213.555555556
2021,조선대학교,공학계열,7734737.5
2021,조선대학교,예체능계열,7399369.230769231
2021,조선대학교,의학계열,10680000.0
2021,조선대학교,인문사회계열,5861471.698113208
2021,조선대학교,자연과학계열,7197607.692307692
2021,중부대학교,공학계열,7731800.0
2021,중부대학교,예체능계열,7891384.615384615
2021,중부대학교,인문사회계열,6774363.636363637
2021,중부대학교,자연과학계열,7345400.0
2021,중앙대학교,공학계열,9356909.090909092
2021,중앙대학교,예체능계열,8912000.0
2021,중앙대학교,인문사회계열,7165000.0
2021,중앙대학교,자연과학계열,9162500.0
2021,중앙대학교 _제2캠퍼스,공학계열,9023000.0
2021,중앙대학교 _제2캠퍼스,예체능계열,9431736.842105264
2021,중앙대학교 _제2캠퍼스,자연과학계열,8291000.0
2021,중앙승가대학교,인문사회계열,1802000.0
2021,중원대학교,공학계열,7949500.0
2021,중원대학교,예체능계열,7551000.0
2021,중원대학교,인문사회계열,6232400.0
2021,중원대학교,자연과학계열,7805500.0
2021,진주교육대학교,인문사회계열,3445584.25
2021,차의과학대학교,인문사회계열,7213000.0
2021,차의과학대학교,자연과학계열,7644166.666666667
2021,창신대학교,공학계열,7573333.333333333
2021,창신대학교,예체능계열,6994000.0
2021,창신대학교,인문사회계열,5685714.285714285
2021,창신대학교,자연과학계열,6710000.0
2021,청운대학교,공학계열,7724888.888888889
2021,청운대학교,예체능계열,7889111.111111111
2021,청운대학교,인문사회계열,6597583.333333333
2021,청운대학교,자연과학계열,7742000.0
2021,청주교육대학교,인문사회계열,3230000.0
2021,청주대학교,공학계열,8390000.0
2021,청주대학교,예체능계열,8410700.0
2021,청주대학교,인문사회계열,6939538.461538462
2021,청주대학교,자연과학계열,8146777.777777778
2021,초당대학교,공학계열,7387000.0
2021,초당대학교,예체능계열,6690666.666666667
2021,초당대학교,인문사회계열,5637887.818181818
2021,초당대학교,자연과학계열,6744000.0
2021,총신대학교,예체능계열,9048105.0
2021,총신대학교,인문사회계열,6871549.0
2021,추계예술대학교,예체능계열,9523029.111111112
2021,추계예술대학교,인문사회계열,7240864.666666667
2021,춘천교육대학교,인문사회계열,3184999.3333333335
2021,충남대학교,공학계열,4844000.0
2021,충남대학교,예체능계열,4607750.0
2021,충남대학교,의학계열,7623000.0
2021,충남대학교,인문사회계열,3384064.5161290322
2021,충남대학교,자연과학계열,4222650.0
2021,충북대학교,공학계열,4624000.0
2021,충북대학교,예체능계열,4437833.333333333
2021,충북대학교,의학계열,7445000.0
2021,충북대학교,인문사회계열,3516035.714285714
2021,충북대학교,자연과학계열,4351141.025641026
2021,칼빈대학교,예체능계열,8576666.5
2021,칼빈대학교,인문사회계열,7248308.285714285
2021,평택대학교,공학계열,8232400.0
2021,평택대학교,예체능계열,9014400.0
2021,평택대학교,인문사회계열,6974909.090909091
2021,평택대학교,자연과학계열,8142400.0
2021,포항공과대학교,공학계열,5647000.0
2021,한경국립대학교,공학계열,4172607.285714286
2021,한경국립대학교,예체능계열,4209173.333333333
2021,한경국립대학교,인문사회계열,3649990.0
2021,한경국립대학교,자연과학계열,3967440.0
2021,한국공학대학교,공학계열,9270000.0
2021,한국공학대학교,인문사회계열,8456666.666666666
2021,한국과학기술원,공학계열,6866000.0
2021,한국과학기술원,인문사회계열,6866000.0
2021,한국과학기술원,자연과학계열,6866000.0
2021,한국교원대학교,공학계열,3600000.0
2021,한국교원대학교,예체능계열,3801333.3333333335
2021,한국교원대학교,인문사회계열,2874000.0
2021,한국교원대학교,자연과학계열,3509250.0
2021,한국국제대학교 (폐교),공학계열,6818000.0
2021,한국국제대학교 (폐교),예체능계열,6938333.333333333
2021,한국국제대학교 (폐교),인문사회계열,5763000.0
2021,한국국제대학교 (폐교),자연과학계열,6553750.0
2021,한국기술교육대학교,공학계열,4727500.0
2021,한국기술교육대학교,인문사회계열,3303000.0
2021,한국방송통신대학교,공학계열,1472800.0
2021,한국방송통신대학교,예체능계열,757600.0
2021,한국방송통신대학교,인문사회계열,786066.6666666666
2021,한국방송통신대학교,자연과학계열,731600.0
2021,한국성서대학교,공학계열,7590000.0
2021,한국성서대학교,인문사회계열,6810000.0
2021,한국성서대학교,자연과학계열,8030000.0
2021,한국예술종합학교,공학계열,4773200.0
2021,한국예술종합학교,예체능계열,4808000.0
2021,한국예술종합학교,인문사회계열,4808000.0
2021,한국외국어대학교,공학계열,8692714.285714285
2021,한국외국어대학교,인문사회계열,7198750.0
2021,한국외국어대학교,자연과학계열,8069000.0
2021,한국전통문화대학교,공학계열,3499500.0
2021,한국전통문화대학교,예체능계열,3419000.0
2021,한국전통문화대학교,인문사회계열,2794833.3333333335
2021,한국전통문화대학교,자연과학계열,3631000.0
2021,한국체육대학교,예체능계열,4128923.076923077
2021,한국침례신학대학교,예체능계열,7717866.666666667
2021,한국침례신학대학교,인문사회계열,5815234.428571428
2021,한국항공대학교,공학계열,9183451.333333334
2021,한국항공대학교,인문사회계열,7144358.0
2021,한국항공대학교,자연과학계열,8722503.333333334
2021,한남대학교,공학계열,8363521.555555556
2021,한남대학교,예체능계열,8115148.0
2021,한남대학교,인문사회계열,6572671.666666667
2021,한남대학교,자연과학계열,7611868.142857143
2021,한동대학교,공학계열,7503714.285714285
2021,한동대학교,인문사회계열,6306000.0
2021,한동대학교,자연과학계열,7748000.0
2021,한라대학교,공학계열,7838000.0
2021,한라대학교,예체능계열,7838000.0
2021,한라대학교,인문사회계열,6485142.857142857
2021,한려대학교 (폐교),공학계열,6324475.0
2021,한려대학교 (폐교),예체능계열,6348950.0
2021,한려대학교 (폐교),인문사회계열,5320971.428571428
2021,한려대학교 (폐교),자연과학계열,6420385.714285715
2021,한림대학교,공학계열,8455210.0
2021,한림대학교,예체능계열,8392840.0
2021,한림대학교,의학계열,10294000.0
2021,한림대학교,인문사회계열,6939443.333333333
2021,한림대학교,자연과학계열,8136722.5
2021,한서대학교,공학계열,8608400.0
2021,한서대학교,예체능계열,8144750.0
2021,한서대학교,인문사회계열,7426571.428571428
2021,한서대학교,자연과학계열,7949636.363636363
2021,한성대학교,공학계열,8588800.0
2021,한성대학교,예체능계열,8710400.0
2021,한성대학교,인문사회계열,6887832.285714285
2021,한세대학교,공학계열,9167000.0
2021,한세대학교,예체능계열,9819000.0
2021,한세대학교,인문사회계열,7446600.0
2021,한세대학교,자연과학계열,8565000.0
2021,한신대학교,공학계열,8250800.0
2021,한신대학교,예체능계열,8132000.0
2021,한신대학교,인문사회계열,7166125.0
2021,한신대학교,자연과학계열,7620000.0
2021,한양대학교,공학계열,9609000.0
2021,한양대학교,예체능계열,9972400.0
2021,한양대학교,의학계열,10822000.0
2021,한양대학교,인문사회계열,7536523.80952381
2021,한양대학교,자연과학계열,8714800.0
2021,한양대학교(ERICA) _분교,공학계열,9362434.782608695
2021,한양대학교(ERICA) _분교,예체능계열,9304583.333333334
2021,한양대학교(ERICA) _분교,인문사회계열,7328466.666666667
2021,한양대학교(ERICA) _분교,자연과학계열,9099250.0
2021,한일장신대학교,예체능계열,7154000.0
2021,한일장신대학교,인문사회계열,5919000.0
2021,한일장신대학교,자연과학계열,7104000.0
2021,협성대학교,공학계열,8728000.0
2021,협성대학교,예체능계열,8728000.0
2021,협성대학교,인문사회계열,6746000.0
2021,협성대학교,자연과학계열,8620000.0
2021,호남대학교,공학계열,6968444.444444444
2021,호남대학교,예체능계열,6872492.3
2021,호남대학교,인문사회계열,6027466.666666667
2021,호남대학교,자연과학계열,6837600.0
2021,호남신학대학교,예체능계열,8036000.0
2021,호남신학대학교,인문사회계열,5870405.0
2021,호서대학교,공학계열,8342571.428571428
2021,호서대학교,예체능계열,8307647.05882353
2021,호서대학교,인문사회계열,6938600.0
2021,호서대학교,자연과학계열,7881111.111111111
2021,호원대학교,공학계열,7289672.0
2021,호원대학교,예체능계열,7479368.461538462
2021,호원대학교,인문사회계열,5660970.2
2021,호원대학교,자연과학계열,7073230.0
2021,홍익대학교,공학계열,9191049.266666668
2021,홍익대학교,예체능계열,9578400.0
2021,홍익대학교,인문사회계열,7206400.0
2021,홍익대학교,자연과학계열,7206400.0
2021,홍익대학교 _제2캠퍼스,공학계열,9260757.9
2021,홍익대학교 _제2캠퍼스,예체능계열,9342400.0
2021,홍익대학교 _제2캠퍼스,인문사회계열,7206400.0
2021,화성의과학대학교,공학계열,6980000.0
2021,화성의과학대학교,예체능계열,7563000.0
2021,화성의과학대학교,인문사회계열,6798000.0
2021,화성의과학대학교,자연과학계열,7848500.0
2022,가야대학교(김해),예체능계열,7012000.0
2022,가야대학교(김해),인문사회계열,6008667.0
2022,가야대학교(김해),자연과학계열,7196975.0
2022,가천대학교,공학계열,9202285.714285715
2022,가천대학교,예체능계열,9079066.666666666
2022,가천대학교,의학계열,9768000.0
2022,가천대학교,인문사회계열,7232800.0
2022,가천대학교,자연과학계열,8711066.666666666
2022,가톨릭관동대학교,공학계열,8173017.333333333
2022,가톨릭관동대학교,예체능계열,8272312.5
2022,가톨릭관동대학교,의학계열,9850000.0
2022,가톨릭관동대학교,인문사회계열,6205475.666666667
2022,가톨릭관동대학교,자연과학계열,7325652.2
2022,가톨릭꽃동네대학교,인문사회계열,6641808.2
2022,가톨릭꽃동네대학교,자연과학계열,7846000.0
2022,가톨릭대학교,공학계열,8220923.076923077
2022,가톨릭대학교,예체능계열,8738000.0
2022,가톨릭대학교,인문사회계열,6346640.0
2022,가톨릭대학교,자연과학계열,7644200.0
2022,가톨릭대학교 _제2캠퍼스,의학계열,10374000.0
2022,가톨릭대학교 _제2캠퍼스,자연과학계열,8860000.0
2022,가톨릭대학교 _제3캠퍼스,인문사회계열,6298000.0
2022,감리교신학대학교,인문사회계열,6469400.0
2022,강남대학교,공학계열,8714285.714285715
2022,강남대학교,예체능계열,8878857.142857144
2022,강남대학교,인문사회계열,6910705.882352941
2022,강서대학교,예체능계열,8086750.0
2022,강서대학교,인문사회계열,6228443.25
2022,강서대학교,자연과학계열,8835503.0
2022,강원대학교,공학계열,4394615.384615385
2022,강원대학교,예체능계열,4557333.333333333
2022,강원대학교,의학계열,5756000.0
2022,강원대학교,인문사회계열,3461935.76
2022,강원대학교,자연과학계열,4265733.333333333
2022,강원대학교 _제2캠퍼스,공학계열,4436000.0
2022,강원대학교 _제2캠퍼스,예체능계열,4572500.0
2022,강원대학교 _제2캠퍼스,인문사회계열,3627496.5714285714
2022,강원대학교 _제2캠퍼스,자연과학계열,4200000.0
2022,건국대학교,공학계열,9225350.0
2022,건국대학교,예체능계열,9019000.0
2022,건국대학교,의학계열,10180000.0
2022,건국대학교,인문사회계열,7039000.0
2022,건국대학교,자연과학계열,8359769.230769231
2022,건국대학교(글로컬) _분교,공학계열,8796500.0
2022,건국대학교(글로컬) _분교,예체능계열,8920818.181818182
2022,건국대학교(글로컬) _분교,인문사회계열,6882750.0
2022,건국대학교(글로컬) _분교,자연과학계열,8479400.0
2022,건양대학교,공학계열,7288553.0
2022,건양대학교,예체능계열,6715870.0
2022,건양대학교,인문사회계열,5843668.238095238
2022,건양대학교,자연과학계열,7133289.5
2022,건양대학교 _제2캠퍼스,공학계열,7278117.666666667
2022,건양대학교 _제2캠퍼스,의학계열,9540000.0
2022,건양대학교 _제2캠퍼스,인문사회계열,5746000.0
2022,건양대학교 _제2캠퍼스,자연과학계열,7263599.666666667
2022,경기대학교,공학계열,8359511.578947368
2022,경기대학교,예체능계열,8093908.75
2022,경기대학교,인문사회계열,6470001.541666667
2022,경기대학교,자연과학계열,7649209.75
2022,경기대학교 _제2캠퍼스,예체능계열,8358026.333333333
2022,경기대학교 _제2캠퍼스,인문사회계열,6478300.0
2022,경기대학교 _제2캠퍼스,자연과학계열,6464000.0
2022,경남과학기술대학교 (폐교),공학계열,4012837.3333333335
2022,경남과학기술대학교 (폐교),예체능계열,4102000.0
2022,경남과학기술대학교 (폐교),인문사회계열,3526446.1
2022,경남과학기술대학교 (폐교),자연과학계열,3759896.0
2022,경남대학교,공학계열,7521692.125
2022,경남대학교,예체능계열,7449069.6
2022,경남대학교,인문사회계열,5692591.307692308
2022,경남대학교,자연과학계열,6499340.181818182
2022,경동대학교,인문사회계열,6313416.125
2022,경동대학교,자연과학계열,8070400.0
2022,경동대학교 _제3캠퍼스,인문사회계열,6911230.666666667
2022,경동대학교 _제3캠퍼스,자연과학계열,8546463.375
2022,경동대학교 _제4캠퍼스,공학계열,8291271.333333333
2022,경동대학교 _제4캠퍼스,예체능계열,8495643.0
2022,경동대학교 _제4캠퍼스,인문사회계열,6733060.9
2022,경동대학교 _제4캠퍼스,자연과학계열,8192500.0
2022,경북대학교,공학계열,4653783.783783784
2022,경북대학교,예체능계열,4682571.428571428
2022,경북대학교,의학계열,7772000.0
2022,경북대학교,인문사회계열,3635825.0
2022,경북대학교,자연과학계열,4496420.0
2022,경상국립대학교,공학계열,4330000.0
2022,경상국립대학교,예체능계열,4240000.0
2022,경상국립대학교,의학계열,7894000.0
2022,경상국립대학교,인문사회계열,3300454.5454545454
2022,경상국립대학교,자연과학계열,4178869.565217391
2022,경성대학교,공학계열,7532071.269230769
2022,경성대학교,예체능계열,7404961.052631579
2022,경성대학교,인문사회계열,5479171.944444444
2022,경성대학교,자연과학계열,6890161.611111111
2022,경운대학교,공학계열,8187777.777777778
2022,경운대학교,예체능계열,8062222.333333333
2022,경운대학교,인문사회계열,6391333.333333333
2022,경운대학교,자연과학계열,7845241.4
2022,경인교육대학교,인문사회계열,3189000.0
2022,경일대학교,공학계열,7808801.125
2022,경일대학교,예체능계열,7464415.5
2022,경일대학교,인문사회계열,5896314.066666666
2022,경일대학교,자연과학계열,7968120.0
2022,경희대학교,공학계열,8680666.666666666
2022,경희대학교,예체능계열,8682900.0
2022,경희대학교,의학계열,11399333.333333334
2022,경희대학교,인문사회계열,6686238.70967742
2022,경희대학교,자연과학계열,8864883.333333334
2022,계명대학교,공학계열,8278043.157894737
2022,계명대학교,예체능계열,8629588.15
2022,계명대학교,의학계열,9850000.0
2022,계명대학교,인문사회계열,6079450.19047619
2022,계명대학교,자연과학계열,8141538.461538462
2022,고려대학교,공학계열,9877000.0
2022,고려대학교,예체능계열,9283000.0
2022,고려대학교,의학계열,12414000.0
2022,고려대학교,인문사회계열,7355557.193548387
2022,고려대학교,자연과학계열,8900428.57142857
2022,고려대학교(세종) _분교,공학계열,9860583.333333334
2022,고려대학교(세종) _분교,예체능계열,8599000.0
2022,고려대학교(세종) _분교,인문사회계열,7290733.333333333
2022,고려대학교(세종) _분교,자연과학계열,8896250.0
2022,고신대학교,예체능계열,6921166.75
2022,고신대학교,의학계열,9410000.0
2022,고신대학교,인문사회계열,5825149.588235294
2022,고신대학교,자연과학계열,6813875.833333333
2022,공주교육대학교,인문사회계열,3424000.0
2022,광신대학교,예체능계열,7072000.0
2022,광신대학교,인문사회계열,5630500.0
2022,광운대학교,공학계열,8722800.0
2022,광운대학교,예체능계열,7601400.0
2022,광운대학교,인문사회계열,6923633.333333333
2022,광운대학교,자연과학계열,7696800.0
2022,광주가톨릭대학교,인문사회계열,0.0
2022,광주과학기술원,공학계열,2060000.0
2022,광주과학기술원,자연과학계열,2060000.0
2022,광주교육대학교,인문사회계열,3474952.153846154
2022,광주대학교,공학계열,6892517.1875
2022,광주대학교,예체능계열,7021830.230769231
2022,광주대학교,인문사회계열,6004379.888888889
2022,광주대학교,자연과학계열,6855007.142857143
2022,광주여자대학교,공학계열,6479500.0
2022,광주여자대학교,예체능계열,6948091.666666667
2022,광주여자대학교,인문사회계열,5654827.5
2022,광주여자대학교,자연과학계열,6631929.666666667
2022,국립강릉원주대학교,공학계열,4548000.0
2022,국립강릉원주대학교,예체능계열,5207333.333333333
2022,국립강릉원주대학교,의학계열,7966000.0
2022,국립강릉원주대학교,인문사회계열,3488000.0
2022,국립강릉원주대학교,자연과학계열,4370842.105263158
2022,국립강릉원주대학교 _제2캠퍼스,공학계열,4616000.0
2022,국립강릉원주대학교 _제2캠퍼스,인문사회계열,3488000.0
2022,국립강릉원주대학교 _제2캠퍼스,자연과학계열,4298000.0
2022,국립경국대학교,공학계열,4140977.777777778
2022,국립경국대학교,예체능계열,4165933.3333333335
2022,국립경국대학교,인문사회계열,3264288.888888889
2022,국립경국대학교,자연과학계열,3765600.0
2022,국립공주대학교,공학계열,4216000.0
2022,국립공주대학교,예체능계열,4171666.6666666665
2022,국립공주대학교,인문사회계열,3220000.0
2022,국립공주대학교,자연과학계열,3860588.2352941176
2022,국립군산대학교,공학계열,4238000.0
2022,국립군산대학교,예체능계열,4167500.0
2022,국립군산대학교,인문사회계열,3385157.8947368423
2022,국립군산대학교,자연과학계열,3935000.0
2022,국립금오공과대학교,공학계열,3792400.0
2022,국립금오공과대학교,인문사회계열,3400400.0
2022,국립금오공과대학교,자연과학계열,3536400.0
2022,국립목포대학교,공학계열,4236000.0
2022,국립목포대학교,예체능계열,4142666.6666666665
2022,국립목포대학교,인문사회계열,3451010.1379310344
2022,국립목포대학교,자연과학계열,4074105.263157895
2022,국립목포해양대학교,공학계열,3472000.0
2022,국립목포해양대학교,인문사회계열,3360000.0
2022,국립부경대학교,공학계열,4357528.0
2022,국립부경대학교,예체능계열,4241400.0
2022,국립부경대학교,인문사회계열,3487228.0
2022,국립부경대학교,자연과학계열,4121666.6666666665
2022,국립순천대학교,공학계열,4302428.571428572
2022,국립순천대학교,예체능계열,4405600.0
2022,국립순천대학교,인문사회계열,3380272.727272727
2022,국립순천대학교,자연과학계열,4158903.2258064514
2022,국립창원대학교,공학계열,4382941.176470588
2022,국립창원대학교,예체능계열,4268666.666666667
2022,국립창원대학교,인문사회계열,3397625.0
2022,국립창원대학교,자연과학계열,4041000.0
2022,국립한국교통대학교,공학계열,4228571.428571428
2022,국립한국교통대학교,예체능계열,4175555.5555555555
2022,국립한국교통대학교,인문사회계열,3640952.380952381
2022,국립한국교통대학교,자연과학계열,4213333.333333333
2022,국립한국해양대학교,공학계열,3975511.111111111
2022,국립한국해양대학교,예체능계열,3994000.0
2022,국립한국해양대학교,인문사회계열,3290000.0
2022,국립한국해양대학교,자연과학계열,3994000.0
2022,국립한밭대학교,공학계열,4658561.904761905
2022,국립한밭대학교,예체능계열,4419533.333333333
2022,국립한밭대학교,인문사회계열,3812710.0
2022,국립한밭대학교,자연과학계열,4658300.0
2022,국민대학교,공학계열,8824400.0
2022,국민대학교,예체능계열,8967666.666666666
2022,국민대학교,인문사회계열,7002846.153846154
2022,국민대학교,자연과학계열,8067857.142857143
2022,극동대학교,공학계열,8232666.666666667
2022,극동대학교,예체능계열,8067200.0
2022,극동대학교,인문사회계열,6465230.769230769
2022,극동대학교,자연과학계열,7734000.0
2022,금강대학교,인문사회계열,6586666.5
2022,김천대학교,공학계열,7312000.0
2022,김천대학교,예체능계열,7352000.0
2022,김천대학교,인문사회계열,6634000.0
2022,김천대학교,자연과학계열,7172500.0
2022,나사렛대학교,공학계열,7825000.0
2022,나사렛대학교,예체능계열,8040912.166666667
2022,나사렛대학교,인문사회계열,6854635.8
2022,나사렛대학교,자연과학계열,8175000.0
2022,남부대학교,공학계열,7072116.0
2022,남부대학교,예체능계열,7089757.0
2022,남부대학교,인문사회계열,5778304.0
2022,남부대학교,자연과학계열,6544429.5
2022,남서울대학교,공학계열,8336901.416666667
2022,남서울대학교,예체능계열,8543800.166666666
2022,남서울대학교,인문사회계열,7057466.47368421
2022,남서울대학교,자연과학계열,8850384.666666666
2022,단국대학교,공학계열,9062125.0
2022,단국대학교,예체능계열,9197866.666666666
2022,단국대학교,인문사회계열,7271416.666666667
2022,단국대학교,자연과학계열,8548000.0
2022,단국대학교 _제2캠퍼스,공학계열,8900000.0
2022,단국대학교 _제2캠퍼스,예체능계열,8634250.0
2022,단국대학교 _제2캠퍼스,의학계열,10322000.0
2022,단국대학교 _제2캠퍼스,인문사회계열,6893200.0
2022,단국대학교 _제2캠퍼스,자연과학계열,8574918.918918919
2022,대구가톨릭대학교,공학계열,7978871.708333333
2022,대구가톨릭대학교,예체능계열,8532800.0
2022,대구가톨릭대학교,의학계열,9610000.0
2022,대구가톨릭대학교,인문사회계열,5802051.046511628
2022,대구가톨릭대학교,자연과학계열,8043123.652173913
2022,대구경북과학기술원,자연과학계열,7000000.0
2022,대구교육대학교,인문사회계열,3604000.0
2022,대구대학교,공학계열,8060744.423076923
2022,대구대학교,예체능계열,8397363.166666666
2022,대구대학교,인문사회계열,5849918.142857143
2022,대구대학교,자연과학계열,7490880.0
2022,대구예술대학교,예체능계열,8384529.3
2022,대구예술대학교,자연과학계열,7055704.0
2022,대구한의대학교,공학계열,7654666.666666667
2022,대구한의대학교,예체능계열,7379636.363636363
2022,대구한의대학교,의학계열,9260000.0
2022,대구한의대학교,인문사회계열,5779453.92
2022,대구한의대학교,자연과학계열,7424745.25
2022,대신대학교,예체능계열,7271000.0
2022,대신대학교,인문사회계열,5965000.0
2022,대전가톨릭대학교,인문사회계열,5760000.0
2022,대전대학교,공학계열,7907405.1875
2022,대전대학교,예체능계열,7831083.6
2022,대전대학교,의학계열,9350000.0
2022,대전대학교,인문사회계열,6630952.904761905
2022,대전대학교,자연과학계열,7580499.888888889
2022,대전신학대학교,인문사회계열,5933744.0
2022,대진대학교,공학계열,8191809.523809524
2022,대진대학교,예체능계열,8226500.0
2022,대진대학교,인문사회계열,6253826.0869565215
2022,대진대학교,자연과학계열,7426500.0
2022,덕성여자대학교,공학계열,8224222.222222222
2022,덕성여자대학교,예체능계열,8467866.666666666
2022,덕성여자대학교,인문사회계열,6054029.622222222
2022,덕성여자대학교,자연과학계열,7811200.0
2022,동국대학교,공학계열,9199625.0
2022,동국대학교,예체능계열,9086500.0
2022,동국대학교,인문사회계열,7128838.70967742
2022,동국대학교,자연과학계열,8616888.888888888
2022,동국대학교(WISE) _분교,공학계열,9025920.0
2022,동국대학교(WISE) _분교,예체능계열,8681600.0
2022,동국대학교(WISE) _분교,의학계열,10368000.0
2022,동국대학교(WISE) _분교,인문사회계열,7079866.666666667
2022,동국대학교(WISE) _분교,자연과학계열,8527292.307692308
2022,동덕여자대학교,공학계열,7580500.0
2022,동덕여자대학교,예체능계열,8702956.736842105
2022,동덕여자대학교,인문사회계열,6173840.0
2022,동덕여자대학교,자연과학계열,7661884.615384615
2022,동명대학교,공학계열,7757865.035714285
2022,동명대학교,예체능계열,6995673.5
2022,동명대학교,인문사회계열,6010750.071428572
2022,동명대학교,자연과학계열,7660969.5
2022,동서대학교,공학계열,7583224.192307692
2022,동서대학교,예체능계열,7190531.75
2022,동서대학교,인문사회계열,5849337.142857143
2022,동서대학교,자연과학계열,7609828.571428572
2022,동신대학교,공학계열,7197913.933333334
2022,동신대학교,예체능계열,6919622.8
2022,동신대학교,의학계열,8520000.0
2022,동신대학교,인문사회계열,5800413.111111111
2022,동신대학교,자연과학계열,6941273.076923077
2022,동아대학교,공학계열,7805141.666666667
2022,동아대학교,예체능계열,7776654.545454546
2022,동아대학교,의학계열,9734000.0
2022,동아대학교,인문사회계열,5870558.823529412
2022,동아대학교,자연과학계열,6943094.117647059
2022,동양대학교,공학계열,7608447.647058823
2022,동양대학교,예체능계열,7852472.666666667
2022,동양대학교,인문사회계열,5757376.111111111
2022,동양대학교,자연과학계열,6643600.0
2022,동의대학교,공학계열,7436362.105263158
2022,동의대학교,예체능계열,7038884.142857143
2022,동의대학교,의학계열,8082000.0
2022,동의대학교,인문사회계열,5443316.925925926
2022,동의대학교,자연과학계열,6682628.6
2022,루터대학교,인문사회계열,6334290.75
2022,명지대학교,공학계열,9347600.0
2022,명지대학교,예체능계열,9656571.42857143
2022,명지대학교,자연과학계열,8416000.0
2022,명지대학교 _제2캠퍼스,공학계열,8490000.0
2022,명지대학교 _제2캠퍼스,예체능계열,6930000.0
2022,명지대학교 _제2캠퍼스,인문사회계열,6921428.571428572
2022,목원대학교,공학계열,8003682.25
2022,목원대학교,예체능계열,8077992.162162162
2022,목원대학교,인문사회계열,6437264.736842105
2022,목원대학교,자연과학계열,7202678.571428572
2022,목포가톨릭대학교,인문사회계열,5667000.0
2022,목포가톨릭대학교,자연과학계열,6836000.0
2022,배재대학교,공학계열,8020000.0
2022,배재대학교,예체능계열,8020000.0
2022,배재대학교,인문사회계열,6459230.769230769
2022,배재대학교,자연과학계열,7203529.411764706
2022,백석대학교,공학계열,8412722.25
2022,백석대학교,예체능계열,8992305.125
2022,백석대학교,인문사회계열,6995500.090909091
2022,백석대학교,자연과학계열,8396500.0
2022,부산가톨릭대학교,공학계열,7648847.8
2022,부산가톨릭대학교,인문사회계열,5948065.0
2022,부산가톨릭대학교,자연과학계열,6992195.4
2022,부산교육대학교,인문사회계열,3024000.0
2022,부산대학교,공학계열,4710666.666666667
2022,부산대학교,예체능계열,4683333.333333333
2022,부산대학교,의학계열,10100000.0
2022,부산대학교,인문사회계열,3485473.6842105263
2022,부산대학교,자연과학계열,4613642.857142857
2022,부산외국어대학교,공학계열,7803284.222222222
2022,부산외국어대학교,예체능계열,6837000.0
2022,부산외국어대학교,인문사회계열,6024238.925
2022,부산장신대학교,인문사회계열,5745271.0
2022,삼육대학교,공학계열,8419142.857142856
2022,삼육대학교,예체능계열,8821333.333333334
2022,삼육대학교,인문사회계열,6931333.333333333
2022,삼육대학교,자연과학계열,8261000.0
2022,상명대학교,공학계열,8652547.368421054
2022,상명대학교,예체능계열,9039560.0
2022,상명대학교,인문사회계열,6894600.0
2022,상명대학교,자연과학계열,8062133.333333333
2022,상명대학교 _제2캠퍼스,공학계열,8532200.0
2022,상명대학교 _제2캠퍼스,예체능계열,8720235.294117646
2022,상명대학교 _제2캠퍼스,인문사회계열,7074333.333333333
2022,상명대학교 _제2캠퍼스,자연과학계열,8210666.666666667
2022,상지대학교,공학계열,8060840.0
2022,상지대학교,예체능계열,7896363.636363637
2022,상지대학교,의학계열,9654000.0
2022,상지대학교,인문사회계열,6511687.5
2022,상지대학교,자연과학계열,7394884.615384615
2022,서강대학교,공학계열,9468800.0
2022,서강대학교,인문사회계열,7354363.636363637
2022,서강대학교,자연과학계열,8629000.0
2022,서경대학교,공학계열,8414222.222222222
2022,서경대학교,예체능계열,8791500.0
2022,서경대학교,인문사회계열,6629818.181818182
2022,서경대학교,자연과학계열,8442000.0
2022,서울과학기술대학교,공학계열,5510342.7272727275
2022,서울과학기술대학교,예체능계열,5618420.0
2022,서울과학기술대학교,인문사회계열,4788440.0
2022,서울과학기술대학교,자연과학계열,5540420.0
2022,서울교육대학교,인문사회계열,3088000.0
2022,서울기독대학교,예체능계열,8321000.0
2022,서울기독대학교,인문사회계열,6562250.0
2022,서울대학교,공학계열,5990588.235294118
2022,서울대학교,예체능계열,7461066.666666667
2022,서울대학교,의학계열,9683000.0
2022,서울대학교,인문사회계열,4953161.205128205
2022,서울대학교,자연과학계열,6363440.0
2022,서울시립대학교,공학계열,2701000.0
2022,서울시립대학교,예체능계열,2934750.0
2022,서울시립대학교,인문사회계열,2044000.0
2022,서울시립대학교,자연과학계열,2431500.0
2022,서울신학대학교,공학계열,8559000.0
2022,서울신학대학교,예체능계열,8416256.0
2022,서울신학대학교,인문사회계열,6618155.461538462
2022,서울여자대학교,공학계열,8342521.75
2022,서울여자대학교,예체능계열,9309428.57142857
2022,서울여자대학교,인문사회계열,7043916.666666667
2022,서울여자대학교,자연과학계열,8304200.0
2022,서울장신대학교,예체능계열,9738000.0
2022,서울장신대학교,인문사회계열,7080000.0
2022,서울한영대학교,예체능계열,8757666.5
2022,서울한영대학교,인문사회계열,6865200.0
2022,서원대학교,공학계열,7797763.9
2022,서원대학교,예체능계열,7400349.375
2022,서원대학교,인문사회계열,6127732.0
2022,서원대학교,자연과학계열,7349935.125
2022,선문대학교,공학계열,8254627.764705882
2022,선문대학교,예체능계열,7801066.8
2022,선문대학교,인문사회계열,6727203.730769231
2022,선문대학교,자연과학계열,7980833.375
2022,성결대학교,공학계열,8189000.0
2022,성결대학교,예체능계열,8954000.0
2022,성결대학교,인문사회계열,6550000.0
2022,성공회대학교,공학계열,7594425.0
2022,성공회대학교,인문사회계열,7154841.666666667
2022,성균관대학교,공학계열,9124285.714285715
2022,성균관대학교,예체능계열,9128000.0
2022,성균관대학교,의학계열,11338000.0
2022,성균관대학교,인문사회계열,7398774.193548387
2022,성균관대학교,자연과학계열,8685833.333333334
2022,성신여자대학교,공학계열,8216000.0
2022,성신여자대학교,예체능계열,9477000.0
2022,성신여자대학교,인문사회계열,6902370.37037037
2022,성신여자대학교,자연과학계열,8276166.666666667
2022,세명대학교,공학계열,7463606.444444444
2022,세명대학교,예체능계열,7524166.666666667
2022,세명대학교,의학계열,8866000.0
2022,세명대학교,인문사회계열,6069549.956521739
2022,세명대학교,자연과학계열,7314784.2
2022,세종대학교,공학계열,8670896.551724138
2022,세종대학교,예체능계열,8615333.333333334
2022,세종대학교,인문사회계열,6334631.578947368
2022,세종대학교,자연과학계열,7539714.285714285
2022,세한대학교,공학계열,7952750.0
2022,세한대학교,예체능계열,6885625.0
2022,세한대학교,인문사회계열,6389750.0
2022,세한대학교,자연과학계열,6611000.0
2022,송원대학교,공학계열,6940476.214285715
2022,송원대학교,예체능계열,6825000.0
2022,송원대학교,인문사회계열,5867546.5
2022,송원대학교,자연과학계열,6683303.0
2022,수원가톨릭대학교,인문사회계열,5097000.0
2022,수원대학교,공학계열,8076242.0
2022,수원대학교,예체능계열,8437102.94117647
2022,수원대학교,인문사회계열,6322168.0
2022,수원대학교,자연과학계열,7485414.2
2022,숙명여자대학교,공학계열,9372000.0
2022,숙명여자대학교,예체능계열,9764181.818181818
2022,숙명여자대학교,인문사회계열,7225520.0
2022,숙명여자대학교,자연과학계열,8754857.142857144
2022,순복음총회신학교,예체능계열,7500000.0
2022,순복음총회신학교,인문사회계열,5693777.25
2022,순천향대학교,공학계열,8442380.952380951
2022,순천향대학교,예체능계열,7928500.0
2022,순천향대학교,의학계열,10040000.0
2022,순천향대학교,인문사회계열,7173700.0
2022,순천향대학교,자연과학계열,8117600.0
2022,숭실대학교,공학계열,8994600.0
2022,숭실대학교,예체능계열,9126000.0
2022,숭실대학교,인문사회계열,7220000.0
2022,숭실대학교,자연과학계열,8056800.0
2022,신경주대학교,공학계열,7434090.875
2022,신경주대학교,예체능계열,8344400.0
2022,신경주대학교,인문사회계열,6513550.315789473
2022,신경주대학교,자연과학계열,7487841.222222222
2022,신라대학교,공학계열,7917138.2
2022,신라대학교,예체능계열,7411800.0
2022,신라대학교,인문사회계열,5732931.037037037
2022,신라대학교,자연과학계열,7016647.05882353
2022,신한대학교,공학계열,9893600.0
2022,신한대학교,인문사회계열,7693600.0
2022,신한대학교,자연과학계열,9293600.0
2022,신한대학교 _제2캠퍼스,공학계열,9796800.0
2022,신한대학교 _제2캠퍼스,예체능계열,9793600.0
2022,신한대학교 _제2캠퍼스,인문사회계열,7672088.888888889
2022,신한대학교 _제2캠퍼스,자연과학계열,9293600.0
2022,아신대학교,인문사회계열,6577818.181818182
2022,아주대학교,공학계열,9032000.0
2022,아주대학교,예체능계열,6928000.0
2022,아주대학교,의학계열,10820000.0
2022,아주대학교,인문사회계열,7123571.428571428
2022,아주대학교,자연과학계열,8580000.0
2022,안양대학교,공학계열,8448058.823529411
2022,안양대학교,예체능계열,8501714.285714285
2022,안양대학교,인문사회계열,6754250.0
2022,안양대학교,자연과학계열,8256666.666666667
2022,안양대학교 _제2캠퍼스,공학계열,8446000.0
2022,안양대학교 _제2캠퍼스,예체능계열,8587000.0
2022,안양대학교 _제2캠퍼스,인문사회계열,6634000.0
2022,연세대학교,공학계열,10128142.857142856
2022,연세대학교,예체능계열,10006142.857142856
2022,연세대학교,의학계열,12104000.0
2022,연세대학교,인문사회계열,8260040.0
2022,연세대학교,자연과학계열,9440263.157894736
2022,연세대학교(미래) _분교,공학계열,9339111.111111112
2022,연세대학교(미래) _분교,예체능계열,8321500.0
2022,연세대학교(미래) _분교,의학계열,12104000.0
2022,연세대학교(미래) _분교,인문사회계열,7696772.7272727275
2022,연세대학교(미래) _분교,자연과학계열,8345740.740740741
2022,영남대학교,공학계열,8190581.047619048
2022,영남대학교,예체능계열,8916484.5
2022,영남대학교,의학계열,10662000.0
2022,영남대학교,인문사회계열,5902647.166666667
2022,영남대학교,자연과학계열,8412267.863636363
2022,영남신학대학교,인문사회계열,6166000.0
2022,영산대학교,공학계열,7383036.1
2022,영산대학교,예체능계열,6629368.0
2022,영산대학교,인문사회계열,5664201.2
2022,영산대학교,자연과학계열,7222731.333333333
2022,영산대학교 _제2캠퍼스,예체능계열,7103052.4
2022,영산대학교 _제2캠퍼스,인문사회계열,5461025.863636363
2022,영산대학교 _제2캠퍼스,자연과학계열,7126985.5
2022,영산선학대학교,인문사회계열,2000000.0
2022,예수대학교,인문사회계열,5114000.0
2022,예수대학교,자연과학계열,6976742.0
2022,예원예술대학교,예체능계열,8093366.142857143
2022,예원예술대학교 _제2캠퍼스,예체능계열,8404229.0
2022,용인대학교,공학계열,7825000.0
2022,용인대학교,예체능계열,8271000.0
2022,용인대학교,인문사회계열,7053750.0
2022,용인대학교,자연과학계열,7759428.571428572
2022,우석대학교,공학계열,7763646.833333333
2022,우석대학교,예체능계열,7355939.571428572
2022,우석대학교,의학계열,9256000.0
2022,우석대학교,인문사회계열,6041478.826086956
2022,우석대학교,자연과학계열,7406055.733333333
2022,우송대학교,공학계열,7468153.846153846
2022,우송대학교,예체능계열,7457343.25
2022,우송대학교,인문사회계열,6885049.428571428
2022,우송대학교,자연과학계열,7408518.555555556
2022,울산과학기술원,공학계열,6288000.0
2022,울산과학기술원,인문사회계열,5629333.333333333
2022,울산과학기술원,자연과학계열,6288000.0
2022,울산대학교,공학계열,8253071.285714285
2022,울산대학교,예체능계열,8680783.333333334
2022,울산대학교,의학계열,10918000.0
2022,울산대학교,인문사회계열,5843683.947368421
2022,울산대학교,자연과학계열,7673003.222222222
2022,원광대학교,공학계열,8009670.125
2022,원광대학교,예체능계열,7567602.625
2022,원광대학교,의학계열,9750000.0
2022,원광대학교,인문사회계열,6177416.076923077
2022,원광대학교,자연과학계열,7752960.681818182
2022,위덕대학교,공학계열,8017388.666666667
2022,위덕대학교,예체능계열,8461145.0
2022,위덕대학교,인문사회계열,6413485.923076923
2022,위덕대학교,자연과학계열,8016008.0
2022,유원대학교,공학계열,7920145.25
2022,유원대학교,예체능계열,7914961.0
2022,유원대학교,인문사회계열,6339422.928571428
2022,유원대학교,자연과학계열,7914949.333333333
2022,을지대학교,의학계열,10320500.0
2022,을지대학교,자연과학계열,10679800.0
2022,을지대학교 _제2캠퍼스,공학계열,8792300.0
2022,을지대학교 _제2캠퍼스,예체능계열,8717328.5
2022,을지대학교 _제2캠퍼스,인문사회계열,7796640.0
2022,을지대학교 _제2캠퍼스,자연과학계열,8677217.545454545
2022,을지대학교 _제3캠퍼스,예체능계열,8335800.0
2022,을지대학교 _제3캠퍼스,인문사회계열,7703800.0
2022,을지대학교 _제3캠퍼스,자연과학계열,8503585.5
2022,이화여자대학교,공학계열,9583000.0
2022,이화여자대학교,예체능계열,9980411.764705881
2022,이화여자대학교,의학계열,12896000.0
2022,이화여자대학교,인문사회계열,7659015.575757576
2022,이화여자대학교,자연과학계열,9276578.94736842
2022,인제대학교,공학계열,7738739.7727272725
2022,인제대학교,예체능계열,7592589.0
2022,인제대학교,의학계열,9937000.0
2022,인제대학교,인문사회계열,5670384.1875
2022,인제대학교,자연과학계열,7425074.181818182
2022,인천가톨릭대학교,인문사회계열,5340000.0
2022,인천가톨릭대학교 _제2캠퍼스,예체능계열,8153952.285714285
2022,인천가톨릭대학교 _제2캠퍼스,인문사회계열,8201984.0
2022,인천가톨릭대학교 _제2캠퍼스,자연과학계열,8441500.0
2022,인천대학교,공학계열,5148000.0
2022,인천대학교,예체능계열,4808250.0
2022,인천대학교,인문사회계열,4092000.0
2022,인천대학교,자연과학계열,4484187.5
2022,인하대학교,공학계열,8522956.52173913
2022,인하대학교,예체능계열,8483333.333333334
2022,인하대학교,의학계열,10550000.0
2022,인하대학교,인문사회계열,6729357.142857143
2022,인하대학교,자연과학계열,8249818.181818182
2022,장로회신학대학교,예체능계열,8514500.0
2022,장로회신학대학교,인문사회계열,5920500.0
2022,전남대학교,공학계열,4371900.0
2022,전남대학교,예체능계열,4500333.333333333
2022,전남대학교,의학계열,5874000.0
2022,전남대학교,인문사회계열,3457071.4285714286
2022,전남대학교,자연과학계열,4233636.363636363
2022,전남대학교 _제2캠퍼스,공학계열,4360571.428571428
2022,전남대학교 _제2캠퍼스,인문사회계열,3558363.6363636362
2022,전남대학교 _제2캠퍼스,자연과학계열,4100000.0
2022,전북대학교,공학계열,4555000.0
2022,전북대학교,예체능계열,4599428.571428572
2022,전북대학교,의학계열,8216666.666666667
2022,전북대학교,인문사회계열,3322000.0
2022,전북대학교,자연과학계열,4487666.666666667
2022,전주교육대학교,인문사회계열,3324000.0
2022,전주대학교,공학계열,7919902.866666666
2022,전주대학교,예체능계열,7564494.666666667
2022,전주대학교,인문사회계열,6262241.333333333
2022,전주대학교,자연과학계열,7255521.066666666
2022,정석대학,공학계열,0.0
2022,정석대학,인문사회계열,0.0
2022,제주국제대학교,공학계열,5997430.285714285
2022,제주국제대학교,예체능계열,6001877.0
2022,제주국제대학교,인문사회계열,5486097.181818182
2022,제주국제대학교,자연과학계열,5994000.0
2022,제주대학교,공학계열,4353557.684210527
2022,제주대학교,예체능계열,4233966.5
2022,제주대학교,의학계열,8263000.0
2022,제주대학교,인문사회계열,3281273.433333333
2022,제주대학교,자연과학계열,4260223.413793104
2022,조선대학교,공학계열,7679863.548387097
2022,조선대학교,예체능계열,7374858.148148148
2022,조선대학교,의학계열,10680000.0
2022,조선대학교,인문사회계열,5822919.766666667
2022,조선대학교,자연과학계열,7232796.931034483
2022,중부대학교,공학계열,7674007.8
2022,중부대학교,예체능계열,7817806.307692308
2022,중부대학교,인문사회계열,6698557.826086956
2022,중부대학교,자연과학계열,7222687.285714285
2022,중앙대학교,공학계열,9232000.0
2022,중앙대학교,예체능계열,8755000.0
2022,중앙대학교,인문사회계열,7008000.0
2022,중앙대학교,자연과학계열,9069250.0
2022,중앙대학교 _제2캠퍼스,공학계열,8908500.0
2022,중앙대학교 _제2캠퍼스,예체능계열,9265800.0
2022,중앙대학교 _제2캠퍼스,자연과학계열,8134000.0
2022,중앙승가대학교,인문사회계열,1760000.0
2022,중원대학교,공학계열,7763483.9
2022,중원대학교,예체능계열,7436132.6
2022,중원대학교,인문사회계열,6250268.428571428
2022,중원대학교,자연과학계열,7686553.125
2022,진주교육대학교,인문사회계열,3445594.0833333335
2022,차의과학대학교,인문사회계열,7089000.0
2022,차의과학대학교,자연과학계열,7566666.666666667
2022,창신대학교,공학계열,7463085.666666667
2022,창신대학교,예체능계열,6892803.5
2022,창신대학교,인문사회계열,5582431.571428572
2022,창신대학교,자연과학계열,6612204.5
2022,청운대학교,공학계열,7625437.0
2022,청운대학교,예체능계열,7803805.111111111
2022,청운대학교,인문사회계열,6553166.590909091
2022,청운대학교,자연과학계열,7634691.333333333
2022,청주교육대학교,인문사회계열,3282000.0
2022,청주대학교,공학계열,8326818.181818182
2022,청주대학교,예체능계열,8309666.666666667
2022,청주대학교,인문사회계열,6886307.692307692
2022,청주대학교,자연과학계열,8029000.0
2022,초당대학교,공학계열,7348636.5
2022,초당대학교,예체능계열,6671619.0
2022,초당대학교,인문사회계열,5608995.363636363
2022,초당대학교,자연과학계열,6684557.0
2022,총신대학교,예체능계열,8908050.0
2022,총신대학교,인문사회계열,6731053.75
2022,추계예술대학교,예체능계열,9392905.222222222
2022,추계예술대학교,인문사회계열,7111151.333333333
2022,춘천교육대학교,인문사회계열,3184997.25
2022,충남대학교,공학계열,4844000.0
2022,충남대학교,예체능계열,4607750.0
2022,충남대학교,의학계열,7623000.0
2022,충남대학교,인문사회계열,3381272.727272727
2022,충남대학교,자연과학계열,4215689.655172414
2022,충북대학교,공학계열,4598555.555555556
2022,충북대학교,예체능계열,4437833.333333333
2022,충북대학교,의학계열,7445000.0
2022,충북대학교,인문사회계열,3516035.714285714
2022,충북대학교,자연과학계열,4437426.8292682925
2022,칼빈대학교,공학계열,8780000.0
2022,칼빈대학교,예체능계열,8433333.0
2022,칼빈대학교,인문사회계열,7183542.5
2022,칼빈대학교,자연과학계열,8580000.0
2022,평택대학교,공학계열,8098000.0
2022,평택대학교,예체능계열,8880000.0
2022,평택대학교,인문사회계열,6868000.0
2022,평택대학교,자연과학계열,8008000.0
2022,포항공과대학교,공학계열,5597290.5
2022,한경국립대학교,공학계열,4154805.2
2022,한경국립대학교,예체능계열,4209173.333333333
2022,한경국립대학교,인문사회계열,3649990.0
2022,한경국립대학교,자연과학계열,4012954.5454545454
2022,한국공학대학교,공학계열,9164318.2
2022,한국공학대학교,인문사회계열,8344166.666666667
2022,한국과학기술원,공학계열,6866000.0
2022,한국과학기술원,인문사회계열,6866000.0
2022,한국과학기술원,자연과학계열,6866000.0
2022,한국교원대학교,공학계열,3600000.0
2022,한국교원대학교,예체능계열,3801333.3333333335
2022,한국교원대학교,인문사회계열,2874000.0
2022,한국교원대학교,자연과학계열,3509250.0
2022,한국국제대학교 (폐교),공학계열,6848666.666666667
2022,한국국제대학교 (폐교),예체능계열,6593538.461538462
2022,한국국제대학교 (폐교),인문사회계열,5698333.333333333
2022,한국국제대학교 (폐교),자연과학계열,6515777.777777778
2022,한국기술교육대학교,공학계열,4726978.0
2022,한국기술교육대학교,인문사회계열,3318365.0
2022,한국방송통신대학교,공학계열,1472800.0
2022,한국방송통신대학교,예체능계열,757600.0
2022,한국방송통신대학교,인문사회계열,786066.6666666666
2022,한국방송통신대학교,자연과학계열,731600.0
2022,한국성서대학교,공학계열,7522500.0
2022,한국성서대학교,인문사회계열,6742500.0
2022,한국성서대학교,자연과학계열,7962500.0
2022,한국에너지공과대학교,공학계열,9000000.0
2022,한국예술종합학교,공학계열,4773200.0
2022,한국예술종합학교,예체능계열,4808000.0
2022,한국예술종합학교,인문사회계열,4808000.0
2022,한국외국어대학교,공학계열,8578428.57142857
2022,한국외국어대학교,인문사회계열,7078743.902439024
2022,한국외국어대학교,자연과학계열,7909000.0
2022,한국전통문화대학교,공학계열,3499500.0
2022,한국전통문화대학교,예체능계열,3419000.0
2022,한국전통문화대학교,인문사회계열,2794833.3333333335
2022,한국전통문화대학교,자연과학계열,3631000.0
2022,한국체육대학교,예체능계열,4128923.076923077
2022,한국침례신학대학교,예체능계열,7611402.0
2022,한국침례신학대학교,인문사회계열,5676298.285714285
2022,한국항공대학교,공학계열,9017373.285714285
2022,한국항공대학교,인문사회계열,6990182.0
2022,한국항공대학교,자연과학계열,8567466.666666666
2022,한남대학교,공학계열,8305331.047619048
2022,한남대학교,예체능계열,8265494.285714285
2022,한남대학교,인문사회계열,6525585.021739131
2022,한남대학교,자연과학계열,7588781.0
2022,한동대학교,공학계열,7503714.285714285
2022,한동대학교,인문사회계열,6282000.0
2022,한동대학교,자연과학계열,7748000.0
2022,한라대학교,공학계열,7742124.142857143
2022,한라대학교,예체능계열,7747083.0
2022,한라대학교,인문사회계열,6418009.857142857
2022,한림대학교,공학계열,8410671.42857143
2022,한림대학교,예체능계열,8245800.0
2022,한림대학교,의학계열,10294000.0
2022,한림대학교,인문사회계열,6827339.344827586
2022,한림대학교,자연과학계열,8083213.333333333
2022,한서대학교,공학계열,8515600.0
2022,한서대학교,예체능계열,8055224.428571428
2022,한서대학교,인문사회계열,7365580.875
2022,한서대학교,자연과학계열,7914490.0
2022,한성대학교,공학계열,8584666.666666666
2022,한성대학교,예체능계열,8580400.0
2022,한성대학교,인문사회계열,6813664.888888889
2022,한세대학교,공학계열,9019000.0
2022,한세대학교,예체능계열,9671000.0
2022,한세대학교,인문사회계열,7298600.0
2022,한세대학교,자연과학계열,8417000.0
2022,한신대학교,공학계열,8163920.0
2022,한신대학교,예체능계열,7987200.0
2022,한신대학교,인문사회계열,7053000.0
2022,한신대학교,자연과학계열,7523466.666666667
2022,한양대학교,공학계열,9429565.217391305
2022,한양대학교,예체능계열,9546000.0
2022,한양대학교,의학계열,10822000.0
2022,한양대학교,인문사회계열,7382523.80952381
2022,한양대학교,자연과학계열,8560800.0
2022,한양대학교(ERICA) _분교,공학계열,9255304.347826088
2022,한양대학교(ERICA) _분교,예체능계열,9201300.0
2022,한양대학교(ERICA) _분교,인문사회계열,7221000.0
2022,한양대학교(ERICA) _분교,자연과학계열,9385600.0
2022,한일장신대학교,예체능계열,7081333.0
2022,한일장신대학교,인문사회계열,5832194.5
2022,한일장신대학교,자연과학계열,7026000.0
2022,협성대학교,공학계열,8696000.0
2022,협성대학교,예체능계열,8664000.0
2022,협성대학교,인문사회계열,6690000.0
2022,협성대학교,자연과학계열,8620000.0
2022,호남대학교,공학계열,6905909.8
2022,호남대학교,예체능계열,6839816.0
2022,호남대학교,인문사회계열,5951640.066666666
2022,호남대학교,자연과학계열,6770198.8
2022,호남신학대학교,예체능계열,7959948.0
2022,호남신학대학교,인문사회계열,5815044.0
2022,호서대학교,공학계열,8296335.44117647
2022,호서대학교,예체능계열,8248013.235294118
2022,호서대학교,인문사회계열,6866712.818181818
2022,호서대학교,자연과학계열,7775785.9
2022,호원대학교,공학계열,7282193.545454546
2022,호원대학교,예체능계열,7133099.5
2022,호원대학교,인문사회계열,6079131.875
2022,호원대학교,자연과학계열,7222201.214285715
2022,홍익대학교,공학계열,9086250.94117647
2022,홍익대학교,예체능계열,9419200.0
2022,홍익대학교,인문사회계열,7047200.0
2022,홍익대학교,자연과학계열,7047200.0
2022,홍익대학교 _제2캠퍼스,공학계열,9117464.3
2022,홍익대학교 _제2캠퍼스,예체능계열,9183200.0
2022,홍익대학교 _제2캠퍼스,인문사회계열,7047200.0
2022,화성의과학대학교,공학계열,6844000.0
2022,화성의과학대학교,예체능계열,7427000.0
2022,화성의과학대학교,인문사회계열,6662000.0
2022,화성의과학대학교,자연과학계열,7712500.0
2023,가야대학교(김해),예체능계열,7012000.0
2023,가야대학교(김해),인문사회계열,5826399.314285715
2023,가야대학교(김해),자연과학계열,7229494.3375
2023,가천대학교,공학계열,9135441.379310345
2023,가천대학교,예체능계열,9034866.666666666
2023,가천대학교,의학계열,9768000.0
2023,가천대학교,인문사회계열,7150071.261904762
2023,가천대학교,자연과학계열,8651047.05882353
2023,가톨릭관동대학교,공학계열,8126000.0
2023,가톨릭관동대학교,예체능계열,8211062.5
2023,가톨릭관동대학교,의학계열,9850000.0
2023,가톨릭관동대학교,인문사회계열,6200000.0
2023,가톨릭관동대학교,자연과학계열,7314750.0
2023,가톨릭꽃동네대학교,인문사회계열,6648000.0
2023,가톨릭꽃동네대학교,자연과학계열,7839014.7
2023,가톨릭대학교,공학계열,8138331.2
2023,가톨릭대학교,예체능계열,8606000.0
2023,가톨릭대학교,인문사회계열,6237261.642307692
2023,가톨릭대학교,자연과학계열,7530329.4799999995
2023,가톨릭대학교 _제2캠퍼스,의학계열,10374000.0
2023,가톨릭대학교 _제2캠퍼스,자연과학계열,8750000.0
2023,가톨릭대학교 _제3캠퍼스,인문사회계열,6166000.0
2023,감리교신학대학교,인문사회계열,6470097.0
2023,강남대학교,공학계열,8671800.757142857
2023,강남대학교,예체능계열,8798111.111111112
2023,강남대학교,인문사회계열,6831183.435294118
2023,강서대학교,예체능계열,8280166.65
2023,강서대학교,인문사회계열,6227798.825
2023,강서대학교,자연과학계열,8835065.5
2023,강원대학교,공학계열,4412615.384615385
2023,강원대학교,예체능계열,4557333.333333333
2023,강원대학교,의학계열,8628000.0
2023,강원대학교,인문사회계열,3501612.2576923077
2023,강원대학교,자연과학계열,4222967.741935484
2023,강원대학교 _제2캠퍼스,공학계열,4436000.0
2023,강원대학교 _제2캠퍼스,예체능계열,4572500.0
2023,강원대학교 _제2캠퍼스,인문사회계열,3632855.314285714
2023,강원대학교 _제2캠퍼스,자연과학계열,4200000.0
2023,건국대학교,공학계열,9153950.0
2023,건국대학교,예체능계열,8878750.0
2023,건국대학교,의학계열,10180000.0
2023,건국대학교,인문사회계열,6898750.0
2023,건국대학교,자연과학계열,8223115.384615385
2023,건국대학교(글로컬) _분교,공학계열,8691038.333333334
2023,건국대학교(글로컬) _분교,예체능계열,8840252.827272728
2023,건국대학교(글로컬) _분교,인문사회계열,6784694.033333334
2023,건국대학교(글로컬) _분교,자연과학계열,8355010.090909091
2023,건양대학교,공학계열,7292500.0
2023,건양대학교,예체능계열,6748000.0
2023,건양대학교,인문사회계열,5849588.235294118
2023,건양대학교,자연과학계열,7163000.0
2023,건양대학교 _제2캠퍼스,공학계열,7303000.0
2023,건양대학교 _제2캠퍼스,의학계열,9540000.0
2023,건양대학교 _제2캠퍼스,자연과학계열,7009000.855555556
2023,경기대학교,공학계열,8361149.673913044
2023,경기대학교,예체능계열,8089358.3375
2023,경기대학교,인문사회계열,6470538.769230769
2023,경기대학교,자연과학계열,7648859.725
2023,경기대학교 _제2캠퍼스,예체능계열,8360430.159999999
2023,경기대학교 _제2캠퍼스,인문사회계열,6517625.0
2023,경기대학교 _제2캠퍼스,자연과학계열,6464000.0
2023,경남과학기술대학교 (폐교),공학계열,4030266.6666666665
2023,경남과학기술대학교 (폐교),예체능계열,4102000.0
2023,경남과학기술대학교 (폐교),인문사회계열,3489200.0
2023,경남과학기술대학교 (폐교),자연과학계열,3759955.9545454546
2023,경남대학교,공학계열,7523941.072222223
2023,경남대학교,예체능계열,7511459.616666667
2023,경남대학교,인문사회계열,5713974.385714286
2023,경남대학교,자연과학계열,6480035.641666667
2023,경동대학교,인문사회계열,6527750.0
2023,경동대학교,자연과학계열,8440000.0
2023,경동대학교 _제3캠퍼스,인문사회계열,7011700.649999999
2023,경동대학교 _제3캠퍼스,자연과학계열,8674957.75
2023,경동대학교 _제4캠퍼스,공학계열,8472883.14
2023,경동대학교 _제4캠퍼스,예체능계열,8633028.55
2023,경동대학교 _제4캠퍼스,인문사회계열,7000087.085714286
2023,경동대학교 _제4캠퍼스,자연과학계열,8267100.0
2023,경북대학교,공학계열,4654000.0
2023,경북대학교,예체능계열,4682571.428571428
2023,경북대학교,의학계열,7772000.0
2023,경북대학교,인문사회계열,3635825.0
2023,경북대학교,자연과학계열,4499244.897959184
2023,경상국립대학교,공학계열,4330000.0
2023,경상국립대학교,예체능계열,4265142.857142857
2023,경상국립대학교,의학계열,7894000.0
2023,경상국립대학교,인문사회계열,3300454.5454545454
2023,경상국립대학교,자연과학계열,4178869.565217391
2023,경성대학교,공학계열,7502220.800000001
2023,경성대학교,예체능계열,7376484.7526315795
2023,경성대학교,인문사회계열,5454337.2105263155
2023,경성대학교,자연과학계열,6883293.642857143
2023,경운대학교,공학계열,8005500.0
2023,경운대학교,예체능계열,8039402.175
2023,경운대학교,인문사회계열,6331912.875
2023,경운대학교,자연과학계열,8165157.649999999
2023,경인교육대학교,인문사회계열,3316000.0
2023,경일대학교,공학계열,7718932.205882353
2023,경일대학교,예체능계열,7655563.665217392
2023,경일대학교,인문사회계열,5850257.35
2023,경일대학교,자연과학계열,7845483.6
2023,경희대학교,공학계열,8546298.666666666
2023,경희대학교,예체능계열,8546100.0
2023,경희대학교,의학계열,11399333.333333334
2023,경희대학교,인문사회계열,6568991.665625
2023,경희대학교,자연과학계열,8741858.333333334
2023,계명대학교,공학계열,8280127.135
2023,계명대학교,예체능계열,8605398.718181819
2023,계명대학교,의학계열,9850000.0
2023,계명대학교,인문사회계열,6076932.164285715
2023,계명대학교,자연과학계열,8140461.538461538
2023,고려대학교,공학계열,9732533.341666667
2023,고려대학교,예체능계열,9135250.0
2023,고려대학교,의학계열,12414000.0
2023,고려대학교,인문사회계열,7208249.093548387
2023,고려대학교,자연과학계열,8754053.57142857
2023,고려대학교(세종) _분교,공학계열,9730457.072727272
2023,고려대학교(세종) _분교,예체능계열,8451250.0
2023,고려대학교(세종) _분교,인문사회계열,7178542.141176471
2023,고려대학교(세종) _분교,자연과학계열,8892129.633333333
2023,고신대학교,예체능계열,6783916.666666667
2023,고신대학교,의학계열,9410000.0
2023,고신대학교,인문사회계열,5820826.58125
2023,고신대학교,자연과학계열,6861915.359999999
2023,공주교육대학교,인문사회계열,3424000.0
2023,광신대학교,예체능계열,7072000.0
2023,광신대학교,인문사회계열,5630500.0
2023,광운대학교,공학계열,8433157.985714285
2023,광운대학교,예체능계열,7553700.0
2023,광운대학교,인문사회계열,6802848.8
2023,광운대학교,자연과학계열,7553700.0
2023,광주가톨릭대학교,인문사회계열,0.0
2023,광주과학기술원,공학계열,2060000.0
2023,광주과학기술원,자연과학계열,2060000.0
2023,광주교육대학교,인문사회계열,3615375.630769231
2023,광주대학교,공학계열,6894292.382352941
2023,광주대학교,예체능계열,7008923.728571429
2023,광주대학교,인문사회계열,5994612.880555555
2023,광주대학교,자연과학계열,6841571.814285715
2023,광주여자대학교,공학계열,6129000.0
2023,광주여자대학교,예체능계열,6840449.175
2023,광주여자대학교,인문사회계열,5627120.205263158
2023,광주여자대학교,자연과학계열,6618659.6
2023,국립강릉원주대학교,공학계열,4499428.571428572
2023,국립강릉원주대학교,예체능계열,5119000.0
2023,국립강릉원주대학교,의학계열,7966000.0
2023,국립강릉원주대학교,인문사회계열,3488000.0
2023,국립강릉원주대학교,자연과학계열,4362700.0
2023,국립강릉원주대학교 _제2캠퍼스,공학계열,4616000.0
2023,국립강릉원주대학교 _제2캠퍼스,인문사회계열,3488000.0
2023,국립강릉원주대학교 _제2캠퍼스,자연과학계열,4298000.0
2023,국립경국대학교,공학계열,4135200.0
2023,국립경국대학교,예체능계열,4259300.0
2023,국립경국대학교,인문사회계열,3284600.0
2023,국립경국대학교,자연과학계열,3757200.0
2023,국립공주대학교,공학계열,4216000.0
2023,국립공주대학교,예체능계열,4176153.846153846
2023,국립공주대학교,인문사회계열,3220000.0
2023,국립공주대학교,자연과학계열,3860588.2352941176
2023,국립군산대학교,공학계열,4238000.0
2023,국립군산대학교,예체능계열,4167500.0
2023,국립군산대학교,인문사회계열,3374812.5
2023,국립군산대학교,자연과학계열,3930153.846153846
2023,국립금오공과대학교,공학계열,3792400.0
2023,국립금오공과대학교,인문사회계열,3400400.0
2023,국립금오공과대학교,자연과학계열,3536400.0
2023,국립목포대학교,공학계열,4236000.0
2023,국립목포대학교,예체능계열,4142666.6666666665
2023,국립목포대학교,인문사회계열,3450757.0
2023,국립목포대학교,자연과학계열,4174222.222222222
2023,국립목포해양대학교,공학계열,3528000.0
2023,국립목포해양대학교,인문사회계열,3360000.0
2023,국립부경대학교,공학계열,4361898.113207547
2023,국립부경대학교,예체능계열,4259000.0
2023,국립부경대학교,인문사회계열,3457842.0
2023,국립부경대학교,자연과학계열,4125571.4285714286
2023,국립순천대학교,공학계열,4307666.666666667
2023,국립순천대학교,예체능계열,4405600.0
2023,국립순천대학교,인문사회계열,3373020.7083333335
2023,국립순천대학교,자연과학계열,4176357.1428571427
2023,국립창원대학교,공학계열,4382952.380952381
2023,국립창원대학교,예체능계열,4268666.666666667
2023,국립창원대학교,인문사회계열,3395557.6923076925
2023,국립창원대학교,자연과학계열,4041000.0
2023,국립한국교통대학교,공학계열,4240000.0
2023,국립한국교통대학교,예체능계열,4175555.5555555555
2023,국립한국교통대학교,인문사회계열,3642500.0
2023,국립한국교통대학교,자연과학계열,4213333.333333333
2023,국립한국해양대학교,공학계열,3984893.6170212766
2023,국립한국해양대학교,예체능계열,3994000.0
2023,국립한국해양대학교,인문사회계열,3288636.3636363638
2023,국립한국해양대학교,자연과학계열,3994000.0
2023,국립한밭대학교,공학계열,4658527.2727272725
2023,국립한밭대학교,예체능계열,4419533.333333333
2023,국립한밭대학교,인문사회계열,3812710.0
2023,국립한밭대학교,자연과학계열,4658300.0
2023,국민대학교,공학계열,8513997.236363636
2023,국민대학교,예체능계열,8839206.233333332
2023,국민대학교,인문사회계열,6908929.9520000005
2023,국민대학교,자연과학계열,7937041.171428571
2023,극동대학교,공학계열,8181274.649999999
2023,극동대학교,예체능계열,7954248.640000001
2023,극동대학교,인문사회계열,6410617.314285715
2023,극동대학교,자연과학계열,7658800.033333334
2023,금강대학교,인문사회계열,6609333.333333333
2023,김천대학교,공학계열,7180000.0
2023,김천대학교,예체능계열,7301777.766666667
2023,김천대학교,인문사회계열,6580194.511111111
2023,김천대학교,자연과학계열,7160683.63
2023,나사렛대학교,공학계열,7850000.0
2023,나사렛대학교,예체능계열,8073660.7125
2023,나사렛대학교,인문사회계열,6831614.470833334
2023,나사렛대학교,자연과학계열,8234775.633333333
2023,남부대학교,공학계열,7077181.0
2023,남부대학교,예체능계열,7086041.95
2023,남부대학교,인문사회계열,5775484.771428571
2023,남부대학교,자연과학계열,6543860.825
2023,남서울대학교,공학계열,8330850.9
2023,남서울대학교,예체능계열,8604206.3875
2023,남서울대학교,인문사회계열,7050028.136842105
2023,남서울대학교,자연과학계열,8637549.925
2023,단국대학교,공학계열,9024529.411764706
2023,단국대학교,예체능계열,9225538.461538462
2023,단국대학교,인문사회계열,7277300.0
2023,단국대학교,자연과학계열,8413000.0
2023,단국대학교 _제2캠퍼스,공학계열,8873000.0
2023,단국대학교 _제2캠퍼스,예체능계열,8476500.0
2023,단국대학교 _제2캠퍼스,의학계열,10322000.0
2023,단국대학교 _제2캠퍼스,인문사회계열,6896960.0
2023,단국대학교 _제2캠퍼스,자연과학계열,8651432.228571428
2023,대구가톨릭대학교,공학계열,7976799.545833333
2023,대구가톨릭대학교,예체능계열,8526377.593333334
2023,대구가톨릭대학교,의학계열,9610000.0
2023,대구가톨릭대학교,인문사회계열,5858648.1122448975
2023,대구가톨릭대학교,자연과학계열,8183098.872
2023,대구경북과학기술원,자연과학계열,7280000.0
2023,대구교육대학교,인문사회계열,3712000.0
2023,대구대학교,공학계열,8041509.386206896
2023,대구대학교,예체능계열,8415897.057142857
2023,대구대학교,인문사회계열,5826133.689655173
2023,대구대학교,자연과학계열,7479755.7105263155
2023,대구예술대학교,예체능계열,8374075.666666667
2023,대구예술대학교,자연과학계열,7022000.0
2023,대구한의대학교,공학계열,7609408.905263158
2023,대구한의대학교,예체능계열,7437733.33
2023,대구한의대학교,의학계열,9260000.0
2023,대구한의대학교,인문사회계열,5773424.851724138
2023,대구한의대학교,자연과학계열,7417822.902564102
2023,대신대학교,예체능계열,7271000.0
2023,대신대학교,인문사회계열,5965000.0
2023,대전가톨릭대학교,인문사회계열,5760000.0
2023,대전대학교,공학계열,7928598.505263157
2023,대전대학교,예체능계열,7819677.166666667
2023,대전대학교,의학계열,9350000.0
2023,대전대학교,인문사회계열,6649429.409090909
2023,대전대학교,자연과학계열,7572351.855555556
2023,대전신학대학교,인문사회계열,5956000.0
2023,대진대학교,공학계열,8174833.333333333
2023,대진대학교,예체능계열,8178277.78
2023,대진대학교,인문사회계열,6191582.444
2023,대진대학교,자연과학계열,7473181.818181818
2023,덕성여자대학교,공학계열,8214333.333333333
2023,덕성여자대학교,예체능계열,8480000.0
2023,덕성여자대학교,인문사회계열,6062158.104347826
2023,덕성여자대학교,자연과학계열,8133000.0
2023,동국대학교,공학계열,9074755.3625
2023,동국대학교,예체능계열,8981180.177777776
2023,동국대학교,인문사회계열,6991927.293548387
2023,동국대학교,자연과학계열,8463661.066666666
2023,동국대학교(WISE) _분교,공학계열,8990080.0
2023,동국대학교(WISE) _분교,예체능계열,8591288.888888888
2023,동국대학교(WISE) _분교,의학계열,10368000.0
2023,동국대학교(WISE) _분교,인문사회계열,7015280.0
2023,동국대학교(WISE) _분교,자연과학계열,8450226.282352941
2023,동덕여자대학교,공학계열,7580500.0
2023,동덕여자대학교,예체능계열,8702720.0
2023,동덕여자대학교,인문사회계열,6168153.846153846
2023,동덕여자대학교,자연과학계열,7656166.666666667
2023,동명대학교,공학계열,7763584.048387097
2023,동명대학교,예체능계열,7363240.133333333
2023,동명대학교,인문사회계열,5953205.1034482755
2023,동명대학교,자연과학계열,7550849.7125
2023,동서대학교,공학계열,7601305.553846154
2023,동서대학교,예체능계열,7371391.947058823
2023,동서대학교,인문사회계열,5787238.419444445
2023,동서대학교,자연과학계열,7612678.033333334
2023,동신대학교,공학계열,7190028.986666666
2023,동신대학교,예체능계열,6897945.720000001
2023,동신대학교,의학계열,8520000.0
2023,동신대학교,인문사회계열,5814283.036842105
2023,동신대학교,자연과학계열,6960369.014285714
2023,동아대학교,공학계열,8037916.328
2023,동아대학교,예체능계열,8018316.281818181
2023,동아대학교,의학계열,10118400.0
2023,동아대학교,인문사회계열,6019170.915151515
2023,동아대학교,자연과학계열,7131262.51875
2023,동양대학교,공학계열,7568436.325
2023,동양대학교,예체능계열,7999049.125
2023,동양대학교,인문사회계열,5826130.976923077
2023,동양대학교,자연과학계열,6312424.233333333
2023,동의대학교,공학계열,7434156.3864864865
2023,동의대학교,예체능계열,7088770.05
2023,동의대학교,의학계열,8082000.0
2023,동의대학교,인문사회계열,5447372.996428572
2023,동의대학교,자연과학계열,6682576.470000001
2023,루터대학교,인문사회계열,6369000.0
2023,루터대학교,자연과학계열,6438000.0
2023,명지대학교,공학계열,9225519.68
2023,명지대학교,예체능계열,9533619.799999999
2023,명지대학교,인문사회계열,9094000.0
2023,명지대학교,자연과학계열,8280808.0
2023,목원대학교,공학계열,7982943.852941177
2023,목원대학교,예체능계열,8066481.334999999
2023,목원대학교,인문사회계열,6432449.694117647
2023,목원대학교,자연과학계열,7192069.328571429
2023,목포가톨릭대학교,인문사회계열,5667000.0
2023,목포가톨릭대학교,자연과학계열,6836000.0
2023,배재대학교,공학계열,8020000.0
2023,배재대학교,예체능계열,8020000.0
2023,배재대학교,인문사회계열,6469368.421052632
2023,배재대학교,자연과학계열,7262000.0
2023,백석대학교,공학계열,8388114.875
2023,백석대학교,예체능계열,8992006.95
2023,백석대학교,인문사회계열,6994622.081818182
2023,백석대학교,자연과학계열,8396500.0
2023,부산가톨릭대학교,공학계열,7613436.359999999
2023,부산가톨릭대학교,인문사회계열,5941459.880000001
2023,부산가톨릭대학교,자연과학계열,6988720.25
2023,부산교육대학교,인문사회계열,3144000.0
2023,부산대학교,공학계열,4711454.545454546
2023,부산대학교,예체능계열,4683333.333333333
2023,부산대학교,의학계열,10100000.0
2023,부산대학교,인문사회계열,3485473.6842105263
2023,부산대학교,자연과학계열,4613642.857142857
2023,부산외국어대학교,공학계열,7784854.541666667
2023,부산외국어대학교,예체능계열,7041898.18
2023,부산외국어대학교,인문사회계열,6013961.814285715
2023,부산장신대학교,인문사회계열,5756039.2
2023,삼육대학교,공학계열,8359863.640000001
2023,삼육대학교,예체능계열,8692342.133333333
2023,삼육대학교,인문사회계열,6850603.658333334
2023,삼육대학교,자연과학계열,8159126.87
2023,상명대학교,공학계열,8599435.033333333
2023,상명대학교,예체능계열,9068583.333333334
2023,상명대학교,인문사회계열,6805707.98125
2023,상명대학교,자연과학계열,7928916.666666667
2023,상명대학교 _제2캠퍼스,공학계열,8412410.440000001
2023,상명대학교 _제2캠퍼스,예체능계열,8646309.141666668
2023,상명대학교 _제2캠퍼스,인문사회계열,6696845.3
2023,상명대학교 _제2캠퍼스,자연과학계열,8082202.100000001
2023,상지대학교,공학계열,8021933.947368421
2023,상지대학교,예체능계열,7857229.45
2023,상지대학교,의학계열,9654000.0
2023,상지대학교,인문사회계열,6492239.523684211
2023,상지대학교,자연과학계열,7375240.18076923
2023,서강대학교,공학계열,9397333.333333334
2023,서강대학교,인문사회계열,7262250.0
2023,서강대학교,자연과학계열,8484250.0
2023,서경대학교,공학계열,8330703.711111112
2023,서경대학교,예체능계열,8741610.885714285
2023,서경대학교,인문사회계열,6630000.0
2023,서경대학교,자연과학계열,8380500.0
2023,서울과학기술대학교,공학계열,5541575.0
2023,서울과학기술대학교,예체능계열,5424940.0
2023,서울과학기술대학교,인문사회계열,4761628.571428572
2023,서울과학기술대학교,자연과학계열,5540420.0
2023,서울교육대학교,인문사회계열,3088000.0
2023,서울기독대학교,예체능계열,8492000.0
2023,서울기독대학교,인문사회계열,6695000.0
2023,서울대학교,공학계열,5990888.888888889
2023,서울대학교,예체능계열,7539157.894736842
2023,서울대학교,의학계열,9683000.0
2023,서울대학교,인문사회계열,4951455.7875
2023,서울대학교,자연과학계열,6255166.666666667
2023,서울시립대학교,공학계열,2701000.0
2023,서울시립대학교,예체능계열,2934750.0
2023,서울시립대학교,인문사회계열,2044000.0
2023,서울시립대학교,자연과학계열,2431500.0
2023,서울신학대학교,공학계열,8635598.1
2023,서울신학대학교,예체능계열,8595301.45
2023,서울신학대학교,인문사회계열,6774385.538461538
2023,서울여자대학교,공학계열,8197359.675
2023,서울여자대학교,예체능계열,9172428.57142857
2023,서울여자대학교,인문사회계열,6911672.177777778
2023,서울여자대학교,자연과학계열,8235833.333333333
2023,서울장신대학교,예체능계열,8568000.0
2023,서울장신대학교,인문사회계열,7241600.0
2023,서울한영대학교,예체능계열,8649333.333333334
2023,서울한영대학교,인문사회계열,6793500.0
2023,서원대학교,공학계열,7762867.766666668
2023,서원대학교,예체능계열,7335219.05
2023,서원대학교,인문사회계열,6166112.840909091
2023,서원대학교,자연과학계열,7291725.625
2023,선문대학교,공학계열,8269617.021052632
2023,선문대학교,예체능계열,7991714.285714285
2023,선문대학교,인문사회계열,6750938.696666667
2023,선문대학교,자연과학계열,8022728.0571428565
2023,성결대학교,공학계열,8146500.0
2023,성결대학교,예체능계열,8927116.6125
2023,성결대학교,인문사회계열,6462370.233333333
2023,성공회대학교,공학계열,7469025.0
2023,성공회대학교,인문사회계열,7029441.666666667
2023,성균관대학교,공학계열,9082930.564285714
2023,성균관대학교,예체능계열,8987562.299999999
2023,성균관대학교,의학계열,11338000.0
2023,성균관대학교,인문사회계열,7367449.412903226
2023,성균관대학교,자연과학계열,8629806.35
2023,성신여자대학교,공학계열,8095630.275
2023,성신여자대학교,예체능계열,9347304.385714287
2023,성신여자대학교,인문사회계열,6789453.248148148
2023,성신여자대학교,자연과학계열,8211104.308333334
2023,세명대학교,공학계열,7503936.149999999
2023,세명대학교,예체능계열,7443974.369230769
2023,세명대학교,의학계열,8866000.0
2023,세명대학교,인문사회계열,6050649.076
2023,세명대학교,자연과학계열,7276924.472727273
2023,세종대학교,공학계열,8611236.368965518
2023,세종대학교,예체능계열,8466171.466666667
2023,세종대학교,인문사회계열,6278134.888235293
2023,세종대학교,자연과학계열,7442113.314285715
2023,세한대학교,공학계열,8331142.857142857
2023,세한대학교,예체능계열,7140800.0
2023,세한대학교,인문사회계열,6615541.66875
2023,세한대학교,자연과학계열,7151197.025
2023,송원대학교,공학계열,6951666.67
2023,송원대학교,예체능계열,6820833.3375
2023,송원대학교,인문사회계열,5952303.923529412
2023,송원대학교,자연과학계열,6700757.5875
2023,수원가톨릭대학교,인문사회계열,5097000.0
2023,숙명여자대학교,공학계열,9355863.636363637
2023,숙명여자대학교,예체능계열,9631370.799999999
2023,숙명여자대학교,인문사회계열,7092636.164
2023,숙명여자대학교,자연과학계열,8621475.457142858
2023,순복음총회신학교,예체능계열,7042857.1
2023,순복음총회신학교,인문사회계열,5353668.575
2023,순천향대학교,공학계열,8340028.422727273
2023,순천향대학교,예체능계열,7805500.0
2023,순천향대학교,의학계열,10040000.0
2023,순천향대학교,인문사회계열,7050700.0
2023,순천향대학교,자연과학계열,7997332.840000001
2023,숭실대학교,공학계열,8858778.246666666
2023,숭실대학교,예체능계열,8991000.0
2023,숭실대학교,인문사회계열,7085202.703846155
2023,숭실대학교,자연과학계열,7921800.0
2023,신경주대학교,공학계열,7454857.142857143
2023,신경주대학교,예체능계열,8266181.818181818
2023,신경주대학교,인문사회계열,6388000.0
2023,신경주대학교,자연과학계열,7551200.0
2023,신라대학교,공학계열,7890984.178571428
2023,신라대학교,예체능계열,7535000.0
2023,신라대학교,인문사회계열,5700250.188888889
2023,신라대학교,자연과학계열,6980150.461904761
2023,신한대학교,공학계열,9716133.325
2023,신한대학교,인문사회계열,7500000.0
2023,신한대학교,자연과학계열,9148400.0
2023,신한대학교 _제2캠퍼스,공학계열,9865942.857142856
2023,신한대학교 _제2캠퍼스,예체능계열,9557236.125
2023,신한대학교 _제2캠퍼스,인문사회계열,7592560.883333333
2023,신한대학교 _제2캠퍼스,자연과학계열,9307555.923076924
2023,아신대학교,인문사회계열,6565826.845454545
2023,아주대학교,공학계열,8913450.45
2023,아주대학교,예체능계열,6788909.1
2023,아주대학교,의학계열,10775000.0
2023,아주대학교,인문사회계열,6988484.028571429
2023,아주대학교,자연과학계열,8444909.633333333
2023,안양대학교,공학계열,8416627.526666667
2023,안양대학교,예체능계열,8463959.4
2023,안양대학교,인문사회계열,6687829.806666667
2023,안양대학교,자연과학계열,8079655.033333334
2023,안양대학교 _제2캠퍼스,공학계열,8418838.55
2023,안양대학교 _제2캠퍼스,예체능계열,8515070.35
2023,안양대학교 _제2캠퍼스,인문사회계열,6634000.0
2023,안양대학교 _제2캠퍼스,자연과학계열,8376000.0
2023,연세대학교,공학계열,9986484.12857143
2023,연세대학교,예체능계열,9859892.857142856
2023,연세대학교,의학계열,12104000.0
2023,연세대학교,인문사회계열,8113725.427999999
2023,연세대학교,자연과학계열,9309407.894736841
2023,연세대학교(미래) _분교,공학계열,9201600.0
2023,연세대학교(미래) _분교,예체능계열,8256500.0
2023,연세대학교(미래) _분교,의학계열,12104000.0
2023,연세대학교(미래) _분교,인문사회계열,7659285.714285715
2023,연세대학교(미래) _분교,자연과학계열,8314823.332
2023,영남대학교,공학계열,8193627.3434782615
2023,영남대학교,예체능계열,9008800.0
2023,영남대학교,의학계열,10662000.0
2023,영남대학교,인문사회계열,5916664.150943397
2023,영남대학교,자연과학계열,8396168.630434783
2023,영남신학대학교,인문사회계열,6166000.0
2023,영산대학교,공학계열,7358000.0
2023,영산대학교,예체능계열,6598000.0
2023,영산대학교,인문사회계열,5664989.8
2023,영산대학교,자연과학계열,6753500.0
2023,영산대학교 _제2캠퍼스,예체능계열,7175230.769230769
2023,영산대학교 _제2캠퍼스,인문사회계열,5432000.0
2023,영산대학교 _제2캠퍼스,자연과학계열,6865714.285714285
2023,영산선학대학교,인문사회계열,2000000.0
2023,예수대학교,인문사회계열,5114000.0
2023,예수대학교,자연과학계열,6954000.0
2023,예원예술대학교,예체능계열,8290460.572727272
2023,예원예술대학교 _제2캠퍼스,예체능계열,8486725.36
2023,용인대학교,공학계열,7725181.8
2023,용인대학교,예체능계열,8157092.405882353
2023,용인대학교,인문사회계열,6987592.858333333
2023,용인대학교,자연과학계열,7694836.871428572
2023,우석대학교,공학계열,7728683.722222222
2023,우석대학교,예체능계열,7317920.328571429
2023,우석대학교,의학계열,9511000.0
2023,우석대학교,인문사회계열,5992075.533333334
2023,우석대학교,자연과학계열,7379123.30625
2023,우송대학교,공학계열,7454623.146153847
2023,우송대학교,예체능계열,7460258.7
2023,우송대학교,인문사회계열,6872871.600000001
2023,우송대학교,자연과학계열,7485601.9
2023,울산과학기술원,공학계열,6288000.0
2023,울산과학기술원,인문사회계열,5629333.333333333
2023,울산과학기술원,자연과학계열,6288000.0
2023,울산대학교,공학계열,8189588.506666666
2023,울산대학교,예체능계열,8726579.971428571
2023,울산대학교,의학계열,10918000.0
2023,울산대학교,인문사회계열,5844077.2700000005
2023,울산대학교,자연과학계열,7673362.5200000005
2023,원광대학교,공학계열,7953400.461904761
2023,원광대학교,예체능계열,7634635.676923077
2023,원광대학교,의학계열,9750000.0
2023,원광대학교,인문사회계열,6207471.915151515
2023,원광대학교,자연과학계열,7661796.376
2023,위덕대학교,공학계열,8015400.0
2023,위덕대학교,예체능계열,8461688.5
2023,위덕대학교,인문사회계열,6411090.738461538
2023,위덕대학교,자연과학계열,8012962.9
2023,유원대학교,공학계열,7908050.0
2023,유원대학교,예체능계열,7929679.2
2023,유원대학교,인문사회계열,6345533.225000001
2023,유원대학교,자연과학계열,7918875.657142857
2023,을지대학교,의학계열,10320500.0
2023,을지대학교,자연과학계열,10600900.0
2023,을지대학교 _제2캠퍼스,공학계열,8669666.666666666
2023,을지대학교 _제2캠퍼스,예체능계열,8657564.7
2023,을지대학교 _제2캠퍼스,인문사회계열,7701960.0
2023,을지대학교 _제2캠퍼스,자연과학계열,8558647.627272727
2023,을지대학교 _제3캠퍼스,예체능계열,8205266.7
2023,을지대학교 _제3캠퍼스,인문사회계열,7575266.7
2023,을지대학교 _제3캠퍼스,자연과학계열,8386015.9
2023,이화여자대학교,공학계열,9498039.285714285
2023,이화여자대학교,예체능계열,9863676.470588235
2023,이화여자대학교,의학계열,12896000.0
2023,이화여자대학교,인문사회계열,7589814.370588236
2023,이화여자대학교,자연과학계열,9204460.52631579
2023,인제대학교,공학계열,7782756.145454545
2023,인제대학교,예체능계열,7232401.125
2023,인제대학교,의학계열,9937000.0
2023,인제대학교,인문사회계열,5672077.310526316
2023,인제대학교,자연과학계열,7393467.041666667
2023,인천가톨릭대학교,인문사회계열,5446000.0
2023,인천가톨릭대학교 _제2캠퍼스,예체능계열,8341787.6
2023,인천가톨릭대학교 _제2캠퍼스,인문사회계열,8346105.9
2023,인천가톨릭대학교 _제2캠퍼스,자연과학계열,8616000.0
2023,인천대학교,공학계열,5148000.0
2023,인천대학교,예체능계열,4808250.0
2023,인천대학교,인문사회계열,4092000.0
2023,인천대학교,자연과학계열,4484187.5
2023,인하대학교,공학계열,8377176.169565218
2023,인하대학교,예체능계열,8336429.55
2023,인하대학교,의학계열,10550000.0
2023,인하대학교,인문사회계열,6635063.131034483
2023,인하대학교,자연과학계열,8104536.1
2023,장로회신학대학교,예체능계열,8387000.0
2023,장로회신학대학교,인문사회계열,5793000.0
2023,전남대학교,공학계열,4368315.7894736845
2023,전남대학교,예체능계열,4500333.333333333
2023,전남대학교,의학계열,5874000.0
2023,전남대학교,인문사회계열,3457071.4285714286
2023,전남대학교,자연과학계열,4233636.363636363
2023,전남대학교 _제2캠퍼스,공학계열,4404000.0
2023,전남대학교 _제2캠퍼스,인문사회계열,3570400.0
2023,전남대학교 _제2캠퍼스,자연과학계열,4005428.5714285714
2023,전북대학교,공학계열,4558514.285714285
2023,전북대학교,예체능계열,4599428.571428572
2023,전북대학교,의학계열,8216666.666666667
2023,전북대학교,인문사회계열,3322000.0
2023,전북대학교,자연과학계열,4487666.666666667
2023,전주교육대학교,인문사회계열,3458000.0
2023,전주대학교,공학계열,7921417.866666666
2023,전주대학교,예체능계열,7598932.62
2023,전주대학교,인문사회계열,6256564.25
2023,전주대학교,자연과학계열,7243844.658823529
2023,정석대학,공학계열,0.0
2023,정석대학,인문사회계열,0.0
2023,제주국제대학교,공학계열,6012000.0
2023,제주국제대학교,예체능계열,6012000.0
2023,제주국제대학교,인문사회계열,5508000.0
2023,제주국제대학교,자연과학계열,5976000.0
2023,제주대학교,공학계열,4348921.052631579
2023,제주대학교,예체능계열,4232000.0
2023,제주대학교,의학계열,8263000.0
2023,제주대학교,인문사회계열,3280766.6666666665
2023,제주대학교,자연과학계열,4280481.481481481
2023,조선대학교,공학계열,7671095.703846155
2023,조선대학교,예체능계열,7410210.615384615
2023,조선대학교,의학계열,10680000.0
2023,조선대학교,인문사회계열,5813102.060975609
2023,조선대학교,자연과학계열,7456346.87
2023,중부대학교,공학계열,7661182.433333334
2023,중부대학교,예체능계열,7707553.335714286
2023,중부대학교,인문사회계열,6705963.031818181
2023,중부대학교,자연과학계열,7201750.0
2023,중앙대학교,공학계열,9090444.441666666
2023,중앙대학교,예체능계열,8608000.0
2023,중앙대학교,인문사회계열,6861000.0
2023,중앙대학교,자연과학계열,8946069.45
2023,중앙대학교 _제2캠퍼스,공학계열,8806416.65
2023,중앙대학교 _제2캠퍼스,예체능계열,9127736.842105264
2023,중앙대학교 _제2캠퍼스,자연과학계열,7987000.0
2023,중앙승가대학교,인문사회계열,1760000.0
2023,중원대학교,공학계열,7732228.76
2023,중원대학교,예체능계열,7450760.366666667
2023,중원대학교,인문사회계열,6210875.677777778
2023,중원대학교,자연과학계열,7685772.9125
2023,진주교육대학교,인문사회계열,3585006.1833333336
2023,차의과학대학교,인문사회계열,6959833.333333333
2023,차의과학대학교,자연과학계열,7425130.649999999
2023,창신대학교,공학계열,7313810.5200000005
2023,창신대학교,예체능계열,6897841.45
2023,창신대학교,인문사회계열,5581310.444444444
2023,창신대학교,자연과학계열,6602538.45
2023,청운대학교,공학계열,7621521.55
2023,청운대학교,예체능계열,7918030.3
2023,청운대학교,인문사회계열,6550152.763636365
2023,청운대학교,자연과학계열,7627004.966666666
2023,청주교육대학교,인문사회계열,3414000.0
2023,청주대학교,공학계열,8287357.605263158
2023,청주대학교,예체능계열,8118638.13
2023,청주대학교,인문사회계열,6889266.447368421
2023,청주대학교,자연과학계열,7942568.263636365
2023,초당대학교,공학계열,7505333.333333333
2023,초당대학교,예체능계열,6685818.2
2023,초당대학교,인문사회계열,5660269.375
2023,초당대학교,자연과학계열,6701509.157142857
2023,총신대학교,예체능계열,8774599.1
2023,총신대학교,인문사회계열,6604876.35
2023,추계예술대학교,예체능계열,9271433.422222221
2023,추계예술대학교,인문사회계열,6988483.866666667
2023,춘천교육대학교,인문사회계열,3312996.875
2023,충남대학교,공학계열,4844000.0
2023,충남대학교,예체능계열,4607750.0
2023,충남대학교,의학계열,7623000.0
2023,충남대학교,인문사회계열,3381272.727272727
2023,충남대학교,자연과학계열,4204051.724137931
2023,충북대학교,공학계열,4598555.555555556
2023,충북대학교,예체능계열,4437833.333333333
2023,충북대학교,의학계열,7445000.0
2023,충북대학교,인문사회계열,3516035.714285714
2023,충북대학교,자연과학계열,4446371.794871795
2023,칼빈대학교,공학계열,8700000.0
2023,칼빈대학교,예체능계열,8400000.0
2023,칼빈대학교,인문사회계열,7162116.399999999
2023,칼빈대학교,자연과학계열,8500000.0
2023,평택대학교,공학계열,8042166.0
2023,평택대학교,예체능계열,8755980.120000001
2023,평택대학교,인문사회계열,6741842.33
2023,평택대학교,자연과학계열,7866847.433333334
2023,포항공과대학교,공학계열,5597015.85
2023,한경국립대학교,공학계열,4202050.0
2023,한경국립대학교,예체능계열,4330040.0
2023,한경국립대학교,인문사회계열,3604640.0
2023,한경국립대학교,자연과학계열,3967440.0
2023,한국공학대학교,공학계열,9170963.411764706
2023,한국공학대학교,인문사회계열,8463711.120000001
2023,한국과학기술원,공학계열,6866000.0
2023,한국과학기술원,인문사회계열,6866000.0
2023,한국과학기술원,자연과학계열,6866000.0
2023,한국교원대학교,공학계열,3600000.0
2023,한국교원대학교,예체능계열,3801333.3333333335
2023,한국교원대학교,인문사회계열,2874000.0
2023,한국교원대학교,자연과학계열,3509250.0
2023,한국기술교육대학교,공학계열,4726443.2
2023,한국기술교육대학교,인문사회계열,3318228.05
2023,한국방송통신대학교,공학계열,1472800.0
2023,한국방송통신대학교,예체능계열,757600.0
2023,한국방송통신대학교,인문사회계열,786066.6666666666
2023,한국방송통신대학교,자연과학계열,731600.0
2023,한국성서대학교,공학계열,7522500.0
2023,한국성서대학교,인문사회계열,6742500.0
2023,한국성서대학교,자연과학계열,7962500.0
2023,한국에너지공과대학교,공학계열,9000000.0
2023,한국예술종합학교,공학계열,4773200.0
2023,한국예술종합학교,예체능계열,4808000.0
2023,한국예술종합학교,인문사회계열,4808000.0
2023,한국외국어대학교,공학계열,8516401.0
2023,한국외국어대학교,인문사회계열,7004705.261904762
2023,한국외국어대학교,자연과학계열,7764288.350000001
2023,한국전통문화대학교,공학계열,3499500.0
2023,한국전통문화대학교,예체능계열,3419000.0
2023,한국전통문화대학교,인문사회계열,2794833.3333333335
2023,한국전통문화대학교,자연과학계열,3631000.0
2023,한국체육대학교,예체능계열,4124166.6666666665
2023,한국체육대학교,인문사회계열,4186000.0
2023,한국침례신학대학교,예체능계열,7569325.3
2023,한국침례신학대학교,인문사회계열,5660280.585714286
2023,한국항공대학교,공학계열,8871169.257142859
2023,한국항공대학교,인문사회계열,6843132.1
2023,한국항공대학교,자연과학계열,8427955.9
2023,한남대학교,공학계열,8244717.165000001
2023,한남대학교,예체능계열,8235252.785714285
2023,한남대학교,인문사회계열,6536357.664583333
2023,한남대학교,자연과학계열,7595754.07
2023,한동대학교,공학계열,7503714.285714285
2023,한동대학교,인문사회계열,6282000.0
2023,한동대학교,자연과학계열,7748000.0
2023,한라대학교,공학계열,7746941.218181819
2023,한라대학교,예체능계열,7768701.959999999
2023,한라대학교,인문사회계열,6199092.307692308
2023,한림대학교,공학계열,8410671.42857143
2023,한림대학교,예체능계열,8107950.0
2023,한림대학교,의학계열,10294000.0
2023,한림대학교,인문사회계열,6792178.617857143
2023,한림대학교,자연과학계열,8021946.666666667
2023,한서대학교,공학계열,8493474.894117646
2023,한서대학교,예체능계열,8051885.714285715
2023,한서대학교,인문사회계열,7280734.3
2023,한서대학교,자연과학계열,7971464.4399999995
2023,한성대학교,공학계열,8421668.925
2023,한성대학교,예체능계열,8595303.7
2023,한성대학교,인문사회계열,6808136.5875
2023,한세대학교,공학계열,8877534.65
2023,한세대학교,예체능계열,9529053.540000001
2023,한세대학교,인문사회계열,7156844.640000001
2023,한세대학교,자연과학계열,8275250.0
2023,한신대학교,공학계열,8111666.666666667
2023,한신대학교,예체능계열,7895000.0
2023,한신대학교,인문사회계열,6940444.444444444
2023,한신대학교,자연과학계열,7864000.0
2023,한양대학교,공학계열,9308721.50869565
2023,한양대학교,예체능계열,9432209.775
2023,한양대학교,의학계열,10822000.0
2023,한양대학교,인문사회계열,7235425.327272727
2023,한양대학교,자연과학계열,8419366.41
2023,한양대학교(ERICA) _분교,공학계열,9164998.968181819
2023,한양대학교(ERICA) _분교,예체능계열,9094833.333333334
2023,한양대학교(ERICA) _분교,인문사회계열,7074750.0
2023,한양대학교(ERICA) _분교,자연과학계열,9007464.285714285
2023,한일장신대학교,예체능계열,7050000.0
2023,한일장신대학교,인문사회계열,5815000.0
2023,한일장신대학교,자연과학계열,7000000.0
2023,협성대학교,공학계열,8609635.78
2023,협성대학교,예체능계열,8611227.6
2023,협성대학교,인문사회계열,6630305.529999999
2023,협성대학교,자연과학계열,8501654.7
2023,호남대학교,공학계열,6905423.990909091
2023,호남대학교,예체능계열,6855202.25
2023,호남대학교,인문사회계열,5935859.985714286
2023,호남대학교,자연과학계열,6766061.44
2023,호남신학대학교,예체능계열,8042918.2
2023,호남신학대학교,인문사회계열,5875747.45
2023,호서대학교,공학계열,8281787.846875
2023,호서대학교,예체능계열,8238247.154545455
2023,호서대학교,인문사회계열,6892391.688235294
2023,호서대학교,자연과학계열,7764933.08
2023,호원대학교,공학계열,7024807.692307692
2023,호원대학교,예체능계열,6992677.128571428
2023,호원대학교,인문사회계열,5691336.927777778
2023,호원대학교,자연과학계열,6720221.693333333
2023,홍익대학교,공학계열,8998178.42
2023,홍익대학교,예체능계열,9269800.0
2023,홍익대학교,인문사회계열,6897800.0
2023,홍익대학교,자연과학계열,6897800.0
2023,홍익대학교 _제2캠퍼스,공학계열,8987632.318181818
2023,홍익대학교 _제2캠퍼스,예체능계열,9033800.0
2023,홍익대학교 _제2캠퍼스,인문사회계열,7609800.0
2023,화성의과학대학교,공학계열,6680000.0
2023,화성의과학대학교,예체능계열,7257000.0
2023,화성의과학대학교,인문사회계열,6511250.0
2023,화성의과학대학교,자연과학계열,8399000.0
