기준연도,학교명,대계열,1인당장학금
2014,가야대학교(고령) _제2캠퍼스,인문사회계열,0.0
2014,가야대학교(김해),예체능계열,2303200.0
2014,가야대학교(김해),인문사회계열,2940514.244741874
2014,가야대학교(김해),자연과학계열,3217007.3305670815
2014,가천대학교,공학계열,3074145.7036775104
2014,가천대학교,예체능계열,2588130.973025048
2014,가천대학교,의학계열,4991100.0
2014,가천대학교,인문사회계열,2804346.633634509
2014,가천대학교,자연과학계열,3258883.517968117
2014,가톨릭관동대학교,공학계열,2909449.656893325
2014,가톨릭관동대학교,예체능계열,3615234.9236641224
2014,가톨릭관동대학교,의학계열,2172900.0
2014,가톨릭관동대학교,인문사회계열,2738226.511038726
2014,가톨릭관동대학교,자연과학계열,3302674.3119266056
2014,가톨릭꽃동네대학교,인문사회계열,4876200.0
2014,가톨릭꽃동네대학교,자연과학계열,5053900.0
2014,가톨릭대학교,공학계열,2744522.585669782
2014,가톨릭대학교,예체능계열,2088500.0
2014,가톨릭대학교,인문사회계열,2739935.885167464
2014,가톨릭대학교,자연과학계열,2943243.474842767
2014,가톨릭대학교 _제2캠퍼스,의학계열,1839800.0
2014,가톨릭대학교 _제2캠퍼스,자연과학계열,2985400.0
2014,가톨릭대학교 _제3캠퍼스,인문사회계열,5760800.0
2014,감리교신학대학교,인문사회계열,3464456.886898096
2014,강남대학교,공학계열,2878986.4983534575
2014,강남대학교,예체능계열,2804520.314735336
2014,강남대학교,인문사회계열,2507548.5063752276
2014,강남대학교,자연과학계열,2571800.0
2014,강서대학교,예체능계열,3444234.7517730496
2014,강서대학교,인문사회계열,3209421.1764705884
2014,강원대학교,공학계열,2433044.056338028
2014,강원대학교,예체능계열,2644337.6111817025
2014,강원대학교,의학계열,2031460.759493671
2014,강원대학교,인문사회계열,2324254.620716211
2014,강원대학교,자연과학계열,2397760.682085457
2014,강원대학교 _제2캠퍼스,공학계열,2915665.9892029217
2014,강원대학교 _제2캠퍼스,예체능계열,3173515.6576200416
2014,강원대학교 _제2캠퍼스,인문사회계열,3257640.4074702887
2014,강원대학교 _제2캠퍼스,자연과학계열,4160645.3895639745
2014,건국대학교,공학계열,2933982.135128637
2014,건국대학교,예체능계열,2887303.2608695654
2014,건국대학교,의학계열,3053600.0
2014,건국대학교,인문사회계열,2727485.061593638
2014,건국대학교,자연과학계열,3040758.0086580086
2014,건국대학교(글로컬) _분교,공학계열,3044841.366078281
2014,건국대학교(글로컬) _분교,예체능계열,3053889.8902368573
2014,건국대학교(글로컬) _분교,의학계열,0.0
2014,건국대학교(글로컬) _분교,인문사회계열,2865861.5480649187
2014,건국대학교(글로컬) _분교,자연과학계열,3111389.6813353566
2014,건양대학교,공학계열,3239912.542182227
2014,건양대학교,예체능계열,3576300.0
2014,건양대학교,인문사회계열,3142443.126520681
2014,건양대학교,자연과학계열,3616413.5826771655
2014,건양대학교 _제2캠퍼스,의학계열,2027700.0
2014,건양대학교 _제2캠퍼스,인문사회계열,3648900.0
2014,건양대학교 _제2캠퍼스,자연과학계열,3255003.34412082
2014,경기대학교,공학계열,2993635.558659218
2014,경기대학교,예체능계열,3933854.7309833025
2014,경기대학교,인문사회계열,3100408.3303281646
2014,경기대학교,자연과학계열,3089219.302514193
2014,경기대학교 _제2캠퍼스,예체능계열,3284140.2116402118
2014,경기대학교 _제2캠퍼스,인문사회계열,2906079.1706846673
2014,경남과학기술대학교,공학계열,2669088.7314874437
2014,경남과학기술대학교,예체능계열,2508800.0
2014,경남과학기술대학교,인문사회계열,2745845.641025641
2014,경남과학기술대학교,자연과학계열,2990614.499532273
2014,경남대학교,공학계열,2330241.355721393
2014,경남대학교,예체능계열,3130643.155031732
2014,경남대학교,인문사회계열,2470732.399772533
2014,경남대학교,자연과학계열,2846677.402928071
2014,경동대학교,공학계열,3381786.6666666665
2014,경동대학교,예체능계열,5601333.333333333
2014,경동대학교,인문사회계열,3260445.9170854273
2014,경동대학교,자연과학계열,3533480.7463952503
2014,경동대학교 _제2캠퍼스,공학계열,3605700.0
2014,경동대학교 _제2캠퍼스,예체능계열,0.0
2014,경동대학교 _제2캠퍼스,인문사회계열,3109283.832335329
2014,경동대학교 _제2캠퍼스,자연과학계열,3114100.0
2014,경동대학교 _제3캠퍼스,자연과학계열,3880769.7651663404
2014,경동대학교 _제4캠퍼스,공학계열,4145173.529411765
2014,경동대학교 _제4캠퍼스,예체능계열,3209800.0
2014,경동대학교 _제4캠퍼스,인문사회계열,4221102.487562189
2014,경북대학교,공학계열,2859786.0585612725
2014,경북대학교,예체능계열,2718345.254237288
2014,경북대학교,의학계열,1870565.2173913044
2014,경북대학교,인문사회계열,2416961.5600373982
2014,경북대학교,자연과학계열,2888232.955465587
2014,경상국립대학교,공학계열,2648282.4406047515
2014,경상국립대학교,예체능계열,2237111.8279569894
2014,경상국립대학교,의학계열,3100398.393574297
2014,경상국립대학교,인문사회계열,2250459.240458733
2014,경상국립대학교,자연과학계열,2919766.1484918795
2014,경성대학교,공학계열,3119220.767824497
2014,경성대학교,예체능계열,3216491.8177983975
2014,경성대학교,인문사회계열,2730450.1094091902
2014,경성대학교,자연과학계열,2889982.953882078
2014,경운대학교,공학계열,5037288.235294118
2014,경운대학교,예체능계열,4948674.489795919
2014,경운대학교,인문사회계열,3598376.6233766233
2014,경운대학교,자연과학계열,3542124.705882353
2014,경운대학교(산업대),공학계열,3844649.7975708502
2014,경운대학교(산업대),예체능계열,3578021.387283237
2014,경운대학교(산업대),인문사회계열,2516666.2519440125
2014,경운대학교(산업대),자연과학계열,2845415.5223880596
2014,경인교육대학교,인문사회계열,2451303.605015674
2014,경인교육대학교 _제2캠퍼스,예체능계열,2398403.9164490863
2014,경인교육대학교 _제2캠퍼스,인문사회계열,2371186.763450043
2014,경인교육대학교 _제2캠퍼스,자연과학계열,2090470.0460829493
2014,경일대학교,공학계열,3117237.52151463
2014,경일대학교,예체능계열,3006160.5513307983
2014,경일대학교,인문사회계열,2475283.540802213
2014,경일대학교,자연과학계열,3821702.9801324503
2014,경희대학교,공학계열,2985292.1282207347
2014,경희대학교,예체능계열,3083560.872799405
2014,경희대학교,의학계열,2873893.0022573364
2014,경희대학교,인문사회계열,2615737.3299650215
2014,경희대학교,자연과학계열,2909704.818451701
2014,계명대학교,공학계열,3214165.3836150845
2014,계명대학교,예체능계열,3285451.47299509
2014,계명대학교,의학계열,2848800.0
2014,계명대학교,인문사회계열,2939112.845474796
2014,계명대학교,자연과학계열,3337244.8726772196
2014,고려대학교,공학계열,3308695.5263157897
2014,고려대학교,예체능계열,3993936.1486486485
2014,고려대학교,의학계열,3656000.0
2014,고려대학교,인문사회계열,2601634.7459270754
2014,고려대학교,자연과학계열,3106922.637644046
2014,고려대학교(세종) _분교,공학계열,2791899.612102405
2014,고려대학교(세종) _분교,예체능계열,3179122.9287090558
2014,고려대학교(세종) _분교,인문사회계열,2943967.5645653987
2014,고려대학교(세종) _분교,자연과학계열,2919251.7358747446
2014,고신대학교,공학계열,0.0
2014,고신대학교,예체능계열,3736325.108225108
2014,고신대학교,의학계열,2006800.0
2014,고신대학교,인문사회계열,3613607.837150127
2014,고신대학교,자연과학계열,3428280.528846154
2014,공주교육대학교,인문사회계열,2296827.808814401
2014,광신대학교,예체능계열,4058726.923076923
2014,광신대학교,인문사회계열,4020003.601108033
2014,광운대학교,공학계열,2520309.177990644
2014,광운대학교,예체능계열,4933800.0
2014,광운대학교,인문사회계열,2298340.5555555555
2014,광운대학교,자연과학계열,2289969.8591549294
2014,광주가톨릭대학교,인문사회계열,0.0
2014,광주과학기술원,공학계열,6641000.0
2014,광주과학기술원,자연과학계열,6292367.804878049
2014,광주교육대학교,인문사회계열,3016208.9864864866
2014,광주대학교,공학계열,3625096.9839773797
2014,광주대학교,예체능계열,3662575.930735931
2014,광주대학교,인문사회계열,3601374.5972449216
2014,광주대학교,자연과학계열,4321436.540962289
2014,광주여자대학교,예체능계열,3197785.696969697
2014,광주여자대학교,인문사회계열,3506299.4089834513
2014,광주여자대학교,자연과학계열,3607647.5974025973
2014,국립강릉원주대학교,공학계열,2590635.8952702703
2014,국립강릉원주대학교,예체능계열,2957530.7517084284
2014,국립강릉원주대학교,의학계열,2352400.0
2014,국립강릉원주대학교,인문사회계열,2437622.4272242724
2014,국립강릉원주대학교,자연과학계열,2633994.9394939495
2014,국립강릉원주대학교 _제2캠퍼스,공학계열,2909632.0413436694
2014,국립강릉원주대학교 _제2캠퍼스,예체능계열,2536800.0
2014,국립강릉원주대학교 _제2캠퍼스,인문사회계열,2382100.2666666666
2014,국립강릉원주대학교 _제2캠퍼스,자연과학계열,2770398.992443325
2014,국립경국대학교,공학계열,2914888.548864758
2014,국립경국대학교,예체능계열,3136845.652173913
2014,국립경국대학교,인문사회계열,2599656.795716639
2014,국립경국대학교,자연과학계열,2921651.3625592417
2014,국립공주대학교,공학계열,2090900.683829445
2014,국립공주대학교,예체능계열,2839316.5032679737
2014,국립공주대학교,인문사회계열,2274646.155760139
2014,국립공주대학교,자연과학계열,2624233.376690947
2014,국립군산대학교,공학계열,2968736.2828947366
2014,국립군산대학교,예체능계열,3052772.4738675957
2014,국립군산대학교,인문사회계열,2753941.9880715706
2014,국립군산대학교,자연과학계열,3051872.4137931033
2014,국립금오공과대학교,공학계열,2636693.058863559
2014,국립금오공과대학교,인문사회계열,2084732.1937321937
2014,국립금오공과대학교,자연과학계열,2598026.488095238
2014,국립목포대학교,공학계열,2767428.625472888
2014,국립목포대학교,예체능계열,2912094.7004608293
2014,국립목포대학교,인문사회계열,2584432.4940047963
2014,국립목포대학교,자연과학계열,2882937.0159453303
2014,국립목포해양대학교,공학계열,2487154.946852003
2014,국립부경대학교,공학계열,2530462.4800098413
2014,국립부경대학교,예체능계열,2666246.649484536
2014,국립부경대학교,인문사회계열,2077749.5391705069
2014,국립부경대학교,자연과학계열,2504624.210526316
2014,국립순천대학교,공학계열,2798550.5470459517
2014,국립순천대학교,예체능계열,2748804.326123128
2014,국립순천대학교,인문사회계열,2346747.8592162556
2014,국립순천대학교,자연과학계열,2812057.7537593986
2014,국립창원대학교,공학계열,2472892.3737547235
2014,국립창원대학교,예체능계열,2540570.9064327483
2014,국립창원대학교,인문사회계열,2110469.9029126214
2014,국립창원대학교,자연과학계열,2435170.09569378
2014,국립한국교통대학교,공학계열,2884865.0643776823
2014,국립한국교통대학교,예체능계열,3354653.3333333335
2014,국립한국교통대학교,인문사회계열,3197114.3386243386
2014,국립한국교통대학교,자연과학계열,3227910.8496732027
2014,국립한국해양대학교,공학계열,2403058.936223847
2014,국립한국해양대학교,예체능계열,3108200.0
2014,국립한국해양대학교,인문사회계열,2199843.4299516906
2014,국립한국해양대학교,자연과학계열,2404928.5475792987
2014,국립한밭대학교,공학계열,2237201.3333333335
2014,국립한밭대학교,예체능계열,2710833.45323741
2014,국립한밭대학교,인문사회계열,2179126.105717368
2014,국립한밭대학교,자연과학계열,3037539.446366782
2014,국민대학교,공학계열,3161144.283324038
2014,국민대학교,예체능계열,2978482.3175965664
2014,국민대학교,인문사회계열,2672817.1428571427
2014,국민대학교,자연과학계열,2908872.035040431
2014,극동대학교,공학계열,3957512.6559714796
2014,극동대학교,예체능계열,3404076.5217391304
2014,극동대학교,인문사회계열,3269450.737797957
2014,극동대학교,자연과학계열,4192671.878172589
2014,금강대학교,인문사회계열,8354640.939597315
2014,김천대학교,공학계열,3015600.0
2014,김천대학교,예체능계열,2952200.0
2014,김천대학교,인문사회계열,3028465.217391304
2014,김천대학교,자연과학계열,2524181.4611486485
2014,나사렛대학교,공학계열,2403584.6153846155
2014,나사렛대학교,예체능계열,3235612.340425532
2014,나사렛대학교,인문사회계열,3074372.9000770613
2014,나사렛대학교,자연과학계열,2654543.7815975733
2014,남부대학교,공학계열,3806827.6150627616
2014,남부대학교,예체능계열,4637076.715686275
2014,남부대학교,인문사회계열,3121702.492211838
2014,남부대학교,자연과학계열,3645219.831932773
2014,남서울대학교,공학계열,3647445.807590468
2014,남서울대학교,예체능계열,4427593.036529681
2014,남서울대학교,인문사회계열,4096933.071708883
2014,남서울대학교,자연과학계열,4975634.094151213
2014,남서울대학교(산업대),공학계열,4189588.704318937
2014,남서울대학교(산업대),예체능계열,4651981.129807692
2014,남서울대학교(산업대),인문사회계열,4374862.4624624625
2014,남서울대학교(산업대),자연과학계열,4495373.964497041
2014,단국대학교,공학계열,2645462.467569905
2014,단국대학교,예체능계열,3079204.207920792
2014,단국대학교,인문사회계열,2792497.2383225365
2014,단국대학교,자연과학계열,3100653.6458333335
2014,단국대학교 _제2캠퍼스,공학계열,2832054.5197740113
2014,단국대학교 _제2캠퍼스,예체능계열,3639296.887608069
2014,단국대학교 _제2캠퍼스,의학계열,2433942.3913043477
2014,단국대학교 _제2캠퍼스,인문사회계열,2837600.8911521323
2014,단국대학교 _제2캠퍼스,자연과학계열,2961671.825273011
2014,대구가톨릭대학교,공학계열,2802307.2750753337
2014,대구가톨릭대학교,예체능계열,2938613.736654804
2014,대구가톨릭대학교,의학계열,2088700.0
2014,대구가톨릭대학교,인문사회계열,2974363.2263242374
2014,대구가톨릭대학교,자연과학계열,3290380.072793449
2014,대구경북과학기술원,자연과학계열,2801400.0
2014,대구교육대학교,인문사회계열,2620660.8896591566
2014,대구대학교,공학계열,2566741.777896423
2014,대구대학교,예체능계열,3278230.719719134
2014,대구대학교,인문사회계열,2709681.1210945477
2014,대구대학교,자연과학계열,3126161.960326721
2014,대구예술대학교,예체능계열,2930869.6603773586
2014,대구예술대학교,인문사회계열,1116750.0
2014,대구예술대학교,자연과학계열,3583800.0
2014,대구외국어대학교,인문사회계열,2206068.125
2014,대구한의대학교,공학계열,2692506.3394683027
2014,대구한의대학교,예체능계열,2823584.12371134
2014,대구한의대학교,의학계열,2144600.0
2014,대구한의대학교,인문사회계열,2417270.248709526
2014,대구한의대학교,자연과학계열,2957262.810810811
2014,대신대학교,예체능계열,3010641.237113402
2014,대신대학교,인문사회계열,3761370.8154506437
2014,대전가톨릭대학교,인문사회계열,4836300.0
2014,대전대학교,공학계열,2832005.0738916257
2014,대전대학교,예체능계열,3022625.378346915
2014,대전대학교,의학계열,1732700.0
2014,대전대학교,인문사회계열,3066461.490306947
2014,대전대학교,자연과학계열,3086267.3346693385
2014,대전신학교,인문사회계열,1359000.0
2014,대전신학대학교,인문사회계열,4405100.0
2014,대진대학교,공학계열,3770419.615728329
2014,대진대학교,예체능계열,3275312.130885874
2014,대진대학교,인문사회계열,3775509.7425006637
2014,대진대학교,자연과학계열,3827450.6933744224
2014,덕성여자대학교,공학계열,3511948.7804878047
2014,덕성여자대학교,예체능계열,3275169.472361809
2014,덕성여자대학교,인문사회계열,3034860.670989569
2014,덕성여자대학교,자연과학계열,3362450.258684405
2014,동국대학교,공학계열,2655830.7925987295
2014,동국대학교,예체능계열,3165488.785046729
2014,동국대학교,인문사회계열,2831651.577484364
2014,동국대학교,자연과학계열,2807168.4729064037
2014,동국대학교(WISE) _분교,공학계열,2554645.7034220533
2014,동국대학교(WISE) _분교,예체능계열,3402276.6550522647
2014,동국대학교(WISE) _분교,의학계열,2645459.902200489
2014,동국대학교(WISE) _분교,인문사회계열,3002177.162999359
2014,동국대학교(WISE) _분교,자연과학계열,2951444.951140065
2014,동덕여자대학교,공학계열,2458032.705882353
2014,동덕여자대학교,예체능계열,2626350.862777321
2014,동덕여자대학교,인문사회계열,2374858.5068974844
2014,동덕여자대학교,자연과학계열,2476723.156899811
2014,동명대학교,공학계열,3438900.6325777546
2014,동명대학교,예체능계열,3160847.807017544
2014,동명대학교,인문사회계열,2757041.107286288
2014,동명대학교,자연과학계열,3356648.2035928145
2014,동명정보대학교,공학계열,1146545.4545454546
2014,동명정보대학교,예체능계열,629940.0
2014,동명정보대학교,인문사회계열,529220.0
2014,동서대학교,공학계열,3187475.3164556962
2014,동서대학교,예체능계열,2855387.7966101696
2014,동서대학교,인문사회계열,3164190.8957145484
2014,동서대학교,자연과학계열,3887312.2060470325
2014,동신대학교,공학계열,3425749.8333333335
2014,동신대학교,예체능계열,3757809.7378277155
2014,동신대학교,의학계열,2388100.0
2014,동신대학교,인문사회계열,3298205.7400574004
2014,동신대학교,자연과학계열,3561479.5690012434
2014,동아대학교,공학계열,2768308.9265165213
2014,동아대학교,예체능계열,3397306.4043915826
2014,동아대학교,의학계열,2662100.0
2014,동아대학교,인문사회계열,2702617.168581186
2014,동아대학교,자연과학계열,2788012.960973863
2014,동양대학교,공학계열,2254708.3808437856
2014,동양대학교,예체능계열,3344842.729970326
2014,동양대학교,인문사회계열,2365547.0617042114
2014,동양대학교,자연과학계열,3145400.0
2014,동의대학교,공학계열,2858308.26446281
2014,동의대학교,예체능계열,3364298.8513998566
2014,동의대학교,의학계열,2343600.0
2014,동의대학교,인문사회계열,2673496.2207792206
2014,동의대학교,자연과학계열,2907851.7971246005
2014,루터대학교,예체능계열,3076900.0
2014,루터대학교,인문사회계열,3510849.275362319
2014,루터대학교,자연과학계열,3342500.0
2014,명지대학교,공학계열,2857769.9062976683
2014,명지대학교,예체능계열,3507642.6415094337
2014,명지대학교,자연과학계열,3186436.516264428
2014,명지대학교 _제2캠퍼스,공학계열,3219883.700440529
2014,명지대학교 _제2캠퍼스,인문사회계열,2854218.1966242227
2014,목원대학교,공학계열,3192332.1948134094
2014,목원대학교,예체능계열,3205100.2952340785
2014,목원대학교,인문사회계열,3080101.1970313624
2014,목원대학교,자연과학계열,3066058.2491582492
2014,목포가톨릭대학교,인문사회계열,3998998.601398601
2014,목포가톨릭대학교,자연과학계열,3652200.0
2014,배재대학교,공학계열,3085341.398672792
2014,배재대학교,예체능계열,3718325.052192067
2014,배재대학교,인문사회계열,3216460.417853751
2014,배재대학교,자연과학계열,3327927.5434243176
2014,백석대학교,공학계열,3320181.3463098137
2014,백석대학교,예체능계열,4122868.2926829266
2014,백석대학교,인문사회계열,3707448.0598877105
2014,백석대학교,자연과학계열,4421099.402220325
2014,부산가톨릭대학교,공학계열,3392806.9637883008
2014,부산가톨릭대학교,인문사회계열,3211691.501416431
2014,부산가톨릭대학교,자연과학계열,3872865.397663023
2014,부산교육대학교,인문사회계열,2604162.281795511
2014,부산대학교,공학계열,3048027.4414437474
2014,부산대학교,예체능계열,2790653.4971644613
2014,부산대학교,의학계열,0.0
2014,부산대학교,인문사회계열,2483750.4476397177
2014,부산대학교,자연과학계열,2820573.3374766936
2014,부산외국어대학교,공학계열,3143112.8151260503
2014,부산외국어대학교,예체능계열,3940304.150943396
2014,부산외국어대학교,인문사회계열,2728823.070398643
2014,부산외국어대학교,자연과학계열,3102800.0
2014,부산장신대학교,인문사회계열,4861351.851851852
2014,삼육대학교,공학계열,3174593.670886076
2014,삼육대학교,예체능계열,2793954.282407407
2014,삼육대학교,인문사회계열,3120113.785154449
2014,삼육대학교,자연과학계열,3296043.119747899
2014,상명대학교,공학계열,2685288.5474860333
2014,상명대학교,예체능계열,3073579.400386847
2014,상명대학교,인문사회계열,2729519.38138479
2014,상명대학교,자연과학계열,3043632.3636363638
2014,상명대학교(천안) _분교,공학계열,3252251.038338658
2014,상명대학교(천안) _분교,예체능계열,3347752.037617555
2014,상명대학교(천안) _분교,인문사회계열,3027672.448979592
2014,상명대학교(천안) _분교,자연과학계열,3128280.112044818
2014,상지대학교,공학계열,2825019.9024390243
2014,상지대학교,예체능계열,3222279.56284153
2014,상지대학교,의학계열,3136500.0
2014,상지대학교,인문사회계열,2921111.7208840325
2014,상지대학교,자연과학계열,2756648.939554613
2014,서강대학교,공학계열,3220858.771444383
2014,서강대학교,인문사회계열,2685230.162412993
2014,서강대학교,자연과학계열,3021160.655737705
2014,서경대학교,공학계열,3176874.6149106594
2014,서경대학교,예체능계열,2775893.5217903415
2014,서경대학교,인문사회계열,2660578.319077724
2014,서경대학교,자연과학계열,3127902.3861171366
2014,서남대학교,공학계열,2040470.5882352942
2014,서남대학교,예체능계열,3348033.3333333335
2014,서남대학교,의학계열,655700.0
2014,서남대학교,인문사회계열,3070671.052631579
2014,서남대학교,자연과학계열,1645117.5
2014,서남대학교 _제2캠퍼스,공학계열,1431550.3649635036
2014,서남대학교 _제2캠퍼스,예체능계열,2870098.484848485
2014,서남대학교 _제2캠퍼스,인문사회계열,1278160.9571788413
2014,서남대학교 _제2캠퍼스,자연과학계열,1591900.0
2014,서울과학기술대학교,공학계열,2814246.693121693
2014,서울과학기술대학교,예체능계열,2377162.0466321246
2014,서울과학기술대학교,인문사회계열,3169530.712166172
2014,서울과학기술대학교,자연과학계열,2964666.057441253
2014,서울과학기술대학교(산업대),공학계열,2514618.7690742626
2014,서울과학기술대학교(산업대),예체능계열,2105256.8403908797
2014,서울과학기술대학교(산업대),인문사회계열,2521596.707105719
2014,서울과학기술대학교(산업대),자연과학계열,2677602.2346368716
2014,서울교육대학교,인문사회계열,2208024.9354005167
2014,서울기독대학교,예체능계열,3360209.6774193547
2014,서울기독대학교,인문사회계열,3077869.827586207
2014,서울대학교,공학계열,3707099.365899483
2014,서울대학교,예체능계열,2839536.194563662
2014,서울대학교,의학계열,3714520.634920635
2014,서울대학교,인문사회계열,2563095.176452458
2014,서울대학교,자연과학계열,3475912.332668755
2014,서울시립대학교,공학계열,1587036.4272671943
2014,서울시립대학교,예체능계열,1720377.7049180327
2014,서울시립대학교,인문사회계열,1326926.9272529858
2014,서울시립대학교,자연과학계열,1586469.4344163658
2014,서울신학대학교,예체능계열,4110106.1946902657
2014,서울신학대학교,인문사회계열,4435081.349003577
2014,서울여자대학교,공학계열,3260300.81300813
2014,서울여자대학교,예체능계열,2721973.023839398
2014,서울여자대학교,인문사회계열,3017335.152838428
2014,서울여자대학교,자연과학계열,2994893.372703412
2014,서울장신대학교,예체능계열,2824800.0
2014,서울장신대학교,인문사회계열,3441122.580645161
2014,서울한영대학교,예체능계열,3736300.0
2014,서울한영대학교,인문사회계열,3377066.18705036
2014,서원대학교,공학계열,3055679.190751445
2014,서원대학교,예체능계열,3045445.9734964324
2014,서원대학교,인문사회계열,3174369.311613242
2014,서원대학교,자연과학계열,3083625.324675325
2014,선문대학교,공학계열,3316606.985815603
2014,선문대학교,예체능계열,3774441.3114754097
2014,선문대학교,인문사회계열,3709721.729062138
2014,선문대학교,자연과학계열,3804791.053828658
2014,성결대학교,공학계열,3384392.33201581
2014,성결대학교,예체능계열,3371742.0560747664
2014,성결대학교,인문사회계열,3312711.7255356107
2014,성공회대학교,공학계열,3453568.8848920865
2014,성공회대학교,인문사회계열,3310137.6449054303
2014,성균관대학교,공학계열,3835407.570977918
2014,성균관대학교,예체능계열,3050340.6725380304
2014,성균관대학교,의학계열,9492000.0
2014,성균관대학교,인문사회계열,2908619.738880283
2014,성균관대학교,자연과학계열,3698379.3469387754
2014,성신여자대학교,공학계열,3141221.776504298
2014,성신여자대학교,예체능계열,3321822.183252959
2014,성신여자대학교,인문사회계열,3209258.452618228
2014,성신여자대학교,자연과학계열,4017226.5418502204
2014,세명대학교,공학계열,3267370.777690495
2014,세명대학교,예체능계열,3394132.541322314
2014,세명대학교,의학계열,2700300.0
2014,세명대학교,인문사회계열,3276471.2132629994
2014,세명대학교,자연과학계열,3645661.331956634
2014,세종대학교,공학계열,2739734.076999013
2014,세종대학교,예체능계열,2342271.409214092
2014,세종대학교,인문사회계열,2433962.7034883723
2014,세종대학교,자연과학계열,2442025.8700696058
2014,세한대학교,공학계열,2475992.7710843375
2014,세한대학교,예체능계열,2814395.97211464
2014,세한대학교,인문사회계열,2560454.611811546
2014,세한대학교,자연과학계열,3320048.6585365855
2014,세한대학교 _제2캠퍼스,예체능계열,2391860.4501607716
2014,세한대학교 _제2캠퍼스,인문사회계열,1750500.0
2014,송원대학교,공학계열,3588315.107913669
2014,송원대학교,예체능계열,3785308.5585585586
2014,송원대학교,인문사회계열,3371643.243243243
2014,송원대학교,자연과학계열,3330189.4941634242
2014,수원가톨릭대학교,인문사회계열,8828900.0
2014,수원대학교,공학계열,3286928.1426953566
2014,수원대학교,예체능계열,3484166.8411867362
2014,수원대학교,인문사회계열,3062961.0895946296
2014,수원대학교,자연과학계열,3127457.835218094
2014,숙명여자대학교,공학계열,3115159.4537815126
2014,숙명여자대학교,예체능계열,2979143.356207112
2014,숙명여자대학교,인문사회계열,3154715.756016346
2014,숙명여자대학교,자연과학계열,3103389.780154486
2014,순복음총회신학교,예체능계열,0.0
2014,순복음총회신학교,인문사회계열,3562196.7213114756
2014,순천향대학교,공학계열,2875298.1232294617
2014,순천향대학교,예체능계열,2967857.230769231
2014,순천향대학교,의학계열,1878700.0
2014,순천향대학교,인문사회계열,3089970.7505518766
2014,순천향대학교,자연과학계열,3164751.64556962
2014,숭실대학교,공학계열,2664299.392153251
2014,숭실대학교,예체능계열,4544300.0
2014,숭실대학교,인문사회계열,2818628.036500944
2014,숭실대학교,자연과학계열,2528023.169398907
2014,신경주대학교,공학계열,2389625.11627907
2014,신경주대학교,예체능계열,2622433.962264151
2014,신경주대학교,인문사회계열,2449576.5034965035
2014,신경주대학교,자연과학계열,2581373.3423545333
2014,신라대학교,공학계열,3199922.976680384
2014,신라대학교,예체능계열,2779435.714285714
2014,신라대학교,인문사회계열,2827195.247560535
2014,신라대학교,자연과학계열,3255073.9589807335
2014,신한대학교,공학계열,2615279.4979079496
2014,신한대학교,인문사회계열,2100600.0
2014,신한대학교,자연과학계열,2961000.0
2014,신한대학교 _제2캠퍼스,공학계열,2292736.9565217393
2014,신한대학교 _제2캠퍼스,예체능계열,2453809.405940594
2014,신한대학교 _제2캠퍼스,인문사회계열,2476918.546365915
2014,신한대학교 _제2캠퍼스,자연과학계열,2666657.092819615
2014,아신대학교,인문사회계열,3339178.982597055
2014,아주대학교,공학계열,2677848.2902584495
2014,아주대학교,의학계열,4574001.324503311
2014,아주대학교,인문사회계열,2840395.56803995
2014,아주대학교,자연과학계열,2763306.4356435644
2014,안양대학교,공학계열,3132329.9575070823
2014,안양대학교,예체능계열,2910109.124087591
2014,안양대학교,인문사회계열,3218767.4409127953
2014,안양대학교,자연과학계열,3396424.404761905
2014,안양대학교 _제2캠퍼스,공학계열,2721206.010928962
2014,안양대학교 _제2캠퍼스,인문사회계열,2284544.8398576514
2014,안양대학교 _제2캠퍼스,자연과학계열,2883500.0
2014,연세대학교,공학계열,4066598.8848429676
2014,연세대학교,예체능계열,3376829.950738916
2014,연세대학교,의학계열,3798782.638888889
2014,연세대학교,인문사회계열,2755525.0256095063
2014,연세대학교,자연과학계열,3070590.5122764474
2014,연세대학교(미래) _분교,공학계열,2918540.3661726243
2014,연세대학교(미래) _분교,예체능계열,2256253.8834951455
2014,연세대학교(미래) _분교,의학계열,3057200.0
2014,연세대학교(미래) _분교,인문사회계열,2599656.3826086954
2014,연세대학교(미래) _분교,자연과학계열,2906403.8666666667
2014,영남대학교,공학계열,3766566.1842882456
2014,영남대학교,예체능계열,3918047.8738652654
2014,영남대학교,의학계열,3395800.0
2014,영남대학교,인문사회계열,3368785.109414758
2014,영남대학교,자연과학계열,3911149.257688229
2014,영남신학대학교,인문사회계열,3319390.7786885244
2014,영산대학교,공학계열,2332144.4776119404
2014,영산대학교,예체능계열,3739619.8757763975
2014,영산대학교,인문사회계열,2201229.034229829
2014,영산대학교,자연과학계열,3571082.4175824174
2014,영산대학교 _제2캠퍼스,공학계열,2320293.4210526315
2014,영산대학교 _제2캠퍼스,예체능계열,2602983.6805555555
2014,영산대학교 _제2캠퍼스,인문사회계열,2355832.6482951893
2014,영산대학교 _제2캠퍼스,자연과학계열,2751109.7112860894
2014,영산대학교(산업대),공학계열,557333.3333333334
2014,영산대학교(산업대),예체능계열,0.0
2014,영산대학교(산업대),인문사회계열,519986.6666666667
2014,영산대학교(산업대) _제2캠퍼스,예체능계열,982666.6666666666
2014,영산대학교(산업대) _제2캠퍼스,인문사회계열,499639.1304347826
2014,영산대학교(산업대) _제2캠퍼스,자연과학계열,0.0
2014,영산선학대학교,인문사회계열,2862900.0
2014,예수대학교,인문사회계열,4148800.0
2014,예수대학교,자연과학계열,3156600.0
2014,예원예술대학교,예체능계열,2248439.225181598
2014,예원예술대학교,인문사회계열,2026866.6666666667
2014,예원예술대학교 _제2캠퍼스,예체능계열,2672331.489361702
2014,용인대학교,예체능계열,2896940.766754463
2014,용인대학교,인문사회계열,2527033.104540655
2014,용인대학교,자연과학계열,2392613.7862137863
2014,우석대학교,공학계열,2905587.7243359657
2014,우석대학교,예체능계열,3147572.3974763406
2014,우석대학교,의학계열,2436141.516245487
2014,우석대학교,인문사회계열,2652174.5283018867
2014,우석대학교,자연과학계열,2822312.505876822
2014,우송대학교,공학계열,2878807.6923076925
2014,우송대학교,예체능계열,2886140.2862985684
2014,우송대학교,인문사회계열,3110145.264348318
2014,우송대학교,자연과학계열,3186109.528585757
2014,우송대학교(산업대),예체능계열,0.0
2014,울산과학기술원,공학계열,6227759.178321678
2014,울산과학기술원,인문사회계열,6180164.85013624
2014,울산과학기술원,자연과학계열,6214603.935599284
2014,울산대학교,공학계열,2207479.2207792206
2014,울산대학교,예체능계열,2444789.453125
2014,울산대학교,의학계열,8734600.0
2014,울산대학교,인문사회계열,1883323.9684466019
2014,울산대학교,자연과학계열,2596038.7774594077
2014,원광대학교,공학계열,3062963.0246271244
2014,원광대학교,예체능계열,3439960.638820639
2014,원광대학교,의학계열,2503811.003861004
2014,원광대학교,인문사회계열,2990857.9997229534
2014,원광대학교,자연과학계열,3036832.99779805
2014,위덕대학교,공학계열,2823121.8700475437
2014,위덕대학교,예체능계열,4167906.995884774
2014,위덕대학교,인문사회계열,2897232.9452054794
2014,위덕대학교,자연과학계열,2843224.300254453
2014,유원대학교,공학계열,2955593.3514246945
2014,유원대학교,예체능계열,3733922.073578595
2014,유원대학교,인문사회계열,2731073.709677419
2014,유원대학교,자연과학계열,2975605.3333333335
2014,을지대학교,의학계열,2496700.0
2014,을지대학교,인문사회계열,4353925.714285715
2014,을지대학교,자연과학계열,4489067.465753425
2014,을지대학교 _제2캠퍼스,공학계열,3455360.0
2014,을지대학교 _제2캠퍼스,예체능계열,2950279.4392523365
2014,을지대학교 _제2캠퍼스,인문사회계열,3458340.3773584906
2014,을지대학교 _제2캠퍼스,자연과학계열,3459615.300031417
2014,이화여자대학교,공학계열,3314623.8448844883
2014,이화여자대학교,예체능계열,2786202.007360321
2014,이화여자대학교,인문사회계열,2785920.065233148
2014,이화여자대학교,자연과학계열,3329661.4573643412
2014,인제대학교,공학계열,2710298.0434782607
2014,인제대학교,예체능계열,3241979.1061452515
2014,인제대학교,인문사회계열,2682691.1217437536
2014,인제대학교,자연과학계열,2821858.0384226493
2014,인제대학교 _제2캠퍼스,의학계열,1493300.0
2014,인제대학교 _제2캠퍼스,자연과학계열,2690700.0
2014,인천가톨릭대학교,인문사회계열,4455500.0
2014,인천가톨릭대학교 _제2캠퍼스,예체능계열,2126833.3333333335
2014,인천가톨릭대학교 _제2캠퍼스,자연과학계열,3709300.0
2014,인천대학교,공학계열,2834204.349382495
2014,인천대학교,예체능계열,2607245.9227467813
2014,인천대학교,인문사회계열,2688656.8259044574
2014,인천대학교,자연과학계열,2531317.4216027874
2014,인하대학교,공학계열,2873747.6703889105
2014,인하대학교,예체능계열,3478622.0588235296
2014,인하대학교,의학계열,0.0
2014,인하대학교,인문사회계열,2765321.9823356234
2014,인하대학교,자연과학계열,2725971.5035799523
2014,장로회신학대학교,예체능계열,3304300.0
2014,장로회신학대학교,인문사회계열,3195217.7242888403
2014,전남대학교,공학계열,2624355.8774637855
2014,전남대학교,예체능계열,2745055.9523809524
2014,전남대학교,의학계열,2484272.093023256
2014,전남대학교,인문사회계열,2436879.059011164
2014,전남대학교,자연과학계열,2689448.9490073957
2014,전남대학교 _제2캠퍼스,공학계열,2920151.3513513515
2014,전남대학교 _제2캠퍼스,예체능계열,3049200.0
2014,전남대학교 _제2캠퍼스,인문사회계열,2433268.3921568627
2014,전남대학교 _제2캠퍼스,자연과학계열,3673803.289473684
2014,전북대학교,공학계열,2552712.975194481
2014,전북대학교,예체능계열,2632029.714285714
2014,전북대학교,의학계열,2475644.3349753693
2014,전북대학교,인문사회계열,2182193.1803490627
2014,전북대학교,자연과학계열,2549386.5318416525
2014,전주교육대학교,인문사회계열,2178855.529037391
2014,전주대학교,공학계열,3044509.8075160403
2014,전주대학교,예체능계열,3295938.350515464
2014,전주대학교,인문사회계열,3029763.1486057183
2014,전주대학교,자연과학계열,3379015.95609962
2014,정석대학,공학계열,0.0
2014,정석대학,인문사회계열,0.0
2014,제주국제대학교,공학계열,2978734.6153846155
2014,제주국제대학교,예체능계열,3988450.226244344
2014,제주국제대학교,인문사회계열,3120634.6938775512
2014,제주국제대학교,자연과학계열,3569285.714285714
2014,제주대학교,공학계열,2901729.3637846657
2014,제주대학교,예체능계열,2792064.647887324
2014,제주대학교,의학계열,2397144.827586207
2014,제주대학교,인문사회계열,2202200.976205003
2014,제주대학교,자연과학계열,2687145.09202454
2014,조선대학교,공학계열,2917392.2401847574
2014,조선대학교,예체능계열,3257049.356836589
2014,조선대학교,의학계열,1995368.4210526317
2014,조선대학교,인문사회계열,2981521.0407749494
2014,조선대학교,자연과학계열,3056257.7327055414
2014,중부대학교,공학계열,2802544.0914158304
2014,중부대학교,예체능계열,3145576.4556962023
2014,중부대학교,인문사회계열,3254133.8840807765
2014,중부대학교,자연과학계열,3334360.0347523894
2014,중앙대학교,공학계열,3040396.616134272
2014,중앙대학교,예체능계열,3211410.800744879
2014,중앙대학교,인문사회계열,2651007.008609191
2014,중앙대학교,자연과학계열,2648936.35041803
2014,중앙대학교 _제2캠퍼스,공학계열,2446395.0495049506
2014,중앙대학교 _제2캠퍼스,예체능계열,3076878.1655844157
2014,중앙대학교 _제2캠퍼스,인문사회계열,2837328.604224059
2014,중앙대학교 _제2캠퍼스,자연과학계열,2941857.7519379845
2014,중앙승가대학교,인문사회계열,1624421.161825726
2014,중원대학교,공학계열,3430463.318112633
2014,중원대학교,예체능계열,4135366.5369649804
2014,중원대학교,인문사회계열,3745409.5873786407
2014,중원대학교,자연과학계열,3832149.4269340974
2014,진주교육대학교,인문사회계열,2974566.013986014
2014,진주산업대학교(산업대),공학계열,2045313.370786517
2014,진주산업대학교(산업대),예체능계열,548047.0588235294
2014,진주산업대학교(산업대),인문사회계열,1905692.962962963
2014,진주산업대학교(산업대),자연과학계열,2079616.149068323
2014,차의과학대학교,인문사회계열,2306822.6548672565
2014,차의과학대학교,자연과학계열,2004092.105263158
2014,창신대학교,공학계열,1935121.6216216215
2014,창신대학교,예체능계열,3010555.5555555555
2014,창신대학교,인문사회계열,3167387.926509186
2014,창신대학교,자연과학계열,2997179.411764706
2014,청운대학교,공학계열,3463809.3403385873
2014,청운대학교,예체능계열,4506345.884146341
2014,청운대학교,인문사회계열,3231400.067636118
2014,청운대학교,자연과학계열,4063812.643678161
2014,청주교육대학교,인문사회계열,2121446.630094044
2014,청주대학교,공학계열,3948282.2388717495
2014,청주대학교,예체능계열,4370116.00877193
2014,청주대학교,인문사회계열,3728728.6502221543
2014,청주대학교,자연과학계열,4292585.091496233
2014,초당대학교,공학계열,3142553.1561461794
2014,초당대학교,예체능계열,4543512.9793510325
2014,초당대학교,인문사회계열,3514514.1826923075
2014,초당대학교,자연과학계열,3474782.7757125157
2014,초당대학교(산업대),공학계열,2375235.3448275863
2014,초당대학교(산업대),예체능계열,3338466.8292682925
2014,초당대학교(산업대),인문사회계열,2174671.296296296
2014,초당대학교(산업대),자연과학계열,2171306.727272727
2014,총신대학교,예체능계열,3767500.0
2014,총신대학교,인문사회계열,3500761.344537815
2014,추계예술대학교,예체능계열,2792137.0249728556
2014,추계예술대학교,인문사회계열,2812598.106060606
2014,춘천교육대학교,인문사회계열,2473900.693481276
2014,충남대학교,공학계열,2617992.954918781
2014,충남대학교,예체능계열,2735263.0753138075
2014,충남대학교,의학계열,2024362.8820960699
2014,충남대학교,인문사회계열,2284212.103389568
2014,충남대학교,자연과학계열,2366958.132234648
2014,충북대학교,공학계열,2686052.277019937
2014,충북대학교,예체능계열,2855505.85106383
2014,충북대학교,의학계열,3055167.3076923075
2014,충북대학교,인문사회계열,2396379.7119341563
2014,충북대학교,자연과학계열,2749805.20204366
2014,칼빈대학교,예체능계열,2419138.095238095
2014,칼빈대학교,인문사회계열,3173128.5714285714
2014,탐라대학교,공학계열,2752775.0
2014,탐라대학교,예체능계열,4326281.818181818
2014,탐라대학교,인문사회계열,3091385.2459016396
2014,평택대학교,공학계열,2901666.3157894737
2014,평택대학교,예체능계열,3109980.9523809524
2014,평택대학교,인문사회계열,3262991.7874396136
2014,평택대학교,자연과학계열,2998297.9310344825
2014,포항공과대학교,공학계열,5966972.785485593
2014,포항공과대학교,자연과학계열,6397887.410926366
2014,한경국립대학교,공학계열,2470878.9552238807
2014,한경국립대학교,예체능계열,2736216.9491525423
2014,한경국립대학교,인문사회계열,2785488.195615514
2014,한경국립대학교,자연과학계열,2501579.357798165
2014,한경대학교(산업대),공학계열,1967462.804097311
2014,한경대학교(산업대),예체능계열,1947676.1904761905
2014,한경대학교(산업대),인문사회계열,1907926.1382799326
2014,한경대학교(산업대),자연과학계열,1974468.8918558077
2014,한국공학대학교,공학계열,2681475.321239607
2014,한국공학대학교,예체능계열,2962714.8936170214
2014,한국공학대학교,인문사회계열,2812211.111111111
2014,한국과학기술원,공학계열,7289874.588788184
2014,한국과학기술원,인문사회계열,4188752.6315789474
2014,한국과학기술원,자연과학계열,6873512.280701755
2014,한국교원대학교,공학계열,2500600.0
2014,한국교원대학교,예체능계열,2289708.620689655
2014,한국교원대학교,인문사회계열,2358442.614475628
2014,한국교원대학교,자연과학계열,2608751.416430595
2014,한국교통대학교(산업대),공학계열,1846849.8964803312
2014,한국교통대학교(산업대),예체능계열,1092234.375
2014,한국교통대학교(산업대),인문사회계열,1689661.8055555555
2014,한국교통대학교(산업대),자연과학계열,1908432.0
2014,한국국제대학교,공학계열,1942289.8507462686
2014,한국국제대학교,예체능계열,2833528.343313373
2014,한국국제대학교,인문사회계열,2367325.3203172665
2014,한국국제대학교,자연과학계열,2358968.8909774437
2014,한국기술교육대학교,공학계열,3524131.8181818184
2014,한국기술교육대학교,인문사회계열,2743600.0
2014,한국방송통신대학교,공학계열,114100.0
2014,한국방송통신대학교,인문사회계열,152657.87434376287
2014,한국방송통신대학교,자연과학계열,162905.35301719073
2014,한국산업기술대학교(산업대),공학계열,2779652.715751358
2014,한국산업기술대학교(산업대),예체능계열,2851705.487804878
2014,한국산업기술대학교(산업대),인문사회계열,2875374.315068493
2014,한국성서대학교,공학계열,2820700.0
2014,한국성서대학교,인문사회계열,3461155.1116333725
2014,한국성서대학교,자연과학계열,3436200.0
2014,한국예술종합학교,공학계열,795400.0
2014,한국예술종합학교,예체능계열,1109102.3070097605
2014,한국예술종합학교,인문사회계열,1355393.2584269664
2014,한국외국어대학교,공학계열,2000407.2664359862
2014,한국외국어대학교,인문사회계열,2375026.2368383096
2014,한국외국어대학교,자연과학계열,1961004.9019607843
2014,한국전통문화대학교(일반),공학계열,2728487.341772152
2014,한국전통문화대학교(일반),예체능계열,2404200.0
2014,한국전통문화대학교(일반),인문사회계열,2417188.6075949366
2014,한국전통문화대학교(일반),자연과학계열,2660500.0
2014,한국체육대학교,예체능계열,2796142.9104477614
2014,한국체육대학교,인문사회계열,2530839.590443686
2014,한국침례신학대학교,예체능계열,4010356.846473029
2014,한국침례신학대학교,인문사회계열,3623426.3118994827
2014,한국항공대학교,공학계열,2791855.7644554805
2014,한국항공대학교,인문사회계열,2929252.8358208956
2014,한국항공대학교,자연과학계열,4069639.7260273974
2014,한남대학교,공학계열,2864203.7742631203
2014,한남대학교,예체능계열,3025988.212927757
2014,한남대학교,인문사회계열,2927282.7326298477
2014,한남대학교,자연과학계열,2858307.677165354
2014,한동대학교,공학계열,4036497.071129707
2014,한동대학교,인문사회계열,2500987.5937031484
2014,한동대학교,자연과학계열,3799900.0
2014,한라대학교,공학계열,3480263.0709426627
2014,한라대학교,예체능계열,3944023.660714286
2014,한라대학교,인문사회계열,2946395.514354067
2014,한려대학교,인문사회계열,3075783.0985915493
2014,한려대학교,자연과학계열,2391891.0256410255
2014,한림대학교,공학계열,3227965.6480505797
2014,한림대학교,예체능계열,4577256.913183279
2014,한림대학교,의학계열,2452200.0
2014,한림대학교,인문사회계열,3464627.130652219
2014,한림대학교,자연과학계열,3276480.3234501346
2014,한밭대학교(산업대),공학계열,1842442.2454120186
2014,한밭대학교(산업대),예체능계열,1652804.3902439023
2014,한밭대학교(산업대),인문사회계열,1849840.8926417371
2014,한밭대학교(산업대),자연과학계열,1861770.4918032787
2014,한북대학교,공학계열,2581833.3333333335
2014,한북대학교,예체능계열,2724205.172413793
2014,한북대학교,인문사회계열,2473758.6757990867
2014,한북대학교,자연과학계열,2834742.156862745
2014,한서대학교,공학계열,4052069.3208430912
2014,한서대학교,예체능계열,3310973.6029803087
2014,한서대학교,인문사회계열,3162918.405511811
2014,한서대학교,자연과학계열,3955524.7311827955
2014,한성대학교,공학계열,3480835.583153348
2014,한성대학교,예체능계열,2466766.0060975607
2014,한성대학교,인문사회계열,2768689.097875305
2014,한세대학교,공학계열,4258991.2
2014,한세대학교,예체능계열,3604315.8016147637
2014,한세대학교,인문사회계열,3877983.717948718
2014,한세대학교,자연과학계열,4195600.0
2014,한신대학교,공학계열,2559499.5249406174
2014,한신대학교,예체능계열,3350600.0
2014,한신대학교,인문사회계열,2785169.2107995846
2014,한신대학교,자연과학계열,2869929.411764706
2014,한양대학교,공학계열,3413566.774578293
2014,한양대학교,예체능계열,2859470.335276968
2014,한양대학교,의학계열,1784900.0
2014,한양대학교,인문사회계열,2796090.897908979
2014,한양대학교,자연과학계열,2377158.653340347
2014,한양대학교(ERICA) _분교,공학계열,2883616.9664268587
2014,한양대학교(ERICA) _분교,예체능계열,3356692.05801105
2014,한양대학교(ERICA) _분교,인문사회계열,2875855.198161976
2014,한양대학교(ERICA) _분교,자연과학계열,3260384.8034006376
2014,한일장신대학교,예체능계열,4303738.834951457
2014,한일장신대학교,인문사회계열,4455281.763826607
2014,한일장신대학교,자연과학계열,4340703.03030303
2014,한중대학교,공학계열,4015664.6341463416
2014,한중대학교,예체능계열,5171720.652173913
2014,한중대학교,인문사회계열,3816397.0472440943
2014,한중대학교,자연과학계열,4174243.3808553973
2014,협성대학교,공학계열,3002267.5350701404
2014,협성대학교,예체능계열,3010821.5065502184
2014,협성대학교,인문사회계열,3015226.76056338
2014,협성대학교,자연과학계열,3741100.0
2014,호남대학교,공학계열,2660780.300859599
2014,호남대학교,예체능계열,3107608.8983050846
2014,호남대학교,인문사회계열,2759635.7398373983
2014,호남대학교,자연과학계열,3105165.7612580415
2014,호남신학대학교,예체능계열,2419200.0
2014,호남신학대학교,인문사회계열,3315920.930232558
2014,호서대학교,공학계열,3112411.7085525035
2014,호서대학교,예체능계열,3281488.117770768
2014,호서대학교,인문사회계열,3167718.7351093786
2014,호서대학교,자연과학계열,3649505.186880244
2014,호원대학교,공학계열,3050142.5495262705
2014,호원대학교,예체능계열,2916953.525398029
2014,호원대학교,인문사회계열,3236527.834433113
2014,호원대학교,자연과학계열,3767190.7098121084
2014,홍익대학교,공학계열,3865860.2879424114
2014,홍익대학교,예체능계열,3432535.547201337
2014,홍익대학교,인문사회계열,3469744.017196083
2014,홍익대학교,자연과학계열,3951100.0
2014,홍익대학교(세종) _분교,공학계열,3557507.9358717436
2014,홍익대학교(세종) _분교,예체능계열,4180994.801852805
2014,홍익대학교(세종) _분교,인문사회계열,3506809.806694955
2014,화성의과학대학교,공학계열,3108858.4
2014,화성의과학대학교,예체능계열,2861498.947368421
2014,화성의과학대학교,인문사회계열,2982959.009009009
2014,화성의과학대학교,자연과학계열,4076000.0
2015,가야대학교(고령) _제2캠퍼스,인문사회계열,0.0
2015,가야대학교(김해),예체능계열,2904800.0
2015,가야대학교(김해),인문사회계열,3172934.2295760084
2015,가야대학교(김해),자연과학계열,3608229.709655638
2015,가천대학교,공학계열,3083901.2586206896
2015,가천대학교,예체능계열,2999803.4833091437
2015,가천대학교,의학계열,4724500.0
2015,가천대학교,인문사회계열,2926434.7486509513
2015,가천대학교,자연과학계열,3632704.4802867384
2015,가톨릭관동대학교,공학계열,3228113.8470800724
2015,가톨릭관동대학교,예체능계열,4048342.437431991
2015,가톨릭관동대학교,의학계열,1873300.0
2015,가톨릭관동대학교,인문사회계열,2909479.3238700037
2015,가톨릭관동대학교,자연과학계열,3275396.00591716
2015,가톨릭꽃동네대학교,인문사회계열,5804800.0
2015,가톨릭꽃동네대학교,자연과학계열,5838200.0
2015,가톨릭대학교,공학계열,3344056.438557763
2015,가톨릭대학교,예체능계열,3025900.0
2015,가톨릭대학교,인문사회계열,3013719.341275403
2015,가톨릭대학교,자연과학계열,3340286.745098039
2015,가톨릭대학교 _제2캠퍼스,의학계열,2593300.0
2015,가톨릭대학교 _제2캠퍼스,자연과학계열,4438564.943820225
2015,가톨릭대학교 _제3캠퍼스,인문사회계열,6189600.0
2015,감리교신학대학교,인문사회계열,3393683.905325444
2015,강남대학교,공학계열,3618908.13559322
2015,강남대학교,예체능계열,3849885.263157895
2015,강남대학교,인문사회계열,3290094.0900562853
2015,강남대학교,자연과학계열,3387500.0
2015,강서대학교,예체능계열,4999410.852713178
2015,강서대학교,인문사회계열,3286006.5198983913
2015,강원대학교,공학계열,2557815.9574468085
2015,강원대학교,예체능계열,2813980.4150453955
2015,강원대학교,의학계열,2263000.0
2015,강원대학교,인문사회계열,2363424.1272902605
2015,강원대학교,자연과학계열,2516121.3496448305
2015,강원대학교 _제2캠퍼스,공학계열,3007204.3227665704
2015,강원대학교 _제2캠퍼스,예체능계열,3284898.26652221
2015,강원대학교 _제2캠퍼스,인문사회계열,3485515.4471544717
2015,강원대학교 _제2캠퍼스,자연과학계열,4247469.264069264
2015,건국대학교,공학계열,3075452.1592279854
2015,건국대학교,예체능계열,3115711.5183246075
2015,건국대학교,의학계열,3204300.0
2015,건국대학교,인문사회계열,2873212.885777919
2015,건국대학교,자연과학계열,3189274.3737957613
2015,건국대학교(글로컬) _분교,공학계열,3306744.099378882
2015,건국대학교(글로컬) _분교,예체능계열,3530937.4576271186
2015,건국대학교(글로컬) _분교,의학계열,0.0
2015,건국대학교(글로컬) _분교,인문사회계열,3000107.0234986944
2015,건국대학교(글로컬) _분교,자연과학계열,3341240.428790199
2015,건양대학교,공학계열,3878714.864864865
2015,건양대학교,예체능계열,3327720.149253731
2015,건양대학교,인문사회계열,3254662.4689054727
2015,건양대학교,자연과학계열,3846595.744680851
2015,건양대학교 _제2캠퍼스,공학계열,3369692.736077482
2015,건양대학교 _제2캠퍼스,의학계열,2426200.0
2015,건양대학교 _제2캠퍼스,인문사회계열,3682658.6776859504
2015,건양대학교 _제2캠퍼스,자연과학계열,3356477.5275275274
2015,경기대학교,공학계열,3353318.900538396
2015,경기대학교,예체능계열,4408418.494055483
2015,경기대학교,인문사회계열,3296788.6167644016
2015,경기대학교,자연과학계열,3326426.603934987
2015,경기대학교 _제2캠퍼스,예체능계열,3635521.487603306
2015,경기대학교 _제2캠퍼스,인문사회계열,3364916.393442623
2015,경기대학교 _제2캠퍼스,자연과학계열,2838100.0
2015,경남과학기술대학교,공학계열,2729717.2413793104
2015,경남과학기술대학교,예체능계열,2486300.0
2015,경남과학기술대학교,인문사회계열,2812137.4553252324
2015,경남과학기술대학교,자연과학계열,2905748.8175675673
2015,경남대학교,공학계열,2624688.4489528798
2015,경남대학교,예체능계열,3713246.747211896
2015,경남대학교,인문사회계열,2671959.127819549
2015,경남대학교,자연과학계열,2986840.8227848103
2015,경동대학교,공학계열,3117390.425531915
2015,경동대학교,예체능계열,5203400.0
2015,경동대학교,인문사회계열,3272068.6973428386
2015,경동대학교,자연과학계열,3482406.901960784
2015,경동대학교 _제2캠퍼스,공학계열,3900300.0
2015,경동대학교 _제2캠퍼스,예체능계열,6484800.0
2015,경동대학교 _제2캠퍼스,인문사회계열,4049586.274509804
2015,경동대학교 _제2캠퍼스,자연과학계열,3806228.5714285714
2015,경동대학교 _제3캠퍼스,자연과학계열,3803557.9161028415
2015,경동대학교 _제4캠퍼스,공학계열,3164054.1984732826
2015,경동대학교 _제4캠퍼스,예체능계열,3210100.0
2015,경동대학교 _제4캠퍼스,인문사회계열,3883185.891089109
2015,경북대학교,공학계열,2906361.017786561
2015,경북대학교,예체능계열,2923478.947368421
2015,경북대학교,의학계열,2209800.0
2015,경북대학교,인문사회계열,2432880.7783182766
2015,경북대학교,자연과학계열,2852462.1822033897
2015,경상국립대학교,공학계열,2757378.5917340913
2015,경상국립대학교,예체능계열,2273119.2200557105
2015,경상국립대학교,의학계열,3060400.0
2015,경상국립대학교,인문사회계열,2426150.6457925634
2015,경상국립대학교,자연과학계열,3001531.438881371
2015,경성대학교,공학계열,3133394.7968097227
2015,경성대학교,예체능계열,3431913.883045856
2015,경성대학교,인문사회계열,2795170.7462686566
2015,경성대학교,자연과학계열,2943306.7518248176
2015,경운대학교,공학계열,4909555.938697318
2015,경운대학교,예체능계열,5395249.6919917865
2015,경운대학교,인문사회계열,3698137.3841400617
2015,경운대학교,자연과학계열,4104422.7560050567
2015,경운대학교(산업대),공학계열,4792368.539325843
2015,경운대학교(산업대),예체능계열,3744960.634920635
2015,경운대학교(산업대),인문사회계열,2599528.2913165265
2015,경운대학교(산업대),자연과학계열,3218263.2587859426
2015,경인교육대학교,인문사회계열,2394424.823805795
2015,경인교육대학교 _제2캠퍼스,예체능계열,2396194.3722943724
2015,경인교육대학교 _제2캠퍼스,인문사회계열,2191909.7591888467
2015,경인교육대학교 _제2캠퍼스,자연과학계열,2256671.5827338127
2015,경일대학교,공학계열,3504118.3127572015
2015,경일대학교,예체능계열,3314646.2945139557
2015,경일대학교,인문사회계열,2728610.4766399246
2015,경일대학교,자연과학계열,4110738.9807162536
2015,경희대학교,공학계열,2978364.5600991324
2015,경희대학교,예체능계열,3499845.461309524
2015,경희대학교,의학계열,2477316.3972286372
2015,경희대학교,인문사회계열,2779329.0703252424
2015,경희대학교,자연과학계열,2949524.0724381628
2015,계명대학교,공학계열,3333562.5536480686
2015,계명대학교,예체능계열,3535431.5704697985
2015,계명대학교,의학계열,2759000.0
2015,계명대학교,인문사회계열,3019335.2224253505
2015,계명대학교,자연과학계열,3570528.1705150977
2015,고려대학교,공학계열,3322669.9634487205
2015,고려대학교,예체능계열,3992776.821192053
2015,고려대학교,의학계열,3635400.0
2015,고려대학교,인문사회계열,2507292.544027565
2015,고려대학교,자연과학계열,3038284.289209024
2015,고려대학교(세종) _분교,공학계열,3144118.9873417723
2015,고려대학교(세종) _분교,예체능계열,3805925.6842105263
2015,고려대학교(세종) _분교,인문사회계열,3311599.2368492777
2015,고려대학교(세종) _분교,자연과학계열,3236950.9502923978
2015,고신대학교,공학계열,0.0
2015,고신대학교,예체능계열,4034342.8265524623
2015,고신대학교,의학계열,2166700.0
2015,고신대학교,인문사회계열,3719148.7283825027
2015,고신대학교,자연과학계열,3623954.2835481428
2015,공주교육대학교,인문사회계열,2400254.229508197
2015,광신대학교,예체능계열,4294930.6122448975
2015,광신대학교,인문사회계열,3841386.7374005304
2015,광운대학교,공학계열,3163846.2711069416
2015,광운대학교,예체능계열,5971600.0
2015,광운대학교,인문사회계열,2890734.1945288754
2015,광운대학교,자연과학계열,2913709.1185410335
2015,광주가톨릭대학교,인문사회계열,0.0
2015,광주과학기술원,공학계열,6180600.0
2015,광주과학기술원,자연과학계열,6305696.274509804
2015,광주교육대학교,인문사회계열,3318587.649964714
2015,광주대학교,공학계열,3840117.951042611
2015,광주대학교,예체능계열,4142085.933273219
2015,광주대학교,인문사회계열,3669488.7022157293
2015,광주대학교,자연과학계열,4211915.83143508
2015,광주여자대학교,예체능계열,3801115.2454780363
2015,광주여자대학교,인문사회계열,3725875.211097708
2015,광주여자대학교,자연과학계열,4005878.4534038333
2015,국립강릉원주대학교,공학계열,2748810.2094240836
2015,국립강릉원주대학교,예체능계열,3293665.8333333335
2015,국립강릉원주대학교,의학계열,2265200.0
2015,국립강릉원주대학교,인문사회계열,2521231.5010570823
2015,국립강릉원주대학교,자연과학계열,2892683.5714285714
2015,국립강릉원주대학교 _제2캠퍼스,공학계열,2913534.901625321
2015,국립강릉원주대학교 _제2캠퍼스,예체능계열,3108600.0
2015,국립강릉원주대학교 _제2캠퍼스,인문사회계열,2553642.0
2015,국립강릉원주대학교 _제2캠퍼스,자연과학계열,2638467.1087533156
2015,국립경국대학교,공학계열,2821993.12406577
2015,국립경국대학교,예체능계열,3278919.0821256037
2015,국립경국대학교,인문사회계열,2643542.6320272572
2015,국립경국대학교,자연과학계열,2820941.3096695226
2015,국립공주대학교,공학계열,2076864.8443735037
2015,국립공주대학교,예체능계열,2518220.336269015
2015,국립공주대학교,인문사회계열,2272606.8729393864
2015,국립공주대학교,자연과학계열,2592680.988593156
2015,국립군산대학교,공학계열,2940429.023917259
2015,국립군산대학교,예체능계열,2986042.3008849556
2015,국립군산대학교,인문사회계열,2751755.5466559874
2015,국립군산대학교,자연과학계열,2961981.8333333335
2015,국립금오공과대학교,공학계열,2664245.3922060546
2015,국립금오공과대학교,인문사회계열,1953169.918699187
2015,국립금오공과대학교,자연과학계열,2776975.0
2015,국립목포대학교,공학계열,3020298.6373626376
2015,국립목포대학교,예체능계열,3095955.324074074
2015,국립목포대학교,인문사회계열,2756265.969403684
2015,국립목포대학교,자연과학계열,3140372.66824085
2015,국립목포해양대학교,공학계열,2755366.260322454
2015,국립부경대학교,공학계열,2528542.5050843405
2015,국립부경대학교,예체능계열,2756148.071979434
2015,국립부경대학교,인문사회계열,2172982.3574730353
2015,국립부경대학교,자연과학계열,2627733.0133699006
2015,국립순천대학교,공학계열,2974163.8603696097
2015,국립순천대학교,예체능계열,2896466.3763066204
2015,국립순천대학교,인문사회계열,2648242.665173572
2015,국립순천대학교,자연과학계열,2942391.6702447403
2015,국립창원대학교,공학계열,2755761.1475976496
2015,국립창원대학교,예체능계열,2788293.9828080228
2015,국립창원대학교,인문사회계열,2298015.907295233
2015,국립창원대학교,자연과학계열,2623132.380952381
2015,국립한국교통대학교,공학계열,3085307.8358208956
2015,국립한국교통대학교,예체능계열,3387958.064516129
2015,국립한국교통대학교,인문사회계열,3256332.0773930755
2015,국립한국교통대학교,자연과학계열,3502717.673378076
2015,국립한국해양대학교,공학계열,2451565.7875093305
2015,국립한국해양대학교,예체능계열,2813800.0
2015,국립한국해양대학교,인문사회계열,2286836.5694164988
2015,국립한국해양대학교,자연과학계열,2677071.7569786534
2015,국립한밭대학교,공학계열,2411781.4991577766
2015,국립한밭대학교,예체능계열,2680084.1807909603
2015,국립한밭대학교,인문사회계열,2457212.26993865
2015,국립한밭대학교,자연과학계열,3027121.608040201
2015,국민대학교,공학계열,3639656.1584373303
2015,국민대학교,예체능계열,3262586.874732792
2015,국민대학교,인문사회계열,2788640.168243954
2015,국민대학교,자연과학계열,3191198.031228785
2015,극동대학교,공학계열,4996858.032786885
2015,극동대학교,예체능계열,4065849.1612903224
2015,극동대학교,인문사회계열,3453475.265017668
2015,극동대학교,자연과학계열,4399168.605817452
2015,금강대학교,인문사회계열,7177903.462321792
2015,김천대학교,공학계열,3185400.0
2015,김천대학교,예체능계열,2887200.0
2015,김천대학교,인문사회계열,3298977.2629310344
2015,김천대학교,자연과학계열,2668290.535784122
2015,나사렛대학교,공학계열,2992200.0
2015,나사렛대학교,예체능계열,3821202.3668639055
2015,나사렛대학교,인문사회계열,3586837.088060508
2015,나사렛대학교,자연과학계열,3175701.005484461
2015,남부대학교,공학계열,2766919.117647059
2015,남부대학교,예체능계열,3812076.103896104
2015,남부대학교,인문사회계열,3071968.35443038
2015,남부대학교,자연과학계열,3135594.504865484
2015,남서울대학교,공학계열,4279389.703903096
2015,남서울대학교,예체능계열,5175387.005163511
2015,남서울대학교,인문사회계열,4565018.573046433
2015,남서울대학교,자연과학계열,5122673.04526749
2015,남서울대학교(산업대),공학계열,4516051.046511628
2015,남서울대학교(산업대),예체능계열,4971974.739039666
2015,남서울대학교(산업대),인문사회계열,4042510.633307271
2015,남서울대학교(산업대),자연과학계열,3664211.2781954887
2015,단국대학교,공학계열,2838366.4126446513
2015,단국대학교,예체능계열,3475611.006076975
2015,단국대학교,인문사회계열,2843433.563297689
2015,단국대학교,자연과학계열,3066368.783068783
2015,단국대학교 _제2캠퍼스,공학계열,2862244.7803495512
2015,단국대학교 _제2캠퍼스,예체능계열,4015892.34598631
2015,단국대학교 _제2캠퍼스,의학계열,2680895.8963282937
2015,단국대학교 _제2캠퍼스,인문사회계열,2995599.9776085983
2015,단국대학교 _제2캠퍼스,자연과학계열,3210540.41218638
2015,대구가톨릭대학교,공학계열,2983608.545603944
2015,대구가톨릭대학교,예체능계열,3475085.909417685
2015,대구가톨릭대학교,의학계열,2176100.0
2015,대구가톨릭대학교,인문사회계열,3167204.515599343
2015,대구가톨릭대학교,자연과학계열,3388947.788353863
2015,대구경북과학기술원,자연과학계열,2865300.0
2015,대구교육대학교,인문사회계열,2283780.623875225
2015,대구대학교,공학계열,2971587.8159613744
2015,대구대학교,예체능계열,3879912.9071911494
2015,대구대학교,인문사회계열,2944886.631730374
2015,대구대학교,자연과학계열,3399554.196471149
2015,대구예술대학교,예체능계열,3217212.9330254043
2015,대구예술대학교,인문사회계열,0.0
2015,대구예술대학교,자연과학계열,3737900.0
2015,대구외국어대학교,인문사회계열,2201020.274914089
2015,대구한의대학교,공학계열,3054283.417593529
2015,대구한의대학교,예체능계열,3351714.6435452793
2015,대구한의대학교,의학계열,2460500.0
2015,대구한의대학교,인문사회계열,2714339.8340248964
2015,대구한의대학교,자연과학계열,3516626.278462113
2015,대신대학교,예체능계열,3534512.1951219514
2015,대신대학교,인문사회계열,4103684.6153846155
2015,대전가톨릭대학교,인문사회계열,5762800.0
2015,대전대학교,공학계열,3442197.350343474
2015,대전대학교,예체능계열,3723788.630806846
2015,대전대학교,의학계열,2426800.0
2015,대전대학교,인문사회계열,3610698.774407977
2015,대전대학교,자연과학계열,3451680.0788954636
2015,대전신학교,인문사회계열,145800.0
2015,대전신학대학교,인문사회계열,4733400.0
2015,대진대학교,공학계열,3366087.095323741
2015,대진대학교,예체능계열,3430686.898395722
2015,대진대학교,인문사회계열,3446134.5769126792
2015,대진대학교,자연과학계열,3275700.8547008545
2015,덕성여자대학교,공학계열,3551937.3368146215
2015,덕성여자대학교,예체능계열,3539626.98630137
2015,덕성여자대학교,인문사회계열,3198315.871639202
2015,덕성여자대학교,자연과학계열,3359278.230769231
2015,동국대학교,공학계열,2799282.7090119435
2015,동국대학교,예체능계열,3411166.5656565656
2015,동국대학교,인문사회계열,2905075.995497397
2015,동국대학교,자연과학계열,3011933.4289813484
2015,동국대학교(WISE) _분교,공학계열,3162525.7668711655
2015,동국대학교(WISE) _분교,예체능계열,4457095.3125
2015,동국대학교(WISE) _분교,의학계열,2792625.789473684
2015,동국대학교(WISE) _분교,인문사회계열,3201445.493470349
2015,동국대학교(WISE) _분교,자연과학계열,3258845.711592837
2015,동덕여자대학교,공학계열,2427140.3712296984
2015,동덕여자대학교,예체능계열,3139846.711568938
2015,동덕여자대학교,인문사회계열,2471620.3051317614
2015,동덕여자대학교,자연과학계열,2627570.0
2015,동명대학교,공학계열,4138289.835164835
2015,동명대학교,예체능계열,4024934.9137931033
2015,동명대학교,인문사회계열,3309536.2653419054
2015,동명대학교,자연과학계열,4493398.972099853
2015,동서대학교,공학계열,3651598.2106684675
2015,동서대학교,예체능계열,3316773.1745209736
2015,동서대학교,인문사회계열,3417133.8782745716
2015,동서대학교,자연과학계열,4004378.219895288
2015,동신대학교,공학계열,3408189.5569620254
2015,동신대학교,예체능계열,4200082.509505703
2015,동신대학교,의학계열,2745700.0
2015,동신대학교,인문사회계열,3454910.346232179
2015,동신대학교,자연과학계열,3770586.372745491
2015,동아대학교,공학계열,2810955.6126820906
2015,동아대학교,예체능계열,3545387.208171206
2015,동아대학교,의학계열,2098300.0
2015,동아대학교,인문사회계열,2810850.7765172375
2015,동아대학교,자연과학계열,2890588.6972477064
2015,동양대학교,공학계열,2291664.8538011694
2015,동양대학교,예체능계열,3577710.3448275863
2015,동양대학교,인문사회계열,2457693.3678756477
2015,동양대학교,자연과학계열,3231400.0
2015,동의대학교,공학계열,3807192.798827716
2015,동의대학교,예체능계열,4209729.596412556
2015,동의대학교,의학계열,2920600.0
2015,동의대학교,인문사회계열,3392297.4973456697
2015,동의대학교,자연과학계열,3621936.5110759493
2015,루터대학교,예체능계열,4153700.0
2015,루터대학교,인문사회계열,4851794.160583941
2015,루터대학교,자연과학계열,4441700.0
2015,명지대학교,공학계열,3262390.921409214
2015,명지대학교,예체능계열,4027662.8289473685
2015,명지대학교,자연과학계열,3570327.0
2015,명지대학교 _제2캠퍼스,공학계열,3122578.6163522014
2015,명지대학교 _제2캠퍼스,인문사회계열,3049471.5632603406
2015,목원대학교,공학계열,3531758.083832335
2015,목원대학교,예체능계열,3744745.0563746747
2015,목원대학교,인문사회계열,3229063.988988989
2015,목원대학교,자연과학계열,3369453.7844036696
2015,목포가톨릭대학교,인문사회계열,4620594.630872483
2015,목포가톨릭대학교,자연과학계열,3831900.0
2015,배재대학교,공학계열,3566180.196483971
2015,배재대학교,예체능계열,3968372.65625
2015,배재대학교,인문사회계열,3323767.0212765955
2015,배재대학교,자연과학계열,3520376.242628475
2015,백석대학교,공학계열,4064913.796058269
2015,백석대학교,예체능계열,4746377.404036406
2015,백석대학교,인문사회계열,4247795.72683706
2015,백석대학교,자연과학계열,4953483.123028391
2015,부산가톨릭대학교,공학계열,3805320.105820106
2015,부산가톨릭대학교,인문사회계열,3656195.573440644
2015,부산가톨릭대학교,자연과학계열,4088316.755521706
2015,부산교육대학교,인문사회계열,2318932.1292775664
2015,부산대학교,공학계열,3081217.5812877524
2015,부산대학교,예체능계열,2806865.9319899245
2015,부산대학교,의학계열,0.0
2015,부산대학교,인문사회계열,2466711.452590959
2015,부산대학교,자연과학계열,2793484.4954708237
2015,부산외국어대학교,공학계열,3409290.1328273243
2015,부산외국어대학교,예체능계열,3793513.780918728
2015,부산외국어대학교,인문사회계열,2959569.578686493
2015,부산외국어대학교,자연과학계열,2526500.0
2015,부산장신대학교,인문사회계열,5570761.596958175
2015,삼육대학교,공학계열,3636510.2339181285
2015,삼육대학교,예체능계열,3389742.2330097086
2015,삼육대학교,인문사회계열,3572499.0999526293
2015,삼육대학교,자연과학계열,3596705.7782404996
2015,상명대학교,공학계열,2952188.143382353
2015,상명대학교,예체능계열,3062159.5660749506
2015,상명대학교,인문사회계열,2623787.314790746
2015,상명대학교,자연과학계열,2854122.9596412554
2015,상명대학교(천안) _분교,공학계열,3296891.9606234618
2015,상명대학교(천안) _분교,예체능계열,3650815.6188216684
2015,상명대학교(천안) _분교,인문사회계열,3209693.3168316833
2015,상명대학교(천안) _분교,자연과학계열,3343479.411764706
2015,상지대학교,공학계열,3220591.027027027
2015,상지대학교,예체능계열,3738887.901234568
2015,상지대학교,의학계열,2898800.0
2015,상지대학교,인문사회계열,3107809.6695557963
2015,상지대학교,자연과학계열,3103202.3572551073
2015,서강대학교,공학계열,3588235.0997150997
2015,서강대학교,인문사회계열,2774208.9083316764
2015,서강대학교,자연과학계열,3228949.302325581
2015,서경대학교,공학계열,3312084.3462246777
2015,서경대학교,예체능계열,3197126.4140271493
2015,서경대학교,인문사회계열,2843922.6772847935
2015,서경대학교,자연과학계열,3667117.2093023257
2015,서남대학교,공학계열,1282487.5
2015,서남대학교,예체능계열,3679397.8723404254
2015,서남대학교,의학계열,981200.0
2015,서남대학교,인문사회계열,3347164.705882353
2015,서남대학교,자연과학계열,2298705.0
2015,서남대학교 _제2캠퍼스,공학계열,1535515.0326797385
2015,서남대학교 _제2캠퍼스,예체능계열,3282543.529411765
2015,서남대학교 _제2캠퍼스,인문사회계열,1613914.6616541354
2015,서남대학교 _제2캠퍼스,자연과학계열,2074266.504854369
2015,서울과학기술대학교,공학계열,2964209.9258550587
2015,서울과학기술대학교,예체능계열,2597224.696356275
2015,서울과학기술대학교,인문사회계열,3258333.804475854
2015,서울과학기술대학교,자연과학계열,3191602.661596958
2015,서울과학기술대학교(산업대),공학계열,2477406.007820832
2015,서울과학기술대학교(산업대),예체능계열,1874139.9491094148
2015,서울과학기술대학교(산업대),인문사회계열,2162589.8734177216
2015,서울과학기술대학교(산업대),자연과학계열,2386748.484848485
2015,서울교육대학교,인문사회계열,2127501.965923984
2015,서울기독대학교,예체능계열,3983745.4054054054
2015,서울기독대학교,인문사회계열,3280229.146919431
2015,서울대학교,공학계열,3737854.9442896936
2015,서울대학교,예체능계열,3462153.4178999295
2015,서울대학교,의학계열,3959305.0
2015,서울대학교,인문사회계열,2698439.733457307
2015,서울대학교,자연과학계열,3661481.0122878877
2015,서울시립대학교,공학계열,1437751.0804321729
2015,서울시립대학교,예체능계열,1633066.0869565217
2015,서울시립대학교,인문사회계열,1331862.1466431096
2015,서울시립대학교,자연과학계열,1486532.9588014982
2015,서울신학대학교,예체능계열,4603991.232876712
2015,서울신학대학교,인문사회계열,4718838.928939238
2015,서울여자대학교,공학계열,3763785.5782312923
2015,서울여자대학교,예체능계열,3262299.872611465
2015,서울여자대학교,인문사회계열,3276714.6838885113
2015,서울여자대학교,자연과학계열,3265284.351914036
2015,서울장신대학교,예체능계열,3243000.0
2015,서울장신대학교,인문사회계열,3867814.6153846155
2015,서울한영대학교,예체능계열,4413283.050847458
2015,서울한영대학교,인문사회계열,3662312.912912913
2015,서원대학교,공학계열,3270772.9946524063
2015,서원대학교,예체능계열,3395727.689030884
2015,서원대학교,인문사회계열,3343825.2816347918
2015,서원대학교,자연과학계열,3347143.530499076
2015,선문대학교,공학계열,3544784.593639576
2015,선문대학교,예체능계열,3933424.647887324
2015,선문대학교,인문사회계열,3853784.1311876145
2015,선문대학교,자연과학계열,3996497.399527187
2015,성결대학교,공학계열,3651637.448218724
2015,성결대학교,예체능계열,3843838.2244143034
2015,성결대학교,인문사회계열,3416154.783599089
2015,성공회대학교,공학계열,4335592.934782608
2015,성공회대학교,인문사회계열,3745258.6877278253
2015,성균관대학교,공학계열,4192381.947942905
2015,성균관대학교,예체능계열,3461086.677497969
2015,성균관대학교,의학계열,7964600.0
2015,성균관대학교,인문사회계열,2962351.7853206964
2015,성균관대학교,자연과학계열,3930648.0279375515
2015,성신여자대학교,공학계열,3859960.0
2015,성신여자대학교,예체능계열,4020270.0587969245
2015,성신여자대학교,인문사회계열,3588025.1525553013
2015,성신여자대학교,자연과학계열,4365367.783361251
2015,세명대학교,공학계열,3566692.276422764
2015,세명대학교,예체능계열,3796688.449197861
2015,세명대학교,의학계열,2857600.0
2015,세명대학교,인문사회계열,3593717.498699948
2015,세명대학교,자연과학계열,4025711.656441718
2015,세종대학교,공학계열,2819700.93708166
2015,세종대학교,예체능계열,2553462.8154050466
2015,세종대학교,인문사회계열,2574126.405451448
2015,세종대학교,자연과학계열,2188696.5517241377
2015,세한대학교,공학계열,1966319.0476190476
2015,세한대학교,예체능계열,2646931.619047619
2015,세한대학교,인문사회계열,2576331.2553373184
2015,세한대학교,자연과학계열,3254305.70719603
2015,세한대학교 _제2캠퍼스,공학계열,2079811.2676056337
2015,세한대학교 _제2캠퍼스,예체능계열,2006574.3055555555
2015,세한대학교 _제2캠퍼스,인문사회계열,2515112.5954198474
2015,송원대학교,공학계열,3904235.7746478873
2015,송원대학교,예체능계열,4087587.6666666665
2015,송원대학교,인문사회계열,3330276.889375685
2015,송원대학교,자연과학계열,3386991.61849711
2015,수원가톨릭대학교,인문사회계열,8201000.0
2015,수원대학교,공학계열,3769169.7033898304
2015,수원대학교,예체능계열,3836397.7528089886
2015,수원대학교,인문사회계열,3354018.8715953305
2015,수원대학교,자연과학계열,3441408.2077051927
2015,숙명여자대학교,공학계열,3177678.0172413792
2015,숙명여자대학교,예체능계열,3467216.2077597
2015,숙명여자대학교,인문사회계열,3287704.7648610896
2015,숙명여자대학교,자연과학계열,3252508.7268380155
2015,순복음총회신학교,예체능계열,6380500.0
2015,순복음총회신학교,인문사회계열,3616313.0111524165
2015,순천향대학교,공학계열,3450984.011627907
2015,순천향대학교,예체능계열,3651421.4665249735
2015,순천향대학교,의학계열,2002400.0
2015,순천향대학교,인문사회계열,3631058.988135214
2015,순천향대학교,자연과학계열,3463225.3947368423
2015,숭실대학교,공학계열,2925336.009130683
2015,숭실대학교,예체능계열,4476330.434782608
2015,숭실대학교,인문사회계열,2817217.3320350535
2015,숭실대학교,자연과학계열,2594784.9945235485
2015,신경주대학교,공학계열,2413944.8780487804
2015,신경주대학교,예체능계열,3741242.0
2015,신경주대학교,인문사회계열,2830478.775510204
2015,신경주대학교,자연과학계열,3079847.222222222
2015,신라대학교,공학계열,3108115.037086986
2015,신라대학교,예체능계열,3056643.5483870967
2015,신라대학교,인문사회계열,2910415.0695088045
2015,신라대학교,자연과학계열,3836009.5699576014
2015,신한대학교,공학계열,3180192.537313433
2015,신한대학교,인문사회계열,2616800.0
2015,신한대학교,자연과학계열,3535400.0
2015,신한대학교 _제2캠퍼스,공학계열,3080209.090909091
2015,신한대학교 _제2캠퍼스,예체능계열,2913898.4615384615
2015,신한대학교 _제2캠퍼스,인문사회계열,3049397.694081476
2015,신한대학교 _제2캠퍼스,자연과학계열,3321041.7399804494
2015,아신대학교,인문사회계열,3581000.5141388173
2015,아주대학교,공학계열,2895536.957825305
2015,아주대학교,의학계열,4174486.0465116277
2015,아주대학교,인문사회계열,2941720.5729166665
2015,아주대학교,자연과학계열,3036650.32
2015,안양대학교,공학계열,3172270.4175513093
2015,안양대학교,예체능계열,3136876.785714286
2015,안양대학교,인문사회계열,3246966.385846672
2015,안양대학교,자연과학계열,3683366.6666666665
2015,안양대학교 _제2캠퍼스,공학계열,3699899.4736842103
2015,안양대학교 _제2캠퍼스,인문사회계열,2754106.1776061775
2015,안양대학교 _제2캠퍼스,자연과학계열,80600.0
2015,연세대학교,공학계열,3820989.974822614
2015,연세대학교,예체능계열,4113463.230921705
2015,연세대학교,의학계열,2885689.7579143387
2015,연세대학교,인문사회계열,2840549.191265669
2015,연세대학교,자연과학계열,3317299.910661108
2015,연세대학교(미래) _분교,공학계열,3282110.333048676
2015,연세대학교(미래) _분교,예체능계열,2745983.0379746836
2015,연세대학교(미래) _분교,의학계열,2790600.0
2015,연세대학교(미래) _분교,인문사회계열,2798233.7706146925
2015,연세대학교(미래) _분교,자연과학계열,3174890.860215054
2015,영남대학교,공학계열,3847737.232392181
2015,영남대학교,예체능계열,4313298.617966437
2015,영남대학교,의학계열,2585900.0
2015,영남대학교,인문사회계열,3520855.6741752964
2015,영남대학교,자연과학계열,3947571.149144254
2015,영남신학대학교,인문사회계열,3373555.213270142
2015,영산대학교,공학계열,2700837.7952755904
2015,영산대학교,예체능계열,4002437.5634517767
2015,영산대학교,인문사회계열,2501682.225237449
2015,영산대학교,자연과학계열,4016700.138696255
2015,영산대학교 _제2캠퍼스,공학계열,2186400.0
2015,영산대학교 _제2캠퍼스,예체능계열,3030966.790582404
2015,영산대학교 _제2캠퍼스,인문사회계열,2471047.680535629
2015,영산대학교 _제2캠퍼스,자연과학계열,3584584.3708609273
2015,영산대학교(산업대),공학계열,998000.0
2015,영산대학교(산업대),예체능계열,0.0
2015,영산대학교(산업대),인문사회계열,896500.0
2015,영산대학교(산업대) _제2캠퍼스,예체능계열,600000.0
2015,영산대학교(산업대) _제2캠퍼스,인문사회계열,42857.142857142855
2015,영산선학대학교,인문사회계열,2388800.0
2015,예수대학교,인문사회계열,4224700.0
2015,예수대학교,자연과학계열,3762800.0
2015,예원예술대학교,예체능계열,2810751.101321586
2015,예원예술대학교,인문사회계열,1888861.9047619049
2015,예원예술대학교 _제2캠퍼스,예체능계열,2894420.459290188
2015,용인대학교,예체능계열,3319077.489309713
2015,용인대학교,인문사회계열,3082455.7377049183
2015,용인대학교,자연과학계열,2734156.6632756866
2015,우석대학교,공학계열,2269538.142153413
2015,우석대학교,예체능계열,2934084.8314606743
2015,우석대학교,의학계열,2116181.1659192825
2015,우석대학교,인문사회계열,2467705.5515239476
2015,우석대학교,자연과학계열,2305823.3333333335
2015,우송대학교,공학계열,3009662.801204819
2015,우송대학교,예체능계열,3290856.5085771945
2015,우송대학교,인문사회계열,3320004.098805646
2015,우송대학교,자연과학계열,3162953.4830430797
2015,울산과학기술원,공학계열,5995726.772697151
2015,울산과학기술원,인문사회계열,5880221.840148699
2015,울산과학기술원,자연과학계열,6088445.23364486
2015,울산대학교,공학계열,2686307.469414037
2015,울산대학교,예체능계열,2856376.9672131147
2015,울산대학교,의학계열,8934200.0
2015,울산대학교,인문사회계열,2012299.9114652502
2015,울산대학교,자연과학계열,2856083.7525150906
2015,원광대학교,공학계열,3107328.227256383
2015,원광대학교,예체능계열,3541139.673105498
2015,원광대학교,의학계열,2553547.13740458
2015,원광대학교,인문사회계열,2974608.8791848617
2015,원광대학교,자연과학계열,3083330.1089045485
2015,위덕대학교,공학계열,2924118.883415435
2015,위덕대학교,예체능계열,4779390.23255814
2015,위덕대학교,인문사회계열,3201649.895324494
2015,위덕대학교,자연과학계열,3030713.442211055
2015,유원대학교,공학계열,2698378.205128205
2015,유원대학교,예체능계열,3884608.3333333335
2015,유원대학교,인문사회계열,3036867.9938744255
2015,유원대학교,자연과학계열,3072824.303987961
2015,을지대학교,의학계열,2846300.0
2015,을지대학교,인문사회계열,7194160.0
2015,을지대학교,자연과학계열,4044396.0616438356
2015,을지대학교 _제2캠퍼스,공학계열,4275300.0
2015,을지대학교 _제2캠퍼스,예체능계열,3604348.0620155036
2015,을지대학교 _제2캠퍼스,인문사회계열,3836088.902900378
2015,을지대학교 _제2캠퍼스,자연과학계열,3947055.1713297707
2015,이화여자대학교,공학계열,3447218.577405858
2015,이화여자대학교,예체능계열,3206500.209716882
2015,이화여자대학교,인문사회계열,3029778.284110651
2015,이화여자대학교,자연과학계열,3600389.411764706
2015,인제대학교,공학계열,3048186.9565217393
2015,인제대학교,예체능계열,3567014.668218859
2015,인제대학교,인문사회계열,2927910.753275109
2015,인제대학교,자연과학계열,3074302.7679919475
2015,인제대학교 _제2캠퍼스,의학계열,1653900.0
2015,인제대학교 _제2캠퍼스,자연과학계열,1686200.0
2015,인천가톨릭대학교,인문사회계열,4555600.0
2015,인천가톨릭대학교 _제2캠퍼스,예체능계열,2109616.0202360875
2015,인천가톨릭대학교 _제2캠퍼스,자연과학계열,2766900.0
2015,인천대학교,공학계열,3105166.887668119
2015,인천대학교,예체능계열,2722457.0093457946
2015,인천대학교,인문사회계열,2913448.6196950967
2015,인천대학교,자연과학계열,2884542.537313433
2015,인하대학교,공학계열,2981354.3120217873
2015,인하대학교,예체능계열,3664106.797385621
2015,인하대학교,의학계열,0.0
2015,인하대학교,인문사회계열,2855190.1972157774
2015,인하대학교,자연과학계열,2914821.608527132
2015,장로회신학대학교,예체능계열,4556600.0
2015,장로회신학대학교,인문사회계열,3837615.2808988765
2015,전남대학교,공학계열,2727767.245772527
2015,전남대학교,예체능계열,2884414.8796498906
2015,전남대학교,의학계열,2397400.9784735814
2015,전남대학교,인문사회계열,2659922.053789731
2015,전남대학교,자연과학계열,2796963.222557905
2015,전남대학교 _제2캠퍼스,공학계열,3119411.131386861
2015,전남대학교 _제2캠퍼스,예체능계열,4018000.0
2015,전남대학교 _제2캠퍼스,인문사회계열,2983340.0986031224
2015,전남대학교 _제2캠퍼스,자연과학계열,3184645.915492958
2015,전북대학교,공학계열,2554452.156805596
2015,전북대학교,예체능계열,2889744.2216981133
2015,전북대학교,의학계열,2526100.0
2015,전북대학교,인문사회계열,2228399.5602605864
2015,전북대학교,자연과학계열,2500870.1849158527
2015,전주교육대학교,인문사회계열,1733288.9809444905
2015,전주대학교,공학계열,3798959.2247301275
2015,전주대학교,예체능계열,4414043.426791278
2015,전주대학교,인문사회계열,3474803.69139904
2015,전주대학교,자연과학계열,3964396.0368663594
2015,정석대학,공학계열,0.0
2015,정석대학,인문사회계열,0.0
2015,제주국제대학교,공학계열,4815686.0544217685
2015,제주국제대학교,예체능계열,5452837.142857143
2015,제주국제대학교,인문사회계열,4449166.603053435
2015,제주국제대학교,자연과학계열,4636552.0
2015,제주대학교,공학계열,2922873.308067136
2015,제주대학교,예체능계열,2912764.6464646463
2015,제주대학교,의학계열,2340496.590909091
2015,제주대학교,인문사회계열,2371125.332242895
2015,제주대학교,자연과학계열,2756873.3333333335
2015,조선대학교,공학계열,3116433.3825701624
2015,조선대학교,예체능계열,3658840.3021442494
2015,조선대학교,의학계열,3187500.0
2015,조선대학교,인문사회계열,3146175.6736983294
2015,조선대학교,자연과학계열,3057245.674255692
2015,중부대학교,공학계열,3191905.1948051946
2015,중부대학교,예체능계열,3500599.6774193547
2015,중부대학교,인문사회계열,3465783.180515759
2015,중부대학교,자연과학계열,3457100.876424189
2015,중앙대학교,공학계열,3469763.186221744
2015,중앙대학교,예체능계열,3472032.7370304116
2015,중앙대학교,인문사회계열,2763752.339648482
2015,중앙대학교,자연과학계열,2752519.0459730383
2015,중앙대학교 _제2캠퍼스,공학계열,2374675.4716981133
2015,중앙대학교 _제2캠퍼스,예체능계열,3481054.785209353
2015,중앙대학교 _제2캠퍼스,인문사회계열,2647303.8507109005
2015,중앙대학교 _제2캠퍼스,자연과학계열,3381629.9763965383
2015,중앙승가대학교,인문사회계열,1687325.114155251
2015,중원대학교,공학계열,3452690.9541511773
2015,중원대학교,예체능계열,3642400.3703703703
2015,중원대학교,인문사회계열,3569908.3497053045
2015,중원대학교,자연과학계열,3765662.9013079666
2015,진주교육대학교,인문사회계열,2662496.10866373
2015,진주산업대학교(산업대),공학계열,1671377.8846153845
2015,진주산업대학교(산업대),예체능계열,1071090.9090909092
2015,진주산업대학교(산업대),인문사회계열,1818538.3647798742
2015,진주산업대학교(산업대),자연과학계열,1946038.4615384615
2015,차의과학대학교,인문사회계열,3688146.0972017674
2015,차의과학대학교,자연과학계열,3264025.3731343285
2015,창신대학교,공학계열,1877097.709923664
2015,창신대학교,예체능계열,3028466.0
2015,창신대학교,인문사회계열,3010864.495798319
2015,창신대학교,자연과학계열,2762774.6794871795
2015,청운대학교,공학계열,3832412.554112554
2015,청운대학교,예체능계열,4581732.369942197
2015,청운대학교,인문사회계열,3501202.760942761
2015,청운대학교,자연과학계열,4308450.655021834
2015,청주교육대학교,인문사회계열,2217728.9348171703
2015,청주대학교,공학계열,4085073.2503220267
2015,청주대학교,예체능계열,4244002.385008518
2015,청주대학교,인문사회계열,3971030.746219046
2015,청주대학교,자연과학계열,4398808.101135191
2015,초당대학교,공학계열,5009001.699716714
2015,초당대학교,예체능계열,4957181.546134664
2015,초당대학교,인문사회계열,4008106.0606060605
2015,초당대학교,자연과학계열,3876473.1428571427
2015,초당대학교(산업대),공학계열,2871539.436619718
2015,초당대학교(산업대),예체능계열,2540408.2352941176
2015,초당대학교(산업대),인문사회계열,2388075.3086419753
2015,초당대학교(산업대),자연과학계열,2971039.316239316
2015,총신대학교,예체능계열,4166700.0
2015,총신대학교,인문사회계열,3563660.5021432946
2015,추계예술대학교,예체능계열,2829970.1754385964
2015,추계예술대학교,인문사회계열,2536442.379182156
2015,춘천교육대학교,인문사회계열,2619978.883321403
2015,충남대학교,공학계열,2813772.760378733
2015,충남대학교,예체능계열,3015469.461697723
2015,충남대학교,의학계열,2603349.377593361
2015,충남대학교,인문사회계열,2369452.2023346303
2015,충남대학교,자연과학계열,2585894.4714814094
2015,충북대학교,공학계열,2723363.8819617624
2015,충북대학교,예체능계열,2758612.188365651
2015,충북대학교,의학계열,3394050.8771929825
2015,충북대학교,인문사회계열,2317271.744925159
2015,충북대학교,자연과학계열,2673114.7969717826
2015,칼빈대학교,예체능계열,2999492.3076923075
2015,칼빈대학교,인문사회계열,3544012.602739726
2015,탐라대학교,공학계열,0.0
2015,탐라대학교,예체능계열,0.0
2015,탐라대학교,인문사회계열,0.0
2015,평택대학교,공학계열,3246536.3896848136
2015,평택대학교,예체능계열,3314426.521239954
2015,평택대학교,인문사회계열,3565056.616140926
2015,평택대학교,자연과학계열,3637262.2073578597
2015,포항공과대학교,공학계열,5704075.17802645
2015,포항공과대학교,자연과학계열,6625166.259168704
2015,한경국립대학교,공학계열,2583855.4376657824
2015,한경국립대학교,예체능계열,3061823.529411765
2015,한경국립대학교,인문사회계열,2851712.836185819
2015,한경국립대학교,자연과학계열,2589945.882352941
2015,한경대학교(산업대),공학계열,1683821.1033274955
2015,한경대학교(산업대),예체능계열,1615050.9090909092
2015,한경대학교(산업대),인문사회계열,1472350.3759398495
2015,한경대학교(산업대),자연과학계열,1626015.5701754387
2015,한국공학대학교,공학계열,3604888.5057471264
2015,한국공학대학교,예체능계열,4734985.430463576
2015,한국공학대학교,인문사회계열,4130033.243243243
2015,한국과학기술원,공학계열,7302002.521283562
2015,한국과학기술원,인문사회계열,6196885.714285715
2015,한국과학기술원,자연과학계열,7168980.741626794
2015,한국교원대학교,공학계열,2595800.0
2015,한국교원대학교,예체능계열,2210889.4736842103
2015,한국교원대학교,인문사회계열,2377916.0384331117
2015,한국교원대학교,자연과학계열,2701578.378378378
2015,한국교통대학교(산업대),공학계열,1619462.7403846155
2015,한국교통대학교(산업대),예체능계열,862530.7692307692
2015,한국교통대학교(산업대),인문사회계열,1183509.2105263157
2015,한국교통대학교(산업대),자연과학계열,530500.0
2015,한국국제대학교,공학계열,1981485.981308411
2015,한국국제대학교,예체능계열,3138106.4903846155
2015,한국국제대학교,인문사회계열,2356816.0702667534
2015,한국국제대학교,자연과학계열,2378311.5710254
2015,한국기술교육대학교,공학계열,3896421.5643073535
2015,한국기술교육대학교,인문사회계열,3196000.0
2015,한국방송통신대학교,공학계열,104900.0
2015,한국방송통신대학교,인문사회계열,142342.38525353608
2015,한국방송통신대학교,자연과학계열,145320.43074963175
2015,한국산업기술대학교(산업대),공학계열,3494002.255319149
2015,한국산업기술대학교(산업대),예체능계열,3207338.144329897
2015,한국산업기술대학교(산업대),인문사회계열,3578185.929648241
2015,한국성서대학교,공학계열,4275621.774193549
2015,한국성서대학교,인문사회계열,4445505.256410256
2015,한국성서대학교,자연과학계열,3929087.3684210526
2015,한국예술종합학교,공학계열,1085000.0
2015,한국예술종합학교,예체능계열,1815908.5701598579
2015,한국예술종합학교,인문사회계열,2592060.7954545454
2015,한국외국어대학교,공학계열,2494723.444544635
2015,한국외국어대학교,인문사회계열,2589362.305045032
2015,한국외국어대학교,자연과학계열,2339435.193519352
2015,한국전통문화대학교(일반),공학계열,1939067.5
2015,한국전통문화대학교(일반),예체능계열,1817400.0
2015,한국전통문화대학교(일반),인문사회계열,1849548.717948718
2015,한국전통문화대학교(일반),자연과학계열,1968500.0
2015,한국체육대학교,예체능계열,2646459.513000413
2015,한국침례신학대학교,예체능계열,4176547.56097561
2015,한국침례신학대학교,인문사회계열,3775500.519287834
2015,한국항공대학교,공학계열,3095765.4085745695
2015,한국항공대학교,인문사회계열,3275575.585284281
2015,한국항공대학교,자연과학계열,5441215.415549598
2015,한남대학교,공학계열,3402148.2006543074
2015,한남대학교,예체능계열,3309036.220472441
2015,한남대학교,인문사회계열,3222076.0740531376
2015,한남대학교,자연과학계열,3415257.133105802
2015,한동대학교,공학계열,3231504.744852283
2015,한동대학교,인문사회계열,2952110.799220273
2015,한동대학교,자연과학계열,2884700.0
2015,한라대학교,공학계열,3718754.7931873477
2015,한라대학교,예체능계열,4203434.285714285
2015,한라대학교,인문사회계열,3138150.4884004886
2015,한려대학교,공학계열,5377996.296296297
2015,한려대학교,예체능계열,4562394.736842105
2015,한려대학교,인문사회계열,3567566.6666666665
2015,한려대학교,자연과학계열,2365336.274509804
2015,한림대학교,공학계열,3585651.5592515594
2015,한림대학교,예체능계열,4805808.450704225
2015,한림대학교,의학계열,2637900.0
2015,한림대학교,인문사회계열,3591671.8382195593
2015,한림대학교,자연과학계열,3744535.409090909
2015,한밭대학교(산업대),공학계열,1886286.0058309038
2015,한밭대학교(산업대),예체능계열,1412129.8969072164
2015,한밭대학교(산업대),인문사회계열,1535303.3264033264
2015,한북대학교,공학계열,2855082.926829268
2015,한북대학교,예체능계열,2626993.8775510206
2015,한북대학교,인문사회계열,2937408.0808080807
2015,한북대학교,자연과학계열,2791609.090909091
2015,한서대학교,공학계열,4580026.023391813
2015,한서대학교,예체능계열,4075313.1692307694
2015,한서대학교,인문사회계열,4005663.913043478
2015,한서대학교,자연과학계열,5082371.62037037
2015,한성대학교,공학계열,3649578.846153846
2015,한성대학교,예체능계열,3386028.603603604
2015,한성대학교,인문사회계열,3150948.329925017
2015,한세대학교,공학계열,4883401.293103448
2015,한세대학교,예체능계열,4367763.62545018
2015,한세대학교,인문사회계열,4023498.1481481483
2015,한세대학교,자연과학계열,4325400.0
2015,한신대학교,공학계열,2874223.1664726427
2015,한신대학교,예체능계열,2932600.0
2015,한신대학교,인문사회계열,3102844.7389558232
2015,한신대학교,자연과학계열,3101830.55028463
2015,한양대학교,공학계열,3593011.366734833
2015,한양대학교,예체능계열,3379087.5187969925
2015,한양대학교,의학계열,2228400.0
2015,한양대학교,인문사회계열,2930458.7919942816
2015,한양대학교,자연과학계열,2605617.8126691934
2015,한양대학교(ERICA) _분교,공학계열,3323116.4913366335
2015,한양대학교(ERICA) _분교,예체능계열,3741974.466571835
2015,한양대학교(ERICA) _분교,인문사회계열,3046375.337243402
2015,한양대학교(ERICA) _분교,자연과학계열,3373816.3243243243
2015,한일장신대학교,예체능계열,4257680.952380952
2015,한일장신대학교,인문사회계열,4677141.744548286
2015,한일장신대학교,자연과학계열,3881892.03539823
2015,한중대학교,공학계열,3983265.3465346536
2015,한중대학교,예체능계열,5147860.905349794
2015,한중대학교,인문사회계열,3960920.145631068
2015,한중대학교,자연과학계열,4221693.246187364
2015,협성대학교,공학계열,3382376.4444444445
2015,협성대학교,예체능계열,3390088.625
2015,협성대학교,인문사회계열,3386351.286334781
2015,협성대학교,자연과학계열,4033300.0
2015,호남대학교,공학계열,2853376.7083027186
2015,호남대학교,예체능계열,3362863.948497854
2015,호남대학교,인문사회계열,3030000.418275418
2015,호남대학교,자연과학계열,3366024.686468647
2015,호남신학대학교,예체능계열,2717000.0
2015,호남신학대학교,인문사회계열,4123826.8493150687
2015,호서대학교,공학계열,3413305.3530986207
2015,호서대학교,예체능계열,3649067.2806067173
2015,호서대학교,인문사회계열,3428553.6925719194
2015,호서대학교,자연과학계열,3944313.3757961784
2015,호원대학교,공학계열,3541329.1528239204
2015,호원대학교,예체능계열,3466467.2245467226
2015,호원대학교,인문사회계열,3542668.4624017957
2015,호원대학교,자연과학계열,3835996.6887417217
2015,홍익대학교,공학계열,3904534.22310757
2015,홍익대학교,예체능계열,3643675.545104746
2015,홍익대학교,인문사회계열,3582665.175953079
2015,홍익대학교,자연과학계열,3754800.0
2015,홍익대학교(세종) _분교,공학계열,3724823.58044164
2015,홍익대학교(세종) _분교,예체능계열,4553682.646420824
2015,홍익대학교(세종) _분교,인문사회계열,3626921.9450101834
2015,화성의과학대학교,공학계열,2507517.5182481753
2015,화성의과학대학교,예체능계열,2569220.202020202
2015,화성의과학대학교,인문사회계열,2585627.489177489
2015,화성의과학대학교,자연과학계열,2937800.0
2016,가야대학교(김해),예체능계열,3808400.0
2016,가야대학교(김해),인문사회계열,3286245.1827242523
2016,가야대학교(김해),자연과학계열,3731533.1112591606
2016,가천대학교,공학계열,3184598.3535528597
2016,가천대학교,예체능계열,3161704.432270916
2016,가천대학교,의학계열,3255400.0
2016,가천대학교,인문사회계열,3048965.1512957867
2016,가천대학교,자연과학계열,3969438.5723039214
2016,가톨릭관동대학교,공학계열,3050479.0246768505
2016,가톨릭관동대학교,예체능계열,3788968.1381957773
2016,가톨릭관동대학교,의학계열,1966200.0
2016,가톨릭관동대학교,인문사회계열,2936306.2672615256
2016,가톨릭관동대학교,자연과학계열,3138712.915601023
2016,가톨릭꽃동네대학교,인문사회계열,5460800.0
2016,가톨릭꽃동네대학교,자연과학계열,5536100.0
2016,가톨릭대학교,공학계열,3354962.8912071534
2016,가톨릭대학교,예체능계열,2920600.0
2016,가톨릭대학교,인문사회계열,2865050.2858504048
2016,가톨릭대학교,자연과학계열,3079536.996904025
2016,가톨릭대학교 _제2캠퍼스,의학계열,0.0
2016,가톨릭대학교 _제2캠퍼스,자연과학계열,4189763.070539419
2016,가톨릭대학교 _제3캠퍼스,인문사회계열,6650900.0
2016,감리교신학대학교,인문사회계열,3653111.5012106537
2016,강남대학교,공학계열,4219796.028880866
2016,강남대학교,예체능계열,4459129.392446633
2016,강남대학교,인문사회계열,3621974.420868211
2016,강남대학교,자연과학계열,4027700.0
2016,강서대학교,예체능계열,4432960.294117647
2016,강서대학교,인문사회계열,3527312.653778559
2016,강서대학교,자연과학계열,5599292.857142857
2016,강원대학교,공학계열,2492722.9124530484
2016,강원대학교,예체능계열,2850865.595716198
2016,강원대학교,의학계열,2265925.4237288134
2016,강원대학교,인문사회계열,2322090.3232323234
2016,강원대학교,자연과학계열,2499989.1335083824
2016,강원대학교 _제2캠퍼스,공학계열,3084454.0468227426
2016,강원대학교 _제2캠퍼스,예체능계열,3133862.5899280575
2016,강원대학교 _제2캠퍼스,인문사회계열,3495367.50483559
2016,강원대학교 _제2캠퍼스,자연과학계열,4290453.703703703
2016,건국대학교,공학계열,3204061.3209846453
2016,건국대학교,예체능계열,3325761.967779056
2016,건국대학교,의학계열,3532000.0
2016,건국대학교,인문사회계열,2966898.7303602602
2016,건국대학교,자연과학계열,3210450.8474576273
2016,건국대학교(글로컬) _분교,공학계열,3784235.204490778
2016,건국대학교(글로컬) _분교,예체능계열,4005739.7563676634
2016,건국대학교(글로컬) _분교,인문사회계열,3367634.5474313674
2016,건국대학교(글로컬) _분교,자연과학계열,3987663.893510815
2016,건양대학교,공학계열,4042300.6968641113
2016,건양대학교,예체능계열,3625708.609271523
2016,건양대학교,인문사회계열,3479772.6744186045
2016,건양대학교,자연과학계열,3884586.265060241
2016,건양대학교 _제2캠퍼스,공학계열,3530430.873308733
2016,건양대학교 _제2캠퍼스,의학계열,2459800.0
2016,건양대학교 _제2캠퍼스,인문사회계열,3610054.0425531915
2016,건양대학교 _제2캠퍼스,자연과학계열,3500429.474191992
2016,경기대학교,공학계열,3452970.0810185187
2016,경기대학교,예체능계열,4550118.357142857
2016,경기대학교,인문사회계열,3490278.526970954
2016,경기대학교,자연과학계열,3608659.090909091
2016,경기대학교 _제2캠퍼스,예체능계열,3695471.2
2016,경기대학교 _제2캠퍼스,인문사회계열,3688774.8990578735
2016,경기대학교 _제2캠퍼스,자연과학계열,2873589.7959183673
2016,경남과학기술대학교,공학계열,2873593.5315597286
2016,경남과학기술대학교,예체능계열,2472600.0
2016,경남과학기술대학교,인문사회계열,2880247.5034674066
2016,경남과학기술대학교,자연과학계열,2926860.9028309104
2016,경남대학교,공학계열,2885604.8452220727
2016,경남대학교,예체능계열,3897815.0390625
2016,경남대학교,인문사회계열,3020263.670886076
2016,경남대학교,자연과학계열,3437280.1162040024
2016,경동대학교,공학계열,3606924.5931283906
2016,경동대학교,예체능계열,4471328.68852459
2016,경동대학교,인문사회계열,3537969.8324022344
2016,경동대학교,자연과학계열,3317639.569049951
2016,경동대학교 _제3캠퍼스,자연과학계열,3143489.3418467585
2016,경동대학교 _제4캠퍼스,공학계열,2516525.0
2016,경동대학교 _제4캠퍼스,예체능계열,3437300.0
2016,경동대학교 _제4캠퍼스,인문사회계열,3157768.3860232946
2016,경북대학교,공학계열,2906081.821598597
2016,경북대학교,예체능계열,2816986.6071428573
2016,경북대학교,의학계열,2141500.0
2016,경북대학교,인문사회계열,2465626.3896848136
2016,경북대학교,자연과학계열,2864254.4528476615
2016,경상국립대학교,공학계열,2775704.433833561
2016,경상국립대학교,예체능계열,2229602.337662338
2016,경상국립대학교,의학계열,3044700.0
2016,경상국립대학교,인문사회계열,2533321.349918434
2016,경상국립대학교,자연과학계열,3050433.997655334
2016,경성대학교,공학계열,3133687.4520337684
2016,경성대학교,예체능계열,3595789.5705521475
2016,경성대학교,인문사회계열,2838622.5004287427
2016,경성대학교,자연과학계열,3062764.5561357704
2016,경운대학교,공학계열,4524804.545454546
2016,경운대학교,예체능계열,5767099.332220367
2016,경운대학교,인문사회계열,3856175.3846153845
2016,경운대학교,자연과학계열,4246689.848308051
2016,경운대학교(산업대),공학계열,4757750.0
2016,경운대학교(산업대),예체능계열,3716326.76056338
2016,경운대학교(산업대),인문사회계열,2535247.3684210526
2016,경운대학교(산업대),자연과학계열,2608181.4102564105
2016,경인교육대학교,인문사회계열,2379901.377199694
2016,경인교육대학교 _제2캠퍼스,인문사회계열,2208689.7553516817
2016,경일대학교,공학계열,3546295.534180694
2016,경일대학교,예체능계열,3858255.0595238097
2016,경일대학교,인문사회계열,2930025.4911591355
2016,경일대학교,자연과학계열,4530534.680573664
2016,경희대학교,공학계열,3072448.4407922463
2016,경희대학교,예체능계열,3565291.8144279816
2016,경희대학교,의학계열,2377583.564814815
2016,경희대학교,인문사회계열,2826689.845951531
2016,경희대학교,자연과학계열,2940002.172523962
2016,계명대학교,공학계열,3503900.6079027355
2016,계명대학교,예체능계열,3885660.1996762007
2016,계명대학교,의학계열,2735100.0
2016,계명대학교,인문사회계열,3226184.0215757363
2016,계명대학교,자연과학계열,3860847.4926253688
2016,고려대학교,공학계열,3436786.952808029
2016,고려대학교,예체능계열,4124096.729776248
2016,고려대학교,의학계열,3627000.0
2016,고려대학교,인문사회계열,2660860.3503918857
2016,고려대학교,자연과학계열,3010264.8336541103
2016,고려대학교(세종) _분교,공학계열,3357152.9944289695
2016,고려대학교(세종) _분교,예체능계열,4190209.777777778
2016,고려대학교(세종) _분교,인문사회계열,3390939.7421832145
2016,고려대학교(세종) _분교,자연과학계열,3083649.0
2016,고신대학교,예체능계열,4295555.555555556
2016,고신대학교,의학계열,2285000.0
2016,고신대학교,인문사회계열,4065461.9450317123
2016,고신대학교,자연과학계열,3744062.8935532235
2016,공주교육대학교,인문사회계열,2180261.2945838836
2016,광신대학교,예체능계열,4861031.914893617
2016,광신대학교,인문사회계열,4097318.34625323
2016,광운대학교,공학계열,3192852.371825587
2016,광운대학교,예체능계열,5599000.0
2016,광운대학교,인문사회계열,3121530.3039702233
2016,광운대학교,자연과학계열,3078249.0476190476
2016,광주가톨릭대학교,인문사회계열,0.0
2016,광주과학기술원,공학계열,6072962.5
2016,광주과학기술원,자연과학계열,6192700.540540541
2016,광주교육대학교,인문사회계열,3324752.6428571427
2016,광주대학교,공학계열,4180254.3034605146
2016,광주대학교,예체능계열,4195407.02247191
2016,광주대학교,인문사회계열,3804512.647132482
2016,광주대학교,자연과학계열,4188330.8571428573
2016,광주여자대학교,예체능계열,4117921.7207334274
2016,광주여자대학교,인문사회계열,3997793.8195302845
2016,광주여자대학교,자연과학계열,4338184.037558685
2016,국립강릉원주대학교,공학계열,2939290.787119857
2016,국립강릉원주대학교,예체능계열,3496886.597938144
2016,국립강릉원주대학교,의학계열,2710300.0
2016,국립강릉원주대학교,인문사회계열,2703709.1234347047
2016,국립강릉원주대학교,자연과학계열,3054864.9623250808
2016,국립강릉원주대학교 _제2캠퍼스,공학계열,2876669.6170212766
2016,국립강릉원주대학교 _제2캠퍼스,예체능계열,3435500.0
2016,국립강릉원주대학교 _제2캠퍼스,인문사회계열,2774655.7647058824
2016,국립강릉원주대학교 _제2캠퍼스,자연과학계열,2814933.628318584
2016,국립경국대학교,공학계열,2863510.1265822784
2016,국립경국대학교,예체능계열,3441922.3325062036
2016,국립경국대학교,인문사회계열,2690479.114198871
2016,국립경국대학교,자연과학계열,2866036.021150033
2016,국립공주대학교,공학계열,2209040.218963024
2016,국립공주대학교,예체능계열,2571874.524400331
2016,국립공주대학교,인문사회계열,2458139.983801296
2016,국립공주대학교,자연과학계열,2659235.369022869
2016,국립군산대학교,공학계열,2991102.652519894
2016,국립군산대학교,예체능계열,3197603.4548944337
2016,국립군산대학교,인문사회계열,2826048.6486486485
2016,국립군산대학교,자연과학계열,2904192.8338762214
2016,국립금오공과대학교,공학계열,2639419.374333452
2016,국립금오공과대학교,인문사회계열,2226390.938511327
2016,국립금오공과대학교,자연과학계열,2705518.0327868853
2016,국립목포대학교,공학계열,3114057.9650092083
2016,국립목포대학교,예체능계열,3322122.1428571427
2016,국립목포대학교,인문사회계열,2824838.8690282744
2016,국립목포대학교,자연과학계열,3126533.536585366
2016,국립목포해양대학교,공학계열,2706455.1750972765
2016,국립부경대학교,공학계열,2492328.210578967
2016,국립부경대학교,예체능계열,2805193.103448276
2016,국립부경대학교,인문사회계열,2205986.6310160425
2016,국립부경대학교,자연과학계열,2597285.3893866297
2016,국립순천대학교,공학계열,2882435.209713024
2016,국립순천대학교,예체능계열,2769532.8358208956
2016,국립순천대학교,인문사회계열,2490789.6995708155
2016,국립순천대학교,자연과학계열,2803898.8294314384
2016,국립창원대학교,공학계열,2636724.937744575
2016,국립창원대학교,예체능계열,2862258.959537572
2016,국립창원대학교,인문사회계열,2306418.479172491
2016,국립창원대학교,자연과학계열,2551562.3423423423
2016,국립한국교통대학교,공학계열,3319553.5003825556
2016,국립한국교통대학교,예체능계열,3635580.1566579635
2016,국립한국교통대학교,인문사회계열,3420431.0396785536
2016,국립한국교통대학교,자연과학계열,4285653.5227272725
2016,국립한국해양대학교,공학계열,2423429.4277929156
2016,국립한국해양대학교,예체능계열,2939600.0
2016,국립한국해양대학교,인문사회계열,2295853.8502673795
2016,국립한국해양대학교,자연과학계열,2566500.7462686566
2016,국립한밭대학교,공학계열,2505348.995034287
2016,국립한밭대학교,예체능계열,2840375.0
2016,국립한밭대학교,인문사회계열,2524956.970046083
2016,국립한밭대학교,자연과학계열,3117234.4537815126
2016,국민대학교,공학계열,3701818.7162891044
2016,국민대학교,예체능계열,3220029.684119429
2016,국민대학교,인문사회계열,2995932.1894303365
2016,국민대학교,자연과학계열,3135040.6035665297
2016,극동대학교,공학계열,4741359.834710744
2016,극동대학교,예체능계열,3617645.4545454546
2016,극동대학교,인문사회계열,3334113.2545115124
2016,극동대학교,자연과학계열,4042579.317476732
2016,금강대학교,공학계열,7326400.0
2016,금강대학교,인문사회계열,6737690.946502058
2016,김천대학교,공학계열,3528100.0
2016,김천대학교,예체능계열,4104900.0
2016,김천대학교,인문사회계열,3870192.7138331574
2016,김천대학교,자연과학계열,3264080.0476001585
2016,나사렛대학교,공학계열,4128347.727272727
2016,나사렛대학교,예체능계열,3965587.072808321
2016,나사렛대학교,인문사회계열,3726397.4179062587
2016,나사렛대학교,자연과학계열,3659426.183574879
2016,남부대학교,공학계열,2883939.3501805053
2016,남부대학교,예체능계열,4376463.8483965015
2016,남부대학교,인문사회계열,3500620.6022187006
2016,남부대학교,자연과학계열,3518922.511574074
2016,남서울대학교,공학계열,4186606.4109589043
2016,남서울대학교,예체능계열,4995119.197707736
2016,남서울대학교,인문사회계열,4461255.658198615
2016,남서울대학교,자연과학계열,4987482.129963899
2016,남서울대학교(산업대),공학계열,4688804.693877551
2016,남서울대학교(산업대),예체능계열,5245651.807228915
2016,남서울대학교(산업대),인문사회계열,3983487.6386687797
2016,남서울대학교(산업대),자연과학계열,4055968.253968254
2016,단국대학교,공학계열,3067666.077537058
2016,단국대학교,예체능계열,3421385.8991825613
2016,단국대학교,인문사회계열,2998787.666370896
2016,단국대학교,자연과학계열,3177960.8938547485
2016,단국대학교 _제2캠퍼스,공학계열,3187524.150943396
2016,단국대학교 _제2캠퍼스,예체능계열,4156062.908605737
2016,단국대학교 _제2캠퍼스,의학계열,2499047.3214285714
2016,단국대학교 _제2캠퍼스,인문사회계열,3123492.6883859737
2016,단국대학교 _제2캠퍼스,자연과학계열,3403142.9893438024
2016,대구가톨릭대학교,공학계열,3226267.475931352
2016,대구가톨릭대학교,예체능계열,3628985.7526881723
2016,대구가톨릭대학교,의학계열,2105300.0
2016,대구가톨릭대학교,인문사회계열,3365830.546731316
2016,대구가톨릭대학교,자연과학계열,3514493.640606768
2016,대구경북과학기술원,자연과학계열,2910400.0
2016,대구교육대학교,인문사회계열,2240000.656716418
2016,대구대학교,공학계열,3423754.1933516315
2016,대구대학교,예체능계열,4192459.4629993453
2016,대구대학교,인문사회계열,3372519.022203245
2016,대구대학교,자연과학계열,3728933.734939759
2016,대구예술대학교,예체능계열,3328416.454689984
2016,대구예술대학교,자연과학계열,4040400.0
2016,대구외국어대학교,인문사회계열,2324148.3754512635
2016,대구한의대학교,공학계열,3265571.9334719335
2016,대구한의대학교,예체능계열,3718363.4545454546
2016,대구한의대학교,의학계열,1984500.0
2016,대구한의대학교,인문사회계열,2860297.961956522
2016,대구한의대학교,자연과학계열,3524307.032136106
2016,대신대학교,예체능계열,3569052.272727273
2016,대신대학교,인문사회계열,3995342.2330097086
2016,대전가톨릭대학교,인문사회계열,5207200.0
2016,대전대학교,공학계열,3098274.82197355
2016,대전대학교,예체능계열,3473312.10653753
2016,대전대학교,의학계열,2043500.0
2016,대전대학교,인문사회계열,3471762.200854701
2016,대전대학교,자연과학계열,3385041.985244802
2016,대전신학대학교,인문사회계열,5187200.0
2016,대진대학교,공학계열,3684725.8669165885
2016,대진대학교,예체능계열,3626902.431906615
2016,대진대학교,인문사회계열,3801255.896873286
2016,대진대학교,자연과학계열,3803911.6438356163
2016,덕성여자대학교,공학계열,3707751.3227513228
2016,덕성여자대학교,예체능계열,3543987.049399199
2016,덕성여자대학교,인문사회계열,3298437.52276867
2016,덕성여자대학교,자연과학계열,3256536.4623739333
2016,동국대학교,공학계열,2961923.9226519335
2016,동국대학교,예체능계열,3401605.8885383806
2016,동국대학교,인문사회계열,3000746.336689038
2016,동국대학교,자연과학계열,2817477.0251396648
2016,동국대학교(WISE) _분교,공학계열,3414368.5892439596
2016,동국대학교(WISE) _분교,예체능계열,4860726.278659612
2016,동국대학교(WISE) _분교,의학계열,2729360.2816901407
2016,동국대학교(WISE) _분교,인문사회계열,3561391.6873169634
2016,동국대학교(WISE) _분교,자연과학계열,3575543.831775701
2016,동덕여자대학교,공학계열,2894000.7978723403
2016,동덕여자대학교,예체능계열,3520337.8323108386
2016,동덕여자대학교,인문사회계열,2952571.7279174724
2016,동덕여자대학교,자연과학계열,3047695.9694989105
2016,동명대학교,공학계열,4249299.435196195
2016,동명대학교,예체능계열,4387274.305555556
2016,동명대학교,인문사회계열,3630501.2191309785
2016,동명대학교,자연과학계열,4813931.803797469
2016,동서대학교,공학계열,3712015.264383106
2016,동서대학교,예체능계열,3557306.5284974095
2016,동서대학교,인문사회계열,3530295.9500920433
2016,동서대학교,자연과학계열,4050483.8373305527
2016,동신대학교,공학계열,3830574.434782609
2016,동신대학교,예체능계열,4119493.1746031744
2016,동신대학교,의학계열,2701200.0
2016,동신대학교,인문사회계열,3603151.7169179227
2016,동신대학교,자연과학계열,3876902.960526316
2016,동아대학교,공학계열,2969558.8110777913
2016,동아대학교,예체능계열,3780509.975062344
2016,동아대학교,의학계열,2795200.0
2016,동아대학교,인문사회계열,2860149.113720074
2016,동아대학교,자연과학계열,3120715.825771325
2016,동양대학교,공학계열,2473902.3514851485
2016,동양대학교,예체능계열,3556658.1858407077
2016,동양대학교,인문사회계열,2572007.1071626875
2016,동양대학교,자연과학계열,3615200.0
2016,동의대학교,공학계열,3639187.945776851
2016,동의대학교,예체능계열,4068179.1911764704
2016,동의대학교,의학계열,3128000.0
2016,동의대학교,인문사회계열,3266416.537867079
2016,동의대학교,자연과학계열,3518480.9272061815
2016,루터대학교,인문사회계열,4493808.208955224
2016,루터대학교,자연과학계열,4483900.0
2016,명지대학교,공학계열,3351288.2015763074
2016,명지대학교,예체능계열,4214846.00402955
2016,명지대학교,자연과학계열,3766487.9330943846
2016,명지대학교 _제2캠퍼스,공학계열,3842980.2973977695
2016,명지대학교 _제2캠퍼스,인문사회계열,3327750.6489292667
2016,목원대학교,공학계열,4067752.566735113
2016,목원대학교,예체능계열,4173571.4790286976
2016,목원대학교,인문사회계열,3597308.445400753
2016,목원대학교,자연과학계열,3877661.411764706
2016,목포가톨릭대학교,인문사회계열,5024038.70967742
2016,목포가톨릭대학교,자연과학계열,4300100.0
2016,배재대학교,공학계열,3403005.871559633
2016,배재대학교,예체능계열,4053675.0865051905
2016,배재대학교,인문사회계열,3319627.7591973245
2016,배재대학교,자연과학계열,3586313.7073863638
2016,백석대학교,공학계열,4138700.0
2016,백석대학교,예체능계열,4910241.504178273
2016,백석대학교,인문사회계열,4454717.496144679
2016,백석대학교,자연과학계열,5110936.9348659
2016,부산가톨릭대학교,공학계열,4024749.8575498573
2016,부산가톨릭대학교,인문사회계열,3475087.9917184263
2016,부산가톨릭대학교,자연과학계열,4193549.9231950846
2016,부산교육대학교,인문사회계열,2363850.891719745
2016,부산대학교,공학계열,3131184.79851044
2016,부산대학교,예체능계열,2818807.848266841
2016,부산대학교,의학계열,0.0
2016,부산대학교,인문사회계열,2528933.452363948
2016,부산대학교,자연과학계열,2855237.417430215
2016,부산외국어대학교,공학계열,3478957.7898550723
2016,부산외국어대학교,예체능계열,4086812.937062937
2016,부산외국어대학교,인문사회계열,3018935.779816514
2016,부산외국어대학교,자연과학계열,670600.0
2016,부산장신대학교,인문사회계열,4849086.363636363
2016,삼육대학교,공학계열,4124683.1223628693
2016,삼육대학교,예체능계열,4106941.472392638
2016,삼육대학교,인문사회계열,4115180.0398208066
2016,삼육대학교,자연과학계열,4094614.420062696
2016,상명대학교,공학계열,3346077.504393673
2016,상명대학교,예체능계열,3171069.9797160244
2016,상명대학교,인문사회계열,3055928.5496570994
2016,상명대학교,자연과학계열,3192054.818907305
2016,상명대학교 _제2캠퍼스,공학계열,3361646.8152866242
2016,상명대학교 _제2캠퍼스,예체능계열,3692305.230043256
2016,상명대학교 _제2캠퍼스,인문사회계열,3281566.4958360028
2016,상명대학교 _제2캠퍼스,자연과학계열,3409733.9477726575
2016,상지대학교,공학계열,2950012.0
2016,상지대학교,예체능계열,3895180.104712042
2016,상지대학교,의학계열,2561900.0
2016,상지대학교,인문사회계열,2931539.174947305
2016,상지대학교,자연과학계열,2924028.034839412
2016,서강대학교,공학계열,3353648.3146067415
2016,서강대학교,인문사회계열,2704867.8655660376
2016,서강대학교,자연과학계열,3151029.877369008
2016,서경대학교,공학계열,3133391.532498509
2016,서경대학교,예체능계열,3155568.919610855
2016,서경대학교,인문사회계열,2795203.675889328
2016,서경대학교,자연과학계열,3665156.18556701
2016,서남대학교,공학계열,2334800.0
2016,서남대학교,예체능계열,4125863.736263736
2016,서남대학교,의학계열,980900.0
2016,서남대학교,인문사회계열,3275086.9565217393
2016,서남대학교,자연과학계열,2591312.7731092437
2016,서남대학교 _제2캠퍼스,공학계열,1986902.9197080291
2016,서남대학교 _제2캠퍼스,예체능계열,3326494.782608696
2016,서남대학교 _제2캠퍼스,인문사회계열,1704791.2133891212
2016,서남대학교 _제2캠퍼스,자연과학계열,2190844.117647059
2016,서울과학기술대학교,공학계열,3063723.2187439986
2016,서울과학기술대학교,예체능계열,2685186.0465116277
2016,서울과학기술대학교,인문사회계열,2413922.478386167
2016,서울과학기술대학교,자연과학계열,3196931.5331010455
2016,서울과학기술대학교(산업대),공학계열,2337430.4222093695
2016,서울과학기술대학교(산업대),예체능계열,1466647.5935828877
2016,서울과학기술대학교(산업대),인문사회계열,1432405.0420168068
2016,서울과학기술대학교(산업대),자연과학계열,2516354.700854701
2016,서울교육대학교,인문사회계열,2012944.1769681198
2016,서울기독대학교,예체능계열,3709886.6666666665
2016,서울기독대학교,인문사회계열,3753588.0126182963
2016,서울대학교,공학계열,3742033.7138863
2016,서울대학교,예체능계열,3547923.3285917495
2016,서울대학교,의학계열,4044000.8915304607
2016,서울대학교,인문사회계열,2695282.6134414473
2016,서울대학교,자연과학계열,3593179.913544669
2016,서울시립대학교,공학계열,1607917.1918017743
2016,서울시립대학교,예체능계열,1710881.4751286448
2016,서울시립대학교,인문사회계열,1431460.2519244226
2016,서울시립대학교,자연과학계열,1632624.040920716
2016,서울신학대학교,예체능계열,5505223.076923077
2016,서울신학대학교,인문사회계열,5383402.933038184
2016,서울여자대학교,공학계열,3857921.54626109
2016,서울여자대학교,예체능계열,3345578.994845361
2016,서울여자대학교,인문사회계열,3433351.500714626
2016,서울여자대학교,자연과학계열,3566797.7551020407
2016,서울장신대학교,예체능계열,3792800.0
2016,서울장신대학교,인문사회계열,4587217.46031746
2016,서울한영대학교,예체능계열,4538303.571428572
2016,서울한영대학교,인문사회계열,4170126.146010187
2016,서원대학교,공학계열,3320928.826530612
2016,서원대학교,예체능계열,3661911.995515695
2016,서원대학교,인문사회계열,3632908.1611022786
2016,서원대학교,자연과학계열,3548626.418604651
2016,선문대학교,공학계열,3744818.3063063063
2016,선문대학교,예체능계열,4300704.006968641
2016,선문대학교,인문사회계열,4109403.753753754
2016,선문대학교,자연과학계열,4450685.976627713
2016,성결대학교,공학계열,3849552.274607113
2016,성결대학교,예체능계열,3841257.6774193547
2016,성결대학교,인문사회계열,3429167.9652382378
2016,성공회대학교,공학계열,4670768.190127971
2016,성공회대학교,인문사회계열,4214276.978891821
2016,성균관대학교,공학계열,3965952.457065125
2016,성균관대학교,예체능계열,3341948.392282958
2016,성균관대학교,의학계열,7734300.0
2016,성균관대학교,인문사회계열,3017669.842319991
2016,성균관대학교,자연과학계열,3735234.6921797004
2016,성신여자대학교,공학계열,4104861.0271903323
2016,성신여자대학교,예체능계열,4109207.264573991
2016,성신여자대학교,인문사회계열,3815442.1775477706
2016,성신여자대학교,자연과학계열,4456097.971014493
2016,세명대학교,공학계열,3647231.1787072243
2016,세명대학교,예체능계열,4154643.9359267736
2016,세명대학교,의학계열,3110600.0
2016,세명대학교,인문사회계열,3793824.601175483
2016,세명대학교,자연과학계열,4272757.306985294
2016,세종대학교,공학계열,3240340.144322066
2016,세종대학교,예체능계열,2702187.720444154
2016,세종대학교,인문사회계열,2837289.841798501
2016,세종대학교,자연과학계열,2730233.2382310983
2016,세한대학교,공학계열,2983854.6798029556
2016,세한대학교,예체능계열,3029768.851303735
2016,세한대학교,인문사회계열,2869923.4714003946
2016,세한대학교,자연과학계열,3544075.5359394704
2016,송원대학교,공학계열,3800215.3284671535
2016,송원대학교,예체능계열,4335028.857142857
2016,송원대학교,인문사회계열,3274785.685483871
2016,송원대학교,자연과학계열,3641725.1412429377
2016,수원가톨릭대학교,인문사회계열,8612000.0
2016,수원대학교,공학계열,3661653.3644859814
2016,수원대학교,예체능계열,3777193.851886353
2016,수원대학교,인문사회계열,3368516.1280579884
2016,수원대학교,자연과학계열,3340734.0052585453
2016,숙명여자대학교,공학계열,3571281.106870229
2016,숙명여자대학교,예체능계열,3638700.2587322122
2016,숙명여자대학교,인문사회계열,3333265.5018350086
2016,숙명여자대학교,자연과학계열,3152027.7710109623
2016,순복음총회신학교,예체능계열,4899800.0
2016,순복음총회신학교,인문사회계열,3313859.8540145988
2016,순천향대학교,공학계열,3861096.22005988
2016,순천향대학교,예체능계열,4323522.762430939
2016,순천향대학교,의학계열,2239400.0
2016,순천향대학교,인문사회계열,3897599.2061639037
2016,순천향대학교,자연과학계열,3791339.954954955
2016,숭실대학교,공학계열,3060642.798674722
2016,숭실대학교,예체능계열,4273080.384615385
2016,숭실대학교,인문사회계열,3035711.3502935423
2016,숭실대학교,자연과학계열,2688517.218543046
2016,신경주대학교,공학계열,2408105.8441558443
2016,신경주대학교,예체능계열,3626306.5359477126
2016,신경주대학교,인문사회계열,2623553.853472883
2016,신경주대학교,자연과학계열,2852415.940054496
2016,신라대학교,공학계열,3535032.1014492754
2016,신라대학교,예체능계열,3271416.6666666665
2016,신라대학교,인문사회계열,3112238.411764706
2016,신라대학교,자연과학계열,4067821.071863581
2016,신한대학교,공학계열,3407136.111111111
2016,신한대학교,인문사회계열,2634700.0
2016,신한대학교,자연과학계열,3780200.0
2016,신한대학교 _제2캠퍼스,공학계열,3147876.595744681
2016,신한대학교 _제2캠퍼스,예체능계열,3555381.654676259
2016,신한대학교 _제2캠퍼스,인문사회계열,3239220.9984559957
2016,신한대학교 _제2캠퍼스,자연과학계열,3500724.5358090186
2016,아신대학교,인문사회계열,3826987.6640419946
2016,아주대학교,공학계열,3124042.795830779
2016,아주대학교,의학계열,4351404.255319149
2016,아주대학교,인문사회계열,3149473.033707865
2016,아주대학교,자연과학계열,3012231.280788177
2016,안양대학교,공학계열,3459340.415704388
2016,안양대학교,예체능계열,3307613.4693877553
2016,안양대학교,인문사회계열,3571982.0342205325
2016,안양대학교,자연과학계열,3799051.4211886306
2016,안양대학교 _제2캠퍼스,공학계열,3302540.0
2016,안양대학교 _제2캠퍼스,인문사회계열,2664758.5585585586
2016,안양대학교 _제2캠퍼스,자연과학계열,4049800.0
2016,연세대학교,공학계열,3645737.439890085
2016,연세대학교,예체능계열,4040056.6700100303
2016,연세대학교,의학계열,3148119.1850594226
2016,연세대학교,인문사회계열,2978936.3870834624
2016,연세대학교,자연과학계열,3251271.0958495075
2016,연세대학교(미래) _분교,공학계열,3320112.361466326
2016,연세대학교(미래) _분교,예체능계열,3138896.04519774
2016,연세대학교(미래) _분교,의학계열,2878400.0
2016,연세대학교(미래) _분교,인문사회계열,3016319.054820416
2016,연세대학교(미래) _분교,자연과학계열,3333849.9832719974
2016,영남대학교,공학계열,3813443.877068558
2016,영남대학교,예체능계열,4196979.69367589
2016,영남대학교,의학계열,2529900.0
2016,영남대학교,인문사회계열,3535582.7740994277
2016,영남대학교,자연과학계열,3875866.797202797
2016,영남신학대학교,인문사회계열,4226686.559139785
2016,영산대학교,공학계열,3006058.712121212
2016,영산대학교,예체능계열,4197463.829787234
2016,영산대학교,인문사회계열,2785659.765051395
2016,영산대학교,자연과학계열,4882637.878787879
2016,영산대학교 _제2캠퍼스,공학계열,3069300.0
2016,영산대학교 _제2캠퍼스,예체능계열,3255767.5386444707
2016,영산대학교 _제2캠퍼스,인문사회계열,2714086.6429659724
2016,영산대학교 _제2캠퍼스,자연과학계열,3916314.0604467806
2016,영산선학대학교,인문사회계열,2395600.0
2016,예수대학교,인문사회계열,4860000.0
2016,예수대학교,자연과학계열,3806300.0
2016,예원예술대학교,예체능계열,3150081.6901408453
2016,예원예술대학교,인문사회계열,2597823.188405797
2016,예원예술대학교 _제2캠퍼스,예체능계열,3083460.2536997884
2016,용인대학교,예체능계열,3410435.3427172583
2016,용인대학교,인문사회계열,3204582.479079498
2016,용인대학교,자연과학계열,2831737.822878229
2016,우석대학교,공학계열,2641940.4517453797
2016,우석대학교,예체능계열,3346366.4199814987
2016,우석대학교,의학계열,2293606.043956044
2016,우석대학교,인문사회계열,2751269.720101781
2016,우석대학교,자연과학계열,2683970.283270978
2016,우송대학교,공학계열,3301107.0120355836
2016,우송대학교,예체능계열,3484978.2653061226
2016,우송대학교,인문사회계열,3636720.361868755
2016,우송대학교,자연과학계열,3491249.1398323774
2016,울산과학기술원,공학계열,6265146.410684474
2016,울산과학기술원,인문사회계열,6066341.656050956
2016,울산과학기술원,자연과학계열,6275143.893129771
2016,울산대학교,공학계열,2541130.77770434
2016,울산대학교,예체능계열,3021454.242928453
2016,울산대학교,의학계열,8603000.0
2016,울산대학교,인문사회계열,2000297.1246006389
2016,울산대학교,자연과학계열,3055424.4078269824
2016,원광대학교,공학계열,3334119.8698315467
2016,원광대학교,예체능계열,3977218.775510204
2016,원광대학교,의학계열,2651533.6483931947
2016,원광대학교,인문사회계열,3182571.4462681944
2016,원광대학교,자연과학계열,3371378.4493670887
2016,위덕대학교,공학계열,3056190.4593639574
2016,위덕대학교,예체능계열,5414316.0
2016,위덕대학교,인문사회계열,3238464.4568690094
2016,위덕대학교,자연과학계열,3035174.8786407765
2016,유원대학교,공학계열,3095587.6386687797
2016,유원대학교,예체능계열,3945121.4611872146
2016,유원대학교,인문사회계열,3185959.497413156
2016,유원대학교,자연과학계열,3308013.6500754147
2016,을지대학교,의학계열,3200000.0
2016,을지대학교,인문사회계열,5252800.0
2016,을지대학교,자연과학계열,3926242.611683849
2016,을지대학교 _제2캠퍼스,공학계열,4490300.0
2016,을지대학교 _제2캠퍼스,예체능계열,3949958.275862069
2016,을지대학교 _제2캠퍼스,인문사회계열,3879757.039187228
2016,을지대학교 _제2캠퍼스,자연과학계열,3952579.7792924377
2016,이화여자대학교,공학계열,3750734.995977474
2016,이화여자대학교,예체능계열,3309507.3410607656
2016,이화여자대학교,인문사회계열,3211673.8331545065
2016,이화여자대학교,자연과학계열,3846952.569293055
2016,인제대학교,공학계열,3250956.407365652
2016,인제대학교,예체능계열,3998167.132867133
2016,인제대학교,인문사회계열,3108706.4953810624
2016,인제대학교,자연과학계열,3233513.9571353896
2016,인제대학교 _제2캠퍼스,의학계열,1522900.0
2016,인제대학교 _제2캠퍼스,자연과학계열,1851900.0
2016,인천가톨릭대학교,인문사회계열,6908500.0
2016,인천가톨릭대학교 _제2캠퍼스,예체능계열,2646764.932885906
2016,인천가톨릭대학교 _제2캠퍼스,자연과학계열,3622300.0
2016,인천대학교,공학계열,3234391.4965986395
2016,인천대학교,예체능계열,2873283.6279069767
2016,인천대학교,인문사회계열,3050781.2174275587
2016,인천대학교,자연과학계열,2983678.3645655876
2016,인하대학교,공학계열,3030967.467969885
2016,인하대학교,예체능계열,3712852.1621621624
2016,인하대학교,의학계열,0.0
2016,인하대학교,인문사회계열,3018988.2777692424
2016,인하대학교,자연과학계열,2729907.9372856445
2016,장로회신학대학교,예체능계열,4140700.0
2016,장로회신학대학교,인문사회계열,3953140.227272727
2016,전남대학교,공학계열,2639123.298178332
2016,전남대학교,예체능계열,2643413.694267516
2016,전남대학교,의학계열,2378129.0492957747
2016,전남대학교,인문사회계열,2622715.667115903
2016,전남대학교,자연과학계열,2669172.7366255145
2016,전남대학교 _제2캠퍼스,공학계열,2995518.1994191674
2016,전남대학교 _제2캠퍼스,예체능계열,4189100.0
2016,전남대학교 _제2캠퍼스,인문사회계열,2825494.0497335703
2016,전남대학교 _제2캠퍼스,자연과학계열,3044079.783950617
2016,전북대학교,공학계열,2525382.780337942
2016,전북대학교,예체능계열,2983587.661574618
2016,전북대학교,의학계열,2779000.0
2016,전북대학교,인문사회계열,2407695.9124337267
2016,전북대학교,자연과학계열,2470316.3807890224
2016,전주교육대학교,인문사회계열,1738830.4093567252
2016,전주대학교,공학계열,4130872.2993062437
2016,전주대학교,예체능계열,4740823.540489642
2016,전주대학교,인문사회계열,3741353.841775754
2016,전주대학교,자연과학계열,4186624.9174138745
2016,정석대학,공학계열,0.0
2016,정석대학,인문사회계열,0.0
2016,제주국제대학교,공학계열,4506256.775700934
2016,제주국제대학교,예체능계열,5130031.855955679
2016,제주국제대학교,인문사회계열,4221283.072100313
2016,제주국제대학교,자연과학계열,4289359.459459459
2016,제주대학교,공학계열,2904616.098901099
2016,제주대학교,예체능계열,2800241.052631579
2016,제주대학교,의학계열,2241738.947368421
2016,제주대학교,인문사회계열,2510265.6015037596
2016,제주대학교,자연과학계열,2832527.6989755714
2016,조선대학교,공학계열,3204923.1786997714
2016,조선대학교,예체능계열,3703356.2407498765
2016,조선대학교,의학계열,5255000.0
2016,조선대학교,인문사회계열,3275541.511111111
2016,조선대학교,자연과학계열,3373102.222222222
2016,중부대학교,공학계열,3216275.0701852893
2016,중부대학교,예체능계열,3553734.152186938
2016,중부대학교,인문사회계열,3485828.4480190645
2016,중부대학교,자연과학계열,3531424.26199262
2016,중앙대학교,공학계열,3609385.561077688
2016,중앙대학교,예체능계열,3674916.6358595192
2016,중앙대학교,인문사회계열,2822781.276320052
2016,중앙대학교,자연과학계열,2694950.292196631
2016,중앙대학교 _제2캠퍼스,공학계열,2404707.881773399
2016,중앙대학교 _제2캠퍼스,예체능계열,3581328.645407468
2016,중앙대학교 _제2캠퍼스,인문사회계열,2607913.105175292
2016,중앙대학교 _제2캠퍼스,자연과학계열,3491202.2670025188
2016,중앙승가대학교,인문사회계열,1846355.1724137932
2016,중원대학교,공학계열,3371110.199004975
2016,중원대학교,예체능계열,3739884.2592592593
2016,중원대학교,인문사회계열,3569477.8529980658
2016,중원대학교,자연과학계열,3778349.2849284927
2016,진주교육대학교,인문사회계열,2760933.4814814813
2016,진주산업대학교(산업대),공학계열,935385.593220339
2016,진주산업대학교(산업대),예체능계열,0.0
2016,진주산업대학교(산업대),인문사회계열,820689.6103896104
2016,진주산업대학교(산업대),자연과학계열,1378745.5882352942
2016,차의과학대학교,인문사회계열,4457726.666666667
2016,차의과학대학교,자연과학계열,3906398.9323843415
2016,창신대학교,공학계열,1995126.1146496816
2016,창신대학교,예체능계열,2872301.287553648
2016,창신대학교,인문사회계열,2843802.322206096
2016,창신대학교,자연과학계열,2773149.433106576
2016,청운대학교,공학계열,3951589.212442091
2016,청운대학교,예체능계열,4509775.086745316
2016,청운대학교,인문사회계열,3632409.414024976
2016,청운대학교,자연과학계열,4479243.790849674
2016,청주교육대학교,인문사회계열,2235939.308681672
2016,청주대학교,공학계열,3769454.7538200337
2016,청주대학교,예체능계열,3991919.7802197803
2016,청주대학교,인문사회계열,3625499.807893818
2016,청주대학교,자연과학계열,3818057.7227722774
2016,초당대학교,공학계열,4733386.650485436
2016,초당대학교,예체능계열,4517160.477453581
2016,초당대학교,인문사회계열,3504072.5409836066
2016,초당대학교,자연과학계열,3978718.800358102
2016,초당대학교(산업대),공학계열,2027324.0
2016,초당대학교(산업대),예체능계열,1989652.9411764706
2016,초당대학교(산업대),인문사회계열,1903561.3636363635
2016,초당대학교(산업대),자연과학계열,1887937.391304348
2016,총신대학교,예체능계열,4280400.0
2016,총신대학교,인문사회계열,3600142.661097852
2016,추계예술대학교,예체능계열,2977140.111111111
2016,추계예술대학교,인문사회계열,2877529.893238434
2016,춘천교육대학교,인문사회계열,2104538.4781048098
2016,충남대학교,공학계열,2808176.18783509
2016,충남대학교,예체능계열,3109759.7959183673
2016,충남대학교,의학계열,2616640.7407407407
2016,충남대학교,인문사회계열,2249337.6249807724
2016,충남대학교,자연과학계열,2547862.3725490198
2016,충북대학교,공학계열,2751811.295681063
2016,충북대학교,예체능계열,3156787.878787879
2016,충북대학교,의학계열,2940861.0079575595
2016,충북대학교,인문사회계열,2440828.6940142317
2016,충북대학교,자연과학계열,2681725.7402101243
2016,칼빈대학교,예체능계열,2960848.936170213
2016,칼빈대학교,인문사회계열,3739422.6519337017
2016,평택대학교,공학계열,3168139.880952381
2016,평택대학교,예체능계열,3674073.2729331823
2016,평택대학교,인문사회계열,3633311.923411662
2016,평택대학교,자연과학계열,3584230.7210031347
2016,포항공과대학교,공학계열,5703131.532416503
2016,포항공과대학교,자연과학계열,6324256.796116505
2016,한경국립대학교,공학계열,2543955.200341006
2016,한경국립대학교,예체능계열,2875482.1428571427
2016,한경국립대학교,인문사회계열,2813604.1623309054
2016,한경국립대학교,자연과학계열,2458728.103837472
2016,한경대학교(산업대),공학계열,1391417.971758665
2016,한경대학교(산업대),예체능계열,2015662.7450980393
2016,한경대학교(산업대),인문사회계열,1148810.15625
2016,한경대학교(산업대),자연과학계열,1505403.6764705882
2016,한국공학대학교,공학계열,3865699.273858921
2016,한국공학대학교,예체능계열,4612737.027027027
2016,한국공학대학교,인문사회계열,4051470.055452865
2016,한국과학기술원,공학계열,6992288.13229572
2016,한국과학기술원,인문사회계열,6187738.70967742
2016,한국과학기술원,자연과학계열,6492476.390773405
2016,한국교원대학교,공학계열,2414900.0
2016,한국교원대학교,예체능계열,2361658.407079646
2016,한국교원대학교,인문사회계열,2322094.915254237
2016,한국교원대학교,자연과학계열,2687569.6675900277
2016,한국국제대학교,공학계열,2432878.0844155843
2016,한국국제대학교,예체능계열,3556900.2506265664
2016,한국국제대학교,인문사회계열,2876519.1601049867
2016,한국국제대학교,자연과학계열,3131613.8693467337
2016,한국기술교육대학교,공학계열,4031326.217123671
2016,한국기술교육대학교,인문사회계열,3356812.4792013313
2016,한국방송통신대학교,공학계열,111700.0
2016,한국방송통신대학교,인문사회계열,150448.7726953018
2016,한국방송통신대학교,자연과학계열,132339.8595146871
2016,한국산업기술대학교(산업대),공학계열,3453257.8226387887
2016,한국산업기술대학교(산업대),예체능계열,3525588.2352941176
2016,한국산업기술대학교(산업대),인문사회계열,3295671.844660194
2016,한국성서대학교,공학계열,4834483.928571428
2016,한국성서대학교,인문사회계열,4768100.283687944
2016,한국성서대학교,자연과학계열,3925666.6666666665
2016,한국예술종합학교,공학계열,1113400.0
2016,한국예술종합학교,예체능계열,1907034.2163355409
2016,한국예술종합학교,인문사회계열,2910828.6549707605
2016,한국외국어대학교,공학계열,2668612.43339254
2016,한국외국어대학교,인문사회계열,2588634.561479555
2016,한국외국어대학교,자연과학계열,2273760.0888888887
2016,한국전통문화대학교(일반),공학계열,1260467.924528302
2016,한국전통문화대학교(일반),예체능계열,1165200.0
2016,한국전통문화대학교(일반),인문사회계열,1263617.105263158
2016,한국전통문화대학교(일반),자연과학계열,1446200.0
2016,한국체육대학교,예체능계열,2678794.8073022314
2016,한국침례신학대학교,예체능계열,4359627.004219409
2016,한국침례신학대학교,인문사회계열,4234608.972392638
2016,한국항공대학교,공학계열,3313957.7443609023
2016,한국항공대학교,인문사회계열,3428730.85106383
2016,한국항공대학교,자연과학계열,5310760.7512953365
2016,한남대학교,공학계열,3458245.73556797
2016,한남대학교,예체능계열,3946979.1164658633
2016,한남대학교,인문사회계열,3593833.4569182857
2016,한남대학교,자연과학계열,3963375.2083333335
2016,한동대학교,공학계열,3613898.8477366255
2016,한동대학교,인문사회계열,3273463.9751552795
2016,한동대학교,자연과학계열,3335600.0
2016,한라대학교,공학계열,3719331.1507936507
2016,한라대학교,예체능계열,4445111.926605505
2016,한라대학교,인문사회계열,3401776.3694267515
2016,한려대학교,공학계열,4708977.2727272725
2016,한려대학교,예체능계열,4787475.609756097
2016,한려대학교,인문사회계열,3719600.0
2016,한려대학교,자연과학계열,2738443.4343434344
2016,한림대학교,공학계열,3725502.4316109424
2016,한림대학교,예체능계열,5063400.0
2016,한림대학교,의학계열,2723700.0
2016,한림대학교,인문사회계열,3768059.6326062
2016,한림대학교,자연과학계열,4032520.2241943018
2016,한밭대학교(산업대),공학계열,1851747.9207920793
2016,한밭대학교(산업대),예체능계열,1106095.4545454546
2016,한밭대학교(산업대),인문사회계열,1652478.431372549
2016,한북대학교,공학계열,2851933.3333333335
2016,한북대학교,예체능계열,2875945.238095238
2016,한북대학교,인문사회계열,2765107.90513834
2016,한북대학교,자연과학계열,3245724.242424242
2016,한서대학교,공학계열,3971641.033254157
2016,한서대학교,예체능계열,3770781.07617896
2016,한서대학교,인문사회계열,3848601.60486995
2016,한서대학교,자연과학계열,4700979.248046875
2016,한성대학교,공학계열,3847745.7189901206
2016,한성대학교,예체능계열,3608924.3460764587
2016,한성대학교,인문사회계열,3411341.2219359586
2016,한세대학교,공학계열,4072506.0240963856
2016,한세대학교,예체능계열,4196848.271752086
2016,한세대학교,인문사회계열,4011380.588235294
2016,한세대학교,자연과학계열,4364600.0
2016,한신대학교,공학계열,3512098.086124402
2016,한신대학교,예체능계열,3565000.0
2016,한신대학교,인문사회계열,3483849.26067908
2016,한신대학교,자연과학계열,3462662.839248434
2016,한양대학교,공학계열,3676583.5875331564
2016,한양대학교,예체능계열,3487086.7269984917
2016,한양대학교,의학계열,2181300.0
2016,한양대학교,인문사회계열,3113837.6923076925
2016,한양대학교,자연과학계열,2684462.1679064822
2016,한양대학교(ERICA) _분교,공학계열,3592285.597226599
2016,한양대학교(ERICA) _분교,예체능계열,4222799.217638691
2016,한양대학교(ERICA) _분교,인문사회계열,3428900.449910018
2016,한양대학교(ERICA) _분교,자연과학계열,3650839.4648829433
2016,한일장신대학교,예체능계열,4249317.475728155
2016,한일장신대학교,인문사회계열,4951975.555555556
2016,한일장신대학교,자연과학계열,3948118.439716312
2016,한중대학교,공학계열,3846470.3703703703
2016,한중대학교,예체능계열,5168891.208791208
2016,한중대학교,인문사회계열,3947874.295774648
2016,한중대학교,자연과학계열,3961821.678321678
2016,협성대학교,공학계열,4089848.131868132
2016,협성대학교,예체능계열,4293695.561357702
2016,협성대학교,인문사회계열,3974385.4338842975
2016,협성대학교,자연과학계열,4723100.0
2016,호남대학교,공학계열,3131812.26993865
2016,호남대학교,예체능계열,3384596.3157894737
2016,호남대학교,인문사회계열,3263626.147704591
2016,호남대학교,자연과학계열,3598787.3482428114
2016,호남신학대학교,예체능계열,2699700.0
2016,호남신학대학교,인문사회계열,4485272.514619883
2016,호서대학교,공학계열,3481670.482849028
2016,호서대학교,예체능계열,3960230.2746931617
2016,호서대학교,인문사회계열,3555816.6516651665
2016,호서대학교,자연과학계열,3967529.8365122615
2016,호원대학교,공학계열,3467606.4716312056
2016,호원대학교,예체능계열,3478861.4965986395
2016,호원대학교,인문사회계열,3685654.4125913433
2016,호원대학교,자연과학계열,3787479.524680073
2016,홍익대학교,공학계열,3909107.200306396
2016,홍익대학교,예체능계열,3400703.5323801516
2016,홍익대학교,인문사회계열,3682684.4244341687
2016,홍익대학교,자연과학계열,3583800.0
2016,홍익대학교 _제2캠퍼스,공학계열,3795359.294871795
2016,홍익대학교 _제2캠퍼스,예체능계열,4510286.224489796
2016,홍익대학교 _제2캠퍼스,인문사회계열,3616279.767827529
2016,화성의과학대학교,공학계열,3057930.07518797
2016,화성의과학대학교,예체능계열,3506487.5
2016,화성의과학대학교,인문사회계열,3024000.257069409
2016,화성의과학대학교,자연과학계열,3410500.0
2017,가야대학교(김해),예체능계열,3988200.0
2017,가야대학교(김해),인문사회계열,3385569.6897374704
2017,가야대학교(김해),자연과학계열,3962716.0978750805
2017,가천대학교,공학계열,3331761.0935465875
2017,가천대학교,예체능계열,3206189.7225077082
2017,가천대학교,의학계열,6087625.316455696
2017,가천대학교,인문사회계열,3067314.377498572
2017,가천대학교,자연과학계열,3972081.547987616
2017,가톨릭관동대학교,공학계열,4080595.4261954264
2017,가톨릭관동대학교,예체능계열,4566704.907407408
2017,가톨릭관동대학교,의학계열,3113100.0
2017,가톨릭관동대학교,인문사회계열,3430412.408592322
2017,가톨릭관동대학교,자연과학계열,4820763.448275862
2017,가톨릭꽃동네대학교,인문사회계열,6345800.0
2017,가톨릭꽃동네대학교,자연과학계열,6582300.0
2017,가톨릭대학교,공학계열,3223900.841622035
2017,가톨릭대학교,예체능계열,2997500.0
2017,가톨릭대학교,인문사회계열,2979274.255952381
2017,가톨릭대학교,자연과학계열,3170578.1298299846
2017,가톨릭대학교 _제2캠퍼스,의학계열,1522600.0
2017,가톨릭대학교 _제2캠퍼스,자연과학계열,2895422.06185567
2017,가톨릭대학교 _제3캠퍼스,인문사회계열,6315600.0
2017,감리교신학대학교,인문사회계열,3667253.760789149
2017,강남대학교,공학계열,4391161.354166667
2017,강남대학교,예체능계열,4832631.338028169
2017,강남대학교,인문사회계열,3934376.682905226
2017,강남대학교,자연과학계열,4219650.0
2017,강서대학교,예체능계열,4047211.2
2017,강서대학교,인문사회계열,3256762.571976967
2017,강서대학교,자연과학계열,5216993.548387097
2017,강원대학교,공학계열,2750107.997576492
2017,강원대학교,예체능계열,3074815.620641562
2017,강원대학교,의학계열,2805700.0
2017,강원대학교,인문사회계열,2511961.695906433
2017,강원대학교,자연과학계열,2678067.8221059516
2017,강원대학교 _제2캠퍼스,공학계열,3264556.1161022806
2017,강원대학교 _제2캠퍼스,예체능계열,3224535.796178344
2017,강원대학교 _제2캠퍼스,인문사회계열,3644921.4814814813
2017,강원대학교 _제2캠퍼스,자연과학계열,4470551.840490798
2017,건국대학교,공학계열,3379491.909729615
2017,건국대학교,예체능계열,3332370.621468927
2017,건국대학교,의학계열,3376400.0
2017,건국대학교,인문사회계열,3009429.8778527803
2017,건국대학교,자연과학계열,3285109.559164733
2017,건국대학교(글로컬) _분교,공학계열,3964382.2641509436
2017,건국대학교(글로컬) _분교,예체능계열,4304243.535911602
2017,건국대학교(글로컬) _분교,의학계열,0.0
2017,건국대학교(글로컬) _분교,인문사회계열,3720493.368544601
2017,건국대학교(글로컬) _분교,자연과학계열,4140770.869912211
2017,건양대학교,공학계열,4055079.9763033176
2017,건양대학교,예체능계열,3982954.4444444445
2017,건양대학교,인문사회계열,3517295.9577567372
2017,건양대학교,자연과학계열,4168415.434782609
2017,건양대학교 _제2캠퍼스,공학계열,3789551.357733176
2017,건양대학교 _제2캠퍼스,의학계열,2968900.0
2017,건양대학교 _제2캠퍼스,인문사회계열,3464844.174757282
2017,건양대학교 _제2캠퍼스,자연과학계열,3570032.485875706
2017,경기대학교,공학계열,3635891.361334525
2017,경기대학교,예체능계열,4300672.640218878
2017,경기대학교,인문사회계열,3452276.6222378113
2017,경기대학교,자연과학계열,3602067.403846154
2017,경기대학교 _제2캠퍼스,예체능계열,3940194.430379747
2017,경기대학교 _제2캠퍼스,인문사회계열,3670547.0545454547
2017,경기대학교 _제2캠퍼스,자연과학계열,2881750.757575758
2017,경남과학기술대학교,공학계열,2823829.197439685
2017,경남과학기술대학교,예체능계열,2791200.0
2017,경남과학기술대학교,인문사회계열,2872626.489138052
2017,경남과학기술대학교,자연과학계열,3036634.7345132744
2017,경남대학교,공학계열,2812114.392950392
2017,경남대학교,예체능계열,4008339.92248062
2017,경남대학교,인문사회계열,3121752.119618797
2017,경남대학교,자연과학계열,3370161.118508655
2017,경동대학교,공학계열,4174094.827586207
2017,경동대학교,예체능계열,5652900.0
2017,경동대학교,인문사회계열,3992871.7590102204
2017,경동대학교,자연과학계열,3349738.500635324
2017,경동대학교 _제3캠퍼스,인문사회계열,2527134.0
2017,경동대학교 _제3캠퍼스,자연과학계열,2681792.225497421
2017,경동대학교 _제4캠퍼스,공학계열,2340356.3636363638
2017,경동대학교 _제4캠퍼스,예체능계열,2848100.0
2017,경동대학교 _제4캠퍼스,인문사회계열,2655046.9849246233
2017,경북대학교,공학계열,2880686.8154418366
2017,경북대학교,예체능계열,2874069.784172662
2017,경북대학교,의학계열,2209398.734177215
2017,경북대학교,인문사회계열,2430463.6485680193
2017,경북대학교,자연과학계열,2802388.855132715
2017,경상국립대학교,공학계열,2778434.6488137185
2017,경상국립대학교,예체능계열,2379089.3333333335
2017,경상국립대학교,의학계열,3255569.6666666665
2017,경상국립대학교,인문사회계열,2506561.7200674536
2017,경상국립대학교,자연과학계열,2980060.1592664095
2017,경성대학교,공학계열,3399517.106283941
2017,경성대학교,예체능계열,3824097.211328976
2017,경성대학교,인문사회계열,3154945.303964758
2017,경성대학교,자연과학계열,3317344.294826364
2017,경운대학교,공학계열,6157911.651469098
2017,경운대학교,예체능계열,5471353.616352201
2017,경운대학교,인문사회계열,3819371.35777998
2017,경운대학교,자연과학계열,3742679.079254079
2017,경운대학교(산업대),공학계열,3846489.8305084747
2017,경운대학교(산업대),예체능계열,4098384.8484848486
2017,경운대학교(산업대),인문사회계열,1919922.5806451612
2017,경운대학교(산업대),자연과학계열,1806737.142857143
2017,경인교육대학교,인문사회계열,2358937.6055257097
2017,경인교육대학교 _제2캠퍼스,인문사회계열,2287043.5975609757
2017,경일대학교,공학계열,3669833.573141487
2017,경일대학교,예체능계열,4031098.113207547
2017,경일대학교,인문사회계열,2893337.596899225
2017,경일대학교,자연과학계열,4392375.189873418
2017,경희대학교,공학계열,3036817.679315639
2017,경희대학교,예체능계열,3531942.881646655
2017,경희대학교,의학계열,2544489.0939597315
2017,경희대학교,인문사회계열,2816327.3789493362
2017,경희대학교,자연과학계열,2939625.7281553396
2017,계명대학교,공학계열,3566514.671492205
2017,계명대학교,예체능계열,3998506.1383928573
2017,계명대학교,의학계열,3020800.0
2017,계명대학교,인문사회계열,3356718.948734588
2017,계명대학교,자연과학계열,3907686.2767584096
2017,고려대학교,공학계열,3438958.838878017
2017,고려대학교,예체능계열,3900057.9470198676
2017,고려대학교,의학계열,3713100.0
2017,고려대학교,인문사회계열,2726379.0256501604
2017,고려대학교,자연과학계열,2966690.8594815824
2017,고려대학교(세종) _분교,공학계열,3690340.4616429056
2017,고려대학교(세종) _분교,예체능계열,4465738.7323943665
2017,고려대학교(세종) _분교,인문사회계열,3684959.820912767
2017,고려대학교(세종) _분교,자연과학계열,3666254.8292682925
2017,고신대학교,예체능계열,4609373.023255814
2017,고신대학교,의학계열,2328100.0
2017,고신대학교,인문사회계열,4197669.605191995
2017,고신대학교,자연과학계열,3805648.4984984985
2017,공주교육대학교,인문사회계열,2380224.0480961925
2017,광신대학교,예체능계열,4628173.684210527
2017,광신대학교,인문사회계열,4234235.135135135
2017,광운대학교,공학계열,3137369.1172854686
2017,광운대학교,예체능계열,5195100.0
2017,광운대학교,인문사회계열,3073792.61457303
2017,광운대학교,자연과학계열,3044768.75
2017,광주가톨릭대학교,인문사회계열,0.0
2017,광주과학기술원,공학계열,6149263.953488372
2017,광주과학기술원,자연과학계열,6274428.044280442
2017,광주교육대학교,인문사회계열,3650475.3434562543
2017,광주대학교,공학계열,4051111.5640599
2017,광주대학교,예체능계열,4454308.523908524
2017,광주대학교,인문사회계열,3828380.548894218
2017,광주대학교,자연과학계열,4249329.70521542
2017,광주여자대학교,예체능계열,4526551.474926254
2017,광주여자대학교,인문사회계열,4200708.897485494
2017,광주여자대학교,자연과학계열,4677770.58419244
2017,국립강릉원주대학교,공학계열,2994904.7
2017,국립강릉원주대학교,예체능계열,3774563.796477495
2017,국립강릉원주대학교,의학계열,3154100.0
2017,국립강릉원주대학교,인문사회계열,2854434.871550904
2017,국립강릉원주대학교,자연과학계열,3295346.4803868886
2017,국립강릉원주대학교 _제2캠퍼스,공학계열,3014964.5109135006
2017,국립강릉원주대학교 _제2캠퍼스,인문사회계열,2988299.143468951
2017,국립강릉원주대학교 _제2캠퍼스,자연과학계열,3019378.846153846
2017,국립경국대학교,공학계열,2925318.6319550793
2017,국립경국대학교,예체능계열,3553299.4490358126
2017,국립경국대학교,인문사회계열,2810270.028142589
2017,국립경국대학교,자연과학계열,2939521.414004079
2017,국립공주대학교,공학계열,2411490.319792567
2017,국립공주대학교,예체능계열,2742398.07860262
2017,국립공주대학교,인문사회계열,2459070.1209455747
2017,국립공주대학교,자연과학계열,2893575.9497130364
2017,국립군산대학교,공학계열,3090002.5513585154
2017,국립군산대학교,예체능계열,3095025.2100840337
2017,국립군산대학교,인문사회계열,2736136.7180417045
2017,국립군산대학교,자연과학계열,2905005.6433408577
2017,국립금오공과대학교,공학계열,2632369.4298642534
2017,국립금오공과대학교,인문사회계열,2306810.5263157897
2017,국립금오공과대학교,자연과학계열,2871858.8235294116
2017,국립목포대학교,공학계열,3097151.749271137
2017,국립목포대학교,예체능계열,3245086.131386861
2017,국립목포대학교,인문사회계열,2910147.2295514513
2017,국립목포대학교,자연과학계열,3112088.1144990665
2017,국립목포해양대학교,공학계열,2769686.2660944206
2017,국립부경대학교,공학계열,2549102.5368884285
2017,국립부경대학교,예체능계열,2561729.551451187
2017,국립부경대학교,인문사회계열,2237668.9310884885
2017,국립부경대학교,자연과학계열,2616401.7844396858
2017,국립순천대학교,공학계열,2844032.4691358022
2017,국립순천대학교,예체능계열,2999245.1923076925
2017,국립순천대학교,인문사회계열,2588285.3927813163
2017,국립순천대학교,자연과학계열,2877298.805601318
2017,국립창원대학교,공학계열,2685236.5971705136
2017,국립창원대학교,예체능계열,2911898.680351906
2017,국립창원대학교,인문사회계열,2284384.1841004184
2017,국립창원대학교,자연과학계열,2649291.690821256
2017,국립한국교통대학교,공학계열,3397845.6755679552
2017,국립한국교통대학교,예체능계열,3790633.5092348284
2017,국립한국교통대학교,인문사회계열,3462885.1948051946
2017,국립한국교통대학교,자연과학계열,4298738.789237668
2017,국립한국해양대학교,공학계열,2403146.006984866
2017,국립한국해양대학교,예체능계열,3279500.0
2017,국립한국해양대학교,인문사회계열,2311200.2807411565
2017,국립한국해양대학교,자연과학계열,2868468.604651163
2017,국립한밭대학교,공학계열,2716073.8343047462
2017,국립한밭대학교,예체능계열,2975630.0
2017,국립한밭대학교,인문사회계열,2658602.405130946
2017,국립한밭대학교,자연과학계열,3281115.667311412
2017,국민대학교,공학계열,3589291.835106383
2017,국민대학교,예체능계열,3031961.3406408094
2017,국민대학교,인문사회계열,2958095.3222159413
2017,국민대학교,자연과학계열,3092233.904354033
2017,극동대학교,공학계열,5063792.755905512
2017,극동대학교,예체능계열,4248192.097701149
2017,극동대학교,인문사회계열,3695716.715542522
2017,극동대학교,자연과학계열,4540922.694300518
2017,금강대학교,인문사회계열,6581925.096525096
2017,김천대학교,공학계열,3722983.4862385322
2017,김천대학교,예체능계열,4263800.0
2017,김천대학교,인문사회계열,3685639.2133492255
2017,김천대학교,자연과학계열,3211567.35395189
2017,나사렛대학교,공학계열,2589158.9552238807
2017,나사렛대학교,예체능계열,5073692.249240122
2017,나사렛대학교,인문사회계열,4012408.7414578586
2017,나사렛대학교,자연과학계열,4199409.591836735
2017,남부대학교,공학계열,3519913.8364779875
2017,남부대학교,예체능계열,4905124.734982332
2017,남부대학교,인문사회계열,4012167.1383647798
2017,남부대학교,자연과학계열,3774278.884462151
2017,남서울대학교,공학계열,4474726.988636363
2017,남서울대학교,예체능계열,5035927.2363150865
2017,남서울대학교,인문사회계열,4573515.63876652
2017,남서울대학교,자연과학계열,5390362.100840336
2017,남서울대학교(산업대),공학계열,3322251.7587939696
2017,남서울대학교(산업대),예체능계열,3133078.504672897
2017,남서울대학교(산업대),인문사회계열,2288192.0689655175
2017,남서울대학교(산업대),자연과학계열,1815918.1818181819
2017,단국대학교,공학계열,3153584.682405846
2017,단국대학교,예체능계열,3603926.497277677
2017,단국대학교,인문사회계열,3102230.2141443226
2017,단국대학교,자연과학계열,3710540.579710145
2017,단국대학교 _제2캠퍼스,공학계열,3324280.8422301305
2017,단국대학교 _제2캠퍼스,예체능계열,4043242.905634759
2017,단국대학교 _제2캠퍼스,의학계열,2319348.4988452657
2017,단국대학교 _제2캠퍼스,인문사회계열,3204324.058962885
2017,단국대학교 _제2캠퍼스,자연과학계열,3351608.814913449
2017,대구가톨릭대학교,공학계열,3836647.9379338506
2017,대구가톨릭대학교,예체능계열,4011084.5080251223
2017,대구가톨릭대학교,의학계열,2076200.0
2017,대구가톨릭대학교,인문사회계열,3589749.5934959347
2017,대구가톨릭대학교,자연과학계열,4058076.954474097
2017,대구경북과학기술원,자연과학계열,2948600.0
2017,대구교육대학교,인문사회계열,2443081.3455657493
2017,대구대학교,공학계열,3654197.3058637083
2017,대구대학교,예체능계열,4524022.39010989
2017,대구대학교,인문사회계열,3532613.7230560887
2017,대구대학교,자연과학계열,4029316.1424486614
2017,대구예술대학교,예체능계열,3511408.5034013605
2017,대구예술대학교,자연과학계열,4024100.0
2017,대구외국어대학교,예체능계열,0.0
2017,대구외국어대학교,인문사회계열,0.0
2017,대구한의대학교,공학계열,4081409.338521401
2017,대구한의대학교,예체능계열,4293029.457364341
2017,대구한의대학교,의학계열,2369400.0
2017,대구한의대학교,인문사회계열,3369749.9251123313
2017,대구한의대학교,자연과학계열,4035910.5056840456
2017,대신대학교,예체능계열,4323547.619047619
2017,대신대학교,인문사회계열,4827520.50209205
2017,대전가톨릭대학교,인문사회계열,5061300.0
2017,대전대학교,공학계열,3431605.6759545924
2017,대전대학교,예체능계열,3953759.125
2017,대전대학교,의학계열,2314700.0
2017,대전대학교,인문사회계열,3712000.424486148
2017,대전대학교,자연과학계열,3997712.1934604906
2017,대전신학대학교,인문사회계열,5205400.0
2017,대진대학교,공학계열,4260999.20411985
2017,대진대학교,예체능계열,4166138.719211823
2017,대진대학교,인문사회계열,4095155.552383671
2017,대진대학교,자연과학계열,4393491.678622669
2017,덕성여자대학교,공학계열,3805390.6515580737
2017,덕성여자대학교,예체능계열,3631939.597315436
2017,덕성여자대학교,인문사회계열,3362674.4754149704
2017,덕성여자대학교,자연과학계열,3290183.962264151
2017,동국대학교,공학계열,3024871.4949439736
2017,동국대학교,예체능계열,3472787.995930824
2017,동국대학교,인문사회계열,2968234.7012841986
2017,동국대학교,자연과학계열,2880842.6470588236
2017,동국대학교(WISE) _분교,공학계열,3580546.855345912
2017,동국대학교(WISE) _분교,예체능계열,4875637.426900585
2017,동국대학교(WISE) _분교,의학계열,2888225.23364486
2017,동국대학교(WISE) _분교,인문사회계열,3594373.0536130536
2017,동국대학교(WISE) _분교,자연과학계열,3918308.9334548768
2017,동덕여자대학교,공학계열,3323849.1379310344
2017,동덕여자대학교,예체능계열,4022069.395627947
2017,동덕여자대학교,인문사회계열,3276130.4660726525
2017,동덕여자대학교,자연과학계열,3287909.5541401273
2017,동명대학교,공학계열,4354399.430796884
2017,동명대학교,예체능계열,4674930.830039525
2017,동명대학교,인문사회계열,3721401.9484808454
2017,동명대학교,자연과학계열,4716894.847020934
2017,동서대학교,공학계열,3450499.2088063294
2017,동서대학교,예체능계열,3535864.781216649
2017,동서대학교,인문사회계열,3448775.1539605013
2017,동서대학교,자연과학계열,3714519.4415718718
2017,동신대학교,공학계열,4379057.543593631
2017,동신대학교,예체능계열,4448531.954887218
2017,동신대학교,의학계열,3144400.0
2017,동신대학교,인문사회계열,3819934.4782034345
2017,동신대학교,자연과학계열,4054601.8884497145
2017,동아대학교,공학계열,3342913.907037521
2017,동아대학교,예체능계열,3918699.236252546
2017,동아대학교,의학계열,2966500.0
2017,동아대학교,인문사회계열,3146222.581029552
2017,동아대학교,자연과학계열,3467209.2749355906
2017,동양대학교,공학계열,2877303.4876347496
2017,동양대학교,예체능계열,3575656.102003643
2017,동양대학교,인문사회계열,2856355.50210463
2017,동양대학교,자연과학계열,4213200.0
2017,동의대학교,공학계열,3776134.5057034222
2017,동의대학교,예체능계열,4480907.164179104
2017,동의대학교,의학계열,3074600.0
2017,동의대학교,인문사회계열,3130738.744821237
2017,동의대학교,자연과학계열,3715314.1084558824
2017,루터대학교,인문사회계열,4800961.087866109
2017,루터대학교,자연과학계열,4783200.0
2017,명지대학교,공학계열,4097332.3445657333
2017,명지대학교,예체능계열,4578489.5
2017,명지대학교,자연과학계열,4155852.9696969697
2017,명지대학교 _제2캠퍼스,공학계열,3541829.096477795
2017,명지대학교 _제2캠퍼스,인문사회계열,3743441.810199257
2017,목원대학교,공학계열,4346941.607396871
2017,목원대학교,예체능계열,4527336.07861488
2017,목원대학교,인문사회계열,3941974.6967559946
2017,목원대학교,자연과학계열,4130179.827798278
2017,목포가톨릭대학교,인문사회계열,5146264.189189189
2017,목포가톨릭대학교,자연과학계열,4813900.0
2017,배재대학교,공학계열,3451570.640456563
2017,배재대학교,예체능계열,4172688.262910798
2017,배재대학교,인문사회계열,3379528.660436137
2017,배재대학교,자연과학계열,3582560.9740670463
2017,백석대학교,공학계열,2894200.0
2017,백석대학교,예체능계열,3539517.119244392
2017,백석대학교,인문사회계열,3407301.267710664
2017,백석대학교,자연과학계열,3660848.4779299847
2017,부산가톨릭대학교,공학계열,4040685.285285285
2017,부산가톨릭대학교,인문사회계열,3557962.1794871795
2017,부산가톨릭대학교,자연과학계열,4408638.514548239
2017,부산교육대학교,인문사회계열,2410246.692357097
2017,부산대학교,공학계열,3093422.00055417
2017,부산대학교,예체능계열,2952359.905977166
2017,부산대학교,의학계열,5160400.0
2017,부산대학교,인문사회계열,2477716.6786899436
2017,부산대학교,자연과학계열,2780102.8811008385
2017,부산외국어대학교,공학계열,3252755.899419729
2017,부산외국어대학교,예체능계열,3989033.9552238807
2017,부산외국어대학교,인문사회계열,3040745.326001571
2017,부산장신대학교,인문사회계열,5811829.875518672
2017,삼육대학교,공학계열,4402819.2254495155
2017,삼육대학교,예체능계열,4452141.5906127775
2017,삼육대학교,인문사회계열,4254885.830370747
2017,삼육대학교,자연과학계열,4158451.218247797
2017,상명대학교,공학계열,3182904.195804196
2017,상명대학교,예체능계열,3369732.623318386
2017,상명대학교,인문사회계열,3078760.465116279
2017,상명대학교,자연과학계열,3259077.6014109347
2017,상명대학교 _제2캠퍼스,공학계열,3440985.0
2017,상명대학교 _제2캠퍼스,예체능계열,3711114.0671483213
2017,상명대학교 _제2캠퍼스,인문사회계열,3302116.0424028267
2017,상명대학교 _제2캠퍼스,자연과학계열,3305354.5605306798
2017,상지대학교,공학계열,2671711.8279569894
2017,상지대학교,예체능계열,3536065.7407407407
2017,상지대학교,의학계열,2507000.0
2017,상지대학교,인문사회계열,2854396.5423728814
2017,상지대학교,자연과학계열,2727972.104962921
2017,서강대학교,공학계열,3313810.2330869813
2017,서강대학교,인문사회계열,2606260.8167983047
2017,서강대학교,자연과학계열,2950079.9539170507
2017,서경대학교,공학계열,3171005.933250927
2017,서경대학교,예체능계열,3468310.1178781926
2017,서경대학교,인문사회계열,2934958.523206751
2017,서경대학교,자연과학계열,3784552.8455284555
2017,서남대학교,공학계열,0.0
2017,서남대학교,예체능계열,0.0
2017,서남대학교,의학계열,0.0
2017,서남대학교,인문사회계열,0.0
2017,서남대학교,자연과학계열,0.0
2017,서남대학교 _제2캠퍼스,공학계열,0.0
2017,서남대학교 _제2캠퍼스,예체능계열,0.0
2017,서남대학교 _제2캠퍼스,인문사회계열,0.0
2017,서남대학교 _제2캠퍼스,자연과학계열,0.0
2017,서울과학기술대학교,공학계열,3128052.183945937
2017,서울과학기술대학교,예체능계열,2750447.5279106856
2017,서울과학기술대학교,인문사회계열,3137439.160839161
2017,서울과학기술대학교,자연과학계열,3188244.4827586208
2017,서울과학기술대학교(산업대),공학계열,1481506.0209424084
2017,서울과학기술대학교(산업대),예체능계열,1084947.435897436
2017,서울과학기술대학교(산업대),인문사회계열,1524474.6666666667
2017,서울과학기술대학교(산업대),자연과학계열,1719077.551020408
2017,서울교육대학교,인문사회계열,2105039.201570681
2017,서울기독대학교,예체능계열,4531619.642857143
2017,서울기독대학교,인문사회계열,4034732.8947368423
2017,서울대학교,공학계열,3429100.408261287
2017,서울대학교,예체능계열,3441124.531024531
2017,서울대학교,의학계열,3715979.6812749
2017,서울대학교,인문사회계열,2582781.014604151
2017,서울대학교,자연과학계열,3463444.8846836193
2017,서울시립대학교,공학계열,1750343.3562071116
2017,서울시립대학교,예체능계열,1773604.347826087
2017,서울시립대학교,인문사회계열,1525031.0063039926
2017,서울시립대학교,자연과학계열,1759340.3350515463
2017,서울신학대학교,예체능계열,6017950.0
2017,서울신학대학교,인문사회계열,5749887.811634349
2017,서울여자대학교,공학계열,3878506.0225846926
2017,서울여자대학교,예체능계열,3712239.3258426967
2017,서울여자대학교,인문사회계열,3406466.4177246704
2017,서울여자대학교,자연과학계열,3754491.446899501
2017,서울장신대학교,예체능계열,4122200.0
2017,서울장신대학교,인문사회계열,4622289.444444444
2017,서울한영대학교,예체능계열,4009728.813559322
2017,서울한영대학교,인문사회계열,3928610.651828299
2017,서원대학교,공학계열,3399161.6113744075
2017,서원대학교,예체능계열,3726732.276995305
2017,서원대학교,인문사회계열,3607732.664678775
2017,서원대학교,자연과학계열,3385038.2841328415
2017,선문대학교,공학계열,3690341.6836388325
2017,선문대학교,예체능계열,4444903.220035778
2017,선문대학교,인문사회계열,4387214.192495922
2017,선문대학교,자연과학계열,4745982.586644125
2017,성결대학교,공학계열,4258720.580700256
2017,성결대학교,예체능계열,4016459.5690747784
2017,성결대학교,인문사회계열,3379659.6292805527
2017,성공회대학교,공학계열,4936773.432835821
2017,성공회대학교,인문사회계열,4205374.095513748
2017,성균관대학교,공학계열,3990549.483814523
2017,성균관대학교,예체능계열,3466113.6824324327
2017,성균관대학교,의학계열,7313800.0
2017,성균관대학교,인문사회계열,3023720.6810541158
2017,성균관대학교,자연과학계열,3698878.72611465
2017,성신여자대학교,공학계열,4785684.6921797
2017,성신여자대학교,예체능계열,4402477.642085486
2017,성신여자대학교,인문사회계열,3890882.4695121953
2017,성신여자대학교,자연과학계열,4282491.868404717
2017,세명대학교,공학계열,3727414.8936170214
2017,세명대학교,예체능계열,4030028.7259615385
2017,세명대학교,의학계열,3243300.0
2017,세명대학교,인문사회계열,3920516.429220976
2017,세명대학교,자연과학계열,4244438.564422648
2017,세종대학교,공학계열,3961649.3872324857
2017,세종대학교,예체능계열,3510350.738916256
2017,세종대학교,인문사회계열,3471725.5665155957
2017,세종대학교,자연과학계열,3568652.1438450897
2017,세한대학교,공학계열,2748870.873786408
2017,세한대학교,예체능계열,3309804.3884892086
2017,세한대학교,인문사회계열,2914870.494923858
2017,세한대학교,자연과학계열,3564360.6420927467
2017,송원대학교,공학계열,3011299.049881235
2017,송원대학교,예체능계열,4065730.617977528
2017,송원대학교,인문사회계열,3319473.572938689
2017,송원대학교,자연과학계열,3584587.2
2017,수원가톨릭대학교,인문사회계열,8406500.0
2017,수원대학교,공학계열,3360260.4910714286
2017,수원대학교,예체능계열,3646128.409090909
2017,수원대학교,인문사회계열,2945435.054773083
2017,수원대학교,자연과학계열,3220220.018365473
2017,숙명여자대학교,공학계열,5351706.166868199
2017,숙명여자대학교,예체능계열,3602071.7319177175
2017,숙명여자대학교,인문사회계열,3319794.487394958
2017,숙명여자대학교,자연과학계열,3136786.434108527
2017,순복음총회신학교,예체능계열,4730255.172413793
2017,순복음총회신학교,인문사회계열,3610145.581395349
2017,순천향대학교,공학계열,4380671.00753941
2017,순천향대학교,예체능계열,4530658.151476252
2017,순천향대학교,의학계열,2588700.0
2017,순천향대학교,인문사회계열,4079331.2066905615
2017,순천향대학교,자연과학계열,4216657.47398297
2017,숭실대학교,공학계열,3389617.9625699404
2017,숭실대학교,예체능계열,4611648.226950355
2017,숭실대학교,인문사회계열,3196235.118010455
2017,숭실대학교,자연과학계열,2906161.8672665916
2017,신경주대학교,공학계열,2517825.0
2017,신경주대학교,예체능계열,4333957.763975156
2017,신경주대학교,인문사회계열,2305815.1476251604
2017,신경주대학교,자연과학계열,2341058.0792682925
2017,신라대학교,공학계열,3706464.9611398964
2017,신라대학교,예체능계열,3258541.0675381264
2017,신라대학교,인문사회계열,3069400.22527135
2017,신라대학교,자연과학계열,3937464.0498442366
2017,신한대학교,공학계열,3562435.172413793
2017,신한대학교,인문사회계열,2873200.0
2017,신한대학교,자연과학계열,3811900.0
2017,신한대학교 _제2캠퍼스,공학계열,3311649.6350364964
2017,신한대학교 _제2캠퍼스,예체능계열,3511318.0206794683
2017,신한대학교 _제2캠퍼스,인문사회계열,3351166.406926407
2017,신한대학교 _제2캠퍼스,자연과학계열,3532722.965266978
2017,아신대학교,인문사회계열,4292697.736916549
2017,아주대학교,공학계열,3135095.113613513
2017,아주대학교,의학계열,4409134.821428572
2017,아주대학교,인문사회계열,3245444.9659620207
2017,아주대학교,자연과학계열,3102275.020885547
2017,안양대학교,공학계열,3566539.046988749
2017,안양대학교,예체능계열,3965068.067226891
2017,안양대학교,인문사회계열,3497020.4174228674
2017,안양대학교,자연과학계열,4152925.970149254
2017,안양대학교 _제2캠퍼스,공학계열,8536604.819277108
2017,안양대학교 _제2캠퍼스,인문사회계열,5523454.639175258
2017,안양대학교 _제2캠퍼스,자연과학계열,4329750.0
2017,연세대학교,공학계열,3533639.8975791433
2017,연세대학교,예체능계열,4153675.5897435895
2017,연세대학교,의학계열,3494713.767019667
2017,연세대학교,인문사회계열,2998939.797727036
2017,연세대학교,자연과학계열,3223699.0303409444
2017,연세대학교(미래) _분교,공학계열,3242961.1806797856
2017,연세대학교(미래) _분교,예체능계열,3153395.7783641163
2017,연세대학교(미래) _분교,의학계열,2770100.0
2017,연세대학교(미래) _분교,인문사회계열,3095491.712275215
2017,연세대학교(미래) _분교,자연과학계열,3527850.9034051425
2017,영남대학교,공학계열,3860867.92248062
2017,영남대학교,예체능계열,4173145.8478368972
2017,영남대학교,의학계열,2737600.0
2017,영남대학교,인문사회계열,3559834.2688679243
2017,영남대학교,자연과학계열,3806301.1203677105
2017,영남신학대학교,인문사회계열,4858028.784119107
2017,영산대학교,공학계열,3317527.5656324583
2017,영산대학교,예체능계열,4990451.111111111
2017,영산대학교,인문사회계열,3295835.9663865548
2017,영산대학교,자연과학계열,5101910.95890411
2017,영산대학교 _제2캠퍼스,공학계열,3498872.486772487
2017,영산대학교 _제2캠퍼스,예체능계열,3727260.1705237515
2017,영산대학교 _제2캠퍼스,인문사회계열,2936100.056947608
2017,영산대학교 _제2캠퍼스,자연과학계열,3839083.3545108004
2017,영산선학대학교,인문사회계열,2499800.0
2017,예수대학교,인문사회계열,4815100.0
2017,예수대학교,자연과학계열,4327300.0
2017,예원예술대학교,예체능계열,2924710.6761565837
2017,예원예술대학교,인문사회계열,4283147.368421053
2017,예원예술대학교 _제2캠퍼스,예체능계열,2708175.352112676
2017,용인대학교,예체능계열,3451427.7623026925
2017,용인대학교,인문사회계열,3152121.0148924435
2017,용인대학교,자연과학계열,2776287.5
2017,우석대학교,공학계열,2887355.1507537686
2017,우석대학교,예체능계열,3453944.523326572
2017,우석대학교,의학계열,2569865.4545454546
2017,우석대학교,인문사회계열,2976651.348228043
2017,우석대학교,자연과학계열,3209473.7640449437
2017,우송대학교,공학계열,3398024.6328754146
2017,우송대학교,예체능계열,3741676.3636363638
2017,우송대학교,인문사회계열,3698085.9747545584
2017,우송대학교,자연과학계열,3780285.282522996
2017,울산과학기술원,공학계열,6218835.8688930115
2017,울산과학기술원,인문사회계열,5923093.4812760055
2017,울산과학기술원,자연과학계열,6158854.838709678
2017,울산대학교,공학계열,2485522.6132965265
2017,울산대학교,예체능계열,3006772.757201646
2017,울산대학교,의학계열,8651900.0
2017,울산대학교,인문사회계열,1887724.2544268407
2017,울산대학교,자연과학계열,3098684.3852013056
2017,원광대학교,공학계열,3745434.912043302
2017,원광대학교,예체능계열,4104854.2716319826
2017,원광대학교,의학계열,2518770.114942529
2017,원광대학교,인문사회계열,3339800.760982359
2017,원광대학교,자연과학계열,3660335.5835962147
2017,위덕대학교,공학계열,3249823.0919765164
2017,위덕대학교,예체능계열,5542236.796536797
2017,위덕대학교,인문사회계열,3231524.2847173763
2017,위덕대학교,자연과학계열,3296269.437652812
2017,유원대학교,공학계열,3651816.5390505358
2017,유원대학교,예체능계열,4536685.462555066
2017,유원대학교,인문사회계열,3862682.80155642
2017,유원대학교,자연과학계열,4338439.347990902
2017,을지대학교,의학계열,4075600.0
2017,을지대학교,인문사회계열,0.0
2017,을지대학교,자연과학계열,4184942.4610051992
2017,을지대학교 _제2캠퍼스,공학계열,4493281.818181818
2017,을지대학교 _제2캠퍼스,예체능계열,3985002.0833333335
2017,을지대학교 _제2캠퍼스,인문사회계열,3885134.31085044
2017,을지대학교 _제2캠퍼스,자연과학계열,3912654.8784440844
2017,이화여자대학교,공학계열,4145871.6699155294
2017,이화여자대학교,예체능계열,3184950.654545455
2017,이화여자대학교,의학계열,4231800.0
2017,이화여자대학교,인문사회계열,3132790.0334001337
2017,이화여자대학교,자연과학계열,3728944.2223610245
2017,인제대학교,공학계열,3725388.2909328113
2017,인제대학교,예체능계열,4110864.9546827795
2017,인제대학교,인문사회계열,3375454.764971024
2017,인제대학교,자연과학계열,3517006.2681369702
2017,인제대학교 _제2캠퍼스,의학계열,1786000.0
2017,인제대학교 _제2캠퍼스,자연과학계열,2142800.0
2017,인천가톨릭대학교,인문사회계열,7327800.0
2017,인천가톨릭대학교 _제2캠퍼스,예체능계열,2780916.091954023
2017,인천가톨릭대학교 _제2캠퍼스,자연과학계열,3523400.0
2017,인천대학교,공학계열,3212966.40167364
2017,인천대학교,예체능계열,3039507.1015689513
2017,인천대학교,인문사회계열,3112421.041071821
2017,인천대학교,자연과학계열,2928650.1050420166
2017,인하대학교,공학계열,3015987.6470588236
2017,인하대학교,예체능계열,3811033.5113484645
2017,인하대학교,의학계열,2319000.0
2017,인하대학교,인문사회계열,2996094.834581773
2017,인하대학교,자연과학계열,2699486.689757546
2017,장로회신학대학교,예체능계열,4034700.0
2017,장로회신학대학교,인문사회계열,4088013.615023474
2017,전남대학교,공학계열,2741499.081885856
2017,전남대학교,예체능계열,2706897.900552486
2017,전남대학교,의학계열,2331236.6003062786
2017,전남대학교,인문사회계열,2497098.109315916
2017,전남대학교,자연과학계열,2658152.079796265
2017,전남대학교 _제2캠퍼스,공학계열,2772035.253227408
2017,전남대학교 _제2캠퍼스,예체능계열,4195600.0
2017,전남대학교 _제2캠퍼스,인문사회계열,2641695.098963242
2017,전남대학교 _제2캠퍼스,자연과학계열,2858893.9534883723
2017,전북대학교,공학계열,2760894.2215854824
2017,전북대학교,예체능계열,3137724.368686869
2017,전북대학교,의학계열,2973309.3093093093
2017,전북대학교,인문사회계열,2656302.37495502
2017,전북대학교,자연과학계열,2609847.863626301
2017,전주교육대학교,인문사회계열,1613369.9407281964
2017,전주대학교,공학계열,4022839.2281387397
2017,전주대학교,예체능계열,4789211.602564103
2017,전주대학교,인문사회계열,3838357.5154559505
2017,전주대학교,자연과학계열,4211870.497344278
2017,정석대학,공학계열,0.0
2017,정석대학,인문사회계열,0.0
2017,제주국제대학교,공학계열,3863954.5012165452
2017,제주국제대학교,예체능계열,4444086.865671642
2017,제주국제대학교,인문사회계열,3844807.986688852
2017,제주국제대학교,자연과학계열,4133709.6774193547
2017,제주대학교,공학계열,2834896.4385086256
2017,제주대학교,예체능계열,2747489.2171344166
2017,제주대학교,의학계열,2239973.0569948186
2017,제주대학교,인문사회계열,2469877.782506916
2017,제주대학교,자연과학계열,3043012.5049622864
2017,조선대학교,공학계열,3578539.716312057
2017,조선대학교,예체능계열,3909190.24514811
2017,조선대학교,의학계열,2968598.901098901
2017,조선대학교,인문사회계열,3545118.7828601473
2017,조선대학교,자연과학계열,3449703.8474991256
2017,중부대학교,공학계열,3337543.012506797
2017,중부대학교,예체능계열,3869000.6879299562
2017,중부대학교,인문사회계열,3749409.4661700805
2017,중부대학교,자연과학계열,3865478.52077001
2017,중앙대학교,공학계열,3580918.9146882338
2017,중앙대학교,예체능계열,3610934.333958724
2017,중앙대학교,인문사회계열,2758463.0345394737
2017,중앙대학교,자연과학계열,2694232.02020202
2017,중앙대학교 _제2캠퍼스,공학계열,3511443.027888446
2017,중앙대학교 _제2캠퍼스,예체능계열,3468377.142018779
2017,중앙대학교 _제2캠퍼스,인문사회계열,2255824.840764331
2017,중앙대학교 _제2캠퍼스,자연과학계열,3160339.205058717
2017,중앙승가대학교,인문사회계열,1741996.8253968253
2017,중원대학교,공학계열,3247063.3027522936
2017,중원대학교,예체능계열,4139620.964749536
2017,중원대학교,인문사회계열,3667430.186915888
2017,중원대학교,자연과학계열,3791937.183383992
2017,진주교육대학교,인문사회계열,3117032.038123167
2017,차의과학대학교,인문사회계열,3881920.1803833144
2017,차의과학대학교,자연과학계열,3581603.1948881787
2017,창신대학교,공학계열,1995755.1724137932
2017,창신대학교,예체능계열,2921840.663900415
2017,창신대학교,인문사회계열,2728971.9613259668
2017,창신대학교,자연과학계열,2728318.4426229508
2017,청운대학교,공학계열,4038646.490066225
2017,청운대학교,예체능계열,4670028.500707214
2017,청운대학교,인문사회계열,3705041.861240827
2017,청운대학교,자연과학계열,4299880.503144654
2017,청주교육대학교,인문사회계열,2403104.176904177
2017,청주대학교,공학계열,2973327.7274687365
2017,청주대학교,예체능계열,3730997.378516624
2017,청주대학교,인문사회계열,3351602.469844917
2017,청주대학교,자연과학계열,3700864.039408867
2017,초당대학교,공학계열,4798110.66098081
2017,초당대학교,예체능계열,4517955.988857939
2017,초당대학교,인문사회계열,3592536.130306022
2017,초당대학교,자연과학계열,4277099.911504425
2017,초당대학교(산업대),공학계열,1492500.0
2017,초당대학교(산업대),예체능계열,1387631.5789473683
2017,초당대학교(산업대),인문사회계열,1147259.375
2017,초당대학교(산업대),자연과학계열,1666041.935483871
2017,총신대학교,예체능계열,4780800.0
2017,총신대학교,인문사회계열,4304034.5961401
2017,추계예술대학교,예체능계열,3002772.145144077
2017,추계예술대학교,인문사회계열,2784770.8771929825
2017,춘천교육대학교,인문사회계열,2388035.775862069
2017,충남대학교,공학계열,2766702.7944886475
2017,충남대학교,예체능계열,3141999.893048128
2017,충남대학교,의학계열,3283071.7647058824
2017,충남대학교,인문사회계열,2399683.1489498154
2017,충남대학교,자연과학계열,2533753.541876892
2017,충북대학교,공학계열,2751345.7696693274
2017,충북대학교,예체능계열,3070192.881355932
2017,충북대학교,의학계열,3034609.7186700767
2017,충북대학교,인문사회계열,2475797.9787234045
2017,충북대학교,자연과학계열,2790809.878345499
2017,칼빈대학교,예체능계열,3018783.3333333335
2017,칼빈대학교,인문사회계열,3014264.6276595746
2017,평택대학교,공학계열,3331124.090909091
2017,평택대학교,예체능계열,3680655.8083832334
2017,평택대학교,인문사회계열,3814359.1610414656
2017,평택대학교,자연과학계열,3534783.870967742
2017,포항공과대학교,공학계열,5656901.1776251225
2017,포항공과대학교,자연과학계열,6459784.554973822
2017,한경국립대학교,공학계열,2711882.125422456
2017,한경국립대학교,예체능계열,3069143.217665615
2017,한경국립대학교,인문사회계열,2697243.540183113
2017,한경국립대학교,자연과학계열,2544023.260247855
2017,한경대학교(산업대),공학계열,772654.9367088608
2017,한경대학교(산업대),예체능계열,633209.0909090909
2017,한경대학교(산업대),인문사회계열,620784.2767295598
2017,한경대학교(산업대),자연과학계열,711262.6086956522
2017,한국공학대학교,공학계열,4246565.2181987
2017,한국공학대학교,예체능계열,5372994.923857868
2017,한국공학대학교,인문사회계열,4186375.548060708
2017,한국과학기술원,공학계열,7535592.016806723
2017,한국과학기술원,인문사회계열,6877185.185185186
2017,한국과학기술원,자연과학계열,7203315.549215406
2017,한국교원대학교,공학계열,2439100.0
2017,한국교원대학교,예체능계열,2414646.9827586208
2017,한국교원대학교,인문사회계열,2369689.8715041573
2017,한국교원대학교,자연과학계열,2771112.638888889
2017,한국국제대학교,공학계열,2793996.9645868465
2017,한국국제대학교,예체능계열,3928570.5405405406
2017,한국국제대학교,인문사회계열,3274797.234352256
2017,한국국제대학교,자연과학계열,3693596.7032967033
2017,한국기술교육대학교,공학계열,4057318.8784008883
2017,한국기술교육대학교,인문사회계열,3208745.901639344
2017,한국방송통신대학교,공학계열,141400.0
2017,한국방송통신대학교,인문사회계열,169002.69793891362
2017,한국방송통신대학교,자연과학계열,163718.32409665262
2017,한국산업기술대학교(산업대),공학계열,2661881.342062193
2017,한국산업기술대학교(산업대),예체능계열,2312600.0
2017,한국산업기술대학교(산업대),인문사회계열,2627902.43902439
2017,한국성서대학교,공학계열,4971616.666666667
2017,한국성서대학교,인문사회계열,5501090.771558245
2017,한국성서대학교,자연과학계열,4017202.5
2017,한국예술종합학교,공학계열,1177800.0
2017,한국예술종합학교,예체능계열,1836062.2922134732
2017,한국예술종합학교,인문사회계열,2426626.7759562843
2017,한국외국어대학교,공학계열,3051928.9777777777
2017,한국외국어대학교,인문사회계열,3002739.4718159875
2017,한국외국어대학교,자연과학계열,2911433.2732191165
2017,한국전통문화대학교,공학계열,2111094.8387096776
2017,한국전통문화대학교,예체능계열,2189338.8235294116
2017,한국전통문화대학교,인문사회계열,2503166.4122137404
2017,한국전통문화대학교,자연과학계열,2384500.0
2017,한국체육대학교,예체능계열,2847714.5490981964
2017,한국침례신학대학교,예체능계열,4405322.807017544
2017,한국침례신학대학교,인문사회계열,4794066.197183099
2017,한국항공대학교,공학계열,3651246.5491372845
2017,한국항공대학교,인문사회계열,3897103.1539888685
2017,한국항공대학교,자연과학계열,4343419.847328245
2017,한남대학교,공학계열,3684247.214752209
2017,한남대학교,예체능계열,4225375.27593819
2017,한남대학교,인문사회계열,3759976.1039774506
2017,한남대학교,자연과학계열,3944774.714285714
2017,한동대학교,공학계열,3964475.0921149594
2017,한동대학교,인문사회계열,3447563.7043554774
2017,한동대학교,자연과학계열,3418300.0
2017,한라대학교,공학계열,3801992.8128231643
2017,한라대학교,예체능계열,4881886.592178771
2017,한라대학교,인문사회계열,3536031.0206804536
2017,한려대학교,공학계열,3158873.6842105263
2017,한려대학교,예체능계열,4882497.222222222
2017,한려대학교,인문사회계열,3373767.6923076925
2017,한려대학교,자연과학계열,2496118.867924528
2017,한림대학교,공학계열,3663508.8114754097
2017,한림대학교,예체능계열,5277100.0
2017,한림대학교,의학계열,2899500.0
2017,한림대학교,인문사회계열,3743102.0547945206
2017,한림대학교,자연과학계열,3863021.8181818184
2017,한밭대학교(산업대),공학계열,1450960.5326876512
2017,한밭대학교(산업대),예체능계열,1123828.5714285714
2017,한밭대학교(산업대),인문사회계열,1259337.121212121
2017,한북대학교,공학계열,0.0
2017,한북대학교,예체능계열,0.0
2017,한북대학교,인문사회계열,0.0
2017,한서대학교,공학계열,4299296.171428571
2017,한서대학교,예체능계열,3897188.614800759
2017,한서대학교,인문사회계열,3932923.5260770973
2017,한서대학교,자연과학계열,4521105.052083333
2017,한성대학교,공학계열,4269447.677672076
2017,한성대학교,예체능계열,4078621.1845102506
2017,한성대학교,인문사회계열,3627782.727599856
2017,한세대학교,공학계열,3948073.6842105263
2017,한세대학교,예체능계열,4345071.942446043
2017,한세대학교,인문사회계열,3972951.763951251
2017,한세대학교,자연과학계열,4265700.0
2017,한신대학교,공학계열,3660492.0143027413
2017,한신대학교,예체능계열,3905700.0
2017,한신대학교,인문사회계열,3710246.7477375567
2017,한신대학교,자연과학계열,3583293.0735930735
2017,한양대학교,공학계열,3681839.334995844
2017,한양대학교,예체능계열,3507930.769230769
2017,한양대학교,의학계열,2100900.0
2017,한양대학교,인문사회계열,3112335.8141223453
2017,한양대학교,자연과학계열,2661633.2990221307
2017,한양대학교(ERICA) _분교,공학계열,3726248.5706278025
2017,한양대학교(ERICA) _분교,예체능계열,4213410.689916603
2017,한양대학교(ERICA) _분교,인문사회계열,3380019.0121155637
2017,한양대학교(ERICA) _분교,자연과학계열,3837842.3208191125
2017,한일장신대학교,예체능계열,3997558.695652174
2017,한일장신대학교,인문사회계열,4324659.154929577
2017,한일장신대학교,자연과학계열,3514900.0
2017,한중대학교,공학계열,0.0
2017,한중대학교,예체능계열,0.0
2017,한중대학교,인문사회계열,0.0
2017,한중대학교,자연과학계열,0.0
2017,협성대학교,공학계열,4610324.3697478995
2017,협성대학교,예체능계열,4599878.404401651
2017,협성대학교,인문사회계열,4117835.0147275403
2017,협성대학교,자연과학계열,4717795.067264574
2017,호남대학교,공학계열,3190324.214285714
2017,호남대학교,예체능계열,3557046.9708890636
2017,호남대학교,인문사회계열,3267825.0636595124
2017,호남대학교,자연과학계열,3724066.853233831
2017,호남신학대학교,예체능계열,2741700.0
2017,호남신학대학교,인문사회계열,4285631.610942249
2017,호서대학교,공학계열,3711843.0602572784
2017,호서대학교,예체능계열,4163827.7564102565
2017,호서대학교,인문사회계열,3707903.464755078
2017,호서대학교,자연과학계열,4091764.4444444445
2017,호원대학교,공학계열,3520363.2730732635
2017,호원대학교,예체능계열,3403818.9951823815
2017,호원대학교,인문사회계열,3483752.419825073
2017,호원대학교,자연과학계열,3624322.6296958853
2017,홍익대학교,공학계열,3927157.4740810557
2017,홍익대학교,예체능계열,3516336.6751269037
2017,홍익대학교,인문사회계열,3820361.227582723
2017,홍익대학교,자연과학계열,3921700.0
2017,홍익대학교 _제2캠퍼스,공학계열,3795313.856156034
2017,홍익대학교 _제2캠퍼스,예체능계열,4617320.122290161
2017,홍익대학교 _제2캠퍼스,인문사회계열,3602681.5995189417
2017,화성의과학대학교,공학계열,2861407.8260869565
2017,화성의과학대학교,예체능계열,2961276.7441860465
2017,화성의과학대학교,인문사회계열,2596216.1184210526
2017,화성의과학대학교,자연과학계열,3269400.0
2018,가야대학교(김해),예체능계열,3925933.5
2018,가야대학교(김해),인문사회계열,3379364.6839805823
2018,가야대학교(김해),자연과학계열,3801032.8847744362
2018,가천대학교,공학계열,3427218.203847537
2018,가천대학교,예체능계열,3502735.7483540205
2018,가천대학교,의학계열,6785194.224864865
2018,가천대학교,인문사회계열,3120990.7467194567
2018,가천대학교,자연과학계열,3907309.215124224
2018,가톨릭관동대학교,공학계열,2993500.0930546625
2018,가톨릭관동대학교,예체능계열,4054297.7556350627
2018,가톨릭관동대학교,의학계열,1949868.9
2018,가톨릭관동대학교,인문사회계열,3231893.659224319
2018,가톨릭관동대학교,자연과학계열,3492540.6708483757
2018,가톨릭꽃동네대학교,인문사회계열,5588507.973404256
2018,가톨릭꽃동네대학교,자연과학계열,6127375.2
2018,가톨릭대학교,공학계열,3419619.933849558
2018,가톨릭대학교,예체능계열,3285565.4
2018,가톨릭대학교,인문사회계열,3025769.420427435
2018,가톨릭대학교,자연과학계열,3265319.7074045204
2018,가톨릭대학교 _제2캠퍼스,의학계열,2448015.7
2018,가톨릭대학교 _제2캠퍼스,자연과학계열,2923388.0142857144
2018,가톨릭대학교 _제3캠퍼스,인문사회계열,6386503.4
2018,감리교신학대학교,인문사회계열,3977733.2377149877
2018,강남대학교,공학계열,3907362.556065858
2018,강남대학교,예체능계열,4231683.363149606
2018,강남대학교,인문사회계열,3532366.1134738186
2018,강남대학교,자연과학계열,3194850.0
2018,강서대학교,공학계열,495833.3
2018,강서대학교,예체능계열,4426323.085470085
2018,강서대학교,인문사회계열,3229234.326878613
2018,강서대학교,자연과학계열,4661831.283333333
2018,강원대학교,공학계열,2725477.1245254134
2018,강원대학교,예체능계열,3080172.2103186646
2018,강원대학교,의학계열,2460670.9
2018,강원대학교,인문사회계열,2422241.4319031434
2018,강원대학교,자연과학계열,2626158.366440102
2018,강원대학교 _제2캠퍼스,공학계열,2977001.7428422514
2018,강원대학교 _제2캠퍼스,예체능계열,3005737.9177002585
2018,강원대학교 _제2캠퍼스,인문사회계열,3139917.664175824
2018,강원대학교 _제2캠퍼스,자연과학계열,4051536.0115898964
2018,건국대학교,공학계열,3620918.8974276525
2018,건국대학교,예체능계열,3443721.0252469135
2018,건국대학교,의학계열,3404428.5
2018,건국대학교,인문사회계열,3027936.2369843298
2018,건국대학교,자연과학계열,3318504.521401869
2018,건국대학교(글로컬) _분교,공학계열,3419360.873583181
2018,건국대학교(글로컬) _분교,예체능계열,3826844.028526809
2018,건국대학교(글로컬) _분교,인문사회계열,3446312.571766965
2018,건국대학교(글로컬) _분교,자연과학계열,3614709.348826291
2018,건양대학교,공학계열,3976696.1008064514
2018,건양대학교,예체능계열,4386768.330898876
2018,건양대학교,인문사회계열,3698256.459830704
2018,건양대학교,자연과학계열,4334627.752060737
2018,건양대학교 _제2캠퍼스,공학계열,3999165.643778802
2018,건양대학교 _제2캠퍼스,의학계열,3019368.4
2018,건양대학교 _제2캠퍼스,인문사회계열,3814306.196969697
2018,건양대학교 _제2캠퍼스,자연과학계열,3706388.1736867013
2018,경기대학교,공학계열,3461591.3695208654
2018,경기대학교,예체능계열,3954253.1743326485
2018,경기대학교,인문사회계열,3471361.211880027
2018,경기대학교,자연과학계열,3500008.5840101526
2018,경기대학교 _제2캠퍼스,예체능계열,4003700.4645390073
2018,경기대학교 _제2캠퍼스,인문사회계열,3593065.217282011
2018,경기대학교 _제2캠퍼스,자연과학계열,3103666.4936877075
2018,경남과학기술대학교,공학계열,2827228.767594937
2018,경남과학기술대학교,예체능계열,2505622.2
2018,경남과학기술대학교,인문사회계열,2797501.5487874467
2018,경남과학기술대학교,자연과학계열,2947739.133457526
2018,경남대학교,공학계열,2902286.091020025
2018,경남대학교,예체능계열,3987342.5332352943
2018,경남대학교,인문사회계열,3016003.6519067073
2018,경남대학교,자연과학계열,3349690.390897598
2018,경동대학교,공학계열,3806643.6466334164
2018,경동대학교,예체능계열,5285916.7
2018,경동대학교,인문사회계열,3997740.9952290077
2018,경동대학교,자연과학계열,3690915.0947265625
2018,경동대학교 _제3캠퍼스,인문사회계열,2325568.002857143
2018,경동대학교 _제3캠퍼스,자연과학계열,1586511.3670900695
2018,경동대학교 _제4캠퍼스,공학계열,2763786.5854545454
2018,경동대학교 _제4캠퍼스,예체능계열,3355821.891228071
2018,경동대학교 _제4캠퍼스,인문사회계열,3136605.3683913453
2018,경동대학교 _제4캠퍼스,자연과학계열,2242761.3
2018,경북대학교,공학계열,2855959.044596354
2018,경북대학교,예체능계열,2852564.1624094206
2018,경북대학교,의학계열,2522180.077777778
2018,경북대학교,인문사회계열,2431434.9155773586
2018,경북대학교,자연과학계열,2721539.4897916997
2018,경상국립대학교,공학계열,2745463.9731226233
2018,경상국립대학교,예체능계열,2483029.466763848
2018,경상국립대학교,의학계열,3073074.444173442
2018,경상국립대학교,인문사회계열,2440202.7109838845
2018,경상국립대학교,자연과학계열,2906805.8397246804
2018,경성대학교,공학계열,3242142.4473168966
2018,경성대학교,예체능계열,3851427.650433196
2018,경성대학교,인문사회계열,3032833.1316460054
2018,경성대학교,자연과학계열,3429756.1251645945
2018,경운대학교,공학계열,5595132.82245389
2018,경운대학교,예체능계열,5737448.293916349
2018,경운대학교,인문사회계열,3882427.0520634917
2018,경운대학교,자연과학계열,3943196.7534827376
2018,경인교육대학교,인문사회계열,2259389.8313935683
2018,경인교육대학교 _제2캠퍼스,인문사회계열,2151295.6854545455
2018,경일대학교,공학계열,3610827.915191932
2018,경일대학교,예체능계열,3941282.6233562315
2018,경일대학교,인문사회계열,2896614.532337992
2018,경일대학교,자연과학계열,3951265.0168
2018,경희대학교,공학계열,3182105.446489104
2018,경희대학교,예체능계열,3774362.6737399907
2018,경희대학교,의학계열,2763721.9406091366
2018,경희대학교,인문사회계열,2931826.7716784785
2018,경희대학교,자연과학계열,3191433.109066785
2018,계명대학교,공학계열,3873725.2835499034
2018,계명대학교,예체능계열,4113891.6560281687
2018,계명대학교,의학계열,2836984.0
2018,계명대학교,인문사회계열,3453209.4688774557
2018,계명대학교,자연과학계열,4044735.322519685
2018,고려대학교,공학계열,3800016.0956787434
2018,고려대학교,예체능계열,4180301.4886699505
2018,고려대학교,의학계열,3469278.2000000007
2018,고려대학교,인문사회계열,3002588.817682606
2018,고려대학교,자연과학계열,3293134.5984206153
2018,고려대학교(세종) _분교,공학계열,3278485.8641800643
2018,고려대학교(세종) _분교,예체능계열,4317070.263095238
2018,고려대학교(세종) _분교,인문사회계열,3405540.7223132965
2018,고려대학교(세종) _분교,자연과학계열,3497849.799603961
2018,고신대학교,예체능계열,4539361.405289673
2018,고신대학교,의학계열,1857381.0
2018,고신대학교,인문사회계열,4262224.2400929695
2018,고신대학교,자연과학계열,3636191.4763237517
2018,공주교육대학교,인문사회계열,2050342.9200677965
2018,광신대학교,예체능계열,4803990.626041667
2018,광신대학교,인문사회계열,4239464.016414141
2018,광운대학교,공학계열,3026678.9238507166
2018,광운대학교,예체능계열,5181753.4
2018,광운대학교,인문사회계열,2873284.1856561545
2018,광운대학교,자연과학계열,2871236.107899159
2018,광주가톨릭대학교,인문사회계열,0.0
2018,광주과학기술원,공학계열,6166819.822522522
2018,광주과학기술원,자연과학계열,5872035.650746269
2018,광주교육대학교,인문사회계열,3405523.962736536
2018,광주대학교,공학계열,4022288.3965568864
2018,광주대학교,예체능계열,4341037.531675127
2018,광주대학교,인문사회계열,3868526.6087652645
2018,광주대학교,자연과학계열,4105837.105581396
2018,광주여자대학교,예체능계열,4429402.1049382705
2018,광주여자대학교,인문사회계열,4079360.531865966
2018,광주여자대학교,자연과학계열,4247028.887456202
2018,국립강릉원주대학교,공학계열,3009064.127963526
2018,국립강릉원주대학교,예체능계열,3661122.548380567
2018,국립강릉원주대학교,의학계열,2852563.5
2018,국립강릉원주대학교,인문사회계열,2742951.172410546
2018,국립강릉원주대학교,자연과학계열,3253593.3954446856
2018,국립강릉원주대학교 _제2캠퍼스,공학계열,3015710.977962085
2018,국립강릉원주대학교 _제2캠퍼스,인문사회계열,3077791.487804878
2018,국립강릉원주대학교 _제2캠퍼스,자연과학계열,3234858.1
2018,국립경국대학교,공학계열,2930719.8288232246
2018,국립경국대학교,예체능계열,3318042.063585434
2018,국립경국대학교,인문사회계열,2796612.447083725
2018,국립경국대학교,자연과학계열,2929769.9659574465
2018,국립공주대학교,공학계열,2409821.4432192375
2018,국립공주대학교,예체능계열,2723881.4817438694
2018,국립공주대학교,인문사회계열,2417232.3757483372
2018,국립공주대학교,자연과학계열,2816495.9391352246
2018,국립군산대학교,공학계열,2934607.854325143
2018,국립군산대학교,예체능계열,3021697.034210526
2018,국립군산대학교,인문사회계열,2706269.712494194
2018,국립군산대학교,자연과학계열,2977152.7125766873
2018,국립금오공과대학교,공학계열,2757182.1110537
2018,국립금오공과대학교,인문사회계열,2079315.3290322581
2018,국립금오공과대학교,자연과학계열,2859234.2283582087
2018,국립목포대학교,공학계열,3112021.900388916
2018,국립목포대학교,예체능계열,3248115.70729927
2018,국립목포대학교,인문사회계열,2785069.801561439
2018,국립목포대학교,자연과학계열,2969716.6109855617
2018,국립목포해양대학교,공학계열,2366836.7982537835
2018,국립부경대학교,공학계열,2753871.88375582
2018,국립부경대학교,예체능계열,2843929.9718498657
2018,국립부경대학교,인문사회계열,2371290.455356803
2018,국립부경대학교,자연과학계열,2733245.5760908765
2018,국립순천대학교,공학계열,3005275.5727485376
2018,국립순천대학교,예체능계열,2946642.9096192387
2018,국립순천대학교,인문사회계열,2549737.3425974026
2018,국립순천대학교,자연과학계열,2916018.959420898
2018,국립창원대학교,공학계열,2636930.36265015
2018,국립창원대학교,예체능계열,2974513.508740741
2018,국립창원대학교,인문사회계열,2306663.7705403836
2018,국립창원대학교,자연과학계열,2688284.629863813
2018,국립한국교통대학교,공학계열,2900848.604425976
2018,국립한국교통대학교,예체능계열,3356167.4350785343
2018,국립한국교통대학교,인문사회계열,3116971.984635149
2018,국립한국교통대학교,자연과학계열,3116317.0788617884
2018,국립한국해양대학교,공학계열,2384805.1656537754
2018,국립한국해양대학교,예체능계열,3097798.5
2018,국립한국해양대학교,인문사회계열,2298506.3619757174
2018,국립한국해양대학교,자연과학계열,2660654.451685393
2018,국립한밭대학교,공학계열,2441635.9224957717
2018,국립한밭대학교,예체능계열,2717122.697205589
2018,국립한밭대학교,인문사회계열,2281057.7288218113
2018,국립한밭대학교,자연과학계열,2901175.7065719366
2018,국민대학교,공학계열,3678525.532030265
2018,국민대학교,예체능계열,3274984.558319936
2018,국민대학교,인문사회계열,3178114.2689953893
2018,국민대학교,자연과학계열,3412076.6473875185
2018,극동대학교,공학계열,4399843.864647888
2018,극동대학교,예체능계열,3751060.173574409
2018,극동대학교,인문사회계열,3462527.222623723
2018,극동대학교,자연과학계열,4379397.5091101695
2018,금강대학교,인문사회계열,6693542.469941061
2018,김천대학교,공학계열,4103649.2676258986
2018,김천대학교,예체능계열,5197616.7
2018,김천대학교,인문사회계열,4007726.1744594593
2018,김천대학교,자연과학계열,3598330.5978007764
2018,나사렛대학교,공학계열,3452902.6649122806
2018,나사렛대학교,예체능계열,4251551.010142631
2018,나사렛대학교,인문사회계열,4154007.410813174
2018,나사렛대학교,자연과학계열,4141035.644827586
2018,남부대학교,공학계열,3762277.1994832037
2018,남부대학교,예체능계열,4601107.555762081
2018,남부대학교,인문사회계열,4110089.02496
2018,남부대학교,자연과학계열,3888046.150311615
2018,남서울대학교,공학계열,3717057.133970276
2018,남서울대학교,예체능계열,4308529.829519596
2018,남서울대학교,인문사회계열,3886723.1633766233
2018,남서울대학교,자연과학계열,4638195.275290472
2018,단국대학교,공학계열,3191156.6327954046
2018,단국대학교,예체능계열,3510647.855076574
2018,단국대학교,인문사회계열,3044810.5973993586
2018,단국대학교,자연과학계열,3300102.9258302585
2018,단국대학교 _제2캠퍼스,공학계열,3334906.423994812
2018,단국대학교 _제2캠퍼스,예체능계열,3908695.4326462764
2018,단국대학교 _제2캠퍼스,의학계열,2632432.8034313726
2018,단국대학교 _제2캠퍼스,인문사회계열,3185372.211074105
2018,단국대학교 _제2캠퍼스,자연과학계열,3285794.680732564
2018,대구가톨릭대학교,공학계열,3662930.978911835
2018,대구가톨릭대학교,예체능계열,3741503.4761871984
2018,대구가톨릭대학교,의학계열,2071953.5
2018,대구가톨릭대학교,인문사회계열,3500468.3827269385
2018,대구가톨릭대학교,자연과학계열,3629800.541772554
2018,대구경북과학기술원,자연과학계열,3028663.3
2018,대구교육대학교,인문사회계열,2325745.63637477
2018,대구대학교,공학계열,3634238.769000964
2018,대구대학교,예체능계열,4542270.851184834
2018,대구대학교,인문사회계열,3440415.9698580736
2018,대구대학교,자연과학계열,4050832.319722368
2018,대구예술대학교,예체능계열,3886698.3109040074
2018,대구예술대학교,자연과학계열,4374649.4
2018,대구한의대학교,공학계열,3759849.910106383
2018,대구한의대학교,예체능계열,4098775.374418605
2018,대구한의대학교,의학계열,2117790.3
2018,대구한의대학교,인문사회계열,3142966.9665079364
2018,대구한의대학교,자연과학계열,3730927.307883495
2018,대신대학교,예체능계열,4636978.8
2018,대신대학교,인문사회계열,4832487.527831715
2018,대전가톨릭대학교,인문사회계열,5247771.7
2018,대전대학교,공학계열,3410717.939590281
2018,대전대학교,예체능계열,4101719.0136363637
2018,대전대학교,의학계열,2464810.3
2018,대전대학교,인문사회계열,3677260.3939152234
2018,대전대학교,자연과학계열,3663063.8770731706
2018,대전신학대학교,인문사회계열,6047950.9
2018,대진대학교,공학계열,3745345.0380176827
2018,대진대학교,예체능계열,3754680.9386613388
2018,대진대학교,인문사회계열,3618155.9251839276
2018,대진대학교,자연과학계열,4230200.569884726
2018,덕성여자대학교,공학계열,2942935.065137615
2018,덕성여자대학교,예체능계열,3059255.3725935826
2018,덕성여자대학교,인문사회계열,2924021.282305716
2018,덕성여자대학교,자연과학계열,2792658.822204599
2018,동국대학교,공학계열,3247181.6643487858
2018,동국대학교,예체능계열,3794535.936336925
2018,동국대학교,인문사회계열,3138319.2441467047
2018,동국대학교,자연과학계열,3189645.65218902
2018,동국대학교(WISE) _분교,공학계열,3320851.1048573633
2018,동국대학교(WISE) _분교,예체능계열,4898104.157617187
2018,동국대학교(WISE) _분교,의학계열,2543768.5148514854
2018,동국대학교(WISE) _분교,인문사회계열,3580776.088321513
2018,동국대학교(WISE) _분교,자연과학계열,3614129.403138253
2018,동덕여자대학교,공학계열,3213913.433070866
2018,동덕여자대학교,예체능계열,3603448.3399219764
2018,동덕여자대학교,인문사회계열,2893517.6647177422
2018,동덕여자대학교,자연과학계열,3133087.8075471697
2018,동명대학교,공학계열,4090484.1848719474
2018,동명대학교,예체능계열,4334176.086694101
2018,동명대학교,인문사회계열,3611201.1942497445
2018,동명대학교,자연과학계열,4498513.181804043
2018,동서대학교,공학계열,3782711.0746524064
2018,동서대학교,예체능계열,3858879.89905313
2018,동서대학교,인문사회계열,3683925.8568423335
2018,동서대학교,자연과학계열,4131423.2071428574
2018,동신대학교,공학계열,4311573.557360055
2018,동신대학교,예체능계열,4439215.568237705
2018,동신대학교,의학계열,3413133.5
2018,동신대학교,인문사회계열,3738303.813963765
2018,동신대학교,자연과학계열,4024045.3023941065
2018,동아대학교,공학계열,3514971.9658396593
2018,동아대학교,예체능계열,4210614.399844801
2018,동아대학교,의학계열,2915763.8
2018,동아대학교,인문사회계열,3070490.631512349
2018,동아대학교,자연과학계열,3393244.449590774
2018,동양대학교,공학계열,2826386.6113037895
2018,동양대학교,예체능계열,3734063.4907232705
2018,동양대학교,인문사회계열,2871993.4532013205
2018,동양대학교,자연과학계열,4329644.5
2018,동의대학교,공학계열,3642167.11952813
2018,동의대학교,예체능계열,4460337.533231939
2018,동의대학교,의학계열,2925980.8
2018,동의대학교,인문사회계열,3100846.429343019
2018,동의대학교,자연과학계열,3607415.6341670835
2018,루터대학교,인문사회계열,4001226.4645739915
2018,루터대학교,자연과학계열,3711794.2
2018,명지대학교,공학계열,3472107.625215311
2018,명지대학교,예체능계열,3989279.1855516015
2018,명지대학교,자연과학계열,3592777.5199266504
2018,명지대학교 _제2캠퍼스,공학계열,2997075.5238271607
2018,명지대학교 _제2캠퍼스,예체능계열,1747241.4103448277
2018,명지대학교 _제2캠퍼스,인문사회계열,3243782.135405087
2018,목원대학교,공학계열,4109814.8702263082
2018,목원대학교,예체능계열,4141141.569337148
2018,목원대학교,인문사회계열,3730400.354922128
2018,목원대학교,자연과학계열,3890609.1477302206
2018,목포가톨릭대학교,인문사회계열,4566000.408527132
2018,목포가톨릭대학교,자연과학계열,4644659.7
2018,배재대학교,공학계열,3379047.75948224
2018,배재대학교,예체능계열,4156014.9946682462
2018,배재대학교,인문사회계열,3345539.560585027
2018,배재대학교,자연과학계열,3685945.1883838386
2018,백석대학교,공학계열,3294108.7
2018,백석대학교,예체능계열,3718318.125096824
2018,백석대학교,인문사회계열,3755510.23690954
2018,백석대학교,자연과학계열,3711292.1957039
2018,부산가톨릭대학교,공학계열,3745698.395362319
2018,부산가톨릭대학교,인문사회계열,3412271.89181532
2018,부산가톨릭대학교,자연과학계열,4256145.081435739
2018,부산교육대학교,인문사회계열,2365142.843774319
2018,부산대학교,공학계열,3007123.3600420463
2018,부산대학교,예체능계열,2847302.4225763613
2018,부산대학교,의학계열,3967803.2
2018,부산대학교,인문사회계열,2525451.078412157
2018,부산대학교,자연과학계열,2723833.61594706
2018,부산외국어대학교,공학계열,3061050.5330054644
2018,부산외국어대학교,예체능계열,3609933.464220184
2018,부산외국어대학교,인문사회계열,3039616.387473875
2018,부산장신대학교,인문사회계열,6093124.785714285
2018,삼육대학교,공학계열,3789617.400851064
2018,삼육대학교,예체능계열,4133994.1484455955
2018,삼육대학교,인문사회계열,4119214.255892949
2018,삼육대학교,자연과학계열,3851402.948
2018,상명대학교,공학계열,3451733.287592319
2018,상명대학교,예체능계열,3326558.403854875
2018,상명대학교,인문사회계열,3256218.965344921
2018,상명대학교,자연과학계열,3414903.9054232803
2018,상명대학교 _제2캠퍼스,공학계열,3560443.213367943
2018,상명대학교 _제2캠퍼스,예체능계열,3821019.579939603
2018,상명대학교 _제2캠퍼스,인문사회계열,3364546.017207334
2018,상명대학교 _제2캠퍼스,자연과학계열,3480385.6966101695
2018,상지대학교,공학계열,3183888.8953259536
2018,상지대학교,예체능계열,3941656.3956521736
2018,상지대학교,의학계열,2667851.4
2018,상지대학교,인문사회계열,3023602.8891514502
2018,상지대학교,자연과학계열,3065503.0761177135
2018,서강대학교,공학계열,3446671.586005666
2018,서강대학교,인문사회계열,2537823.7191983894
2018,서강대학교,자연과학계열,3178299.122234763
2018,서경대학교,공학계열,3120933.566180049
2018,서경대학교,예체능계열,3443677.729322268
2018,서경대학교,인문사회계열,2850444.9103738316
2018,서경대학교,자연과학계열,3659863.979096045
2018,서울과학기술대학교,공학계열,3100952.4414756023
2018,서울과학기술대학교,예체능계열,2744752.6581684984
2018,서울과학기술대학교,인문사회계열,3119408.7896425966
2018,서울과학기술대학교,자연과학계열,3281512.0337025314
2018,서울교육대학교,인문사회계열,2000830.2635416668
2018,서울기독대학교,예체능계열,4162297.215083799
2018,서울기독대학교,인문사회계열,3591340.1478835973
2018,서울대학교,공학계열,3495539.5642149583
2018,서울대학교,예체능계열,3323437.8536727275
2018,서울대학교,의학계열,3878262.313580247
2018,서울대학교,인문사회계열,2645531.027859639
2018,서울대학교,자연과학계열,3554985.926993865
2018,서울시립대학교,공학계열,1632661.9303125
2018,서울시립대학교,예체능계열,1669342.4707530646
2018,서울시립대학교,인문사회계열,1545016.586139535
2018,서울시립대학교,자연과학계열,1805124.4126816383
2018,서울신학대학교,예체능계열,5143771.556842105
2018,서울신학대학교,인문사회계열,4865771.138330587
2018,서울여자대학교,공학계열,4156055.049156626
2018,서울여자대학교,예체능계열,3795690.4963855417
2018,서울여자대학교,인문사회계열,3417374.407975302
2018,서울여자대학교,자연과학계열,3781773.9813655764
2018,서울장신대학교,예체능계열,4184140.7
2018,서울장신대학교,인문사회계열,4532187.159833794
2018,서울한영대학교,예체능계열,4642294.754385965
2018,서울한영대학교,인문사회계열,3824754.6540133776
2018,서원대학교,공학계열,3614596.279637681
2018,서원대학교,예체능계열,4093930.4304347825
2018,서원대학교,인문사회계열,3840320.42585706
2018,서원대학교,자연과학계열,3610965.4396121884
2018,선문대학교,공학계열,3454800.7269964437
2018,선문대학교,예체능계열,4546039.427436823
2018,선문대학교,인문사회계열,4197946.865049896
2018,선문대학교,자연과학계열,4324049.1341973245
2018,성결대학교,공학계열,4026670.089101498
2018,성결대학교,예체능계열,3786654.2150295856
2018,성결대학교,인문사회계열,3254700.57346611
2018,성공회대학교,공학계열,4308001.914764079
2018,성공회대학교,인문사회계열,3811006.3945371774
2018,성균관대학교,공학계열,4111049.565574901
2018,성균관대학교,예체능계열,3443490.643682008
2018,성균관대학교,의학계열,7807509.9
2018,성균관대학교,인문사회계열,3088938.8586250134
2018,성균관대학교,자연과학계열,3772258.524217119
2018,성신여자대학교,공학계열,5275282.295215311
2018,성신여자대학교,예체능계열,4242389.10034163
2018,성신여자대학교,인문사회계열,3758157.5539325844
2018,성신여자대학교,자연과학계열,4197113.6014627665
2018,세명대학교,공학계열,3810671.6407592404
2018,세명대학교,예체능계열,4164477.7731829574
2018,세명대학교,의학계열,3053101.9
2018,세명대학교,인문사회계열,3891111.109208045
2018,세명대학교,자연과학계열,4154553.1811568798
2018,세종대학교,공학계열,3356505.6943784356
2018,세종대학교,예체능계열,3366877.536363636
2018,세종대학교,인문사회계열,3019071.9846214927
2018,세종대학교,자연과학계열,3153186.524390244
2018,세한대학교,공학계열,2668381.004304636
2018,세한대학교,예체능계열,3467832.4851094894
2018,세한대학교,인문사회계열,2983801.6694349893
2018,세한대학교,자연과학계열,3832347.5903376024
2018,송원대학교,공학계열,4388489.520758123
2018,송원대학교,예체능계열,4498487.108505154
2018,송원대학교,인문사회계열,3765565.6994979917
2018,송원대학교,자연과학계열,3984112.1279840847
2018,수원가톨릭대학교,인문사회계열,7932563.7
2018,수원대학교,공학계열,3349371.1497098645
2018,수원대학교,예체능계열,3658185.2415779284
2018,수원대학교,인문사회계열,2865920.932116544
2018,수원대학교,자연과학계열,3295094.041112124
2018,숙명여자대학교,공학계열,5365169.556238532
2018,숙명여자대학교,예체능계열,3809102.4961218834
2018,숙명여자대학교,인문사회계열,3486377.9337628423
2018,숙명여자대학교,자연과학계열,3373206.4559416263
2018,순복음총회신학교,예체능계열,5141538.43076923
2018,순복음총회신학교,인문사회계열,3988102.7825870644
2018,순천향대학교,공학계열,4129493.0055760937
2018,순천향대학교,예체능계열,4057435.9153061225
2018,순천향대학교,의학계열,2683690.3
2018,순천향대학교,인문사회계열,3969124.975550062
2018,순천향대학교,자연과학계열,3779103.9412165447
2018,숭실대학교,공학계열,3074689.470062607
2018,숭실대학교,예체능계열,4160996.3090909095
2018,숭실대학교,인문사회계열,2989716.780104634
2018,숭실대학교,자연과학계열,2697667.8952747253
2018,신경주대학교,공학계열,2465083.098181818
2018,신경주대학교,예체능계열,4317495.530851063
2018,신경주대학교,인문사회계열,2766415.4813084113
2018,신경주대학교,자연과학계열,2955045.3114840994
2018,신라대학교,공학계열,3784820.0008259583
2018,신라대학교,예체능계열,3329289.078420039
2018,신라대학교,인문사회계열,3184300.7203023303
2018,신라대학교,자연과학계열,3879963.6554423934
2018,신한대학교,공학계열,3478125.686002886
2018,신한대학교,인문사회계열,3085889.4
2018,신한대학교,자연과학계열,4142048.0
2018,신한대학교 _제2캠퍼스,공학계열,3486674.2407294833
2018,신한대학교 _제2캠퍼스,예체능계열,3429211.408600583
2018,신한대학교 _제2캠퍼스,인문사회계열,3283869.077994792
2018,신한대학교 _제2캠퍼스,자연과학계열,4544089.183959312
2018,아신대학교,인문사회계열,4371334.844493392
2018,아주대학교,공학계열,3029828.566264333
2018,아주대학교,의학계열,4344494.1140625
2018,아주대학교,인문사회계열,3196259.7968253973
2018,아주대학교,자연과학계열,3314048.069886364
2018,안양대학교,공학계열,3462068.2936893203
2018,안양대학교,예체능계열,3650619.243137255
2018,안양대학교,인문사회계열,3377250.0227741334
2018,안양대학교,자연과학계열,3355111.5194805195
2018,안양대학교 _제2캠퍼스,공학계열,3275784.125592417
2018,안양대학교 _제2캠퍼스,인문사회계열,2936308.796855346
2018,안양대학교 _제2캠퍼스,자연과학계열,0.0
2018,연세대학교,공학계열,3618501.1484251968
2018,연세대학교,예체능계열,4334483.03457052
2018,연세대학교,의학계열,3776447.019099591
2018,연세대학교,인문사회계열,3218810.7194604203
2018,연세대학교,자연과학계열,3281152.646986817
2018,연세대학교(미래) _분교,공학계열,3494514.6638811515
2018,연세대학교(미래) _분교,예체능계열,3241620.708854167
2018,연세대학교(미래) _분교,의학계열,2675324.7
2018,연세대학교(미래) _분교,인문사회계열,3178370.039561753
2018,연세대학교(미래) _분교,자연과학계열,3520386.1505486723
2018,영남대학교,공학계열,3835939.5728575834
2018,영남대학교,예체능계열,4353693.43679198
2018,영남대학교,의학계열,2877142.3
2018,영남대학교,인문사회계열,3551100.9360128236
2018,영남대학교,자연과학계열,3807247.1789241624
2018,영남신학대학교,인문사회계열,4973653.5229857825
2018,영산대학교,공학계열,3101453.0599589325
2018,영산대학교,예체능계열,4545102.241747573
2018,영산대학교,인문사회계열,2999776.3617455894
2018,영산대학교,자연과학계열,4843177.669376694
2018,영산대학교 _제2캠퍼스,공학계열,2540512.898630137
2018,영산대학교 _제2캠퍼스,예체능계열,3334252.598650169
2018,영산대학교 _제2캠퍼스,인문사회계열,2830207.1487421384
2018,영산대학교 _제2캠퍼스,자연과학계열,3257033.536107711
2018,영산선학대학교,인문사회계열,2825991.3
2018,예수대학교,인문사회계열,4400818.5
2018,예수대학교,자연과학계열,3836551.1
2018,예원예술대학교,예체능계열,3150537.7694488186
2018,예원예술대학교,인문사회계열,4129262.673076923
2018,예원예술대학교 _제2캠퍼스,예체능계열,2741266.906297229
2018,용인대학교,예체능계열,3480469.3094519707
2018,용인대학교,인문사회계열,3338402.147350029
2018,용인대학교,자연과학계열,2943145.680103627
2018,우석대학교,공학계열,2897563.0882535735
2018,우석대학교,예체능계열,3785927.344061758
2018,우석대학교,의학계열,2622125.172027972
2018,우석대학교,인문사회계열,3245955.204282407
2018,우석대학교,자연과학계열,3303908.6403743317
2018,우송대학교,공학계열,3735888.181852732
2018,우송대학교,예체능계열,4122168.4461691543
2018,우송대학교,인문사회계열,3925285.34030051
2018,우송대학교,자연과학계열,4111215.3609205387
2018,울산과학기술원,공학계열,6350781.027272726
2018,울산과학기술원,인문사회계열,5191425.5
2018,울산과학기술원,자연과학계열,6083249.851123596
2018,울산대학교,공학계열,2608094.9013421237
2018,울산대학교,예체능계열,3208030.766101695
2018,울산대학교,의학계열,8417245.1
2018,울산대학교,인문사회계열,2001085.7864585726
2018,울산대학교,자연과학계열,3178839.59672043
2018,원광대학교,공학계열,3935763.542569423
2018,원광대학교,예체능계열,4203380.760376283
2018,원광대학교,의학계열,2736416.5511291777
2018,원광대학교,인문사회계열,3457137.4637124655
2018,원광대학교,자연과학계열,3569115.6836864403
2018,위덕대학교,공학계열,3724264.101094092
2018,위덕대학교,예체능계열,5618280.014901961
2018,위덕대학교,인문사회계열,3630089.7622064054
2018,위덕대학교,자연과학계열,4129589.3628975265
2018,유원대학교,공학계열,3706138.3880718956
2018,유원대학교,예체능계열,5679063.063706564
2018,유원대학교,인문사회계열,4024727.674013921
2018,유원대학교,자연과학계열,4492238.994216134
2018,을지대학교,의학계열,3695445.8999999994
2018,을지대학교,자연과학계열,4015474.2683745585
2018,을지대학교 _제2캠퍼스,공학계열,3714593.1800813004
2018,을지대학교 _제2캠퍼스,예체능계열,3442029.4230496455
2018,을지대학교 _제2캠퍼스,인문사회계열,3317219.7107462683
2018,을지대학교 _제2캠퍼스,자연과학계열,3508732.7514912584
2018,이화여자대학교,공학계열,3770732.762845385
2018,이화여자대학교,예체능계열,3089277.5220694644
2018,이화여자대학교,의학계열,4113099.6
2018,이화여자대학교,인문사회계열,3095461.7766174357
2018,이화여자대학교,자연과학계열,3723245.3714890843
2018,인제대학교,공학계열,3571352.5621420047
2018,인제대학교,예체능계열,4076732.4557798165
2018,인제대학교,인문사회계열,3276048.1160121863
2018,인제대학교,자연과학계열,3541163.092910916
2018,인제대학교 _제2캠퍼스,의학계열,1750929.0
2018,인제대학교 _제2캠퍼스,자연과학계열,3241155.9
2018,인천가톨릭대학교,인문사회계열,7339033.8
2018,인천가톨릭대학교 _제2캠퍼스,예체능계열,2833352.7786324783
2018,인천가톨릭대학교 _제2캠퍼스,자연과학계열,3820723.8
2018,인천대학교,공학계열,3131957.510737968
2018,인천대학교,예체능계열,3033902.1315307817
2018,인천대학교,인문사회계열,3105175.8544701985
2018,인천대학교,자연과학계열,3034312.2516853935
2018,인하대학교,공학계열,3179944.4827277586
2018,인하대학교,예체능계열,3781224.8928198433
2018,인하대학교,의학계열,3300653.8
2018,인하대학교,인문사회계열,3103344.863287839
2018,인하대학교,자연과학계열,3017305.355121227
2018,장로회신학대학교,예체능계열,4262148.9
2018,장로회신학대학교,인문사회계열,4234194.748086124
2018,전남대학교,공학계열,2738719.1795745767
2018,전남대학교,예체능계열,2590132.0237362636
2018,전남대학교,의학계열,2514943.6579529736
2018,전남대학교,인문사회계열,2310893.2571030185
2018,전남대학교,자연과학계열,2662925.83109615
2018,전남대학교 _제2캠퍼스,공학계열,2729663.977403846
2018,전남대학교 _제2캠퍼스,예체능계열,3320833.2999999993
2018,전남대학교 _제2캠퍼스,인문사회계열,2640494.710287303
2018,전남대학교 _제2캠퍼스,자연과학계열,2850284.2654743386
2018,전북대학교,공학계열,2880802.573187101
2018,전북대학교,예체능계열,3102273.305429293
2018,전북대학교,의학계열,3211669.321974522
2018,전북대학교,인문사회계열,2599422.589666845
2018,전북대학교,자연과학계열,2630866.925467659
2018,전주교육대학교,인문사회계열,1702792.1741744285
2018,전주대학교,공학계열,3772969.9959044373
2018,전주대학교,예체능계열,4150029.7048131726
2018,전주대학교,인문사회계열,3506603.0551998448
2018,전주대학교,자연과학계열,3836000.9742802307
2018,정석대학,공학계열,0.0
2018,정석대학,인문사회계열,0.0
2018,제주국제대학교,공학계열,3628682.9389423076
2018,제주국제대학교,예체능계열,4318801.683792049
2018,제주국제대학교,인문사회계열,3493140.9303867402
2018,제주국제대학교,자연과학계열,3547651.8
2018,제주대학교,공학계열,2887526.1106593404
2018,제주대학교,예체능계열,2705727.5943283583
2018,제주대학교,의학계열,2254389.5
2018,제주대학교,인문사회계열,2666694.2064461047
2018,제주대학교,자연과학계열,2983600.3756597084
2018,조선대학교,공학계열,3515556.248049645
2018,조선대학교,예체능계열,3944491.741519608
2018,조선대학교,의학계열,2734950.4295514515
2018,조선대학교,인문사회계열,3360728.937739154
2018,조선대학교,자연과학계열,3438374.7658676207
2018,중부대학교,공학계열,3531682.83970276
2018,중부대학교,예체능계열,3893886.7086433885
2018,중부대학교,인문사회계열,3827962.6081795814
2018,중부대학교,자연과학계열,3729841.404072398
2018,중앙대학교,공학계열,3570062.2946564886
2018,중앙대학교,예체능계열,3967073.02056239
2018,중앙대학교,의학계열,2180791.0860377355
2018,중앙대학교,인문사회계열,2967447.507288169
2018,중앙대학교,자연과학계열,3159423.405889236
2018,중앙대학교 _제2캠퍼스,공학계열,3551327.1136363638
2018,중앙대학교 _제2캠퍼스,예체능계열,3944994.963881559
2018,중앙대학교 _제2캠퍼스,인문사회계열,2314549.7175000003
2018,중앙대학교 _제2캠퍼스,자연과학계열,3297822.843336624
2018,중앙승가대학교,인문사회계열,2196183.0098039214
2018,중원대학교,공학계열,3458900.7830754356
2018,중원대학교,예체능계열,3840745.8615671643
2018,중원대학교,인문사회계열,3920615.9964801446
2018,중원대학교,자연과학계열,3799934.6217391305
2018,진주교육대학교,인문사회계열,2500162.0603550295
2018,차의과학대학교,인문사회계열,3183274.9388247635
2018,차의과학대학교,자연과학계열,3023366.212046332
2018,창신대학교,공학계열,3079707.416967509
2018,창신대학교,예체능계열,3680543.311764706
2018,창신대학교,인문사회계열,3410921.423896104
2018,창신대학교,자연과학계열,3496782.197142857
2018,청운대학교,공학계열,3838114.1915561757
2018,청운대학교,예체능계열,4652325.703265307
2018,청운대학교,인문사회계열,3669743.100208768
2018,청운대학교,자연과학계열,4081261.104347826
2018,청주교육대학교,인문사회계열,2070397.3877265237
2018,청주대학교,공학계열,2670249.090862745
2018,청주대학교,예체능계열,3543265.8091280656
2018,청주대학교,인문사회계열,3060477.2576036863
2018,청주대학교,자연과학계열,3367897.6319802525
2018,초당대학교,공학계열,4530268.875390626
2018,초당대학교,예체능계열,4302465.415860215
2018,초당대학교,인문사회계열,3355586.8890699903
2018,초당대학교,자연과학계열,4153186.3083550916
2018,총신대학교,예체능계열,3823676.9
2018,총신대학교,인문사회계열,3865615.3905647844
2018,추계예술대학교,예체능계열,3128209.865050733
2018,추계예술대학교,인문사회계열,2484938.410820896
2018,춘천교육대학교,인문사회계열,2166548.9581227438
2018,충남대학교,공학계열,2727023.672945072
2018,충남대학교,예체능계열,3096974.280888889
2018,충남대학교,의학계열,3175317.6265560165
2018,충남대학교,인문사회계열,2228564.0032247715
2018,충남대학교,자연과학계열,2524649.3039808255
2018,충북대학교,공학계열,2886661.8749883235
2018,충북대학교,예체능계열,3259905.9664259925
2018,충북대학교,의학계열,3068773.5064676614
2018,충북대학교,인문사회계열,2507029.0582128214
2018,충북대학교,자연과학계열,2791927.807474353
2018,칼빈대학교,예체능계열,3436061.23877551
2018,칼빈대학교,인문사회계열,3261401.7531728665
2018,평택대학교,공학계열,3308278.3459724947
2018,평택대학교,예체능계열,3518437.569056604
2018,평택대학교,인문사회계열,3793422.417840617
2018,평택대학교,자연과학계열,3284286.7471464016
2018,포항공과대학교,공학계열,5720700.223098076
2018,포항공과대학교,자연과학계열,5843414.663422818
2018,한경국립대학교,공학계열,2506876.3091057977
2018,한경국립대학교,예체능계열,2994067.208791209
2018,한경국립대학교,인문사회계열,2570288.3190832557
2018,한경국립대학교,자연과학계열,2497103.5147833475
2018,한국공학대학교,공학계열,3546583.9236168745
2018,한국공학대학교,예체능계열,4409411.129368932
2018,한국공학대학교,인문사회계열,3785266.8561403514
2018,한국과학기술원,공학계열,6791105.488131204
2018,한국과학기술원,자연과학계열,7539161.776937985
2018,한국교원대학교,공학계열,2317309.9
2018,한국교원대학교,예체능계열,2133275.0807692306
2018,한국교원대학교,인문사회계열,2112936.4128793487
2018,한국교원대학교,자연과학계열,2711918.302840909
2018,한국국제대학교,공학계열,2548831.565551181
2018,한국국제대학교,예체능계열,4189540.163082437
2018,한국국제대학교,인문사회계열,3272344.4003267973
2018,한국국제대학교,자연과학계열,3438681.0223618094
2018,한국기술교육대학교,공학계열,3624931.19847561
2018,한국기술교육대학교,인문사회계열,2858972.5041538463
2018,한국방송통신대학교,공학계열,146168.2
2018,한국방송통신대학교,인문사회계열,166781.0985042735
2018,한국방송통신대학교,자연과학계열,160495.96904330872
2018,한국성서대학교,공학계열,4351032.570731708
2018,한국성서대학교,인문사회계열,4677469.760136055
2018,한국성서대학교,자연과학계열,3118638.6320000007
2018,한국예술종합학교,공학계열,1583676.7
2018,한국예술종합학교,예체능계열,1875774.4045128638
2018,한국예술종합학교,인문사회계열,2075949.5029411765
2018,한국외국어대학교,공학계열,2900233.372751558
2018,한국외국어대학교,인문사회계열,2643496.664067519
2018,한국외국어대학교,자연과학계열,2630509.2515320336
2018,한국전통문화대학교,공학계열,2174207.0680851066
2018,한국전통문화대학교,예체능계열,2032035.54
2018,한국전통문화대학교,인문사회계열,2085697.7466165414
2018,한국전통문화대학교,자연과학계열,2134175.0
2018,한국체육대학교,예체능계열,2739013.3366612773
2018,한국침례신학대학교,예체능계열,4606458.560180996
2018,한국침례신학대학교,인문사회계열,5157901.856040268
2018,한국항공대학교,공학계열,3320316.3966706777
2018,한국항공대학교,인문사회계열,3551886.8884836854
2018,한국항공대학교,자연과학계열,3737641.8886283706
2018,한남대학교,공학계열,3271056.292220599
2018,한남대학교,예체능계열,3823685.173981901
2018,한남대학교,인문사회계열,3151933.261816839
2018,한남대학교,자연과학계열,3590063.8013148285
2018,한동대학교,공학계열,4144832.353088235
2018,한동대학교,인문사회계열,3654952.848469847
2018,한동대학교,자연과학계열,3655276.8
2018,한라대학교,공학계열,3659742.8509119335
2018,한라대학교,예체능계열,4675714.6024390245
2018,한라대학교,인문사회계열,3491162.591802168
2018,한려대학교,공학계열,2732784.611538462
2018,한려대학교,예체능계열,4418962.54
2018,한려대학교,인문사회계열,3468366.664814815
2018,한려대학교,자연과학계열,2375351.708488064
2018,한림대학교,공학계열,4151893.004919786
2018,한림대학교,예체능계열,5243823.2
2018,한림대학교,의학계열,2456136.4
2018,한림대학교,인문사회계열,3693884.7778686555
2018,한림대학교,자연과학계열,3620543.382051282
2018,한북대학교,공학계열,0.0
2018,한북대학교,인문사회계열,0.0
2018,한서대학교,공학계열,4097169.8869027547
2018,한서대학교,예체능계열,3834188.833718559
2018,한서대학교,인문사회계열,3722260.717513228
2018,한서대학교,자연과학계열,4177588.721640969
2018,한성대학교,공학계열,3633979.59118896
2018,한성대학교,예체능계열,3644986.632080925
2018,한성대학교,인문사회계열,3309707.1254080907
2018,한세대학교,공학계열,3434729.2082304526
2018,한세대학교,예체능계열,4082101.9391777506
2018,한세대학교,인문사회계열,3813563.8997306395
2018,한세대학교,자연과학계열,3902441.6
2018,한신대학교,공학계열,3573493.6824582336
2018,한신대학교,예체능계열,3676812.5
2018,한신대학교,인문사회계열,3469321.630078784
2018,한신대학교,자연과학계열,3288702.517864924
2018,한양대학교,공학계열,3722907.492656781
2018,한양대학교,예체능계열,3677306.88910162
2018,한양대학교,의학계열,2414122.5
2018,한양대학교,인문사회계열,3364309.8919865107
2018,한양대학교,자연과학계열,2748602.826898579
2018,한양대학교(ERICA) _분교,공학계열,3980664.496360205
2018,한양대학교(ERICA) _분교,예체능계열,4317378.581226054
2018,한양대학교(ERICA) _분교,인문사회계열,3697681.094975689
2018,한양대학교(ERICA) _분교,자연과학계열,3596181.8676258996
2018,한일장신대학교,예체능계열,3528488.2245098036
2018,한일장신대학교,인문사회계열,5010433.394280442
2018,한일장신대학교,자연과학계열,3664571.7000000007
2018,협성대학교,공학계열,3872315.1424418604
2018,협성대학교,예체능계열,4163984.4036834924
2018,협성대학교,인문사회계열,3824321.7304972373
2018,협성대학교,자연과학계열,3957786.356573705
2018,호남대학교,공학계열,3251213.7724209083
2018,호남대학교,예체능계열,3849697.512199037
2018,호남대학교,인문사회계열,3338054.9015461924
2018,호남대학교,자연과학계열,3988882.440546968
2018,호남신학대학교,예체능계열,2976770.3
2018,호남신학대학교,인문사회계열,4553936.82293578
2018,호서대학교,공학계열,3384162.837090345
2018,호서대학교,예체능계열,3786200.489100127
2018,호서대학교,인문사회계열,3517566.025613346
2018,호서대학교,자연과학계열,3641420.249055331
2018,호원대학교,공학계열,3780809.679508197
2018,호원대학교,예체능계열,4229193.04299133
2018,호원대학교,인문사회계열,4073105.0398457586
2018,호원대학교,자연과학계열,4034723.9593352885
2018,홍익대학교,공학계열,4268095.768280374
2018,홍익대학교,예체능계열,3562525.650372403
2018,홍익대학교,인문사회계열,4014507.6364844153
2018,홍익대학교,자연과학계열,4601324.8
2018,홍익대학교 _제2캠퍼스,공학계열,4087927.6009724475
2018,홍익대학교 _제2캠퍼스,예체능계열,5102901.048175182
2018,홍익대학교 _제2캠퍼스,인문사회계열,4061305.3233483005
2018,화성의과학대학교,공학계열,2408959.885148515
2018,화성의과학대학교,예체능계열,2915812.7639175253
2018,화성의과학대학교,인문사회계열,2192783.926086956
2018,화성의과학대학교,자연과학계열,2600478.8744680854
2019,가야대학교(김해),예체능계열,4047208.3999999994
2019,가야대학교(김해),인문사회계열,3575108.3729442973
2019,가야대학교(김해),자연과학계열,3821675.54452459
2019,가천대학교,공학계열,3181614.1953248666
2019,가천대학교,예체능계열,3488429.3369148932
2019,가천대학교,의학계열,7755050.724324324
2019,가천대학교,인문사회계열,2997554.386514936
2019,가천대학교,자연과학계열,3723448.743838136
2019,가톨릭관동대학교,공학계열,3009297.8242885508
2019,가톨릭관동대학교,예체능계열,3724482.3560173158
2019,가톨릭관동대학교,의학계열,2018468.6000000003
2019,가톨릭관동대학교,인문사회계열,3194849.0848329742
2019,가톨릭관동대학교,자연과학계열,3126076.451815431
2019,가톨릭꽃동네대학교,인문사회계열,4858772.5800724635
2019,가톨릭꽃동네대학교,자연과학계열,5645239.6
2019,가톨릭대학교,공학계열,3355617.660982659
2019,가톨릭대학교,예체능계열,3287244.6999999997
2019,가톨릭대학교,인문사회계열,2949387.547549378
2019,가톨릭대학교,자연과학계열,3149132.640909091
2019,가톨릭대학교 _제2캠퍼스,의학계열,2308642.5
2019,가톨릭대학교 _제2캠퍼스,자연과학계열,2826248.401167315
2019,가톨릭대학교 _제3캠퍼스,인문사회계열,6414678.600000001
2019,감리교신학대학교,인문사회계열,3581664.0302211302
2019,강남대학교,공학계열,3258340.495632864
2019,강남대학교,예체능계열,3391416.2169105695
2019,강남대학교,인문사회계열,3009936.66350302
2019,강남대학교,자연과학계열,2735375.0
2019,강서대학교,공학계열,800000.0
2019,강서대학교,예체능계열,4572839.882692307
2019,강서대학교,인문사회계열,3347355.614631463
2019,강서대학교,자연과학계열,4052559.1904166667
2019,강원대학교,공학계열,2652442.182741433
2019,강원대학교,예체능계열,3154895.419224806
2019,강원대학교,의학계열,2137397.6
2019,강원대학교,인문사회계열,2357188.828399034
2019,강원대학교,자연과학계열,2538344.6041702866
2019,강원대학교 _제2캠퍼스,공학계열,2871343.1351945247
2019,강원대학교 _제2캠퍼스,예체능계열,3103684.3049934297
2019,강원대학교 _제2캠퍼스,인문사회계열,3020898.321495327
2019,강원대학교 _제2캠퍼스,자연과학계열,4036950.790285274
2019,건국대학교,공학계열,3479810.648647035
2019,건국대학교,예체능계열,3358236.3198203593
2019,건국대학교,의학계열,3129624.5
2019,건국대학교,인문사회계열,2836329.6592830736
2019,건국대학교,자연과학계열,3182183.489567669
2019,건국대학교(글로컬) _분교,공학계열,3371656.0564032695
2019,건국대학교(글로컬) _분교,예체능계열,3957417.7676535086
2019,건국대학교(글로컬) _분교,인문사회계열,3678767.8043198856
2019,건국대학교(글로컬) _분교,자연과학계열,3601988.83619186
2019,건양대학교,공학계열,3876583.004094488
2019,건양대학교,예체능계열,4127495.744632768
2019,건양대학교,인문사회계열,3617343.133922414
2019,건양대학교,자연과학계열,3952077.941631799
2019,건양대학교 _제2캠퍼스,공학계열,3743080.7450331124
2019,건양대학교 _제2캠퍼스,의학계열,3945805.5
2019,건양대학교 _제2캠퍼스,인문사회계열,3675000.0
2019,건양대학교 _제2캠퍼스,자연과학계열,3240676.137903226
2019,경기대학교,공학계열,3315909.822235797
2019,경기대학교,예체능계열,3871305.4472392634
2019,경기대학교,인문사회계열,3444208.8265791223
2019,경기대학교,자연과학계열,3329687.606997456
2019,경기대학교 _제2캠퍼스,예체능계열,3960061.478060046
2019,경기대학교 _제2캠퍼스,인문사회계열,3238796.350244698
2019,경기대학교 _제2캠퍼스,자연과학계열,2935940.509240924
2019,경남과학기술대학교,공학계열,2786019.3010600703
2019,경남과학기술대학교,예체능계열,2821433.0
2019,경남과학기술대학교,인문사회계열,2794354.3022167487
2019,경남과학기술대학교,자연과학계열,2931077.481517001
2019,경남대학교,공학계열,2957987.013770795
2019,경남대학교,예체능계열,3969447.2774834437
2019,경남대학교,인문사회계열,3022249.78736707
2019,경남대학교,자연과학계열,3530681.417413905
2019,경동대학교,공학계열,4211891.724264706
2019,경동대학교,예체능계열,5354943.9
2019,경동대학교,인문사회계열,4394721.443273013
2019,경동대학교,자연과학계열,3608361.473262032
2019,경동대학교 _제3캠퍼스,인문사회계열,3493920.3289473685
2019,경동대학교 _제3캠퍼스,자연과학계열,3253391.9003435443
2019,경동대학교 _제4캠퍼스,공학계열,2939783.415619694
2019,경동대학교 _제4캠퍼스,예체능계열,3217764.537823834
2019,경동대학교 _제4캠퍼스,인문사회계열,3221617.829318937
2019,경동대학교 _제4캠퍼스,자연과학계열,3345443.1
2019,경북대학교,공학계열,2811498.6634689793
2019,경북대학교,예체능계열,2887240.9079096043
2019,경북대학교,의학계열,2412267.947368421
2019,경북대학교,인문사회계열,2454217.313613133
2019,경북대학교,자연과학계열,2663746.82194181
2019,경상국립대학교,공학계열,2771183.4818940843
2019,경상국립대학교,예체능계열,2406782.061206897
2019,경상국립대학교,의학계열,3202374.830769231
2019,경상국립대학교,인문사회계열,2483852.954960863
2019,경상국립대학교,자연과학계열,2843525.189295909
2019,경성대학교,공학계열,3344820.167926491
2019,경성대학교,예체능계열,3999524.1552717136
2019,경성대학교,인문사회계열,3076138.352322308
2019,경성대학교,자연과학계열,3310920.9197836164
2019,경운대학교,공학계열,5009046.058705357
2019,경운대학교,예체능계열,5407004.855524079
2019,경운대학교,인문사회계열,3695474.9512132825
2019,경운대학교,자연과학계열,3652649.15821256
2019,경인교육대학교,인문사회계열,2381364.6976281563
2019,경인교육대학교 _제2캠퍼스,인문사회계열,2287955.380122794
2019,경일대학교,공학계열,3605135.0522847376
2019,경일대학교,예체능계열,3967678.365107212
2019,경일대학교,인문사회계열,2799310.2373937676
2019,경일대학교,자연과학계열,4201777.830573952
2019,경희대학교,공학계열,3100753.357718267
2019,경희대학교,예체능계열,3606499.1803290243
2019,경희대학교,의학계열,2645868.2273006137
2019,경희대학교,인문사회계열,2902411.0129340356
2019,경희대학교,자연과학계열,3092171.2275179466
2019,계명대학교,공학계열,3817930.5867674863
2019,계명대학교,예체능계열,4076129.583719631
2019,계명대학교,의학계열,2962396.7
2019,계명대학교,인문사회계열,3526511.134333939
2019,계명대학교,자연과학계열,3978365.8343749996
2019,고려대학교,공학계열,3667460.384442486
2019,고려대학교,예체능계열,4224485.035204081
2019,고려대학교,의학계열,3403519.5
2019,고려대학교,인문사회계열,2958618.473798204
2019,고려대학교,자연과학계열,3232461.5585828065
2019,고려대학교(세종) _분교,공학계열,3430851.267885927
2019,고려대학교(세종) _분교,예체능계열,4324653.376540284
2019,고려대학교(세종) _분교,인문사회계열,3434622.3409260414
2019,고려대학교(세종) _분교,자연과학계열,3331927.0150753767
2019,고신대학교,예체능계열,4582861.7095
2019,고신대학교,의학계열,1896303.5
2019,고신대학교,인문사회계열,4185052.57574171
2019,고신대학교,자연과학계열,3356536.188715664
2019,공주교육대학교,인문사회계열,2161772.2726272354
2019,광신대학교,예체능계열,4819665.527586207
2019,광신대학교,인문사회계열,4289249.965671642
2019,광운대학교,공학계열,3020911.036813857
2019,광운대학교,예체능계열,5151411.6
2019,광운대학교,인문사회계열,2791596.320741713
2019,광운대학교,자연과학계열,3017617.7528368793
2019,광주가톨릭대학교,인문사회계열,175675.7
2019,광주과학기술원,공학계열,5979043.125167785
2019,광주과학기술원,자연과학계열,5837716.062142857
2019,광주교육대학교,인문사회계열,3350797.7476718407
2019,광주대학교,공학계열,3931860.246379045
2019,광주대학교,예체능계열,4201007.519290928
2019,광주대학교,인문사회계열,3758602.4556853804
2019,광주대학교,자연과학계열,4040964.406192661
2019,광주여자대학교,예체능계열,4447168.1725
2019,광주여자대학교,인문사회계열,3957329.2001334224
2019,광주여자대학교,자연과학계열,4255460.37817151
2019,국립강릉원주대학교,공학계열,3141524.491565041
2019,국립강릉원주대학교,예체능계열,3873837.457740586
2019,국립강릉원주대학교,의학계열,3088028.9
2019,국립강릉원주대학교,인문사회계열,2818308.467404616
2019,국립강릉원주대학교,자연과학계열,3126945.324062165
2019,국립강릉원주대학교 _제2캠퍼스,공학계열,3136864.0737261144
2019,국립강릉원주대학교 _제2캠퍼스,인문사회계열,3244408.4264227645
2019,국립강릉원주대학교 _제2캠퍼스,자연과학계열,3196461.0
2019,국립경국대학교,공학계열,3059819.077318641
2019,국립경국대학교,예체능계열,3274125.9452662724
2019,국립경국대학교,인문사회계열,2938468.5464119776
2019,국립경국대학교,자연과학계열,3031316.2408852214
2019,국립공주대학교,공학계열,2492388.374096516
2019,국립공주대학교,예체능계열,2861694.396978022
2019,국립공주대학교,인문사회계열,2406822.4214804466
2019,국립공주대학교,자연과학계열,2836565.3890672573
2019,국립군산대학교,공학계열,2878542.647953411
2019,국립군산대학교,예체능계열,2946089.453863636
2019,국립군산대학교,인문사회계열,2644770.0675829384
2019,국립군산대학교,자연과학계열,2863470.6572845154
2019,국립금오공과대학교,공학계열,2810141.238920563
2019,국립금오공과대학교,인문사회계열,2778056.3
2019,국립금오공과대학교,자연과학계열,2824508.1
2019,국립목포대학교,공학계열,3342016.199407475
2019,국립목포대학교,예체능계열,3209382.6059553353
2019,국립목포대학교,인문사회계열,2853286.693702943
2019,국립목포대학교,자연과학계열,2922998.4931906615
2019,국립목포해양대학교,공학계열,2388649.8522557863
2019,국립부경대학교,공학계열,2791685.9860699154
2019,국립부경대학교,예체능계열,2678475.4041775456
2019,국립부경대학교,인문사회계열,2416652.5726740784
2019,국립부경대학교,자연과학계열,2678176.4087473
2019,국립순천대학교,공학계열,2935802.7770785224
2019,국립순천대학교,예체능계열,2960900.234747475
2019,국립순천대학교,인문사회계열,2582395.137958115
2019,국립순천대학교,자연과학계열,2826690.3742869305
2019,국립창원대학교,공학계열,2675003.1914386237
2019,국립창원대학교,예체능계열,3001119.6458092486
2019,국립창원대학교,인문사회계열,2378591.6388024655
2019,국립창원대학교,자연과학계열,2718559.7358543416
2019,국립한국교통대학교,공학계열,2745006.5966590103
2019,국립한국교통대학교,예체능계열,3452070.808730159
2019,국립한국교통대학교,인문사회계열,3027055.017259692
2019,국립한국교통대학교,자연과학계열,3031706.8937665783
2019,국립한국해양대학교,공학계열,2402899.4973203703
2019,국립한국해양대학교,예체능계열,3115061.8
2019,국립한국해양대학교,인문사회계열,2438339.563237774
2019,국립한국해양대학교,자연과학계열,2777245.9854961834
2019,국립한밭대학교,공학계열,2510523.1237424924
2019,국립한밭대학교,예체능계열,3306618.713362069
2019,국립한밭대학교,인문사회계열,2329232.466791045
2019,국립한밭대학교,자연과학계열,3167945.942285714
2019,국민대학교,공학계열,3566969.895291202
2019,국민대학교,예체능계열,3130313.5173688396
2019,국민대학교,인문사회계열,3152415.8537561917
2019,국민대학교,자연과학계열,3333991.6382331103
2019,극동대학교,공학계열,4153994.8673582296
2019,극동대학교,예체능계열,3734633.8963903743
2019,극동대학교,인문사회계열,3604225.067316209
2019,극동대학교,자연과학계열,4337755.3178571435
2019,금강대학교,인문사회계열,7749766.697395834
2019,김천대학교,공학계열,3480272.886440678
2019,김천대학교,예체능계열,5557685.909615384
2019,김천대학교,인문사회계열,3932672.598426323
2019,김천대학교,자연과학계열,3513566.4188235295
2019,나사렛대학교,공학계열,3421823.338461539
2019,나사렛대학교,예체능계열,4123739.377675841
2019,나사렛대학교,인문사회계열,4005787.5450575394
2019,나사렛대학교,자연과학계열,3943323.8818514007
2019,남부대학교,공학계열,3900648.030029155
2019,남부대학교,예체능계열,4388607.344047618
2019,남부대학교,인문사회계열,4230510.121661237
2019,남부대학교,자연과학계열,3776887.8989819004
2019,남서울대학교,공학계열,3515129.465895711
2019,남서울대학교,예체능계열,4254972.677267003
2019,남서울대학교,인문사회계열,3724836.8151292447
2019,남서울대학교,자연과학계열,4568670.443265007
2019,단국대학교,공학계열,3036864.6698264354
2019,단국대학교,예체능계열,3277849.481044268
2019,단국대학교,인문사회계열,3001456.273732234
2019,단국대학교,자연과학계열,3037095.966666667
2019,단국대학교 _제2캠퍼스,공학계열,3160240.863738441
2019,단국대학교 _제2캠퍼스,예체능계열,3810017.7011997174
2019,단국대학교 _제2캠퍼스,의학계열,2553277.364335664
2019,단국대학교 _제2캠퍼스,인문사회계열,3098981.971814093
2019,단국대학교 _제2캠퍼스,자연과학계열,3084462.2183668464
2019,대구가톨릭대학교,공학계열,3536718.8540117415
2019,대구가톨릭대학교,예체능계열,3744571.9133863966
2019,대구가톨릭대학교,의학계열,1791262.0
2019,대구가톨릭대학교,인문사회계열,3549432.764065587
2019,대구가톨릭대학교,자연과학계열,3630144.192873563
2019,대구경북과학기술원,자연과학계열,2925422.8
2019,대구교육대학교,인문사회계열,2304266.2301921886
2019,대구대학교,공학계열,3433669.7758872304
2019,대구대학교,예체능계열,4172314.561002786
2019,대구대학교,인문사회계열,3424363.034830269
2019,대구대학교,자연과학계열,3880814.727063492
2019,대구예술대학교,예체능계열,3818133.0470588235
2019,대구예술대학교,자연과학계열,5266353.0
2019,대구한의대학교,공학계열,3851858.400411862
2019,대구한의대학교,예체능계열,3929529.97192029
2019,대구한의대학교,의학계열,1875241.2
2019,대구한의대학교,인문사회계열,3490403.933923124
2019,대구한의대학교,자연과학계열,3703811.4579745797
2019,대신대학교,예체능계열,4400036.405882353
2019,대신대학교,인문사회계열,5064605.191608393
2019,대전가톨릭대학교,인문사회계열,5487007.2
2019,대전대학교,공학계열,3291245.2119962946
2019,대전대학교,예체능계열,3919487.5048013246
2019,대전대학교,의학계열,2200975.2
2019,대전대학교,인문사회계열,3676822.7575135645
2019,대전대학교,자연과학계열,3682365.4183636364
2019,대전신학대학교,인문사회계열,6389740.099999999
2019,대진대학교,공학계열,3605572.5326385596
2019,대진대학교,예체능계열,3594919.777409932
2019,대진대학교,인문사회계열,3690483.9215500946
2019,대진대학교,자연과학계열,4120571.486980609
2019,덕성여자대학교,공학계열,3056430.772175732
2019,덕성여자대학교,예체능계열,3293598.1016460904
2019,덕성여자대학교,인문사회계열,2999326.032631238
2019,덕성여자대학교,자연과학계열,2756354.1513675214
2019,동국대학교,공학계열,3196294.4686970776
2019,동국대학교,예체능계열,3530329.6156993345
2019,동국대학교,인문사회계열,3205704.016222043
2019,동국대학교,자연과학계열,3099652.379396985
2019,동국대학교(WISE) _분교,공학계열,3196954.1672349893
2019,동국대학교(WISE) _분교,예체능계열,4913266.660159362
2019,동국대학교(WISE) _분교,의학계열,2630804.124
2019,동국대학교(WISE) _분교,인문사회계열,3641178.7389543448
2019,동국대학교(WISE) _분교,자연과학계열,3689208.8098412696
2019,동덕여자대학교,공학계열,0.0
2019,동덕여자대학교,예체능계열,3456034.9628950986
2019,동덕여자대학교,인문사회계열,3024961.8529351535
2019,동덕여자대학교,자연과학계열,3051793.1845128206
2019,동명대학교,공학계열,3885421.569483568
2019,동명대학교,예체능계열,4026807.293213296
2019,동명대학교,인문사회계열,3500789.929856361
2019,동명대학교,자연과학계열,4408671.234951456
2019,동서대학교,공학계열,3698541.2325026323
2019,동서대학교,예체능계열,3783897.8181377826
2019,동서대학교,인문사회계열,3610615.8246499887
2019,동서대학교,자연과학계열,4050684.3215341954
2019,동신대학교,공학계열,3919389.3723214287
2019,동신대학교,예체능계열,3991243.935412027
2019,동신대학교,의학계열,3324471.2
2019,동신대학교,인문사회계열,3650518.0132920435
2019,동신대학교,자연과학계열,3870985.9275505403
2019,동아대학교,공학계열,3389931.84634009
2019,동아대학교,예체능계열,4236114.9664699575
2019,동아대학교,의학계열,2716561.6
2019,동아대학교,인문사회계열,3082677.0935957474
2019,동아대학교,자연과학계열,3200123.152943327
2019,동양대학교,공학계열,3055329.707651364
2019,동양대학교,예체능계열,4163433.961483595
2019,동양대학교,인문사회계열,2903063.090760483
2019,동양대학교,자연과학계열,4479571.9
2019,동의대학교,공학계열,3710477.1078801923
2019,동의대학교,예체능계열,4180124.2226537224
2019,동의대학교,의학계열,3173265.4
2019,동의대학교,인문사회계열,3199849.157805044
2019,동의대학교,자연과학계열,3511784.7285056296
2019,루터대학교,인문사회계열,4263882.955186722
2019,루터대학교,자연과학계열,3744719.6
2019,명지대학교,공학계열,3376074.367116779
2019,명지대학교,예체능계열,3813774.4341001357
2019,명지대학교,자연과학계열,3650551.439586029
2019,명지대학교 _제2캠퍼스,공학계열,2903028.210096154
2019,명지대학교 _제2캠퍼스,예체능계열,1492418.634883721
2019,명지대학교 _제2캠퍼스,인문사회계열,3251008.971409836
2019,목원대학교,공학계열,3886891.062204724
2019,목원대학교,예체능계열,4116899.8740342297
2019,목원대학교,인문사회계열,3705259.858914494
2019,목원대학교,자연과학계열,3769892.715945946
2019,목포가톨릭대학교,인문사회계열,4563756.711290323
2019,목포가톨릭대학교,자연과학계열,4512181.1
2019,배재대학교,공학계열,3070577.0273397616
2019,배재대학교,예체능계열,4112264.821367522
2019,배재대학교,인문사회계열,3263058.8436846132
2019,배재대학교,자연과학계열,3553864.770576923
2019,백석대학교,공학계열,3297150.6
2019,백석대학교,예체능계열,3607997.6267428575
2019,백석대학교,인문사회계열,3697269.7686583987
2019,백석대학교,자연과학계열,3790385.3005421683
2019,부산가톨릭대학교,공학계열,3694511.1497326205
2019,부산가톨릭대학교,인문사회계열,3404979.98428246
2019,부산가톨릭대학교,자연과학계열,4147417.0164029333
2019,부산교육대학교,인문사회계열,2310284.5784068466
2019,부산대학교,공학계열,2976591.9399707816
2019,부산대학교,예체능계열,2935058.8898097826
2019,부산대학교,의학계열,3027337.4
2019,부산대학교,인문사회계열,2697891.970301095
2019,부산대학교,자연과학계열,2785743.3525043936
2019,부산외국어대학교,공학계열,3243559.936229205
2019,부산외국어대학교,예체능계열,3284892.5328947366
2019,부산외국어대학교,인문사회계열,3111925.995452009
2019,부산장신대학교,인문사회계열,5368081.385388128
2019,삼육대학교,공학계열,3913762.720604396
2019,삼육대학교,예체능계열,3981175.357179487
2019,삼육대학교,인문사회계열,4131595.167403897
2019,삼육대학교,자연과학계열,3719330.4726041663
2019,상명대학교,공학계열,3548554.78118196
2019,상명대학교,예체능계열,3406391.5022058827
2019,상명대학교,인문사회계열,3102928.5449722223
2019,상명대학교,자연과학계열,3261312.104292929
2019,상명대학교 _제2캠퍼스,공학계열,3416297.7118849843
2019,상명대학교 _제2캠퍼스,예체능계열,3696191.760068405
2019,상명대학교 _제2캠퍼스,인문사회계열,3250501.846132404
2019,상명대학교 _제2캠퍼스,자연과학계열,3491618.187605042
2019,상지대학교,공학계열,3027211.0139447236
2019,상지대학교,예체능계열,3964292.9532345016
2019,상지대학교,의학계열,2518222.0
2019,상지대학교,인문사회계열,3020502.732207698
2019,상지대학교,자연과학계열,3038844.3873720136
2019,서강대학교,공학계열,3236928.0150879184
2019,서강대학교,인문사회계열,2435130.978529254
2019,서강대학교,자연과학계열,3046996.9228273467
2019,서경대학교,공학계열,3101549.031021438
2019,서경대학교,예체능계열,3272892.4957268722
2019,서경대학교,인문사회계열,2948593.3045231076
2019,서경대학교,자연과학계열,3464108.4978021975
2019,서울과학기술대학교,공학계열,3142018.498843338
2019,서울과학기술대학교,예체능계열,2805982.2569160997
2019,서울과학기술대학교,인문사회계열,3144029.2111835973
2019,서울과학기술대학교,자연과학계열,3322579.7695716396
2019,서울교육대학교,인문사회계열,1843746.5588657106
2019,서울기독대학교,예체능계열,4724993.481081081
2019,서울기독대학교,인문사회계열,3723776.0617021276
2019,서울대학교,공학계열,3388380.7871284694
2019,서울대학교,예체능계열,3338481.5408193124
2019,서울대학교,의학계열,3934201.354146342
2019,서울대학교,인문사회계열,2760778.5201793723
2019,서울대학교,자연과학계열,3480281.779988726
2019,서울시립대학교,공학계열,1718653.5467046893
2019,서울시립대학교,예체능계열,1643488.8775947283
2019,서울시립대학교,인문사회계열,1587271.290504451
2019,서울시립대학교,자연과학계열,1859620.0212738852
2019,서울신학대학교,예체능계열,4827406.540106952
2019,서울신학대학교,인문사회계열,4640079.507224958
2019,서울여자대학교,공학계열,3806891.8811097997
2019,서울여자대학교,예체능계열,3615109.4295988935
2019,서울여자대학교,인문사회계열,3275377.223173278
2019,서울여자대학교,자연과학계열,3437182.5814486328
2019,서울장신대학교,예체능계열,4094199.4
2019,서울장신대학교,인문사회계열,4848767.997382199
2019,서울한영대학교,예체능계열,3675319.2253968255
2019,서울한영대학교,인문사회계열,4073561.4585910654
2019,서원대학교,공학계열,3387928.489133425
2019,서원대학교,예체능계열,3862299.7421265137
2019,서원대학교,인문사회계열,3796486.8271380058
2019,서원대학교,자연과학계열,3552606.172975518
2019,선문대학교,공학계열,3375356.512432774
2019,선문대학교,예체능계열,4480555.935834897
2019,선문대학교,인문사회계열,4186085.271400872
2019,선문대학교,자연과학계열,4161232.739067797
2019,성결대학교,공학계열,3588439.856469649
2019,성결대학교,예체능계열,3507344.48440367
2019,성결대학교,인문사회계열,2924322.1662768032
2019,성공회대학교,공학계열,4115202.7599662165
2019,성공회대학교,인문사회계열,3690411.0547807333
2019,성균관대학교,공학계열,3850574.9120586733
2019,성균관대학교,예체능계열,3411022.55647789
2019,성균관대학교,의학계열,7761726.6
2019,성균관대학교,인문사회계열,2899105.821483592
2019,성균관대학교,자연과학계열,3476802.6656353134
2019,성신여자대학교,공학계열,4466412.0321292775
2019,성신여자대학교,예체능계열,3965141.8268879266
2019,성신여자대학교,인문사회계열,3542359.135881778
2019,성신여자대학교,자연과학계열,3846335.9553752537
2019,세명대학교,공학계열,3569351.7797797797
2019,세명대학교,예체능계열,4004629.840998686
2019,세명대학교,의학계열,3269738.7
2019,세명대학교,인문사회계열,3890438.203964321
2019,세명대학교,자연과학계열,4046653.5619330225
2019,세종대학교,공학계열,3305667.399965205
2019,세종대학교,예체능계열,3360724.2143730884
2019,세종대학교,인문사회계열,2913913.894902713
2019,세종대학교,자연과학계열,3157822.0474150665
2019,세한대학교,공학계열,2520841.715406162
2019,세한대학교,예체능계열,3307104.5971675846
2019,세한대학교,인문사회계열,2698618.5637857146
2019,세한대학교,자연과학계열,3795487.6931435964
2019,송원대학교,공학계열,3730447.884769539
2019,송원대학교,예체능계열,4542848.410335917
2019,송원대학교,인문사회계열,3539791.857157057
2019,송원대학교,자연과학계열,3913143.0304109585
2019,수원가톨릭대학교,인문사회계열,8448814.6
2019,수원대학교,공학계열,3305064.993562091
2019,수원대학교,예체능계열,3625616.217690783
2019,수원대학교,인문사회계열,2748714.3412310868
2019,수원대학교,자연과학계열,3258314.7601289134
2019,숙명여자대학교,공학계열,3823275.301057402
2019,숙명여자대학교,예체능계열,3490969.0873515024
2019,숙명여자대학교,인문사회계열,3265421.8032002877
2019,숙명여자대학교,자연과학계열,3038322.960543245
2019,순복음총회신학교,예체능계열,5515263.542857142
2019,순복음총회신학교,인문사회계열,4002460.46882353
2019,순천향대학교,공학계열,4046438.421930078
2019,순천향대학교,예체능계열,4033271.5983561645
2019,순천향대학교,의학계열,2313718.5
2019,순천향대학교,인문사회계열,3898361.2559789424
2019,순천향대학교,자연과학계열,3656781.981104651
2019,숭실대학교,공학계열,2950992.5579759213
2019,숭실대학교,예체능계열,3631667.457861635
2019,숭실대학교,인문사회계열,3072169.6088286713
2019,숭실대학교,자연과학계열,2662355.0940841865
2019,신경주대학교,공학계열,3693937.153846154
2019,신경주대학교,예체능계열,4581938.681578947
2019,신경주대학교,인문사회계열,2890887.4892857145
2019,신경주대학교,자연과학계열,3181948.396810934
2019,신라대학교,공학계열,3546291.010485782
2019,신라대학교,예체능계열,3488632.146396396
2019,신라대학교,인문사회계열,3178417.7288959567
2019,신라대학교,자연과학계열,3613692.326910929
2019,신한대학교,공학계열,3637467.6233009705
2019,신한대학교,인문사회계열,3325192.9
2019,신한대학교,자연과학계열,4494533.7
2019,신한대학교 _제2캠퍼스,공학계열,3708027.41652661
2019,신한대학교 _제2캠퍼스,예체능계열,3840156.5445414847
2019,신한대학교 _제2캠퍼스,인문사회계열,3587442.503302326
2019,신한대학교 _제2캠퍼스,자연과학계열,4015171.763414634
2019,아신대학교,인문사회계열,4658852.378199052
2019,아주대학교,공학계열,3040642.7879092703
2019,아주대학교,예체능계열,5633802.4
2019,아주대학교,의학계열,4375916.68
2019,아주대학교,인문사회계열,3150112.1479173717
2019,아주대학교,자연과학계열,3242649.073447205
2019,안양대학교,공학계열,3369651.7596566523
2019,안양대학교,예체능계열,3060770.7036931817
2019,안양대학교,인문사회계열,3250585.9563496145
2019,안양대학교,자연과학계열,2896808.0867158673
2019,안양대학교 _제2캠퍼스,공학계열,2932822.74
2019,안양대학교 _제2캠퍼스,인문사회계열,2973065.7919463087
2019,안양대학교 _제2캠퍼스,자연과학계열,0.0
2019,연세대학교,공학계열,3438340.8932925444
2019,연세대학교,예체능계열,4090137.902255639
2019,연세대학교,의학계열,3895704.957786885
2019,연세대학교,인문사회계열,3343304.206707575
2019,연세대학교,자연과학계열,3282344.590762274
2019,연세대학교(미래) _분교,공학계열,3362364.738914443
2019,연세대학교(미래) _분교,예체능계열,3411235.88631579
2019,연세대학교(미래) _분교,의학계열,2742863.6000000006
2019,연세대학교(미래) _분교,인문사회계열,3168921.1177293938
2019,연세대학교(미래) _분교,자연과학계열,3395642.463261584
2019,영남대학교,공학계열,3636691.152854454
2019,영남대학교,예체능계열,4419374.285171882
2019,영남대학교,의학계열,2943286.7
2019,영남대학교,인문사회계열,3387611.0157422614
2019,영남대학교,자연과학계열,3719726.458125184
2019,영남신학대학교,인문사회계열,4913980.139772727
2019,영산대학교,공학계열,3239281.756140351
2019,영산대학교,예체능계열,4284967.198181818
2019,영산대학교,인문사회계열,2905685.6323093222
2019,영산대학교,자연과학계열,4603396.262922869
2019,영산대학교 _제2캠퍼스,공학계열,2732362.138461538
2019,영산대학교 _제2캠퍼스,예체능계열,3377808.0465798043
2019,영산대학교 _제2캠퍼스,인문사회계열,2838717.2884713053
2019,영산대학교 _제2캠퍼스,자연과학계열,2948003.99026764
2019,영산선학대학교,인문사회계열,3216627.2
2019,예수대학교,인문사회계열,4118221.2
2019,예수대학교,자연과학계열,3718198.7
2019,예원예술대학교,예체능계열,3106973.2178153447
2019,예원예술대학교,인문사회계열,4530952.371428572
2019,예원예술대학교 _제2캠퍼스,예체능계열,2638328.7702564104
2019,용인대학교,예체능계열,3541527.1374893496
2019,용인대학교,인문사회계열,3361853.6088928147
2019,용인대학교,자연과학계열,3070919.727783903
2019,우석대학교,공학계열,2762749.6260416666
2019,우석대학교,예체능계열,3560790.0552154197
2019,우석대학교,의학계열,2754756.0827338127
2019,우석대학교,인문사회계열,3286848.101341223
2019,우석대학교,자연과학계열,3272000.742686397
2019,우송대학교,공학계열,3733534.4236991485
2019,우송대학교,예체능계열,4312614.38828541
2019,우송대학교,인문사회계열,3984780.580584607
2019,우송대학교,자연과학계열,3943857.1483025355
2019,울산과학기술원,공학계열,5915189.053301128
2019,울산과학기술원,인문사회계열,5757890.309752066
2019,울산과학기술원,자연과학계열,5824496.303636364
2019,울산대학교,공학계열,2569131.802184637
2019,울산대학교,예체능계열,3097708.624212272
2019,울산대학교,의학계열,8602481.2
2019,울산대학교,인문사회계열,2121431.1363266227
2019,울산대학교,자연과학계열,3259871.5599784832
2019,원광대학교,공학계열,3644759.5412197993
2019,원광대학교,예체능계열,4098681.858270894
2019,원광대학교,의학계열,2732525.7289241627
2019,원광대학교,인문사회계열,3281212.5154274735
2019,원광대학교,자연과학계열,3417343.749842569
2019,위덕대학교,공학계열,3877552.8880952382
2019,위덕대학교,예체능계열,10433791.988785047
2019,위덕대학교,인문사회계열,3580787.291161867
2019,위덕대학교,자연과학계열,3657903.6681024446
2019,유원대학교,공학계열,3821465.4029503106
2019,유원대학교,예체능계열,5977048.210267857
2019,유원대학교,인문사회계열,4153771.8706719363
2019,유원대학교,자연과학계열,4293827.951035625
2019,을지대학교,의학계열,3771683.2
2019,을지대학교,자연과학계열,3844458.305484461
2019,을지대학교 _제2캠퍼스,공학계열,3309681.354183267
2019,을지대학교 _제2캠퍼스,예체능계열,3402660.458139535
2019,을지대학교 _제2캠퍼스,인문사회계열,3403192.1003252035
2019,을지대학교 _제2캠퍼스,자연과학계열,3396675.656789225
2019,이화여자대학교,공학계열,3512150.768672199
2019,이화여자대학교,예체능계열,2945611.427777778
2019,이화여자대학교,의학계열,4477302.5
2019,이화여자대학교,인문사회계열,3150496.664531498
2019,이화여자대학교,자연과학계열,3528296.5525095295
2019,인제대학교,공학계열,3484521.7091890317
2019,인제대학교,예체능계열,3744733.4291242366
2019,인제대학교,인문사회계열,3294800.9646767927
2019,인제대학교,자연과학계열,3459143.1724857683
2019,인제대학교 _제2캠퍼스,의학계열,1852887.6
2019,인제대학교 _제2캠퍼스,자연과학계열,2814477.3
2019,인천가톨릭대학교,인문사회계열,8768225.0
2019,인천가톨릭대학교 _제2캠퍼스,예체능계열,2994890.7322505796
2019,인천가톨릭대학교 _제2캠퍼스,자연과학계열,3709710.5
2019,인천대학교,공학계열,3057677.8586184354
2019,인천대학교,예체능계열,3030008.1100993375
2019,인천대학교,인문사회계열,3303032.248378672
2019,인천대학교,자연과학계열,2981396.5817901236
2019,인하대학교,공학계열,3048346.3036139794
2019,인하대학교,예체능계열,3799320.6800796813
2019,인하대학교,의학계열,2184857.3
2019,인하대학교,인문사회계열,3096899.6582350307
2019,인하대학교,자연과학계열,2849522.16678099
2019,장로회신학대학교,예체능계열,4065637.7
2019,장로회신학대학교,인문사회계열,4231251.550119904
2019,전남대학교,공학계열,2760078.3907934893
2019,전남대학교,예체능계열,2724057.5477419356
2019,전남대학교,의학계열,2425922.1420168066
2019,전남대학교,인문사회계열,2307645.0770955686
2019,전남대학교,자연과학계열,2601847.4153421167
2019,전남대학교 _제2캠퍼스,공학계열,2720264.14213894
2019,전남대학교 _제2캠퍼스,예체능계열,0.0
2019,전남대학교 _제2캠퍼스,인문사회계열,2648321.2876763875
2019,전남대학교 _제2캠퍼스,자연과학계열,2798266.035603715
2019,전북대학교,공학계열,2776905.1329664993
2019,전북대학교,예체능계열,2920813.627662338
2019,전북대학교,의학계열,3340303.657366363
2019,전북대학교,인문사회계열,2450832.0194429564
2019,전북대학교,자연과학계열,2578745.4602204873
2019,전주교육대학교,인문사회계열,1627066.9455470738
2019,전주대학교,공학계열,3897342.7075258237
2019,전주대학교,예체능계열,4091233.928952505
2019,전주대학교,인문사회계열,3455999.883392716
2019,전주대학교,자연과학계열,3591748.7313310904
2019,정석대학,공학계열,0.0
2019,정석대학,인문사회계열,0.0
2019,제주국제대학교,공학계열,3474512.417
2019,제주국제대학교,예체능계열,3961093.6810185187
2019,제주국제대학교,인문사회계열,3816262.6344827586
2019,제주국제대학교,자연과학계열,3204750.0
2019,제주대학교,공학계열,2953734.0295081967
2019,제주대학교,예체능계열,2864502.586893204
2019,제주대학교,의학계열,2362626.3
2019,제주대학교,인문사회계열,2682873.625915751
2019,제주대학교,자연과학계열,3000999.8069712482
2019,조선대학교,공학계열,3524371.8970845477
2019,조선대학교,예체능계열,4108227.3942655935
2019,조선대학교,의학계열,2333074.377816291
2019,조선대학교,인문사회계열,3439946.855418963
2019,조선대학교,자연과학계열,3297784.0146427318
2019,중부대학교,공학계열,3491428.391550054
2019,중부대학교,예체능계열,3761944.0761997406
2019,중부대학교,인문사회계열,3646084.6061874996
2019,중부대학교,자연과학계열,3674556.615942029
2019,중앙대학교,공학계열,3459953.644609199
2019,중앙대학교,예체능계열,3805756.3081739126
2019,중앙대학교,인문사회계열,2887026.507332054
2019,중앙대학교,자연과학계열,2854920.4553841106
2019,중앙대학교 _제2캠퍼스,공학계열,3288417.7744117645
2019,중앙대학교 _제2캠퍼스,예체능계열,3874538.3953166422
2019,중앙대학교 _제2캠퍼스,인문사회계열,2216131.9724867726
2019,중앙대학교 _제2캠퍼스,자연과학계열,3393985.7364364364
2019,중앙승가대학교,인문사회계열,2246575.863448276
2019,중원대학교,공학계열,3540703.553952206
2019,중원대학교,예체능계열,3620484.766601179
2019,중원대학교,인문사회계열,3957835.4150300603
2019,중원대학교,자연과학계열,3938506.925063291
2019,진주교육대학교,인문사회계열,2443738.7986537023
2019,차의과학대학교,인문사회계열,3604663.2527331193
2019,차의과학대학교,자연과학계열,3479093.281105611
2019,창신대학교,공학계열,3123754.434431138
2019,창신대학교,예체능계열,4085783.9480620157
2019,창신대학교,인문사회계열,3671336.0373297003
2019,창신대학교,자연과학계열,3409362.523033708
2019,청운대학교,공학계열,4016731.4858108107
2019,청운대학교,예체능계열,4869733.078601167
2019,청운대학교,인문사회계열,3905810.3009852213
2019,청운대학교,자연과학계열,3438354.8395569627
2019,청주교육대학교,인문사회계열,1929013.2836802662
2019,청주대학교,공학계열,2979728.969907407
2019,청주대학교,예체능계열,3623201.585244755
2019,청주대학교,인문사회계열,3303696.1261326326
2019,청주대학교,자연과학계열,3650926.353236994
2019,초당대학교,공학계열,4396088.706981132
2019,초당대학교,예체능계열,4000390.284375
2019,초당대학교,인문사회계열,3505069.2938416423
2019,초당대학교,자연과학계열,3789299.7058510636
2019,총신대학교,예체능계열,3445476.4
2019,총신대학교,인문사회계열,4016090.398549724
2019,추계예술대학교,예체능계열,3398064.8503488367
2019,추계예술대학교,인문사회계열,2659654.95942029
2019,춘천교육대학교,인문사회계열,1968019.734074074
2019,충남대학교,공학계열,2527995.8475656183
2019,충남대학교,예체능계열,2925903.009865471
2019,충남대학교,의학계열,3294041.6363793104
2019,충남대학교,인문사회계열,2157034.0140339425
2019,충남대학교,자연과학계열,2393625.6210733526
2019,충북대학교,공학계열,2888379.1335055353
2019,충북대학교,예체능계열,3206371.9438405796
2019,충북대학교,의학계열,2860726.108845209
2019,충북대학교,인문사회계열,2622179.863577982
2019,충북대학교,자연과학계열,2778260.7568187243
2019,칼빈대학교,예체능계열,3663666.6687499997
2019,칼빈대학교,인문사회계열,3342060.1770877945
2019,평택대학교,공학계열,3286762.5095940954
2019,평택대학교,예체능계열,3591513.8502832865
2019,평택대학교,인문사회계열,3671384.9671755726
2019,평택대학교,자연과학계열,3352375.116748768
2019,포항공과대학교,공학계열,5381471.1425196845
2019,포항공과대학교,자연과학계열,6949521.300851064
2019,한경국립대학교,공학계열,2671340.1091713593
2019,한경국립대학교,예체능계열,2920178.30703125
2019,한경국립대학교,인문사회계열,2769218.7148309704
2019,한경국립대학교,자연과학계열,2717169.2395543177
2019,한국공학대학교,공학계열,3898555.487257519
2019,한국공학대학교,예체능계열,4578787.584665227
2019,한국공학대학교,인문사회계열,3283124.919726859
2019,한국과학기술원,공학계열,7117524.1060271375
2019,한국과학기술원,인문사회계열,6538652.3
2019,한국과학기술원,자연과학계열,6857405.15593496
2019,한국교원대학교,공학계열,2003119.5
2019,한국교원대학교,예체능계열,1935661.0164658634
2019,한국교원대학교,인문사회계열,2114139.7824393827
2019,한국교원대학교,자연과학계열,2566524.5542349727
2019,한국국제대학교,공학계열,2603208.5502890176
2019,한국국제대학교,예체능계열,4021226.2615635176
2019,한국국제대학교,인문사회계열,3254113.287878788
2019,한국국제대학교,자연과학계열,3534212.0973372785
2019,한국기술교육대학교,공학계열,1306041.0229261084
2019,한국기술교육대학교,예체능계열,220319.9
2019,한국기술교육대학교,인문사회계열,219028.74177525722
2019,한국기술교육대학교,자연과학계열,179887.3187123148
2019,한국성서대학교,공학계열,4152704.401587302
2019,한국성서대학교,인문사회계열,4786878.994842407
2019,한국성서대학교,자연과학계열,2933146.762135923
2019,한국예술종합학교,공학계열,1845270.1
2019,한국예술종합학교,예체능계열,1959769.8000837169
2019,한국예술종합학교,인문사회계열,2394221.399390244
2019,한국외국어대학교,공학계열,2722448.7842519684
2019,한국외국어대학교,인문사회계열,2544434.7470284062
2019,한국외국어대학교,자연과학계열,2546323.0356669817
2019,한국전통문화대학교,공학계열,1885883.5428571426
2019,한국전통문화대학교,예체능계열,2393130.6
2019,한국전통문화대학교,인문사회계열,2489499.123391813
2019,한국전통문화대학교,자연과학계열,2418374.1
2019,한국체육대학교,예체능계열,2867047.2827373613
2019,한국침례신학대학교,예체능계열,5027794.803539823
2019,한국침례신학대학교,인문사회계열,5281145.122201835
2019,한국항공대학교,공학계열,3151659.458211382
2019,한국항공대학교,인문사회계열,3352589.44789916
2019,한국항공대학교,자연과학계열,3506509.7334816465
2019,한남대학교,공학계열,3300349.819075144
2019,한남대학교,예체능계열,4186126.04556804
2019,한남대학교,인문사회계열,3108244.4021341023
2019,한남대학교,자연과학계열,3305719.7266761772
2019,한동대학교,공학계열,3831434.5624912526
2019,한동대학교,인문사회계열,3712916.8294172497
2019,한동대학교,자연과학계열,3292189.6
2019,한라대학교,공학계열,3596310.857028327
2019,한라대학교,예체능계열,4543900.061111111
2019,한라대학교,인문사회계열,3374970.172179931
2019,한려대학교,공학계열,1902862.5
2019,한려대학교,예체능계열,3875294.608108108
2019,한려대학교,인문사회계열,3293807.4222222227
2019,한려대학교,자연과학계열,2229114.81305638
2019,한림대학교,공학계열,3879455.109773663
2019,한림대학교,예체능계열,4917317.4
2019,한림대학교,의학계열,2330443.0
2019,한림대학교,인문사회계열,3499136.604950495
2019,한림대학교,자연과학계열,3464699.359824476
2019,한서대학교,공학계열,3820230.029723632
2019,한서대학교,예체능계열,3686452.72507353
2019,한서대학교,인문사회계열,3618403.5750654796
2019,한서대학교,자연과학계열,4049704.3587960256
2019,한성대학교,공학계열,3931726.4522515526
2019,한성대학교,예체능계열,3494981.919586777
2019,한성대학교,인문사회계열,3162088.87753898
2019,한세대학교,공학계열,3255119.0092920354
2019,한세대학교,예체능계열,3866566.271500631
2019,한세대학교,인문사회계열,3573583.3796182685
2019,한세대학교,자연과학계열,3626811.0
2019,한신대학교,공학계열,3253754.4717023675
2019,한신대학교,예체능계열,3182471.1
2019,한신대학교,인문사회계열,3318704.7414141414
2019,한신대학교,자연과학계열,3051469.2665929203
2019,한양대학교,공학계열,3634215.675634428
2019,한양대학교,예체능계열,3513023.2199275363
2019,한양대학교,의학계열,2134518.5
2019,한양대학교,인문사회계열,3439260.247835773
2019,한양대학교,자연과학계열,2734645.65111331
2019,한양대학교(ERICA) _분교,공학계열,4000942.8173116087
2019,한양대학교(ERICA) _분교,예체능계열,4146846.32456964
2019,한양대학교(ERICA) _분교,인문사회계열,3521767.5234179245
2019,한양대학교(ERICA) _분교,자연과학계열,3372887.781682243
2019,한일장신대학교,예체능계열,4982205.615492958
2019,한일장신대학교,인문사회계열,4881106.035992579
2019,한일장신대학교,자연과학계열,4215173.0
2019,협성대학교,공학계열,3859494.289423077
2019,협성대학교,예체능계열,3713486.444
2019,협성대학교,인문사회계열,3702337.160903369
2019,협성대학교,자연과학계열,3862640.2469090912
2019,호남대학교,공학계열,3095471.39039548
2019,호남대학교,예체능계열,3817487.435083333
2019,호남대학교,인문사회계열,3189882.485813684
2019,호남대학교,자연과학계열,3715645.94003517
2019,호남신학대학교,예체능계열,3233722.8
2019,호남신학대학교,인문사회계열,4758544.325
2019,호서대학교,공학계열,3238058.582430647
2019,호서대학교,예체능계열,3766221.3103880594
2019,호서대학교,인문사회계열,3366703.062117061
2019,호서대학교,자연과학계열,3682384.1006093435
2019,호원대학교,공학계열,4182152.683963134
2019,호원대학교,예체능계열,4129489.958548168
2019,호원대학교,인문사회계열,4469956.209261745
2019,호원대학교,자연과학계열,4198718.546477495
2019,홍익대학교,공학계열,3968929.024328276
2019,홍익대학교,예체능계열,3370192.7179533867
2019,홍익대학교,인문사회계열,4116316.9838000527
2019,홍익대학교,자연과학계열,4947527.8
2019,홍익대학교 _제2캠퍼스,공학계열,4011715.4430707074
2019,홍익대학교 _제2캠퍼스,예체능계열,4808880.09640365
2019,홍익대학교 _제2캠퍼스,인문사회계열,3933902.2834722223
2019,화성의과학대학교,공학계열,1656275.5771428572
2019,화성의과학대학교,예체능계열,2240686.7100840337
2019,화성의과학대학교,인문사회계열,2090338.1452830187
2019,화성의과학대학교,자연과학계열,1736977.7405940595
2020,가야대학교(김해),예체능계열,3612699.6
2020,가야대학교(김해),인문사회계열,3363566.2917142855
2020,가야대학교(김해),자연과학계열,3538561.738646616
2020,가천대학교,공학계열,3186562.998527272
2020,가천대학교,예체능계열,3708180.126714602
2020,가천대학교,의학계열,8789496.991935484
2020,가천대학교,인문사회계열,2927260.690103874
2020,가천대학교,자연과학계열,3682108.3035355075
2020,가톨릭관동대학교,공학계열,3208921.8547517727
2020,가톨릭관동대학교,예체능계열,3980098.9851005482
2020,가톨릭관동대학교,의학계열,2377828.2
2020,가톨릭관동대학교,인문사회계열,3330891.9042657916
2020,가톨릭관동대학교,자연과학계열,3302780.3975945017
2020,가톨릭꽃동네대학교,인문사회계열,5027322.2727272725
2020,가톨릭꽃동네대학교,자연과학계열,4555054.1
2020,가톨릭대학교,공학계열,3518308.471690141
2020,가톨릭대학교,예체능계열,3078345.3000000003
2020,가톨릭대학교,인문사회계열,3124580.102779846
2020,가톨릭대학교,자연과학계열,3118785.175390946
2020,가톨릭대학교 _제2캠퍼스,의학계열,2580394.7
2020,가톨릭대학교 _제2캠퍼스,자연과학계열,2875923.2698529405
2020,가톨릭대학교 _제3캠퍼스,인문사회계열,6480386.0
2020,감리교신학대학교,인문사회계열,3889025.585876418
2020,강남대학교,공학계열,3599157.7913167262
2020,강남대학교,예체능계열,3728252.9796264856
2020,강남대학교,인문사회계열,3180209.654335091
2020,강남대학교,자연과학계열,2394577.8
2020,강서대학교,공학계열,400000.0
2020,강서대학교,예체능계열,4453652.541509435
2020,강서대학교,인문사회계열,3284742.130979979
2020,강서대학교,자연과학계열,3870659.9339285716
2020,강원대학교,공학계열,2824056.7466455693
2020,강원대학교,예체능계열,2947592.879379845
2020,강원대학교,의학계열,2326209.2
2020,강원대학교,인문사회계열,2565337.7236826043
2020,강원대학교,자연과학계열,2674523.643906693
2020,강원대학교 _제2캠퍼스,공학계열,2861907.633648393
2020,강원대학교 _제2캠퍼스,예체능계열,3049535.415782313
2020,강원대학교 _제2캠퍼스,인문사회계열,2768687.6227902025
2020,강원대학교 _제2캠퍼스,자연과학계열,3879204.592823713
2020,건국대학교,공학계열,3461565.784986439
2020,건국대학교,예체능계열,3391203.370930969
2020,건국대학교,의학계열,3690378.0
2020,건국대학교,인문사회계열,2880759.1218990306
2020,건국대학교,자연과학계열,3191555.004259259
2020,건국대학교(글로컬) _분교,공학계열,3584817.990633609
2020,건국대학교(글로컬) _분교,예체능계열,3978685.295517868
2020,건국대학교(글로컬) _분교,인문사회계열,3736928.9182876456
2020,건국대학교(글로컬) _분교,자연과학계열,3735242.5578431375
2020,건양대학교,공학계열,3979281.594704993
2020,건양대학교,예체능계열,4188959.450555555
2020,건양대학교,인문사회계열,3704793.7971229698
2020,건양대학교,자연과학계열,4066739.896815287
2020,건양대학교 _제2캠퍼스,공학계열,3944683.4452261305
2020,건양대학교 _제2캠퍼스,의학계열,2736933.3
2020,건양대학교 _제2캠퍼스,인문사회계열,3176332.875428571
2020,건양대학교 _제2캠퍼스,자연과학계열,3592944.2351904092
2020,경기대학교,공학계열,3428925.8622407923
2020,경기대학교,예체능계열,4010452.3562586927
2020,경기대학교,인문사회계열,3479427.1459235987
2020,경기대학교,자연과학계열,3748406.974329502
2020,경기대학교 _제2캠퍼스,예체능계열,3977258.7184615387
2020,경기대학교 _제2캠퍼스,인문사회계열,3493778.632574568
2020,경기대학교 _제2캠퍼스,자연과학계열,3340744.95323741
2020,경남과학기술대학교,공학계열,2779342.5252403845
2020,경남과학기술대학교,예체능계열,3027054.4966666666
2020,경남과학기술대학교,인문사회계열,2712315.1074160812
2020,경남과학기술대학교,자연과학계열,2946019.021626016
2020,경남대학교,공학계열,3119188.0577335856
2020,경남대학교,예체능계열,4133333.6132411067
2020,경남대학교,인문사회계열,3104470.268191552
2020,경남대학교,자연과학계열,3576174.806556292
2020,경동대학교,공학계열,3211506.351639344
2020,경동대학교,예체능계열,4969920.0
2020,경동대학교,인문사회계열,3479948.1435869564
2020,경동대학교,자연과학계열,3402329.830215827
2020,경동대학교 _제3캠퍼스,인문사회계열,2777546.242542787
2020,경동대학교 _제3캠퍼스,자연과학계열,3088694.331854155
2020,경동대학교 _제4캠퍼스,공학계열,2975584.7948783613
2020,경동대학교 _제4캠퍼스,예체능계열,3391926.399190283
2020,경동대학교 _제4캠퍼스,인문사회계열,2980011.0163779524
2020,경동대학교 _제4캠퍼스,자연과학계열,2911082.9755102037
2020,경북대학교,공학계열,3008535.3981283796
2020,경북대학교,예체능계열,3024208.3309288537
2020,경북대학교,의학계열,2710029.004008909
2020,경북대학교,인문사회계열,2420568.476150762
2020,경북대학교,자연과학계열,2761073.0987257985
2020,경상국립대학교,공학계열,2772682.6949373432
2020,경상국립대학교,예체능계열,2476812.606868132
2020,경상국립대학교,의학계열,3833226.089453125
2020,경상국립대학교,인문사회계열,2454168.9743076926
2020,경상국립대학교,자연과학계열,2853104.5079029547
2020,경성대학교,공학계열,3779214.594397759
2020,경성대학교,예체능계열,4240367.597351301
2020,경성대학교,인문사회계열,3164785.3590040333
2020,경성대학교,자연과학계열,3568549.950622084
2020,경운대학교,공학계열,4930794.207985348
2020,경운대학교,예체능계열,5233279.981882352
2020,경운대학교,인문사회계열,3707288.6697674417
2020,경운대학교,자연과학계열,3914343.3325993884
2020,경인교육대학교,인문사회계열,2300604.79484375
2020,경인교육대학교 _제2캠퍼스,인문사회계열,2157776.7033503274
2020,경일대학교,공학계열,3829762.9266729206
2020,경일대학교,예체능계열,4193302.9387589926
2020,경일대학교,인문사회계열,3144534.812623574
2020,경일대학교,자연과학계열,4186355.0572938686
2020,경희대학교,공학계열,3217317.8569403826
2020,경희대학교,예체능계열,3615811.662568895
2020,경희대학교,의학계열,2701808.310794473
2020,경희대학교,인문사회계열,2829801.9191656755
2020,경희대학교,자연과학계열,3109083.2134396853
2020,계명대학교,공학계열,4097179.6527605713
2020,계명대학교,예체능계열,4354930.651403762
2020,계명대학교,의학계열,3265153.5
2020,계명대학교,인문사회계열,3785681.9362930614
2020,계명대학교,자연과학계열,4147582.27902834
2020,고려대학교,공학계열,3704208.4065960734
2020,고려대학교,예체능계열,4256175.523786408
2020,고려대학교,의학계열,3512871.1
2020,고려대학교,인문사회계열,3033588.5379237677
2020,고려대학교,자연과학계열,3218772.3248467967
2020,고려대학교(세종) _분교,공학계열,3522290.2932481756
2020,고려대학교(세종) _분교,예체능계열,3860629.1459905664
2020,고려대학교(세종) _분교,인문사회계열,3478393.2714147284
2020,고려대학교(세종) _분교,자연과학계열,3574804.7660902976
2020,고신대학교,예체능계열,4553119.287041565
2020,고신대학교,의학계열,1785523.3000000003
2020,고신대학교,인문사회계열,4197926.959123223
2020,고신대학교,자연과학계열,3547555.0893009985
2020,공주교육대학교,인문사회계열,2174445.6455375967
2020,광신대학교,예체능계열,4489709.352336449
2020,광신대학교,인문사회계열,4329325.009844559
2020,광운대학교,공학계열,3185273.3446845505
2020,광운대학교,예체능계열,5031367.068965517
2020,광운대학교,인문사회계열,2631219.45128519
2020,광운대학교,자연과학계열,3282738.074354243
2020,광주가톨릭대학교,인문사회계열,137640.4
2020,광주과학기술원,공학계열,7641389.050803859
2020,광주과학기술원,자연과학계열,6829650.508247422
2020,광주교육대학교,인문사회계열,3131623.576945886
2020,광주대학교,공학계열,3912935.432556391
2020,광주대학교,예체능계열,4241070.061060948
2020,광주대학교,인문사회계열,3968463.083058338
2020,광주대학교,자연과학계열,4196691.441243524
2020,광주여자대학교,예체능계열,4531963.008864697
2020,광주여자대학교,인문사회계열,4154298.970287958
2020,광주여자대학교,자연과학계열,4446159.017936615
2020,국립강릉원주대학교,공학계열,2999545.3203000003
2020,국립강릉원주대학교,예체능계열,3817790.1886021504
2020,국립강릉원주대학교,의학계열,3059406.6
2020,국립강릉원주대학교,인문사회계열,2679756.5537911304
2020,국립강릉원주대학교,자연과학계열,3082518.266180443
2020,국립강릉원주대학교 _제2캠퍼스,공학계열,3114147.6841230257
2020,국립강릉원주대학교 _제2캠퍼스,인문사회계열,3147362.729411765
2020,국립강릉원주대학교 _제2캠퍼스,자연과학계열,2955809.6
2020,국립경국대학교,공학계열,3137609.0700593335
2020,국립경국대학교,예체능계열,3485693.7630303027
2020,국립경국대학교,인문사회계열,3043052.3296642816
2020,국립경국대학교,자연과학계열,3118931.754399388
2020,국립공주대학교,공학계열,2387339.1221625255
2020,국립공주대학교,예체능계열,2959289.828956229
2020,국립공주대학교,인문사회계열,2457565.909796999
2020,국립공주대학교,자연과학계열,2783238.927109464
2020,국립군산대학교,공학계열,2883045.0569295683
2020,국립군산대학교,예체능계열,3069345.813053613
2020,국립군산대학교,인문사회계열,2548395.009853842
2020,국립군산대학교,자연과학계열,2785202.9009544784
2020,국립금오공과대학교,공학계열,2845648.1193816885
2020,국립금오공과대학교,인문사회계열,3119102.6
2020,국립금오공과대학교,자연과학계열,2455937.6
2020,국립목포대학교,공학계열,3328583.22894159
2020,국립목포대학교,예체능계열,3210062.5635658912
2020,국립목포대학교,인문사회계열,2915484.71297129
2020,국립목포대학교,자연과학계열,3090056.6750985547
2020,국립목포해양대학교,공학계열,2239304.315292712
2020,국립부경대학교,공학계열,2836718.119063181
2020,국립부경대학교,예체능계열,2710346.23480663
2020,국립부경대학교,인문사회계열,2416993.7871830706
2020,국립부경대학교,자연과학계열,2712766.8032056005
2020,국립순천대학교,공학계열,3124980.330964153
2020,국립순천대학교,예체능계열,3146886.636680328
2020,국립순천대학교,인문사회계열,2575191.59347064
2020,국립순천대학교,자연과학계열,2905319.431641791
2020,국립창원대학교,공학계열,2909379.249858928
2020,국립창원대학교,예체능계열,3190107.7945636627
2020,국립창원대학교,인문사회계열,2480698.772391702
2020,국립창원대학교,자연과학계열,2919172.97535545
2020,국립한국교통대학교,공학계열,2778571.77674953
2020,국립한국교통대학교,예체능계열,3438611.0204663207
2020,국립한국교통대학교,인문사회계열,2883293.7752109705
2020,국립한국교통대학교,자연과학계열,3004474.731387808
2020,국립한국해양대학교,공학계열,2366240.458693002
2020,국립한국해양대학교,예체능계열,2866116.0
2020,국립한국해양대학교,인문사회계열,2237824.9024362606
2020,국립한국해양대학교,자연과학계열,2659120.7406593408
2020,국립한밭대학교,공학계열,2699131.8388539045
2020,국립한밭대학교,예체능계열,3232481.6824104236
2020,국립한밭대학교,인문사회계열,2304629.0740474476
2020,국립한밭대학교,자연과학계열,3285465.981747573
2020,국민대학교,공학계열,3687075.281719343
2020,국민대학교,예체능계열,3262873.1224596775
2020,국민대학교,인문사회계열,3279532.798977418
2020,국민대학교,자연과학계열,3581601.8256035117
2020,극동대학교,공학계열,3914445.251136364
2020,극동대학교,예체능계열,3941366.352332361
2020,극동대학교,인문사회계열,3381131.4464416057
2020,극동대학교,자연과학계열,4061892.43340249
2020,금강대학교,인문사회계열,6780447.026388889
2020,김천대학교,공학계열,3385615.83172043
2020,김천대학교,예체능계열,4625483.282
2020,김천대학교,인문사회계열,3807896.3869565213
2020,김천대학교,자연과학계열,3382955.493466054
2020,나사렛대학교,공학계열,3519343.1607843135
2020,나사렛대학교,예체능계열,4432485.627460318
2020,나사렛대학교,인문사회계열,4064262.2345111896
2020,나사렛대학교,자연과학계열,4554629.3374015745
2020,남부대학교,공학계열,3654626.0910891094
2020,남부대학교,예체능계열,4709301.797478992
2020,남부대학교,인문사회계열,3846829.2141566263
2020,남부대학교,자연과학계열,3696537.4922085204
2020,남서울대학교,공학계열,3399281.470212766
2020,남서울대학교,예체능계열,4144697.9652918777
2020,남서울대학교,인문사회계열,3528762.6893628365
2020,남서울대학교,자연과학계열,4314161.240711744
2020,단국대학교,공학계열,3088235.124017117
2020,단국대학교,예체능계열,3482513.509645555
2020,단국대학교,인문사회계열,3039380.018628146
2020,단국대학교,자연과학계열,3070799.7203999995
2020,단국대학교 _제2캠퍼스,공학계열,3154410.1640967503
2020,단국대학교 _제2캠퍼스,예체능계열,3697474.4996582363
2020,단국대학교 _제2캠퍼스,의학계열,2487725.862642369
2020,단국대학교 _제2캠퍼스,인문사회계열,3060356.501102941
2020,단국대학교 _제2캠퍼스,자연과학계열,3261053.4617868415
2020,대구가톨릭대학교,공학계열,3845292.68525926
2020,대구가톨릭대학교,예체능계열,4014669.573255814
2020,대구가톨릭대학교,의학계열,2349422.8
2020,대구가톨릭대학교,인문사회계열,3613789.3138483376
2020,대구가톨릭대학교,자연과학계열,3997858.4948586994
2020,대구경북과학기술원,자연과학계열,2666805.4
2020,대구교육대학교,인문사회계열,2142633.8672211953
2020,대구대학교,공학계열,3684168.7765594223
2020,대구대학교,예체능계열,4046391.3987162164
2020,대구대학교,인문사회계열,3675092.6956803966
2020,대구대학교,자연과학계열,4013821.6544361305
2020,대구예술대학교,예체능계열,3824215.960918253
2020,대구예술대학교,자연과학계열,4113136.5999999996
2020,대구한의대학교,공학계열,4000339.346980854
2020,대구한의대학교,예체능계열,4173588.438489871
2020,대구한의대학교,의학계열,2082995.5
2020,대구한의대학교,인문사회계열,3611609.830155875
2020,대구한의대학교,자연과학계열,3881192.943877961
2020,대신대학교,예체능계열,4874294.27079646
2020,대신대학교,인문사회계열,5148265.120805369
2020,대전가톨릭대학교,인문사회계열,5129203.0
2020,대전대학교,공학계열,3359470.5260177823
2020,대전대학교,예체능계열,3991018.3384485673
2020,대전대학교,의학계열,2463992.8
2020,대전대학교,인문사회계열,3595052.0245255115
2020,대전대학교,자연과학계열,3558145.230239705
2020,대전신학대학교,인문사회계열,6490894.0
2020,대진대학교,공학계열,4024911.688915206
2020,대진대학교,예체능계열,4015294.130952381
2020,대진대학교,인문사회계열,3717266.192387543
2020,대진대학교,자연과학계열,4287841.862822252
2020,덕성여자대학교,공학계열,2987199.9378873236
2020,덕성여자대학교,예체능계열,3482895.3623167155
2020,덕성여자대학교,인문사회계열,2950893.2888998683
2020,덕성여자대학교,자연과학계열,2863044.8809384163
2020,동국대학교,공학계열,3227900.0243922425
2020,동국대학교,예체능계열,3923217.995750988
2020,동국대학교,인문사회계열,3261198.0798730245
2020,동국대학교,자연과학계열,3231694.6362807015
2020,동국대학교(WISE) _분교,공학계열,3466542.8141984735
2020,동국대학교(WISE) _분교,예체능계열,4913044.742946058
2020,동국대학교(WISE) _분교,의학계열,2455316.9942693408
2020,동국대학교(WISE) _분교,인문사회계열,3816528.978412538
2020,동국대학교(WISE) _분교,자연과학계열,3694394.290165165
2020,동덕여자대학교,공학계열,3072928.9319796953
2020,동덕여자대학교,예체능계열,3537005.234947183
2020,동덕여자대학교,인문사회계열,3036305.1882392247
2020,동덕여자대학교,자연과학계열,3103142.2711065575
2020,동명대학교,공학계열,4273500.958451341
2020,동명대학교,예체능계열,4267459.50137741
2020,동명대학교,인문사회계열,3715767.7956173914
2020,동명대학교,자연과학계열,4492573.620820189
2020,동서대학교,공학계열,3776299.3745614034
2020,동서대학교,예체능계열,3844303.9366809884
2020,동서대학교,인문사회계열,3512941.102775142
2020,동서대학교,자연과학계열,4126223.885677749
2020,동신대학교,공학계열,4102538.965846599
2020,동신대학교,예체능계열,4470150.535180723
2020,동신대학교,의학계열,3251051.0
2020,동신대학교,인문사회계열,3763084.658646245
2020,동신대학교,자연과학계열,4173575.5284399227
2020,동아대학교,공학계열,3563656.289634376
2020,동아대학교,예체능계열,4308545.2083693305
2020,동아대학교,의학계열,2635005.2
2020,동아대학교,인문사회계열,3127342.571325981
2020,동아대학교,자연과학계열,3378065.054571949
2020,동양대학교,공학계열,3012546.6157349893
2020,동양대학교,예체능계열,3629416.704471545
2020,동양대학교,인문사회계열,2759387.4612181955
2020,동양대학교,자연과학계열,4059073.5
2020,동의대학교,공학계열,3915891.288951741
2020,동의대학교,예체능계열,4342772.21648
2020,동의대학교,의학계열,3441659.5
2020,동의대학교,인문사회계열,3327804.106140664
2020,동의대학교,자연과학계열,3760134.532340195
2020,루터대학교,인문사회계열,3887833.2813370475
2020,명지대학교,공학계열,3552345.461072939
2020,명지대학교,예체능계열,3970021.5676404494
2020,명지대학교,인문사회계열,2643405.8
2020,명지대학교,자연과학계열,3585340.331311707
2020,명지대학교 _제2캠퍼스,공학계열,3578807.5024096384
2020,명지대학교 _제2캠퍼스,예체능계열,2923035.7214285713
2020,명지대학교 _제2캠퍼스,인문사회계열,3189991.4814159293
2020,목원대학교,공학계열,3948145.6004447737
2020,목원대학교,예체능계열,4417935.649200968
2020,목원대학교,인문사회계열,3820174.3697536644
2020,목원대학교,자연과학계열,3726506.0202937247
2020,목포가톨릭대학교,인문사회계열,4820455.333070867
2020,목포가톨릭대학교,자연과학계열,4458798.2
2020,배재대학교,공학계열,3696407.6468497575
2020,배재대학교,예체능계열,4529702.71305483
2020,배재대학교,인문사회계열,3521804.4011811023
2020,배재대학교,자연과학계열,3762938.5854204474
2020,백석대학교,공학계열,3435107.9
2020,백석대학교,예체능계열,3762872.938328757
2020,백석대학교,인문사회계열,3770395.9036870203
2020,백석대학교,자연과학계열,3956001.4923545704
2020,부산가톨릭대학교,공학계열,3879102.4298550724
2020,부산가톨릭대학교,인문사회계열,3462301.9594237693
2020,부산가톨릭대학교,자연과학계열,4324680.949581749
2020,부산교육대학교,인문사회계열,2052808.463887065
2020,부산대학교,공학계열,2996107.209875092
2020,부산대학교,예체능계열,3078378.6548257372
2020,부산대학교,의학계열,3238686.2
2020,부산대학교,인문사회계열,2680111.7458525347
2020,부산대학교,자연과학계열,2786653.7248664293
2020,부산외국어대학교,공학계열,3245586.6393382354
2020,부산외국어대학교,예체능계열,3499067.136178862
2020,부산외국어대학교,인문사회계열,3049570.258659869
2020,부산장신대학교,인문사회계열,5330539.495412844
2020,삼육대학교,공학계열,3792008.9684722223
2020,삼육대학교,예체능계열,4196064.437631579
2020,삼육대학교,인문사회계열,4040145.0141288065
2020,삼육대학교,자연과학계열,3806248.121741425
2020,상명대학교,공학계열,3663273.995170068
2020,상명대학교,예체능계열,3669682.032958802
2020,상명대학교,인문사회계열,3244064.241421992
2020,상명대학교,자연과학계열,3262255.1792592593
2020,상명대학교 _제2캠퍼스,공학계열,3648507.3971962617
2020,상명대학교 _제2캠퍼스,예체능계열,3826673.8316062177
2020,상명대학교 _제2캠퍼스,인문사회계열,3409231.7686773255
2020,상명대학교 _제2캠퍼스,자연과학계열,3551471.1130232555
2020,상지대학교,공학계열,3011268.111850312
2020,상지대학교,예체능계열,3972664.0782863847
2020,상지대학교,의학계열,2466305.1
2020,상지대학교,인문사회계열,3018868.625696158
2020,상지대학교,자연과학계열,3149681.9774815654
2020,서강대학교,공학계열,3140512.8823430496
2020,서강대학교,인문사회계열,2475274.390041106
2020,서강대학교,자연과학계열,2957784.411583924
2020,서경대학교,공학계열,3248929.6983017637
2020,서경대학교,예체능계열,3574000.7433962263
2020,서경대학교,인문사회계열,3201075.404249872
2020,서경대학교,자연과학계열,3431710.0002849
2020,서울과학기술대학교,공학계열,3201447.802077195
2020,서울과학기술대학교,예체능계열,2938103.847449393
2020,서울과학기술대학교,인문사회계열,3255610.8347237883
2020,서울과학기술대학교,자연과학계열,3272273.4252854814
2020,서울교육대학교,인문사회계열,1793514.6178919973
2020,서울기독대학교,예체능계열,3544829.374576271
2020,서울기독대학교,인문사회계열,3425743.1425087107
2020,서울대학교,공학계열,3377741.0944200777
2020,서울대학교,예체능계열,3623357.4543262413
2020,서울대학교,의학계열,4093775.0623115576
2020,서울대학교,인문사회계열,2858724.0418644594
2020,서울대학교,자연과학계열,3614170.7838151925
2020,서울시립대학교,공학계열,1899102.8698095237
2020,서울시립대학교,예체능계열,1651449.7940438872
2020,서울시립대학교,인문사회계열,1674254.9861819032
2020,서울시립대학교,자연과학계열,1855738.7545571246
2020,서울신학대학교,예체능계열,4906492.245915493
2020,서울신학대학교,인문사회계열,4586899.628837472
2020,서울여자대학교,공학계열,3951785.139066059
2020,서울여자대학교,예체능계열,3656047.0129679143
2020,서울여자대학교,인문사회계열,3396752.870205035
2020,서울여자대학교,자연과학계열,3693418.602095376
2020,서울장신대학교,예체능계열,4324115.9
2020,서울장신대학교,인문사회계열,4829291.722459893
2020,서울한영대학교,예체능계열,3963493.1213114755
2020,서울한영대학교,인문사회계열,3996201.1672240803
2020,서원대학교,공학계열,3552314.92176781
2020,서원대학교,예체능계열,3875247.7303713528
2020,서원대학교,인문사회계열,3810099.724992
2020,서원대학교,자연과학계열,3649599.3733452596
2020,선문대학교,공학계열,3394056.214052185
2020,선문대학교,예체능계열,4481649.025303644
2020,선문대학교,인문사회계열,4217694.376717924
2020,선문대학교,자연과학계열,4391439.178800676
2020,성결대학교,공학계열,3730564.4994479497
2020,성결대학교,예체능계열,3567632.6341685653
2020,성결대학교,인문사회계열,3225597.25399206
2020,성공회대학교,공학계열,3995900.732542373
2020,성공회대학교,예체능계열,4952953.3
2020,성공회대학교,인문사회계열,3868559.166890882
2020,성균관대학교,공학계열,3697982.5524010556
2020,성균관대학교,예체능계열,3242039.048171701
2020,성균관대학교,의학계열,5882255.8
2020,성균관대학교,인문사회계열,2721080.901324286
2020,성균관대학교,자연과학계열,3415041.7048915355
2020,성신여자대학교,공학계열,4260187.34378882
2020,성신여자대학교,예체능계열,3947886.6855289424
2020,성신여자대학교,인문사회계열,3387468.6064742785
2020,성신여자대학교,자연과학계열,3808180.0915671117
2020,세명대학교,공학계열,3428675.635976789
2020,세명대학교,예체능계열,3984594.078779841
2020,세명대학교,의학계열,3584984.5
2020,세명대학교,인문사회계열,3755181.6021419014
2020,세명대학교,자연과학계열,3916441.859055118
2020,세종대학교,공학계열,3320453.6668281276
2020,세종대학교,예체능계열,3349598.123783784
2020,세종대학교,인문사회계열,2917224.832861111
2020,세종대학교,자연과학계열,3207917.3012820515
2020,세한대학교,공학계열,2532797.580779944
2020,세한대학교,예체능계열,3191757.3377467105
2020,세한대학교,인문사회계열,2871739.1214337437
2020,세한대학교,자연과학계열,3583539.6757201646
2020,송원대학교,공학계열,3755796.2672496024
2020,송원대학교,예체능계열,2823407.307079646
2020,송원대학교,인문사회계열,3600927.526320501
2020,송원대학교,자연과학계열,3625237.137516689
2020,수원가톨릭대학교,인문사회계열,8637605.6
2020,수원대학교,공학계열,3529701.6020351844
2020,수원대학교,예체능계열,3830693.1932567433
2020,수원대학교,인문사회계열,2809865.5559455585
2020,수원대학교,자연과학계열,3382421.1348066297
2020,숙명여자대학교,공학계열,3777201.034929758
2020,숙명여자대학교,예체능계열,3360708.4952883264
2020,숙명여자대학교,인문사회계열,3245967.464891519
2020,숙명여자대학교,자연과학계열,2881648.0972713865
2020,순복음총회신학교,예체능계열,4977510.3068965515
2020,순복음총회신학교,인문사회계열,3736059.405940594
2020,순천향대학교,공학계열,4333702.91976131
2020,순천향대학교,예체능계열,4006957.0102643855
2020,순천향대학교,의학계열,2687421.1
2020,순천향대학교,인문사회계열,4103449.680873762
2020,순천향대학교,자연과학계열,3627251.726040658
2020,숭실대학교,공학계열,3256536.5807274086
2020,숭실대학교,예체능계열,3721836.929230769
2020,숭실대학교,인문사회계열,3225849.9799768184
2020,숭실대학교,자연과학계열,2626419.5878241262
2020,신경주대학교,공학계열,5006278.784848485
2020,신경주대학교,예체능계열,4419257.796875
2020,신경주대학교,인문사회계열,3043659.3896253603
2020,신경주대학교,자연과학계열,3146159.2094850955
2020,신라대학교,공학계열,3532185.537139423
2020,신라대학교,예체능계열,3268571.3686114354
2020,신라대학교,인문사회계열,3276089.9845177666
2020,신라대학교,자연과학계열,3668075.3252678006
2020,신한대학교,공학계열,3721991.4326923075
2020,신한대학교,인문사회계열,3277061.2
2020,신한대학교,자연과학계열,4598333.1
2020,신한대학교 _제2캠퍼스,공학계열,3449882.363888889
2020,신한대학교 _제2캠퍼스,예체능계열,3989083.582890856
2020,신한대학교 _제2캠퍼스,인문사회계열,3577876.362031835
2020,신한대학교 _제2캠퍼스,자연과학계열,3986398.945317919
2020,아신대학교,인문사회계열,5063435.464715719
2020,아주대학교,공학계열,3104023.9759813845
2020,아주대학교,예체능계열,5904181.1
2020,아주대학교,의학계열,4608704.957364341
2020,아주대학교,인문사회계열,2903057.6729570637
2020,아주대학교,자연과학계열,3386634.0148337595
2020,안양대학교,공학계열,3918201.399374022
2020,안양대학교,예체능계열,2841222.670588235
2020,안양대학교,인문사회계열,3498997.4328774614
2020,안양대학교,자연과학계열,3004935.562352941
2020,안양대학교 _제2캠퍼스,공학계열,3033129.3919540234
2020,안양대학교 _제2캠퍼스,인문사회계열,3115310.532116788
2020,연세대학교,공학계열,3384782.9804883664
2020,연세대학교,예체능계열,4581894.72305296
2020,연세대학교,의학계열,4023399.6919028335
2020,연세대학교,인문사회계열,3433416.514319349
2020,연세대학교,자연과학계열,3416977.392655367
2020,연세대학교(미래) _분교,공학계열,3471422.8173076925
2020,연세대학교(미래) _분교,예체능계열,3263369.4958333336
2020,연세대학교(미래) _분교,의학계열,2508555.2
2020,연세대학교(미래) _분교,인문사회계열,3167983.483143865
2020,연세대학교(미래) _분교,자연과학계열,3305508.4952062434
2020,영남대학교,공학계열,3701003.8363750195
2020,영남대학교,예체능계열,4570006.140799158
2020,영남대학교,의학계열,2996936.5
2020,영남대학교,인문사회계열,3507080.189673115
2020,영남대학교,자연과학계열,3843611.1797105907
2020,영남신학대학교,인문사회계열,4367898.215777777
2020,영산대학교,공학계열,3274620.9610526315
2020,영산대학교,예체능계열,4249507.236032389
2020,영산대학교,인문사회계열,2583651.542105263
2020,영산대학교,자연과학계열,4724887.623350924
2020,영산대학교 _제2캠퍼스,공학계열,2373675.753012048
2020,영산대학교 _제2캠퍼스,예체능계열,3498648.542857143
2020,영산대학교 _제2캠퍼스,인문사회계열,2905376.8704569605
2020,영산대학교 _제2캠퍼스,자연과학계열,3324014.105576208
2020,영산선학대학교,인문사회계열,3198733.3
2020,예수대학교,인문사회계열,4058983.1
2020,예수대학교,자연과학계열,3680558.5
2020,예원예술대학교,예체능계열,3212867.7679657796
2020,예원예술대학교,인문사회계열,4320833.333333333
2020,예원예술대학교 _제2캠퍼스,예체능계열,2771348.6244094493
2020,용인대학교,예체능계열,3349621.2160081347
2020,용인대학교,인문사회계열,3073721.059143731
2020,용인대학교,자연과학계열,2845236.41985899
2020,우석대학교,공학계열,3003869.646650999
2020,우석대학교,예체능계열,3620240.867089947
2020,우석대학교,의학계열,2757152.3729323307
2020,우석대학교,인문사회계열,3273188.5957454965
2020,우석대학교,자연과학계열,3571998.1253370787
2020,우송대학교,공학계열,3684024.0714023826
2020,우송대학교,예체능계열,4121777.4333693306
2020,우송대학교,인문사회계열,3858693.7581107677
2020,우송대학교,자연과학계열,3790438.206776004
2020,울산과학기술원,공학계열,5707348.027002477
2020,울산과학기술원,인문사회계열,5998269.162911612
2020,울산과학기술원,자연과학계열,5737326.901769911
2020,울산대학교,공학계열,2895338.953977677
2020,울산대학교,예체능계열,3595918.328687857
2020,울산대학교,의학계열,8225208.9
2020,울산대학교,인문사회계열,2304749.338090737
2020,울산대학교,자연과학계열,3494912.4688789737
2020,원광대학교,공학계열,3766999.9643071056
2020,원광대학교,예체능계열,4253365.688373531
2020,원광대학교,의학계열,2839117.309027169
2020,원광대학교,인문사회계열,3451186.4769215332
2020,원광대학교,자연과학계열,3647998.9336325745
2020,위덕대학교,공학계열,3918314.2850899748
2020,위덕대학교,예체능계열,1922096.1144067796
2020,위덕대학교,인문사회계열,3723333.453400504
2020,위덕대학교,자연과학계열,3741064.086168911
2020,유원대학교,공학계열,3766654.2708074534
2020,유원대학교,예체능계열,4306441.674000001
2020,유원대학교,인문사회계열,3656362.674526156
2020,유원대학교,자연과학계열,4247797.614735099
2020,을지대학교,의학계열,3843055.3
2020,을지대학교,자연과학계열,3672317.623021583
2020,을지대학교 _제2캠퍼스,공학계열,3055564.7508090613
2020,을지대학교 _제2캠퍼스,예체능계열,3425080.815498155
2020,을지대학교 _제2캠퍼스,인문사회계열,3329053.886930091
2020,을지대학교 _제2캠퍼스,자연과학계열,3339264.5970222387
2020,이화여자대학교,공학계열,3646423.2741811173
2020,이화여자대학교,예체능계열,3103901.65210547
2020,이화여자대학교,의학계열,4703314.8
2020,이화여자대학교,인문사회계열,3156202.009036976
2020,이화여자대학교,자연과학계열,3458711.165248
2020,인제대학교,공학계열,3595168.8598958333
2020,인제대학교,예체능계열,3934541.2967479676
2020,인제대학교,의학계열,2244543.6
2020,인제대학교,인문사회계열,3248764.3365250966
2020,인제대학교,자연과학계열,3575273.5472762645
2020,인천가톨릭대학교,인문사회계열,7930421.9
2020,인천가톨릭대학교 _제2캠퍼스,예체능계열,3289437.468139535
2020,인천가톨릭대학교 _제2캠퍼스,인문사회계열,3717277.3
2020,인천가톨릭대학교 _제2캠퍼스,자연과학계열,3570831.7
2020,인천대학교,공학계열,3256712.658461538
2020,인천대학교,예체능계열,3284904.339585062
2020,인천대학교,인문사회계열,3346734.8760409853
2020,인천대학교,자연과학계열,3070618.870995671
2020,인하대학교,공학계열,3183752.3694104864
2020,인하대학교,예체능계열,3664533.75006435
2020,인하대학교,의학계열,2376794.2
2020,인하대학교,인문사회계열,3336989.215840096
2020,인하대학교,자연과학계열,2887722.996931589
2020,장로회신학대학교,예체능계열,4444935.8
2020,장로회신학대학교,인문사회계열,4444773.449213483
2020,전남대학교,공학계열,2922209.790263225
2020,전남대학교,예체능계열,2885721.9836065574
2020,전남대학교,의학계열,2757461.316527778
2020,전남대학교,인문사회계열,2403056.2816986497
2020,전남대학교,자연과학계열,2764864.3623365485
2020,전남대학교 _제2캠퍼스,공학계열,3432019.656441718
2020,전남대학교 _제2캠퍼스,인문사회계열,2775129.317386363
2020,전남대학교 _제2캠퍼스,자연과학계열,3057321.752536232
2020,전북대학교,공학계열,2791467.296778479
2020,전북대학교,예체능계열,3162783.7281210595
2020,전북대학교,의학계열,3292474.952553916
2020,전북대학교,인문사회계열,2458783.7029286474
2020,전북대학교,자연과학계열,2607718.3682628064
2020,전주교육대학교,인문사회계열,1660419.106129303
2020,전주대학교,공학계열,4233677.734390009
2020,전주대학교,예체능계열,4256914.875209272
2020,전주대학교,인문사회계열,3472964.395747171
2020,전주대학교,자연과학계열,3831938.6311618863
2020,정석대학,공학계열,0.0
2020,정석대학,인문사회계열,0.0
2020,제주국제대학교,공학계열,3225604.4455149504
2020,제주국제대학교,예체능계열,3710947.8521505375
2020,제주국제대학교,인문사회계열,3715467.9842465757
2020,제주국제대학교,자연과학계열,890833.3333333334
2020,제주대학교,공학계열,2821935.2478015786
2020,제주대학교,예체능계열,2823765.2188741723
2020,제주대학교,의학계열,2283364.7
2020,제주대학교,인문사회계열,2378746.9969336386
2020,제주대학교,자연과학계열,2934488.6497217803
2020,조선대학교,공학계열,3480412.344540783
2020,조선대학교,예체능계열,4042530.0517839445
2020,조선대학교,의학계열,2373492.4863636363
2020,조선대학교,인문사회계열,3308964.786107133
2020,조선대학교,자연과학계열,3206070.2155093406
2020,중부대학교,공학계열,3566321.6145973154
2020,중부대학교,예체능계열,3811765.473214286
2020,중부대학교,인문사회계열,3712884.7979853484
2020,중부대학교,자연과학계열,3892777.278703703
2020,중앙대학교,공학계열,3366475.208719411
2020,중앙대학교,예체능계열,3540340.5428835484
2020,중앙대학교,인문사회계열,2929368.2854926223
2020,중앙대학교,자연과학계열,2832455.318053691
2020,중앙대학교 _제2캠퍼스,공학계열,3433680.2264916464
2020,중앙대학교 _제2캠퍼스,예체능계열,3800842.2615983845
2020,중앙대학교 _제2캠퍼스,인문사회계열,1616364.0345238093
2020,중앙대학교 _제2캠퍼스,자연과학계열,3468504.249795082
2020,중앙승가대학교,인문사회계열,2003250.0098591547
2020,중원대학교,공학계열,3467439.8403669726
2020,중원대학교,예체능계열,3958586.405776174
2020,중원대학교,인문사회계열,3837381.707708119
2020,중원대학교,자연과학계열,3935650.122934233
2020,진주교육대학교,인문사회계열,2369148.5613413714
2020,차의과학대학교,인문사회계열,3752868.663655031
2020,차의과학대학교,자연과학계열,3449154.1507389164
2020,창신대학교,공학계열,5016460.382857143
2020,창신대학교,예체능계열,4823129.526254827
2020,창신대학교,인문사회계열,4242251.278125
2020,창신대학교,자연과학계열,4384339.9400369
2020,청운대학교,공학계열,4443694.251014885
2020,청운대학교,예체능계열,5250450.186330179
2020,청운대학교,인문사회계열,4041076.3259239704
2020,청운대학교,자연과학계열,3553380.758990536
2020,청주교육대학교,인문사회계열,1729774.36263644
2020,청주대학교,공학계열,3170291.038999662
2020,청주대학교,예체능계열,3852200.327188612
2020,청주대학교,인문사회계열,3392972.51581688
2020,청주대학교,자연과학계열,3627862.4009232544
2020,초당대학교,공학계열,4673237.546199702
2020,초당대학교,예체능계열,4743036.452459017
2020,초당대학교,인문사회계열,3455596.000882353
2020,초당대학교,자연과학계열,3840750.178894009
2020,총신대학교,예체능계열,3711867.5
2020,총신대학교,인문사회계열,4342659.330830324
2020,추계예술대학교,예체능계열,3547197.1324357404
2020,추계예술대학교,인문사회계열,2748277.560557769
2020,춘천교육대학교,인문사회계열,1861060.691216216
2020,충남대학교,공학계열,2648405.8931444054
2020,충남대학교,예체능계열,2942554.0832402236
2020,충남대학교,의학계열,3481243.7736920775
2020,충남대학교,인문사회계열,2081084.7362820087
2020,충남대학교,자연과학계열,2344174.310791813
2020,충북대학교,공학계열,2978364.766998755
2020,충북대학교,예체능계열,3172274.0676363637
2020,충북대학교,의학계열,3191689.7586797066
2020,충북대학교,인문사회계열,2565617.54448912
2020,충북대학교,자연과학계열,2808642.277725354
2020,칼빈대학교,예체능계열,3504275.506382979
2020,칼빈대학교,인문사회계열,3608492.5496031744
2020,평택대학교,공학계열,3159364.6899173553
2020,평택대학교,예체능계열,3429721.90678925
2020,평택대학교,인문사회계열,3354254.4607853405
2020,평택대학교,자연과학계열,3221611.254028436
2020,포항공과대학교,공학계열,5300531.02642981
2020,포항공과대학교,자연과학계열,5196665.428634361
2020,한경국립대학교,공학계열,2682642.092325856
2020,한경국립대학교,예체능계열,3140813.176203966
2020,한경국립대학교,인문사회계열,2628353.7227876107
2020,한경국립대학교,자연과학계열,2509822.333173077
2020,한국공학대학교,공학계열,3833352.841700036
2020,한국공학대학교,예체능계열,4653558.993409091
2020,한국공학대학교,인문사회계열,3385527.7931888546
2020,한국과학기술원,공학계열,6905454.042686471
2020,한국과학기술원,인문사회계열,7031952.4
2020,한국과학기술원,자연과학계열,6483342.6454867255
2020,한국교원대학교,공학계열,1879823.8
2020,한국교원대학교,예체능계열,2070321.6185950416
2020,한국교원대학교,인문사회계열,2054793.8120146522
2020,한국교원대학교,자연과학계열,2556590.339381153
2020,한국국제대학교,공학계열,2179666.7949579833
2020,한국국제대학교,예체능계열,3247271.5777343754
2020,한국국제대학교,인문사회계열,2900595.338391225
2020,한국국제대학교,자연과학계열,2687015.831261426
2020,한국기술교육대학교,공학계열,1111326.6925260017
2020,한국기술교육대학교,예체능계열,284401.4
2020,한국기술교육대학교,인문사회계열,246747.7426485211
2020,한국기술교육대학교,자연과학계열,206568.80397570404
2020,한국성서대학교,공학계열,4165085.40729927
2020,한국성서대학교,인문사회계열,4824416.299397591
2020,한국성서대학교,자연과학계열,2900327.3867647056
2020,한국예술종합학교,공학계열,1356617.0
2020,한국예술종합학교,예체능계열,1879845.4138912132
2020,한국예술종합학교,인문사회계열,2062754.832544379
2020,한국외국어대학교,공학계열,2905190.822194305
2020,한국외국어대학교,인문사회계열,2503976.9678737996
2020,한국외국어대학교,자연과학계열,2615381.9329020334
2020,한국전통문화대학교,공학계열,2023840.3898648648
2020,한국전통문화대학교,예체능계열,2512364.3
2020,한국전통문화대학교,인문사회계열,2268353.224864865
2020,한국전통문화대학교,자연과학계열,2580872.2
2020,한국체육대학교,예체능계열,2893290.73732479
2020,한국침례신학대학교,예체능계열,5412319.173134328
2020,한국침례신학대학교,인문사회계열,5908624.965217391
2020,한국항공대학교,공학계열,3293420.5271356786
2020,한국항공대학교,인문사회계열,3116920.034513274
2020,한국항공대학교,자연과학계열,3585963.8008752735
2020,한남대학교,공학계열,3355202.4784780936
2020,한남대학교,예체능계열,4053219.3066909974
2020,한남대학교,인문사회계열,3563262.449465419
2020,한남대학교,자연과학계열,3635147.4281938323
2020,한동대학교,공학계열,3956133.9023809526
2020,한동대학교,인문사회계열,3876846.0405993233
2020,한동대학교,자연과학계열,3391229.6
2020,한라대학교,공학계열,3697518.9204414086
2020,한라대학교,예체능계열,5098182.019871795
2020,한라대학교,인문사회계열,3501393.7971590906
2020,한려대학교,공학계열,1149580.0
2020,한려대학교,예체능계열,3958244.7
2020,한려대학교,인문사회계열,1297018.1863636365
2020,한려대학교,자연과학계열,2032857.0303754266
2020,한림대학교,공학계열,4073709.9754237286
2020,한림대학교,예체능계열,4766921.7
2020,한림대학교,의학계열,2470727.7
2020,한림대학교,인문사회계열,3616211.615757428
2020,한림대학교,자연과학계열,3537720.3133973707
2020,한서대학교,공학계열,3734419.0578691186
2020,한서대학교,예체능계열,3579603.973411765
2020,한서대학교,인문사회계열,3562796.280539397
2020,한서대학교,자연과학계열,3912860.145661037
2020,한성대학교,공학계열,4007863.8249392714
2020,한성대학교,예체능계열,3981213.9815679737
2020,한성대학교,인문사회계열,3351791.5748743718
2020,한세대학교,공학계열,3714298.9371287124
2020,한세대학교,예체능계열,4153447.9737726096
2020,한세대학교,인문사회계열,3741605.3884755657
2020,한세대학교,자연과학계열,3802988.5
2020,한신대학교,공학계열,3304539.4441784546
2020,한신대학교,예체능계열,3265957.1
2020,한신대학교,인문사회계열,3335564.3945389683
2020,한신대학교,자연과학계열,2730603.62960373
2020,한양대학교,공학계열,3858035.9540295745
2020,한양대학교,예체능계열,3565362.3481981982
2020,한양대학교,의학계열,1983361.0
2020,한양대학교,인문사회계열,3528825.8718457567
2020,한양대학교,자연과학계열,2662969.0253279516
2020,한양대학교(ERICA) _분교,공학계열,3944335.612527366
2020,한양대학교(ERICA) _분교,예체능계열,3985208.75982009
2020,한양대학교(ERICA) _분교,인문사회계열,3550893.2879867987
2020,한양대학교(ERICA) _분교,자연과학계열,3368199.8156015035
2020,한일장신대학교,예체능계열,5236831.278212291
2020,한일장신대학교,인문사회계열,5099922.257113403
2020,한일장신대학교,자연과학계열,3895357.9
2020,협성대학교,공학계열,3948387.648308271
2020,협성대학교,예체능계열,4020070.706603774
2020,협성대학교,인문사회계열,3890422.677764977
2020,협성대학교,자연과학계열,3901147.74
2020,호남대학교,공학계열,2970188.4557771664
2020,호남대학교,예체능계열,3623851.3926748973
2020,호남대학교,인문사회계열,3240537.532657201
2020,호남대학교,자연과학계열,3712200.0886508394
2020,호남신학대학교,예체능계열,3278368.8
2020,호남신학대학교,인문사회계열,5406823.9375
2020,호서대학교,공학계열,3426393.262402529
2020,호서대학교,예체능계열,3918494.3814814813
2020,호서대학교,인문사회계열,3310302.5737998565
2020,호서대학교,자연과학계열,3685151.7278881986
2020,호원대학교,공학계열,4379773.921447254
2020,호원대학교,예체능계열,4045918.7632694934
2020,호원대학교,인문사회계열,4479416.910801144
2020,호원대학교,자연과학계열,4291837.761484453
2020,홍익대학교,공학계열,3996444.775509081
2020,홍익대학교,예체능계열,3584904.4005428883
2020,홍익대학교,인문사회계열,4032721.537715054
2020,홍익대학교,자연과학계열,3964666.8
2020,홍익대학교 _제2캠퍼스,공학계열,3948229.693198381
2020,홍익대학교 _제2캠퍼스,예체능계열,4834750.702557411
2020,홍익대학교 _제2캠퍼스,인문사회계열,3484340.567025862
2020,화성의과학대학교,공학계열,1417159.0963636362
2020,화성의과학대학교,예체능계열,1781935.1415841586
2020,화성의과학대학교,인문사회계열,1842758.1241573035
2020,화성의과학대학교,자연과학계열,1173840.6624999999
