기준년도,학교종류,설립구분,상태,지역,학교,대계열,입학정원(A),정원내 모집인원(B),정원내 지원자(C),정원내 입학자(D),충원율(%),경쟁률,충원율_평균,충원율_편차,충원율_표준편차,충원안정성비율,등록금
2014,대학교,사립,기존,경남,가야대학교(김해),인문사회계열,250,250,1486,249,99.6,5.94,95.2986,4.301400000000001,6.9969,0.0734208057620993,6285689.1713
2014,대학교,사립,기존,경남,가야대학교(김해),자연과학계열,385,385,2821,384,99.74,7.33,91.3817,8.3583,12.9714,0.1419474577513878,7510269.5528
2014,대학교,사립,기존,경기,가천대학교,공학계열,1307,1307,17698,1307,100.0,13.54,99.0709,0.9291000000000054,3.6269,0.0366091354777235,9498716.345900001
2014,대학교,사립,기존,경기,가천대학교,예체능계열,410,410,6947,411,100.24,16.94,98.4996,1.740399999999994,4.878,0.049523043748401,9407052.0164
2014,대학교,사립,기존,경기,가천대학교,인문사회계열,1427,1427,23079,1428,100.07,16.17,94.8029,5.267099999999999,14.2625,0.1504437100552831,7554649.974599999
2014,대학교,사립,기존,경기,가천대학교,자연과학계열,760,760,11675,760,100.0,15.36,99.7325,0.2674999999999983,2.0898,0.0209540520893389,8922657.2178
2014,대학교,사립,기존,강원,가톨릭관동대학교,예체능계열,280,280,1440,279,99.64,5.14,92.9614,6.678600000000003,18.4641,0.1986211481324506,8425735.2889
2014,대학교,사립,기존,강원,가톨릭관동대학교,인문사회계열,1410,1365,5442,1352,99.05,3.99,90.2512,8.7988,15.9108,0.1762946088251458,6447164.3977
2014,대학교,사립,기존,강원,가톨릭관동대학교,자연과학계열,179,164,1082,163,99.39,6.6,93.285,6.105000000000004,10.4671,0.1122056064747815,7854516.76
2014,대학교,사립,기존,충북,가톨릭꽃동네대학교,인문사회계열,80,80,179,78,97.5,2.24,97.2889,0.2111000000000018,3.3993,0.0349402655390286,7015880.82
2014,대학교,사립,기존,충북,가톨릭꽃동네대학교,자연과학계열,40,40,190,40,100.0,4.75,99.5825,0.417500000000004,0.5877,0.0059016393442622,8202801.470000001
2014,대학교,사립,기존,경기,가톨릭대학교,공학계열,344,344,6214,344,100.0,18.06,99.0709,0.9291000000000054,3.6269,0.0366091354777235,8636128.5231
2014,대학교,사립,기존,경기,가톨릭대학교,예체능계열,52,52,226,52,100.0,4.35,98.4996,1.500399999999999,4.878,0.049523043748401,9147100.0
2014,대학교,사립,기존,경기,가톨릭대학교,인문사회계열,897,897,12395,896,99.89,13.82,94.8029,5.087100000000007,14.2625,0.1504437100552831,6477322.5715
2014,대학교,사립,기존,경기,가톨릭대학교,자연과학계열,285,285,3910,284,99.65,13.72,99.7325,-0.082499999999996,2.0898,0.0209540520893389,7654238.948000001
2014,대학교,사립,기존,서울,가톨릭대학교 _제2캠퍼스,자연과학계열,80,80,1257,79,98.75,15.71,98.3815,0.3684999999999974,6.0145,0.0611344612554189,9181500.0
2014,대학교,사립,기존,서울,가톨릭대학교 _제3캠퍼스,인문사회계열,60,60,81,36,60.0,1.35,97.7282,-37.7282,6.9805,0.0714276943604814,6707100.0
2014,대학교,사립,기존,서울,감리교신학대학교,인문사회계열,200,200,414,198,99.0,2.07,97.7282,1.271799999999999,6.9805,0.0714276943604814,6279599.75
2014,대학교,사립,기존,경기,강남대학교,공학계열,230,230,4754,227,98.7,20.67,99.0709,-0.3708999999999918,3.6269,0.0366091354777235,9140874.447900001
2014,대학교,사립,기존,경기,강남대학교,예체능계열,174,174,2422,175,100.57,13.92,98.4996,2.070399999999992,4.878,0.049523043748401,9773847.301199999
2014,대학교,사립,기존,경기,강남대학교,인문사회계열,1224,1224,14356,1215,99.26,11.73,94.8029,4.457100000000011,14.2625,0.1504437100552831,7289774.088500001
2014,대학교,사립,기존,서울,강서대학교,예체능계열,35,35,229,32,91.43,6.54,99.5077,-8.077699999999993,1.5532,0.0156088423307945,8329527.498299999
2014,대학교,사립,기존,서울,강서대학교,인문사회계열,295,295,1512,279,94.58,5.13,97.7282,-3.1482000000000028,6.9805,0.0714276943604814,6487835.2793
2014,대학교,국립,기존,강원,강원대학교,공학계열,761,761,4694,759,99.74,6.17,98.9975,0.7424999999999926,1.3855,0.0139953029116896,4457172.4838
2014,대학교,국립,기존,강원,강원대학교,예체능계열,192,192,754,192,100.0,3.93,99.1867,0.8132999999999981,1.4087,0.0142025090057437,4624889.696799999
2014,대학교,국립,기존,강원,강원대학교,인문사회계열,1118,1118,8220,1110,99.28,7.35,99.64,-0.3599999999999994,0.3626,0.0036391007627458,3504016.7071999996
2014,대학교,국립,기존,강원,강원대학교,자연과학계열,1195,1195,6967,1192,99.75,5.83,99.6975,0.0524999999999948,0.2431,0.0024383760876651,4236508.0345
2014,대학교,국립,기존,강원,강원대학교 _제2캠퍼스,공학계열,866,866,2874,863,99.65,3.32,98.9975,0.6525000000000034,1.3855,0.0139953029116896,4473097.386
2014,대학교,국립,기존,강원,강원대학교 _제2캠퍼스,예체능계열,235,235,710,235,100.0,3.02,99.1867,0.8132999999999981,1.4087,0.0142025090057437,4616720.0
2014,대학교,국립,기존,강원,강원대학교 _제2캠퍼스,인문사회계열,274,274,1059,272,99.27,3.86,99.64,-0.3700000000000045,0.3626,0.0036391007627458,3565585.4211999997
2014,대학교,국립,기존,강원,강원대학교 _제2캠퍼스,자연과학계열,345,345,1599,343,99.42,4.63,99.6975,-0.2775000000000034,0.2431,0.0024383760876651,4266800.0
2014,대학교,사립,기존,서울,건국대학교,공학계열,871,871,14826,863,99.08,17.02,98.4241,0.6559000000000026,7.2552,0.0737136534649542,9615578.0033
2014,대학교,사립,기존,서울,건국대학교,예체능계열,364,364,7089,364,100.0,19.48,99.5077,0.4923000000000002,1.5532,0.0156088423307945,9507387.3809
2014,대학교,사립,기존,서울,건국대학교,인문사회계열,1131,1131,21488,1126,99.56,19.0,97.7282,1.8318000000000008,6.9805,0.0714276943604814,7406855.6382
2014,대학교,사립,기존,서울,건국대학교,자연과학계열,634,634,8603,631,99.53,13.57,98.3815,1.1484999999999983,6.0145,0.0611344612554189,8611997.719
2014,대학교,사립,기존,충남,건양대학교,공학계열,420,420,2403,420,100.0,5.72,94.3186,5.6813999999999965,20.5457,0.2178329618972291,7466888.94
2014,대학교,사립,기존,충남,건양대학교,예체능계열,40,40,308,40,100.0,7.7,95.3529,4.647099999999995,16.5771,0.1738499825385489,7139887.0
2014,대학교,사립,기존,충남,건양대학교,인문사회계열,699,699,4338,695,99.43,6.21,93.1,6.3300000000000125,22.3872,0.2404640171858217,6218394.6082999995
2014,대학교,사립,기존,충남,건양대학교,자연과학계열,115,115,811,115,100.0,7.05,94.6377,5.362300000000005,17.9744,0.1899285379927872,7249258.95
2014,대학교,사립,기존,대전,건양대학교 _제2캠퍼스,자연과학계열,513,513,3849,513,100.0,7.5,99.5314,0.468599999999995,0.6489,0.006519550614178,7573915.607799999
2014,대학교,사립,기존,경기,경기대학교,공학계열,775,775,12078,770,99.35,15.58,99.0709,0.2790999999999997,3.6269,0.0366091354777235,8677932.0227
2014,대학교,사립,기존,경기,경기대학교,예체능계열,395,395,3053,394,99.75,7.73,98.4996,1.250399999999999,4.878,0.049523043748401,8344889.3133000005
2014,대학교,사립,기존,경기,경기대학교,인문사회계열,1156,1156,20680,1151,99.57,17.89,94.8029,4.767099999999999,14.2625,0.1504437100552831,6778169.8632
2014,대학교,사립,기존,경기,경기대학교,자연과학계열,277,277,4713,276,99.64,17.01,99.7325,-0.0925000000000011,2.0898,0.0209540520893389,7740670.0428
2014,대학교,사립,기존,서울,경기대학교 _제2캠퍼스,예체능계열,90,90,3765,89,98.89,41.83,99.5077,-0.6176999999999992,1.5532,0.0156088423307945,8697898.9826
2014,대학교,사립,기존,서울,경기대학교 _제2캠퍼스,인문사회계열,454,454,6636,449,98.9,14.62,97.7282,1.1718000000000046,6.9805,0.0714276943604814,6813704.331499999
2014,대학교,사립,기존,경남,경남대학교,공학계열,885,885,4151,878,99.21,4.69,94.028,5.181999999999988,6.3189,0.0672023227123835,7781344.8198
2014,대학교,사립,기존,경남,경남대학교,예체능계열,265,265,912,262,98.87,3.44,96.135,2.7349999999999994,9.1443,0.0951193633952254,7717796.255
2014,대학교,사립,기존,경남,경남대학교,인문사회계열,1610,1610,6690,1590,98.76,4.16,95.2986,3.461400000000012,6.9969,0.0734208057620993,5967887.922900001
2014,대학교,사립,기존,경남,경남대학교,자연과학계열,400,400,1967,397,99.25,4.92,91.3817,7.868300000000005,12.9714,0.1419474577513878,6713197.6832
2014,대학교,사립,기존,강원,경동대학교,인문사회계열,415,415,1787,375,90.36,4.31,90.2512,0.1088000000000022,15.9108,0.1762946088251458,6333495.1069
2014,대학교,사립,기존,강원,경동대학교 _제3캠퍼스,자연과학계열,475,475,2272,473,99.58,4.78,93.285,6.295000000000002,10.4671,0.1122056064747815,8929337.9875
2014,대학교,사립,기존,경기,경동대학교 _제4캠퍼스,공학계열,66,66,448,65,98.48,6.79,99.0709,-0.5908999999999907,3.6269,0.0366091354777235,8421344.4806
2014,대학교,사립,기존,경기,경동대학교 _제4캠퍼스,예체능계열,33,33,186,32,96.97,5.64,98.4996,-1.529600000000002,4.878,0.049523043748401,8628353.155
2014,대학교,사립,기존,경기,경동대학교 _제4캠퍼스,인문사회계열,201,201,1472,199,99.0,7.32,94.8029,4.197100000000006,14.2625,0.1504437100552831,6942094.8775
2014,대학교,국립,기존,대구,경북대학교,공학계열,1621,1621,12557,1618,99.81,7.75,99.81,0.0,0.0,0.0,4688370.0997
2014,대학교,국립,기존,대구,경북대학교,예체능계열,312,312,2436,311,99.68,7.81,99.68,0.0,0.0,0.0,4751584.643099999
2014,대학교,국립,기존,대구,경북대학교,인문사회계열,1444,1444,13870,1422,98.48,9.61,99.11,-0.6299999999999955,0.891,0.0089900110987791,3685997.8326
2014,대학교,국립,기존,대구,경북대학교,자연과학계열,1496,1496,12352,1492,99.73,8.26,99.73,0.0,0.0,0.0,4518346.509000001
2014,대학교,국립,기존,경남,경상국립대학교,공학계열,987,987,5791,987,100.0,5.87,99.6933,0.3067000000000064,0.5312,0.0053283420249906,4376283.586200001
2014,대학교,국립,기존,경남,경상국립대학교,예체능계열,90,90,353,90,100.0,3.92,99.8167,0.1833000000000026,0.3175,0.0031808304622372,4239314.2857
2014,대학교,국립,기존,경남,경상국립대학교,인문사회계열,1166,1166,7544,1166,100.0,6.47,99.57,0.4300000000000068,0.3228,0.0032419403434769,3362927.6851999997
2014,대학교,국립,기존,경남,경상국립대학교,자연과학계열,979,979,5721,979,100.0,5.84,99.9067,0.0932999999999992,0.1617,0.0016185100698952,4217432.2111
2014,대학교,사립,기존,부산,경성대학교,공학계열,640,640,3768,638,99.69,5.89,99.6244,0.0656000000000034,1.1427,0.0114700816265894,7650945.4236
2014,대학교,사립,기존,부산,경성대학교,예체능계열,590,590,3625,592,100.34,6.14,99.9189,0.4211000000000098,0.2416,0.0024179609663437,7519741.2529
2014,대학교,사립,기존,부산,경성대학교,인문사회계열,1435,1435,7077,1434,99.93,4.93,98.728,1.2020000000000124,1.5785,0.0159883720930232,5636320.983
2014,대학교,사립,기존,부산,경성대학교,자연과학계열,385,385,2158,380,98.7,5.61,99.665,-0.9650000000000034,0.5547,0.00556564491045,7042399.8188
2014,대학교,사립,기존,경북,경운대학교,공학계열,320,320,1757,317,99.06,5.49,93.0758,5.984200000000001,20.5208,0.220474065224258,8434946.917
2014,대학교,사립,기존,경북,경운대학교,예체능계열,213,213,758,213,100.0,3.56,91.4192,8.580799999999996,21.6962,0.2373265134676304,8346643.403299999
2014,대학교,사립,기존,경북,경운대학교,인문사회계열,344,344,1737,330,95.93,5.05,87.0493,8.880700000000004,18.1442,0.2084359093065653,6482449.6208
2014,대학교,사립,기존,경북,경운대학교,자연과학계열,445,445,3077,430,96.63,6.91,94.8215,1.8084999999999951,13.4633,0.141985731084195,8266151.0162
2014,교육대학,국립,기존,인천,경인교육대학교,인문사회계열,598,598,2638,597,99.83,4.41,99.83,0.0,0.0,0.0,3271700.0
2014,대학교,사립,기존,경북,경일대학교,공학계열,740,740,2943,714,96.49,3.98,93.0758,3.414199999999994,20.5208,0.220474065224258,8063098.633300001
2014,대학교,사립,기존,경북,경일대학교,예체능계열,250,250,980,236,94.4,3.92,91.4192,2.980800000000002,21.6962,0.2373265134676304,8240672.462
2014,대학교,사립,기존,경북,경일대학교,인문사회계열,540,540,1926,436,80.74,3.57,87.0493,-6.309300000000008,18.1442,0.2084359093065653,6011241.1915
2014,대학교,사립,기존,경북,경일대학교,자연과학계열,230,230,1438,223,96.96,6.25,94.8215,2.1384999999999934,13.4633,0.141985731084195,8087560.359999999
2014,대학교,사립,기존,서울,경희대학교,공학계열,1018,1018,14124,1013,99.51,13.87,98.4241,1.0859000000000094,7.2552,0.0737136534649542,9062900.8118
2014,대학교,사립,기존,서울,경희대학교,예체능계열,920,920,15891,917,99.67,17.27,99.5077,0.1623000000000019,1.5532,0.0156088423307945,9093880.5616
2014,대학교,사립,기존,서울,경희대학교,인문사회계열,1880,1880,39874,1868,99.36,21.21,97.7282,1.6317999999999984,6.9805,0.0714276943604814,7020760.193299999
2014,대학교,사립,기존,서울,경희대학교,자연과학계열,1002,1002,18507,999,99.7,18.47,98.3815,1.3185000000000002,6.0145,0.0611344612554189,9144368.442
2014,대학교,사립,기존,대구,계명대학교,공학계열,874,874,7302,872,99.77,8.35,99.77,0.0,0.0,0.0,8636768.3534
2014,대학교,사립,기존,대구,계명대학교,예체능계열,890,890,6349,889,99.89,7.13,99.89,0.0,0.0,0.0,9011425.9595
2014,대학교,사립,기존,대구,계명대학교,인문사회계열,2535,2535,15634,2502,98.7,6.17,98.7,0.0,0.0,0.0,6457470.102
2014,대학교,사립,기존,대구,계명대학교,자연과학계열,671,671,5216,662,98.66,7.77,98.66,0.0,0.0,0.0,8435864.7963
2014,대학교,사립,기존,서울,고려대학교,공학계열,833,824,15890,831,100.85,19.28,98.4241,2.4258999999999986,7.2552,0.0737136534649542,10263376.970199998
2014,대학교,사립,기존,서울,고려대학교,예체능계열,130,130,725,130,100.0,5.58,99.5077,0.4923000000000002,1.5532,0.0156088423307945,9756025.0
2014,대학교,사립,기존,서울,고려대학교,인문사회계열,1874,1857,32547,1874,100.92,17.53,97.7282,3.1918000000000006,6.9805,0.0714276943604814,7818372.1143000005
2014,대학교,사립,기존,서울,고려대학교,자연과학계열,956,942,16867,954,101.27,17.91,98.3815,2.8884999999999934,6.0145,0.0611344612554189,9244785.5519
2014,대학교,사립,기존,부산,고신대학교,예체능계열,125,125,373,125,100.0,2.98,99.9189,0.0811000000000063,0.2416,0.0024179609663437,7094279.383400001
2014,대학교,사립,기존,부산,고신대학교,인문사회계열,454,454,1620,442,97.36,3.57,98.728,-1.367999999999995,1.5785,0.0159883720930232,6037009.5498
2014,대학교,사립,기존,부산,고신대학교,자연과학계열,361,361,2468,356,98.61,6.84,99.665,-1.0550000000000068,0.5547,0.00556564491045,7019851.817300001
2014,교육대학,국립,기존,충남,공주교육대학교,인문사회계열,354,354,1526,354,100.0,4.31,98.7433,1.256699999999995,1.2501,0.0126600994700399,3495600.0
2014,대학교,사립,기존,광주,광신대학교,예체능계열,35,35,49,33,94.29,1.4,98.1662,-3.876199999999997,1.9509,0.0198734391267055,7313600.0
2014,대학교,사립,기존,광주,광신대학교,인문사회계열,107,107,193,107,100.0,1.8,97.7925,2.207499999999996,4.5276,0.0462980289899532,5881136.6667
2014,대학교,사립,기존,서울,광운대학교,공학계열,906,906,10500,904,99.78,11.59,98.4241,1.3559000000000054,7.2552,0.0737136534649542,9012613.2986
2014,대학교,사립,기존,서울,광운대학교,예체능계열,40,40,332,40,100.0,8.3,99.5077,0.4923000000000002,1.5532,0.0156088423307945,8091060.0
2014,대학교,사립,기존,서울,광운대학교,인문사회계열,659,659,7467,658,99.85,11.33,97.7282,2.121799999999993,6.9805,0.0714276943604814,7257474.812299999
2014,대학교,사립,기존,서울,광운대학교,자연과학계열,150,150,1816,150,100.0,12.11,98.3815,1.6184999999999974,6.0145,0.0611344612554189,8069300.0
2014,대학교,사립,기존,전남,광주가톨릭대학교,인문사회계열,40,40,32,30,75.0,0.8,68.7243,6.2757000000000005,44.4659,0.6470185945873584,0.0
2014,대학교,특별법법인,기존,광주,광주과학기술원,자연과학계열,170,170,1159,161,94.71,6.82,94.71,0.0,0.0,0.0,2060000.0
2014,교육대학,국립,기존,광주,광주교육대학교,인문사회계열,326,326,2046,326,100.0,6.28,99.92,0.0799999999999983,0.1131,0.0011319055244195,3561568.8939000005
2014,대학교,사립,기존,광주,광주대학교,공학계열,315,315,1438,306,97.14,4.57,98.428,-1.2879999999999967,3.7214,0.0378083472182712,7148774.7744
2014,대학교,사립,기존,광주,광주대학교,예체능계열,308,308,1081,301,97.73,3.51,98.1662,-0.4361999999999995,1.9509,0.0198734391267055,7180216.521600001
2014,대학교,사립,기존,광주,광주대학교,인문사회계열,974,974,4049,967,99.28,4.16,97.7925,1.4874999999999972,4.5276,0.0462980289899532,6237843.4172
2014,대학교,사립,기존,광주,광주대학교,자연과학계열,230,230,1115,227,98.7,4.85,98.9517,-0.2516999999999996,1.4367,0.0145192048241717,7147299.8005
2014,대학교,사립,기존,광주,광주여자대학교,예체능계열,195,195,657,195,100.0,3.37,98.1662,1.8337999999999963,1.9509,0.0198734391267055,7042364.784100001
2014,대학교,사립,기존,광주,광주여자대학교,인문사회계열,400,400,3041,400,100.0,7.6,97.7925,2.207499999999996,4.5276,0.0462980289899532,5919095.5885
2014,대학교,사립,기존,광주,광주여자대학교,자연과학계열,400,400,2272,400,100.0,5.68,98.9517,1.0482999999999976,1.4367,0.0145192048241717,6857260.337199999
2014,대학교,국립,기존,경북,국립경국대학교,공학계열,470,470,2274,467,99.36,4.84,99.595,-0.2349999999999994,0.3323,0.0033365128771524,4207117.9364
2014,대학교,국립,기존,경북,국립경국대학교,예체능계열,111,111,483,110,99.1,4.35,99.1,0.0,0.0,0.0,4242776.6667
2014,대학교,국립,기존,경북,국립경국대학교,인문사회계열,581,581,2595,576,99.14,4.47,99.57,-0.4299999999999926,0.6081,0.00610726122326,3331591.5555
2014,대학교,국립,기존,경북,국립경국대학교,자연과학계열,426,426,1818,422,99.06,4.27,98.905,0.1550000000000011,0.2192,0.0022162681360901,3851895.9477
2014,대학교,사립,기존,서울,국민대학교,공학계열,776,776,8473,774,99.74,10.92,98.4241,1.3158999999999992,7.2552,0.0737136534649542,9143824.7236
2014,대학교,사립,기존,서울,국민대학교,예체능계열,558,558,6348,556,99.64,11.38,99.5077,0.1323000000000007,1.5532,0.0156088423307945,9374498.059099998
2014,대학교,사립,기존,서울,국민대학교,인문사회계열,1325,1325,17331,1320,99.62,13.08,97.7282,1.8918000000000037,6.9805,0.0714276943604814,7326064.474400001
2014,대학교,사립,기존,서울,국민대학교,자연과학계열,324,324,3320,324,100.0,10.25,98.3815,1.6184999999999974,6.0145,0.0611344612554189,8362875.9425
2014,대학교,사립,기존,충북,극동대학교,공학계열,190,190,1372,189,99.47,7.22,99.12,0.3499999999999943,0.7439,0.0075050443906376,8485235.7983
2014,대학교,사립,기존,충북,극동대학교,예체능계열,220,220,1929,219,99.55,8.77,97.6938,1.8562000000000007,4.5564,0.0466396025131584,8240618.7101
2014,대학교,사립,기존,충북,극동대학교,인문사회계열,400,400,3852,398,99.5,9.63,97.2889,2.211100000000002,3.3993,0.0349402655390286,6736302.555
2014,대학교,사립,기존,충북,극동대학교,자연과학계열,235,235,2021,235,100.0,8.6,99.5825,0.417500000000004,0.5877,0.0059016393442622,8047670.4794
2014,대학교,사립,기존,충남,금강대학교,인문사회계열,165,165,361,138,83.64,2.19,93.1,-9.459999999999994,22.3872,0.2404640171858217,6806381.411900001
2014,대학교,사립,기존,경북,김천대학교,공학계열,40,40,130,40,100.0,3.25,93.0758,6.924199999999999,20.5208,0.220474065224258,7689825.0
2014,대학교,사립,기존,경북,김천대학교,인문사회계열,262,262,936,245,93.51,3.57,87.0493,6.460700000000003,18.1442,0.2084359093065653,6874763.0873
2014,대학교,사립,기존,경북,김천대학교,자연과학계열,645,645,2710,615,95.35,4.2,94.8215,0.528499999999994,13.4633,0.141985731084195,7489188.985699999
2014,대학교,사립,기존,충남,나사렛대학교,예체능계열,163,163,1934,163,100.0,11.87,95.3529,4.647099999999995,16.5771,0.1738499825385489,8389643.0023
2014,대학교,사립,기존,충남,나사렛대학교,인문사회계열,886,886,4912,883,99.66,5.54,93.1,6.560000000000002,22.3872,0.2404640171858217,7134917.1543
2014,대학교,사립,기존,충남,나사렛대학교,자연과학계열,260,260,1580,257,98.85,6.08,94.6377,4.212299999999999,17.9744,0.1899285379927872,8475531.1346
2014,대학교,사립,기존,광주,남부대학교,공학계열,70,70,384,73,104.29,5.49,98.428,5.862000000000009,3.7214,0.0378083472182712,7251507.0811
2014,대학교,사립,기존,광주,남부대학교,예체능계열,115,115,335,112,97.39,2.91,98.1662,-0.7762000000000029,1.9509,0.0198734391267055,7284819.8951
2014,대학교,사립,기존,광주,남부대학교,인문사회계열,159,159,1030,158,99.37,6.48,97.7925,1.5775000000000006,4.5276,0.0462980289899532,6148136.0199
2014,대학교,사립,기존,광주,남부대학교,자연과학계열,445,445,2465,442,99.33,5.54,98.9517,0.3782999999999958,1.4367,0.0145192048241717,6767320.8508
2014,대학교,사립,기존,충남,남서울대학교,공학계열,635,635,3671,635,100.0,5.78,94.3186,5.6813999999999965,20.5457,0.2178329618972291,8670463.4135
2014,대학교,사립,기존,충남,남서울대학교,예체능계열,425,425,2556,425,100.0,6.01,95.3529,4.647099999999995,16.5771,0.1738499825385489,8897407.322
2014,대학교,사립,기존,충남,남서울대학교,인문사회계열,1136,1136,6309,1136,100.0,5.55,93.1,6.900000000000006,22.3872,0.2404640171858217,7364686.961
2014,대학교,사립,기존,충남,남서울대학교,자연과학계열,250,250,2588,250,100.0,10.35,94.6377,5.362300000000005,17.9744,0.1899285379927872,9008426.7925
2014,대학교,사립,기존,경기,단국대학교,공학계열,810,800,12307,808,101.0,15.38,99.0709,1.9291000000000051,3.6269,0.0366091354777235,9560855.184700001
2014,대학교,사립,기존,경기,단국대학교,예체능계열,387,387,6076,385,99.48,15.7,98.4996,0.980400000000003,4.878,0.049523043748401,9600862.198
2014,대학교,사립,기존,경기,단국대학교,인문사회계열,1123,1103,18599,1119,101.45,16.86,94.8029,6.647100000000009,14.2625,0.1504437100552831,7620512.951800001
2014,대학교,사립,기존,경기,단국대학교,자연과학계열,60,60,1064,60,100.0,17.73,99.7325,0.2674999999999983,2.0898,0.0209540520893389,8889928.5714
2014,대학교,사립,기존,충남,단국대학교 _제2캠퍼스,공학계열,295,295,4079,294,99.66,13.83,94.3186,5.341399999999993,20.5457,0.2178329618972291,9294699.2424
2014,대학교,사립,기존,충남,단국대학교 _제2캠퍼스,예체능계열,347,347,5401,346,99.71,15.56,95.3529,4.357099999999988,16.5771,0.1738499825385489,9039152.4244
2014,대학교,사립,기존,충남,단국대학교 _제2캠퍼스,인문사회계열,822,822,12300,819,99.64,14.96,93.1,6.540000000000006,22.3872,0.2404640171858217,7251790.456900001
2014,대학교,사립,기존,충남,단국대학교 _제2캠퍼스,자연과학계열,1021,1021,11992,1018,99.71,11.75,94.6377,5.072299999999999,17.9744,0.1899285379927872,9132177.689100001
2014,대학교,사립,기존,경북,대구가톨릭대학교,공학계열,555,555,4135,555,100.0,7.45,93.0758,6.924199999999999,20.5208,0.220474065224258,8160420.195899999
2014,대학교,사립,기존,경북,대구가톨릭대학교,예체능계열,393,393,2274,393,100.0,5.79,91.4192,8.580799999999996,21.6962,0.2373265134676304,8953579.2979
2014,대학교,사립,기존,경북,대구가톨릭대학교,인문사회계열,1374,1374,9176,1367,99.49,6.68,87.0493,12.440699999999993,18.1442,0.2084359093065653,6106120.6006
2014,대학교,사립,기존,경북,대구가톨릭대학교,자연과학계열,760,760,6334,758,99.74,8.33,94.8215,4.9184999999999945,13.4633,0.141985731084195,8296465.2743
2014,대학교,특별법법인,기존,대구,대구경북과학기술원,자연과학계열,200,200,1953,168,84.0,9.76,84.0,0.0,0.0,0.0,3528000.0
2014,교육대학,국립,기존,대구,대구교육대학교,인문사회계열,383,383,1972,382,99.74,5.15,99.11,0.6299999999999955,0.891,0.0089900110987791,3685600.0
2014,대학교,사립,기존,경북,대구대학교,공학계열,802,802,6445,797,99.38,8.04,93.0758,6.3041999999999945,20.5208,0.220474065224258,8377423.6683
2014,대학교,사립,기존,경북,대구대학교,예체능계열,410,410,2542,408,99.51,6.2,91.4192,8.090800000000002,21.6962,0.2373265134676304,8655019.3556
2014,대학교,사립,기존,경북,대구대학교,인문사회계열,2236,2236,15635,2219,99.24,6.99,87.0493,12.190699999999993,18.1442,0.2084359093065653,6169983.1063
2014,대학교,사립,기존,경북,대구대학교,자연과학계열,1085,1085,7283,1079,99.45,6.71,94.8215,4.6285000000000025,13.4633,0.141985731084195,7821255.227599999
2014,대학교,사립,기존,경북,대구예술대학교,예체능계열,433,433,1265,404,93.3,2.92,91.4192,1.8807999999999936,21.6962,0.2373265134676304,8708729.1103
2014,대학교,사립,기존,경북,대구한의대학교,공학계열,302,302,1146,295,97.68,3.79,93.0758,4.604200000000006,20.5208,0.220474065224258,7897745.498299999
2014,대학교,사립,기존,경북,대구한의대학교,예체능계열,130,130,554,129,99.23,4.26,91.4192,7.8108,21.6962,0.2373265134676304,7736779.8264
2014,대학교,사립,기존,경북,대구한의대학교,인문사회계열,532,532,1799,497,93.42,3.38,87.0493,6.370699999999999,18.1442,0.2084359093065653,6064630.2414
2014,대학교,사립,기존,경북,대구한의대학교,자연과학계열,729,729,3406,708,97.12,4.67,94.8215,2.298500000000004,13.4633,0.141985731084195,7714431.2227
2014,대학교,사립,기존,경북,대신대학교,예체능계열,40,38,64,31,81.58,1.68,91.4192,-9.839200000000003,21.6962,0.2373265134676304,7555880.0
2014,대학교,사립,기존,경북,대신대학교,인문사회계열,85,81,131,58,71.6,1.62,87.0493,-15.449300000000008,18.1442,0.2084359093065653,6250070.0
2014,대학교,사립,기존,세종,대전가톨릭대학교,인문사회계열,40,40,23,21,52.5,0.57,82.4233,-29.9233,25.9424,0.3147459516908447,6060000.0
2014,대학교,사립,기존,대전,대전대학교,공학계열,524,524,3253,524,100.0,6.21,99.624,0.3760000000000048,0.5413,0.0054334296956556,8250575.7142
2014,대학교,사립,기존,대전,대전대학교,예체능계열,237,237,1648,235,99.16,6.95,99.8017,-0.6417000000000002,0.3441,0.0034478370608917,7935913.998899999
2014,대학교,사립,기존,대전,대전대학교,인문사회계열,1205,1205,6724,1201,99.67,5.58,96.7212,2.9488000000000056,8.7787,0.0907629351166031,6928805.7336
2014,대학교,사립,기존,대전,대전대학교,자연과학계열,407,407,2747,407,100.0,6.75,99.5314,0.468599999999995,0.6489,0.006519550614178,7951576.285699999
2014,대학교,사립,기존,대전,대전신학대학교,인문사회계열,60,60,86,45,75.0,1.43,96.7212,-21.7212,8.7787,0.0907629351166031,6306593.0
2014,대학교,사립,기존,경기,대진대학교,공학계열,563,563,3825,563,100.0,6.79,99.0709,0.9291000000000054,3.6269,0.0366091354777235,8565114.9297
2014,대학교,사립,기존,경기,대진대학교,예체능계열,313,313,2295,311,99.36,7.33,98.4996,0.8603999999999985,4.878,0.049523043748401,8552137.6265
2014,대학교,사립,기존,경기,대진대학교,인문사회계열,848,848,6073,843,99.41,7.16,94.8029,4.607100000000003,14.2625,0.1504437100552831,6628611.1357
2014,대학교,사립,기존,경기,대진대학교,자연과학계열,206,206,1925,207,100.49,9.34,99.7325,0.7574999999999932,2.0898,0.0209540520893389,7839720.4438
2014,대학교,사립,기존,서울,덕성여자대학교,공학계열,90,90,902,90,100.0,10.02,98.4241,1.5759000000000043,7.2552,0.0737136534649542,8863598.888799999
2014,대학교,사립,기존,서울,덕성여자대학교,예체능계열,170,170,1153,169,99.41,6.78,99.5077,-0.0977000000000032,1.5532,0.0156088423307945,9006073.3667
2014,대학교,사립,기존,서울,덕성여자대학교,인문사회계열,710,710,6958,707,99.58,9.8,97.7282,1.8517999999999968,6.9805,0.0714276943604814,6581306.131899999
2014,대학교,사립,기존,서울,동국대학교,공학계열,826,826,8331,813,98.43,10.09,98.4241,0.0059000000000111,7.2552,0.0737136534649542,9671192.322
2014,대학교,사립,기존,서울,동국대학교,예체능계열,210,210,5128,209,99.52,24.42,99.5077,0.0122999999999962,1.5532,0.0156088423307945,9519799.7636
2014,대학교,사립,기존,서울,동국대학교,인문사회계열,1333,1333,19907,1324,99.32,14.93,97.7282,1.591799999999992,6.9805,0.0714276943604814,7455353.1876
2014,대학교,사립,기존,서울,동국대학교,자연과학계열,316,316,3528,314,99.37,11.16,98.3815,0.988500000000002,6.0145,0.0611344612554189,8974471.1573
2014,대학교,사립,기존,경북,동국대학교(WISE),공학계열,350,350,1508,350,100.0,4.31,93.0758,6.924199999999999,20.5208,0.220474065224258,9351231.9581
2014,대학교,사립,기존,경북,동국대학교(WISE),예체능계열,140,140,631,139,99.29,4.51,91.4192,7.870800000000003,21.6962,0.2373265134676304,9231908.888700001
2014,대학교,사립,기존,경북,동국대학교(WISE),인문사회계열,1066,1066,4527,1058,99.25,4.25,87.0493,12.200699999999998,18.1442,0.2084359093065653,7353976.023
2014,대학교,사립,기존,경북,동국대학교(WISE),자연과학계열,344,344,2445,342,99.42,7.11,94.8215,4.598500000000001,13.4633,0.141985731084195,8814035.2036
2014,대학교,사립,기존,서울,동덕여자대학교,공학계열,100,100,859,100,100.0,8.59,98.4241,1.5759000000000043,7.2552,0.0737136534649542,8007366.6667
2014,대학교,사립,기존,서울,동덕여자대학교,예체능계열,640,640,11777,639,99.84,18.4,99.5077,0.3323000000000036,1.5532,0.0156088423307945,9133231.445700001
2014,대학교,사립,기존,서울,동덕여자대학교,인문사회계열,737,737,7168,729,98.91,9.73,97.7282,1.1817999999999955,6.9805,0.0714276943604814,6480516.051200001
2014,대학교,사립,기존,서울,동덕여자대학교,자연과학계열,180,180,1661,180,100.0,9.23,98.3815,1.6184999999999974,6.0145,0.0611344612554189,8068573.699600001
2014,대학교,사립,기존,부산,동명대학교,공학계열,790,790,6187,792,100.25,7.83,99.6244,0.6256000000000057,1.1427,0.0114700816265894,8019353.664399999
2014,대학교,사립,기존,부산,동명대학교,예체능계열,240,240,1361,240,100.0,5.67,99.9189,0.0811000000000063,0.2416,0.0024179609663437,7609227.5538
2014,대학교,사립,기존,부산,동명대학교,인문사회계열,830,830,6218,828,99.76,7.49,98.728,1.032000000000011,1.5785,0.0159883720930232,6069711.8292
2014,대학교,사립,기존,부산,동명대학교,자연과학계열,160,160,2306,160,100.0,14.41,99.665,0.3349999999999937,0.5547,0.00556564491045,7777416.9213
2014,대학교,사립,기존,부산,동서대학교,공학계열,790,790,6563,789,99.87,8.31,99.6244,0.2456000000000102,1.1427,0.0114700816265894,7694750.7507
2014,대학교,사립,기존,부산,동서대학교,예체능계열,410,410,3533,409,99.76,8.62,99.9189,-0.1588999999999885,0.2416,0.0024179609663437,7434123.3779
2014,대학교,사립,기존,부산,동서대학교,인문사회계열,1215,1215,10072,1214,99.92,8.29,98.728,1.1920000000000073,1.5785,0.0159883720930232,6007848.073299999
2014,대학교,사립,기존,부산,동서대학교,자연과학계열,205,205,2568,205,100.0,12.53,99.665,0.3349999999999937,0.5547,0.00556564491045,7868951.759299999
2014,대학교,사립,기존,전남,동신대학교,공학계열,355,355,1603,353,99.44,4.52,97.67,1.769999999999996,3.5617,0.0364666734923722,7461954.1494
2014,대학교,사립,기존,전남,동신대학교,예체능계열,145,145,636,145,100.0,4.39,99.77,0.2300000000000039,0.3984,0.003993184323945,7256346.3758000005
2014,대학교,사립,기존,전남,동신대학교,인문사회계열,625,625,3301,625,100.0,5.28,68.7243,31.2757,44.4659,0.6470185945873584,6033323.6499
2014,대학교,사립,기존,전남,동신대학교,자연과학계열,595,595,3100,594,99.83,5.21,84.844,14.986000000000004,31.5676,0.3720663806515487,7220324.209299999
2014,대학교,사립,기존,부산,동아대학교,공학계열,1250,1250,7027,1245,99.6,5.62,99.6244,-0.0243999999999999,1.1427,0.0114700816265894,8078154.062700001
2014,대학교,사립,기존,부산,동아대학교,예체능계열,565,565,4216,563,99.65,7.46,99.9189,-0.2688999999999879,0.2416,0.0024179609663437,7985752.3823
2014,대학교,사립,기존,부산,동아대학교,인문사회계열,2025,2025,10905,1968,97.19,5.39,98.728,-1.5379999999999967,1.5785,0.0159883720930232,6222023.3991
2014,대학교,사립,기존,부산,동아대학교,자연과학계열,709,709,3547,709,100.0,5.0,99.665,0.3349999999999937,0.5547,0.00556564491045,7326925.1059
2014,대학교,사립,기존,경북,동양대학교,공학계열,490,490,1536,486,99.18,3.13,93.0758,6.104200000000006,20.5208,0.220474065224258,7732083.3765
2014,대학교,사립,기존,경북,동양대학교,예체능계열,120,120,357,120,100.0,2.98,91.4192,8.580799999999996,21.6962,0.2373265134676304,8077178.845900001
2014,대학교,사립,기존,경북,동양대학교,인문사회계열,471,471,1696,448,95.12,3.6,87.0493,8.070700000000002,18.1442,0.2084359093065653,6028332.171800001
2014,대학교,사립,기존,경북,동양대학교,자연과학계열,60,60,339,60,100.0,5.65,94.8215,5.1785,13.4633,0.141985731084195,7685802.4233
2014,대학교,사립,기존,부산,동의대학교,공학계열,1225,1225,7945,1225,100.0,6.49,99.6244,0.3756000000000057,1.1427,0.0114700816265894,7638686.5876
2014,대학교,사립,기존,부산,동의대학교,예체능계열,380,380,2469,380,100.0,6.5,99.9189,0.0811000000000063,0.2416,0.0024179609663437,7264170.181100001
2014,대학교,사립,기존,부산,동의대학교,인문사회계열,1595,1595,10677,1595,100.0,6.69,98.728,1.2720000000000056,1.5785,0.0159883720930232,5682408.8137
2014,대학교,사립,기존,부산,동의대학교,자연과학계열,705,705,4873,705,100.0,6.91,99.665,0.3349999999999937,0.5547,0.00556564491045,6910060.658499999
2014,대학교,사립,기존,경기,루터대학교,인문사회계열,70,70,358,70,100.0,5.11,94.8029,5.197100000000006,14.2625,0.1504437100552831,6702729.075
2014,대학교,사립,기존,경기,명지대학교,공학계열,1018,1018,13021,1017,99.9,12.79,99.0709,0.829100000000011,3.6269,0.0366091354777235,9666516.64
2014,대학교,사립,기존,경기,명지대학교,예체능계열,395,395,5274,393,99.49,13.35,98.4996,0.990399999999994,4.878,0.049523043748401,9991003.1884
2014,대학교,사립,기존,경기,명지대학교,자연과학계열,222,222,2898,221,99.55,13.05,99.7325,-0.1825000000000045,2.0898,0.0209540520893389,8677192.7048
2014,대학교,사립,기존,대전,목원대학교,공학계열,373,373,2190,372,99.73,5.87,99.624,0.1060000000000087,0.5413,0.0054334296956556,8301355.8282
2014,대학교,사립,기존,대전,목원대학교,예체능계열,569,569,3239,567,99.65,5.69,99.8017,-0.151699999999991,0.3441,0.0034478370608917,8360486.043
2014,대학교,사립,기존,대전,목원대학교,인문사회계열,921,921,4560,921,100.0,4.95,96.7212,3.278800000000004,8.7787,0.0907629351166031,6817160.2433
2014,대학교,사립,기존,대전,목원대학교,자연과학계열,215,215,1042,212,98.6,4.85,99.5314,-0.9314000000000108,0.6489,0.006519550614178,7552579.922900001
2014,대학교,사립,기존,전남,목포가톨릭대학교,인문사회계열,40,40,144,40,100.0,3.6,68.7243,31.2757,44.4659,0.6470185945873584,5935800.0
2014,대학교,사립,기존,전남,목포가톨릭대학교,자연과학계열,90,90,438,90,100.0,4.87,84.844,15.156000000000006,31.5676,0.3720663806515487,7104800.0
2014,대학교,사립,기존,대전,배재대학교,공학계열,535,535,2865,528,98.69,5.36,99.624,-0.9339999999999976,0.5413,0.0054334296956556,8277859.7377
2014,대학교,사립,기존,대전,배재대학교,예체능계열,249,249,1113,249,100.0,4.47,99.8017,0.1983000000000032,0.3441,0.0034478370608917,8254137.851100001
2014,대학교,사립,기존,대전,배재대학교,인문사회계열,1124,1124,5762,1118,99.47,5.13,96.7212,2.748800000000003,8.7787,0.0907629351166031,6729994.0758
2014,대학교,사립,기존,대전,배재대학교,자연과학계열,370,370,2030,365,98.65,5.49,99.5314,-0.8813999999999993,0.6489,0.006519550614178,7565965.8229
2014,대학교,사립,기존,충남,백석대학교,공학계열,300,300,1605,299,99.67,5.35,94.3186,5.351399999999998,20.5457,0.2178329618972291,8762283.7125
2014,대학교,사립,기존,충남,백석대학교,예체능계열,685,685,7276,684,99.85,10.62,95.3529,4.497099999999989,16.5771,0.1738499825385489,9283973.2588
2014,대학교,사립,기존,충남,백석대학교,인문사회계열,1832,1832,9177,1830,99.89,5.01,93.1,6.790000000000006,22.3872,0.2404640171858217,7370613.7325
2014,대학교,사립,기존,충남,백석대학교,자연과학계열,283,283,2190,283,100.0,7.74,94.6377,5.362300000000005,17.9744,0.1899285379927872,8805300.0
2014,대학교,사립,기존,부산,부산가톨릭대학교,공학계열,100,100,499,100,100.0,4.99,99.6244,0.3756000000000057,1.1427,0.0114700816265894,7929015.5493
2014,대학교,사립,기존,부산,부산가톨릭대학교,인문사회계열,280,280,1419,269,96.07,5.07,98.728,-2.6580000000000013,1.5785,0.0159883720930232,6154262.3524
2014,대학교,사립,기존,부산,부산가톨릭대학교,자연과학계열,585,585,5195,584,99.83,8.88,99.665,0.164999999999992,0.5547,0.00556564491045,7298788.404999999
2014,교육대학,국립,기존,부산,부산교육대학교,인문사회계열,356,356,2441,356,100.0,6.86,99.8975,0.1025000000000062,0.205,0.0020521034059911,3107200.0
2014,대학교,국립,기존,부산,부산대학교,공학계열,1599,1596,11635,1601,100.31,7.29,100.1033,0.2066999999999978,0.179,0.0017881528381182,4760204.1177
2014,대학교,국립,기존,부산,부산대학교,예체능계열,359,359,2271,359,100.0,6.33,100.0,0.0,0.0,0.0,4751333.333
2014,대학교,국립,기존,부산,부산대학교,인문사회계열,1446,1447,11517,1441,99.59,7.96,99.8975,-0.3074999999999903,0.205,0.0020521034059911,3552716.0592
2014,대학교,국립,기존,부산,부산대학교,자연과학계열,1030,1032,6289,1024,99.22,6.09,99.74,-0.519999999999996,0.4503,0.004514738319631,4608177.5743
2014,대학교,사립,기존,부산,부산외국어대학교,공학계열,165,165,1150,165,100.0,6.97,99.6244,0.3756000000000057,1.1427,0.0114700816265894,7897294.9478
2014,대학교,사립,기존,부산,부산외국어대학교,예체능계열,80,80,461,80,100.0,5.76,99.9189,0.0811000000000063,0.2416,0.0024179609663437,6880964.818000001
2014,대학교,사립,기존,부산,부산외국어대학교,인문사회계열,1830,1830,9432,1825,99.73,5.15,98.728,1.0020000000000095,1.5785,0.0159883720930232,6054354.3346
2014,대학교,사립,기존,경남,부산장신대학교,인문사회계열,70,70,179,70,100.0,2.56,95.2986,4.701400000000007,6.9969,0.0734208057620993,6104227.5117
2014,대학교,사립,기존,서울,삼육대학교,공학계열,159,159,729,157,98.74,4.58,98.4241,0.3158999999999992,7.2552,0.0737136534649542,8770773.9831
2014,대학교,사립,기존,서울,삼육대학교,예체능계열,195,195,3113,194,99.49,15.96,99.5077,-0.0177000000000049,1.5532,0.0156088423307945,9215430.879999999
2014,대학교,사립,기존,서울,삼육대학교,인문사회계열,438,438,2649,438,100.0,6.05,97.7282,2.271799999999999,6.9805,0.0714276943604814,7409350.3354
2014,대학교,사립,기존,서울,삼육대학교,자연과학계열,420,420,2440,419,99.76,5.81,98.3815,1.3785000000000025,6.0145,0.0611344612554189,8434035.3061
2014,대학교,사립,기존,서울,상명대학교,공학계열,244,244,2119,242,99.18,8.68,98.4241,0.7559000000000111,7.2552,0.0737136534649542,8907479.5099
2014,대학교,사립,기존,서울,상명대학교,예체능계열,255,255,4886,255,100.0,19.16,99.5077,0.4923000000000002,1.5532,0.0156088423307945,9403698.6191
2014,대학교,사립,기존,서울,상명대학교,인문사회계열,685,685,9293,681,99.42,13.57,97.7282,1.6918000000000006,6.9805,0.0714276943604814,7269195.7831
2014,대학교,사립,기존,서울,상명대학교,자연과학계열,216,216,2449,216,100.0,11.34,98.3815,1.6184999999999974,6.0145,0.0611344612554189,8448554.9999
2014,대학교,사립,기존,강원,상지대학교,공학계열,275,275,945,275,100.0,3.44,91.8525,8.147499999999994,21.7698,0.2370082469176124,8341745.9013
2014,대학교,사립,기존,강원,상지대학교,예체능계열,231,231,1016,231,100.0,4.4,92.9614,7.038600000000002,18.4641,0.1986211481324506,8028785.0228
2014,대학교,사립,기존,강원,상지대학교,인문사회계열,930,930,3087,925,99.46,3.32,90.2512,9.208799999999997,15.9108,0.1762946088251458,6675719.9082
2014,대학교,사립,기존,강원,상지대학교,자연과학계열,550,550,2409,550,100.0,4.38,93.285,6.715000000000003,10.4671,0.1122056064747815,7717274.0691
2014,대학교,사립,기존,서울,서강대학교,공학계열,421,421,10306,420,99.76,24.48,98.4241,1.3359000000000094,7.2552,0.0737136534649542,9927353.3333
2014,대학교,사립,기존,서울,서강대학교,인문사회계열,1005,1005,18575,961,95.62,18.48,97.7282,-2.1081999999999965,6.9805,0.0714276943604814,7749999.864
2014,대학교,사립,기존,서울,서강대학교,자연과학계열,214,214,4027,149,69.63,18.82,98.3815,-28.751500000000007,6.0145,0.0611344612554189,9024405.0
2014,대학교,사립,기존,서울,서경대학교,공학계열,400,400,4074,398,99.5,10.18,98.4241,1.0759000000000043,7.2552,0.0737136534649542,8736269.0616
2014,대학교,사립,기존,서울,서경대학교,예체능계열,400,400,7389,400,100.0,18.47,99.5077,0.4923000000000002,1.5532,0.0156088423307945,9125162.7721
2014,대학교,사립,기존,서울,서경대학교,인문사회계열,530,530,6137,523,98.68,11.58,97.7282,0.9518000000000058,6.9805,0.0714276943604814,7016831.5008000005
2014,대학교,사립,기존,서울,서경대학교,자연과학계열,80,80,1004,80,100.0,12.55,98.3815,1.6184999999999974,6.0145,0.0611344612554189,8853033.3333
2014,대학교,국립,기존,서울,서울과학기술대학교,공학계열,1494,1494,15049,1492,99.87,10.07,63.965,35.905,50.7773,0.7938294379738918,5494128.3050999995
2014,대학교,국립,기존,서울,서울과학기술대학교,예체능계열,278,278,4106,278,100.0,14.77,99.905,0.0949999999999988,0.1344,0.0013452780141134,5567009.9999
2014,대학교,국립,기존,서울,서울과학기술대학교,인문사회계열,300,300,2674,298,99.33,8.91,85.495,13.834999999999994,28.378,0.3319258436165857,4684437.853
2014,대학교,국립,기존,서울,서울과학기술대학교,자연과학계열,168,168,1793,168,100.0,10.67,69.76,30.239999999999995,42.7658,0.6130418577981651,5497893.0
2014,교육대학,국립,기존,서울,서울교육대학교,인문사회계열,355,355,2062,354,99.72,5.81,85.495,14.224999999999994,28.378,0.3319258436165857,3156400.0
2014,대학교,사립,기존,서울,서울기독대학교,예체능계열,51,51,138,51,100.0,2.71,99.5077,0.4923000000000002,1.5532,0.0156088423307945,8640110.9143
2014,대학교,사립,기존,서울,서울기독대학교,인문사회계열,110,110,269,110,100.0,2.45,97.7282,2.271799999999999,6.9805,0.0714276943604814,6880208.2707
2014,대학교,국립대법인,기존,서울,서울대학교,공학계열,853,853,4074,852,99.88,4.78,99.88,0.0,0.0,0.0,6064307.7824
2014,대학교,국립대법인,기존,서울,서울대학교,예체능계열,285,285,5195,284,99.65,18.23,99.65,0.0,0.0,0.0,7539922.1784
2014,대학교,국립대법인,기존,서울,서울대학교,인문사회계열,1187,1187,7273,1187,100.0,6.13,100.0,0.0,0.0,0.0,5046714.8876
2014,대학교,국립대법인,기존,서울,서울대학교,자연과학계열,799,799,5204,801,100.25,6.51,100.25,0.0,0.0,0.0,6312731.3597
2014,대학교,공립,기존,서울,서울시립대학교,공학계열,650,650,5236,638,98.15,8.06,98.15,0.0,0.0,0.0,2737800.0
2014,대학교,공립,기존,서울,서울시립대학교,예체능계열,136,136,1034,136,100.0,7.6,100.0,0.0,0.0,0.0,2971550.0
2014,대학교,공립,기존,서울,서울시립대학교,인문사회계열,812,812,8276,801,98.65,10.19,98.65,0.0,0.0,0.0,2080800.0
2014,대학교,공립,기존,서울,서울시립대학교,자연과학계열,170,170,1607,169,99.41,9.45,99.41,0.0,0.0,0.0,2463264.7619
2014,대학교,사립,기존,경기,서울신학대학교,예체능계열,85,85,886,84,98.82,10.42,98.4996,0.3203999999999922,4.878,0.049523043748401,8832354.145
2014,대학교,사립,기존,경기,서울신학대학교,인문사회계열,455,455,1772,451,99.12,3.89,94.8029,4.317100000000011,14.2625,0.1504437100552831,7051819.7447
2014,대학교,사립,기존,서울,서울여자대학교,공학계열,160,160,1227,158,98.75,7.67,98.4241,0.3259000000000043,7.2552,0.0737136534649542,8618609.8092
2014,대학교,사립,기존,서울,서울여자대학교,예체능계열,200,200,3742,199,99.5,18.71,99.5077,-0.0076999999999998,1.5532,0.0156088423307945,9700661.1305
2014,대학교,사립,기존,서울,서울여자대학교,인문사회계열,980,980,10634,962,98.16,10.85,97.7282,0.4317999999999955,6.9805,0.0714276943604814,7368183.187900001
2014,대학교,사립,기존,서울,서울여자대학교,자연과학계열,390,390,3171,379,97.18,8.13,98.3815,-1.2014999999999958,6.0145,0.0611344612554189,8540384.2063
2014,대학교,사립,기존,경기,서울장신대학교,예체능계열,30,30,66,30,100.0,2.2,98.4996,1.500399999999999,4.878,0.049523043748401,10058620.0
2014,대학교,사립,기존,경기,서울장신대학교,인문사회계열,92,92,236,92,100.0,2.57,94.8029,5.197100000000006,14.2625,0.1504437100552831,7484890.0
2014,대학교,사립,기존,서울,서울한영대학교,예체능계열,15,15,45,15,100.0,3.0,99.5077,0.4923000000000002,1.5532,0.0156088423307945,8474634.9833
2014,대학교,사립,기존,서울,서울한영대학교,인문사회계열,185,185,473,164,88.65,2.56,97.7282,-9.078199999999995,6.9805,0.0714276943604814,6859945.0672
2014,대학교,사립,기존,충북,서원대학교,공학계열,350,350,2491,349,99.71,7.12,99.12,0.5899999999999892,0.7439,0.0075050443906376,8196490.192399999
2014,대학교,사립,기존,충북,서원대학교,예체능계열,255,255,1487,255,100.0,5.83,97.6938,2.306200000000004,4.5564,0.0466396025131584,7846819.4164
2014,대학교,사립,기존,충북,서원대학교,인문사회계열,872,872,6544,871,99.89,7.5,97.2889,2.6011000000000024,3.3993,0.0349402655390286,6527212.7165
2014,대학교,사립,기존,충북,서원대학교,자연과학계열,270,270,2069,270,100.0,7.66,99.5825,0.417500000000004,0.5877,0.0059016393442622,7593953.451800001
2014,대학교,사립,기존,충남,선문대학교,공학계열,712,712,3646,711,99.86,5.12,94.3186,5.541399999999996,20.5457,0.2178329618972291,8505540.4702
2014,대학교,사립,기존,충남,선문대학교,예체능계열,160,160,980,160,100.0,6.12,95.3529,4.647099999999995,16.5771,0.1738499825385489,8028918.1086
2014,대학교,사립,기존,충남,선문대학교,인문사회계열,1102,1102,5488,1100,99.82,4.98,93.1,6.719999999999999,22.3872,0.2404640171858217,6965922.151099999
2014,대학교,사립,기존,충남,선문대학교,자연과학계열,308,308,1968,307,99.68,6.39,94.6377,5.042300000000012,17.9744,0.1899285379927872,8239229.8806
2014,대학교,사립,기존,경기,성결대학교,공학계열,310,310,2663,310,100.0,8.59,99.0709,0.9291000000000054,3.6269,0.0366091354777235,8562478.5714
2014,대학교,사립,기존,경기,성결대학교,예체능계열,180,180,3030,180,100.0,16.83,98.4996,1.500399999999999,4.878,0.049523043748401,9346624.9946
2014,대학교,사립,기존,경기,성결대학교,인문사회계열,790,790,7127,790,100.0,9.02,94.8029,5.197100000000006,14.2625,0.1504437100552831,6873909.504899999
2014,대학교,사립,기존,서울,성공회대학교,공학계열,150,150,820,150,100.0,5.47,98.4241,1.5759000000000043,7.2552,0.0737136534649542,7992547.5
2014,대학교,사립,기존,서울,성공회대학교,인문사회계열,390,390,2043,387,99.23,5.24,97.7282,1.501800000000003,6.9805,0.0714276943604814,7282935.1515
2014,대학교,사립,기존,서울,성균관대학교,공학계열,1137,1137,26481,1131,99.47,23.29,98.4241,1.0459000000000032,7.2552,0.0737136534649542,9304646.517
2014,대학교,사립,기존,서울,성균관대학교,예체능계열,270,270,3794,269,99.63,14.05,99.5077,0.1222999999999956,1.5532,0.0156088423307945,9566756.23
2014,대학교,사립,기존,서울,성균관대학교,인문사회계열,1542,1542,37279,1539,99.81,24.18,97.7282,2.081800000000001,6.9805,0.0714276943604814,7463666.0782
2014,대학교,사립,기존,서울,성균관대학교,자연과학계열,493,493,13020,490,99.39,26.41,98.3815,1.008499999999998,6.0145,0.0611344612554189,8856363.9684
2014,대학교,사립,기존,서울,성신여자대학교,공학계열,81,81,671,81,100.0,8.28,98.4241,1.5759000000000043,7.2552,0.0737136534649542,8619105.8846
2014,대학교,사립,기존,서울,성신여자대학교,예체능계열,550,550,10201,550,100.0,18.55,99.5077,0.4923000000000002,1.5532,0.0156088423307945,9974875.4945
2014,대학교,사립,기존,서울,성신여자대학교,인문사회계열,1160,1160,12249,1146,98.79,10.56,97.7282,1.0618000000000052,6.9805,0.0714276943604814,7319715.1154
2014,대학교,사립,기존,서울,성신여자대학교,자연과학계열,425,425,4378,421,99.06,10.3,98.3815,0.6784999999999997,6.0145,0.0611344612554189,8573598.562199999
2014,대학교,사립,기존,충북,세명대학교,공학계열,330,330,1749,327,99.09,5.3,99.12,-0.0300000000000011,0.7439,0.0075050443906376,7951320.926100001
2014,대학교,사립,기존,충북,세명대학교,예체능계열,250,250,1395,249,99.6,5.58,97.6938,1.9061999999999983,4.5564,0.0466396025131584,7805764.103499999
2014,대학교,사립,기존,충북,세명대학교,인문사회계열,980,980,5211,974,99.39,5.32,97.2889,2.1011000000000024,3.3993,0.0349402655390286,6300402.1941
2014,대학교,사립,기존,충북,세명대학교,자연과학계열,530,530,3638,527,99.43,6.86,99.5825,-0.1524999999999892,0.5877,0.0059016393442622,7605857.901899999
2014,대학교,사립,기존,서울,세종대학교,공학계열,1117,1117,6577,1104,98.84,5.89,98.4241,0.4159000000000077,7.2552,0.0737136534649542,8898619.59
2014,대학교,사립,기존,서울,세종대학교,예체능계열,335,335,6159,334,99.7,18.39,99.5077,0.192300000000003,1.5532,0.0156088423307945,9046442.1466
2014,대학교,사립,기존,서울,세종대학교,인문사회계열,665,665,8112,656,98.65,12.2,97.7282,0.9218000000000046,6.9805,0.0714276943604814,6594035.713400001
2014,대학교,사립,기존,서울,세종대학교,자연과학계열,203,203,1479,201,99.01,7.29,98.3815,0.6285000000000025,6.0145,0.0611344612554189,7714568.4743
2014,대학교,사립,기존,전남,세한대학교,공학계열,85,85,309,85,100.0,3.64,97.67,2.3299999999999983,3.5617,0.0364666734923722,7718890.2381
2014,대학교,사립,기존,전남,세한대학교,예체능계열,320,320,918,320,100.0,2.87,99.77,0.2300000000000039,0.3984,0.003993184323945,7021176.001800001
2014,대학교,사립,기존,전남,세한대학교,인문사회계열,355,355,1519,355,100.0,4.28,68.7243,31.2757,44.4659,0.6470185945873584,5937898.6463
2014,대학교,사립,기존,전남,세한대학교,자연과학계열,200,200,999,200,100.0,5.0,84.844,15.156000000000006,31.5676,0.3720663806515487,6784397.035699999
2014,대학교,사립,기존,광주,송원대학교,공학계열,170,170,675,161,94.71,3.97,98.428,-3.718000000000004,3.7214,0.0378083472182712,7011866.657199999
2014,대학교,사립,기존,광주,송원대학교,예체능계열,115,115,299,112,97.39,2.6,98.1662,-0.7762000000000029,1.9509,0.0198734391267055,6992126.667200001
2014,대학교,사립,기존,광주,송원대학교,인문사회계열,315,315,1324,312,99.05,4.2,97.7925,1.2574999999999932,4.5276,0.0462980289899532,6037041.5067
2014,대학교,사립,기존,광주,송원대학교,자연과학계열,200,200,1968,200,100.0,9.84,98.9517,1.0482999999999976,1.4367,0.0145192048241717,6802051.080500001
2014,대학교,사립,기존,경기,수원가톨릭대학교,인문사회계열,90,90,64,39,43.33,0.71,94.8029,-51.4729,14.2625,0.1504437100552831,5325000.0
2014,대학교,사립,기존,서울,숙명여자대학교,공학계열,115,115,1373,115,100.0,11.94,98.4241,1.5759000000000043,7.2552,0.0737136534649542,9485943.1818
2014,대학교,사립,기존,서울,숙명여자대학교,예체능계열,380,380,3175,380,100.0,8.36,99.5077,0.4923000000000002,1.5532,0.0156088423307945,10226027.989599999
2014,대학교,사립,기존,서울,숙명여자대학교,인문사회계열,1381,1381,17215,1370,99.2,12.47,97.7282,1.4718000000000018,6.9805,0.0714276943604814,7670642.5254
2014,대학교,사립,기존,서울,숙명여자대학교,자연과학계열,322,322,4472,320,99.38,13.89,98.3815,0.9984999999999928,6.0145,0.0611344612554189,9034523.9742
2014,각종학교(대학),사립,기존,충북,순복음총회신학교,예체능계열,15,15,16,13,86.67,1.07,97.6938,-11.023799999999994,4.5564,0.0466396025131584,7234285.709999999
2014,각종학교(대학),사립,기존,충북,순복음총회신학교,인문사회계열,85,85,85,76,89.41,1.0,97.2889,-7.878900000000002,3.3993,0.0349402655390286,5676930.686
2014,대학교,사립,기존,충남,순천향대학교,공학계열,668,668,4732,664,99.4,7.08,94.3186,5.081400000000002,20.5457,0.2178329618972291,8840640.9375
2014,대학교,사립,기존,충남,순천향대학교,예체능계열,255,255,3319,255,100.0,13.02,95.3529,4.647099999999995,16.5771,0.1738499825385489,8288314.285699999
2014,대학교,사립,기존,충남,순천향대학교,인문사회계열,990,990,7593,984,99.39,7.67,93.1,6.290000000000006,22.3872,0.2404640171858217,7496940.0359
2014,대학교,사립,기존,충남,순천향대학교,자연과학계열,617,617,4865,614,99.51,7.88,94.6377,4.87230000000001,17.9744,0.1899285379927872,8379226.617300001
2014,대학교,사립,기존,서울,숭실대학교,공학계열,1173,1173,14298,1162,99.06,12.19,98.4241,0.6359000000000066,7.2552,0.0737136534649542,9318848.412899999
2014,대학교,사립,기존,서울,숭실대학교,예체능계열,45,45,526,45,100.0,11.69,99.5077,0.4923000000000002,1.5532,0.0156088423307945,9293699.9999
2014,대학교,사립,기존,서울,숭실대학교,인문사회계열,1222,1222,19111,1208,98.85,15.64,97.7282,1.1217999999999932,6.9805,0.0714276943604814,7629418.0726
2014,대학교,사립,기존,서울,숭실대학교,자연과학계열,235,235,3305,233,99.15,14.06,98.3815,0.7685000000000031,6.0145,0.0611344612554189,8475300.0
2014,대학교,사립,기존,경북,신경주대학교,예체능계열,150,150,183,32,21.33,1.22,91.4192,-70.0892,21.6962,0.2373265134676304,8436174.885
2014,대학교,사립,기존,경북,신경주대학교,인문사회계열,429,429,830,156,36.36,1.93,87.0493,-50.6893,18.1442,0.2084359093065653,6635040.6239
2014,대학교,사립,기존,경북,신경주대학교,자연과학계열,115,115,405,58,50.43,3.52,94.8215,-44.3915,13.4633,0.141985731084195,7309179.487299999
2014,대학교,사립,기존,부산,신라대학교,공학계열,370,370,2104,372,100.54,5.69,99.6244,0.915600000000012,1.1427,0.0114700816265894,8010356.3802000005
2014,대학교,사립,기존,부산,신라대학교,예체능계열,325,325,1277,325,100.0,3.93,99.9189,0.0811000000000063,0.2416,0.0024179609663437,7656044.7221
2014,대학교,사립,기존,부산,신라대학교,인문사회계열,1205,1205,5691,1207,100.17,4.72,98.728,1.4420000000000073,1.5785,0.0159883720930232,5934444.0519
2014,대학교,사립,기존,부산,신라대학교,자연과학계열,405,405,2335,403,99.51,5.77,99.665,-0.1550000000000011,0.5547,0.00556564491045,7294631.6367
2014,대학교,사립,기존,경기,신한대학교,공학계열,173,173,1849,170,98.27,10.69,99.0709,-0.8008999999999986,3.6269,0.0366091354777235,10340457.3325
2014,대학교,사립,기존,경기,신한대학교,자연과학계열,90,90,1367,90,100.0,15.19,99.7325,0.2674999999999983,2.0898,0.0209540520893389,9743684.0
2014,대학교,사립,기존,경기,신한대학교 _제2캠퍼스,공학계열,70,70,808,70,100.0,11.54,99.0709,0.9291000000000054,3.6269,0.0366091354777235,10303166.285699999
2014,대학교,사립,기존,경기,신한대학교 _제2캠퍼스,예체능계열,175,175,1837,172,98.29,10.5,98.4996,-0.2095999999999946,4.878,0.049523043748401,10234567.6125
2014,대학교,사립,기존,경기,신한대학교 _제2캠퍼스,인문사회계열,485,485,6509,482,99.38,13.42,94.8029,4.5771000000000015,14.2625,0.1504437100552831,8135300.9772
2014,대학교,사립,기존,경기,신한대학교 _제2캠퍼스,자연과학계열,390,390,4810,388,99.49,12.33,99.7325,-0.2425000000000068,2.0898,0.0209540520893389,9759599.592300002
2014,대학교,사립,기존,경기,아신대학교,인문사회계열,200,200,386,187,93.5,1.93,94.8029,-1.302899999999994,14.2625,0.1504437100552831,6709164.5026
2014,대학교,사립,기존,경기,아주대학교,공학계열,1039,1039,12481,1036,99.71,12.01,99.0709,0.6390999999999991,3.6269,0.0366091354777235,9345808.6814
2014,대학교,사립,기존,경기,아주대학교,인문사회계열,635,635,8103,631,99.37,12.76,94.8029,4.567100000000011,14.2625,0.1504437100552831,7494709.7883
2014,대학교,사립,기존,경기,아주대학교,자연과학계열,264,264,3921,263,99.62,14.85,99.7325,-0.1124999999999971,2.0898,0.0209540520893389,8890357.6299
2014,대학교,사립,기존,경기,안양대학교,공학계열,320,320,4395,319,99.69,13.73,99.0709,0.6191000000000031,3.6269,0.0366091354777235,8801810.301800001
2014,대학교,사립,기존,경기,안양대학교,예체능계열,152,152,2374,150,98.68,15.62,98.4996,0.1804000000000059,4.878,0.049523043748401,8829910.7019
2014,대학교,사립,기존,경기,안양대학교,인문사회계열,555,555,7914,547,98.56,14.26,94.8029,3.757100000000008,14.2625,0.1504437100552831,7115788.551700001
2014,대학교,사립,기존,경기,안양대학교,자연과학계열,90,90,1412,89,98.89,15.69,99.7325,-0.8425000000000011,2.0898,0.0209540520893389,8316582.17
2014,대학교,사립,기존,인천,안양대학교 _제2캠퍼스,공학계열,70,70,418,70,100.0,5.97,99.69,0.3100000000000023,0.4384,0.0043976326612498,8874450.5217
2014,대학교,사립,기존,서울,연세대학교,공학계열,900,900,11832,893,99.22,13.15,98.4241,0.7959000000000032,7.2552,0.0737136534649542,10404184.8629
2014,대학교,사립,기존,서울,연세대학교,예체능계열,209,209,1594,209,100.0,7.63,99.5077,0.4923000000000002,1.5532,0.0156088423307945,10377073.2157
2014,대학교,사립,기존,서울,연세대학교,인문사회계열,1649,1649,26085,1642,99.58,15.82,97.7282,1.8517999999999968,6.9805,0.0714276943604814,9168762.9264
2014,대학교,사립,기존,서울,연세대학교,자연과학계열,650,650,9681,646,99.38,14.89,98.3815,0.9984999999999928,6.0145,0.0611344612554189,9890386.9891
2014,대학교,사립,기존,강원,연세대학교(미래),공학계열,233,233,1271,231,99.14,5.45,91.8525,7.287499999999994,21.7698,0.2370082469176124,9868460.0
2014,대학교,사립,기존,강원,연세대학교(미래),예체능계열,80,80,586,80,100.0,7.32,92.9614,7.038600000000002,18.4641,0.1986211481324506,8851150.0
2014,대학교,사립,기존,강원,연세대학교(미래),인문사회계열,595,595,3606,588,98.82,6.06,90.2512,8.568799999999996,15.9108,0.1762946088251458,7815907.076199999
2014,대학교,사립,기존,강원,연세대학교(미래),자연과학계열,620,620,6878,615,99.19,11.09,93.285,5.905000000000001,10.4671,0.1122056064747815,8696892.771000002
2014,대학교,사립,기존,경북,영남대학교,공학계열,1391,1391,9578,1389,99.86,6.89,93.0758,6.784199999999999,20.5208,0.220474065224258,8517627.452300001
2014,대학교,사립,기존,경북,영남대학교,예체능계열,525,525,3167,524,99.81,6.03,91.4192,8.390799999999999,21.6962,0.2373265134676304,9250465.116600001
2014,대학교,사립,기존,경북,영남대학교,인문사회계열,2058,2058,12129,2029,98.59,5.89,87.0493,11.5407,18.1442,0.2084359093065653,6215905.616400001
2014,대학교,사립,기존,경북,영남대학교,자연과학계열,938,938,5804,936,99.79,6.19,94.8215,4.968500000000006,13.4633,0.141985731084195,8624152.302099999
2014,대학교,사립,기존,경북,영남신학대학교,인문사회계열,125,125,146,101,80.8,1.17,87.0493,-6.249300000000005,18.1442,0.2084359093065653,6372754.8333
2014,대학교,사립,기존,경남,영산대학교,공학계열,260,260,1420,251,96.54,5.46,94.028,2.5120000000000005,6.3189,0.0672023227123835,7607864.4602
2014,대학교,사립,기존,경남,영산대학교,예체능계열,90,90,342,90,100.0,3.8,96.135,3.864999999999995,9.1443,0.0951193633952254,6747516.8
2014,대학교,사립,기존,경남,영산대학교,인문사회계열,361,361,1926,340,94.18,5.34,95.2986,-1.1185999999999865,6.9969,0.0734208057620993,5747047.1291000005
2014,대학교,사립,기존,경남,영산대학교,자연과학계열,160,160,2370,159,99.38,14.81,91.3817,7.9983,12.9714,0.1419474577513878,7204843.133300001
2014,대학교,사립,기존,부산,영산대학교 _제2캠퍼스,예체능계열,210,210,1087,209,99.52,5.18,99.9189,-0.3988999999999976,0.2416,0.0024179609663437,7161196.2057
2014,대학교,사립,기존,부산,영산대학교 _제2캠퍼스,인문사회계열,421,421,2589,409,97.15,6.15,98.728,-1.5779999999999887,1.5785,0.0159883720930232,5685550.4497
2014,대학교,사립,기존,부산,영산대학교 _제2캠퍼스,자연과학계열,135,135,892,135,100.0,6.61,99.665,0.3349999999999937,0.5547,0.00556564491045,7035073.5139
2014,대학교,사립,기존,전남,영산선학대학교,인문사회계열,50,50,2,2,4.0,0.04,68.7243,-64.7243,44.4659,0.6470185945873584,2060000.0
2014,대학교,사립,기존,전북,예수대학교,자연과학계열,115,115,303,115,100.0,2.63,91.1143,8.8857,20.9815,0.2302766964131865,7225614.2
2014,대학교,사립,기존,전북,예원예술대학교,예체능계열,114,97,635,96,98.97,6.55,87.7429,11.227099999999991,28.7165,0.3272800420318908,8219390.6278
2014,대학교,사립,기존,경기,예원예술대학교 _제2캠퍼스,예체능계열,99,99,630,100,101.01,6.36,98.4996,2.510400000000004,4.878,0.049523043748401,8482056.3249
2014,대학교,사립,기존,경기,용인대학교,예체능계열,802,802,7305,800,99.75,9.11,98.4996,1.250399999999999,4.878,0.049523043748401,8589386.5339
2014,대학교,사립,기존,경기,용인대학교,인문사회계열,429,429,3620,424,98.83,8.44,94.8029,4.027100000000004,14.2625,0.1504437100552831,7421715.404700001
2014,대학교,사립,기존,경기,용인대학교,자연과학계열,239,239,2245,235,98.33,9.39,99.7325,-1.4025000000000034,2.0898,0.0209540520893389,8146831.9013
2014,대학교,사립,기존,전북,우석대학교,공학계열,455,455,1612,426,93.63,3.54,78.468,15.161999999999992,43.5191,0.5546095223530612,7978770.039399999
2014,대학교,사립,기존,전북,우석대학교,예체능계열,315,315,1017,304,96.51,3.23,87.7429,8.7671,28.7165,0.3272800420318908,7581757.376999999
2014,대학교,사립,기존,전북,우석대학교,인문사회계열,635,635,2201,586,92.28,3.47,84.2288,8.051199999999994,32.7439,0.3887494538685104,6174829.469400001
2014,대학교,사립,기존,전북,우석대학교,자연과학계열,475,475,2271,458,96.42,4.78,91.1143,5.305700000000002,20.9815,0.2302766964131865,7474295.579700001
2014,대학교,사립,기존,대전,우송대학교,공학계열,540,540,3795,540,100.0,7.03,99.624,0.3760000000000048,0.5413,0.0054334296956556,7662368.702099999
2014,대학교,사립,기존,대전,우송대학교,예체능계열,250,250,2201,250,100.0,8.8,99.8017,0.1983000000000032,0.3441,0.0034478370608917,7832897.995
2014,대학교,사립,기존,대전,우송대학교,인문사회계열,792,792,6319,790,99.75,7.98,96.7212,3.028800000000004,8.7787,0.0907629351166031,7178382.853399999
2014,대학교,사립,기존,대전,우송대학교,자연과학계열,578,578,6136,578,100.0,10.62,99.5314,0.468599999999995,0.6489,0.006519550614178,7827367.4123
2014,대학교,특별법법인,기존,울산,울산과학기술원,공학계열,650,650,2403,650,100.0,3.7,100.0,0.0,0.0,0.0,6286622.222200001
2014,대학교,특별법법인,기존,울산,울산과학기술원,인문사회계열,100,100,246,99,99.0,2.46,99.0,0.0,0.0,0.0,5685533.3331
2014,대학교,사립,기존,울산,울산대학교,공학계열,990,990,6279,988,99.8,6.34,99.8,0.0,0.0,0.0,8551358.7632
2014,대학교,사립,기존,울산,울산대학교,예체능계열,325,325,1672,325,100.0,5.14,100.0,0.0,0.0,0.0,9006919.3274
2014,대학교,사립,기존,울산,울산대학교,인문사회계열,971,971,3683,968,99.69,3.79,99.69,0.0,0.0,0.0,6169365.0942
2014,대학교,사립,기존,울산,울산대학교,자연과학계열,560,560,5354,559,99.82,9.56,99.82,0.0,0.0,0.0,8082630.732899999
2014,대학교,사립,기존,전북,원광대학교,공학계열,704,704,3225,702,99.72,4.58,78.468,21.251999999999995,43.5191,0.5546095223530612,8261697.1229
2014,대학교,사립,기존,전북,원광대학교,예체능계열,573,573,1965,564,98.43,3.43,87.7429,10.6871,28.7165,0.3272800420318908,7811127.790899999
2014,대학교,사립,기존,전북,원광대학교,인문사회계열,1540,1540,6607,1512,98.18,4.29,84.2288,13.9512,32.7439,0.3887494538685104,6418968.6188
2014,대학교,사립,기존,전북,원광대학교,자연과학계열,859,859,5748,857,99.77,6.69,91.1143,8.655699999999996,20.9815,0.2302766964131865,7931645.109800001
2014,대학교,사립,기존,경북,위덕대학교,공학계열,195,195,469,192,98.46,2.41,93.0758,5.384199999999993,20.5208,0.220474065224258,8211784.646
2014,대학교,사립,기존,경북,위덕대학교,예체능계열,70,70,115,70,100.0,1.64,91.4192,8.580799999999996,21.6962,0.2373265134676304,8680141.6833
2014,대학교,사립,기존,경북,위덕대학교,인문사회계열,385,385,1040,382,99.22,2.7,87.0493,12.170699999999997,18.1442,0.2084359093065653,6690155.2485
2014,대학교,사립,기존,경북,위덕대학교,자연과학계열,220,220,789,212,96.36,3.59,94.8215,1.538499999999999,13.4633,0.141985731084195,8271146.1376
2014,대학교,사립,기존,충북,유원대학교,공학계열,240,240,1314,234,97.5,5.48,99.12,-1.6200000000000043,0.7439,0.0075050443906376,8220267.4846
2014,대학교,사립,기존,충북,유원대학교,예체능계열,110,110,493,107,97.27,4.48,97.6938,-0.4237999999999999,4.5564,0.0466396025131584,8183830.6866999995
2014,대학교,사립,기존,충북,유원대학교,인문사회계열,400,400,2303,385,96.25,5.76,97.2889,-1.0388999999999982,3.3993,0.0349402655390286,6610638.6483
2014,대학교,사립,기존,충북,유원대학교,자연과학계열,330,330,2598,325,98.48,7.87,99.5825,-1.102499999999992,0.5877,0.0059016393442622,8256969.7883
2014,대학교,사립,기존,대전,을지대학교,자연과학계열,147,147,1199,147,100.0,8.16,99.5314,0.468599999999995,0.6489,0.006519550614178,10033003.3331
2014,대학교,사립,기존,경기,을지대학교 _제2캠퍼스,예체능계열,80,80,713,80,100.0,8.91,98.4996,1.500399999999999,4.878,0.049523043748401,9152434.32
2014,대학교,사립,기존,경기,을지대학교 _제2캠퍼스,인문사회계열,160,160,1631,159,99.38,10.19,94.8029,4.5771000000000015,14.2625,0.1504437100552831,8208537.840000001
2014,대학교,사립,기존,경기,을지대학교 _제2캠퍼스,자연과학계열,757,757,10397,753,99.47,13.73,99.7325,-0.2625000000000028,2.0898,0.0209540520893389,9009712.329699999
2014,대학교,사립,기존,서울,이화여자대학교,공학계열,268,268,2588,268,100.0,9.66,98.4241,1.5759000000000043,7.2552,0.0737136534649542,9779742.8095
2014,대학교,사립,기존,서울,이화여자대학교,예체능계열,643,643,4738,643,100.0,7.37,99.5077,0.4923000000000002,1.5532,0.0156088423307945,10339114.7046
2014,대학교,사립,기존,서울,이화여자대학교,인문사회계열,1488,1488,17222,1483,99.66,11.57,97.7282,1.9317999999999955,6.9805,0.0714276943604814,7792587.0852
2014,대학교,사립,기존,서울,이화여자대학교,자연과학계열,590,590,6875,587,99.49,11.65,98.3815,1.1084999999999925,6.0145,0.0611344612554189,9318137.3997
2014,대학교,사립,기존,경남,인제대학교,공학계열,683,683,3235,681,99.71,4.74,94.028,5.681999999999988,6.3189,0.0672023227123835,7980644.8903
2014,대학교,사립,기존,경남,인제대학교,예체능계열,228,228,943,229,100.44,4.14,96.135,4.304999999999993,9.1443,0.0951193633952254,7513880.3006
2014,대학교,사립,기존,경남,인제대학교,인문사회계열,910,910,4314,903,99.23,4.74,95.2986,3.93140000000001,6.9969,0.0734208057620993,5895817.1405
2014,대학교,사립,기존,경남,인제대학교,자연과학계열,457,457,2754,455,99.56,6.03,91.3817,8.178300000000007,12.9714,0.1419474577513878,7671029.549699999
2014,대학교,사립,기존,인천,인천가톨릭대학교,인문사회계열,30,30,36,22,73.33,1.2,90.99,-17.659999999999997,15.2951,0.168096494120233,5270100.0
2014,대학교,사립,기존,인천,인천가톨릭대학교 _제2캠퍼스,예체능계열,110,110,705,110,100.0,6.41,99.755,0.2450000000000045,0.3465,0.0034735100997443,8522931.1315
2014,대학교,사립,기존,인천,인천가톨릭대학교 _제2캠퍼스,자연과학계열,40,40,297,40,100.0,7.42,99.49,0.5100000000000051,0.7212,0.007248969745703,8815150.0
2014,대학교,국립대법인,기존,인천,인천대학교,공학계열,1085,1085,5479,1083,99.82,5.05,99.82,0.0,0.0,0.0,5306574.6032
2014,대학교,국립대법인,기존,인천,인천대학교,예체능계열,265,265,2011,263,99.25,7.59,99.25,0.0,0.0,0.0,5003335.7143
2014,대학교,국립대법인,기존,인천,인천대학교,인문사회계열,1040,1040,7202,1032,99.23,6.92,99.23,0.0,0.0,0.0,4275767.9643
2014,대학교,국립대법인,기존,인천,인천대학교,자연과학계열,290,290,1438,290,100.0,4.96,100.0,0.0,0.0,0.0,4649673.3333
2014,대학교,사립,기존,인천,인하대학교,공학계열,1463,1463,21171,1454,99.38,14.47,99.69,-0.3100000000000023,0.4384,0.0043976326612498,8865232.7213
2014,대학교,사립,기존,인천,인하대학교,예체능계열,205,205,1198,204,99.51,5.84,99.755,-0.2449999999999903,0.3465,0.0034735100997443,8788302.9549
2014,대학교,사립,기존,인천,인하대학교,인문사회계열,1372,1372,17685,1367,99.64,12.89,90.99,8.650000000000006,15.2951,0.168096494120233,7140757.6154
2014,대학교,사립,기존,인천,인하대학교,자연과학계열,489,489,5534,484,98.98,11.32,99.49,-0.5099999999999909,0.7212,0.007248969745703,8566799.591699999
2014,대학교,사립,기존,서울,장로회신학대학교,예체능계열,50,50,193,50,100.0,3.86,99.5077,0.4923000000000002,1.5532,0.0156088423307945,8918550.0
2014,대학교,사립,기존,서울,장로회신학대학교,인문사회계열,100,100,348,100,100.0,3.48,97.7282,2.271799999999999,6.9805,0.0714276943604814,6324550.0
2014,대학교,국립,기존,광주,전남대학교,공학계열,839,839,3826,838,99.88,4.56,99.88,0.0,0.0,0.0,4425547.3805
2014,대학교,국립,기존,광주,전남대학교,예체능계열,225,225,800,224,99.56,3.56,99.56,0.0,0.0,0.0,4560547.618899999
2014,대학교,국립,기존,광주,전남대학교,인문사회계열,1214,1214,5738,1212,99.84,4.73,99.92,-0.0799999999999983,0.1131,0.0011319055244195,3530621.9717
2014,대학교,국립,기존,광주,전남대학교,자연과학계열,1154,1154,5159,1153,99.91,4.47,99.91,0.0,0.0,0.0,4310425.5612
2014,대학교,국립,기존,전남,전남대학교 _제2캠퍼스,공학계열,314,314,1172,312,99.36,3.73,99.6025,-0.2425000000000068,0.3038,0.0030501242438693,4445227.0131
2014,대학교,국립,기존,전남,전남대학교 _제2캠퍼스,인문사회계열,303,303,1230,299,98.68,4.06,99.3067,-0.6266999999999996,0.6625,0.0066712517886507,3683881.6160999998
2014,대학교,국립,기존,전남,전남대학교 _제2캠퍼스,자연과학계열,241,241,793,240,99.59,3.29,99.72,-0.1299999999999954,0.1179,0.001182310469314,4146822.8571
2014,대학교,국립,기존,전북,전북대학교,공학계열,1491,1491,7746,1489,99.87,5.2,99.935,-0.0649999999999977,0.0919,0.00091959773853,4610351.6372
2014,대학교,국립,기존,전북,전북대학교,예체능계열,210,210,910,210,100.0,4.33,100.0,0.0,0.0,0.0,4666828.571
2014,대학교,국립,기존,전북,전북대학교,인문사회계열,1298,1298,7093,1292,99.54,5.46,99.79,-0.25,0.2326,0.0023308948792464,3396788.9909999995
2014,대학교,국립,기존,전북,전북대학교,자연과학계열,1125,1125,5707,1123,99.82,5.07,99.91,-0.0900000000000034,0.1273,0.0012741467320588,4434490.6007
2014,교육대학,국립,기존,전북,전주교육대학교,인문사회계열,285,285,995,285,100.0,3.49,99.79,0.2099999999999937,0.2326,0.0023308948792464,3363000.0
2014,대학교,사립,기존,전북,전주대학교,공학계열,578,578,3149,577,99.83,5.45,78.468,21.361999999999995,43.5191,0.5546095223530612,8233747.458
2014,대학교,사립,기존,전북,전주대학교,예체능계열,414,414,1511,412,99.52,3.65,87.7429,11.77709999999999,28.7165,0.3272800420318908,7895991.7185
2014,대학교,사립,기존,전북,전주대학교,인문사회계열,1240,1240,6343,1233,99.44,5.12,84.2288,15.211199999999993,32.7439,0.3887494538685104,6563347.2249
2014,대학교,사립,기존,전북,전주대학교,자연과학계열,560,560,3552,557,99.46,6.34,91.1143,8.345699999999994,20.9815,0.2302766964131865,7561820.089
2014,기술대학,사립,기존,서울,정석대학,공학계열,25,75,46,46,61.33,0.61,98.4241,-37.0941,7.2552,0.0737136534649542,0.0
2014,기술대학,사립,기존,서울,정석대학,인문사회계열,0,25,22,22,88.0,0.88,97.7282,-9.7282,6.9805,0.0714276943604814,0.0
2014,대학교,사립,기존,제주,제주국제대학교,공학계열,210,210,136,51,24.29,0.65,24.29,0.0,0.0,0.0,6619315.251700001
2014,대학교,사립,기존,제주,제주국제대학교,예체능계열,205,205,148,81,39.51,0.72,39.51,0.0,0.0,0.0,6416281.3363
2014,대학교,사립,기존,제주,제주국제대학교,인문사회계열,365,365,322,76,20.82,0.88,20.82,0.0,0.0,0.0,6046847.771500001
2014,대학교,국립,기존,제주,제주대학교,공학계열,448,448,1497,447,99.78,3.34,99.78,0.0,0.0,0.0,4396723.9253
2014,대학교,국립,기존,제주,제주대학교,예체능계열,176,176,418,175,99.43,2.38,99.43,0.0,0.0,0.0,4279282.3033
2014,대학교,국립,기존,제주,제주대학교,인문사회계열,1007,1007,4415,1007,100.0,4.38,100.0,0.0,0.0,0.0,3337737.6269
2014,대학교,국립,기존,제주,제주대학교,자연과학계열,693,693,2819,692,99.86,4.07,99.86,0.0,0.0,0.0,4202976.9812
2014,대학교,사립,기존,광주,조선대학교,공학계열,1539,1539,6074,1533,99.61,3.95,98.428,1.1820000000000022,3.7214,0.0378083472182712,7956486.772400001
2014,대학교,사립,기존,광주,조선대학교,예체능계열,545,545,1767,545,100.0,3.24,98.1662,1.8337999999999963,1.9509,0.0198734391267055,7660610.115099999
2014,대학교,사립,기존,광주,조선대학교,인문사회계열,2071,2071,8339,2064,99.66,4.03,97.7925,1.8674999999999928,4.5276,0.0462980289899532,6194613.6739
2014,대학교,사립,기존,광주,조선대학교,자연과학계열,590,590,2822,587,99.49,4.78,98.9517,0.5382999999999925,1.4367,0.0145192048241717,7556035.108
2014,대학교,사립,기존,충남,중부대학교,공학계열,445,445,2602,446,100.22,5.85,94.3186,5.901399999999995,20.5457,0.2178329618972291,7877488.5838
2014,대학교,사립,기존,충남,중부대학교,예체능계열,455,455,2944,453,99.56,6.47,95.3529,4.207099999999997,16.5771,0.1738499825385489,8049557.456200001
2014,대학교,사립,기존,충남,중부대학교,인문사회계열,960,960,6353,956,99.58,6.62,93.1,6.480000000000004,22.3872,0.2404640171858217,6872869.2114
2014,대학교,사립,기존,충남,중부대학교,자연과학계열,309,309,1744,308,99.68,5.64,94.6377,5.042300000000012,17.9744,0.1899285379927872,7430537.0619
2014,대학교,사립,기존,서울,중앙대학교,공학계열,830,830,13328,819,98.67,16.06,98.4241,0.245900000000006,7.2552,0.0737136534649542,9475354.7006
2014,대학교,사립,기존,서울,중앙대학교,예체능계열,130,130,5449,130,100.0,41.92,99.5077,0.4923000000000002,1.5532,0.0156088423307945,9344610.0
2014,대학교,사립,기존,서울,중앙대학교,인문사회계열,1655,1655,30087,1637,98.91,18.18,97.7282,1.1817999999999955,6.9805,0.0714276943604814,7381507.4074
2014,대학교,사립,기존,서울,중앙대학교,자연과학계열,530,530,9837,526,99.25,18.56,98.3815,0.8684999999999974,6.0145,0.0611344612554189,9230688.0561
2014,대학교,사립,기존,경기,중앙대학교 _제2캠퍼스,예체능계열,983,983,10567,983,100.0,10.75,98.4996,1.500399999999999,4.878,0.049523043748401,9729359.533
2014,대학교,사립,기존,경기,중앙대학교 _제2캠퍼스,자연과학계열,370,370,1534,368,99.46,4.15,99.7325,-0.2725000000000079,2.0898,0.0209540520893389,8491900.0
2014,대학교,사립,기존,충북,중원대학교,공학계열,265,265,1283,263,99.25,4.84,99.12,0.1299999999999954,0.7439,0.0075050443906376,8080260.8619
2014,대학교,사립,기존,충북,중원대학교,예체능계열,195,195,602,192,98.46,3.09,97.6938,0.7661999999999978,4.5564,0.0466396025131584,7763567.868000001
2014,대학교,사립,기존,충북,중원대학교,인문사회계열,304,304,1554,289,95.07,5.11,97.2889,-2.218900000000005,3.3993,0.0349402655390286,6537522.103
2014,대학교,사립,기존,충북,중원대학교,자연과학계열,280,280,1396,277,98.93,4.99,99.5825,-0.6524999999999892,0.5877,0.0059016393442622,8069134.1912
2014,교육대학,국립,기존,경남,진주교육대학교,인문사회계열,319,319,2542,317,99.37,7.97,99.57,-0.1999999999999886,0.3228,0.0032419403434769,3530769.9099
2014,대학교,사립,기존,경기,차의과학대학교,인문사회계열,250,250,687,247,98.8,2.75,94.8029,3.997100000000003,14.2625,0.1504437100552831,7450283.3333
2014,대학교,사립,기존,경기,차의과학대학교,자연과학계열,260,260,1196,260,100.0,4.6,99.7325,0.2674999999999983,2.0898,0.0209540520893389,7843679.7316
2014,대학교,사립,기존,경남,창신대학교,공학계열,90,90,359,80,88.89,3.99,94.028,-5.138000000000005,6.3189,0.0672023227123835,7609356.2853
2014,대학교,사립,기존,경남,창신대학교,예체능계열,80,80,187,80,100.0,2.34,96.135,3.864999999999995,9.1443,0.0951193633952254,7269064.4947999995
2014,대학교,사립,기존,경남,창신대학교,인문사회계열,240,240,854,228,95.0,3.56,95.2986,-0.2985999999999933,6.9969,0.0734208057620993,5842445.6301
2014,대학교,사립,기존,경남,창신대학교,자연과학계열,120,120,661,84,70.0,5.51,91.3817,-21.381699999999995,12.9714,0.1419474577513878,6878807.6282
2014,산업대학,사립,기존,충남,청운대학교,공학계열,320,320,3405,319,99.69,10.64,94.3186,5.371399999999994,20.5457,0.2178329618972291,7952545.4277
2014,산업대학,사립,기존,충남,청운대학교,예체능계열,340,340,3276,334,98.24,9.64,95.3529,2.8870999999999896,16.5771,0.1738499825385489,8161234.729799999
2014,산업대학,사립,기존,충남,청운대학교,인문사회계열,645,645,6393,646,100.16,9.91,93.1,7.060000000000002,22.3872,0.2404640171858217,7025628.9501
2014,산업대학,사립,기존,충남,청운대학교,자연과학계열,115,115,1918,113,98.26,16.68,94.6377,3.62230000000001,17.9744,0.1899285379927872,8086169.63
2014,교육대학,국립,기존,충북,청주교육대학교,인문사회계열,286,286,1649,286,100.0,5.77,99.705,0.2950000000000017,0.3778,0.0037891780753222,3323823.0769
2014,대학교,사립,기존,충북,청주대학교,공학계열,684,684,3706,679,99.27,5.42,99.12,0.1499999999999914,0.7439,0.0075050443906376,8754289.9597
2014,대학교,사립,기존,충북,청주대학교,예체능계열,428,428,4803,428,100.0,11.22,97.6938,2.306200000000004,4.5564,0.0466396025131584,8631585.7241
2014,대학교,사립,기존,충북,청주대학교,인문사회계열,1277,1277,5930,1264,98.98,4.64,97.2889,1.6911000000000058,3.3993,0.0349402655390286,7251282.4284
2014,대학교,사립,기존,충북,청주대학교,자연과학계열,552,552,2989,551,99.82,5.41,99.5825,0.2374999999999971,0.5877,0.0059016393442622,8339846.856900001
2014,대학교,사립,기존,전남,초당대학교,공학계열,140,140,717,131,93.57,5.12,97.67,-4.1000000000000085,3.5617,0.0364666734923722,7345446.9833
2014,대학교,사립,기존,전남,초당대학교,예체능계열,145,145,432,144,99.31,2.98,99.77,-0.4599999999999937,0.3984,0.003993184323945,6816277.0534
2014,대학교,사립,기존,전남,초당대학교,인문사회계열,235,235,1117,226,96.17,4.75,68.7243,27.4457,44.4659,0.6470185945873584,5760803.647299999
2014,대학교,사립,기존,전남,초당대학교,자연과학계열,295,295,2072,283,95.93,7.02,84.844,11.086000000000013,31.5676,0.3720663806515487,6877806.615700001
2014,대학교,사립,기존,서울,총신대학교,예체능계열,70,70,257,70,100.0,3.67,99.5077,0.4923000000000002,1.5532,0.0156088423307945,9334493.209999999
2014,대학교,사립,기존,서울,총신대학교,인문사회계열,290,290,1399,289,99.66,4.82,97.7282,1.9317999999999955,6.9805,0.0714276943604814,7143588.522499999
2014,대학교,사립,기존,서울,추계예술대학교,예체능계열,225,225,1777,223,99.11,7.9,99.5077,-0.3977000000000004,1.5532,0.0156088423307945,9602286.838
2014,대학교,사립,기존,서울,추계예술대학교,인문사회계열,65,65,907,65,100.0,13.95,97.7282,2.271799999999999,6.9805,0.0714276943604814,7307010.1865
2014,교육대학,국립,기존,강원,춘천교육대학교,인문사회계열,321,321,2529,321,100.0,7.88,99.64,0.3599999999999994,0.3626,0.0036391007627458,3269603.7791999998
2014,대학교,국립,기존,대전,충남대학교,공학계열,1106,1106,6176,1103,99.73,5.58,99.755,-0.0249999999999914,0.0354,0.0003548694301037,4899340.2299999995
2014,대학교,국립,기존,대전,충남대학교,예체능계열,238,238,946,237,99.58,3.97,99.79,-0.2100000000000079,0.297,0.002976250125263,4682638.889
2014,대학교,국립,기존,대전,충남대학교,인문사회계열,1263,1263,7588,1259,99.68,6.01,99.515,0.1650000000000062,0.2333,0.0023443701954479,3461409.6468
2014,대학교,국립,기존,대전,충남대학교,자연과학계열,1143,1143,6134,1142,99.91,5.37,99.91,0.0,0.0,0.0,4289067.3703000005
2014,대학교,국립,기존,충북,충북대학교,공학계열,961,961,6500,960,99.9,6.76,99.7967,0.1033000000000043,0.2702,0.0027075043563564,4666339.052399999
2014,대학교,국립,기존,충북,충북대학교,예체능계열,85,85,353,85,100.0,4.15,99.5233,0.4766999999999939,0.8256,0.0082955448623588,4497002.6665
2014,대학교,국립,기존,충북,충북대학교,인문사회계열,1029,1029,7362,1025,99.61,7.15,99.705,-0.0949999999999988,0.3778,0.0037891780753222,3582758.2489
2014,대학교,국립,기존,충북,충북대학교,자연과학계열,970,970,7171,970,100.0,7.39,99.7967,0.2032999999999987,0.3522,0.0035291748123935,4441999.217499999
2014,대학교,사립,기존,경기,칼빈대학교,인문사회계열,84,81,163,64,79.01,2.01,94.8029,-15.792899999999989,14.2625,0.1504437100552831,7350174.352
2014,대학교,사립,기존,경기,평택대학교,공학계열,90,90,1481,90,100.0,16.46,99.0709,0.9291000000000054,3.6269,0.0366091354777235,8425696.6
2014,대학교,사립,기존,경기,평택대학교,예체능계열,230,230,3002,229,99.57,13.05,98.4996,1.0703999999999922,4.878,0.049523043748401,9197230.512
2014,대학교,사립,기존,경기,평택대학교,인문사회계열,535,535,5519,544,101.68,10.32,94.8029,6.877100000000013,14.2625,0.1504437100552831,7159925.7535
2014,대학교,사립,기존,경기,평택대학교,자연과학계열,95,95,1162,95,100.0,12.23,99.7325,0.2674999999999983,2.0898,0.0209540520893389,8294379.7433
2014,대학교,사립,기존,경북,포항공과대학교,공학계열,250,250,1455,247,98.8,5.82,93.0758,5.724199999999996,20.5208,0.220474065224258,5890030.635
2014,대학교,국립,기존,경기,한경국립대학교,공학계열,666,666,3353,661,99.25,5.03,99.25,0.0,0.0,0.0,4174192.7188
2014,대학교,국립,기존,경기,한경국립대학교,예체능계열,77,77,618,76,98.7,8.03,98.7,0.0,0.0,0.0,4188322.6666
2014,대학교,국립,기존,경기,한경국립대학교,인문사회계열,206,206,1205,206,100.0,5.85,100.0,0.0,0.0,0.0,3663961.0
2014,대학교,국립,기존,경기,한경국립대학교,자연과학계열,304,304,1662,304,100.0,5.47,100.0,0.0,0.0,0.0,3981527.4545
2014,대학교,사립,기존,경기,한국공학대학교,공학계열,1132,1132,12769,1130,99.82,11.28,99.0709,0.7490999999999985,3.6269,0.0366091354777235,9584528.1612
2014,대학교,사립,기존,경기,한국공학대학교,인문사회계열,143,143,1528,140,97.9,10.69,94.8029,3.097100000000012,14.2625,0.1504437100552831,8740821.112
2014,대학교,특별법법인,기존,대전,한국과학기술원,공학계열,630,630,2242,453,71.9,3.56,71.9,0.0,0.0,0.0,6979464.285699999
2014,대학교,국립,기존,충북,한국교원대학교,공학계열,20,20,97,20,100.0,4.85,99.7967,0.2032999999999987,0.2702,0.0027075043563564,3602000.0
2014,대학교,국립,기존,충북,한국교원대학교,예체능계열,60,60,225,60,100.0,3.75,99.5233,0.4766999999999939,0.8256,0.0082955448623588,3803333.3329999996
2014,대학교,국립,기존,충북,한국교원대학교,인문사회계열,301,301,2286,301,100.0,7.59,99.705,0.2950000000000017,0.3778,0.0037891780753222,2876736.3636
2014,대학교,국립,기존,충북,한국교원대학교,자연과학계열,165,165,866,165,100.0,5.25,99.7967,0.2032999999999987,0.3522,0.0035291748123935,3511312.5
2014,대학교,사립,기존,충남,한국기술교육대학교,공학계열,765,765,9105,765,100.0,11.9,94.3186,5.6813999999999965,20.5457,0.2178329618972291,4802551.0685
2014,대학교,사립,기존,충남,한국기술교육대학교,인문사회계열,135,135,1034,135,100.0,7.66,93.1,6.900000000000006,22.3872,0.2404640171858217,3404779.3049999997
2014,방송통신대학,국립,기존,서울,한국방송통신대학교,공학계열,3300,3300,1133,926,28.06,0.34,63.965,-35.905,50.7773,0.7938294379738918,1469650.7
2014,방송통신대학,국립,기존,서울,한국방송통신대학교,인문사회계열,45500,45500,28064,19535,42.93,0.62,85.495,-42.565000000000005,28.378,0.3319258436165857,786481.72331
2014,방송통신대학,국립,기존,서울,한국방송통신대학교,자연과학계열,8900,8900,4426,3517,39.52,0.5,69.76,-30.24,42.7658,0.6130418577981651,731590.0
2014,대학교,사립,기존,서울,한국성서대학교,공학계열,35,35,148,36,102.86,4.23,98.4241,4.435900000000004,7.2552,0.0737136534649542,7827665.0
2014,대학교,사립,기존,서울,한국성서대학교,인문사회계열,160,160,689,161,100.63,4.31,97.7282,2.9017999999999944,6.9805,0.0714276943604814,6970768.0
2014,대학교,사립,기존,서울,한국성서대학교,자연과학계열,45,45,591,45,100.0,13.13,98.3815,1.6184999999999974,6.0145,0.0611344612554189,8179665.0
2014,각종학교(대학),특별법국립,기존,서울,한국예술종합학교,공학계열,20,20,166,18,90.0,8.3,90.0,0.0,0.0,0.0,4816720.0
2014,각종학교(대학),특별법국립,기존,서울,한국예술종합학교,예체능계열,499,499,10389,485,97.19,20.82,97.19,0.0,0.0,0.0,4851206.6667
2014,각종학교(대학),특별법국립,기존,서울,한국예술종합학교,인문사회계열,32,32,791,31,96.88,24.72,96.88,0.0,0.0,0.0,4850200.0
2014,대학교,사립,기존,서울,한국외국어대학교,공학계열,249,249,2599,246,98.8,10.44,98.4241,0.3759000000000014,7.2552,0.0737136534649542,8915992.8777
2014,대학교,사립,기존,서울,한국외국어대학교,인문사회계열,2870,2870,31001,2834,98.75,10.8,97.7282,1.021799999999999,6.9805,0.0714276943604814,7379582.0342
2014,대학교,사립,기존,서울,한국외국어대학교,자연과학계열,258,258,2282,250,96.9,8.84,98.3815,-1.481499999999997,6.0145,0.0611344612554189,8349043.1207
2014,대학교,국립,기존,서울,한국체육대학교,예체능계열,520,520,1980,519,99.81,3.81,99.905,-0.0949999999999988,0.1344,0.0013452780141134,4168598.4249
2014,대학교,사립,기존,대전,한국침례신학대학교,예체능계열,65,65,118,65,100.0,1.82,99.8017,0.1983000000000032,0.3441,0.0034478370608917,8045784.3967
2014,대학교,사립,기존,대전,한국침례신학대학교,인문사회계열,335,335,712,335,100.0,2.13,96.7212,3.278800000000004,8.7787,0.0907629351166031,6116929.8135
2014,대학교,사립,기존,경기,한국항공대학교,공학계열,600,600,4665,598,99.67,7.78,99.0709,0.5991000000000071,3.6269,0.0366091354777235,9410669.8126
2014,대학교,사립,기존,경기,한국항공대학교,인문사회계열,140,140,1352,138,98.57,9.66,94.8029,3.7670999999999992,14.2625,0.1504437100552831,7236665.1434
2014,대학교,사립,기존,경기,한국항공대학교,자연과학계열,150,150,2078,152,101.33,13.85,99.7325,1.5974999999999966,2.0898,0.0209540520893389,8998027.3567
2014,대학교,사립,기존,대전,한남대학교,공학계열,670,670,3416,668,99.7,5.1,99.624,0.0760000000000076,0.5413,0.0054334296956556,8590165.5659
2014,대학교,사립,기존,대전,한남대학교,예체능계열,257,257,1591,257,100.0,6.19,99.8017,0.1983000000000032,0.3441,0.0034478370608917,8449529.6739
2014,대학교,사립,기존,대전,한남대학교,인문사회계열,1673,1673,7183,1671,99.88,4.29,96.7212,3.1587999999999994,8.7787,0.0907629351166031,6797273.264
2014,대학교,사립,기존,대전,한남대학교,자연과학계열,375,375,1701,373,99.47,4.54,99.5314,-0.0614000000000061,0.6489,0.006519550614178,7917873.799799999
2014,대학교,사립,기존,경북,한동대학교,인문사회계열,760,760,3450,759,99.87,4.54,87.0493,12.820700000000002,18.1442,0.2084359093065653,6320225.0
2014,대학교,사립,기존,강원,한라대학교,공학계열,510,510,2505,510,100.0,4.91,91.8525,8.147499999999994,21.7698,0.2370082469176124,7975056.5361
2014,대학교,사립,기존,강원,한라대학교,예체능계열,70,70,294,70,100.0,4.2,92.9614,7.038600000000002,18.4641,0.1986211481324506,8031978.495999999
2014,대학교,사립,기존,강원,한라대학교,인문사회계열,415,415,1935,414,99.76,4.66,90.2512,9.508800000000008,15.9108,0.1762946088251458,6418224.5022
2014,대학교,사립,기존,강원,한림대학교,공학계열,223,223,1260,223,100.0,5.65,91.8525,8.147499999999994,21.7698,0.2370082469176124,8800964.4806
2014,대학교,사립,기존,강원,한림대학교,예체능계열,67,67,461,67,100.0,6.88,92.9614,7.038600000000002,18.4641,0.1986211481324506,8687647.0
2014,대학교,사립,기존,강원,한림대학교,인문사회계열,970,970,5277,967,99.69,5.44,90.2512,9.4388,15.9108,0.1762946088251458,7236342.6677
2014,대학교,사립,기존,강원,한림대학교,자연과학계열,580,580,4064,579,99.83,7.01,93.285,6.545000000000002,10.4671,0.1122056064747815,8527291.877
2014,대학교,사립,기존,충남,한서대학교,공학계열,521,521,3982,521,100.0,7.64,94.3186,5.6813999999999965,20.5457,0.2178329618972291,8730890.029099999
2014,대학교,사립,기존,충남,한서대학교,예체능계열,495,495,2682,494,99.8,5.42,95.3529,4.447099999999992,16.5771,0.1738499825385489,8385486.8201
2014,대학교,사립,기존,충남,한서대학교,인문사회계열,440,440,5912,440,100.0,13.44,93.1,6.900000000000006,22.3872,0.2404640171858217,7192987.519400001
2014,대학교,사립,기존,충남,한서대학교,자연과학계열,394,394,2530,394,100.0,6.42,94.6377,5.362300000000005,17.9744,0.1899285379927872,8123223.5722
2014,대학교,사립,기존,서울,한성대학교,공학계열,470,470,6447,468,99.57,13.72,98.4241,1.1458999999999977,7.2552,0.0737136534649542,8768827.9182
2014,대학교,사립,기존,서울,한성대학교,예체능계열,360,360,4839,359,99.72,13.44,99.5077,0.212299999999999,1.5532,0.0156088423307945,9000205.2592
2014,대학교,사립,기존,서울,한성대학교,인문사회계열,790,790,8474,784,99.24,10.73,97.7282,1.5117999999999938,6.9805,0.0714276943604814,6929109.3287
2014,대학교,사립,기존,경기,한세대학교,공학계열,50,50,346,49,98.0,6.92,99.0709,-1.0708999999999946,3.6269,0.0366091354777235,9457653.465
2014,대학교,사립,기존,경기,한세대학교,예체능계열,192,192,2513,191,99.48,13.09,98.4996,0.980400000000003,4.878,0.049523043748401,10095622.021
2014,대학교,사립,기존,경기,한세대학교,인문사회계열,323,323,2187,317,98.14,6.77,94.8029,3.3371000000000066,14.2625,0.1504437100552831,7724254.7204
2014,대학교,사립,기존,경기,한세대학교,자연과학계열,25,25,272,24,96.0,10.88,99.7325,-3.7325000000000017,2.0898,0.0209540520893389,8855625.0
2014,대학교,사립,기존,경기,한신대학교,공학계열,220,220,1967,220,100.0,8.94,99.0709,0.9291000000000054,3.6269,0.0366091354777235,8664905.3335
2014,대학교,사립,기존,경기,한신대학교,예체능계열,35,35,660,35,100.0,18.86,98.4996,1.500399999999999,4.878,0.049523043748401,8421620.0
2014,대학교,사립,기존,경기,한신대학교,인문사회계열,875,875,8290,872,99.66,9.47,94.8029,4.857100000000003,14.2625,0.1504437100552831,7318036.6787
2014,대학교,사립,기존,경기,한신대학교,자연과학계열,130,130,1194,130,100.0,9.18,99.7325,0.2674999999999983,2.0898,0.0209540520893389,7953270.0
2014,대학교,사립,기존,서울,한양대학교,공학계열,1116,1057,28883,1109,104.92,27.33,98.4241,6.495900000000006,7.2552,0.0737136534649542,9886809.9748
2014,대학교,사립,기존,서울,한양대학교,예체능계열,312,312,5450,311,99.68,17.47,99.5077,0.172300000000007,1.5532,0.0156088423307945,10221140.977500001
2014,대학교,사립,기존,서울,한양대학교,인문사회계열,1043,971,29516,1040,107.11,30.4,97.7282,9.381799999999998,6.9805,0.0714276943604814,7785873.2256
2014,대학교,사립,기존,서울,한양대학교,자연과학계열,444,427,12784,445,104.22,29.94,98.3815,5.838499999999996,6.0145,0.0611344612554189,9004722.0955
2014,대학교,사립,기존,전북,한일장신대학교,예체능계열,30,30,46,30,100.0,1.53,87.7429,12.257099999999994,28.7165,0.3272800420318908,7461399.9667
2014,대학교,사립,기존,전북,한일장신대학교,인문사회계열,175,175,322,176,100.57,1.84,84.2288,16.341199999999986,32.7439,0.3887494538685104,5942602.783299999
2014,대학교,사립,기존,전북,한일장신대학교,자연과학계열,40,40,319,40,100.0,7.98,91.1143,8.8857,20.9815,0.2302766964131865,7150600.0
2014,대학교,사립,기존,경기,협성대학교,공학계열,130,130,1114,130,100.0,8.57,99.0709,0.9291000000000054,3.6269,0.0366091354777235,9064963.578
2014,대학교,사립,기존,경기,협성대학교,예체능계열,210,210,2120,213,101.43,10.1,98.4996,2.930400000000006,4.878,0.049523043748401,8932144.9822
2014,대학교,사립,기존,경기,협성대학교,인문사회계열,695,695,5669,695,100.0,8.16,94.8029,5.197100000000006,14.2625,0.1504437100552831,6984830.553
2014,대학교,사립,기존,경기,협성대학교,자연과학계열,45,45,453,45,100.0,10.07,99.7325,0.2674999999999983,2.0898,0.0209540520893389,8927765.47
2014,대학교,사립,기존,광주,호남대학교,공학계열,360,360,1482,347,96.39,4.12,98.428,-2.0379999999999967,3.7214,0.0378083472182712,7187440.045700001
2014,대학교,사립,기존,광주,호남대학교,예체능계열,340,340,1463,335,98.53,4.3,98.1662,0.3637999999999977,1.9509,0.0198734391267055,7116263.2773
2014,대학교,사립,기존,광주,호남대학교,인문사회계열,708,708,3278,696,98.31,4.63,97.7925,0.5174999999999983,4.5276,0.0462980289899532,6169440.701199999
2014,대학교,사립,기존,광주,호남대학교,자연과학계열,420,420,2301,404,96.19,5.48,98.9517,-2.7617000000000047,1.4367,0.0145192048241717,7047684.2058
2014,대학교,사립,기존,광주,호남신학대학교,예체능계열,50,50,164,50,100.0,3.28,98.1662,1.8337999999999963,1.9509,0.0198734391267055,8219966.62
2014,대학교,사립,기존,광주,호남신학대학교,인문사회계열,120,120,157,104,86.67,1.31,97.7925,-11.122500000000002,4.5276,0.0462980289899532,6059537.995
2014,대학교,사립,기존,충남,호서대학교,공학계열,1140,1140,9005,1136,99.65,7.9,94.3186,5.331400000000002,20.5457,0.2178329618972291,8562796.841400001
2014,대학교,사립,기존,충남,호서대학교,예체능계열,471,471,5287,471,100.0,11.23,95.3529,4.647099999999995,16.5771,0.1738499825385489,8450587.001600001
2014,대학교,사립,기존,충남,호서대학교,인문사회계열,1064,1064,9788,1053,98.97,9.2,93.1,5.8700000000000045,22.3872,0.2404640171858217,7180762.862000001
2014,대학교,사립,기존,충남,호서대학교,자연과학계열,425,425,4061,424,99.76,9.56,94.6377,5.12230000000001,17.9744,0.1899285379927872,8042013.218799999
2014,산업대학,사립,기존,전북,호원대학교,공학계열,315,315,2031,310,98.41,6.45,78.468,19.941999999999997,43.5191,0.5546095223530612,7357384.1281
2014,산업대학,사립,기존,전북,호원대학교,예체능계열,368,368,11771,361,98.1,31.99,87.7429,10.357099999999988,28.7165,0.3272800420318908,7355849.6809
2014,산업대학,사립,기존,전북,호원대학교,인문사회계열,440,440,3198,436,99.09,7.27,84.2288,14.861199999999997,32.7439,0.3887494538685104,6014201.2687
2014,산업대학,사립,기존,전북,호원대학교,자연과학계열,272,272,2922,268,98.53,10.74,91.1143,7.415700000000001,20.9815,0.2302766964131865,7404782.151800001
2014,대학교,사립,기존,서울,홍익대학교,공학계열,1040,1135,12950,1115,98.24,11.41,98.4241,-0.1841000000000008,7.2552,0.0737136534649542,9592294.287
2014,대학교,사립,기존,서울,홍익대학교,예체능계열,500,475,3130,475,100.0,6.59,99.5077,0.4923000000000002,1.5532,0.0156088423307945,9740720.0
2014,대학교,사립,기존,서울,홍익대학교,인문사회계열,890,820,9282,800,97.56,11.32,97.7282,-0.1681999999999988,6.9805,0.0714276943604814,7510320.0
2014,대학교,사립,기존,서울,홍익대학교,자연과학계열,40,40,685,39,97.5,17.12,98.3815,-0.8815000000000026,6.0145,0.0611344612554189,7510320.0
2014,대학교,사립,기존,경기,화성의과학대학교,공학계열,55,55,304,46,83.64,5.53,99.0709,-15.430899999999994,3.6269,0.0366091354777235,7031550.0
2014,대학교,사립,기존,경기,화성의과학대학교,예체능계열,45,45,216,34,75.56,4.8,98.4996,-22.9396,4.878,0.049523043748401,7319160.0
2014,대학교,사립,기존,경기,화성의과학대학교,인문사회계열,169,169,881,142,84.02,5.21,94.8029,-10.782899999999998,14.2625,0.1504437100552831,6860215.0
2014,대학교,사립,기존,경기,화성의과학대학교,자연과학계열,40,40,299,38,95.0,7.48,99.7325,-4.732500000000002,2.0898,0.0209540520893389,8430750.0
2015,대학교,사립,기존,경남,가야대학교(김해),인문사회계열,231,231,1383,230,99.57,5.99,97.6486,1.9213999999999916,3.1144,0.0318939544448153,6285689.1713
2015,대학교,사립,기존,경남,가야대학교(김해),자연과학계열,379,380,2698,380,100.0,7.1,98.82,1.1800000000000068,1.7208,0.0174134790528233,7510269.5528
2015,대학교,사립,기존,경기,가천대학교,공학계열,1302,1301,16615,1297,99.69,12.77,99.2791,0.410899999999998,0.8977,0.0090421851124758,9498716.345900001
2015,대학교,사립,기존,경기,가천대학교,예체능계열,410,410,10831,411,100.24,26.42,99.5135,0.7265000000000015,1.4148,0.0142171665150959,9407052.0164
2015,대학교,사립,기존,경기,가천대학교,인문사회계열,1477,1471,19767,1468,99.8,13.44,96.6897,3.110299999999995,11.8408,0.1224618547787406,7554649.974599999
2015,대학교,사립,기존,경기,가천대학교,자연과학계열,735,734,11394,731,99.59,15.52,99.3238,0.2661999999999977,1.1293,0.0113698831498593,8922657.2178
2015,대학교,사립,기존,강원,가톨릭관동대학교,예체능계열,255,255,1110,255,100.0,4.35,95.1229,4.877099999999999,17.7099,0.1861791429823943,8425735.2889
2015,대학교,사립,기존,강원,가톨릭관동대학교,인문사회계열,1289,1295,4120,1238,95.6,3.18,88.7457,6.854299999999995,26.0775,0.2938452229234768,6447164.3977
2015,대학교,사립,기존,강원,가톨릭관동대학교,자연과학계열,179,179,1157,179,100.0,6.46,97.1262,2.873800000000003,12.1649,0.1252483881795025,7854516.76
2015,대학교,사립,기존,충북,가톨릭꽃동네대학교,인문사회계열,80,80,188,80,100.0,2.35,98.5933,1.4067000000000007,3.0344,0.0307769392037795,7015880.82
2015,대학교,사립,기존,충북,가톨릭꽃동네대학교,자연과학계열,40,40,221,40,100.0,5.52,98.8775,1.1225000000000025,1.6117,0.0162999671310459,8202801.470000001
2015,대학교,사립,기존,경기,가톨릭대학교,공학계열,329,331,3962,330,99.7,11.97,99.2791,0.4209000000000031,0.8977,0.0090421851124758,8636128.5231
2015,대학교,사립,기존,경기,가톨릭대학교,예체능계열,51,51,413,51,100.0,8.1,99.5135,0.4865000000000066,1.4148,0.0142171665150959,9147100.0
2015,대학교,사립,기존,경기,가톨릭대학교,인문사회계열,869,870,9118,867,99.66,10.48,96.6897,2.9702999999999946,11.8408,0.1224618547787406,6477322.5715
2015,대학교,사립,기존,경기,가톨릭대학교,자연과학계열,276,277,2464,274,98.92,8.9,99.3238,-0.4038000000000039,1.1293,0.0113698831498593,7654238.948000001
2015,대학교,사립,기존,서울,가톨릭대학교 _제2캠퍼스,자연과학계열,145,145,4634,145,100.0,31.96,94.4559,5.5441,16.4429,0.1740801792159092,9181500.0
2015,대학교,사립,기존,서울,가톨릭대학교 _제3캠퍼스,인문사회계열,60,60,71,50,83.33,1.18,95.8826,-12.552599999999998,13.0627,0.1362363974276876,6707100.0
2015,대학교,사립,기존,서울,감리교신학대학교,인문사회계열,200,200,425,192,96.0,2.12,95.8826,0.1174000000000035,13.0627,0.1362363974276876,6279599.75
2015,대학교,사립,기존,경기,강남대학교,공학계열,209,209,2240,207,99.04,10.72,99.2791,-0.2390999999999934,0.8977,0.0090421851124758,9140874.447900001
2015,대학교,사립,기존,경기,강남대학교,예체능계열,160,160,2291,160,100.0,14.32,99.5135,0.4865000000000066,1.4148,0.0142171665150959,9773847.301199999
2015,대학교,사립,기존,경기,강남대학교,인문사회계열,1179,1182,9055,1165,98.56,7.66,96.6897,1.8703000000000003,11.8408,0.1224618547787406,7289774.088500001
2015,대학교,사립,기존,서울,강서대학교,예체능계열,35,35,233,35,100.0,6.66,99.15,0.8499999999999943,3.1959,0.032232980332829,8329527.498299999
2015,대학교,사립,기존,서울,강서대학교,인문사회계열,295,294,1570,288,97.96,5.34,95.8826,2.077399999999997,13.0627,0.1362363974276876,6487835.2793
2015,대학교,국립,기존,강원,강원대학교,공학계열,766,766,4024,758,98.96,5.25,99.1125,-0.1525000000000034,0.3813,0.0038471433976541,4457172.4838
2015,대학교,국립,기존,강원,강원대학교,예체능계열,189,189,723,188,99.47,3.83,99.8233,-0.3533000000000044,0.306,0.0030654165911165,4624889.696799999
2015,대학교,국립,기존,강원,강원대학교,인문사회계열,1126,1131,7639,1127,99.65,6.75,99.68,-0.0300000000000011,0.3174,0.0031841894060995,3504016.7071999996
2015,대학교,국립,기존,강원,강원대학교,자연과학계열,1200,1203,5749,1199,99.67,4.78,99.435,0.2349999999999994,0.5747,0.0057796550510383,4236508.0345
2015,대학교,국립,기존,강원,강원대학교 _제2캠퍼스,공학계열,843,844,3223,837,99.17,3.82,99.1125,0.0575000000000045,0.3813,0.0038471433976541,4473097.386
2015,대학교,국립,기존,강원,강원대학교 _제2캠퍼스,예체능계열,231,231,829,231,100.0,3.59,99.8233,0.1766999999999967,0.306,0.0030654165911165,4616720.0
2015,대학교,국립,기존,강원,강원대학교 _제2캠퍼스,인문사회계열,286,287,1158,285,99.3,4.03,99.68,-0.3800000000000096,0.3174,0.0031841894060995,3565585.4211999997
2015,대학교,국립,기존,강원,강원대학교 _제2캠퍼스,자연과학계열,345,346,1726,344,99.42,4.99,99.435,-0.0150000000000005,0.5747,0.0057796550510383,4266800.0
2015,대학교,사립,기존,서울,건국대학교,공학계열,871,874,11565,870,99.54,13.23,93.7807,5.75930000000001,21.8413,0.2328976004657675,9615578.0033
2015,대학교,사립,기존,서울,건국대학교,예체능계열,364,365,6337,365,100.0,17.36,99.15,0.8499999999999943,3.1959,0.032232980332829,9507387.3809
2015,대학교,사립,기존,서울,건국대학교,인문사회계열,1131,1132,19861,1125,99.38,17.55,95.8826,3.497399999999999,13.0627,0.1362363974276876,7406855.6382
2015,대학교,사립,기존,서울,건국대학교,자연과학계열,634,638,7309,635,99.53,11.46,94.4559,5.074100000000001,16.4429,0.1740801792159092,8611997.719
2015,대학교,사립,기존,충남,건양대학교,공학계열,205,206,1338,206,100.0,6.5,95.905,4.094999999999999,13.7365,0.1432302799645482,7466888.94
2015,대학교,사립,기존,충남,건양대학교,예체능계열,40,40,434,40,100.0,10.85,97.5493,2.4506999999999977,6.5432,0.067075827299632,7139887.0
2015,대학교,사립,기존,충남,건양대학교,인문사회계열,749,752,4762,751,99.87,6.33,92.5525,7.31750000000001,21.4964,0.2322616893114719,6218394.6082999995
2015,대학교,사립,기존,충남,건양대학교,자연과학계열,85,85,681,84,98.82,8.01,95.3223,3.4976999999999947,13.974,0.1465973859212377,7249258.95
2015,대학교,사립,기존,대전,건양대학교 _제2캠퍼스,자연과학계열,513,513,3691,513,100.0,7.19,99.6743,0.3256999999999976,0.3633,0.0036448713459738,7573915.607799999
2015,대학교,사립,기존,경기,경기대학교,공학계열,740,743,5380,742,99.87,7.24,99.2791,0.5909000000000049,0.8977,0.0090421851124758,8677932.0227
2015,대학교,사립,기존,경기,경기대학교,예체능계열,372,373,2437,372,99.73,6.53,99.5135,0.2165000000000105,1.4148,0.0142171665150959,8344889.3133000005
2015,대학교,사립,기존,경기,경기대학교,인문사회계열,1327,1338,13762,1334,99.7,10.29,96.6897,3.010300000000001,11.8408,0.1224618547787406,6778169.8632
2015,대학교,사립,기존,경기,경기대학교,자연과학계열,218,219,1505,217,99.09,6.87,99.3238,-0.2338000000000022,1.1293,0.0113698831498593,7740670.0428
2015,대학교,사립,기존,서울,경기대학교 _제2캠퍼스,예체능계열,84,84,3646,83,98.81,43.4,99.15,-0.3400000000000034,3.1959,0.032232980332829,8697898.9826
2015,대학교,사립,기존,서울,경기대학교 _제2캠퍼스,인문사회계열,209,210,3032,210,100.0,14.44,95.8826,4.117400000000004,13.0627,0.1362363974276876,6813704.331499999
2015,대학교,사립,기존,경남,경남대학교,공학계열,850,853,4000,844,98.94,4.69,98.982,-0.0420000000000015,1.4402,0.014550120223879,7781344.8198
2015,대학교,사립,기존,경남,경남대학교,예체능계열,260,260,1273,257,98.85,4.9,99.09,-0.2400000000000091,1.5092,0.0152305984458573,7717796.255
2015,대학교,사립,기존,경남,경남대학교,인문사회계열,1500,1506,6023,1488,98.8,4.0,97.6486,1.151399999999995,3.1144,0.0318939544448153,5967887.922900001
2015,대학교,사립,기존,경남,경남대학교,자연과학계열,390,391,1878,385,98.47,4.8,98.82,-0.3499999999999943,1.7208,0.0174134790528233,6713197.6832
2015,대학교,사립,기존,강원,경동대학교,인문사회계열,467,474,2076,466,98.31,4.38,88.7457,9.564300000000005,26.0775,0.2938452229234768,6333495.1069
2015,대학교,사립,기존,강원,경동대학교 _제3캠퍼스,자연과학계열,475,474,2696,485,102.32,5.69,97.1262,5.193799999999996,12.1649,0.1252483881795025,8929337.9875
2015,대학교,사립,기존,경기,경동대학교 _제4캠퍼스,공학계열,66,67,407,67,100.0,6.07,99.2791,0.7209000000000003,0.8977,0.0090421851124758,8421344.4806
2015,대학교,사립,기존,경기,경동대학교 _제4캠퍼스,예체능계열,33,34,226,34,100.0,6.65,99.5135,0.4865000000000066,1.4148,0.0142171665150959,8628353.155
2015,대학교,사립,기존,경기,경동대학교 _제4캠퍼스,인문사회계열,201,205,1366,209,101.95,6.66,96.6897,5.260300000000001,11.8408,0.1224618547787406,6942094.8775
2015,대학교,국립,기존,대구,경북대학교,공학계열,1446,1449,13195,1441,99.45,9.11,99.45,0.0,0.0,0.0,4688370.0997
2015,대학교,국립,기존,대구,경북대학교,예체능계열,249,250,2373,249,99.6,9.49,99.6,0.0,0.0,0.0,4751584.643099999
2015,대학교,국립,기존,대구,경북대학교,인문사회계열,1459,1462,16095,1459,99.79,11.01,99.895,-0.1049999999999897,0.1485,0.0014865608889333,3685997.8326
2015,대학교,국립,기존,대구,경북대학교,자연과학계열,1804,1804,17033,1792,99.33,9.44,99.33,0.0,0.0,0.0,4518346.509000001
2015,대학교,국립,기존,경남,경상국립대학교,공학계열,968,968,7831,967,99.9,8.09,99.4867,0.4133000000000066,0.6646,0.0066802899282014,4376283.586200001
2015,대학교,국립,기존,경남,경상국립대학교,예체능계열,90,90,668,90,100.0,7.42,98.89,1.1099999999999994,1.9226,0.0194418040246738,4239314.2857
2015,대학교,국립,기존,경남,경상국립대학교,인문사회계열,1123,1123,8336,1123,100.0,7.42,99.64,0.3599999999999994,0.4561,0.0045774789241268,3362927.6851999997
2015,대학교,국립,기존,경남,경상국립대학교,자연과학계열,1041,1041,6056,1040,99.9,5.82,99.6767,0.2233000000000089,0.4761,0.0047764422377546,4217432.2111
2015,대학교,사립,기존,부산,경성대학교,공학계열,650,646,4237,645,99.85,6.56,100.3325,-0.4825000000000017,0.77,0.0076744823461988,7650945.4236
2015,대학교,사립,기존,부산,경성대학교,예체능계열,570,567,3981,566,99.82,7.02,100.3011,-0.4811000000000121,0.5141,0.0051255669180098,7519741.2529
2015,대학교,사립,기존,부산,경성대학교,인문사회계열,1305,1303,7320,1296,99.46,5.62,99.692,-0.2319999999999993,0.5674,0.0056915299121293,5636320.983
2015,대학교,사립,기존,부산,경성대학교,자연과학계열,345,344,2236,344,100.0,6.5,99.903,0.0969999999999942,0.2317,0.002319249672182,7042399.8188
2015,대학교,사립,기존,경북,경운대학교,공학계열,250,250,1167,250,100.0,4.67,96.0533,3.946700000000007,7.9516,0.0827832047415341,8434946.917
2015,대학교,사립,기존,경북,경운대학교,예체능계열,198,199,807,199,100.0,4.06,97.0308,2.9692000000000007,5.5899,0.0576095425370088,8346643.403299999
2015,대학교,사립,기존,경북,경운대학교,인문사회계열,287,289,1626,289,100.0,5.63,91.986,8.013999999999996,14.7058,0.1598699802143804,6482449.6208
2015,대학교,사립,기존,경북,경운대학교,자연과학계열,475,479,3638,477,99.58,7.59,98.7354,0.8445999999999998,1.6904,0.0171205059178369,8266151.0162
2015,교육대학,국립,기존,인천,경인교육대학교,인문사회계열,598,598,2776,598,100.0,4.64,100.0,0.0,0.0,0.0,3271700.0
2015,대학교,사립,기존,경북,경일대학교,공학계열,745,746,2977,746,100.0,3.99,96.0533,3.946700000000007,7.9516,0.0827832047415341,8063098.633300001
2015,대학교,사립,기존,경북,경일대학교,예체능계열,235,236,960,236,100.0,4.07,97.0308,2.9692000000000007,5.5899,0.0576095425370088,8240672.462
2015,대학교,사립,기존,경북,경일대학교,인문사회계열,455,460,1915,460,100.0,4.16,91.986,8.013999999999996,14.7058,0.1598699802143804,6011241.1915
2015,대학교,사립,기존,경북,경일대학교,자연과학계열,235,236,1894,236,100.0,8.03,98.7354,1.2646000000000015,1.6904,0.0171205059178369,8087560.359999999
2015,대학교,사립,기존,서울,경희대학교,공학계열,1020,1023,13780,1017,99.41,13.47,93.7807,5.629300000000001,21.8413,0.2328976004657675,9062900.8118
2015,대학교,사립,기존,서울,경희대학교,예체능계열,920,921,14580,920,99.89,15.83,99.15,0.7399999999999949,3.1959,0.032232980332829,9093880.5616
2015,대학교,사립,기존,서울,경희대학교,인문사회계열,1844,1846,31931,1842,99.78,17.3,95.8826,3.8974000000000046,13.0627,0.1362363974276876,7020760.193299999
2015,대학교,사립,기존,서울,경희대학교,자연과학계열,1131,1133,22882,1132,99.91,20.2,94.4559,5.454099999999997,16.4429,0.1740801792159092,9144368.442
2015,대학교,사립,기존,대구,계명대학교,공학계열,854,855,7161,845,98.83,8.38,98.83,0.0,0.0,0.0,8636768.3534
2015,대학교,사립,기존,대구,계명대학교,예체능계열,860,861,7292,860,99.88,8.47,99.88,0.0,0.0,0.0,9011425.9595
2015,대학교,사립,기존,대구,계명대학교,인문사회계열,2490,2494,15622,2469,99.0,6.26,99.0,0.0,0.0,0.0,6457470.102
2015,대학교,사립,기존,대구,계명대학교,자연과학계열,616,616,5497,613,99.51,8.92,99.51,0.0,0.0,0.0,8435864.7963
2015,대학교,사립,기존,서울,고려대학교,공학계열,868,859,19232,867,100.93,22.39,93.7807,7.149300000000011,21.8413,0.2328976004657675,10263376.970199998
2015,대학교,사립,기존,서울,고려대학교,예체능계열,130,130,542,130,100.0,4.17,99.15,0.8499999999999943,3.1959,0.032232980332829,9756025.0
2015,대학교,사립,기존,서울,고려대학교,인문사회계열,1910,1888,35651,1911,101.22,18.88,95.8826,5.337400000000002,13.0627,0.1362363974276876,7818372.1143000005
2015,대학교,사립,기존,서울,고려대학교,자연과학계열,859,850,16855,851,100.12,19.83,94.4559,5.664100000000005,16.4429,0.1740801792159092,9244785.5519
2015,대학교,사립,기존,부산,고신대학교,예체능계열,115,115,383,115,100.0,3.33,100.3011,-0.3011000000000052,0.5141,0.0051255669180098,7094279.383400001
2015,대학교,사립,기존,부산,고신대학교,인문사회계열,410,410,1337,411,100.24,3.26,99.692,0.5480000000000018,0.5674,0.0056915299121293,6037009.5498
2015,대학교,사립,기존,부산,고신대학교,자연과학계열,361,361,3030,360,99.72,8.39,99.903,-0.1830000000000069,0.2317,0.002319249672182,7019851.817300001
2015,교육대학,국립,기존,충남,공주교육대학교,인문사회계열,354,354,2375,352,99.44,6.71,97.1967,2.2432999999999907,4.0688,0.0418615035284119,3495600.0
2015,대학교,사립,기존,광주,광신대학교,예체능계열,35,30,38,30,100.0,1.27,99.3288,0.6711999999999989,1.2957,0.0130445550535192,7313600.0
2015,대학교,사립,기존,광주,광신대학교,인문사회계열,107,91,146,91,100.0,1.6,99.635,0.3649999999999949,0.6172,0.006194610327696,5881136.6667
2015,대학교,사립,기존,서울,광운대학교,공학계열,906,907,13809,906,99.89,15.22,93.7807,6.109300000000005,21.8413,0.2328976004657675,9012613.2986
2015,대학교,사립,기존,서울,광운대학교,예체능계열,40,41,231,41,100.0,5.63,99.15,0.8499999999999943,3.1959,0.032232980332829,8091060.0
2015,대학교,사립,기존,서울,광운대학교,인문사회계열,659,660,11760,659,99.85,17.82,95.8826,3.967399999999998,13.0627,0.1362363974276876,7257474.812299999
2015,대학교,사립,기존,서울,광운대학교,자연과학계열,150,150,1901,149,99.33,12.67,94.4559,4.874099999999999,16.4429,0.1740801792159092,8069300.0
2015,대학교,사립,기존,전남,광주가톨릭대학교,인문사회계열,40,40,23,23,57.5,0.57,75.4129,-17.912899999999993,34.5094,0.4576060594407588,0.0
2015,대학교,특별법법인,기존,광주,광주과학기술원,자연과학계열,200,200,2130,200,100.0,10.65,100.0,0.0,0.0,0.0,2060000.0
2015,교육대학,국립,기존,광주,광주교육대학교,인문사회계열,326,326,1892,326,100.0,5.8,99.715,0.2849999999999966,0.4031,0.0040425211853783,3561568.8939000005
2015,대학교,사립,기존,광주,광주대학교,공학계열,285,285,1173,284,99.65,4.12,99.756,-0.1059999999999945,0.2476,0.0024820562171698,7148774.7744
2015,대학교,사립,기존,광주,광주대학교,예체능계열,260,260,855,260,100.0,3.29,99.3288,0.6711999999999989,1.2957,0.0130445550535192,7180216.521600001
2015,대학교,사립,기존,광주,광주대학교,인문사회계열,879,879,3803,871,99.09,4.33,99.635,-0.5450000000000017,0.6172,0.006194610327696,6237843.4172
2015,대학교,사립,기존,광주,광주대학교,자연과학계열,220,220,1611,219,99.55,7.32,99.485,0.0649999999999977,0.3892,0.0039121475599336,7147299.8005
2015,대학교,사립,기존,광주,광주여자대학교,예체능계열,170,173,511,173,100.0,2.95,99.3288,0.6711999999999989,1.2957,0.0130445550535192,7042364.784100001
2015,대학교,사립,기존,광주,광주여자대학교,인문사회계열,375,376,2206,376,100.0,5.87,99.635,0.3649999999999949,0.6172,0.006194610327696,5919095.5885
2015,대학교,사립,기존,광주,광주여자대학교,자연과학계열,350,352,1838,352,100.0,5.22,99.485,0.5150000000000006,0.3892,0.0039121475599336,6857260.337199999
2015,대학교,국립,기존,경북,국립경국대학교,공학계열,456,460,2249,459,99.78,4.89,99.805,-0.0250000000000056,0.0354,0.0003546916487149,4207117.9364
2015,대학교,국립,기존,경북,국립경국대학교,예체능계열,104,104,485,104,100.0,4.66,100.0,0.0,0.0,0.0,4242776.6667
2015,대학교,국립,기존,경북,국립경국대학교,인문사회계열,561,566,2250,561,99.12,3.98,99.56,-0.4399999999999977,0.6223,0.0062505022097227,3331591.5555
2015,대학교,국립,기존,경북,국립경국대학교,자연과학계열,447,450,1859,446,99.11,4.13,99.555,-0.4450000000000074,0.6293,0.0063211290241575,3851895.9477
2015,대학교,사립,기존,서울,국민대학교,공학계열,776,776,5522,774,99.74,7.12,93.7807,5.959299999999999,21.8413,0.2328976004657675,9143824.7236
2015,대학교,사립,기존,서울,국민대학교,예체능계열,558,559,5908,555,99.28,10.57,99.15,0.1299999999999954,3.1959,0.032232980332829,9374498.059099998
2015,대학교,사립,기존,서울,국민대학교,인문사회계열,1325,1327,10052,1321,99.55,7.57,95.8826,3.6674000000000007,13.0627,0.1362363974276876,7326064.474400001
2015,대학교,사립,기존,서울,국민대학교,자연과학계열,324,324,2189,323,99.69,6.76,94.4559,5.234099999999998,16.4429,0.1740801792159092,8362875.9425
2015,대학교,사립,기존,충북,극동대학교,공학계열,178,178,1575,178,100.0,8.85,98.04,1.9599999999999935,3.8723,0.0394971440228478,8485235.7983
2015,대학교,사립,기존,충북,극동대학교,예체능계열,213,213,2488,213,100.0,11.68,99.5162,0.4838000000000022,0.699,0.0070239820250371,8240618.7101
2015,대학교,사립,기존,충북,극동대학교,인문사회계열,398,395,4275,393,99.49,10.82,98.5933,0.8966999999999956,3.0344,0.0307769392037795,6736302.555
2015,대학교,사립,기존,충북,극동대학교,자연과학계열,235,235,2270,232,98.72,9.66,98.8775,-0.1574999999999988,1.6117,0.0162999671310459,8047670.4794
2015,대학교,사립,기존,충남,금강대학교,인문사회계열,145,145,313,99,68.28,2.16,92.5525,-24.272499999999997,21.4964,0.2322616893114719,6806381.411900001
2015,대학교,사립,기존,경북,김천대학교,공학계열,40,40,166,40,100.0,4.15,96.0533,3.946700000000007,7.9516,0.0827832047415341,7689825.0
2015,대학교,사립,기존,경북,김천대학교,인문사회계열,262,263,1056,255,96.96,4.02,91.986,4.9739999999999895,14.7058,0.1598699802143804,6874763.0873
2015,대학교,사립,기존,경북,김천대학교,자연과학계열,645,650,2871,644,99.08,4.42,98.7354,0.3445999999999998,1.6904,0.0171205059178369,7489188.985699999
2015,대학교,사립,기존,충남,나사렛대학교,예체능계열,150,151,1894,148,98.01,12.54,97.5493,0.4607000000000028,6.5432,0.067075827299632,8389643.0023
2015,대학교,사립,기존,충남,나사렛대학교,인문사회계열,849,851,4047,849,99.76,4.76,92.5525,7.20750000000001,21.4964,0.2322616893114719,7134917.1543
2015,대학교,사립,기존,충남,나사렛대학교,자연과학계열,293,293,1605,292,99.66,5.48,95.3223,4.337699999999998,13.974,0.1465973859212377,8475531.1346
2015,대학교,사립,기존,광주,남부대학교,공학계열,60,60,388,60,100.0,6.47,99.756,0.2439999999999997,0.2476,0.0024820562171698,7251507.0811
2015,대학교,사립,기존,광주,남부대학교,예체능계열,90,89,290,86,96.63,3.26,99.3288,-2.6988000000000056,1.2957,0.0130445550535192,7284819.8951
2015,대학교,사립,기존,광주,남부대학교,인문사회계열,135,129,895,129,100.0,6.94,99.635,0.3649999999999949,0.6172,0.006194610327696,6148136.0199
2015,대학교,사립,기존,광주,남부대학교,자연과학계열,420,419,2376,416,99.28,5.67,99.485,-0.2049999999999983,0.3892,0.0039121475599336,6767320.8508
2015,대학교,사립,기존,충남,남서울대학교,공학계열,620,620,3815,620,100.0,6.15,95.905,4.094999999999999,13.7365,0.1432302799645482,8670463.4135
2015,대학교,사립,기존,충남,남서울대학교,예체능계열,400,400,4012,400,100.0,10.03,97.5493,2.4506999999999977,6.5432,0.067075827299632,8897407.322
2015,대학교,사립,기존,충남,남서울대학교,인문사회계열,1048,1048,6609,1048,100.0,6.31,92.5525,7.447500000000005,21.4964,0.2322616893114719,7364686.961
2015,대학교,사립,기존,충남,남서울대학교,자연과학계열,280,280,3078,280,100.0,10.99,95.3223,4.6777000000000015,13.974,0.1465973859212377,9008426.7925
2015,대학교,사립,기존,경기,단국대학교,공학계열,810,812,9058,807,99.38,11.16,99.2791,0.1008999999999957,0.8977,0.0090421851124758,9560855.184700001
2015,대학교,사립,기존,경기,단국대학교,예체능계열,387,388,5951,387,99.74,15.34,99.5135,0.2265000000000014,1.4148,0.0142171665150959,9600862.198
2015,대학교,사립,기존,경기,단국대학교,인문사회계열,1123,1126,15612,1124,99.82,13.87,96.6897,3.130299999999991,11.8408,0.1224618547787406,7620512.951800001
2015,대학교,사립,기존,경기,단국대학교,자연과학계열,60,60,669,59,98.33,11.15,99.3238,-0.9938000000000072,1.1293,0.0113698831498593,8889928.5714
2015,대학교,사립,기존,충남,단국대학교 _제2캠퍼스,공학계열,320,321,2495,319,99.38,7.77,95.905,3.4749999999999943,13.7365,0.1432302799645482,9294699.2424
2015,대학교,사립,기존,충남,단국대학교 _제2캠퍼스,예체능계열,340,341,5281,340,99.71,15.49,97.5493,2.1606999999999914,6.5432,0.067075827299632,9039152.4244
2015,대학교,사립,기존,충남,단국대학교 _제2캠퍼스,인문사회계열,780,780,6805,778,99.74,8.72,92.5525,7.1875,21.4964,0.2322616893114719,7251790.456900001
2015,대학교,사립,기존,충남,단국대학교 _제2캠퍼스,자연과학계열,995,997,7266,995,99.8,7.29,95.3223,4.477699999999999,13.974,0.1465973859212377,9132177.689100001
2015,대학교,사립,기존,경북,대구가톨릭대학교,공학계열,532,533,3871,533,100.0,7.26,96.0533,3.946700000000007,7.9516,0.0827832047415341,8160420.195899999
2015,대학교,사립,기존,경북,대구가톨릭대학교,예체능계열,417,417,2753,417,100.0,6.6,97.0308,2.9692000000000007,5.5899,0.0576095425370088,8953579.2979
2015,대학교,사립,기존,경북,대구가톨릭대학교,인문사회계열,1349,1351,8404,1347,99.7,6.22,91.986,7.713999999999999,14.7058,0.1598699802143804,6106120.6006
2015,대학교,사립,기존,경북,대구가톨릭대학교,자연과학계열,718,717,5687,714,99.58,7.93,98.7354,0.8445999999999998,1.6904,0.0171205059178369,8296465.2743
2015,대학교,특별법법인,기존,대구,대구경북과학기술원,자연과학계열,200,200,1677,203,101.5,8.38,101.5,0.0,0.0,0.0,3528000.0
2015,교육대학,국립,기존,대구,대구교육대학교,인문사회계열,383,383,2479,383,100.0,6.47,99.895,0.1050000000000039,0.1485,0.0014865608889333,3685600.0
2015,대학교,사립,기존,경북,대구대학교,공학계열,776,777,6843,775,99.74,8.81,96.0533,3.686700000000002,7.9516,0.0827832047415341,8377423.6683
2015,대학교,사립,기존,경북,대구대학교,예체능계열,397,398,3115,398,100.0,7.83,97.0308,2.9692000000000007,5.5899,0.0576095425370088,8655019.3556
2015,대학교,사립,기존,경북,대구대학교,인문사회계열,2176,2178,14014,2171,99.68,6.43,91.986,7.694000000000003,14.7058,0.1598699802143804,6169983.1063
2015,대학교,사립,기존,경북,대구대학교,자연과학계열,1002,1003,7742,999,99.6,7.72,98.7354,0.8645999999999958,1.6904,0.0171205059178369,7821255.227599999
2015,대학교,사립,기존,경북,대구예술대학교,예체능계열,433,433,1136,398,91.92,2.62,97.0308,-5.110799999999998,5.5899,0.0576095425370088,8708729.1103
2015,대학교,사립,기존,경북,대구한의대학교,공학계열,220,220,1310,219,99.55,5.95,96.0533,3.496700000000004,7.9516,0.0827832047415341,7897745.498299999
2015,대학교,사립,기존,경북,대구한의대학교,예체능계열,160,160,840,160,100.0,5.25,97.0308,2.9692000000000007,5.5899,0.0576095425370088,7736779.8264
2015,대학교,사립,기존,경북,대구한의대학교,인문사회계열,470,470,2824,470,100.0,6.01,91.986,8.013999999999996,14.7058,0.1598699802143804,6064630.2414
2015,대학교,사립,기존,경북,대구한의대학교,자연과학계열,673,675,5144,667,98.81,7.62,98.7354,0.0746000000000037,1.6904,0.0171205059178369,7714431.2227
2015,대학교,사립,기존,경북,대신대학교,예체능계열,40,40,55,35,87.5,1.38,97.0308,-9.5308,5.5899,0.0576095425370088,7555880.0
2015,대학교,사립,기존,경북,대신대학교,인문사회계열,85,85,103,42,49.41,1.21,91.986,-42.57600000000001,14.7058,0.1598699802143804,6250070.0
2015,대학교,사립,기존,세종,대전가톨릭대학교,인문사회계열,40,40,26,15,37.5,0.65,77.0333,-39.5333,34.2565,0.4446972932485042,6060000.0
2015,대학교,사립,기존,대전,대전대학교,공학계열,512,513,2711,509,99.22,5.28,99.3333,-0.1132999999999953,0.2926,0.0029456385723619,8250575.7142
2015,대학교,사립,기존,대전,대전대학교,예체능계열,218,219,2001,219,100.0,9.14,99.335,0.6650000000000063,0.7073,0.0071203503296924,7935913.998899999
2015,대학교,사립,기존,대전,대전대학교,인문사회계열,1140,1140,5273,1131,99.21,4.63,95.04,4.169999999999988,13.2318,0.1392234848484848,6928805.7336
2015,대학교,사립,기존,대전,대전대학교,자연과학계열,407,407,3573,405,99.51,8.78,99.6743,-0.1642999999999972,0.3633,0.0036448713459738,7951576.285699999
2015,대학교,사립,기존,대전,대전신학대학교,인문사회계열,60,61,69,38,62.3,1.13,95.04,-32.74000000000001,13.2318,0.1392234848484848,6306593.0
2015,대학교,사립,기존,경기,대진대학교,공학계열,573,576,3225,570,98.96,5.6,99.2791,-0.3191000000000059,0.8977,0.0090421851124758,8565114.9297
2015,대학교,사립,기존,경기,대진대학교,예체능계열,253,255,2766,254,99.61,10.85,99.5135,0.096500000000006,1.4148,0.0142171665150959,8552137.6265
2015,대학교,사립,기존,경기,대진대학교,인문사회계열,873,878,4885,869,98.97,5.56,96.6897,2.280299999999997,11.8408,0.1224618547787406,6628611.1357
2015,대학교,사립,기존,경기,대진대학교,자연과학계열,211,211,1903,206,97.63,9.02,99.3238,-1.6938000000000102,1.1293,0.0113698831498593,7839720.4438
2015,대학교,사립,기존,서울,덕성여자대학교,공학계열,90,92,1377,92,100.0,14.97,93.7807,6.219300000000004,21.8413,0.2328976004657675,8863598.888799999
2015,대학교,사립,기존,서울,덕성여자대학교,예체능계열,170,170,1396,170,100.0,8.21,99.15,0.8499999999999943,3.1959,0.032232980332829,9006073.3667
2015,대학교,사립,기존,서울,덕성여자대학교,인문사회계열,710,717,9824,714,99.58,13.7,95.8826,3.697400000000002,13.0627,0.1362363974276876,6581306.131899999
2015,대학교,사립,기존,서울,동국대학교,공학계열,826,827,7516,819,99.03,9.09,93.7807,5.249300000000005,21.8413,0.2328976004657675,9671192.322
2015,대학교,사립,기존,서울,동국대학교,예체능계열,210,211,5201,210,99.53,24.65,99.15,0.3799999999999954,3.1959,0.032232980332829,9519799.7636
2015,대학교,사립,기존,서울,동국대학교,인문사회계열,1333,1337,20243,1332,99.63,15.14,95.8826,3.747399999999999,13.0627,0.1362363974276876,7455353.1876
2015,대학교,사립,기존,서울,동국대학교,자연과학계열,316,319,2988,317,99.37,9.37,94.4559,4.914100000000005,16.4429,0.1740801792159092,8974471.1573
2015,대학교,사립,기존,경북,동국대학교(WISE),공학계열,325,325,1437,324,99.69,4.42,96.0533,3.6367000000000047,7.9516,0.0827832047415341,9351231.9581
2015,대학교,사립,기존,경북,동국대학교(WISE),예체능계열,130,130,887,130,100.0,6.82,97.0308,2.9692000000000007,5.5899,0.0576095425370088,9231908.888700001
2015,대학교,사립,기존,경북,동국대학교(WISE),인문사회계열,1016,1016,4213,1008,99.21,4.15,91.986,7.223999999999989,14.7058,0.1598699802143804,7353976.023
2015,대학교,사립,기존,경북,동국대학교(WISE),자연과학계열,334,334,3488,333,99.7,10.44,98.7354,0.9646000000000045,1.6904,0.0171205059178369,8814035.2036
2015,대학교,사립,기존,서울,동덕여자대학교,공학계열,92,94,955,94,100.0,10.16,93.7807,6.219300000000004,21.8413,0.2328976004657675,8007366.6667
2015,대학교,사립,기존,서울,동덕여자대학교,예체능계열,615,619,13556,615,99.35,21.9,99.15,0.1999999999999886,3.1959,0.032232980332829,9133231.445700001
2015,대학교,사립,기존,서울,동덕여자대학교,인문사회계열,696,700,7020,688,98.29,10.03,95.8826,2.4074000000000098,13.0627,0.1362363974276876,6480516.051200001
2015,대학교,사립,기존,서울,동덕여자대학교,자연과학계열,171,171,1386,168,98.25,8.11,94.4559,3.7941,16.4429,0.1740801792159092,8068573.699600001
2015,대학교,사립,기존,부산,동명대학교,공학계열,790,790,5893,805,101.9,7.46,100.3325,1.5675000000000097,0.77,0.0076744823461988,8019353.664399999
2015,대학교,사립,기존,부산,동명대학교,예체능계열,240,240,1324,240,100.0,5.52,100.3011,-0.3011000000000052,0.5141,0.0051255669180098,7609227.5538
2015,대학교,사립,기존,부산,동명대학교,인문사회계열,800,798,5552,785,98.37,6.96,99.692,-1.3219999999999883,0.5674,0.0056915299121293,6069711.8292
2015,대학교,사립,기존,부산,동명대학교,자연과학계열,160,160,1856,159,99.38,11.6,99.903,-0.5230000000000103,0.2317,0.002319249672182,7777416.9213
2015,대학교,사립,기존,부산,동서대학교,공학계열,790,789,5391,791,100.25,6.83,100.3325,-0.082499999999996,0.77,0.0076744823461988,7694750.7507
2015,대학교,사립,기존,부산,동서대학교,예체능계열,450,450,3489,454,100.89,7.75,100.3011,0.5888999999999953,0.5141,0.0051255669180098,7434123.3779
2015,대학교,사립,기존,부산,동서대학교,인문사회계열,1148,1149,8525,1150,100.09,7.42,99.692,0.3980000000000103,0.5674,0.0056915299121293,6007848.073299999
2015,대학교,사립,기존,부산,동서대학교,자연과학계열,205,204,2273,204,100.0,11.14,99.903,0.0969999999999942,0.2317,0.002319249672182,7868951.759299999
2015,대학교,사립,기존,전남,동신대학교,공학계열,340,340,1098,340,100.0,3.23,89.955,10.045000000000002,18.5246,0.205931854816297,7461954.1494
2015,대학교,사립,기존,전남,동신대학교,예체능계열,135,135,443,135,100.0,3.28,92.1425,7.857500000000002,15.715,0.1705510486474754,7256346.3758000005
2015,대학교,사립,기존,전남,동신대학교,인문사회계열,565,565,2512,565,100.0,4.45,75.4129,24.587100000000007,34.5094,0.4576060594407588,6033323.6499
2015,대학교,사립,기존,전남,동신대학교,자연과학계열,580,580,3589,579,99.83,6.19,91.484,8.346000000000004,16.5896,0.1813388133444099,7220324.209299999
2015,대학교,사립,기존,부산,동아대학교,공학계열,1195,1197,8148,1195,99.83,6.81,100.3325,-0.5024999999999977,0.77,0.0076744823461988,8078154.062700001
2015,대학교,사립,기존,부산,동아대학교,예체능계열,485,487,3861,487,100.0,7.93,100.3011,-0.3011000000000052,0.5141,0.0051255669180098,7985752.3823
2015,대학교,사립,기존,부산,동아대학교,인문사회계열,1760,1766,8526,1757,99.49,4.83,99.692,-0.2019999999999981,0.5674,0.0056915299121293,6222023.3991
2015,대학교,사립,기존,부산,동아대학교,자연과학계열,694,695,4641,694,99.86,6.68,99.903,-0.0430000000000063,0.2317,0.002319249672182,7326925.1059
2015,대학교,사립,기존,경북,동양대학교,공학계열,490,490,1650,456,93.06,3.37,96.0533,-2.9932999999999907,7.9516,0.0827832047415341,7732083.3765
2015,대학교,사립,기존,경북,동양대학교,예체능계열,100,100,348,100,100.0,3.48,97.0308,2.9692000000000007,5.5899,0.0576095425370088,8077178.845900001
2015,대학교,사립,기존,경북,동양대학교,인문사회계열,410,410,1667,406,99.02,4.07,91.986,7.033999999999992,14.7058,0.1598699802143804,6028332.171800001
2015,대학교,사립,기존,경북,동양대학교,자연과학계열,60,60,536,60,100.0,8.93,98.7354,1.2646000000000015,1.6904,0.0171205059178369,7685802.4233
2015,대학교,사립,기존,부산,동의대학교,공학계열,1170,1170,7196,1170,100.0,6.15,100.3325,-0.332499999999996,0.77,0.0076744823461988,7638686.5876
2015,대학교,사립,기존,부산,동의대학교,예체능계열,360,360,2713,360,100.0,7.54,100.3011,-0.3011000000000052,0.5141,0.0051255669180098,7264170.181100001
2015,대학교,사립,기존,부산,동의대학교,인문사회계열,1420,1420,9135,1420,100.0,6.43,99.692,0.3080000000000069,0.5674,0.0056915299121293,5682408.8137
2015,대학교,사립,기존,부산,동의대학교,자연과학계열,645,645,4554,645,100.0,7.06,99.903,0.0969999999999942,0.2317,0.002319249672182,6910060.658499999
2015,대학교,사립,기존,경기,루터대학교,인문사회계열,70,70,370,69,98.57,5.29,96.6897,1.8802999999999912,11.8408,0.1224618547787406,6702729.075
2015,대학교,사립,기존,경기,명지대학교,공학계열,957,958,7032,956,99.79,7.34,99.2791,0.5109000000000066,0.8977,0.0090421851124758,9666516.64
2015,대학교,사립,기존,경기,명지대학교,예체능계열,369,370,4797,368,99.46,12.96,99.5135,-0.0534999999999996,1.4148,0.0142171665150959,9991003.1884
2015,대학교,사립,기존,경기,명지대학교,자연과학계열,216,216,1489,216,100.0,6.89,99.3238,0.6761999999999944,1.1293,0.0113698831498593,8677192.7048
2015,대학교,사립,기존,대전,목원대학교,공학계열,372,372,1616,368,98.92,4.34,99.3333,-0.4132999999999924,0.2926,0.0029456385723619,8301355.8282
2015,대학교,사립,기존,대전,목원대학교,예체능계열,552,552,3935,551,99.82,7.13,99.335,0.4849999999999994,0.7073,0.0071203503296924,8360486.043
2015,대학교,사립,기존,대전,목원대학교,인문사회계열,867,870,3284,869,99.89,3.77,95.04,4.849999999999994,13.2318,0.1392234848484848,6817160.2433
2015,대학교,사립,기존,대전,목원대학교,자연과학계열,209,211,709,209,99.05,3.36,99.6743,-0.6243000000000052,0.3633,0.0036448713459738,7552579.922900001
2015,대학교,사립,기존,전남,목포가톨릭대학교,인문사회계열,40,40,149,40,100.0,3.72,75.4129,24.587100000000007,34.5094,0.4576060594407588,5935800.0
2015,대학교,사립,기존,전남,목포가톨릭대학교,자연과학계열,90,90,511,90,100.0,5.68,91.484,8.516000000000005,16.5896,0.1813388133444099,7104800.0
2015,대학교,사립,기존,대전,배재대학교,공학계열,503,505,2199,501,99.21,4.35,99.3333,-0.1233000000000004,0.2926,0.0029456385723619,8277859.7377
2015,대학교,사립,기존,대전,배재대학교,예체능계열,237,239,1418,237,99.16,5.93,99.335,-0.1749999999999971,0.7073,0.0071203503296924,8254137.851100001
2015,대학교,사립,기존,대전,배재대학교,인문사회계열,1079,1084,4380,1081,99.72,4.04,95.04,4.679999999999993,13.2318,0.1392234848484848,6729994.0758
2015,대학교,사립,기존,대전,배재대학교,자연과학계열,354,355,1570,353,99.44,4.42,99.6743,-0.2343000000000046,0.3633,0.0036448713459738,7565965.8229
2015,대학교,사립,기존,충남,백석대학교,공학계열,300,300,2534,297,99.0,8.45,95.905,3.094999999999999,13.7365,0.1432302799645482,8762283.7125
2015,대학교,사립,기존,충남,백석대학교,예체능계열,660,661,9394,658,99.55,14.21,97.5493,2.000699999999995,6.5432,0.067075827299632,9283973.2588
2015,대학교,사립,기존,충남,백석대학교,인문사회계열,1609,1607,12846,1600,99.56,7.99,92.5525,7.007500000000007,21.4964,0.2322616893114719,7370613.7325
2015,대학교,사립,기존,충남,백석대학교,자연과학계열,283,283,3418,281,99.29,12.08,95.3223,3.967700000000008,13.974,0.1465973859212377,8805300.0
2015,대학교,사립,기존,부산,부산가톨릭대학교,공학계열,100,100,689,100,100.0,6.89,100.3325,-0.332499999999996,0.77,0.0076744823461988,7929015.5493
2015,대학교,사립,기존,부산,부산가톨릭대학교,인문사회계열,251,252,1726,251,99.6,6.85,99.692,-0.0919999999999987,0.5674,0.0056915299121293,6154262.3524
2015,대학교,사립,기존,부산,부산가톨릭대학교,자연과학계열,565,559,6098,558,99.82,10.91,99.903,-0.0830000000000126,0.2317,0.002319249672182,7298788.404999999
2015,교육대학,국립,기존,부산,부산교육대학교,인문사회계열,356,357,2891,357,100.0,8.1,99.7975,0.2025000000000005,0.3416,0.0034229314361582,3107200.0
2015,대학교,국립,기존,부산,부산대학교,공학계열,1521,1517,11927,1508,99.41,7.86,99.7067,-0.2967000000000013,0.295,0.0029586778019932,4760204.1177
2015,대학교,국립,기존,부산,부산대학교,예체능계열,352,352,1946,352,100.0,5.53,100.0,0.0,0.0,0.0,4751333.333
2015,대학교,국립,기존,부산,부산대학교,인문사회계열,1419,1417,13668,1407,99.29,9.65,99.7975,-0.5074999999999932,0.3416,0.0034229314361582,3552716.0592
2015,대학교,국립,기존,부산,부산대학교,자연과학계열,1093,1092,9105,1085,99.36,8.34,99.62,-0.2600000000000051,0.3365,0.0033778357759486,4608177.5743
2015,대학교,사립,기존,부산,부산외국어대학교,공학계열,180,180,1143,182,101.11,6.35,100.3325,0.7775000000000034,0.77,0.0076744823461988,7897294.9478
2015,대학교,사립,기존,부산,부산외국어대학교,예체능계열,80,81,676,82,101.23,8.35,100.3011,0.9288999999999988,0.5141,0.0051255669180098,6880964.818000001
2015,대학교,사립,기존,부산,부산외국어대학교,인문사회계열,1715,1716,10438,1713,99.83,6.08,99.692,0.1380000000000052,0.5674,0.0056915299121293,6054354.3346
2015,대학교,사립,기존,경남,부산장신대학교,인문사회계열,70,70,142,66,94.29,2.03,97.6486,-3.358599999999996,3.1144,0.0318939544448153,6104227.5117
2015,대학교,사립,기존,서울,삼육대학교,공학계열,159,160,1084,159,99.38,6.78,93.7807,5.5993,21.8413,0.2328976004657675,8770773.9831
2015,대학교,사립,기존,서울,삼육대학교,예체능계열,195,197,3154,197,100.0,16.01,99.15,0.8499999999999943,3.1959,0.032232980332829,9215430.879999999
2015,대학교,사립,기존,서울,삼육대학교,인문사회계열,453,458,3516,455,99.34,7.68,95.8826,3.457400000000007,13.0627,0.1362363974276876,7409350.3354
2015,대학교,사립,기존,서울,삼육대학교,자연과학계열,400,403,3056,402,99.75,7.58,94.4559,5.2941,16.4429,0.1740801792159092,8434035.3061
2015,대학교,사립,기존,서울,상명대학교,공학계열,244,244,3290,238,97.54,13.48,93.7807,3.7593000000000094,21.8413,0.2328976004657675,8907479.5099
2015,대학교,사립,기존,서울,상명대학교,예체능계열,227,230,3904,230,100.0,16.97,99.15,0.8499999999999943,3.1959,0.032232980332829,9403698.6191
2015,대학교,사립,기존,서울,상명대학교,인문사회계열,659,661,8042,659,99.7,12.17,95.8826,3.8174000000000063,13.0627,0.1362363974276876,7269195.7831
2015,대학교,사립,기존,서울,상명대학교,자연과학계열,214,215,2922,214,99.53,13.59,94.4559,5.074100000000001,16.4429,0.1740801792159092,8448554.9999
2015,대학교,사립,기존,강원,상지대학교,공학계열,255,256,1018,254,99.22,3.98,87.8843,11.335700000000005,28.2401,0.3213327067519455,8341745.9013
2015,대학교,사립,기존,강원,상지대학교,예체능계열,207,207,1194,207,100.0,5.77,95.1229,4.877099999999999,17.7099,0.1861791429823943,8028785.0228
2015,대학교,사립,기존,강원,상지대학교,인문사회계열,885,886,3633,873,98.53,4.1,88.7457,9.784300000000002,26.0775,0.2938452229234768,6675719.9082
2015,대학교,사립,기존,강원,상지대학교,자연과학계열,545,547,3664,543,99.27,6.7,97.1262,2.143799999999999,12.1649,0.1252483881795025,7717274.0691
2015,대학교,사립,기존,서울,서강대학교,공학계열,421,421,11814,417,99.05,28.06,93.7807,5.269300000000001,21.8413,0.2328976004657675,9927353.3333
2015,대학교,사립,기존,서울,서강대학교,인문사회계열,1005,1006,22120,907,90.16,21.99,95.8826,-5.7226,13.0627,0.1362363974276876,7749999.864
2015,대학교,사립,기존,서울,서강대학교,자연과학계열,214,217,3938,105,48.39,18.15,94.4559,-46.0659,16.4429,0.1740801792159092,9024405.0
2015,대학교,사립,기존,서울,서경대학교,공학계열,400,402,4730,401,99.75,11.77,93.7807,5.969300000000004,21.8413,0.2328976004657675,8736269.0616
2015,대학교,사립,기존,서울,서경대학교,예체능계열,410,412,11668,407,98.79,28.32,99.15,-0.3599999999999994,3.1959,0.032232980332829,9125162.7721
2015,대학교,사립,기존,서울,서경대학교,인문사회계열,520,524,6853,524,100.0,13.08,95.8826,4.117400000000004,13.0627,0.1362363974276876,7016831.5008000005
2015,대학교,사립,기존,서울,서경대학교,자연과학계열,80,81,1322,80,98.77,16.32,94.4559,4.314099999999996,16.4429,0.1740801792159092,8853033.3333
2015,대학교,국립,기존,서울,서울과학기술대학교,공학계열,1461,1462,13075,1459,99.79,8.94,62.745,37.04500000000001,52.3895,0.8349589608733764,5494128.3050999995
2015,대학교,국립,기존,서울,서울과학기술대학교,예체능계열,278,278,2686,278,100.0,9.66,99.66,0.3400000000000034,0.4808,0.0048244029700983,5567009.9999
2015,대학교,국립,기존,서울,서울과학기술대학교,인문사회계열,300,301,3245,299,99.34,10.78,78.6467,20.693300000000008,36.1715,0.4599239383216333,4684437.853
2015,대학교,국립,기존,서울,서울과학기술대학교,자연과학계열,165,165,1244,164,99.39,7.54,66.82,32.57000000000001,46.0609,0.6893280454953606,5497893.0
2015,교육대학,국립,기존,서울,서울교육대학교,인문사회계열,355,356,2360,355,99.72,6.63,78.6467,21.073300000000003,36.1715,0.4599239383216333,3156400.0
2015,대학교,사립,기존,서울,서울기독대학교,예체능계열,51,51,224,51,100.0,4.39,99.15,0.8499999999999943,3.1959,0.032232980332829,8640110.9143
2015,대학교,사립,기존,서울,서울기독대학교,인문사회계열,110,110,228,110,100.0,2.07,95.8826,4.117400000000004,13.0627,0.1362363974276876,6880208.2707
2015,대학교,국립대법인,기존,서울,서울대학교,공학계열,853,853,4240,853,100.0,4.97,100.0,0.0,0.0,0.0,6064307.7824
2015,대학교,국립대법인,기존,서울,서울대학교,예체능계열,38,285,5599,285,100.0,19.65,100.0,0.0,0.0,0.0,7539922.1784
2015,대학교,국립대법인,기존,서울,서울대학교,인문사회계열,1153,1154,6924,1154,100.0,6.0,100.0,0.0,0.0,0.0,5046714.8876
2015,대학교,국립대법인,기존,서울,서울대학교,자연과학계열,799,801,4724,799,99.75,5.9,99.75,0.0,0.0,0.0,6312731.3597
2015,대학교,공립,기존,서울,서울시립대학교,공학계열,650,653,5820,650,99.54,8.91,99.54,0.0,0.0,0.0,2737800.0
2015,대학교,공립,기존,서울,서울시립대학교,예체능계열,136,136,757,136,100.0,5.57,100.0,0.0,0.0,0.0,2971550.0
2015,대학교,공립,기존,서울,서울시립대학교,인문사회계열,812,816,9290,813,99.63,11.38,99.63,0.0,0.0,0.0,2080800.0
2015,대학교,공립,기존,서울,서울시립대학교,자연과학계열,170,171,1819,169,98.83,10.64,98.83,0.0,0.0,0.0,2463264.7619
2015,대학교,사립,기존,경기,서울신학대학교,예체능계열,100,100,1235,100,100.0,12.35,99.5135,0.4865000000000066,1.4148,0.0142171665150959,8832354.145
2015,대학교,사립,기존,경기,서울신학대학교,인문사회계열,440,441,1589,441,100.0,3.6,96.6897,3.310299999999998,11.8408,0.1224618547787406,7051819.7447
2015,대학교,사립,기존,서울,서울여자대학교,공학계열,156,157,1976,157,100.0,12.59,93.7807,6.219300000000004,21.8413,0.2328976004657675,8618609.8092
2015,대학교,사립,기존,서울,서울여자대학교,예체능계열,190,191,3672,191,100.0,19.23,99.15,0.8499999999999943,3.1959,0.032232980332829,9700661.1305
2015,대학교,사립,기존,서울,서울여자대학교,인문사회계열,928,935,14067,934,99.89,15.04,95.8826,4.007400000000004,13.0627,0.1362363974276876,7368183.187900001
2015,대학교,사립,기존,서울,서울여자대학교,자연과학계열,369,372,5269,371,99.73,14.16,94.4559,5.274100000000004,16.4429,0.1740801792159092,8540384.2063
2015,대학교,사립,기존,경기,서울장신대학교,예체능계열,30,30,77,30,100.0,2.57,99.5135,0.4865000000000066,1.4148,0.0142171665150959,10058620.0
2015,대학교,사립,기존,경기,서울장신대학교,인문사회계열,92,92,277,92,100.0,3.01,96.6897,3.310299999999998,11.8408,0.1224618547787406,7484890.0
2015,대학교,사립,기존,서울,서울한영대학교,예체능계열,17,17,29,14,82.35,1.71,99.15,-16.80000000000001,3.1959,0.032232980332829,8474634.9833
2015,대학교,사립,기존,서울,서울한영대학교,인문사회계열,183,183,533,173,94.54,2.91,95.8826,-1.3425999999999902,13.0627,0.1362363974276876,6859945.0672
2015,대학교,사립,기존,충북,서원대학교,공학계열,350,350,2312,347,99.14,6.61,98.04,1.0999999999999943,3.8723,0.0394971440228478,8196490.192399999
2015,대학교,사립,기존,충북,서원대학교,예체능계열,225,225,2205,225,100.0,9.8,99.5162,0.4838000000000022,0.699,0.0070239820250371,7846819.4164
2015,대학교,사립,기존,충북,서원대학교,인문사회계열,852,853,7785,847,99.3,9.13,98.5933,0.7066999999999979,3.0344,0.0307769392037795,6527212.7165
2015,대학교,사립,기존,충북,서원대학교,자연과학계열,270,270,2153,269,99.63,7.97,98.8775,0.7524999999999977,1.6117,0.0162999671310459,7593953.451800001
2015,대학교,사립,기존,충남,선문대학교,공학계열,734,733,3802,731,99.73,5.19,95.905,3.825000000000003,13.7365,0.1432302799645482,8505540.4702
2015,대학교,사립,기존,충남,선문대학교,예체능계열,156,156,1159,154,98.72,7.43,97.5493,1.1706999999999963,6.5432,0.067075827299632,8028918.1086
2015,대학교,사립,기존,충남,선문대학교,인문사회계열,1037,1039,5287,1032,99.33,5.09,92.5525,6.777500000000003,21.4964,0.2322616893114719,6965922.151099999
2015,대학교,사립,기존,충남,선문대학교,자연과학계열,237,238,2525,238,100.0,10.61,95.3223,4.6777000000000015,13.974,0.1465973859212377,8239229.8806
2015,대학교,사립,기존,경기,성결대학교,공학계열,310,310,2482,309,99.68,8.01,99.2791,0.4009000000000071,0.8977,0.0090421851124758,8562478.5714
2015,대학교,사립,기존,경기,성결대학교,예체능계열,180,180,3355,180,100.0,18.64,99.5135,0.4865000000000066,1.4148,0.0142171665150959,9346624.9946
2015,대학교,사립,기존,경기,성결대학교,인문사회계열,790,790,6309,793,100.38,7.99,96.6897,3.6902999999999935,11.8408,0.1224618547787406,6873909.504899999
2015,대학교,사립,기존,서울,성공회대학교,공학계열,142,145,854,143,98.62,5.89,93.7807,4.839300000000009,21.8413,0.2328976004657675,7992547.5
2015,대학교,사립,기존,서울,성공회대학교,인문사회계열,371,375,2075,374,99.73,5.53,95.8826,3.847400000000008,13.0627,0.1362363974276876,7282935.1515
2015,대학교,사립,기존,서울,성균관대학교,공학계열,1137,1138,27390,1135,99.74,24.07,93.7807,5.959299999999999,21.8413,0.2328976004657675,9304646.517
2015,대학교,사립,기존,서울,성균관대학교,예체능계열,270,271,4339,270,99.63,16.01,99.15,0.4799999999999897,3.1959,0.032232980332829,9566756.23
2015,대학교,사립,기존,서울,성균관대학교,인문사회계열,1542,1543,39039,1406,91.12,25.3,95.8826,-4.762599999999992,13.0627,0.1362363974276876,7463666.0782
2015,대학교,사립,기존,서울,성균관대학교,자연과학계열,483,484,12197,441,91.12,25.2,94.4559,-3.335899999999995,16.4429,0.1740801792159092,8856363.9684
2015,대학교,사립,기존,서울,성신여자대학교,공학계열,81,81,464,80,98.77,5.73,93.7807,4.9893,21.8413,0.2328976004657675,8619105.8846
2015,대학교,사립,기존,서울,성신여자대학교,예체능계열,550,550,9862,546,99.27,17.93,99.15,0.1199999999999903,3.1959,0.032232980332829,9974875.4945
2015,대학교,사립,기존,서울,성신여자대학교,인문사회계열,1160,1166,6792,1156,99.14,5.83,95.8826,3.257400000000004,13.0627,0.1362363974276876,7319715.1154
2015,대학교,사립,기존,서울,성신여자대학교,자연과학계열,425,425,2765,421,99.06,6.51,94.4559,4.6041000000000025,16.4429,0.1740801792159092,8573598.562199999
2015,대학교,사립,기존,충북,세명대학교,공학계열,310,310,1528,308,99.35,4.93,98.04,1.309999999999988,3.8723,0.0394971440228478,7951320.926100001
2015,대학교,사립,기존,충북,세명대학교,예체능계열,200,201,1191,198,98.51,5.93,99.5162,-1.0061999999999929,0.699,0.0070239820250371,7805764.103499999
2015,대학교,사립,기존,충북,세명대학교,인문사회계열,850,857,4362,849,99.07,5.09,98.5933,0.4766999999999939,3.0344,0.0307769392037795,6300402.1941
2015,대학교,사립,기존,충북,세명대학교,자연과학계열,520,523,2781,522,99.81,5.32,98.8775,0.9325000000000044,1.6117,0.0162999671310459,7605857.901899999
2015,대학교,사립,기존,서울,세종대학교,공학계열,1150,1160,12124,1147,98.88,10.45,93.7807,5.0993,21.8413,0.2328976004657675,8898619.59
2015,대학교,사립,기존,서울,세종대학교,예체능계열,335,336,5494,336,100.0,16.35,99.15,0.8499999999999943,3.1959,0.032232980332829,9046442.1466
2015,대학교,사립,기존,서울,세종대학교,인문사회계열,665,666,13676,661,99.25,20.53,95.8826,3.3674000000000035,13.0627,0.1362363974276876,6594035.713400001
2015,대학교,사립,기존,서울,세종대학교,자연과학계열,170,172,1652,172,100.0,9.6,94.4559,5.5441,16.4429,0.1740801792159092,7714568.4743
2015,대학교,사립,기존,전남,세한대학교,공학계열,45,45,154,45,100.0,3.42,89.955,10.045000000000002,18.5246,0.205931854816297,7718890.2381
2015,대학교,사립,기존,전남,세한대학교,예체능계열,230,230,668,230,100.0,2.9,92.1425,7.857500000000002,15.715,0.1705510486474754,7021176.001800001
2015,대학교,사립,기존,전남,세한대학교,인문사회계열,120,120,434,120,100.0,3.62,75.4129,24.587100000000007,34.5094,0.4576060594407588,5937898.6463
2015,대학교,사립,기존,전남,세한대학교,자연과학계열,220,220,1444,220,100.0,6.56,91.484,8.516000000000005,16.5896,0.1813388133444099,6784397.035699999
2015,대학교,사립,기존,광주,송원대학교,공학계열,170,171,663,170,99.42,3.88,99.756,-0.3359999999999985,0.2476,0.0024820562171698,7011866.657199999
2015,대학교,사립,기존,광주,송원대학교,예체능계열,115,115,298,115,100.0,2.59,99.3288,0.6711999999999989,1.2957,0.0130445550535192,6992126.667200001
2015,대학교,사립,기존,광주,송원대학교,인문사회계열,315,315,1124,315,100.0,3.57,99.635,0.3649999999999949,0.6172,0.006194610327696,6037041.5067
2015,대학교,사립,기존,광주,송원대학교,자연과학계열,200,201,1272,199,99.0,6.33,99.485,-0.4849999999999994,0.3892,0.0039121475599336,6802051.080500001
2015,대학교,사립,기존,경기,수원가톨릭대학교,인문사회계열,90,90,46,32,35.56,0.51,96.6897,-61.1297,11.8408,0.1224618547787406,5325000.0
2015,대학교,사립,기존,서울,숙명여자대학교,공학계열,115,115,731,115,100.0,6.36,93.7807,6.219300000000004,21.8413,0.2328976004657675,9485943.1818
2015,대학교,사립,기존,서울,숙명여자대학교,예체능계열,380,380,3348,379,99.74,8.81,99.15,0.5899999999999892,3.1959,0.032232980332829,10226027.989599999
2015,대학교,사립,기존,서울,숙명여자대학교,인문사회계열,1381,1385,13913,1382,99.78,10.05,95.8826,3.8974000000000046,13.0627,0.1362363974276876,7670642.5254
2015,대학교,사립,기존,서울,숙명여자대학교,자연과학계열,322,322,2522,320,99.38,7.83,94.4559,4.924099999999996,16.4429,0.1740801792159092,9034523.9742
2015,각종학교(대학),사립,기존,충북,순복음총회신학교,예체능계열,12,12,15,12,100.0,1.25,99.5162,0.4838000000000022,0.699,0.0070239820250371,7234285.709999999
2015,각종학교(대학),사립,기존,충북,순복음총회신학교,인문사회계열,83,83,106,83,100.0,1.28,98.5933,1.4067000000000007,3.0344,0.0307769392037795,5676930.686
2015,대학교,사립,기존,충남,순천향대학교,공학계열,648,648,4553,643,99.23,7.03,95.905,3.325000000000003,13.7365,0.1432302799645482,8840640.9375
2015,대학교,사립,기존,충남,순천향대학교,예체능계열,239,239,3867,239,100.0,16.18,97.5493,2.4506999999999977,6.5432,0.067075827299632,8288314.285699999
2015,대학교,사립,기존,충남,순천향대학교,인문사회계열,948,949,6449,944,99.47,6.8,92.5525,6.917500000000004,21.4964,0.2322616893114719,7496940.0359
2015,대학교,사립,기존,충남,순천향대학교,자연과학계열,593,595,5737,592,99.5,9.64,95.3223,4.1777000000000015,13.974,0.1465973859212377,8379226.617300001
2015,대학교,사립,기존,서울,숭실대학교,공학계열,1131,1140,13837,1124,98.6,12.14,93.7807,4.819299999999998,21.8413,0.2328976004657675,9318848.412899999
2015,대학교,사립,기존,서울,숭실대학교,예체능계열,92,92,1986,91,98.91,21.59,99.15,-0.2400000000000091,3.1959,0.032232980332829,9293699.9999
2015,대학교,사립,기존,서울,숭실대학교,인문사회계열,1217,1226,17246,1214,99.02,14.07,95.8826,3.1373999999999995,13.0627,0.1362363974276876,7629418.0726
2015,대학교,사립,기존,서울,숭실대학교,자연과학계열,235,238,2998,236,99.16,12.6,94.4559,4.704099999999997,16.4429,0.1740801792159092,8475300.0
2015,대학교,사립,기존,경북,신경주대학교,예체능계열,87,92,216,77,83.7,2.35,97.0308,-13.330799999999996,5.5899,0.0576095425370088,8436174.885
2015,대학교,사립,기존,경북,신경주대학교,인문사회계열,322,336,1117,283,84.23,3.32,91.986,-7.756,14.7058,0.1598699802143804,6635040.6239
2015,대학교,사립,기존,경북,신경주대학교,자연과학계열,305,314,1247,297,94.59,3.97,98.7354,-4.145399999999995,1.6904,0.0171205059178369,7309179.487299999
2015,대학교,사립,기존,부산,신라대학교,공학계열,360,360,1683,359,99.72,4.68,100.3325,-0.6124999999999972,0.77,0.0076744823461988,8010356.3802000005
2015,대학교,사립,기존,부산,신라대학교,예체능계열,320,321,1273,321,100.0,3.97,100.3011,-0.3011000000000052,0.5141,0.0051255669180098,7656044.7221
2015,대학교,사립,기존,부산,신라대학교,인문사회계열,1135,1134,5101,1138,100.35,4.5,99.692,0.6580000000000013,0.5674,0.0056915299121293,5934444.0519
2015,대학교,사립,기존,부산,신라대학교,자연과학계열,395,393,2379,394,100.25,6.05,99.903,0.3469999999999942,0.2317,0.002319249672182,7294631.6367
2015,대학교,사립,기존,경기,신한대학교,공학계열,173,173,1697,167,96.53,9.81,99.2791,-2.7490999999999985,0.8977,0.0090421851124758,10340457.3325
2015,대학교,사립,기존,경기,신한대학교,자연과학계열,90,90,859,89,98.89,9.54,99.3238,-0.433800000000005,1.1293,0.0113698831498593,9743684.0
2015,대학교,사립,기존,경기,신한대학교 _제2캠퍼스,공학계열,70,70,876,68,97.14,12.51,99.2791,-2.139099999999999,0.8977,0.0090421851124758,10303166.285699999
2015,대학교,사립,기존,경기,신한대학교 _제2캠퍼스,예체능계열,175,175,3010,174,99.43,17.2,99.5135,-0.0834999999999865,1.4148,0.0142171665150959,10234567.6125
2015,대학교,사립,기존,경기,신한대학교 _제2캠퍼스,인문사회계열,485,485,4875,476,98.14,10.05,96.6897,1.4502999999999986,11.8408,0.1224618547787406,8135300.9772
2015,대학교,사립,기존,경기,신한대학교 _제2캠퍼스,자연과학계열,390,390,3708,386,98.97,9.51,99.3238,-0.3538000000000068,1.1293,0.0113698831498593,9759599.592300002
2015,대학교,사립,기존,경기,아신대학교,인문사회계열,190,193,399,193,100.0,2.07,96.6897,3.310299999999998,11.8408,0.1224618547787406,6709164.5026
2015,대학교,사립,기존,경기,아주대학교,공학계열,1039,1034,16721,1023,98.94,16.17,99.2791,-0.3391000000000019,0.8977,0.0090421851124758,9345808.6814
2015,대학교,사립,기존,경기,아주대학교,인문사회계열,625,624,9692,621,99.52,15.53,96.6897,2.830299999999994,11.8408,0.1224618547787406,7494709.7883
2015,대학교,사립,기존,경기,아주대학교,자연과학계열,264,265,4259,264,99.62,16.07,99.3238,0.2961999999999989,1.1293,0.0113698831498593,8890357.6299
2015,대학교,사립,기존,경기,안양대학교,공학계열,330,331,3263,330,99.7,9.86,99.2791,0.4209000000000031,0.8977,0.0090421851124758,8801810.301800001
2015,대학교,사립,기존,경기,안양대학교,예체능계열,130,131,2286,128,97.71,17.45,99.5135,-1.8035,1.4148,0.0142171665150959,8829910.7019
2015,대학교,사립,기존,경기,안양대학교,인문사회계열,547,548,5265,544,99.27,9.61,96.6897,2.580299999999994,11.8408,0.1224618547787406,7115788.551700001
2015,대학교,사립,기존,경기,안양대학교,자연과학계열,110,111,1009,110,99.1,9.09,99.3238,-0.2238000000000113,1.1293,0.0113698831498593,8316582.17
2015,대학교,사립,기존,인천,안양대학교 _제2캠퍼스,공학계열,70,71,314,68,95.77,4.42,97.615,-1.8449999999999989,2.6092,0.0267294985401833,8874450.5217
2015,대학교,사립,기존,서울,연세대학교,공학계열,862,866,12915,0,0.0,14.91,93.7807,-93.7807,21.8413,0.2328976004657675,10404184.8629
2015,대학교,사립,기존,서울,연세대학교,예체능계열,209,209,2400,209,100.0,11.48,99.15,0.8499999999999943,3.1959,0.032232980332829,10377073.2157
2015,대학교,사립,기존,서울,연세대학교,인문사회계열,1642,1643,25433,352,21.42,15.48,95.8826,-74.4626,13.0627,0.1362363974276876,9168762.9264
2015,대학교,사립,기존,서울,연세대학교,자연과학계열,653,654,9641,188,28.75,14.74,94.4559,-65.7059,16.4429,0.1740801792159092,9890386.9891
2015,대학교,사립,기존,강원,연세대학교(미래),공학계열,233,235,1510,233,99.15,6.43,87.8843,11.26570000000001,28.2401,0.3213327067519455,9868460.0
2015,대학교,사립,기존,강원,연세대학교(미래),예체능계열,80,80,531,80,100.0,6.64,95.1229,4.877099999999999,17.7099,0.1861791429823943,8851150.0
2015,대학교,사립,기존,강원,연세대학교(미래),인문사회계열,595,602,4082,601,99.83,6.78,88.7457,11.0843,26.0775,0.2938452229234768,7815907.076199999
2015,대학교,사립,기존,강원,연세대학교(미래),자연과학계열,620,622,6461,620,99.68,10.39,97.1262,2.5538000000000096,12.1649,0.1252483881795025,8696892.771000002
2015,대학교,사립,기존,경북,영남대학교,공학계열,1278,1288,7651,1273,98.84,5.94,96.0533,2.7867000000000104,7.9516,0.0827832047415341,8517627.452300001
2015,대학교,사립,기존,경북,영남대학교,예체능계열,501,501,3441,500,99.8,6.87,97.0308,2.769199999999998,5.5899,0.0576095425370088,9250465.116600001
2015,대학교,사립,기존,경북,영남대학교,인문사회계열,1946,1971,9449,1945,98.68,4.79,91.986,6.694000000000003,14.7058,0.1598699802143804,6215905.616400001
2015,대학교,사립,기존,경북,영남대학교,자연과학계열,954,959,5069,946,98.64,5.29,98.7354,-0.0953999999999979,1.6904,0.0171205059178369,8624152.302099999
2015,대학교,사립,기존,경북,영남신학대학교,인문사회계열,125,125,125,86,68.8,1.0,91.986,-23.186000000000007,14.7058,0.1598699802143804,6372754.8333
2015,대학교,사립,기존,경남,영산대학교,공학계열,260,257,1445,256,99.61,5.62,98.982,0.6280000000000001,1.4402,0.014550120223879,7607864.4602
2015,대학교,사립,기존,경남,영산대학교,예체능계열,50,50,233,50,100.0,4.66,99.09,0.9099999999999966,1.5092,0.0152305984458573,6747516.8
2015,대학교,사립,기존,경남,영산대학교,인문사회계열,321,321,1813,319,99.38,5.65,97.6486,1.7313999999999936,3.1144,0.0318939544448153,5747047.1291000005
2015,대학교,사립,기존,경남,영산대학교,자연과학계열,160,160,1672,159,99.38,10.45,98.82,0.5600000000000023,1.7208,0.0174134790528233,7204843.133300001
2015,대학교,사립,기존,부산,영산대학교 _제2캠퍼스,예체능계열,260,259,1389,261,100.77,5.36,100.3011,0.4688999999999907,0.5141,0.0051255669180098,7161196.2057
2015,대학교,사립,기존,부산,영산대학교 _제2캠퍼스,인문사회계열,391,391,2360,389,99.49,6.04,99.692,-0.2019999999999981,0.5674,0.0056915299121293,5685550.4497
2015,대학교,사립,기존,부산,영산대학교 _제2캠퍼스,자연과학계열,135,135,938,135,100.0,6.95,99.903,0.0969999999999942,0.2317,0.002319249672182,7035073.5139
2015,대학교,사립,기존,전남,영산선학대학교,인문사회계열,50,50,5,5,10.0,0.1,75.4129,-65.4129,34.5094,0.4576060594407588,2060000.0
2015,대학교,사립,기존,전북,예수대학교,자연과학계열,115,115,707,113,98.26,6.15,93.4471,4.812899999999999,15.7462,0.1685038915065315,7225614.2
2015,대학교,사립,기존,전북,예원예술대학교,예체능계열,195,194,655,191,98.45,3.38,91.5671,6.882900000000007,16.2044,0.1769674915990568,8219390.6278
2015,대학교,사립,기존,경기,예원예술대학교 _제2캠퍼스,예체능계열,99,95,659,94,98.95,6.94,99.5135,-0.5634999999999906,1.4148,0.0142171665150959,8482056.3249
2015,대학교,사립,기존,경기,용인대학교,예체능계열,802,806,6797,805,99.88,8.43,99.5135,0.366500000000002,1.4148,0.0142171665150959,8589386.5339
2015,대학교,사립,기존,경기,용인대학교,인문사회계열,429,432,2707,425,98.38,6.27,96.6897,1.6902999999999937,11.8408,0.1224618547787406,7421715.404700001
2015,대학교,사립,기존,경기,용인대학교,자연과학계열,239,240,1701,236,98.33,7.09,99.3238,-0.9938000000000072,1.1293,0.0113698831498593,8146831.9013
2015,대학교,사립,기존,전북,우석대학교,공학계열,440,442,2086,437,98.87,4.72,99.975,-1.1049999999999898,1.4569,0.0145726431607901,7978770.039399999
2015,대학교,사립,기존,전북,우석대학교,예체능계열,230,230,927,229,99.57,4.03,91.5671,8.002899999999997,16.2044,0.1769674915990568,7581757.376999999
2015,대학교,사립,기존,전북,우석대학교,인문사회계열,655,655,2829,651,99.39,4.32,87.1375,12.252499999999998,29.7302,0.3411872041314015,6174829.469400001
2015,대학교,사립,기존,전북,우석대학교,자연과학계열,390,390,2424,389,99.74,6.22,93.4471,6.292899999999989,15.7462,0.1685038915065315,7474295.579700001
2015,대학교,사립,기존,대전,우송대학교,공학계열,470,470,3555,469,99.79,7.56,99.3333,0.4567000000000121,0.2926,0.0029456385723619,7662368.702099999
2015,대학교,사립,기존,대전,우송대학교,예체능계열,210,210,1615,207,98.57,7.69,99.335,-0.7650000000000006,0.7073,0.0071203503296924,7832897.995
2015,대학교,사립,기존,대전,우송대학교,인문사회계열,821,821,5930,819,99.76,7.22,95.04,4.719999999999999,13.2318,0.1392234848484848,7178382.853399999
2015,대학교,사립,기존,대전,우송대학교,자연과학계열,575,574,4724,574,100.0,8.23,99.6743,0.3256999999999976,0.3633,0.0036448713459738,7827367.4123
2015,대학교,특별법법인,기존,울산,울산과학기술원,공학계열,590,590,2989,590,100.0,5.07,100.0,0.0,0.0,0.0,6286622.222200001
2015,대학교,특별법법인,기존,울산,울산과학기술원,인문사회계열,70,70,318,68,97.14,4.54,97.14,0.0,0.0,0.0,5685533.3331
2015,대학교,사립,기존,울산,울산대학교,공학계열,994,994,6890,991,99.7,6.93,99.7,0.0,0.0,0.0,8551358.7632
2015,대학교,사립,기존,울산,울산대학교,예체능계열,321,321,2137,320,99.69,6.66,99.69,0.0,0.0,0.0,9006919.3274
2015,대학교,사립,기존,울산,울산대학교,인문사회계열,960,963,3378,963,100.0,3.51,100.0,0.0,0.0,0.0,6169365.0942
2015,대학교,사립,기존,울산,울산대학교,자연과학계열,563,563,3901,562,99.82,6.93,99.82,0.0,0.0,0.0,8082630.732899999
2015,대학교,사립,기존,전북,원광대학교,공학계열,674,677,3107,675,99.7,4.59,99.975,-0.2749999999999915,1.4569,0.0145726431607901,8261697.1229
2015,대학교,사립,기존,전북,원광대학교,예체능계열,533,535,1977,535,100.0,3.7,91.5671,8.432900000000004,16.2044,0.1769674915990568,7811127.790899999
2015,대학교,사립,기존,전북,원광대학교,인문사회계열,1495,1500,5893,1489,99.27,3.93,87.1375,12.132499999999991,29.7302,0.3411872041314015,6418968.6188
2015,대학교,사립,기존,전북,원광대학교,자연과학계열,899,902,6091,897,99.45,6.75,93.4471,6.002899999999997,15.7462,0.1685038915065315,7931645.109800001
2015,대학교,사립,기존,경북,위덕대학교,공학계열,195,202,385,149,73.76,1.91,96.0533,-22.293299999999988,7.9516,0.0827832047415341,8211784.646
2015,대학교,사립,기존,경북,위덕대학교,예체능계열,65,66,138,65,98.48,2.09,97.0308,1.4492000000000047,5.5899,0.0576095425370088,8680141.6833
2015,대학교,사립,기존,경북,위덕대학교,인문사회계열,380,388,1044,334,86.08,2.69,91.986,-5.906000000000006,14.7058,0.1598699802143804,6690155.2485
2015,대학교,사립,기존,경북,위덕대학교,자연과학계열,220,223,1060,219,98.21,4.75,98.7354,-0.5254000000000048,1.6904,0.0171205059178369,8271146.1376
2015,대학교,사립,기존,충북,유원대학교,공학계열,280,282,1219,252,89.36,4.32,98.04,-8.680000000000007,3.8723,0.0394971440228478,8220267.4846
2015,대학교,사립,기존,충북,유원대학교,예체능계열,60,60,182,59,98.33,3.03,99.5162,-1.1861999999999997,0.699,0.0070239820250371,8183830.6866999995
2015,대학교,사립,기존,충북,유원대학교,인문사회계열,410,413,1919,374,90.56,4.65,98.5933,-8.033299999999997,3.0344,0.0307769392037795,6610638.6483
2015,대학교,사립,기존,충북,유원대학교,자연과학계열,330,330,2140,314,95.15,6.48,98.8775,-3.727499999999992,1.6117,0.0162999671310459,8256969.7883
2015,대학교,사립,기존,대전,을지대학교,자연과학계열,147,148,1607,148,100.0,10.86,99.6743,0.3256999999999976,0.3633,0.0036448713459738,10033003.3331
2015,대학교,사립,기존,경기,을지대학교 _제2캠퍼스,예체능계열,80,81,674,80,98.77,8.32,99.5135,-0.7434999999999974,1.4148,0.0142171665150959,9152434.32
2015,대학교,사립,기존,경기,을지대학교 _제2캠퍼스,인문사회계열,160,162,1551,162,100.0,9.57,96.6897,3.310299999999998,11.8408,0.1224618547787406,8208537.840000001
2015,대학교,사립,기존,경기,을지대학교 _제2캠퍼스,자연과학계열,757,760,9553,752,98.95,12.57,99.3238,-0.3738000000000028,1.1293,0.0113698831498593,9009712.329699999
2015,대학교,사립,기존,서울,이화여자대학교,공학계열,328,329,3490,328,99.7,10.61,93.7807,5.919300000000007,21.8413,0.2328976004657675,9779742.8095
2015,대학교,사립,기존,서울,이화여자대학교,예체능계열,615,615,5227,615,100.0,8.5,99.15,0.8499999999999943,3.1959,0.032232980332829,10339114.7046
2015,대학교,사립,기존,서울,이화여자대학교,인문사회계열,1441,1441,18541,1439,99.86,12.87,95.8826,3.977400000000003,13.0627,0.1362363974276876,7792587.0852
2015,대학교,사립,기존,서울,이화여자대학교,자연과학계열,643,646,8753,645,99.85,13.55,94.4559,5.394099999999995,16.4429,0.1740801792159092,9318137.3997
2015,대학교,사립,기존,경남,인제대학교,공학계열,683,685,3709,684,99.85,5.41,98.982,0.867999999999995,1.4402,0.014550120223879,7980644.8903
2015,대학교,사립,기존,경남,인제대학교,예체능계열,218,219,1162,218,99.54,5.31,99.09,0.4500000000000028,1.5092,0.0152305984458573,7513880.3006
2015,대학교,사립,기존,경남,인제대학교,인문사회계열,892,899,4686,896,99.67,5.21,97.6486,2.0214,3.1144,0.0318939544448153,5895817.1405
2015,대학교,사립,기존,경남,인제대학교,자연과학계열,457,453,3203,453,100.0,7.07,98.82,1.1800000000000068,1.7208,0.0174134790528233,7671029.549699999
2015,대학교,사립,기존,인천,인천가톨릭대학교,인문사회계열,25,25,38,22,88.0,1.52,95.31,-7.310000000000002,6.3417,0.0665376141013534,5270100.0
2015,대학교,사립,기존,인천,인천가톨릭대학교 _제2캠퍼스,예체능계열,115,115,683,115,100.0,5.94,99.27,0.730000000000004,1.0324,0.0103999194117054,8522931.1315
2015,대학교,사립,기존,인천,인천가톨릭대학교 _제2캠퍼스,자연과학계열,40,40,617,40,100.0,15.42,99.425,0.5750000000000028,0.8132,0.0081790294191601,8815150.0
2015,대학교,국립대법인,기존,인천,인천대학교,공학계열,1085,1089,8399,1088,99.91,7.71,99.91,0.0,0.0,0.0,5306574.6032
2015,대학교,국립대법인,기존,인천,인천대학교,예체능계열,265,267,1511,262,98.13,5.66,98.13,0.0,0.0,0.0,5003335.7143
2015,대학교,국립대법인,기존,인천,인천대학교,인문사회계열,1040,1043,8772,1038,99.52,8.41,99.52,0.0,0.0,0.0,4275767.9643
2015,대학교,국립대법인,기존,인천,인천대학교,자연과학계열,290,290,2478,290,100.0,8.54,100.0,0.0,0.0,0.0,4649673.3333
2015,대학교,사립,기존,인천,인하대학교,공학계열,1463,1469,20221,1461,99.46,13.77,97.615,1.8449999999999989,2.6092,0.0267294985401833,8865232.7213
2015,대학교,사립,기존,인천,인하대학교,예체능계열,205,206,1927,203,98.54,9.35,99.27,-0.7299999999999898,1.0324,0.0103999194117054,8788302.9549
2015,대학교,사립,기존,인천,인하대학교,인문사회계열,1363,1368,16378,1359,99.34,11.97,95.31,4.030000000000001,6.3417,0.0665376141013534,7140757.6154
2015,대학교,사립,기존,인천,인하대학교,자연과학계열,523,524,7820,518,98.85,14.92,99.425,-0.5750000000000028,0.8132,0.0081790294191601,8566799.591699999
2015,대학교,사립,기존,서울,장로회신학대학교,예체능계열,50,50,249,50,100.0,4.98,99.15,0.8499999999999943,3.1959,0.032232980332829,8918550.0
2015,대학교,사립,기존,서울,장로회신학대학교,인문사회계열,100,100,371,100,100.0,3.71,95.8826,4.117400000000004,13.0627,0.1362363974276876,6324550.0
2015,대학교,국립,기존,광주,전남대학교,공학계열,839,843,4062,842,99.88,4.82,99.88,0.0,0.0,0.0,4425547.3805
2015,대학교,국립,기존,광주,전남대학교,예체능계열,225,225,601,225,100.0,2.67,100.0,0.0,0.0,0.0,4560547.618899999
2015,대학교,국립,기존,광주,전남대학교,인문사회계열,1218,1224,6809,1217,99.43,5.56,99.715,-0.2849999999999966,0.4031,0.0040425211853783,3530621.9717
2015,대학교,국립,기존,광주,전남대학교,자연과학계열,1154,1155,7323,1153,99.83,6.34,99.83,0.0,0.0,0.0,4310425.5612
2015,대학교,국립,기존,전남,전남대학교 _제2캠퍼스,공학계열,314,317,1863,313,98.74,5.88,99.5275,-0.7875000000000085,0.6032,0.0060606365074979,4445227.0131
2015,대학교,국립,기존,전남,전남대학교 _제2캠퍼스,인문사회계열,268,271,1345,268,98.89,4.96,99.4767,-0.5866999999999933,0.5096,0.0051228076524452,3683881.6160999998
2015,대학교,국립,기존,전남,전남대학교 _제2캠퍼스,자연과학계열,241,241,991,237,98.34,4.11,99.1567,-0.8166999999999973,0.7123,0.007183579122742,4146822.8571
2015,대학교,국립,기존,전북,전북대학교,공학계열,1475,1476,8235,1473,99.8,5.58,99.9,-0.1000000000000085,0.1414,0.0014154154154154,4610351.6372
2015,대학교,국립,기존,전북,전북대학교,예체능계열,202,203,852,201,99.01,4.2,99.505,-0.4949999999999903,0.7,0.0070348223707351,4666828.571
2015,대학교,국립,기존,전북,전북대학교,인문사회계열,1286,1287,7863,1285,99.84,6.11,99.9467,-0.1067000000000035,0.0924,0.0009244927546382,3396788.9909999995
2015,대학교,국립,기존,전북,전북대학교,자연과학계열,1198,1199,6561,1196,99.75,5.47,99.875,-0.125,0.1768,0.0017702127659574,4434490.6007
2015,교육대학,국립,기존,전북,전주교육대학교,인문사회계열,285,286,1525,286,100.0,5.33,99.9467,0.053299999999993,0.0924,0.0009244927546382,3363000.0
2015,대학교,사립,기존,전북,전주대학교,공학계열,525,520,3246,516,99.23,6.24,99.975,-0.7449999999999903,1.4569,0.0145726431607901,8233747.458
2015,대학교,사립,기존,전북,전주대학교,예체능계열,435,436,1708,435,99.77,3.92,91.5671,8.2029,16.2044,0.1769674915990568,7895991.7185
2015,대학교,사립,기존,전북,전주대학교,인문사회계열,1190,1192,6217,1181,99.08,5.22,87.1375,11.942499999999995,29.7302,0.3411872041314015,6563347.2249
2015,대학교,사립,기존,전북,전주대학교,자연과학계열,495,495,3588,493,99.6,7.25,93.4471,6.152899999999988,15.7462,0.1685038915065315,7561820.089
2015,기술대학,사립,기존,서울,정석대학,공학계열,25,75,25,25,33.33,0.33,93.7807,-60.4507,21.8413,0.2328976004657675,0.0
2015,기술대학,사립,기존,서울,정석대학,인문사회계열,0,25,21,21,84.0,0.84,95.8826,-11.882599999999996,13.0627,0.1362363974276876,0.0
2015,대학교,사립,기존,제주,제주국제대학교,공학계열,210,210,239,110,52.38,1.14,52.38,0.0,0.0,0.0,6619315.251700001
2015,대학교,사립,기존,제주,제주국제대학교,예체능계열,170,170,188,121,71.18,1.11,71.18,0.0,0.0,0.0,6416281.3363
2015,대학교,사립,기존,제주,제주국제대학교,인문사회계열,395,395,451,171,43.29,1.14,43.29,0.0,0.0,0.0,6046847.771500001
2015,대학교,국립,기존,제주,제주대학교,공학계열,448,448,1872,448,100.0,4.18,100.0,0.0,0.0,0.0,4396723.9253
2015,대학교,국립,기존,제주,제주대학교,예체능계열,176,176,409,176,100.0,2.32,100.0,0.0,0.0,0.0,4279282.3033
2015,대학교,국립,기존,제주,제주대학교,인문사회계열,1007,1007,6166,1004,99.7,6.12,99.7,0.0,0.0,0.0,3337737.6269
2015,대학교,국립,기존,제주,제주대학교,자연과학계열,693,693,3808,690,99.57,5.49,99.57,0.0,0.0,0.0,4202976.9812
2015,대학교,사립,기존,광주,조선대학교,공학계열,1384,1384,6316,1380,99.71,4.56,99.756,-0.0460000000000064,0.2476,0.0024820562171698,7956486.772400001
2015,대학교,사립,기존,광주,조선대학교,예체능계열,508,508,2052,508,100.0,4.04,99.3288,0.6711999999999989,1.2957,0.0130445550535192,7660610.115099999
2015,대학교,사립,기존,광주,조선대학교,인문사회계열,1769,1769,7397,1763,99.66,4.18,99.635,0.0249999999999914,0.6172,0.006194610327696,6194613.6739
2015,대학교,사립,기존,광주,조선대학교,자연과학계열,700,700,4109,699,99.86,5.87,99.485,0.375,0.3892,0.0039121475599336,7556035.108
2015,대학교,사립,기존,충남,중부대학교,공학계열,445,442,3209,439,99.32,7.26,95.905,3.414999999999992,13.7365,0.1432302799645482,7877488.5838
2015,대학교,사립,기존,충남,중부대학교,예체능계열,455,452,4386,446,98.67,9.7,97.5493,1.1206999999999994,6.5432,0.067075827299632,8049557.456200001
2015,대학교,사립,기존,충남,중부대학교,인문사회계열,860,859,6751,852,99.19,7.86,92.5525,6.637500000000003,21.4964,0.2322616893114719,6872869.2114
2015,대학교,사립,기존,충남,중부대학교,자연과학계열,313,314,2070,310,98.73,6.59,95.3223,3.407700000000005,13.974,0.1465973859212377,7430537.0619
2015,대학교,사립,기존,서울,중앙대학교,공학계열,877,877,22426,871,99.32,25.57,93.7807,5.539299999999997,21.8413,0.2328976004657675,9475354.7006
2015,대학교,사립,기존,서울,중앙대학교,예체능계열,130,130,5403,130,100.0,41.56,99.15,0.8499999999999943,3.1959,0.032232980332829,9344610.0
2015,대학교,사립,기존,서울,중앙대학교,인문사회계열,1695,1695,40244,1691,99.76,23.74,95.8826,3.8774000000000086,13.0627,0.1362363974276876,7381507.4074
2015,대학교,사립,기존,서울,중앙대학교,자연과학계열,530,530,12485,526,99.25,23.56,94.4559,4.7941,16.4429,0.1740801792159092,9230688.0561
2015,대학교,사립,기존,경기,중앙대학교 _제2캠퍼스,예체능계열,889,889,8189,887,99.78,9.21,99.5135,0.2665000000000077,1.4148,0.0142171665150959,9729359.533
2015,대학교,사립,기존,경기,중앙대학교 _제2캠퍼스,자연과학계열,356,356,2447,355,99.72,6.87,99.3238,0.3961999999999932,1.1293,0.0113698831498593,8491900.0
2015,대학교,사립,기존,충북,중원대학교,공학계열,280,283,2133,284,100.35,7.54,98.04,2.309999999999988,3.8723,0.0394971440228478,8080260.8619
2015,대학교,사립,기존,충북,중원대학교,예체능계열,145,146,545,146,100.0,3.73,99.5162,0.4838000000000022,0.699,0.0070239820250371,7763567.868000001
2015,대학교,사립,기존,충북,중원대학교,인문사회계열,324,330,2298,330,100.0,6.96,98.5933,1.4067000000000007,3.0344,0.0307769392037795,6537522.103
2015,대학교,사립,기존,충북,중원대학교,자연과학계열,295,297,1654,296,99.66,5.57,98.8775,0.7824999999999989,1.6117,0.0162999671310459,8069134.1912
2015,교육대학,국립,기존,경남,진주교육대학교,인문사회계열,319,320,2099,320,100.0,6.56,99.64,0.3599999999999994,0.4561,0.0045774789241268,3530769.9099
2015,대학교,사립,기존,경기,차의과학대학교,인문사회계열,250,252,1410,252,100.0,5.6,96.6897,3.310299999999998,11.8408,0.1224618547787406,7450283.3333
2015,대학교,사립,기존,경기,차의과학대학교,자연과학계열,260,261,1999,261,100.0,7.66,99.3238,0.6761999999999944,1.1293,0.0113698831498593,7843679.7316
2015,대학교,사립,기존,경남,창신대학교,공학계열,85,86,401,83,96.51,4.66,98.982,-2.471999999999994,1.4402,0.014550120223879,7609356.2853
2015,대학교,사립,기존,경남,창신대학교,예체능계열,85,86,232,86,100.0,2.7,99.09,0.9099999999999966,1.5092,0.0152305984458573,7269064.4947999995
2015,대학교,사립,기존,경남,창신대학교,인문사회계열,240,241,1198,222,92.12,4.97,97.6486,-5.528599999999997,3.1144,0.0318939544448153,5842445.6301
2015,대학교,사립,기존,경남,창신대학교,자연과학계열,110,111,701,106,95.5,6.32,98.82,-3.319999999999993,1.7208,0.0174134790528233,6878807.6282
2015,산업대학,사립,기존,충남,청운대학교,공학계열,245,245,3248,246,100.41,13.26,95.905,4.504999999999996,13.7365,0.1432302799645482,7952545.4277
2015,산업대학,사립,기존,충남,청운대학교,예체능계열,400,402,3205,393,97.76,7.97,97.5493,0.2107000000000027,6.5432,0.067075827299632,8161234.729799999
2015,산업대학,사립,기존,충남,청운대학교,인문사회계열,660,662,5984,659,99.55,9.04,92.5525,6.997500000000002,21.4964,0.2322616893114719,7025628.9501
2015,산업대학,사립,기존,충남,청운대학교,자연과학계열,115,115,1307,110,95.65,11.37,95.3223,0.3277000000000072,13.974,0.1465973859212377,8086169.63
2015,교육대학,국립,기존,충북,청주교육대학교,인문사회계열,286,286,2220,285,99.65,7.76,99.795,-0.144999999999996,0.1838,0.0018417756400621,3323823.0769
2015,대학교,사립,기존,충북,청주대학교,공학계열,679,681,3661,671,98.53,5.38,98.04,0.4899999999999949,3.8723,0.0394971440228478,8754289.9597
2015,대학교,사립,기존,충북,청주대학교,예체능계열,418,420,4840,418,99.52,11.52,99.5162,0.0037999999999982,0.699,0.0070239820250371,8631585.7241
2015,대학교,사립,기존,충북,청주대학교,인문사회계열,1212,1216,5465,1206,99.18,4.49,98.5933,0.5867000000000075,3.0344,0.0307769392037795,7251282.4284
2015,대학교,사립,기존,충북,청주대학교,자연과학계열,547,547,2765,538,98.35,5.05,98.8775,-0.5275000000000034,1.6117,0.0162999671310459,8339846.856900001
2015,대학교,사립,기존,전남,초당대학교,공학계열,125,125,639,122,97.6,5.11,89.955,7.644999999999996,18.5246,0.205931854816297,7345446.9833
2015,대학교,사립,기존,전남,초당대학교,예체능계열,145,145,287,145,100.0,1.98,92.1425,7.857500000000002,15.715,0.1705510486474754,6816277.0534
2015,대학교,사립,기존,전남,초당대학교,인문사회계열,235,235,835,232,98.72,3.55,75.4129,23.307100000000005,34.5094,0.4576060594407588,5760803.647299999
2015,대학교,사립,기존,전남,초당대학교,자연과학계열,295,295,1276,282,95.59,4.33,91.484,4.106000000000009,16.5896,0.1813388133444099,6877806.615700001
2015,대학교,사립,기존,서울,총신대학교,예체능계열,60,61,410,61,100.0,6.72,99.15,0.8499999999999943,3.1959,0.032232980332829,9334493.209999999
2015,대학교,사립,기존,서울,총신대학교,인문사회계열,300,300,1759,299,99.67,5.86,95.8826,3.787400000000005,13.0627,0.1362363974276876,7143588.522499999
2015,대학교,사립,기존,서울,추계예술대학교,예체능계열,225,225,2501,224,99.56,11.12,99.15,0.4099999999999966,3.1959,0.032232980332829,9602286.838
2015,대학교,사립,기존,서울,추계예술대학교,인문사회계열,65,65,1027,63,96.92,15.8,95.8826,1.0374000000000052,13.0627,0.1362363974276876,7307010.1865
2015,교육대학,국립,기존,강원,춘천교육대학교,인문사회계열,321,322,2129,322,100.0,6.61,99.68,0.3199999999999932,0.3174,0.0031841894060995,3269603.7791999998
2015,대학교,국립,기존,대전,충남대학교,공학계열,1066,1068,8020,1063,99.53,7.51,99.58,-0.0499999999999971,0.0707,0.0007099819240811,4899340.2299999995
2015,대학교,국립,기존,대전,충남대학교,예체능계열,231,231,834,231,100.0,3.61,99.57,0.4300000000000068,0.6081,0.00610726122326,4682638.889
2015,대학교,국립,기존,대전,충남대학교,인문사회계열,1193,1193,9170,1191,99.83,7.69,99.915,-0.0850000000000079,0.1202,0.0012030225691838,3461409.6468
2015,대학교,국립,기존,대전,충남대학교,자연과학계열,1162,1163,10611,1156,99.4,9.12,99.4,0.0,0.0,0.0,4289067.3703000005
2015,대학교,국립,기존,충북,충북대학교,공학계열,961,961,8236,959,99.79,8.57,99.8033,-0.0132999999999867,0.1904,0.0019077525492644,4666339.052399999
2015,대학교,국립,기존,충북,충북대학교,예체능계열,73,73,343,73,100.0,4.7,100.0,0.0,0.0,0.0,4497002.6665
2015,대학교,국립,기존,충북,충북대학교,인문사회계열,998,1001,9128,1000,99.9,9.12,99.795,0.1050000000000039,0.1838,0.0018417756400621,3582758.2489
2015,대학교,국립,기존,충북,충북대학교,자연과학계열,970,971,7358,971,100.0,7.58,99.59,0.4099999999999966,0.7101,0.0071302339592328,4441999.217499999
2015,대학교,사립,기존,경기,칼빈대학교,인문사회계열,81,81,187,71,87.65,2.31,96.6897,-9.039699999999996,11.8408,0.1224618547787406,7350174.352
2015,대학교,사립,기존,경기,평택대학교,공학계열,90,91,935,90,98.9,10.27,99.2791,-0.379099999999994,0.8977,0.0090421851124758,8425696.6
2015,대학교,사립,기존,경기,평택대학교,예체능계열,228,227,3517,227,100.0,15.49,99.5135,0.4865000000000066,1.4148,0.0142171665150959,9197230.512
2015,대학교,사립,기존,경기,평택대학교,인문사회계열,524,518,3843,517,99.81,7.42,96.6897,3.1203000000000003,11.8408,0.1224618547787406,7159925.7535
2015,대학교,사립,기존,경기,평택대학교,자연과학계열,95,93,1438,95,102.15,15.46,99.3238,2.8262,1.1293,0.0113698831498593,8294379.7433
2015,대학교,사립,기존,경북,포항공과대학교,공학계열,250,252,1606,252,100.0,6.37,96.0533,3.946700000000007,7.9516,0.0827832047415341,5890030.635
2015,대학교,국립,기존,경기,한경국립대학교,공학계열,666,668,3725,661,98.95,5.58,98.95,0.0,0.0,0.0,4174192.7188
2015,대학교,국립,기존,경기,한경국립대학교,예체능계열,77,77,567,77,100.0,7.36,100.0,0.0,0.0,0.0,4188322.6666
2015,대학교,국립,기존,경기,한경국립대학교,인문사회계열,206,209,1511,205,98.09,7.23,98.09,0.0,0.0,0.0,3663961.0
2015,대학교,국립,기존,경기,한경국립대학교,자연과학계열,304,307,1560,303,98.7,5.08,98.7,0.0,0.0,0.0,3981527.4545
2015,대학교,사립,기존,경기,한국공학대학교,공학계열,1132,1135,14807,1130,99.56,13.05,99.2791,0.2809000000000026,0.8977,0.0090421851124758,9584528.1612
2015,대학교,사립,기존,경기,한국공학대학교,인문사회계열,143,145,1407,142,97.93,9.7,96.6897,1.2403000000000048,11.8408,0.1224618547787406,8740821.112
2015,대학교,특별법법인,기존,대전,한국과학기술원,공학계열,610,480,3540,501,104.38,7.38,104.38,0.0,0.0,0.0,6979464.285699999
2015,대학교,국립,기존,충북,한국교원대학교,공학계열,20,20,113,20,100.0,5.65,99.8033,0.1967000000000069,0.1904,0.0019077525492644,3602000.0
2015,대학교,국립,기존,충북,한국교원대학교,예체능계열,59,59,206,59,100.0,3.49,100.0,0.0,0.0,0.0,3803333.3329999996
2015,대학교,국립,기존,충북,한국교원대학교,인문사회계열,305,306,2906,306,100.0,9.5,99.795,0.2049999999999983,0.1838,0.0018417756400621,2876736.3636
2015,대학교,국립,기존,충북,한국교원대학교,자연과학계열,162,164,1136,164,100.0,6.93,99.59,0.4099999999999966,0.7101,0.0071302339592328,3511312.5
2015,대학교,사립,기존,충남,한국기술교육대학교,공학계열,765,765,8762,765,100.0,11.45,95.905,4.094999999999999,13.7365,0.1432302799645482,4802551.0685
2015,대학교,사립,기존,충남,한국기술교육대학교,인문사회계열,135,135,785,136,100.74,5.81,92.5525,8.1875,21.4964,0.2322616893114719,3404779.3049999997
2015,방송통신대학,국립,기존,서울,한국방송통신대학교,공학계열,3300,3300,1063,848,25.7,0.32,62.745,-37.045,52.3895,0.8349589608733764,1469650.7
2015,방송통신대학,국립,기존,서울,한국방송통신대학교,인문사회계열,45500,45500,23248,16781,36.88,0.51,78.6467,-41.76669999999999,36.1715,0.4599239383216333,786481.72331
2015,방송통신대학,국립,기존,서울,한국방송통신대학교,자연과학계열,8900,8900,3819,3048,34.25,0.43,66.82,-32.56999999999999,46.0609,0.6893280454953606,731590.0
2015,대학교,사립,기존,서울,한국성서대학교,공학계열,35,34,243,35,102.94,7.15,93.7807,9.159300000000002,21.8413,0.2328976004657675,7827665.0
2015,대학교,사립,기존,서울,한국성서대학교,인문사회계열,160,159,1035,158,99.37,6.51,95.8826,3.487400000000008,13.0627,0.1362363974276876,6970768.0
2015,대학교,사립,기존,서울,한국성서대학교,자연과학계열,45,44,898,44,100.0,20.41,94.4559,5.5441,16.4429,0.1740801792159092,8179665.0
2015,각종학교(대학),특별법국립,기존,서울,한국예술종합학교,공학계열,20,20,168,18,90.0,8.4,90.0,0.0,0.0,0.0,4816720.0
2015,각종학교(대학),특별법국립,기존,서울,한국예술종합학교,예체능계열,506,506,11039,481,95.06,21.82,95.06,0.0,0.0,0.0,4851206.6667
2015,각종학교(대학),특별법국립,기존,서울,한국예술종합학교,인문사회계열,32,32,703,32,100.0,21.97,100.0,0.0,0.0,0.0,4850200.0
2015,대학교,사립,기존,서울,한국외국어대학교,공학계열,249,251,1501,247,98.41,5.98,93.7807,4.629300000000001,21.8413,0.2328976004657675,8915992.8777
2015,대학교,사립,기존,서울,한국외국어대학교,인문사회계열,2870,2880,33148,2856,99.17,11.51,95.8826,3.287400000000005,13.0627,0.1362363974276876,7379582.0342
2015,대학교,사립,기존,서울,한국외국어대학교,자연과학계열,258,259,1807,252,97.3,6.98,94.4559,2.8440999999999974,16.4429,0.1740801792159092,8349043.1207
2015,대학교,국립,기존,서울,한국체육대학교,예체능계열,590,590,2463,586,99.32,4.17,99.66,-0.3400000000000034,0.4808,0.0048244029700983,4168598.4249
2015,대학교,사립,기존,대전,한국침례신학대학교,예체능계열,65,65,122,64,98.46,1.88,99.335,-0.875,0.7073,0.0071203503296924,8045784.3967
2015,대학교,사립,기존,대전,한국침례신학대학교,인문사회계열,335,335,786,335,100.0,2.35,95.04,4.959999999999994,13.2318,0.1392234848484848,6116929.8135
2015,대학교,사립,기존,경기,한국항공대학교,공학계열,600,601,5647,593,98.67,9.4,99.2791,-0.609099999999998,0.8977,0.0090421851124758,9410669.8126
2015,대학교,사립,기존,경기,한국항공대학교,인문사회계열,140,141,1527,139,98.58,10.83,96.6897,1.8902999999999963,11.8408,0.1224618547787406,7236665.1434
2015,대학교,사립,기존,경기,한국항공대학교,자연과학계열,150,147,1921,147,100.0,13.07,99.3238,0.6761999999999944,1.1293,0.0113698831498593,8998027.3567
2015,대학교,사립,기존,대전,한남대학교,공학계열,666,666,3118,662,99.4,4.68,99.3333,0.0667000000000115,0.2926,0.0029456385723619,8590165.5659
2015,대학교,사립,기존,대전,한남대학교,예체능계열,230,231,1707,231,100.0,7.39,99.335,0.6650000000000063,0.7073,0.0071203503296924,8449529.6739
2015,대학교,사립,기존,대전,한남대학교,인문사회계열,1605,1609,7475,1600,99.44,4.65,95.04,4.399999999999992,13.2318,0.1392234848484848,6797273.264
2015,대학교,사립,기존,대전,한남대학교,자연과학계열,354,354,1733,353,99.72,4.9,99.6743,0.0456999999999965,0.3633,0.0036448713459738,7917873.799799999
2015,대학교,사립,기존,경북,한동대학교,인문사회계열,752,751,3846,749,99.73,5.12,91.986,7.744,14.7058,0.1598699802143804,6320225.0
2015,대학교,사립,기존,강원,한라대학교,공학계열,510,509,2137,508,99.8,4.2,87.8843,11.9157,28.2401,0.3213327067519455,7975056.5361
2015,대학교,사립,기존,강원,한라대학교,예체능계열,70,70,245,70,100.0,3.5,95.1229,4.877099999999999,17.7099,0.1861791429823943,8031978.495999999
2015,대학교,사립,기존,강원,한라대학교,인문사회계열,415,416,1867,415,99.76,4.49,88.7457,11.014300000000006,26.0775,0.2938452229234768,6418224.5022
2015,대학교,사립,기존,강원,한림대학교,공학계열,223,223,1465,222,99.55,6.57,87.8843,11.6657,28.2401,0.3213327067519455,8800964.4806
2015,대학교,사립,기존,강원,한림대학교,예체능계열,67,67,301,67,100.0,4.49,95.1229,4.877099999999999,17.7099,0.1861791429823943,8687647.0
2015,대학교,사립,기존,강원,한림대학교,인문사회계열,970,971,5626,966,99.49,5.79,88.7457,10.744299999999996,26.0775,0.2938452229234768,7236342.6677
2015,대학교,사립,기존,강원,한림대학교,자연과학계열,580,580,4087,580,100.0,7.05,97.1262,2.873800000000003,12.1649,0.1252483881795025,8527291.877
2015,대학교,사립,기존,충남,한서대학교,공학계열,393,394,3518,390,98.98,8.93,95.905,3.075000000000003,13.7365,0.1432302799645482,8730890.029099999
2015,대학교,사립,기존,충남,한서대학교,예체능계열,405,405,3303,398,98.27,8.16,97.5493,0.7206999999999937,6.5432,0.067075827299632,8385486.8201
2015,대학교,사립,기존,충남,한서대학교,인문사회계열,380,380,6560,378,99.47,17.26,92.5525,6.917500000000004,21.4964,0.2322616893114719,7192987.519400001
2015,대학교,사립,기존,충남,한서대학교,자연과학계열,450,449,4053,447,99.55,9.03,95.3223,4.227699999999999,13.974,0.1465973859212377,8123223.5722
2015,대학교,사립,기존,서울,한성대학교,공학계열,442,447,7255,446,99.78,16.23,93.7807,5.999300000000005,21.8413,0.2328976004657675,8768827.9182
2015,대학교,사립,기존,서울,한성대학교,예체능계열,346,348,5357,347,99.71,15.39,99.15,0.5599999999999881,3.1959,0.032232980332829,9000205.2592
2015,대학교,사립,기존,서울,한성대학교,인문사회계열,751,761,9930,756,99.34,13.05,95.8826,3.457400000000007,13.0627,0.1362363974276876,6929109.3287
2015,대학교,사립,기존,경기,한세대학교,공학계열,50,51,586,51,100.0,11.49,99.2791,0.7209000000000003,0.8977,0.0090421851124758,9457653.465
2015,대학교,사립,기존,경기,한세대학교,예체능계열,192,194,3141,193,99.48,16.19,99.5135,-0.0334999999999894,1.4148,0.0142171665150959,10095622.021
2015,대학교,사립,기존,경기,한세대학교,인문사회계열,323,326,2481,324,99.39,7.61,96.6897,2.7002999999999986,11.8408,0.1224618547787406,7724254.7204
2015,대학교,사립,기존,경기,한세대학교,자연과학계열,25,25,297,24,96.0,11.88,99.3238,-3.3238000000000056,1.1293,0.0113698831498593,8855625.0
2015,대학교,사립,기존,경기,한신대학교,공학계열,212,213,1912,213,100.0,8.98,99.2791,0.7209000000000003,0.8977,0.0090421851124758,8664905.3335
2015,대학교,사립,기존,경기,한신대학교,예체능계열,35,35,416,35,100.0,11.89,99.5135,0.4865000000000066,1.4148,0.0142171665150959,8421620.0
2015,대학교,사립,기존,경기,한신대학교,인문사회계열,821,820,7262,817,99.63,8.86,96.6897,2.940299999999993,11.8408,0.1224618547787406,7318036.6787
2015,대학교,사립,기존,경기,한신대학교,자연과학계열,122,122,1084,121,99.18,8.89,99.3238,-0.1437999999999988,1.1293,0.0113698831498593,7953270.0
2015,대학교,사립,기존,서울,한양대학교,공학계열,1116,1121,19284,1117,99.64,17.2,93.7807,5.859300000000005,21.8413,0.2328976004657675,9886809.9748
2015,대학교,사립,기존,서울,한양대학교,예체능계열,312,313,10580,312,99.68,33.8,99.15,0.5300000000000011,3.1959,0.032232980332829,10221140.977500001
2015,대학교,사립,기존,서울,한양대학교,인문사회계열,1016,1018,21265,1017,99.9,20.89,95.8826,4.017400000000009,13.0627,0.1362363974276876,7785873.2256
2015,대학교,사립,기존,서울,한양대학교,자연과학계열,444,445,8637,444,99.78,19.41,94.4559,5.324100000000001,16.4429,0.1740801792159092,9004722.0955
2015,대학교,사립,기존,전북,한일장신대학교,예체능계열,32,32,41,28,87.5,1.28,91.5671,-4.067099999999996,16.2044,0.1769674915990568,7461399.9667
2015,대학교,사립,기존,전북,한일장신대학교,인문사회계열,155,155,273,141,90.97,1.76,87.1375,3.832499999999996,29.7302,0.3411872041314015,5942602.783299999
2015,대학교,사립,기존,전북,한일장신대학교,자연과학계열,52,52,232,52,100.0,4.46,93.4471,6.552899999999994,15.7462,0.1685038915065315,7150600.0
2015,대학교,사립,기존,경기,협성대학교,공학계열,125,125,756,124,99.2,6.05,99.2791,-0.0790999999999968,0.8977,0.0090421851124758,9064963.578
2015,대학교,사립,기존,경기,협성대학교,예체능계열,205,205,1694,210,102.44,8.26,99.5135,2.9265000000000043,1.4148,0.0142171665150959,8932144.9822
2015,대학교,사립,기존,경기,협성대학교,인문사회계열,685,684,4379,678,99.12,6.4,96.6897,2.4303000000000026,11.8408,0.1224618547787406,6984830.553
2015,대학교,사립,기존,경기,협성대학교,자연과학계열,45,45,227,45,100.0,5.04,99.3238,0.6761999999999944,1.1293,0.0113698831498593,8927765.47
2015,대학교,사립,기존,광주,호남대학교,공학계열,292,292,1546,292,100.0,5.29,99.756,0.2439999999999997,0.2476,0.0024820562171698,7187440.045700001
2015,대학교,사립,기존,광주,호남대학교,예체능계열,295,295,1338,295,100.0,4.54,99.3288,0.6711999999999989,1.2957,0.0130445550535192,7116263.2773
2015,대학교,사립,기존,광주,호남대학교,인문사회계열,592,592,3313,592,100.0,5.6,99.635,0.3649999999999949,0.6172,0.006194610327696,6169440.701199999
2015,대학교,사립,기존,광주,호남대학교,자연과학계열,383,383,3901,380,99.22,10.19,99.485,-0.2650000000000005,0.3892,0.0039121475599336,7047684.2058
2015,대학교,사립,기존,광주,호남신학대학교,예체능계열,50,50,101,49,98.0,2.02,99.3288,-1.328800000000001,1.2957,0.0130445550535192,8219966.62
2015,대학교,사립,기존,광주,호남신학대학교,인문사회계열,120,120,160,118,98.33,1.33,99.635,-1.3050000000000068,0.6172,0.006194610327696,6059537.995
2015,대학교,사립,기존,충남,호서대학교,공학계열,1121,1121,7971,1118,99.73,7.11,95.905,3.825000000000003,13.7365,0.1432302799645482,8562796.841400001
2015,대학교,사립,기존,충남,호서대학교,예체능계열,432,432,6293,432,100.0,14.57,97.5493,2.4506999999999977,6.5432,0.067075827299632,8450587.001600001
2015,대학교,사립,기존,충남,호서대학교,인문사회계열,1040,1040,9176,1038,99.81,8.82,92.5525,7.257500000000007,21.4964,0.2322616893114719,7180762.862000001
2015,대학교,사립,기존,충남,호서대학교,자연과학계열,383,383,3442,380,99.22,8.99,95.3223,3.8977,13.974,0.1465973859212377,8042013.218799999
2015,산업대학,사립,기존,전북,호원대학교,공학계열,285,286,1419,292,102.1,4.96,99.975,2.125,1.4569,0.0145726431607901,7357384.1281
2015,산업대학,사립,기존,전북,호원대학교,예체능계열,353,352,12284,350,99.43,34.9,91.5671,7.86290000000001,16.2044,0.1769674915990568,7355849.6809
2015,산업대학,사립,기존,전북,호원대학교,인문사회계열,390,392,2769,370,94.39,7.06,87.1375,7.252499999999998,29.7302,0.3411872041314015,6014201.2687
2015,산업대학,사립,기존,전북,호원대학교,자연과학계열,292,292,3235,290,99.32,11.08,93.4471,5.872899999999987,15.7462,0.1685038915065315,7404782.151800001
2015,대학교,사립,기존,서울,홍익대학교,공학계열,1040,1232,16935,1203,97.65,13.75,93.7807,3.8693000000000097,21.8413,0.2328976004657675,9592294.287
2015,대학교,사립,기존,서울,홍익대학교,예체능계열,500,434,3690,434,100.0,8.5,99.15,0.8499999999999943,3.1959,0.032232980332829,9740720.0
2015,대학교,사립,기존,서울,홍익대학교,인문사회계열,890,776,11415,761,98.07,14.71,95.8826,2.1873999999999967,13.0627,0.1362363974276876,7510320.0
2015,대학교,사립,기존,서울,홍익대학교,자연과학계열,40,41,947,39,95.12,23.1,94.4559,0.6641000000000048,16.4429,0.1740801792159092,7510320.0
2015,대학교,사립,기존,경기,화성의과학대학교,공학계열,51,51,254,51,100.0,4.98,99.2791,0.7209000000000003,0.8977,0.0090421851124758,7031550.0
2015,대학교,사립,기존,경기,화성의과학대학교,예체능계열,40,40,152,39,97.5,3.8,99.5135,-2.0134999999999934,1.4148,0.0142171665150959,7319160.0
2015,대학교,사립,기존,경기,화성의과학대학교,인문사회계열,162,162,694,149,91.98,4.28,96.6897,-4.709699999999998,11.8408,0.1224618547787406,6860215.0
2015,대학교,사립,기존,경기,화성의과학대학교,자연과학계열,40,40,230,40,100.0,5.75,99.3238,0.6761999999999944,1.1293,0.0113698831498593,8430750.0
2016,대학교,사립,기존,경남,가야대학교(김해),인문사회계열,231,232,1198,228,98.28,5.16,97.5357,0.7442999999999955,2.2125,0.0226840018577813,6285689.1713
2016,대학교,사립,기존,경남,가야대학교(김해),자연과학계열,379,380,2601,377,99.21,6.84,99.4333,-0.2233000000000089,0.7043,0.0070831401552598,7510269.5528
2016,대학교,사립,기존,경기,가천대학교,공학계열,1252,1252,20891,1251,99.92,16.69,97.56,2.3599999999999994,9.7554,0.0999938499384993,9498716.345900001
2016,대학교,사립,기존,경기,가천대학교,예체능계열,400,399,8304,400,100.25,20.81,97.5538,2.6962000000000046,10.1763,0.1043147473496675,9407052.0164
2016,대학교,사립,기존,경기,가천대학교,인문사회계열,1406,1406,20713,1406,100.0,14.73,93.9248,6.075199999999995,17.0654,0.1816921622404306,7554649.974599999
2016,대학교,사립,기존,경기,가천대학교,자연과학계열,738,738,14397,737,99.86,19.51,99.5721,0.2878999999999934,0.6665,0.0066936420945224,8922657.2178
2016,대학교,사립,기존,강원,가톨릭관동대학교,예체능계열,404,405,1577,403,99.51,3.89,94.2543,5.2557000000000045,14.7758,0.1567652616379306,8425735.2889
2016,대학교,사립,기존,강원,가톨릭관동대학교,인문사회계열,1006,1013,3813,994,98.12,3.76,85.7729,12.347099999999998,31.4624,0.366810496089091,6447164.3977
2016,대학교,사립,기존,강원,가톨릭관동대학교,자연과학계열,292,294,2116,292,99.32,7.2,87.1229,12.197099999999992,15.8482,0.1819062496771801,7854516.76
2016,대학교,사립,기존,충북,가톨릭꽃동네대학교,인문사회계열,68,70,122,70,100.0,1.74,97.5267,2.4732999999999947,2.8926,0.0296595701484824,7015880.82
2016,대학교,사립,기존,충북,가톨릭꽃동네대학교,자연과학계열,40,40,140,40,100.0,3.5,98.76,1.2399999999999949,1.2885,0.013046780072904,8202801.470000001
2016,대학교,사립,기존,경기,가톨릭대학교,공학계열,323,323,3180,321,99.38,9.85,97.56,1.8199999999999927,9.7554,0.0999938499384993,8636128.5231
2016,대학교,사립,기존,경기,가톨릭대학교,예체능계열,50,50,426,50,100.0,8.52,97.5538,2.4462000000000046,10.1763,0.1043147473496675,9147100.0
2016,대학교,사립,기존,경기,가톨릭대학교,인문사회계열,858,859,7641,856,99.65,8.9,93.9248,5.725200000000001,17.0654,0.1816921622404306,6477322.5715
2016,대학교,사립,기존,경기,가톨릭대학교,자연과학계열,271,272,2109,271,99.63,7.75,99.5721,0.0578999999999894,0.6665,0.0066936420945224,7654238.948000001
2016,대학교,사립,기존,서울,가톨릭대학교 _제2캠퍼스,자연과학계열,145,146,4354,146,100.0,29.82,96.5836,3.416399999999996,13.2594,0.1372841766096935,9181500.0
2016,대학교,사립,기존,서울,가톨릭대학교 _제3캠퍼스,인문사회계열,60,60,68,43,71.67,1.13,96.2332,-24.563199999999995,13.6176,0.1415062577156324,6707100.0
2016,대학교,사립,기존,서울,감리교신학대학교,인문사회계열,200,200,444,200,100.0,2.22,96.2332,3.766800000000004,13.6176,0.1415062577156324,6279599.75
2016,대학교,사립,기존,경기,강남대학교,공학계열,201,203,1702,201,99.01,8.38,97.56,1.4500000000000028,9.7554,0.0999938499384993,9140874.447900001
2016,대학교,사립,기존,경기,강남대학교,예체능계열,156,155,1981,154,99.35,12.78,97.5538,1.796199999999999,10.1763,0.1043147473496675,9773847.301199999
2016,대학교,사립,기존,경기,강남대학교,인문사회계열,1153,1161,6502,1151,99.14,5.6,93.9248,5.215199999999996,17.0654,0.1816921622404306,7289774.088500001
2016,대학교,사립,기존,서울,강서대학교,예체능계열,35,37,225,37,100.0,6.08,97.5773,2.422700000000006,11.1761,0.1145358602871774,8329527.498299999
2016,대학교,사립,기존,서울,강서대학교,인문사회계열,210,210,1229,208,99.05,5.85,96.2332,2.8168000000000006,13.6176,0.1415062577156324,6487835.2793
2016,대학교,국립,기존,강원,강원대학교,공학계열,698,700,4588,696,99.43,6.55,99.5075,-0.0774999999999863,0.662,0.0066527648669698,4457172.4838
2016,대학교,국립,기존,강원,강원대학교,예체능계열,161,161,560,160,99.38,3.48,99.7933,-0.4133000000000066,0.358,0.0035874151871919,4624889.696799999
2016,대학교,국립,기존,강원,강원대학교,인문사회계열,1037,1043,8491,1041,99.81,8.14,79.572,20.238,44.4897,0.5591125018850852,3504016.7071999996
2016,대학교,국립,기존,강원,강원대학교,자연과학계열,1108,1111,6624,1103,99.28,5.96,99.77,-0.4899999999999949,0.34,0.0034078380274631,4236508.0345
2016,대학교,국립,기존,강원,강원대학교 _제2캠퍼스,공학계열,783,786,3262,775,98.6,4.15,99.5075,-0.9074999999999988,0.662,0.0066527648669698,4473097.386
2016,대학교,국립,기존,강원,강원대학교 _제2캠퍼스,예체능계열,224,224,832,224,100.0,3.71,99.7933,0.2066999999999978,0.358,0.0035874151871919,4616720.0
2016,대학교,국립,기존,강원,강원대학교 _제2캠퍼스,인문사회계열,254,256,1261,251,98.05,4.93,79.572,18.477999999999994,44.4897,0.5591125018850852,3565585.4211999997
2016,대학교,국립,기존,강원,강원대학교 _제2캠퍼스,자연과학계열,321,323,2027,323,100.0,6.28,99.77,0.2300000000000039,0.34,0.0034078380274631,4266800.0
2016,대학교,사립,기존,서울,건국대학교,공학계열,871,879,12860,877,99.77,14.63,92.9893,6.780699999999996,22.4563,0.241493376119618,9615578.0033
2016,대학교,사립,기존,서울,건국대학교,예체능계열,334,334,5381,334,100.0,16.11,97.5773,2.422700000000006,11.1761,0.1145358602871774,9507387.3809
2016,대학교,사립,기존,서울,건국대학교,인문사회계열,1151,1156,24291,1144,98.96,21.01,96.2332,2.726799999999997,13.6176,0.1415062577156324,7406855.6382
2016,대학교,사립,기존,서울,건국대학교,자연과학계열,644,647,8210,645,99.69,12.69,96.5836,3.1063999999999936,13.2594,0.1372841766096935,8611997.719
2016,대학교,사립,기존,충남,건양대학교,공학계열,205,205,1297,204,99.51,6.33,94.2879,5.222100000000012,18.2818,0.1938933839867045,7466888.94
2016,대학교,사립,기존,충남,건양대학교,예체능계열,40,40,400,40,100.0,10.0,97.0577,2.942300000000003,8.4253,0.0868071260703684,7139887.0
2016,대학교,사립,기존,충남,건양대학교,인문사회계열,670,673,4732,671,99.7,7.03,93.7027,5.99730000000001,21.465,0.2290755762640778,6218394.6082999995
2016,대학교,사립,기존,충남,건양대학교,자연과학계열,85,85,719,85,100.0,8.46,94.7654,5.2346,16.2742,0.1717314547292577,7249258.95
2016,대학교,사립,기존,대전,건양대학교 _제2캠퍼스,자연과학계열,513,513,5216,513,100.0,10.17,99.7157,0.2843000000000018,0.5011,0.00502528689063,7573915.607799999
2016,대학교,사립,기존,경기,경기대학교,공학계열,739,743,8650,739,99.46,11.64,97.56,1.8999999999999917,9.7554,0.0999938499384993,8677932.0227
2016,대학교,사립,기존,경기,경기대학교,예체능계열,368,369,3077,369,100.0,8.34,97.5538,2.4462000000000046,10.1763,0.1043147473496675,8344889.3133000005
2016,대학교,사립,기존,경기,경기대학교,인문사회계열,1319,1329,18008,1323,99.55,13.55,93.9248,5.625199999999992,17.0654,0.1816921622404306,6778169.8632
2016,대학교,사립,기존,경기,경기대학교,자연과학계열,216,217,2380,215,99.08,10.97,99.5721,-0.4921000000000077,0.6665,0.0066936420945224,7740670.0428
2016,대학교,사립,기존,서울,경기대학교 _제2캠퍼스,예체능계열,102,103,4910,102,99.03,47.67,97.5773,1.4527000000000072,11.1761,0.1145358602871774,8697898.9826
2016,대학교,사립,기존,서울,경기대학교 _제2캠퍼스,인문사회계열,188,188,3547,188,100.0,18.87,96.2332,3.766800000000004,13.6176,0.1415062577156324,6813704.331499999
2016,대학교,사립,기존,경남,경남대학교,공학계열,850,856,4051,849,99.18,4.73,95.876,3.304000000000002,7.3509,0.0766709082564979,7781344.8198
2016,대학교,사립,기존,경남,경남대학교,예체능계열,260,262,985,260,99.24,3.76,98.1417,1.0982999999999947,4.1907,0.0427005034557175,7717796.255
2016,대학교,사립,기존,경남,경남대학교,인문사회계열,1485,1500,6352,1491,99.4,4.23,97.5357,1.8643,2.2125,0.0226840018577813,5967887.922900001
2016,대학교,사립,기존,경남,경남대학교,자연과학계열,380,382,2106,380,99.48,5.51,99.4333,0.0467000000000012,0.7043,0.0070831401552598,6713197.6832
2016,대학교,사립,기존,강원,경동대학교,인문사회계열,467,476,2041,476,100.0,4.29,85.7729,14.227099999999991,31.4624,0.366810496089091,6333495.1069
2016,대학교,사립,기존,강원,경동대학교 _제3캠퍼스,자연과학계열,805,809,5433,806,99.63,6.72,87.1229,12.507099999999994,15.8482,0.1819062496771801,8929337.9875
2016,대학교,사립,기존,경기,경동대학교 _제4캠퍼스,공학계열,66,67,326,67,100.0,4.87,97.56,2.4399999999999977,9.7554,0.0999938499384993,8421344.4806
2016,대학교,사립,기존,경기,경동대학교 _제4캠퍼스,예체능계열,33,34,143,34,100.0,4.21,97.5538,2.4462000000000046,10.1763,0.1043147473496675,8628353.155
2016,대학교,사립,기존,경기,경동대학교 _제4캠퍼스,인문사회계열,201,203,974,203,100.0,4.8,93.9248,6.075199999999995,17.0654,0.1816921622404306,6942094.8775
2016,대학교,국립,기존,대구,경북대학교,공학계열,1437,1440,12305,1433,99.51,8.55,99.51,0.0,0.0,0.0,4688370.0997
2016,대학교,국립,기존,대구,경북대학교,예체능계열,253,254,2147,253,99.61,8.45,99.61,0.0,0.0,0.0,4751584.643099999
2016,대학교,국립,기존,대구,경북대학교,인문사회계열,1426,1426,17432,1420,99.58,12.22,99.66,-0.0799999999999983,0.1131,0.0011348585189644,3685997.8326
2016,대학교,국립,기존,대구,경북대학교,자연과학계열,1566,1569,18152,1564,99.68,11.57,99.68,0.0,0.0,0.0,4518346.509000001
2016,대학교,국립,기존,경남,경상국립대학교,공학계열,923,923,7728,922,99.89,8.37,99.6933,0.1967000000000069,0.4394,0.0044075178572682,4376283.586200001
2016,대학교,국립,기존,경남,경상국립대학교,예체능계열,89,89,974,89,100.0,10.94,99.8067,0.1932999999999936,0.3349,0.0033554861547371,4239314.2857
2016,대학교,국립,기존,경남,경상국립대학교,인문사회계열,1065,1065,8964,1065,100.0,8.42,99.3075,0.6924999999999955,1.2178,0.0122629207260277,3362927.6851999997
2016,대학교,국립,기존,경남,경상국립대학교,자연과학계열,1000,1000,7820,999,99.9,7.82,99.7433,0.1567000000000007,0.138,0.0013835515768978,4217432.2111
2016,대학교,사립,기존,부산,경성대학교,공학계열,655,658,4584,655,99.54,6.97,99.8075,-0.2674999999999983,0.6705,0.0067179320191368,7650945.4236
2016,대학교,사립,기존,부산,경성대학교,예체능계열,575,573,4248,570,99.48,7.41,100.1822,-0.7021999999999906,1.0265,0.0102463311845816,7519741.2529
2016,대학교,사립,기존,부산,경성대학교,인문사회계열,1295,1296,8144,1291,99.61,6.28,99.825,-0.2150000000000034,0.4172,0.0041793137991485,5636320.983
2016,대학교,사립,기존,부산,경성대학교,자연과학계열,275,278,1928,276,99.28,6.94,100.095,-0.8149999999999977,0.5105,0.0051001548528897,7042399.8188
2016,대학교,사립,기존,경북,경운대학교,공학계열,250,251,1200,251,100.0,4.78,96.2025,3.7975,10.3229,0.1073038642446922,8434946.917
2016,대학교,사립,기존,경북,경운대학교,예체능계열,198,198,698,198,100.0,3.53,97.1508,2.849199999999996,5.7708,0.0594004372583653,8346643.403299999
2016,대학교,사립,기존,경북,경운대학교,인문사회계열,287,290,1573,290,100.0,5.42,85.94,14.060000000000002,27.7378,0.322757737956714,6482449.6208
2016,대학교,사립,기존,경북,경운대학교,자연과학계열,475,478,3509,478,100.0,7.34,96.7054,3.294600000000002,8.5261,0.0881657073958641,8266151.0162
2016,교육대학,국립,기존,인천,경인교육대학교,인문사회계열,598,599,3208,0,0.0,5.36,0.0,0.0,0.0,0.0,3271700.0
2016,대학교,사립,기존,경북,경일대학교,공학계열,725,733,3231,733,100.0,4.41,96.2025,3.7975,10.3229,0.1073038642446922,8063098.633300001
2016,대학교,사립,기존,경북,경일대학교,예체능계열,230,233,1073,233,100.0,4.61,97.1508,2.849199999999996,5.7708,0.0594004372583653,8240672.462
2016,대학교,사립,기존,경북,경일대학교,인문사회계열,430,441,1947,441,100.0,4.41,85.94,14.060000000000002,27.7378,0.322757737956714,6011241.1915
2016,대학교,사립,기존,경북,경일대학교,자연과학계열,230,231,1555,231,100.0,6.73,96.7054,3.294600000000002,8.5261,0.0881657073958641,8087560.359999999
2016,대학교,사립,기존,서울,경희대학교,공학계열,995,1000,15766,997,99.7,15.77,92.9893,6.710700000000003,22.4563,0.241493376119618,9062900.8118
2016,대학교,사립,기존,서울,경희대학교,예체능계열,915,916,14769,914,99.78,16.12,97.5773,2.202700000000007,11.1761,0.1145358602871774,9093880.5616
2016,대학교,사립,기존,서울,경희대학교,인문사회계열,1794,1806,31298,1801,99.72,17.33,96.2332,3.4868000000000023,13.6176,0.1415062577156324,7020760.193299999
2016,대학교,사립,기존,서울,경희대학교,자연과학계열,1094,1097,24194,1091,99.45,22.05,96.5836,2.8663999999999987,13.2594,0.1372841766096935,9144368.442
2016,대학교,사립,기존,대구,계명대학교,공학계열,831,833,6399,828,99.4,7.68,99.4,0.0,0.0,0.0,8636768.3534
2016,대학교,사립,기존,대구,계명대학교,예체능계열,863,864,5655,863,99.88,6.55,99.88,0.0,0.0,0.0,9011425.9595
2016,대학교,사립,기존,대구,계명대학교,인문사회계열,2365,2373,15133,2361,99.49,6.38,99.49,0.0,0.0,0.0,6457470.102
2016,대학교,사립,기존,대구,계명대학교,자연과학계열,616,618,5362,614,99.35,8.68,99.35,0.0,0.0,0.0,8435864.7963
2016,대학교,사립,기존,서울,고려대학교,공학계열,868,859,19597,869,101.16,22.81,92.9893,8.170699999999997,22.4563,0.241493376119618,10263376.970199998
2016,대학교,사립,기존,서울,고려대학교,예체능계열,130,130,608,130,100.0,4.68,97.5773,2.422700000000006,11.1761,0.1145358602871774,9756025.0
2016,대학교,사립,기존,서울,고려대학교,인문사회계열,1910,1885,35647,1909,101.27,18.91,96.2332,5.0368,13.6176,0.1415062577156324,7818372.1143000005
2016,대학교,사립,기존,서울,고려대학교,자연과학계열,859,848,17649,859,101.3,20.81,96.5836,4.716399999999993,13.2594,0.1372841766096935,9244785.5519
2016,대학교,사립,기존,부산,고신대학교,예체능계열,100,100,365,100,100.0,3.65,100.1822,-0.1821999999999946,1.0265,0.0102463311845816,7094279.383400001
2016,대학교,사립,기존,부산,고신대학교,인문사회계열,410,414,1261,414,100.0,3.05,99.825,0.1749999999999971,0.4172,0.0041793137991485,6037009.5498
2016,대학교,사립,기존,부산,고신대학교,자연과학계열,376,378,2425,378,100.0,6.42,100.095,-0.0949999999999988,0.5105,0.0051001548528897,7019851.817300001
2016,교육대학,국립,기존,충남,공주교육대학교,인문사회계열,354,354,2132,353,99.72,6.02,93.1567,6.563299999999998,11.394,0.1223100431852996,3495600.0
2016,대학교,사립,기존,광주,광신대학교,예체능계열,35,35,44,34,97.14,1.26,98.93,-1.7900000000000065,2.0426,0.0206469220661073,7313600.0
2016,대학교,사립,기존,광주,광신대학교,인문사회계열,107,106,153,107,100.94,1.44,97.4575,3.4825000000000017,6.9868,0.0716907369879178,5881136.6667
2016,대학교,사립,기존,서울,광운대학교,공학계열,883,885,13084,885,100.0,14.78,92.9893,7.0107,22.4563,0.241493376119618,9012613.2986
2016,대학교,사립,기존,서울,광운대학교,예체능계열,39,39,392,39,100.0,10.05,97.5773,2.422700000000006,11.1761,0.1145358602871774,8091060.0
2016,대학교,사립,기존,서울,광운대학교,인문사회계열,643,644,11056,642,99.69,17.17,96.2332,3.456800000000001,13.6176,0.1415062577156324,7257474.812299999
2016,대학교,사립,기존,서울,광운대학교,자연과학계열,147,147,2335,146,99.32,15.88,96.5836,2.736399999999989,13.2594,0.1372841766096935,8069300.0
2016,대학교,사립,기존,전남,광주가톨릭대학교,인문사회계열,40,40,23,20,50.0,0.57,75.55,-25.55,34.6797,0.4590297816015883,0.0
2016,대학교,특별법법인,기존,광주,광주과학기술원,자연과학계열,200,200,2950,200,100.0,14.75,100.0,0.0,0.0,0.0,2060000.0
2016,교육대학,국립,기존,광주,광주교육대학교,인문사회계열,326,326,2111,326,100.0,6.48,99.86,0.1400000000000005,0.198,0.0019827758862407,3561568.8939000005
2016,대학교,사립,기존,광주,광주대학교,공학계열,285,291,1280,290,99.66,4.4,99.558,0.1019999999999896,0.7334,0.0073665601960666,7148774.7744
2016,대학교,사립,기존,광주,광주대학교,예체능계열,260,264,885,264,100.0,3.35,98.93,1.0699999999999932,2.0426,0.0206469220661073,7180216.521600001
2016,대학교,사립,기존,광주,광주대학교,인문사회계열,879,886,3365,884,99.77,3.8,97.4575,2.3125,6.9868,0.0716907369879178,6237843.4172
2016,대학교,사립,기존,광주,광주대학교,자연과학계열,220,222,1254,222,100.0,5.65,99.52,0.480000000000004,0.9073,0.0091167604501607,7147299.8005
2016,대학교,사립,기존,광주,광주여자대학교,예체능계열,170,170,529,170,100.0,3.11,98.93,1.0699999999999932,2.0426,0.0206469220661073,7042364.784100001
2016,대학교,사립,기존,광주,광주여자대학교,인문사회계열,375,375,2261,375,100.0,6.03,97.4575,2.542500000000004,6.9868,0.0716907369879178,5919095.5885
2016,대학교,사립,기존,광주,광주여자대학교,자연과학계열,350,350,1938,349,99.71,5.54,99.52,0.1899999999999977,0.9073,0.0091167604501607,6857260.337199999
2016,대학교,국립,기존,경북,국립경국대학교,공학계열,434,437,2759,436,99.77,6.31,99.625,0.144999999999996,0.2051,0.0020587202007528,4207117.9364
2016,대학교,국립,기존,경북,국립경국대학교,예체능계열,95,96,527,95,98.96,5.49,98.96,0.0,0.0,0.0,4242776.6667
2016,대학교,국립,기존,경북,국립경국대학교,인문사회계열,520,524,2517,522,99.62,4.8,98.645,0.9750000000000084,1.3789,0.0139784074205484,3331591.5555
2016,대학교,국립,기존,경북,국립경국대학교,자연과학계열,427,431,2258,430,99.77,5.24,99.885,-0.1150000000000091,0.1626,0.0016278720528607,3851895.9477
2016,대학교,사립,기존,서울,국민대학교,공학계열,616,753,5294,750,99.6,7.03,92.9893,6.610699999999994,22.4563,0.241493376119618,9143824.7236
2016,대학교,사립,기존,서울,국민대학교,예체능계열,558,560,5675,559,99.82,10.13,97.5773,2.2426999999999992,11.1761,0.1145358602871774,9374498.059099998
2016,대학교,사립,기존,서울,국민대학교,인문사회계열,1100,1273,9780,1271,99.84,7.68,96.2332,3.606800000000007,13.6176,0.1415062577156324,7326064.474400001
2016,대학교,사립,기존,서울,국민대학교,자연과학계열,311,311,2313,311,100.0,7.44,96.5836,3.416399999999996,13.2594,0.1372841766096935,8362875.9425
2016,대학교,사립,기존,충북,극동대학교,공학계열,178,179,1116,176,98.32,6.23,98.5386,-0.2186000000000092,1.4198,0.0144085667951442,8485235.7983
2016,대학교,사립,기존,충북,극동대학교,예체능계열,213,214,2130,210,98.13,9.95,98.5188,-0.3888000000000033,2.2836,0.0231793322695769,8240618.7101
2016,대학교,사립,기존,충북,극동대학교,인문사회계열,398,400,3100,368,92.0,7.75,97.5267,-5.526700000000005,2.8926,0.0296595701484824,6736302.555
2016,대학교,사립,기존,충북,극동대학교,자연과학계열,235,235,1256,230,97.87,5.34,98.76,-0.8900000000000006,1.2885,0.013046780072904,8047670.4794
2016,대학교,사립,기존,충남,금강대학교,인문사회계열,125,125,349,125,100.0,2.79,93.7027,6.297300000000007,21.465,0.2290755762640778,6806381.411900001
2016,대학교,사립,기존,경북,김천대학교,공학계열,40,40,128,40,100.0,3.2,96.2025,3.7975,10.3229,0.1073038642446922,7689825.0
2016,대학교,사립,기존,경북,김천대학교,인문사회계열,262,263,924,247,93.92,3.51,85.94,7.980000000000004,27.7378,0.322757737956714,6874763.0873
2016,대학교,사립,기존,경북,김천대학교,자연과학계열,645,648,2710,626,96.6,4.18,96.7054,-0.105400000000003,8.5261,0.0881657073958641,7489188.985699999
2016,대학교,사립,기존,충남,나사렛대학교,예체능계열,149,150,1777,150,100.0,11.85,97.0577,2.942300000000003,8.4253,0.0868071260703684,8389643.0023
2016,대학교,사립,기존,충남,나사렛대학교,인문사회계열,834,837,3391,831,99.28,4.05,93.7027,5.577300000000008,21.465,0.2290755762640778,7134917.1543
2016,대학교,사립,기존,충남,나사렛대학교,자연과학계열,255,257,1707,256,99.61,6.64,94.7654,4.8446,16.2742,0.1717314547292577,8475531.1346
2016,대학교,사립,기존,광주,남부대학교,공학계열,60,57,344,57,100.0,6.04,99.558,0.441999999999993,0.7334,0.0073665601960666,7251507.0811
2016,대학교,사립,기존,광주,남부대학교,예체능계열,90,91,258,86,94.51,2.84,98.93,-4.420000000000002,2.0426,0.0206469220661073,7284819.8951
2016,대학교,사립,기존,광주,남부대학교,인문사회계열,135,136,859,140,102.94,6.32,97.4575,5.482500000000002,6.9868,0.0716907369879178,6148136.0199
2016,대학교,사립,기존,광주,남부대학교,자연과학계열,420,423,2445,423,100.0,5.78,99.52,0.480000000000004,0.9073,0.0091167604501607,6767320.8508
2016,대학교,사립,기존,충남,남서울대학교,공학계열,615,615,3265,615,100.0,5.31,94.2879,5.712100000000007,18.2818,0.1938933839867045,8670463.4135
2016,대학교,사립,기존,충남,남서울대학교,예체능계열,394,394,4351,394,100.0,11.04,97.0577,2.942300000000003,8.4253,0.0868071260703684,8897407.322
2016,대학교,사립,기존,충남,남서울대학교,인문사회계열,961,961,4971,961,100.0,5.17,93.7027,6.297300000000007,21.465,0.2290755762640778,7364686.961
2016,대학교,사립,기존,충남,남서울대학교,자연과학계열,280,280,2812,280,100.0,10.04,94.7654,5.2346,16.2742,0.1717314547292577,9008426.7925
2016,대학교,사립,기존,경기,단국대학교,공학계열,787,789,10978,788,99.87,13.91,97.56,2.3100000000000023,9.7554,0.0999938499384993,9560855.184700001
2016,대학교,사립,기존,경기,단국대학교,예체능계열,377,379,6531,378,99.74,17.23,97.5538,2.1861999999999995,10.1763,0.1043147473496675,9600862.198
2016,대학교,사립,기존,경기,단국대학교,인문사회계열,1093,1097,19312,1095,99.82,17.6,93.9248,5.8951999999999884,17.0654,0.1816921622404306,7620512.951800001
2016,대학교,사립,기존,경기,단국대학교,자연과학계열,60,60,903,60,100.0,15.05,99.5721,0.4278999999999939,0.6665,0.0066936420945224,8889928.5714
2016,대학교,사립,기존,충남,단국대학교 _제2캠퍼스,공학계열,320,321,2504,320,99.69,7.8,94.2879,5.402100000000004,18.2818,0.1938933839867045,9294699.2424
2016,대학교,사립,기존,충남,단국대학교 _제2캠퍼스,예체능계열,330,331,4334,329,99.4,13.09,97.0577,2.3423000000000087,8.4253,0.0868071260703684,9039152.4244
2016,대학교,사립,기존,충남,단국대학교 _제2캠퍼스,인문사회계열,790,795,7213,793,99.75,9.07,93.7027,6.047300000000007,21.465,0.2290755762640778,7251790.456900001
2016,대학교,사립,기존,충남,단국대학교 _제2캠퍼스,자연과학계열,938,941,6681,936,99.47,7.1,94.7654,4.704599999999999,16.2742,0.1717314547292577,9132177.689100001
2016,대학교,사립,기존,경북,대구가톨릭대학교,공학계열,500,500,3257,500,100.0,6.51,96.2025,3.7975,10.3229,0.1073038642446922,8160420.195899999
2016,대학교,사립,기존,경북,대구가톨릭대학교,예체능계열,423,423,2932,423,100.0,6.93,97.1508,2.849199999999996,5.7708,0.0594004372583653,8953579.2979
2016,대학교,사립,기존,경북,대구가톨릭대학교,인문사회계열,1265,1272,7803,1262,99.21,6.13,85.94,13.269999999999996,27.7378,0.322757737956714,6106120.6006
2016,대학교,사립,기존,경북,대구가톨릭대학교,자연과학계열,718,720,5624,719,99.86,7.81,96.7054,3.154600000000002,8.5261,0.0881657073958641,8296465.2743
2016,대학교,특별법법인,기존,대구,대구경북과학기술원,자연과학계열,200,200,2373,196,98.0,11.86,98.0,0.0,0.0,0.0,3528000.0
2016,교육대학,국립,기존,대구,대구교육대학교,인문사회계열,383,384,0,383,99.74,0.0,99.66,0.0799999999999983,0.1131,0.0011348585189644,3685600.0
2016,대학교,사립,기존,경북,대구대학교,공학계열,713,717,5033,713,99.44,7.02,96.2025,3.237499999999997,10.3229,0.1073038642446922,8377423.6683
2016,대학교,사립,기존,경북,대구대학교,예체능계열,372,373,2992,371,99.46,8.02,97.1508,2.30919999999999,5.7708,0.0594004372583653,8655019.3556
2016,대학교,사립,기존,경북,대구대학교,인문사회계열,2139,2151,11669,2136,99.3,5.42,85.94,13.36,27.7378,0.322757737956714,6169983.1063
2016,대학교,사립,기존,경북,대구대학교,자연과학계열,925,929,6188,921,99.14,6.66,96.7054,2.434600000000003,8.5261,0.0881657073958641,7821255.227599999
2016,대학교,사립,기존,경북,대구예술대학교,예체능계열,431,431,1276,386,89.56,2.96,97.1508,-7.5908000000000015,5.7708,0.0594004372583653,8708729.1103
2016,대학교,사립,기존,경북,대구한의대학교,공학계열,220,223,1198,223,100.0,5.37,96.2025,3.7975,10.3229,0.1073038642446922,7897745.498299999
2016,대학교,사립,기존,경북,대구한의대학교,예체능계열,160,160,986,161,100.63,6.16,97.1508,3.479199999999992,5.7708,0.0594004372583653,7736779.8264
2016,대학교,사립,기존,경북,대구한의대학교,인문사회계열,465,473,2518,472,99.79,5.32,85.94,13.850000000000009,27.7378,0.322757737956714,6064630.2414
2016,대학교,사립,기존,경북,대구한의대학교,자연과학계열,673,679,5055,676,99.56,7.44,96.7054,2.854600000000005,8.5261,0.0881657073958641,7714431.2227
2016,대학교,사립,기존,경북,대신대학교,예체능계열,40,38,68,36,94.74,1.79,97.1508,-2.410800000000009,5.7708,0.0594004372583653,7555880.0
2016,대학교,사립,기존,경북,대신대학교,인문사회계열,85,81,115,42,51.85,1.42,85.94,-34.09,27.7378,0.322757737956714,6250070.0
2016,대학교,사립,기존,세종,대전가톨릭대학교,인문사회계열,40,40,15,11,27.5,0.38,74.8733,-47.3733,41.037,0.5480858997800284,6060000.0
2016,대학교,사립,기존,대전,대전대학교,공학계열,502,502,2877,501,99.8,5.73,99.7517,0.0482999999999975,0.2437,0.0024430661332087,8250575.7142
2016,대학교,사립,기존,대전,대전대학교,예체능계열,212,214,1560,213,99.53,7.29,99.9217,-0.3917000000000001,0.1919,0.0019205037544397,7935913.998899999
2016,대학교,사립,기존,대전,대전대학교,인문사회계열,1080,1084,5238,1077,99.35,4.83,94.3225,5.027499999999989,15.2158,0.161316758991757,6928805.7336
2016,대학교,사립,기존,대전,대전대학교,자연과학계열,387,387,3917,384,99.22,10.12,99.7157,-0.4956999999999993,0.5011,0.00502528689063,7951576.285699999
2016,대학교,사립,기존,대전,대전신학대학교,인문사회계열,60,60,54,34,56.67,0.9,94.3225,-37.6525,15.2158,0.161316758991757,6306593.0
2016,대학교,사립,기존,경기,대진대학교,공학계열,548,548,3257,543,99.09,5.94,97.56,1.5300000000000011,9.7554,0.0999938499384993,8565114.9297
2016,대학교,사립,기존,경기,대진대학교,예체능계열,265,266,2790,264,99.25,10.49,97.5538,1.6962000000000046,10.1763,0.1043147473496675,8552137.6265
2016,대학교,사립,기존,경기,대진대학교,인문사회계열,878,883,4984,867,98.19,5.64,93.9248,4.265199999999993,17.0654,0.1816921622404306,6628611.1357
2016,대학교,사립,기존,경기,대진대학교,자연과학계열,192,191,1534,189,98.95,8.03,99.5721,-0.6221000000000032,0.6665,0.0066936420945224,7839720.4438
2016,대학교,사립,기존,서울,덕성여자대학교,공학계열,90,90,1084,89,98.89,12.04,92.9893,5.9007000000000005,22.4563,0.241493376119618,8863598.888799999
2016,대학교,사립,기존,서울,덕성여자대학교,예체능계열,170,171,3108,170,99.42,18.18,97.5773,1.842700000000008,11.1761,0.1145358602871774,9006073.3667
2016,대학교,사립,기존,서울,덕성여자대학교,인문사회계열,710,713,6828,711,99.72,9.58,96.2332,3.4868000000000023,13.6176,0.1415062577156324,6581306.131899999
2016,대학교,사립,기존,서울,동국대학교,공학계열,826,838,8500,833,99.4,10.14,92.9893,6.410700000000006,22.4563,0.241493376119618,9671192.322
2016,대학교,사립,기존,서울,동국대학교,예체능계열,210,211,5470,211,100.0,25.92,97.5773,2.422700000000006,11.1761,0.1145358602871774,9519799.7636
2016,대학교,사립,기존,서울,동국대학교,인문사회계열,1333,1342,20783,1337,99.63,15.49,96.2332,3.396799999999999,13.6176,0.1415062577156324,7455353.1876
2016,대학교,사립,기존,서울,동국대학교,자연과학계열,316,318,2924,317,99.69,9.19,96.5836,3.1063999999999936,13.2594,0.1372841766096935,8974471.1573
2016,대학교,사립,기존,경북,동국대학교(WISE),공학계열,310,310,1494,309,99.68,4.82,96.2025,3.4775000000000063,10.3229,0.1073038642446922,9351231.9581
2016,대학교,사립,기존,경북,동국대학교(WISE),예체능계열,125,126,660,125,99.21,5.24,97.1508,2.05919999999999,5.7708,0.0594004372583653,9231908.888700001
2016,대학교,사립,기존,경북,동국대학교(WISE),인문사회계열,955,960,4517,951,99.06,4.71,85.94,13.120000000000005,27.7378,0.322757737956714,7353976.023
2016,대학교,사립,기존,경북,동국대학교(WISE),자연과학계열,339,341,3233,336,98.53,9.48,96.7054,1.824600000000004,8.5261,0.0881657073958641,8814035.2036
2016,대학교,사립,기존,서울,동덕여자대학교,공학계열,89,89,758,88,98.88,8.52,92.9893,5.890699999999995,22.4563,0.241493376119618,8007366.6667
2016,대학교,사립,기존,서울,동덕여자대학교,예체능계열,593,594,14320,586,98.65,24.11,97.5773,1.0727000000000118,11.1761,0.1145358602871774,9133231.445700001
2016,대학교,사립,기존,서울,동덕여자대학교,인문사회계열,663,671,5595,662,98.66,8.34,96.2332,2.4268,13.6176,0.1415062577156324,6480516.051200001
2016,대학교,사립,기존,서울,동덕여자대학교,자연과학계열,162,162,1393,160,98.77,8.6,96.5836,2.186399999999992,13.2594,0.1372841766096935,8068573.699600001
2016,대학교,사립,기존,부산,동명대학교,공학계열,770,768,4907,769,100.13,6.39,99.8075,0.3224999999999909,0.6705,0.0067179320191368,8019353.664399999
2016,대학교,사립,기존,부산,동명대학교,예체능계열,210,210,1228,209,99.52,5.85,100.1822,-0.6621999999999986,1.0265,0.0102463311845816,7609227.5538
2016,대학교,사립,기존,부산,동명대학교,인문사회계열,738,740,4427,740,100.0,5.98,99.825,0.1749999999999971,0.4172,0.0041793137991485,6069711.8292
2016,대학교,사립,기존,부산,동명대학교,자연과학계열,140,140,1469,140,100.0,10.49,100.095,-0.0949999999999988,0.5105,0.0051001548528897,7777416.9213
2016,대학교,사립,기존,부산,동서대학교,공학계열,790,791,5756,796,100.63,7.28,99.8075,0.8224999999999909,0.6705,0.0067179320191368,7694750.7507
2016,대학교,사립,기존,부산,동서대학교,예체능계열,450,451,3282,450,99.78,7.28,100.1822,-0.4021999999999934,1.0265,0.0102463311845816,7434123.3779
2016,대학교,사립,기존,부산,동서대학교,인문사회계열,1025,1026,8717,1026,100.0,8.5,99.825,0.1749999999999971,0.4172,0.0041793137991485,6007848.073299999
2016,대학교,사립,기존,부산,동서대학교,자연과학계열,205,205,2977,206,100.49,14.52,100.095,0.394999999999996,0.5105,0.0051001548528897,7868951.759299999
2016,대학교,사립,기존,전남,동신대학교,공학계열,305,307,1125,307,100.0,3.66,95.1925,4.8075000000000045,9.615,0.1010058565538251,7461954.1494
2016,대학교,사립,기존,전남,동신대학교,예체능계열,160,160,548,160,100.0,3.42,92.89,7.109999999999999,10.8565,0.1168747981483475,7256346.3758000005
2016,대학교,사립,기존,전남,동신대학교,인문사회계열,550,551,2353,551,100.0,4.27,75.55,24.450000000000003,34.6797,0.4590297816015883,6033323.6499
2016,대학교,사립,기존,전남,동신대학교,자연과학계열,565,566,3520,566,100.0,6.22,91.272,8.727999999999994,18.7654,0.2055986501884477,7220324.209299999
2016,대학교,사립,기존,부산,동아대학교,공학계열,1210,1210,7354,1208,99.83,6.08,99.8075,0.0224999999999937,0.6705,0.0067179320191368,8078154.062700001
2016,대학교,사립,기존,부산,동아대학교,예체능계열,484,484,3875,484,100.0,8.01,100.1822,-0.1821999999999946,1.0265,0.0102463311845816,7985752.3823
2016,대학교,사립,기존,부산,동아대학교,인문사회계열,1705,1705,8777,1699,99.65,5.15,99.825,-0.1749999999999971,0.4172,0.0041793137991485,6222023.3991
2016,대학교,사립,기존,부산,동아대학교,자연과학계열,734,734,4324,733,99.86,5.89,100.095,-0.2349999999999994,0.5105,0.0051001548528897,7326925.1059
2016,대학교,사립,기존,경북,동양대학교,공학계열,385,386,1615,385,99.74,4.18,96.2025,3.5374999999999943,10.3229,0.1073038642446922,7732083.3765
2016,대학교,사립,기존,경북,동양대학교,예체능계열,230,230,1546,230,100.0,6.72,97.1508,2.849199999999996,5.7708,0.0594004372583653,8077178.845900001
2016,대학교,사립,기존,경북,동양대학교,인문사회계열,385,389,1910,389,100.0,4.91,85.94,14.060000000000002,27.7378,0.322757737956714,6028332.171800001
2016,대학교,사립,기존,경북,동양대학교,자연과학계열,60,60,714,60,100.0,11.9,96.7054,3.294600000000002,8.5261,0.0881657073958641,7685802.4233
2016,대학교,사립,기존,부산,동의대학교,공학계열,1170,1170,6754,1170,100.0,5.77,99.8075,0.1924999999999954,0.6705,0.0067179320191368,7638686.5876
2016,대학교,사립,기존,부산,동의대학교,예체능계열,360,360,2660,360,100.0,7.39,100.1822,-0.1821999999999946,1.0265,0.0102463311845816,7264170.181100001
2016,대학교,사립,기존,부산,동의대학교,인문사회계열,1420,1420,8740,1420,100.0,6.15,99.825,0.1749999999999971,0.4172,0.0041793137991485,5682408.8137
2016,대학교,사립,기존,부산,동의대학교,자연과학계열,645,645,4437,645,100.0,6.88,100.095,-0.0949999999999988,0.5105,0.0051001548528897,6910060.658499999
2016,대학교,사립,기존,경기,루터대학교,인문사회계열,70,70,227,68,97.14,3.24,93.9248,3.215199999999996,17.0654,0.1816921622404306,6702729.075
2016,대학교,사립,기존,경기,명지대학교,공학계열,898,899,6607,898,99.89,7.35,97.56,2.3299999999999983,9.7554,0.0999938499384993,9666516.64
2016,대학교,사립,기존,경기,명지대학교,예체능계열,319,321,5406,321,100.0,16.84,97.5538,2.4462000000000046,10.1763,0.1043147473496675,9991003.1884
2016,대학교,사립,기존,경기,명지대학교,자연과학계열,180,181,1724,181,100.0,9.52,99.5721,0.4278999999999939,0.6665,0.0066936420945224,8677192.7048
2016,대학교,사립,기존,대전,목원대학교,공학계열,352,353,1901,353,100.0,5.39,99.7517,0.2483000000000004,0.2437,0.0024430661332087,8301355.8282
2016,대학교,사립,기존,대전,목원대학교,예체능계열,523,525,4448,525,100.0,8.47,99.9217,0.0782999999999987,0.1919,0.0019205037544397,8360486.043
2016,대학교,사립,기존,대전,목원대학교,인문사회계열,833,833,3877,832,99.88,4.65,94.3225,5.55749999999999,15.2158,0.161316758991757,6817160.2433
2016,대학교,사립,기존,대전,목원대학교,자연과학계열,202,205,874,205,100.0,4.26,99.7157,0.2843000000000018,0.5011,0.00502528689063,7552579.922900001
2016,대학교,사립,기존,전남,목포가톨릭대학교,인문사회계열,40,40,149,40,100.0,3.72,75.55,24.450000000000003,34.6797,0.4590297816015883,5935800.0
2016,대학교,사립,기존,전남,목포가톨릭대학교,자연과학계열,90,90,511,90,100.0,5.68,91.272,8.727999999999994,18.7654,0.2055986501884477,7104800.0
2016,대학교,사립,기존,대전,배재대학교,공학계열,415,420,1805,419,99.76,4.3,99.7517,0.0083000000000055,0.2437,0.0024430661332087,8277859.7377
2016,대학교,사립,기존,대전,배재대학교,예체능계열,227,228,1748,228,100.0,7.67,99.9217,0.0782999999999987,0.1919,0.0019205037544397,8254137.851100001
2016,대학교,사립,기존,대전,배재대학교,인문사회계열,1044,1051,4507,1046,99.52,4.29,94.3225,5.197499999999991,15.2158,0.161316758991757,6729994.0758
2016,대학교,사립,기존,대전,배재대학교,자연과학계열,407,413,1889,408,98.79,4.57,99.7157,-0.925699999999992,0.5011,0.00502528689063,7565965.8229
2016,대학교,사립,기존,충남,백석대학교,공학계열,300,301,2117,297,98.67,7.03,94.2879,4.382100000000008,18.2818,0.1938933839867045,8762283.7125
2016,대학교,사립,기존,충남,백석대학교,예체능계열,660,661,10694,661,100.0,16.18,97.0577,2.942300000000003,8.4253,0.0868071260703684,9283973.2588
2016,대학교,사립,기존,충남,백석대학교,인문사회계열,1609,1611,11901,1606,99.69,7.39,93.7027,5.987300000000005,21.465,0.2290755762640778,7370613.7325
2016,대학교,사립,기존,충남,백석대학교,자연과학계열,283,283,3788,281,99.29,13.39,94.7654,4.524600000000007,16.2742,0.1717314547292577,8805300.0
2016,대학교,사립,기존,부산,부산가톨릭대학교,공학계열,100,100,722,100,100.0,7.22,99.8075,0.1924999999999954,0.6705,0.0067179320191368,7929015.5493
2016,대학교,사립,기존,부산,부산가톨릭대학교,인문사회계열,251,253,1550,253,100.0,6.13,99.825,0.1749999999999971,0.4172,0.0041793137991485,6154262.3524
2016,대학교,사립,기존,부산,부산가톨릭대학교,자연과학계열,565,566,4746,565,99.82,8.39,100.095,-0.2750000000000057,0.5105,0.0051001548528897,7298788.404999999
2016,교육대학,국립,기존,부산,부산교육대학교,인문사회계열,356,356,2828,356,100.0,7.94,99.9325,0.0674999999999954,0.3716,0.0037185099942461,3107200.0
2016,대학교,국립,기존,부산,부산대학교,공학계열,1501,1499,12828,1488,99.27,8.56,99.7567,-0.486699999999999,0.4215,0.0042252801064991,4760204.1177
2016,대학교,국립,기존,부산,부산대학교,예체능계열,331,331,2397,329,99.4,7.24,99.8,-0.3999999999999915,0.3464,0.0034709418837675,4751333.333
2016,대학교,국립,기존,부산,부산대학교,인문사회계열,1367,1371,13043,1363,99.42,9.51,99.9325,-0.5125000000000028,0.3716,0.0037185099942461,3552716.0592
2016,대학교,국립,기존,부산,부산대학교,자연과학계열,1045,1051,9580,1050,99.9,9.12,99.9667,-0.0666999999999973,0.0577,0.0005771922050042,4608177.5743
2016,대학교,사립,기존,부산,부산외국어대학교,공학계열,180,180,1086,177,98.33,6.03,99.8075,-1.4775000000000065,0.6705,0.0067179320191368,7897294.9478
2016,대학교,사립,기존,부산,부산외국어대학교,예체능계열,70,70,508,72,102.86,7.26,100.1822,2.677800000000005,1.0265,0.0102463311845816,6880964.818000001
2016,대학교,사립,기존,부산,부산외국어대학교,인문사회계열,1640,1643,7864,1644,100.06,4.79,99.825,0.2349999999999994,0.4172,0.0041793137991485,6054354.3346
2016,대학교,사립,기존,경남,부산장신대학교,인문사회계열,70,70,135,68,97.14,1.93,97.5357,-0.395700000000005,2.2125,0.0226840018577813,6104227.5117
2016,대학교,사립,기존,서울,삼육대학교,공학계열,147,149,686,149,100.0,4.6,92.9893,7.0107,22.4563,0.241493376119618,8770773.9831
2016,대학교,사립,기존,서울,삼육대학교,예체능계열,179,180,2779,179,99.44,15.44,97.5773,1.862700000000004,11.1761,0.1145358602871774,9215430.879999999
2016,대학교,사립,기존,서울,삼육대학교,인문사회계열,452,452,3249,448,99.12,7.19,96.2332,2.886800000000008,13.6176,0.1415062577156324,7409350.3354
2016,대학교,사립,기존,서울,삼육대학교,자연과학계열,389,390,2214,387,99.23,5.68,96.5836,2.6464,13.2594,0.1372841766096935,8434035.3061
2016,대학교,사립,기존,서울,상명대학교,공학계열,67,68,1009,67,98.53,14.84,92.9893,5.540700000000001,22.4563,0.241493376119618,8907479.5099
2016,대학교,사립,기존,서울,상명대학교,예체능계열,219,219,4067,218,99.54,18.57,97.5773,1.9627000000000123,11.1761,0.1145358602871774,9403698.6191
2016,대학교,사립,기존,서울,상명대학교,인문사회계열,649,653,7278,652,99.85,11.15,96.2332,3.616799999999998,13.6176,0.1415062577156324,7269195.7831
2016,대학교,사립,기존,서울,상명대학교,자연과학계열,381,382,5621,381,99.74,14.71,96.5836,3.1563999999999908,13.2594,0.1372841766096935,8448554.9999
2016,대학교,사립,기존,강원,상지대학교,공학계열,255,255,814,244,95.69,3.19,86.9757,8.714299999999994,31.3711,0.3606881002394921,8341745.9013
2016,대학교,사립,기존,강원,상지대학교,예체능계열,207,207,1127,206,99.52,5.44,94.2543,5.265699999999995,14.7758,0.1567652616379306,8028785.0228
2016,대학교,사립,기존,강원,상지대학교,인문사회계열,885,888,2671,782,88.06,3.01,85.7729,2.2870999999999952,31.4624,0.366810496089091,6675719.9082
2016,대학교,사립,기존,강원,상지대학교,자연과학계열,545,545,3340,530,97.25,6.13,87.1229,10.1271,15.8482,0.1819062496771801,7717274.0691
2016,대학교,사립,기존,서울,서강대학교,공학계열,421,422,14139,422,100.0,33.5,92.9893,7.0107,22.4563,0.241493376119618,9927353.3333
2016,대학교,사립,기존,서울,서강대학교,인문사회계열,965,965,25861,964,99.9,26.8,96.2332,3.666800000000009,13.6176,0.1415062577156324,7749999.864
2016,대학교,사립,기존,서울,서강대학교,자연과학계열,214,215,5958,214,99.53,27.71,96.5836,2.946399999999997,13.2594,0.1372841766096935,9024405.0
2016,대학교,사립,기존,서울,서경대학교,공학계열,400,402,3870,399,99.25,9.63,92.9893,6.2607,22.4563,0.241493376119618,8736269.0616
2016,대학교,사립,기존,서울,서경대학교,예체능계열,430,430,11856,430,100.0,27.57,97.5773,2.422700000000006,11.1761,0.1145358602871774,9125162.7721
2016,대학교,사립,기존,서울,서경대학교,인문사회계열,500,507,4144,505,99.61,8.17,96.2332,3.376800000000003,13.6176,0.1415062577156324,7016831.5008000005
2016,대학교,사립,기존,서울,서경대학교,자연과학계열,80,80,812,80,100.0,10.15,96.5836,3.416399999999996,13.2594,0.1372841766096935,8853033.3333
2016,대학교,국립,기존,서울,서울과학기술대학교,공학계열,1426,1428,16782,1425,99.79,11.75,60.32,39.470000000000006,55.819,0.925381299734748,5494128.3050999995
2016,대학교,국립,기존,서울,서울과학기술대학교,예체능계열,270,270,3450,270,100.0,12.78,99.66,0.3400000000000034,0.4808,0.0048244029700983,5567009.9999
2016,대학교,국립,기존,서울,서울과학기술대학교,인문사회계열,298,299,3415,297,99.33,11.42,76.6733,22.6567,39.5807,0.5162253352862078,4684437.853
2016,대학교,국립,기존,서울,서울과학기술대학교,자연과학계열,138,138,1427,138,100.0,10.34,64.1,35.900000000000006,50.7703,0.7920483619344775,5497893.0
2016,교육대학,국립,기존,서울,서울교육대학교,인문사회계열,355,356,2211,355,99.72,6.21,76.6733,23.0467,39.5807,0.5162253352862078,3156400.0
2016,대학교,사립,기존,서울,서울기독대학교,예체능계열,51,51,212,51,100.0,4.16,97.5773,2.422700000000006,11.1761,0.1145358602871774,8640110.9143
2016,대학교,사립,기존,서울,서울기독대학교,인문사회계열,110,110,230,110,100.0,2.09,96.2332,3.766800000000004,13.6176,0.1415062577156324,6880208.2707
2016,대학교,국립대법인,기존,서울,서울대학교,공학계열,853,854,3899,852,99.77,4.57,99.77,0.0,0.0,0.0,6064307.7824
2016,대학교,국립대법인,기존,서울,서울대학교,예체능계열,38,286,5580,286,100.0,19.51,100.0,0.0,0.0,0.0,7539922.1784
2016,대학교,국립대법인,기존,서울,서울대학교,인문사회계열,1153,1153,6703,1017,88.2,5.81,88.2,0.0,0.0,0.0,5046714.8876
2016,대학교,국립대법인,기존,서울,서울대학교,자연과학계열,799,797,4745,732,91.84,5.95,91.84,0.0,0.0,0.0,6312731.3597
2016,대학교,공립,기존,서울,서울시립대학교,공학계열,627,635,5946,629,99.06,9.36,99.06,0.0,0.0,0.0,2737800.0
2016,대학교,공립,기존,서울,서울시립대학교,예체능계열,132,132,816,131,99.24,6.18,99.24,0.0,0.0,0.0,2971550.0
2016,대학교,공립,기존,서울,서울시립대학교,인문사회계열,788,796,8142,793,99.62,10.23,99.62,0.0,0.0,0.0,2080800.0
2016,대학교,공립,기존,서울,서울시립대학교,자연과학계열,164,165,1771,165,100.0,10.73,100.0,0.0,0.0,0.0,2463264.7619
2016,대학교,사립,기존,경기,서울신학대학교,예체능계열,100,101,1579,101,100.0,15.63,97.5538,2.4462000000000046,10.1763,0.1043147473496675,8832354.145
2016,대학교,사립,기존,경기,서울신학대학교,인문사회계열,440,442,1708,442,100.0,3.86,93.9248,6.075199999999995,17.0654,0.1816921622404306,7051819.7447
2016,대학교,사립,기존,서울,서울여자대학교,공학계열,172,174,1791,174,100.0,10.29,92.9893,7.0107,22.4563,0.241493376119618,8618609.8092
2016,대학교,사립,기존,서울,서울여자대학교,예체능계열,180,181,4027,180,99.45,22.25,97.5773,1.872700000000009,11.1761,0.1145358602871774,9700661.1305
2016,대학교,사립,기존,서울,서울여자대학교,인문사회계열,882,896,14333,895,99.89,16.0,96.2332,3.656800000000004,13.6176,0.1415062577156324,7368183.187900001
2016,대학교,사립,기존,서울,서울여자대학교,자연과학계열,358,365,4759,365,100.0,13.04,96.5836,3.416399999999996,13.2594,0.1372841766096935,8540384.2063
2016,대학교,사립,기존,경기,서울장신대학교,예체능계열,30,30,63,30,100.0,2.1,97.5538,2.4462000000000046,10.1763,0.1043147473496675,10058620.0
2016,대학교,사립,기존,경기,서울장신대학교,인문사회계열,92,92,261,92,100.0,2.84,93.9248,6.075199999999995,17.0654,0.1816921622404306,7484890.0
2016,대학교,사립,기존,서울,서울한영대학교,예체능계열,20,20,42,19,95.0,2.1,97.5773,-2.577299999999994,11.1761,0.1145358602871774,8474634.9833
2016,대학교,사립,기존,서울,서울한영대학교,인문사회계열,180,183,513,177,96.72,2.8,96.2332,0.4868000000000023,13.6176,0.1415062577156324,6859945.0672
2016,대학교,사립,기존,충북,서원대학교,공학계열,360,361,2195,361,100.0,6.08,98.5386,1.4613999999999976,1.4198,0.0144085667951442,8196490.192399999
2016,대학교,사립,기존,충북,서원대학교,예체능계열,220,220,2151,220,100.0,9.78,98.5188,1.4812000000000012,2.2836,0.0231793322695769,7846819.4164
2016,대학교,사립,기존,충북,서원대학교,인문사회계열,797,798,6883,796,99.75,8.63,97.5267,2.2232999999999947,2.8926,0.0296595701484824,6527212.7165
2016,대학교,사립,기존,충북,서원대학교,자연과학계열,270,270,2016,269,99.63,7.47,98.76,0.8699999999999903,1.2885,0.013046780072904,7593953.451800001
2016,대학교,사립,기존,충남,선문대학교,공학계열,720,721,3899,721,100.0,5.41,94.2879,5.712100000000007,18.2818,0.1938933839867045,8505540.4702
2016,대학교,사립,기존,충남,선문대학교,예체능계열,152,152,1056,152,100.0,6.95,97.0577,2.942300000000003,8.4253,0.0868071260703684,8028918.1086
2016,대학교,사립,기존,충남,선문대학교,인문사회계열,990,992,5248,982,98.99,5.29,93.7027,5.287300000000002,21.465,0.2290755762640778,6965922.151099999
2016,대학교,사립,기존,충남,선문대학교,자연과학계열,236,237,1877,236,99.58,7.92,94.7654,4.814599999999999,16.2742,0.1717314547292577,8239229.8806
2016,대학교,사립,기존,경기,성결대학교,공학계열,310,310,3145,310,100.0,10.15,97.56,2.4399999999999977,9.7554,0.0999938499384993,8562478.5714
2016,대학교,사립,기존,경기,성결대학교,예체능계열,180,180,3493,180,100.0,19.41,97.5538,2.4462000000000046,10.1763,0.1043147473496675,9346624.9946
2016,대학교,사립,기존,경기,성결대학교,인문사회계열,790,790,6785,790,100.0,8.59,93.9248,6.075199999999995,17.0654,0.1816921622404306,6873909.504899999
2016,대학교,사립,기존,서울,성공회대학교,공학계열,142,142,997,140,98.59,7.02,92.9893,5.600700000000003,22.4563,0.241493376119618,7992547.5
2016,대학교,사립,기존,서울,성공회대학교,인문사회계열,371,373,2089,371,99.46,5.6,96.2332,3.226799999999997,13.6176,0.1415062577156324,7282935.1515
2016,대학교,사립,기존,서울,성균관대학교,공학계열,1108,1114,21649,1111,99.73,19.43,92.9893,6.740700000000004,22.4563,0.241493376119618,9304646.517
2016,대학교,사립,기존,서울,성균관대학교,예체능계열,258,259,4576,259,100.0,17.67,97.5773,2.422700000000006,11.1761,0.1145358602871774,9566756.23
2016,대학교,사립,기존,서울,성균관대학교,인문사회계열,1488,1491,37755,1489,99.87,25.32,96.2332,3.636800000000008,13.6176,0.1415062577156324,7463666.0782
2016,대학교,사립,기존,서울,성균관대학교,자연과학계열,465,468,10865,466,99.57,23.22,96.5836,2.986399999999989,13.2594,0.1372841766096935,8856363.9684
2016,대학교,사립,기존,서울,성신여자대학교,공학계열,74,74,352,74,100.0,4.76,92.9893,7.0107,22.4563,0.241493376119618,8619105.8846
2016,대학교,사립,기존,서울,성신여자대학교,예체능계열,520,520,10219,519,99.81,19.65,97.5773,2.2327000000000083,11.1761,0.1145358602871774,9974875.4945
2016,대학교,사립,기존,서울,성신여자대학교,인문사회계열,1068,1080,6699,1077,99.72,6.2,96.2332,3.4868000000000023,13.6176,0.1415062577156324,7319715.1154
2016,대학교,사립,기존,서울,성신여자대학교,자연과학계열,398,402,2275,402,100.0,5.66,96.5836,3.416399999999996,13.2594,0.1372841766096935,8573598.562199999
2016,대학교,사립,기존,충북,세명대학교,공학계열,270,273,1424,272,99.63,5.22,98.5386,1.091399999999993,1.4198,0.0144085667951442,7951320.926100001
2016,대학교,사립,기존,충북,세명대학교,예체능계열,200,202,1284,202,100.0,6.36,98.5188,1.4812000000000012,2.2836,0.0231793322695769,7805764.103499999
2016,대학교,사립,기존,충북,세명대학교,인문사회계열,850,856,4073,852,99.53,4.76,97.5267,2.003299999999996,2.8926,0.0296595701484824,6300402.1941
2016,대학교,사립,기존,충북,세명대학교,자연과학계열,560,562,3658,560,99.64,6.51,98.76,0.8799999999999955,1.2885,0.013046780072904,7605857.901899999
2016,대학교,사립,기존,서울,세종대학교,공학계열,1150,1160,17732,1143,98.53,15.29,92.9893,5.540700000000001,22.4563,0.241493376119618,8898619.59
2016,대학교,사립,기존,서울,세종대학교,예체능계열,335,336,6632,334,99.4,19.74,97.5773,1.822700000000012,11.1761,0.1145358602871774,9046442.1466
2016,대학교,사립,기존,서울,세종대학교,인문사회계열,665,672,12357,664,98.81,18.39,96.2332,2.5768000000000058,13.6176,0.1415062577156324,6594035.713400001
2016,대학교,사립,기존,서울,세종대학교,자연과학계열,170,171,2362,170,99.42,13.81,96.5836,2.8363999999999976,13.2594,0.1372841766096935,7714568.4743
2016,대학교,사립,기존,전남,세한대학교,공학계열,100,100,396,100,100.0,3.96,95.1925,4.8075000000000045,9.615,0.1010058565538251,7718890.2381
2016,대학교,사립,기존,전남,세한대학교,예체능계열,390,390,1299,390,100.0,3.33,92.89,7.109999999999999,10.8565,0.1168747981483475,7021176.001800001
2016,대학교,사립,기존,전남,세한대학교,인문사회계열,375,375,2421,375,100.0,6.46,75.55,24.450000000000003,34.6797,0.4590297816015883,5937898.6463
2016,대학교,사립,기존,전남,세한대학교,자연과학계열,210,210,1245,210,100.0,5.93,91.272,8.727999999999994,18.7654,0.2055986501884477,6784397.035699999
2016,대학교,사립,기존,광주,송원대학교,공학계열,170,173,623,170,98.27,3.6,99.558,-1.288000000000011,0.7334,0.0073665601960666,7011866.657199999
2016,대학교,사립,기존,광주,송원대학교,예체능계열,115,116,394,116,100.0,3.4,98.93,1.0699999999999932,2.0426,0.0206469220661073,6992126.667200001
2016,대학교,사립,기존,광주,송원대학교,인문사회계열,385,387,1291,370,95.61,3.34,97.4575,-1.8474999999999968,6.9868,0.0716907369879178,6037041.5067
2016,대학교,사립,기존,광주,송원대학교,자연과학계열,130,130,1004,127,97.69,7.72,99.52,-1.8299999999999983,0.9073,0.0091167604501607,6802051.080500001
2016,대학교,사립,기존,경기,수원가톨릭대학교,인문사회계열,90,90,52,27,30.0,0.58,93.9248,-63.924800000000005,17.0654,0.1816921622404306,5325000.0
2016,대학교,사립,기존,서울,숙명여자대학교,공학계열,173,173,1731,171,98.84,10.01,92.9893,5.850700000000003,22.4563,0.241493376119618,9485943.1818
2016,대학교,사립,기존,서울,숙명여자대학교,예체능계열,375,375,3579,375,100.0,9.54,97.5773,2.422700000000006,11.1761,0.1145358602871774,10226027.989599999
2016,대학교,사립,기존,서울,숙명여자대학교,인문사회계열,1344,1351,14905,1345,99.56,11.03,96.2332,3.3268000000000058,13.6176,0.1415062577156324,7670642.5254
2016,대학교,사립,기존,서울,숙명여자대학교,자연과학계열,306,308,3018,307,99.68,9.8,96.5836,3.0964000000000027,13.2594,0.1372841766096935,9034523.9742
2016,각종학교(대학),사립,기존,충북,순복음총회신학교,예체능계열,15,15,14,14,93.33,0.93,98.5188,-5.1888000000000005,2.2836,0.0231793322695769,7234285.709999999
2016,각종학교(대학),사립,기존,충북,순복음총회신학교,인문사회계열,76,76,71,71,93.42,0.93,97.5267,-4.106700000000004,2.8926,0.0296595701484824,5676930.686
2016,대학교,사립,기존,충남,순천향대학교,공학계열,636,640,4763,635,99.22,7.44,94.2879,4.9321000000000055,18.2818,0.1938933839867045,8840640.9375
2016,대학교,사립,기존,충남,순천향대학교,예체능계열,234,234,4533,233,99.57,19.37,97.0577,2.512299999999996,8.4253,0.0868071260703684,8288314.285699999
2016,대학교,사립,기존,충남,순천향대학교,인문사회계열,922,928,6698,920,99.14,7.22,93.7027,5.437300000000008,21.465,0.2290755762640778,7496940.0359
2016,대학교,사립,기존,충남,순천향대학교,자연과학계열,585,588,5874,581,98.81,9.99,94.7654,4.044600000000003,16.2742,0.1717314547292577,8379226.617300001
2016,대학교,사립,기존,서울,숭실대학교,공학계열,1132,1143,16873,1142,99.91,14.76,92.9893,6.9206999999999965,22.4563,0.241493376119618,9318848.412899999
2016,대학교,사립,기존,서울,숭실대학교,예체능계열,92,92,2447,92,100.0,26.6,97.5773,2.422700000000006,11.1761,0.1145358602871774,9293699.9999
2016,대학교,사립,기존,서울,숭실대학교,인문사회계열,1219,1230,18713,1225,99.59,15.21,96.2332,3.356800000000007,13.6176,0.1415062577156324,7629418.0726
2016,대학교,사립,기존,서울,숭실대학교,자연과학계열,232,234,3192,233,99.57,13.64,96.5836,2.986399999999989,13.2594,0.1372841766096935,8475300.0
2016,대학교,사립,기존,경북,신경주대학교,예체능계열,85,89,227,72,80.9,2.55,97.1508,-16.250799999999998,5.7708,0.0594004372583653,8436174.885
2016,대학교,사립,기존,경북,신경주대학교,인문사회계열,322,333,825,251,75.38,2.48,85.94,-10.560000000000002,27.7378,0.322757737956714,6635040.6239
2016,대학교,사립,기존,경북,신경주대학교,자연과학계열,300,310,995,213,68.71,3.21,96.7054,-27.995400000000004,8.5261,0.0881657073958641,7309179.487299999
2016,대학교,사립,기존,부산,신라대학교,공학계열,338,336,2113,336,100.0,6.29,99.8075,0.1924999999999954,0.6705,0.0067179320191368,8010356.3802000005
2016,대학교,사립,기존,부산,신라대학교,예체능계열,310,310,1248,310,100.0,4.03,100.1822,-0.1821999999999946,1.0265,0.0102463311845816,7656044.7221
2016,대학교,사립,기존,부산,신라대학교,인문사회계열,1100,1098,5464,1100,100.18,4.98,99.825,0.355000000000004,0.4172,0.0041793137991485,5934444.0519
2016,대학교,사립,기존,부산,신라대학교,자연과학계열,395,396,3217,397,100.25,8.12,100.095,0.1550000000000011,0.5105,0.0051001548528897,7294631.6367
2016,대학교,사립,기존,경기,신한대학교,공학계열,173,176,1179,173,98.3,6.7,97.56,0.7399999999999949,9.7554,0.0999938499384993,10340457.3325
2016,대학교,사립,기존,경기,신한대학교,자연과학계열,90,90,1001,89,98.89,11.12,99.5721,-0.6821000000000055,0.6665,0.0066936420945224,9743684.0
2016,대학교,사립,기존,경기,신한대학교 _제2캠퍼스,공학계열,70,70,488,70,100.0,6.97,97.56,2.4399999999999977,9.7554,0.0999938499384993,10303166.285699999
2016,대학교,사립,기존,경기,신한대학교 _제2캠퍼스,예체능계열,175,178,2518,176,98.88,14.15,97.5538,1.3262,10.1763,0.1043147473496675,10234567.6125
2016,대학교,사립,기존,경기,신한대학교 _제2캠퍼스,인문사회계열,485,489,3186,487,99.59,6.52,93.9248,5.665199999999999,17.0654,0.1816921622404306,8135300.9772
2016,대학교,사립,기존,경기,신한대학교 _제2캠퍼스,자연과학계열,390,392,2887,388,98.98,7.36,99.5721,-0.5921000000000021,0.6665,0.0066936420945224,9759599.592300002
2016,대학교,사립,기존,경기,아신대학교,인문사회계열,190,192,396,190,98.96,2.06,93.9248,5.035199999999989,17.0654,0.1816921622404306,6709164.5026
2016,대학교,사립,기존,경기,아주대학교,공학계열,1020,1023,15127,1018,99.51,14.79,97.56,1.9500000000000028,9.7554,0.0999938499384993,9345808.6814
2016,대학교,사립,기존,경기,아주대학교,인문사회계열,585,589,8930,588,99.83,15.16,93.9248,5.905199999999994,17.0654,0.1816921622404306,7494709.7883
2016,대학교,사립,기존,경기,아주대학교,자연과학계열,259,260,3846,260,100.0,14.79,99.5721,0.4278999999999939,0.6665,0.0066936420945224,8890357.6299
2016,대학교,사립,기존,경기,안양대학교,공학계열,330,331,2855,329,99.4,8.63,97.56,1.8400000000000036,9.7554,0.0999938499384993,8801810.301800001
2016,대학교,사립,기존,경기,안양대학교,예체능계열,130,132,1988,131,99.24,15.06,97.5538,1.6861999999999997,10.1763,0.1043147473496675,8829910.7019
2016,대학교,사립,기존,경기,안양대학교,인문사회계열,547,554,3759,552,99.64,6.79,93.9248,5.715199999999996,17.0654,0.1816921622404306,7115788.551700001
2016,대학교,사립,기존,경기,안양대학교,자연과학계열,110,111,723,111,100.0,6.51,99.5721,0.4278999999999939,0.6665,0.0066936420945224,8316582.17
2016,대학교,사립,기존,인천,안양대학교 _제2캠퍼스,공학계열,70,70,231,70,100.0,3.3,99.965,0.0349999999999965,0.0495,0.0004951733106587,8874450.5217
2016,대학교,사립,기존,서울,연세대학교,공학계열,862,869,11062,0,0.0,12.73,92.9893,-92.9893,22.4563,0.241493376119618,10404184.8629
2016,대학교,사립,기존,서울,연세대학교,예체능계열,209,209,2629,209,100.0,12.58,97.5773,2.422700000000006,11.1761,0.1145358602871774,10377073.2157
2016,대학교,사립,기존,서울,연세대학교,인문사회계열,1622,1627,22818,346,21.27,14.02,96.2332,-74.9632,13.6176,0.1415062577156324,9168762.9264
2016,대학교,사립,기존,서울,연세대학교,자연과학계열,673,676,8998,198,29.29,13.31,96.5836,-67.2936,13.2594,0.1372841766096935,9890386.9891
2016,대학교,사립,기존,강원,연세대학교(미래),공학계열,223,225,1620,224,99.56,7.2,86.9757,12.5843,31.3711,0.3606881002394921,9868460.0
2016,대학교,사립,기존,강원,연세대학교(미래),예체능계열,77,77,506,77,100.0,6.57,94.2543,5.745699999999999,14.7758,0.1567652616379306,8851150.0
2016,대학교,사립,기존,강원,연세대학교(미래),인문사회계열,584,591,4195,588,99.49,7.1,85.7729,13.717099999999988,31.4624,0.366810496089091,7815907.076199999
2016,대학교,사립,기존,강원,연세대학교(미래),자연과학계열,594,599,7608,595,99.33,12.7,87.1229,12.207099999999995,15.8482,0.1819062496771801,8696892.771000002
2016,대학교,사립,기존,경북,영남대학교,공학계열,1273,1275,7369,1270,99.61,5.78,96.2025,3.407499999999999,10.3229,0.1073038642446922,8517627.452300001
2016,대학교,사립,기존,경북,영남대학교,예체능계열,496,497,3938,497,100.0,7.92,97.1508,2.849199999999996,5.7708,0.0594004372583653,9250465.116600001
2016,대학교,사립,기존,경북,영남대학교,인문사회계열,1898,1904,10567,1883,98.9,5.55,85.94,12.960000000000008,27.7378,0.322757737956714,6215905.616400001
2016,대학교,사립,기존,경북,영남대학교,자연과학계열,912,914,5078,906,99.12,5.56,96.7054,2.414600000000007,8.5261,0.0881657073958641,8624152.302099999
2016,대학교,사립,기존,경북,영남신학대학교,인문사회계열,125,126,140,91,72.22,1.11,85.94,-13.72,27.7378,0.322757737956714,6372754.8333
2016,대학교,사립,기존,경남,영산대학교,공학계열,250,256,1374,254,99.22,5.37,95.876,3.343999999999994,7.3509,0.0766709082564979,7607864.4602
2016,대학교,사립,기존,경남,영산대학교,예체능계열,40,40,174,40,100.0,4.35,98.1417,1.8583,4.1907,0.0427005034557175,6747516.8
2016,대학교,사립,기존,경남,영산대학교,인문사회계열,291,297,1542,294,98.99,5.19,97.5357,1.4542999999999893,2.2125,0.0226840018577813,5747047.1291000005
2016,대학교,사립,기존,경남,영산대학교,자연과학계열,160,161,1944,161,100.0,12.07,99.4333,0.5666999999999973,0.7043,0.0070831401552598,7204843.133300001
2016,대학교,사립,기존,부산,영산대학교 _제2캠퍼스,예체능계열,260,262,1415,262,100.0,5.4,100.1822,-0.1821999999999946,1.0265,0.0102463311845816,7161196.2057
2016,대학교,사립,기존,부산,영산대학교 _제2캠퍼스,인문사회계열,396,401,2089,396,98.75,5.21,99.825,-1.0750000000000028,0.4172,0.0041793137991485,5685550.4497
2016,대학교,사립,기존,부산,영산대학교 _제2캠퍼스,자연과학계열,135,135,950,135,100.0,7.04,100.095,-0.0949999999999988,0.5105,0.0051001548528897,7035073.5139
2016,대학교,사립,기존,전남,영산선학대학교,인문사회계열,50,50,6,6,12.0,0.12,75.55,-63.55,34.6797,0.4590297816015883,2060000.0
2016,대학교,사립,기존,전북,예수대학교,자연과학계열,115,115,854,115,100.0,7.43,95.7614,4.238600000000005,9.8879,0.1032555915013773,7225614.2
2016,대학교,사립,기존,전북,예원예술대학교,예체능계열,195,196,877,196,100.0,4.47,78.5929,21.4071,39.0103,0.4963590858716245,8219390.6278
2016,대학교,사립,기존,경기,예원예술대학교 _제2캠퍼스,예체능계열,99,98,801,98,100.0,8.17,97.5538,2.4462000000000046,10.1763,0.1043147473496675,8482056.3249
2016,대학교,사립,기존,경기,용인대학교,예체능계열,802,802,7297,801,99.88,9.1,97.5538,2.3262,10.1763,0.1043147473496675,8589386.5339
2016,대학교,사립,기존,경기,용인대학교,인문사회계열,429,429,3842,427,99.53,8.96,93.9248,5.605199999999996,17.0654,0.1816921622404306,7421715.404700001
2016,대학교,사립,기존,경기,용인대학교,자연과학계열,239,239,2346,234,97.91,9.82,99.5721,-1.6621000000000097,0.6665,0.0066936420945224,8146831.9013
2016,대학교,사립,기존,전북,우석대학교,공학계열,435,442,2038,439,99.32,4.61,99.415,-0.095000000000013,0.2646,0.0026615701855856,7978770.039399999
2016,대학교,사립,기존,전북,우석대학교,예체능계열,235,237,1006,237,100.0,4.24,78.5929,21.4071,39.0103,0.4963590858716245,7581757.376999999
2016,대학교,사립,기존,전북,우석대학교,인문사회계열,655,662,3357,659,99.55,5.07,99.76,-0.2100000000000079,0.2496,0.0025020048115477,6174829.469400001
2016,대학교,사립,기존,전북,우석대학교,자연과학계열,390,396,2361,396,100.0,5.96,95.7614,4.238600000000005,9.8879,0.1032555915013773,7474295.579700001
2016,대학교,사립,기존,대전,우송대학교,공학계열,470,469,3463,467,99.57,7.38,99.7517,-0.1817000000000064,0.2437,0.0024430661332087,7662368.702099999
2016,대학교,사립,기존,대전,우송대학교,예체능계열,210,210,1601,210,100.0,7.62,99.9217,0.0782999999999987,0.1919,0.0019205037544397,7832897.995
2016,대학교,사립,기존,대전,우송대학교,인문사회계열,798,799,4953,796,99.62,6.2,94.3225,5.297499999999999,15.2158,0.161316758991757,7178382.853399999
2016,대학교,사립,기존,대전,우송대학교,자연과학계열,555,556,5409,556,100.0,9.73,99.7157,0.2843000000000018,0.5011,0.00502528689063,7827367.4123
2016,대학교,특별법법인,기존,울산,울산과학기술원,공학계열,310,310,4711,314,101.29,15.2,101.29,0.0,0.0,0.0,6286622.222200001
2016,대학교,특별법법인,기존,울산,울산과학기술원,인문사회계열,50,50,1183,55,110.0,23.66,110.0,0.0,0.0,0.0,5685533.3331
2016,대학교,사립,기존,울산,울산대학교,공학계열,971,973,6033,969,99.59,6.2,99.59,0.0,0.0,0.0,8551358.7632
2016,대학교,사립,기존,울산,울산대학교,예체능계열,315,315,1886,315,100.0,5.99,100.0,0.0,0.0,0.0,9006919.3274
2016,대학교,사립,기존,울산,울산대학교,인문사회계열,919,923,3930,920,99.67,4.26,99.67,0.0,0.0,0.0,6169365.0942
2016,대학교,사립,기존,울산,울산대학교,자연과학계열,549,550,4286,550,100.0,7.79,100.0,0.0,0.0,0.0,8082630.732899999
2016,대학교,사립,기존,전북,원광대학교,공학계열,675,678,4436,673,99.26,6.54,99.415,-0.1550000000000011,0.2646,0.0026615701855856,8261697.1229
2016,대학교,사립,기존,전북,원광대학교,예체능계열,514,516,2629,514,99.61,5.09,78.5929,21.0171,39.0103,0.4963590858716245,7811127.790899999
2016,대학교,사립,기존,전북,원광대학교,인문사회계열,1436,1444,7903,1435,99.38,5.47,99.76,-0.3800000000000096,0.2496,0.0025020048115477,6418968.6188
2016,대학교,사립,기존,전북,원광대학교,자연과학계열,901,903,6939,901,99.78,7.68,95.7614,4.018600000000006,9.8879,0.1032555915013773,7931645.109800001
2016,대학교,사립,기존,경북,위덕대학교,공학계열,170,172,479,172,100.0,2.78,96.2025,3.7975,10.3229,0.1073038642446922,8211784.646
2016,대학교,사립,기존,경북,위덕대학교,예체능계열,65,65,207,64,98.46,3.18,97.1508,1.30919999999999,5.7708,0.0594004372583653,8680141.6833
2016,대학교,사립,기존,경북,위덕대학교,인문사회계열,390,392,1241,391,99.74,3.17,85.94,13.799999999999995,27.7378,0.322757737956714,6690155.2485
2016,대학교,사립,기존,경북,위덕대학교,자연과학계열,230,232,1150,232,100.0,4.96,96.7054,3.294600000000002,8.5261,0.0881657073958641,8271146.1376
2016,대학교,사립,기존,충북,유원대학교,공학계열,210,213,980,204,95.77,4.6,98.5386,-2.7686000000000064,1.4198,0.0144085667951442,8220267.4846
2016,대학교,사립,기존,충북,유원대학교,예체능계열,90,90,302,89,98.89,3.36,98.5188,0.3712000000000017,2.2836,0.0231793322695769,8183830.6866999995
2016,대학교,사립,기존,충북,유원대학교,인문사회계열,410,415,1757,403,97.11,4.23,97.5267,-0.4167000000000058,2.8926,0.0296595701484824,6610638.6483
2016,대학교,사립,기존,충북,유원대학교,자연과학계열,370,374,2025,360,96.26,5.41,98.76,-2.5,1.2885,0.013046780072904,8256969.7883
2016,대학교,사립,기존,대전,을지대학교,자연과학계열,147,147,2128,147,100.0,14.48,99.7157,0.2843000000000018,0.5011,0.00502528689063,10033003.3331
2016,대학교,사립,기존,경기,을지대학교 _제2캠퍼스,예체능계열,80,80,652,80,100.0,8.15,97.5538,2.4462000000000046,10.1763,0.1043147473496675,9152434.32
2016,대학교,사립,기존,경기,을지대학교 _제2캠퍼스,인문사회계열,160,161,2227,161,100.0,13.83,93.9248,6.075199999999995,17.0654,0.1816921622404306,8208537.840000001
2016,대학교,사립,기존,경기,을지대학교 _제2캠퍼스,자연과학계열,757,761,12010,755,99.21,15.78,99.5721,-0.3621000000000123,0.6665,0.0066936420945224,9009712.329699999
2016,대학교,사립,기존,서울,이화여자대학교,공학계열,328,328,3510,267,81.4,10.7,92.9893,-11.589299999999994,22.4563,0.241493376119618,9779742.8095
2016,대학교,사립,기존,서울,이화여자대학교,예체능계열,577,562,5472,217,38.61,9.74,97.5773,-58.9673,11.1761,0.1145358602871774,10339114.7046
2016,대학교,사립,기존,서울,이화여자대학교,인문사회계열,1479,1468,19565,1185,80.72,13.33,96.2332,-15.513199999999998,13.6176,0.1415062577156324,7792587.0852
2016,대학교,사립,기존,서울,이화여자대학교,자연과학계열,643,677,7788,645,95.27,11.5,96.5836,-1.313600000000008,13.2594,0.1372841766096935,9318137.3997
2016,대학교,사립,기존,경남,인제대학교,공학계열,650,652,3614,651,99.85,5.54,95.876,3.9739999999999895,7.3509,0.0766709082564979,7980644.8903
2016,대학교,사립,기존,경남,인제대학교,예체능계열,203,202,1142,202,100.0,5.65,98.1417,1.8583,4.1907,0.0427005034557175,7513880.3006
2016,대학교,사립,기존,경남,인제대학교,인문사회계열,839,843,4302,841,99.76,5.1,97.5357,2.2242999999999995,2.2125,0.0226840018577813,5895817.1405
2016,대학교,사립,기존,경남,인제대학교,자연과학계열,442,444,3243,443,99.77,7.3,99.4333,0.3366999999999933,0.7043,0.0070831401552598,7671029.549699999
2016,대학교,사립,기존,인천,인천가톨릭대학교,인문사회계열,25,25,33,23,92.0,1.32,97.2333,-5.2333,4.5347,0.0466373145825555,5270100.0
2016,대학교,사립,기존,인천,인천가톨릭대학교 _제2캠퍼스,예체능계열,115,115,504,115,100.0,4.38,100.0,0.0,0.0,0.0,8522931.1315
2016,대학교,사립,기존,인천,인천가톨릭대학교 _제2캠퍼스,자연과학계열,40,40,520,40,100.0,13.0,99.415,0.5849999999999937,0.8273,0.0083216818387567,8815150.0
2016,대학교,국립대법인,기존,인천,인천대학교,공학계열,1014,1016,7803,1015,99.9,7.68,99.9,0.0,0.0,0.0,5306574.6032
2016,대학교,국립대법인,기존,인천,인천대학교,예체능계열,252,255,3084,253,99.22,12.09,99.22,0.0,0.0,0.0,5003335.7143
2016,대학교,국립대법인,기존,인천,인천대학교,인문사회계열,988,992,8573,990,99.8,8.64,99.8,0.0,0.0,0.0,4275767.9643
2016,대학교,국립대법인,기존,인천,인천대학교,자연과학계열,275,275,2294,273,99.27,8.34,99.27,0.0,0.0,0.0,4649673.3333
2016,대학교,사립,기존,인천,인하대학교,공학계열,1416,1425,23736,1424,99.93,16.66,99.965,-0.0349999999999965,0.0495,0.0004951733106587,8865232.7213
2016,대학교,사립,기존,인천,인하대학교,예체능계열,200,201,2443,201,100.0,12.15,100.0,0.0,0.0,0.0,8788302.9549
2016,대학교,사립,기존,인천,인하대학교,인문사회계열,1317,1322,18301,1318,99.7,13.84,97.2333,2.466700000000003,4.5347,0.0466373145825555,7140757.6154
2016,대학교,사립,기존,인천,인하대학교,자연과학계열,507,512,9798,506,98.83,19.14,99.415,-0.585000000000008,0.8273,0.0083216818387567,8566799.591699999
2016,대학교,사립,기존,서울,장로회신학대학교,예체능계열,50,50,255,50,100.0,5.1,97.5773,2.422700000000006,11.1761,0.1145358602871774,8918550.0
2016,대학교,사립,기존,서울,장로회신학대학교,인문사회계열,100,100,334,100,100.0,3.34,96.2332,3.766800000000004,13.6176,0.1415062577156324,6324550.0
2016,대학교,국립,기존,광주,전남대학교,공학계열,787,788,5120,785,99.62,6.5,99.62,0.0,0.0,0.0,4425547.3805
2016,대학교,국립,기존,광주,전남대학교,예체능계열,220,221,698,221,100.0,3.16,100.0,0.0,0.0,0.0,4560547.618899999
2016,대학교,국립,기존,광주,전남대학교,인문사회계열,1094,1090,7320,1087,99.72,6.72,99.86,-0.1400000000000005,0.198,0.0019827758862407,3530621.9717
2016,대학교,국립,기존,광주,전남대학교,자연과학계열,1089,1096,7630,1096,100.0,6.96,100.0,0.0,0.0,0.0,4310425.5612
2016,대학교,국립,기존,전남,전남대학교 _제2캠퍼스,공학계열,287,289,1823,287,99.31,6.31,99.5575,-0.2475000000000022,0.1857,0.0018652537478341,4445227.0131
2016,대학교,국립,기존,전남,전남대학교 _제2캠퍼스,인문사회계열,247,249,1230,247,99.2,4.94,99.55,-0.3499999999999943,0.3279,0.0032938221998995,3683881.6160999998
2016,대학교,국립,기존,전남,전남대학교 _제2캠퍼스,자연과학계열,216,217,1123,217,100.0,5.18,99.47,0.5300000000000011,0.7674,0.0077148889112295,4146822.8571
2016,대학교,국립,기존,전북,전북대학교,공학계열,1381,1383,8658,1379,99.71,6.26,99.855,-0.1450000000000102,0.2051,0.0020539782684893,4610351.6372
2016,대학교,국립,기존,전북,전북대학교,예체능계열,187,187,790,186,99.47,4.22,99.735,-0.2650000000000005,0.3748,0.0037579585902642,4666828.571
2016,대학교,국립,기존,전북,전북대학교,인문사회계열,1180,1185,7272,1183,99.83,6.14,66.61,33.22,57.686,0.8660261222038733,3396788.9909999995
2016,대학교,국립,기존,전북,전북대학교,자연과학계열,1119,1121,7581,1118,99.73,6.76,99.75,-0.019999999999996,0.0283,0.0002837092731829,4434490.6007
2016,교육대학,국립,기존,전북,전주교육대학교,인문사회계열,285,285,1105,0,0.0,3.88,66.61,-66.61,57.686,0.8660261222038733,3363000.0
2016,대학교,사립,기존,전북,전주대학교,공학계열,525,525,4136,524,99.81,7.88,99.415,0.394999999999996,0.2646,0.0026615701855856,8233747.458
2016,대학교,사립,기존,전북,전주대학교,예체능계열,400,402,2120,401,99.75,5.27,78.5929,21.1571,39.0103,0.4963590858716245,7895991.7185
2016,대학교,사립,기존,전북,전주대학교,인문사회계열,1145,1151,7773,1147,99.65,6.75,99.76,-0.1099999999999994,0.2496,0.0025020048115477,6563347.2249
2016,대학교,사립,기존,전북,전주대학교,자연과학계열,495,498,4803,497,99.8,9.64,95.7614,4.038600000000002,9.8879,0.1032555915013773,7561820.089
2016,기술대학,사립,기존,서울,정석대학,공학계열,25,75,21,21,28.0,0.28,92.9893,-64.9893,22.4563,0.241493376119618,0.0
2016,기술대학,사립,기존,서울,정석대학,인문사회계열,0,25,25,25,100.0,1.0,96.2332,3.766800000000004,13.6176,0.1415062577156324,0.0
2016,대학교,사립,기존,제주,제주국제대학교,공학계열,200,200,297,166,83.0,1.48,83.0,0.0,0.0,0.0,6619315.251700001
2016,대학교,사립,기존,제주,제주국제대학교,예체능계열,225,225,235,132,58.67,1.04,58.67,0.0,0.0,0.0,6416281.3363
2016,대학교,사립,기존,제주,제주국제대학교,인문사회계열,340,340,694,259,76.18,2.04,76.18,0.0,0.0,0.0,6046847.771500001
2016,대학교,국립,기존,제주,제주대학교,공학계열,405,406,1978,403,99.26,4.87,99.26,0.0,0.0,0.0,4396723.9253
2016,대학교,국립,기존,제주,제주대학교,예체능계열,159,160,383,160,100.0,2.39,100.0,0.0,0.0,0.0,4279282.3033
2016,대학교,국립,기존,제주,제주대학교,인문사회계열,921,921,6474,917,99.57,7.03,99.57,0.0,0.0,0.0,3337737.6269
2016,대학교,국립,기존,제주,제주대학교,자연과학계열,649,650,3843,650,100.0,5.91,100.0,0.0,0.0,0.0,4202976.9812
2016,대학교,사립,기존,광주,조선대학교,공학계열,1414,1420,6939,1418,99.86,4.89,99.558,0.3019999999999925,0.7334,0.0073665601960666,7956486.772400001
2016,대학교,사립,기존,광주,조선대학교,예체능계열,484,484,2166,483,99.79,4.48,98.93,0.8599999999999994,2.0426,0.0206469220661073,7660610.115099999
2016,대학교,사립,기존,광주,조선대학교,인문사회계열,1755,1762,8213,1759,99.83,4.66,97.4575,2.3725000000000023,6.9868,0.0716907369879178,6194613.6739
2016,대학교,사립,기존,광주,조선대학교,자연과학계열,708,711,5559,709,99.72,7.82,99.52,0.2000000000000028,0.9073,0.0091167604501607,7556035.108
2016,대학교,사립,기존,충남,중부대학교,공학계열,445,444,2897,419,94.37,6.52,94.2879,0.0821000000000111,18.2818,0.1938933839867045,7877488.5838
2016,대학교,사립,기존,충남,중부대학교,예체능계열,385,385,4111,387,100.52,10.68,97.0577,3.462299999999999,8.4253,0.0868071260703684,8049557.456200001
2016,대학교,사립,기존,충남,중부대학교,인문사회계열,850,852,5925,822,96.48,6.95,93.7027,2.777300000000011,21.465,0.2290755762640778,6872869.2114
2016,대학교,사립,기존,충남,중부대학교,자연과학계열,308,309,1791,297,96.12,5.8,94.7654,1.354600000000005,16.2742,0.1717314547292577,7430537.0619
2016,대학교,사립,기존,서울,중앙대학교,공학계열,877,888,23974,882,99.32,27.0,92.9893,6.330699999999993,22.4563,0.241493376119618,9475354.7006
2016,대학교,사립,기존,서울,중앙대학교,예체능계열,30,130,5572,130,100.0,42.86,97.5773,2.422700000000006,11.1761,0.1145358602871774,9344610.0
2016,대학교,사립,기존,서울,중앙대학교,인문사회계열,1695,1712,35184,1701,99.36,20.55,96.2332,3.126800000000003,13.6176,0.1415062577156324,7381507.4074
2016,대학교,사립,기존,서울,중앙대학교,자연과학계열,530,534,13922,532,99.63,26.07,96.5836,3.046399999999992,13.2594,0.1372841766096935,9230688.0561
2016,대학교,사립,기존,경기,중앙대학교 _제2캠퍼스,예체능계열,312,741,8542,740,99.87,11.53,97.5538,2.316200000000009,10.1763,0.1043147473496675,9729359.533
2016,대학교,사립,기존,경기,중앙대학교 _제2캠퍼스,자연과학계열,356,358,2413,356,99.44,6.74,99.5721,-0.1321000000000083,0.6665,0.0066936420945224,8491900.0
2016,대학교,사립,기존,충북,중원대학교,공학계열,280,282,1461,276,97.87,5.18,98.5386,-0.6685999999999979,1.4198,0.0144085667951442,8080260.8619
2016,대학교,사립,기존,충북,중원대학교,예체능계열,145,147,495,147,100.0,3.37,98.5188,1.4812000000000012,2.2836,0.0231793322695769,7763567.868000001
2016,대학교,사립,기존,충북,중원대학교,인문사회계열,324,329,2038,325,98.78,6.19,97.5267,1.253299999999996,2.8926,0.0296595701484824,6537522.103
2016,대학교,사립,기존,충북,중원대학교,자연과학계열,295,297,1556,295,99.33,5.24,98.76,0.5699999999999932,1.2885,0.013046780072904,8069134.1912
2016,교육대학,국립,기존,경남,진주교육대학교,인문사회계열,319,321,2326,321,100.0,7.25,99.3075,0.6924999999999955,1.2178,0.0122629207260277,3530769.9099
2016,대학교,사립,기존,경기,차의과학대학교,인문사회계열,250,252,1217,251,99.6,4.83,93.9248,5.67519999999999,17.0654,0.1816921622404306,7450283.3333
2016,대학교,사립,기존,경기,차의과학대학교,자연과학계열,260,260,1714,260,100.0,6.59,99.5721,0.4278999999999939,0.6665,0.0066936420945224,7843679.7316
2016,대학교,사립,기존,경남,창신대학교,공학계열,85,87,427,72,82.76,4.91,95.876,-13.116,7.3509,0.0766709082564979,7609356.2853
2016,대학교,사립,기존,경남,창신대학교,예체능계열,77,77,234,69,89.61,3.04,98.1417,-8.5317,4.1907,0.0427005034557175,7269064.4947999995
2016,대학교,사립,기존,경남,창신대학교,인문사회계열,230,232,1204,218,93.97,5.19,97.5357,-3.5657000000000068,2.2125,0.0226840018577813,5842445.6301
2016,대학교,사립,기존,경남,창신대학교,자연과학계열,120,121,717,121,100.0,5.93,99.4333,0.5666999999999973,0.7043,0.0070831401552598,6878807.6282
2016,산업대학,사립,기존,충남,청운대학교,공학계열,245,246,2528,245,99.59,10.28,94.2879,5.30210000000001,18.2818,0.1938933839867045,7952545.4277
2016,산업대학,사립,기존,충남,청운대학교,예체능계열,400,404,3032,378,93.56,7.5,97.0577,-3.4976999999999947,8.4253,0.0868071260703684,8161234.729799999
2016,산업대학,사립,기존,충남,청운대학교,인문사회계열,660,655,4884,649,99.08,7.46,93.7027,5.377300000000005,21.465,0.2290755762640778,7025628.9501
2016,산업대학,사립,기존,충남,청운대학교,자연과학계열,115,116,1325,116,100.0,11.42,94.7654,5.2346,16.2742,0.1717314547292577,8086169.63
2016,교육대학,국립,기존,충북,청주교육대학교,인문사회계열,286,286,1956,0,0.0,6.84,74.835,-74.835,49.8902,0.6666693392129351,3323823.0769
2016,대학교,사립,기존,충북,청주대학교,공학계열,649,654,3545,648,99.08,5.42,98.5386,0.5413999999999959,1.4198,0.0144085667951442,8754289.9597
2016,대학교,사립,기존,충북,청주대학교,예체능계열,408,409,5160,400,97.8,12.62,98.5188,-0.7188000000000017,2.2836,0.0231793322695769,8631585.7241
2016,대학교,사립,기존,충북,청주대학교,인문사회계열,1183,1194,5461,1183,99.08,4.57,97.5267,1.553299999999993,2.8926,0.0296595701484824,7251282.4284
2016,대학교,사립,기존,충북,청주대학교,자연과학계열,532,533,3369,530,99.44,6.32,98.76,0.6799999999999926,1.2885,0.013046780072904,8339846.856900001
2016,대학교,사립,기존,전남,초당대학교,공학계열,125,125,944,125,100.0,7.55,95.1925,4.8075000000000045,9.615,0.1010058565538251,7345446.9833
2016,대학교,사립,기존,전남,초당대학교,예체능계열,145,145,367,137,94.48,2.53,92.89,1.5900000000000034,10.8565,0.1168747981483475,6816277.0534
2016,대학교,사립,기존,전남,초당대학교,인문사회계열,235,235,1183,237,100.85,5.03,75.55,25.3,34.6797,0.4590297816015883,5760803.647299999
2016,대학교,사립,기존,전남,초당대학교,자연과학계열,295,295,1768,291,98.64,5.99,91.272,7.367999999999995,18.7654,0.2055986501884477,6877806.615700001
2016,대학교,사립,기존,서울,총신대학교,예체능계열,60,60,450,60,100.0,7.5,97.5773,2.422700000000006,11.1761,0.1145358602871774,9334493.209999999
2016,대학교,사립,기존,서울,총신대학교,인문사회계열,300,301,1570,300,99.67,5.22,96.2332,3.436800000000005,13.6176,0.1415062577156324,7143588.522499999
2016,대학교,사립,기존,서울,추계예술대학교,예체능계열,225,227,2679,227,100.0,11.8,97.5773,2.422700000000006,11.1761,0.1145358602871774,9602286.838
2016,대학교,사립,기존,서울,추계예술대학교,인문사회계열,65,65,1168,64,98.46,17.97,96.2332,2.226799999999997,13.6176,0.1415062577156324,7307010.1865
2016,교육대학,국립,기존,강원,춘천교육대학교,인문사회계열,321,321,2643,0,0.0,8.23,79.572,-79.572,44.4897,0.5591125018850852,3269603.7791999998
2016,대학교,국립,기존,대전,충남대학교,공학계열,1018,1020,9050,1017,99.71,8.87,99.63,0.0799999999999983,0.1131,0.0011352002408912,4899340.2299999995
2016,대학교,국립,기존,대전,충남대학교,예체능계열,221,222,1012,221,99.55,4.56,99.775,-0.2250000000000085,0.3182,0.0031891756452017,4682638.889
2016,대학교,국립,기존,대전,충남대학교,인문사회계열,1159,1163,8952,1158,99.57,7.7,99.44,0.1299999999999954,0.1838,0.0018483507642799,3461409.6468
2016,대학교,국립,기존,대전,충남대학교,자연과학계열,1102,1103,10146,1102,99.91,9.2,99.91,0.0,0.0,0.0,4289067.3703000005
2016,대학교,국립,기존,충북,충북대학교,공학계열,901,902,7810,901,99.89,8.66,99.8233,0.0666999999999973,0.2178,0.0021818553383829,4666339.052399999
2016,대학교,국립,기존,충북,충북대학교,예체능계열,66,66,414,66,100.0,6.27,100.0,0.0,0.0,0.0,4497002.6665
2016,대학교,국립,기존,충북,충북대학교,인문사회계열,917,920,8397,917,99.67,9.13,74.835,24.835000000000008,49.8902,0.6666693392129351,3582758.2489
2016,대학교,국립,기존,충북,충북대학교,자연과학계열,901,901,7506,900,99.89,8.33,99.5967,0.2933000000000021,0.6058,0.0060825308469055,4441999.217499999
2016,대학교,사립,기존,경기,칼빈대학교,인문사회계열,81,81,189,76,93.83,2.33,93.9248,-0.0948000000000064,17.0654,0.1816921622404306,7350174.352
2016,대학교,사립,기존,경기,평택대학교,공학계열,90,90,800,89,98.89,8.89,97.56,1.3299999999999983,9.7554,0.0999938499384993,8425696.6
2016,대학교,사립,기존,경기,평택대학교,예체능계열,226,227,3521,228,100.44,15.51,97.5538,2.8862000000000023,10.1763,0.1043147473496675,9197230.512
2016,대학교,사립,기존,경기,평택대학교,인문사회계열,513,504,2813,506,100.4,5.58,93.9248,6.475200000000001,17.0654,0.1816921622404306,7159925.7535
2016,대학교,사립,기존,경기,평택대학교,자연과학계열,95,95,1029,95,100.0,10.83,99.5721,0.4278999999999939,0.6665,0.0066936420945224,8294379.7433
2016,대학교,사립,기존,경북,포항공과대학교,공학계열,250,252,1358,231,91.67,5.39,96.2025,-4.532499999999999,10.3229,0.1073038642446922,5890030.635
2016,대학교,국립,기존,경기,한경국립대학교,공학계열,636,640,3817,632,98.75,5.96,98.75,0.0,0.0,0.0,4174192.7188
2016,대학교,국립,기존,경기,한경국립대학교,예체능계열,78,79,355,79,100.0,4.49,100.0,0.0,0.0,0.0,4188322.6666
2016,대학교,국립,기존,경기,한경국립대학교,인문사회계열,199,199,1327,196,98.49,6.67,98.49,0.0,0.0,0.0,3663961.0
2016,대학교,국립,기존,경기,한경국립대학교,자연과학계열,299,299,2060,296,99.0,6.89,99.0,0.0,0.0,0.0,3981527.4545
2016,대학교,사립,기존,경기,한국공학대학교,공학계열,1132,1134,14266,1132,99.82,12.58,97.56,2.259999999999991,9.7554,0.0999938499384993,9584528.1612
2016,대학교,사립,기존,경기,한국공학대학교,인문사회계열,143,146,1570,146,100.0,10.75,93.9248,6.075199999999995,17.0654,0.1816921622404306,8740821.112
2016,대학교,특별법법인,기존,대전,한국과학기술원,공학계열,610,448,3480,464,103.57,7.77,103.57,0.0,0.0,0.0,6979464.285699999
2016,대학교,국립,기존,충북,한국교원대학교,공학계열,20,20,289,20,100.0,14.45,99.8233,0.1766999999999967,0.2178,0.0021818553383829,3602000.0
2016,대학교,국립,기존,충북,한국교원대학교,예체능계열,59,59,501,59,100.0,8.49,100.0,0.0,0.0,0.0,3803333.3329999996
2016,대학교,국립,기존,충북,한국교원대학교,인문사회계열,305,305,3480,304,99.67,11.41,74.835,24.835000000000008,49.8902,0.6666693392129351,2876736.3636
2016,대학교,국립,기존,충북,한국교원대학교,자연과학계열,162,162,1105,162,100.0,6.82,99.5967,0.4033000000000015,0.6058,0.0060825308469055,3511312.5
2016,대학교,사립,기존,충남,한국기술교육대학교,공학계열,720,720,4288,720,100.0,5.96,94.2879,5.712100000000007,18.2818,0.1938933839867045,4802551.0685
2016,대학교,사립,기존,충남,한국기술교육대학교,인문사회계열,126,126,601,126,100.0,4.77,93.7027,6.297300000000007,21.465,0.2290755762640778,3404779.3049999997
2016,방송통신대학,국립,기존,서울,한국방송통신대학교,공학계열,3300,3300,838,688,20.85,0.25,60.32,-39.47,55.819,0.925381299734748,1469650.7
2016,방송통신대학,국립,기존,서울,한국방송통신대학교,인문사회계열,45500,45500,18231,14091,30.97,0.4,76.6733,-45.7033,39.5807,0.5162253352862078,786481.72331
2016,방송통신대학,국립,기존,서울,한국방송통신대학교,자연과학계열,8900,8900,3077,2510,28.2,0.35,64.1,-35.89999999999999,50.7703,0.7920483619344775,731590.0
2016,대학교,사립,기존,서울,한국성서대학교,공학계열,35,34,308,34,100.0,9.06,92.9893,7.0107,22.4563,0.241493376119618,7827665.0
2016,대학교,사립,기존,서울,한국성서대학교,인문사회계열,160,159,864,160,100.63,5.43,96.2332,4.396799999999999,13.6176,0.1415062577156324,6970768.0
2016,대학교,사립,기존,서울,한국성서대학교,자연과학계열,45,45,784,44,97.78,17.42,96.5836,1.196399999999997,13.2594,0.1372841766096935,8179665.0
2016,각종학교(대학),특별법국립,기존,서울,한국예술종합학교,공학계열,20,20,106,16,80.0,5.3,80.0,0.0,0.0,0.0,4816720.0
2016,각종학교(대학),특별법국립,기존,서울,한국예술종합학교,예체능계열,506,506,11858,480,94.86,23.43,94.86,0.0,0.0,0.0,4851206.6667
2016,각종학교(대학),특별법국립,기존,서울,한국예술종합학교,인문사회계열,32,32,694,32,100.0,21.69,100.0,0.0,0.0,0.0,4850200.0
2016,대학교,사립,기존,서울,한국외국어대학교,공학계열,284,287,1762,284,98.95,6.14,92.9893,5.960700000000003,22.4563,0.241493376119618,8915992.8777
2016,대학교,사립,기존,서울,한국외국어대학교,인문사회계열,2835,2869,40227,2845,99.16,14.02,96.2332,2.9268,13.6176,0.1415062577156324,7379582.0342
2016,대학교,사립,기존,서울,한국외국어대학교,자연과학계열,258,263,1796,256,97.34,6.83,96.5836,0.7563999999999993,13.2594,0.1372841766096935,8349043.1207
2016,대학교,국립,기존,서울,한국체육대학교,예체능계열,590,591,2429,587,99.32,4.11,99.66,-0.3400000000000034,0.4808,0.0048244029700983,4168598.4249
2016,대학교,사립,기존,대전,한국침례신학대학교,예체능계열,65,65,150,65,100.0,2.31,99.9217,0.0782999999999987,0.1919,0.0019205037544397,8045784.3967
2016,대학교,사립,기존,대전,한국침례신학대학교,인문사회계열,295,295,629,295,100.0,2.13,94.3225,5.677499999999995,15.2158,0.161316758991757,6116929.8135
2016,대학교,사립,기존,경기,한국항공대학교,공학계열,597,599,5907,608,101.5,9.86,97.56,3.9399999999999977,9.7554,0.0999938499384993,9410669.8126
2016,대학교,사립,기존,경기,한국항공대학교,인문사회계열,120,122,1185,118,96.72,9.71,93.9248,2.795199999999994,17.0654,0.1816921622404306,7236665.1434
2016,대학교,사립,기존,경기,한국항공대학교,자연과학계열,144,142,2379,142,100.0,16.75,99.5721,0.4278999999999939,0.6665,0.0066936420945224,8998027.3567
2016,대학교,사립,기존,대전,한남대학교,공학계열,643,645,2852,641,99.38,4.42,99.7517,-0.3717000000000041,0.2437,0.0024430661332087,8590165.5659
2016,대학교,사립,기존,대전,한남대학교,예체능계열,225,225,1635,225,100.0,7.27,99.9217,0.0782999999999987,0.1919,0.0019205037544397,8449529.6739
2016,대학교,사립,기존,대전,한남대학교,인문사회계열,1518,1520,7225,1513,99.54,4.75,94.3225,5.217500000000001,15.2158,0.161316758991757,6797273.264
2016,대학교,사립,기존,대전,한남대학교,자연과학계열,349,351,1778,351,100.0,5.07,99.7157,0.2843000000000018,0.5011,0.00502528689063,7917873.799799999
2016,대학교,사립,기존,경북,한동대학교,인문사회계열,0,736,3783,734,99.73,5.14,85.94,13.790000000000006,27.7378,0.322757737956714,6320225.0
2016,대학교,사립,기존,강원,한라대학교,공학계열,500,500,2274,499,99.8,4.55,86.9757,12.824299999999994,31.3711,0.3606881002394921,7975056.5361
2016,대학교,사립,기존,강원,한라대학교,예체능계열,30,30,157,30,100.0,5.23,94.2543,5.745699999999999,14.7758,0.1567652616379306,8031978.495999999
2016,대학교,사립,기존,강원,한라대학교,인문사회계열,385,385,1945,385,100.0,5.05,85.7729,14.227099999999991,31.4624,0.366810496089091,6418224.5022
2016,대학교,사립,기존,강원,한림대학교,공학계열,237,237,1335,235,99.16,5.63,86.9757,12.184299999999991,31.3711,0.3606881002394921,8800964.4806
2016,대학교,사립,기존,강원,한림대학교,예체능계열,53,53,347,53,100.0,6.55,94.2543,5.745699999999999,14.7758,0.1567652616379306,8687647.0
2016,대학교,사립,기존,강원,한림대학교,인문사회계열,860,863,4927,860,99.65,5.71,85.7729,13.8771,31.4624,0.366810496089091,7236342.6677
2016,대학교,사립,기존,강원,한림대학교,자연과학계열,561,562,4596,456,81.14,8.18,87.1229,-5.982900000000001,15.8482,0.1819062496771801,8527291.877
2016,대학교,사립,기존,충남,한서대학교,공학계열,403,403,2945,398,98.76,7.31,94.2879,4.472100000000012,18.2818,0.1938933839867045,8730890.029099999
2016,대학교,사립,기존,충남,한서대학교,예체능계열,390,391,3053,389,99.49,7.81,97.0577,2.432299999999998,8.4253,0.0868071260703684,8385486.8201
2016,대학교,사립,기존,충남,한서대학교,인문사회계열,390,390,6450,383,98.21,16.54,93.7027,4.507300000000001,21.465,0.2290755762640778,7192987.519400001
2016,대학교,사립,기존,충남,한서대학교,자연과학계열,445,445,3699,440,98.88,8.31,94.7654,4.114599999999996,16.2742,0.1717314547292577,8123223.5722
2016,대학교,사립,기존,서울,한성대학교,공학계열,441,443,7053,441,99.55,15.92,92.9893,6.560699999999997,22.4563,0.241493376119618,8768827.9182
2016,대학교,사립,기존,서울,한성대학교,예체능계열,346,347,5066,346,99.71,14.6,97.5773,2.1327,11.1761,0.1145358602871774,9000205.2592
2016,대학교,사립,기존,서울,한성대학교,인문사회계열,693,697,8398,697,100.0,12.05,96.2332,3.766800000000004,13.6176,0.1415062577156324,6929109.3287
2016,대학교,사립,기존,경기,한세대학교,공학계열,50,51,284,51,100.0,5.57,97.56,2.4399999999999977,9.7554,0.0999938499384993,9457653.465
2016,대학교,사립,기존,경기,한세대학교,예체능계열,192,190,3016,186,97.89,15.87,97.5538,0.3362000000000051,10.1763,0.1043147473496675,10095622.021
2016,대학교,사립,기존,경기,한세대학교,인문사회계열,323,331,2368,328,99.09,7.15,93.9248,5.165199999999999,17.0654,0.1816921622404306,7724254.7204
2016,대학교,사립,기존,경기,한세대학교,자연과학계열,25,26,235,26,100.0,9.04,99.5721,0.4278999999999939,0.6665,0.0066936420945224,8855625.0
2016,대학교,사립,기존,경기,한신대학교,공학계열,227,227,2543,225,99.12,11.2,97.56,1.5600000000000025,9.7554,0.0999938499384993,8664905.3335
2016,대학교,사립,기존,경기,한신대학교,예체능계열,35,35,369,33,94.29,10.54,97.5538,-3.263799999999989,10.1763,0.1043147473496675,8421620.0
2016,대학교,사립,기존,경기,한신대학교,인문사회계열,846,848,7734,845,99.65,9.12,93.9248,5.725200000000001,17.0654,0.1816921622404306,7318036.6787
2016,대학교,사립,기존,경기,한신대학교,자연과학계열,82,83,799,83,100.0,9.63,99.5721,0.4278999999999939,0.6665,0.0066936420945224,7953270.0
2016,대학교,사립,기존,서울,한양대학교,공학계열,1083,1090,27771,1083,99.36,25.48,92.9893,6.370699999999999,22.4563,0.241493376119618,9886809.9748
2016,대학교,사립,기존,서울,한양대학교,예체능계열,297,298,10181,297,99.66,34.16,97.5773,2.0827000000000027,11.1761,0.1145358602871774,10221140.977500001
2016,대학교,사립,기존,서울,한양대학교,인문사회계열,1001,1003,24711,999,99.6,24.64,96.2332,3.366799999999998,13.6176,0.1415062577156324,7785873.2256
2016,대학교,사립,기존,서울,한양대학교,자연과학계열,436,435,11765,433,99.54,27.05,96.5836,2.956400000000002,13.2594,0.1372841766096935,9004722.0955
2016,대학교,사립,기존,전북,한일장신대학교,예체능계열,32,32,45,0,0.0,1.41,78.5929,-78.5929,39.0103,0.4963590858716245,7461399.9667
2016,대학교,사립,기존,전북,한일장신대학교,인문사회계열,155,152,201,152,100.0,1.32,99.76,0.2399999999999948,0.2496,0.0025020048115477,5942602.783299999
2016,대학교,사립,기존,전북,한일장신대학교,자연과학계열,52,52,370,51,98.08,7.12,95.7614,2.3186000000000035,9.8879,0.1032555915013773,7150600.0
2016,대학교,사립,기존,경기,협성대학교,공학계열,125,125,1130,125,100.0,9.04,97.56,2.4399999999999977,9.7554,0.0999938499384993,9064963.578
2016,대학교,사립,기존,경기,협성대학교,예체능계열,205,202,1254,201,99.5,6.21,97.5538,1.9462000000000048,10.1763,0.1043147473496675,8932144.9822
2016,대학교,사립,기존,경기,협성대학교,인문사회계열,685,685,5067,683,99.71,7.4,93.9248,5.785199999999989,17.0654,0.1816921622404306,6984830.553
2016,대학교,사립,기존,경기,협성대학교,자연과학계열,45,45,478,44,97.78,10.62,99.5721,-1.792100000000005,0.6665,0.0066936420945224,8927765.47
2016,대학교,사립,기존,광주,호남대학교,공학계열,312,318,1842,318,100.0,5.79,99.558,0.441999999999993,0.7334,0.0073665601960666,7187440.045700001
2016,대학교,사립,기존,광주,호남대학교,예체능계열,277,279,1244,279,100.0,4.46,98.93,1.0699999999999932,2.0426,0.0206469220661073,7116263.2773
2016,대학교,사립,기존,광주,호남대학교,인문사회계열,589,595,3832,593,99.66,6.44,97.4575,2.202500000000001,6.9868,0.0716907369879178,6169440.701199999
2016,대학교,사립,기존,광주,호남대학교,자연과학계열,384,391,4001,391,100.0,10.23,99.52,0.480000000000004,0.9073,0.0091167604501607,7047684.2058
2016,대학교,사립,기존,광주,호남신학대학교,예체능계열,50,50,95,50,100.0,1.9,98.93,1.0699999999999932,2.0426,0.0206469220661073,8219966.62
2016,대학교,사립,기존,광주,호남신학대학교,인문사회계열,110,110,130,89,80.91,1.18,97.4575,-16.5475,6.9868,0.0716907369879178,6059537.995
2016,대학교,사립,기존,충남,호서대학교,공학계열,1103,1107,8304,1106,99.91,7.5,94.2879,5.622100000000003,18.2818,0.1938933839867045,8562796.841400001
2016,대학교,사립,기존,충남,호서대학교,예체능계열,383,383,5019,382,99.74,13.1,97.0577,2.682299999999998,8.4253,0.0868071260703684,8450587.001600001
2016,대학교,사립,기존,충남,호서대학교,인문사회계열,1057,1065,8759,1058,99.34,8.22,93.7027,5.63730000000001,21.465,0.2290755762640778,7180762.862000001
2016,대학교,사립,기존,충남,호서대학교,자연과학계열,383,384,3959,382,99.48,10.31,94.7654,4.714600000000004,16.2742,0.1717314547292577,8042013.218799999
2016,산업대학,사립,기존,전북,호원대학교,공학계열,273,273,1434,271,99.27,5.25,99.415,-0.1450000000000102,0.2646,0.0026615701855856,7357384.1281
2016,산업대학,사립,기존,전북,호원대학교,예체능계열,350,350,11851,347,99.14,33.86,78.5929,20.5471,39.0103,0.4963590858716245,7355849.6809
2016,산업대학,사립,기존,전북,호원대학교,인문사회계열,378,378,2154,377,99.74,5.7,99.76,-0.0200000000000102,0.2496,0.0025020048115477,6014201.2687
2016,산업대학,사립,기존,전북,호원대학교,자연과학계열,277,277,2556,275,99.28,9.23,95.7614,3.5186000000000064,9.8879,0.1032555915013773,7404782.151800001
2016,대학교,사립,기존,서울,홍익대학교,공학계열,1040,1335,16742,1326,99.33,12.54,92.9893,6.340699999999998,22.4563,0.241493376119618,9592294.287
2016,대학교,사립,기존,서울,홍익대학교,예체능계열,500,398,3161,398,100.0,7.94,97.5773,2.422700000000006,11.1761,0.1145358602871774,9740720.0
2016,대학교,사립,기존,서울,홍익대학교,인문사회계열,890,732,10104,718,98.09,13.8,96.2332,1.856800000000007,13.6176,0.1415062577156324,7510320.0
2016,대학교,사립,기존,서울,홍익대학교,자연과학계열,40,41,669,39,95.12,16.32,96.5836,-1.4635999999999996,13.2594,0.1372841766096935,7510320.0
2016,대학교,사립,기존,경기,화성의과학대학교,공학계열,60,63,239,34,53.97,3.79,97.56,-43.59,9.7554,0.0999938499384993,7031550.0
2016,대학교,사립,기존,경기,화성의과학대학교,예체능계열,50,50,152,24,48.0,3.04,97.5538,-49.5538,10.1763,0.1043147473496675,7319160.0
2016,대학교,사립,기존,경기,화성의과학대학교,인문사회계열,128,133,684,81,60.9,5.14,93.9248,-33.024800000000006,17.0654,0.1816921622404306,6860215.0
2016,대학교,사립,기존,경기,화성의과학대학교,자연과학계열,40,41,305,41,100.0,7.44,99.5721,0.4278999999999939,0.6665,0.0066936420945224,8430750.0
2017,대학교,사립,기존,경남,가야대학교(김해),인문사회계열,231,232,1184,213,91.81,5.1,95.51,-3.700000000000003,5.4298,0.056850591561093,6285689.1713
2017,대학교,사립,기존,경남,가야대학교(김해),자연과학계열,379,379,3121,367,96.83,8.23,99.3267,-2.496700000000004,1.3235,0.0133247153081699,7510269.5528
2017,대학교,사립,기존,경기,가천대학교,공학계열,1160,1163,20589,1161,99.83,17.7,97.93,1.8999999999999917,8.1437,0.083158378433575,9498716.345900001
2017,대학교,사립,기존,경기,가천대학교,예체능계열,400,399,8901,398,99.75,22.31,97.4308,2.319199999999995,9.0321,0.0927027182369435,9407052.0164
2017,대학교,사립,기존,경기,가천대학교,인문사회계열,1456,1460,20504,1460,100.0,14.04,93.3506,6.6494,17.0845,0.1830143566297377,7554649.974599999
2017,대학교,사립,기존,경기,가천대학교,자연과학계열,738,741,14646,739,99.73,19.77,99.5817,0.1483000000000061,0.7173,0.0072031306957001,8922657.2178
2017,대학교,사립,기존,강원,가톨릭관동대학교,예체능계열,420,420,1888,401,95.48,4.5,89.2486,6.231400000000008,21.1455,0.2369280862668994,8425735.2889
2017,대학교,사립,기존,강원,가톨릭관동대학교,인문사회계열,988,1002,4150,996,99.4,4.14,86.9875,12.412500000000009,30.8286,0.3544026440580543,6447164.3977
2017,대학교,사립,기존,강원,가톨릭관동대학교,자연과학계열,282,285,2494,284,99.65,8.75,94.5543,5.095700000000008,13.1063,0.1386113587642233,7854516.76
2017,대학교,사립,기존,충북,가톨릭꽃동네대학교,인문사회계열,68,68,154,68,100.0,2.26,92.01,7.989999999999995,16.4752,0.1790587979567438,7015880.82
2017,대학교,사립,기존,충북,가톨릭꽃동네대학교,자연과학계열,40,40,217,40,100.0,5.42,98.4137,1.5862999999999945,2.5098,0.0255025469014984,8202801.470000001
2017,대학교,사립,기존,경기,가톨릭대학교,공학계열,313,314,2801,314,100.0,8.92,97.93,2.069999999999993,8.1437,0.083158378433575,8636128.5231
2017,대학교,사립,기존,경기,가톨릭대학교,예체능계열,50,50,323,50,100.0,6.46,97.4308,2.569199999999995,9.0321,0.0927027182369435,9147100.0
2017,대학교,사립,기존,경기,가톨릭대학교,인문사회계열,833,836,8214,827,98.92,9.83,93.3506,5.569400000000002,17.0845,0.1830143566297377,6477322.5715
2017,대학교,사립,기존,경기,가톨릭대학교,자연과학계열,266,269,1939,267,99.26,7.21,99.5817,-0.3216999999999927,0.7173,0.0072031306957001,7654238.948000001
2017,대학교,사립,기존,서울,가톨릭대학교 _제2캠퍼스,자연과학계열,145,145,3778,145,100.0,26.06,98.1771,1.822900000000004,6.9116,0.0703993090038308,9181500.0
2017,대학교,사립,기존,서울,가톨릭대학교 _제3캠퍼스,인문사회계열,60,60,51,41,68.33,0.85,96.8637,-28.5337,8.7752,0.0905932769448204,6707100.0
2017,대학교,사립,기존,서울,감리교신학대학교,인문사회계열,200,206,337,191,92.72,1.64,96.8637,-4.143699999999996,8.7752,0.0905932769448204,6279599.75
2017,대학교,사립,기존,경기,강남대학교,공학계열,358,361,1854,354,98.06,5.14,97.93,0.1299999999999954,8.1437,0.083158378433575,9140874.447900001
2017,대학교,사립,기존,경기,강남대학교,예체능계열,152,152,1695,150,98.68,11.15,97.4308,1.249200000000002,9.0321,0.0927027182369435,9773847.301199999
2017,대학교,사립,기존,경기,강남대학교,인문사회계열,1003,1012,6817,1006,99.41,6.74,93.3506,6.059399999999997,17.0845,0.1830143566297377,7289774.088500001
2017,대학교,사립,기존,서울,강서대학교,예체능계열,35,35,233,35,100.0,6.66,97.547,2.453000000000003,11.97,0.1227100782187048,8329527.498299999
2017,대학교,사립,기존,서울,강서대학교,인문사회계열,205,208,823,206,99.04,3.96,96.8637,2.176300000000012,8.7752,0.0905932769448204,6487835.2793
2017,대학교,국립,기존,강원,강원대학교,공학계열,687,694,6161,692,99.71,8.88,99.6,0.1099999999999994,0.3751,0.0037660642570281,4457172.4838
2017,대학교,국립,기존,강원,강원대학교,예체능계열,159,160,609,160,100.0,3.81,100.0,0.0,0.0,0.0,4624889.696799999
2017,대학교,국립,기존,강원,강원대학교,인문사회계열,1019,1023,7750,1017,99.41,7.58,79.67,19.739999999999995,44.5381,0.5590322580645161,3504016.7071999996
2017,대학교,국립,기존,강원,강원대학교,자연과학계열,1093,1097,8874,1088,99.18,8.09,98.95,0.2300000000000039,1.1026,0.0111430015159171,4236508.0345
2017,대학교,국립,기존,강원,강원대학교 _제2캠퍼스,공학계열,773,779,3499,772,99.1,4.49,99.6,-0.5,0.3751,0.0037660642570281,4473097.386
2017,대학교,국립,기존,강원,강원대학교 _제2캠퍼스,예체능계열,205,205,910,205,100.0,4.44,100.0,0.0,0.0,0.0,4616720.0
2017,대학교,국립,기존,강원,강원대학교 _제2캠퍼스,인문사회계열,233,234,1097,232,99.15,4.69,79.67,19.480000000000004,44.5381,0.5590322580645161,3565585.4211999997
2017,대학교,국립,기존,강원,강원대학교 _제2캠퍼스,자연과학계열,318,320,2143,319,99.69,6.7,98.95,0.7399999999999949,1.1026,0.0111430015159171,4266800.0
2017,대학교,사립,기존,서울,건국대학교,공학계열,1217,1221,17236,1217,99.67,14.12,95.3907,4.279300000000006,15.5975,0.163511746952271,9615578.0033
2017,대학교,사립,기존,서울,건국대학교,예체능계열,302,302,6614,302,100.0,21.9,97.547,2.453000000000003,11.97,0.1227100782187048,9507387.3809
2017,대학교,사립,기존,서울,건국대학교,인문사회계열,954,961,17029,925,96.25,17.72,96.8637,-0.6136999999999944,8.7752,0.0905932769448204,7406855.6382
2017,대학교,사립,기존,서울,건국대학교,자연과학계열,527,530,7478,528,99.62,14.11,98.1771,1.4429000000000087,6.9116,0.0703993090038308,8611997.719
2017,대학교,사립,기존,충남,건양대학교,공학계열,260,260,1741,258,99.23,6.7,92.7829,6.447100000000006,24.8602,0.2679394586718027,7466888.94
2017,대학교,사립,기존,충남,건양대학교,예체능계열,60,60,342,60,100.0,5.7,96.2438,3.756200000000007,17.3753,0.1805342266203121,7139887.0
2017,대학교,사립,기존,충남,건양대학교,인문사회계열,520,520,3519,520,100.0,6.77,93.3347,6.665300000000002,23.0789,0.2472703078276354,6218394.6082999995
2017,대학교,사립,기존,충남,건양대학교,자연과학계열,120,121,882,119,98.35,7.29,96.4246,1.925399999999996,10.2411,0.1062083742115601,7249258.95
2017,대학교,사립,기존,대전,건양대학교 _제2캠퍼스,자연과학계열,513,513,3748,513,100.0,7.31,99.9171,0.082899999999995,0.2192,0.0021938186756821,7573915.607799999
2017,대학교,사립,기존,경기,경기대학교,공학계열,720,721,8378,721,100.0,11.62,97.93,2.069999999999993,8.1437,0.083158378433575,8677932.0227
2017,대학교,사립,기존,경기,경기대학교,예체능계열,364,365,2829,365,100.0,7.75,97.4308,2.569199999999995,9.0321,0.0927027182369435,8344889.3133000005
2017,대학교,사립,기존,경기,경기대학교,인문사회계열,1300,1304,14607,1302,99.85,11.2,93.3506,6.499399999999994,17.0845,0.1830143566297377,6778169.8632
2017,대학교,사립,기존,경기,경기대학교,자연과학계열,214,216,2283,216,100.0,10.57,99.5817,0.4183000000000021,0.7173,0.0072031306957001,7740670.0428
2017,대학교,사립,기존,서울,경기대학교 _제2캠퍼스,예체능계열,102,103,4200,102,99.03,40.78,97.547,1.483000000000004,11.97,0.1227100782187048,8697898.9826
2017,대학교,사립,기존,서울,경기대학교 _제2캠퍼스,인문사회계열,188,188,2896,187,99.47,15.4,96.8637,2.6063000000000045,8.7752,0.0905932769448204,6813704.331499999
2017,대학교,사립,기존,경남,경남대학교,공학계열,845,853,4398,850,99.65,5.16,95.872,3.778000000000006,7.9176,0.0825851134846462,7781344.8198
2017,대학교,사립,기존,경남,경남대학교,예체능계열,260,262,1386,260,99.24,5.29,99.665,-0.4250000000000113,0.5416,0.0054342045853609,7717796.255
2017,대학교,사립,기존,경남,경남대학교,인문사회계열,1485,1497,6757,1453,97.06,4.51,95.51,1.5499999999999972,5.4298,0.056850591561093,5967887.922900001
2017,대학교,사립,기존,경남,경남대학교,자연과학계열,340,345,3714,341,98.84,10.77,99.3267,-0.486699999999999,1.3235,0.0133247153081699,6713197.6832
2017,대학교,사립,기존,강원,경동대학교,인문사회계열,357,359,1787,356,99.16,4.98,86.9875,12.1725,30.8286,0.3544026440580543,6333495.1069
2017,대학교,사립,기존,강원,경동대학교 _제3캠퍼스,자연과학계열,805,778,4983,777,99.87,6.4,94.5543,5.315700000000007,13.1063,0.1386113587642233,8929337.9875
2017,대학교,사립,기존,경기,경동대학교 _제4캠퍼스,공학계열,66,66,379,66,100.0,5.74,97.93,2.069999999999993,8.1437,0.083158378433575,8421344.4806
2017,대학교,사립,기존,경기,경동대학교 _제4캠퍼스,예체능계열,33,33,159,33,100.0,4.82,97.4308,2.569199999999995,9.0321,0.0927027182369435,8628353.155
2017,대학교,사립,기존,경기,경동대학교 _제4캠퍼스,인문사회계열,201,197,923,197,100.0,4.69,93.3506,6.6494,17.0845,0.1830143566297377,6942094.8775
2017,대학교,국립,기존,대구,경북대학교,공학계열,1537,1543,14084,1534,99.42,9.13,99.42,0.0,0.0,0.0,4688370.0997
2017,대학교,국립,기존,대구,경북대학교,예체능계열,253,254,2043,254,100.0,8.04,100.0,0.0,0.0,0.0,4751584.643099999
2017,대학교,국립,기존,대구,경북대학교,인문사회계열,1292,1295,15774,1286,99.31,12.18,49.655,49.655,70.2228,1.4142140771322125,3685997.8326
2017,대학교,국립,기존,대구,경북대학교,자연과학계열,1481,1488,17852,1477,99.26,12.0,99.26,0.0,0.0,0.0,4518346.509000001
2017,대학교,국립,기존,경남,경상국립대학교,공학계열,908,909,7497,908,99.89,8.25,99.6433,0.2467000000000041,0.245,0.0024587704341385,4376283.586200001
2017,대학교,국립,기존,경남,경상국립대학교,예체능계열,88,88,958,88,100.0,10.89,99.6267,0.3733000000000004,0.6466,0.0064902280212031,4239314.2857
2017,대학교,국립,기존,경남,경상국립대학교,인문사회계열,1030,1030,7162,1029,99.9,6.95,74.705,25.195000000000007,49.8038,0.6666729134596079,3362927.6851999997
2017,대학교,국립,기존,경남,경상국립대학교,자연과학계열,983,984,6954,984,100.0,7.07,100.0,0.0,0.0,0.0,4217432.2111
2017,대학교,사립,기존,부산,경성대학교,공학계열,655,656,4278,649,98.93,6.52,99.8022,-0.8721999999999923,0.7645,0.0076601517802212,7650945.4236
2017,대학교,사립,기존,부산,경성대학교,예체능계열,535,537,4907,536,99.81,9.14,100.4344,-0.6243999999999943,1.1365,0.0113158439737779,7519741.2529
2017,대학교,사립,기존,부산,경성대학교,인문사회계열,1275,1282,6603,1281,99.92,5.15,99.128,0.7920000000000016,2.741,0.0276511177467516,5636320.983
2017,대학교,사립,기존,부산,경성대학교,자연과학계열,275,274,1844,274,100.0,6.73,100.171,-0.1710000000000064,0.6516,0.0065048766609098,7042399.8188
2017,대학교,사립,기존,경북,경운대학교,공학계열,452,452,3132,452,100.0,6.93,93.0717,6.928299999999993,17.6451,0.1895860933022605,8434946.917
2017,대학교,사립,기존,경북,경운대학교,예체능계열,143,143,629,143,100.0,4.4,94.5577,5.442300000000003,11.2612,0.1190934212655341,8346643.403299999
2017,대학교,사립,기존,경북,경운대학교,인문사회계열,194,194,1855,194,100.0,9.56,87.9947,12.005300000000004,27.9084,0.3171600107733761,6482449.6208
2017,대학교,사립,기존,경북,경운대학교,자연과학계열,395,395,2950,395,100.0,7.47,90.7031,9.296899999999994,13.7278,0.1513487411124867,8266151.0162
2017,교육대학,국립,기존,인천,경인교육대학교,인문사회계열,598,598,2428,0,0.0,4.06,0.0,0.0,0.0,0.0,3271700.0
2017,대학교,사립,기존,경북,경일대학교,공학계열,774,774,3352,773,99.87,4.33,93.0717,6.798299999999998,17.6451,0.1895860933022605,8063098.633300001
2017,대학교,사립,기존,경북,경일대학교,예체능계열,235,235,1143,235,100.0,4.86,94.5577,5.442300000000003,11.2612,0.1190934212655341,8240672.462
2017,대학교,사립,기존,경북,경일대학교,인문사회계열,330,330,1620,330,100.0,4.91,87.9947,12.005300000000004,27.9084,0.3171600107733761,6011241.1915
2017,대학교,사립,기존,경북,경일대학교,자연과학계열,245,245,1701,245,100.0,6.94,90.7031,9.296899999999994,13.7278,0.1513487411124867,8087560.359999999
2017,대학교,사립,기존,서울,경희대학교,공학계열,1027,1032,17296,1026,99.42,16.76,95.3907,4.029300000000006,15.5975,0.163511746952271,9062900.8118
2017,대학교,사립,기존,서울,경희대학교,예체능계열,857,858,14529,849,98.95,16.93,97.547,1.4030000000000058,11.97,0.1227100782187048,9093880.5616
2017,대학교,사립,기존,서울,경희대학교,인문사회계열,1712,1716,30861,1708,99.53,17.98,96.8637,2.6663000000000068,8.7752,0.0905932769448204,7020760.193299999
2017,대학교,사립,기존,서울,경희대학교,자연과학계열,1067,1068,27393,1064,99.63,25.65,98.1771,1.4528999999999996,6.9116,0.0703993090038308,9144368.442
2017,대학교,사립,기존,대구,계명대학교,공학계열,889,899,7260,899,100.0,8.08,100.0,0.0,0.0,0.0,8636768.3534
2017,대학교,사립,기존,대구,계명대학교,예체능계열,838,839,6236,839,100.0,7.43,100.0,0.0,0.0,0.0,9011425.9595
2017,대학교,사립,기존,대구,계명대학교,인문사회계열,2272,2292,15157,2288,99.83,6.61,99.83,0.0,0.0,0.0,6457470.102
2017,대학교,사립,기존,대구,계명대학교,자연과학계열,606,608,5872,608,100.0,9.66,100.0,0.0,0.0,0.0,8435864.7963
2017,대학교,사립,기존,서울,고려대학교,공학계열,868,869,19520,869,100.0,22.46,95.3907,4.609300000000005,15.5975,0.163511746952271,10263376.970199998
2017,대학교,사립,기존,서울,고려대학교,예체능계열,130,130,847,130,100.0,6.52,97.547,2.453000000000003,11.97,0.1227100782187048,9756025.0
2017,대학교,사립,기존,서울,고려대학교,인문사회계열,1910,1912,32184,1911,99.95,16.83,96.8637,3.0863000000000085,8.7752,0.0905932769448204,7818372.1143000005
2017,대학교,사립,기존,서울,고려대학교,자연과학계열,891,901,17231,901,100.0,19.12,98.1771,1.822900000000004,6.9116,0.0703993090038308,9244785.5519
2017,대학교,사립,기존,부산,고신대학교,예체능계열,100,100,342,100,100.0,3.42,100.4344,-0.4343999999999965,1.1365,0.0113158439737779,7094279.383400001
2017,대학교,사립,기존,부산,고신대학교,인문사회계열,410,409,1198,409,100.0,2.93,99.128,0.8719999999999999,2.741,0.0276511177467516,6037009.5498
2017,대학교,사립,기존,부산,고신대학교,자연과학계열,376,377,2335,377,100.0,6.19,100.171,-0.1710000000000064,0.6516,0.0065048766609098,7019851.817300001
2017,교육대학,국립,기존,충남,공주교육대학교,인문사회계열,354,356,1884,0,0.0,5.29,62.88,-62.88,54.7257,0.8703196564885496,3495600.0
2017,대학교,사립,기존,광주,광신대학교,예체능계열,33,33,42,32,96.97,1.27,99.57,-2.5999999999999943,1.0603,0.0106487897961233,7313600.0
2017,대학교,사립,기존,광주,광신대학교,인문사회계열,104,104,155,103,99.04,1.49,97.18,1.8599999999999997,6.6911,0.0688526445770734,5881136.6667
2017,대학교,사립,기존,서울,광운대학교,공학계열,916,917,11648,916,99.89,12.7,95.3907,4.499300000000005,15.5975,0.163511746952271,9012613.2986
2017,대학교,사립,기존,서울,광운대학교,예체능계열,37,37,254,37,100.0,6.86,97.547,2.453000000000003,11.97,0.1227100782187048,8091060.0
2017,대학교,사립,기존,서울,광운대학교,인문사회계열,592,593,8305,591,99.66,14.01,96.8637,2.7963000000000022,8.7752,0.0905932769448204,7257474.812299999
2017,대학교,사립,기존,서울,광운대학교,자연과학계열,139,140,1784,140,100.0,12.74,98.1771,1.822900000000004,6.9116,0.0703993090038308,8069300.0
2017,대학교,사립,기존,전남,광주가톨릭대학교,인문사회계열,40,40,26,26,65.0,0.65,71.1257,-6.125699999999995,39.0943,0.5496508294470213,0.0
2017,대학교,특별법법인,기존,광주,광주과학기술원,자연과학계열,200,200,3256,199,99.5,16.28,99.5,0.0,0.0,0.0,2060000.0
2017,교육대학,국립,기존,광주,광주교육대학교,인문사회계열,326,326,2294,325,99.69,7.04,99.845,-0.1550000000000011,0.2192,0.0021954028744554,3561568.8939000005
2017,대학교,사립,기존,광주,광주대학교,공학계열,391,391,1572,390,99.74,4.02,97.242,2.4979999999999905,5.3015,0.0545186236399909,7148774.7744
2017,대학교,사립,기존,광주,광주대학교,예체능계열,245,245,984,244,99.59,4.02,99.57,0.0200000000000102,1.0603,0.0106487897961233,7180216.521600001
2017,대학교,사립,기존,광주,광주대학교,인문사회계열,808,815,4001,814,99.88,4.91,97.18,2.6999999999999886,6.6911,0.0688526445770734,6237843.4172
2017,대학교,사립,기존,광주,광주대학교,자연과학계열,200,201,1565,201,100.0,7.79,99.6017,0.3983000000000061,0.4264,0.004281051427837,7147299.8005
2017,대학교,사립,기존,광주,광주여자대학교,예체능계열,170,170,584,170,100.0,3.44,99.57,0.4300000000000068,1.0603,0.0106487897961233,7042364.784100001
2017,대학교,사립,기존,광주,광주여자대학교,인문사회계열,375,375,2526,374,99.73,6.74,97.18,2.549999999999997,6.6911,0.0688526445770734,5919095.5885
2017,대학교,사립,기존,광주,광주여자대학교,자연과학계열,350,350,2484,349,99.71,7.1,99.6017,0.1082999999999998,0.4264,0.004281051427837,6857260.337199999
2017,대학교,국립,기존,경북,국립경국대학교,공학계열,431,432,2670,429,99.31,6.18,99.565,-0.2549999999999954,0.3606,0.003621754632652,4207117.9364
2017,대학교,국립,기존,경북,국립경국대학교,예체능계열,93,93,356,93,100.0,3.83,100.0,0.0,0.0,0.0,4242776.6667
2017,대학교,국립,기존,경북,국립경국대학교,인문사회계열,509,514,2281,513,99.81,4.44,101.155,-1.3449999999999989,1.9021,0.018803815926054,3331591.5555
2017,대학교,국립,기존,경북,국립경국대학교,자연과학계열,423,427,2290,425,99.53,5.36,99.765,-0.2349999999999994,0.3323,0.0033308274444945,3851895.9477
2017,대학교,사립,기존,서울,국민대학교,공학계열,394,895,6051,894,99.89,6.76,95.3907,4.499300000000005,15.5975,0.163511746952271,9143824.7236
2017,대학교,사립,기존,서울,국민대학교,예체능계열,458,549,6819,547,99.64,12.42,97.547,2.0930000000000035,11.97,0.1227100782187048,9374498.059099998
2017,대학교,사립,기존,서울,국민대학교,인문사회계열,869,1141,10254,1138,99.74,8.99,96.8637,2.8763000000000005,8.7752,0.0905932769448204,7326064.474400001
2017,대학교,사립,기존,서울,국민대학교,자연과학계열,289,290,2595,290,100.0,8.95,98.1771,1.822900000000004,6.9116,0.0703993090038308,8362875.9425
2017,대학교,사립,기존,충북,극동대학교,공학계열,200,200,1325,200,100.0,6.62,99.2871,0.7129000000000048,0.911,0.0091754115086451,8485235.7983
2017,대학교,사립,기존,충북,극동대학교,예체능계열,185,185,2458,184,99.46,13.29,93.8562,5.603799999999993,14.4096,0.1535284829345317,8240618.7101
2017,대학교,사립,기존,충북,극동대학교,인문사회계열,305,305,3405,299,98.03,11.16,92.01,6.019999999999996,16.4752,0.1790587979567438,6736302.555
2017,대학교,사립,기존,충북,극동대학교,자연과학계열,245,248,1481,242,97.58,5.97,98.4137,-0.8337000000000074,2.5098,0.0255025469014984,8047670.4794
2017,대학교,사립,기존,충남,금강대학교,인문사회계열,145,145,259,139,95.86,1.79,93.3347,2.525300000000001,23.0789,0.2472703078276354,6806381.411900001
2017,대학교,사립,기존,경북,김천대학교,공학계열,40,40,107,37,92.5,2.68,93.0717,-0.571700000000007,17.6451,0.1895860933022605,7689825.0
2017,대학교,사립,기존,경북,김천대학교,인문사회계열,245,249,646,191,76.71,2.59,87.9947,-11.2847,27.9084,0.3171600107733761,6874763.0873
2017,대학교,사립,기존,경북,김천대학교,자연과학계열,640,644,1845,501,77.8,2.86,90.7031,-12.90310000000001,13.7278,0.1513487411124867,7489188.985699999
2017,대학교,사립,기존,충남,나사렛대학교,예체능계열,191,194,1911,193,99.48,9.85,96.2438,3.236200000000011,17.3753,0.1805342266203121,8389643.0023
2017,대학교,사립,기존,충남,나사렛대학교,인문사회계열,770,772,3880,770,99.74,5.03,93.3347,6.405299999999997,23.0789,0.2472703078276354,7134917.1543
2017,대학교,사립,기존,충남,나사렛대학교,자연과학계열,150,151,1675,151,100.0,11.09,96.4246,3.575400000000002,10.2411,0.1062083742115601,8475531.1346
2017,대학교,사립,기존,광주,남부대학교,공학계열,90,90,403,79,87.78,4.48,97.242,-9.462000000000003,5.3015,0.0545186236399909,7251507.0811
2017,대학교,사립,기존,광주,남부대학교,예체능계열,60,61,230,61,100.0,3.77,99.57,0.4300000000000068,1.0603,0.0106487897961233,7284819.8951
2017,대학교,사립,기존,광주,남부대학교,인문사회계열,140,140,797,139,99.29,5.69,97.18,2.1099999999999994,6.6911,0.0688526445770734,6148136.0199
2017,대학교,사립,기존,광주,남부대학교,자연과학계열,415,417,2436,412,98.8,5.84,99.6017,-0.8016999999999967,0.4264,0.004281051427837,6767320.8508
2017,대학교,사립,기존,충남,남서울대학교,공학계열,605,605,3178,605,100.0,5.25,92.7829,7.217100000000002,24.8602,0.2679394586718027,8670463.4135
2017,대학교,사립,기존,충남,남서울대학교,예체능계열,375,375,3323,375,100.0,8.86,96.2438,3.756200000000007,17.3753,0.1805342266203121,8897407.322
2017,대학교,사립,기존,충남,남서울대학교,인문사회계열,941,941,4788,941,100.0,5.09,93.3347,6.665300000000002,23.0789,0.2472703078276354,7364686.961
2017,대학교,사립,기존,충남,남서울대학교,자연과학계열,280,280,1905,280,100.0,6.8,96.4246,3.575400000000002,10.2411,0.1062083742115601,9008426.7925
2017,대학교,사립,기존,경기,단국대학교,공학계열,812,815,12117,813,99.75,14.87,97.93,1.8199999999999927,8.1437,0.083158378433575,9560855.184700001
2017,대학교,사립,기존,경기,단국대학교,예체능계열,370,371,11102,368,99.19,29.92,97.4308,1.7591999999999928,9.0321,0.0927027182369435,9600862.198
2017,대학교,사립,기존,경기,단국대학교,인문사회계열,1033,1035,12244,1034,99.9,11.83,93.3506,6.549400000000006,17.0845,0.1830143566297377,7620512.951800001
2017,대학교,사립,기존,경기,단국대학교,자연과학계열,60,61,874,60,98.36,14.33,99.5817,-1.2216999999999985,0.7173,0.0072031306957001,8889928.5714
2017,대학교,사립,기존,충남,단국대학교 _제2캠퍼스,공학계열,327,329,2338,329,100.0,7.11,92.7829,7.217100000000002,24.8602,0.2679394586718027,9294699.2424
2017,대학교,사립,기존,충남,단국대학교 _제2캠퍼스,예체능계열,323,324,3927,323,99.69,12.12,96.2438,3.4462000000000046,17.3753,0.1805342266203121,9039152.4244
2017,대학교,사립,기존,충남,단국대학교 _제2캠퍼스,인문사회계열,747,748,7030,745,99.6,9.4,93.3347,6.265299999999996,23.0789,0.2472703078276354,7251790.456900001
2017,대학교,사립,기존,충남,단국대학교 _제2캠퍼스,자연과학계열,943,945,7213,940,99.47,7.63,96.4246,3.0454000000000008,10.2411,0.1062083742115601,9132177.689100001
2017,대학교,사립,기존,경북,대구가톨릭대학교,공학계열,612,612,3654,612,100.0,5.97,93.0717,6.928299999999993,17.6451,0.1895860933022605,8160420.195899999
2017,대학교,사립,기존,경북,대구가톨릭대학교,예체능계열,379,379,2423,379,100.0,6.39,94.5577,5.442300000000003,11.2612,0.1190934212655341,8953579.2979
2017,대학교,사립,기존,경북,대구가톨릭대학교,인문사회계열,1207,1209,7698,1204,99.59,6.37,87.9947,11.595300000000009,27.9084,0.3171600107733761,6106120.6006
2017,대학교,사립,기존,경북,대구가톨릭대학교,자연과학계열,664,667,6175,667,100.0,9.26,90.7031,9.296899999999994,13.7278,0.1513487411124867,8296465.2743
2017,대학교,특별법법인,기존,대구,대구경북과학기술원,자연과학계열,210,210,2637,198,94.29,12.56,94.29,0.0,0.0,0.0,3528000.0
2017,교육대학,국립,기존,대구,대구교육대학교,인문사회계열,383,383,2288,0,0.0,5.97,49.655,-49.655,70.2228,1.4142140771322125,3685600.0
2017,대학교,사립,기존,경북,대구대학교,공학계열,701,703,4685,699,99.43,6.66,93.0717,6.3583,17.6451,0.1895860933022605,8377423.6683
2017,대학교,사립,기존,경북,대구대학교,예체능계열,362,362,2911,362,100.0,8.04,94.5577,5.442300000000003,11.2612,0.1190934212655341,8655019.3556
2017,대학교,사립,기존,경북,대구대학교,인문사회계열,2077,2082,10298,2063,99.09,4.95,87.9947,11.095300000000009,27.9084,0.3171600107733761,6169983.1063
2017,대학교,사립,기존,경북,대구대학교,자연과학계열,919,923,5231,914,99.02,5.67,90.7031,8.31689999999999,13.7278,0.1513487411124867,7821255.227599999
2017,대학교,사립,기존,경북,대구예술대학교,예체능계열,431,431,1260,384,89.1,2.92,94.5577,-5.457700000000003,11.2612,0.1190934212655341,8708729.1103
2017,대학교,사립,기존,경북,대구한의대학교,공학계열,380,381,2205,381,100.0,5.79,93.0717,6.928299999999993,17.6451,0.1895860933022605,7897745.498299999
2017,대학교,사립,기존,경북,대구한의대학교,예체능계열,115,115,748,115,100.0,6.5,94.5577,5.442300000000003,11.2612,0.1190934212655341,7736779.8264
2017,대학교,사립,기존,경북,대구한의대학교,인문사회계열,370,370,2608,370,100.0,7.05,87.9947,12.005300000000004,27.9084,0.3171600107733761,6064630.2414
2017,대학교,사립,기존,경북,대구한의대학교,자연과학계열,653,661,5940,661,100.0,8.99,90.7031,9.296899999999994,13.7278,0.1513487411124867,7714431.2227
2017,대학교,사립,기존,경북,대신대학교,예체능계열,40,40,78,40,100.0,1.95,94.5577,5.442300000000003,11.2612,0.1190934212655341,7555880.0
2017,대학교,사립,기존,경북,대신대학교,인문사회계열,76,76,145,76,100.0,1.91,87.9947,12.005300000000004,27.9084,0.3171600107733761,6250070.0
2017,대학교,사립,기존,세종,대전가톨릭대학교,인문사회계열,40,40,11,11,27.5,0.28,74.2933,-46.7933,40.5611,0.5459590568732309,6060000.0
2017,대학교,사립,기존,대전,대전대학교,공학계열,512,516,3763,515,99.81,7.29,99.8467,-0.0366999999999961,0.1239,0.0012409023032308,8250575.7142
2017,대학교,사립,기존,대전,대전대학교,예체능계열,205,205,1792,205,100.0,8.74,99.9217,0.0782999999999987,0.1919,0.0019205037544397,7935913.998899999
2017,대학교,사립,기존,대전,대전대학교,인문사회계열,1030,1035,6644,1027,99.23,6.42,90.6238,8.606200000000001,23.8732,0.2634319019948402,6928805.7336
2017,대학교,사립,기존,대전,대전대학교,자연과학계열,387,389,4482,389,100.0,11.52,99.9171,0.082899999999995,0.2192,0.0021938186756821,7951576.285699999
2017,대학교,사립,기존,대전,대전신학대학교,인문사회계열,60,60,56,19,31.67,0.93,90.6238,-58.9538,23.8732,0.2634319019948402,6306593.0
2017,대학교,사립,기존,경기,대진대학교,공학계열,628,632,3550,631,99.84,5.62,97.93,1.9099999999999968,8.1437,0.083158378433575,8565114.9297
2017,대학교,사립,기존,경기,대진대학교,예체능계열,243,244,2710,243,99.59,11.11,97.4308,2.1591999999999985,9.0321,0.0927027182369435,8552137.6265
2017,대학교,사립,기존,경기,대진대학교,인문사회계열,821,827,4494,822,99.4,5.43,93.3506,6.049400000000006,17.0845,0.1830143566297377,6628611.1357
2017,대학교,사립,기존,경기,대진대학교,자연과학계열,181,185,1269,183,98.92,6.86,99.5817,-0.6616999999999962,0.7173,0.0072031306957001,7839720.4438
2017,대학교,사립,기존,서울,덕성여자대학교,공학계열,90,90,938,90,100.0,10.42,95.3907,4.609300000000005,15.5975,0.163511746952271,8863598.888799999
2017,대학교,사립,기존,서울,덕성여자대학교,예체능계열,170,170,3603,169,99.41,21.19,97.547,1.8629999999999995,11.97,0.1227100782187048,9006073.3667
2017,대학교,사립,기존,서울,덕성여자대학교,인문사회계열,710,713,5880,710,99.58,8.25,96.8637,2.716300000000004,8.7752,0.0905932769448204,6581306.131899999
2017,대학교,사립,기존,서울,동국대학교,공학계열,826,834,9392,830,99.52,11.26,95.3907,4.129300000000001,15.5975,0.163511746952271,9671192.322
2017,대학교,사립,기존,서울,동국대학교,예체능계열,210,211,4961,211,100.0,23.51,97.547,2.453000000000003,11.97,0.1227100782187048,9519799.7636
2017,대학교,사립,기존,서울,동국대학교,인문사회계열,1333,1338,20066,1330,99.4,15.0,96.8637,2.5363000000000118,8.7752,0.0905932769448204,7455353.1876
2017,대학교,사립,기존,서울,동국대학교,자연과학계열,316,317,3333,314,99.05,10.51,98.1771,0.8729000000000013,6.9116,0.0703993090038308,8974471.1573
2017,대학교,사립,기존,경북,동국대학교(WISE),공학계열,305,306,1626,305,99.67,5.31,93.0717,6.598299999999995,17.6451,0.1895860933022605,9351231.9581
2017,대학교,사립,기존,경북,동국대학교(WISE),예체능계열,125,125,855,125,100.0,6.84,94.5577,5.442300000000003,11.2612,0.1190934212655341,9231908.888700001
2017,대학교,사립,기존,경북,동국대학교(WISE),인문사회계열,945,953,4259,947,99.37,4.47,87.9947,11.37530000000001,27.9084,0.3171600107733761,7353976.023
2017,대학교,사립,기존,경북,동국대학교(WISE),자연과학계열,354,355,3258,354,99.72,9.18,90.7031,9.016899999999993,13.7278,0.1513487411124867,8814035.2036
2017,대학교,사립,기존,서울,동덕여자대학교,공학계열,89,84,639,84,100.0,7.61,95.3907,4.609300000000005,15.5975,0.163511746952271,8007366.6667
2017,대학교,사립,기존,서울,동덕여자대학교,예체능계열,593,565,12226,563,99.65,21.64,97.547,2.1030000000000086,11.97,0.1227100782187048,9133231.445700001
2017,대학교,사립,기존,서울,동덕여자대학교,인문사회계열,643,619,5358,615,99.35,8.66,96.8637,2.4863,8.7752,0.0905932769448204,6480516.051200001
2017,대학교,사립,기존,서울,동덕여자대학교,자연과학계열,182,176,1154,175,99.43,6.56,98.1771,1.252900000000011,6.9116,0.0703993090038308,8068573.699600001
2017,대학교,사립,기존,부산,동명대학교,공학계열,880,873,4922,875,100.23,5.64,99.8022,0.4278000000000048,0.7645,0.0076601517802212,8019353.664399999
2017,대학교,사립,기존,부산,동명대학교,예체능계열,140,140,945,141,100.71,6.75,100.4344,0.2755999999999972,1.1365,0.0113158439737779,7609227.5538
2017,대학교,사립,기존,부산,동명대학교,인문사회계열,658,660,4204,657,99.55,6.37,99.128,0.421999999999997,2.741,0.0276511177467516,6069711.8292
2017,대학교,사립,기존,부산,동명대학교,자연과학계열,140,141,1717,141,100.0,12.18,100.171,-0.1710000000000064,0.6516,0.0065048766609098,7777416.9213
2017,대학교,사립,기존,부산,동서대학교,공학계열,790,788,5175,788,100.0,6.57,99.8022,0.1978000000000008,0.7645,0.0076601517802212,7694750.7507
2017,대학교,사립,기존,부산,동서대학교,예체능계열,450,446,3201,446,100.0,7.18,100.4344,-0.4343999999999965,1.1365,0.0113158439737779,7434123.3779
2017,대학교,사립,기존,부산,동서대학교,인문사회계열,990,989,7661,988,99.9,7.75,99.128,0.7720000000000056,2.741,0.0276511177467516,6007848.073299999
2017,대학교,사립,기존,부산,동서대학교,자연과학계열,205,205,2779,209,101.95,13.56,100.171,1.7789999999999964,0.6516,0.0065048766609098,7868951.759299999
2017,대학교,사립,기존,전남,동신대학교,공학계열,440,440,1812,439,99.77,4.12,76.1925,23.5775,47.4618,0.6229195786986909,7461954.1494
2017,대학교,사립,기존,전남,동신대학교,예체능계열,105,105,343,105,100.0,3.27,83.5375,16.462500000000006,32.925,0.3941343707915606,7256346.3758000005
2017,대학교,사립,기존,전남,동신대학교,인문사회계열,468,468,2251,468,100.0,4.81,71.1257,28.874300000000005,39.0943,0.5496508294470213,6033323.6499
2017,대학교,사립,기존,전남,동신대학교,자연과학계열,535,536,3544,534,99.63,6.61,88.01,11.61999999999999,26.6041,0.3022849676173161,7220324.209299999
2017,대학교,사립,기존,부산,동아대학교,공학계열,1170,1172,10173,1171,99.91,8.68,99.8022,0.1077999999999974,0.7645,0.0076601517802212,8078154.062700001
2017,대학교,사립,기존,부산,동아대학교,예체능계열,459,459,3995,459,100.0,8.7,100.4344,-0.4343999999999965,1.1365,0.0113158439737779,7985752.3823
2017,대학교,사립,기존,부산,동아대학교,인문사회계열,1700,1706,10809,1704,99.88,6.34,99.128,0.7519999999999953,2.741,0.0276511177467516,6222023.3991
2017,대학교,사립,기존,부산,동아대학교,자연과학계열,729,730,5875,727,99.59,8.05,100.171,-0.5810000000000031,0.6516,0.0065048766609098,7326925.1059
2017,대학교,사립,기존,경북,동양대학교,공학계열,390,392,1511,388,98.98,3.85,93.0717,5.908299999999997,17.6451,0.1895860933022605,7732083.3765
2017,대학교,사립,기존,경북,동양대학교,예체능계열,230,230,1732,230,100.0,7.53,94.5577,5.442300000000003,11.2612,0.1190934212655341,8077178.845900001
2017,대학교,사립,기존,경북,동양대학교,인문사회계열,380,381,1362,374,98.16,3.57,87.9947,10.165300000000002,27.9084,0.3171600107733761,6028332.171800001
2017,대학교,사립,기존,경북,동양대학교,자연과학계열,60,60,592,60,100.0,9.87,90.7031,9.296899999999994,13.7278,0.1513487411124867,7685802.4233
2017,대학교,사립,기존,부산,동의대학교,공학계열,1595,1595,8152,1595,100.0,5.11,99.8022,0.1978000000000008,0.7645,0.0076601517802212,7638686.5876
2017,대학교,사립,기존,부산,동의대학교,예체능계열,305,305,2476,305,100.0,8.12,100.4344,-0.4343999999999965,1.1365,0.0113158439737779,7264170.181100001
2017,대학교,사립,기존,부산,동의대학교,인문사회계열,1255,1255,7339,1255,100.0,5.85,99.128,0.8719999999999999,2.741,0.0276511177467516,5682408.8137
2017,대학교,사립,기존,부산,동의대학교,자연과학계열,440,440,3662,441,100.23,8.32,100.171,0.0589999999999975,0.6516,0.0065048766609098,6910060.658499999
2017,대학교,사립,기존,경기,루터대학교,인문사회계열,70,70,194,70,100.0,2.77,93.3506,6.6494,17.0845,0.1830143566297377,6702729.075
2017,대학교,사립,기존,경기,명지대학교,공학계열,898,900,7733,900,100.0,8.59,97.93,2.069999999999993,8.1437,0.083158378433575,9666516.64
2017,대학교,사립,기존,경기,명지대학교,예체능계열,319,320,5364,319,99.69,16.76,97.4308,2.2591999999999928,9.0321,0.0927027182369435,9991003.1884
2017,대학교,사립,기존,경기,명지대학교,자연과학계열,180,180,1781,180,100.0,9.89,99.5817,0.4183000000000021,0.7173,0.0072031306957001,8677192.7048
2017,대학교,사립,기존,대전,목원대학교,공학계열,347,350,1707,350,100.0,4.88,99.8467,0.1533000000000015,0.1239,0.0012409023032308,8301355.8282
2017,대학교,사립,기존,대전,목원대학교,예체능계열,512,513,3825,513,100.0,7.46,99.9217,0.0782999999999987,0.1919,0.0019205037544397,8360486.043
2017,대학교,사립,기존,대전,목원대학교,인문사회계열,812,813,3697,813,100.0,4.55,90.6238,9.376199999999995,23.8732,0.2634319019948402,6817160.2433
2017,대학교,사립,기존,대전,목원대학교,자연과학계열,199,201,986,201,100.0,4.91,99.9171,0.082899999999995,0.2192,0.0021938186756821,7552579.922900001
2017,대학교,사립,기존,전남,목포가톨릭대학교,인문사회계열,40,40,163,40,100.0,4.08,71.1257,28.874300000000005,39.0943,0.5496508294470213,5935800.0
2017,대학교,사립,기존,전남,목포가톨릭대학교,자연과학계열,90,90,491,90,100.0,5.46,88.01,11.989999999999997,26.6041,0.3022849676173161,7104800.0
2017,대학교,사립,기존,대전,배재대학교,공학계열,407,410,2600,409,99.76,6.34,99.8467,-0.0866999999999933,0.1239,0.0012409023032308,8277859.7377
2017,대학교,사립,기존,대전,배재대학교,예체능계열,220,221,1499,221,100.0,6.78,99.9217,0.0782999999999987,0.1919,0.0019205037544397,8254137.851100001
2017,대학교,사립,기존,대전,배재대학교,인문사회계열,1023,1026,5811,1021,99.51,5.66,90.6238,8.886200000000002,23.8732,0.2634319019948402,6729994.0758
2017,대학교,사립,기존,대전,배재대학교,자연과학계열,398,401,2511,401,100.0,6.26,99.9171,0.082899999999995,0.2192,0.0021938186756821,7565965.8229
2017,대학교,사립,기존,충남,백석대학교,공학계열,300,303,1858,302,99.67,6.13,92.7829,6.887100000000004,24.8602,0.2679394586718027,8762283.7125
2017,대학교,사립,기존,충남,백석대학교,예체능계열,675,678,9786,673,99.26,14.43,96.2438,3.016200000000012,17.3753,0.1805342266203121,9283973.2588
2017,대학교,사립,기존,충남,백석대학교,인문사회계열,1532,1539,11798,1535,99.74,7.67,93.3347,6.405299999999997,23.0789,0.2472703078276354,7370613.7325
2017,대학교,사립,기존,충남,백석대학교,자연과학계열,283,285,3413,284,99.65,11.98,96.4246,3.225400000000008,10.2411,0.1062083742115601,8805300.0
2017,대학교,사립,기존,부산,부산가톨릭대학교,공학계열,100,100,625,101,101.0,6.25,99.8022,1.1978000000000009,0.7645,0.0076601517802212,7929015.5493
2017,대학교,사립,기존,부산,부산가톨릭대학교,인문사회계열,251,252,1442,253,100.4,5.72,99.128,1.2720000000000056,2.741,0.0276511177467516,6154262.3524
2017,대학교,사립,기존,부산,부산가톨릭대학교,자연과학계열,565,566,4128,567,100.18,7.29,100.171,0.0090000000000003,0.6516,0.0065048766609098,7298788.404999999
2017,교육대학,국립,기존,부산,부산교육대학교,인문사회계열,356,356,2961,0,0.0,8.32,74.9075,-74.9075,49.9386,0.6666702266128225,3107200.0
2017,대학교,국립,기존,부산,부산대학교,공학계열,1486,1494,14165,1493,99.93,9.48,99.68,0.25,0.4073,0.0040860754414125,4760204.1177
2017,대학교,국립,기존,부산,부산대학교,예체능계열,315,314,2332,314,100.0,7.43,100.0,0.0,0.0,0.0,4751333.333
2017,대학교,국립,기존,부산,부산대학교,인문사회계열,1332,1340,13207,1335,99.63,9.86,74.9075,24.7225,49.9386,0.6666702266128225,3552716.0592
2017,대학교,국립,기존,부산,부산대학교,자연과학계열,1011,1018,11787,1015,99.71,11.58,99.9033,-0.1933000000000078,0.1674,0.0016756203248541,4608177.5743
2017,대학교,사립,기존,부산,부산외국어대학교,공학계열,250,248,858,248,100.0,3.46,99.8022,0.1978000000000008,0.7645,0.0076601517802212,7897294.9478
2017,대학교,사립,기존,부산,부산외국어대학교,예체능계열,60,59,438,61,103.39,7.42,100.4344,2.955600000000004,1.1365,0.0113158439737779,6880964.818000001
2017,대학교,사립,기존,부산,부산외국어대학교,인문사회계열,1540,1543,7255,1541,99.87,4.7,99.128,0.7420000000000044,2.741,0.0276511177467516,6054354.3346
2017,대학교,사립,기존,경남,부산장신대학교,인문사회계열,70,70,137,60,85.71,1.96,95.51,-9.800000000000011,5.4298,0.056850591561093,6104227.5117
2017,대학교,사립,기존,서울,삼육대학교,공학계열,147,148,2231,148,100.0,15.07,95.3907,4.609300000000005,15.5975,0.163511746952271,8770773.9831
2017,대학교,사립,기존,서울,삼육대학교,예체능계열,179,179,3171,179,100.0,17.72,97.547,2.453000000000003,11.97,0.1227100782187048,9215430.879999999
2017,대학교,사립,기존,서울,삼육대학교,인문사회계열,443,446,5279,443,99.33,11.84,96.8637,2.466300000000004,8.7752,0.0905932769448204,7409350.3354
2017,대학교,사립,기존,서울,삼육대학교,자연과학계열,389,390,5657,388,99.49,14.51,98.1771,1.312899999999999,6.9116,0.0703993090038308,8434035.3061
2017,대학교,사립,기존,서울,상명대학교,공학계열,361,365,4339,362,99.18,11.89,95.3907,3.789300000000011,15.5975,0.163511746952271,8907479.5099
2017,대학교,사립,기존,서울,상명대학교,예체능계열,184,184,3730,183,99.46,20.27,97.547,1.9129999999999967,11.97,0.1227100782187048,9403698.6191
2017,대학교,사립,기존,서울,상명대학교,인문사회계열,641,644,8412,644,100.0,13.06,96.8637,3.1363000000000056,8.7752,0.0905932769448204,7269195.7831
2017,대학교,사립,기존,서울,상명대학교,자연과학계열,116,117,1713,116,99.15,14.64,98.1771,0.97290000000001,6.9116,0.0703993090038308,8448554.9999
2017,대학교,사립,기존,강원,상지대학교,공학계열,223,225,775,221,98.22,3.44,85.6029,12.617099999999994,36.098,0.4216913212052395,8341745.9013
2017,대학교,사립,기존,강원,상지대학교,예체능계열,219,219,1180,213,97.26,5.39,89.2486,8.011400000000009,21.1455,0.2369280862668994,8028785.0228
2017,대학교,사립,기존,강원,상지대학교,인문사회계열,765,773,2206,697,90.17,2.85,86.9875,3.1825000000000045,30.8286,0.3544026440580543,6675719.9082
2017,대학교,사립,기존,강원,상지대학교,자연과학계열,500,503,3223,501,99.6,6.41,94.5543,5.0456999999999965,13.1063,0.1386113587642233,7717274.0691
2017,대학교,사립,기존,서울,서강대학교,공학계열,417,421,16048,420,99.76,38.12,95.3907,4.36930000000001,15.5975,0.163511746952271,9927353.3333
2017,대학교,사립,기존,서울,서강대학교,인문사회계열,947,951,21425,945,99.37,22.53,96.8637,2.50630000000001,8.7752,0.0905932769448204,7749999.864
2017,대학교,사립,기존,서울,서강대학교,자연과학계열,210,213,4312,212,99.53,20.24,98.1771,1.352900000000005,6.9116,0.0703993090038308,9024405.0
2017,대학교,사립,기존,서울,서경대학교,공학계열,400,401,4486,399,99.5,11.19,95.3907,4.109300000000005,15.5975,0.163511746952271,8736269.0616
2017,대학교,사립,기존,서울,서경대학교,예체능계열,429,432,14026,431,99.77,32.47,97.547,2.222999999999999,11.97,0.1227100782187048,9125162.7721
2017,대학교,사립,기존,서울,서경대학교,인문사회계열,458,458,4311,457,99.78,9.41,96.8637,2.9163000000000068,8.7752,0.0905932769448204,7016831.5008000005
2017,대학교,사립,기존,서울,서경대학교,자연과학계열,80,81,872,81,100.0,10.77,98.1771,1.822900000000004,6.9116,0.0703993090038308,8853033.3333
2017,대학교,국립,기존,서울,서울과학기술대학교,공학계열,1416,1418,20953,1406,99.15,14.78,61.65,37.50000000000001,53.033,0.8602270884022709,5494128.3050999995
2017,대학교,국립,기존,서울,서울과학기술대학교,예체능계열,260,260,2525,260,100.0,9.71,99.83,0.1700000000000017,0.2404,0.0024080937593909,5567009.9999
2017,대학교,국립,기존,서울,서울과학기술대학교,인문사회계열,242,243,3456,240,98.77,14.22,42.2233,56.5467,50.919,1.2059455324429875,4684437.853
2017,대학교,국립,기존,서울,서울과학기술대학교,자연과학계열,149,150,2055,145,96.67,13.7,62.7,33.97,48.0408,0.766200956937799,5497893.0
2017,교육대학,국립,기존,서울,서울교육대학교,인문사회계열,355,356,1963,0,0.0,5.51,42.2233,-42.2233,50.919,1.2059455324429875,3156400.0
2017,대학교,사립,기존,서울,서울기독대학교,예체능계열,47,47,175,47,100.0,3.72,97.547,2.453000000000003,11.97,0.1227100782187048,8640110.9143
2017,대학교,사립,기존,서울,서울기독대학교,인문사회계열,102,102,243,102,100.0,2.38,96.8637,3.1363000000000056,8.7752,0.0905932769448204,6880208.2707
2017,대학교,국립대법인,기존,서울,서울대학교,공학계열,853,853,4025,851,99.77,4.72,99.77,0.0,0.0,0.0,6064307.7824
2017,대학교,국립대법인,기존,서울,서울대학교,예체능계열,38,285,6657,281,98.6,23.36,98.6,0.0,0.0,0.0,7539922.1784
2017,대학교,국립대법인,기존,서울,서울대학교,인문사회계열,1153,1153,6392,1018,88.29,5.54,88.29,0.0,0.0,0.0,5046714.8876
2017,대학교,국립대법인,기존,서울,서울대학교,자연과학계열,799,800,4619,735,91.88,5.77,91.88,0.0,0.0,0.0,6312731.3597
2017,대학교,공립,기존,서울,서울시립대학교,공학계열,627,630,7743,623,98.89,12.29,98.89,0.0,0.0,0.0,2737800.0
2017,대학교,공립,기존,서울,서울시립대학교,예체능계열,132,132,921,132,100.0,6.98,100.0,0.0,0.0,0.0,2971550.0
2017,대학교,공립,기존,서울,서울시립대학교,인문사회계열,774,777,7697,772,99.36,9.91,99.36,0.0,0.0,0.0,2080800.0
2017,대학교,공립,기존,서울,서울시립대학교,자연과학계열,164,165,2378,161,97.58,14.41,97.58,0.0,0.0,0.0,2463264.7619
2017,대학교,사립,기존,경기,서울신학대학교,예체능계열,100,100,1275,100,100.0,12.75,97.4308,2.569199999999995,9.0321,0.0927027182369435,8832354.145
2017,대학교,사립,기존,경기,서울신학대학교,인문사회계열,440,440,1827,437,99.32,4.15,93.3506,5.969399999999993,17.0845,0.1830143566297377,7051819.7447
2017,대학교,사립,기존,서울,서울여자대학교,공학계열,172,172,2001,172,100.0,11.63,95.3907,4.609300000000005,15.5975,0.163511746952271,8618609.8092
2017,대학교,사립,기존,서울,서울여자대학교,예체능계열,180,180,4155,179,99.44,23.08,97.547,1.893000000000001,11.97,0.1227100782187048,9700661.1305
2017,대학교,사립,기존,서울,서울여자대학교,인문사회계열,882,883,12277,883,100.0,13.9,96.8637,3.1363000000000056,8.7752,0.0905932769448204,7368183.187900001
2017,대학교,사립,기존,서울,서울여자대학교,자연과학계열,358,359,4391,358,99.72,12.23,98.1771,1.542900000000003,6.9116,0.0703993090038308,8540384.2063
2017,대학교,사립,기존,경기,서울장신대학교,예체능계열,30,30,70,30,100.0,2.33,97.4308,2.569199999999995,9.0321,0.0927027182369435,10058620.0
2017,대학교,사립,기존,경기,서울장신대학교,인문사회계열,92,92,315,92,100.0,3.42,93.3506,6.6494,17.0845,0.1830143566297377,7484890.0
2017,대학교,사립,기존,서울,서울한영대학교,예체능계열,20,21,54,21,100.0,2.57,97.547,2.453000000000003,11.97,0.1227100782187048,8474634.9833
2017,대학교,사립,기존,서울,서울한영대학교,인문사회계열,160,161,399,161,100.0,2.48,96.8637,3.1363000000000056,8.7752,0.0905932769448204,6859945.0672
2017,대학교,사립,기존,충북,서원대학교,공학계열,405,408,2238,407,99.75,5.49,99.2871,0.4629000000000047,0.911,0.0091754115086451,8196490.192399999
2017,대학교,사립,기존,충북,서원대학교,예체능계열,191,191,1677,191,100.0,8.78,93.8562,6.143799999999999,14.4096,0.1535284829345317,7846819.4164
2017,대학교,사립,기존,충북,서원대학교,인문사회계열,746,750,4994,747,99.6,6.66,92.01,7.589999999999989,16.4752,0.1790587979567438,6527212.7165
2017,대학교,사립,기존,충북,서원대학교,자연과학계열,280,281,1855,281,100.0,6.6,98.4137,1.5862999999999945,2.5098,0.0255025469014984,7593953.451800001
2017,대학교,사립,기존,충남,선문대학교,공학계열,951,953,3403,951,99.79,3.57,92.7829,7.007100000000008,24.8602,0.2679394586718027,8505540.4702
2017,대학교,사립,기존,충남,선문대학교,예체능계열,115,117,834,118,100.85,7.13,96.2438,4.606200000000001,17.3753,0.1805342266203121,8028918.1086
2017,대학교,사립,기존,충남,선문대학교,인문사회계열,725,728,3127,726,99.73,4.3,93.3347,6.395300000000006,23.0789,0.2472703078276354,6965922.151099999
2017,대학교,사립,기존,충남,선문대학교,자연과학계열,262,262,1557,261,99.62,5.94,96.4246,3.1954000000000065,10.2411,0.1062083742115601,8239229.8806
2017,대학교,사립,기존,경기,성결대학교,공학계열,305,306,4322,306,100.0,14.12,97.93,2.069999999999993,8.1437,0.083158378433575,8562478.5714
2017,대학교,사립,기존,경기,성결대학교,예체능계열,193,193,3911,193,100.0,20.26,97.4308,2.569199999999995,9.0321,0.0927027182369435,9346624.9946
2017,대학교,사립,기존,경기,성결대학교,인문사회계열,730,727,7390,727,100.0,10.17,93.3506,6.6494,17.0845,0.1830143566297377,6873909.504899999
2017,대학교,사립,기존,서울,성공회대학교,공학계열,176,178,913,178,100.0,5.13,95.3907,4.609300000000005,15.5975,0.163511746952271,7992547.5
2017,대학교,사립,기존,서울,성공회대학교,인문사회계열,326,327,1991,325,99.39,6.09,96.8637,2.526300000000006,8.7752,0.0905932769448204,7282935.1515
2017,대학교,사립,기존,서울,성균관대학교,공학계열,1101,1104,22529,1102,99.82,20.41,95.3907,4.429299999999998,15.5975,0.163511746952271,9304646.517
2017,대학교,사립,기존,서울,성균관대학교,예체능계열,255,256,4405,256,100.0,17.21,97.547,2.453000000000003,11.97,0.1227100782187048,9566756.23
2017,대학교,사립,기존,서울,성균관대학교,인문사회계열,1475,1478,29901,1475,99.8,20.23,96.8637,2.936300000000003,8.7752,0.0905932769448204,7463666.0782
2017,대학교,사립,기존,서울,성균관대학교,자연과학계열,472,460,10895,471,102.39,23.68,98.1771,4.212900000000005,6.9116,0.0703993090038308,8856363.9684
2017,대학교,사립,기존,서울,성신여자대학교,공학계열,325,327,1981,327,100.0,6.06,95.3907,4.609300000000005,15.5975,0.163511746952271,8619105.8846
2017,대학교,사립,기존,서울,성신여자대학교,예체능계열,506,510,9935,510,100.0,19.48,97.547,2.453000000000003,11.97,0.1227100782187048,9974875.4945
2017,대학교,사립,기존,서울,성신여자대학교,인문사회계열,901,910,6443,910,100.0,7.08,96.8637,3.1363000000000056,8.7752,0.0905932769448204,7319715.1154
2017,대학교,사립,기존,서울,성신여자대학교,자연과학계열,328,332,2165,331,99.7,6.52,98.1771,1.522900000000007,6.9116,0.0703993090038308,8573598.562199999
2017,대학교,사립,기존,충북,세명대학교,공학계열,270,271,1333,271,100.0,4.92,99.2871,0.7129000000000048,0.911,0.0091754115086451,7951320.926100001
2017,대학교,사립,기존,충북,세명대학교,예체능계열,200,201,1214,198,98.51,6.04,93.8562,4.653800000000004,14.4096,0.1535284829345317,7805764.103499999
2017,대학교,사립,기존,충북,세명대학교,인문사회계열,770,777,4290,775,99.74,5.52,92.01,7.72999999999999,16.4752,0.1790587979567438,6300402.1941
2017,대학교,사립,기존,충북,세명대학교,자연과학계열,640,642,4953,642,100.0,7.71,98.4137,1.5862999999999945,2.5098,0.0255025469014984,7605857.901899999
2017,대학교,사립,기존,서울,세종대학교,공학계열,1355,1368,20488,1364,99.71,14.98,95.3907,4.319299999999998,15.5975,0.163511746952271,8898619.59
2017,대학교,사립,기존,서울,세종대학교,예체능계열,229,229,5628,228,99.56,24.58,97.547,2.013000000000005,11.97,0.1227100782187048,9046442.1466
2017,대학교,사립,기존,서울,세종대학교,인문사회계열,582,587,11480,584,99.49,19.56,96.8637,2.6263000000000005,8.7752,0.0905932769448204,6594035.713400001
2017,대학교,사립,기존,서울,세종대학교,자연과학계열,154,154,2402,150,97.4,15.6,98.1771,-0.7770999999999901,6.9116,0.0703993090038308,7714568.4743
2017,대학교,사립,기존,전남,세한대학교,공학계열,110,110,614,110,100.0,5.58,76.1925,23.807500000000005,47.4618,0.6229195786986909,7718890.2381
2017,대학교,사립,기존,전남,세한대학교,예체능계열,360,360,1578,360,100.0,4.38,83.5375,16.462500000000006,32.925,0.3941343707915606,7021176.001800001
2017,대학교,사립,기존,전남,세한대학교,인문사회계열,325,325,3296,325,100.0,10.14,71.1257,28.874300000000005,39.0943,0.5496508294470213,5937898.6463
2017,대학교,사립,기존,전남,세한대학교,자연과학계열,210,210,999,210,100.0,4.76,88.01,11.989999999999997,26.6041,0.3022849676173161,6784397.035699999
2017,대학교,사립,기존,광주,송원대학교,공학계열,200,201,899,199,99.0,4.47,97.242,1.7579999999999956,5.3015,0.0545186236399909,7011866.657199999
2017,대학교,사립,기존,광주,송원대학교,예체능계열,110,110,447,110,100.0,4.06,99.57,0.4300000000000068,1.0603,0.0106487897961233,6992126.667200001
2017,대학교,사립,기존,광주,송원대학교,인문사회계열,291,291,1109,288,98.97,3.81,97.18,1.789999999999992,6.6911,0.0688526445770734,6037041.5067
2017,대학교,사립,기존,광주,송원대학교,자연과학계열,199,200,1695,199,99.5,8.48,99.6017,-0.1016999999999939,0.4264,0.004281051427837,6802051.080500001
2017,대학교,사립,기존,경기,수원가톨릭대학교,인문사회계열,90,90,54,31,34.44,0.6,93.3506,-58.9106,17.0845,0.1830143566297377,5325000.0
2017,대학교,사립,기존,서울,숙명여자대학교,공학계열,423,423,3855,423,100.0,9.11,95.3907,4.609300000000005,15.5975,0.163511746952271,9485943.1818
2017,대학교,사립,기존,서울,숙명여자대학교,예체능계열,342,343,3850,343,100.0,11.22,97.547,2.453000000000003,11.97,0.1227100782187048,10226027.989599999
2017,대학교,사립,기존,서울,숙명여자대학교,인문사회계열,1185,1188,15408,1183,99.58,12.97,96.8637,2.716300000000004,8.7752,0.0905932769448204,7670642.5254
2017,대학교,사립,기존,서울,숙명여자대학교,자연과학계열,248,249,3388,247,99.2,13.61,98.1771,1.022900000000007,6.9116,0.0703993090038308,9034523.9742
2017,각종학교(대학),사립,기존,충북,순복음총회신학교,예체능계열,12,12,22,7,58.33,1.83,93.8562,-35.5262,14.4096,0.1535284829345317,7234285.709999999
2017,각종학교(대학),사립,기존,충북,순복음총회신학교,인문사회계열,75,71,111,36,50.7,1.56,92.01,-41.31,16.4752,0.1790587979567438,5676930.686
2017,대학교,사립,기존,충남,순천향대학교,공학계열,862,867,5811,866,99.88,6.7,92.7829,7.0970999999999975,24.8602,0.2679394586718027,8840640.9375
2017,대학교,사립,기존,충남,순천향대학교,예체능계열,146,146,3040,146,100.0,20.82,96.2438,3.756200000000007,17.3753,0.1805342266203121,8288314.285699999
2017,대학교,사립,기존,충남,순천향대학교,인문사회계열,824,828,7101,825,99.64,8.58,93.3347,6.305300000000003,23.0789,0.2472703078276354,7496940.0359
2017,대학교,사립,기존,충남,순천향대학교,자연과학계열,520,522,5868,519,99.43,11.24,96.4246,3.0054000000000087,10.2411,0.1062083742115601,8379226.617300001
2017,대학교,사립,기존,서울,숭실대학교,공학계열,1212,1227,16661,1226,99.92,13.58,95.3907,4.529300000000006,15.5975,0.163511746952271,9318848.412899999
2017,대학교,사립,기존,서울,숭실대학교,예체능계열,87,88,2840,88,100.0,32.27,97.547,2.453000000000003,11.97,0.1227100782187048,9293699.9999
2017,대학교,사립,기존,서울,숭실대학교,인문사회계열,1155,1166,16168,1163,99.74,13.87,96.8637,2.8763000000000005,8.7752,0.0905932769448204,7629418.0726
2017,대학교,사립,기존,서울,숭실대학교,자연과학계열,221,222,3895,220,99.1,17.55,98.1771,0.9228999999999984,6.9116,0.0703993090038308,8475300.0
2017,대학교,사립,기존,경북,신경주대학교,예체능계열,120,123,284,89,72.36,2.31,94.5577,-22.1977,11.2612,0.1190934212655341,8436174.885
2017,대학교,사립,기존,경북,신경주대학교,인문사회계열,322,329,797,164,49.85,2.42,87.9947,-38.14469999999999,27.9084,0.3171600107733761,6635040.6239
2017,대학교,사립,기존,경북,신경주대학교,자연과학계열,240,247,958,154,62.35,3.88,90.7031,-28.353100000000005,13.7278,0.1513487411124867,7309179.487299999
2017,대학교,사립,기존,부산,신라대학교,공학계열,540,541,3346,540,99.82,6.18,99.8022,0.017799999999994,0.7645,0.0076601517802212,8010356.3802000005
2017,대학교,사립,기존,부산,신라대학교,예체능계열,183,183,949,183,100.0,5.19,100.4344,-0.4343999999999965,1.1365,0.0113158439737779,7656044.7221
2017,대학교,사립,기존,부산,신라대학교,인문사회계열,1005,1001,6125,1005,100.4,6.12,99.128,1.2720000000000056,2.741,0.0276511177467516,5934444.0519
2017,대학교,사립,기존,부산,신라대학교,자연과학계열,415,414,3652,413,99.76,8.82,100.171,-0.4110000000000013,0.6516,0.0065048766609098,7294631.6367
2017,대학교,사립,기존,경기,신한대학교,공학계열,173,178,1313,175,98.31,7.38,97.93,0.3799999999999954,8.1437,0.083158378433575,10340457.3325
2017,대학교,사립,기존,경기,신한대학교,자연과학계열,90,91,1224,91,100.0,13.45,99.5817,0.4183000000000021,0.7173,0.0072031306957001,9743684.0
2017,대학교,사립,기존,경기,신한대학교 _제2캠퍼스,공학계열,70,72,645,71,98.61,8.96,97.93,0.6799999999999926,8.1437,0.083158378433575,10303166.285699999
2017,대학교,사립,기존,경기,신한대학교 _제2캠퍼스,예체능계열,175,176,2476,175,99.43,14.07,97.4308,1.9992000000000016,9.0321,0.0927027182369435,10234567.6125
2017,대학교,사립,기존,경기,신한대학교 _제2캠퍼스,인문사회계열,485,491,3537,487,99.19,7.2,93.3506,5.839399999999998,17.0845,0.1830143566297377,8135300.9772
2017,대학교,사립,기존,경기,신한대학교 _제2캠퍼스,자연과학계열,390,394,4084,393,99.75,10.37,99.5817,0.1683000000000021,0.7173,0.0072031306957001,9759599.592300002
2017,대학교,사립,기존,경기,아신대학교,인문사회계열,186,186,333,178,95.7,1.79,93.3506,2.349400000000003,17.0845,0.1830143566297377,6709164.5026
2017,대학교,사립,기존,경기,아주대학교,공학계열,1017,1026,12413,1024,99.81,12.1,97.93,1.8799999999999957,8.1437,0.083158378433575,9345808.6814
2017,대학교,사립,기존,경기,아주대학교,인문사회계열,576,578,7399,578,100.0,12.8,93.3506,6.6494,17.0845,0.1830143566297377,7494709.7883
2017,대학교,사립,기존,경기,아주대학교,자연과학계열,268,269,4448,269,100.0,16.54,99.5817,0.4183000000000021,0.7173,0.0072031306957001,8890357.6299
2017,대학교,사립,기존,경기,안양대학교,공학계열,439,441,4540,440,99.77,10.29,97.93,1.8399999999999888,8.1437,0.083158378433575,8801810.301800001
2017,대학교,사립,기존,경기,안양대학교,예체능계열,65,66,1851,66,100.0,28.05,97.4308,2.569199999999995,9.0321,0.0927027182369435,8829910.7019
2017,대학교,사립,기존,경기,안양대학교,인문사회계열,465,469,4897,463,98.72,10.44,93.3506,5.369399999999999,17.0845,0.1830143566297377,7115788.551700001
2017,대학교,사립,기존,경기,안양대학교,자연과학계열,40,40,773,40,100.0,19.32,99.5817,0.4183000000000021,0.7173,0.0072031306957001,8316582.17
2017,대학교,사립,폐교,인천,안양대학교 _제2캠퍼스,공학계열,35,36,130,36,100.0,3.61,100.0,0.0,0.0,0.0,8874450.5217
2017,대학교,사립,기존,서울,연세대학교,공학계열,938,950,12013,944,99.37,12.65,95.3907,3.979300000000009,15.5975,0.163511746952271,10404184.8629
2017,대학교,사립,기존,서울,연세대학교,예체능계열,209,209,2901,209,100.0,13.88,97.547,2.453000000000003,11.97,0.1227100782187048,10377073.2157
2017,대학교,사립,기존,서울,연세대학교,인문사회계열,1621,1628,18740,1621,99.57,11.51,96.8637,2.706299999999999,8.7752,0.0905932769448204,9168762.9264
2017,대학교,사립,기존,서울,연세대학교,자연과학계열,616,621,8777,620,99.84,14.13,98.1771,1.6629000000000076,6.9116,0.0703993090038308,9890386.9891
2017,대학교,사립,기존,강원,연세대학교(미래),공학계열,220,222,1501,221,99.55,6.76,85.6029,13.947099999999992,36.098,0.4216913212052395,9868460.0
2017,대학교,사립,기존,강원,연세대학교(미래),예체능계열,76,76,477,76,100.0,6.28,89.2486,10.751400000000004,21.1455,0.2369280862668994,8851150.0
2017,대학교,사립,기존,강원,연세대학교(미래),인문사회계열,580,581,3437,578,99.48,5.92,86.9875,12.492500000000009,30.8286,0.3544026440580543,7815907.076199999
2017,대학교,사립,기존,강원,연세대학교(미래),자연과학계열,590,592,8247,591,99.83,13.93,94.5543,5.2757000000000005,13.1063,0.1386113587642233,8696892.771000002
2017,대학교,사립,기존,경북,영남대학교,공학계열,1558,1572,9454,1569,99.81,6.01,93.0717,6.738299999999995,17.6451,0.1895860933022605,8517627.452300001
2017,대학교,사립,기존,경북,영남대학교,예체능계열,484,485,3399,484,99.79,7.01,94.5577,5.232300000000009,11.2612,0.1190934212655341,9250465.116600001
2017,대학교,사립,기존,경북,영남대학교,인문사회계열,1739,1761,10509,1748,99.26,5.97,87.9947,11.26530000000001,27.9084,0.3171600107733761,6215905.616400001
2017,대학교,사립,기존,경북,영남대학교,자연과학계열,771,777,5208,775,99.74,6.7,90.7031,9.036899999999989,13.7278,0.1513487411124867,8624152.302099999
2017,대학교,사립,기존,경북,영남신학대학교,인문사회계열,115,115,199,115,100.0,1.73,87.9947,12.005300000000004,27.9084,0.3171600107733761,6372754.8333
2017,대학교,사립,기존,경남,영산대학교,공학계열,330,331,1483,271,81.87,4.48,95.872,-14.001999999999995,7.9176,0.0825851134846462,7607864.4602
2017,대학교,사립,기존,경남,영산대학교,예체능계열,40,40,133,40,100.0,3.32,99.665,0.3349999999999937,0.5416,0.0054342045853609,6747516.8
2017,대학교,사립,기존,경남,영산대학교,인문사회계열,210,211,1120,211,100.0,5.31,95.51,4.489999999999995,5.4298,0.056850591561093,5747047.1291000005
2017,대학교,사립,기존,경남,영산대학교,자연과학계열,160,161,1968,161,100.0,12.22,99.3267,0.6732999999999976,1.3235,0.0133247153081699,7204843.133300001
2017,대학교,사립,기존,부산,영산대학교 _제2캠퍼스,예체능계열,240,237,1180,237,100.0,4.98,100.4344,-0.4343999999999965,1.1365,0.0113158439737779,7161196.2057
2017,대학교,사립,기존,부산,영산대학교 _제2캠퍼스,인문사회계열,325,324,1867,296,91.36,5.76,99.128,-7.768000000000001,2.741,0.0276511177467516,5685550.4497
2017,대학교,사립,기존,부산,영산대학교 _제2캠퍼스,자연과학계열,135,135,757,135,100.0,5.61,100.171,-0.1710000000000064,0.6516,0.0065048766609098,7035073.5139
2017,대학교,사립,기존,전남,영산선학대학교,인문사회계열,50,50,8,8,16.0,0.16,71.1257,-55.1257,39.0943,0.5496508294470213,2060000.0
2017,대학교,사립,기존,전북,예수대학교,자연과학계열,115,117,640,117,100.0,5.47,93.3129,6.687100000000001,15.7873,0.1691866826558814,7225614.2
2017,대학교,사립,기존,전북,예원예술대학교,예체능계열,225,227,1173,225,99.12,5.17,88.0857,11.034300000000002,26.2655,0.2981812030783657,8219390.6278
2017,대학교,사립,기존,경기,예원예술대학교 _제2캠퍼스,예체능계열,99,100,999,100,100.0,9.99,97.4308,2.569199999999995,9.0321,0.0927027182369435,8482056.3249
2017,대학교,사립,기존,경기,용인대학교,예체능계열,807,809,6746,809,100.0,8.34,97.4308,2.569199999999995,9.0321,0.0927027182369435,8589386.5339
2017,대학교,사립,기존,경기,용인대학교,인문사회계열,420,423,3064,415,98.11,7.24,93.3506,4.759399999999999,17.0845,0.1830143566297377,7421715.404700001
2017,대학교,사립,기존,경기,용인대학교,자연과학계열,220,223,1905,219,98.21,8.54,99.5817,-1.371700000000004,0.7173,0.0072031306957001,8146831.9013
2017,대학교,사립,기존,전북,우석대학교,공학계열,525,529,2400,525,99.24,4.54,97.715,1.5249999999999917,3.7651,0.0385314434836002,7978770.039399999
2017,대학교,사립,기존,전북,우석대학교,예체능계열,246,246,1020,245,99.59,4.15,88.0857,11.5043,26.2655,0.2981812030783657,7581757.376999999
2017,대학교,사립,기존,전북,우석대학교,인문사회계열,568,570,2947,567,99.47,5.17,82.2057,17.264300000000006,34.3688,0.4180829309889703,6174829.469400001
2017,대학교,사립,기존,전북,우석대학교,자연과학계열,376,377,2409,375,99.47,6.39,93.3129,6.1571,15.7873,0.1691866826558814,7474295.579700001
2017,대학교,사립,기존,대전,우송대학교,공학계열,495,496,3373,495,99.8,6.8,99.8467,-0.0467000000000012,0.1239,0.0012409023032308,7662368.702099999
2017,대학교,사립,기존,대전,우송대학교,예체능계열,210,213,1342,212,99.53,6.3,99.9217,-0.3917000000000001,0.1919,0.0019205037544397,7832897.995
2017,대학교,사립,기존,대전,우송대학교,인문사회계열,744,746,4349,741,99.33,5.83,90.6238,8.706199999999995,23.8732,0.2634319019948402,7178382.853399999
2017,대학교,사립,기존,대전,우송대학교,자연과학계열,555,555,4690,555,100.0,8.45,99.9171,0.082899999999995,0.2192,0.0021938186756821,7827367.4123
2017,대학교,특별법법인,기존,울산,울산과학기술원,공학계열,320,320,4558,318,99.38,14.24,99.38,0.0,0.0,0.0,6286622.222200001
2017,대학교,특별법법인,기존,울산,울산과학기술원,인문사회계열,40,40,1087,50,125.0,27.18,125.0,0.0,0.0,0.0,5685533.3331
2017,대학교,사립,기존,울산,울산대학교,공학계열,966,969,5431,968,99.9,5.6,99.9,0.0,0.0,0.0,8551358.7632
2017,대학교,사립,기존,울산,울산대학교,예체능계열,315,316,1890,316,100.0,5.98,100.0,0.0,0.0,0.0,9006919.3274
2017,대학교,사립,기존,울산,울산대학교,인문사회계열,969,969,4106,965,99.59,4.24,99.59,0.0,0.0,0.0,6169365.0942
2017,대학교,사립,기존,울산,울산대학교,자연과학계열,482,483,4022,482,99.79,8.33,99.79,0.0,0.0,0.0,8082630.732899999
2017,대학교,사립,기존,전북,원광대학교,공학계열,1125,1128,5789,1125,99.73,5.13,97.715,2.015000000000001,3.7651,0.0385314434836002,8261697.1229
2017,대학교,사립,기존,전북,원광대학교,예체능계열,435,435,2408,435,100.0,5.54,88.0857,11.914299999999995,26.2655,0.2981812030783657,7811127.790899999
2017,대학교,사립,기존,전북,원광대학교,인문사회계열,1131,1141,6510,1135,99.47,5.71,82.2057,17.264300000000006,34.3688,0.4180829309889703,6418968.6188
2017,대학교,사립,기존,전북,원광대학교,자연과학계열,835,839,7821,842,100.36,9.32,93.3129,7.0471,15.7873,0.1691866826558814,7931645.109800001
2017,대학교,사립,기존,경북,위덕대학교,공학계열,150,150,426,138,92.0,2.84,93.0717,-1.071700000000007,17.6451,0.1895860933022605,8211784.646
2017,대학교,사립,기존,경북,위덕대학교,예체능계열,70,70,192,70,100.0,2.74,94.5577,5.442300000000003,11.2612,0.1190934212655341,8680141.6833
2017,대학교,사립,기존,경북,위덕대학교,인문사회계열,380,380,1184,373,98.16,3.12,87.9947,10.165300000000002,27.9084,0.3171600107733761,6690155.2485
2017,대학교,사립,기존,경북,위덕대학교,자연과학계열,225,225,1054,209,92.89,4.68,90.7031,2.1868999999999943,13.7278,0.1513487411124867,8271146.1376
2017,대학교,사립,기존,충북,유원대학교,공학계열,220,225,1096,222,98.67,4.87,99.2871,-0.6170999999999935,0.911,0.0091754115086451,8220267.4846
2017,대학교,사립,기존,충북,유원대학교,예체능계열,100,101,347,97,96.04,3.44,93.8562,2.183800000000005,14.4096,0.1535284829345317,8183830.6866999995
2017,대학교,사립,기존,충북,유원대학교,인문사회계열,360,366,1890,364,99.45,5.16,92.01,7.439999999999998,16.4752,0.1790587979567438,6610638.6483
2017,대학교,사립,기존,충북,유원대학교,자연과학계열,370,374,2273,371,99.2,6.08,98.4137,0.7862999999999971,2.5098,0.0255025469014984,8256969.7883
2017,대학교,사립,기존,대전,을지대학교,자연과학계열,147,147,3201,147,100.0,21.78,99.9171,0.082899999999995,0.2192,0.0021938186756821,10033003.3331
2017,대학교,사립,기존,경기,을지대학교 _제2캠퍼스,예체능계열,71,72,587,72,100.0,8.15,97.4308,2.569199999999995,9.0321,0.0927027182369435,9152434.32
2017,대학교,사립,기존,경기,을지대학교 _제2캠퍼스,인문사회계열,156,156,1768,156,100.0,11.33,93.3506,6.6494,17.0845,0.1830143566297377,8208537.840000001
2017,대학교,사립,기존,경기,을지대학교 _제2캠퍼스,자연과학계열,645,651,10847,649,99.69,16.66,99.5817,0.1082999999999998,0.7173,0.0072031306957001,9009712.329699999
2017,대학교,사립,기존,서울,이화여자대학교,공학계열,514,515,6275,211,40.97,12.18,95.3907,-54.4207,15.5975,0.163511746952271,9779742.8095
2017,대학교,사립,기존,서울,이화여자대학교,예체능계열,494,494,4557,169,34.21,9.22,97.547,-63.337,11.97,0.1227100782187048,10339114.7046
2017,대학교,사립,기존,서울,이화여자대학교,인문사회계열,1278,1280,14770,774,60.47,11.54,96.8637,-36.3937,8.7752,0.0905932769448204,7792587.0852
2017,대학교,사립,기존,서울,이화여자대학교,자연과학계열,718,719,9391,458,63.7,13.06,98.1771,-34.47709999999999,6.9116,0.0703993090038308,9318137.3997
2017,대학교,사립,기존,경남,인제대학교,공학계열,1055,1056,5324,1061,100.47,5.04,95.872,4.597999999999999,7.9176,0.0825851134846462,7980644.8903
2017,대학교,사립,기존,경남,인제대학교,예체능계열,75,76,513,76,100.0,6.75,99.665,0.3349999999999937,0.5416,0.0054342045853609,7513880.3006
2017,대학교,사립,기존,경남,인제대학교,인문사회계열,615,617,3560,618,100.16,5.77,95.51,4.649999999999992,5.4298,0.056850591561093,5895817.1405
2017,대학교,사립,기존,경남,인제대학교,자연과학계열,343,343,2757,344,100.29,8.04,99.3267,0.9633000000000038,1.3235,0.0133247153081699,7671029.549699999
2017,대학교,사립,기존,인천,인천가톨릭대학교,인문사회계열,25,25,26,22,88.0,1.04,95.9733,-7.973299999999995,6.9052,0.0719491775316676,5270100.0
2017,대학교,사립,기존,인천,인천가톨릭대학교 _제2캠퍼스,예체능계열,115,115,895,115,100.0,7.78,100.0,0.0,0.0,0.0,8522931.1315
2017,대학교,사립,기존,인천,인천가톨릭대학교 _제2캠퍼스,자연과학계열,40,40,196,40,100.0,4.9,100.0,0.0,0.0,0.0,8815150.0
2017,대학교,국립대법인,기존,인천,인천대학교,공학계열,997,998,7194,996,99.8,7.21,99.8,0.0,0.0,0.0,5306574.6032
2017,대학교,국립대법인,기존,인천,인천대학교,예체능계열,284,286,3078,286,100.0,10.76,100.0,0.0,0.0,0.0,5003335.7143
2017,대학교,국립대법인,기존,인천,인천대학교,인문사회계열,975,980,6535,978,99.8,6.67,99.8,0.0,0.0,0.0,4275767.9643
2017,대학교,국립대법인,기존,인천,인천대학교,자연과학계열,236,236,2073,235,99.58,8.78,99.58,0.0,0.0,0.0,4649673.3333
2017,대학교,사립,기존,인천,인하대학교,공학계열,1479,1486,29340,1486,100.0,19.74,100.0,0.0,0.0,0.0,8865232.7213
2017,대학교,사립,기존,인천,인하대학교,예체능계열,190,193,3823,193,100.0,19.81,100.0,0.0,0.0,0.0,8788302.9549
2017,대학교,사립,기존,인천,인하대학교,인문사회계열,1235,1244,18322,1243,99.92,14.73,95.9733,3.946700000000007,6.9052,0.0719491775316676,7140757.6154
2017,대학교,사립,기존,인천,인하대학교,자연과학계열,492,498,12417,498,100.0,24.93,100.0,0.0,0.0,0.0,8566799.591699999
2017,대학교,사립,기존,서울,장로회신학대학교,예체능계열,50,50,248,50,100.0,4.96,97.547,2.453000000000003,11.97,0.1227100782187048,8918550.0
2017,대학교,사립,기존,서울,장로회신학대학교,인문사회계열,100,100,361,100,100.0,3.61,96.8637,3.1363000000000056,8.7752,0.0905932769448204,6324550.0
2017,대학교,국립,기존,광주,전남대학교,공학계열,764,765,5444,765,100.0,7.12,100.0,0.0,0.0,0.0,4425547.3805
2017,대학교,국립,기존,광주,전남대학교,예체능계열,212,213,627,213,100.0,2.94,100.0,0.0,0.0,0.0,4560547.618899999
2017,대학교,국립,기존,광주,전남대학교,인문사회계열,1060,1065,5984,1065,100.0,5.62,99.845,0.1550000000000011,0.2192,0.0021954028744554,3530621.9717
2017,대학교,국립,기존,광주,전남대학교,자연과학계열,1108,1110,7151,1107,99.73,6.44,99.73,0.0,0.0,0.0,4310425.5612
2017,대학교,국립,기존,전남,전남대학교 _제2캠퍼스,공학계열,298,302,1869,300,99.34,6.19,99.0075,0.3325000000000102,1.0337,0.0104406231851122,4445227.0131
2017,대학교,국립,기존,전남,전남대학교 _제2캠퍼스,인문사회계열,240,242,1324,240,99.17,5.47,99.3833,-0.2133000000000038,0.2101,0.0021140372678307,3683881.6160999998
2017,대학교,국립,기존,전남,전남대학교 _제2캠퍼스,자연과학계열,208,210,1021,207,98.57,4.86,99.4,-0.8300000000000125,0.7422,0.0074668008048289,4146822.8571
2017,대학교,국립,기존,전북,전북대학교,공학계열,1342,1345,8251,1343,99.85,6.13,99.925,-0.0750000000000028,0.1061,0.0010617963472604,4610351.6372
2017,대학교,국립,기존,전북,전북대학교,예체능계열,176,177,823,177,100.0,4.65,100.0,0.0,0.0,0.0,4666828.571
2017,대학교,국립,기존,전북,전북대학교,인문사회계열,1145,1147,6712,1143,99.65,5.85,99.7667,-0.1166999999999944,0.2021,0.0020257260188018,3396788.9909999995
2017,대학교,국립,기존,전북,전북대학교,자연과학계열,1078,1080,8075,1078,99.81,7.48,99.905,-0.0949999999999988,0.1344,0.0013452780141134,4434490.6007
2017,교육대학,국립,기존,전북,전주교육대학교,인문사회계열,285,285,1073,284,99.65,3.76,99.7667,-0.1166999999999944,0.2021,0.0020257260188018,3363000.0
2017,대학교,사립,기존,전북,전주대학교,공학계열,525,529,3511,528,99.81,6.64,97.715,2.094999999999999,3.7651,0.0385314434836002,8233747.458
2017,대학교,사립,기존,전북,전주대학교,예체능계열,367,368,2030,368,100.0,5.52,88.0857,11.914299999999995,26.2655,0.2981812030783657,7895991.7185
2017,대학교,사립,기존,전북,전주대학교,인문사회계열,1125,1133,6359,1131,99.82,5.61,82.2057,17.6143,34.3688,0.4180829309889703,6563347.2249
2017,대학교,사립,기존,전북,전주대학교,자연과학계열,495,497,3936,495,99.6,7.92,93.3129,6.287099999999995,15.7873,0.1691866826558814,7561820.089
2017,기술대학,사립,기존,서울,정석대학,공학계열,25,75,28,28,37.33,0.37,95.3907,-58.0607,15.5975,0.163511746952271,0.0
2017,기술대학,사립,기존,서울,정석대학,인문사회계열,0,25,19,19,76.0,0.76,96.8637,-20.863699999999994,8.7752,0.0905932769448204,0.0
2017,대학교,사립,기존,제주,제주국제대학교,공학계열,177,177,318,133,75.14,1.8,75.14,0.0,0.0,0.0,6619315.251700001
2017,대학교,사립,기존,제주,제주국제대학교,예체능계열,185,185,232,114,61.62,1.25,61.62,0.0,0.0,0.0,6416281.3363
2017,대학교,사립,기존,제주,제주국제대학교,인문사회계열,373,373,548,195,52.28,1.47,52.28,0.0,0.0,0.0,6046847.771500001
2017,대학교,국립,기존,제주,제주대학교,공학계열,388,388,1640,385,99.23,4.23,99.23,0.0,0.0,0.0,4396723.9253
2017,대학교,국립,기존,제주,제주대학교,예체능계열,152,152,396,152,100.0,2.61,100.0,0.0,0.0,0.0,4279282.3033
2017,대학교,국립,기존,제주,제주대학교,인문사회계열,921,923,5435,911,98.7,5.89,98.7,0.0,0.0,0.0,3337737.6269
2017,대학교,국립,기존,제주,제주대학교,자연과학계열,629,632,4193,624,98.73,6.63,98.73,0.0,0.0,0.0,4202976.9812
2017,대학교,사립,기존,광주,조선대학교,공학계열,1414,1418,7052,1417,99.93,4.97,97.242,2.6880000000000024,5.3015,0.0545186236399909,7956486.772400001
2017,대학교,사립,기존,광주,조선대학교,예체능계열,487,487,2419,487,100.0,4.97,99.57,0.4300000000000068,1.0603,0.0106487897961233,7660610.115099999
2017,대학교,사립,기존,광주,조선대학교,인문사회계열,1693,1698,6938,1696,99.88,4.09,97.18,2.6999999999999886,6.6911,0.0688526445770734,6194613.6739
2017,대학교,사립,기존,광주,조선대학교,자연과학계열,706,707,5429,706,99.86,7.68,99.6017,0.2583000000000055,0.4264,0.004281051427837,7556035.108
2017,대학교,사립,기존,충남,중부대학교,공학계열,500,503,3789,503,100.0,7.53,92.7829,7.217100000000002,24.8602,0.2679394586718027,7877488.5838
2017,대학교,사립,기존,충남,중부대학교,예체능계열,405,360,4455,406,112.78,12.38,96.2438,16.536200000000008,17.3753,0.1805342266203121,8049557.456200001
2017,대학교,사립,기존,충남,중부대학교,인문사회계열,937,941,6135,936,99.47,6.52,93.3347,6.135300000000001,23.0789,0.2472703078276354,6872869.2114
2017,대학교,사립,기존,충남,중부대학교,자연과학계열,103,103,1218,103,100.0,11.83,96.4246,3.575400000000002,10.2411,0.1062083742115601,7430537.0619
2017,대학교,사립,기존,서울,중앙대학교,공학계열,877,883,25950,876,99.21,29.39,95.3907,3.8192999999999984,15.5975,0.163511746952271,9475354.7006
2017,대학교,사립,기존,서울,중앙대학교,예체능계열,30,130,5811,130,100.0,44.7,97.547,2.453000000000003,11.97,0.1227100782187048,9344610.0
2017,대학교,사립,기존,서울,중앙대학교,인문사회계열,111,1699,38457,1691,99.53,22.64,96.8637,2.6663000000000068,8.7752,0.0905932769448204,7381507.4074
2017,대학교,사립,기존,서울,중앙대학교,자연과학계열,386,560,15244,553,98.75,27.22,98.1771,0.5729000000000042,6.9116,0.0703993090038308,9230688.0561
2017,대학교,사립,기존,경기,중앙대학교 _제2캠퍼스,예체능계열,120,743,8467,741,99.73,11.4,97.4308,2.299199999999999,9.0321,0.0927027182369435,9729359.533
2017,대학교,사립,기존,경기,중앙대학교 _제2캠퍼스,자연과학계열,0,320,2737,318,99.38,8.55,99.5817,-0.2017000000000024,0.7173,0.0072031306957001,8491900.0
2017,대학교,사립,기존,충북,중원대학교,공학계열,280,279,1729,272,97.49,6.2,99.2871,-1.7971000000000004,0.911,0.0091754115086451,8080260.8619
2017,대학교,사립,기존,충북,중원대학교,예체능계열,145,145,519,144,99.31,3.58,93.8562,5.453800000000001,14.4096,0.1535284829345317,7763567.868000001
2017,대학교,사립,기존,충북,중원대학교,인문사회계열,324,324,2364,267,82.41,7.3,92.01,-9.600000000000009,16.4752,0.1790587979567438,6537522.103
2017,대학교,사립,기존,충북,중원대학교,자연과학계열,295,296,1568,274,92.57,5.3,98.4137,-5.8437000000000126,2.5098,0.0255025469014984,8069134.1912
2017,교육대학,국립,기존,경남,진주교육대학교,인문사회계열,319,319,2445,0,0.0,7.66,74.705,-74.705,49.8038,0.6666729134596079,3530769.9099
2017,대학교,사립,기존,경기,차의과학대학교,인문사회계열,246,246,1216,245,99.59,4.94,93.3506,6.239400000000003,17.0845,0.1830143566297377,7450283.3333
2017,대학교,사립,기존,경기,차의과학대학교,자연과학계열,264,264,1576,264,100.0,5.97,99.5817,0.4183000000000021,0.7173,0.0072031306957001,7843679.7316
2017,대학교,사립,기존,경남,창신대학교,공학계열,65,66,420,66,100.0,6.36,95.872,4.128,7.9176,0.0825851134846462,7609356.2853
2017,대학교,사립,기존,경남,창신대학교,예체능계열,70,70,219,70,100.0,3.13,99.665,0.3349999999999937,0.5416,0.0054342045853609,7269064.4947999995
2017,대학교,사립,기존,경남,창신대학교,인문사회계열,240,243,1313,228,93.83,5.4,95.51,-1.6800000000000068,5.4298,0.056850591561093,5842445.6301
2017,대학교,사립,기존,경남,창신대학교,자연과학계열,125,126,1188,126,100.0,9.43,99.3267,0.6732999999999976,1.3235,0.0133247153081699,6878807.6282
2017,산업대학,사립,기존,충남,청운대학교,공학계열,320,319,3154,300,94.04,9.89,92.7829,1.2571000000000083,24.8602,0.2679394586718027,7952545.4277
2017,산업대학,사립,기존,충남,청운대학교,예체능계열,355,360,3105,356,98.89,8.62,96.2438,2.6462000000000074,17.3753,0.1805342266203121,8161234.729799999
2017,산업대학,사립,기존,충남,청운대학교,인문사회계열,570,572,5241,561,98.08,9.16,93.3347,4.7453,23.0789,0.2472703078276354,7025628.9501
2017,산업대학,사립,기존,충남,청운대학교,자연과학계열,110,112,1604,106,94.64,14.32,96.4246,-1.7845999999999975,10.2411,0.1062083742115601,8086169.63
2017,교육대학,국립,기존,충북,청주교육대학교,인문사회계열,286,287,1842,0,0.0,6.42,74.8475,-74.8475,49.8992,0.6666782457663917,3323823.0769
2017,대학교,사립,기존,충북,청주대학교,공학계열,652,661,2972,658,99.55,4.5,99.2871,0.2629000000000019,0.911,0.0091754115086451,8754289.9597
2017,대학교,사립,기존,충북,청주대학교,예체능계열,356,358,4052,356,99.44,11.32,93.8562,5.5837999999999965,14.4096,0.1535284829345317,8631585.7241
2017,대학교,사립,기존,충북,청주대학교,인문사회계열,1159,1168,4952,1156,98.97,4.24,92.01,6.959999999999994,16.4752,0.1790587979567438,7251282.4284
2017,대학교,사립,기존,충북,청주대학교,자연과학계열,539,545,2928,542,99.45,5.37,98.4137,1.0362999999999971,2.5098,0.0255025469014984,8339846.856900001
2017,대학교,사립,기존,전남,초당대학교,공학계열,170,170,1078,170,100.0,6.34,76.1925,23.807500000000005,47.4618,0.6229195786986909,7345446.9833
2017,대학교,사립,기존,전남,초당대학교,예체능계열,100,100,268,100,100.0,2.68,83.5375,16.462500000000006,32.925,0.3941343707915606,6816277.0534
2017,대학교,사립,기존,전남,초당대학교,인문사회계열,265,267,1608,264,98.88,6.02,71.1257,27.7543,39.0943,0.5496508294470213,5760803.647299999
2017,대학교,사립,기존,전남,초당대학교,자연과학계열,265,268,2060,268,100.0,7.69,88.01,11.989999999999997,26.6041,0.3022849676173161,6877806.615700001
2017,대학교,사립,기존,서울,총신대학교,예체능계열,60,60,308,59,98.33,5.13,97.547,0.7830000000000013,11.97,0.1227100782187048,9334493.209999999
2017,대학교,사립,기존,서울,총신대학교,인문사회계열,300,301,1385,301,100.0,4.6,96.8637,3.1363000000000056,8.7752,0.0905932769448204,7143588.522499999
2017,대학교,사립,기존,서울,추계예술대학교,예체능계열,225,226,3107,226,100.0,13.75,97.547,2.453000000000003,11.97,0.1227100782187048,9602286.838
2017,대학교,사립,기존,서울,추계예술대학교,인문사회계열,65,67,843,67,100.0,12.58,96.8637,3.1363000000000056,8.7752,0.0905932769448204,7307010.1865
2017,교육대학,국립,기존,강원,춘천교육대학교,인문사회계열,321,321,2767,0,0.0,8.62,79.67,-79.67,44.5381,0.5590322580645161,3269603.7791999998
2017,대학교,국립,기존,대전,충남대학교,공학계열,1000,1004,9550,1004,100.0,9.51,99.96,0.0400000000000062,0.0566,0.0005662264905962,4899340.2299999995
2017,대학교,국립,기존,대전,충남대학교,예체능계열,208,208,907,208,100.0,4.36,100.0,0.0,0.0,0.0,4682638.889
2017,대학교,국립,기존,대전,충남대학교,인문사회계열,1111,1113,7957,1109,99.64,7.15,99.82,-0.1799999999999926,0.2546,0.002550591063915,3461409.6468
2017,대학교,국립,기존,대전,충남대학교,자연과학계열,1073,1079,10720,1074,99.54,9.94,99.54,0.0,0.0,0.0,4289067.3703000005
2017,대학교,국립,기존,충북,충북대학교,공학계열,880,882,7819,881,99.89,8.87,99.8733,0.0167000000000001,0.1358,0.001359722768748,4666339.052399999
2017,대학교,국립,기존,충북,충북대학교,예체능계열,63,63,318,63,100.0,5.05,100.0,0.0,0.0,0.0,4497002.6665
2017,대학교,국립,기존,충북,충북대학교,인문사회계열,895,896,8004,896,100.0,8.93,74.8475,25.152500000000003,49.8992,0.6666782457663917,3582758.2489
2017,대학교,국립,기존,충북,충북대학교,자연과학계열,900,900,8184,898,99.78,9.09,99.72,0.0600000000000022,0.3143,0.0031518251103088,4441999.217499999
2017,대학교,사립,기존,경기,칼빈대학교,인문사회계열,81,83,162,63,75.9,1.95,93.3506,-17.450599999999994,17.0845,0.1830143566297377,7350174.352
2017,대학교,사립,기존,경기,평택대학교,공학계열,210,210,1840,210,100.0,8.76,97.93,2.069999999999993,8.1437,0.083158378433575,8425696.6
2017,대학교,사립,기존,경기,평택대학교,예체능계열,155,156,3200,158,101.28,20.51,97.4308,3.849199999999996,9.0321,0.0927027182369435,9197230.512
2017,대학교,사립,기존,경기,평택대학교,인문사회계열,370,368,4366,369,100.27,11.86,93.3506,6.919399999999996,17.0845,0.1830143566297377,7159925.7535
2017,대학교,사립,기존,경기,평택대학교,자연과학계열,120,119,1188,118,99.16,9.98,99.5817,-0.4217000000000013,0.7173,0.0072031306957001,8294379.7433
2017,대학교,사립,기존,경북,포항공과대학교,공학계열,250,250,1727,242,96.8,6.91,93.0717,3.72829999999999,17.6451,0.1895860933022605,5890030.635
2017,대학교,국립,기존,경기,한경국립대학교,공학계열,629,634,3980,630,99.37,6.28,99.37,0.0,0.0,0.0,4174192.7188
2017,대학교,국립,기존,경기,한경국립대학교,예체능계열,77,77,439,76,98.7,5.7,98.7,0.0,0.0,0.0,4188322.6666
2017,대학교,국립,기존,경기,한경국립대학교,인문사회계열,199,202,1246,201,99.5,6.17,99.5,0.0,0.0,0.0,3663961.0
2017,대학교,국립,기존,경기,한경국립대학교,자연과학계열,297,300,1782,297,99.0,5.94,99.0,0.0,0.0,0.0,3981527.4545
2017,대학교,사립,기존,경기,한국공학대학교,공학계열,1132,1137,12895,1132,99.56,11.34,97.93,1.6299999999999957,8.1437,0.083158378433575,9584528.1612
2017,대학교,사립,기존,경기,한국공학대학교,인문사회계열,143,145,1335,145,100.0,9.21,93.3506,6.6494,17.0845,0.1830143566297377,8740821.112
2017,대학교,특별법법인,기존,대전,한국과학기술원,공학계열,610,447,3738,455,101.79,8.36,101.79,0.0,0.0,0.0,6979464.285699999
2017,대학교,국립,기존,충북,한국교원대학교,공학계열,20,20,121,20,100.0,6.05,99.8733,0.1266999999999996,0.1358,0.001359722768748,3602000.0
2017,대학교,국립,기존,충북,한국교원대학교,예체능계열,59,59,533,59,100.0,9.03,100.0,0.0,0.0,0.0,3803333.3329999996
2017,대학교,국립,기존,충북,한국교원대학교,인문사회계열,305,305,3345,305,100.0,10.97,74.8475,25.152500000000003,49.8992,0.6666782457663917,2876736.3636
2017,대학교,국립,기존,충북,한국교원대학교,자연과학계열,162,162,1134,161,99.38,7.0,99.72,-0.3400000000000034,0.3143,0.0031518251103088,3511312.5
2017,대학교,사립,기존,충남,한국기술교육대학교,공학계열,720,720,4372,720,100.0,6.07,92.7829,7.217100000000002,24.8602,0.2679394586718027,4802551.0685
2017,대학교,사립,기존,충남,한국기술교육대학교,인문사회계열,116,115,727,114,99.13,6.32,93.3347,5.7952999999999975,23.0789,0.2472703078276354,3404779.3049999997
2017,방송통신대학,국립,기존,서울,한국방송통신대학교,공학계열,3300,3300,940,797,24.15,0.28,61.65,-37.5,53.033,0.8602270884022709,1469650.7
2017,방송통신대학,국립,기존,서울,한국방송통신대학교,인문사회계열,45500,45500,15210,12695,27.9,0.33,42.2233,-14.323300000000003,50.919,1.2059455324429875,786481.72331
2017,방송통신대학,국립,기존,서울,한국방송통신대학교,자연과학계열,8900,8900,3079,2557,28.73,0.35,62.7,-33.97,48.0408,0.766200956937799,731590.0
2017,대학교,사립,기존,서울,한국성서대학교,공학계열,35,34,293,33,97.06,8.62,95.3907,1.669300000000007,15.5975,0.163511746952271,7827665.0
2017,대학교,사립,기존,서울,한국성서대학교,인문사회계열,160,161,730,162,100.62,4.53,96.8637,3.75630000000001,8.7752,0.0905932769448204,6970768.0
2017,대학교,사립,기존,서울,한국성서대학교,자연과학계열,45,45,759,46,102.22,16.87,98.1771,4.042900000000003,6.9116,0.0703993090038308,8179665.0
2017,각종학교(대학),특별법국립,기존,서울,한국예술종합학교,공학계열,20,20,121,17,85.0,6.05,85.0,0.0,0.0,0.0,4816720.0
2017,각종학교(대학),특별법국립,기존,서울,한국예술종합학교,예체능계열,506,506,12095,491,97.04,23.9,97.04,0.0,0.0,0.0,4851206.6667
2017,각종학교(대학),특별법국립,기존,서울,한국예술종합학교,인문사회계열,32,32,785,32,100.0,24.53,100.0,0.0,0.0,0.0,4850200.0
2017,대학교,사립,기존,서울,한국외국어대학교,공학계열,284,287,2195,283,98.61,7.65,95.3907,3.219300000000004,15.5975,0.163511746952271,8915992.8777
2017,대학교,사립,기존,서울,한국외국어대학교,인문사회계열,2835,2852,38195,2827,99.12,13.39,96.8637,2.25630000000001,8.7752,0.0905932769448204,7379582.0342
2017,대학교,사립,기존,서울,한국외국어대학교,자연과학계열,258,264,2286,256,96.97,8.66,98.1771,-1.207099999999997,6.9116,0.0703993090038308,8349043.1207
2017,대학교,국립,기존,서울,한국체육대학교,예체능계열,590,594,2427,592,99.66,4.09,99.83,-0.1700000000000017,0.2404,0.0024080937593909,4168598.4249
2017,대학교,사립,기존,대전,한국침례신학대학교,예체능계열,65,65,132,65,100.0,2.03,99.9217,0.0782999999999987,0.1919,0.0019205037544397,8045784.3967
2017,대학교,사립,기존,대전,한국침례신학대학교,인문사회계열,295,295,572,281,95.25,1.94,90.6238,4.626199999999997,23.8732,0.2634319019948402,6116929.8135
2017,대학교,사립,기존,경기,한국항공대학교,공학계열,590,598,6122,594,99.33,10.24,97.93,1.3999999999999917,8.1437,0.083158378433575,9410669.8126
2017,대학교,사립,기존,경기,한국항공대학교,인문사회계열,120,122,879,121,99.18,7.2,93.3506,5.829400000000007,17.0845,0.1830143566297377,7236665.1434
2017,대학교,사립,기존,경기,한국항공대학교,자연과학계열,144,144,2075,145,100.69,14.41,99.5817,1.1082999999999998,0.7173,0.0072031306957001,8998027.3567
2017,대학교,사립,기존,대전,한남대학교,공학계열,687,691,3266,689,99.71,4.73,99.8467,-0.1367000000000047,0.1239,0.0012409023032308,8590165.5659
2017,대학교,사립,기존,대전,한남대학교,예체능계열,205,205,1503,205,100.0,7.33,99.9217,0.0782999999999987,0.1919,0.0019205037544397,8449529.6739
2017,대학교,사립,기존,대전,한남대학교,인문사회계열,1439,1446,5802,1446,100.0,4.01,90.6238,9.376199999999995,23.8732,0.2634319019948402,6797273.264
2017,대학교,사립,기존,대전,한남대학교,자연과학계열,344,345,1794,343,99.42,5.2,99.9171,-0.4971000000000032,0.2192,0.0021938186756821,7917873.799799999
2017,대학교,사립,기존,경북,한동대학교,인문사회계열,0,731,3027,729,99.73,4.14,87.9947,11.73530000000001,27.9084,0.3171600107733761,6320225.0
2017,대학교,사립,기존,강원,한라대학교,공학계열,490,491,2441,491,100.0,4.97,85.6029,14.397099999999996,36.098,0.4216913212052395,7975056.5361
2017,대학교,사립,기존,강원,한라대학교,예체능계열,40,40,149,36,90.0,3.72,89.2486,0.7514000000000038,21.1455,0.2369280862668994,8031978.495999999
2017,대학교,사립,기존,강원,한라대학교,인문사회계열,365,366,2028,366,100.0,5.54,86.9875,13.012500000000005,30.8286,0.3544026440580543,6418224.5022
2017,대학교,사립,기존,강원,한림대학교,공학계열,207,208,932,206,99.04,4.48,85.6029,13.4371,36.098,0.4216913212052395,8800964.4806
2017,대학교,사립,기존,강원,한림대학교,예체능계열,53,53,240,53,100.0,4.53,89.2486,10.751400000000004,21.1455,0.2369280862668994,8687647.0
2017,대학교,사립,기존,강원,한림대학교,인문사회계열,890,895,3885,889,99.33,4.34,86.9875,12.3425,30.8286,0.3544026440580543,7236342.6677
2017,대학교,사립,기존,강원,한림대학교,자연과학계열,561,561,3231,560,99.82,5.76,94.5543,5.265699999999995,13.1063,0.1386113587642233,8527291.877
2017,대학교,사립,기존,충남,한서대학교,공학계열,482,486,5520,486,100.0,11.36,92.7829,7.217100000000002,24.8602,0.2679394586718027,8730890.029099999
2017,대학교,사립,기존,충남,한서대학교,예체능계열,360,366,2628,368,100.55,7.18,96.2438,4.306200000000004,17.3753,0.1805342266203121,8385486.8201
2017,대학교,사립,기존,충남,한서대학교,인문사회계열,365,367,8116,368,100.27,22.11,93.3347,6.935299999999998,23.0789,0.2472703078276354,7192987.519400001
2017,대학교,사립,기존,충남,한서대학교,자연과학계열,421,423,3529,424,100.24,8.34,96.4246,3.815399999999997,10.2411,0.1062083742115601,8123223.5722
2017,대학교,사립,기존,서울,한성대학교,공학계열,424,425,3221,424,99.76,7.58,95.3907,4.36930000000001,15.5975,0.163511746952271,8768827.9182
2017,대학교,사립,기존,서울,한성대학교,예체능계열,268,269,3454,269,100.0,12.84,97.547,2.453000000000003,11.97,0.1227100782187048,9000205.2592
2017,대학교,사립,기존,서울,한성대학교,인문사회계열,766,771,5967,768,99.61,7.74,96.8637,2.746300000000005,8.7752,0.0905932769448204,6929109.3287
2017,대학교,사립,기존,경기,한세대학교,공학계열,52,52,556,52,100.0,10.69,97.93,2.069999999999993,8.1437,0.083158378433575,9457653.465
2017,대학교,사립,기존,경기,한세대학교,예체능계열,187,188,2853,188,100.0,15.18,97.4308,2.569199999999995,9.0321,0.0927027182369435,10095622.021
2017,대학교,사립,기존,경기,한세대학교,인문사회계열,326,328,2255,326,99.39,6.88,93.3506,6.0394000000000005,17.0845,0.1830143566297377,7724254.7204
2017,대학교,사립,기존,경기,한세대학교,자연과학계열,25,26,213,26,100.0,8.19,99.5817,0.4183000000000021,0.7173,0.0072031306957001,8855625.0
2017,대학교,사립,기존,경기,한신대학교,공학계열,227,227,2670,227,100.0,11.76,97.93,2.069999999999993,8.1437,0.083158378433575,8664905.3335
2017,대학교,사립,기존,경기,한신대학교,예체능계열,35,35,318,35,100.0,9.09,97.4308,2.569199999999995,9.0321,0.0927027182369435,8421620.0
2017,대학교,사립,기존,경기,한신대학교,인문사회계열,806,809,6555,805,99.51,8.1,93.3506,6.159400000000005,17.0845,0.1830143566297377,7318036.6787
2017,대학교,사립,기존,경기,한신대학교,자연과학계열,122,123,1251,123,100.0,10.17,99.5817,0.4183000000000021,0.7173,0.0072031306957001,7953270.0
2017,대학교,사립,기존,서울,한양대학교,공학계열,1072,1076,25813,1072,99.63,23.99,95.3907,4.2393,15.5975,0.163511746952271,9886809.9748
2017,대학교,사립,기존,서울,한양대학교,예체능계열,288,289,6143,286,98.96,21.26,97.547,1.4129999999999967,11.97,0.1227100782187048,10221140.977500001
2017,대학교,사립,기존,서울,한양대학교,인문사회계열,982,983,18616,980,99.69,18.94,96.8637,2.826300000000004,8.7752,0.0905932769448204,7785873.2256
2017,대학교,사립,기존,서울,한양대학교,자연과학계열,462,463,9732,462,99.78,21.02,98.1771,1.602900000000005,6.9116,0.0703993090038308,9004722.0955
2017,대학교,사립,기존,전북,한일장신대학교,예체능계열,32,32,46,29,90.62,1.44,88.0857,2.5343000000000018,26.2655,0.2981812030783657,7461399.9667
2017,대학교,사립,기존,전북,한일장신대학교,인문사회계열,145,145,250,111,76.55,1.72,82.2057,-5.655699999999996,34.3688,0.4180829309889703,5942602.783299999
2017,대학교,사립,기존,전북,한일장신대학교,자연과학계열,52,52,323,52,100.0,6.21,93.3129,6.687100000000001,15.7873,0.1691866826558814,7150600.0
2017,대학교,사립,기존,경기,협성대학교,공학계열,151,152,1109,151,99.34,7.3,97.93,1.4099999999999966,8.1437,0.083158378433575,9064963.578
2017,대학교,사립,기존,경기,협성대학교,예체능계열,177,172,2400,172,100.0,13.95,97.4308,2.569199999999995,9.0321,0.0927027182369435,8932144.9822
2017,대학교,사립,기존,경기,협성대학교,인문사회계열,629,635,3365,629,99.06,5.3,93.3506,5.709400000000002,17.0845,0.1830143566297377,6984830.553
2017,대학교,사립,기존,경기,협성대학교,자연과학계열,83,83,376,81,97.59,4.53,99.5817,-1.9916999999999945,0.7173,0.0072031306957001,8927765.47
2017,대학교,사립,기존,광주,호남대학교,공학계열,417,417,2374,416,99.76,5.69,97.242,2.5180000000000007,5.3015,0.0545186236399909,7187440.045700001
2017,대학교,사립,기존,광주,호남대학교,예체능계열,267,267,1206,267,100.0,4.52,99.57,0.4300000000000068,1.0603,0.0106487897961233,7116263.2773
2017,대학교,사립,기존,광주,호남대학교,인문사회계열,494,494,3164,494,100.0,6.4,97.18,2.819999999999993,6.6911,0.0688526445770734,6169440.701199999
2017,대학교,사립,기존,광주,호남대학교,자연과학계열,384,386,3538,385,99.74,9.17,99.6017,0.1383000000000009,0.4264,0.004281051427837,7047684.2058
2017,대학교,사립,기존,광주,호남신학대학교,예체능계열,60,60,118,60,100.0,1.97,99.57,0.4300000000000068,1.0603,0.0106487897961233,8219966.62
2017,대학교,사립,기존,광주,호남신학대학교,인문사회계열,93,93,119,75,80.65,1.28,97.18,-16.53,6.6911,0.0688526445770734,6059537.995
2017,대학교,사립,기존,충남,호서대학교,공학계열,1157,1160,6415,1160,100.0,5.53,92.7829,7.217100000000002,24.8602,0.2679394586718027,8562796.841400001
2017,대학교,사립,기존,충남,호서대학교,예체능계열,421,421,5707,421,100.0,13.56,96.2438,3.756200000000007,17.3753,0.1805342266203121,8450587.001600001
2017,대학교,사립,기존,충남,호서대학교,인문사회계열,953,955,6656,947,99.16,6.97,93.3347,5.825299999999999,23.0789,0.2472703078276354,7180762.862000001
2017,대학교,사립,기존,충남,호서대학교,자연과학계열,350,352,2960,350,99.43,8.41,96.4246,3.0054000000000087,10.2411,0.1062083742115601,8042013.218799999
2017,산업대학,사립,기존,전북,호원대학교,공학계열,310,303,1402,279,92.08,4.63,97.715,-5.635000000000005,3.7651,0.0385314434836002,7357384.1281
2017,산업대학,사립,기존,전북,호원대학교,예체능계열,345,346,10777,340,98.27,31.15,88.0857,10.184299999999991,26.2655,0.2981812030783657,7355849.6809
2017,산업대학,사립,기존,전북,호원대학교,인문사회계열,300,306,1807,286,93.46,5.91,82.2057,11.2543,34.3688,0.4180829309889703,6014201.2687
2017,산업대학,사립,기존,전북,호원대학교,자연과학계열,280,282,2621,271,96.1,9.29,93.3129,2.7870999999999952,15.7873,0.1691866826558814,7404782.151800001
2017,대학교,사립,기존,서울,홍익대학교,공학계열,1382,1406,14761,1385,98.51,10.5,95.3907,3.1193000000000097,15.5975,0.163511746952271,9592294.287
2017,대학교,사립,기존,서울,홍익대학교,예체능계열,393,393,2525,393,100.0,6.42,97.547,2.453000000000003,11.97,0.1227100782187048,9740720.0
2017,대학교,사립,기존,서울,홍익대학교,인문사회계열,667,679,8792,660,97.2,12.95,96.8637,0.3363000000000085,8.7752,0.0905932769448204,7510320.0
2017,대학교,사립,기존,서울,홍익대학교,자연과학계열,28,29,580,29,100.0,20.0,98.1771,1.822900000000004,6.9116,0.0703993090038308,7510320.0
2017,대학교,사립,기존,경기,화성의과학대학교,공학계열,60,61,231,37,60.66,3.79,97.93,-37.27000000000001,8.1437,0.083158378433575,7031550.0
2017,대학교,사립,기존,경기,화성의과학대학교,예체능계열,58,58,231,34,58.62,3.98,97.4308,-38.81080000000001,9.0321,0.0927027182369435,7319160.0
2017,대학교,사립,기존,경기,화성의과학대학교,인문사회계열,120,124,519,77,62.1,4.19,93.3506,-31.2506,17.0845,0.1830143566297377,6860215.0
2017,대학교,사립,기존,경기,화성의과학대학교,자연과학계열,40,40,427,40,100.0,10.68,99.5817,0.4183000000000021,0.7173,0.0072031306957001,8430750.0
2018,대학교,사립,기존,경남,가야대학교(김해),인문사회계열,189,192,1038,185,96.35,5.41,97.2286,-0.8786000000000058,3.5113,0.0361138595022452,6285689.1713
2018,대학교,사립,기존,경남,가야대학교(김해),자연과학계열,412,414,3138,392,94.69,7.58,95.4517,-0.7617000000000047,8.8366,0.0925766644281872,7510269.5528
2018,대학교,사립,기존,경기,가천대학교,공학계열,1250,1251,20926,1251,100.0,16.73,98.017,1.983000000000004,7.4934,0.0764500035708091,9498716.345900001
2018,대학교,사립,기존,경기,가천대학교,예체능계열,360,359,8529,359,100.0,23.76,98.4315,1.5685000000000002,6.5305,0.0663456312257763,9407052.0164
2018,대학교,사립,기존,경기,가천대학교,인문사회계열,1391,1391,21106,1391,100.0,15.17,94.0377,5.962299999999999,16.6613,0.1771768131292024,7554649.974599999
2018,대학교,사립,기존,경기,가천대학교,자연과학계열,753,754,15521,754,100.0,20.58,99.6129,0.3871000000000038,0.662,0.0066457256038123,8922657.2178
2018,대학교,사립,기존,강원,가톨릭관동대학교,예체능계열,335,337,1734,335,99.41,5.15,98.654,0.7560000000000002,1.6423,0.0166470695562268,8425735.2889
2018,대학교,사립,기존,강원,가톨릭관동대학교,인문사회계열,901,907,3687,902,99.45,4.07,98.4314,1.0186000000000064,3.2114,0.0326257677936105,6447164.3977
2018,대학교,사립,기존,강원,가톨릭관동대학교,자연과학계열,379,380,2083,379,99.74,5.48,99.43,0.309999999999988,0.8047,0.0080931308458211,7854516.76
2018,대학교,사립,기존,충북,가톨릭꽃동네대학교,인문사회계열,68,68,151,68,100.0,2.22,92.5089,7.491100000000003,19.9186,0.2153154993735738,7015880.82
2018,대학교,사립,기존,충북,가톨릭꽃동네대학교,자연과학계열,40,40,222,40,100.0,5.55,99.3825,0.6175000000000068,0.4857,0.004887178326164,8202801.470000001
2018,대학교,사립,기존,경기,가톨릭대학교,공학계열,333,335,3270,335,100.0,9.76,98.017,1.983000000000004,7.4934,0.0764500035708091,8636128.5231
2018,대학교,사립,기존,경기,가톨릭대학교,예체능계열,45,45,284,45,100.0,6.31,98.4315,1.5685000000000002,6.5305,0.0663456312257763,9147100.0
2018,대학교,사립,기존,경기,가톨릭대학교,인문사회계열,828,830,6783,829,99.88,8.17,94.0377,5.8422999999999945,16.6613,0.1771768131292024,6477322.5715
2018,대학교,사립,기존,경기,가톨릭대학교,자연과학계열,266,267,2285,267,100.0,8.56,99.6129,0.3871000000000038,0.662,0.0066457256038123,7654238.948000001
2018,대학교,사립,기존,서울,가톨릭대학교 _제2캠퍼스,자연과학계열,145,145,4564,145,100.0,31.48,97.4421,2.557900000000004,9.5176,0.0976744138313932,9181500.0
2018,대학교,사립,기존,서울,가톨릭대학교 _제3캠퍼스,인문사회계열,50,50,57,49,98.0,1.14,97.7995,0.2005000000000052,9.3063,0.0951569282051544,6707100.0
2018,대학교,사립,기존,서울,감리교신학대학교,인문사회계열,200,200,341,198,99.0,1.7,97.7995,1.2005000000000052,9.3063,0.0951569282051544,6279599.75
2018,대학교,사립,기존,경기,강남대학교,공학계열,358,360,2336,356,98.89,6.49,98.017,0.8730000000000047,7.4934,0.0764500035708091,9140874.447900001
2018,대학교,사립,기존,경기,강남대학교,예체능계열,151,152,1577,151,99.34,10.38,98.4315,0.9085000000000036,6.5305,0.0663456312257763,9773847.301199999
2018,대학교,사립,기존,경기,강남대학교,인문사회계열,982,989,6405,984,99.49,6.48,94.0377,5.452299999999994,16.6613,0.1771768131292024,7289774.088500001
2018,대학교,사립,기존,서울,강서대학교,예체능계열,30,30,199,30,100.0,6.63,97.7283,2.271699999999996,11.9344,0.1221181581998254,8329527.498299999
2018,대학교,사립,기존,서울,강서대학교,인문사회계열,177,179,775,177,98.88,4.33,97.7995,1.080500000000001,9.3063,0.0951569282051544,6487835.2793
2018,대학교,국립,기존,강원,강원대학교,공학계열,687,691,5327,689,99.71,7.71,99.7825,-0.0725000000000051,0.3824,0.0038323353293413,4457172.4838
2018,대학교,국립,기존,강원,강원대학교,예체능계열,159,160,754,160,100.0,4.71,100.0,0.0,0.0,0.0,4624889.696799999
2018,대학교,국립,기존,강원,강원대학교,인문사회계열,1020,1022,7397,1019,99.71,7.24,79.562,20.148,44.4815,0.5590797114200247,3504016.7071999996
2018,대학교,국립,기존,강원,강원대학교,자연과학계열,1092,1099,8950,1095,99.64,8.14,99.7825,-0.1424999999999983,0.1597,0.0016004810462756,4236508.0345
2018,대학교,국립,기존,강원,강원대학교 _제2캠퍼스,공학계열,773,780,3514,776,99.49,4.51,99.7825,-0.292500000000004,0.3824,0.0038323353293413,4473097.386
2018,대학교,국립,기존,강원,강원대학교 _제2캠퍼스,예체능계열,205,205,829,205,100.0,4.04,100.0,0.0,0.0,0.0,4616720.0
2018,대학교,국립,기존,강원,강원대학교 _제2캠퍼스,인문사회계열,233,236,1462,232,98.31,6.19,79.562,18.748000000000005,44.4815,0.5590797114200247,3565585.4211999997
2018,대학교,국립,기존,강원,강원대학교 _제2캠퍼스,자연과학계열,318,318,2516,317,99.69,7.91,99.7825,-0.0925000000000011,0.1597,0.0016004810462756,4266800.0
2018,대학교,사립,기존,서울,건국대학교,공학계열,1240,1241,19093,1235,99.52,15.39,94.18,5.339999999999989,20.0519,0.2129103843703546,9615578.0033
2018,대학교,사립,기존,서울,건국대학교,예체능계열,305,305,5621,305,100.0,18.43,97.7283,2.271699999999996,11.9344,0.1221181581998254,9507387.3809
2018,대학교,사립,기존,서울,건국대학교,인문사회계열,928,940,17328,938,99.79,18.43,97.7995,1.9905000000000117,9.3063,0.0951569282051544,7406855.6382
2018,대학교,사립,기존,서울,건국대학교,자연과학계열,527,528,8739,522,98.86,16.55,97.4421,1.417900000000003,9.5176,0.0976744138313932,8611997.719
2018,대학교,사립,기존,충남,건양대학교,공학계열,190,191,1095,190,99.48,5.73,99.5515,-0.0715000000000003,0.8372,0.0084097175833613,7466888.94
2018,대학교,사립,기존,충남,건양대학교,예체능계열,55,55,423,55,100.0,7.69,99.5683,0.4317000000000064,1.2135,0.0121876139293329,7139887.0
2018,대학교,사립,기존,충남,건양대학교,인문사회계열,510,511,3090,510,99.8,6.05,99.4643,0.3357000000000028,0.8167,0.0082109862533592,6218394.6082999995
2018,대학교,사립,기존,충남,건양대학교,자연과학계열,120,120,722,120,100.0,6.02,101.1408,-1.1407999999999987,4.5742,0.0452260610950279,7249258.95
2018,대학교,사립,기존,대전,건양대학교 _제2캠퍼스,자연과학계열,533,533,5351,530,99.44,10.04,99.7271,-0.2870999999999952,0.2965,0.0029731136270883,7573915.607799999
2018,대학교,사립,기존,경기,경기대학교,공학계열,758,761,7476,759,99.74,9.82,98.017,1.722999999999999,7.4934,0.0764500035708091,8677932.0227
2018,대학교,사립,기존,경기,경기대학교,예체능계열,368,368,3348,367,99.73,9.1,98.4315,1.2985000000000042,6.5305,0.0663456312257763,8344889.3133000005
2018,대학교,사립,기존,경기,경기대학교,인문사회계열,1290,1296,13988,1293,99.77,10.79,94.0377,5.732299999999995,16.6613,0.1771768131292024,6778169.8632
2018,대학교,사립,기존,경기,경기대학교,자연과학계열,182,183,2066,183,100.0,11.29,99.6129,0.3871000000000038,0.662,0.0066457256038123,7740670.0428
2018,대학교,사립,기존,서울,경기대학교 _제2캠퍼스,예체능계열,102,103,4056,103,100.0,39.38,97.7283,2.271699999999996,11.9344,0.1221181581998254,8697898.9826
2018,대학교,사립,기존,서울,경기대학교 _제2캠퍼스,인문사회계열,188,188,2439,188,100.0,12.97,97.7995,2.200500000000005,9.3063,0.0951569282051544,6813704.331499999
2018,대학교,사립,기존,경남,경남대학교,공학계열,850,856,4118,855,99.88,4.81,93.14,6.739999999999995,15.0103,0.1611584711187459,7781344.8198
2018,대학교,사립,기존,경남,경남대학교,예체능계열,260,262,1469,262,100.0,5.61,97.7933,2.206699999999998,5.4052,0.0552716801662281,7717796.255
2018,대학교,사립,기존,경남,경남대학교,인문사회계열,1370,1379,5945,1365,98.98,4.31,97.2286,1.7514000000000038,3.5113,0.0361138595022452,5967887.922900001
2018,대학교,사립,기존,경남,경남대학교,자연과학계열,420,421,2559,420,99.76,6.08,95.4517,4.308300000000003,8.8366,0.0925766644281872,6713197.6832
2018,대학교,사립,기존,강원,경동대학교,인문사회계열,130,130,636,129,99.23,4.89,98.4314,0.7986000000000075,3.2114,0.0326257677936105,6333495.1069
2018,대학교,사립,기존,강원,경동대학교 _제3캠퍼스,자연과학계열,805,807,4015,806,99.88,4.98,99.43,0.4499999999999886,0.8047,0.0080931308458211,8929337.9875
2018,대학교,사립,기존,경기,경동대학교 _제4캠퍼스,공학계열,179,179,1648,179,100.0,9.21,98.017,1.983000000000004,7.4934,0.0764500035708091,8421344.4806
2018,대학교,사립,기존,경기,경동대학교 _제4캠퍼스,예체능계열,73,73,498,73,100.0,6.82,98.4315,1.5685000000000002,6.5305,0.0663456312257763,8628353.155
2018,대학교,사립,기존,경기,경동대학교 _제4캠퍼스,인문사회계열,428,428,2684,428,100.0,6.27,94.0377,5.962299999999999,16.6613,0.1771768131292024,6942094.8775
2018,대학교,국립,기존,대구,경북대학교,공학계열,1537,1544,15484,1537,99.55,10.03,99.55,0.0,0.0,0.0,4688370.0997
2018,대학교,국립,기존,대구,경북대학교,예체능계열,253,254,2410,254,100.0,9.49,100.0,0.0,0.0,0.0,4751584.643099999
2018,대학교,국립,기존,대구,경북대학교,인문사회계열,1292,1297,14942,1293,99.69,11.52,49.845,49.845,70.4915,1.4142140635971512,3685997.8326
2018,대학교,국립,기존,대구,경북대학교,자연과학계열,1481,1486,21453,1480,99.6,14.44,99.6,0.0,0.0,0.0,4518346.509000001
2018,대학교,국립,기존,경남,경상국립대학교,공학계열,912,913,7623,913,100.0,8.35,99.5667,0.4333000000000027,0.4509,0.0045286225213851,4376283.586200001
2018,대학교,국립,기존,경남,경상국립대학교,예체능계열,87,87,891,87,100.0,10.24,99.44,0.5600000000000023,0.9699,0.0097536202735317,4239314.2857
2018,대학교,국립,기존,경남,경상국립대학교,인문사회계열,1029,1029,7612,1029,100.0,7.4,74.7975,25.2025,49.8655,0.6666733513820648,3362927.6851999997
2018,대학교,국립,기존,경남,경상국립대학교,자연과학계열,981,982,8149,981,99.9,8.3,99.6367,0.263300000000001,0.2554,0.0025633125143646,4217432.2111
2018,대학교,사립,기존,부산,경성대학교,공학계열,735,738,5284,736,99.73,7.16,99.8412,-0.1111999999999966,0.3637,0.0036427847421705,7650945.4236
2018,대학교,사립,기존,부산,경성대학교,예체능계열,534,537,4959,535,99.63,9.23,99.8011,-0.1711000000000098,0.474,0.0047494466493856,7519741.2529
2018,대학교,사립,기존,부산,경성대학교,인문사회계열,1196,1201,7012,1199,99.83,5.84,99.928,-0.0979999999999989,0.0884,0.0008846369385957,5636320.983
2018,대학교,사립,기존,부산,경성대학교,자연과학계열,275,277,1751,277,100.0,6.32,100.114,-0.1140000000000043,0.4589,0.0045837744970733,7042399.8188
2018,대학교,사립,기존,경북,경운대학교,공학계열,492,492,2572,492,100.0,5.23,98.38,1.6200000000000043,3.0302,0.030800975808091,8434946.917
2018,대학교,사립,기존,경북,경운대학교,예체능계열,120,120,694,120,100.0,5.78,93.8675,6.132499999999993,15.1516,0.161414760167257,8346643.403299999
2018,대학교,사립,기존,경북,경운대학교,인문사회계열,189,189,1308,189,100.0,6.92,93.345,6.655000000000001,22.118,0.2369489528094702,6482449.6208
2018,대학교,사립,기존,경북,경운대학교,자연과학계열,383,383,3403,383,100.0,8.89,88.1392,11.860799999999998,25.1551,0.2854019550892225,8266151.0162
2018,교육대학,국립,기존,인천,경인교육대학교,인문사회계열,598,599,2625,0,0.0,4.38,0.0,0.0,0.0,0.0,3271700.0
2018,대학교,사립,기존,경북,경일대학교,공학계열,780,780,3553,775,99.36,4.56,98.38,0.980000000000004,3.0302,0.030800975808091,8063098.633300001
2018,대학교,사립,기존,경북,경일대학교,예체능계열,250,250,1126,250,100.0,4.5,93.8675,6.132499999999993,15.1516,0.161414760167257,8240672.462
2018,대학교,사립,기존,경북,경일대학교,인문사회계열,280,280,1458,275,98.21,5.21,93.345,4.864999999999995,22.118,0.2369489528094702,6011241.1915
2018,대학교,사립,기존,경북,경일대학교,자연과학계열,274,274,2272,272,99.27,8.29,88.1392,11.130799999999994,25.1551,0.2854019550892225,8087560.359999999
2018,대학교,사립,기존,서울,경희대학교,공학계열,1027,1030,18304,1023,99.32,17.77,94.18,5.139999999999986,20.0519,0.2129103843703546,9062900.8118
2018,대학교,사립,기존,서울,경희대학교,예체능계열,857,859,14612,855,99.53,17.01,97.7283,1.8016999999999967,11.9344,0.1221181581998254,9093880.5616
2018,대학교,사립,기존,서울,경희대학교,인문사회계열,1712,1717,29391,1716,99.94,17.12,97.7995,2.140500000000003,9.3063,0.0951569282051544,7020760.193299999
2018,대학교,사립,기존,서울,경희대학교,자연과학계열,1067,1072,26632,1070,99.81,24.84,97.4421,2.367900000000006,9.5176,0.0976744138313932,9144368.442
2018,대학교,사립,기존,대구,계명대학교,공학계열,891,896,7895,895,99.89,8.81,99.89,0.0,0.0,0.0,8636768.3534
2018,대학교,사립,기존,대구,계명대학교,예체능계열,838,839,5867,838,99.88,6.99,99.88,0.0,0.0,0.0,9011425.9595
2018,대학교,사립,기존,대구,계명대학교,인문사회계열,2270,2278,14441,2278,100.0,6.34,100.0,0.0,0.0,0.0,6457470.102
2018,대학교,사립,기존,대구,계명대학교,자연과학계열,606,609,6121,609,100.0,10.05,100.0,0.0,0.0,0.0,8435864.7963
2018,대학교,사립,기존,서울,고려대학교,공학계열,868,869,6771,867,99.77,7.79,94.18,5.589999999999989,20.0519,0.2129103843703546,10263376.970199998
2018,대학교,사립,기존,서울,고려대학교,예체능계열,130,130,803,130,100.0,6.18,97.7283,2.271699999999996,11.9344,0.1221181581998254,9756025.0
2018,대학교,사립,기존,서울,고려대학교,인문사회계열,1910,1911,12905,1910,99.95,6.75,97.7995,2.150500000000008,9.3063,0.0951569282051544,7818372.1143000005
2018,대학교,사립,기존,서울,고려대학교,자연과학계열,891,893,7422,892,99.89,8.31,97.4421,2.447900000000004,9.5176,0.0976744138313932,9244785.5519
2018,대학교,사립,기존,부산,고신대학교,예체능계열,95,95,365,95,100.0,3.84,99.8011,0.1988999999999947,0.474,0.0047494466493856,7094279.383400001
2018,대학교,사립,기존,부산,고신대학교,인문사회계열,385,385,1384,385,100.0,3.59,99.928,0.0720000000000027,0.0884,0.0008846369385957,6037009.5498
2018,대학교,사립,기존,부산,고신대학교,자연과학계열,406,406,3181,406,100.0,7.83,100.114,-0.1140000000000043,0.4589,0.0045837744970733,7019851.817300001
2018,교육대학,국립,기존,충남,공주교육대학교,인문사회계열,354,355,1296,0,0.0,3.65,49.935,-49.935,70.6188,1.414214478822469,3495600.0
2018,대학교,사립,기존,광주,광신대학교,예체능계열,33,34,51,31,91.18,1.5,98.8975,-7.717499999999987,3.1183,0.0315306251421926,7313600.0
2018,대학교,사립,기존,광주,광신대학교,인문사회계열,89,88,145,88,100.0,1.65,99.0938,0.9061999999999985,2.2473,0.0226785126819235,5881136.6667
2018,대학교,사립,기존,서울,광운대학교,공학계열,916,916,14030,914,99.78,15.32,94.18,5.599999999999994,20.0519,0.2129103843703546,9012613.2986
2018,대학교,사립,기존,서울,광운대학교,예체능계열,37,37,365,37,100.0,9.86,97.7283,2.271699999999996,11.9344,0.1221181581998254,8091060.0
2018,대학교,사립,기존,서울,광운대학교,인문사회계열,592,593,8463,592,99.83,14.27,97.7995,2.0305000000000035,9.3063,0.0951569282051544,7257474.812299999
2018,대학교,사립,기존,서울,광운대학교,자연과학계열,139,140,2019,140,100.0,14.42,97.4421,2.557900000000004,9.5176,0.0976744138313932,8069300.0
2018,대학교,사립,기존,전남,광주가톨릭대학교,인문사회계열,40,40,24,24,60.0,0.6,70.0,-10.0,40.3154,0.5759342857142856,0.0
2018,대학교,특별법법인,기존,광주,광주과학기술원,자연과학계열,200,200,3116,199,99.5,15.58,99.5,0.0,0.0,0.0,2060000.0
2018,교육대학,국립,기존,광주,광주교육대학교,인문사회계열,326,326,2032,325,99.69,6.23,99.8,-0.1099999999999994,0.1556,0.0015591182364729,3561568.8939000005
2018,대학교,사립,기존,광주,광주대학교,공학계열,405,406,1831,406,100.0,4.51,99.386,0.6140000000000043,0.4494,0.00452176362868,7148774.7744
2018,대학교,사립,기존,광주,광주대학교,예체능계열,245,245,1261,245,100.0,5.15,98.8975,1.1025000000000065,3.1183,0.0315306251421926,7180216.521600001
2018,대학교,사립,기존,광주,광주대학교,인문사회계열,794,796,4277,793,99.62,5.37,99.0938,0.5262000000000029,2.2473,0.0226785126819235,6237843.4172
2018,대학교,사립,기존,광주,광주대학교,자연과학계열,200,200,1919,200,100.0,9.6,99.85,0.1500000000000056,0.2332,0.0023355032548823,7147299.8005
2018,대학교,사립,기존,광주,광주여자대학교,예체능계열,170,170,554,170,100.0,3.26,98.8975,1.1025000000000065,3.1183,0.0315306251421926,7042364.784100001
2018,대학교,사립,기존,광주,광주여자대학교,인문사회계열,375,375,2290,375,100.0,6.11,99.0938,0.9061999999999985,2.2473,0.0226785126819235,5919095.5885
2018,대학교,사립,기존,광주,광주여자대학교,자연과학계열,350,351,1906,351,100.0,5.43,99.85,0.1500000000000056,0.2332,0.0023355032548823,6857260.337199999
2018,대학교,국립,기존,경북,국립경국대학교,공학계열,431,432,2347,430,99.54,5.43,99.595,-0.0549999999999926,0.0778,0.0007811637130378,4207117.9364
2018,대학교,국립,기존,경북,국립경국대학교,예체능계열,93,94,334,94,100.0,3.55,100.0,0.0,0.0,0.0,4242776.6667
2018,대학교,국립,기존,경북,국립경국대학교,인문사회계열,509,511,2035,509,99.61,3.98,99.805,-0.1950000000000074,0.2758,0.0027633886077851,3331591.5555
2018,대학교,국립,기존,경북,국립경국대학교,자연과학계열,423,424,2106,423,99.76,4.97,99.88,-0.1199999999999903,0.1697,0.0016990388466159,3851895.9477
2018,대학교,사립,기존,서울,국민대학교,공학계열,394,896,7092,895,99.89,7.92,94.18,5.709999999999994,20.0519,0.2129103843703546,9143824.7236
2018,대학교,사립,기존,서울,국민대학교,예체능계열,243,547,7352,542,99.09,13.44,97.7283,1.361699999999999,11.9344,0.1221181581998254,9374498.059099998
2018,대학교,사립,기존,서울,국민대학교,인문사회계열,869,1137,9788,1131,99.47,8.61,97.7995,1.670500000000004,9.3063,0.0951569282051544,7326064.474400001
2018,대학교,사립,기존,서울,국민대학교,자연과학계열,289,289,3068,287,99.31,10.62,97.4421,1.867900000000006,9.5176,0.0976744138313932,8362875.9425
2018,대학교,사립,기존,충북,극동대학교,공학계열,225,226,1332,225,99.56,5.89,99.2057,0.3543000000000091,1.1771,0.0118652456461675,8485235.7983
2018,대학교,사립,기존,충북,극동대학교,예체능계열,180,183,1926,181,98.91,10.52,97.4175,1.4924999999999926,5.7834,0.0593671568250057,8240618.7101
2018,대학교,사립,기존,충북,극동대학교,인문사회계열,290,297,4364,292,98.32,14.69,92.5089,5.811099999999996,19.9186,0.2153154993735738,6736302.555
2018,대학교,사립,기존,충북,극동대학교,자연과학계열,240,242,1923,240,99.17,7.95,99.3825,-0.2124999999999914,0.4857,0.004887178326164,8047670.4794
2018,대학교,사립,기존,충남,금강대학교,인문사회계열,145,145,249,142,97.93,1.72,99.4643,-1.5342999999999876,0.8167,0.0082109862533592,6806381.411900001
2018,대학교,사립,기존,경북,김천대학교,공학계열,80,80,307,76,95.0,3.84,98.38,-3.3799999999999955,3.0302,0.030800975808091,7689825.0
2018,대학교,사립,기존,경북,김천대학교,인문사회계열,176,176,811,170,96.59,4.61,93.345,3.2450000000000045,22.118,0.2369489528094702,6874763.0873
2018,대학교,사립,기존,경북,김천대학교,자연과학계열,624,623,3425,595,95.51,5.5,88.1392,7.370800000000003,25.1551,0.2854019550892225,7489188.985699999
2018,대학교,사립,기존,충남,나사렛대학교,예체능계열,211,211,1886,211,100.0,8.94,99.5683,0.4317000000000064,1.2135,0.0121876139293329,8389643.0023
2018,대학교,사립,기존,충남,나사렛대학교,인문사회계열,740,746,3265,744,99.73,4.38,99.4643,0.2657000000000096,0.8167,0.0082109862533592,7134917.1543
2018,대학교,사립,기존,충남,나사렛대학교,자연과학계열,160,161,1392,161,100.0,8.65,101.1408,-1.1407999999999987,4.5742,0.0452260610950279,8475531.1346
2018,대학교,사립,기존,광주,남부대학교,공학계열,90,90,436,89,98.89,4.84,99.386,-0.4959999999999951,0.4494,0.00452176362868,7251507.0811
2018,대학교,사립,기존,광주,남부대학교,예체능계열,60,60,243,60,100.0,4.05,98.8975,1.1025000000000065,3.1183,0.0315306251421926,7284819.8951
2018,대학교,사립,기존,광주,남부대학교,인문사회계열,135,131,854,131,100.0,6.52,99.0938,0.9061999999999985,2.2473,0.0226785126819235,6148136.0199
2018,대학교,사립,기존,광주,남부대학교,자연과학계열,420,420,3192,418,99.52,7.6,99.85,-0.3299999999999983,0.2332,0.0023355032548823,6767320.8508
2018,대학교,사립,기존,충남,남서울대학교,공학계열,621,621,4166,621,100.0,6.71,99.5515,0.4484999999999957,0.8372,0.0084097175833613,8670463.4135
2018,대학교,사립,기존,충남,남서울대학교,예체능계열,386,386,3889,386,100.0,10.08,99.5683,0.4317000000000064,1.2135,0.0121876139293329,8897407.322
2018,대학교,사립,기존,충남,남서울대학교,인문사회계열,914,914,6628,914,100.0,7.25,99.4643,0.5357000000000056,0.8167,0.0082109862533592,7364686.961
2018,대학교,사립,기존,충남,남서울대학교,자연과학계열,280,280,3724,280,100.0,13.3,101.1408,-1.1407999999999987,4.5742,0.0452260610950279,9008426.7925
2018,대학교,사립,기존,경기,단국대학교,공학계열,812,813,12397,811,99.75,15.25,98.017,1.733000000000004,7.4934,0.0764500035708091,9560855.184700001
2018,대학교,사립,기존,경기,단국대학교,예체능계열,370,371,9645,370,99.73,26.0,98.4315,1.2985000000000042,6.5305,0.0663456312257763,9600862.198
2018,대학교,사립,기존,경기,단국대학교,인문사회계열,1033,1035,13570,1031,99.61,13.11,94.0377,5.572299999999999,16.6613,0.1771768131292024,7620512.951800001
2018,대학교,사립,기존,경기,단국대학교,자연과학계열,60,60,801,60,100.0,13.35,99.6129,0.3871000000000038,0.662,0.0066457256038123,8889928.5714
2018,대학교,사립,기존,충남,단국대학교 _제2캠퍼스,공학계열,327,328,2686,327,99.7,8.19,99.5515,0.1484999999999985,0.8372,0.0084097175833613,9294699.2424
2018,대학교,사립,기존,충남,단국대학교 _제2캠퍼스,예체능계열,323,325,3584,324,99.69,11.03,99.5683,0.1217000000000041,1.2135,0.0121876139293329,9039152.4244
2018,대학교,사립,기존,충남,단국대학교 _제2캠퍼스,인문사회계열,747,749,7461,745,99.47,9.96,99.4643,0.0057000000000044,0.8167,0.0082109862533592,7251790.456900001
2018,대학교,사립,기존,충남,단국대학교 _제2캠퍼스,자연과학계열,943,948,8216,945,99.68,8.67,101.1408,-1.460799999999992,4.5742,0.0452260610950279,9132177.689100001
2018,대학교,사립,기존,경북,대구가톨릭대학교,공학계열,612,612,3360,612,100.0,5.49,98.38,1.6200000000000043,3.0302,0.030800975808091,8160420.195899999
2018,대학교,사립,기존,경북,대구가톨릭대학교,예체능계열,379,379,2239,379,100.0,5.91,93.8675,6.132499999999993,15.1516,0.161414760167257,8953579.2979
2018,대학교,사립,기존,경북,대구가톨릭대학교,인문사회계열,1192,1194,7227,1194,100.0,6.05,93.345,6.655000000000001,22.118,0.2369489528094702,6106120.6006
2018,대학교,사립,기존,경북,대구가톨릭대학교,자연과학계열,679,680,4809,679,99.85,7.07,88.1392,11.710799999999992,25.1551,0.2854019550892225,8296465.2743
2018,대학교,특별법법인,기존,대구,대구경북과학기술원,자연과학계열,220,220,2934,206,93.64,13.34,93.64,0.0,0.0,0.0,3528000.0
2018,교육대학,국립,기존,대구,대구교육대학교,인문사회계열,383,384,2027,0,0.0,5.28,49.845,-49.845,70.4915,1.4142140635971512,3685600.0
2018,대학교,사립,기존,경북,대구대학교,공학계열,774,777,4930,766,98.58,6.34,98.38,0.2000000000000028,3.0302,0.030800975808091,8377423.6683
2018,대학교,사립,기존,경북,대구대학교,예체능계열,360,362,3238,362,100.0,8.94,93.8675,6.132499999999993,15.1516,0.161414760167257,8655019.3556
2018,대학교,사립,기존,경북,대구대학교,인문사회계열,1990,2003,10252,1983,99.0,5.12,93.345,5.655000000000001,22.118,0.2369489528094702,6169983.1063
2018,대학교,사립,기존,경북,대구대학교,자연과학계열,935,942,6581,927,98.41,6.99,88.1392,10.270799999999994,25.1551,0.2854019550892225,7821255.227599999
2018,대학교,사립,기존,경북,대구예술대학교,예체능계열,404,404,1119,323,79.95,2.77,93.8675,-13.917500000000004,15.1516,0.161414760167257,8708729.1103
2018,대학교,사립,기존,경북,대구한의대학교,공학계열,380,380,2303,380,100.0,6.06,98.38,1.6200000000000043,3.0302,0.030800975808091,7897745.498299999
2018,대학교,사립,기존,경북,대구한의대학교,예체능계열,115,114,872,114,100.0,7.65,93.8675,6.132499999999993,15.1516,0.161414760167257,7736779.8264
2018,대학교,사립,기존,경북,대구한의대학교,인문사회계열,370,371,2462,372,100.27,6.64,93.345,6.924999999999997,22.118,0.2369489528094702,6064630.2414
2018,대학교,사립,기존,경북,대구한의대학교,자연과학계열,653,656,5299,653,99.54,8.08,88.1392,11.400800000000004,25.1551,0.2854019550892225,7714431.2227
2018,대학교,사립,기존,경북,대신대학교,예체능계열,40,40,79,40,100.0,1.98,93.8675,6.132499999999993,15.1516,0.161414760167257,7555880.0
2018,대학교,사립,기존,경북,대신대학교,인문사회계열,76,76,145,76,100.0,1.91,93.345,6.655000000000001,22.118,0.2369489528094702,6250070.0
2018,대학교,사립,기존,세종,대전가톨릭대학교,인문사회계열,40,40,9,9,22.5,0.22,73.0933,-50.5933,43.8335,0.5996924478714192,6060000.0
2018,대학교,사립,기존,대전,대전대학교,공학계열,547,548,3800,544,99.27,6.93,99.7517,-0.4817000000000035,0.2841,0.0028480717621855,8250575.7142
2018,대학교,사립,기존,대전,대전대학교,예체능계열,155,155,1396,155,100.0,9.01,100.0,0.0,0.0,0.0,7935913.998899999
2018,대학교,사립,기존,대전,대전대학교,인문사회계열,1030,1037,5894,1029,99.23,5.68,89.2325,9.997500000000002,23.8943,0.2677757543495924,6928805.7336
2018,대학교,사립,기존,대전,대전대학교,자연과학계열,402,406,4290,406,100.0,10.57,99.7271,0.272900000000007,0.2965,0.0029731136270883,7951576.285699999
2018,대학교,사립,기존,대전,대전신학대학교,인문사회계열,60,60,40,19,31.67,0.67,89.2325,-57.5625,23.8943,0.2677757543495924,6306593.0
2018,대학교,사립,기존,경기,대진대학교,공학계열,560,565,3230,566,100.18,5.72,98.017,2.163000000000011,7.4934,0.0764500035708091,8565114.9297
2018,대학교,사립,기존,경기,대진대학교,예체능계열,249,250,2679,251,100.4,10.72,98.4315,1.968500000000006,6.5305,0.0663456312257763,8552137.6265
2018,대학교,사립,기존,경기,대진대학교,인문사회계열,797,807,3948,806,99.88,4.89,94.0377,5.8422999999999945,16.6613,0.1771768131292024,6628611.1357
2018,대학교,사립,기존,경기,대진대학교,자연과학계열,187,188,1484,187,99.47,7.89,99.6129,-0.1428999999999973,0.662,0.0066457256038123,7839720.4438
2018,대학교,사립,기존,서울,덕성여자대학교,공학계열,130,131,2312,131,100.0,17.65,94.18,5.819999999999993,20.0519,0.2129103843703546,8863598.888799999
2018,대학교,사립,기존,서울,덕성여자대학교,예체능계열,170,171,3131,171,100.0,18.31,97.7283,2.271699999999996,11.9344,0.1221181581998254,9006073.3667
2018,대학교,사립,기존,서울,덕성여자대학교,인문사회계열,710,712,9557,710,99.72,13.42,97.7995,1.920500000000004,9.3063,0.0951569282051544,6581306.131899999
2018,대학교,사립,기존,서울,동국대학교,공학계열,826,831,11174,821,98.8,13.45,94.18,4.61999999999999,20.0519,0.2129103843703546,9671192.322
2018,대학교,사립,기존,서울,동국대학교,예체능계열,210,210,6633,210,100.0,31.59,97.7283,2.271699999999996,11.9344,0.1221181581998254,9519799.7636
2018,대학교,사립,기존,서울,동국대학교,인문사회계열,1333,1337,21728,1335,99.85,16.25,97.7995,2.0504999999999995,9.3063,0.0951569282051544,7455353.1876
2018,대학교,사립,기존,서울,동국대학교,자연과학계열,316,317,4202,315,99.37,13.26,97.4421,1.927900000000008,9.5176,0.0976744138313932,8974471.1573
2018,대학교,사립,기존,경북,동국대학교(WISE),공학계열,315,316,1624,314,99.37,5.14,98.38,0.9900000000000092,3.0302,0.030800975808091,9351231.9581
2018,대학교,사립,기존,경북,동국대학교(WISE),예체능계열,125,126,581,124,98.41,4.61,93.8675,4.54249999999999,15.1516,0.161414760167257,9231908.888700001
2018,대학교,사립,기존,경북,동국대학교(WISE),인문사회계열,911,920,4130,916,99.57,4.49,93.345,6.224999999999994,22.118,0.2369489528094702,7353976.023
2018,대학교,사립,기존,경북,동국대학교(WISE),자연과학계열,403,407,4633,402,98.77,11.38,88.1392,10.630799999999994,25.1551,0.2854019550892225,8814035.2036
2018,대학교,사립,기존,서울,동덕여자대학교,공학계열,89,90,762,90,100.0,8.47,94.18,5.819999999999993,20.0519,0.2129103843703546,8007366.6667
2018,대학교,사립,기존,서울,동덕여자대학교,예체능계열,593,596,12305,595,99.83,20.65,97.7283,2.101699999999994,11.9344,0.1221181581998254,9133231.445700001
2018,대학교,사립,기존,서울,동덕여자대학교,인문사회계열,643,652,5037,651,99.85,7.73,97.7995,2.0504999999999995,9.3063,0.0951569282051544,6480516.051200001
2018,대학교,사립,기존,서울,동덕여자대학교,자연과학계열,182,183,1662,182,99.45,9.08,97.4421,2.0079000000000065,9.5176,0.0976744138313932,8068573.699600001
2018,대학교,사립,기존,부산,동명대학교,공학계열,880,879,5485,878,99.89,6.24,99.8412,0.0487999999999999,0.3637,0.0036427847421705,8019353.664399999
2018,대학교,사립,기존,부산,동명대학교,예체능계열,140,141,1048,139,98.58,7.43,99.8011,-1.221100000000007,0.474,0.0047494466493856,7609227.5538
2018,대학교,사립,기존,부산,동명대학교,인문사회계열,658,658,4939,658,100.0,7.51,99.928,0.0720000000000027,0.0884,0.0008846369385957,6069711.8292
2018,대학교,사립,기존,부산,동명대학교,자연과학계열,140,140,1962,140,100.0,14.01,100.114,-0.1140000000000043,0.4589,0.0045837744970733,7777416.9213
2018,대학교,사립,기존,부산,동서대학교,공학계열,775,770,5395,770,100.0,7.01,99.8412,0.1587999999999993,0.3637,0.0036427847421705,7694750.7507
2018,대학교,사립,기존,부산,동서대학교,예체능계열,450,451,3148,451,100.0,6.98,99.8011,0.1988999999999947,0.474,0.0047494466493856,7434123.3779
2018,대학교,사립,기존,부산,동서대학교,인문사회계열,990,989,8053,988,99.9,8.14,99.928,-0.0279999999999915,0.0884,0.0008846369385957,6007848.073299999
2018,대학교,사립,기존,부산,동서대학교,자연과학계열,220,219,3024,220,100.46,13.81,100.114,0.3459999999999894,0.4589,0.0045837744970733,7868951.759299999
2018,대학교,사립,기존,전남,동신대학교,공학계열,440,440,2016,432,98.18,4.58,79.545,18.635000000000005,39.7059,0.499162738072789,7461954.1494
2018,대학교,사립,기존,전남,동신대학교,예체능계열,105,105,458,105,100.0,4.36,81.78,18.22,36.6336,0.4479530447542186,7256346.3758000005
2018,대학교,사립,기존,전남,동신대학교,인문사회계열,468,468,2536,468,100.0,5.42,70.0,30.0,40.3154,0.5759342857142856,6033323.6499
2018,대학교,사립,기존,전남,동신대학교,자연과학계열,535,535,3816,530,99.07,7.13,86.03,13.039999999999992,30.7206,0.3570917121934209,7220324.209299999
2018,대학교,사립,기존,부산,동아대학교,공학계열,1180,1182,9832,1181,99.92,8.32,99.8412,0.078800000000001,0.3637,0.0036427847421705,8078154.062700001
2018,대학교,사립,기존,부산,동아대학교,예체능계열,459,459,2833,459,100.0,6.17,99.8011,0.1988999999999947,0.474,0.0047494466493856,7985752.3823
2018,대학교,사립,기존,부산,동아대학교,인문사회계열,1690,1696,9679,1694,99.88,5.71,99.928,-0.0480000000000018,0.0884,0.0008846369385957,6222023.3991
2018,대학교,사립,기존,부산,동아대학교,자연과학계열,729,730,5337,727,99.59,7.31,100.114,-0.5240000000000009,0.4589,0.0045837744970733,7326925.1059
2018,대학교,사립,기존,경북,동양대학교,공학계열,411,412,1959,412,100.0,4.75,98.38,1.6200000000000043,3.0302,0.030800975808091,7732083.3765
2018,대학교,사립,기존,경북,동양대학교,예체능계열,204,204,1771,204,100.0,8.68,93.8675,6.132499999999993,15.1516,0.161414760167257,8077178.845900001
2018,대학교,사립,기존,경북,동양대학교,인문사회계열,353,353,1578,353,100.0,4.47,93.345,6.655000000000001,22.118,0.2369489528094702,6028332.171800001
2018,대학교,사립,기존,경북,동양대학교,자연과학계열,60,60,531,60,100.0,8.85,88.1392,11.860799999999998,25.1551,0.2854019550892225,7685802.4233
2018,대학교,사립,기존,부산,동의대학교,공학계열,1595,1595,6791,1595,100.0,4.26,99.8412,0.1587999999999993,0.3637,0.0036427847421705,7638686.5876
2018,대학교,사립,기존,부산,동의대학교,예체능계열,305,305,2491,305,100.0,8.17,99.8011,0.1988999999999947,0.474,0.0047494466493856,7264170.181100001
2018,대학교,사립,기존,부산,동의대학교,인문사회계열,1255,1255,7272,1254,99.92,5.79,99.928,-0.0079999999999955,0.0884,0.0008846369385957,5682408.8137
2018,대학교,사립,기존,부산,동의대학교,자연과학계열,440,440,3962,440,100.0,9.0,100.114,-0.1140000000000043,0.4589,0.0045837744970733,6910060.658499999
2018,대학교,사립,기존,경기,루터대학교,인문사회계열,57,57,240,56,98.25,4.21,94.0377,4.212299999999999,16.6613,0.1771768131292024,6702729.075
2018,대학교,사립,기존,경기,명지대학교,공학계열,898,899,6894,894,99.44,7.67,98.017,1.4230000000000018,7.4934,0.0764500035708091,9666516.64
2018,대학교,사립,기존,경기,명지대학교,예체능계열,319,319,5127,319,100.0,16.07,98.4315,1.5685000000000002,6.5305,0.0663456312257763,9991003.1884
2018,대학교,사립,기존,경기,명지대학교,자연과학계열,180,180,2134,178,98.89,11.86,99.6129,-0.7228999999999957,0.662,0.0066457256038123,8677192.7048
2018,대학교,사립,기존,대전,목원대학교,공학계열,347,347,1774,347,100.0,5.11,99.7517,0.2483000000000004,0.2841,0.0028480717621855,8301355.8282
2018,대학교,사립,기존,대전,목원대학교,예체능계열,512,512,3878,512,100.0,7.57,100.0,0.0,0.0,0.0,8360486.043
2018,대학교,사립,기존,대전,목원대학교,인문사회계열,812,813,3973,813,100.0,4.89,89.2325,10.767499999999998,23.8943,0.2677757543495924,6817160.2433
2018,대학교,사립,기존,대전,목원대학교,자연과학계열,199,199,807,199,100.0,4.06,99.7271,0.272900000000007,0.2965,0.0029731136270883,7552579.922900001
2018,대학교,사립,기존,전남,목포가톨릭대학교,인문사회계열,36,36,135,36,100.0,3.75,70.0,30.0,40.3154,0.5759342857142856,5935800.0
2018,대학교,사립,기존,전남,목포가톨릭대학교,자연과학계열,84,84,433,84,100.0,5.15,86.03,13.97,30.7206,0.3570917121934209,7104800.0
2018,대학교,사립,기존,대전,배재대학교,공학계열,463,464,3043,462,99.57,6.56,99.7517,-0.1817000000000064,0.2841,0.0028480717621855,8277859.7377
2018,대학교,사립,기존,대전,배재대학교,예체능계열,220,220,1401,220,100.0,6.37,100.0,0.0,0.0,0.0,8254137.851100001
2018,대학교,사립,기존,대전,배재대학교,인문사회계열,963,968,5523,960,99.17,5.71,89.2325,9.9375,23.8943,0.2677757543495924,6729994.0758
2018,대학교,사립,기존,대전,배재대학교,자연과학계열,402,405,2137,403,99.51,5.28,99.7271,-0.2170999999999878,0.2965,0.0029731136270883,7565965.8229
2018,대학교,사립,기존,충남,백석대학교,공학계열,300,304,1916,303,99.67,6.3,99.5515,0.1184999999999973,0.8372,0.0084097175833613,8762283.7125
2018,대학교,사립,기존,충남,백석대학교,예체능계열,675,675,10292,674,99.85,15.25,99.5683,0.2817000000000007,1.2135,0.0121876139293329,9283973.2588
2018,대학교,사립,기존,충남,백석대학교,인문사회계열,1429,1434,11916,1430,99.72,8.31,99.4643,0.2557000000000045,0.8167,0.0082109862533592,7370613.7325
2018,대학교,사립,기존,충남,백석대학교,자연과학계열,386,388,4025,387,99.74,10.37,101.1408,-1.4008000000000038,4.5742,0.0452260610950279,8805300.0
2018,대학교,사립,기존,부산,부산가톨릭대학교,공학계열,100,100,527,99,99.0,5.27,99.8412,-0.8412000000000006,0.3637,0.0036427847421705,7929015.5493
2018,대학교,사립,기존,부산,부산가톨릭대학교,인문사회계열,251,251,1148,251,100.0,4.57,99.928,0.0720000000000027,0.0884,0.0008846369385957,6154262.3524
2018,대학교,사립,기존,부산,부산가톨릭대학교,자연과학계열,565,566,3423,565,99.82,6.05,100.114,-0.2940000000000111,0.4589,0.0045837744970733,7298788.404999999
2018,교육대학,국립,기존,부산,부산교육대학교,인문사회계열,356,356,2520,0,0.0,7.08,74.865,-74.865,49.9102,0.666669338141989,3107200.0
2018,대학교,국립,기존,부산,부산대학교,공학계열,1486,1495,16743,1491,99.73,11.2,99.85,-0.1199999999999903,0.1375,0.0013770655983975,4760204.1177
2018,대학교,국립,기존,부산,부산대학교,예체능계열,315,317,2360,317,100.0,7.44,100.0,0.0,0.0,0.0,4751333.333
2018,대학교,국립,기존,부산,부산대학교,인문사회계열,1332,1338,15394,1335,99.78,11.51,74.865,24.915000000000006,49.9102,0.666669338141989,3552716.0592
2018,대학교,국립,기존,부산,부산대학교,자연과학계열,1011,1012,13360,1010,99.8,13.2,99.9333,-0.1333000000000055,0.1155,0.0011557708991897,4608177.5743
2018,대학교,사립,기존,부산,부산외국어대학교,공학계열,210,212,1250,212,100.0,5.9,99.8412,0.1587999999999993,0.3637,0.0036427847421705,7897294.9478
2018,대학교,사립,기존,부산,부산외국어대학교,예체능계열,60,58,513,58,100.0,8.84,99.8011,0.1988999999999947,0.474,0.0047494466493856,6880964.818000001
2018,대학교,사립,기존,부산,부산외국어대학교,인문사회계열,1580,1577,8124,1573,99.75,5.15,99.928,-0.1779999999999972,0.0884,0.0008846369385957,6054354.3346
2018,대학교,사립,기존,경남,부산장신대학교,인문사회계열,67,68,105,65,95.59,1.54,97.2286,-1.6385999999999967,3.5113,0.0361138595022452,6104227.5117
2018,대학교,사립,기존,서울,삼육대학교,공학계열,147,147,2260,147,100.0,15.37,94.18,5.819999999999993,20.0519,0.2129103843703546,8770773.9831
2018,대학교,사립,기존,서울,삼육대학교,예체능계열,179,180,3613,180,100.0,20.07,97.7283,2.271699999999996,11.9344,0.1221181581998254,9215430.879999999
2018,대학교,사립,기존,서울,삼육대학교,인문사회계열,407,410,4062,410,100.0,9.91,97.7995,2.200500000000005,9.3063,0.0951569282051544,7409350.3354
2018,대학교,사립,기존,서울,삼육대학교,자연과학계열,389,392,6120,392,100.0,15.61,97.4421,2.557900000000004,9.5176,0.0976744138313932,8434035.3061
2018,대학교,사립,기존,서울,상명대학교,공학계열,381,383,4869,383,100.0,12.71,94.18,5.819999999999993,20.0519,0.2129103843703546,8907479.5099
2018,대학교,사립,기존,서울,상명대학교,예체능계열,183,184,3331,184,100.0,18.1,97.7283,2.271699999999996,11.9344,0.1221181581998254,9403698.6191
2018,대학교,사립,기존,서울,상명대학교,인문사회계열,642,643,6237,640,99.53,9.7,97.7995,1.7305000000000064,9.3063,0.0951569282051544,7269195.7831
2018,대학교,사립,기존,서울,상명대학교,자연과학계열,96,96,1176,96,100.0,12.25,97.4421,2.557900000000004,9.5176,0.0976744138313932,8448554.9999
2018,대학교,사립,기존,강원,상지대학교,공학계열,223,230,921,227,98.7,4.0,99.402,-0.7019999999999982,0.6535,0.0065743144001126,8341745.9013
2018,대학교,사립,기존,강원,상지대학교,예체능계열,219,220,1345,212,96.36,6.11,98.654,-2.293999999999997,1.6423,0.0166470695562268,8028785.0228
2018,대학교,사립,기존,강원,상지대학교,인문사회계열,765,781,2742,712,91.17,3.51,98.4314,-7.261399999999995,3.2114,0.0326257677936105,6675719.9082
2018,대학교,사립,기존,강원,상지대학교,자연과학계열,500,508,3054,497,97.83,6.01,99.43,-1.6000000000000083,0.8047,0.0080931308458211,7717274.0691
2018,대학교,사립,기존,서울,서강대학교,공학계열,417,417,15558,415,99.52,37.31,94.18,5.339999999999989,20.0519,0.2129103843703546,9927353.3333
2018,대학교,사립,기존,서울,서강대학교,인문사회계열,947,948,22140,948,100.0,23.35,97.7995,2.200500000000005,9.3063,0.0951569282051544,7749999.864
2018,대학교,사립,기존,서울,서강대학교,자연과학계열,210,211,4391,211,100.0,20.81,97.4421,2.557900000000004,9.5176,0.0976744138313932,9024405.0
2018,대학교,사립,기존,서울,서경대학교,공학계열,400,403,5139,401,99.5,12.75,94.18,5.319999999999993,20.0519,0.2129103843703546,8736269.0616
2018,대학교,사립,기존,서울,서경대학교,예체능계열,429,429,15551,428,99.77,36.25,97.7283,2.041699999999992,11.9344,0.1221181581998254,9125162.7721
2018,대학교,사립,기존,서울,서경대학교,인문사회계열,360,362,4369,360,99.45,12.07,97.7995,1.650500000000008,9.3063,0.0951569282051544,7016831.5008000005
2018,대학교,사립,기존,서울,서경대학교,자연과학계열,80,80,1302,79,98.75,16.27,97.4421,1.3079000000000036,9.5176,0.0976744138313932,8853033.3333
2018,대학교,국립,기존,서울,서울과학기술대학교,공학계열,1429,1431,20114,1425,99.58,14.06,63.245,36.335,51.3854,0.8124816191003241,5494128.3050999995
2018,대학교,국립,기존,서울,서울과학기술대학교,예체능계열,254,254,2697,253,99.61,10.62,99.625,-0.0150000000000005,0.0212,0.0002127979924717,5567009.9999
2018,대학교,국립,기존,서울,서울과학기술대학교,인문사회계열,237,238,2551,238,100.0,10.72,42.8133,57.1867,51.5262,1.203509189901269,4684437.853
2018,대학교,국립,기존,서울,서울과학기술대학교,자연과학계열,147,147,1909,142,96.6,12.99,62.57,34.029999999999994,48.1257,0.7691497522774493,5497893.0
2018,교육대학,국립,기존,서울,서울교육대학교,인문사회계열,355,356,1842,0,0.0,5.17,42.8133,-42.8133,51.5262,1.203509189901269,3156400.0
2018,대학교,사립,기존,서울,서울기독대학교,예체능계열,42,42,168,42,100.0,4.0,97.7283,2.271699999999996,11.9344,0.1221181581998254,8640110.9143
2018,대학교,사립,기존,서울,서울기독대학교,인문사회계열,94,94,308,93,98.94,3.28,97.7995,1.140500000000003,9.3063,0.0951569282051544,6880208.2707
2018,대학교,국립대법인,기존,서울,서울대학교,공학계열,853,855,3830,855,100.0,4.48,100.0,0.0,0.0,0.0,6064307.7824
2018,대학교,국립대법인,기존,서울,서울대학교,예체능계열,38,285,6556,278,97.54,23.0,97.54,0.0,0.0,0.0,7539922.1784
2018,대학교,국립대법인,기존,서울,서울대학교,인문사회계열,1153,1154,6330,1019,88.3,5.49,88.3,0.0,0.0,0.0,5046714.8876
2018,대학교,국립대법인,기존,서울,서울대학교,자연과학계열,839,842,4757,778,92.4,5.65,92.4,0.0,0.0,0.0,6312731.3597
2018,대학교,공립,기존,서울,서울시립대학교,공학계열,627,633,9042,625,98.74,14.28,98.74,0.0,0.0,0.0,2737800.0
2018,대학교,공립,기존,서울,서울시립대학교,예체능계열,132,133,1051,133,100.0,7.9,100.0,0.0,0.0,0.0,2971550.0
2018,대학교,공립,기존,서울,서울시립대학교,인문사회계열,774,777,9214,774,99.61,11.86,99.61,0.0,0.0,0.0,2080800.0
2018,대학교,공립,기존,서울,서울시립대학교,자연과학계열,164,164,2688,161,98.17,16.39,98.17,0.0,0.0,0.0,2463264.7619
2018,대학교,사립,기존,경기,서울신학대학교,예체능계열,95,95,1389,95,100.0,14.62,98.4315,1.5685000000000002,6.5305,0.0663456312257763,8832354.145
2018,대학교,사립,기존,경기,서울신학대학교,인문사회계열,407,407,2053,407,100.0,5.04,94.0377,5.962299999999999,16.6613,0.1771768131292024,7051819.7447
2018,대학교,사립,기존,서울,서울여자대학교,공학계열,172,172,2191,172,100.0,12.74,94.18,5.819999999999993,20.0519,0.2129103843703546,8618609.8092
2018,대학교,사립,기존,서울,서울여자대학교,예체능계열,180,181,4366,181,100.0,24.12,97.7283,2.271699999999996,11.9344,0.1221181581998254,9700661.1305
2018,대학교,사립,기존,서울,서울여자대학교,인문사회계열,882,883,15321,881,99.77,17.35,97.7995,1.9705000000000013,9.3063,0.0951569282051544,7368183.187900001
2018,대학교,사립,기존,서울,서울여자대학교,자연과학계열,358,358,5111,357,99.72,14.28,97.4421,2.2779000000000025,9.5176,0.0976744138313932,8540384.2063
2018,대학교,사립,기존,경기,서울장신대학교,예체능계열,27,27,65,27,100.0,2.41,98.4315,1.5685000000000002,6.5305,0.0663456312257763,10058620.0
2018,대학교,사립,기존,경기,서울장신대학교,인문사회계열,86,86,260,86,100.0,3.02,94.0377,5.962299999999999,16.6613,0.1771768131292024,7484890.0
2018,대학교,사립,기존,서울,서울한영대학교,예체능계열,20,21,59,21,100.0,2.81,97.7283,2.271699999999996,11.9344,0.1221181581998254,8474634.9833
2018,대학교,사립,기존,서울,서울한영대학교,인문사회계열,160,163,642,163,100.0,3.94,97.7995,2.200500000000005,9.3063,0.0951569282051544,6859945.0672
2018,대학교,사립,기존,충북,서원대학교,공학계열,420,420,2375,420,100.0,5.65,99.2057,0.7943000000000069,1.1771,0.0118652456461675,8196490.192399999
2018,대학교,사립,기존,충북,서원대학교,예체능계열,191,191,1559,191,100.0,8.16,97.4175,2.582499999999996,5.7834,0.0593671568250057,7846819.4164
2018,대학교,사립,기존,충북,서원대학교,인문사회계열,731,732,4758,732,100.0,6.5,92.5089,7.491100000000003,19.9186,0.2153154993735738,6527212.7165
2018,대학교,사립,기존,충북,서원대학교,자연과학계열,280,281,1862,280,99.64,6.63,99.3825,0.2575000000000074,0.4857,0.004887178326164,7593953.451800001
2018,대학교,사립,기존,충남,선문대학교,공학계열,906,906,4196,902,99.56,4.63,99.5515,0.0084999999999979,0.8372,0.0084097175833613,8505540.4702
2018,대학교,사립,기존,충남,선문대학교,예체능계열,115,115,821,115,100.0,7.14,99.5683,0.4317000000000064,1.2135,0.0121876139293329,8028918.1086
2018,대학교,사립,기존,충남,선문대학교,인문사회계열,775,783,3325,779,99.49,4.25,99.4643,0.0257000000000005,0.8167,0.0082109862533592,6965922.151099999
2018,대학교,사립,기존,충남,선문대학교,자연과학계열,257,258,1828,258,100.0,7.09,101.1408,-1.1407999999999987,4.5742,0.0452260610950279,8239229.8806
2018,대학교,사립,기존,경기,성결대학교,공학계열,305,305,4703,305,100.0,15.42,98.017,1.983000000000004,7.4934,0.0764500035708091,8562478.5714
2018,대학교,사립,기존,경기,성결대학교,예체능계열,193,193,4179,193,100.0,21.65,98.4315,1.5685000000000002,6.5305,0.0663456312257763,9346624.9946
2018,대학교,사립,기존,경기,성결대학교,인문사회계열,730,730,7026,730,100.0,9.62,94.0377,5.962299999999999,16.6613,0.1771768131292024,6873909.504899999
2018,대학교,사립,기존,서울,성공회대학교,공학계열,139,141,660,140,99.29,4.68,94.18,5.109999999999999,20.0519,0.2129103843703546,7992547.5
2018,대학교,사립,기존,서울,성공회대학교,인문사회계열,363,364,2266,364,100.0,6.23,97.7995,2.200500000000005,9.3063,0.0951569282051544,7282935.1515
2018,대학교,사립,기존,서울,성균관대학교,공학계열,1130,1133,25160,1130,99.74,22.21,94.18,5.559999999999988,20.0519,0.2129103843703546,9304646.517
2018,대학교,사립,기존,서울,성균관대학교,예체능계열,252,252,4327,252,100.0,17.17,97.7283,2.271699999999996,11.9344,0.1221181581998254,9566756.23
2018,대학교,사립,기존,서울,성균관대학교,인문사회계열,1449,1451,28159,1451,100.0,19.41,97.7995,2.200500000000005,9.3063,0.0951569282051544,7463666.0782
2018,대학교,사립,기존,서울,성균관대학교,자연과학계열,472,474,13633,474,100.0,28.76,97.4421,2.557900000000004,9.5176,0.0976744138313932,8856363.9684
2018,대학교,사립,기존,서울,성신여자대학교,공학계열,325,325,2309,325,100.0,7.1,94.18,5.819999999999993,20.0519,0.2129103843703546,8619105.8846
2018,대학교,사립,기존,서울,성신여자대학교,예체능계열,506,507,9732,507,100.0,19.2,97.7283,2.271699999999996,11.9344,0.1221181581998254,9974875.4945
2018,대학교,사립,기존,서울,성신여자대학교,인문사회계열,901,903,7819,902,99.89,8.66,97.7995,2.090500000000006,9.3063,0.0951569282051544,7319715.1154
2018,대학교,사립,기존,서울,성신여자대학교,자연과학계열,328,328,2636,328,100.0,8.04,97.4421,2.557900000000004,9.5176,0.0976744138313932,8573598.562199999
2018,대학교,사립,기존,충북,세명대학교,공학계열,270,271,1246,271,100.0,4.6,99.2057,0.7943000000000069,1.1771,0.0118652456461675,7951320.926100001
2018,대학교,사립,기존,충북,세명대학교,예체능계열,200,200,1190,200,100.0,5.95,97.4175,2.582499999999996,5.7834,0.0593671568250057,7805764.103499999
2018,대학교,사립,기존,충북,세명대학교,인문사회계열,750,754,4364,752,99.73,5.79,92.5089,7.221100000000007,19.9186,0.2153154993735738,6300402.1941
2018,대학교,사립,기존,충북,세명대학교,자연과학계열,660,662,4094,659,99.55,6.18,99.3825,0.1675000000000039,0.4857,0.004887178326164,7605857.901899999
2018,대학교,사립,기존,서울,세종대학교,공학계열,1355,1370,14999,1364,99.56,10.95,94.18,5.379999999999996,20.0519,0.2129103843703546,8898619.59
2018,대학교,사립,기존,서울,세종대학교,예체능계열,229,230,5626,229,99.57,24.46,97.7283,1.8416999999999888,11.9344,0.1221181581998254,9046442.1466
2018,대학교,사립,기존,서울,세종대학교,인문사회계열,582,589,7028,586,99.49,11.93,97.7995,1.6905,9.3063,0.0951569282051544,6594035.713400001
2018,대학교,사립,기존,서울,세종대학교,자연과학계열,154,155,1745,154,99.35,11.26,97.4421,1.907899999999998,9.5176,0.0976744138313932,7714568.4743
2018,대학교,사립,기존,전남,세한대학교,공학계열,120,120,872,120,100.0,7.27,79.545,20.455,39.7059,0.499162738072789,7718890.2381
2018,대학교,사립,기존,전남,세한대학교,예체능계열,350,350,1618,351,100.29,4.62,81.78,18.510000000000005,36.6336,0.4479530447542186,7021176.001800001
2018,대학교,사립,기존,전남,세한대학교,인문사회계열,305,305,3428,305,100.0,11.24,70.0,30.0,40.3154,0.5759342857142856,5937898.6463
2018,대학교,사립,기존,전남,세한대학교,자연과학계열,190,190,1228,190,100.0,6.46,86.03,13.97,30.7206,0.3570917121934209,6784397.035699999
2018,대학교,사립,기존,광주,송원대학교,공학계열,200,200,998,198,99.0,4.99,99.386,-0.3859999999999957,0.4494,0.00452176362868,7011866.657199999
2018,대학교,사립,기존,광주,송원대학교,예체능계열,110,110,420,110,100.0,3.82,98.8975,1.1025000000000065,3.1183,0.0315306251421926,6992126.667200001
2018,대학교,사립,기존,광주,송원대학교,인문사회계열,291,291,1172,291,100.0,4.03,99.0938,0.9061999999999985,2.2473,0.0226785126819235,6037041.5067
2018,대학교,사립,기존,광주,송원대학교,자연과학계열,199,199,1729,199,100.0,8.69,99.85,0.1500000000000056,0.2332,0.0023355032548823,6802051.080500001
2018,대학교,사립,기존,경기,수원가톨릭대학교,인문사회계열,90,90,54,39,43.33,0.6,94.0377,-50.7077,16.6613,0.1771768131292024,5325000.0
2018,대학교,사립,기존,서울,숙명여자대학교,공학계열,423,425,3464,423,99.53,8.15,94.18,5.349999999999994,20.0519,0.2129103843703546,9485943.1818
2018,대학교,사립,기존,서울,숙명여자대학교,예체능계열,326,326,4571,326,100.0,14.02,97.7283,2.271699999999996,11.9344,0.1221181581998254,10226027.989599999
2018,대학교,사립,기존,서울,숙명여자대학교,인문사회계열,1127,1133,10266,1131,99.82,9.06,97.7995,2.0204999999999984,9.3063,0.0951569282051544,7670642.5254
2018,대학교,사립,기존,서울,숙명여자대학교,자연과학계열,234,235,2223,233,99.15,9.46,97.4421,1.7079000000000093,9.5176,0.0976744138313932,9034523.9742
2018,각종학교(대학),사립,기존,충북,순복음총회신학교,예체능계열,12,12,19,10,83.33,1.58,97.4175,-14.087500000000006,5.7834,0.0593671568250057,7234285.709999999
2018,각종학교(대학),사립,기존,충북,순복음총회신학교,인문사회계열,71,71,82,28,39.44,1.15,92.5089,-53.0689,19.9186,0.2153154993735738,5676930.686
2018,대학교,사립,기존,충남,순천향대학교,공학계열,862,866,5522,864,99.77,6.38,99.5515,0.2184999999999917,0.8372,0.0084097175833613,8840640.9375
2018,대학교,사립,기존,충남,순천향대학교,예체능계열,146,146,3031,146,100.0,20.76,99.5683,0.4317000000000064,1.2135,0.0121876139293329,8288314.285699999
2018,대학교,사립,기존,충남,순천향대학교,인문사회계열,824,830,5489,830,100.0,6.61,99.4643,0.5357000000000056,0.8167,0.0082109862533592,7496940.0359
2018,대학교,사립,기존,충남,순천향대학교,자연과학계열,520,525,4812,524,99.81,9.17,101.1408,-1.3307999999999964,4.5742,0.0452260610950279,8379226.617300001
2018,대학교,사립,기존,서울,숭실대학교,공학계열,1212,1213,16450,1206,99.42,13.56,94.18,5.239999999999995,20.0519,0.2129103843703546,9318848.412899999
2018,대학교,사립,기존,서울,숭실대학교,예체능계열,87,87,2576,87,100.0,29.61,97.7283,2.271699999999996,11.9344,0.1221181581998254,9293699.9999
2018,대학교,사립,기존,서울,숭실대학교,인문사회계열,1155,1160,16590,1157,99.74,14.3,97.7995,1.9405,9.3063,0.0951569282051544,7629418.0726
2018,대학교,사립,기존,서울,숭실대학교,자연과학계열,221,222,3298,221,99.55,14.86,97.4421,2.1079000000000008,9.5176,0.0976744138313932,8475300.0
2018,대학교,사립,기존,경북,신경주대학교,예체능계열,210,213,371,105,49.3,1.74,93.8675,-44.56750000000001,15.1516,0.161414760167257,8436174.885
2018,대학교,사립,기존,경북,신경주대학교,인문사회계열,292,301,436,50,16.61,1.45,93.345,-76.735,22.118,0.2369489528094702,6635040.6239
2018,대학교,사립,기존,경북,신경주대학교,자연과학계열,260,270,788,103,38.15,2.92,88.1392,-49.9892,25.1551,0.2854019550892225,7309179.487299999
2018,대학교,사립,기존,부산,신라대학교,공학계열,540,540,3135,541,100.19,5.81,99.8412,0.3487999999999971,0.3637,0.0036427847421705,8010356.3802000005
2018,대학교,사립,기존,부산,신라대학교,예체능계열,183,183,730,183,100.0,3.99,99.8011,0.1988999999999947,0.474,0.0047494466493856,7656044.7221
2018,대학교,사립,기존,부산,신라대학교,인문사회계열,1005,1003,5547,1003,100.0,5.53,99.928,0.0720000000000027,0.0884,0.0008846369385957,5934444.0519
2018,대학교,사립,기존,부산,신라대학교,자연과학계열,415,414,3021,414,100.0,7.3,100.114,-0.1140000000000043,0.4589,0.0045837744970733,7294631.6367
2018,대학교,사립,기존,경기,신한대학교,공학계열,173,176,1530,173,98.3,8.69,98.017,0.2830000000000012,7.4934,0.0764500035708091,10340457.3325
2018,대학교,사립,기존,경기,신한대학교,자연과학계열,90,91,1839,91,100.0,20.21,99.6129,0.3871000000000038,0.662,0.0066457256038123,9743684.0
2018,대학교,사립,기존,경기,신한대학교 _제2캠퍼스,공학계열,70,70,686,68,97.14,9.8,98.017,-0.8769999999999953,7.4934,0.0764500035708091,10303166.285699999
2018,대학교,사립,기존,경기,신한대학교 _제2캠퍼스,예체능계열,175,177,2817,175,98.87,15.92,98.4315,0.4385000000000048,6.5305,0.0663456312257763,10234567.6125
2018,대학교,사립,기존,경기,신한대학교 _제2캠퍼스,인문사회계열,485,487,3715,485,99.59,7.63,94.0377,5.5523000000000025,16.6613,0.1771768131292024,8135300.9772
2018,대학교,사립,기존,경기,신한대학교 _제2캠퍼스,자연과학계열,390,393,4270,389,98.98,10.87,99.6129,-0.6328999999999922,0.662,0.0066457256038123,9759599.592300002
2018,대학교,사립,기존,경기,아신대학교,인문사회계열,186,188,313,170,90.43,1.66,94.0377,-3.607699999999994,16.6613,0.1771768131292024,6709164.5026
2018,대학교,사립,기존,경기,아주대학교,공학계열,1017,1022,15286,1018,99.61,14.96,98.017,1.5930000000000035,7.4934,0.0764500035708091,9345808.6814
2018,대학교,사립,기존,경기,아주대학교,인문사회계열,576,577,7811,575,99.65,13.54,94.0377,5.612300000000005,16.6613,0.1771768131292024,7494709.7883
2018,대학교,사립,기존,경기,아주대학교,자연과학계열,268,268,7115,268,100.0,26.55,99.6129,0.3871000000000038,0.662,0.0066457256038123,8890357.6299
2018,대학교,사립,기존,경기,안양대학교,공학계열,439,442,3218,441,99.77,7.28,98.017,1.753,7.4934,0.0764500035708091,8801810.301800001
2018,대학교,사립,기존,경기,안양대학교,예체능계열,65,65,1471,65,100.0,22.63,98.4315,1.5685000000000002,6.5305,0.0663456312257763,8829910.7019
2018,대학교,사립,기존,경기,안양대학교,인문사회계열,465,467,3671,466,99.79,7.86,94.0377,5.752300000000005,16.6613,0.1771768131292024,7115788.551700001
2018,대학교,사립,기존,경기,안양대학교,자연과학계열,40,40,452,39,97.5,11.3,99.6129,-2.112899999999996,0.662,0.0066457256038123,8316582.17
2018,대학교,사립,기존,인천,안양대학교 _제2캠퍼스,공학계열,70,70,392,69,98.57,5.6,99.25,-0.6800000000000068,0.9617,0.0096896725440806,8874450.5217
2018,대학교,사립,기존,서울,연세대학교,공학계열,900,940,17662,930,98.94,18.79,94.18,4.759999999999991,20.0519,0.2129103843703546,10404184.8629
2018,대학교,사립,기존,서울,연세대학교,예체능계열,209,209,2695,209,100.0,12.89,97.7283,2.271699999999996,11.9344,0.1221181581998254,10377073.2157
2018,대학교,사립,기존,서울,연세대학교,인문사회계열,1621,1629,24779,1625,99.75,15.21,97.7995,1.9505000000000048,9.3063,0.0951569282051544,9168762.9264
2018,대학교,사립,기존,서울,연세대학교,자연과학계열,649,653,12028,651,99.69,18.42,97.4421,2.2479000000000013,9.5176,0.0976744138313932,9890386.9891
2018,대학교,사립,기존,강원,연세대학교(미래),공학계열,220,221,1692,221,100.0,7.66,99.402,0.597999999999999,0.6535,0.0065743144001126,9868460.0
2018,대학교,사립,기존,강원,연세대학교(미래),예체능계열,76,76,580,76,100.0,7.63,98.654,1.3460000000000036,1.6423,0.0166470695562268,8851150.0
2018,대학교,사립,기존,강원,연세대학교(미래),인문사회계열,580,583,3305,581,99.66,5.67,98.4314,1.2286,3.2114,0.0326257677936105,7815907.076199999
2018,대학교,사립,기존,강원,연세대학교(미래),자연과학계열,590,593,11039,591,99.66,18.62,99.43,0.2299999999999897,0.8047,0.0080931308458211,8696892.771000002
2018,대학교,사립,기존,경북,영남대학교,공학계열,1558,1563,8408,1560,99.81,5.38,98.38,1.4300000000000068,3.0302,0.030800975808091,8517627.452300001
2018,대학교,사립,기존,경북,영남대학교,예체능계열,484,484,2995,484,100.0,6.19,93.8675,6.132499999999993,15.1516,0.161414760167257,9250465.116600001
2018,대학교,사립,기존,경북,영남대학교,인문사회계열,1739,1758,9169,1755,99.83,5.22,93.345,6.484999999999999,22.118,0.2369489528094702,6215905.616400001
2018,대학교,사립,기존,경북,영남대학교,자연과학계열,771,776,4884,774,99.74,6.29,88.1392,11.600799999999992,25.1551,0.2854019550892225,8624152.302099999
2018,대학교,사립,기존,경북,영남신학대학교,인문사회계열,115,115,166,115,100.0,1.44,93.345,6.655000000000001,22.118,0.2369489528094702,6372754.8333
2018,대학교,사립,기존,경남,영산대학교,공학계열,260,260,1393,259,99.62,5.36,93.14,6.480000000000004,15.0103,0.1611584711187459,7607864.4602
2018,대학교,사립,기존,경남,영산대학교,예체능계열,60,60,176,60,100.0,2.93,97.7933,2.206699999999998,5.4052,0.0552716801662281,6747516.8
2018,대학교,사립,기존,경남,영산대학교,인문사회계열,210,211,1173,211,100.0,5.56,97.2286,2.7714,3.5113,0.0361138595022452,5747047.1291000005
2018,대학교,사립,기존,경남,영산대학교,자연과학계열,160,160,2736,160,100.0,17.1,95.4517,4.548299999999998,8.8366,0.0925766644281872,7204843.133300001
2018,대학교,사립,기존,부산,영산대학교 _제2캠퍼스,예체능계열,325,325,1527,325,100.0,4.7,99.8011,0.1988999999999947,0.474,0.0047494466493856,7161196.2057
2018,대학교,사립,기존,부산,영산대학교 _제2캠퍼스,인문사회계열,350,351,1936,351,100.0,5.52,99.928,0.0720000000000027,0.0884,0.0008846369385957,5685550.4497
2018,대학교,사립,기존,부산,영산대학교 _제2캠퍼스,자연과학계열,135,135,736,135,100.0,5.45,100.114,-0.1140000000000043,0.4589,0.0045837744970733,7035073.5139
2018,대학교,사립,기존,전남,영산선학대학교,인문사회계열,50,50,7,7,14.0,0.14,70.0,-56.0,40.3154,0.5759342857142856,2060000.0
2018,대학교,사립,기존,전북,예수대학교,자연과학계열,115,115,821,115,100.0,7.14,99.7017,0.2982999999999975,0.2597,0.0026047700289964,7225614.2
2018,대학교,사립,기존,전북,예원예술대학교,예체능계열,207,207,1074,202,97.58,5.19,98.9167,-1.3367000000000075,1.2035,0.012166802976646,8219390.6278
2018,대학교,사립,기존,경기,예원예술대학교 _제2캠퍼스,예체능계열,99,99,1079,95,95.96,10.9,98.4315,-2.471500000000006,6.5305,0.0663456312257763,8482056.3249
2018,대학교,사립,기존,경기,용인대학교,예체능계열,807,808,7669,803,99.38,9.49,98.4315,0.9484999999999956,6.5305,0.0663456312257763,8589386.5339
2018,대학교,사립,기존,경기,용인대학교,인문사회계열,380,382,3464,377,98.69,9.07,94.0377,4.652299999999997,16.6613,0.1771768131292024,7421715.404700001
2018,대학교,사립,기존,경기,용인대학교,자연과학계열,216,219,1666,218,99.54,7.61,99.6129,-0.0728999999999899,0.662,0.0066457256038123,8146831.9013
2018,대학교,사립,기존,전북,우석대학교,공학계열,492,494,2267,483,97.77,4.59,99.195,-1.4249999999999972,0.9835,0.0099148142547507,7978770.039399999
2018,대학교,사립,기존,전북,우석대학교,예체능계열,250,250,1137,243,97.2,4.55,98.9167,-1.716700000000003,1.2035,0.012166802976646,7581757.376999999
2018,대학교,사립,기존,전북,우석대학교,인문사회계열,581,582,2838,573,98.45,4.88,97.7217,0.7283000000000044,2.2478,0.0230020558381608,6174829.469400001
2018,대학교,사립,기존,전북,우석대학교,자연과학계열,392,392,2493,390,99.49,6.36,99.7017,-0.2117000000000075,0.2597,0.0026047700289964,7474295.579700001
2018,대학교,사립,기존,대전,우송대학교,공학계열,512,514,3293,513,99.81,6.41,99.7517,0.0583000000000026,0.2841,0.0028480717621855,7662368.702099999
2018,대학교,사립,기존,대전,우송대학교,예체능계열,210,210,1412,210,100.0,6.72,100.0,0.0,0.0,0.0,7832897.995
2018,대학교,사립,기존,대전,우송대학교,인문사회계열,727,730,4709,729,99.86,6.45,89.2325,10.627499999999998,23.8943,0.2677757543495924,7178382.853399999
2018,대학교,사립,기존,대전,우송대학교,자연과학계열,555,555,4886,554,99.82,8.8,99.7271,0.0929000000000002,0.2965,0.0029731136270883,7827367.4123
2018,대학교,특별법법인,기존,울산,울산과학기술원,공학계열,320,320,3257,318,99.38,10.18,99.38,0.0,0.0,0.0,6286622.222200001
2018,대학교,특별법법인,기존,울산,울산과학기술원,인문사회계열,40,40,200,38,95.0,5.0,95.0,0.0,0.0,0.0,5685533.3331
2018,대학교,사립,기존,울산,울산대학교,공학계열,966,970,5542,792,81.65,5.71,81.65,0.0,0.0,0.0,8551358.7632
2018,대학교,사립,기존,울산,울산대학교,예체능계열,315,315,1460,313,99.37,4.63,99.37,0.0,0.0,0.0,9006919.3274
2018,대학교,사립,기존,울산,울산대학교,인문사회계열,969,972,3568,969,99.69,3.67,99.69,0.0,0.0,0.0,6169365.0942
2018,대학교,사립,기존,울산,울산대학교,자연과학계열,482,482,4503,482,100.0,9.34,100.0,0.0,0.0,0.0,8082630.732899999
2018,대학교,사립,기존,전북,원광대학교,공학계열,1125,1131,4684,1124,99.38,4.14,99.195,0.1850000000000022,0.9835,0.0099148142547507,8261697.1229
2018,대학교,사립,기존,전북,원광대학교,예체능계열,435,437,2412,435,99.54,5.52,98.9167,0.6233000000000004,1.2035,0.012166802976646,7811127.790899999
2018,대학교,사립,기존,전북,원광대학교,인문사회계열,1131,1138,5712,1129,99.21,5.02,97.7217,1.4882999999999953,2.2478,0.0230020558381608,6418968.6188
2018,대학교,사립,기존,전북,원광대학교,자연과학계열,835,837,5597,835,99.76,6.69,99.7017,0.0583000000000026,0.2597,0.0026047700289964,7931645.109800001
2018,대학교,사립,기존,경북,위덕대학교,공학계열,135,135,343,122,90.37,2.54,98.38,-8.009999999999991,3.0302,0.030800975808091,8211784.646
2018,대학교,사립,기존,경북,위덕대학교,예체능계열,80,80,218,79,98.75,2.72,93.8675,4.882499999999993,15.1516,0.161414760167257,8680141.6833
2018,대학교,사립,기존,경북,위덕대학교,인문사회계열,354,354,1154,343,96.89,3.26,93.345,3.5450000000000017,22.118,0.2369489528094702,6690155.2485
2018,대학교,사립,기존,경북,위덕대학교,자연과학계열,256,256,1299,250,97.66,5.07,88.1392,9.520799999999994,25.1551,0.2854019550892225,8271146.1376
2018,대학교,사립,기존,충북,유원대학교,공학계열,180,182,747,181,99.45,4.1,99.2057,0.2443000000000097,1.1771,0.0118652456461675,8220267.4846
2018,대학교,사립,기존,충북,유원대학교,예체능계열,130,131,401,131,100.0,3.06,97.4175,2.582499999999996,5.7834,0.0593671568250057,8183830.6866999995
2018,대학교,사립,기존,충북,유원대학교,인문사회계열,320,324,1352,323,99.69,4.17,92.5089,7.181100000000001,19.9186,0.2153154993735738,6610638.6483
2018,대학교,사립,기존,충북,유원대학교,자연과학계열,340,344,1925,342,99.42,5.6,99.3825,0.0375000000000085,0.4857,0.004887178326164,8256969.7883
2018,대학교,사립,기존,대전,을지대학교,자연과학계열,147,147,1757,146,99.32,11.95,99.7271,-0.4070999999999998,0.2965,0.0029731136270883,10033003.3331
2018,대학교,사립,기존,경기,을지대학교 _제2캠퍼스,예체능계열,71,71,456,71,100.0,6.42,98.4315,1.5685000000000002,6.5305,0.0663456312257763,9152434.32
2018,대학교,사립,기존,경기,을지대학교 _제2캠퍼스,인문사회계열,156,156,1558,156,100.0,9.99,94.0377,5.962299999999999,16.6613,0.1771768131292024,8208537.840000001
2018,대학교,사립,기존,경기,을지대학교 _제2캠퍼스,자연과학계열,575,579,8467,579,100.0,14.62,99.6129,0.3871000000000038,0.662,0.0066457256038123,9009712.329699999
2018,대학교,사립,기존,서울,이화여자대학교,공학계열,514,516,6137,83,16.09,11.89,94.18,-78.09,20.0519,0.2129103843703546,9779742.8095
2018,대학교,사립,기존,서울,이화여자대학교,예체능계열,494,495,4144,171,34.55,8.37,97.7283,-63.17830000000001,11.9344,0.1221181581998254,10339114.7046
2018,대학교,사립,기존,서울,이화여자대학교,인문사회계열,1278,1278,14260,564,44.13,11.16,97.7995,-53.66949999999999,9.3063,0.0951569282051544,7792587.0852
2018,대학교,사립,기존,서울,이화여자대학교,자연과학계열,718,720,10130,354,49.17,14.07,97.4421,-48.2721,9.5176,0.0976744138313932,9318137.3997
2018,대학교,사립,기존,경남,인제대학교,공학계열,1084,1086,6057,1085,99.91,5.58,93.14,6.769999999999996,15.0103,0.1611584711187459,7980644.8903
2018,대학교,사립,기존,경남,인제대학교,예체능계열,75,75,522,75,100.0,6.96,97.7933,2.206699999999998,5.4052,0.0552716801662281,7513880.3006
2018,대학교,사립,기존,경남,인제대학교,인문사회계열,611,613,3798,609,99.35,6.2,97.2286,2.121399999999994,3.5113,0.0361138595022452,5895817.1405
2018,대학교,사립,기존,경남,인제대학교,자연과학계열,318,318,3144,319,100.31,9.89,95.4517,4.8583,8.8366,0.0925766644281872,7671029.549699999
2018,대학교,사립,기존,인천,인천가톨릭대학교,인문사회계열,23,23,19,15,65.22,0.83,88.38,-23.16,20.0572,0.2269427472278796,5270100.0
2018,대학교,사립,기존,인천,인천가톨릭대학교 _제2캠퍼스,예체능계열,103,103,725,103,100.0,7.04,100.0,0.0,0.0,0.0,8522931.1315
2018,대학교,사립,기존,인천,인천가톨릭대학교 _제2캠퍼스,자연과학계열,40,40,392,40,100.0,9.8,99.9,0.0999999999999943,0.1414,0.0014154154154154,8815150.0
2018,대학교,국립대법인,기존,인천,인천대학교,공학계열,997,998,8358,998,100.0,8.37,100.0,0.0,0.0,0.0,5306574.6032
2018,대학교,국립대법인,기존,인천,인천대학교,예체능계열,284,286,3194,286,100.0,11.17,100.0,0.0,0.0,0.0,5003335.7143
2018,대학교,국립대법인,기존,인천,인천대학교,인문사회계열,975,977,7775,974,99.69,7.96,99.69,0.0,0.0,0.0,4275767.9643
2018,대학교,국립대법인,기존,인천,인천대학교,자연과학계열,236,238,2188,236,99.16,9.19,99.16,0.0,0.0,0.0,4649673.3333
2018,대학교,사립,기존,인천,인하대학교,공학계열,1469,1470,26125,1469,99.93,17.77,99.25,0.6800000000000068,0.9617,0.0096896725440806,8865232.7213
2018,대학교,사립,기존,인천,인하대학교,예체능계열,197,197,3936,197,100.0,19.98,100.0,0.0,0.0,0.0,8788302.9549
2018,대학교,사립,기존,인천,인하대학교,인문사회계열,1238,1242,18723,1241,99.92,15.07,88.38,11.540000000000006,20.0572,0.2269427472278796,7140757.6154
2018,대학교,사립,기존,인천,인하대학교,자연과학계열,492,498,9358,497,99.8,18.79,99.9,-0.1000000000000085,0.1414,0.0014154154154154,8566799.591699999
2018,대학교,사립,기존,서울,장로회신학대학교,예체능계열,50,50,232,50,100.0,4.64,97.7283,2.271699999999996,11.9344,0.1221181581998254,8918550.0
2018,대학교,사립,기존,서울,장로회신학대학교,인문사회계열,100,100,382,100,100.0,3.82,97.7995,2.200500000000005,9.3063,0.0951569282051544,6324550.0
2018,대학교,국립,기존,광주,전남대학교,공학계열,764,766,5102,765,99.87,6.66,99.87,0.0,0.0,0.0,4425547.3805
2018,대학교,국립,기존,광주,전남대학교,예체능계열,212,212,730,210,99.06,3.44,99.06,0.0,0.0,0.0,4560547.618899999
2018,대학교,국립,기존,광주,전남대학교,인문사회계열,1060,1063,6066,1062,99.91,5.71,99.8,0.1099999999999994,0.1556,0.0015591182364729,3530621.9717
2018,대학교,국립,기존,광주,전남대학교,자연과학계열,1108,1108,8855,1108,100.0,7.99,100.0,0.0,0.0,0.0,4310425.5612
2018,대학교,국립,기존,전남,전남대학교 _제2캠퍼스,공학계열,298,300,2262,297,99.0,7.54,99.225,-0.2249999999999943,0.3781,0.0038105316200554,4445227.0131
2018,대학교,국립,기존,전남,전남대학교 _제2캠퍼스,인문사회계열,240,242,1508,239,98.76,6.23,98.95,-0.1899999999999977,0.2066,0.002087923193532,3683881.6160999998
2018,대학교,국립,기존,전남,전남대학교 _제2캠퍼스,자연과학계열,208,208,1027,208,100.0,4.94,99.6367,0.3632999999999953,0.4744,0.0047612977948888,4146822.8571
2018,대학교,국립,기존,전북,전북대학교,공학계열,1352,1355,8813,1351,99.7,6.5,99.91,-0.2099999999999937,0.297,0.002972675407867,4610351.6372
2018,대학교,국립,기존,전북,전북대학교,예체능계열,176,177,731,177,100.0,4.13,100.0,0.0,0.0,0.0,4666828.571
2018,대학교,국립,기존,전북,전북대학교,인문사회계열,1135,1137,7817,1127,99.12,6.88,66.4433,32.67670000000001,57.5442,0.8660647499446897,3396788.9909999995
2018,대학교,국립,기존,전북,전북대학교,자연과학계열,1078,1081,8495,1069,98.89,7.86,99.15,-0.2600000000000051,0.3677,0.0037085224407463,4434490.6007
2018,교육대학,국립,기존,전북,전주교육대학교,인문사회계열,285,286,1041,0,0.0,3.64,66.4433,-66.4433,57.5442,0.8660647499446897,3363000.0
2018,대학교,사립,기존,전북,전주대학교,공학계열,525,526,3599,526,100.0,6.84,99.195,0.8050000000000068,0.9835,0.0099148142547507,8233747.458
2018,대학교,사립,기존,전북,전주대학교,예체능계열,367,368,1994,367,99.73,5.42,98.9167,0.8132999999999981,1.2035,0.012166802976646,7895991.7185
2018,대학교,사립,기존,전북,전주대학교,인문사회계열,1125,1129,6188,1126,99.73,5.48,97.7217,2.008300000000005,2.2478,0.0230020558381608,6563347.2249
2018,대학교,사립,기존,전북,전주대학교,자연과학계열,495,496,3870,493,99.4,7.8,99.7017,-0.3016999999999967,0.2597,0.0026047700289964,7561820.089
2018,기술대학,사립,기존,서울,정석대학,공학계열,25,75,21,21,28.0,0.28,94.18,-66.18,20.0519,0.2129103843703546,0.0
2018,기술대학,사립,기존,서울,정석대학,인문사회계열,0,25,21,21,84.0,0.84,97.7995,-13.799499999999997,9.3063,0.0951569282051544,0.0
2018,대학교,사립,기존,제주,제주국제대학교,공학계열,190,190,349,155,81.58,1.84,81.58,0.0,0.0,0.0,6619315.251700001
2018,대학교,사립,기존,제주,제주국제대학교,예체능계열,189,189,251,103,54.5,1.33,54.5,0.0,0.0,0.0,6416281.3363
2018,대학교,사립,기존,제주,제주국제대학교,인문사회계열,305,305,496,172,56.39,1.63,56.39,0.0,0.0,0.0,6046847.771500001
2018,대학교,국립,기존,제주,제주대학교,공학계열,388,391,2033,391,100.0,5.2,100.0,0.0,0.0,0.0,4396723.9253
2018,대학교,국립,기존,제주,제주대학교,예체능계열,152,152,470,152,100.0,3.09,100.0,0.0,0.0,0.0,4279282.3033
2018,대학교,국립,기존,제주,제주대학교,인문사회계열,921,925,6945,920,99.46,7.51,99.46,0.0,0.0,0.0,3337737.6269
2018,대학교,국립,기존,제주,제주대학교,자연과학계열,629,629,5240,628,99.84,8.33,99.84,0.0,0.0,0.0,4202976.9812
2018,대학교,사립,기존,광주,조선대학교,공학계열,1458,1460,7020,1453,99.52,4.81,99.386,0.1340000000000003,0.4494,0.00452176362868,7956486.772400001
2018,대학교,사립,기존,광주,조선대학교,예체능계열,487,488,2248,488,100.0,4.61,98.8975,1.1025000000000065,3.1183,0.0315306251421926,7660610.115099999
2018,대학교,사립,기존,광주,조선대학교,인문사회계열,1649,1652,7428,1645,99.58,4.5,99.0938,0.4861999999999966,2.2473,0.0226785126819235,6194613.6739
2018,대학교,사립,기존,광주,조선대학교,자연과학계열,706,708,4830,705,99.58,6.82,99.85,-0.269999999999996,0.2332,0.0023355032548823,7556035.108
2018,대학교,사립,기존,충남,중부대학교,공학계열,500,499,3072,500,100.2,6.16,99.5515,0.6484999999999985,0.8372,0.0084097175833613,7877488.5838
2018,대학교,사립,기존,충남,중부대학교,예체능계열,345,344,4475,346,100.58,13.01,99.5683,1.0117000000000047,1.2135,0.0121876139293329,8049557.456200001
2018,대학교,사립,기존,충남,중부대학교,인문사회계열,782,785,6456,785,100.0,8.22,99.4643,0.5357000000000056,0.8167,0.0082109862533592,6872869.2114
2018,대학교,사립,기존,충남,중부대학교,자연과학계열,318,275,2622,318,115.64,9.53,101.1408,14.499200000000002,4.5742,0.0452260610950279,7430537.0619
2018,대학교,사립,기존,서울,중앙대학교,공학계열,907,913,24752,910,99.67,27.11,94.18,5.489999999999995,20.0519,0.2129103843703546,9475354.7006
2018,대학교,사립,기존,서울,중앙대학교,예체능계열,30,130,5794,130,100.0,44.57,97.7283,2.271699999999996,11.9344,0.1221181581998254,9344610.0
2018,대학교,사립,기존,서울,중앙대학교,인문사회계열,111,1676,37736,1675,99.94,22.52,97.7995,2.140500000000003,9.3063,0.0951569282051544,7381507.4074
2018,대학교,사립,기존,서울,중앙대학교,자연과학계열,386,558,16897,556,99.64,30.28,97.4421,2.197900000000004,9.5176,0.0976744138313932,9230688.0561
2018,대학교,사립,기존,경기,중앙대학교 _제2캠퍼스,예체능계열,121,742,7132,741,99.87,9.61,98.4315,1.4385000000000048,6.5305,0.0663456312257763,9729359.533
2018,대학교,사립,기존,경기,중앙대학교 _제2캠퍼스,자연과학계열,319,321,2720,316,98.44,8.47,99.6129,-1.1728999999999985,0.662,0.0066457256038123,8491900.0
2018,대학교,사립,기존,충북,중원대학교,공학계열,265,266,1631,257,96.62,6.13,99.2057,-2.585699999999989,1.1771,0.0118652456461675,8080260.8619
2018,대학교,사립,기존,충북,중원대학교,예체능계열,138,138,497,134,97.1,3.6,97.4175,-0.3175000000000096,5.7834,0.0593671568250057,7763567.868000001
2018,대학교,사립,기존,충북,중원대학교,인문사회계열,267,269,2149,263,97.77,7.99,92.5089,5.261099999999999,19.9186,0.2153154993735738,6537522.103
2018,대학교,사립,기존,충북,중원대학교,자연과학계열,298,300,1607,295,98.33,5.36,99.3825,-1.0524999999999949,0.4857,0.004887178326164,8069134.1912
2018,교육대학,국립,기존,경남,진주교육대학교,인문사회계열,319,319,2305,0,0.0,7.23,74.7975,-74.7975,49.8655,0.6666733513820648,3530769.9099
2018,대학교,사립,기존,경기,차의과학대학교,인문사회계열,226,227,1013,227,100.0,4.46,94.0377,5.962299999999999,16.6613,0.1771768131292024,7450283.3333
2018,대학교,사립,기존,경기,차의과학대학교,자연과학계열,248,248,1795,248,100.0,7.24,99.6129,0.3871000000000038,0.662,0.0066457256038123,7843679.7316
2018,대학교,사립,기존,경남,창신대학교,공학계열,90,90,754,90,100.0,8.38,93.14,6.859999999999999,15.0103,0.1611584711187459,7609356.2853
2018,대학교,사립,기존,경남,창신대학교,예체능계열,65,65,232,65,100.0,3.57,97.7933,2.206699999999998,5.4052,0.0552716801662281,7269064.4947999995
2018,대학교,사립,기존,경남,창신대학교,인문사회계열,220,220,1260,220,100.0,5.73,97.2286,2.7714,3.5113,0.0361138595022452,5842445.6301
2018,대학교,사립,기존,경남,창신대학교,자연과학계열,125,125,1339,125,100.0,10.71,95.4517,4.548299999999998,8.8366,0.0925766644281872,6878807.6282
2018,산업대학,사립,기존,충남,청운대학교,공학계열,295,296,2926,287,96.96,9.89,99.5515,-2.5915000000000106,0.8372,0.0084097175833613,7952545.4277
2018,산업대학,사립,기존,충남,청운대학교,예체능계열,335,339,2854,325,95.87,8.42,99.5683,-3.698299999999989,1.2135,0.0121876139293329,8161234.729799999
2018,산업대학,사립,기존,충남,청운대학교,인문사회계열,560,564,5412,549,97.34,9.6,99.4643,-2.124299999999991,0.8167,0.0082109862533592,7025628.9501
2018,산업대학,사립,기존,충남,청운대학교,자연과학계열,105,105,1466,104,99.05,13.96,101.1408,-2.090800000000001,4.5742,0.0452260610950279,8086169.63
2018,교육대학,국립,기존,충북,청주교육대학교,인문사회계열,286,287,1767,0,0.0,6.16,74.7325,-74.7325,49.8217,0.6666671127019703,3323823.0769
2018,대학교,사립,기존,충북,청주대학교,공학계열,845,852,3302,845,99.18,3.88,99.2057,-0.0256999999999862,1.1771,0.0118652456461675,8754289.9597
2018,대학교,사립,기존,충북,청주대학교,예체능계열,340,344,3060,344,100.0,8.9,97.4175,2.582499999999996,5.7834,0.0593671568250057,8631585.7241
2018,대학교,사립,기존,충북,청주대학교,인문사회계열,1099,1110,4395,1090,98.2,3.96,92.5089,5.691100000000006,19.9186,0.2153154993735738,7251282.4284
2018,대학교,사립,기존,충북,청주대학교,자연과학계열,348,348,2809,346,99.43,8.07,99.3825,0.0475000000000136,0.4857,0.004887178326164,8339846.856900001
2018,대학교,사립,기존,전남,초당대학교,공학계열,180,180,1203,180,100.0,6.68,79.545,20.455,39.7059,0.499162738072789,7345446.9833
2018,대학교,사립,기존,전남,초당대학교,예체능계열,80,82,240,82,100.0,2.93,81.78,18.22,36.6336,0.4479530447542186,6816277.0534
2018,대학교,사립,기존,전남,초당대학교,인문사회계열,242,240,1791,240,100.0,7.46,70.0,30.0,40.3154,0.5759342857142856,5760803.647299999
2018,대학교,사립,기존,전남,초당대학교,자연과학계열,250,252,1849,252,100.0,7.34,86.03,13.97,30.7206,0.3570917121934209,6877806.615700001
2018,대학교,사립,기존,서울,총신대학교,예체능계열,60,60,336,60,100.0,5.6,97.7283,2.271699999999996,11.9344,0.1221181581998254,9334493.209999999
2018,대학교,사립,기존,서울,총신대학교,인문사회계열,300,301,1273,299,99.34,4.23,97.7995,1.5405000000000086,9.3063,0.0951569282051544,7143588.522499999
2018,대학교,사립,기존,서울,추계예술대학교,예체능계열,206,206,2913,205,99.51,14.14,97.7283,1.7817000000000007,11.9344,0.1221181581998254,9602286.838
2018,대학교,사립,기존,서울,추계예술대학교,인문사회계열,63,64,871,64,100.0,13.61,97.7995,2.200500000000005,9.3063,0.0951569282051544,7307010.1865
2018,교육대학,국립,기존,강원,춘천교육대학교,인문사회계열,321,321,2602,0,0.0,8.11,79.562,-79.562,44.4815,0.5590797114200247,3269603.7791999998
2018,대학교,국립,기존,대전,충남대학교,공학계열,1000,1002,8407,1000,99.8,8.39,99.785,0.0150000000000005,0.0212,0.0002124567820814,4899340.2299999995
2018,대학교,국립,기존,대전,충남대학교,예체능계열,208,208,788,208,100.0,3.79,100.0,0.0,0.0,0.0,4682638.889
2018,대학교,국립,기존,대전,충남대학교,인문사회계열,1111,1114,8383,1112,99.82,7.53,99.91,-0.0900000000000034,0.1273,0.0012741467320588,3461409.6468
2018,대학교,국립,기존,대전,충남대학교,자연과학계열,1073,1074,11045,1073,99.91,10.28,99.91,0.0,0.0,0.0,4289067.3703000005
2018,대학교,국립,기존,충북,충북대학교,공학계열,880,881,9131,880,99.89,10.36,99.8467,0.0433000000000021,0.179,0.001792748283118,4666339.052399999
2018,대학교,국립,기존,충북,충북대학교,예체능계열,63,63,300,63,100.0,4.76,98.6533,1.3466999999999985,2.3325,0.0236434057451702,4497002.6665
2018,대학교,국립,기존,충북,충북대학교,인문사회계열,895,898,8222,895,99.67,9.16,74.7325,24.9375,49.8217,0.6666671127019703,3582758.2489
2018,대학교,국립,기존,충북,충북대학교,자연과학계열,900,901,8539,901,100.0,9.48,99.0933,0.9067000000000008,0.7959,0.008031824553224,4441999.217499999
2018,대학교,사립,기존,경기,칼빈대학교,인문사회계열,77,79,197,71,89.87,2.49,94.0377,-4.167699999999996,16.6613,0.1771768131292024,7350174.352
2018,대학교,사립,기존,경기,평택대학교,공학계열,210,211,2292,209,99.05,10.86,98.017,1.0330000000000013,7.4934,0.0764500035708091,8425696.6
2018,대학교,사립,기존,경기,평택대학교,예체능계열,155,153,2806,153,100.0,18.34,98.4315,1.5685000000000002,6.5305,0.0663456312257763,9197230.512
2018,대학교,사립,기존,경기,평택대학교,인문사회계열,370,370,3639,368,99.46,9.84,94.0377,5.422299999999993,16.6613,0.1771768131292024,7159925.7535
2018,대학교,사립,기존,경기,평택대학교,자연과학계열,120,119,1409,119,100.0,11.84,99.6129,0.3871000000000038,0.662,0.0066457256038123,8294379.7433
2018,대학교,사립,기존,경북,포항공과대학교,공학계열,320,320,2298,319,99.69,7.18,98.38,1.3100000000000025,3.0302,0.030800975808091,5890030.635
2018,대학교,국립,기존,경기,한경국립대학교,공학계열,619,627,3710,625,99.68,5.92,99.68,0.0,0.0,0.0,4174192.7188
2018,대학교,국립,기존,경기,한경국립대학교,예체능계열,87,87,611,86,98.85,7.02,98.85,0.0,0.0,0.0,4188322.6666
2018,대학교,국립,기존,경기,한경국립대학교,인문사회계열,194,196,1352,194,98.98,6.9,98.98,0.0,0.0,0.0,3663961.0
2018,대학교,국립,기존,경기,한경국립대학교,자연과학계열,302,304,1853,302,99.34,6.1,99.34,0.0,0.0,0.0,3981527.4545
2018,대학교,사립,기존,경기,한국공학대학교,공학계열,1142,1144,14165,1142,99.83,12.38,98.017,1.8130000000000024,7.4934,0.0764500035708091,9584528.1612
2018,대학교,사립,기존,경기,한국공학대학교,인문사회계열,139,139,1530,139,100.0,11.01,94.0377,5.962299999999999,16.6613,0.1771768131292024,8740821.112
2018,대학교,특별법법인,기존,대전,한국과학기술원,공학계열,611,447,3361,472,105.59,7.52,105.59,0.0,0.0,0.0,6979464.285699999
2018,대학교,국립,기존,충북,한국교원대학교,공학계열,20,20,96,20,100.0,4.8,99.8467,0.1533000000000015,0.179,0.001792748283118,3602000.0
2018,대학교,국립,기존,충북,한국교원대학교,예체능계열,59,59,314,59,100.0,5.32,98.6533,1.3466999999999985,2.3325,0.0236434057451702,3803333.3329999996
2018,대학교,국립,기존,충북,한국교원대학교,인문사회계열,305,306,2093,305,99.67,6.84,74.7325,24.9375,49.8217,0.6666671127019703,2876736.3636
2018,대학교,국립,기존,충북,한국교원대학교,자연과학계열,162,162,803,160,98.77,4.96,99.0933,-0.3233000000000032,0.7959,0.008031824553224,3511312.5
2018,대학교,사립,기존,충남,한국기술교육대학교,공학계열,720,720,4035,720,100.0,5.6,99.5515,0.4484999999999957,0.8372,0.0084097175833613,4802551.0685
2018,대학교,사립,기존,충남,한국기술교육대학교,인문사회계열,116,116,543,116,100.0,4.68,99.4643,0.5357000000000056,0.8167,0.0082109862533592,3404779.3049999997
2018,방송통신대학,국립,기존,서울,한국방송통신대학교,공학계열,3300,3300,1086,888,26.91,0.33,63.245,-36.335,51.3854,0.8124816191003241,1469650.7
2018,방송통신대학,국립,기존,서울,한국방송통신대학교,인문사회계열,43500,43500,15203,12372,28.44,0.35,42.8133,-14.373299999999997,51.5262,1.203509189901269,786481.72331
2018,방송통신대학,국립,기존,서울,한국방송통신대학교,자연과학계열,8900,8900,3135,2540,28.54,0.35,62.57,-34.03,48.1257,0.7691497522774493,731590.0
2018,대학교,사립,기존,서울,한국성서대학교,공학계열,35,35,256,35,100.0,7.31,94.18,5.819999999999993,20.0519,0.2129103843703546,7827665.0
2018,대학교,사립,기존,서울,한국성서대학교,인문사회계열,143,142,779,143,100.7,5.49,97.7995,2.900500000000008,9.3063,0.0951569282051544,6970768.0
2018,대학교,사립,기존,서울,한국성서대학교,자연과학계열,45,46,873,45,97.83,18.98,97.4421,0.3879000000000019,9.5176,0.0976744138313932,8179665.0
2018,각종학교(대학),특별법국립,기존,서울,한국예술종합학교,공학계열,20,20,129,17,85.0,6.45,85.0,0.0,0.0,0.0,4816720.0
2018,각종학교(대학),특별법국립,기존,서울,한국예술종합학교,예체능계열,506,506,12115,486,96.05,23.94,96.05,0.0,0.0,0.0,4851206.6667
2018,각종학교(대학),특별법국립,기존,서울,한국예술종합학교,인문사회계열,32,32,808,31,96.88,25.25,96.88,0.0,0.0,0.0,4850200.0
2018,대학교,사립,기존,서울,한국외국어대학교,공학계열,284,287,2254,279,97.21,7.85,94.18,3.029999999999987,20.0519,0.2129103843703546,8915992.8777
2018,대학교,사립,기존,서울,한국외국어대학교,인문사회계열,2835,2857,34923,2843,99.51,12.22,97.7995,1.7105000000000103,9.3063,0.0951569282051544,7379582.0342
2018,대학교,사립,기존,서울,한국외국어대학교,자연과학계열,258,263,2411,258,98.1,9.17,97.4421,0.6578999999999979,9.5176,0.0976744138313932,8349043.1207
2018,대학교,국립,기존,서울,한국체육대학교,예체능계열,545,549,2166,547,99.64,3.95,99.625,0.0150000000000005,0.0212,0.0002127979924717,4168598.4249
2018,대학교,사립,기존,대전,한국침례신학대학교,예체능계열,65,65,129,65,100.0,1.98,100.0,0.0,0.0,0.0,8045784.3967
2018,대학교,사립,기존,대전,한국침례신학대학교,인문사회계열,295,295,567,248,84.07,1.92,89.2325,-5.1625000000000085,23.8943,0.2677757543495924,6116929.8135
2018,대학교,사립,기존,경기,한국항공대학교,공학계열,532,523,5872,524,100.19,11.23,98.017,2.173000000000002,7.4934,0.0764500035708091,9410669.8126
2018,대학교,사립,기존,경기,한국항공대학교,인문사회계열,107,110,1092,109,99.09,9.93,94.0377,5.0523000000000025,16.6613,0.1771768131292024,7236665.1434
2018,대학교,사립,기존,경기,한국항공대학교,자연과학계열,188,188,3008,186,98.94,16.0,99.6129,-0.6728999999999985,0.662,0.0066457256038123,8998027.3567
2018,대학교,사립,기존,대전,한남대학교,공학계열,687,691,3697,690,99.86,5.35,99.7517,0.1082999999999998,0.2841,0.0028480717621855,8590165.5659
2018,대학교,사립,기존,대전,한남대학교,예체능계열,205,205,1851,205,100.0,9.03,100.0,0.0,0.0,0.0,8449529.6739
2018,대학교,사립,기존,대전,한남대학교,인문사회계열,1439,1445,6211,1443,99.86,4.3,89.2325,10.627499999999998,23.8943,0.2677757543495924,6797273.264
2018,대학교,사립,기존,대전,한남대학교,자연과학계열,344,344,2026,344,100.0,5.89,99.7271,0.272900000000007,0.2965,0.0029731136270883,7917873.799799999
2018,대학교,사립,기존,경북,한동대학교,인문사회계열,0,731,3053,730,99.86,4.18,93.345,6.515000000000001,22.118,0.2369489528094702,6320225.0
2018,대학교,사립,기존,강원,한라대학교,공학계열,490,491,2135,489,99.59,4.35,99.402,0.1880000000000024,0.6535,0.0065743144001126,7975056.5361
2018,대학교,사립,기존,강원,한라대학교,예체능계열,40,40,168,39,97.5,4.2,98.654,-1.1539999999999964,1.6423,0.0166470695562268,8031978.495999999
2018,대학교,사립,기존,강원,한라대학교,인문사회계열,365,365,1938,364,99.73,5.31,98.4314,1.2986000000000075,3.2114,0.0326257677936105,6418224.5022
2018,대학교,사립,기존,강원,한림대학교,공학계열,207,208,1045,208,100.0,5.02,99.402,0.597999999999999,0.6535,0.0065743144001126,8800964.4806
2018,대학교,사립,기존,강원,한림대학교,예체능계열,53,53,323,53,100.0,6.09,98.654,1.3460000000000036,1.6423,0.0166470695562268,8687647.0
2018,대학교,사립,기존,강원,한림대학교,인문사회계열,890,893,4241,891,99.78,4.75,98.4314,1.348600000000005,3.2114,0.0326257677936105,7236342.6677
2018,대학교,사립,기존,강원,한림대학교,자연과학계열,561,562,3275,559,99.47,5.83,99.43,0.039999999999992,0.8047,0.0080931308458211,8527291.877
2018,대학교,사립,기존,충남,한서대학교,공학계열,442,447,4539,447,100.0,10.15,99.5515,0.4484999999999957,0.8372,0.0084097175833613,8730890.029099999
2018,대학교,사립,기존,충남,한서대학교,예체능계열,320,322,2504,319,99.07,7.78,99.5683,-0.4983000000000004,1.2135,0.0121876139293329,8385486.8201
2018,대학교,사립,기존,충남,한서대학교,인문사회계열,391,396,7473,395,99.75,18.87,99.4643,0.2857000000000056,0.8167,0.0082109862533592,7192987.519400001
2018,대학교,사립,기존,충남,한서대학교,자연과학계열,426,430,3100,429,99.77,7.21,101.1408,-1.370800000000003,4.5742,0.0452260610950279,8123223.5722
2018,대학교,사립,기존,서울,한성대학교,공학계열,424,426,7745,425,99.77,18.18,94.18,5.589999999999989,20.0519,0.2129103843703546,8768827.9182
2018,대학교,사립,기존,서울,한성대학교,예체능계열,268,269,4373,269,100.0,16.26,97.7283,2.271699999999996,11.9344,0.1221181581998254,9000205.2592
2018,대학교,사립,기존,서울,한성대학교,인문사회계열,766,766,8542,762,99.48,11.15,97.7995,1.6805000000000092,9.3063,0.0951569282051544,6929109.3287
2018,대학교,사립,기존,경기,한세대학교,공학계열,49,49,798,49,100.0,16.29,98.017,1.983000000000004,7.4934,0.0764500035708091,9457653.465
2018,대학교,사립,기존,경기,한세대학교,예체능계열,184,187,2942,187,100.0,15.73,98.4315,1.5685000000000002,6.5305,0.0663456312257763,10095622.021
2018,대학교,사립,기존,경기,한세대학교,인문사회계열,300,302,4122,301,99.67,13.65,94.0377,5.632300000000001,16.6613,0.1771768131292024,7724254.7204
2018,대학교,사립,기존,경기,한세대학교,자연과학계열,33,33,1382,33,100.0,41.88,99.6129,0.3871000000000038,0.662,0.0066457256038123,8855625.0
2018,대학교,사립,기존,경기,한신대학교,공학계열,227,229,2028,229,100.0,8.86,98.017,1.983000000000004,7.4934,0.0764500035708091,8664905.3335
2018,대학교,사립,기존,경기,한신대학교,예체능계열,35,36,247,36,100.0,6.86,98.4315,1.5685000000000002,6.5305,0.0663456312257763,8421620.0
2018,대학교,사립,기존,경기,한신대학교,인문사회계열,789,792,5823,790,99.75,7.35,94.0377,5.712299999999999,16.6613,0.1771768131292024,7318036.6787
2018,대학교,사립,기존,경기,한신대학교,자연과학계열,120,120,1110,120,100.0,9.25,99.6129,0.3871000000000038,0.662,0.0066457256038123,7953270.0
2018,대학교,사립,기존,서울,한양대학교,공학계열,1077,1083,26888,1082,99.91,24.83,94.18,5.72999999999999,20.0519,0.2129103843703546,9886809.9748
2018,대학교,사립,기존,서울,한양대학교,예체능계열,287,288,5748,288,100.0,19.96,97.7283,2.271699999999996,11.9344,0.1221181581998254,10221140.977500001
2018,대학교,사립,기존,서울,한양대학교,인문사회계열,980,983,20797,981,99.8,21.16,97.7995,2.0005000000000024,9.3063,0.0951569282051544,7785873.2256
2018,대학교,사립,기존,서울,한양대학교,자연과학계열,460,462,12032,457,98.92,26.04,97.4421,1.477900000000005,9.5176,0.0976744138313932,9004722.0955
2018,대학교,사립,기존,전북,한일장신대학교,예체능계열,27,27,41,27,100.0,1.52,98.9167,1.0832999999999942,1.2035,0.012166802976646,7461399.9667
2018,대학교,사립,기존,전북,한일장신대학교,인문사회계열,140,140,262,133,95.0,1.87,97.7217,-2.7216999999999985,2.2478,0.0230020558381608,5942602.783299999
2018,대학교,사립,기존,전북,한일장신대학교,자연과학계열,52,53,435,53,100.0,8.21,99.7017,0.2982999999999975,0.2597,0.0026047700289964,7150600.0
2018,대학교,사립,기존,경기,협성대학교,공학계열,145,145,1484,144,99.31,10.23,98.017,1.2930000000000064,7.4934,0.0764500035708091,9064963.578
2018,대학교,사립,기존,경기,협성대학교,예체능계열,175,176,1889,176,100.0,10.73,98.4315,1.5685000000000002,6.5305,0.0663456312257763,8932144.9822
2018,대학교,사립,기존,경기,협성대학교,인문사회계열,607,609,4289,606,99.51,7.04,94.0377,5.472300000000004,16.6613,0.1771768131292024,6984830.553
2018,대학교,사립,기존,경기,협성대학교,자연과학계열,77,78,1013,78,100.0,12.99,99.6129,0.3871000000000038,0.662,0.0066457256038123,8927765.47
2018,대학교,사립,기존,광주,호남대학교,공학계열,415,415,2051,413,99.52,4.94,99.386,0.1340000000000003,0.4494,0.00452176362868,7187440.045700001
2018,대학교,사립,기존,광주,호남대학교,예체능계열,244,244,1400,244,100.0,5.74,98.8975,1.1025000000000065,3.1183,0.0315306251421926,7116263.2773
2018,대학교,사립,기존,광주,호남대학교,인문사회계열,485,487,3254,487,100.0,6.68,99.0938,0.9061999999999985,2.2473,0.0226785126819235,6169440.701199999
2018,대학교,사립,기존,광주,호남대학교,자연과학계열,418,418,3789,418,100.0,9.06,99.85,0.1500000000000056,0.2332,0.0023355032548823,7047684.2058
2018,대학교,사립,기존,광주,호남신학대학교,예체능계열,60,60,105,60,100.0,1.75,98.8975,1.1025000000000065,3.1183,0.0315306251421926,8219966.62
2018,대학교,사립,기존,광주,호남신학대학교,인문사회계열,93,93,119,87,93.55,1.28,99.0938,-5.5438000000000045,2.2473,0.0226785126819235,6059537.995
2018,대학교,사립,기존,충남,호서대학교,공학계열,1157,1158,7119,1156,99.83,6.15,99.5515,0.278499999999994,0.8372,0.0084097175833613,8562796.841400001
2018,대학교,사립,기존,충남,호서대학교,예체능계열,421,423,4545,422,99.76,10.74,99.5683,0.1917000000000115,1.2135,0.0121876139293329,8450587.001600001
2018,대학교,사립,기존,충남,호서대학교,인문사회계열,953,959,7340,952,99.27,7.65,99.4643,-0.1942999999999983,0.8167,0.0082109862533592,7180762.862000001
2018,대학교,사립,기존,충남,호서대학교,자연과학계열,350,351,3379,351,100.0,9.63,101.1408,-1.1407999999999987,4.5742,0.0452260610950279,8042013.218799999
2018,산업대학,사립,기존,전북,호원대학교,공학계열,270,273,1311,272,99.63,4.8,99.195,0.4350000000000023,0.9835,0.0099148142547507,7357384.1281
2018,산업대학,사립,기존,전북,호원대학교,예체능계열,360,361,7329,359,99.45,20.3,98.9167,0.533299999999997,1.2035,0.012166802976646,7355849.6809
2018,산업대학,사립,기존,전북,호원대학교,인문사회계열,250,251,1615,249,99.2,6.43,97.7217,1.4783000000000044,2.2478,0.0230020558381608,6014201.2687
2018,산업대학,사립,기존,전북,호원대학교,자연과학계열,225,226,2700,225,99.56,11.95,99.7017,-0.1417000000000001,0.2597,0.0026047700289964,7404782.151800001
2018,대학교,사립,기존,서울,홍익대학교,공학계열,1325,1334,17084,1314,98.5,12.81,94.18,4.319999999999993,20.0519,0.2129103843703546,9592294.287
2018,대학교,사립,기존,서울,홍익대학교,예체능계열,386,386,2329,386,100.0,6.03,97.7283,2.271699999999996,11.9344,0.1221181581998254,9740720.0
2018,대학교,사립,기존,서울,홍익대학교,인문사회계열,632,646,9096,642,99.38,14.08,97.7995,1.580500000000001,9.3063,0.0951569282051544,7510320.0
2018,대학교,사립,기존,서울,홍익대학교,자연과학계열,28,29,440,28,96.55,15.17,97.4421,-0.8920999999999992,9.5176,0.0976744138313932,7510320.0
2018,대학교,사립,기존,경기,화성의과학대학교,공학계열,56,58,262,37,63.79,4.52,98.017,-34.227,7.4934,0.0764500035708091,7031550.0
2018,대학교,사립,기존,경기,화성의과학대학교,예체능계열,55,57,407,38,66.67,7.14,98.4315,-31.7615,6.5305,0.0663456312257763,7319160.0
2018,대학교,사립,기존,경기,화성의과학대학교,인문사회계열,95,99,605,74,74.75,6.11,94.0377,-19.2877,16.6613,0.1771768131292024,6860215.0
2018,대학교,사립,기존,경기,화성의과학대학교,자연과학계열,40,40,321,40,100.0,8.02,99.6129,0.3871000000000038,0.662,0.0066457256038123,8430750.0
2019,대학교,사립,기존,경남,가야대학교(김해),인문사회계열,169,171,759,165,96.49,4.44,83.8829,12.607099999999988,26.5592,0.3166223389987709,6285689.1713
2019,대학교,사립,기존,경남,가야대학교(김해),자연과학계열,402,404,2178,343,84.9,5.39,89.22,-4.319999999999993,19.6182,0.2198856758574311,7510269.5528
2019,대학교,사립,기존,경기,가천대학교,공학계열,1280,1282,22807,1281,99.92,17.79,98.7067,1.2133000000000038,3.9085,0.0395971094160781,9498716.345900001
2019,대학교,사립,기존,경기,가천대학교,예체능계열,360,361,8414,361,100.0,23.31,99.3319,0.6680999999999955,1.8888,0.0190150394787575,9407052.0164
2019,대학교,사립,기존,경기,가천대학교,인문사회계열,1361,1361,21235,1361,100.0,15.6,94.2081,5.791899999999998,16.5389,0.1755570911630741,7554649.974599999
2019,대학교,사립,기존,경기,가천대학교,자연과학계열,765,767,14867,766,99.87,19.38,99.6679,0.2021000000000015,0.6892,0.006914964597428,8922657.2178
2019,대학교,사립,기존,강원,가톨릭관동대학교,예체능계열,315,319,1939,318,99.69,6.08,98.866,0.8239999999999981,2.1042,0.021283353225578,8425735.2889
2019,대학교,사립,기존,강원,가톨릭관동대학교,인문사회계열,921,926,3626,924,99.78,3.92,99.2343,0.5456999999999965,1.0868,0.0109518583796126,6447164.3977
2019,대학교,사립,기존,강원,가톨릭관동대학교,자연과학계열,429,430,2473,429,99.77,5.75,99.655,0.1149999999999948,0.5035,0.0050524308865586,7854516.76
2019,대학교,사립,기존,충북,가톨릭꽃동네대학교,인문사회계열,68,68,159,67,98.53,2.34,94.1922,4.337800000000001,15.2271,0.1616598826654436,7015880.82
2019,대학교,사립,기존,충북,가톨릭꽃동네대학교,자연과학계열,40,40,258,40,100.0,6.45,99.3788,0.6212000000000018,0.68,0.0068425056450671,8202801.470000001
2019,대학교,사립,기존,경기,가톨릭대학교,공학계열,352,352,3582,350,99.43,10.18,98.7067,0.7233000000000089,3.9085,0.0395971094160781,8636128.5231
2019,대학교,사립,기존,경기,가톨릭대학교,예체능계열,45,45,246,45,100.0,5.47,99.3319,0.6680999999999955,1.8888,0.0190150394787575,9147100.0
2019,대학교,사립,기존,경기,가톨릭대학교,인문사회계열,809,816,7353,815,99.88,9.01,94.2081,5.671899999999994,16.5389,0.1755570911630741,6477322.5715
2019,대학교,사립,기존,경기,가톨릭대학교,자연과학계열,266,268,1921,267,99.63,7.17,99.6679,-0.0379000000000075,0.6892,0.006914964597428,7654238.948000001
2019,대학교,사립,기존,서울,가톨릭대학교 _제2캠퍼스,자연과학계열,173,173,4452,173,100.0,25.73,97.6829,2.3170999999999964,9.19,0.0940799259645239,9181500.0
2019,대학교,사립,기존,서울,가톨릭대학교 _제3캠퍼스,인문사회계열,50,50,60,50,100.0,1.2,97.1368,2.863200000000006,9.8775,0.1016864875103977,6707100.0
2019,대학교,사립,기존,서울,감리교신학대학교,인문사회계열,200,206,317,196,95.15,1.54,97.1368,-1.986799999999988,9.8775,0.1016864875103977,6279599.75
2019,대학교,사립,기존,경기,강남대학교,공학계열,358,365,2714,363,99.45,7.44,98.7067,0.743300000000005,3.9085,0.0395971094160781,9140874.447900001
2019,대학교,사립,기존,경기,강남대학교,예체능계열,151,153,2052,151,98.69,13.41,99.3319,-0.6419000000000068,1.8888,0.0190150394787575,9773847.301199999
2019,대학교,사립,기존,경기,강남대학교,인문사회계열,982,988,8284,978,98.99,8.38,94.2081,4.781899999999993,16.5389,0.1755570911630741,7289774.088500001
2019,대학교,사립,기존,서울,강서대학교,예체능계열,30,30,210,30,100.0,7.0,97.5703,2.429699999999997,11.9209,0.1221775478808612,8329527.498299999
2019,대학교,사립,기존,서울,강서대학교,인문사회계열,177,179,947,179,100.0,5.29,97.1368,2.863200000000006,9.8775,0.1016864875103977,6487835.2793
2019,대학교,국립,기존,강원,강원대학교,공학계열,665,667,4890,664,99.55,7.33,99.565,-0.0150000000000005,0.0835,0.000838648119319,4457172.4838
2019,대학교,국립,기존,강원,강원대학교,예체능계열,153,153,536,152,99.35,3.5,99.7833,-0.4333000000000027,0.3753,0.0037611504129448,4624889.696799999
2019,대학교,국립,기존,강원,강원대학교,인문사회계열,1026,1030,7387,1028,99.81,7.17,78.948,20.86200000000001,44.1447,0.5591617267061864,3504016.7071999996
2019,대학교,국립,기존,강원,강원대학교,자연과학계열,1114,1124,8149,1115,99.2,7.25,99.375,-0.1749999999999971,0.8098,0.00814893081761,4236508.0345
2019,대학교,국립,기존,강원,강원대학교 _제2캠퍼스,공학계열,737,743,3961,739,99.46,5.33,99.565,-0.1050000000000039,0.0835,0.000838648119319,4473097.386
2019,대학교,국립,기존,강원,강원대학교 _제2캠퍼스,예체능계열,190,190,1021,190,100.0,5.37,99.7833,0.216700000000003,0.3753,0.0037611504129448,4616720.0
2019,대학교,국립,기존,강원,강원대학교 _제2캠퍼스,인문사회계열,250,252,1688,245,97.22,6.7,78.948,18.27200000000001,44.1447,0.5591617267061864,3565585.4211999997
2019,대학교,국립,기존,강원,강원대학교 _제2캠퍼스,자연과학계열,352,353,2854,347,98.3,8.08,99.375,-1.0750000000000028,0.8098,0.00814893081761,4266800.0
2019,대학교,사립,기존,서울,건국대학교,공학계열,1240,1244,21082,1218,97.91,16.95,93.5331,4.376899999999992,21.7334,0.2323605226385098,9615578.0033
2019,대학교,사립,기존,서울,건국대학교,예체능계열,305,305,5306,305,100.0,17.4,97.5703,2.429699999999997,11.9209,0.1221775478808612,9507387.3809
2019,대학교,사립,기존,서울,건국대학교,인문사회계열,928,935,16228,927,99.14,17.36,97.1368,2.0032000000000068,9.8775,0.1016864875103977,7406855.6382
2019,대학교,사립,기존,서울,건국대학교,자연과학계열,527,529,9091,525,99.24,17.19,97.6829,1.5570999999999913,9.19,0.0940799259645239,8611997.719
2019,대학교,사립,기존,충남,건양대학교,공학계열,190,192,1123,191,99.48,5.85,99.7146,-0.2346000000000003,0.2989,0.0029975550220328,7466888.94
2019,대학교,사립,기존,충남,건양대학교,예체능계열,55,55,397,55,100.0,7.22,101.0408,-1.0408000000000044,4.3582,0.0431330709970625,7139887.0
2019,대학교,사립,기존,충남,건양대학교,인문사회계열,510,510,3180,505,99.02,6.24,99.6414,-0.6214000000000084,0.3409,0.0034212686694486,6218394.6082999995
2019,대학교,사립,기존,충남,건양대학교,자연과학계열,120,122,824,122,100.0,6.75,99.805,0.1949999999999931,0.5791,0.0058023145133009,7249258.95
2019,대학교,사립,기존,대전,건양대학교 _제2캠퍼스,자연과학계열,533,533,5318,532,99.81,9.98,99.8871,-0.0771000000000015,0.4779,0.0047844015893944,7573915.607799999
2019,대학교,사립,기존,경기,경기대학교,공학계열,754,754,7077,752,99.73,9.39,98.7067,1.023300000000006,3.9085,0.0395971094160781,8677932.0227
2019,대학교,사립,기존,경기,경기대학교,예체능계열,368,368,2848,368,100.0,7.74,99.3319,0.6680999999999955,1.8888,0.0190150394787575,8344889.3133000005
2019,대학교,사립,기존,경기,경기대학교,인문사회계열,1294,1296,13295,1295,99.92,10.26,94.2081,5.7119,16.5389,0.1755570911630741,6778169.8632
2019,대학교,사립,기존,경기,경기대학교,자연과학계열,182,182,1627,182,100.0,8.94,99.6679,0.3320999999999969,0.6892,0.006914964597428,7740670.0428
2019,대학교,사립,기존,서울,경기대학교 _제2캠퍼스,예체능계열,102,103,4241,102,99.03,41.17,97.5703,1.459699999999998,11.9209,0.1221775478808612,8697898.9826
2019,대학교,사립,기존,서울,경기대학교 _제2캠퍼스,인문사회계열,188,189,2332,189,100.0,12.34,97.1368,2.863200000000006,9.8775,0.1016864875103977,6813704.331499999
2019,대학교,사립,기존,경남,경남대학교,공학계열,850,853,3605,848,99.41,4.23,82.922,16.488,37.4122,0.451173391862232,7781344.8198
2019,대학교,사립,기존,경남,경남대학교,예체능계열,260,262,1376,262,100.0,5.25,97.3967,2.6033000000000044,6.3768,0.0654724441382511,7717796.255
2019,대학교,사립,기존,경남,경남대학교,인문사회계열,1315,1334,5724,1325,99.33,4.29,83.8829,15.447099999999992,26.5592,0.3166223389987709,5967887.922900001
2019,대학교,사립,기존,경남,경남대학교,자연과학계열,450,452,2515,449,99.34,5.56,89.22,10.120000000000005,19.6182,0.2198856758574311,6713197.6832
2019,대학교,사립,기존,강원,경동대학교,인문사회계열,130,130,568,130,100.0,4.37,99.2343,0.7656999999999954,1.0868,0.0109518583796126,6333495.1069
2019,대학교,사립,기존,강원,경동대학교 _제3캠퍼스,자연과학계열,805,806,4929,805,99.88,6.12,99.655,0.2249999999999943,0.5035,0.0050524308865586,8929337.9875
2019,대학교,사립,기존,경기,경동대학교 _제4캠퍼스,공학계열,230,231,1639,230,99.57,7.1,98.7067,0.8632999999999953,3.9085,0.0395971094160781,8421344.4806
2019,대학교,사립,기존,경기,경동대학교 _제4캠퍼스,예체능계열,84,84,509,84,100.0,6.06,99.3319,0.6680999999999955,1.8888,0.0190150394787575,8628353.155
2019,대학교,사립,기존,경기,경동대학교 _제4캠퍼스,인문사회계열,356,358,2212,357,99.72,6.18,94.2081,5.511899999999997,16.5389,0.1755570911630741,6942094.8775
2019,대학교,국립,기존,대구,경북대학교,공학계열,1537,1545,14620,1539,99.61,9.46,99.61,0.0,0.0,0.0,4688370.0997
2019,대학교,국립,기존,대구,경북대학교,예체능계열,253,253,2182,251,99.21,8.62,99.21,0.0,0.0,0.0,4751584.643099999
2019,대학교,국립,기존,대구,경북대학교,인문사회계열,1292,1300,14362,1300,100.0,11.05,50.0,50.0,70.7107,1.414214,3685997.8326
2019,대학교,국립,기존,대구,경북대학교,자연과학계열,1532,1542,20270,1538,99.74,13.15,99.74,0.0,0.0,0.0,4518346.509000001
2019,대학교,국립,기존,경남,경상국립대학교,공학계열,912,913,5414,911,99.78,5.93,99.4967,0.283299999999997,0.4994,0.005019261945371,4376283.586200001
2019,대학교,국립,기존,경남,경상국립대학교,예체능계열,87,87,858,87,100.0,9.86,100.0,0.0,0.0,0.0,4239314.2857
2019,대학교,국립,기존,경남,경상국립대학교,인문사회계열,1029,1030,6291,1029,99.9,6.11,74.81,25.090000000000003,49.8737,0.6666715679721962,3362927.6851999997
2019,대학교,국립,기존,경남,경상국립대학교,자연과학계열,1004,1004,6711,1002,99.8,6.68,99.47,0.3299999999999983,0.2955,0.0029707449482255,4217432.2111
2019,대학교,사립,기존,부산,경성대학교,공학계열,735,741,6598,740,99.87,8.9,100.0238,-0.1537999999999897,0.1765,0.0017645800299528,7650945.4236
2019,대학교,사립,기존,부산,경성대학교,예체능계열,534,535,4957,535,100.0,9.27,99.9422,0.0578000000000002,0.1164,0.0011646731810986,7519741.2529
2019,대학교,사립,기존,부산,경성대학교,인문사회계열,1196,1197,8660,1190,99.42,7.23,99.856,-0.4359999999999928,0.2592,0.002595737862522,5636320.983
2019,대학교,사립,기존,부산,경성대학교,자연과학계열,275,275,2479,275,100.0,9.01,99.932,0.0679999999999978,0.2304,0.0023055677860945,7042399.8188
2019,대학교,사립,기존,경북,경운대학교,공학계열,472,472,2219,472,100.0,4.7,96.9409,3.059100000000001,5.9519,0.0613972018002721,8434946.917
2019,대학교,사립,기존,경북,경운대학교,예체능계열,110,110,752,110,100.0,6.84,93.26,6.739999999999995,17.4169,0.1867563800128672,8346643.403299999
2019,대학교,사립,기존,경북,경운대학교,인문사회계열,189,189,1556,189,100.0,8.23,92.9721,7.0279000000000025,24.2042,0.2603383165487281,6482449.6208
2019,대학교,사립,기존,경북,경운대학교,자연과학계열,413,413,3546,413,100.0,8.59,90.9917,9.008300000000006,23.5991,0.2593544246343348,8266151.0162
2019,교육대학,국립,기존,인천,경인교육대학교,인문사회계열,598,599,2345,0,0.0,3.91,0.0,0.0,0.0,0.0,3271700.0
2019,대학교,사립,기존,경북,경일대학교,공학계열,789,790,4560,790,100.0,5.77,96.9409,3.059100000000001,5.9519,0.0613972018002721,8063098.633300001
2019,대학교,사립,기존,경북,경일대학교,예체능계열,245,245,1999,245,100.0,8.16,93.26,6.739999999999995,17.4169,0.1867563800128672,8240672.462
2019,대학교,사립,기존,경북,경일대학교,인문사회계열,280,280,2014,280,100.0,7.19,92.9721,7.0279000000000025,24.2042,0.2603383165487281,6011241.1915
2019,대학교,사립,기존,경북,경일대학교,자연과학계열,270,270,2818,270,100.0,10.44,90.9917,9.008300000000006,23.5991,0.2593544246343348,8087560.359999999
2019,대학교,사립,기존,서울,경희대학교,공학계열,1027,1033,17766,1025,99.23,17.2,93.5331,5.696899999999999,21.7334,0.2323605226385098,9062900.8118
2019,대학교,사립,기존,서울,경희대학교,예체능계열,857,864,14603,859,99.42,16.9,97.5703,1.8496999999999983,11.9209,0.1221775478808612,9093880.5616
2019,대학교,사립,기존,서울,경희대학교,인문사회계열,1712,1719,30414,1715,99.77,17.69,97.1368,2.633200000000002,9.8775,0.1016864875103977,7020760.193299999
2019,대학교,사립,기존,서울,경희대학교,자연과학계열,1124,1128,24643,1122,99.47,21.85,97.6829,1.7870999999999952,9.19,0.0940799259645239,9144368.442
2019,대학교,사립,기존,대구,계명대학교,공학계열,891,891,7163,888,99.66,8.04,99.66,0.0,0.0,0.0,8636768.3534
2019,대학교,사립,기존,대구,계명대학교,예체능계열,833,833,5878,832,99.88,7.06,99.88,0.0,0.0,0.0,9011425.9595
2019,대학교,사립,기존,대구,계명대학교,인문사회계열,2275,2279,14735,2275,99.82,6.47,99.82,0.0,0.0,0.0,6457470.102
2019,대학교,사립,기존,대구,계명대학교,자연과학계열,606,606,5488,603,99.5,9.06,99.5,0.0,0.0,0.0,8435864.7963
2019,대학교,사립,기존,서울,고려대학교,공학계열,868,868,7943,867,99.88,9.15,93.5331,6.346899999999991,21.7334,0.2323605226385098,10263376.970199998
2019,대학교,사립,기존,서울,고려대학교,예체능계열,130,127,926,127,100.0,7.29,97.5703,2.429699999999997,11.9209,0.1221775478808612,9756025.0
2019,대학교,사립,기존,서울,고려대학교,인문사회계열,1910,1911,13506,1908,99.84,7.07,97.1368,2.7032000000000096,9.8775,0.1016864875103977,7818372.1143000005
2019,대학교,사립,기존,서울,고려대학교,자연과학계열,891,891,8044,888,99.66,9.03,97.6829,1.977099999999993,9.19,0.0940799259645239,9244785.5519
2019,대학교,사립,기존,부산,고신대학교,예체능계열,95,95,401,95,100.0,4.22,99.9422,0.0578000000000002,0.1164,0.0011646731810986,7094279.383400001
2019,대학교,사립,기존,부산,고신대학교,인문사회계열,385,385,1557,385,100.0,4.04,99.856,0.1440000000000054,0.2592,0.002595737862522,6037009.5498
2019,대학교,사립,기존,부산,고신대학교,자연과학계열,406,406,2792,406,100.0,6.88,99.932,0.0679999999999978,0.2304,0.0023055677860945,7019851.817300001
2019,교육대학,국립,기존,충남,공주교육대학교,인문사회계열,354,354,1398,0,0.0,3.95,49.87,-49.87,70.5268,1.414212953679567,3495600.0
2019,대학교,사립,기존,광주,광신대학교,예체능계열,29,30,52,28,93.33,1.73,99.015,-5.685000000000002,2.3156,0.0233863556026864,7313600.0
2019,대학교,사립,기존,광주,광신대학교,인문사회계열,93,94,137,94,100.0,1.46,99.4625,0.5374999999999943,0.9311,0.0093613170793012,5881136.6667
2019,대학교,사립,기존,서울,광운대학교,공학계열,916,917,12878,915,99.78,14.04,93.5331,6.246899999999997,21.7334,0.2323605226385098,9012613.2986
2019,대학교,사립,기존,서울,광운대학교,예체능계열,37,37,431,37,100.0,11.65,97.5703,2.429699999999997,11.9209,0.1221775478808612,8091060.0
2019,대학교,사립,기존,서울,광운대학교,인문사회계열,592,594,8365,593,99.83,14.08,97.1368,2.6932000000000045,9.8775,0.1016864875103977,7257474.812299999
2019,대학교,사립,기존,서울,광운대학교,자연과학계열,139,139,1834,139,100.0,13.19,97.6829,2.3170999999999964,9.19,0.0940799259645239,8069300.0
2019,대학교,사립,기존,전남,광주가톨릭대학교,인문사회계열,40,40,30,29,72.5,0.75,68.87,3.629999999999996,44.857,0.6513285900972847,0.0
2019,대학교,특별법법인,기존,광주,광주과학기술원,자연과학계열,200,200,2985,196,98.0,14.92,98.0,0.0,0.0,0.0,2060000.0
2019,교육대학,국립,기존,광주,광주교육대학교,인문사회계열,326,327,1604,326,99.69,4.91,99.705,-0.0150000000000005,0.0212,0.0002126272503886,3561568.8939000005
2019,대학교,사립,기존,광주,광주대학교,공학계열,395,396,2308,394,99.49,5.83,99.302,0.1879999999999881,0.5275,0.0053120783065799,7148774.7744
2019,대학교,사립,기존,광주,광주대학교,예체능계열,250,251,1479,249,99.2,5.89,99.015,0.1850000000000022,2.3156,0.0233863556026864,7180216.521600001
2019,대학교,사립,기존,광주,광주대학교,인문사회계열,759,760,4642,756,99.47,6.11,99.4625,0.0074999999999931,0.9311,0.0093613170793012,6237843.4172
2019,대학교,사립,기존,광주,광주대학교,자연과학계열,240,240,1830,238,99.17,7.62,99.7517,-0.5816999999999979,0.3349,0.0033573362659483,7147299.8005
2019,대학교,사립,기존,광주,광주여자대학교,예체능계열,170,170,586,170,100.0,3.45,99.015,0.9849999999999994,2.3156,0.0233863556026864,7042364.784100001
2019,대학교,사립,기존,광주,광주여자대학교,인문사회계열,379,380,1958,380,100.0,5.15,99.4625,0.5374999999999943,0.9311,0.0093613170793012,5919095.5885
2019,대학교,사립,기존,광주,광주여자대학교,자연과학계열,346,346,2686,346,100.0,7.76,99.7517,0.2483000000000004,0.3349,0.0033573362659483,6857260.337199999
2019,대학교,국립,기존,경북,국립경국대학교,공학계열,480,483,2695,480,99.38,5.58,99.645,-0.2650000000000005,0.3748,0.0037613528024486,4207117.9364
2019,대학교,국립,기존,경북,국립경국대학교,예체능계열,81,81,303,81,100.0,3.74,100.0,0.0,0.0,0.0,4242776.6667
2019,대학교,국립,기존,경북,국립경국대학교,인문사회계열,509,510,2384,503,98.63,4.67,98.035,0.5949999999999989,0.8415,0.0085836690977712,3331591.5555
2019,대학교,국립,기존,경북,국립경국대학교,자연과학계열,386,388,2235,385,99.23,5.76,99.615,-0.3849999999999909,0.5445,0.0054660442704411,3851895.9477
2019,대학교,사립,기존,서울,국민대학교,공학계열,394,891,6972,888,99.66,7.82,93.5331,6.126899999999992,21.7334,0.2323605226385098,9143824.7236
2019,대학교,사립,기존,서울,국민대학교,예체능계열,329,541,7939,541,100.0,14.67,97.5703,2.429699999999997,11.9209,0.1221775478808612,9374498.059099998
2019,대학교,사립,기존,서울,국민대학교,인문사회계열,867,1136,9941,1133,99.74,8.75,97.1368,2.603200000000001,9.8775,0.1016864875103977,7326064.474400001
2019,대학교,사립,기존,서울,국민대학교,자연과학계열,234,301,2700,301,100.0,8.97,97.6829,2.3170999999999964,9.19,0.0940799259645239,8362875.9425
2019,대학교,사립,기존,충북,극동대학교,공학계열,245,245,1334,245,100.0,5.44,99.6329,0.3670999999999935,0.4802,0.0048196930933456,8485235.7983
2019,대학교,사립,기존,충북,극동대학교,예체능계열,192,193,2040,193,100.0,10.57,90.5562,9.443799999999996,24.4921,0.2704629832082176,8240618.7101
2019,대학교,사립,기존,충북,극동대학교,인문사회계열,258,258,3678,258,100.0,14.26,94.1922,5.8078,15.2271,0.1616598826654436,6736302.555
2019,대학교,사립,기존,충북,극동대학교,자연과학계열,240,242,1571,242,100.0,6.49,99.3788,0.6212000000000018,0.68,0.0068425056450671,8047670.4794
2019,대학교,사립,기존,충남,금강대학교,인문사회계열,110,110,224,109,99.09,2.04,99.6414,-0.551400000000001,0.3409,0.0034212686694486,6806381.411900001
2019,대학교,사립,기존,경북,김천대학교,공학계열,78,78,287,69,88.46,3.68,96.9409,-8.480900000000005,5.9519,0.0613972018002721,7689825.0
2019,대학교,사립,기존,경북,김천대학교,인문사회계열,159,159,551,157,98.74,3.47,92.9721,5.767899999999997,24.2042,0.2603383165487281,6874763.0873
2019,대학교,사립,기존,경북,김천대학교,자연과학계열,561,561,2310,544,96.97,4.12,90.9917,5.978300000000004,23.5991,0.2593544246343348,7489188.985699999
2019,대학교,사립,기존,충남,나사렛대학교,예체능계열,211,212,2388,212,100.0,11.26,101.0408,-1.0408000000000044,4.3582,0.0431330709970625,8389643.0023
2019,대학교,사립,기존,충남,나사렛대학교,인문사회계열,740,742,3831,738,99.46,5.16,99.6414,-0.1814000000000106,0.3409,0.0034212686694486,7134917.1543
2019,대학교,사립,기존,충남,나사렛대학교,자연과학계열,160,160,1049,160,100.0,6.56,99.805,0.1949999999999931,0.5791,0.0058023145133009,8475531.1346
2019,대학교,사립,기존,광주,남부대학교,공학계열,61,62,328,61,98.39,5.29,99.302,-0.912000000000006,0.5275,0.0053120783065799,7251507.0811
2019,대학교,사립,기존,광주,남부대학교,예체능계열,60,60,270,60,100.0,4.5,99.015,0.9849999999999994,2.3156,0.0233863556026864,7284819.8951
2019,대학교,사립,기존,광주,남부대학교,인문사회계열,134,135,785,135,100.0,5.81,99.4625,0.5374999999999943,0.9311,0.0093613170793012,6148136.0199
2019,대학교,사립,기존,광주,남부대학교,자연과학계열,450,451,2786,449,99.56,6.18,99.7517,-0.1916999999999973,0.3349,0.0033573362659483,6767320.8508
2019,대학교,사립,기존,충남,남서울대학교,공학계열,622,622,3784,621,99.84,6.08,99.7146,0.125399999999999,0.2989,0.0029975550220328,8670463.4135
2019,대학교,사립,기존,충남,남서울대학교,예체능계열,388,388,3682,388,100.0,9.49,101.0408,-1.0408000000000044,4.3582,0.0431330709970625,8897407.322
2019,대학교,사립,기존,충남,남서울대학교,인문사회계열,863,863,5692,861,99.77,6.6,99.6414,0.1285999999999916,0.3409,0.0034212686694486,7364686.961
2019,대학교,사립,기존,충남,남서울대학교,자연과학계열,328,328,3656,328,100.0,11.15,99.805,0.1949999999999931,0.5791,0.0058023145133009,9008426.7925
2019,대학교,사립,기존,경기,단국대학교,공학계열,812,814,11593,813,99.88,14.24,98.7067,1.1732999999999976,3.9085,0.0395971094160781,9560855.184700001
2019,대학교,사립,기존,경기,단국대학교,예체능계열,370,372,8533,371,99.73,22.94,99.3319,0.3980999999999994,1.8888,0.0190150394787575,9600862.198
2019,대학교,사립,기존,경기,단국대학교,인문사회계열,1033,1034,12713,1034,100.0,12.29,94.2081,5.791899999999998,16.5389,0.1755570911630741,7620512.951800001
2019,대학교,사립,기존,경기,단국대학교,자연과학계열,60,61,842,60,98.36,13.8,99.6679,-1.3079000000000036,0.6892,0.006914964597428,8889928.5714
2019,대학교,사립,기존,충남,단국대학교 _제2캠퍼스,공학계열,327,327,2136,325,99.39,6.53,99.7146,-0.3246000000000038,0.2989,0.0029975550220328,9294699.2424
2019,대학교,사립,기존,충남,단국대학교 _제2캠퍼스,예체능계열,323,324,3671,322,99.38,11.33,101.0408,-1.660800000000009,4.3582,0.0431330709970625,9039152.4244
2019,대학교,사립,기존,충남,단국대학교 _제2캠퍼스,인문사회계열,747,750,6817,745,99.33,9.09,99.6414,-0.3114000000000061,0.3409,0.0034212686694486,7251790.456900001
2019,대학교,사립,기존,충남,단국대학교 _제2캠퍼스,자연과학계열,943,948,7811,943,99.47,8.24,99.805,-0.3350000000000079,0.5791,0.0058023145133009,9132177.689100001
2019,대학교,사립,기존,경북,대구가톨릭대학교,공학계열,667,667,3830,667,100.0,5.74,96.9409,3.059100000000001,5.9519,0.0613972018002721,8160420.195899999
2019,대학교,사립,기존,경북,대구가톨릭대학교,예체능계열,361,361,1984,361,100.0,5.5,93.26,6.739999999999995,17.4169,0.1867563800128672,8953579.2979
2019,대학교,사립,기존,경북,대구가톨릭대학교,인문사회계열,1182,1185,8194,1183,99.83,6.91,92.9721,6.857900000000001,24.2042,0.2603383165487281,6106120.6006
2019,대학교,사립,기존,경북,대구가톨릭대학교,자연과학계열,652,652,4815,651,99.85,7.38,90.9917,8.8583,23.5991,0.2593544246343348,8296465.2743
2019,대학교,특별법법인,기존,대구,대구경북과학기술원,자연과학계열,220,220,3086,196,89.09,14.03,89.09,0.0,0.0,0.0,3528000.0
2019,교육대학,국립,기존,대구,대구교육대학교,인문사회계열,383,383,1609,0,0.0,4.2,50.0,-50.0,70.7107,1.414214,3685600.0
2019,대학교,사립,기존,경북,대구대학교,공학계열,770,774,5667,772,99.74,7.32,96.9409,2.799099999999996,5.9519,0.0613972018002721,8377423.6683
2019,대학교,사립,기존,경북,대구대학교,예체능계열,360,360,3552,358,99.44,9.87,93.26,6.179999999999993,17.4169,0.1867563800128672,8655019.3556
2019,대학교,사립,기존,경북,대구대학교,인문사회계열,1992,2002,12424,1997,99.75,6.21,92.9721,6.7779000000000025,24.2042,0.2603383165487281,6169983.1063
2019,대학교,사립,기존,경북,대구대학교,자연과학계열,937,941,6503,937,99.57,6.91,90.9917,8.578299999999999,23.5991,0.2593544246343348,7821255.227599999
2019,대학교,사립,기존,경북,대구예술대학교,예체능계열,404,404,1204,299,74.01,2.98,93.26,-19.25,17.4169,0.1867563800128672,8708729.1103
2019,대학교,사립,기존,경북,대구한의대학교,공학계열,380,380,2592,380,100.0,6.82,96.9409,3.059100000000001,5.9519,0.0613972018002721,7897745.498299999
2019,대학교,사립,기존,경북,대구한의대학교,예체능계열,110,110,898,110,100.0,8.16,93.26,6.739999999999995,17.4169,0.1867563800128672,7736779.8264
2019,대학교,사립,기존,경북,대구한의대학교,인문사회계열,366,366,2875,366,100.0,7.86,92.9721,7.0279000000000025,24.2042,0.2603383165487281,6064630.2414
2019,대학교,사립,기존,경북,대구한의대학교,자연과학계열,662,662,6997,662,100.0,10.57,90.9917,9.008300000000006,23.5991,0.2593544246343348,7714431.2227
2019,대학교,사립,기존,경북,대신대학교,예체능계열,40,40,81,40,100.0,2.02,93.26,6.739999999999995,17.4169,0.1867563800128672,7555880.0
2019,대학교,사립,기존,경북,대신대학교,인문사회계열,76,76,152,76,100.0,2.0,92.9721,7.0279000000000025,24.2042,0.2603383165487281,6250070.0
2019,대학교,사립,기존,세종,대전가톨릭대학교,인문사회계열,40,40,14,12,30.0,0.35,57.7167,-27.716700000000003,36.9297,0.6398442738410199,6060000.0
2019,대학교,사립,기존,대전,대전대학교,공학계열,542,543,4007,541,99.63,7.38,99.7567,-0.1266999999999996,0.2274,0.0022795461357482,8250575.7142
2019,대학교,사립,기존,대전,대전대학교,예체능계열,160,160,1983,160,100.0,12.39,97.4367,2.563299999999998,6.2789,0.0644408113164752,7935913.998899999
2019,대학교,사립,기존,대전,대전대학교,인문사회계열,951,956,7219,952,99.58,7.55,88.8213,10.758700000000005,25.078,0.2823421859396338,6928805.7336
2019,대학교,사립,기존,대전,대전대학교,자연과학계열,427,427,3734,424,99.3,8.74,99.8871,-0.5871000000000066,0.4779,0.0047844015893944,7951576.285699999
2019,대학교,사립,기존,대전,대전신학대학교,인문사회계열,60,60,37,17,28.33,0.62,88.8213,-60.4913,25.078,0.2823421859396338,6306593.0
2019,대학교,사립,기존,경기,대진대학교,공학계열,554,555,3304,554,99.82,5.95,98.7067,1.1132999999999953,3.9085,0.0395971094160781,8565114.9297
2019,대학교,사립,기존,경기,대진대학교,예체능계열,245,246,2887,246,100.0,11.74,99.3319,0.6680999999999955,1.8888,0.0190150394787575,8552137.6265
2019,대학교,사립,기존,경기,대진대학교,인문사회계열,794,799,5445,800,100.13,6.81,94.2081,5.921899999999994,16.5389,0.1755570911630741,6628611.1357
2019,대학교,사립,기존,경기,대진대학교,자연과학계열,200,201,1211,201,100.0,6.02,99.6679,0.3320999999999969,0.6892,0.006914964597428,7839720.4438
2019,대학교,사립,기존,서울,덕성여자대학교,공학계열,124,124,1590,123,99.19,12.82,93.5331,5.656899999999993,21.7334,0.2323605226385098,8863598.888799999
2019,대학교,사립,기존,서울,덕성여자대학교,예체능계열,165,166,2497,165,99.4,15.04,97.5703,1.8297000000000023,11.9209,0.1221775478808612,9006073.3667
2019,대학교,사립,기존,서울,덕성여자대학교,인문사회계열,684,687,7631,686,99.85,11.11,97.1368,2.7132000000000005,9.8775,0.1016864875103977,6581306.131899999
2019,대학교,사립,기존,서울,동국대학교,공학계열,826,830,11005,811,97.71,13.26,93.5331,4.176899999999989,21.7334,0.2323605226385098,9671192.322
2019,대학교,사립,기존,서울,동국대학교,예체능계열,210,210,6273,210,100.0,29.87,97.5703,2.429699999999997,11.9209,0.1221775478808612,9519799.7636
2019,대학교,사립,기존,서울,동국대학교,인문사회계열,1333,1341,20897,1333,99.4,15.58,97.1368,2.263200000000012,9.8775,0.1016864875103977,7455353.1876
2019,대학교,사립,기존,서울,동국대학교,자연과학계열,316,319,4171,315,98.75,13.08,97.6829,1.0670999999999964,9.19,0.0940799259645239,8974471.1573
2019,대학교,사립,기존,경북,동국대학교(WISE),공학계열,318,319,1823,318,99.69,5.71,96.9409,2.7490999999999985,5.9519,0.0613972018002721,9351231.9581
2019,대학교,사립,기존,경북,동국대학교(WISE),예체능계열,123,123,947,123,100.0,7.7,93.26,6.739999999999995,17.4169,0.1867563800128672,9231908.888700001
2019,대학교,사립,기존,경북,동국대학교(WISE),인문사회계열,913,918,4998,912,99.35,5.44,92.9721,6.377899999999997,24.2042,0.2603383165487281,7353976.023
2019,대학교,사립,기존,경북,동국대학교(WISE),자연과학계열,400,401,4294,398,99.25,10.71,90.9917,8.258300000000006,23.5991,0.2593544246343348,8814035.2036
2019,대학교,사립,기존,서울,동덕여자대학교,공학계열,89,89,692,89,100.0,7.78,93.5331,6.466899999999995,21.7334,0.2323605226385098,8007366.6667
2019,대학교,사립,기존,서울,동덕여자대학교,예체능계열,593,595,11967,595,100.0,20.11,97.5703,2.429699999999997,11.9209,0.1221775478808612,9133231.445700001
2019,대학교,사립,기존,서울,동덕여자대학교,인문사회계열,643,647,6103,642,99.23,9.43,97.1368,2.09320000000001,9.8775,0.1016864875103977,6480516.051200001
2019,대학교,사립,기존,서울,동덕여자대학교,자연과학계열,182,183,1792,181,98.91,9.79,97.6829,1.227099999999993,9.19,0.0940799259645239,8068573.699600001
2019,대학교,사립,기존,부산,동명대학교,공학계열,880,878,5781,878,100.0,6.58,100.0238,-0.0237999999999942,0.1765,0.0017645800299528,8019353.664399999
2019,대학교,사립,기존,부산,동명대학교,예체능계열,140,139,1117,139,100.0,8.04,99.9422,0.0578000000000002,0.1164,0.0011646731810986,7609227.5538
2019,대학교,사립,기존,부산,동명대학교,인문사회계열,658,660,5728,659,99.85,8.68,99.856,-0.0060000000000002,0.2592,0.002595737862522,6069711.8292
2019,대학교,사립,기존,부산,동명대학교,자연과학계열,140,140,1547,140,100.0,11.05,99.932,0.0679999999999978,0.2304,0.0023055677860945,7777416.9213
2019,대학교,사립,기존,부산,동서대학교,공학계열,785,785,4487,788,100.38,5.72,100.0238,0.3562000000000012,0.1765,0.0017645800299528,7694750.7507
2019,대학교,사립,기존,부산,동서대학교,예체능계열,450,450,2817,449,99.78,6.26,99.9422,-0.1621999999999985,0.1164,0.0011646731810986,7434123.3779
2019,대학교,사립,기존,부산,동서대학교,인문사회계열,980,981,6817,984,100.31,6.95,99.856,0.4540000000000077,0.2592,0.002595737862522,6007848.073299999
2019,대학교,사립,기존,부산,동서대학교,자연과학계열,220,216,2313,216,100.0,10.71,99.932,0.0679999999999978,0.2304,0.0023055677860945,7868951.759299999
2019,대학교,사립,기존,전남,동신대학교,공학계열,440,441,2095,441,100.0,4.75,76.25,23.75,47.5,0.6229508196721312,7461954.1494
2019,대학교,사립,기존,전남,동신대학교,예체능계열,105,105,545,105,100.0,5.19,87.4925,12.507499999999991,24.1888,0.276467125753636,7256346.3758000005
2019,대학교,사립,기존,전남,동신대학교,인문사회계열,468,468,2633,468,100.0,5.63,68.87,31.129999999999995,44.857,0.6513285900972847,6033323.6499
2019,대학교,사립,기존,전남,동신대학교,자연과학계열,535,537,3999,535,99.63,7.45,84.582,15.048000000000002,33.705,0.3984890402213237,7220324.209299999
2019,대학교,사립,기존,부산,동아대학교,공학계열,1195,1196,9288,1194,99.83,7.77,100.0238,-0.1937999999999959,0.1765,0.0017645800299528,8078154.062700001
2019,대학교,사립,기존,부산,동아대학교,예체능계열,434,434,3111,434,100.0,7.17,99.9422,0.0578000000000002,0.1164,0.0011646731810986,7985752.3823
2019,대학교,사립,기존,부산,동아대학교,인문사회계열,1665,1667,10405,1660,99.58,6.24,99.856,-0.2759999999999962,0.2592,0.002595737862522,6222023.3991
2019,대학교,사립,기존,부산,동아대학교,자연과학계열,764,766,5100,761,99.35,6.66,99.932,-0.5820000000000078,0.2304,0.0023055677860945,7326925.1059
2019,대학교,사립,기존,경북,동양대학교,공학계열,431,433,2320,433,100.0,5.36,96.9409,3.059100000000001,5.9519,0.0613972018002721,7732083.3765
2019,대학교,사립,기존,경북,동양대학교,예체능계열,205,205,1866,205,100.0,9.1,93.26,6.739999999999995,17.4169,0.1867563800128672,8077178.845900001
2019,대학교,사립,기존,경북,동양대학교,인문사회계열,332,332,1589,332,100.0,4.79,92.9721,7.0279000000000025,24.2042,0.2603383165487281,6028332.171800001
2019,대학교,사립,기존,경북,동양대학교,자연과학계열,60,60,656,60,100.0,10.93,90.9917,9.008300000000006,23.5991,0.2593544246343348,7685802.4233
2019,대학교,사립,기존,부산,동의대학교,공학계열,1595,1595,8446,1594,99.94,5.3,100.0238,-0.0837999999999965,0.1765,0.0017645800299528,7638686.5876
2019,대학교,사립,기존,부산,동의대학교,예체능계열,305,305,2693,305,100.0,8.83,99.9422,0.0578000000000002,0.1164,0.0011646731810986,7264170.181100001
2019,대학교,사립,기존,부산,동의대학교,인문사회계열,1225,1225,8266,1225,100.0,6.75,99.856,0.1440000000000054,0.2592,0.002595737862522,5682408.8137
2019,대학교,사립,기존,부산,동의대학교,자연과학계열,470,469,4606,470,100.21,9.82,99.932,0.2779999999999916,0.2304,0.0023055677860945,6910060.658499999
2019,대학교,사립,기존,경기,루터대학교,인문사회계열,57,57,344,57,100.0,6.04,94.2081,5.791899999999998,16.5389,0.1755570911630741,6702729.075
2019,대학교,사립,기존,경기,명지대학교,공학계열,834,834,7435,832,99.76,8.91,98.7067,1.0533000000000072,3.9085,0.0395971094160781,9666516.64
2019,대학교,사립,기존,경기,명지대학교,예체능계열,319,320,7361,319,99.69,23.0,99.3319,0.3580999999999932,1.8888,0.0190150394787575,9991003.1884
2019,대학교,사립,기존,경기,명지대학교,자연과학계열,180,180,2004,179,99.44,11.13,99.6679,-0.2279000000000053,0.6892,0.006914964597428,8677192.7048
2019,대학교,사립,기존,대전,목원대학교,공학계열,347,347,1797,347,100.0,5.18,99.7567,0.2433000000000049,0.2274,0.0022795461357482,8301355.8282
2019,대학교,사립,기존,대전,목원대학교,예체능계열,512,512,3379,512,100.0,6.6,97.4367,2.563299999999998,6.2789,0.0644408113164752,8360486.043
2019,대학교,사립,기존,대전,목원대학교,인문사회계열,812,812,4014,812,100.0,4.94,88.8213,11.178700000000006,25.078,0.2823421859396338,6817160.2433
2019,대학교,사립,기존,대전,목원대학교,자연과학계열,199,199,855,198,99.5,4.3,99.8871,-0.3871000000000038,0.4779,0.0047844015893944,7552579.922900001
2019,대학교,사립,기존,전남,목포가톨릭대학교,인문사회계열,30,30,146,30,100.0,4.87,68.87,31.129999999999995,44.857,0.6513285900972847,5935800.0
2019,대학교,사립,기존,전남,목포가톨릭대학교,자연과학계열,90,90,415,90,100.0,4.61,84.582,15.418000000000006,33.705,0.3984890402213237,7104800.0
2019,대학교,사립,기존,대전,배재대학교,공학계열,480,481,3393,479,99.58,7.05,99.7567,-0.1766999999999967,0.2274,0.0022795461357482,8277859.7377
2019,대학교,사립,기존,대전,배재대학교,예체능계열,193,193,1408,193,100.0,7.3,97.4367,2.563299999999998,6.2789,0.0644408113164752,8254137.851100001
2019,대학교,사립,기존,대전,배재대학교,인문사회계열,964,968,6539,963,99.48,6.76,88.8213,10.65870000000001,25.078,0.2823421859396338,6729994.0758
2019,대학교,사립,기존,대전,배재대학교,자연과학계열,411,411,2467,411,100.0,6.0,99.8871,0.1128999999999962,0.4779,0.0047844015893944,7565965.8229
2019,대학교,사립,기존,충남,백석대학교,공학계열,300,301,2087,299,99.34,6.93,99.7146,-0.3746000000000009,0.2989,0.0029975550220328,8762283.7125
2019,대학교,사립,기존,충남,백석대학교,예체능계열,675,679,9441,679,100.0,13.9,101.0408,-1.0408000000000044,4.3582,0.0431330709970625,9283973.2588
2019,대학교,사립,기존,충남,백석대학교,인문사회계열,1352,1356,12010,1349,99.48,8.86,99.6414,-0.1614000000000004,0.3409,0.0034212686694486,7370613.7325
2019,대학교,사립,기존,충남,백석대학교,자연과학계열,463,464,4075,459,98.92,8.78,99.805,-0.8850000000000051,0.5791,0.0058023145133009,8805300.0
2019,대학교,사립,기존,부산,부산가톨릭대학교,공학계열,100,99,757,99,100.0,7.65,100.0238,-0.0237999999999942,0.1765,0.0017645800299528,7929015.5493
2019,대학교,사립,기존,부산,부산가톨릭대학교,인문사회계열,196,195,1268,195,100.0,6.5,99.856,0.1440000000000054,0.2592,0.002595737862522,6154262.3524
2019,대학교,사립,기존,부산,부산가톨릭대학교,자연과학계열,620,619,4425,619,100.0,7.15,99.932,0.0679999999999978,0.2304,0.0023055677860945,7298788.404999999
2019,교육대학,국립,기존,부산,부산교육대학교,인문사회계열,356,356,1824,0,0.0,5.12,74.8825,-74.8825,49.9218,0.666668447234,3107200.0
2019,대학교,국립,기존,부산,부산대학교,공학계열,1486,1487,15774,1481,99.6,10.61,99.6833,-0.0833000000000083,0.2843,0.0028520323865682,4760204.1177
2019,대학교,국립,기존,부산,부산대학교,예체능계열,315,315,2320,315,100.0,7.37,100.0,0.0,0.0,0.0,4751333.333
2019,대학교,국립,기존,부산,부산대학교,인문사회계열,1332,1337,13583,1335,99.85,10.16,74.8825,24.9675,49.9218,0.666668447234,3552716.0592
2019,대학교,국립,기존,부산,부산대학교,자연과학계열,1048,1050,13577,1049,99.9,12.93,99.85,0.0500000000000113,0.1803,0.0018057085628442,4608177.5743
2019,대학교,사립,기존,부산,부산외국어대학교,공학계열,205,205,1258,205,100.0,6.14,100.0238,-0.0237999999999942,0.1765,0.0017645800299528,7897294.9478
2019,대학교,사립,기존,부산,부산외국어대학교,예체능계열,60,58,909,58,100.0,15.67,99.9422,0.0578000000000002,0.1164,0.0011646731810986,6880964.818000001
2019,대학교,사립,기존,부산,부산외국어대학교,인문사회계열,1548,1550,8987,1545,99.68,5.8,99.856,-0.1759999999999877,0.2592,0.002595737862522,6054354.3346
2019,대학교,사립,기존,경남,부산장신대학교,인문사회계열,67,69,84,40,57.97,1.22,83.8829,-25.912900000000008,26.5592,0.3166223389987709,6104227.5117
2019,대학교,사립,기존,서울,삼육대학교,공학계열,151,151,2368,151,100.0,15.68,93.5331,6.466899999999995,21.7334,0.2323605226385098,8770773.9831
2019,대학교,사립,기존,서울,삼육대학교,예체능계열,160,160,3194,160,100.0,19.96,97.5703,2.429699999999997,11.9209,0.1221775478808612,9215430.879999999
2019,대학교,사립,기존,서울,삼육대학교,인문사회계열,422,425,4427,426,100.24,10.42,97.1368,3.103200000000001,9.8775,0.1016864875103977,7409350.3354
2019,대학교,사립,기존,서울,삼육대학교,자연과학계열,389,390,5475,390,100.0,14.04,97.6829,2.3170999999999964,9.19,0.0940799259645239,8434035.3061
2019,대학교,사립,기존,서울,상명대학교,공학계열,361,364,3634,363,99.73,9.98,93.5331,6.196899999999999,21.7334,0.2323605226385098,8907479.5099
2019,대학교,사립,기존,서울,상명대학교,예체능계열,183,184,3669,184,100.0,19.94,97.5703,2.429699999999997,11.9209,0.1221775478808612,9403698.6191
2019,대학교,사립,기존,서울,상명대학교,인문사회계열,642,642,5527,641,99.84,8.61,97.1368,2.7032000000000096,9.8775,0.1016864875103977,7269195.7831
2019,대학교,사립,기존,서울,상명대학교,자연과학계열,116,117,1280,117,100.0,10.94,97.6829,2.3170999999999964,9.19,0.0940799259645239,8448554.9999
2019,대학교,사립,기존,강원,상지대학교,공학계열,223,225,937,222,98.67,4.16,99.114,-0.4440000000000026,0.5595,0.0056450148314062,8341745.9013
2019,대학교,사립,기존,강원,상지대학교,예체능계열,207,208,1278,207,99.52,6.14,98.866,0.6539999999999964,2.1042,0.021283353225578,8028785.0228
2019,대학교,사립,기존,강원,상지대학교,인문사회계열,762,778,2924,756,97.17,3.76,99.2343,-2.064300000000003,1.0868,0.0109518583796126,6675719.9082
2019,대학교,사립,기존,강원,상지대학교,자연과학계열,515,516,3397,509,98.64,6.58,99.655,-1.0150000000000006,0.5035,0.0050524308865586,7717274.0691
2019,대학교,사립,기존,서울,서강대학교,공학계열,387,388,15311,386,99.48,39.46,93.5331,5.946899999999999,21.7334,0.2323605226385098,9927353.3333
2019,대학교,사립,기존,서울,서강대학교,인문사회계열,977,983,25476,973,98.98,25.92,97.1368,1.8432000000000104,9.8775,0.1016864875103977,7749999.864
2019,대학교,사립,기존,서울,서강대학교,자연과학계열,210,211,4560,210,99.53,21.61,97.6829,1.8470999999999973,9.19,0.0940799259645239,9024405.0
2019,대학교,사립,기존,서울,서경대학교,공학계열,400,402,5625,399,99.25,13.99,93.5331,5.716899999999995,21.7334,0.2323605226385098,8736269.0616
2019,대학교,사립,기존,서울,서경대학교,예체능계열,429,430,14758,429,99.77,34.32,97.5703,2.199699999999993,11.9209,0.1221775478808612,9125162.7721
2019,대학교,사립,기존,서울,서경대학교,인문사회계열,360,361,5172,360,99.72,14.33,97.1368,2.583200000000005,9.8775,0.1016864875103977,7016831.5008000005
2019,대학교,사립,기존,서울,서경대학교,자연과학계열,80,80,1138,79,98.75,14.22,97.6829,1.0670999999999964,9.19,0.0940799259645239,8853033.3333
2019,대학교,국립,기존,서울,서울과학기술대학교,공학계열,1429,1437,20538,1434,99.79,14.29,64.56,35.230000000000004,49.8227,0.7717270755885997,5494128.3050999995
2019,대학교,국립,기존,서울,서울과학기술대학교,예체능계열,254,254,2152,249,98.03,8.47,99.015,-0.9849999999999994,1.393,0.0140685754683633,5567009.9999
2019,대학교,국립,기존,서울,서울과학기술대학교,인문사회계열,237,238,2975,238,100.0,12.5,42.0267,57.9733,51.8722,1.2342677393181003,4684437.853
2019,대학교,국립,기존,서울,서울과학기술대학교,자연과학계열,147,148,1816,148,100.0,12.27,63.095,36.905,52.1916,0.8271907441160156,5497893.0
2019,교육대학,국립,기존,서울,서울교육대학교,인문사회계열,355,355,1312,0,0.0,3.7,42.0267,-42.0267,51.8722,1.2342677393181003,3156400.0
2019,대학교,사립,기존,서울,서울기독대학교,예체능계열,58,58,229,56,96.55,3.95,97.5703,-1.020300000000006,11.9209,0.1221775478808612,8640110.9143
2019,대학교,사립,기존,서울,서울기독대학교,인문사회계열,78,78,287,69,88.46,3.68,97.1368,-8.6768,9.8775,0.1016864875103977,6880208.2707
2019,대학교,국립대법인,기존,서울,서울대학교,공학계열,853,855,3846,853,99.77,4.5,99.77,0.0,0.0,0.0,6064307.7824
2019,대학교,국립대법인,기존,서울,서울대학교,예체능계열,38,288,6301,277,96.18,21.88,96.18,0.0,0.0,0.0,7539922.1784
2019,대학교,국립대법인,기존,서울,서울대학교,인문사회계열,1153,1153,6434,1018,88.29,5.58,88.29,0.0,0.0,0.0,5046714.8876
2019,대학교,국립대법인,기존,서울,서울대학교,자연과학계열,839,841,4462,778,92.51,5.31,92.51,0.0,0.0,0.0,6312731.3597
2019,대학교,공립,기존,서울,서울시립대학교,공학계열,628,633,9244,614,97.0,14.6,97.0,0.0,0.0,0.0,2737800.0
2019,대학교,공립,기존,서울,서울시립대학교,예체능계열,132,132,1615,132,100.0,12.23,100.0,0.0,0.0,0.0,2971550.0
2019,대학교,공립,기존,서울,서울시립대학교,인문사회계열,773,777,9697,772,99.36,12.48,99.36,0.0,0.0,0.0,2080800.0
2019,대학교,공립,기존,서울,서울시립대학교,자연과학계열,164,166,2455,164,98.8,14.79,98.8,0.0,0.0,0.0,2463264.7619
2019,대학교,사립,기존,경기,서울신학대학교,예체능계열,95,95,1198,95,100.0,12.61,99.3319,0.6680999999999955,1.8888,0.0190150394787575,8832354.145
2019,대학교,사립,기존,경기,서울신학대학교,인문사회계열,407,410,2139,410,100.0,5.22,94.2081,5.791899999999998,16.5389,0.1755570911630741,7051819.7447
2019,대학교,사립,기존,서울,서울여자대학교,공학계열,172,172,2539,172,100.0,14.76,93.5331,6.466899999999995,21.7334,0.2323605226385098,8618609.8092
2019,대학교,사립,기존,서울,서울여자대학교,예체능계열,180,181,4769,181,100.0,26.35,97.5703,2.429699999999997,11.9209,0.1221775478808612,9700661.1305
2019,대학교,사립,기존,서울,서울여자대학교,인문사회계열,882,882,17362,878,99.55,19.68,97.1368,2.413200000000004,9.8775,0.1016864875103977,7368183.187900001
2019,대학교,사립,기존,서울,서울여자대학교,자연과학계열,358,359,6712,359,100.0,18.7,97.6829,2.3170999999999964,9.19,0.0940799259645239,8540384.2063
2019,대학교,사립,기존,경기,서울장신대학교,예체능계열,27,27,59,27,100.0,2.19,99.3319,0.6680999999999955,1.8888,0.0190150394787575,10058620.0
2019,대학교,사립,기존,경기,서울장신대학교,인문사회계열,86,86,246,86,100.0,2.86,94.2081,5.791899999999998,16.5389,0.1755570911630741,7484890.0
2019,대학교,사립,기존,서울,서울한영대학교,예체능계열,20,20,49,20,100.0,2.45,97.5703,2.429699999999997,11.9209,0.1221775478808612,8474634.9833
2019,대학교,사립,기존,서울,서울한영대학교,인문사회계열,160,160,885,158,98.75,5.53,97.1368,1.6132000000000062,9.8775,0.1016864875103977,6859945.0672
2019,대학교,사립,기존,충북,서원대학교,공학계열,415,416,3127,415,99.76,7.52,99.6329,0.1270999999999986,0.4802,0.0048196930933456,8196490.192399999
2019,대학교,사립,기존,충북,서원대학교,예체능계열,206,206,1408,206,100.0,6.83,90.5562,9.443799999999996,24.4921,0.2704629832082176,7846819.4164
2019,대학교,사립,기존,충북,서원대학교,인문사회계열,721,723,5629,721,99.72,7.79,94.1922,5.527799999999999,15.2271,0.1616598826654436,6527212.7165
2019,대학교,사립,기존,충북,서원대학교,자연과학계열,280,280,1812,278,99.29,6.47,99.3788,-0.088799999999992,0.68,0.0068425056450671,7593953.451800001
2019,대학교,사립,기존,충남,선문대학교,공학계열,906,908,4691,911,100.33,5.17,99.7146,0.615399999999994,0.2989,0.0029975550220328,8505540.4702
2019,대학교,사립,기존,충남,선문대학교,예체능계열,115,114,1201,113,99.12,10.54,101.0408,-1.9208,4.3582,0.0431330709970625,8028918.1086
2019,대학교,사립,기존,충남,선문대학교,인문사회계열,775,777,4588,774,99.61,5.9,99.6414,-0.0314000000000049,0.3409,0.0034212686694486,6965922.151099999
2019,대학교,사립,기존,충남,선문대학교,자연과학계열,257,258,1762,261,101.16,6.83,99.805,1.3549999999999898,0.5791,0.0058023145133009,8239229.8806
2019,대학교,사립,기존,경기,성결대학교,공학계열,305,305,3698,305,100.0,12.12,98.7067,1.293300000000002,3.9085,0.0395971094160781,8562478.5714
2019,대학교,사립,기존,경기,성결대학교,예체능계열,193,193,4025,192,99.48,20.85,99.3319,0.1480999999999994,1.8888,0.0190150394787575,9346624.9946
2019,대학교,사립,기존,경기,성결대학교,인문사회계열,730,730,6745,729,99.86,9.24,94.2081,5.651899999999998,16.5389,0.1755570911630741,6873909.504899999
2019,대학교,사립,기존,서울,성공회대학교,공학계열,139,139,654,139,100.0,4.71,93.5331,6.466899999999995,21.7334,0.2323605226385098,7992547.5
2019,대학교,사립,기존,서울,성공회대학교,인문사회계열,363,365,1987,363,99.45,5.44,97.1368,2.313200000000009,9.8775,0.1016864875103977,7282935.1515
2019,대학교,사립,기존,서울,성균관대학교,공학계열,1130,1132,26137,1127,99.56,23.09,93.5331,6.026899999999998,21.7334,0.2323605226385098,9304646.517
2019,대학교,사립,기존,서울,성균관대학교,예체능계열,252,251,4413,251,100.0,17.58,97.5703,2.429699999999997,11.9209,0.1221775478808612,9566756.23
2019,대학교,사립,기존,서울,성균관대학교,인문사회계열,1449,1452,29396,1450,99.86,20.25,97.1368,2.7232000000000056,9.8775,0.1016864875103977,7463666.0782
2019,대학교,사립,기존,서울,성균관대학교,자연과학계열,472,473,11635,471,99.58,24.6,97.6829,1.897099999999995,9.19,0.0940799259645239,8856363.9684
2019,대학교,사립,기존,서울,성신여자대학교,공학계열,325,325,3233,323,99.38,9.95,93.5331,5.846899999999991,21.7334,0.2323605226385098,8619105.8846
2019,대학교,사립,기존,서울,성신여자대학교,예체능계열,506,506,9348,506,100.0,18.47,97.5703,2.429699999999997,11.9209,0.1221775478808612,9974875.4945
2019,대학교,사립,기존,서울,성신여자대학교,인문사회계열,901,901,10276,900,99.89,11.41,97.1368,2.7532000000000068,9.8775,0.1016864875103977,7319715.1154
2019,대학교,사립,기존,서울,성신여자대학교,자연과학계열,328,329,3536,329,100.0,10.75,97.6829,2.3170999999999964,9.19,0.0940799259645239,8573598.562199999
2019,대학교,사립,기존,충북,세명대학교,공학계열,270,270,1341,270,100.0,4.97,99.6329,0.3670999999999935,0.4802,0.0048196930933456,7951320.926100001
2019,대학교,사립,기존,충북,세명대학교,예체능계열,200,203,1518,203,100.0,7.48,90.5562,9.443799999999996,24.4921,0.2704629832082176,7805764.103499999
2019,대학교,사립,기존,충북,세명대학교,인문사회계열,750,752,4651,751,99.87,6.18,94.1922,5.677800000000005,15.2271,0.1616598826654436,6300402.1941
2019,대학교,사립,기존,충북,세명대학교,자연과학계열,660,660,3837,658,99.7,5.81,99.3788,0.3212000000000046,0.68,0.0068425056450671,7605857.901899999
2019,대학교,사립,기존,서울,세종대학교,공학계열,1355,1359,15669,1350,99.34,11.53,93.5331,5.806899999999999,21.7334,0.2323605226385098,8898619.59
2019,대학교,사립,기존,서울,세종대학교,예체능계열,229,230,5373,229,99.57,23.36,97.5703,1.99969999999999,11.9209,0.1221775478808612,9046442.1466
2019,대학교,사립,기존,서울,세종대학교,인문사회계열,582,585,7953,583,99.66,13.59,97.1368,2.5232000000000028,9.8775,0.1016864875103977,6594035.713400001
2019,대학교,사립,기존,서울,세종대학교,자연과학계열,154,157,1732,156,99.36,11.03,97.6829,1.6770999999999958,9.19,0.0940799259645239,7714568.4743
2019,대학교,사립,기존,전남,세한대학교,공학계열,126,126,648,126,100.0,5.14,76.25,23.75,47.5,0.6229508196721312,7718890.2381
2019,대학교,사립,기존,전남,세한대학교,예체능계열,331,331,1534,331,100.0,4.63,87.4925,12.507499999999991,24.1888,0.276467125753636,7021176.001800001
2019,대학교,사립,기존,전남,세한대학교,인문사회계열,294,294,2870,294,100.0,9.76,68.87,31.129999999999995,44.857,0.6513285900972847,5937898.6463
2019,대학교,사립,기존,전남,세한대학교,자연과학계열,163,163,1096,162,99.39,6.72,84.582,14.808000000000009,33.705,0.3984890402213237,6784397.035699999
2019,대학교,사립,기존,광주,송원대학교,공학계열,200,200,917,199,99.5,4.58,99.302,0.1979999999999933,0.5275,0.0053120783065799,7011866.657199999
2019,대학교,사립,기존,광주,송원대학교,예체능계열,110,110,451,110,100.0,4.1,99.015,0.9849999999999994,2.3156,0.0233863556026864,6992126.667200001
2019,대학교,사립,기존,광주,송원대학교,인문사회계열,291,291,1187,283,97.25,4.08,99.4625,-2.2125000000000057,0.9311,0.0093613170793012,6037041.5067
2019,대학교,사립,기존,광주,송원대학교,자연과학계열,199,199,1524,199,100.0,7.66,99.7517,0.2483000000000004,0.3349,0.0033573362659483,6802051.080500001
2019,대학교,사립,기존,경기,수원가톨릭대학교,인문사회계열,90,90,54,33,36.67,0.6,94.2081,-57.5381,16.5389,0.1755570911630741,5325000.0
2019,대학교,사립,기존,서울,숙명여자대학교,공학계열,423,423,4815,420,99.29,11.38,93.5331,5.756900000000002,21.7334,0.2323605226385098,9485943.1818
2019,대학교,사립,기존,서울,숙명여자대학교,예체능계열,326,326,3633,326,100.0,11.14,97.5703,2.429699999999997,11.9209,0.1221775478808612,10226027.989599999
2019,대학교,사립,기존,서울,숙명여자대학교,인문사회계열,1127,1132,11164,1128,99.65,9.86,97.1368,2.513200000000012,9.8775,0.1016864875103977,7670642.5254
2019,대학교,사립,기존,서울,숙명여자대학교,자연과학계열,234,236,3160,233,98.73,13.39,97.6829,1.0471000000000004,9.19,0.0940799259645239,9034523.9742
2019,각종학교(대학),사립,기존,충북,순복음총회신학교,예체능계열,10,10,19,3,30.0,1.9,90.5562,-60.5562,24.4921,0.2704629832082176,7234285.709999999
2019,각종학교(대학),사립,기존,충북,순복음총회신학교,인문사회계열,69,69,129,37,53.62,1.87,94.1922,-40.5722,15.2271,0.1616598826654436,5676930.686
2019,대학교,사립,기존,충남,순천향대학교,공학계열,862,863,5553,860,99.65,6.43,99.7146,-0.0645999999999986,0.2989,0.0029975550220328,8840640.9375
2019,대학교,사립,기존,충남,순천향대학교,예체능계열,146,146,2653,146,100.0,18.17,101.0408,-1.0408000000000044,4.3582,0.0431330709970625,8288314.285699999
2019,대학교,사립,기존,충남,순천향대학교,인문사회계열,824,827,5785,824,99.64,7.0,99.6414,-0.0014000000000038,0.3409,0.0034212686694486,7496940.0359
2019,대학교,사립,기존,충남,순천향대학교,자연과학계열,520,522,4518,520,99.62,8.66,99.805,-0.1850000000000022,0.5791,0.0058023145133009,8379226.617300001
2019,대학교,사립,기존,서울,숭실대학교,공학계열,1212,1213,14350,1210,99.75,11.83,93.5331,6.216899999999995,21.7334,0.2323605226385098,9318848.412899999
2019,대학교,사립,기존,서울,숭실대학교,예체능계열,87,87,2463,87,100.0,28.31,97.5703,2.429699999999997,11.9209,0.1221775478808612,9293699.9999
2019,대학교,사립,기존,서울,숭실대학교,인문사회계열,1155,1158,15709,1157,99.91,13.57,97.1368,2.7732000000000028,9.8775,0.1016864875103977,7629418.0726
2019,대학교,사립,기존,서울,숭실대학교,자연과학계열,221,222,3227,220,99.1,14.54,97.6829,1.4170999999999907,9.19,0.0940799259645239,8475300.0
2019,대학교,사립,기존,경북,신경주대학교,예체능계열,200,203,225,82,40.39,1.11,93.26,-52.870000000000005,17.4169,0.1867563800128672,8436174.885
2019,대학교,사립,기존,경북,신경주대학교,인문사회계열,282,290,342,26,8.97,1.18,92.9721,-84.0021,24.2042,0.2603383165487281,6635040.6239
2019,대학교,사립,기존,경북,신경주대학교,자연과학계열,280,288,480,52,18.06,1.67,90.9917,-72.93169999999999,23.5991,0.2593544246343348,7309179.487299999
2019,대학교,사립,기존,부산,신라대학교,공학계열,590,591,4131,592,100.17,6.99,100.0238,0.1462000000000074,0.1765,0.0017645800299528,8010356.3802000005
2019,대학교,사립,기존,부산,신라대학교,예체능계열,183,183,917,183,100.0,5.01,99.9422,0.0578000000000002,0.1164,0.0011646731810986,7656044.7221
2019,대학교,사립,기존,부산,신라대학교,인문사회계열,955,951,6222,951,100.0,6.54,99.856,0.1440000000000054,0.2592,0.002595737862522,5934444.0519
2019,대학교,사립,기존,부산,신라대학교,자연과학계열,415,416,3211,415,99.76,7.72,99.932,-0.171999999999997,0.2304,0.0023055677860945,7294631.6367
2019,대학교,사립,기존,경기,신한대학교,공학계열,163,166,1521,164,98.8,9.16,98.7067,0.0932999999999992,3.9085,0.0395971094160781,10340457.3325
2019,대학교,사립,기존,경기,신한대학교,자연과학계열,90,90,1543,90,100.0,17.14,99.6679,0.3320999999999969,0.6892,0.006914964597428,9743684.0
2019,대학교,사립,기존,경기,신한대학교 _제2캠퍼스,공학계열,90,91,973,91,100.0,10.69,98.7067,1.293300000000002,3.9085,0.0395971094160781,10303166.285699999
2019,대학교,사립,기존,경기,신한대학교 _제2캠퍼스,예체능계열,198,199,3281,197,98.99,16.49,99.3319,-0.3419000000000096,1.8888,0.0190150394787575,10234567.6125
2019,대학교,사립,기존,경기,신한대학교 _제2캠퍼스,인문사회계열,450,453,4601,453,100.0,10.16,94.2081,5.791899999999998,16.5389,0.1755570911630741,8135300.9772
2019,대학교,사립,기존,경기,신한대학교 _제2캠퍼스,자연과학계열,399,400,4035,399,99.75,10.09,99.6679,0.0820999999999969,0.6892,0.006914964597428,9759599.592300002
2019,대학교,사립,기존,경기,아신대학교,인문사회계열,186,188,285,152,80.85,1.52,94.2081,-13.358100000000007,16.5389,0.1755570911630741,6709164.5026
2019,대학교,사립,기존,경기,아주대학교,공학계열,1017,1019,16409,1009,99.02,16.1,98.7067,0.3132999999999981,3.9085,0.0395971094160781,9345808.6814
2019,대학교,사립,기존,경기,아주대학교,인문사회계열,564,564,9408,560,99.29,16.68,94.2081,5.0819000000000045,16.5389,0.1755570911630741,7494709.7883
2019,대학교,사립,기존,경기,아주대학교,자연과학계열,268,268,7594,268,100.0,28.34,99.6679,0.3320999999999969,0.6892,0.006914964597428,8890357.6299
2019,대학교,사립,기존,경기,안양대학교,공학계열,439,440,3705,434,98.64,8.42,98.7067,-0.0666999999999973,3.9085,0.0395971094160781,8801810.301800001
2019,대학교,사립,기존,경기,안양대학교,예체능계열,65,65,1315,64,98.46,20.23,99.3319,-0.8719000000000108,1.8888,0.0190150394787575,8829910.7019
2019,대학교,사립,기존,경기,안양대학교,인문사회계열,465,471,4724,464,98.51,10.03,94.2081,4.301900000000003,16.5389,0.1755570911630741,7115788.551700001
2019,대학교,사립,기존,경기,안양대학교,자연과학계열,40,40,546,39,97.5,13.65,99.6679,-2.167900000000003,0.6892,0.006914964597428,8316582.17
2019,대학교,사립,기존,인천,안양대학교 _제2캠퍼스,공학계열,70,70,386,70,100.0,5.51,99.965,0.0349999999999965,0.0495,0.0004951733106587,8874450.5217
2019,대학교,사립,기존,서울,연세대학교,공학계열,938,932,17995,925,99.25,19.31,93.5331,5.716899999999995,21.7334,0.2323605226385098,10404184.8629
2019,대학교,사립,기존,서울,연세대학교,예체능계열,209,204,1549,204,100.0,7.59,97.5703,2.429699999999997,11.9209,0.1221775478808612,10377073.2157
2019,대학교,사립,기존,서울,연세대학교,인문사회계열,1621,1608,25662,1603,99.69,15.96,97.1368,2.553200000000004,9.8775,0.1016864875103977,9168762.9264
2019,대학교,사립,기존,서울,연세대학교,자연과학계열,649,648,10859,646,99.69,16.76,97.6829,2.007099999999994,9.19,0.0940799259645239,9890386.9891
2019,대학교,사립,기존,강원,연세대학교(미래),공학계열,220,221,1487,218,98.64,6.73,99.114,-0.4740000000000037,0.5595,0.0056450148314062,9868460.0
2019,대학교,사립,기존,강원,연세대학교(미래),예체능계열,76,76,551,76,100.0,7.25,98.866,1.1340000000000003,2.1042,0.021283353225578,8851150.0
2019,대학교,사립,기존,강원,연세대학교(미래),인문사회계열,580,583,3037,573,98.28,5.21,99.2343,-0.9543000000000036,1.0868,0.0109518583796126,7815907.076199999
2019,대학교,사립,기존,강원,연세대학교(미래),자연과학계열,590,590,8158,589,99.83,13.83,99.655,0.1749999999999971,0.5035,0.0050524308865586,8696892.771000002
2019,대학교,사립,기존,경북,영남대학교,공학계열,1558,1561,8003,1558,99.81,5.13,96.9409,2.869100000000003,5.9519,0.0613972018002721,8517627.452300001
2019,대학교,사립,기존,경북,영남대학교,예체능계열,484,485,3708,484,99.79,7.65,93.26,6.530000000000001,17.4169,0.1867563800128672,9250465.116600001
2019,대학교,사립,기존,경북,영남대학교,인문사회계열,1739,1743,9552,1730,99.25,5.48,92.9721,6.2779000000000025,24.2042,0.2603383165487281,6215905.616400001
2019,대학교,사립,기존,경북,영남대학교,자연과학계열,771,773,4588,772,99.87,5.94,90.9917,8.87830000000001,23.5991,0.2593544246343348,8624152.302099999
2019,대학교,사립,기존,경북,영남신학대학교,인문사회계열,115,115,210,115,100.0,1.83,92.9721,7.0279000000000025,24.2042,0.2603383165487281,6372754.8333
2019,대학교,사립,기존,경남,영산대학교,공학계열,250,251,1406,249,99.2,5.6,82.922,16.278000000000006,37.4122,0.451173391862232,7607864.4602
2019,대학교,사립,기존,경남,영산대학교,예체능계열,60,60,209,60,100.0,3.48,97.3967,2.6033000000000044,6.3768,0.0654724441382511,6747516.8
2019,대학교,사립,기존,경남,영산대학교,인문사회계열,210,210,1149,207,98.57,5.47,83.8829,14.687099999999988,26.5592,0.3166223389987709,5747047.1291000005
2019,대학교,사립,기존,경남,영산대학교,자연과학계열,160,160,2191,160,100.0,13.69,89.22,10.78,19.6182,0.2198856758574311,7204843.133300001
2019,대학교,사립,기존,부산,영산대학교 _제2캠퍼스,예체능계열,330,330,1727,329,99.7,5.23,99.9422,-0.2421999999999968,0.1164,0.0011646731810986,7161196.2057
2019,대학교,사립,기존,부산,영산대학교 _제2캠퍼스,인문사회계열,355,359,2053,358,99.72,5.72,99.856,-0.1359999999999956,0.2592,0.002595737862522,5685550.4497
2019,대학교,사립,기존,부산,영산대학교 _제2캠퍼스,자연과학계열,135,135,563,135,100.0,4.17,99.932,0.0679999999999978,0.2304,0.0023055677860945,7035073.5139
2019,대학교,사립,기존,전남,영산선학대학교,인문사회계열,50,50,5,5,10.0,0.1,68.87,-58.870000000000005,44.857,0.6513285900972847,2060000.0
2019,대학교,사립,기존,전북,예수대학교,자연과학계열,110,110,525,109,99.09,4.77,99.4517,-0.361699999999999,0.5241,0.0052698948333713,7225614.2
2019,대학교,사립,기존,전북,예원예술대학교,예체능계열,207,209,1018,205,98.09,4.87,98.98,-0.8900000000000006,0.8698,0.0087876338654273,8219390.6278
2019,대학교,사립,기존,경기,예원예술대학교 _제2캠퍼스,예체능계열,99,99,913,99,100.0,9.22,99.3319,0.6680999999999955,1.8888,0.0190150394787575,8482056.3249
2019,대학교,사립,기존,경기,용인대학교,예체능계열,809,809,8631,804,99.38,10.67,99.3319,0.0480999999999909,1.8888,0.0190150394787575,8589386.5339
2019,대학교,사립,기존,경기,용인대학교,인문사회계열,375,382,2953,380,99.48,7.73,94.2081,5.271900000000002,16.5389,0.1755570911630741,7421715.404700001
2019,대학교,사립,기존,경기,용인대학교,자연과학계열,219,222,1778,221,99.55,8.01,99.6679,-0.1179000000000058,0.6892,0.006914964597428,8146831.9013
2019,대학교,사립,기존,전북,우석대학교,공학계열,463,466,2792,464,99.57,5.99,99.5025,0.0674999999999954,0.4759,0.0047827944021507,7978770.039399999
2019,대학교,사립,기존,전북,우석대학교,예체능계열,240,241,1304,241,100.0,5.41,98.98,1.019999999999996,0.8698,0.0087876338654273,7581757.376999999
2019,대학교,사립,기존,전북,우석대학교,인문사회계열,565,568,3213,565,99.47,5.66,99.3983,0.0716999999999927,0.3541,0.0035624351724325,6174829.469400001
2019,대학교,사립,기존,전북,우석대학교,자연과학계열,447,449,3718,443,98.66,8.28,99.4517,-0.7917000000000058,0.5241,0.0052698948333713,7474295.579700001
2019,대학교,사립,기존,대전,우송대학교,공학계열,562,563,4454,560,99.47,7.91,99.7567,-0.2866999999999962,0.2274,0.0022795461357482,7662368.702099999
2019,대학교,사립,기존,대전,우송대학교,예체능계열,180,181,1963,181,100.0,10.85,97.4367,2.563299999999998,6.2789,0.0644408113164752,7832897.995
2019,대학교,사립,기존,대전,우송대학교,인문사회계열,727,732,5838,728,99.45,7.98,88.8213,10.62870000000001,25.078,0.2823421859396338,7178382.853399999
2019,대학교,사립,기존,대전,우송대학교,자연과학계열,535,535,5913,533,99.63,11.05,99.8871,-0.2571000000000083,0.4779,0.0047844015893944,7827367.4123
2019,대학교,특별법법인,기존,울산,울산과학기술원,공학계열,320,320,3332,326,101.88,10.41,101.88,0.0,0.0,0.0,6286622.222200001
2019,대학교,특별법법인,기존,울산,울산과학기술원,인문사회계열,40,40,268,40,100.0,6.7,100.0,0.0,0.0,0.0,5685533.3331
2019,대학교,사립,기존,울산,울산대학교,공학계열,966,967,6958,962,99.48,7.2,99.48,0.0,0.0,0.0,8551358.7632
2019,대학교,사립,기존,울산,울산대학교,예체능계열,315,315,1737,315,100.0,5.51,100.0,0.0,0.0,0.0,9006919.3274
2019,대학교,사립,기존,울산,울산대학교,인문사회계열,969,971,4122,970,99.9,4.25,99.9,0.0,0.0,0.0,6169365.0942
2019,대학교,사립,기존,울산,울산대학교,자연과학계열,482,482,4085,478,99.17,8.48,99.17,0.0,0.0,0.0,8082630.732899999
2019,대학교,사립,기존,전북,원광대학교,공학계열,1117,1120,5684,1118,99.82,5.08,99.5025,0.3174999999999954,0.4759,0.0047827944021507,8261697.1229
2019,대학교,사립,기존,전북,원광대학교,예체능계열,416,416,2589,412,99.04,6.22,98.98,0.0600000000000022,0.8698,0.0087876338654273,7811127.790899999
2019,대학교,사립,기존,전북,원광대학교,인문사회계열,1010,1093,6251,1083,99.09,5.72,99.3983,-0.3083000000000027,0.3541,0.0035624351724325,6418968.6188
2019,대학교,사립,기존,전북,원광대학교,자연과학계열,904,901,6747,897,99.56,7.49,99.4517,0.1082999999999998,0.5241,0.0052698948333713,7931645.109800001
2019,대학교,사립,기존,경북,위덕대학교,공학계열,125,125,301,103,82.4,2.41,96.9409,-14.540899999999992,5.9519,0.0613972018002721,8211784.646
2019,대학교,사립,기존,경북,위덕대학교,예체능계열,80,80,160,79,98.75,2.0,93.26,5.489999999999995,17.4169,0.1867563800128672,8680141.6833
2019,대학교,사립,기존,경북,위덕대학교,인문사회계열,374,374,1247,358,95.72,3.33,92.9721,2.7479000000000013,24.2042,0.2603383165487281,6690155.2485
2019,대학교,사립,기존,경북,위덕대학교,자연과학계열,246,246,1070,240,97.56,4.35,90.9917,6.568300000000008,23.5991,0.2593544246343348,8271146.1376
2019,대학교,사립,기존,충북,유원대학교,공학계열,230,232,983,229,98.71,4.24,99.6329,-0.9229000000000128,0.4802,0.0048196930933456,8220267.4846
2019,대학교,사립,기존,충북,유원대학교,예체능계열,80,82,372,80,97.56,4.54,90.5562,7.003799999999998,24.4921,0.2704629832082176,8183830.6866999995
2019,대학교,사립,기존,충북,유원대학교,인문사회계열,360,361,1648,355,98.34,4.57,94.1922,4.147800000000004,15.2271,0.1616598826654436,6610638.6483
2019,대학교,사립,기존,충북,유원대학교,자연과학계열,300,300,2059,294,98.0,6.86,99.3788,-1.3787999999999982,0.68,0.0068425056450671,8256969.7883
2019,대학교,사립,기존,대전,을지대학교,자연과학계열,147,147,2131,148,100.68,14.5,99.8871,0.792900000000003,0.4779,0.0047844015893944,10033003.3331
2019,대학교,사립,기존,경기,을지대학교 _제2캠퍼스,예체능계열,71,71,835,71,100.0,11.76,99.3319,0.6680999999999955,1.8888,0.0190150394787575,9152434.32
2019,대학교,사립,기존,경기,을지대학교 _제2캠퍼스,인문사회계열,156,156,2175,154,98.72,13.94,94.2081,4.511899999999997,16.5389,0.1755570911630741,8208537.840000001
2019,대학교,사립,기존,경기,을지대학교 _제2캠퍼스,자연과학계열,575,577,9495,577,100.0,16.46,99.6679,0.3320999999999969,0.6892,0.006914964597428,9009712.329699999
2019,대학교,사립,기존,서울,이화여자대학교,공학계열,514,514,5183,87,16.93,10.08,93.5331,-76.60310000000001,21.7334,0.2323605226385098,9779742.8095
2019,대학교,사립,기존,서울,이화여자대학교,예체능계열,494,495,3752,171,34.55,7.58,97.5703,-63.020300000000006,11.9209,0.1221775478808612,10339114.7046
2019,대학교,사립,기존,서울,이화여자대학교,인문사회계열,1278,1279,12152,558,43.63,9.5,97.1368,-53.50679999999999,9.8775,0.1016864875103977,7792587.0852
2019,대학교,사립,기존,서울,이화여자대학교,자연과학계열,741,746,8796,381,51.07,11.79,97.6829,-46.6129,9.19,0.0940799259645239,9318137.3997
2019,대학교,사립,기존,경남,인제대학교,공학계열,1040,1036,3784,1036,100.0,3.65,82.922,17.078000000000003,37.4122,0.451173391862232,7980644.8903
2019,대학교,사립,기존,경남,인제대학교,예체능계열,75,75,511,75,100.0,6.81,97.3967,2.6033000000000044,6.3768,0.0654724441382511,7513880.3006
2019,대학교,사립,기존,경남,인제대학교,인문사회계열,611,610,2691,611,100.16,4.41,83.8829,16.27709999999999,26.5592,0.3166223389987709,5895817.1405
2019,대학교,사립,기존,경남,인제대학교,자연과학계열,362,360,2499,360,100.0,6.94,89.22,10.78,19.6182,0.2198856758574311,7671029.549699999
2019,대학교,사립,기존,인천,인천가톨릭대학교,인문사회계열,16,16,21,15,93.75,1.31,97.81,-4.060000000000002,3.5197,0.0359850731009099,5270100.0
2019,대학교,사립,기존,인천,인천가톨릭대학교 _제2캠퍼스,예체능계열,110,110,950,110,100.0,8.64,100.0,0.0,0.0,0.0,8522931.1315
2019,대학교,사립,기존,인천,인천가톨릭대학교 _제2캠퍼스,자연과학계열,40,40,492,40,100.0,12.3,99.805,0.1949999999999931,0.2758,0.0027633886077851,8815150.0
2019,대학교,국립대법인,기존,인천,인천대학교,공학계열,997,999,7866,998,99.9,7.87,99.9,0.0,0.0,0.0,5306574.6032
2019,대학교,국립대법인,기존,인천,인천대학교,예체능계열,284,284,3880,284,100.0,13.66,100.0,0.0,0.0,0.0,5003335.7143
2019,대학교,국립대법인,기존,인천,인천대학교,인문사회계열,975,977,8306,972,99.49,8.5,99.49,0.0,0.0,0.0,4275767.9643
2019,대학교,국립대법인,기존,인천,인천대학교,자연과학계열,236,237,1842,236,99.58,7.77,99.58,0.0,0.0,0.0,4649673.3333
2019,대학교,사립,기존,인천,인하대학교,공학계열,1469,1469,23804,1468,99.93,16.2,99.965,-0.0349999999999965,0.0495,0.0004951733106587,8865232.7213
2019,대학교,사립,기존,인천,인하대학교,예체능계열,197,197,4620,197,100.0,23.45,100.0,0.0,0.0,0.0,8788302.9549
2019,대학교,사립,기존,인천,인하대학교,인문사회계열,1238,1239,18716,1235,99.68,15.11,97.81,1.8700000000000043,3.5197,0.0359850731009099,7140757.6154
2019,대학교,사립,기존,인천,인하대학교,자연과학계열,507,507,13074,505,99.61,25.79,99.805,-0.1950000000000074,0.2758,0.0027633886077851,8566799.591699999
2019,대학교,사립,기존,서울,장로회신학대학교,예체능계열,50,50,193,50,100.0,3.86,97.5703,2.429699999999997,11.9209,0.1221775478808612,8918550.0
2019,대학교,사립,기존,서울,장로회신학대학교,인문사회계열,100,100,350,100,100.0,3.5,97.1368,2.863200000000006,9.8775,0.1016864875103977,6324550.0
2019,대학교,국립,기존,광주,전남대학교,공학계열,764,764,4942,764,100.0,6.47,100.0,0.0,0.0,0.0,4425547.3805
2019,대학교,국립,기존,광주,전남대학교,예체능계열,212,212,735,212,100.0,3.47,100.0,0.0,0.0,0.0,4560547.618899999
2019,대학교,국립,기존,광주,전남대학교,인문사회계열,1060,1060,6835,1057,99.72,6.45,99.705,0.0150000000000005,0.0212,0.0002126272503886,3530621.9717
2019,대학교,국립,기존,광주,전남대학교,자연과학계열,1107,1109,8298,1108,99.91,7.48,99.91,0.0,0.0,0.0,4310425.5612
2019,대학교,국립,기존,전남,전남대학교 _제2캠퍼스,공학계열,298,299,2244,297,99.33,7.51,99.36,-0.0300000000000011,0.406,0.00408615136876,4445227.0131
2019,대학교,국립,기존,전남,전남대학교 _제2캠퍼스,인문사회계열,241,243,1496,241,99.18,6.16,99.2433,-0.0632999999999981,0.1185,0.0011940352648491,3683881.6160999998
2019,대학교,국립,기존,전남,전남대학교 _제2캠퍼스,자연과학계열,208,209,1229,209,100.0,5.88,99.7533,0.2467000000000041,0.4272,0.0042825650880722,4146822.8571
2019,대학교,국립,기존,전북,전북대학교,공학계열,1352,1354,9304,1348,99.56,6.87,99.72,-0.1599999999999966,0.2263,0.0022693541917368,4610351.6372
2019,대학교,국립,기존,전북,전북대학교,예체능계열,176,176,773,176,100.0,4.39,100.0,0.0,0.0,0.0,4666828.571
2019,대학교,국립,기존,전북,전북대학교,인문사회계열,1135,1138,8640,1135,99.74,7.59,66.58,33.16,57.6601,0.866027335536197,3396788.9909999995
2019,대학교,국립,기존,전북,전북대학교,자연과학계열,1155,1157,9224,1151,99.48,7.97,99.3,0.1800000000000068,0.2546,0.002563947633434,4434490.6007
2019,교육대학,국립,기존,전북,전주교육대학교,인문사회계열,285,286,838,0,0.0,2.93,66.58,-66.58,57.6601,0.866027335536197,3363000.0
2019,대학교,사립,기존,전북,전주대학교,공학계열,525,526,4086,525,99.81,7.77,99.5025,0.3075000000000045,0.4759,0.0047827944021507,8233747.458
2019,대학교,사립,기존,전북,전주대학교,예체능계열,367,367,2339,367,100.0,6.37,98.98,1.019999999999996,0.8698,0.0087876338654273,7895991.7185
2019,대학교,사립,기존,전북,전주대학교,인문사회계열,1125,1127,6636,1122,99.56,5.89,99.3983,0.1616999999999961,0.3541,0.0035624351724325,6563347.2249
2019,대학교,사립,기존,전북,전주대학교,자연과학계열,495,497,3764,494,99.4,7.57,99.4517,-0.0516999999999967,0.5241,0.0052698948333713,7561820.089
2019,기술대학,사립,기존,서울,정석대학,공학계열,25,75,10,10,13.33,0.13,93.5331,-80.2031,21.7334,0.2323605226385098,0.0
2019,기술대학,사립,기존,서울,정석대학,인문사회계열,0,25,19,19,76.0,0.76,97.1368,-21.136799999999997,9.8775,0.1016864875103977,0.0
2019,대학교,사립,기존,제주,제주국제대학교,공학계열,200,200,220,90,45.0,1.1,45.0,0.0,0.0,0.0,6619315.251700001
2019,대학교,사립,기존,제주,제주국제대학교,예체능계열,135,135,195,106,78.52,1.44,78.52,0.0,0.0,0.0,6416281.3363
2019,대학교,사립,기존,제주,제주국제대학교,인문사회계열,270,270,251,62,22.96,0.93,22.96,0.0,0.0,0.0,6046847.771500001
2019,대학교,국립,기존,제주,제주대학교,공학계열,387,390,2149,387,99.23,5.51,99.23,0.0,0.0,0.0,4396723.9253
2019,대학교,국립,기존,제주,제주대학교,예체능계열,150,150,510,150,100.0,3.4,100.0,0.0,0.0,0.0,4279282.3033
2019,대학교,국립,기존,제주,제주대학교,인문사회계열,910,919,5549,914,99.46,6.04,99.46,0.0,0.0,0.0,3337737.6269
2019,대학교,국립,기존,제주,제주대학교,자연과학계열,663,669,5060,668,99.85,7.56,99.85,0.0,0.0,0.0,4202976.9812
2019,대학교,사립,기존,광주,조선대학교,공학계열,1451,1452,6220,1443,99.38,4.28,99.302,0.0779999999999887,0.5275,0.0053120783065799,7956486.772400001
2019,대학교,사립,기존,광주,조선대학교,예체능계열,484,484,2163,482,99.59,4.47,99.015,0.5750000000000028,2.3156,0.0233863556026864,7660610.115099999
2019,대학교,사립,기존,광주,조선대학교,인문사회계열,1666,1668,6970,1658,99.4,4.18,99.4625,-0.0625,0.9311,0.0093613170793012,6194613.6739
2019,대학교,사립,기존,광주,조선대학교,자연과학계열,760,761,4697,761,100.0,6.17,99.7517,0.2483000000000004,0.3349,0.0033573362659483,7556035.108
2019,대학교,사립,기존,충남,중부대학교,공학계열,490,488,3339,487,99.8,6.84,99.7146,0.0853999999999928,0.2989,0.0029975550220328,7877488.5838
2019,대학교,사립,기존,충남,중부대학교,예체능계열,410,357,4954,410,114.85,13.88,101.0408,13.80919999999999,4.3582,0.0431330709970625,8049557.456200001
2019,대학교,사립,기존,충남,중부대학교,인문사회계열,782,784,8315,785,100.13,10.61,99.6414,0.488599999999991,0.3409,0.0034212686694486,6872869.2114
2019,대학교,사립,기존,충남,중부대학교,자연과학계열,263,263,2207,263,100.0,8.39,99.805,0.1949999999999931,0.5791,0.0058023145133009,7430537.0619
2019,대학교,사립,기존,서울,중앙대학교,공학계열,799,806,23648,800,99.26,29.34,93.5331,5.7269000000000005,21.7334,0.2323605226385098,9475354.7006
2019,대학교,사립,기존,서울,중앙대학교,예체능계열,30,130,6081,130,100.0,46.78,97.5703,2.429699999999997,11.9209,0.1221775478808612,9344610.0
2019,대학교,사립,기존,서울,중앙대학교,인문사회계열,1665,1673,34323,1666,99.58,20.52,97.1368,2.4432000000000045,9.8775,0.1016864875103977,7381507.4074
2019,대학교,사립,기존,서울,중앙대학교,자연과학계열,556,563,13747,559,99.29,24.42,97.6829,1.6071000000000026,9.19,0.0940799259645239,9230688.0561
2019,대학교,사립,기존,경기,중앙대학교 _제2캠퍼스,예체능계열,312,743,7233,739,99.46,9.73,99.3319,0.1280999999999892,1.8888,0.0190150394787575,9729359.533
2019,대학교,사립,기존,경기,중앙대학교 _제2캠퍼스,자연과학계열,325,327,2602,324,99.08,7.96,99.6679,-0.5879000000000048,0.6892,0.006914964597428,8491900.0
2019,대학교,사립,기존,충북,중원대학교,공학계열,295,295,1750,294,99.66,5.93,99.6329,0.0270999999999901,0.4802,0.0048196930933456,8080260.8619
2019,대학교,사립,기존,충북,중원대학교,예체능계열,158,158,820,154,97.47,5.19,90.5562,6.913799999999995,24.4921,0.2704629832082176,7763567.868000001
2019,대학교,사립,기존,충북,중원대학교,인문사회계열,184,185,1543,183,98.92,8.34,94.1922,4.727800000000002,15.2271,0.1616598826654436,6537522.103
2019,대학교,사립,기존,충북,중원대학교,자연과학계열,331,336,2134,332,98.81,6.35,99.3788,-0.568799999999996,0.68,0.0068425056450671,8069134.1912
2019,교육대학,국립,기존,경남,진주교육대학교,인문사회계열,319,319,2046,0,0.0,6.41,74.81,-74.81,49.8737,0.6666715679721962,3530769.9099
2019,대학교,사립,기존,경기,차의과학대학교,인문사회계열,229,230,1234,229,99.57,5.37,94.2081,5.361899999999992,16.5389,0.1755570911630741,7450283.3333
2019,대학교,사립,기존,경기,차의과학대학교,자연과학계열,245,245,1543,245,100.0,6.3,99.6679,0.3320999999999969,0.6892,0.006914964597428,7843679.7316
2019,대학교,사립,기존,경남,창신대학교,공학계열,100,100,762,100,100.0,7.62,82.922,17.078000000000003,37.4122,0.451173391862232,7609356.2853
2019,대학교,사립,기존,경남,창신대학교,예체능계열,65,65,204,65,100.0,3.14,97.3967,2.6033000000000044,6.3768,0.0654724441382511,7269064.4947999995
2019,대학교,사립,기존,경남,창신대학교,인문사회계열,210,210,1146,210,100.0,5.46,83.8829,16.117099999999994,26.5592,0.3166223389987709,5842445.6301
2019,대학교,사립,기존,경남,창신대학교,자연과학계열,125,125,1090,125,100.0,8.72,89.22,10.78,19.6182,0.2198856758574311,6878807.6282
2019,산업대학,사립,기존,충남,청운대학교,공학계열,290,292,2713,290,99.32,9.29,99.7146,-0.3946000000000111,0.2989,0.0029975550220328,7952545.4277
2019,산업대학,사립,기존,충남,청운대학교,예체능계열,320,323,2645,322,99.69,8.19,101.0408,-1.3508000000000069,4.3582,0.0431330709970625,8161234.729799999
2019,산업대학,사립,기존,충남,청운대학교,인문사회계열,580,585,5425,583,99.66,9.27,99.6414,0.0185999999999921,0.3409,0.0034212686694486,7025628.9501
2019,산업대학,사립,기존,충남,청운대학교,자연과학계열,105,106,1064,105,99.06,10.04,99.805,-0.7450000000000045,0.5791,0.0058023145133009,8086169.63
2019,교육대학,국립,기존,충북,청주교육대학교,인문사회계열,286,286,2038,0,0.0,7.13,74.7,-74.7,49.8004,0.6666720214190094,3323823.0769
2019,대학교,사립,기존,충북,청주대학교,공학계열,848,852,5651,846,99.3,6.63,99.6329,-0.3329000000000093,0.4802,0.0048196930933456,8754289.9597
2019,대학교,사립,기존,충북,청주대학교,예체능계열,331,332,3504,331,99.7,10.55,90.5562,9.1438,24.4921,0.2704629832082176,8631585.7241
2019,대학교,사립,기존,충북,청주대학교,인문사회계열,1105,1116,7270,1104,98.92,6.51,94.1922,4.727800000000002,15.2271,0.1616598826654436,7251282.4284
2019,대학교,사립,기존,충북,청주대학교,자연과학계열,348,349,3407,348,99.71,9.76,99.3788,0.3311999999999955,0.68,0.0068425056450671,8339846.856900001
2019,대학교,사립,기존,전남,초당대학교,공학계열,180,180,1263,180,100.0,7.02,76.25,23.75,47.5,0.6229508196721312,7345446.9833
2019,대학교,사립,기존,전남,초당대학교,예체능계열,80,80,277,79,98.75,3.46,87.4925,11.257499999999991,24.1888,0.276467125753636,6816277.0534
2019,대학교,사립,기존,전남,초당대학교,인문사회계열,242,244,1831,243,99.59,7.5,68.87,30.72,44.857,0.6513285900972847,5760803.647299999
2019,대학교,사립,기존,전남,초당대학교,자연과학계열,250,250,1651,249,99.6,6.6,84.582,15.018,33.705,0.3984890402213237,6877806.615700001
2019,대학교,사립,기존,서울,총신대학교,예체능계열,60,61,311,61,100.0,5.1,97.5703,2.429699999999997,11.9209,0.1221775478808612,9334493.209999999
2019,대학교,사립,기존,서울,총신대학교,인문사회계열,300,300,1262,300,100.0,4.21,97.1368,2.863200000000006,9.8775,0.1016864875103977,7143588.522499999
2019,대학교,사립,기존,서울,추계예술대학교,예체능계열,206,206,2543,205,99.51,12.34,97.5703,1.939700000000002,11.9209,0.1221775478808612,9602286.838
2019,대학교,사립,기존,서울,추계예술대학교,인문사회계열,63,63,899,62,98.41,14.27,97.1368,1.2732000000000028,9.8775,0.1016864875103977,7307010.1865
2019,교육대학,국립,기존,강원,춘천교육대학교,인문사회계열,321,321,1797,0,0.0,5.6,78.948,-78.948,44.1447,0.5591617267061864,3269603.7791999998
2019,대학교,국립,기존,대전,충남대학교,공학계열,1000,1000,9030,1000,100.0,9.03,99.885,0.1149999999999948,0.1626,0.0016278720528607,4899340.2299999995
2019,대학교,국립,기존,대전,충남대학교,예체능계열,208,208,864,205,98.56,4.15,98.5,0.0600000000000022,0.0849,0.0008619289340101,4682638.889
2019,대학교,국립,기존,대전,충남대학교,인문사회계열,1111,1115,7750,1112,99.73,6.95,99.625,0.1050000000000039,0.1485,0.0014905897114178,3461409.6468
2019,대학교,국립,기존,대전,충남대학교,자연과학계열,1106,1110,10442,1105,99.55,9.41,99.55,0.0,0.0,0.0,4289067.3703000005
2019,대학교,국립,기존,충북,충북대학교,공학계열,851,852,7491,849,99.65,8.79,99.8233,-0.1732999999999975,0.175,0.0017530977236777,4666339.052399999
2019,대학교,국립,기존,충북,충북대학교,예체능계열,63,63,320,63,100.0,5.08,100.0,0.0,0.0,0.0,4497002.6665
2019,대학교,국립,기존,충북,충북대학교,인문사회계열,895,895,8085,889,99.33,9.03,74.7,24.629999999999995,49.8004,0.6666720214190094,3582758.2489
2019,대학교,국립,기존,충북,충북대학교,자연과학계열,929,931,8844,929,99.79,9.5,99.35,0.4400000000000119,0.5242,0.0052762959235027,4441999.217499999
2019,대학교,사립,기존,경기,칼빈대학교,인문사회계열,77,80,221,76,95.0,2.76,94.2081,0.7918999999999983,16.5389,0.1755570911630741,7350174.352
2019,대학교,사립,기존,경기,평택대학교,공학계열,210,210,2352,207,98.57,11.2,98.7067,-0.1367000000000047,3.9085,0.0395971094160781,8425696.6
2019,대학교,사립,기존,경기,평택대학교,예체능계열,155,153,2257,153,100.0,14.75,99.3319,0.6680999999999955,1.8888,0.0190150394787575,9197230.512
2019,대학교,사립,기존,경기,평택대학교,인문사회계열,370,369,3437,366,99.19,9.31,94.2081,4.981899999999996,16.5389,0.1755570911630741,7159925.7535
2019,대학교,사립,기존,경기,평택대학교,자연과학계열,120,121,1210,120,99.17,10.0,99.6679,-0.4979000000000013,0.6892,0.006914964597428,8294379.7433
2019,대학교,사립,기존,경북,포항공과대학교,공학계열,320,320,2334,308,96.25,7.29,96.9409,-0.6908999999999992,5.9519,0.0613972018002721,5890030.635
2019,대학교,국립,기존,경기,한경국립대학교,공학계열,619,623,3418,618,99.2,5.49,99.2,0.0,0.0,0.0,4174192.7188
2019,대학교,국립,기존,경기,한경국립대학교,예체능계열,87,88,806,87,98.86,9.16,98.86,0.0,0.0,0.0,4188322.6666
2019,대학교,국립,기존,경기,한경국립대학교,인문사회계열,194,195,1798,191,97.95,9.22,97.95,0.0,0.0,0.0,3663961.0
2019,대학교,국립,기존,경기,한경국립대학교,자연과학계열,302,304,1749,304,100.0,5.75,100.0,0.0,0.0,0.0,3981527.4545
2019,대학교,사립,기존,경기,한국공학대학교,공학계열,1142,1147,17835,1141,99.48,15.55,98.7067,0.7733000000000061,3.9085,0.0395971094160781,9584528.1612
2019,대학교,사립,기존,경기,한국공학대학교,인문사회계열,139,139,1654,138,99.28,11.9,94.2081,5.071899999999999,16.5389,0.1755570911630741,8740821.112
2019,대학교,특별법법인,기존,대전,한국과학기술원,공학계열,611,456,3131,453,99.34,6.87,99.34,0.0,0.0,0.0,6979464.285699999
2019,대학교,국립,기존,충북,한국교원대학교,공학계열,20,20,65,20,100.0,3.25,99.8233,0.1766999999999967,0.175,0.0017530977236777,3602000.0
2019,대학교,국립,기존,충북,한국교원대학교,예체능계열,59,59,256,59,100.0,4.34,100.0,0.0,0.0,0.0,3803333.3329999996
2019,대학교,국립,기존,충북,한국교원대학교,인문사회계열,305,305,1694,304,99.67,5.55,74.7,24.97,49.8004,0.6666720214190094,2876736.3636
2019,대학교,국립,기존,충북,한국교원대학교,자연과학계열,162,163,794,161,98.77,4.87,99.35,-0.5799999999999983,0.5242,0.0052762959235027,3511312.5
2019,대학교,사립,기존,충남,한국기술교육대학교,공학계열,720,720,4842,720,100.0,6.72,99.7146,0.2853999999999956,0.2989,0.0029975550220328,4802551.0685
2019,대학교,사립,기존,충남,한국기술교육대학교,인문사회계열,116,117,623,117,100.0,5.32,99.6414,0.3585999999999956,0.3409,0.0034212686694486,3404779.3049999997
2019,방송통신대학,국립,기존,서울,한국방송통신대학교,공학계열,3150,3150,1102,924,29.33,0.35,64.56,-35.230000000000004,49.8227,0.7717270755885997,1469650.7
2019,방송통신대학,국립,기존,서울,한국방송통신대학교,인문사회계열,41800,41800,13286,10900,26.08,0.32,42.0267,-15.9467,51.8722,1.2342677393181003,786481.72331
2019,방송통신대학,국립,기존,서울,한국방송통신대학교,자연과학계열,8250,8250,2563,2161,26.19,0.31,63.095,-36.905,52.1916,0.8271907441160156,731590.0
2019,대학교,사립,기존,서울,한국성서대학교,공학계열,35,36,227,36,100.0,6.31,93.5331,6.466899999999995,21.7334,0.2323605226385098,7827665.0
2019,대학교,사립,기존,서울,한국성서대학교,인문사회계열,143,142,697,143,100.7,4.91,97.1368,3.563200000000009,9.8775,0.1016864875103977,6970768.0
2019,대학교,사립,기존,서울,한국성서대학교,자연과학계열,45,44,578,45,102.27,13.14,97.6829,4.587099999999992,9.19,0.0940799259645239,8179665.0
2019,각종학교(대학),특별법국립,기존,서울,한국예술종합학교,공학계열,20,20,128,15,75.0,6.4,75.0,0.0,0.0,0.0,4816720.0
2019,각종학교(대학),특별법국립,기존,서울,한국예술종합학교,예체능계열,506,506,12317,489,96.64,24.34,96.64,0.0,0.0,0.0,4851206.6667
2019,각종학교(대학),특별법국립,기존,서울,한국예술종합학교,인문사회계열,32,32,622,32,100.0,19.44,100.0,0.0,0.0,0.0,4850200.0
2019,대학교,사립,기존,서울,한국외국어대학교,공학계열,284,288,2073,279,96.88,7.2,93.5331,3.346899999999991,21.7334,0.2323605226385098,8915992.8777
2019,대학교,사립,기존,서울,한국외국어대학교,인문사회계열,2835,2857,35809,2825,98.88,12.53,97.1368,1.7432000000000016,9.8775,0.1016864875103977,7379582.0342
2019,대학교,사립,기존,서울,한국외국어대학교,자연과학계열,258,262,2587,255,97.33,9.87,97.6829,-0.3529000000000053,9.19,0.0940799259645239,8349043.1207
2019,대학교,국립,기존,서울,한국체육대학교,예체능계열,545,547,1978,547,100.0,3.62,99.015,0.9849999999999994,1.393,0.0140685754683633,4168598.4249
2019,대학교,사립,기존,대전,한국침례신학대학교,예체능계열,65,65,55,55,84.62,0.85,97.4367,-12.816699999999996,6.2789,0.0644408113164752,8045784.3967
2019,대학교,사립,기존,대전,한국침례신학대학교,인문사회계열,295,295,247,247,83.73,0.84,88.8213,-5.09129999999999,25.078,0.2823421859396338,6116929.8135
2019,대학교,사립,기존,경기,한국항공대학교,공학계열,532,536,5181,533,99.44,9.67,98.7067,0.7332999999999998,3.9085,0.0395971094160781,9410669.8126
2019,대학교,사립,기존,경기,한국항공대학교,인문사회계열,107,108,904,106,98.15,8.37,94.2081,3.941900000000004,16.5389,0.1755570911630741,7236665.1434
2019,대학교,사립,기존,경기,한국항공대학교,자연과학계열,188,187,2870,189,101.07,15.35,99.6679,1.40209999999999,0.6892,0.006914964597428,8998027.3567
2019,대학교,사립,기존,대전,한남대학교,공학계열,694,696,3992,695,99.86,5.74,99.7567,0.1033000000000043,0.2274,0.0022795461357482,8590165.5659
2019,대학교,사립,기존,대전,한남대학교,예체능계열,205,205,1559,205,100.0,7.6,97.4367,2.563299999999998,6.2789,0.0644408113164752,8449529.6739
2019,대학교,사립,기존,대전,한남대학교,인문사회계열,1432,1432,6925,1432,100.0,4.84,88.8213,11.178700000000006,25.078,0.2823421859396338,6797273.264
2019,대학교,사립,기존,대전,한남대학교,자연과학계열,344,346,1752,347,100.29,5.06,99.8871,0.4029000000000025,0.4779,0.0047844015893944,7917873.799799999
2019,대학교,사립,기존,경북,한동대학교,인문사회계열,0,731,3220,731,100.0,4.4,92.9721,7.0279000000000025,24.2042,0.2603383165487281,6320225.0
2019,대학교,사립,기존,강원,한라대학교,공학계열,490,490,1824,485,98.98,3.72,99.114,-0.1340000000000003,0.5595,0.0056450148314062,7975056.5361
2019,대학교,사립,기존,강원,한라대학교,예체능계열,40,41,188,39,95.12,4.59,98.866,-3.745999999999995,2.1042,0.021283353225578,8031978.495999999
2019,대학교,사립,기존,강원,한라대학교,인문사회계열,365,365,1871,364,99.73,5.13,99.2343,0.4956999999999993,1.0868,0.0109518583796126,6418224.5022
2019,대학교,사립,기존,강원,한림대학교,공학계열,223,225,1277,225,100.0,5.68,99.114,0.8859999999999957,0.5595,0.0056450148314062,8800964.4806
2019,대학교,사립,기존,강원,한림대학교,예체능계열,50,50,548,50,100.0,10.96,98.866,1.1340000000000003,2.1042,0.021283353225578,8687647.0
2019,대학교,사립,기존,강원,한림대학교,인문사회계열,924,929,5198,926,99.68,5.6,99.2343,0.4457000000000022,1.0868,0.0109518583796126,7236342.6677
2019,대학교,사립,기존,강원,한림대학교,자연과학계열,514,515,3347,514,99.81,6.5,99.655,0.1550000000000011,0.5035,0.0050524308865586,8527291.877
2019,대학교,사립,기존,충남,한서대학교,공학계열,442,442,3930,441,99.77,8.89,99.7146,0.0553999999999916,0.2989,0.0029975550220328,8730890.029099999
2019,대학교,사립,기존,충남,한서대학교,예체능계열,320,318,2863,317,99.69,9.0,101.0408,-1.3508000000000069,4.3582,0.0431330709970625,8385486.8201
2019,대학교,사립,기존,충남,한서대학교,인문사회계열,391,390,8585,390,100.0,22.01,99.6414,0.3585999999999956,0.3409,0.0034212686694486,7192987.519400001
2019,대학교,사립,기존,충남,한서대학교,자연과학계열,426,425,3765,425,100.0,8.86,99.805,0.1949999999999931,0.5791,0.0058023145133009,8123223.5722
2019,대학교,사립,기존,서울,한성대학교,공학계열,424,425,5956,424,99.76,14.01,93.5331,6.2269000000000005,21.7334,0.2323605226385098,8768827.9182
2019,대학교,사립,기존,서울,한성대학교,예체능계열,270,270,4460,270,100.0,16.52,97.5703,2.429699999999997,11.9209,0.1221775478808612,9000205.2592
2019,대학교,사립,기존,서울,한성대학교,인문사회계열,764,767,7883,763,99.48,10.28,97.1368,2.34320000000001,9.8775,0.1016864875103977,6929109.3287
2019,대학교,사립,기존,경기,한세대학교,공학계열,47,47,540,47,100.0,11.49,98.7067,1.293300000000002,3.9085,0.0395971094160781,9457653.465
2019,대학교,사립,기존,경기,한세대학교,예체능계열,184,184,2595,184,100.0,14.1,99.3319,0.6680999999999955,1.8888,0.0190150394787575,10095622.021
2019,대학교,사립,기존,경기,한세대학교,인문사회계열,295,297,2771,295,99.33,9.33,94.2081,5.121899999999997,16.5389,0.1755570911630741,7724254.7204
2019,대학교,사립,기존,경기,한세대학교,자연과학계열,40,40,405,40,100.0,10.12,99.6679,0.3320999999999969,0.6892,0.006914964597428,8855625.0
2019,대학교,사립,기존,경기,한신대학교,공학계열,227,227,3008,227,100.0,13.25,98.7067,1.293300000000002,3.9085,0.0395971094160781,8664905.3335
2019,대학교,사립,기존,경기,한신대학교,예체능계열,35,35,394,35,100.0,11.26,99.3319,0.6680999999999955,1.8888,0.0190150394787575,8421620.0
2019,대학교,사립,기존,경기,한신대학교,인문사회계열,789,793,6959,791,99.75,8.78,94.2081,5.541899999999998,16.5389,0.1755570911630741,7318036.6787
2019,대학교,사립,기존,경기,한신대학교,자연과학계열,120,120,1326,120,100.0,11.05,99.6679,0.3320999999999969,0.6892,0.006914964597428,7953270.0
2019,대학교,사립,기존,서울,한양대학교,공학계열,1077,1081,24488,1074,99.35,22.65,93.5331,5.81689999999999,21.7334,0.2323605226385098,9886809.9748
2019,대학교,사립,기존,서울,한양대학교,예체능계열,287,289,4498,287,99.31,15.56,97.5703,1.7396999999999991,11.9209,0.1221775478808612,10221140.977500001
2019,대학교,사립,기존,서울,한양대학교,인문사회계열,980,983,19436,975,99.19,19.77,97.1368,2.053200000000004,9.8775,0.1016864875103977,7785873.2256
2019,대학교,사립,기존,서울,한양대학교,자연과학계열,460,461,10671,458,99.35,23.15,97.6829,1.6670999999999907,9.19,0.0940799259645239,9004722.0955
2019,대학교,사립,기존,전북,한일장신대학교,예체능계열,52,52,103,51,98.08,1.98,98.98,-0.9000000000000057,0.8698,0.0087876338654273,7461399.9667
2019,대학교,사립,기존,전북,한일장신대학교,인문사회계열,115,115,235,114,99.13,2.04,99.3983,-0.2683000000000106,0.3541,0.0035624351724325,5942602.783299999
2019,대학교,사립,기존,전북,한일장신대학교,자연과학계열,52,52,240,52,100.0,4.62,99.4517,0.5482999999999976,0.5241,0.0052698948333713,7150600.0
2019,대학교,사립,기존,경기,협성대학교,공학계열,145,146,1511,145,99.32,10.35,98.7067,0.6132999999999953,3.9085,0.0395971094160781,9064963.578
2019,대학교,사립,기존,경기,협성대학교,예체능계열,175,175,2085,175,100.0,11.91,99.3319,0.6680999999999955,1.8888,0.0190150394787575,8932144.9822
2019,대학교,사립,기존,경기,협성대학교,인문사회계열,607,611,4555,609,99.67,7.45,94.2081,5.4619,16.5389,0.1755570911630741,6984830.553
2019,대학교,사립,기존,경기,협성대학교,자연과학계열,77,78,745,78,100.0,9.55,99.6679,0.3320999999999969,0.6892,0.006914964597428,8927765.47
2019,대학교,사립,기존,광주,호남대학교,공학계열,405,406,2471,405,99.75,6.09,99.302,0.4479999999999933,0.5275,0.0053120783065799,7187440.045700001
2019,대학교,사립,기존,광주,호남대학교,예체능계열,239,239,1567,239,100.0,6.56,99.015,0.9849999999999994,2.3156,0.0233863556026864,7116263.2773
2019,대학교,사립,기존,광주,호남대학교,인문사회계열,474,474,3418,472,99.58,7.21,99.4625,0.1174999999999926,0.9311,0.0093613170793012,6169440.701199999
2019,대학교,사립,기존,광주,호남대학교,자연과학계열,444,445,4055,444,99.78,9.11,99.7517,0.0283000000000015,0.3349,0.0033573362659483,7047684.2058
2019,대학교,사립,기존,광주,호남신학대학교,예체능계열,60,60,100,60,100.0,1.67,99.015,0.9849999999999994,2.3156,0.0233863556026864,8219966.62
2019,대학교,사립,기존,광주,호남신학대학교,인문사회계열,79,79,125,79,100.0,1.58,99.4625,0.5374999999999943,0.9311,0.0093613170793012,6059537.995
2019,대학교,사립,기존,충남,호서대학교,공학계열,1157,1157,8188,1155,99.83,7.08,99.7146,0.1153999999999939,0.2989,0.0029975550220328,8562796.841400001
2019,대학교,사립,기존,충남,호서대학교,예체능계열,421,421,4662,420,99.76,11.07,101.0408,-1.2807999999999993,4.3582,0.0431330709970625,8450587.001600001
2019,대학교,사립,기존,충남,호서대학교,인문사회계열,953,960,8609,958,99.79,8.97,99.6414,0.1486000000000018,0.3409,0.0034212686694486,7180762.862000001
2019,대학교,사립,기존,충남,호서대학교,자연과학계열,350,352,4017,350,99.43,11.41,99.805,-0.375,0.5791,0.0058023145133009,8042013.218799999
2019,산업대학,사립,기존,전북,호원대학교,공학계열,245,253,1565,250,98.81,6.19,99.5025,-0.6924999999999955,0.4759,0.0047827944021507,7357384.1281
2019,산업대학,사립,기존,전북,호원대학교,예체능계열,375,376,7916,371,98.67,21.05,98.98,-0.3100000000000023,0.8698,0.0087876338654273,7355849.6809
2019,산업대학,사립,기존,전북,호원대학교,인문사회계열,227,232,1974,230,99.14,8.51,99.3983,-0.2583000000000055,0.3541,0.0035624351724325,6014201.2687
2019,산업대학,사립,기존,전북,호원대학교,자연과학계열,258,264,2802,264,100.0,10.61,99.4517,0.5482999999999976,0.5241,0.0052698948333713,7404782.151800001
2019,대학교,사립,기존,서울,홍익대학교,공학계열,1330,1351,16901,1345,99.56,12.51,93.5331,6.026899999999998,21.7334,0.2323605226385098,9592294.287
2019,대학교,사립,기존,서울,홍익대학교,예체능계열,384,384,2682,384,100.0,6.98,97.5703,2.429699999999997,11.9209,0.1221775478808612,9740720.0
2019,대학교,사립,기존,서울,홍익대학교,인문사회계열,629,645,9723,646,100.16,15.07,97.1368,3.0232000000000028,9.8775,0.1016864875103977,7510320.0
2019,대학교,사립,기존,서울,홍익대학교,자연과학계열,28,28,442,27,96.43,15.79,97.6829,-1.2528999999999968,9.19,0.0940799259645239,7510320.0
2019,대학교,사립,기존,경기,화성의과학대학교,공학계열,51,41,344,33,80.49,8.39,98.7067,-18.216700000000003,3.9085,0.0395971094160781,7031550.0
2019,대학교,사립,기존,경기,화성의과학대학교,예체능계열,70,72,584,65,90.28,8.11,99.3319,-9.051900000000003,1.8888,0.0190150394787575,7319160.0
2019,대학교,사립,기존,경기,화성의과학대학교,인문사회계열,85,87,741,76,87.36,8.52,94.2081,-6.848100000000002,16.5389,0.1755570911630741,6860215.0
2019,대학교,사립,기존,경기,화성의과학대학교,자연과학계열,40,40,226,40,100.0,5.65,99.6679,0.3320999999999969,0.6892,0.006914964597428,8430750.0
2020,대학교,사립,기존,경남,가야대학교(김해),인문사회계열,176,179,731,123,68.72,4.08,84.2957,-15.575699999999998,28.0,0.3321640368369917,6285689.1713
2020,대학교,사립,기존,경남,가야대학교(김해),자연과학계열,367,369,2295,324,87.8,6.22,86.7583,1.0416999999999916,23.9538,0.2760980793768435,7510269.5528
2020,대학교,사립,기존,경기,가천대학교,공학계열,1280,1280,18898,1278,99.84,14.76,97.5162,2.3238000000000056,11.1711,0.1145563506371249,9498716.345900001
2020,대학교,사립,기존,경기,가천대학교,예체능계열,360,360,8026,360,100.0,22.29,98.7011,1.2989000000000033,6.3273,0.0641056685285169,9407052.0164
2020,대학교,사립,기존,경기,가천대학교,인문사회계열,1371,1371,20207,1371,100.0,14.74,93.7625,6.237499999999997,17.7369,0.18916837754966,7554649.974599999
2020,대학교,사립,기존,경기,가천대학교,자연과학계열,755,755,12629,755,100.0,16.73,99.7817,0.2182999999999992,0.4682,0.0046922431668331,8922657.2178
2020,대학교,사립,기존,강원,가톨릭관동대학교,예체능계열,315,317,1776,308,97.16,5.6,98.224,-1.0640000000000072,1.7647,0.0179660775370581,8425735.2889
2020,대학교,사립,기존,강원,가톨릭관동대학교,인문사회계열,921,925,3481,923,99.78,3.76,99.0986,0.6813999999999965,1.122,0.0113220570219962,6447164.3977
2020,대학교,사립,기존,강원,가톨릭관동대학교,자연과학계열,429,430,3169,430,100.0,7.37,99.5617,0.4382999999999981,0.6977,0.0070077148140298,7854516.76
2020,대학교,사립,기존,충북,가톨릭꽃동네대학교,인문사회계열,55,55,165,55,100.0,3.0,89.8778,10.122200000000008,25.8208,0.2872878508374704,7015880.82
2020,대학교,사립,기존,충북,가톨릭꽃동네대학교,자연과학계열,53,53,303,53,100.0,5.72,99.0112,0.9887999999999976,1.5095,0.0152457499757603,8202801.470000001
2020,대학교,사립,기존,경기,가톨릭대학교,공학계열,368,368,4591,368,100.0,12.48,97.5162,2.4838000000000022,11.1711,0.1145563506371249,8636128.5231
2020,대학교,사립,기존,경기,가톨릭대학교,예체능계열,45,45,223,45,100.0,4.96,98.7011,1.2989000000000033,6.3273,0.0641056685285169,9147100.0
2020,대학교,사립,기존,경기,가톨릭대학교,인문사회계열,820,821,9602,819,99.76,11.7,93.7625,5.997500000000002,17.7369,0.18916837754966,6477322.5715
2020,대학교,사립,기존,경기,가톨릭대학교,자연과학계열,239,239,2257,239,100.0,9.44,99.7817,0.2182999999999992,0.4682,0.0046922431668331,7654238.948000001
2020,대학교,사립,기존,서울,가톨릭대학교 _제2캠퍼스,자연과학계열,173,173,5211,173,100.0,30.12,97.7085,2.291499999999999,10.5828,0.1083099218594083,9181500.0
2020,대학교,사립,기존,서울,가톨릭대학교 _제3캠퍼스,인문사회계열,50,50,65,50,100.0,1.3,97.5913,2.408699999999996,9.2956,0.095250293827421,6707100.0
2020,대학교,사립,기존,서울,감리교신학대학교,인문사회계열,200,202,336,191,94.55,1.66,97.5913,-3.0413000000000068,9.2956,0.095250293827421,6279599.75
2020,대학교,사립,기존,경기,강남대학교,공학계열,358,362,2368,362,100.0,6.54,97.5162,2.4838000000000022,11.1711,0.1145563506371249,9140874.447900001
2020,대학교,사립,기존,경기,강남대학교,예체능계열,151,152,1828,152,100.0,12.03,98.7011,1.2989000000000033,6.3273,0.0641056685285169,9773847.301199999
2020,대학교,사립,기존,경기,강남대학교,인문사회계열,982,986,6886,986,100.0,6.98,93.7625,6.237499999999997,17.7369,0.18916837754966,7289774.088500001
2020,대학교,사립,기존,서울,강서대학교,예체능계열,30,30,191,30,100.0,6.37,97.4413,2.5587000000000018,11.8495,0.1216065467106863,8329527.498299999
2020,대학교,사립,기존,서울,강서대학교,인문사회계열,177,179,993,179,100.0,5.55,97.5913,2.408699999999996,9.2956,0.095250293827421,6487835.2793
2020,대학교,국립,기존,강원,강원대학교,공학계열,659,661,4554,658,99.55,6.89,99.6825,-0.1325000000000074,0.3062,0.0030717528151882,4457172.4838
2020,대학교,국립,기존,강원,강원대학교,예체능계열,149,149,558,148,99.33,3.74,99.4967,-0.1667000000000058,0.4441,0.0044634646174194,4624889.696799999
2020,대학교,국립,기존,강원,강원대학교,인문사회계열,1030,1033,6673,1031,99.81,6.46,79.446,20.364000000000004,44.4151,0.5590602421770763,3504016.7071999996
2020,대학교,국립,기존,강원,강원대학교,자연과학계열,1120,1123,6536,1121,99.82,5.82,99.82,0.0,0.2546,0.002550591063915,4236508.0345
2020,대학교,국립,기존,강원,강원대학교 _제2캠퍼스,공학계열,718,721,2580,720,99.86,3.58,99.6825,0.1774999999999948,0.3062,0.0030717528151882,4473097.386
2020,대학교,국립,기존,강원,강원대학교 _제2캠퍼스,예체능계열,184,184,689,184,100.0,3.74,99.4967,0.5032999999999959,0.4441,0.0044634646174194,4616720.0
2020,대학교,국립,기존,강원,강원대학교 _제2캠퍼스,인문사회계열,257,259,1128,255,98.46,4.36,79.446,19.014,44.4151,0.5590602421770763,3565585.4211999997
2020,대학교,국립,기존,강원,강원대학교 _제2캠퍼스,자연과학계열,370,371,1971,369,99.46,5.31,99.82,-0.3599999999999994,0.2546,0.002550591063915,4266800.0
2020,대학교,사립,기존,서울,건국대학교,공학계열,1229,1235,24764,1220,98.79,20.05,93.8079,4.982100000000003,21.8815,0.2332586061515074,9615578.0033
2020,대학교,사립,기존,서울,건국대학교,예체능계열,305,305,3852,305,100.0,12.63,97.4413,2.5587000000000018,11.8495,0.1216065467106863,9507387.3809
2020,대학교,사립,기존,서울,건국대학교,인문사회계열,939,941,20379,937,99.57,21.66,97.5913,1.9786999999999888,9.2956,0.095250293827421,7406855.6382
2020,대학교,사립,기존,서울,건국대학교,자연과학계열,527,531,10103,528,99.44,19.03,97.7085,1.731499999999997,10.5828,0.1083099218594083,8611997.719
2020,대학교,사립,기존,충남,건양대학교,공학계열,190,191,1066,191,100.0,5.58,96.4108,3.5892000000000053,12.6104,0.130798624220523,7466888.94
2020,대학교,사립,기존,충남,건양대학교,예체능계열,50,50,483,50,100.0,9.66,98.8658,1.134200000000007,3.0153,0.0304989187363071,7139887.0
2020,대학교,사립,기존,충남,건양대학교,인문사회계열,485,486,3249,484,99.59,6.69,95.9529,3.637100000000004,8.5434,0.0890374339910518,6218394.6082999995
2020,대학교,사립,기존,충남,건양대학교,자연과학계열,120,120,763,120,100.0,6.36,98.5675,1.4325000000000043,3.5612,0.0361295558880969,7249258.95
2020,대학교,사립,기존,대전,건양대학교 _제2캠퍼스,자연과학계열,518,520,5827,520,100.0,11.21,100.0,0.0,0.0,0.0,7573915.607799999
2020,대학교,사립,기존,경기,경기대학교,공학계열,754,756,7302,756,100.0,9.66,97.5162,2.4838000000000022,11.1711,0.1145563506371249,8677932.0227
2020,대학교,사립,기존,경기,경기대학교,예체능계열,368,369,2563,369,100.0,6.95,98.7011,1.2989000000000033,6.3273,0.0641056685285169,8344889.3133000005
2020,대학교,사립,기존,경기,경기대학교,인문사회계열,1294,1297,13923,1296,99.92,10.73,93.7625,6.157499999999999,17.7369,0.18916837754966,6778169.8632
2020,대학교,사립,기존,경기,경기대학교,자연과학계열,182,182,1678,181,99.45,9.22,99.7817,-0.3316999999999979,0.4682,0.0046922431668331,7740670.0428
2020,대학교,사립,기존,서울,경기대학교 _제2캠퍼스,예체능계열,102,102,4311,102,100.0,42.26,97.4413,2.5587000000000018,11.8495,0.1216065467106863,8697898.9826
2020,대학교,사립,기존,서울,경기대학교 _제2캠퍼스,인문사회계열,188,188,2543,186,98.94,13.53,97.5913,1.3486999999999938,9.2956,0.095250293827421,6813704.331499999
2020,대학교,사립,기존,경남,경남대학교,공학계열,870,871,3179,809,92.88,3.65,79.028,13.85199999999999,41.4739,0.5248000708609606,7781344.8198
2020,대학교,사립,기존,경남,경남대학교,예체능계열,250,250,1295,250,100.0,5.18,92.0,8.0,12.0752,0.1312521739130434,7717796.255
2020,대학교,사립,기존,경남,경남대학교,인문사회계열,1265,1276,5149,1246,97.65,4.04,84.2957,13.35430000000001,28.0,0.3321640368369917,5967887.922900001
2020,대학교,사립,기존,경남,경남대학교,자연과학계열,455,456,2372,428,93.86,5.2,86.7583,7.101699999999994,23.9538,0.2760980793768435,6713197.6832
2020,대학교,사립,기존,강원,경동대학교,인문사회계열,90,91,629,90,98.9,6.91,99.0986,-0.198599999999999,1.122,0.0113220570219962,6333495.1069
2020,대학교,사립,기존,강원,경동대학교 _제3캠퍼스,자연과학계열,845,846,6453,845,99.88,7.63,99.5617,0.3182999999999936,0.6977,0.0070077148140298,8929337.9875
2020,대학교,사립,기존,경기,경동대학교 _제4캠퍼스,공학계열,270,270,1681,270,100.0,6.23,97.5162,2.4838000000000022,11.1711,0.1145563506371249,8421344.4806
2020,대학교,사립,기존,경기,경동대학교 _제4캠퍼스,예체능계열,124,125,942,125,100.0,7.54,98.7011,1.2989000000000033,6.3273,0.0641056685285169,8628353.155
2020,대학교,사립,기존,경기,경동대학교 _제4캠퍼스,인문사회계열,236,235,1478,235,100.0,6.29,93.7625,6.237499999999997,17.7369,0.18916837754966,6942094.8775
2020,대학교,국립,기존,대구,경북대학교,공학계열,1537,1541,13077,1538,99.81,8.49,99.81,0.0,0.0,0.0,4688370.0997
2020,대학교,국립,기존,대구,경북대학교,예체능계열,253,253,1985,253,100.0,7.85,100.0,0.0,0.0,0.0,4751584.643099999
2020,대학교,국립,기존,대구,경북대학교,인문사회계열,1292,1296,13516,1296,100.0,10.43,50.0,50.0,70.7107,1.414214,3685997.8326
2020,대학교,국립,기존,대구,경북대학교,자연과학계열,1532,1537,19795,1531,99.61,12.88,99.61,0.0,0.0,0.0,4518346.509000001
2020,대학교,국립,기존,경남,경상국립대학교,공학계열,912,912,5344,910,99.78,5.86,99.8067,-0.0267000000000052,0.1815,0.001818515189862,4376283.586200001
2020,대학교,국립,기존,경남,경상국립대학교,예체능계열,87,87,773,87,100.0,8.89,99.2633,0.736699999999999,1.2759,0.0128536931574912,4239314.2857
2020,대학교,국립,기존,경남,경상국립대학교,인문사회계열,1029,1029,6371,1029,100.0,6.19,74.935,25.065,49.9568,0.6666684459865216,3362927.6851999997
2020,대학교,국립,기존,경남,경상국립대학교,자연과학계열,1004,1005,6748,1002,99.7,6.71,99.9,-0.2000000000000028,0.1732,0.0017337337337337,4217432.2111
2020,대학교,사립,기존,부산,경성대학교,공학계열,735,737,4417,735,99.73,5.99,94.0312,5.698800000000006,8.7369,0.0929149048400956,7650945.4236
2020,대학교,사립,기존,부산,경성대학교,예체능계열,534,536,4803,537,100.19,8.96,100.1256,0.064399999999992,1.9865,0.0198400808584417,7519741.2529
2020,대학교,사립,기존,부산,경성대학교,인문사회계열,1196,1198,7735,1197,99.92,6.46,99.074,0.8460000000000036,2.0975,0.021171043866201,5636320.983
2020,대학교,사립,기존,부산,경성대학교,자연과학계열,275,275,2143,275,100.0,7.79,98.7333,1.2667000000000002,2.992,0.0303038589817214,7042399.8188
2020,대학교,사립,기존,경북,경운대학교,공학계열,472,472,1820,467,98.94,3.86,91.37,7.569999999999993,24.3698,0.2667155521505965,8434946.917
2020,대학교,사립,기존,경북,경운대학교,예체능계열,110,110,804,109,99.09,7.31,91.8954,7.194600000000008,19.0111,0.2068776021433064,8346643.403299999
2020,대학교,사립,기존,경북,경운대학교,인문사회계열,189,189,1170,179,94.71,6.19,92.6464,2.063599999999994,23.5325,0.2540033935479414,6482449.6208
2020,대학교,사립,기존,경북,경운대학교,자연과학계열,413,413,3336,410,99.27,8.08,86.4733,12.7967,30.0793,0.3478449417334599,8266151.0162
2020,교육대학,국립,기존,인천,경인교육대학교,인문사회계열,598,598,2061,0,0.0,3.45,0.0,0.0,0.0,0.0,3271700.0
2020,대학교,사립,기존,경북,경일대학교,공학계열,684,688,3447,681,98.98,5.01,91.37,7.609999999999999,24.3698,0.2667155521505965,8063098.633300001
2020,대학교,사립,기존,경북,경일대학교,예체능계열,345,345,2012,345,100.0,5.83,91.8954,8.104600000000005,19.0111,0.2068776021433064,8240672.462
2020,대학교,사립,기존,경북,경일대학교,인문사회계열,285,287,1555,284,98.95,5.42,92.6464,6.303600000000003,23.5325,0.2540033935479414,6011241.1915
2020,대학교,사립,기존,경북,경일대학교,자연과학계열,270,271,2425,270,99.63,8.95,86.4733,13.1567,30.0793,0.3478449417334599,8087560.359999999
2020,대학교,사립,기존,서울,경희대학교,공학계열,1027,1034,14358,1025,99.13,13.89,93.8079,5.322099999999992,21.8815,0.2332586061515074,9062900.8118
2020,대학교,사립,기존,서울,경희대학교,예체능계열,857,859,13690,857,99.77,15.94,97.4413,2.3286999999999978,11.8495,0.1216065467106863,9093880.5616
2020,대학교,사립,기존,서울,경희대학교,인문사회계열,1712,1713,26609,1707,99.65,15.53,97.5913,2.0587000000000018,9.2956,0.095250293827421,7020760.193299999
2020,대학교,사립,기존,서울,경희대학교,자연과학계열,1124,1126,23856,1121,99.56,21.19,97.7085,1.8515000000000013,10.5828,0.1083099218594083,9144368.442
2020,대학교,사립,기존,대구,계명대학교,공학계열,896,897,6534,897,100.0,7.28,100.0,0.0,0.0,0.0,8636768.3534
2020,대학교,사립,기존,대구,계명대학교,예체능계열,833,834,5442,834,100.0,6.53,100.0,0.0,0.0,0.0,9011425.9595
2020,대학교,사립,기존,대구,계명대학교,인문사회계열,2270,2270,13976,2269,99.96,6.16,99.96,0.0,0.0,0.0,6457470.102
2020,대학교,사립,기존,대구,계명대학교,자연과학계열,606,606,5307,606,100.0,8.76,100.0,0.0,0.0,0.0,8435864.7963
2020,대학교,사립,기존,서울,고려대학교,공학계열,868,870,7550,869,99.89,8.68,93.8079,6.082099999999997,21.8815,0.2332586061515074,10263376.970199998
2020,대학교,사립,기존,서울,고려대학교,예체능계열,130,130,831,130,100.0,6.39,97.4413,2.5587000000000018,11.8495,0.1216065467106863,9756025.0
2020,대학교,사립,기존,서울,고려대학교,인문사회계열,1910,1911,14100,1908,99.84,7.38,97.5913,2.2486999999999995,9.2956,0.095250293827421,7818372.1143000005
2020,대학교,사립,기존,서울,고려대학교,자연과학계열,891,892,8050,890,99.78,9.02,97.7085,2.0715000000000003,10.5828,0.1083099218594083,9244785.5519
2020,대학교,사립,기존,부산,고신대학교,예체능계열,95,95,305,95,100.0,3.21,100.1256,-0.1256000000000057,1.9865,0.0198400808584417,7094279.383400001
2020,대학교,사립,기존,부산,고신대학교,인문사회계열,380,380,1400,380,100.0,3.68,99.074,0.926000000000002,2.0975,0.021171043866201,6037009.5498
2020,대학교,사립,기존,부산,고신대학교,자연과학계열,411,411,3584,411,100.0,8.72,98.7333,1.2667000000000002,2.992,0.0303038589817214,7019851.817300001
2020,교육대학,국립,기존,충남,공주교육대학교,인문사회계열,354,355,1461,0,0.0,4.12,49.87,-49.87,70.5268,1.414212953679567,3495600.0
2020,대학교,사립,기존,광주,광신대학교,예체능계열,29,30,54,30,100.0,1.8,99.8488,0.1512000000000029,0.2099,0.0021021784938827,7313600.0
2020,대학교,사립,기존,광주,광신대학교,인문사회계열,93,93,146,93,100.0,1.57,99.4812,0.5187999999999988,0.7806,0.0078467087248645,5881136.6667
2020,대학교,사립,기존,서울,광운대학교,공학계열,916,918,11819,917,99.89,12.87,93.8079,6.082099999999997,21.8815,0.2332586061515074,9012613.2986
2020,대학교,사립,기존,서울,광운대학교,예체능계열,37,37,415,37,100.0,11.22,97.4413,2.5587000000000018,11.8495,0.1216065467106863,8091060.0
2020,대학교,사립,기존,서울,광운대학교,인문사회계열,592,593,8613,592,99.83,14.52,97.5913,2.2386999999999944,9.2956,0.095250293827421,7257474.812299999
2020,대학교,사립,기존,서울,광운대학교,자연과학계열,139,139,1653,139,100.0,11.89,97.7085,2.291499999999999,10.5828,0.1083099218594083,8069300.0
2020,대학교,사립,기존,전남,광주가톨릭대학교,인문사회계열,40,40,25,24,60.0,0.62,73.3129,-13.3129,35.5308,0.4846459490758106,0.0
2020,대학교,특별법법인,기존,광주,광주과학기술원,자연과학계열,200,198,2934,196,98.99,14.82,98.99,0.0,0.0,0.0,2060000.0
2020,교육대학,국립,기존,광주,광주교육대학교,인문사회계열,326,327,1559,327,100.0,4.77,100.0,0.0,0.0,0.0,3561568.8939000005
2020,대학교,사립,기존,광주,광주대학교,공학계열,388,388,1702,375,96.65,4.39,99.248,-2.597999999999999,1.4631,0.0147418587780106,7148774.7744
2020,대학교,사립,기존,광주,광주대학교,예체능계열,220,220,1222,219,99.55,5.55,99.8488,-0.2987999999999999,0.2099,0.0021021784938827,7180216.521600001
2020,대학교,사립,기존,광주,광주대학교,인문사회계열,756,759,3954,751,98.95,5.21,99.4812,-0.5311999999999983,0.7806,0.0078467087248645,6237843.4172
2020,대학교,사립,기존,광주,광주대학교,자연과학계열,280,280,2153,279,99.64,7.69,99.76,-0.1200000000000045,0.1993,0.0019977947072975,7147299.8005
2020,대학교,사립,기존,광주,광주여자대학교,예체능계열,169,169,631,169,100.0,3.73,99.8488,0.1512000000000029,0.2099,0.0021021784938827,7042364.784100001
2020,대학교,사립,기존,광주,광주여자대학교,인문사회계열,345,345,2112,345,100.0,6.12,99.4812,0.5187999999999988,0.7806,0.0078467087248645,5919095.5885
2020,대학교,사립,기존,광주,광주여자대학교,자연과학계열,381,381,2246,381,100.0,5.9,99.76,0.2399999999999948,0.1993,0.0019977947072975,6857260.337199999
2020,대학교,국립,기존,경북,국립경국대학교,공학계열,480,482,2414,481,99.79,5.01,99.715,0.0750000000000028,0.1061,0.0010640324926039,4207117.9364
2020,대학교,국립,기존,경북,국립경국대학교,예체능계열,81,81,372,81,100.0,4.59,100.0,0.0,0.0,0.0,4242776.6667
2020,대학교,국립,기존,경북,국립경국대학교,인문사회계열,509,511,2440,511,100.0,4.77,100.0,0.0,0.0,0.0,3331591.5555
2020,대학교,국립,기존,경북,국립경국대학교,자연과학계열,386,387,1993,386,99.74,5.15,99.87,-0.1300000000000096,0.1838,0.0018403925102633,3851895.9477
2020,대학교,사립,기존,서울,국민대학교,공학계열,394,891,6684,888,99.66,7.5,93.8079,5.852099999999993,21.8815,0.2332586061515074,9143824.7236
2020,대학교,사립,기존,서울,국민대학교,예체능계열,329,541,7050,541,100.0,13.03,97.4413,2.5587000000000018,11.8495,0.1216065467106863,9374498.059099998
2020,대학교,사립,기존,서울,국민대학교,인문사회계열,867,1139,10270,1136,99.74,9.02,97.5913,2.148699999999991,9.2956,0.095250293827421,7326064.474400001
2020,대학교,사립,기존,서울,국민대학교,자연과학계열,234,303,2536,303,100.0,8.37,97.7085,2.291499999999999,10.5828,0.1083099218594083,8362875.9425
2020,대학교,사립,기존,충북,극동대학교,공학계열,245,246,1281,241,97.97,5.21,98.6171,-0.6470999999999947,1.9416,0.0196882690730106,8485235.7983
2020,대학교,사립,기존,충북,극동대학교,예체능계열,192,194,2130,194,100.0,10.98,88.0575,11.942499999999995,31.5901,0.3587440024983675,8240618.7101
2020,대학교,사립,기존,충북,극동대학교,인문사회계열,258,258,3517,257,99.61,13.63,89.8778,9.732200000000006,25.8208,0.2872878508374704,6736302.555
2020,대학교,사립,기존,충북,극동대학교,자연과학계열,240,242,1901,240,99.17,7.86,99.0112,0.1587999999999993,1.5095,0.0152457499757603,8047670.4794
2020,대학교,사립,기존,충남,금강대학교,인문사회계열,110,110,148,90,81.82,1.35,95.9529,-14.132900000000006,8.5434,0.0890374339910518,6806381.411900001
2020,대학교,사립,기존,경북,김천대학교,공학계열,45,45,115,41,91.11,2.56,91.37,-0.2600000000000051,24.3698,0.2667155521505965,7689825.0
2020,대학교,사립,기존,경북,김천대학교,인문사회계열,161,161,632,159,98.76,3.93,92.6464,6.113600000000005,23.5325,0.2540033935479414,6874763.0873
2020,대학교,사립,기존,경북,김천대학교,자연과학계열,460,460,2406,434,94.35,5.23,86.4733,7.8767,30.0793,0.3478449417334599,7489188.985699999
2020,대학교,사립,기존,충남,나사렛대학교,예체능계열,221,221,1908,198,89.59,8.63,98.8658,-9.27579999999999,3.0153,0.0304989187363071,8389643.0023
2020,대학교,사립,기존,충남,나사렛대학교,인문사회계열,730,731,2747,527,72.09,3.76,95.9529,-23.8629,8.5434,0.0890374339910518,7134917.1543
2020,대학교,사립,기존,충남,나사렛대학교,자연과학계열,160,160,1241,141,88.12,7.76,98.5675,-10.447499999999993,3.5612,0.0361295558880969,8475531.1346
2020,대학교,사립,기존,광주,남부대학교,공학계열,60,61,250,61,100.0,4.1,99.248,0.7519999999999953,1.4631,0.0147418587780106,7251507.0811
2020,대학교,사립,기존,광주,남부대학교,예체능계열,60,60,243,60,100.0,4.05,99.8488,0.1512000000000029,0.2099,0.0021021784938827,7284819.8951
2020,대학교,사립,기존,광주,남부대학교,인문사회계열,135,135,599,132,97.78,4.44,99.4812,-1.7012,0.7806,0.0078467087248645,6148136.0199
2020,대학교,사립,기존,광주,남부대학교,자연과학계열,450,451,2741,449,99.56,6.08,99.76,-0.2000000000000028,0.1993,0.0019977947072975,6767320.8508
2020,대학교,사립,기존,충남,남서울대학교,공학계열,622,622,3731,622,100.0,6.0,96.4108,3.5892000000000053,12.6104,0.130798624220523,8670463.4135
2020,대학교,사립,기존,충남,남서울대학교,예체능계열,388,388,3728,388,100.0,9.61,98.8658,1.134200000000007,3.0153,0.0304989187363071,8897407.322
2020,대학교,사립,기존,충남,남서울대학교,인문사회계열,906,906,5844,906,100.0,6.45,95.9529,4.0471,8.5434,0.0890374339910518,7364686.961
2020,대학교,사립,기존,충남,남서울대학교,자연과학계열,248,248,3405,248,100.0,13.73,98.5675,1.4325000000000043,3.5612,0.0361295558880969,9008426.7925
2020,대학교,사립,기존,경기,단국대학교,공학계열,832,835,9964,831,99.52,11.93,97.5162,2.0037999999999982,11.1711,0.1145563506371249,9560855.184700001
2020,대학교,사립,기존,경기,단국대학교,예체능계열,370,371,8317,369,99.46,22.42,98.7011,0.758899999999997,6.3273,0.0641056685285169,9600862.198
2020,대학교,사립,기존,경기,단국대학교,인문사회계열,1013,1017,12881,1016,99.9,12.67,93.7625,6.137500000000003,17.7369,0.18916837754966,7620512.951800001
2020,대학교,사립,기존,경기,단국대학교,자연과학계열,60,60,717,59,98.33,11.95,99.7817,-1.4517000000000024,0.4682,0.0046922431668331,8889928.5714
2020,대학교,사립,기존,충남,단국대학교 _제2캠퍼스,공학계열,285,286,1968,285,99.65,6.88,96.4108,3.239200000000011,12.6104,0.130798624220523,9294699.2424
2020,대학교,사립,기존,충남,단국대학교 _제2캠퍼스,예체능계열,353,354,2978,353,99.72,8.41,98.8658,0.8542000000000058,3.0153,0.0304989187363071,9039152.4244
2020,대학교,사립,기존,충남,단국대학교 _제2캠퍼스,인문사회계열,735,738,6103,736,99.73,8.27,95.9529,3.777100000000004,8.5434,0.0890374339910518,7251790.456900001
2020,대학교,사립,기존,충남,단국대학교 _제2캠퍼스,자연과학계열,967,969,7733,966,99.69,7.98,98.5675,1.1225000000000025,3.5612,0.0361295558880969,9132177.689100001
2020,대학교,사립,기존,경북,대구가톨릭대학교,공학계열,747,747,4106,747,100.0,5.5,91.37,8.629999999999995,24.3698,0.2667155521505965,8160420.195899999
2020,대학교,사립,기존,경북,대구가톨릭대학교,예체능계열,361,361,1921,361,100.0,5.32,91.8954,8.104600000000005,19.0111,0.2068776021433064,8953579.2979
2020,대학교,사립,기존,경북,대구가톨릭대학교,인문사회계열,1130,1130,7576,1129,99.91,6.7,92.6464,7.263599999999997,23.5325,0.2540033935479414,6106120.6006
2020,대학교,사립,기존,경북,대구가톨릭대학교,자연과학계열,624,625,6147,626,100.16,9.84,86.4733,13.686700000000002,30.0793,0.3478449417334599,8296465.2743
2020,대학교,특별법법인,기존,대구,대구경북과학기술원,자연과학계열,220,220,3466,231,105.0,15.75,105.0,0.0,0.0,0.0,3528000.0
2020,교육대학,국립,기존,대구,대구교육대학교,인문사회계열,383,383,1633,0,0.0,4.26,50.0,-50.0,70.7107,1.414214,3685600.0
2020,대학교,사립,기존,경북,대구대학교,공학계열,780,783,4545,782,99.87,5.8,91.37,8.5,24.3698,0.2667155521505965,8377423.6683
2020,대학교,사립,기존,경북,대구대학교,예체능계열,374,374,3122,375,100.27,8.35,91.8954,8.374600000000001,19.0111,0.2068776021433064,8655019.3556
2020,대학교,사립,기존,경북,대구대학교,인문사회계열,1968,1979,11493,1977,99.9,5.81,92.6464,7.253600000000006,23.5325,0.2540033935479414,6169983.1063
2020,대학교,사립,기존,경북,대구대학교,자연과학계열,937,941,6254,941,100.0,6.65,86.4733,13.526700000000003,30.0793,0.3478449417334599,7821255.227599999
2020,대학교,사립,기존,경북,대구예술대학교,예체능계열,404,404,865,229,56.68,2.14,91.8954,-35.215399999999995,19.0111,0.2068776021433064,8708729.1103
2020,대학교,사립,기존,경북,대구한의대학교,공학계열,380,380,1822,380,100.0,4.79,91.37,8.629999999999995,24.3698,0.2667155521505965,7897745.498299999
2020,대학교,사립,기존,경북,대구한의대학교,예체능계열,100,100,682,100,100.0,6.82,91.8954,8.104600000000005,19.0111,0.2068776021433064,7736779.8264
2020,대학교,사립,기존,경북,대구한의대학교,인문사회계열,367,366,2151,366,100.0,5.88,92.6464,7.3536,23.5325,0.2540033935479414,6064630.2414
2020,대학교,사립,기존,경북,대구한의대학교,자연과학계열,671,674,6822,673,99.85,10.12,86.4733,13.3767,30.0793,0.3478449417334599,7714431.2227
2020,대학교,사립,기존,경북,대신대학교,예체능계열,40,40,100,40,100.0,2.5,91.8954,8.104600000000005,19.0111,0.2068776021433064,7555880.0
2020,대학교,사립,기존,경북,대신대학교,인문사회계열,76,76,166,76,100.0,2.18,92.6464,7.3536,23.5325,0.2540033935479414,6250070.0
2020,대학교,사립,기존,세종,대전가톨릭대학교,인문사회계열,40,40,15,14,35.0,0.38,60.2033,-25.2033,34.8708,0.5792174183142785,6060000.0
2020,대학교,사립,기존,대전,대전대학교,공학계열,517,520,2357,519,99.81,4.53,99.9383,-0.1282999999999958,0.0956,0.0009565902161633,8250575.7142
2020,대학교,사립,기존,대전,대전대학교,예체능계열,160,160,1508,160,100.0,9.43,94.8717,5.128299999999996,12.5618,0.1324082945704567,7935913.998899999
2020,대학교,사립,기존,대전,대전대학교,인문사회계열,941,949,4498,947,99.79,4.74,91.3275,8.462500000000006,17.9748,0.1968169499876816,6928805.7336
2020,대학교,사립,기존,대전,대전대학교,자연과학계열,427,427,2864,427,100.0,6.71,100.0,0.0,0.0,0.0,7951576.285699999
2020,대학교,사립,기존,대전,대전신학대학교,인문사회계열,32,32,34,16,50.0,1.06,91.3275,-41.3275,17.9748,0.1968169499876816,6306593.0
2020,대학교,사립,기존,경기,대진대학교,공학계열,545,544,2676,544,100.0,4.92,97.5162,2.4838000000000022,11.1711,0.1145563506371249,8565114.9297
2020,대학교,사립,기존,경기,대진대학교,예체능계열,243,242,2501,242,100.0,10.33,98.7011,1.2989000000000033,6.3273,0.0641056685285169,8552137.6265
2020,대학교,사립,기존,경기,대진대학교,인문사회계열,793,794,4739,792,99.75,5.97,93.7625,5.987499999999997,17.7369,0.18916837754966,6628611.1357
2020,대학교,사립,기존,경기,대진대학교,자연과학계열,212,213,1233,214,100.47,5.79,99.7817,0.6882999999999981,0.4682,0.0046922431668331,7839720.4438
2020,대학교,사립,기존,서울,덕성여자대학교,공학계열,326,327,3616,325,99.39,11.06,93.8079,5.582099999999997,21.8815,0.2332586061515074,8863598.888799999
2020,대학교,사립,기존,서울,덕성여자대학교,예체능계열,94,94,2204,94,100.0,23.45,97.4413,2.5587000000000018,11.8495,0.1216065467106863,9006073.3667
2020,대학교,사립,기존,서울,덕성여자대학교,인문사회계열,620,622,7169,621,99.84,11.53,97.5913,2.2486999999999995,9.2956,0.095250293827421,6581306.131899999
2020,대학교,사립,기존,서울,동국대학교,공학계열,826,835,12408,832,99.64,14.86,93.8079,5.832099999999997,21.8815,0.2332586061515074,9671192.322
2020,대학교,사립,기존,서울,동국대학교,예체능계열,210,210,6717,210,100.0,31.99,97.4413,2.5587000000000018,11.8495,0.1216065467106863,9519799.7636
2020,대학교,사립,기존,서울,동국대학교,인문사회계열,1333,1335,24242,1333,99.85,18.16,97.5913,2.2586999999999904,9.2956,0.095250293827421,7455353.1876
2020,대학교,사립,기존,서울,동국대학교,자연과학계열,316,318,4314,318,100.0,13.57,97.7085,2.291499999999999,10.5828,0.1083099218594083,8974471.1573
2020,대학교,사립,기존,경북,동국대학교(WISE),공학계열,320,322,1256,321,99.69,3.9,91.37,8.319999999999993,24.3698,0.2667155521505965,9351231.9581
2020,대학교,사립,기존,경북,동국대학교(WISE),예체능계열,121,122,742,122,100.0,6.08,91.8954,8.104600000000005,19.0111,0.2068776021433064,9231908.888700001
2020,대학교,사립,기존,경북,동국대학교(WISE),인문사회계열,919,923,3983,921,99.78,4.32,92.6464,7.133600000000001,23.5325,0.2540033935479414,7353976.023
2020,대학교,사립,기존,경북,동국대학교(WISE),자연과학계열,394,397,4687,394,99.24,11.81,86.4733,12.7667,30.0793,0.3478449417334599,8814035.2036
2020,대학교,사립,기존,서울,동덕여자대학교,공학계열,89,89,530,89,100.0,5.96,93.8079,6.192099999999996,21.8815,0.2332586061515074,8007366.6667
2020,대학교,사립,기존,서울,동덕여자대학교,예체능계열,593,594,11969,594,100.0,20.15,97.4413,2.5587000000000018,11.8495,0.1216065467106863,9133231.445700001
2020,대학교,사립,기존,서울,동덕여자대학교,인문사회계열,643,644,5283,643,99.84,8.2,97.5913,2.2486999999999995,9.2956,0.095250293827421,6480516.051200001
2020,대학교,사립,기존,서울,동덕여자대학교,자연과학계열,182,183,1391,183,100.0,7.6,97.7085,2.291499999999999,10.5828,0.1083099218594083,8068573.699600001
2020,대학교,사립,기존,부산,동명대학교,공학계열,870,871,4468,808,92.77,5.13,94.0312,-1.2612000000000023,8.7369,0.0929149048400956,8019353.664399999
2020,대학교,사립,기존,부산,동명대학교,예체능계열,170,172,1400,176,102.33,8.14,100.1256,2.2043999999999926,1.9865,0.0198400808584417,7609227.5538
2020,대학교,사립,기존,부산,동명대학교,인문사회계열,631,631,4700,635,100.63,7.45,99.074,1.5559999999999974,2.0975,0.021171043866201,6069711.8292
2020,대학교,사립,기존,부산,동명대학교,자연과학계열,147,147,1422,149,101.36,9.67,98.7333,2.6267,2.992,0.0303038589817214,7777416.9213
2020,대학교,사립,기존,부산,동서대학교,공학계열,655,655,3448,633,96.64,5.26,94.0312,2.6088000000000022,8.7369,0.0929149048400956,7694750.7507
2020,대학교,사립,기존,부산,동서대학교,예체능계열,490,490,3021,490,100.0,6.17,100.1256,-0.1256000000000057,1.9865,0.0198400808584417,7434123.3779
2020,대학교,사립,기존,부산,동서대학교,인문사회계열,950,951,5937,945,99.37,6.24,99.074,0.2960000000000065,2.0975,0.021171043866201,6007848.073299999
2020,대학교,사립,기존,부산,동서대학교,자연과학계열,280,279,3062,277,99.28,10.97,98.7333,0.5467000000000013,2.992,0.0303038589817214,7868951.759299999
2020,대학교,사립,기존,전남,동신대학교,공학계열,440,447,1587,347,77.63,3.55,69.4075,8.222499999999997,47.4581,0.6837604005330836,7461954.1494
2020,대학교,사립,기존,전남,동신대학교,예체능계열,105,105,550,105,100.0,5.24,92.22,7.780000000000001,15.7673,0.1709748427672956,7256346.3758000005
2020,대학교,사립,기존,전남,동신대학교,인문사회계열,468,468,2265,458,97.86,4.84,73.3129,24.5471,35.5308,0.4846459490758106,6033323.6499
2020,대학교,사립,기존,전남,동신대학교,자연과학계열,535,540,3867,504,93.33,7.16,84.82,8.510000000000005,30.3526,0.3578472058476774,7220324.209299999
2020,대학교,사립,기존,부산,동아대학교,공학계열,1215,1216,8005,1214,99.84,6.58,94.0312,5.808800000000005,8.7369,0.0929149048400956,8078154.062700001
2020,대학교,사립,기존,부산,동아대학교,예체능계열,434,434,2894,433,99.77,6.67,100.1256,-0.3556000000000097,1.9865,0.0198400808584417,7985752.3823
2020,대학교,사립,기존,부산,동아대학교,인문사회계열,1645,1647,11174,1644,99.82,6.78,99.074,0.7459999999999951,2.0975,0.021171043866201,6222023.3991
2020,대학교,사립,기존,부산,동아대학교,자연과학계열,764,767,5155,765,99.74,6.72,98.7333,1.006699999999995,2.992,0.0303038589817214,7326925.1059
2020,대학교,사립,기존,경북,동양대학교,공학계열,431,431,1844,415,96.29,4.28,91.37,4.920000000000002,24.3698,0.2667155521505965,7732083.3765
2020,대학교,사립,기존,경북,동양대학교,예체능계열,205,205,1551,205,100.0,7.57,91.8954,8.104600000000005,19.0111,0.2068776021433064,8077178.845900001
2020,대학교,사립,기존,경북,동양대학교,인문사회계열,332,332,1458,316,95.18,4.39,92.6464,2.533600000000007,23.5325,0.2540033935479414,6028332.171800001
2020,대학교,사립,기존,경북,동양대학교,자연과학계열,60,60,754,60,100.0,12.57,86.4733,13.526700000000003,30.0793,0.3478449417334599,7685802.4233
2020,대학교,사립,기존,부산,동의대학교,공학계열,1590,1590,8169,1589,99.94,5.14,94.0312,5.908799999999999,8.7369,0.0929149048400956,7638686.5876
2020,대학교,사립,기존,부산,동의대학교,예체능계열,305,305,2684,303,99.34,8.8,100.1256,-0.7856000000000023,1.9865,0.0198400808584417,7264170.181100001
2020,대학교,사립,기존,부산,동의대학교,인문사회계열,1230,1231,9243,1231,100.0,7.51,99.074,0.926000000000002,2.0975,0.021171043866201,5682408.8137
2020,대학교,사립,기존,부산,동의대학교,자연과학계열,470,470,6682,469,99.79,14.22,98.7333,1.0567000000000064,2.992,0.0303038589817214,6910060.658499999
2020,대학교,사립,기존,경기,루터대학교,인문사회계열,57,83,318,83,100.0,3.83,93.7625,6.237499999999997,17.7369,0.18916837754966,6702729.075
2020,대학교,사립,기존,경기,명지대학교,공학계열,834,838,5944,838,100.0,7.09,97.5162,2.4838000000000022,11.1711,0.1145563506371249,9666516.64
2020,대학교,사립,기존,경기,명지대학교,예체능계열,319,319,5009,319,100.0,15.7,98.7011,1.2989000000000033,6.3273,0.0641056685285169,9991003.1884
2020,대학교,사립,기존,경기,명지대학교,자연과학계열,180,182,1315,181,99.45,7.23,99.7817,-0.3316999999999979,0.4682,0.0046922431668331,8677192.7048
2020,대학교,사립,기존,대전,목원대학교,공학계열,346,346,2009,346,100.0,5.81,99.9383,0.0617000000000018,0.0956,0.0009565902161633,8301355.8282
2020,대학교,사립,기존,대전,목원대학교,예체능계열,524,524,3312,524,100.0,6.32,94.8717,5.128299999999996,12.5618,0.1324082945704567,8360486.043
2020,대학교,사립,기존,대전,목원대학교,인문사회계열,796,796,4331,796,100.0,5.44,91.3275,8.6725,17.9748,0.1968169499876816,6817160.2433
2020,대학교,사립,기존,대전,목원대학교,자연과학계열,198,198,902,198,100.0,4.56,100.0,0.0,0.0,0.0,7552579.922900001
2020,대학교,사립,기존,전남,목포가톨릭대학교,인문사회계열,30,30,114,30,100.0,3.8,73.3129,26.6871,35.5308,0.4846459490758106,5935800.0
2020,대학교,사립,기존,전남,목포가톨릭대학교,자연과학계열,90,90,329,90,100.0,3.66,84.82,15.180000000000009,30.3526,0.3578472058476774,7104800.0
2020,대학교,사립,기존,대전,배재대학교,공학계열,542,545,3147,544,99.82,5.77,99.9383,-0.1183000000000049,0.0956,0.0009565902161633,8277859.7377
2020,대학교,사립,기존,대전,배재대학교,예체능계열,199,199,1488,199,100.0,7.48,94.8717,5.128299999999996,12.5618,0.1324082945704567,8254137.851100001
2020,대학교,사립,기존,대전,배재대학교,인문사회계열,883,889,5886,888,99.89,6.62,91.3275,8.5625,17.9748,0.1968169499876816,6729994.0758
2020,대학교,사립,기존,대전,배재대학교,자연과학계열,424,425,2509,425,100.0,5.9,100.0,0.0,0.0,0.0,7565965.8229
2020,대학교,사립,기존,충남,백석대학교,공학계열,300,301,1702,301,100.0,5.65,96.4108,3.5892000000000053,12.6104,0.130798624220523,8762283.7125
2020,대학교,사립,기존,충남,백석대학교,예체능계열,675,676,9012,676,100.0,13.33,98.8658,1.134200000000007,3.0153,0.0304989187363071,9283973.2588
2020,대학교,사립,기존,충남,백석대학교,인문사회계열,1352,1356,10323,1355,99.93,7.61,95.9529,3.977100000000007,8.5434,0.0890374339910518,7370613.7325
2020,대학교,사립,기존,충남,백석대학교,자연과학계열,463,464,3846,464,100.0,8.29,98.5675,1.4325000000000043,3.5612,0.0361295558880969,8805300.0
2020,대학교,사립,기존,부산,부산가톨릭대학교,공학계열,100,101,426,89,88.12,4.22,94.0312,-5.911199999999994,8.7369,0.0929149048400956,7929015.5493
2020,대학교,사립,기존,부산,부산가톨릭대학교,인문사회계열,196,196,971,191,97.45,4.95,99.074,-1.6239999999999952,2.0975,0.021171043866201,6154262.3524
2020,대학교,사립,기존,부산,부산가톨릭대학교,자연과학계열,620,621,4117,603,97.1,6.63,98.7333,-1.6333000000000055,2.992,0.0303038589817214,7298788.404999999
2020,교육대학,국립,기존,부산,부산교육대학교,인문사회계열,356,357,1649,0,0.0,4.62,74.955,-74.955,49.97,0.6666666666666666,3107200.0
2020,대학교,국립,기존,부산,부산대학교,공학계열,1486,1490,15288,1488,99.87,10.26,99.78,0.0900000000000034,0.1825,0.0018290238524754,4760204.1177
2020,대학교,국립,기존,부산,부산대학교,예체능계열,315,315,2292,314,99.68,7.28,99.8933,-0.2132999999999896,0.1848,0.0018499739221749,4751333.333
2020,대학교,국립,기존,부산,부산대학교,인문사회계열,1332,1335,13936,1334,99.93,10.44,74.955,24.97500000000001,49.97,0.6666666666666666,3552716.0592
2020,대학교,국립,기존,부산,부산대학교,자연과학계열,1048,1050,13327,1049,99.9,12.69,99.9667,-0.0666999999999973,0.0577,0.0005771922050042,4608177.5743
2020,대학교,사립,기존,부산,부산외국어대학교,공학계열,205,205,972,205,100.0,4.74,94.0312,5.968800000000002,8.7369,0.0929149048400956,7897294.9478
2020,대학교,사립,기존,부산,부산외국어대학교,예체능계열,60,60,605,62,103.33,10.08,100.1256,3.2043999999999926,1.9865,0.0198400808584417,6880964.818000001
2020,대학교,사립,기존,부산,부산외국어대학교,인문사회계열,1548,1552,6856,1551,99.94,4.42,99.074,0.8659999999999997,2.0975,0.021171043866201,6054354.3346
2020,대학교,사립,기존,경남,부산장신대학교,인문사회계열,49,49,89,48,97.96,1.82,84.2957,13.664299999999995,28.0,0.3321640368369917,6104227.5117
2020,대학교,사립,기존,서울,삼육대학교,공학계열,151,151,1847,151,100.0,12.23,93.8079,6.192099999999996,21.8815,0.2332586061515074,8770773.9831
2020,대학교,사립,기존,서울,삼육대학교,예체능계열,160,160,2943,160,100.0,18.39,97.4413,2.5587000000000018,11.8495,0.1216065467106863,9215430.879999999
2020,대학교,사립,기존,서울,삼육대학교,인문사회계열,422,422,4241,422,100.0,10.05,97.5913,2.408699999999996,9.2956,0.095250293827421,7409350.3354
2020,대학교,사립,기존,서울,삼육대학교,자연과학계열,389,389,5219,388,99.74,13.42,97.7085,2.031499999999994,10.5828,0.1083099218594083,8434035.3061
2020,대학교,사립,기존,서울,상명대학교,공학계열,381,381,2991,381,100.0,7.85,93.8079,6.192099999999996,21.8815,0.2332586061515074,8907479.5099
2020,대학교,사립,기존,서울,상명대학교,예체능계열,201,201,3196,200,99.5,15.9,97.4413,2.0587000000000018,11.8495,0.1216065467106863,9403698.6191
2020,대학교,사립,기존,서울,상명대학교,인문사회계열,627,627,5885,627,100.0,9.39,97.5913,2.408699999999996,9.2956,0.095250293827421,7269195.7831
2020,대학교,사립,기존,서울,상명대학교,자연과학계열,93,93,1000,93,100.0,10.75,97.7085,2.291499999999999,10.5828,0.1083099218594083,8448554.9999
2020,대학교,사립,기존,강원,상지대학교,공학계열,378,381,1680,373,97.9,4.41,99.12,-1.2199999999999989,0.8605,0.0086813962873284,8341745.9013
2020,대학교,사립,기존,강원,상지대학교,예체능계열,340,343,1877,336,97.96,5.47,98.224,-0.26400000000001,1.7647,0.0179660775370581,8028785.0228
2020,대학교,사립,기존,강원,상지대학교,인문사회계열,936,951,4627,921,96.85,4.87,99.0986,-2.2486000000000104,1.122,0.0113220570219962,6675719.9082
2020,대학교,사립,기존,강원,상지대학교,자연과학계열,601,607,4534,596,98.19,7.47,99.5617,-1.371700000000004,0.6977,0.0070077148140298,7717274.0691
2020,대학교,사립,기존,서울,서강대학교,공학계열,387,389,11465,387,99.49,29.47,93.8079,5.682099999999991,21.8815,0.2332586061515074,9927353.3333
2020,대학교,사립,기존,서울,서강대학교,인문사회계열,977,977,21363,971,99.39,21.87,97.5913,1.7986999999999966,9.2956,0.095250293827421,7749999.864
2020,대학교,사립,기존,서울,서강대학교,자연과학계열,210,210,3773,210,100.0,17.97,97.7085,2.291499999999999,10.5828,0.1083099218594083,9024405.0
2020,대학교,사립,기존,서울,서경대학교,공학계열,400,402,4828,401,99.75,12.01,93.8079,5.942099999999996,21.8815,0.2332586061515074,8736269.0616
2020,대학교,사립,기존,서울,서경대학교,예체능계열,429,430,14181,429,99.77,32.98,97.4413,2.3286999999999978,11.8495,0.1216065467106863,9125162.7721
2020,대학교,사립,기존,서울,서경대학교,인문사회계열,360,362,5307,362,100.0,14.66,97.5913,2.408699999999996,9.2956,0.095250293827421,7016831.5008000005
2020,대학교,사립,기존,서울,서경대학교,자연과학계열,80,81,954,81,100.0,11.78,97.7085,2.291499999999999,10.5828,0.1083099218594083,8853033.3333
2020,대학교,국립,기존,서울,서울과학기술대학교,공학계열,1429,1435,18634,1435,100.0,12.99,64.81,35.19,49.7662,0.767878413825027,5494128.3050999995
2020,대학교,국립,기존,서울,서울과학기술대학교,예체능계열,242,242,1866,242,100.0,7.71,99.815,0.1850000000000022,0.2616,0.0026208485698542,5567009.9999
2020,대학교,국립,기존,서울,서울과학기술대학교,인문사회계열,261,263,3065,263,100.0,11.65,41.1567,58.8433,52.2935,1.270595067145811,4684437.853
2020,대학교,국립,기존,서울,서울과학기술대학교,자연과학계열,135,135,1793,135,100.0,13.28,62.71,37.29,52.736,0.8409504066337107,5497893.0
2020,교육대학,국립,기존,서울,서울교육대학교,인문사회계열,355,355,1220,0,0.0,3.44,41.1567,-41.1567,52.2935,1.270595067145811,3156400.0
2020,대학교,사립,기존,서울,서울기독대학교,예체능계열,58,58,213,52,89.66,3.67,97.4413,-7.781300000000002,11.8495,0.1216065467106863,8640110.9143
2020,대학교,사립,기존,서울,서울기독대학교,인문사회계열,78,78,242,74,94.87,3.1,97.5913,-2.7212999999999994,9.2956,0.095250293827421,6880208.2707
2020,대학교,국립대법인,기존,서울,서울대학교,공학계열,853,853,3439,853,100.0,4.03,100.0,0.0,0.0,0.0,6064307.7824
2020,대학교,국립대법인,기존,서울,서울대학교,예체능계열,38,289,5712,283,97.92,19.76,97.92,0.0,0.0,0.0,7539922.1784
2020,대학교,국립대법인,기존,서울,서울대학교,인문사회계열,1153,1153,6229,1019,88.38,5.4,88.38,0.0,0.0,0.0,5046714.8876
2020,대학교,국립대법인,기존,서울,서울대학교,자연과학계열,839,839,4380,776,92.49,5.22,92.49,0.0,0.0,0.0,6312731.3597
2020,대학교,공립,기존,서울,서울시립대학교,공학계열,628,635,8542,630,99.21,13.45,99.21,0.0,0.0,0.0,2737800.0
2020,대학교,공립,기존,서울,서울시립대학교,예체능계열,132,132,1611,132,100.0,12.2,100.0,0.0,0.0,0.0,2971550.0
2020,대학교,공립,기존,서울,서울시립대학교,인문사회계열,773,776,9975,772,99.48,12.85,99.48,0.0,0.0,0.0,2080800.0
2020,대학교,공립,기존,서울,서울시립대학교,자연과학계열,164,167,2536,167,100.0,15.19,100.0,0.0,0.0,0.0,2463264.7619
2020,대학교,사립,기존,경기,서울신학대학교,예체능계열,95,95,1005,95,100.0,10.58,98.7011,1.2989000000000033,6.3273,0.0641056685285169,8832354.145
2020,대학교,사립,기존,경기,서울신학대학교,인문사회계열,407,407,2024,407,100.0,4.97,93.7625,6.237499999999997,17.7369,0.18916837754966,7051819.7447
2020,대학교,사립,기존,서울,서울여자대학교,공학계열,172,172,1488,171,99.42,8.65,93.8079,5.612099999999998,21.8815,0.2332586061515074,8618609.8092
2020,대학교,사립,기존,서울,서울여자대학교,예체능계열,180,180,4019,180,100.0,22.33,97.4413,2.5587000000000018,11.8495,0.1216065467106863,9700661.1305
2020,대학교,사립,기존,서울,서울여자대학교,인문사회계열,882,884,12932,884,100.0,14.63,97.5913,2.408699999999996,9.2956,0.095250293827421,7368183.187900001
2020,대학교,사립,기존,서울,서울여자대학교,자연과학계열,358,359,4463,358,99.72,12.43,97.7085,2.011499999999998,10.5828,0.1083099218594083,8540384.2063
2020,대학교,사립,기존,경기,서울장신대학교,예체능계열,27,27,57,27,100.0,2.11,98.7011,1.2989000000000033,6.3273,0.0641056685285169,10058620.0
2020,대학교,사립,기존,경기,서울장신대학교,인문사회계열,86,86,247,85,98.84,2.87,93.7625,5.077500000000001,17.7369,0.18916837754966,7484890.0
2020,대학교,사립,기존,서울,서울한영대학교,예체능계열,20,20,50,20,100.0,2.5,97.4413,2.5587000000000018,11.8495,0.1216065467106863,8474634.9833
2020,대학교,사립,기존,서울,서울한영대학교,인문사회계열,160,160,973,160,100.0,6.08,97.5913,2.408699999999996,9.2956,0.095250293827421,6859945.0672
2020,대학교,사립,기존,충북,서원대학교,공학계열,415,415,2428,415,100.0,5.85,98.6171,1.3829000000000065,1.9416,0.0196882690730106,8196490.192399999
2020,대학교,사립,기존,충북,서원대학교,예체능계열,206,206,1586,207,100.49,7.7,88.0575,12.43249999999999,31.5901,0.3587440024983675,7846819.4164
2020,대학교,사립,기존,충북,서원대학교,인문사회계열,721,721,5697,720,99.86,7.9,89.8778,9.982200000000006,25.8208,0.2872878508374704,6527212.7165
2020,대학교,사립,기존,충북,서원대학교,자연과학계열,280,281,2043,281,100.0,7.27,99.0112,0.9887999999999976,1.5095,0.0152457499757603,7593953.451800001
2020,대학교,사립,기존,충남,선문대학교,공학계열,857,861,4858,861,100.0,5.64,96.4108,3.5892000000000053,12.6104,0.130798624220523,8505540.4702
2020,대학교,사립,기존,충남,선문대학교,예체능계열,115,115,1194,115,100.0,10.38,98.8658,1.134200000000007,3.0153,0.0304989187363071,8028918.1086
2020,대학교,사립,기존,충남,선문대학교,인문사회계열,829,831,5205,831,100.0,6.26,95.9529,4.0471,8.5434,0.0890374339910518,6965922.151099999
2020,대학교,사립,기존,충남,선문대학교,자연과학계열,252,252,4394,253,100.4,17.44,98.5675,1.8325000000000105,3.5612,0.0361295558880969,8239229.8806
2020,대학교,사립,기존,경기,성결대학교,공학계열,305,305,3122,305,100.0,10.24,97.5162,2.4838000000000022,11.1711,0.1145563506371249,8562478.5714
2020,대학교,사립,기존,경기,성결대학교,예체능계열,193,193,3499,193,100.0,18.13,98.7011,1.2989000000000033,6.3273,0.0641056685285169,9346624.9946
2020,대학교,사립,기존,경기,성결대학교,인문사회계열,730,730,6019,730,100.0,8.25,93.7625,6.237499999999997,17.7369,0.18916837754966,6873909.504899999
2020,대학교,사립,기존,서울,성공회대학교,공학계열,139,140,679,140,100.0,4.85,93.8079,6.192099999999996,21.8815,0.2332586061515074,7992547.5
2020,대학교,사립,기존,서울,성공회대학교,인문사회계열,363,363,1880,362,99.72,5.18,97.5913,2.128699999999995,9.2956,0.095250293827421,7282935.1515
2020,대학교,사립,기존,서울,성균관대학교,공학계열,1130,1133,23537,1128,99.56,20.77,93.8079,5.752099999999999,21.8815,0.2332586061515074,9304646.517
2020,대학교,사립,기존,서울,성균관대학교,예체능계열,252,252,3770,252,100.0,14.96,97.4413,2.5587000000000018,11.8495,0.1216065467106863,9566756.23
2020,대학교,사립,기존,서울,성균관대학교,인문사회계열,1449,1449,28149,1445,99.72,19.43,97.5913,2.128699999999995,9.2956,0.095250293827421,7463666.0782
2020,대학교,사립,기존,서울,성균관대학교,자연과학계열,472,472,8792,470,99.58,18.63,97.7085,1.8714999999999973,10.5828,0.1083099218594083,8856363.9684
2020,대학교,사립,기존,서울,성신여자대학교,공학계열,325,325,2526,325,100.0,7.77,93.8079,6.192099999999996,21.8815,0.2332586061515074,8619105.8846
2020,대학교,사립,기존,서울,성신여자대학교,예체능계열,506,506,8245,506,100.0,16.29,97.4413,2.5587000000000018,11.8495,0.1216065467106863,9974875.4945
2020,대학교,사립,기존,서울,성신여자대학교,인문사회계열,901,902,8883,902,100.0,9.85,97.5913,2.408699999999996,9.2956,0.095250293827421,7319715.1154
2020,대학교,사립,기존,서울,성신여자대학교,자연과학계열,328,328,3228,328,100.0,9.84,97.7085,2.291499999999999,10.5828,0.1083099218594083,8573598.562199999
2020,대학교,사립,기존,충북,세명대학교,공학계열,280,280,1121,280,100.0,4.0,98.6171,1.3829000000000065,1.9416,0.0196882690730106,7951320.926100001
2020,대학교,사립,기존,충북,세명대학교,예체능계열,200,200,1411,198,99.0,7.06,88.0575,10.942499999999995,31.5901,0.3587440024983675,7805764.103499999
2020,대학교,사립,기존,충북,세명대학교,인문사회계열,740,742,4159,742,100.0,5.61,89.8778,10.122200000000008,25.8208,0.2872878508374704,6300402.1941
2020,대학교,사립,기존,충북,세명대학교,자연과학계열,660,663,3674,661,99.7,5.54,99.0112,0.6888000000000005,1.5095,0.0152457499757603,7605857.901899999
2020,대학교,사립,기존,서울,세종대학교,공학계열,1355,1361,17912,1361,100.0,13.16,93.8079,6.192099999999996,21.8815,0.2332586061515074,8898619.59
2020,대학교,사립,기존,서울,세종대학교,예체능계열,229,230,4496,230,100.0,19.55,97.4413,2.5587000000000018,11.8495,0.1216065467106863,9046442.1466
2020,대학교,사립,기존,서울,세종대학교,인문사회계열,582,585,12758,584,99.83,21.81,97.5913,2.2386999999999944,9.2956,0.095250293827421,6594035.713400001
2020,대학교,사립,기존,서울,세종대학교,자연과학계열,154,155,1921,155,100.0,12.39,97.7085,2.291499999999999,10.5828,0.1083099218594083,7714568.4743
2020,대학교,사립,기존,전남,세한대학교,공학계열,90,90,402,90,100.0,4.47,69.4075,30.5925,47.4581,0.6837604005330836,7718890.2381
2020,대학교,사립,기존,전남,세한대학교,예체능계열,320,319,1338,320,100.31,4.19,92.22,8.090000000000003,15.7673,0.1709748427672956,7021176.001800001
2020,대학교,사립,기존,전남,세한대학교,인문사회계열,354,354,1819,354,100.0,5.14,73.3129,26.6871,35.5308,0.4846459490758106,5937898.6463
2020,대학교,사립,기존,전남,세한대학교,자연과학계열,150,150,822,150,100.0,5.48,84.82,15.180000000000009,30.3526,0.3578472058476774,6784397.035699999
2020,대학교,사립,기존,광주,송원대학교,공학계열,200,200,883,200,100.0,4.42,99.248,0.7519999999999953,1.4631,0.0147418587780106,7011866.657199999
2020,대학교,사립,기존,광주,송원대학교,예체능계열,105,105,432,105,100.0,4.11,99.8488,0.1512000000000029,0.2099,0.0021021784938827,6992126.667200001
2020,대학교,사립,기존,광주,송원대학교,인문사회계열,227,227,1053,227,100.0,4.64,99.4812,0.5187999999999988,0.7806,0.0078467087248645,6037041.5067
2020,대학교,사립,기존,광주,송원대학교,자연과학계열,188,188,1526,188,100.0,8.12,99.76,0.2399999999999948,0.1993,0.0019977947072975,6802051.080500001
2020,대학교,사립,기존,경기,수원가톨릭대학교,인문사회계열,90,90,45,35,38.89,0.5,93.7625,-54.8725,17.7369,0.18916837754966,5325000.0
2020,대학교,사립,기존,서울,숙명여자대학교,공학계열,423,425,3967,424,99.76,9.33,93.8079,5.9521000000000015,21.8815,0.2332586061515074,9485943.1818
2020,대학교,사립,기존,서울,숙명여자대학교,예체능계열,326,326,3695,326,100.0,11.33,97.4413,2.5587000000000018,11.8495,0.1216065467106863,10226027.989599999
2020,대학교,사립,기존,서울,숙명여자대학교,인문사회계열,1127,1129,14558,1123,99.47,12.89,97.5913,1.878699999999995,9.2956,0.095250293827421,7670642.5254
2020,대학교,사립,기존,서울,숙명여자대학교,자연과학계열,234,236,2626,235,99.58,11.13,97.7085,1.8714999999999973,10.5828,0.1083099218594083,9034523.9742
2020,각종학교(대학),사립,기존,충북,순복음총회신학교,예체능계열,10,10,16,1,10.0,1.6,88.0575,-78.0575,31.5901,0.3587440024983675,7234285.709999999
2020,각종학교(대학),사립,기존,충북,순복음총회신학교,인문사회계열,65,65,56,14,21.54,0.86,89.8778,-68.33779999999999,25.8208,0.2872878508374704,5676930.686
2020,대학교,사립,기존,충남,순천향대학교,공학계열,862,864,5673,863,99.88,6.57,96.4108,3.4692000000000007,12.6104,0.130798624220523,8840640.9375
2020,대학교,사립,기존,충남,순천향대학교,예체능계열,146,146,2870,146,100.0,19.66,98.8658,1.134200000000007,3.0153,0.0304989187363071,8288314.285699999
2020,대학교,사립,기존,충남,순천향대학교,인문사회계열,824,824,6692,821,99.64,8.12,95.9529,3.687100000000001,8.5434,0.0890374339910518,7496940.0359
2020,대학교,사립,기존,충남,순천향대학교,자연과학계열,520,521,4950,521,100.0,9.5,98.5675,1.4325000000000043,3.5612,0.0361295558880969,8379226.617300001
2020,대학교,사립,기존,서울,숭실대학교,공학계열,1212,1219,15314,1215,99.67,12.56,93.8079,5.862099999999998,21.8815,0.2332586061515074,9318848.412899999
2020,대학교,사립,기존,서울,숭실대학교,예체능계열,87,87,2503,88,101.15,28.77,97.4413,3.708700000000008,11.8495,0.1216065467106863,9293699.9999
2020,대학교,사립,기존,서울,숭실대학교,인문사회계열,1155,1158,13924,1157,99.91,12.02,97.5913,2.3186999999999927,9.2956,0.095250293827421,7629418.0726
2020,대학교,사립,기존,서울,숭실대학교,자연과학계열,221,222,2778,222,100.0,12.51,97.7085,2.291499999999999,10.5828,0.1083099218594083,8475300.0
2020,대학교,사립,기존,경북,신경주대학교,예체능계열,200,195,338,83,42.56,1.73,91.8954,-49.33539999999999,19.0111,0.2068776021433064,8436174.885
2020,대학교,사립,기존,경북,신경주대학교,인문사회계열,272,261,244,29,11.11,0.93,92.6464,-81.5364,23.5325,0.2540033935479414,6635040.6239
2020,대학교,사립,기존,경북,신경주대학교,자연과학계열,180,142,420,49,34.51,2.96,86.4733,-51.9633,30.0793,0.3478449417334599,7309179.487299999
2020,대학교,사립,기존,부산,신라대학교,공학계열,590,589,3029,443,75.21,5.14,94.0312,-18.821200000000005,8.7369,0.0929149048400956,8010356.3802000005
2020,대학교,사립,기존,부산,신라대학교,예체능계열,183,183,889,176,96.17,4.86,100.1256,-3.955600000000004,1.9865,0.0198400808584417,7656044.7221
2020,대학교,사립,기존,부산,신라대학교,인문사회계열,955,955,5642,894,93.61,5.91,99.074,-5.463999999999999,2.0975,0.021171043866201,5934444.0519
2020,대학교,사립,기존,부산,신라대학교,자연과학계열,415,415,3127,379,91.33,7.53,98.7333,-7.4033000000000015,2.992,0.0303038589817214,7294631.6367
2020,대학교,사립,기존,경기,신한대학교,공학계열,183,186,1219,186,100.0,6.55,97.5162,2.4838000000000022,11.1711,0.1145563506371249,10340457.3325
2020,대학교,사립,기존,경기,신한대학교,자연과학계열,90,90,1300,90,100.0,14.44,99.7817,0.2182999999999992,0.4682,0.0046922431668331,9743684.0
2020,대학교,사립,기존,경기,신한대학교 _제2캠퍼스,공학계열,70,72,668,72,100.0,9.28,97.5162,2.4838000000000022,11.1711,0.1145563506371249,10303166.285699999
2020,대학교,사립,기존,경기,신한대학교 _제2캠퍼스,예체능계열,208,210,3020,210,100.0,14.38,98.7011,1.2989000000000033,6.3273,0.0641056685285169,10234567.6125
2020,대학교,사립,기존,경기,신한대학교 _제2캠퍼스,인문사회계열,440,442,3899,442,100.0,8.82,93.7625,6.237499999999997,17.7369,0.18916837754966,8135300.9772
2020,대학교,사립,기존,경기,신한대학교 _제2캠퍼스,자연과학계열,399,402,3646,402,100.0,9.07,99.7817,0.2182999999999992,0.4682,0.0046922431668331,9759599.592300002
2020,대학교,사립,기존,경기,아신대학교,인문사회계열,186,186,263,152,81.72,1.41,93.7625,-12.042500000000004,17.7369,0.18916837754966,6709164.5026
2020,대학교,사립,기존,경기,아주대학교,공학계열,1017,1021,13638,1017,99.61,13.36,97.5162,2.0938000000000017,11.1711,0.1145563506371249,9345808.6814
2020,대학교,사립,기존,경기,아주대학교,인문사회계열,564,566,8476,565,99.82,14.98,93.7625,6.05749999999999,17.7369,0.18916837754966,7494709.7883
2020,대학교,사립,기존,경기,아주대학교,자연과학계열,268,268,6485,267,99.63,24.2,99.7817,-0.1517000000000052,0.4682,0.0046922431668331,8890357.6299
2020,대학교,사립,기존,경기,안양대학교,공학계열,439,440,3180,438,99.55,7.23,97.5162,2.0337999999999994,11.1711,0.1145563506371249,8801810.301800001
2020,대학교,사립,기존,경기,안양대학교,예체능계열,65,65,1299,65,100.0,19.98,98.7011,1.2989000000000033,6.3273,0.0641056685285169,8829910.7019
2020,대학교,사립,기존,경기,안양대학교,인문사회계열,465,466,3388,459,98.5,7.27,93.7625,4.737499999999997,17.7369,0.18916837754966,7115788.551700001
2020,대학교,사립,기존,경기,안양대학교,자연과학계열,40,41,314,41,100.0,7.66,99.7817,0.2182999999999992,0.4682,0.0046922431668331,8316582.17
2020,대학교,사립,기존,인천,안양대학교 _제2캠퍼스,공학계열,70,71,312,71,100.0,4.39,99.93,0.0699999999999931,0.099,0.0009906934854398,8874450.5217
2020,대학교,사립,기존,서울,연세대학교,공학계열,938,948,12917,942,99.37,13.63,93.8079,5.562100000000001,21.8815,0.2332586061515074,10404184.8629
2020,대학교,사립,기존,서울,연세대학교,예체능계열,209,209,1635,209,100.0,7.82,97.4413,2.5587000000000018,11.8495,0.1216065467106863,10377073.2157
2020,대학교,사립,기존,서울,연세대학교,인문사회계열,1621,1625,24364,1625,100.0,14.99,97.5913,2.408699999999996,9.2956,0.095250293827421,9168762.9264
2020,대학교,사립,기존,서울,연세대학교,자연과학계열,649,651,8464,650,99.85,13.0,97.7085,2.141499999999993,10.5828,0.1083099218594083,9890386.9891
2020,대학교,사립,기존,강원,연세대학교(미래),공학계열,220,220,1405,219,99.55,6.39,99.12,0.4299999999999926,0.8605,0.0086813962873284,9868460.0
2020,대학교,사립,기존,강원,연세대학교(미래),예체능계열,76,76,521,76,100.0,6.86,98.224,1.7759999999999962,1.7647,0.0179660775370581,8851150.0
2020,대학교,사립,기존,강원,연세대학교(미래),인문사회계열,580,582,3181,580,99.66,5.47,99.0986,0.5613999999999919,1.122,0.0113220570219962,7815907.076199999
2020,대학교,사립,기존,강원,연세대학교(미래),자연과학계열,590,592,8208,589,99.49,13.86,99.5617,-0.0717000000000069,0.6977,0.0070077148140298,8696892.771000002
2020,대학교,사립,기존,경북,영남대학교,공학계열,1558,1561,7657,1559,99.87,4.91,91.37,8.5,24.3698,0.2667155521505965,8517627.452300001
2020,대학교,사립,기존,경북,영남대학교,예체능계열,484,484,3148,483,99.79,6.5,91.8954,7.894600000000011,19.0111,0.2068776021433064,9250465.116600001
2020,대학교,사립,기존,경북,영남대학교,인문사회계열,1739,1742,9047,1730,99.31,5.19,92.6464,6.663600000000002,23.5325,0.2540033935479414,6215905.616400001
2020,대학교,사립,기존,경북,영남대학교,자연과학계열,771,773,4264,773,100.0,5.52,86.4733,13.526700000000003,30.0793,0.3478449417334599,8624152.302099999
2020,대학교,사립,기존,경북,영남신학대학교,인문사회계열,115,115,230,115,100.0,2.0,92.6464,7.3536,23.5325,0.2540033935479414,6372754.8333
2020,대학교,사립,기존,경남,영산대학교,공학계열,230,231,1122,228,98.7,4.86,79.028,19.672,41.4739,0.5248000708609606,7607864.4602
2020,대학교,사립,기존,경남,영산대학교,예체능계열,70,70,194,70,100.0,2.77,92.0,8.0,12.0752,0.1312521739130434,6747516.8
2020,대학교,사립,기존,경남,영산대학교,인문사회계열,195,195,1019,195,100.0,5.23,84.2957,15.704300000000003,28.0,0.3321640368369917,5747047.1291000005
2020,대학교,사립,기존,경남,영산대학교,자연과학계열,160,160,1780,160,100.0,11.12,86.7583,13.241699999999994,23.9538,0.2760980793768435,7204843.133300001
2020,대학교,사립,기존,부산,영산대학교 _제2캠퍼스,예체능계열,345,345,1801,345,100.0,5.22,100.1256,-0.1256000000000057,1.9865,0.0198400808584417,7161196.2057
2020,대학교,사립,기존,부산,영산대학교 _제2캠퍼스,인문사회계열,360,360,1945,360,100.0,5.4,99.074,0.926000000000002,2.0975,0.021171043866201,5685550.4497
2020,대학교,사립,기존,부산,영산대학교 _제2캠퍼스,자연과학계열,140,140,659,140,100.0,4.71,98.7333,1.2667000000000002,2.992,0.0303038589817214,7035073.5139
2020,대학교,사립,기존,전남,영산선학대학교,인문사회계열,50,50,6,6,12.0,0.12,73.3129,-61.3129,35.5308,0.4846459490758106,2060000.0
2020,대학교,사립,기존,전북,예수대학교,자연과학계열,110,110,678,110,100.0,6.16,99.935,0.0649999999999977,0.2172,0.0021734127182668,7225614.2
2020,대학교,사립,기존,전북,예원예술대학교,예체능계열,207,210,902,206,98.1,4.3,99.2583,-1.1583000000000112,0.8452,0.0085151569188672,8219390.6278
2020,대학교,사립,기존,경기,예원예술대학교 _제2캠퍼스,예체능계열,99,100,1057,98,98.0,10.57,98.7011,-0.7010999999999967,6.3273,0.0641056685285169,8482056.3249
2020,대학교,사립,기존,경기,용인대학교,예체능계열,809,813,8492,812,99.88,10.45,98.7011,1.1788999999999987,6.3273,0.0641056685285169,8589386.5339
2020,대학교,사립,기존,경기,용인대학교,인문사회계열,375,379,3170,374,98.68,8.36,93.7625,4.917500000000004,17.7369,0.18916837754966,7421715.404700001
2020,대학교,사립,기존,경기,용인대학교,자연과학계열,219,220,1797,220,100.0,8.17,99.7817,0.2182999999999992,0.4682,0.0046922431668331,8146831.9013
2020,대학교,사립,기존,전북,우석대학교,공학계열,458,463,2526,451,97.41,5.46,99.2475,-1.8375000000000057,1.248,0.0125746240459457,7978770.039399999
2020,대학교,사립,기존,전북,우석대학교,예체능계열,220,222,1390,219,98.65,6.26,99.2583,-0.6082999999999998,0.8452,0.0085151569188672,7581757.376999999
2020,대학교,사립,기존,전북,우석대학교,인문사회계열,594,599,3259,597,99.67,5.44,99.5117,0.158299999999997,0.7201,0.0072363350239218,6174829.469400001
2020,대학교,사립,기존,전북,우석대학교,자연과학계열,443,444,4225,445,100.23,9.52,99.935,0.2950000000000017,0.2172,0.0021734127182668,7474295.579700001
2020,대학교,사립,기존,대전,우송대학교,공학계열,592,593,4685,593,100.0,7.9,99.9383,0.0617000000000018,0.0956,0.0009565902161633,7662368.702099999
2020,대학교,사립,기존,대전,우송대학교,예체능계열,180,180,1897,180,100.0,10.54,94.8717,5.128299999999996,12.5618,0.1324082945704567,7832897.995
2020,대학교,사립,기존,대전,우송대학교,인문사회계열,707,708,5806,708,100.0,8.2,91.3275,8.6725,17.9748,0.1968169499876816,7178382.853399999
2020,대학교,사립,기존,대전,우송대학교,자연과학계열,525,526,5691,526,100.0,10.82,100.0,0.0,0.0,0.0,7827367.4123
2020,대학교,특별법법인,기존,울산,울산과학기술원,공학계열,320,320,3274,317,99.06,10.23,99.06,0.0,0.0,0.0,6286622.222200001
2020,대학교,특별법법인,기존,울산,울산과학기술원,인문사회계열,40,40,328,40,100.0,8.2,100.0,0.0,0.0,0.0,5685533.3331
2020,대학교,사립,기존,울산,울산대학교,공학계열,966,971,4991,970,99.9,5.14,99.9,0.0,0.0,0.0,8551358.7632
2020,대학교,사립,기존,울산,울산대학교,예체능계열,315,317,1749,316,99.68,5.52,99.68,0.0,0.0,0.0,9006919.3274
2020,대학교,사립,기존,울산,울산대학교,인문사회계열,969,972,3901,960,98.77,4.01,98.77,0.0,0.0,0.0,6169365.0942
2020,대학교,사립,기존,울산,울산대학교,자연과학계열,482,482,3689,481,99.79,7.65,99.79,0.0,0.0,0.0,8082630.732899999
2020,대학교,사립,기존,전북,원광대학교,공학계열,1117,1124,4956,1122,99.82,4.41,99.2475,0.5724999999999909,1.248,0.0125746240459457,8261697.1229
2020,대학교,사립,기존,전북,원광대학교,예체능계열,416,418,3168,413,98.8,7.58,99.2583,-0.4583000000000083,0.8452,0.0085151569188672,7811127.790899999
2020,대학교,사립,기존,전북,원광대학교,인문사회계열,1089,1093,5903,1086,99.36,5.4,99.5117,-0.1517000000000052,0.7201,0.0072363350239218,6418968.6188
2020,대학교,사립,기존,전북,원광대학교,자연과학계열,904,906,6973,904,99.78,7.7,99.935,-0.1550000000000011,0.2172,0.0021734127182668,7931645.109800001
2020,대학교,사립,기존,경북,위덕대학교,공학계열,110,110,309,107,97.27,2.81,91.37,5.899999999999992,24.3698,0.2667155521505965,8211784.646
2020,대학교,사립,기존,경북,위덕대학교,예체능계열,80,80,206,77,96.25,2.58,91.8954,4.354600000000005,19.0111,0.2068776021433064,8680141.6833
2020,대학교,사립,기존,경북,위덕대학교,인문사회계열,359,359,1158,357,99.44,3.23,92.6464,6.793599999999998,23.5325,0.2540033935479414,6690155.2485
2020,대학교,사립,기존,경북,위덕대학교,자연과학계열,231,231,1183,229,99.13,5.12,86.4733,12.6567,30.0793,0.3478449417334599,8271146.1376
2020,대학교,사립,기존,충북,유원대학교,공학계열,180,181,879,172,95.03,4.86,98.6171,-3.5870999999999924,1.9416,0.0196882690730106,8220267.4846
2020,대학교,사립,기존,충북,유원대학교,예체능계열,80,80,370,80,100.0,4.62,88.0575,11.942499999999995,31.5901,0.3587440024983675,8183830.6866999995
2020,대학교,사립,기존,충북,유원대학교,인문사회계열,375,376,1560,339,90.16,4.15,89.8778,0.2822000000000031,25.8208,0.2872878508374704,6610638.6483
2020,대학교,사립,기존,충북,유원대학교,자연과학계열,240,241,1886,231,95.85,7.83,99.0112,-3.161200000000008,1.5095,0.0152457499757603,8256969.7883
2020,대학교,사립,기존,대전,을지대학교,자연과학계열,147,148,2576,148,100.0,17.41,100.0,0.0,0.0,0.0,10033003.3331
2020,대학교,사립,기존,경기,을지대학교 _제2캠퍼스,예체능계열,71,71,831,71,100.0,11.7,98.7011,1.2989000000000033,6.3273,0.0641056685285169,9152434.32
2020,대학교,사립,기존,경기,을지대학교 _제2캠퍼스,인문사회계열,156,156,1549,156,100.0,9.93,93.7625,6.237499999999997,17.7369,0.18916837754966,8208537.840000001
2020,대학교,사립,기존,경기,을지대학교 _제2캠퍼스,자연과학계열,575,575,8190,575,100.0,14.24,99.7817,0.2182999999999992,0.4682,0.0046922431668331,9009712.329699999
2020,대학교,사립,기존,서울,이화여자대학교,공학계열,514,514,4348,84,16.34,8.46,93.8079,-77.4679,21.8815,0.2332586061515074,9779742.8095
2020,대학교,사립,기존,서울,이화여자대학교,예체능계열,494,494,3578,170,34.41,7.24,97.4413,-63.0313,11.8495,0.1216065467106863,10339114.7046
2020,대학교,사립,기존,서울,이화여자대학교,인문사회계열,1278,1279,11900,567,44.33,9.3,97.5913,-53.261300000000006,9.2956,0.095250293827421,7792587.0852
2020,대학교,사립,기존,서울,이화여자대학교,자연과학계열,741,741,7676,332,44.8,10.36,97.7085,-52.9085,10.5828,0.1083099218594083,9318137.3997
2020,대학교,사립,기존,경남,인제대학교,공학계열,1040,1041,4125,1026,98.56,3.96,79.028,19.532,41.4739,0.5248000708609606,7980644.8903
2020,대학교,사립,기존,경남,인제대학교,예체능계열,75,75,531,71,94.67,7.08,92.0,2.6700000000000017,12.0752,0.1312521739130434,7513880.3006
2020,대학교,사립,기존,경남,인제대학교,인문사회계열,611,615,2986,612,99.51,4.86,84.2957,15.214300000000009,28.0,0.3321640368369917,5895817.1405
2020,대학교,사립,기존,경남,인제대학교,자연과학계열,442,440,3189,440,100.0,7.25,86.7583,13.241699999999994,23.9538,0.2760980793768435,7671029.549699999
2020,대학교,사립,기존,인천,인천가톨릭대학교,인문사회계열,16,16,24,15,93.75,1.5,97.9167,-4.166700000000006,3.6084,0.0368517321355805,5270100.0
2020,대학교,사립,기존,인천,인천가톨릭대학교 _제2캠퍼스,예체능계열,110,110,635,110,100.0,5.77,100.0,0.0,0.0,0.0,8522931.1315
2020,대학교,사립,기존,인천,인천가톨릭대학교 _제2캠퍼스,자연과학계열,40,40,327,40,100.0,8.18,99.9,0.0999999999999943,0.1414,0.0014154154154154,8815150.0
2020,대학교,국립대법인,기존,인천,인천대학교,공학계열,997,997,5657,997,100.0,5.67,100.0,0.0,0.0,0.0,5306574.6032
2020,대학교,국립대법인,기존,인천,인천대학교,예체능계열,284,284,3151,284,100.0,11.1,100.0,0.0,0.0,0.0,5003335.7143
2020,대학교,국립대법인,기존,인천,인천대학교,인문사회계열,975,978,6483,977,99.9,6.63,99.9,0.0,0.0,0.0,4275767.9643
2020,대학교,국립대법인,기존,인천,인천대학교,자연과학계열,236,238,1439,237,99.58,6.05,99.58,0.0,0.0,0.0,4649673.3333
2020,대학교,사립,기존,인천,인하대학교,공학계열,1469,1470,20332,1468,99.86,13.83,99.93,-0.0700000000000073,0.099,0.0009906934854398,8865232.7213
2020,대학교,사립,기존,인천,인하대학교,예체능계열,197,197,4034,197,100.0,20.48,100.0,0.0,0.0,0.0,8788302.9549
2020,대학교,사립,기존,인천,인하대학교,인문사회계열,1238,1239,17650,1239,100.0,14.25,97.9167,2.083299999999994,3.6084,0.0368517321355805,7140757.6154
2020,대학교,사립,기존,인천,인하대학교,자연과학계열,507,508,11991,507,99.8,23.6,99.9,-0.1000000000000085,0.1414,0.0014154154154154,8566799.591699999
2020,대학교,사립,기존,서울,장로회신학대학교,예체능계열,50,50,194,50,100.0,3.88,97.4413,2.5587000000000018,11.8495,0.1216065467106863,8918550.0
2020,대학교,사립,기존,서울,장로회신학대학교,인문사회계열,100,100,329,100,100.0,3.29,97.5913,2.408699999999996,9.2956,0.095250293827421,6324550.0
2020,대학교,국립,기존,광주,전남대학교,공학계열,764,765,4993,764,99.87,6.53,99.87,0.0,0.0,0.0,4425547.3805
2020,대학교,국립,기존,광주,전남대학교,예체능계열,212,214,636,214,100.0,2.97,100.0,0.0,0.0,0.0,4560547.618899999
2020,대학교,국립,기존,광주,전남대학교,인문사회계열,1105,1106,7377,1106,100.0,6.67,100.0,0.0,0.0,0.0,3530621.9717
2020,대학교,국립,기존,광주,전남대학교,자연과학계열,1107,1107,7934,1107,100.0,7.17,100.0,0.0,0.0,0.0,4310425.5612
2020,대학교,국립,기존,전남,전남대학교 _제2캠퍼스,공학계열,328,330,2022,329,99.7,6.13,99.4375,0.2625000000000028,0.4208,0.0042318038969201,4445227.0131
2020,대학교,국립,기존,전남,전남대학교 _제2캠퍼스,인문사회계열,219,221,1249,221,100.0,5.65,99.6233,0.3766999999999996,0.4821,0.0048392293770633,3683881.6160999998
2020,대학교,국립,기존,전남,전남대학교 _제2캠퍼스,자연과학계열,155,155,799,154,99.35,5.15,99.2633,0.0866999999999933,0.4168,0.0041989335434143,4146822.8571
2020,대학교,국립,기존,전북,전북대학교,공학계열,1340,1344,7461,1340,99.7,5.55,99.725,-0.0249999999999914,0.0354,0.0003549761845073,4610351.6372
2020,대학교,국립,기존,전북,전북대학교,예체능계열,175,175,805,174,99.43,4.6,99.715,-0.2849999999999966,0.4031,0.0040425211853783,4666828.571
2020,대학교,국립,기존,전북,전북대학교,인문사회계열,1125,1135,7633,1133,99.82,6.73,66.6067,33.21329999999999,57.6831,0.8660254899281904,3396788.9909999995
2020,대학교,국립,기존,전북,전북대학교,자연과학계열,1148,1155,8562,1151,99.65,7.41,99.68,-0.0300000000000011,0.0424,0.0004253611556982,4434490.6007
2020,교육대학,국립,기존,전북,전주교육대학교,인문사회계열,285,286,742,0,0.0,2.59,66.6067,-66.6067,57.6831,0.8660254899281904,3363000.0
2020,대학교,사립,기존,전북,전주대학교,공학계열,584,585,3525,586,100.17,6.03,99.2475,0.9224999999999994,1.248,0.0125746240459457,8233747.458
2020,대학교,사립,기존,전북,전주대학교,예체능계열,299,299,1661,299,100.0,5.56,99.2583,0.7416999999999945,0.8452,0.0085151569188672,7895991.7185
2020,대학교,사립,기존,전북,전주대학교,인문사회계열,1130,1133,5750,1132,99.91,5.08,99.5117,0.3982999999999919,0.7201,0.0072363350239218,6563347.2249
2020,대학교,사립,기존,전북,전주대학교,자연과학계열,499,502,3867,502,100.0,7.7,99.935,0.0649999999999977,0.2172,0.0021734127182668,7561820.089
2020,기술대학,사립,기존,서울,정석대학,공학계열,25,75,10,10,13.33,0.13,93.8079,-80.4779,21.8815,0.2332586061515074,0.0
2020,기술대학,사립,기존,서울,정석대학,인문사회계열,0,25,21,21,84.0,0.84,97.5913,-13.591300000000004,9.2956,0.095250293827421,0.0
2020,대학교,사립,기존,제주,제주국제대학교,공학계열,120,120,167,53,44.17,1.39,44.17,0.0,0.0,0.0,6619315.251700001
2020,대학교,사립,기존,제주,제주국제대학교,예체능계열,120,120,131,81,67.5,1.09,67.5,0.0,0.0,0.0,6416281.3363
2020,대학교,사립,기존,제주,제주국제대학교,인문사회계열,115,115,133,28,24.35,1.16,24.35,0.0,0.0,0.0,6046847.771500001
2020,대학교,국립,기존,제주,제주대학교,공학계열,382,382,1877,381,99.74,4.91,99.74,0.0,0.0,0.0,4396723.9253
2020,대학교,국립,기존,제주,제주대학교,예체능계열,144,144,500,144,100.0,3.47,100.0,0.0,0.0,0.0,4279282.3033
2020,대학교,국립,기존,제주,제주대학교,인문사회계열,893,898,4792,895,99.67,5.34,99.67,0.0,0.0,0.0,3337737.6269
2020,대학교,국립,기존,제주,제주대학교,자연과학계열,661,662,4943,662,100.0,7.47,100.0,0.0,0.0,0.0,4202976.9812
2020,대학교,사립,기존,광주,조선대학교,공학계열,1456,1463,6641,1457,99.59,4.54,99.248,0.3419999999999987,1.4631,0.0147418587780106,7956486.772400001
2020,대학교,사립,기존,광주,조선대학교,예체능계열,507,507,2492,505,99.61,4.92,99.8488,-0.2387999999999976,0.2099,0.0021021784938827,7660610.115099999
2020,대학교,사립,기존,광주,조선대학교,인문사회계열,1636,1642,7485,1635,99.57,4.56,99.4812,0.088799999999992,0.7806,0.0078467087248645,6194613.6739
2020,대학교,사립,기존,광주,조선대학교,자연과학계열,725,728,6901,725,99.59,9.48,99.76,-0.1700000000000017,0.1993,0.0019977947072975,7556035.108
2020,대학교,사립,기존,충남,중부대학교,공학계열,477,476,2436,478,100.42,5.12,96.4108,4.009200000000007,12.6104,0.130798624220523,7877488.5838
2020,대학교,사립,기존,충남,중부대학교,예체능계열,340,338,3588,338,100.0,10.62,98.8658,1.134200000000007,3.0153,0.0304989187363071,8049557.456200001
2020,대학교,사립,기존,충남,중부대학교,인문사회계열,765,765,6149,756,98.82,8.04,95.9529,2.867099999999993,8.5434,0.0890374339910518,6872869.2114
2020,대학교,사립,기존,충남,중부대학교,자연과학계열,293,294,1858,292,99.32,6.32,98.5675,0.7524999999999977,3.5612,0.0361295558880969,7430537.0619
2020,대학교,사립,기존,서울,중앙대학교,공학계열,886,889,23051,874,98.31,25.93,93.8079,4.502099999999999,21.8815,0.2332586061515074,9475354.7006
2020,대학교,사립,기존,서울,중앙대학교,예체능계열,30,126,5128,126,100.0,40.7,97.4413,2.5587000000000018,11.8495,0.1216065467106863,9344610.0
2020,대학교,사립,기존,서울,중앙대학교,인문사회계열,1586,1587,35974,1580,99.56,22.67,97.5913,1.9686999999999983,9.2956,0.095250293827421,7381507.4074
2020,대학교,사립,기존,서울,중앙대학교,자연과학계열,552,554,12953,545,98.38,23.38,97.7085,0.6714999999999947,10.5828,0.1083099218594083,9230688.0561
2020,대학교,사립,기존,경기,중앙대학교 _제2캠퍼스,예체능계열,120,711,7403,705,99.16,10.41,98.7011,0.4588999999999998,6.3273,0.0641056685285169,9729359.533
2020,대학교,사립,기존,경기,중앙대학교 _제2캠퍼스,자연과학계열,325,330,2576,326,98.79,7.81,99.7817,-0.9916999999999944,0.4682,0.0046922431668331,8491900.0
2020,대학교,사립,기존,충북,중원대학교,공학계열,295,299,1657,291,97.32,5.54,98.6171,-1.2971000000000004,1.9416,0.0196882690730106,8080260.8619
2020,대학교,사립,기존,충북,중원대학교,예체능계열,158,159,590,151,94.97,3.71,88.0575,6.912499999999994,31.5901,0.3587440024983675,7763567.868000001
2020,대학교,사립,기존,충북,중원대학교,인문사회계열,184,185,1411,182,98.38,7.63,89.8778,8.502200000000002,25.8208,0.2872878508374704,6537522.103
2020,대학교,사립,기존,충북,중원대학교,자연과학계열,331,335,1779,327,97.61,5.31,99.0112,-1.4012000000000029,1.5095,0.0152457499757603,8069134.1912
2020,교육대학,국립,기존,경남,진주교육대학교,인문사회계열,319,319,1992,0,0.0,6.24,74.935,-74.935,49.9568,0.6666684459865216,3530769.9099
2020,대학교,사립,기존,경기,차의과학대학교,인문사회계열,229,229,1192,229,100.0,5.21,93.7625,6.237499999999997,17.7369,0.18916837754966,7450283.3333
2020,대학교,사립,기존,경기,차의과학대학교,자연과학계열,245,245,1385,245,100.0,5.65,99.7817,0.2182999999999992,0.4682,0.0046922431668331,7843679.7316
2020,대학교,사립,기존,경남,창신대학교,공학계열,100,100,568,100,100.0,5.68,79.028,20.971999999999998,41.4739,0.5248000708609606,7609356.2853
2020,대학교,사립,기존,경남,창신대학교,예체능계열,65,65,236,65,100.0,3.63,92.0,8.0,12.0752,0.1312521739130434,7269064.4947999995
2020,대학교,사립,기존,경남,창신대학교,인문사회계열,210,210,1004,210,100.0,4.78,84.2957,15.704300000000003,28.0,0.3321640368369917,5842445.6301
2020,대학교,사립,기존,경남,창신대학교,자연과학계열,125,125,1073,125,100.0,8.58,86.7583,13.241699999999994,23.9538,0.2760980793768435,6878807.6282
2020,산업대학,사립,기존,충남,청운대학교,공학계열,245,246,2474,243,98.78,10.06,96.4108,2.3692000000000064,12.6104,0.130798624220523,7952545.4277
2020,산업대학,사립,기존,충남,청운대학교,예체능계열,301,304,2272,296,97.37,7.47,98.8658,-1.4957999999999885,3.0153,0.0304989187363071,8161234.729799999
2020,산업대학,사립,기존,충남,청운대학교,인문사회계열,590,599,4887,550,91.82,8.16,95.9529,-4.132900000000007,8.5434,0.0890374339910518,7025628.9501
2020,산업대학,사립,기존,충남,청운대학교,자연과학계열,105,106,1631,101,95.28,15.39,98.5675,-3.2874999999999943,3.5612,0.0361295558880969,8086169.63
2020,교육대학,국립,기존,충북,청주교육대학교,인문사회계열,286,286,1525,0,0.0,5.33,74.9725,-74.9725,49.9817,0.6666671112741338,3323823.0769
2020,대학교,사립,기존,충북,청주대학교,공학계열,848,855,4578,855,100.0,5.35,98.6171,1.3829000000000065,1.9416,0.0196882690730106,8754289.9597
2020,대학교,사립,기존,충북,청주대학교,예체능계열,331,331,4428,331,100.0,13.38,88.0575,11.942499999999995,31.5901,0.3587440024983675,8631585.7241
2020,대학교,사립,기존,충북,청주대학교,인문사회계열,1105,1122,6593,1117,99.55,5.88,89.8778,9.672200000000004,25.8208,0.2872878508374704,7251282.4284
2020,대학교,사립,기존,충북,청주대학교,자연과학계열,348,350,2735,350,100.0,7.81,99.0112,0.9887999999999976,1.5095,0.0152457499757603,8339846.856900001
2020,대학교,사립,기존,전남,초당대학교,공학계열,235,235,1237,235,100.0,5.26,69.4075,30.5925,47.4581,0.6837604005330836,7345446.9833
2020,대학교,사립,기존,전남,초당대학교,예체능계열,25,25,105,25,100.0,4.2,92.22,7.780000000000001,15.7673,0.1709748427672956,6816277.0534
2020,대학교,사립,기존,전남,초당대학교,인문사회계열,242,242,1541,242,100.0,6.37,73.3129,26.6871,35.5308,0.4846459490758106,5760803.647299999
2020,대학교,사립,기존,전남,초당대학교,자연과학계열,250,250,1934,250,100.0,7.74,84.82,15.180000000000009,30.3526,0.3578472058476774,6877806.615700001
2020,대학교,사립,기존,서울,총신대학교,예체능계열,58,58,259,58,100.0,4.47,97.4413,2.5587000000000018,11.8495,0.1216065467106863,9334493.209999999
2020,대학교,사립,기존,서울,총신대학교,인문사회계열,276,278,1523,278,100.0,5.48,97.5913,2.408699999999996,9.2956,0.095250293827421,7143588.522499999
2020,대학교,사립,기존,서울,추계예술대학교,예체능계열,206,207,2502,204,98.55,12.09,97.4413,1.108699999999999,11.8495,0.1216065467106863,9602286.838
2020,대학교,사립,기존,서울,추계예술대학교,인문사회계열,63,63,829,62,98.41,13.16,97.5913,0.8186999999999927,9.2956,0.095250293827421,7307010.1865
2020,교육대학,국립,기존,강원,춘천교육대학교,인문사회계열,321,321,2100,0,0.0,6.54,79.446,-79.446,44.4151,0.5590602421770763,3269603.7791999998
2020,대학교,국립,기존,대전,충남대학교,공학계열,1000,1002,9115,1001,99.9,9.1,99.795,0.1050000000000039,0.1485,0.0014880505035322,4899340.2299999995
2020,대학교,국립,기존,대전,충남대학교,예체능계열,208,208,869,206,99.04,4.18,99.52,-0.4799999999999897,0.6788,0.0068207395498392,4682638.889
2020,대학교,국립,기존,대전,충남대학교,인문사회계열,1111,1113,8764,1113,100.0,7.87,100.0,0.0,0.0,0.0,3461409.6468
2020,대학교,국립,기존,대전,충남대학교,자연과학계열,1106,1107,9893,1102,99.55,8.94,99.55,0.0,0.0,0.0,4289067.3703000005
2020,대학교,국립,기존,충북,충북대학교,공학계열,851,852,7938,852,100.0,9.32,99.91,0.0900000000000034,0.1559,0.0015604043639275,4666339.052399999
2020,대학교,국립,기존,충북,충북대학교,예체능계열,63,63,388,63,100.0,6.16,99.01,0.9899999999999948,1.7147,0.0173184526815473,4497002.6665
2020,대학교,국립,기존,충북,충북대학교,인문사회계열,895,898,9252,897,99.89,10.3,74.9725,24.917500000000004,49.9817,0.6666671112741338,3582758.2489
2020,대학교,국립,기존,충북,충북대학교,자연과학계열,929,929,9250,926,99.68,9.96,99.8933,-0.2132999999999896,0.1848,0.0018499739221749,4441999.217499999
2020,대학교,사립,기존,경기,칼빈대학교,인문사회계열,77,79,230,79,100.0,2.91,93.7625,6.237499999999997,17.7369,0.18916837754966,7350174.352
2020,대학교,사립,기존,경기,평택대학교,공학계열,210,212,2487,211,99.53,11.73,97.5162,2.013800000000004,11.1711,0.1145563506371249,8425696.6
2020,대학교,사립,기존,경기,평택대학교,예체능계열,155,155,2243,157,101.29,14.47,98.7011,2.588900000000009,6.3273,0.0641056685285169,9197230.512
2020,대학교,사립,기존,경기,평택대학교,인문사회계열,370,371,4216,367,98.92,11.36,93.7625,5.157499999999999,17.7369,0.18916837754966,7159925.7535
2020,대학교,사립,기존,경기,평택대학교,자연과학계열,120,121,1993,120,99.17,16.47,99.7817,-0.611699999999999,0.4682,0.0046922431668331,8294379.7433
2020,대학교,사립,기존,경북,포항공과대학교,공학계열,320,320,2229,320,100.0,6.97,91.37,8.629999999999995,24.3698,0.2667155521505965,5890030.635
2020,대학교,국립,기존,경기,한경국립대학교,공학계열,602,602,3613,597,99.17,6.0,99.17,0.0,0.0,0.0,4174192.7188
2020,대학교,국립,기존,경기,한경국립대학교,예체능계열,59,59,598,59,100.0,10.14,100.0,0.0,0.0,0.0,4188322.6666
2020,대학교,국립,기존,경기,한경국립대학교,인문사회계열,170,170,1141,169,99.41,6.71,99.41,0.0,0.0,0.0,3663961.0
2020,대학교,국립,기존,경기,한경국립대학교,자연과학계열,312,312,1560,309,99.04,5.0,99.04,0.0,0.0,0.0,3981527.4545
2020,대학교,사립,기존,경기,한국공학대학교,공학계열,1142,1144,12947,1143,99.91,11.32,97.5162,2.393799999999999,11.1711,0.1145563506371249,9584528.1612
2020,대학교,사립,기존,경기,한국공학대학교,인문사회계열,139,139,1371,139,100.0,9.86,93.7625,6.237499999999997,17.7369,0.18916837754966,8740821.112
2020,대학교,특별법법인,기존,대전,한국과학기술원,공학계열,611,456,2801,439,96.27,6.14,96.27,0.0,0.0,0.0,6979464.285699999
2020,대학교,국립,기존,충북,한국교원대학교,공학계열,20,20,63,20,100.0,3.15,99.91,0.0900000000000034,0.1559,0.0015604043639275,3602000.0
2020,대학교,국립,기존,충북,한국교원대학교,예체능계열,59,59,186,59,100.0,3.15,99.01,0.9899999999999948,1.7147,0.0173184526815473,3803333.3329999996
2020,대학교,국립,기존,충북,한국교원대학교,인문사회계열,305,306,1654,306,100.0,5.41,74.9725,25.027500000000003,49.9817,0.6666671112741338,2876736.3636
2020,대학교,국립,기존,충북,한국교원대학교,자연과학계열,162,164,616,164,100.0,3.76,99.8933,0.1067000000000035,0.1848,0.0018499739221749,3511312.5
2020,대학교,사립,기존,충남,한국기술교육대학교,공학계열,720,720,5248,720,100.0,7.29,96.4108,3.5892000000000053,12.6104,0.130798624220523,4802551.0685
2020,대학교,사립,기존,충남,한국기술교육대학교,인문사회계열,116,116,821,116,100.0,7.08,95.9529,4.0471,8.5434,0.0890374339910518,3404779.3049999997
2020,방송통신대학,국립,기존,서울,한국방송통신대학교,공학계열,3150,3150,1133,933,29.62,0.36,64.81,-35.19,49.7662,0.767878413825027,1469650.7
2020,방송통신대학,국립,기존,서울,한국방송통신대학교,인문사회계열,41670,41670,11922,9779,23.47,0.29,41.1567,-17.686700000000002,52.2935,1.270595067145811,786481.72331
2020,방송통신대학,국립,기존,서울,한국방송통신대학교,자연과학계열,8230,8230,2593,2092,25.42,0.32,62.71,-37.29,52.736,0.8409504066337107,731590.0
2020,대학교,사립,기존,서울,한국성서대학교,공학계열,35,35,221,35,100.0,6.31,93.8079,6.192099999999996,21.8815,0.2332586061515074,7827665.0
2020,대학교,사립,기존,서울,한국성서대학교,인문사회계열,143,142,718,141,99.3,5.06,97.5913,1.7086999999999932,9.2956,0.095250293827421,6970768.0
2020,대학교,사립,기존,서울,한국성서대학교,자연과학계열,45,46,631,46,100.0,13.72,97.7085,2.291499999999999,10.5828,0.1083099218594083,8179665.0
2020,각종학교(대학),특별법국립,기존,서울,한국예술종합학교,공학계열,20,20,110,20,100.0,5.5,100.0,0.0,0.0,0.0,4816720.0
2020,각종학교(대학),특별법국립,기존,서울,한국예술종합학교,예체능계열,506,506,11455,482,95.26,22.64,95.26,0.0,0.0,0.0,4851206.6667
2020,각종학교(대학),특별법국립,기존,서울,한국예술종합학교,인문사회계열,32,32,496,32,100.0,15.5,100.0,0.0,0.0,0.0,4850200.0
2020,대학교,사립,기존,서울,한국외국어대학교,공학계열,284,289,1724,287,99.31,5.97,93.8079,5.502099999999999,21.8815,0.2332586061515074,8915992.8777
2020,대학교,사립,기존,서울,한국외국어대학교,인문사회계열,2835,2848,34234,2839,99.68,12.02,97.5913,2.088700000000003,9.2956,0.095250293827421,7379582.0342
2020,대학교,사립,기존,서울,한국외국어대학교,자연과학계열,258,261,2062,259,99.23,7.9,97.7085,1.5215000000000032,10.5828,0.1083099218594083,8349043.1207
2020,대학교,국립,기존,서울,한국체육대학교,예체능계열,545,547,1915,545,99.63,3.5,99.815,-0.1850000000000022,0.2616,0.0026208485698542,4168598.4249
2020,대학교,사립,기존,대전,한국침례신학대학교,예체능계열,65,65,72,45,69.23,1.11,94.8717,-25.6417,12.5618,0.1324082945704567,8045784.3967
2020,대학교,사립,기존,대전,한국침례신학대학교,인문사회계열,295,299,448,242,80.94,1.5,91.3275,-10.387500000000005,17.9748,0.1968169499876816,6116929.8135
2020,대학교,사립,기존,경기,한국항공대학교,공학계열,532,531,4442,522,98.31,8.37,97.5162,0.7938000000000045,11.1711,0.1145563506371249,9410669.8126
2020,대학교,사립,기존,경기,한국항공대학교,인문사회계열,107,108,1165,108,100.0,10.79,93.7625,6.237499999999997,17.7369,0.18916837754966,7236665.1434
2020,대학교,사립,기존,경기,한국항공대학교,자연과학계열,188,190,2552,189,99.47,13.43,99.7817,-0.3117000000000018,0.4682,0.0046922431668331,8998027.3567
2020,대학교,사립,기존,대전,한남대학교,공학계열,690,691,3896,691,100.0,5.64,99.9383,0.0617000000000018,0.0956,0.0009565902161633,8590165.5659
2020,대학교,사립,기존,대전,한남대학교,예체능계열,201,201,1305,201,100.0,6.49,94.8717,5.128299999999996,12.5618,0.1324082945704567,8449529.6739
2020,대학교,사립,기존,대전,한남대학교,인문사회계열,1442,1444,6437,1444,100.0,4.46,91.3275,8.6725,17.9748,0.1968169499876816,6797273.264
2020,대학교,사립,기존,대전,한남대학교,자연과학계열,342,342,1844,342,100.0,5.39,100.0,0.0,0.0,0.0,7917873.799799999
2020,대학교,사립,기존,경북,한동대학교,인문사회계열,0,730,2926,730,100.0,4.01,92.6464,7.3536,23.5325,0.2540033935479414,6320225.0
2020,대학교,사립,기존,강원,한라대학교,공학계열,479,480,1796,478,99.58,3.74,99.12,0.4599999999999937,0.8605,0.0086813962873284,7975056.5361
2020,대학교,사립,기존,강원,한라대학교,예체능계열,49,50,195,48,96.0,3.9,98.224,-2.224000000000004,1.7647,0.0179660775370581,8031978.495999999
2020,대학교,사립,기존,강원,한라대학교,인문사회계열,360,361,1526,356,98.61,4.23,99.0986,-0.4886000000000052,1.122,0.0113220570219962,6418224.5022
2020,대학교,사립,기존,강원,한림대학교,공학계열,223,223,1028,223,100.0,4.61,99.12,0.8799999999999955,0.8605,0.0086813962873284,8800964.4806
2020,대학교,사립,기존,강원,한림대학교,예체능계열,50,50,364,50,100.0,7.28,98.224,1.7759999999999962,1.7647,0.0179660775370581,8687647.0
2020,대학교,사립,기존,강원,한림대학교,인문사회계열,924,926,4779,925,99.89,5.16,99.0986,0.7913999999999959,1.122,0.0113220570219962,7236342.6677
2020,대학교,사립,기존,강원,한림대학교,자연과학계열,514,516,2871,515,99.81,5.56,99.5617,0.2483000000000004,0.6977,0.0070077148140298,8527291.877
2020,대학교,사립,기존,충남,한서대학교,공학계열,442,442,2628,443,100.23,5.95,96.4108,3.819200000000009,12.6104,0.130798624220523,8730890.029099999
2020,대학교,사립,기존,충남,한서대학교,예체능계열,320,320,2599,320,100.0,8.12,98.8658,1.134200000000007,3.0153,0.0304989187363071,8385486.8201
2020,대학교,사립,기존,충남,한서대학교,인문사회계열,391,391,7077,391,100.0,18.1,95.9529,4.0471,8.5434,0.0890374339910518,7192987.519400001
2020,대학교,사립,기존,충남,한서대학교,자연과학계열,426,426,2937,426,100.0,6.89,98.5675,1.4325000000000043,3.5612,0.0361295558880969,8123223.5722
2020,대학교,사립,기존,서울,한성대학교,공학계열,424,425,5460,425,100.0,12.85,93.8079,6.192099999999996,21.8815,0.2332586061515074,8768827.9182
2020,대학교,사립,기존,서울,한성대학교,예체능계열,282,282,3951,278,98.58,14.01,97.4413,1.1387,11.8495,0.1216065467106863,9000205.2592
2020,대학교,사립,기존,서울,한성대학교,인문사회계열,752,756,7556,753,99.6,9.99,97.5913,2.0086999999999904,9.2956,0.095250293827421,6929109.3287
2020,대학교,사립,기존,경기,한세대학교,공학계열,46,46,423,46,100.0,9.2,97.5162,2.4838000000000022,11.1711,0.1145563506371249,9457653.465
2020,대학교,사립,기존,경기,한세대학교,예체능계열,184,184,2379,184,100.0,12.93,98.7011,1.2989000000000033,6.3273,0.0641056685285169,10095622.021
2020,대학교,사립,기존,경기,한세대학교,인문사회계열,296,297,2457,295,99.33,8.27,93.7625,5.567499999999996,17.7369,0.18916837754966,7724254.7204
2020,대학교,사립,기존,경기,한세대학교,자연과학계열,40,40,335,40,100.0,8.38,99.7817,0.2182999999999992,0.4682,0.0046922431668331,8855625.0
2020,대학교,사립,기존,경기,한신대학교,공학계열,227,227,2641,227,100.0,11.63,97.5162,2.4838000000000022,11.1711,0.1145563506371249,8664905.3335
2020,대학교,사립,기존,경기,한신대학교,예체능계열,35,35,463,35,100.0,13.23,98.7011,1.2989000000000033,6.3273,0.0641056685285169,8421620.0
2020,대학교,사립,기존,경기,한신대학교,인문사회계열,827,829,7503,829,100.0,9.05,93.7625,6.237499999999997,17.7369,0.18916837754966,7318036.6787
2020,대학교,사립,기존,경기,한신대학교,자연과학계열,82,82,669,82,100.0,8.16,99.7817,0.2182999999999992,0.4682,0.0046922431668331,7953270.0
2020,대학교,사립,기존,서울,한양대학교,공학계열,1093,1094,23482,1091,99.73,21.46,93.8079,5.9221,21.8815,0.2332586061515074,9886809.9748
2020,대학교,사립,기존,서울,한양대학교,예체능계열,283,283,4379,281,99.29,15.47,97.4413,1.848700000000008,11.8495,0.1216065467106863,10221140.977500001
2020,대학교,사립,기존,서울,한양대학교,인문사회계열,973,974,20303,972,99.79,20.84,97.5913,2.1987000000000023,9.2956,0.095250293827421,7785873.2256
2020,대학교,사립,기존,서울,한양대학교,자연과학계열,455,458,10687,451,98.47,23.33,97.7085,0.7614999999999981,10.5828,0.1083099218594083,9004722.0955
2020,대학교,사립,기존,전북,한일장신대학교,예체능계열,60,60,127,60,100.0,2.12,99.2583,0.7416999999999945,0.8452,0.0085151569188672,7461399.9667
2020,대학교,사립,기존,전북,한일장신대학교,인문사회계열,107,107,230,107,100.0,2.15,99.5117,0.4882999999999953,0.7201,0.0072363350239218,5942602.783299999
2020,대학교,사립,기존,전북,한일장신대학교,자연과학계열,52,52,316,52,100.0,6.08,99.935,0.0649999999999977,0.2172,0.0021734127182668,7150600.0
2020,대학교,사립,기존,경기,협성대학교,공학계열,145,146,1135,146,100.0,7.77,97.5162,2.4838000000000022,11.1711,0.1145563506371249,9064963.578
2020,대학교,사립,기존,경기,협성대학교,예체능계열,175,175,1814,175,100.0,10.37,98.7011,1.2989000000000033,6.3273,0.0641056685285169,8932144.9822
2020,대학교,사립,기존,경기,협성대학교,인문사회계열,607,610,4177,608,99.67,6.85,93.7625,5.907499999999999,17.7369,0.18916837754966,6984830.553
2020,대학교,사립,기존,경기,협성대학교,자연과학계열,77,77,484,77,100.0,6.29,99.7817,0.2182999999999992,0.4682,0.0046922431668331,8927765.47
2020,대학교,사립,기존,광주,호남대학교,공학계열,403,405,2016,405,100.0,4.98,99.248,0.7519999999999953,1.4631,0.0147418587780106,7187440.045700001
2020,대학교,사립,기존,광주,호남대학교,예체능계열,273,273,1923,272,99.63,7.04,99.8488,-0.2188000000000016,0.2099,0.0021021784938827,7116263.2773
2020,대학교,사립,기존,광주,호남대학교,인문사회계열,449,449,2743,447,99.55,6.11,99.4812,0.0687999999999959,0.7806,0.0078467087248645,6169440.701199999
2020,대학교,사립,기존,광주,호남대학교,자연과학계열,437,437,3943,436,99.77,9.02,99.76,0.0099999999999909,0.1993,0.0019977947072975,7047684.2058
2020,대학교,사립,기존,광주,호남신학대학교,예체능계열,60,60,101,60,100.0,1.68,99.8488,0.1512000000000029,0.2099,0.0021021784938827,8219966.62
2020,대학교,사립,기존,광주,호남신학대학교,인문사회계열,79,79,114,79,100.0,1.44,99.4812,0.5187999999999988,0.7806,0.0078467087248645,6059537.995
2020,대학교,사립,기존,충남,호서대학교,공학계열,1194,1196,6865,1195,99.92,5.74,96.4108,3.509200000000007,12.6104,0.130798624220523,8562796.841400001
2020,대학교,사립,기존,충남,호서대학교,예체능계열,341,342,3618,341,99.71,10.58,98.8658,0.8442000000000007,3.0153,0.0304989187363071,8450587.001600001
2020,대학교,사립,기존,충남,호서대학교,인문사회계열,968,974,7249,973,99.9,7.44,95.9529,3.947100000000006,8.5434,0.0890374339910518,7180762.862000001
2020,대학교,사립,기존,충남,호서대학교,자연과학계열,378,378,3878,378,100.0,10.26,98.5675,1.4325000000000043,3.5612,0.0361295558880969,8042013.218799999
2020,산업대학,사립,기존,전북,호원대학교,공학계열,242,243,1588,242,99.59,6.53,99.2475,0.3425000000000011,1.248,0.0125746240459457,7357384.1281
2020,산업대학,사립,기존,전북,호원대학교,예체능계열,403,405,7422,405,100.0,18.33,99.2583,0.7416999999999945,0.8452,0.0085151569188672,7355849.6809
2020,산업대학,사립,기존,전북,호원대학교,인문사회계열,212,214,1716,210,98.13,8.02,99.5117,-1.3817000000000093,0.7201,0.0072363350239218,6014201.2687
2020,산업대학,사립,기존,전북,호원대학교,자연과학계열,248,249,2427,248,99.6,9.75,99.935,-0.3350000000000079,0.2172,0.0021734127182668,7404782.151800001
2020,대학교,사립,기존,서울,홍익대학교,공학계열,1285,1303,15472,1303,100.0,11.87,93.8079,6.192099999999996,21.8815,0.2332586061515074,9592294.287
2020,대학교,사립,기존,서울,홍익대학교,예체능계열,432,432,7764,432,100.0,17.97,97.4413,2.5587000000000018,11.8495,0.1216065467106863,9740720.0
2020,대학교,사립,기존,서울,홍익대학교,인문사회계열,626,630,10114,629,99.84,16.05,97.5913,2.2486999999999995,9.2956,0.095250293827421,7510320.0
2020,대학교,사립,기존,서울,홍익대학교,자연과학계열,28,29,396,29,100.0,13.66,97.7085,2.291499999999999,10.5828,0.1083099218594083,7510320.0
2020,대학교,사립,기존,경기,화성의과학대학교,공학계열,51,51,286,23,45.1,5.61,97.5162,-52.4162,11.1711,0.1145563506371249,7031550.0
2020,대학교,사립,기존,경기,화성의과학대학교,예체능계열,70,70,379,47,67.14,5.41,98.7011,-31.5611,6.3273,0.0641056685285169,7319160.0
2020,대학교,사립,기존,경기,화성의과학대학교,인문사회계열,85,85,523,51,60.0,6.15,93.7625,-33.7625,17.7369,0.18916837754966,6860215.0
2020,대학교,사립,기존,경기,화성의과학대학교,자연과학계열,40,40,286,40,100.0,7.15,99.7817,0.2182999999999992,0.4682,0.0046922431668331,8430750.0
2021,대학교,사립,기존,경남,가야대학교(김해),인문사회계열,171,172,520,127,73.84,3.02,74.1514,-0.3113999999999919,30.3269,0.4089862092961158,6285689.1713
2021,대학교,사립,기존,경남,가야대학교(김해),자연과학계열,322,326,2143,287,88.04,6.57,82.4733,5.566700000000012,24.7285,0.2998364319119036,7510269.5528
2021,대학교,사립,기존,경기,가천대학교,공학계열,1380,1381,19557,1381,100.0,14.16,89.3696,10.630399999999996,29.313,0.3279974398453165,9498716.345900001
2021,대학교,사립,기존,경기,가천대학교,예체능계열,360,360,7132,359,99.72,19.81,88.9569,10.763099999999994,27.2935,0.3068171215498741,9407052.0164
2021,대학교,사립,기존,경기,가천대학교,인문사회계열,1371,1371,19479,1371,100.0,14.21,87.705,12.295000000000002,25.6357,0.2922946240237158,7554649.974599999
2021,대학교,사립,기존,경기,가천대학교,자연과학계열,755,756,13607,756,100.0,18.0,99.517,0.4830000000000041,2.3243,0.0233558085553222,8922657.2178
2021,대학교,사립,기존,강원,가톨릭관동대학교,예체능계열,305,306,1417,258,84.31,4.63,90.47,-6.159999999999997,11.152,0.1232673814524151,8425735.2889
2021,대학교,사립,기존,강원,가톨릭관동대학교,인문사회계열,906,908,3146,641,70.59,3.46,79.8329,-9.242899999999992,14.0031,0.175405127459982,6447164.3977
2021,대학교,사립,기존,강원,가톨릭관동대학교,자연과학계열,424,425,2763,353,83.06,6.5,90.042,-6.981999999999999,12.9157,0.1434408387197085,7854516.76
2021,대학교,사립,기존,충북,가톨릭꽃동네대학교,인문사회계열,45,46,179,41,89.13,3.89,81.6711,7.4589,21.9696,0.2690009072976855,7015880.82
2021,대학교,사립,기존,충북,가톨릭꽃동네대학교,자연과학계열,63,63,311,63,100.0,4.94,91.8112,8.1888,11.073,0.1206062005506953,8202801.470000001
2021,대학교,사립,기존,경기,가톨릭대학교,공학계열,407,409,4035,409,100.0,9.87,89.3696,10.630399999999996,29.313,0.3279974398453165,8636128.5231
2021,대학교,사립,기존,경기,가톨릭대학교,예체능계열,45,45,158,45,100.0,3.51,88.9569,11.043099999999995,27.2935,0.3068171215498741,9147100.0
2021,대학교,사립,기존,경기,가톨릭대학교,인문사회계열,820,821,7497,820,99.88,9.13,87.705,12.174999999999995,25.6357,0.2922946240237158,6477322.5715
2021,대학교,사립,기존,경기,가톨릭대학교,자연과학계열,280,281,2450,281,100.0,8.72,99.517,0.4830000000000041,2.3243,0.0233558085553222,7654238.948000001
2021,대학교,사립,기존,서울,가톨릭대학교 _제2캠퍼스,자연과학계열,173,173,6273,173,100.0,36.26,97.6038,2.396199999999993,10.8878,0.111550984695268,9181500.0
2021,대학교,사립,기존,서울,가톨릭대학교 _제3캠퍼스,인문사회계열,50,50,59,50,100.0,1.18,96.1884,3.811599999999999,11.6715,0.1213399952593036,6707100.0
2021,대학교,사립,기존,서울,감리교신학대학교,인문사회계열,200,206,232,145,70.39,1.13,96.1884,-25.7984,11.6715,0.1213399952593036,6279599.75
2021,대학교,사립,기존,경기,강남대학교,공학계열,372,374,1776,374,100.0,4.75,89.3696,10.630399999999996,29.313,0.3279974398453165,9140874.447900001
2021,대학교,사립,기존,경기,강남대학교,예체능계열,151,153,1401,153,100.0,9.16,88.9569,11.043099999999995,27.2935,0.3068171215498741,9773847.301199999
2021,대학교,사립,기존,경기,강남대학교,인문사회계열,968,975,5419,974,99.9,5.56,87.705,12.195000000000007,25.6357,0.2922946240237158,7289774.088500001
2021,대학교,사립,기존,서울,강서대학교,예체능계열,30,30,107,30,100.0,3.57,94.4087,5.591300000000004,17.3966,0.1842690345275382,8329527.498299999
2021,대학교,사립,기존,서울,강서대학교,인문사회계열,177,177,719,173,97.74,4.06,96.1884,1.5515999999999934,11.6715,0.1213399952593036,6487835.2793
2021,대학교,국립,기존,강원,강원대학교,공학계열,659,662,3397,662,100.0,5.13,95.4325,4.567499999999996,6.1536,0.0644811777958242,4457172.4838
2021,대학교,국립,기존,강원,강원대학교,예체능계열,149,150,480,150,100.0,3.2,98.7733,1.226699999999994,1.3004,0.0131655012032603,4624889.696799999
2021,대학교,국립,기존,강원,강원대학교,인문사회계열,1018,1020,6830,1017,99.71,6.7,78.618,21.092,43.9884,0.5595207204456994,3504016.7071999996
2021,대학교,국립,기존,강원,강원대학교,자연과학계열,1157,1162,7317,1158,99.66,6.3,95.07,4.590000000000003,6.2192,0.0654170611128642,4236508.0345
2021,대학교,국립,기존,강원,강원대학교 _제2캠퍼스,공학계열,718,721,2507,707,98.06,3.48,95.4325,2.6274999999999977,6.1536,0.0644811777958242,4473097.386
2021,대학교,국립,기존,강원,강원대학교 _제2캠퍼스,예체능계열,184,184,615,182,98.91,3.34,98.7733,0.1366999999999905,1.3004,0.0131655012032603,4616720.0
2021,대학교,국립,기존,강원,강원대학교 _제2캠퍼스,인문사회계열,257,260,1523,255,98.08,5.86,78.618,19.462000000000003,43.9884,0.5595207204456994,3565585.4211999997
2021,대학교,국립,기존,강원,강원대학교 _제2캠퍼스,자연과학계열,370,375,2048,352,93.87,5.46,95.07,-1.1999999999999886,6.2192,0.0654170611128642,4266800.0
2021,대학교,사립,기존,서울,건국대학교,공학계열,1229,1248,19832,1223,98.0,15.89,93.2734,4.726600000000005,23.6804,0.2538815996843687,9615578.0033
2021,대학교,사립,기존,서울,건국대학교,예체능계열,305,305,2766,304,99.67,9.07,94.4087,5.261300000000006,17.3966,0.1842690345275382,9507387.3809
2021,대학교,사립,기존,서울,건국대학교,인문사회계열,939,944,16319,939,99.47,17.29,96.1884,3.2815999999999974,11.6715,0.1213399952593036,7406855.6382
2021,대학교,사립,기존,서울,건국대학교,자연과학계열,527,531,8364,529,99.62,15.75,97.6038,2.0161999999999978,10.8878,0.111550984695268,8611997.719
2021,대학교,사립,기존,충남,건양대학교,공학계열,190,191,860,141,73.82,4.5,91.4446,-17.6246,13.7106,0.1499334023004092,7466888.94
2021,대학교,사립,기존,충남,건양대학교,예체능계열,50,50,587,50,100.0,11.74,97.485,2.515000000000001,5.453,0.0559368107914038,7139887.0
2021,대학교,사립,기존,충남,건양대학교,인문사회계열,460,462,2510,412,89.18,5.43,87.7086,1.4714000000000027,20.5631,0.2344479332699415,6218394.6082999995
2021,대학교,사립,기존,충남,건양대학교,자연과학계열,115,115,729,109,94.78,6.34,95.4058,-0.6257999999999981,7.0091,0.073466183397655,7249258.95
2021,대학교,사립,기존,대전,건양대학교 _제2캠퍼스,자연과학계열,498,499,4743,498,99.8,9.51,93.5871,6.212899999999991,9.1528,0.0977998036054114,7573915.607799999
2021,대학교,사립,기존,경기,경기대학교,공학계열,833,835,5528,833,99.76,6.62,89.3696,10.3904,29.313,0.3279974398453165,8677932.0227
2021,대학교,사립,기존,경기,경기대학교,예체능계열,353,353,2589,353,100.0,7.33,88.9569,11.043099999999995,27.2935,0.3068171215498741,8344889.3133000005
2021,대학교,사립,기존,경기,경기대학교,인문사회계열,1251,1252,10844,1251,99.92,8.66,87.705,12.215000000000003,25.6357,0.2922946240237158,6778169.8632
2021,대학교,사립,기존,경기,경기대학교,자연과학계열,161,161,1255,161,100.0,7.8,99.517,0.4830000000000041,2.3243,0.0233558085553222,7740670.0428
2021,대학교,사립,기존,서울,경기대학교 _제2캠퍼스,예체능계열,105,106,3586,106,100.0,33.83,94.4087,5.591300000000004,17.3966,0.1842690345275382,8697898.9826
2021,대학교,사립,기존,서울,경기대학교 _제2캠퍼스,인문사회계열,223,223,2379,223,100.0,10.67,96.1884,3.811599999999999,11.6715,0.1213399952593036,6813704.331499999
2021,대학교,사립,기존,경남,경남대학교,공학계열,820,825,2752,501,60.73,3.34,48.122,12.607999999999995,37.4176,0.7775570425169361,7781344.8198
2021,대학교,사립,기존,경남,경남대학교,예체능계열,250,250,1222,246,98.4,4.89,83.62,14.78,27.0073,0.3229765606314279,7717796.255
2021,대학교,사립,기존,경남,경남대학교,인문사회계열,1225,1234,4056,849,68.8,3.29,74.1514,-5.351399999999998,30.3269,0.4089862092961158,5967887.922900001
2021,대학교,사립,기존,경남,경남대학교,자연과학계열,445,448,2270,355,79.24,5.07,82.4733,-3.2333,24.7285,0.2998364319119036,6713197.6832
2021,대학교,사립,기존,강원,경동대학교,인문사회계열,42,42,151,33,78.57,3.6,79.8329,-1.262900000000002,14.0031,0.175405127459982,6333495.1069
2021,대학교,사립,기존,강원,경동대학교 _제3캠퍼스,자연과학계열,897,898,5111,865,96.33,5.69,90.042,6.287999999999997,12.9157,0.1434408387197085,8929337.9875
2021,대학교,사립,기존,경기,경동대학교 _제4캠퍼스,공학계열,250,251,1334,238,94.82,5.31,89.3696,5.450399999999988,29.313,0.3279974398453165,8421344.4806
2021,대학교,사립,기존,경기,경동대학교 _제4캠퍼스,예체능계열,108,108,793,107,99.07,7.34,88.9569,10.113099999999989,27.2935,0.3068171215498741,8628353.155
2021,대학교,사립,기존,경기,경동대학교 _제4캠퍼스,인문사회계열,226,227,1474,223,98.24,6.49,87.705,10.534999999999997,25.6357,0.2922946240237158,6942094.8775
2021,대학교,국립,기존,대구,경북대학교,공학계열,1537,1541,10546,1502,97.47,6.84,97.47,0.0,0.0,0.0,4688370.0997
2021,대학교,국립,기존,대구,경북대학교,예체능계열,253,255,1959,254,99.61,7.68,99.61,0.0,0.0,0.0,4751584.643099999
2021,대학교,국립,기존,대구,경북대학교,인문사회계열,1292,1292,12253,1290,99.85,9.48,49.925,49.925,70.6046,1.4142133199799702,3685997.8326
2021,대학교,국립,기존,대구,경북대학교,자연과학계열,1532,1536,17816,1509,98.24,11.6,98.24,0.0,0.0,0.0,4518346.509000001
2021,대학교,국립,기존,경남,경상국립대학교,공학계열,984,986,5498,948,96.15,5.58,97.5633,-1.4132999999999925,2.1192,0.0217212824904446,4376283.586200001
2021,대학교,국립,기존,경남,경상국립대학교,예체능계열,87,87,702,81,93.1,8.07,89.8033,3.2967000000000013,5.8491,0.0651323503701979,4239314.2857
2021,대학교,국립,기존,경남,경상국립대학교,인문사회계열,1032,1033,5856,1023,99.03,5.67,74.0875,24.942499999999995,49.392,0.6666711658511895,3362927.6851999997
2021,대학교,국립,기존,경남,경상국립대학교,자연과학계열,1005,1007,6655,994,98.71,6.61,97.61,1.0999999999999943,1.1589,0.0118727589386333,4217432.2111
2021,대학교,사립,기존,부산,경성대학교,공학계열,675,676,3483,667,98.67,5.15,77.56,21.11,18.1253,0.2336939143888602,7650945.4236
2021,대학교,사립,기존,부산,경성대학교,예체능계열,543,543,3769,539,99.26,6.94,95.6044,3.655600000000007,6.9558,0.0727560656204107,7519741.2529
2021,대학교,사립,기존,부산,경성대학교,인문사회계열,1167,1173,6474,1170,99.74,5.52,85.823,13.917000000000002,13.9013,0.1619763932745301,5636320.983
2021,대학교,사립,기존,부산,경성대학교,자연과학계열,355,355,2214,338,95.21,6.24,96.0967,-0.8867000000000047,3.6293,0.0377671657819675,7042399.8188
2021,대학교,사립,기존,경북,경운대학교,공학계열,442,442,1411,423,95.7,3.19,82.8208,12.879199999999996,26.0821,0.3149220968645557,8434946.917
2021,대학교,사립,기존,경북,경운대학교,예체능계열,115,115,610,115,100.0,5.3,85.5008,14.499200000000002,28.4266,0.3324717429544519,8346643.403299999
2021,대학교,사립,기존,경북,경운대학교,인문사회계열,209,209,1244,209,100.0,5.95,88.495,11.504999999999995,23.6572,0.2673280976326346,6482449.6208
2021,대학교,사립,기존,경북,경운대학교,자연과학계열,418,418,4723,418,100.0,11.3,83.0667,16.933300000000003,30.6985,0.3695644584412285,8266151.0162
2021,교육대학,국립,기존,인천,경인교육대학교,인문사회계열,598,600,1933,0,0.0,3.22,0.0,0.0,0.0,0.0,3271700.0
2021,대학교,사립,기존,경북,경일대학교,공학계열,575,575,2467,563,97.91,4.29,82.8208,15.089199999999993,26.0821,0.3149220968645557,8063098.633300001
2021,대학교,사립,기존,경북,경일대학교,예체능계열,435,435,1903,425,97.7,4.37,85.5008,12.199200000000005,28.4266,0.3324717429544519,8240672.462
2021,대학교,사립,기존,경북,경일대학교,인문사회계열,324,324,1432,308,95.06,4.42,88.495,6.564999999999998,23.6572,0.2673280976326346,6011241.1915
2021,대학교,사립,기존,경북,경일대학교,자연과학계열,250,250,2244,250,100.0,8.98,83.0667,16.933300000000003,30.6985,0.3695644584412285,8087560.359999999
2021,대학교,사립,기존,서울,경희대학교,공학계열,1027,1035,11662,1028,99.32,11.27,93.2734,6.046599999999998,23.6804,0.2538815996843687,9062900.8118
2021,대학교,사립,기존,서울,경희대학교,예체능계열,857,860,13005,856,99.53,15.12,94.4087,5.121300000000005,17.3966,0.1842690345275382,9093880.5616
2021,대학교,사립,기존,서울,경희대학교,인문사회계열,1712,1716,22951,1711,99.71,13.37,96.1884,3.5215999999999923,11.6715,0.1213399952593036,7020760.193299999
2021,대학교,사립,기존,서울,경희대학교,자연과학계열,1124,1130,24353,1124,99.47,21.55,97.6038,1.866199999999992,10.8878,0.111550984695268,9144368.442
2021,대학교,사립,기존,대구,계명대학교,공학계열,940,943,5971,940,99.68,6.33,99.68,0.0,0.0,0.0,8636768.3534
2021,대학교,사립,기존,대구,계명대학교,예체능계열,833,834,4304,829,99.4,5.16,99.4,0.0,0.0,0.0,9011425.9595
2021,대학교,사립,기존,대구,계명대학교,인문사회계열,2226,2230,11856,2180,97.76,5.32,97.76,0.0,0.0,0.0,6457470.102
2021,대학교,사립,기존,대구,계명대학교,자연과학계열,606,608,4985,594,97.7,8.2,97.7,0.0,0.0,0.0,8435864.7963
2021,대학교,사립,기존,서울,고려대학교,공학계열,958,959,8258,961,100.21,8.61,93.2734,6.936599999999999,23.6804,0.2538815996843687,10263376.970199998
2021,대학교,사립,기존,서울,고려대학교,예체능계열,130,130,1225,130,100.0,9.42,94.4087,5.591300000000004,17.3966,0.1842690345275382,9756025.0
2021,대학교,사립,기존,서울,고려대학교,인문사회계열,1910,1913,15590,1917,100.21,8.15,96.1884,4.021599999999992,11.6715,0.1213399952593036,7818372.1143000005
2021,대학교,사립,기존,서울,고려대학교,자연과학계열,891,894,8733,893,99.89,9.77,97.6038,2.286199999999994,10.8878,0.111550984695268,9244785.5519
2021,대학교,사립,기존,부산,고신대학교,예체능계열,95,95,309,90,94.74,3.25,95.6044,-0.8644000000000034,6.9558,0.0727560656204107,7094279.383400001
2021,대학교,사립,기존,부산,고신대학교,인문사회계열,375,375,1438,368,98.13,3.83,85.823,12.307000000000002,13.9013,0.1619763932745301,6037009.5498
2021,대학교,사립,기존,부산,고신대학교,자연과학계열,416,416,4126,403,96.88,9.92,96.0967,0.783299999999997,3.6293,0.0377671657819675,7019851.817300001
2021,교육대학,국립,기존,충남,공주교육대학교,인문사회계열,354,354,1319,0,0.0,3.73,49.87,-49.87,70.5268,1.414212953679567,3495600.0
2021,대학교,사립,기존,광주,광신대학교,예체능계열,29,29,46,29,100.0,1.59,96.2688,3.731200000000001,4.5258,0.04701211607499,7313600.0
2021,대학교,사립,기존,광주,광신대학교,인문사회계열,93,93,143,93,100.0,1.54,94.8475,5.152500000000003,8.5216,0.0898452779461767,5881136.6667
2021,대학교,사립,기존,서울,광운대학교,공학계열,927,929,10751,928,99.89,11.57,93.2734,6.616600000000005,23.6804,0.2538815996843687,9012613.2986
2021,대학교,사립,기존,서울,광운대학교,예체능계열,37,37,341,37,100.0,9.22,94.4087,5.591300000000004,17.3966,0.1842690345275382,8091060.0
2021,대학교,사립,기존,서울,광운대학교,인문사회계열,581,582,6904,582,100.0,11.86,96.1884,3.811599999999999,11.6715,0.1213399952593036,7257474.812299999
2021,대학교,사립,기존,서울,광운대학교,자연과학계열,139,139,1440,137,98.56,10.36,97.6038,0.9561999999999956,10.8878,0.111550984695268,8069300.0
2021,대학교,사립,기존,전남,광주가톨릭대학교,인문사회계열,40,40,22,22,55.0,0.55,68.67,-13.670000000000002,40.2467,0.5860885393912916,0.0
2021,대학교,특별법법인,기존,광주,광주과학기술원,자연과학계열,200,200,3312,211,105.5,16.56,105.5,0.0,0.0,0.0,2060000.0
2021,교육대학,국립,기존,광주,광주교육대학교,인문사회계열,326,327,1531,326,99.69,4.68,99.755,-0.0649999999999977,0.0919,0.0009212570798456,3561568.8939000005
2021,대학교,사립,기존,광주,광주대학교,공학계열,50,412,1268,309,75.0,3.08,84.2483,-9.2483,15.769,0.1871729162487551,7148774.7744
2021,대학교,사립,기존,광주,광주대학교,예체능계열,0,231,922,233,100.87,3.99,96.2688,4.601200000000006,4.5258,0.04701211607499,7180216.521600001
2021,대학교,사립,기존,광주,광주대학교,인문사회계열,56,637,2766,605,94.98,4.34,94.8475,0.1325000000000074,8.5216,0.0898452779461767,6237843.4172
2021,대학교,사립,기존,광주,광주대학교,자연과학계열,255,372,2424,346,93.01,6.52,94.995,-1.9849999999999997,4.4529,0.0468750986894047,7147299.8005
2021,대학교,사립,기존,광주,광주여자대학교,예체능계열,30,173,537,157,90.75,3.1,96.2688,-5.518799999999999,4.5258,0.04701211607499,7042364.784100001
2021,대학교,사립,기존,광주,광주여자대학교,인문사회계열,90,361,1459,322,89.2,4.04,94.8475,-5.647499999999994,8.5216,0.0898452779461767,5919095.5885
2021,대학교,사립,기존,광주,광주여자대학교,자연과학계열,251,361,2340,316,87.53,6.48,94.995,-7.465000000000003,4.4529,0.0468750986894047,6857260.337199999
2021,대학교,국립,기존,경북,국립경국대학교,공학계열,480,482,1965,337,69.92,4.08,84.87,-14.950000000000005,21.1425,0.2491162955107811,4207117.9364
2021,대학교,국립,기존,경북,국립경국대학교,예체능계열,81,81,258,49,60.49,3.19,60.49,0.0,0.0,0.0,4242776.6667
2021,대학교,국립,기존,경북,국립경국대학교,인문사회계열,509,516,2058,387,75.0,3.99,87.5,-12.5,17.6777,0.2020308571428571,3331591.5555
2021,대학교,국립,기존,경북,국립경국대학교,자연과학계열,386,389,1685,297,76.35,4.33,85.9,-9.550000000000011,13.5057,0.1572258440046565,3851895.9477
2021,대학교,사립,기존,서울,국민대학교,공학계열,394,893,6345,892,99.89,7.11,93.2734,6.616600000000005,23.6804,0.2538815996843687,9143824.7236
2021,대학교,사립,기존,서울,국민대학교,예체능계열,329,539,6633,539,100.0,12.31,94.4087,5.591300000000004,17.3966,0.1842690345275382,9374498.059099998
2021,대학교,사립,기존,서울,국민대학교,인문사회계열,871,1136,9322,1134,99.82,8.21,96.1884,3.631599999999992,11.6715,0.1213399952593036,7326064.474400001
2021,대학교,사립,기존,서울,국민대학교,자연과학계열,234,301,2862,300,99.67,9.51,97.6038,2.066199999999995,10.8878,0.111550984695268,8362875.9425
2021,대학교,사립,기존,충북,극동대학교,공학계열,208,208,649,118,56.73,3.12,76.4714,-19.74140000000001,25.6315,0.3351775958070598,8485235.7983
2021,대학교,사립,기존,충북,극동대학교,예체능계열,170,170,1400,156,91.76,8.24,83.0812,8.67880000000001,34.7132,0.4178225639494856,8240618.7101
2021,대학교,사립,기존,충북,극동대학교,인문사회계열,233,233,1999,128,54.94,8.58,81.6711,-26.7311,21.9696,0.2690009072976855,6736302.555
2021,대학교,사립,기존,충북,극동대학교,자연과학계열,230,230,1321,174,75.65,5.74,91.8112,-16.161199999999994,11.073,0.1206062005506953,8047670.4794
2021,대학교,사립,기존,충남,금강대학교,인문사회계열,110,110,73,29,26.36,0.66,87.7086,-61.348600000000005,20.5631,0.2344479332699415,6806381.411900001
2021,대학교,사립,기존,경북,김천대학교,공학계열,45,45,136,44,97.78,3.02,82.8208,14.959199999999996,26.0821,0.3149220968645557,7689825.0
2021,대학교,사립,기존,경북,김천대학교,인문사회계열,161,161,638,158,98.14,3.96,88.495,9.644999999999996,23.6572,0.2673280976326346,6874763.0873
2021,대학교,사립,기존,경북,김천대학교,자연과학계열,460,460,2958,445,96.74,6.43,83.0667,13.673299999999998,30.6985,0.3695644584412285,7489188.985699999
2021,대학교,사립,기존,충남,나사렛대학교,예체능계열,246,222,1761,213,95.95,7.93,97.485,-1.5349999999999966,5.453,0.0559368107914038,8389643.0023
2021,대학교,사립,기존,충남,나사렛대학교,인문사회계열,715,690,2728,477,69.13,3.95,87.7086,-18.57860000000001,20.5631,0.2344479332699415,7134917.1543
2021,대학교,사립,기존,충남,나사렛대학교,자연과학계열,150,149,1998,133,89.26,13.41,95.4058,-6.145799999999994,7.0091,0.073466183397655,8475531.1346
2021,대학교,사립,기존,광주,남부대학교,공학계열,60,60,173,60,100.0,2.88,84.2483,15.7517,15.769,0.1871729162487551,7251507.0811
2021,대학교,사립,기존,광주,남부대학교,예체능계열,60,60,206,58,96.67,3.43,96.2688,0.4012000000000029,4.5258,0.04701211607499,7284819.8951
2021,대학교,사립,기존,광주,남부대학교,인문사회계열,120,120,599,120,100.0,4.99,94.8475,5.152500000000003,8.5216,0.0898452779461767,6148136.0199
2021,대학교,사립,기존,광주,남부대학교,자연과학계열,416,418,2848,412,98.56,6.81,94.995,3.5649999999999977,4.4529,0.0468750986894047,6767320.8508
2021,대학교,사립,기존,충남,남서울대학교,공학계열,644,645,3264,635,98.45,5.06,91.4446,7.005400000000009,13.7106,0.1499334023004092,8670463.4135
2021,대학교,사립,기존,충남,남서울대학교,예체능계열,395,395,3193,395,100.0,8.08,97.485,2.515000000000001,5.453,0.0559368107914038,8897407.322
2021,대학교,사립,기존,충남,남서울대학교,인문사회계열,895,897,4924,879,97.99,5.49,87.7086,10.28139999999999,20.5631,0.2344479332699415,7364686.961
2021,대학교,사립,기존,충남,남서울대학교,자연과학계열,253,253,3229,253,100.0,12.76,95.4058,4.594200000000001,7.0091,0.073466183397655,9008426.7925
2021,대학교,사립,기존,경기,단국대학교,공학계열,832,833,8429,827,99.28,10.12,89.3696,9.910399999999996,29.313,0.3279974398453165,9560855.184700001
2021,대학교,사립,기존,경기,단국대학교,예체능계열,370,371,7514,370,99.73,20.25,88.9569,10.7731,27.2935,0.3068171215498741,9600862.198
2021,대학교,사립,기존,경기,단국대학교,인문사회계열,1013,1013,11892,1011,99.8,11.74,87.705,12.095,25.6357,0.2922946240237158,7620512.951800001
2021,대학교,사립,기존,경기,단국대학교,자연과학계열,60,61,631,61,100.0,10.34,99.517,0.4830000000000041,2.3243,0.0233558085553222,8889928.5714
2021,대학교,사립,기존,충남,단국대학교 _제2캠퍼스,공학계열,285,287,1747,287,100.0,6.09,91.4446,8.555400000000006,13.7106,0.1499334023004092,9294699.2424
2021,대학교,사립,기존,충남,단국대학교 _제2캠퍼스,예체능계열,353,355,2781,353,99.44,7.83,97.485,1.9549999999999983,5.453,0.0559368107914038,9039152.4244
2021,대학교,사립,기존,충남,단국대학교 _제2캠퍼스,인문사회계열,765,770,5196,767,99.61,6.75,87.7086,11.901399999999995,20.5631,0.2344479332699415,7251790.456900001
2021,대학교,사립,기존,충남,단국대학교 _제2캠퍼스,자연과학계열,937,942,7895,941,99.89,8.38,95.4058,4.484200000000001,7.0091,0.073466183397655,9132177.689100001
2021,대학교,사립,기존,경북,대구가톨릭대학교,공학계열,810,810,3175,603,74.44,3.92,82.8208,-8.380800000000008,26.0821,0.3149220968645557,8160420.195899999
2021,대학교,사립,기존,경북,대구가톨릭대학교,예체능계열,386,386,1514,354,91.71,3.92,85.5008,6.209199999999996,28.4266,0.3324717429544519,8953579.2979
2021,대학교,사립,기존,경북,대구가톨릭대학교,인문사회계열,1031,1032,6112,892,86.43,5.92,88.495,-2.0649999999999977,23.6572,0.2673280976326346,6106120.6006
2021,대학교,사립,기존,경북,대구가톨릭대학교,자연과학계열,635,636,4755,550,86.48,7.48,83.0667,3.4133000000000067,30.6985,0.3695644584412285,8296465.2743
2021,대학교,특별법법인,기존,대구,대구경북과학기술원,자연과학계열,220,220,3199,199,90.45,14.54,90.45,0.0,0.0,0.0,3528000.0
2021,교육대학,국립,기존,대구,대구교육대학교,인문사회계열,383,384,1595,0,0.0,4.15,49.925,-49.925,70.6046,1.4142133199799702,3685600.0
2021,대학교,사립,기존,경북,대구대학교,공학계열,864,866,3840,645,74.48,4.43,82.8208,-8.340800000000002,26.0821,0.3149220968645557,8377423.6683
2021,대학교,사립,기존,경북,대구대학교,예체능계열,374,376,2336,360,95.74,6.21,85.5008,10.239199999999997,28.4266,0.3324717429544519,8655019.3556
2021,대학교,사립,기존,경북,대구대학교,인문사회계열,1895,1899,9059,1528,80.46,4.77,88.495,-8.03500000000001,23.6572,0.2673280976326346,6169983.1063
2021,대학교,사립,기존,경북,대구대학교,자연과학계열,926,929,5444,757,81.49,5.86,83.0667,-1.5767000000000024,30.6985,0.3695644584412285,7821255.227599999
2021,대학교,사립,기존,경북,대구예술대학교,예체능계열,359,359,657,122,33.98,1.83,85.5008,-51.5208,28.4266,0.3324717429544519,8708729.1103
2021,대학교,사립,기존,경북,대구한의대학교,공학계열,380,380,1354,355,93.42,3.56,82.8208,10.599199999999996,26.0821,0.3149220968645557,7897745.498299999
2021,대학교,사립,기존,경북,대구한의대학교,예체능계열,130,130,718,116,89.23,5.52,85.5008,3.729200000000006,28.4266,0.3324717429544519,7736779.8264
2021,대학교,사립,기존,경북,대구한의대학교,인문사회계열,317,317,1468,317,100.0,4.63,88.495,11.504999999999995,23.6572,0.2673280976326346,6064630.2414
2021,대학교,사립,기존,경북,대구한의대학교,자연과학계열,691,691,6051,673,97.4,8.76,83.0667,14.333300000000008,30.6985,0.3695644584412285,7714431.2227
2021,대학교,사립,기존,경북,대신대학교,예체능계열,40,40,77,40,100.0,1.92,85.5008,14.499200000000002,28.4266,0.3324717429544519,7555880.0
2021,대학교,사립,기존,경북,대신대학교,인문사회계열,76,76,160,76,100.0,2.11,88.495,11.504999999999995,23.6572,0.2673280976326346,6250070.0
2021,대학교,사립,기존,세종,대전가톨릭대학교,인문사회계열,40,40,8,7,17.5,0.2,56.0433,-38.5433,41.2907,0.7367642519266353,6060000.0
2021,대학교,사립,기존,대전,대전대학교,공학계열,547,549,3235,469,85.43,5.89,91.8183,-6.388299999999987,8.3251,0.0906692892375485,8250575.7142
2021,대학교,사립,기존,대전,대전대학교,예체능계열,165,165,1457,165,100.0,8.83,88.2417,11.758300000000006,28.2156,0.3197535858896644,7935913.998899999
2021,대학교,사립,기존,대전,대전대학교,인문사회계열,870,872,5677,793,90.94,6.51,82.2825,8.657499999999999,22.4711,0.273096952571932,6928805.7336
2021,대학교,사립,기존,대전,대전대학교,자연과학계열,427,430,4886,404,93.95,11.36,93.5871,0.3628999999999962,9.1528,0.0977998036054114,7951576.285699999
2021,대학교,사립,기존,대전,대전신학대학교,인문사회계열,32,32,18,12,37.5,0.56,82.2825,-44.7825,22.4711,0.273096952571932,6306593.0
2021,대학교,사립,기존,경기,대진대학교,공학계열,558,559,2011,557,99.64,3.6,89.3696,10.270399999999997,29.313,0.3279974398453165,8565114.9297
2021,대학교,사립,기존,경기,대진대학교,예체능계열,233,233,2320,233,100.0,9.96,88.9569,11.043099999999995,27.2935,0.3068171215498741,8552137.6265
2021,대학교,사립,기존,경기,대진대학교,인문사회계열,790,789,3493,789,100.0,4.43,87.705,12.295000000000002,25.6357,0.2922946240237158,6628611.1357
2021,대학교,사립,기존,경기,대진대학교,자연과학계열,212,212,1126,209,98.58,5.31,99.517,-0.9369999999999976,2.3243,0.0233558085553222,7839720.4438
2021,대학교,사립,기존,서울,덕성여자대학교,공학계열,326,327,3863,327,100.0,11.81,93.2734,6.726600000000005,23.6804,0.2538815996843687,8863598.888799999
2021,대학교,사립,기존,서울,덕성여자대학교,예체능계열,94,94,2765,94,100.0,29.41,94.4087,5.591300000000004,17.3966,0.1842690345275382,9006073.3667
2021,대학교,사립,기존,서울,덕성여자대학교,인문사회계열,620,622,8574,621,99.84,13.78,96.1884,3.651600000000002,11.6715,0.1213399952593036,6581306.131899999
2021,대학교,사립,기존,서울,동국대학교,공학계열,826,838,13407,836,99.76,16.0,93.2734,6.48660000000001,23.6804,0.2538815996843687,9671192.322
2021,대학교,사립,기존,서울,동국대학교,예체능계열,210,210,6304,209,99.52,30.02,94.4087,5.1113,17.3966,0.1842690345275382,9519799.7636
2021,대학교,사립,기존,서울,동국대학교,인문사회계열,1333,1341,22330,1341,100.0,16.65,96.1884,3.811599999999999,11.6715,0.1213399952593036,7455353.1876
2021,대학교,사립,기존,서울,동국대학교,자연과학계열,316,319,4288,320,100.31,13.44,97.6038,2.7061999999999955,10.8878,0.111550984695268,8974471.1573
2021,대학교,사립,기존,경북,동국대학교(WISE),공학계열,320,321,1157,271,84.42,3.6,82.8208,1.5991999999999962,26.0821,0.3149220968645557,9351231.9581
2021,대학교,사립,기존,경북,동국대학교(WISE),예체능계열,119,119,560,118,99.16,4.71,85.5008,13.659199999999998,28.4266,0.3324717429544519,9231908.888700001
2021,대학교,사립,기존,경북,동국대학교(WISE),인문사회계열,926,930,3107,879,94.52,3.34,88.495,6.024999999999992,23.6572,0.2673280976326346,7353976.023
2021,대학교,사립,기존,경북,동국대학교(WISE),자연과학계열,389,392,4917,376,95.92,12.54,83.0667,12.853300000000004,30.6985,0.3695644584412285,8814035.2036
2021,대학교,사립,기존,서울,동덕여자대학교,공학계열,0,110,808,108,98.18,7.35,93.2734,4.906600000000012,23.6804,0.2538815996843687,8007366.6667
2021,대학교,사립,기존,서울,동덕여자대학교,예체능계열,241,592,11149,592,100.0,18.83,94.4087,5.591300000000004,17.3966,0.1842690345275382,9133231.445700001
2021,대학교,사립,기존,서울,동덕여자대학교,인문사회계열,3,640,5239,640,100.0,8.19,96.1884,3.811599999999999,11.6715,0.1213399952593036,6480516.051200001
2021,대학교,사립,기존,서울,동덕여자대학교,자연과학계열,0,171,1539,171,100.0,9.0,97.6038,2.396199999999993,10.8878,0.111550984695268,8068573.699600001
2021,대학교,사립,기존,부산,동명대학교,공학계열,855,855,3223,711,83.16,3.77,77.56,5.599999999999994,18.1253,0.2336939143888602,8019353.664399999
2021,대학교,사립,기존,부산,동명대학교,예체능계열,178,178,1159,171,96.07,6.51,95.6044,0.4655999999999949,6.9558,0.0727560656204107,7609227.5538
2021,대학교,사립,기존,부산,동명대학교,인문사회계열,635,636,3799,591,92.92,5.97,85.823,7.097000000000008,13.9013,0.1619763932745301,6069711.8292
2021,대학교,사립,기존,부산,동명대학교,자연과학계열,150,150,1246,146,97.33,8.31,96.0967,1.2332999999999998,3.6293,0.0377671657819675,7777416.9213
2021,대학교,사립,기존,부산,동서대학교,공학계열,691,655,2789,429,65.5,4.26,77.56,-12.060000000000002,18.1253,0.2336939143888602,7694750.7507
2021,대학교,사립,기존,부산,동서대학교,예체능계열,490,491,2568,491,100.0,5.23,95.6044,4.395600000000002,6.9558,0.0727560656204107,7434123.3779
2021,대학교,사립,기존,부산,동서대학교,인문사회계열,890,887,4405,679,76.55,4.97,85.823,-9.272999999999996,13.9013,0.1619763932745301,6007848.073299999
2021,대학교,사립,기존,부산,동서대학교,자연과학계열,240,273,3222,263,96.34,11.8,96.0967,0.2433000000000049,3.6293,0.0377671657819675,7868951.759299999
2021,대학교,사립,기존,전남,동신대학교,공학계열,440,440,1409,347,78.86,3.2,68.715,10.144999999999996,46.7186,0.6798893982391035,7461954.1494
2021,대학교,사립,기존,전남,동신대학교,예체능계열,117,117,457,117,100.0,3.91,80.8325,19.167500000000004,38.335,0.4742523118795039,7256346.3758000005
2021,대학교,사립,기존,전남,동신대학교,인문사회계열,446,446,2013,429,96.19,4.51,68.67,27.52,40.2467,0.5860885393912916,6033323.6499
2021,대학교,사립,기존,전남,동신대학교,자연과학계열,545,547,3601,537,98.17,6.58,89.272,8.897999999999996,22.5866,0.253008782148938,7220324.209299999
2021,대학교,사립,기존,부산,동아대학교,공학계열,1270,1272,8619,1264,99.37,6.78,77.56,21.81,18.1253,0.2336939143888602,8078154.062700001
2021,대학교,사립,기존,부산,동아대학교,예체능계열,434,434,2590,425,97.93,5.97,95.6044,2.3256000000000085,6.9558,0.0727560656204107,7985752.3823
2021,대학교,사립,기존,부산,동아대학교,인문사회계열,1635,1641,10714,1632,99.45,6.53,85.823,13.62700000000001,13.9013,0.1619763932745301,6222023.3991
2021,대학교,사립,기존,부산,동아대학교,자연과학계열,719,723,4617,719,99.45,6.39,96.0967,3.3533000000000044,3.6293,0.0377671657819675,7326925.1059
2021,대학교,사립,기존,경북,동양대학교,공학계열,415,415,1459,320,77.11,3.52,82.8208,-5.710800000000006,26.0821,0.3149220968645557,7732083.3765
2021,대학교,사립,기존,경북,동양대학교,예체능계열,179,179,1205,174,97.21,6.73,85.5008,11.709199999999996,28.4266,0.3324717429544519,8077178.845900001
2021,대학교,사립,기존,경북,동양대학교,인문사회계열,306,306,1151,224,73.2,3.76,88.495,-15.295000000000002,23.6572,0.2673280976326346,6028332.171800001
2021,대학교,사립,기존,경북,동양대학교,자연과학계열,60,60,510,60,100.0,8.5,83.0667,16.933300000000003,30.6985,0.3695644584412285,7685802.4233
2021,대학교,사립,기존,부산,동의대학교,공학계열,1570,1571,5752,1431,91.09,3.66,77.56,13.53,18.1253,0.2336939143888602,7638686.5876
2021,대학교,사립,기존,부산,동의대학교,예체능계열,300,300,1957,291,97.0,6.52,95.6044,1.3956000000000015,6.9558,0.0727560656204107,7264170.181100001
2021,대학교,사립,기존,부산,동의대학교,인문사회계열,1245,1245,7069,1191,95.66,5.68,85.823,9.837000000000003,13.9013,0.1619763932745301,5682408.8137
2021,대학교,사립,기존,부산,동의대학교,자연과학계열,480,479,5238,482,100.63,10.94,96.0967,4.533299999999997,3.6293,0.0377671657819675,6910060.658499999
2021,대학교,사립,기존,경기,루터대학교,인문사회계열,85,85,223,85,100.0,2.62,87.705,12.295000000000002,25.6357,0.2922946240237158,6702729.075
2021,대학교,사립,기존,경기,명지대학교,공학계열,834,836,7076,836,100.0,8.46,89.3696,10.630399999999996,29.313,0.3279974398453165,9666516.64
2021,대학교,사립,기존,경기,명지대학교,예체능계열,319,320,5056,320,100.0,15.8,88.9569,11.043099999999995,27.2935,0.3068171215498741,9991003.1884
2021,대학교,사립,기존,경기,명지대학교,자연과학계열,180,181,1853,181,100.0,10.24,99.517,0.4830000000000041,2.3243,0.0233558085553222,8677192.7048
2021,대학교,사립,기존,대전,목원대학교,공학계열,307,307,1340,253,82.41,4.36,91.8183,-9.408299999999995,8.3251,0.0906692892375485,8301355.8282
2021,대학교,사립,기존,대전,목원대학교,예체능계열,577,577,3224,573,99.31,5.59,88.2417,11.068300000000008,28.2156,0.3197535858896644,8360486.043
2021,대학교,사립,기존,대전,목원대학교,인문사회계열,759,760,3231,653,85.92,4.25,82.2825,3.637500000000003,22.4711,0.273096952571932,6817160.2433
2021,대학교,사립,기존,대전,목원대학교,자연과학계열,181,181,654,138,76.24,3.61,93.5871,-17.34710000000001,9.1528,0.0977998036054114,7552579.922900001
2021,대학교,사립,기존,전남,목포가톨릭대학교,인문사회계열,30,30,110,30,100.0,3.67,68.67,31.33,40.2467,0.5860885393912916,5935800.0
2021,대학교,사립,기존,전남,목포가톨릭대학교,자연과학계열,90,90,427,90,100.0,4.74,89.272,10.727999999999994,22.5866,0.253008782148938,7104800.0
2021,대학교,사립,기존,대전,배재대학교,공학계열,626,627,2834,533,85.01,4.52,91.8183,-6.8082999999999885,8.3251,0.0906692892375485,8277859.7377
2021,대학교,사립,기존,대전,배재대학교,예체능계열,197,197,1209,196,99.49,6.14,88.2417,11.2483,28.2156,0.3197535858896644,8254137.851100001
2021,대학교,사립,기존,대전,배재대학교,인문사회계열,853,858,4778,760,88.58,5.57,82.2825,6.297499999999999,22.4711,0.273096952571932,6729994.0758
2021,대학교,사립,기존,대전,배재대학교,자연과학계열,372,372,2352,321,86.29,6.32,93.5871,-7.2971,9.1528,0.0977998036054114,7565965.8229
2021,대학교,사립,기존,충남,백석대학교,공학계열,600,602,1911,590,98.01,3.17,91.4446,6.565400000000011,13.7106,0.1499334023004092,8762283.7125
2021,대학교,사립,기존,충남,백석대학교,예체능계열,675,675,7027,673,99.7,10.41,97.485,2.2150000000000034,5.453,0.0559368107914038,9283973.2588
2021,대학교,사립,기존,충남,백석대학교,인문사회계열,1352,1359,8144,1318,96.98,5.99,87.7086,9.2714,20.5631,0.2344479332699415,7370613.7325
2021,대학교,사립,기존,충남,백석대학교,자연과학계열,463,468,3875,464,99.15,8.28,95.4058,3.7442000000000064,7.0091,0.073466183397655,8805300.0
2021,대학교,사립,기존,부산,부산가톨릭대학교,공학계열,96,96,304,51,53.12,3.17,77.56,-24.440000000000005,18.1253,0.2336939143888602,7929015.5493
2021,대학교,사립,기존,부산,부산가톨릭대학교,인문사회계열,198,198,714,133,67.17,3.61,85.823,-18.65299999999999,13.9013,0.1619763932745301,6154262.3524
2021,대학교,사립,기존,부산,부산가톨릭대학교,자연과학계열,622,622,3370,552,88.75,5.42,96.0967,-7.3466999999999985,3.6293,0.0377671657819675,7298788.404999999
2021,교육대학,국립,기존,부산,부산교육대학교,인문사회계열,356,357,1593,0,0.0,4.46,74.8925,-74.8925,49.9284,0.6666675568314585,3107200.0
2021,대학교,국립,기존,부산,부산대학교,공학계열,1230,1528,14059,1525,99.8,9.2,99.7767,0.0232999999999918,0.1365,0.0013680548665169,4760204.1177
2021,대학교,국립,기존,부산,부산대학교,예체능계열,315,315,1807,314,99.68,5.74,99.8933,-0.2132999999999896,0.1848,0.0018499739221749,4751333.333
2021,대학교,국립,기존,부산,부산대학교,인문사회계열,1332,1334,13088,1331,99.78,9.81,74.8925,24.887500000000003,49.9284,0.6666675568314585,3552716.0592
2021,대학교,국립,기존,부산,부산대학교,자연과학계열,1048,1049,9620,1045,99.62,9.17,99.8733,-0.2532999999999958,0.2194,0.0021967833244721,4608177.5743
2021,대학교,사립,기존,부산,부산외국어대학교,공학계열,240,240,856,172,71.67,3.57,77.56,-5.890000000000001,18.1253,0.2336939143888602,7897294.9478
2021,대학교,사립,기존,부산,부산외국어대학교,예체능계열,70,70,557,70,100.0,7.96,95.6044,4.395600000000002,6.9558,0.0727560656204107,6880964.818000001
2021,대학교,사립,기존,부산,부산외국어대학교,인문사회계열,1503,1508,6370,1231,81.63,4.22,85.823,-4.192999999999998,13.9013,0.1619763932745301,6054354.3346
2021,대학교,사립,기존,경남,부산장신대학교,인문사회계열,32,32,66,32,100.0,2.06,74.1514,25.848600000000005,30.3269,0.4089862092961158,6104227.5117
2021,대학교,사립,기존,서울,삼육대학교,공학계열,221,221,2090,221,100.0,9.46,93.2734,6.726600000000005,23.6804,0.2538815996843687,8770773.9831
2021,대학교,사립,기존,서울,삼육대학교,예체능계열,160,160,2300,160,100.0,14.38,94.4087,5.591300000000004,17.3966,0.1842690345275382,9215430.879999999
2021,대학교,사립,기존,서울,삼육대학교,인문사회계열,372,371,3264,371,100.0,8.8,96.1884,3.811599999999999,11.6715,0.1213399952593036,7409350.3354
2021,대학교,사립,기존,서울,삼육대학교,자연과학계열,369,369,4256,369,100.0,11.53,97.6038,2.396199999999993,10.8878,0.111550984695268,8434035.3061
2021,대학교,사립,기존,서울,상명대학교,공학계열,442,442,3183,441,99.77,7.2,93.2734,6.496600000000001,23.6804,0.2538815996843687,8907479.5099
2021,대학교,사립,기존,서울,상명대학교,예체능계열,201,201,2735,201,100.0,13.61,94.4087,5.591300000000004,17.3966,0.1842690345275382,9403698.6191
2021,대학교,사립,기존,서울,상명대학교,인문사회계열,643,644,4948,644,100.0,7.68,96.1884,3.811599999999999,11.6715,0.1213399952593036,7269195.7831
2021,대학교,사립,기존,서울,상명대학교,자연과학계열,93,93,649,93,100.0,6.98,97.6038,2.396199999999993,10.8878,0.111550984695268,8448554.9999
2021,대학교,사립,기존,강원,상지대학교,공학계열,413,415,1407,243,58.55,3.39,77.728,-19.178,20.4051,0.2625192980650473,8341745.9013
2021,대학교,사립,기존,강원,상지대학교,예체능계열,318,319,1460,291,91.22,4.58,90.47,0.75,11.152,0.1232673814524151,8028785.0228
2021,대학교,사립,기존,강원,상지대학교,인문사회계열,924,932,3778,634,68.03,4.05,79.8329,-11.802899999999994,14.0031,0.175405127459982,6675719.9082
2021,대학교,사립,기존,강원,상지대학교,자연과학계열,600,606,4448,428,70.63,7.34,90.042,-19.41200000000001,12.9157,0.1434408387197085,7717274.0691
2021,대학교,사립,기존,서울,서강대학교,공학계열,387,389,10015,383,98.46,25.75,93.2734,5.186599999999999,23.6804,0.2538815996843687,9927353.3333
2021,대학교,사립,기존,서울,서강대학교,인문사회계열,977,987,17740,984,99.7,17.97,96.1884,3.5116000000000014,11.6715,0.1213399952593036,7749999.864
2021,대학교,사립,기존,서울,서강대학교,자연과학계열,210,211,3363,209,99.05,15.94,97.6038,1.4461999999999904,10.8878,0.111550984695268,9024405.0
2021,대학교,사립,기존,서울,서경대학교,공학계열,400,404,3959,404,100.0,9.8,93.2734,6.726600000000005,23.6804,0.2538815996843687,8736269.0616
2021,대학교,사립,기존,서울,서경대학교,예체능계열,459,460,13459,458,99.57,29.26,94.4087,5.161299999999997,17.3966,0.1842690345275382,9125162.7721
2021,대학교,사립,기존,서울,서경대학교,인문사회계열,370,371,4253,371,100.0,11.46,96.1884,3.811599999999999,11.6715,0.1213399952593036,7016831.5008000005
2021,대학교,사립,기존,서울,서경대학교,자연과학계열,40,40,295,40,100.0,7.38,97.6038,2.396199999999993,10.8878,0.111550984695268,8853033.3333
2021,대학교,국립,기존,서울,서울과학기술대학교,공학계열,1485,1488,16035,1482,99.6,10.78,66.495,33.10499999999999,46.8175,0.704075494398075,5494128.3050999995
2021,대학교,국립,기존,서울,서울과학기술대학교,예체능계열,251,251,2442,251,100.0,9.73,89.16,10.840000000000003,18.6111,0.2087382234185733,5567009.9999
2021,대학교,국립,기존,서울,서울과학기술대학교,인문사회계열,251,252,2231,252,100.0,8.85,39.98,60.02,52.9264,1.323821910955478,4684437.853
2021,대학교,국립,기존,서울,서울과학기술대학교,자연과학계열,140,140,1365,140,100.0,9.75,62.61,37.39,52.8774,0.8445519885002396,5497893.0
2021,교육대학,국립,기존,서울,서울교육대학교,인문사회계열,355,357,1059,0,0.0,2.97,39.98,-39.98,52.9264,1.323821910955478,3156400.0
2021,대학교,사립,기존,서울,서울기독대학교,예체능계열,58,59,176,36,61.02,2.98,94.4087,-33.38869999999999,17.3966,0.1842690345275382,8640110.9143
2021,대학교,사립,기존,서울,서울기독대학교,인문사회계열,78,79,181,48,60.76,2.29,96.1884,-35.4284,11.6715,0.1213399952593036,6880208.2707
2021,대학교,국립대법인,기존,서울,서울대학교,공학계열,873,875,3440,873,99.77,3.93,99.77,0.0,0.0,0.0,6064307.7824
2021,대학교,국립대법인,기존,서울,서울대학교,예체능계열,285,285,3559,281,98.6,12.49,98.6,0.0,0.0,0.0,7539922.1784
2021,대학교,국립대법인,기존,서울,서울대학교,인문사회계열,1153,1153,5638,1019,88.38,4.89,88.38,0.0,0.0,0.0,5046714.8876
2021,대학교,국립대법인,기존,서울,서울대학교,자연과학계열,839,840,4037,775,92.26,4.81,92.26,0.0,0.0,0.0,6312731.3597
2021,대학교,공립,기존,서울,서울시립대학교,공학계열,648,656,8368,653,99.54,12.76,99.54,0.0,0.0,0.0,2737800.0
2021,대학교,공립,기존,서울,서울시립대학교,예체능계열,132,132,1549,132,100.0,11.73,100.0,0.0,0.0,0.0,2971550.0
2021,대학교,공립,기존,서울,서울시립대학교,인문사회계열,773,778,8441,777,99.87,10.85,99.87,0.0,0.0,0.0,2080800.0
2021,대학교,공립,기존,서울,서울시립대학교,자연과학계열,184,185,2436,186,100.54,13.17,100.54,0.0,0.0,0.0,2463264.7619
2021,대학교,사립,기존,경기,서울신학대학교,예체능계열,80,80,774,0,0.0,9.68,88.9569,-88.9569,27.2935,0.3068171215498741,8832354.145
2021,대학교,사립,기존,경기,서울신학대학교,인문사회계열,342,342,1633,75,21.93,4.77,87.705,-65.775,25.6357,0.2922946240237158,7051819.7447
2021,대학교,사립,기존,서울,서울여자대학교,공학계열,212,212,1546,212,100.0,7.29,93.2734,6.726600000000005,23.6804,0.2538815996843687,8618609.8092
2021,대학교,사립,기존,서울,서울여자대학교,예체능계열,180,180,4472,180,100.0,24.84,94.4087,5.591300000000004,17.3966,0.1842690345275382,9700661.1305
2021,대학교,사립,기존,서울,서울여자대학교,인문사회계열,882,886,9765,886,100.0,11.02,96.1884,3.811599999999999,11.6715,0.1213399952593036,7368183.187900001
2021,대학교,사립,기존,서울,서울여자대학교,자연과학계열,358,358,3601,358,100.0,10.06,97.6038,2.396199999999993,10.8878,0.111550984695268,8540384.2063
2021,대학교,사립,기존,경기,서울장신대학교,예체능계열,27,27,43,11,40.74,1.59,88.9569,-48.2169,27.2935,0.3068171215498741,10058620.0
2021,대학교,사립,기존,경기,서울장신대학교,인문사회계열,86,86,163,49,56.98,1.9,87.705,-30.725,25.6357,0.2922946240237158,7484890.0
2021,대학교,사립,기존,서울,서울한영대학교,예체능계열,20,20,29,7,35.0,1.45,94.4087,-59.4087,17.3966,0.1842690345275382,8474634.9833
2021,대학교,사립,기존,서울,서울한영대학교,인문사회계열,160,162,805,155,95.68,4.97,96.1884,-0.5083999999999946,11.6715,0.1213399952593036,6859945.0672
2021,대학교,사립,기존,충북,서원대학교,공학계열,380,381,2250,356,93.44,5.91,76.4714,16.968599999999995,25.6315,0.3351775958070598,8196490.192399999
2021,대학교,사립,기존,충북,서원대학교,예체능계열,191,191,1802,190,99.48,9.43,83.0812,16.39880000000001,34.7132,0.4178225639494856,7846819.4164
2021,대학교,사립,기존,충북,서원대학교,인문사회계열,771,773,4879,720,93.14,6.31,81.6711,11.468900000000003,21.9696,0.2690009072976855,6527212.7165
2021,대학교,사립,기존,충북,서원대학교,자연과학계열,280,281,1768,274,97.51,6.29,91.8112,5.698800000000006,11.073,0.1206062005506953,7593953.451800001
2021,대학교,사립,기존,충남,선문대학교,공학계열,850,847,3486,833,98.35,4.12,91.4446,6.9054,13.7106,0.1499334023004092,8505540.4702
2021,대학교,사립,기존,충남,선문대학교,예체능계열,115,116,900,116,100.0,7.76,97.485,2.515000000000001,5.453,0.0559368107914038,8028918.1086
2021,대학교,사립,기존,충남,선문대학교,인문사회계열,837,839,3981,835,99.52,4.74,87.7086,11.811399999999992,20.5631,0.2344479332699415,6965922.151099999
2021,대학교,사립,기존,충남,선문대학교,자연과학계열,251,248,2068,248,100.0,8.34,95.4058,4.594200000000001,7.0091,0.073466183397655,8239229.8806
2021,대학교,사립,기존,경기,성결대학교,공학계열,305,305,2616,304,99.67,8.58,89.3696,10.300399999999996,29.313,0.3279974398453165,8562478.5714
2021,대학교,사립,기존,경기,성결대학교,예체능계열,193,194,2736,194,100.0,14.1,88.9569,11.043099999999995,27.2935,0.3068171215498741,9346624.9946
2021,대학교,사립,기존,경기,성결대학교,인문사회계열,730,730,4893,729,99.86,6.7,87.705,12.155,25.6357,0.2922946240237158,6873909.504899999
2021,대학교,사립,기존,서울,성공회대학교,공학계열,139,139,538,139,100.0,3.87,93.2734,6.726600000000005,23.6804,0.2538815996843687,7992547.5
2021,대학교,사립,기존,서울,성공회대학교,인문사회계열,363,365,2018,365,100.0,5.53,96.1884,3.811599999999999,11.6715,0.1213399952593036,7282935.1515
2021,대학교,사립,기존,서울,성균관대학교,공학계열,1080,1080,18305,1069,98.98,16.95,93.2734,5.706600000000009,23.6804,0.2538815996843687,9304646.517
2021,대학교,사립,기존,서울,성균관대학교,예체능계열,252,252,3790,251,99.6,15.04,94.4087,5.191299999999998,17.3966,0.1842690345275382,9566756.23
2021,대학교,사립,기존,서울,성균관대학교,인문사회계열,1499,1499,24470,1498,99.93,16.32,96.1884,3.741600000000005,11.6715,0.1213399952593036,7463666.0782
2021,대학교,사립,기존,서울,성균관대학교,자연과학계열,472,472,7219,471,99.79,15.29,97.6038,2.1861999999999995,10.8878,0.111550984695268,8856363.9684
2021,대학교,사립,기존,서울,성신여자대학교,공학계열,416,418,2986,418,100.0,7.14,93.2734,6.726600000000005,23.6804,0.2538815996843687,8619105.8846
2021,대학교,사립,기존,서울,성신여자대학교,예체능계열,536,536,8495,536,100.0,15.85,94.4087,5.591300000000004,17.3966,0.1842690345275382,9974875.4945
2021,대학교,사립,기존,서울,성신여자대학교,인문사회계열,901,902,10913,900,99.78,12.1,96.1884,3.5916,11.6715,0.1213399952593036,7319715.1154
2021,대학교,사립,기존,서울,성신여자대학교,자연과학계열,419,419,3501,419,100.0,8.36,97.6038,2.396199999999993,10.8878,0.111550984695268,8573598.562199999
2021,대학교,사립,기존,충북,세명대학교,공학계열,273,273,787,145,53.11,2.88,76.4714,-23.361400000000003,25.6315,0.3351775958070598,7951320.926100001
2021,대학교,사립,기존,충북,세명대학교,예체능계열,205,205,984,203,99.02,4.8,83.0812,15.9388,34.7132,0.4178225639494856,7805764.103499999
2021,대학교,사립,기존,충북,세명대학교,인문사회계열,732,733,3098,546,74.49,4.23,81.6711,-7.181100000000001,21.9696,0.2690009072976855,6300402.1941
2021,대학교,사립,기존,충북,세명대학교,자연과학계열,710,712,3360,532,74.72,4.72,91.8112,-17.0912,11.073,0.1206062005506953,7605857.901899999
2021,대학교,사립,기존,서울,세종대학교,공학계열,1415,1423,14867,1423,100.0,10.45,93.2734,6.726600000000005,23.6804,0.2538815996843687,8898619.59
2021,대학교,사립,기존,서울,세종대학교,예체능계열,229,230,4547,229,99.57,19.77,94.4087,5.161299999999997,17.3966,0.1842690345275382,9046442.1466
2021,대학교,사립,기존,서울,세종대학교,인문사회계열,582,584,9272,584,100.0,15.88,96.1884,3.811599999999999,11.6715,0.1213399952593036,6594035.713400001
2021,대학교,사립,기존,서울,세종대학교,자연과학계열,174,175,1712,175,100.0,9.78,97.6038,2.396199999999993,10.8878,0.111550984695268,7714568.4743
2021,대학교,사립,기존,전남,세한대학교,공학계열,130,130,469,130,100.0,3.61,68.715,31.285,46.7186,0.6798893982391035,7718890.2381
2021,대학교,사립,기존,전남,세한대학교,예체능계열,285,285,1064,285,100.0,3.73,80.8325,19.167500000000004,38.335,0.4742523118795039,7021176.001800001
2021,대학교,사립,기존,전남,세한대학교,인문사회계열,272,272,1334,272,100.0,4.9,68.67,31.33,40.2467,0.5860885393912916,5937898.6463
2021,대학교,사립,기존,전남,세한대학교,자연과학계열,130,131,974,131,100.0,7.44,89.272,10.727999999999994,22.5866,0.253008782148938,6784397.035699999
2021,대학교,사립,기존,광주,송원대학교,공학계열,170,170,684,170,100.0,4.02,84.2483,15.7517,15.769,0.1871729162487551,7011866.657199999
2021,대학교,사립,기존,광주,송원대학교,예체능계열,105,105,371,105,100.0,3.53,96.2688,3.731200000000001,4.5258,0.04701211607499,6992126.667200001
2021,대학교,사립,기존,광주,송원대학교,인문사회계열,216,216,955,216,100.0,4.42,94.8475,5.152500000000003,8.5216,0.0898452779461767,6037041.5067
2021,대학교,사립,기존,광주,송원대학교,자연과학계열,219,219,1823,219,100.0,8.32,94.995,5.004999999999996,4.4529,0.0468750986894047,6802051.080500001
2021,대학교,사립,기존,경기,수원가톨릭대학교,인문사회계열,90,90,50,38,42.22,0.56,87.705,-45.485,25.6357,0.2922946240237158,5325000.0
2021,대학교,사립,기존,서울,숙명여자대학교,공학계열,423,426,3513,421,98.83,8.25,93.2734,5.556600000000003,23.6804,0.2538815996843687,9485943.1818
2021,대학교,사립,기존,서울,숙명여자대학교,예체능계열,326,326,3562,326,100.0,10.93,94.4087,5.591300000000004,17.3966,0.1842690345275382,10226027.989599999
2021,대학교,사립,기존,서울,숙명여자대학교,인문사회계열,1127,1131,13089,1123,99.29,11.57,96.1884,3.101600000000005,11.6715,0.1213399952593036,7670642.5254
2021,대학교,사립,기존,서울,숙명여자대학교,자연과학계열,234,237,2529,236,99.58,10.67,97.6038,1.9761999999999915,10.8878,0.111550984695268,9034523.9742
2021,각종학교(대학),사립,기존,충북,순복음총회신학교,예체능계열,10,10,7,0,0.0,0.7,83.0812,-83.0812,34.7132,0.4178225639494856,7234285.709999999
2021,각종학교(대학),사립,기존,충북,순복음총회신학교,인문사회계열,61,61,39,23,37.7,0.64,81.6711,-43.97109999999999,21.9696,0.2690009072976855,5676930.686
2021,대학교,사립,기존,충남,순천향대학교,공학계열,862,865,4709,865,100.0,5.44,91.4446,8.555400000000006,13.7106,0.1499334023004092,8840640.9375
2021,대학교,사립,기존,충남,순천향대학교,예체능계열,146,146,2193,146,100.0,15.02,97.485,2.515000000000001,5.453,0.0559368107914038,8288314.285699999
2021,대학교,사립,기존,충남,순천향대학교,인문사회계열,824,826,5577,824,99.76,6.75,87.7086,12.0514,20.5631,0.2344479332699415,7496940.0359
2021,대학교,사립,기존,충남,순천향대학교,자연과학계열,520,521,4307,521,100.0,8.27,95.4058,4.594200000000001,7.0091,0.073466183397655,8379226.617300001
2021,대학교,사립,기존,서울,숭실대학교,공학계열,1237,1240,13612,1237,99.76,10.98,93.2734,6.48660000000001,23.6804,0.2538815996843687,9318848.412899999
2021,대학교,사립,기존,서울,숭실대학교,예체능계열,87,87,2472,87,100.0,28.41,94.4087,5.591300000000004,17.3966,0.1842690345275382,9293699.9999
2021,대학교,사립,기존,서울,숭실대학교,인문사회계열,1155,1156,13357,1155,99.91,11.55,96.1884,3.721599999999995,11.6715,0.1213399952593036,7629418.0726
2021,대학교,사립,기존,서울,숭실대학교,자연과학계열,221,223,2469,223,100.0,11.07,97.6038,2.396199999999993,10.8878,0.111550984695268,8475300.0
2021,대학교,사립,기존,경북,신경주대학교,예체능계열,250,226,232,26,11.5,1.03,85.5008,-74.0008,28.4266,0.3324717429544519,8436174.885
2021,대학교,사립,기존,경북,신경주대학교,인문사회계열,242,221,136,26,11.76,0.62,88.495,-76.735,23.6572,0.2673280976326346,6635040.6239
2021,대학교,사립,기존,경북,신경주대학교,자연과학계열,125,121,250,45,37.19,2.07,83.0667,-45.8767,30.6985,0.3695644584412285,7309179.487299999
2021,대학교,사립,기존,부산,신라대학교,공학계열,640,639,2048,370,57.9,3.21,77.56,-19.660000000000004,18.1253,0.2336939143888602,8010356.3802000005
2021,대학교,사립,기존,부산,신라대학교,예체능계열,180,180,654,176,97.78,3.63,95.6044,2.175600000000003,6.9558,0.0727560656204107,7656044.7221
2021,대학교,사립,기존,부산,신라대학교,인문사회계열,968,968,5022,831,85.85,5.19,85.823,0.027000000000001,13.9013,0.1619763932745301,5934444.0519
2021,대학교,사립,기존,부산,신라대학교,자연과학계열,395,396,2700,366,92.42,6.82,96.0967,-3.6766999999999967,3.6293,0.0377671657819675,7294631.6367
2021,대학교,사립,기존,경기,신한대학교,공학계열,183,185,936,185,100.0,5.06,89.3696,10.630399999999996,29.313,0.3279974398453165,10340457.3325
2021,대학교,사립,기존,경기,신한대학교,자연과학계열,90,90,1358,90,100.0,15.09,99.517,0.4830000000000041,2.3243,0.0233558085553222,9743684.0
2021,대학교,사립,기존,경기,신한대학교 _제2캠퍼스,공학계열,70,70,474,70,100.0,6.77,89.3696,10.630399999999996,29.313,0.3279974398453165,10303166.285699999
2021,대학교,사립,기존,경기,신한대학교 _제2캠퍼스,예체능계열,208,210,2568,210,100.0,12.23,88.9569,11.043099999999995,27.2935,0.3068171215498741,10234567.6125
2021,대학교,사립,기존,경기,신한대학교 _제2캠퍼스,인문사회계열,440,440,3129,440,100.0,7.11,87.705,12.295000000000002,25.6357,0.2922946240237158,8135300.9772
2021,대학교,사립,기존,경기,신한대학교 _제2캠퍼스,자연과학계열,399,400,3260,400,100.0,8.15,99.517,0.4830000000000041,2.3243,0.0233558085553222,9759599.592300002
2021,대학교,사립,기존,경기,아신대학교,인문사회계열,160,160,180,93,58.13,1.12,87.705,-29.575,25.6357,0.2922946240237158,6709164.5026
2021,대학교,사립,기존,경기,아주대학교,공학계열,1017,1027,12109,1020,99.32,11.79,89.3696,9.950399999999988,29.313,0.3279974398453165,9345808.6814
2021,대학교,사립,기존,경기,아주대학교,인문사회계열,564,568,7300,565,99.47,12.85,87.705,11.765,25.6357,0.2922946240237158,7494709.7883
2021,대학교,사립,기존,경기,아주대학교,자연과학계열,268,268,5890,266,99.25,21.98,99.517,-0.2669999999999959,2.3243,0.0233558085553222,8890357.6299
2021,대학교,사립,기존,경기,안양대학교,공학계열,439,445,3102,443,99.55,6.97,89.3696,10.180399999999992,29.313,0.3279974398453165,8801810.301800001
2021,대학교,사립,기존,경기,안양대학교,예체능계열,65,66,1087,66,100.0,16.47,88.9569,11.043099999999995,27.2935,0.3068171215498741,8829910.7019
2021,대학교,사립,기존,경기,안양대학교,인문사회계열,465,468,3052,444,94.87,6.52,87.705,7.165000000000006,25.6357,0.2922946240237158,7115788.551700001
2021,대학교,사립,기존,경기,안양대학교,자연과학계열,40,41,303,41,100.0,7.39,99.517,0.4830000000000041,2.3243,0.0233558085553222,8316582.17
2021,대학교,사립,기존,인천,안양대학교 _제2캠퍼스,공학계열,105,105,339,49,46.67,3.23,68.345,-21.675,30.6531,0.4485053771307337,8874450.5217
2021,대학교,사립,기존,서울,연세대학교,공학계열,820,945,14511,936,99.05,15.36,93.2734,5.776600000000002,23.6804,0.2538815996843687,10404184.8629
2021,대학교,사립,기존,서울,연세대학교,예체능계열,209,209,1616,209,100.0,7.73,94.4087,5.591300000000004,17.3966,0.1842690345275382,10377073.2157
2021,대학교,사립,기존,서울,연세대학교,인문사회계열,1448,1626,22605,1625,99.94,13.9,96.1884,3.751599999999996,11.6715,0.1213399952593036,9168762.9264
2021,대학교,사립,기존,서울,연세대학교,자연과학계열,649,651,8900,650,99.85,13.67,97.6038,2.2461999999999875,10.8878,0.111550984695268,9890386.9891
2021,대학교,사립,기존,강원,연세대학교(미래),공학계열,298,301,1735,301,100.0,5.76,77.728,22.27200000000001,20.4051,0.2625192980650473,9868460.0
2021,대학교,사립,기존,강원,연세대학교(미래),예체능계열,55,55,253,56,101.82,4.6,90.47,11.349999999999994,11.152,0.1232673814524151,8851150.0
2021,대학교,사립,기존,강원,연세대학교(미래),인문사회계열,479,488,2788,486,99.59,5.71,79.8329,19.75710000000001,14.0031,0.175405127459982,7815907.076199999
2021,대학교,사립,기존,강원,연세대학교(미래),자연과학계열,487,488,9285,488,100.0,19.03,90.042,9.957999999999998,12.9157,0.1434408387197085,8696892.771000002
2021,대학교,사립,기존,경북,영남대학교,공학계열,1606,1609,7458,1608,99.94,4.64,82.8208,17.119199999999992,26.0821,0.3149220968645557,8517627.452300001
2021,대학교,사립,기존,경북,영남대학교,예체능계열,508,509,3040,485,95.28,5.97,85.5008,9.779200000000005,28.4266,0.3324717429544519,9250465.116600001
2021,대학교,사립,기존,경북,영남대학교,인문사회계열,1680,1683,7857,1682,99.94,4.67,88.495,11.444999999999991,23.6572,0.2673280976326346,6215905.616400001
2021,대학교,사립,기존,경북,영남대학교,자연과학계열,758,759,4435,759,100.0,5.84,83.0667,16.933300000000003,30.6985,0.3695644584412285,8624152.302099999
2021,대학교,사립,기존,경북,영남신학대학교,인문사회계열,115,115,172,115,100.0,1.5,88.495,11.504999999999995,23.6572,0.2673280976326346,6372754.8333
2021,대학교,사립,기존,경남,영산대학교,공학계열,180,180,432,36,20.0,2.4,48.122,-28.122,37.4176,0.7775570425169361,7607864.4602
2021,대학교,사립,기존,경남,영산대학교,예체능계열,70,70,174,70,100.0,2.49,83.62,16.379999999999995,27.0073,0.3229765606314279,6747516.8
2021,대학교,사립,기존,경남,영산대학교,인문사회계열,220,222,760,187,84.23,3.42,74.1514,10.078600000000009,30.3269,0.4089862092961158,5747047.1291000005
2021,대학교,사립,기존,경남,영산대학교,자연과학계열,160,160,1947,158,98.75,12.17,82.4733,16.276700000000005,24.7285,0.2998364319119036,7204843.133300001
2021,대학교,사립,기존,부산,영산대학교 _제2캠퍼스,예체능계열,375,376,1547,292,77.66,4.11,95.6044,-17.9444,6.9558,0.0727560656204107,7161196.2057
2021,대학교,사립,기존,부산,영산대학교 _제2캠퍼스,인문사회계열,355,355,936,217,61.13,2.64,85.823,-24.69299999999999,13.9013,0.1619763932745301,5685550.4497
2021,대학교,사립,기존,부산,영산대학교 _제2캠퍼스,자연과학계열,140,140,691,137,97.86,4.94,96.0967,1.763300000000001,3.6293,0.0377671657819675,7035073.5139
2021,대학교,사립,기존,전남,영산선학대학교,인문사회계열,50,50,6,6,12.0,0.12,68.67,-56.67,40.2467,0.5860885393912916,2060000.0
2021,대학교,사립,기존,전북,예수대학교,자연과학계열,110,111,674,111,100.0,6.07,88.0383,11.961699999999992,9.1215,0.1036083159261366,7225614.2
2021,대학교,사립,기존,전북,예원예술대학교,예체능계열,186,187,657,158,84.49,3.51,93.09,-8.600000000000009,7.4732,0.0802792996025351,8219390.6278
2021,대학교,사립,기존,경기,예원예술대학교 _제2캠퍼스,예체능계열,89,89,801,85,95.51,9.0,88.9569,6.553100000000001,27.2935,0.3068171215498741,8482056.3249
2021,대학교,사립,기존,경기,용인대학교,예체능계열,758,762,6380,762,100.0,8.37,88.9569,11.043099999999995,27.2935,0.3068171215498741,8589386.5339
2021,대학교,사립,기존,경기,용인대학교,인문사회계열,295,296,2160,296,100.0,7.3,87.705,12.295000000000002,25.6357,0.2922946240237158,7421715.404700001
2021,대학교,사립,기존,경기,용인대학교,자연과학계열,139,140,939,139,99.29,6.71,99.517,-0.2269999999999896,2.3243,0.0233558085553222,8146831.9013
2021,대학교,사립,기존,전북,우석대학교,공학계열,448,432,1141,169,39.12,2.64,64.805,-25.68500000000001,21.4742,0.3313664069130468,7978770.039399999
2021,대학교,사립,기존,전북,우석대학교,예체능계열,220,210,835,174,82.86,3.98,93.09,-10.230000000000004,7.4732,0.0802792996025351,7581757.376999999
2021,대학교,사립,기존,전북,우석대학교,인문사회계열,587,625,2708,768,122.88,4.33,91.365,31.515,15.7332,0.17220160893121,6174829.469400001
2021,대학교,사립,기존,전북,우석대학교,자연과학계열,460,459,3068,342,74.51,6.68,88.0383,-13.528300000000002,9.1215,0.1036083159261366,7474295.579700001
2021,대학교,사립,기존,대전,우송대학교,공학계열,602,605,3322,603,99.67,5.49,91.8183,7.851700000000008,8.3251,0.0906692892375485,7662368.702099999
2021,대학교,사립,기존,대전,우송대학교,예체능계열,180,180,1460,180,100.0,8.11,88.2417,11.758300000000006,28.2156,0.3197535858896644,7832897.995
2021,대학교,사립,기존,대전,우송대학교,인문사회계열,697,700,4307,690,98.57,6.15,82.2825,16.287499999999994,22.4711,0.273096952571932,7178382.853399999
2021,대학교,사립,기존,대전,우송대학교,자연과학계열,525,528,5327,528,100.0,10.09,93.5871,6.412899999999993,9.1528,0.0977998036054114,7827367.4123
2021,대학교,특별법법인,기존,울산,울산과학기술원,공학계열,375,375,3406,336,89.6,9.08,89.6,0.0,0.0,0.0,6286622.222200001
2021,대학교,특별법법인,기존,울산,울산과학기술원,인문사회계열,25,25,296,15,60.0,11.84,60.0,0.0,0.0,0.0,5685533.3331
2021,대학교,사립,기존,울산,울산대학교,공학계열,1016,1021,3985,1008,98.73,3.9,98.73,0.0,0.0,0.0,8551358.7632
2021,대학교,사립,기존,울산,울산대학교,예체능계열,270,315,1231,268,85.08,3.91,85.08,0.0,0.0,0.0,9006919.3274
2021,대학교,사립,기존,울산,울산대학교,인문사회계열,969,970,3216,944,97.32,3.32,97.32,0.0,0.0,0.0,6169365.0942
2021,대학교,사립,기존,울산,울산대학교,자연과학계열,482,485,3287,458,94.43,6.78,94.43,0.0,0.0,0.0,8082630.732899999
2021,대학교,사립,기존,전북,원광대학교,공학계열,1157,1158,3582,782,67.53,3.09,64.805,2.7249999999999943,21.4742,0.3313664069130468,8261697.1229
2021,대학교,사립,기존,전북,원광대학교,예체능계열,384,388,2570,370,95.36,6.62,93.09,2.269999999999996,7.4732,0.0802792996025351,7811127.790899999
2021,대학교,사립,기존,전북,원광대학교,인문사회계열,1089,1097,4741,914,83.32,4.32,91.365,-8.045000000000002,15.7332,0.17220160893121,6418968.6188
2021,대학교,사립,기존,전북,원광대학교,자연과학계열,896,900,6196,767,85.22,6.88,88.0383,-2.818300000000008,9.1215,0.1036083159261366,7931645.109800001
2021,대학교,사립,기존,경북,위덕대학교,공학계열,85,85,171,79,92.94,2.01,82.8208,10.119199999999992,26.0821,0.3149220968645557,8211784.646
2021,대학교,사립,기존,경북,위덕대학교,예체능계열,75,75,195,75,100.0,2.6,85.5008,14.499200000000002,28.4266,0.3324717429544519,8680141.6833
2021,대학교,사립,기존,경북,위덕대학교,인문사회계열,345,345,884,343,99.42,2.56,88.495,10.924999999999995,23.6572,0.2673280976326346,6690155.2485
2021,대학교,사립,기존,경북,위덕대학교,자연과학계열,251,251,1138,246,98.01,4.53,83.0667,14.943300000000008,30.6985,0.3695644584412285,8271146.1376
2021,대학교,사립,기존,충북,유원대학교,공학계열,190,193,687,76,39.38,3.56,76.4714,-37.0914,25.6315,0.3351775958070598,8220267.4846
2021,대학교,사립,기존,충북,유원대학교,예체능계열,80,82,305,61,74.39,3.72,83.0812,-8.691199999999995,34.7132,0.4178225639494856,8183830.6866999995
2021,대학교,사립,기존,충북,유원대학교,인문사회계열,325,329,1556,288,87.54,4.73,81.6711,5.868900000000011,21.9696,0.2690009072976855,6610638.6483
2021,대학교,사립,기존,충북,유원대학교,자연과학계열,280,280,3028,245,87.5,10.81,91.8112,-4.3112,11.073,0.1206062005506953,8256969.7883
2021,대학교,사립,기존,대전,을지대학교,자연과학계열,40,39,1053,39,100.0,27.0,93.5871,6.412899999999993,9.1528,0.0977998036054114,10033003.3331
2021,대학교,사립,기존,경기,을지대학교 _제2캠퍼스,예체능계열,71,71,852,71,100.0,12.0,88.9569,11.043099999999995,27.2935,0.3068171215498741,9152434.32
2021,대학교,사립,기존,경기,을지대학교 _제2캠퍼스,인문사회계열,156,158,1220,158,100.0,7.72,87.705,12.295000000000002,25.6357,0.2922946240237158,8208537.840000001
2021,대학교,사립,기존,경기,을지대학교 _제2캠퍼스,자연과학계열,682,682,8748,682,100.0,12.83,99.517,0.4830000000000041,2.3243,0.0233558085553222,9009712.329699999
2021,대학교,사립,기존,서울,이화여자대학교,공학계열,514,514,4311,84,16.34,8.39,93.2734,-76.93339999999999,23.6804,0.2538815996843687,9779742.8095
2021,대학교,사립,기존,서울,이화여자대학교,예체능계열,494,494,2743,170,34.41,5.55,94.4087,-59.9987,17.3966,0.1842690345275382,10339114.7046
2021,대학교,사립,기존,서울,이화여자대학교,인문사회계열,1278,1280,12545,573,44.77,9.8,96.1884,-51.4184,11.6715,0.1213399952593036,7792587.0852
2021,대학교,사립,기존,서울,이화여자대학교,자연과학계열,741,741,6070,328,44.26,8.19,97.6038,-53.34380000000001,10.8878,0.111550984695268,9318137.3997
2021,대학교,사립,기존,경남,인제대학교,공학계열,1154,1089,2989,735,67.49,2.74,48.122,19.367999999999995,37.4176,0.7775570425169361,7980644.8903
2021,대학교,사립,기존,경남,인제대학교,예체능계열,75,75,355,75,100.0,4.73,83.62,16.379999999999995,27.0073,0.3229765606314279,7513880.3006
2021,대학교,사립,기존,경남,인제대학교,인문사회계열,514,513,1945,417,81.29,3.79,74.1514,7.138600000000011,30.3269,0.4089862092961158,5895817.1405
2021,대학교,사립,기존,경남,인제대학교,자연과학계열,288,353,2483,333,94.33,7.03,82.4733,11.856700000000004,24.7285,0.2998364319119036,7671029.549699999
2021,대학교,사립,기존,인천,인천가톨릭대학교,인문사회계열,16,16,20,16,100.0,1.25,81.3833,18.616699999999994,32.1758,0.3953612104694697,5270100.0
2021,대학교,사립,기존,인천,인천가톨릭대학교 _제2캠퍼스,예체능계열,110,110,541,110,100.0,4.92,100.0,0.0,0.0,0.0,8522931.1315
2021,대학교,사립,기존,인천,인천가톨릭대학교 _제2캠퍼스,자연과학계열,40,40,254,40,100.0,6.35,100.0,0.0,0.0,0.0,8815150.0
2021,대학교,국립대법인,기존,인천,인천대학교,공학계열,997,998,5912,997,99.9,5.92,99.9,0.0,0.0,0.0,5306574.6032
2021,대학교,국립대법인,기존,인천,인천대학교,예체능계열,284,284,3043,283,99.65,10.71,99.65,0.0,0.0,0.0,5003335.7143
2021,대학교,국립대법인,기존,인천,인천대학교,인문사회계열,975,977,6111,975,99.8,6.25,99.8,0.0,0.0,0.0,4275767.9643
2021,대학교,국립대법인,기존,인천,인천대학교,자연과학계열,236,237,1423,237,100.0,6.0,100.0,0.0,0.0,0.0,4649673.3333
2021,대학교,사립,기존,인천,인하대학교,공학계열,1613,1614,18984,1453,90.02,11.76,68.345,21.675,30.6531,0.4485053771307337,8865232.7213
2021,대학교,사립,기존,인천,인하대학교,예체능계열,237,237,4056,237,100.0,17.11,100.0,0.0,0.0,0.0,8788302.9549
2021,대학교,사립,기존,인천,인하대학교,인문사회계열,1234,1238,15251,1237,99.92,12.32,81.3833,18.5367,32.1758,0.3953612104694697,7140757.6154
2021,대학교,사립,기존,인천,인하대학교,자연과학계열,507,509,11775,509,100.0,23.13,100.0,0.0,0.0,0.0,8566799.591699999
2021,대학교,사립,기존,서울,장로회신학대학교,예체능계열,50,50,121,50,100.0,2.42,94.4087,5.591300000000004,17.3966,0.1842690345275382,8918550.0
2021,대학교,사립,기존,서울,장로회신학대학교,인문사회계열,100,100,236,100,100.0,2.36,96.1884,3.811599999999999,11.6715,0.1213399952593036,6324550.0
2021,대학교,국립,기존,광주,전남대학교,공학계열,904,904,4985,903,99.89,5.51,99.89,0.0,0.0,0.0,4425547.3805
2021,대학교,국립,기존,광주,전남대학교,예체능계열,212,212,830,211,99.53,3.92,99.53,0.0,0.0,0.0,4560547.618899999
2021,대학교,국립,기존,광주,전남대학교,인문사회계열,1105,1108,7184,1106,99.82,6.48,99.755,0.0649999999999977,0.0919,0.0009212570798456,3530621.9717
2021,대학교,국립,기존,광주,전남대학교,자연과학계열,1146,1147,8223,1147,100.0,7.17,100.0,0.0,0.0,0.0,4310425.5612
2021,대학교,국립,기존,전남,전남대학교 _제2캠퍼스,공학계열,419,421,1781,348,82.66,4.23,86.5075,-3.8474999999999966,6.0925,0.070427419587897,4445227.0131
2021,대학교,국립,기존,전남,전남대학교 _제2캠퍼스,인문사회계열,219,220,915,197,89.55,4.16,89.9833,-0.4333000000000027,2.8052,0.0311746735227536,3683881.6160999998
2021,대학교,국립,기존,전남,전남대학교 _제2캠퍼스,자연과학계열,195,195,731,155,79.49,3.75,85.9567,-6.466700000000003,7.0851,0.082426384447053,4146822.8571
2021,대학교,국립,기존,전북,전북대학교,공학계열,1340,1346,6958,1338,99.41,5.17,91.38,8.030000000000001,11.3561,0.1242733639746115,4610351.6372
2021,대학교,국립,기존,전북,전북대학교,예체능계열,175,175,633,172,98.29,3.62,96.785,1.5050000000000097,2.1284,0.0219910110037712,4666828.571
2021,대학교,국립,기존,전북,전북대학교,인문사회계열,1125,1128,7267,1127,99.91,6.44,63.4367,36.4733,55.1432,0.8692633759322285,3396788.9909999995
2021,대학교,국립,기존,전북,전북대학교,자연과학계열,1178,1180,9061,1176,99.66,7.68,92.685,6.974999999999994,9.8641,0.1064260667853482,4434490.6007
2021,교육대학,국립,기존,전북,전주교육대학교,인문사회계열,285,287,982,0,0.0,3.42,63.4367,-63.4367,55.1432,0.8692633759322285,3363000.0
2021,대학교,사립,기존,전북,전주대학교,공학계열,622,623,2923,569,91.33,4.69,64.805,26.52499999999999,21.4742,0.3313664069130468,8233747.458
2021,대학교,사립,기존,전북,전주대학교,예체능계열,304,304,1411,300,98.68,4.64,93.09,5.590000000000003,7.4732,0.0802792996025351,7895991.7185
2021,대학교,사립,기존,전북,전주대학교,인문사회계열,1101,1105,4721,993,89.86,4.27,91.365,-1.5049999999999957,15.7332,0.17220160893121,6563347.2249
2021,대학교,사립,기존,전북,전주대학교,자연과학계열,535,538,3355,517,96.1,6.24,88.0383,8.061699999999988,9.1215,0.1036083159261366,7561820.089
2021,기술대학,사립,기존,서울,정석대학,공학계열,25,25,0,0,0.0,0.0,93.2734,-93.2734,23.6804,0.2538815996843687,0.0
2021,기술대학,사립,기존,서울,정석대학,인문사회계열,0,30,27,27,90.0,0.9,96.1884,-6.1884000000000015,11.6715,0.1213399952593036,0.0
2021,대학교,사립,기존,제주,제주국제대학교,공학계열,120,120,93,31,25.83,0.78,25.83,0.0,0.0,0.0,6619315.251700001
2021,대학교,사립,기존,제주,제주국제대학교,예체능계열,120,120,115,57,47.5,0.96,47.5,0.0,0.0,0.0,6416281.3363
2021,대학교,사립,기존,제주,제주국제대학교,인문사회계열,115,115,100,20,17.39,0.87,17.39,0.0,0.0,0.0,6046847.771500001
2021,대학교,국립,기존,제주,제주대학교,공학계열,382,384,1921,384,100.0,5.0,100.0,0.0,0.0,0.0,4396723.9253
2021,대학교,국립,기존,제주,제주대학교,예체능계열,70,144,521,144,100.0,3.62,100.0,0.0,0.0,0.0,4279282.3033
2021,대학교,국립,기존,제주,제주대학교,인문사회계열,893,898,4927,898,100.0,5.49,100.0,0.0,0.0,0.0,3337737.6269
2021,대학교,국립,기존,제주,제주대학교,자연과학계열,661,662,4892,662,100.0,7.39,100.0,0.0,0.0,0.0,4202976.9812
2021,대학교,사립,기존,광주,조선대학교,공학계열,1518,1527,6016,1451,95.02,3.94,84.2483,10.771699999999996,15.769,0.1871729162487551,7956486.772400001
2021,대학교,사립,기존,광주,조선대학교,예체능계열,507,509,1988,506,99.41,3.91,96.2688,3.1411999999999978,4.5258,0.04701211607499,7660610.115099999
2021,대학교,사립,기존,광주,조선대학교,인문사회계열,1584,1594,6736,1572,98.62,4.23,94.8475,3.772500000000008,8.5216,0.0898452779461767,6194613.6739
2021,대학교,사립,기존,광주,조선대학교,자연과학계열,721,720,5639,693,96.25,7.83,94.995,1.2549999999999957,4.4529,0.0468750986894047,7556035.108
2021,대학교,사립,기존,충남,중부대학교,공학계열,365,366,1997,307,83.88,5.46,91.4446,-7.564599999999999,13.7106,0.1499334023004092,7877488.5838
2021,대학교,사립,기존,충남,중부대학교,예체능계열,490,490,3764,474,96.73,7.68,97.485,-0.7549999999999955,5.453,0.0559368107914038,8049557.456200001
2021,대학교,사립,기존,충남,중부대학교,인문사회계열,770,769,5014,653,84.92,6.52,87.7086,-2.7886000000000024,20.5631,0.2344479332699415,6872869.2114
2021,대학교,사립,기존,충남,중부대학교,자연과학계열,260,260,1850,243,93.46,7.12,95.4058,-1.9458000000000053,7.0091,0.073466183397655,7430537.0619
2021,대학교,사립,기존,서울,중앙대학교,공학계열,926,932,21318,925,99.25,22.87,93.2734,5.976600000000005,23.6804,0.2538815996843687,9475354.7006
2021,대학교,사립,기존,서울,중앙대학교,예체능계열,30,126,4920,126,100.0,39.05,94.4087,5.591300000000004,17.3966,0.1842690345275382,9344610.0
2021,대학교,사립,기존,서울,중앙대학교,인문사회계열,1586,1593,30072,1589,99.75,18.88,96.1884,3.5615999999999985,11.6715,0.1213399952593036,7381507.4074
2021,대학교,사립,기존,서울,중앙대학교,자연과학계열,552,556,14226,550,98.92,25.59,97.6038,1.316199999999995,10.8878,0.111550984695268,9230688.0561
2021,대학교,사립,기존,경기,중앙대학교 _제2캠퍼스,예체능계열,120,714,6911,713,99.86,9.68,88.9569,10.903099999999997,27.2935,0.3068171215498741,9729359.533
2021,대학교,사립,기존,경기,중앙대학교 _제2캠퍼스,자연과학계열,325,328,2225,327,99.7,6.78,99.517,0.1830000000000069,2.3243,0.0233558085553222,8491900.0
2021,대학교,사립,기존,충북,중원대학교,공학계열,270,271,1030,259,95.57,3.8,76.4714,19.09859999999999,25.6315,0.3351775958070598,8080260.8619
2021,대학교,사립,기존,충북,중원대학교,예체능계열,145,147,580,147,100.0,3.95,83.0812,16.918800000000005,34.7132,0.4178225639494856,7763567.868000001
2021,대학교,사립,기존,충북,중원대학교,인문사회계열,168,170,824,168,98.82,4.85,81.6711,17.148899999999998,21.9696,0.2690009072976855,6537522.103
2021,대학교,사립,기존,충북,중원대학교,자연과학계열,288,291,1547,290,99.66,5.32,91.8112,7.848799999999997,11.073,0.1206062005506953,8069134.1912
2021,교육대학,국립,기존,경남,진주교육대학교,인문사회계열,319,319,1562,0,0.0,4.9,74.0875,-74.0875,49.392,0.6666711658511895,3530769.9099
2021,대학교,사립,기존,경기,차의과학대학교,인문사회계열,229,230,1106,230,100.0,4.81,87.705,12.295000000000002,25.6357,0.2922946240237158,7450283.3333
2021,대학교,사립,기존,경기,차의과학대학교,자연과학계열,245,245,1265,245,100.0,5.16,99.517,0.4830000000000041,2.3243,0.0233558085553222,7843679.7316
2021,대학교,사립,기존,경남,창신대학교,공학계열,92,92,416,85,92.39,4.52,48.122,44.268,37.4176,0.7775570425169361,7609356.2853
2021,대학교,사립,기존,경남,창신대학교,예체능계열,60,60,244,60,100.0,4.07,83.62,16.379999999999995,27.0073,0.3229765606314279,7269064.4947999995
2021,대학교,사립,기존,경남,창신대학교,인문사회계열,200,200,896,200,100.0,4.48,74.1514,25.848600000000005,30.3269,0.4089862092961158,5842445.6301
2021,대학교,사립,기존,경남,창신대학교,자연과학계열,123,123,1384,123,100.0,11.25,82.4733,17.526700000000005,24.7285,0.2998364319119036,6878807.6282
2021,산업대학,사립,기존,충남,청운대학교,공학계열,270,270,2051,239,88.52,7.6,91.4446,-2.924599999999998,13.7106,0.1499334023004092,7952545.4277
2021,산업대학,사립,기존,충남,청운대학교,예체능계열,301,302,1426,244,80.79,4.72,97.485,-16.694999999999993,5.453,0.0559368107914038,8161234.729799999
2021,산업대학,사립,기존,충남,청운대학교,인문사회계열,532,533,3642,377,70.73,6.83,87.7086,-16.9786,20.5631,0.2344479332699415,7025628.9501
2021,산업대학,사립,기존,충남,청운대학교,자연과학계열,100,101,1039,77,76.24,10.29,95.4058,-19.165800000000004,7.0091,0.073466183397655,8086169.63
2021,교육대학,국립,기존,충북,청주교육대학교,인문사회계열,286,288,1413,0,0.0,4.91,74.8675,-74.8675,49.9118,0.6666684475907436,3323823.0769
2021,대학교,사립,기존,충북,청주대학교,공학계열,848,854,3300,829,97.07,3.86,76.4714,20.59859999999999,25.6315,0.3351775958070598,8754289.9597
2021,대학교,사립,기존,충북,청주대학교,예체능계열,331,332,3203,332,100.0,9.65,83.0812,16.918800000000005,34.7132,0.4178225639494856,8631585.7241
2021,대학교,사립,기존,충북,청주대학교,인문사회계열,1105,1117,4772,1109,99.28,4.27,81.6711,17.608900000000006,21.9696,0.2690009072976855,7251282.4284
2021,대학교,사립,기존,충북,청주대학교,자연과학계열,348,349,2260,348,99.71,6.48,91.8112,7.898799999999994,11.073,0.1206062005506953,8339846.856900001
2021,대학교,사립,기존,전남,초당대학교,공학계열,200,200,709,192,96.0,3.54,68.715,27.285,46.7186,0.6798893982391035,7345446.9833
2021,대학교,사립,기존,전남,초당대학교,예체능계열,25,25,94,25,100.0,3.76,80.8325,19.167500000000004,38.335,0.4742523118795039,6816277.0534
2021,대학교,사립,기존,전남,초당대학교,인문사회계열,242,243,1022,243,100.0,4.21,68.67,31.33,40.2467,0.5860885393912916,5760803.647299999
2021,대학교,사립,기존,전남,초당대학교,자연과학계열,285,286,2092,284,99.3,7.31,89.272,10.027999999999992,22.5866,0.253008782148938,6877806.615700001
2021,대학교,사립,기존,서울,총신대학교,예체능계열,51,51,172,51,100.0,3.37,94.4087,5.591300000000004,17.3966,0.1842690345275382,9334493.209999999
2021,대학교,사립,기존,서울,총신대학교,인문사회계열,256,256,984,255,99.61,3.84,96.1884,3.421599999999998,11.6715,0.1213399952593036,7143588.522499999
2021,대학교,사립,기존,서울,추계예술대학교,예체능계열,192,193,2027,192,99.48,10.5,94.4087,5.071300000000008,17.3966,0.1842690345275382,9602286.838
2021,대학교,사립,기존,서울,추계예술대학교,인문사회계열,58,59,809,59,100.0,13.71,96.1884,3.811599999999999,11.6715,0.1213399952593036,7307010.1865
2021,교육대학,국립,기존,강원,춘천교육대학교,인문사회계열,321,321,1523,0,0.0,4.74,78.618,-78.618,43.9884,0.5595207204456994,3269603.7791999998
2021,대학교,국립,기존,대전,충남대학교,공학계열,1110,1110,7456,1108,99.82,6.72,99.835,-0.0150000000000005,0.0212,0.0002123503781239,4899340.2299999995
2021,대학교,국립,기존,대전,충남대학교,예체능계열,208,211,676,208,98.58,3.2,97.74,0.8400000000000034,1.1879,0.0121536730100266,4682638.889
2021,대학교,국립,기존,대전,충남대학교,인문사회계열,1111,1114,8490,1109,99.55,7.62,99.655,-0.1050000000000039,0.1485,0.001490140986403,3461409.6468
2021,대학교,국립,기존,대전,충남대학교,자연과학계열,1132,1136,9358,1129,99.38,8.24,99.38,0.0,0.0,0.0,4289067.3703000005
2021,대학교,국립,기존,충북,충북대학교,공학계열,869,872,7242,871,99.89,8.31,99.6667,0.2232999999999947,0.4852,0.00486822579658,4666339.052399999
2021,대학교,국립,기존,충북,충북대학교,예체능계열,63,63,323,63,100.0,5.13,100.0,0.0,0.0,0.0,4497002.6665
2021,대학교,국립,기존,충북,충북대학교,인문사회계열,895,901,6798,901,100.0,7.54,74.8675,25.132499999999997,49.9118,0.6666684475907436,3582758.2489
2021,대학교,국립,기존,충북,충북대학교,자연과학계열,929,931,7856,930,99.89,8.44,99.9633,-0.0733000000000032,0.0635,0.0006352331305589,4441999.217499999
2021,대학교,사립,기존,경기,칼빈대학교,인문사회계열,77,78,182,77,98.72,2.33,87.705,11.015,25.6357,0.2922946240237158,7350174.352
2021,대학교,사립,기존,경기,평택대학교,공학계열,218,221,1540,218,98.64,6.97,89.3696,9.270399999999997,29.313,0.3279974398453165,8425696.6
2021,대학교,사립,기존,경기,평택대학교,예체능계열,144,144,1993,144,100.0,13.84,88.9569,11.043099999999995,27.2935,0.3068171215498741,9197230.512
2021,대학교,사립,기존,경기,평택대학교,인문사회계열,337,340,2618,329,96.76,7.7,87.705,9.055000000000009,25.6357,0.2922946240237158,7159925.7535
2021,대학교,사립,기존,경기,평택대학교,자연과학계열,106,107,1294,106,99.07,12.09,99.517,-0.4470000000000027,2.3243,0.0233558085553222,8294379.7433
2021,대학교,사립,기존,경북,포항공과대학교,공학계열,320,320,2224,319,99.69,6.95,82.8208,16.869199999999992,26.0821,0.3149220968645557,5890030.635
2021,대학교,국립,기존,경기,한경국립대학교,공학계열,560,560,3728,556,99.29,6.66,99.29,0.0,0.0,0.0,4174192.7188
2021,대학교,국립,기존,경기,한경국립대학교,예체능계열,55,55,334,54,98.18,6.07,98.18,0.0,0.0,0.0,4188322.6666
2021,대학교,국립,기존,경기,한경국립대학교,인문사회계열,162,162,1099,160,98.77,6.78,98.77,0.0,0.0,0.0,3663961.0
2021,대학교,국립,기존,경기,한경국립대학교,자연과학계열,304,304,1573,300,98.68,5.17,98.68,0.0,0.0,0.0,3981527.4545
2021,대학교,사립,기존,경기,한국공학대학교,공학계열,1241,1249,10703,1246,99.76,8.57,89.3696,10.3904,29.313,0.3279974398453165,9584528.1612
2021,대학교,사립,기존,경기,한국공학대학교,인문사회계열,139,140,1314,139,99.29,9.39,87.705,11.585000000000008,25.6357,0.2922946240237158,8740821.112
2021,대학교,특별법법인,기존,대전,한국과학기술원,공학계열,611,456,2570,440,96.49,5.64,96.49,0.0,0.0,0.0,6979464.285699999
2021,대학교,국립,기존,충북,한국교원대학교,공학계열,20,20,69,20,100.0,3.45,99.6667,0.3332999999999941,0.4852,0.00486822579658,3602000.0
2021,대학교,국립,기존,충북,한국교원대학교,예체능계열,57,57,199,57,100.0,3.49,100.0,0.0,0.0,0.0,3803333.3329999996
2021,대학교,국립,기존,충북,한국교원대학교,인문사회계열,309,310,1933,309,99.68,6.24,74.8675,24.8125,49.9118,0.6666684475907436,2876736.3636
2021,대학교,국립,기존,충북,한국교원대학교,자연과학계열,160,162,656,162,100.0,4.05,99.9633,0.0366999999999961,0.0635,0.0006352331305589,3511312.5
2021,대학교,사립,기존,충남,한국기술교육대학교,공학계열,720,720,4258,720,100.0,5.91,91.4446,8.555400000000006,13.7106,0.1499334023004092,4802551.0685
2021,대학교,사립,기존,충남,한국기술교육대학교,인문사회계열,116,116,556,116,100.0,4.79,87.7086,12.291399999999996,20.5631,0.2344479332699415,3404779.3049999997
2021,방송통신대학,국립,기존,서울,한국방송통신대학교,공학계열,3040,3040,1177,1015,33.39,0.39,66.495,-33.105000000000004,46.8175,0.704075494398075,1469650.7
2021,방송통신대학,국립,기존,서울,한국방송통신대학교,인문사회계열,40380,40380,9658,8052,19.94,0.24,39.98,-20.04,52.9264,1.323821910955478,786481.72331
2021,방송통신대학,국립,기존,서울,한국방송통신대학교,자연과학계열,8130,8130,2432,2050,25.22,0.3,62.61,-37.39,52.8774,0.8445519885002396,731590.0
2021,대학교,사립,기존,서울,한국성서대학교,공학계열,35,35,180,35,100.0,5.14,93.2734,6.726600000000005,23.6804,0.2538815996843687,7827665.0
2021,대학교,사립,기존,서울,한국성서대학교,인문사회계열,143,142,615,142,100.0,4.33,96.1884,3.811599999999999,11.6715,0.1213399952593036,6970768.0
2021,대학교,사립,기존,서울,한국성서대학교,자연과학계열,45,44,473,44,100.0,10.75,97.6038,2.396199999999993,10.8878,0.111550984695268,8179665.0
2021,각종학교(대학),특별법국립,기존,서울,한국예술종합학교,공학계열,20,20,110,20,100.0,5.5,100.0,0.0,0.0,0.0,4816720.0
2021,각종학교(대학),특별법국립,기존,서울,한국예술종합학교,예체능계열,506,499,11458,487,97.6,22.96,97.6,0.0,0.0,0.0,4851206.6667
2021,각종학교(대학),특별법국립,기존,서울,한국예술종합학교,인문사회계열,32,32,480,32,100.0,15.0,100.0,0.0,0.0,0.0,4850200.0
2021,대학교,사립,기존,서울,한국외국어대학교,공학계열,284,284,1476,283,99.65,5.2,93.2734,6.3766000000000105,23.6804,0.2538815996843687,8915992.8777
2021,대학교,사립,기존,서울,한국외국어대학교,인문사회계열,2835,2835,33610,2822,99.54,11.86,96.1884,3.351600000000005,11.6715,0.1213399952593036,7379582.0342
2021,대학교,사립,기존,서울,한국외국어대학교,자연과학계열,258,258,1871,257,99.61,7.25,97.6038,2.0061999999999927,10.8878,0.111550984695268,8349043.1207
2021,대학교,국립,기존,서울,한국체육대학교,예체능계열,535,535,2373,534,99.81,4.44,89.16,10.650000000000006,18.6111,0.2087382234185733,4168598.4249
2021,대학교,사립,기존,대전,한국침례신학대학교,예체능계열,60,62,53,19,30.65,0.85,88.2417,-57.5917,28.2156,0.3197535858896644,8045784.3967
2021,대학교,사립,기존,대전,한국침례신학대학교,인문사회계열,285,289,325,169,58.48,1.12,82.2825,-23.8025,22.4711,0.273096952571932,6116929.8135
2021,대학교,사립,기존,경기,한국항공대학교,공학계열,582,585,3773,612,104.62,6.45,89.3696,15.2504,29.313,0.3279974398453165,9410669.8126
2021,대학교,사립,기존,경기,한국항공대학교,인문사회계열,107,109,732,113,103.67,6.72,87.705,15.965000000000003,25.6357,0.2922946240237158,7236665.1434
2021,대학교,사립,기존,경기,한국항공대학교,자연과학계열,188,186,1772,194,104.3,9.53,99.517,4.783000000000001,2.3243,0.0233558085553222,8998027.3567
2021,대학교,사립,기존,대전,한남대학교,공학계열,725,726,3807,717,98.76,5.24,91.8183,6.941700000000012,8.3251,0.0906692892375485,8590165.5659
2021,대학교,사립,기존,대전,한남대학교,예체능계열,201,201,1185,201,100.0,5.9,88.2417,11.758300000000006,28.2156,0.3197535858896644,8449529.6739
2021,대학교,사립,기존,대전,한남대학교,인문사회계열,1447,1447,6658,1422,98.27,4.6,82.2825,15.987499999999995,22.4711,0.273096952571932,6797273.264
2021,대학교,사립,기존,대전,한남대학교,자연과학계열,342,341,1747,337,98.83,5.12,93.5871,5.242899999999992,9.1528,0.0977998036054114,7917873.799799999
2021,대학교,사립,기존,경북,한동대학교,인문사회계열,0,729,2841,729,100.0,3.9,88.495,11.504999999999995,23.6572,0.2673280976326346,6320225.0
2021,대학교,사립,기존,강원,한라대학교,공학계열,459,464,1140,312,67.24,2.46,77.728,-10.488,20.4051,0.2625192980650473,7975056.5361
2021,대학교,사립,기존,강원,한라대학교,예체능계열,119,120,345,90,75.0,2.88,90.47,-15.47,11.152,0.1232673814524151,8031978.495999999
2021,대학교,사립,기존,강원,한라대학교,인문사회계열,305,306,828,213,69.61,2.71,79.8329,-10.222899999999996,14.0031,0.175405127459982,6418224.5022
2021,대학교,사립,기존,강원,한림대학교,공학계열,283,283,1014,282,99.65,3.58,77.728,21.92200000000001,20.4051,0.2625192980650473,8800964.4806
2021,대학교,사립,기존,강원,한림대학교,예체능계열,50,50,287,50,100.0,5.74,90.47,9.53,11.152,0.1232673814524151,8687647.0
2021,대학교,사립,기존,강원,한림대학교,인문사회계열,924,927,4023,926,99.89,4.34,79.8329,20.057100000000005,14.0031,0.175405127459982,7236342.6677
2021,대학교,사립,기존,강원,한림대학교,자연과학계열,514,515,2906,516,100.19,5.64,90.042,10.147999999999996,12.9157,0.1434408387197085,8527291.877
2021,대학교,사립,기존,충남,한서대학교,공학계열,497,498,1935,493,99.0,3.89,91.4446,7.555400000000006,13.7106,0.1499334023004092,8730890.029099999
2021,대학교,사립,기존,충남,한서대학교,예체능계열,315,316,1928,308,97.47,6.1,97.485,-0.0150000000000005,5.453,0.0559368107914038,8385486.8201
2021,대학교,사립,기존,충남,한서대학교,인문사회계열,391,391,4822,375,95.91,12.33,87.7086,8.201399999999992,20.5631,0.2344479332699415,7192987.519400001
2021,대학교,사립,기존,충남,한서대학교,자연과학계열,376,376,1815,352,93.62,4.83,95.4058,-1.7857999999999947,7.0091,0.073466183397655,8123223.5722
2021,대학교,사립,기존,서울,한성대학교,공학계열,424,425,4650,425,100.0,10.94,93.2734,6.726600000000005,23.6804,0.2538815996843687,8768827.9182
2021,대학교,사립,기존,서울,한성대학교,예체능계열,282,282,3145,282,100.0,11.15,94.4087,5.591300000000004,17.3966,0.1842690345275382,9000205.2592
2021,대학교,사립,기존,서울,한성대학교,인문사회계열,752,756,5963,755,99.87,7.89,96.1884,3.681600000000003,11.6715,0.1213399952593036,6929109.3287
2021,대학교,사립,기존,경기,한세대학교,공학계열,47,47,356,47,100.0,7.57,89.3696,10.630399999999996,29.313,0.3279974398453165,9457653.465
2021,대학교,사립,기존,경기,한세대학교,예체능계열,183,183,2053,183,100.0,11.22,88.9569,11.043099999999995,27.2935,0.3068171215498741,10095622.021
2021,대학교,사립,기존,경기,한세대학교,인문사회계열,296,298,2337,293,98.32,7.84,87.705,10.614999999999997,25.6357,0.2922946240237158,7724254.7204
2021,대학교,사립,기존,경기,한세대학교,자연과학계열,40,40,742,40,100.0,18.55,99.517,0.4830000000000041,2.3243,0.0233558085553222,8855625.0
2021,대학교,사립,기존,경기,한신대학교,공학계열,216,216,2074,216,100.0,9.6,89.3696,10.630399999999996,29.313,0.3279974398453165,8664905.3335
2021,대학교,사립,기존,경기,한신대학교,예체능계열,32,32,423,32,100.0,13.22,88.9569,11.043099999999995,27.2935,0.3068171215498741,8421620.0
2021,대학교,사립,기존,경기,한신대학교,인문사회계열,841,842,7439,834,99.05,8.83,87.705,11.345,25.6357,0.2922946240237158,7318036.6787
2021,대학교,사립,기존,경기,한신대학교,자연과학계열,82,82,779,82,100.0,9.5,99.517,0.4830000000000041,2.3243,0.0233558085553222,7953270.0
2021,대학교,사립,기존,서울,한양대학교,공학계열,1189,1195,19419,1191,99.67,16.25,93.2734,6.396600000000007,23.6804,0.2538815996843687,9886809.9748
2021,대학교,사립,기존,서울,한양대학교,예체능계열,282,284,4271,282,99.3,15.04,94.4087,4.891300000000001,17.3966,0.1842690345275382,10221140.977500001
2021,대학교,사립,기존,서울,한양대학교,인문사회계열,966,971,16590,969,99.79,17.09,96.1884,3.601600000000005,11.6715,0.1213399952593036,7785873.2256
2021,대학교,사립,기존,서울,한양대학교,자연과학계열,453,456,9054,452,99.12,19.86,97.6038,1.5161999999999978,10.8878,0.111550984695268,9004722.0955
2021,대학교,사립,기존,전북,한일장신대학교,예체능계열,55,55,105,55,100.0,1.91,93.09,6.909999999999997,7.4732,0.0802792996025351,7461399.9667
2021,대학교,사립,기존,전북,한일장신대학교,인문사회계열,112,112,197,96,85.71,1.76,91.365,-5.655000000000001,15.7332,0.17220160893121,5942602.783299999
2021,대학교,사립,기존,전북,한일장신대학교,자연과학계열,52,52,193,46,88.46,3.71,88.0383,0.4216999999999871,9.1215,0.1036083159261366,7150600.0
2021,대학교,사립,기존,경기,협성대학교,공학계열,145,146,1335,144,98.63,9.14,89.3696,9.26039999999999,29.313,0.3279974398453165,9064963.578
2021,대학교,사립,기존,경기,협성대학교,예체능계열,175,175,1619,174,99.43,9.25,88.9569,10.473100000000002,27.2935,0.3068171215498741,8932144.9822
2021,대학교,사립,기존,경기,협성대학교,인문사회계열,607,609,4247,583,95.73,6.97,87.705,8.025000000000006,25.6357,0.2922946240237158,6984830.553
2021,대학교,사립,기존,경기,협성대학교,자연과학계열,77,77,621,76,98.7,8.06,99.517,-0.8169999999999931,2.3243,0.0233558085553222,8927765.47
2021,대학교,사립,기존,광주,호남대학교,공학계열,371,372,1396,251,67.47,3.75,84.2483,-16.7783,15.769,0.1871729162487551,7187440.045700001
2021,대학교,사립,기존,광주,호남대학교,예체능계열,278,278,1535,257,92.45,5.52,96.2688,-3.818799999999996,4.5258,0.04701211607499,7116263.2773
2021,대학교,사립,기존,광주,호남대학교,인문사회계열,431,433,2214,329,75.98,5.11,94.8475,-18.867499999999996,8.5216,0.0898452779461767,6169440.701199999
2021,대학교,사립,기존,광주,호남대학교,자연과학계열,482,483,4027,457,94.62,8.34,94.995,-0.375,4.4529,0.0468750986894047,7047684.2058
2021,대학교,사립,기존,광주,호남신학대학교,예체능계열,60,60,84,54,90.0,1.4,96.2688,-6.268799999999999,4.5258,0.04701211607499,8219966.62
2021,대학교,사립,기존,광주,호남신학대학교,인문사회계열,77,77,103,77,100.0,1.34,94.8475,5.152500000000003,8.5216,0.0898452779461767,6059537.995
2021,대학교,사립,기존,충남,호서대학교,공학계열,1227,1228,6534,1163,94.71,5.32,91.4446,3.2654,13.7106,0.1499334023004092,8562796.841400001
2021,대학교,사립,기존,충남,호서대학교,예체능계열,390,391,3744,390,99.74,9.58,97.485,2.2549999999999955,5.453,0.0559368107914038,8450587.001600001
2021,대학교,사립,기존,충남,호서대학교,인문사회계열,873,875,6999,856,97.83,8.0,87.7086,10.121399999999994,20.5631,0.2344479332699415,7180762.862000001
2021,대학교,사립,기존,충남,호서대학교,자연과학계열,391,393,3325,387,98.47,8.46,95.4058,3.0642,7.0091,0.073466183397655,8042013.218799999
2021,산업대학,사립,기존,전북,호원대학교,공학계열,206,209,954,128,61.24,4.56,64.805,-3.565000000000005,21.4742,0.3313664069130468,7357384.1281
2021,산업대학,사립,기존,전북,호원대학교,예체능계열,486,491,7542,477,97.15,15.36,93.09,4.060000000000002,7.4732,0.0802792996025351,7355849.6809
2021,산업대학,사립,기존,전북,호원대학교,인문사회계열,195,197,1250,159,80.71,6.35,91.365,-10.655,15.7332,0.17220160893121,6014201.2687
2021,산업대학,사립,기존,전북,호원대학교,자연과학계열,218,218,2879,183,83.94,13.21,88.0383,-4.098300000000009,9.1215,0.1036083159261366,7404782.151800001
2021,대학교,사립,기존,서울,홍익대학교,공학계열,1285,1291,17181,1290,99.92,13.31,93.2734,6.646600000000007,23.6804,0.2538815996843687,9592294.287
2021,대학교,사립,기존,서울,홍익대학교,예체능계열,432,432,5850,432,100.0,13.54,94.4087,5.591300000000004,17.3966,0.1842690345275382,9740720.0
2021,대학교,사립,기존,서울,홍익대학교,인문사회계열,626,625,11846,625,100.0,18.95,96.1884,3.811599999999999,11.6715,0.1213399952593036,7510320.0
2021,대학교,사립,기존,서울,홍익대학교,자연과학계열,28,29,530,29,100.0,18.28,97.6038,2.396199999999993,10.8878,0.111550984695268,7510320.0
2021,대학교,사립,기존,경기,화성의과학대학교,공학계열,51,49,144,4,8.16,2.94,89.3696,-81.20960000000001,29.313,0.3279974398453165,7031550.0
2021,대학교,사립,기존,경기,화성의과학대학교,예체능계열,70,68,244,12,17.65,3.59,88.9569,-71.30690000000001,27.2935,0.3068171215498741,7319160.0
2021,대학교,사립,기존,경기,화성의과학대학교,인문사회계열,85,82,282,17,20.73,3.44,87.705,-66.975,25.6357,0.2922946240237158,6860215.0
2021,대학교,사립,기존,경기,화성의과학대학교,자연과학계열,40,40,236,36,90.0,5.9,99.517,-9.516999999999996,2.3243,0.0233558085553222,8430750.0
2022,대학교,사립,기존,경남,가야대학교(김해),인문사회계열,123,125,328,71,56.8,2.62,75.3843,-18.5843,32.3701,0.429401082188201,6285689.1713
2022,대학교,사립,기존,경남,가야대학교(김해),자연과학계열,337,338,1814,286,84.62,5.37,81.55,3.0700000000000074,30.3325,0.3719497240956468,7510269.5528
2022,대학교,사립,기존,경기,가천대학교,공학계열,1580,1582,22259,1582,100.0,14.07,92.9489,7.051100000000005,25.2369,0.271513702690403,9498716.345900001
2022,대학교,사립,기존,경기,가천대학교,예체능계열,360,360,6244,360,100.0,17.34,87.5388,12.461200000000003,30.1419,0.3443261730798229,9407052.0164
2022,대학교,사립,기존,경기,가천대학교,인문사회계열,1356,1356,20931,1356,100.0,15.44,87.1306,12.8694,28.5856,0.3280776214096999,7554649.974599999
2022,대학교,사립,기존,경기,가천대학교,자연과학계열,785,785,13517,785,100.0,17.22,99.8037,0.1962999999999937,0.5437,0.0054476938229744,8922657.2178
2022,대학교,사립,기존,강원,가톨릭관동대학교,예체능계열,300,300,1053,221,73.67,3.51,86.888,-13.218000000000004,14.1858,0.1632653530982414,8425735.2889
2022,대학교,사립,기존,강원,가톨릭관동대학교,인문사회계열,770,770,2491,658,85.45,3.24,85.9114,-0.4613999999999976,14.57,0.1695933252164439,6447164.3977
2022,대학교,사립,기존,강원,가톨릭관동대학교,자연과학계열,404,404,2483,365,90.35,6.15,92.242,-1.89200000000001,11.6741,0.126559484833373,7854516.76
2022,대학교,사립,기존,충북,가톨릭꽃동네대학교,인문사회계열,30,30,125,25,83.33,4.17,86.45,-3.1200000000000045,15.614,0.1806130711393869,7015880.82
2022,대학교,사립,기존,충북,가톨릭꽃동네대학교,자연과학계열,78,78,388,78,100.0,4.97,95.6538,4.346199999999996,6.3171,0.0660412863890404,8202801.470000001
2022,대학교,사립,기존,경기,가톨릭대학교,공학계열,414,414,5477,413,99.76,13.23,92.9489,6.81110000000001,25.2369,0.271513702690403,8636128.5231
2022,대학교,사립,기존,경기,가톨릭대학교,예체능계열,45,45,134,45,100.0,2.98,87.5388,12.461200000000003,30.1419,0.3443261730798229,9147100.0
2022,대학교,사립,기존,경기,가톨릭대학교,인문사회계열,801,803,10701,802,99.88,13.33,87.1306,12.749399999999994,28.5856,0.3280776214096999,6477322.5715
2022,대학교,사립,기존,경기,가톨릭대학교,자연과학계열,314,314,3765,313,99.68,11.99,99.8037,-0.1236999999999994,0.5437,0.0054476938229744,7654238.948000001
2022,대학교,사립,기존,서울,가톨릭대학교 _제2캠퍼스,자연과학계열,173,173,7864,173,100.0,45.46,97.6311,2.3688999999999965,10.8752,0.1113907351243609,9181500.0
2022,대학교,사립,기존,서울,가톨릭대학교 _제3캠퍼스,인문사회계열,50,50,54,49,98.0,1.08,94.2192,3.7807999999999993,16.6669,0.1768949428566576,6707100.0
2022,대학교,사립,기존,서울,감리교신학대학교,인문사회계열,200,206,154,91,44.17,0.75,94.2192,-50.0492,16.6669,0.1768949428566576,6279599.75
2022,대학교,사립,기존,경기,강남대학교,공학계열,402,402,2686,402,100.0,6.68,92.9489,7.051100000000005,25.2369,0.271513702690403,9140874.447900001
2022,대학교,사립,기존,경기,강남대학교,예체능계열,151,151,1532,151,100.0,10.15,87.5388,12.461200000000003,30.1419,0.3443261730798229,9773847.301199999
2022,대학교,사립,기존,경기,강남대학교,인문사회계열,938,938,6779,937,99.89,7.23,87.1306,12.7594,28.5856,0.3280776214096999,7289774.088500001
2022,대학교,사립,기존,서울,강서대학교,예체능계열,30,30,90,30,100.0,3.0,95.101,4.899000000000001,15.7246,0.1653463160219135,8329527.498299999
2022,대학교,사립,기존,서울,강서대학교,인문사회계열,173,173,851,173,100.0,4.92,94.2192,5.780799999999999,16.6669,0.1768949428566576,6487835.2793
2022,대학교,국립,기존,강원,강원대학교,공학계열,737,739,5107,739,100.0,6.91,99.5975,0.4025000000000034,0.6159,0.0061838901578854,4457172.4838
2022,대학교,국립,기존,강원,강원대학교,예체능계열,151,152,641,152,100.0,4.22,95.1967,4.803299999999993,8.3196,0.0873937857089583,4624889.696799999
2022,대학교,국립,기존,강원,강원대학교,인문사회계열,1041,1043,9517,1041,99.81,9.12,79.456,20.354,44.4222,0.5590792388240031,3504016.7071999996
2022,대학교,국립,기존,강원,강원대학교,자연과학계열,1164,1166,9274,1166,100.0,7.95,99.5525,0.4475000000000051,0.6048,0.0060751864594058,4236508.0345
2022,대학교,국립,기존,강원,강원대학교 _제2캠퍼스,공학계열,653,654,3070,652,99.69,4.69,99.5975,0.0925000000000011,0.6159,0.0061838901578854,4473097.386
2022,대학교,국립,기존,강원,강원대학교 _제2캠퍼스,예체능계열,157,157,633,157,100.0,4.03,95.1967,4.803299999999993,8.3196,0.0873937857089583,4616720.0
2022,대학교,국립,기존,강원,강원대학교 _제2캠퍼스,인문사회계열,232,235,1281,231,98.3,5.45,79.456,18.843999999999998,44.4222,0.5590792388240031,3565585.4211999997
2022,대학교,국립,기존,강원,강원대학교 _제2캠퍼스,자연과학계열,390,392,2911,390,99.49,7.43,99.5525,-0.0625,0.6048,0.0060751864594058,4266800.0
2022,대학교,사립,기존,서울,건국대학교,공학계열,1229,1243,24269,1231,99.03,19.52,93.6883,5.341700000000003,23.0924,0.2464811507947097,9615578.0033
2022,대학교,사립,기존,서울,건국대학교,예체능계열,305,305,3218,305,100.0,10.55,95.101,4.899000000000001,15.7246,0.1653463160219135,9507387.3809
2022,대학교,사립,기존,서울,건국대학교,인문사회계열,939,943,18383,941,99.79,19.49,94.2192,5.5708000000000055,16.6669,0.1768949428566576,7406855.6382
2022,대학교,사립,기존,서울,건국대학교,자연과학계열,527,530,9265,526,99.25,17.48,97.6311,1.6188999999999965,10.8752,0.1113907351243609,8611997.719
2022,대학교,사립,기존,충남,건양대학교,공학계열,175,175,701,152,86.86,4.01,95.0223,-8.162300000000002,11.8084,0.1242697766734756,7466888.94
2022,대학교,사립,기존,충남,건양대학교,예체능계열,50,50,359,50,100.0,7.18,96.5783,3.4217000000000013,6.5565,0.0678879209926039,7139887.0
2022,대학교,사립,기존,충남,건양대학교,인문사회계열,424,426,2386,417,97.89,5.6,92.8043,5.085700000000003,19.0746,0.2055357348743539,6218394.6082999995
2022,대학교,사립,기존,충남,건양대학교,자연과학계열,128,128,600,124,96.88,4.69,97.5208,-0.6407999999999987,3.3499,0.0343506205855571,7249258.95
2022,대학교,사립,기존,대전,건양대학교 _제2캠퍼스,자연과학계열,506,506,4063,505,99.8,8.03,98.3614,1.438599999999994,2.0495,0.0208364256710457,7573915.607799999
2022,대학교,사립,기존,경기,경기대학교,공학계열,833,833,8051,833,100.0,9.67,92.9489,7.051100000000005,25.2369,0.271513702690403,8677932.0227
2022,대학교,사립,기존,경기,경기대학교,예체능계열,353,353,3148,353,100.0,8.92,87.5388,12.461200000000003,30.1419,0.3443261730798229,8344889.3133000005
2022,대학교,사립,기존,경기,경기대학교,인문사회계열,1251,1252,13975,1250,99.84,11.16,87.1306,12.709400000000002,28.5856,0.3280776214096999,6778169.8632
2022,대학교,사립,기존,경기,경기대학교,자연과학계열,161,162,1426,162,100.0,8.8,99.8037,0.1962999999999937,0.5437,0.0054476938229744,7740670.0428
2022,대학교,사립,기존,서울,경기대학교 _제2캠퍼스,예체능계열,105,105,3677,105,100.0,35.02,95.101,4.899000000000001,15.7246,0.1653463160219135,8697898.9826
2022,대학교,사립,기존,서울,경기대학교 _제2캠퍼스,인문사회계열,223,225,2283,225,100.0,10.15,94.2192,5.780799999999999,16.6669,0.1768949428566576,6813704.331499999
2022,대학교,사립,기존,경남,경남대학교,공학계열,615,628,1863,434,69.11,2.97,49.388,19.722,39.7638,0.8051308010042927,7781344.8198
2022,대학교,사립,기존,경남,경남대학교,예체능계열,252,252,1146,245,97.22,4.55,79.464,17.756,37.2319,0.4685379542937683,7717796.255
2022,대학교,사립,기존,경남,경남대학교,인문사회계열,931,938,4011,813,86.67,4.28,75.3843,11.285700000000006,32.3701,0.429401082188201,5967887.922900001
2022,대학교,사립,기존,경남,경남대학교,자연과학계열,397,402,2554,349,86.82,6.35,81.55,5.269999999999996,30.3325,0.3719497240956468,6713197.6832
2022,대학교,사립,기존,강원,경동대학교,인문사회계열,1,1,8,1,100.0,8.0,85.9114,14.0886,14.57,0.1695933252164439,6333495.1069
2022,대학교,사립,기존,강원,경동대학교 _제3캠퍼스,자연과학계열,897,898,6620,885,98.55,7.37,92.242,6.307999999999993,11.6741,0.126559484833373,8929337.9875
2022,대학교,사립,기존,경기,경동대학교 _제4캠퍼스,공학계열,223,223,1592,223,100.0,7.14,92.9489,7.051100000000005,25.2369,0.271513702690403,8421344.4806
2022,대학교,사립,기존,경기,경동대학교 _제4캠퍼스,예체능계열,130,130,908,130,100.0,6.98,87.5388,12.461200000000003,30.1419,0.3443261730798229,8628353.155
2022,대학교,사립,기존,경기,경동대학교 _제4캠퍼스,인문사회계열,231,231,1867,231,100.0,8.08,87.1306,12.8694,28.5856,0.3280776214096999,6942094.8775
2022,대학교,국립,기존,대구,경북대학교,공학계열,1534,1537,14578,1525,99.22,9.48,99.22,0.0,0.0,0.0,4688370.0997
2022,대학교,국립,기존,대구,경북대학교,예체능계열,253,253,2169,255,100.79,8.57,100.79,0.0,0.0,0.0,4751584.643099999
2022,대학교,국립,기존,대구,경북대학교,인문사회계열,1292,1292,14297,1291,99.92,11.07,49.96,49.96,70.6541,1.4142133706965572,3685997.8326
2022,대학교,국립,기존,대구,경북대학교,자연과학계열,1550,1555,21508,1547,99.49,13.83,99.49,0.0,0.0,0.0,4518346.509000001
2022,대학교,국립,기존,경남,경상국립대학교,공학계열,1426,1428,7771,1420,99.44,5.44,99.63,-0.1899999999999977,0.2687,0.00269697882164,4376283.586200001
2022,대학교,국립,기존,경남,경상국립대학교,예체능계열,146,146,1117,142,97.26,7.65,96.395,0.8650000000000091,1.2233,0.0126904922454484,4239314.2857
2022,대학교,국립,기존,경남,경상국립대학교,인문사회계열,1326,1326,8543,1323,99.77,6.44,65.9733,33.7967,57.1403,0.8661125030883707,3362927.6851999997
2022,대학교,국립,기존,경남,경상국립대학교,자연과학계열,1368,1371,10582,1369,99.85,7.72,99.925,-0.0750000000000028,0.1061,0.0010617963472604,4217432.2111
2022,대학교,사립,기존,부산,경성대학교,공학계열,650,652,3897,650,99.69,5.98,81.0012,18.6888,16.9453,0.2091981353362666,7650945.4236
2022,대학교,사립,기존,부산,경성대학교,예체능계열,548,547,3384,540,98.72,6.19,92.5522,6.1678,10.4777,0.1132085460961489,7519741.2529
2022,대학교,사립,기존,부산,경성대학교,인문사회계열,1125,1126,6878,1127,100.09,6.11,90.128,9.962000000000003,7.4026,0.0821342978874489,5636320.983
2022,대학교,사립,기존,부산,경성대학교,자연과학계열,402,402,4387,402,100.0,10.91,97.2333,2.7667,4.7052,0.0483908290678193,7042399.8188
2022,대학교,사립,기존,경북,경운대학교,공학계열,442,442,1193,384,86.88,2.7,83.78,3.0999999999999943,21.0998,0.251847696347577,8434946.917
2022,대학교,사립,기존,경북,경운대학교,예체능계열,115,115,484,110,95.65,4.21,87.6162,8.0338,25.4974,0.2910123926853709,8346643.403299999
2022,대학교,사립,기존,경북,경운대학교,인문사회계열,209,209,924,198,94.74,4.42,89.8493,4.890699999999995,20.8376,0.2319172213918194,6482449.6208
2022,대학교,사립,기존,경북,경운대학교,자연과학계열,418,418,4757,408,97.61,11.38,84.4408,13.169200000000004,29.9351,0.3545099051643281,8266151.0162
2022,교육대학,국립,기존,인천,경인교육대학교,인문사회계열,598,601,2321,0,0.0,3.86,0.0,0.0,0.0,0.0,3271700.0
2022,대학교,사립,기존,경북,경일대학교,공학계열,485,485,2041,452,93.2,4.21,83.78,9.420000000000002,21.0998,0.251847696347577,8063098.633300001
2022,대학교,사립,기존,경북,경일대학교,예체능계열,524,524,2348,489,93.32,4.48,87.6162,5.703799999999987,25.4974,0.2910123926853709,8240672.462
2022,대학교,사립,기존,경북,경일대학교,인문사회계열,325,325,1447,314,96.62,4.45,89.8493,6.770700000000005,20.8376,0.2319172213918194,6011241.1915
2022,대학교,사립,기존,경북,경일대학교,자연과학계열,250,250,3149,239,95.6,12.6,84.4408,11.159199999999998,29.9351,0.3545099051643281,8087560.359999999
2022,대학교,사립,기존,서울,경희대학교,공학계열,1067,1073,14651,1070,99.72,13.65,93.6883,6.031700000000001,23.0924,0.2464811507947097,9062900.8118
2022,대학교,사립,기존,서울,경희대학교,예체능계열,857,859,11839,858,99.88,13.78,95.101,4.778999999999996,15.7246,0.1653463160219135,9093880.5616
2022,대학교,사립,기존,서울,경희대학교,인문사회계열,1724,1730,25034,1725,99.71,14.47,94.2192,5.490799999999993,16.6669,0.1768949428566576,7020760.193299999
2022,대학교,사립,기존,서울,경희대학교,자연과학계열,1182,1187,27948,1182,99.58,23.55,97.6311,1.9488999999999947,10.8752,0.1113907351243609,9144368.442
2022,대학교,사립,기존,대구,계명대학교,공학계열,1071,1071,6338,1068,99.72,5.92,99.72,0.0,0.0,0.0,8636768.3534
2022,대학교,사립,기존,대구,계명대학교,예체능계열,858,858,4439,856,99.77,5.17,99.77,0.0,0.0,0.0,9011425.9595
2022,대학교,사립,기존,대구,계명대학교,인문사회계열,2055,2056,13085,2052,99.81,6.36,99.81,0.0,0.0,0.0,6457470.102
2022,대학교,사립,기존,대구,계명대학교,자연과학계열,636,636,6264,636,100.0,9.85,100.0,0.0,0.0,0.0,8435864.7963
2022,대학교,사립,기존,서울,고려대학교,공학계열,958,959,11149,953,99.37,11.63,93.6883,5.681700000000006,23.0924,0.2464811507947097,10263376.970199998
2022,대학교,사립,기존,서울,고려대학교,예체능계열,130,130,945,130,100.0,7.27,95.101,4.899000000000001,15.7246,0.1653463160219135,9756025.0
2022,대학교,사립,기존,서울,고려대학교,인문사회계열,1910,1912,19033,1911,99.95,9.95,94.2192,5.730800000000002,16.6669,0.1768949428566576,7818372.1143000005
2022,대학교,사립,기존,서울,고려대학교,자연과학계열,891,893,10905,892,99.89,12.21,97.6311,2.258899999999997,10.8752,0.1113907351243609,9244785.5519
2022,대학교,사립,기존,부산,고신대학교,예체능계열,95,95,255,88,92.63,2.68,92.5522,0.0777999999999963,10.4777,0.1132085460961489,7094279.383400001
2022,대학교,사립,기존,부산,고신대학교,인문사회계열,375,375,1200,324,86.4,3.2,90.128,-3.7279999999999935,7.4026,0.0821342978874489,6037009.5498
2022,대학교,사립,기존,부산,고신대학교,자연과학계열,416,416,5493,389,93.51,13.2,97.2333,-3.7232999999999943,4.7052,0.0483908290678193,7019851.817300001
2022,교육대학,국립,기존,충남,공주교육대학교,인문사회계열,354,354,1532,0,0.0,4.33,50.065,-50.065,70.8026,1.414213522420853,3495600.0
2022,대학교,사립,기존,광주,광신대학교,예체능계열,29,29,49,29,100.0,1.69,96.6,3.4000000000000057,5.2974,0.0548385093167701,7313600.0
2022,대학교,사립,기존,광주,광신대학교,인문사회계열,93,93,123,93,100.0,1.32,91.715,8.284999999999997,13.1112,0.1429558959821185,5881136.6667
2022,대학교,사립,기존,서울,광운대학교,공학계열,927,928,9655,927,99.89,10.4,93.6883,6.201700000000002,23.0924,0.2464811507947097,9012613.2986
2022,대학교,사립,기존,서울,광운대학교,예체능계열,37,37,421,37,100.0,11.38,95.101,4.899000000000001,15.7246,0.1653463160219135,8091060.0
2022,대학교,사립,기존,서울,광운대학교,인문사회계열,581,582,7995,582,100.0,13.74,94.2192,5.780799999999999,16.6669,0.1768949428566576,7257474.812299999
2022,대학교,사립,기존,서울,광운대학교,자연과학계열,139,139,1143,139,100.0,8.22,97.6311,2.3688999999999965,10.8752,0.1113907351243609,8069300.0
2022,대학교,사립,기존,전남,광주가톨릭대학교,인문사회계열,40,40,13,12,30.0,0.32,74.2717,-44.2717,39.9611,0.5380393878152783,0.0
2022,대학교,특별법법인,기존,광주,광주과학기술원,자연과학계열,200,200,3694,218,109.0,18.47,109.0,0.0,0.0,0.0,2060000.0
2022,교육대학,국립,기존,광주,광주교육대학교,인문사회계열,326,326,1534,326,100.0,4.71,100.0,0.0,0.0,0.0,3561568.8939000005
2022,대학교,사립,기존,광주,광주대학교,공학계열,50,285,882,274,96.14,3.09,77.605,18.535,25.0371,0.3226222537207653,7148774.7744
2022,대학교,사립,기존,광주,광주대학교,예체능계열,0,218,875,218,100.0,4.01,96.6,3.4000000000000057,5.2974,0.0548385093167701,7180216.521600001
2022,대학교,사립,기존,광주,광주대학교,인문사회계열,56,556,2117,571,102.7,3.81,91.715,10.985,13.1112,0.1429558959821185,6237843.4172
2022,대학교,사립,기존,광주,광주대학교,자연과학계열,255,433,2553,425,98.15,5.9,96.0133,2.1367000000000047,5.776,0.0601583322310554,7147299.8005
2022,대학교,사립,기존,광주,광주여자대학교,예체능계열,30,173,500,150,86.71,2.89,96.6,-9.89,5.2974,0.0548385093167701,7042364.784100001
2022,대학교,사립,기존,광주,광주여자대학교,인문사회계열,80,350,1056,237,67.71,3.02,91.715,-24.00500000000001,13.1112,0.1429558959821185,5919095.5885
2022,대학교,사립,기존,광주,광주여자대학교,자연과학계열,253,368,2031,311,84.51,5.52,96.0133,-11.503299999999996,5.776,0.0601583322310554,6857260.337199999
2022,대학교,국립,기존,경북,국립경국대학교,공학계열,435,436,1643,334,76.61,3.77,88.125,-11.515,16.2847,0.1847909219858156,4207117.9364
2022,대학교,국립,기존,경북,국립경국대학교,예체능계열,87,87,266,74,85.06,3.06,85.06,0.0,0.0,0.0,4242776.6667
2022,대학교,국립,기존,경북,국립경국대학교,인문사회계열,480,480,2079,398,82.92,4.33,91.46,-8.539999999999992,12.0774,0.1320511699103433,3331591.5555
2022,대학교,국립,기존,경북,국립경국대학교,자연과학계열,409,410,1939,322,78.54,4.73,89.27,-10.72999999999999,15.1745,0.1699843172398342,3851895.9477
2022,대학교,사립,기존,서울,국민대학교,공학계열,606,951,6896,951,100.0,7.25,93.6883,6.311700000000002,23.0924,0.2464811507947097,9143824.7236
2022,대학교,사립,기존,서울,국민대학교,예체능계열,351,561,7009,561,100.0,12.49,95.101,4.899000000000001,15.7246,0.1653463160219135,9374498.059099998
2022,대학교,사립,기존,서울,국민대학교,인문사회계열,886,1149,11779,1149,100.0,10.25,94.2192,5.780799999999999,16.6669,0.1768949428566576,7326064.474400001
2022,대학교,사립,기존,서울,국민대학교,자연과학계열,234,311,2774,311,100.0,8.92,97.6311,2.3688999999999965,10.8752,0.1113907351243609,8362875.9425
2022,대학교,사립,기존,충북,극동대학교,공학계열,297,298,437,102,34.23,1.47,79.7671,-45.5371,26.2418,0.3289802437345723,8485235.7983
2022,대학교,사립,기존,충북,극동대학교,예체능계열,183,183,1015,139,75.96,5.55,88.7862,-12.8262,21.3945,0.2409665015509167,8240618.7101
2022,대학교,사립,기존,충북,극동대학교,인문사회계열,210,210,1306,135,64.29,6.22,86.45,-22.16,15.614,0.1806130711393869,6736302.555
2022,대학교,사립,기존,충북,극동대학교,자연과학계열,181,181,1058,156,86.19,5.85,95.6538,-9.463800000000006,6.3171,0.0660412863890404,8047670.4794
2022,대학교,사립,기존,충남,금강대학교,인문사회계열,110,110,63,33,30.0,0.57,92.8043,-62.8043,19.0746,0.2055357348743539,6806381.411900001
2022,대학교,사립,기존,경북,김천대학교,공학계열,20,20,40,18,90.0,2.0,83.78,6.219999999999999,21.0998,0.251847696347577,7689825.0
2022,대학교,사립,기존,경북,김천대학교,인문사회계열,158,158,555,138,87.34,3.51,89.8493,-2.509299999999996,20.8376,0.2319172213918194,6874763.0873
2022,대학교,사립,기존,경북,김천대학교,자연과학계열,435,435,2268,408,93.79,5.21,84.4408,9.34920000000001,29.9351,0.3545099051643281,7489188.985699999
2022,대학교,사립,기존,충남,나사렛대학교,예체능계열,246,246,1296,225,91.46,5.27,96.5783,-5.118300000000005,6.5565,0.0678879209926039,8389643.0023
2022,대학교,사립,기존,충남,나사렛대학교,인문사회계열,715,726,3048,776,106.89,4.2,92.8043,14.085700000000005,19.0746,0.2055357348743539,7134917.1543
2022,대학교,사립,기존,충남,나사렛대학교,자연과학계열,150,150,1289,139,92.67,8.59,97.5208,-4.8507999999999925,3.3499,0.0343506205855571,8475531.1346
2022,대학교,사립,기존,광주,남부대학교,공학계열,50,50,112,26,52.0,2.24,77.605,-25.605000000000004,25.0371,0.3226222537207653,7251507.0811
2022,대학교,사립,기존,광주,남부대학교,예체능계열,80,80,232,78,97.5,2.9,96.6,0.9000000000000057,5.2974,0.0548385093167701,7284819.8951
2022,대학교,사립,기존,광주,남부대학교,인문사회계열,117,117,458,101,86.32,3.91,91.715,-5.39500000000001,13.1112,0.1429558959821185,6148136.0199
2022,대학교,사립,기존,광주,남부대학교,자연과학계열,409,411,2469,401,97.57,6.01,96.0133,1.5566999999999922,5.776,0.0601583322310554,6767320.8508
2022,대학교,사립,기존,충남,남서울대학교,공학계열,636,636,3920,636,100.0,6.16,95.0223,4.977699999999999,11.8084,0.1242697766734756,8670463.4135
2022,대학교,사립,기존,충남,남서울대학교,예체능계열,415,415,3342,415,100.0,8.05,96.5783,3.4217000000000013,6.5565,0.0678879209926039,8897407.322
2022,대학교,사립,기존,충남,남서울대학교,인문사회계열,883,883,6582,883,100.0,7.45,92.8043,7.195700000000002,19.0746,0.2055357348743539,7364686.961
2022,대학교,사립,기존,충남,남서울대학교,자연과학계열,253,253,5206,253,100.0,20.58,97.5208,2.479200000000006,3.3499,0.0343506205855571,9008426.7925
2022,대학교,사립,기존,경기,단국대학교,공학계열,832,836,9217,835,99.88,11.03,92.9489,6.931100000000001,25.2369,0.271513702690403,9560855.184700001
2022,대학교,사립,기존,경기,단국대학교,예체능계열,370,372,7719,371,99.73,20.75,87.5388,12.19120000000001,30.1419,0.3443261730798229,9600862.198
2022,대학교,사립,기존,경기,단국대학교,인문사회계열,1013,1014,14024,1012,99.8,13.83,87.1306,12.669399999999996,28.5856,0.3280776214096999,7620512.951800001
2022,대학교,사립,기존,경기,단국대학교,자연과학계열,60,61,887,61,100.0,14.54,99.8037,0.1962999999999937,0.5437,0.0054476938229744,8889928.5714
2022,대학교,사립,기존,충남,단국대학교 _제2캠퍼스,공학계열,285,286,2265,286,100.0,7.92,95.0223,4.977699999999999,11.8084,0.1242697766734756,9294699.2424
2022,대학교,사립,기존,충남,단국대학교 _제2캠퍼스,예체능계열,353,354,3061,352,99.44,8.65,96.5783,2.861699999999999,6.5565,0.0678879209926039,9039152.4244
2022,대학교,사립,기존,충남,단국대학교 _제2캠퍼스,인문사회계열,765,766,6417,764,99.74,8.38,92.8043,6.935699999999997,19.0746,0.2055357348743539,7251790.456900001
2022,대학교,사립,기존,충남,단국대학교 _제2캠퍼스,자연과학계열,952,955,8094,952,99.69,8.48,97.5208,2.169200000000004,3.3499,0.0343506205855571,9132177.689100001
2022,대학교,사립,기존,경북,대구가톨릭대학교,공학계열,655,655,2555,522,79.69,3.9,83.78,-4.090000000000003,21.0998,0.251847696347577,8160420.195899999
2022,대학교,사립,기존,경북,대구가톨릭대학교,예체능계열,397,397,1698,372,93.7,4.28,87.6162,6.0837999999999965,25.4974,0.2910123926853709,8953579.2979
2022,대학교,사립,기존,경북,대구가톨릭대학교,인문사회계열,1190,1191,5770,1134,95.21,4.84,89.8493,5.360699999999994,20.8376,0.2319172213918194,6106120.6006
2022,대학교,사립,기존,경북,대구가톨릭대학교,자연과학계열,645,644,6489,602,93.48,10.08,84.4408,9.039200000000008,29.9351,0.3545099051643281,8296465.2743
2022,대학교,특별법법인,기존,대구,대구경북과학기술원,자연과학계열,220,220,3844,222,100.91,17.47,100.91,0.0,0.0,0.0,3528000.0
2022,교육대학,국립,기존,대구,대구교육대학교,인문사회계열,383,383,1503,0,0.0,3.92,49.96,-49.96,70.6541,1.4142133706965572,3685600.0
2022,대학교,사립,기존,경북,대구대학교,공학계열,735,736,3166,606,82.34,4.3,83.78,-1.4399999999999975,21.0998,0.251847696347577,8377423.6683
2022,대학교,사립,기존,경북,대구대학교,예체능계열,439,438,2160,427,97.49,4.93,87.6162,9.873799999999989,25.4974,0.2910123926853709,8655019.3556
2022,대학교,사립,기존,경북,대구대학교,인문사회계열,1812,1814,9606,1734,95.59,5.3,89.8493,5.740700000000004,20.8376,0.2319172213918194,6169983.1063
2022,대학교,사립,기존,경북,대구대학교,자연과학계열,864,864,5470,761,88.08,6.33,84.4408,3.6392000000000015,29.9351,0.3545099051643281,7821255.227599999
2022,대학교,사립,기존,경북,대구예술대학교,예체능계열,302,302,458,77,25.5,1.52,87.6162,-62.116200000000006,25.4974,0.2910123926853709,8708729.1103
2022,대학교,사립,기존,경북,대구한의대학교,공학계열,285,285,966,272,95.44,3.39,83.78,11.659999999999997,21.0998,0.251847696347577,7897745.498299999
2022,대학교,사립,기존,경북,대구한의대학교,예체능계열,120,120,426,119,99.17,3.55,87.6162,11.553799999999995,25.4974,0.2910123926853709,7736779.8264
2022,대학교,사립,기존,경북,대구한의대학교,인문사회계열,400,400,1403,392,98.0,3.51,89.8493,8.1507,20.8376,0.2319172213918194,6064630.2414
2022,대학교,사립,기존,경북,대구한의대학교,자연과학계열,713,714,5943,700,98.04,8.32,84.4408,13.59920000000001,29.9351,0.3545099051643281,7714431.2227
2022,대학교,사립,기존,경북,대신대학교,예체능계열,40,40,91,40,100.0,2.28,87.6162,12.383799999999994,25.4974,0.2910123926853709,7555880.0
2022,대학교,사립,기존,경북,대신대학교,인문사회계열,76,76,160,76,100.0,2.11,89.8493,10.1507,20.8376,0.2319172213918194,6250070.0
2022,대학교,사립,기존,세종,대전가톨릭대학교,인문사회계열,40,40,13,11,27.5,0.32,61.72,-34.22,35.9837,0.5830152300712896,6060000.0
2022,대학교,사립,기존,대전,대전대학교,공학계열,545,546,3262,539,98.72,5.97,97.81,0.9099999999999966,2.6332,0.0269215826602596,8250575.7142
2022,대학교,사립,기존,대전,대전대학교,예체능계열,205,205,1334,198,96.59,6.51,87.3667,9.223300000000007,28.578,0.3271040339168127,7935913.998899999
2022,대학교,사립,기존,대전,대전대학교,인문사회계열,785,787,5647,786,99.87,7.18,86.4762,13.3938,25.9273,0.2998200660991116,6928805.7336
2022,대학교,사립,기존,대전,대전대학교,자연과학계열,427,427,5943,420,98.36,13.92,98.3614,-0.0014000000000038,2.0495,0.0208364256710457,7951576.285699999
2022,대학교,사립,기존,대전,대전신학대학교,인문사회계열,32,32,11,8,25.0,0.34,86.4762,-61.476200000000006,25.9273,0.2998200660991116,6306593.0
2022,대학교,사립,기존,경기,대진대학교,공학계열,588,588,2815,588,100.0,4.79,92.9489,7.051100000000005,25.2369,0.271513702690403,8565114.9297
2022,대학교,사립,기존,경기,대진대학교,예체능계열,258,258,2321,258,100.0,9.0,87.5388,12.461200000000003,30.1419,0.3443261730798229,8552137.6265
2022,대학교,사립,기존,경기,대진대학교,인문사회계열,735,736,4514,736,100.0,6.13,87.1306,12.8694,28.5856,0.3280776214096999,6628611.1357
2022,대학교,사립,기존,경기,대진대학교,자연과학계열,212,211,1232,211,100.0,5.84,99.8037,0.1962999999999937,0.5437,0.0054476938229744,7839720.4438
2022,대학교,사립,기존,서울,덕성여자대학교,공학계열,326,328,4105,328,100.0,12.52,93.6883,6.311700000000002,23.0924,0.2464811507947097,8863598.888799999
2022,대학교,사립,기존,서울,덕성여자대학교,예체능계열,94,94,2598,94,100.0,27.64,95.101,4.899000000000001,15.7246,0.1653463160219135,9006073.3667
2022,대학교,사립,기존,서울,덕성여자대학교,인문사회계열,620,621,8916,620,99.84,14.36,94.2192,5.620800000000003,16.6669,0.1768949428566576,6581306.131899999
2022,대학교,사립,기존,서울,동국대학교,공학계열,889,892,14474,891,99.89,16.23,93.6883,6.201700000000002,23.0924,0.2464811507947097,9671192.322
2022,대학교,사립,기존,서울,동국대학교,예체능계열,208,208,6430,208,100.0,30.91,95.101,4.899000000000001,15.7246,0.1653463160219135,9519799.7636
2022,대학교,사립,기존,서울,동국대학교,인문사회계열,1338,1340,23641,1340,100.0,17.64,94.2192,5.780799999999999,16.6669,0.1768949428566576,7455353.1876
2022,대학교,사립,기존,서울,동국대학교,자연과학계열,343,343,8016,342,99.71,23.37,97.6311,2.07889999999999,10.8752,0.1113907351243609,8974471.1573
2022,대학교,사립,기존,경북,동국대학교(WISE),공학계열,320,321,1323,319,99.38,4.12,83.78,15.599999999999994,21.0998,0.251847696347577,9351231.9581
2022,대학교,사립,기존,경북,동국대학교(WISE),예체능계열,135,135,599,135,100.0,4.44,87.6162,12.383799999999994,25.4974,0.2910123926853709,9231908.888700001
2022,대학교,사립,기존,경북,동국대학교(WISE),인문사회계열,933,935,3695,933,99.79,3.95,89.8493,9.940700000000009,20.8376,0.2319172213918194,7353976.023
2022,대학교,사립,기존,경북,동국대학교(WISE),자연과학계열,366,367,6670,367,100.0,18.17,84.4408,15.559200000000004,29.9351,0.3545099051643281,8814035.2036
2022,대학교,사립,기존,서울,동덕여자대학교,공학계열,0,109,859,109,100.0,7.88,93.6883,6.311700000000002,23.0924,0.2464811507947097,8007366.6667
2022,대학교,사립,기존,서울,동덕여자대학교,예체능계열,238,583,10997,582,99.83,18.86,95.101,4.728999999999999,15.7246,0.1653463160219135,9133231.445700001
2022,대학교,사립,기존,서울,동덕여자대학교,인문사회계열,3,627,5562,627,100.0,8.87,94.2192,5.780799999999999,16.6669,0.1768949428566576,6480516.051200001
2022,대학교,사립,기존,서울,동덕여자대학교,자연과학계열,90,259,2192,259,100.0,8.46,97.6311,2.3688999999999965,10.8752,0.1113907351243609,8068573.699600001
2022,대학교,사립,기존,부산,동명대학교,공학계열,658,664,2484,500,75.3,3.74,81.0012,-5.7012,16.9453,0.2091981353362666,8019353.664399999
2022,대학교,사립,기존,부산,동명대학교,예체능계열,185,181,1207,169,93.37,6.67,92.5522,0.8178000000000054,10.4777,0.1132085460961489,7609227.5538
2022,대학교,사립,기존,부산,동명대학교,인문사회계열,640,636,3193,584,91.82,5.02,90.128,1.691999999999993,7.4026,0.0821342978874489,6069711.8292
2022,대학교,사립,기존,부산,동명대학교,자연과학계열,155,153,2034,147,96.08,13.29,97.2333,-1.1533000000000015,4.7052,0.0483908290678193,7777416.9213
2022,대학교,사립,기존,부산,동서대학교,공학계열,395,439,2142,339,77.22,4.88,81.0012,-3.7811999999999983,16.9453,0.2091981353362666,7694750.7507
2022,대학교,사립,기존,부산,동서대학교,예체능계열,620,620,3113,608,98.06,5.02,92.5522,5.507800000000003,10.4777,0.1132085460961489,7434123.3779
2022,대학교,사립,기존,부산,동서대학교,인문사회계열,763,766,4834,683,89.16,6.31,90.128,-0.9680000000000036,7.4026,0.0821342978874489,6007848.073299999
2022,대학교,사립,기존,부산,동서대학교,자연과학계열,320,282,4438,291,103.19,15.74,97.2333,5.956699999999998,4.7052,0.0483908290678193,7868951.759299999
2022,대학교,사립,기존,전남,동신대학교,공학계열,430,440,1058,333,75.68,2.4,91.1233,-15.443299999999994,13.4241,0.1473179746563173,7461954.1494
2022,대학교,사립,기존,전남,동신대학교,예체능계열,177,177,493,177,100.0,2.79,99.8833,0.1166999999999944,0.2021,0.0020233612625934,7256346.3758000005
2022,대학교,사립,기존,전남,동신대학교,인문사회계열,396,397,1592,397,100.0,4.01,74.2717,25.728300000000004,39.9611,0.5380393878152783,6033323.6499
2022,대학교,사립,기존,전남,동신대학교,자연과학계열,545,552,4248,547,99.09,7.7,99.6,-0.5099999999999909,0.4705,0.0047238955823293,7220324.209299999
2022,대학교,사립,기존,부산,동아대학교,공학계열,1285,1287,7742,1286,99.92,6.02,81.0012,18.918800000000005,16.9453,0.2091981353362666,8078154.062700001
2022,대학교,사립,기존,부산,동아대학교,예체능계열,409,410,2656,410,100.0,6.48,92.5522,7.447800000000001,10.4777,0.1132085460961489,7985752.3823
2022,대학교,사립,기존,부산,동아대학교,인문사회계열,1645,1648,9726,1647,99.94,5.9,90.128,9.811999999999998,7.4026,0.0821342978874489,6222023.3991
2022,대학교,사립,기존,부산,동아대학교,자연과학계열,719,721,4427,719,99.72,6.14,97.2333,2.486699999999999,4.7052,0.0483908290678193,7326925.1059
2022,대학교,사립,기존,경북,동양대학교,공학계열,485,488,1652,472,96.72,3.39,83.78,12.939999999999998,21.0998,0.251847696347577,7732083.3765
2022,대학교,사립,기존,경북,동양대학교,예체능계열,179,179,941,177,98.88,5.26,87.6162,11.26379999999999,25.4974,0.2910123926853709,8077178.845900001
2022,대학교,사립,기존,경북,동양대학교,인문사회계열,226,227,775,198,87.22,3.41,89.8493,-2.6293000000000006,20.8376,0.2319172213918194,6028332.171800001
2022,대학교,사립,기존,경북,동양대학교,자연과학계열,100,100,827,100,100.0,8.27,84.4408,15.559200000000004,29.9351,0.3545099051643281,7685802.4233
2022,대학교,사립,기존,부산,동의대학교,공학계열,1610,1611,5721,1511,93.79,3.55,81.0012,12.788800000000007,16.9453,0.2091981353362666,7638686.5876
2022,대학교,사립,기존,부산,동의대학교,예체능계열,280,281,1607,276,98.22,5.72,92.5522,5.6678,10.4777,0.1132085460961489,7264170.181100001
2022,대학교,사립,기존,부산,동의대학교,인문사회계열,1265,1265,7842,1258,99.45,6.2,90.128,9.322000000000005,7.4026,0.0821342978874489,5682408.8137
2022,대학교,사립,기존,부산,동의대학교,자연과학계열,480,481,5225,481,100.0,10.86,97.2333,2.7667,4.7052,0.0483908290678193,6910060.658499999
2022,대학교,사립,기존,경기,루터대학교,인문사회계열,85,85,282,85,100.0,3.32,87.1306,12.8694,28.5856,0.3280776214096999,6702729.075
2022,대학교,사립,기존,경기,명지대학교,공학계열,834,834,7088,833,99.88,8.5,92.9489,6.931100000000001,25.2369,0.271513702690403,9666516.64
2022,대학교,사립,기존,경기,명지대학교,예체능계열,319,319,4991,319,100.0,15.65,87.5388,12.461200000000003,30.1419,0.3443261730798229,9991003.1884
2022,대학교,사립,기존,경기,명지대학교,자연과학계열,180,181,1831,181,100.0,10.12,99.8037,0.1962999999999937,0.5437,0.0054476938229744,8677192.7048
2022,대학교,사립,기존,대전,목원대학교,공학계열,306,306,1483,295,96.41,4.85,97.81,-1.4000000000000057,2.6332,0.0269215826602596,8301355.8282
2022,대학교,사립,기존,대전,목원대학교,예체능계열,654,654,3246,651,99.54,4.96,87.3667,12.173300000000012,28.578,0.3271040339168127,8360486.043
2022,대학교,사립,기존,대전,목원대학교,인문사회계열,701,701,3617,687,98.0,5.16,86.4762,11.523799999999994,25.9273,0.2998200660991116,6817160.2433
2022,대학교,사립,기존,대전,목원대학교,자연과학계열,161,161,584,154,95.65,3.63,98.3614,-2.7113999999999976,2.0495,0.0208364256710457,7552579.922900001
2022,대학교,사립,기존,전남,목포가톨릭대학교,인문사회계열,30,30,111,30,100.0,3.7,74.2717,25.728300000000004,39.9611,0.5380393878152783,5935800.0
2022,대학교,사립,기존,전남,목포가톨릭대학교,자연과학계열,90,90,486,90,100.0,5.4,99.6,0.4000000000000057,0.4705,0.0047238955823293,7104800.0
2022,대학교,사립,기존,대전,배재대학교,공학계열,621,622,2849,579,93.09,4.58,97.81,-4.719999999999999,2.6332,0.0269215826602596,8277859.7377
2022,대학교,사립,기존,대전,배재대학교,예체능계열,294,294,1312,291,98.98,4.46,87.3667,11.61330000000001,28.578,0.3271040339168127,8254137.851100001
2022,대학교,사립,기존,대전,배재대학교,인문사회계열,776,777,3955,699,89.96,5.09,86.4762,3.483799999999988,25.9273,0.2998200660991116,6729994.0758
2022,대학교,사립,기존,대전,배재대학교,자연과학계열,341,341,2163,325,95.31,6.34,98.3614,-3.051400000000001,2.0495,0.0208364256710457,7565965.8229
2022,대학교,사립,기존,충남,백석대학교,공학계열,540,540,3215,540,100.0,5.95,95.0223,4.977699999999999,11.8084,0.1242697766734756,8762283.7125
2022,대학교,사립,기존,충남,백석대학교,예체능계열,695,695,6291,695,100.0,9.05,96.5783,3.4217000000000013,6.5565,0.0678879209926039,9283973.2588
2022,대학교,사립,기존,충남,백석대학교,인문사회계열,1292,1293,8403,1290,99.77,6.5,92.8043,6.965699999999998,19.0746,0.2055357348743539,7370613.7325
2022,대학교,사립,기존,충남,백석대학교,자연과학계열,463,463,5553,462,99.78,11.99,97.5208,2.259200000000007,3.3499,0.0343506205855571,8805300.0
2022,대학교,사립,기존,부산,부산가톨릭대학교,공학계열,60,60,288,50,83.33,4.8,81.0012,2.328800000000001,16.9453,0.2091981353362666,7929015.5493
2022,대학교,사립,기존,부산,부산가톨릭대학교,인문사회계열,125,125,716,103,82.4,5.73,90.128,-7.727999999999994,7.4026,0.0821342978874489,6154262.3524
2022,대학교,사립,기존,부산,부산가톨릭대학교,자연과학계열,550,550,4203,536,97.45,7.64,97.2333,0.216700000000003,4.7052,0.0483908290678193,7298788.404999999
2022,교육대학,국립,기존,부산,부산교육대학교,인문사회계열,356,356,1570,0,0.0,4.41,74.9275,-74.9275,49.9517,0.6666671115411565,3107200.0
2022,대학교,국립,기존,부산,부산대학교,공학계열,1228,1521,19803,1515,99.61,13.02,99.7867,-0.1766999999999967,0.1976,0.0019802238174025,4760204.1177
2022,대학교,국립,기존,부산,부산대학교,예체능계열,315,316,2065,316,100.0,6.53,100.0,0.0,0.0,0.0,4751333.333
2022,대학교,국립,기존,부산,부산대학교,인문사회계열,1330,1331,15926,1330,99.92,11.97,74.9275,24.992500000000007,49.9517,0.6666671115411565,3552716.0592
2022,대학교,국립,기존,부산,부산대학교,자연과학계열,1093,1094,15135,1089,99.54,13.83,99.8467,-0.3066999999999922,0.2656,0.0026600778994198,4608177.5743
2022,대학교,사립,기존,부산,부산외국어대학교,공학계열,210,210,780,143,68.1,3.71,81.0012,-12.901200000000005,16.9453,0.2091981353362666,7897294.9478
2022,대학교,사립,기존,부산,부산외국어대학교,예체능계열,70,68,639,68,100.0,9.4,92.5522,7.447800000000001,10.4777,0.1132085460961489,6880964.818000001
2022,대학교,사립,기존,부산,부산외국어대학교,인문사회계열,1380,1381,5872,1155,83.64,4.25,90.128,-6.488,7.4026,0.0821342978874489,6054354.3346
2022,대학교,사립,기존,경남,부산장신대학교,인문사회계열,32,32,50,32,100.0,1.56,75.3843,24.615700000000004,32.3701,0.429401082188201,6104227.5117
2022,대학교,사립,기존,서울,삼육대학교,공학계열,220,220,2080,220,100.0,9.45,93.6883,6.311700000000002,23.0924,0.2464811507947097,8770773.9831
2022,대학교,사립,기존,서울,삼육대학교,예체능계열,151,151,3087,151,100.0,20.44,95.101,4.899000000000001,15.7246,0.1653463160219135,9215430.879999999
2022,대학교,사립,기존,서울,삼육대학교,인문사회계열,343,343,2969,344,100.29,8.66,94.2192,6.0708000000000055,16.6669,0.1768949428566576,7409350.3354
2022,대학교,사립,기존,서울,삼육대학교,자연과학계열,423,424,4461,424,100.0,10.52,97.6311,2.3688999999999965,10.8752,0.1113907351243609,8434035.3061
2022,대학교,사립,기존,서울,상명대학교,공학계열,442,442,4962,442,100.0,11.23,93.6883,6.311700000000002,23.0924,0.2464811507947097,8907479.5099
2022,대학교,사립,기존,서울,상명대학교,예체능계열,201,202,2807,202,100.0,13.9,95.101,4.899000000000001,15.7246,0.1653463160219135,9403698.6191
2022,대학교,사립,기존,서울,상명대학교,인문사회계열,643,643,7443,643,100.0,11.58,94.2192,5.780799999999999,16.6669,0.1768949428566576,7269195.7831
2022,대학교,사립,기존,서울,상명대학교,자연과학계열,93,93,1210,93,100.0,13.01,97.6311,2.3688999999999965,10.8752,0.1113907351243609,8448554.9999
2022,대학교,사립,기존,강원,상지대학교,공학계열,415,420,900,212,50.48,2.14,68.752,-18.272,28.5721,0.415582092157319,8341745.9013
2022,대학교,사립,기존,강원,상지대학교,예체능계열,342,345,1268,312,90.43,3.68,86.888,3.5420000000000016,14.1858,0.1632653530982414,8028785.0228
2022,대학교,사립,기존,강원,상지대학교,인문사회계열,816,828,2550,562,67.87,3.08,85.9114,-18.0414,14.57,0.1695933252164439,6675719.9082
2022,대학교,사립,기존,강원,상지대학교,자연과학계열,545,551,3484,400,72.6,6.32,92.242,-19.64200000000001,11.6741,0.126559484833373,7717274.0691
2022,대학교,사립,기존,서울,서강대학교,공학계열,387,389,11176,387,99.49,28.73,93.6883,5.801699999999997,23.0924,0.2464811507947097,9927353.3333
2022,대학교,사립,기존,서울,서강대학교,인문사회계열,977,983,17349,976,99.29,17.65,94.2192,5.0708000000000055,16.6669,0.1768949428566576,7749999.864
2022,대학교,사립,기존,서울,서강대학교,자연과학계열,210,210,3287,210,100.0,15.65,97.6311,2.3688999999999965,10.8752,0.1113907351243609,9024405.0
2022,대학교,사립,기존,서울,서경대학교,공학계열,400,401,4442,401,100.0,11.08,93.6883,6.311700000000002,23.0924,0.2464811507947097,8736269.0616
2022,대학교,사립,기존,서울,서경대학교,예체능계열,459,460,15016,460,100.0,32.64,95.101,4.899000000000001,15.7246,0.1653463160219135,9125162.7721
2022,대학교,사립,기존,서울,서경대학교,인문사회계열,370,370,4174,370,100.0,11.28,94.2192,5.780799999999999,16.6669,0.1768949428566576,7016831.5008000005
2022,대학교,사립,기존,서울,서경대학교,자연과학계열,40,40,310,40,100.0,7.75,97.6311,2.3688999999999965,10.8752,0.1113907351243609,8853033.3333
2022,대학교,국립,기존,서울,서울과학기술대학교,공학계열,1526,1526,18663,1524,99.87,12.23,66.02,33.85000000000001,47.8711,0.7250999697061496,5494128.3050999995
2022,대학교,국립,기존,서울,서울과학기술대학교,예체능계열,242,242,2966,242,100.0,12.26,72.8933,27.106700000000004,46.7857,0.6418381387589807,5567009.9999
2022,대학교,국립,기존,서울,서울과학기술대학교,인문사회계열,253,253,1809,253,100.0,7.15,38.1833,61.8167,54.0269,1.4149353251290484,4684437.853
2022,대학교,국립,기존,서울,서울과학기술대학교,자연과학계열,136,136,1465,136,100.0,10.77,59.485,40.515,57.2969,0.9632159367907877,5497893.0
2022,교육대학,국립,기존,서울,서울교육대학교,인문사회계열,355,355,1387,0,0.0,3.91,38.1833,-38.1833,54.0269,1.4149353251290484,3156400.0
2022,대학교,사립,기존,서울,서울기독대학교,예체능계열,58,60,149,39,65.0,2.48,95.101,-30.101,15.7246,0.1653463160219135,8640110.9143
2022,대학교,사립,기존,서울,서울기독대학교,인문사회계열,78,81,146,27,33.33,1.8,94.2192,-60.8892,16.6669,0.1768949428566576,6880208.2707
2022,대학교,국립대법인,기존,서울,서울대학교,공학계열,888,888,3814,886,99.77,4.3,99.77,0.0,0.0,0.0,6064307.7824
2022,대학교,국립대법인,기존,서울,서울대학교,예체능계열,285,282,3053,280,99.29,10.83,99.29,0.0,0.0,0.0,7539922.1784
2022,대학교,국립대법인,기존,서울,서울대학교,인문사회계열,1153,1153,6139,1015,88.03,5.32,88.03,0.0,0.0,0.0,5046714.8876
2022,대학교,국립대법인,기존,서울,서울대학교,자연과학계열,907,907,5125,844,93.05,5.65,93.05,0.0,0.0,0.0,6312731.3597
2022,대학교,공립,기존,서울,서울시립대학교,공학계열,648,651,10954,650,99.85,16.83,99.85,0.0,0.0,0.0,2737800.0
2022,대학교,공립,기존,서울,서울시립대학교,예체능계열,132,132,1524,132,100.0,11.55,100.0,0.0,0.0,0.0,2971550.0
2022,대학교,공립,기존,서울,서울시립대학교,인문사회계열,773,777,9781,777,100.0,12.59,100.0,0.0,0.0,0.0,2080800.0
2022,대학교,공립,기존,서울,서울시립대학교,자연과학계열,184,184,3024,184,100.0,16.43,100.0,0.0,0.0,0.0,2463264.7619
2022,대학교,사립,기존,경기,서울신학대학교,예체능계열,80,80,602,0,0.0,7.52,87.5388,-87.5388,30.1419,0.3443261730798229,8832354.145
2022,대학교,사립,기존,경기,서울신학대학교,인문사회계열,342,342,1721,75,21.93,5.03,87.1306,-65.20060000000001,28.5856,0.3280776214096999,7051819.7447
2022,대학교,사립,기존,서울,서울여자대학교,공학계열,200,201,1522,201,100.0,7.57,93.6883,6.311700000000002,23.0924,0.2464811507947097,8618609.8092
2022,대학교,사립,기존,서울,서울여자대학교,예체능계열,205,205,4462,207,100.98,21.77,95.101,5.879000000000005,15.7246,0.1653463160219135,9700661.1305
2022,대학교,사립,기존,서울,서울여자대학교,인문사회계열,882,882,10962,883,100.11,12.43,94.2192,5.890799999999999,16.6669,0.1768949428566576,7368183.187900001
2022,대학교,사립,기존,서울,서울여자대학교,자연과학계열,358,359,4070,359,100.0,11.34,97.6311,2.3688999999999965,10.8752,0.1113907351243609,8540384.2063
2022,대학교,사립,기존,경기,서울장신대학교,예체능계열,25,25,28,6,24.0,1.12,87.5388,-63.5388,30.1419,0.3443261730798229,10058620.0
2022,대학교,사립,기존,경기,서울장신대학교,인문사회계열,79,79,172,61,77.22,2.18,87.1306,-9.910600000000002,28.5856,0.3280776214096999,7484890.0
2022,대학교,사립,기존,서울,서울한영대학교,예체능계열,20,20,61,10,50.0,3.05,95.101,-45.101,15.7246,0.1653463160219135,8474634.9833
2022,대학교,사립,기존,서울,서울한영대학교,인문사회계열,160,160,824,153,95.62,5.15,94.2192,1.4008000000000038,16.6669,0.1768949428566576,6859945.0672
2022,대학교,사립,기존,충북,서원대학교,공학계열,350,350,1989,350,100.0,5.68,79.7671,20.2329,26.2418,0.3289802437345723,8196490.192399999
2022,대학교,사립,기존,충북,서원대학교,예체능계열,266,266,1890,266,100.0,7.11,88.7862,11.213800000000006,21.3945,0.2409665015509167,7846819.4164
2022,대학교,사립,기존,충북,서원대학교,인문사회계열,726,727,4840,726,99.86,6.66,86.45,13.409999999999997,15.614,0.1806130711393869,6527212.7165
2022,대학교,사립,기존,충북,서원대학교,자연과학계열,280,280,2007,280,100.0,7.17,95.6538,4.346199999999996,6.3171,0.0660412863890404,7593953.451800001
2022,대학교,사립,기존,충남,선문대학교,공학계열,850,850,3499,847,99.65,4.12,95.0223,4.627700000000004,11.8084,0.1242697766734756,8505540.4702
2022,대학교,사립,기존,충남,선문대학교,예체능계열,115,115,915,116,100.87,7.96,96.5783,4.291700000000006,6.5565,0.0678879209926039,8028918.1086
2022,대학교,사립,기존,충남,선문대학교,인문사회계열,837,837,3688,836,99.88,4.41,92.8043,7.075699999999998,19.0746,0.2055357348743539,6965922.151099999
2022,대학교,사립,기존,충남,선문대학교,자연과학계열,251,250,2235,249,99.6,8.94,97.5208,2.0792,3.3499,0.0343506205855571,8239229.8806
2022,대학교,사립,기존,경기,성결대학교,공학계열,305,305,2088,305,100.0,6.85,92.9489,7.051100000000005,25.2369,0.271513702690403,8562478.5714
2022,대학교,사립,기존,경기,성결대학교,예체능계열,193,193,3118,193,100.0,16.16,87.5388,12.461200000000003,30.1419,0.3443261730798229,9346624.9946
2022,대학교,사립,기존,경기,성결대학교,인문사회계열,730,730,4739,730,100.0,6.49,87.1306,12.8694,28.5856,0.3280776214096999,6873909.504899999
2022,대학교,사립,기존,서울,성공회대학교,공학계열,139,139,526,139,100.0,3.78,93.6883,6.311700000000002,23.0924,0.2464811507947097,7992547.5
2022,대학교,사립,기존,서울,성공회대학교,인문사회계열,363,364,1948,363,99.73,5.35,94.2192,5.510800000000003,16.6669,0.1768949428566576,7282935.1515
2022,대학교,사립,기존,서울,성균관대학교,공학계열,1058,1063,18540,1062,99.91,17.44,93.6883,6.221699999999999,23.0924,0.2464811507947097,9304646.517
2022,대학교,사립,기존,서울,성균관대학교,예체능계열,252,252,3562,252,100.0,14.13,95.101,4.899000000000001,15.7246,0.1653463160219135,9566756.23
2022,대학교,사립,기존,서울,성균관대학교,인문사회계열,1499,1503,22764,1503,100.0,15.15,94.2192,5.780799999999999,16.6669,0.1768949428566576,7463666.0782
2022,대학교,사립,기존,서울,성균관대학교,자연과학계열,526,528,11029,525,99.43,20.89,97.6311,1.7989000000000033,10.8752,0.1113907351243609,8856363.9684
2022,대학교,사립,기존,서울,성신여자대학교,공학계열,414,414,2781,413,99.76,6.72,93.6883,6.071700000000007,23.0924,0.2464811507947097,8619105.8846
2022,대학교,사립,기존,서울,성신여자대학교,예체능계열,523,523,8327,521,99.62,15.92,95.101,4.5190000000000055,15.7246,0.1653463160219135,9974875.4945
2022,대학교,사립,기존,서울,성신여자대학교,인문사회계열,882,882,9458,882,100.0,10.72,94.2192,5.780799999999999,16.6669,0.1768949428566576,7319715.1154
2022,대학교,사립,기존,서울,성신여자대학교,자연과학계열,413,413,4052,412,99.76,9.81,97.6311,2.1289000000000016,10.8752,0.1113907351243609,8573598.562199999
2022,대학교,사립,기존,충북,세명대학교,공학계열,373,373,1196,241,64.61,3.21,79.7671,-15.1571,26.2418,0.3289802437345723,7951320.926100001
2022,대학교,사립,기존,충북,세명대학교,예체능계열,280,282,1105,266,94.33,3.92,88.7862,5.5438000000000045,21.3945,0.2409665015509167,7805764.103499999
2022,대학교,사립,기존,충북,세명대학교,인문사회계열,697,697,2781,547,78.48,3.99,86.45,-7.969999999999999,15.614,0.1806130711393869,6300402.1941
2022,대학교,사립,기존,충북,세명대학교,자연과학계열,470,472,3208,409,86.65,6.8,95.6538,-9.003799999999998,6.3171,0.0660412863890404,7605857.901899999
2022,대학교,사립,기존,서울,세종대학교,공학계열,1415,1415,17889,1410,99.65,12.64,93.6883,5.961700000000008,23.0924,0.2464811507947097,8898619.59
2022,대학교,사립,기존,서울,세종대학교,예체능계열,229,229,4185,229,100.0,18.28,95.101,4.899000000000001,15.7246,0.1653463160219135,9046442.1466
2022,대학교,사립,기존,서울,세종대학교,인문사회계열,582,583,11275,582,99.83,19.34,94.2192,5.610799999999998,16.6669,0.1768949428566576,6594035.713400001
2022,대학교,사립,기존,서울,세종대학교,자연과학계열,174,174,1826,173,99.43,10.49,97.6311,1.7989000000000033,10.8752,0.1113907351243609,7714568.4743
2022,대학교,사립,기존,전남,세한대학교,공학계열,130,130,417,127,97.69,3.21,91.1233,6.566699999999997,13.4241,0.1473179746563173,7718890.2381
2022,대학교,사립,기존,전남,세한대학교,예체능계열,285,284,879,283,99.65,3.1,99.8833,-0.2332999999999998,0.2021,0.0020233612625934,7021176.001800001
2022,대학교,사립,기존,전남,세한대학교,인문사회계열,272,272,933,271,99.63,3.43,74.2717,25.3583,39.9611,0.5380393878152783,5937898.6463
2022,대학교,사립,기존,전남,세한대학교,자연과학계열,130,130,827,130,100.0,6.36,99.6,0.4000000000000057,0.4705,0.0047238955823293,6784397.035699999
2022,대학교,사립,기존,광주,송원대학교,공학계열,135,135,395,135,100.0,2.93,77.605,22.395,25.0371,0.3226222537207653,7011866.657199999
2022,대학교,사립,기존,광주,송원대학교,예체능계열,105,105,338,105,100.0,3.22,96.6,3.4000000000000057,5.2974,0.0548385093167701,6992126.667200001
2022,대학교,사립,기존,광주,송원대학교,인문사회계열,241,241,854,241,100.0,3.54,91.715,8.284999999999997,13.1112,0.1429558959821185,6037041.5067
2022,대학교,사립,기존,광주,송원대학교,자연과학계열,219,219,1694,218,99.54,7.74,96.0133,3.5267000000000053,5.776,0.0601583322310554,6802051.080500001
2022,대학교,사립,기존,경기,수원가톨릭대학교,인문사회계열,90,90,37,24,26.67,0.41,87.1306,-60.4606,28.5856,0.3280776214096999,5325000.0
2022,대학교,사립,기존,서울,숙명여자대학교,공학계열,423,424,4711,424,100.0,11.11,93.6883,6.311700000000002,23.0924,0.2464811507947097,9485943.1818
2022,대학교,사립,기존,서울,숙명여자대학교,예체능계열,321,321,2944,321,100.0,9.17,95.101,4.899000000000001,15.7246,0.1653463160219135,10226027.989599999
2022,대학교,사립,기존,서울,숙명여자대학교,인문사회계열,1103,1109,15742,1109,100.0,14.19,94.2192,5.780799999999999,16.6669,0.1768949428566576,7670642.5254
2022,대학교,사립,기존,서울,숙명여자대학교,자연과학계열,303,304,4087,304,100.0,13.44,97.6311,2.3688999999999965,10.8752,0.1113907351243609,9034523.9742
2022,각종학교(대학),사립,기존,충북,순복음총회신학교,예체능계열,10,10,9,4,40.0,0.9,88.7862,-48.7862,21.3945,0.2409665015509167,7234285.709999999
2022,각종학교(대학),사립,기존,충북,순복음총회신학교,인문사회계열,54,54,65,33,61.11,1.2,86.45,-25.340000000000003,15.614,0.1806130711393869,5676930.686
2022,대학교,사립,기존,충남,순천향대학교,공학계열,853,854,5557,854,100.0,6.51,95.0223,4.977699999999999,11.8084,0.1242697766734756,8840640.9375
2022,대학교,사립,기존,충남,순천향대학교,예체능계열,146,146,2056,146,100.0,14.08,96.5783,3.4217000000000013,6.5565,0.0678879209926039,8288314.285699999
2022,대학교,사립,기존,충남,순천향대학교,인문사회계열,824,827,6587,825,99.76,7.96,92.8043,6.955700000000007,19.0746,0.2055357348743539,7496940.0359
2022,대학교,사립,기존,충남,순천향대학교,자연과학계열,529,529,5106,529,100.0,9.65,97.5208,2.479200000000006,3.3499,0.0343506205855571,8379226.617300001
2022,대학교,사립,기존,서울,숭실대학교,공학계열,1237,1241,16723,1239,99.84,13.48,93.6883,6.151700000000005,23.0924,0.2464811507947097,9318848.412899999
2022,대학교,사립,기존,서울,숭실대학교,예체능계열,87,86,2670,86,100.0,31.05,95.101,4.899000000000001,15.7246,0.1653463160219135,9293699.9999
2022,대학교,사립,기존,서울,숭실대학교,인문사회계열,1155,1156,15053,1155,99.91,13.02,94.2192,5.690799999999996,16.6669,0.1768949428566576,7629418.0726
2022,대학교,사립,기존,서울,숭실대학교,자연과학계열,221,221,2905,219,99.1,13.14,97.6311,1.4688999999999908,10.8752,0.1113907351243609,8475300.0
2022,대학교,사립,기존,경북,신경주대학교,예체능계열,165,154,212,55,35.71,1.38,87.6162,-51.906200000000005,25.4974,0.2910123926853709,8436174.885
2022,대학교,사립,기존,경북,신경주대학교,인문사회계열,367,320,143,62,19.38,0.45,89.8493,-70.4693,20.8376,0.2319172213918194,6635040.6239
2022,대학교,사립,기존,경북,신경주대학교,자연과학계열,120,112,326,56,50.0,2.91,84.4408,-34.4408,29.9351,0.3545099051643281,7309179.487299999
2022,대학교,사립,기존,부산,신라대학교,공학계열,531,531,1750,269,50.66,3.3,81.0012,-30.3412,16.9453,0.2091981353362666,8010356.3802000005
2022,대학교,사립,기존,부산,신라대학교,예체능계열,120,120,446,82,68.33,3.72,92.5522,-24.2222,10.4777,0.1132085460961489,7656044.7221
2022,대학교,사립,기존,부산,신라대학교,인문사회계열,825,825,3920,668,80.97,4.75,90.128,-9.158,7.4026,0.0821342978874489,5934444.0519
2022,대학교,사립,기존,부산,신라대학교,자연과학계열,370,370,2857,322,87.03,7.72,97.2333,-10.2033,4.7052,0.0483908290678193,7294631.6367
2022,대학교,사립,기존,경기,신한대학교,공학계열,171,171,1298,171,100.0,7.59,92.9489,7.051100000000005,25.2369,0.271513702690403,10340457.3325
2022,대학교,사립,기존,경기,신한대학교,자연과학계열,90,90,1294,90,100.0,14.38,99.8037,0.1962999999999937,0.5437,0.0054476938229744,9743684.0
2022,대학교,사립,기존,경기,신한대학교 _제2캠퍼스,공학계열,60,60,398,60,100.0,6.63,92.9489,7.051100000000005,25.2369,0.271513702690403,10303166.285699999
2022,대학교,사립,기존,경기,신한대학교 _제2캠퍼스,예체능계열,207,207,2499,207,100.0,12.07,87.5388,12.461200000000003,30.1419,0.3443261730798229,10234567.6125
2022,대학교,사립,기존,경기,신한대학교 _제2캠퍼스,인문사회계열,442,442,4831,442,100.0,10.93,87.1306,12.8694,28.5856,0.3280776214096999,8135300.9772
2022,대학교,사립,기존,경기,신한대학교 _제2캠퍼스,자연과학계열,378,378,4635,378,100.0,12.26,99.8037,0.1962999999999937,0.5437,0.0054476938229744,9759599.592300002
2022,대학교,사립,기존,경기,아신대학교,인문사회계열,160,160,111,49,30.63,0.69,87.1306,-56.500600000000006,28.5856,0.3280776214096999,6709164.5026
2022,대학교,사립,기존,경기,아주대학교,공학계열,1008,1010,14503,1010,100.0,14.36,92.9489,7.051100000000005,25.2369,0.271513702690403,9345808.6814
2022,대학교,사립,기존,경기,아주대학교,인문사회계열,561,562,8024,562,100.0,14.28,87.1306,12.8694,28.5856,0.3280776214096999,7494709.7883
2022,대학교,사립,기존,경기,아주대학교,자연과학계열,297,298,10254,297,99.66,34.41,99.8037,-0.1437000000000097,0.5437,0.0054476938229744,8890357.6299
2022,대학교,사립,기존,경기,안양대학교,공학계열,354,355,2885,354,99.72,8.13,92.9489,6.771100000000004,25.2369,0.271513702690403,8801810.301800001
2022,대학교,사립,기존,경기,안양대학교,예체능계열,112,113,1611,113,100.0,14.26,87.5388,12.461200000000003,30.1419,0.3443261730798229,8829910.7019
2022,대학교,사립,기존,경기,안양대학교,인문사회계열,437,439,4201,437,99.54,9.57,87.1306,12.409400000000003,28.5856,0.3280776214096999,7115788.551700001
2022,대학교,사립,기존,경기,안양대학교,자연과학계열,106,106,930,105,99.06,8.77,99.8037,-0.743700000000004,0.5437,0.0054476938229744,8316582.17
2022,대학교,사립,기존,인천,안양대학교 _제2캠퍼스,공학계열,60,60,287,56,93.33,4.78,96.665,-3.335000000000008,4.7164,0.0487911860549319,8874450.5217
2022,대학교,사립,기존,서울,연세대학교,공학계열,920,963,10497,961,99.79,10.9,93.6883,6.101700000000008,23.0924,0.2464811507947097,10404184.8629
2022,대학교,사립,기존,서울,연세대학교,예체능계열,209,209,1376,209,100.0,6.58,95.101,4.899000000000001,15.7246,0.1653463160219135,10377073.2157
2022,대학교,사립,기존,서울,연세대학교,인문사회계열,1626,1610,17630,1604,99.63,10.95,94.2192,5.410799999999995,16.6669,0.1768949428566576,9168762.9264
2022,대학교,사립,기존,서울,연세대학교,자연과학계열,664,681,7647,677,99.41,11.23,97.6311,1.778899999999993,10.8752,0.1113907351243609,9890386.9891
2022,대학교,사립,기존,강원,연세대학교(미래),공학계열,170,170,1083,170,100.0,6.37,68.752,31.248000000000005,28.5721,0.415582092157319,9868460.0
2022,대학교,사립,기존,강원,연세대학교(미래),예체능계열,55,55,303,55,100.0,5.51,86.888,13.111999999999997,14.1858,0.1632653530982414,8851150.0
2022,대학교,사립,기존,강원,연세대학교(미래),인문사회계열,748,753,4731,751,99.73,6.28,85.9114,13.818600000000004,14.57,0.1695933252164439,7815907.076199999
2022,대학교,사립,기존,강원,연세대학교(미래),자연과학계열,346,347,8181,346,99.71,23.58,92.242,7.467999999999989,11.6741,0.126559484833373,8696892.771000002
2022,대학교,사립,기존,경북,영남대학교,공학계열,1598,1600,9825,1599,99.94,6.14,83.78,16.159999999999997,21.0998,0.251847696347577,8517627.452300001
2022,대학교,사립,기존,경북,영남대학교,예체능계열,481,482,2542,480,99.59,5.27,87.6162,11.973799999999995,25.4974,0.2910123926853709,9250465.116600001
2022,대학교,사립,기존,경북,영남대학교,인문사회계열,1708,1710,11453,1709,99.94,6.7,89.8493,10.090699999999998,20.8376,0.2319172213918194,6215905.616400001
2022,대학교,사립,기존,경북,영남대학교,자연과학계열,800,800,6210,799,99.88,7.76,84.4408,15.4392,29.9351,0.3545099051643281,8624152.302099999
2022,대학교,사립,기존,경북,영남신학대학교,인문사회계열,115,115,168,100,86.96,1.46,89.8493,-2.8893000000000058,20.8376,0.2319172213918194,6372754.8333
2022,대학교,사립,기존,경남,영산대학교,공학계열,140,140,332,28,20.0,2.37,49.388,-29.388,39.7638,0.8051308010042927,7607864.4602
2022,대학교,사립,기존,경남,영산대학교,예체능계열,80,80,186,80,100.0,2.33,79.464,20.536,37.2319,0.4685379542937683,6747516.8
2022,대학교,사립,기존,경남,영산대학교,인문사회계열,180,180,627,166,92.22,3.48,75.3843,16.835700000000003,32.3701,0.429401082188201,5747047.1291000005
2022,대학교,사립,기존,경남,영산대학교,자연과학계열,175,175,1783,173,98.86,10.19,81.55,17.310000000000002,30.3325,0.3719497240956468,7204843.133300001
2022,대학교,사립,기존,부산,영산대학교 _제2캠퍼스,예체능계열,385,385,1416,322,83.64,3.68,92.5522,-8.912199999999999,10.4777,0.1132085460961489,7161196.2057
2022,대학교,사립,기존,부산,영산대학교 _제2캠퍼스,인문사회계열,286,286,853,250,87.41,2.98,90.128,-2.7180000000000035,7.4026,0.0821342978874489,5685550.4497
2022,대학교,사립,기존,부산,영산대학교 _제2캠퍼스,자연과학계열,160,160,709,157,98.12,4.43,97.2333,0.8867000000000047,4.7052,0.0483908290678193,7035073.5139
2022,대학교,사립,기존,전남,영산선학대학교,인문사회계열,50,50,8,8,16.0,0.16,74.2717,-58.2717,39.9611,0.5380393878152783,2060000.0
2022,대학교,사립,기존,전북,예수대학교,자연과학계열,115,115,743,115,100.0,6.46,95.0367,4.963300000000004,6.0259,0.0634060315646481,7225614.2
2022,대학교,사립,기존,전북,예원예술대학교,예체능계열,186,188,622,186,98.94,3.31,96.7517,2.188299999999998,2.4453,0.0252739745141429,8219390.6278
2022,대학교,사립,기존,경기,예원예술대학교 _제2캠퍼스,예체능계열,89,90,503,85,94.44,5.59,87.5388,6.901200000000003,30.1419,0.3443261730798229,8482056.3249
2022,대학교,사립,기존,경기,용인대학교,예체능계열,782,783,5681,781,99.74,7.26,87.5388,12.2012,30.1419,0.3443261730798229,8589386.5339
2022,대학교,사립,기존,경기,용인대학교,인문사회계열,265,266,4008,266,100.0,15.07,87.1306,12.8694,28.5856,0.3280776214096999,7421715.404700001
2022,대학교,사립,기존,경기,용인대학교,자연과학계열,140,140,1553,140,100.0,11.09,99.8037,0.1962999999999937,0.5437,0.0054476938229744,8146831.9013
2022,대학교,사립,기존,전북,우석대학교,공학계열,300,306,852,158,51.63,2.78,72.715,-21.085,18.3652,0.2525641201952829,7978770.039399999
2022,대학교,사립,기존,전북,우석대학교,예체능계열,285,288,908,269,93.4,3.15,96.7517,-3.351699999999994,2.4453,0.0252739745141429,7581757.376999999
2022,대학교,사립,기존,전북,우석대학교,인문사회계열,667,669,2187,539,80.57,3.27,92.272,-11.702000000000012,7.5285,0.0815902982486561,6174829.469400001
2022,대학교,사립,기존,전북,우석대학교,자연과학계열,483,483,4570,410,84.89,9.46,95.0367,-10.146699999999996,6.0259,0.0634060315646481,7474295.579700001
2022,대학교,사립,기존,대전,우송대학교,공학계열,601,601,3550,599,99.67,5.91,97.81,1.8599999999999997,2.6332,0.0269215826602596,7662368.702099999
2022,대학교,사립,기존,대전,우송대학교,예체능계열,210,210,1527,210,100.0,7.27,87.3667,12.633300000000006,28.578,0.3271040339168127,7832897.995
2022,대학교,사립,기존,대전,우송대학교,인문사회계열,688,688,4712,688,100.0,6.85,86.4762,13.523799999999994,25.9273,0.2998200660991116,7178382.853399999
2022,대학교,사립,기존,대전,우송대학교,자연과학계열,505,505,5652,502,99.41,11.19,98.3614,1.048599999999993,2.0495,0.0208364256710457,7827367.4123
2022,대학교,특별법법인,기존,울산,울산과학기술원,공학계열,370,370,5192,375,101.35,14.03,101.35,0.0,0.0,0.0,6286622.222200001
2022,대학교,특별법법인,기존,울산,울산과학기술원,인문사회계열,30,30,351,33,110.0,11.7,110.0,0.0,0.0,0.0,5685533.3331
2022,대학교,사립,기존,울산,울산대학교,공학계열,1012,1013,5143,1010,99.7,5.08,99.7,0.0,0.0,0.0,8551358.7632
2022,대학교,사립,기존,울산,울산대학교,예체능계열,219,304,1212,289,95.07,3.99,95.07,0.0,0.0,0.0,9006919.3274
2022,대학교,사립,기존,울산,울산대학교,인문사회계열,900,959,3651,946,98.64,3.81,98.64,0.0,0.0,0.0,6169365.0942
2022,대학교,사립,기존,울산,울산대학교,자연과학계열,533,478,3987,477,99.79,8.34,99.79,0.0,0.0,0.0,8082630.732899999
2022,대학교,사립,기존,전북,원광대학교,공학계열,904,905,2894,655,72.38,3.2,72.715,-0.3350000000000079,18.3652,0.2525641201952829,8261697.1229
2022,대학교,사립,기존,전북,원광대학교,예체능계열,384,384,2258,366,95.31,5.88,96.7517,-1.441699999999997,2.4453,0.0252739745141429,7811127.790899999
2022,대학교,사립,기존,전북,원광대학교,인문사회계열,1044,1044,4687,982,94.06,4.49,92.272,1.7879999999999967,7.5285,0.0815902982486561,6418968.6188
2022,대학교,사립,기존,전북,원광대학교,자연과학계열,898,900,6719,843,93.67,7.47,95.0367,-1.3666999999999945,6.0259,0.0634060315646481,7931645.109800001
2022,대학교,사립,기존,경북,위덕대학교,공학계열,85,85,113,38,44.71,1.33,83.78,-39.07,21.0998,0.251847696347577,8211784.646
2022,대학교,사립,기존,경북,위덕대학교,예체능계열,75,75,235,75,100.0,3.13,87.6162,12.383799999999994,25.4974,0.2910123926853709,8680141.6833
2022,대학교,사립,기존,경북,위덕대학교,인문사회계열,345,345,670,335,97.1,1.94,89.8493,7.250699999999995,20.8376,0.2319172213918194,6690155.2485
2022,대학교,사립,기존,경북,위덕대학교,자연과학계열,251,251,1005,243,96.81,4.0,84.4408,12.369200000000006,29.9351,0.3545099051643281,8271146.1376
2022,대학교,사립,기존,충북,유원대학교,공학계열,150,150,440,148,98.67,2.93,79.7671,18.9029,26.2418,0.3289802437345723,8220267.4846
2022,대학교,사립,기존,충북,유원대학교,예체능계열,75,75,232,75,100.0,3.09,88.7862,11.213800000000006,21.3945,0.2409665015509167,8183830.6866999995
2022,대학교,사립,기존,충북,유원대학교,인문사회계열,360,362,1077,362,100.0,2.98,86.45,13.549999999999995,15.614,0.1806130711393869,6610638.6483
2022,대학교,사립,기존,충북,유원대학교,자연과학계열,290,292,2419,292,100.0,8.28,95.6538,4.346199999999996,6.3171,0.0660412863890404,8256969.7883
2022,대학교,사립,기존,대전,을지대학교,자연과학계열,40,40,619,40,100.0,15.48,98.3614,1.6385999999999967,2.0495,0.0208364256710457,10033003.3331
2022,대학교,사립,기존,경기,을지대학교 _제2캠퍼스,예체능계열,67,67,867,67,100.0,12.94,87.5388,12.461200000000003,30.1419,0.3443261730798229,9152434.32
2022,대학교,사립,기존,경기,을지대학교 _제2캠퍼스,인문사회계열,156,156,1440,156,100.0,9.23,87.1306,12.8694,28.5856,0.3280776214096999,8208537.840000001
2022,대학교,사립,기존,경기,을지대학교 _제2캠퍼스,자연과학계열,686,686,8512,686,100.0,12.41,99.8037,0.1962999999999937,0.5437,0.0054476938229744,9009712.329699999
2022,대학교,사립,기존,서울,이화여자대학교,공학계열,554,554,4780,122,22.02,8.63,93.6883,-71.6683,23.0924,0.2464811507947097,9779742.8095
2022,대학교,사립,기존,서울,이화여자대학교,예체능계열,487,488,2583,163,33.4,5.29,95.101,-61.701,15.7246,0.1653463160219135,10339114.7046
2022,대학교,사립,기존,서울,이화여자대학교,인문사회계열,1257,1259,11486,577,45.83,9.12,94.2192,-48.3892,16.6669,0.1768949428566576,7792587.0852
2022,대학교,사립,기존,서울,이화여자대학교,자연과학계열,829,832,7511,360,43.27,9.03,97.6311,-54.3611,10.8752,0.1113907351243609,9318137.3997
2022,대학교,사립,기존,경남,인제대학교,공학계열,1003,951,2265,550,57.83,2.38,49.388,8.442,39.7638,0.8051308010042927,7980644.8903
2022,대학교,사립,기존,경남,인제대학교,예체능계열,73,74,302,64,86.49,4.08,79.464,7.025999999999996,37.2319,0.4685379542937683,7513880.3006
2022,대학교,사립,기존,경남,인제대학교,인문사회계열,486,489,2066,401,82.0,4.22,75.3843,6.615700000000004,32.3701,0.429401082188201,5895817.1405
2022,대학교,사립,기존,경남,인제대학교,자연과학계열,333,383,3469,375,97.91,9.06,81.55,16.36,30.3325,0.3719497240956468,7671029.549699999
2022,대학교,사립,기존,인천,인천가톨릭대학교,인문사회계열,13,13,20,12,92.31,1.54,96.155,-3.844999999999999,5.4377,0.0565514013831834,5270100.0
2022,대학교,사립,기존,인천,인천가톨릭대학교 _제2캠퍼스,예체능계열,113,113,745,113,100.0,6.59,99.5933,0.4067000000000007,0.7044,0.0070727649349906,8522931.1315
2022,대학교,사립,기존,인천,인천가톨릭대학교 _제2캠퍼스,자연과학계열,40,40,294,40,100.0,7.35,99.7,0.2999999999999971,0.4243,0.0042557673019057,8815150.0
2022,대학교,국립대법인,기존,인천,인천대학교,공학계열,997,997,8171,997,100.0,8.2,100.0,0.0,0.0,0.0,5306574.6032
2022,대학교,국립대법인,기존,인천,인천대학교,예체능계열,284,284,3544,284,100.0,12.48,100.0,0.0,0.0,0.0,5003335.7143
2022,대학교,국립대법인,기존,인천,인천대학교,인문사회계열,975,976,9852,975,99.9,10.09,99.9,0.0,0.0,0.0,4275767.9643
2022,대학교,국립대법인,기존,인천,인천대학교,자연과학계열,236,237,1539,237,100.0,6.49,100.0,0.0,0.0,0.0,4649673.3333
2022,대학교,사립,기존,인천,인하대학교,공학계열,1592,1594,17609,1594,100.0,11.05,96.665,3.3349999999999937,4.7164,0.0487911860549319,8865232.7213
2022,대학교,사립,기존,인천,인하대학교,예체능계열,235,235,3659,235,100.0,15.57,99.5933,0.4067000000000007,0.7044,0.0070727649349906,8788302.9549
2022,대학교,사립,기존,인천,인하대학교,인문사회계열,1217,1217,14546,1217,100.0,11.95,96.155,3.844999999999999,5.4377,0.0565514013831834,7140757.6154
2022,대학교,사립,기존,인천,인하대학교,자연과학계열,499,500,12604,497,99.4,25.21,99.7,-0.2999999999999971,0.4243,0.0042557673019057,8566799.591699999
2022,대학교,사립,기존,서울,장로회신학대학교,예체능계열,50,50,95,50,100.0,1.9,95.101,4.899000000000001,15.7246,0.1653463160219135,8918550.0
2022,대학교,사립,기존,서울,장로회신학대학교,인문사회계열,100,100,218,100,100.0,2.18,94.2192,5.780799999999999,16.6669,0.1768949428566576,6324550.0
2022,대학교,국립,기존,광주,전남대학교,공학계열,908,909,7381,907,99.78,8.12,99.78,0.0,0.0,0.0,4425547.3805
2022,대학교,국립,기존,광주,전남대학교,예체능계열,212,212,977,212,100.0,4.61,100.0,0.0,0.0,0.0,4560547.618899999
2022,대학교,국립,기존,광주,전남대학교,인문사회계열,1105,1105,8999,1105,100.0,8.14,100.0,0.0,0.0,0.0,3530621.9717
2022,대학교,국립,기존,광주,전남대학교,자연과학계열,1192,1192,10812,1191,99.92,9.07,99.92,0.0,0.0,0.0,4310425.5612
2022,대학교,국립,기존,전남,전남대학교 _제2캠퍼스,공학계열,417,418,1856,408,97.61,4.44,94.0625,3.5474999999999994,5.3893,0.0572948837209302,4445227.0131
2022,대학교,국립,기존,전남,전남대학교 _제2캠퍼스,인문사회계열,219,219,1042,218,99.54,4.76,93.8533,5.686700000000002,6.8284,0.0727560991462207,3683881.6160999998
2022,대학교,국립,기존,전남,전남대학교 _제2캠퍼스,자연과학계열,195,196,839,172,87.76,4.28,85.9133,1.8466999999999985,7.0537,0.0821025382565912,4146822.8571
2022,대학교,국립,기존,전북,전북대학교,공학계열,1340,1344,9344,1340,99.7,6.95,89.815,9.885000000000003,13.9795,0.1556477203139787,4610351.6372
2022,대학교,국립,기존,전북,전북대학교,예체능계열,175,176,556,172,97.73,3.16,88.96,8.77000000000001,12.4027,0.1394188399280575,4666828.571
2022,대학교,국립,기존,전북,전북대학교,인문사회계열,1125,1127,8379,1124,99.73,7.43,64.0033,35.72670000000001,55.5535,0.8679786823491914,3396788.9909999995
2022,대학교,국립,기존,전북,전북대학교,자연과학계열,1208,1212,12087,1208,99.67,9.97,89.72,9.950000000000005,14.0714,0.156836825679893,4434490.6007
2022,교육대학,국립,기존,전북,전주교육대학교,인문사회계열,285,287,1053,0,0.0,3.67,64.0033,-64.0033,55.5535,0.8679786823491914,3363000.0
2022,대학교,사립,기존,전북,전주대학교,공학계열,615,614,2634,592,96.42,4.29,72.715,23.705,18.3652,0.2525641201952829,8233747.458
2022,대학교,사립,기존,전북,전주대학교,예체능계열,326,326,1242,312,95.71,3.81,96.7517,-1.0417000000000058,2.4453,0.0252739745141429,7895991.7185
2022,대학교,사립,기존,전북,전주대학교,인문사회계열,1067,1068,4480,1049,98.22,4.19,92.272,5.947999999999993,7.5285,0.0815902982486561,6563347.2249
2022,대학교,사립,기존,전북,전주대학교,자연과학계열,549,549,3681,546,99.45,6.7,95.0367,4.413300000000007,6.0259,0.0634060315646481,7561820.089
2022,기술대학,사립,기존,서울,정석대학,공학계열,25,25,0,0,0.0,0.0,93.6883,-93.6883,23.0924,0.2464811507947097,0.0
2022,기술대학,사립,기존,서울,정석대학,인문사회계열,0,25,17,17,68.0,0.68,94.2192,-26.2192,16.6669,0.1768949428566576,0.0
2022,대학교,사립,기존,제주,제주국제대학교,공학계열,120,120,46,15,12.5,0.38,12.5,0.0,0.0,0.0,6619315.251700001
2022,대학교,사립,기존,제주,제주국제대학교,예체능계열,120,120,83,41,34.17,0.69,34.17,0.0,0.0,0.0,6416281.3363
2022,대학교,사립,기존,제주,제주국제대학교,인문사회계열,115,115,42,4,3.48,0.37,3.48,0.0,0.0,0.0,6046847.771500001
2022,대학교,국립,기존,제주,제주대학교,공학계열,407,408,2231,405,99.26,5.47,99.26,0.0,0.0,0.0,4396723.9253
2022,대학교,국립,기존,제주,제주대학교,예체능계열,114,144,489,144,100.0,3.4,100.0,0.0,0.0,0.0,4279282.3033
2022,대학교,국립,기존,제주,제주대학교,인문사회계열,893,896,5935,895,99.89,6.62,99.89,0.0,0.0,0.0,3337737.6269
2022,대학교,국립,기존,제주,제주대학교,자연과학계열,731,731,7749,728,99.59,10.6,99.59,0.0,0.0,0.0,4202976.9812
2022,대학교,사립,기존,광주,조선대학교,공학계열,1493,1499,6504,1495,99.73,4.34,77.605,22.125,25.0371,0.3226222537207653,7956486.772400001
2022,대학교,사립,기존,광주,조선대학교,예체능계열,507,509,2079,503,98.82,4.08,96.6,2.219999999999999,5.2974,0.0548385093167701,7660610.115099999
2022,대학교,사립,기존,광주,조선대학교,인문사회계열,1587,1594,7453,1589,99.69,4.68,91.715,7.974999999999994,13.1112,0.1429558959821185,6194613.6739
2022,대학교,사립,기존,광주,조선대학교,자연과학계열,780,783,7377,782,99.87,9.42,96.0133,3.856700000000004,5.776,0.0601583322310554,7556035.108
2022,대학교,사립,기존,충남,중부대학교,공학계열,310,307,2087,289,94.14,6.8,95.0223,-0.8823000000000008,11.8084,0.1242697766734756,7877488.5838
2022,대학교,사립,기존,충남,중부대학교,예체능계열,490,490,3728,463,94.49,7.61,96.5783,-2.088300000000004,6.5565,0.0678879209926039,8049557.456200001
2022,대학교,사립,기존,충남,중부대학교,인문사회계열,910,912,5294,729,79.93,5.8,92.8043,-12.874299999999993,19.0746,0.2055357348743539,6872869.2114
2022,대학교,사립,기존,충남,중부대학교,자연과학계열,235,236,2287,227,96.19,9.69,97.5208,-1.3307999999999964,3.3499,0.0343506205855571,7430537.0619
2022,대학교,사립,기존,서울,중앙대학교,공학계열,926,939,23495,931,99.15,25.02,93.6883,5.461700000000008,23.0924,0.2464811507947097,9475354.7006
2022,대학교,사립,기존,서울,중앙대학교,예체능계열,30,126,4791,126,100.0,38.02,95.101,4.899000000000001,15.7246,0.1653463160219135,9344610.0
2022,대학교,사립,기존,서울,중앙대학교,인문사회계열,1586,1593,31454,1586,99.56,19.75,94.2192,5.3408000000000015,16.6669,0.1768949428566576,7381507.4074
2022,대학교,사립,기존,서울,중앙대학교,자연과학계열,612,621,16848,618,99.52,27.13,97.6311,1.8888999999999925,10.8752,0.1113907351243609,9230688.0561
2022,대학교,사립,기존,경기,중앙대학교 _제2캠퍼스,예체능계열,120,716,6649,716,100.0,9.29,87.5388,12.461200000000003,30.1419,0.3443261730798229,9729359.533
2022,대학교,사립,기존,경기,중앙대학교 _제2캠퍼스,자연과학계열,325,329,2184,327,99.39,6.64,99.8037,-0.4137000000000057,0.5437,0.0054476938229744,8491900.0
2022,대학교,사립,기존,충북,중원대학교,공학계열,285,279,552,174,62.37,1.98,79.7671,-17.397100000000002,26.2418,0.3289802437345723,8080260.8619
2022,대학교,사립,기존,충북,중원대학교,예체능계열,153,155,493,155,100.0,3.18,88.7862,11.213800000000006,21.3945,0.2409665015509167,7763567.868000001
2022,대학교,사립,기존,충북,중원대학교,인문사회계열,195,186,555,170,91.4,2.98,86.45,4.950000000000003,15.614,0.1806130711393869,6537522.103
2022,대학교,사립,기존,충북,중원대학교,자연과학계열,288,268,1048,247,92.16,3.91,95.6538,-3.493800000000008,6.3171,0.0660412863890404,8069134.1912
2022,교육대학,국립,기존,경남,진주교육대학교,인문사회계열,319,319,1726,0,0.0,5.41,65.9733,-65.9733,57.1403,0.8661125030883707,3530769.9099
2022,대학교,사립,기존,경기,차의과학대학교,인문사회계열,229,229,1205,229,100.0,5.26,87.1306,12.8694,28.5856,0.3280776214096999,7450283.3333
2022,대학교,사립,기존,경기,차의과학대학교,자연과학계열,275,275,2707,275,100.0,9.84,99.8037,0.1962999999999937,0.5437,0.0054476938229744,7843679.7316
2022,대학교,사립,기존,경남,창신대학교,공학계열,55,55,287,55,100.0,5.22,49.388,50.612,39.7638,0.8051308010042927,7609356.2853
2022,대학교,사립,기존,경남,창신대학교,예체능계열,35,35,260,35,100.0,7.43,79.464,20.536,37.2319,0.4685379542937683,7269064.4947999995
2022,대학교,사립,기존,경남,창신대학교,인문사회계열,120,120,744,120,100.0,6.2,75.3843,24.615700000000004,32.3701,0.429401082188201,5842445.6301
2022,대학교,사립,기존,경남,창신대학교,자연과학계열,115,115,1754,115,100.0,15.25,81.55,18.450000000000003,30.3325,0.3719497240956468,6878807.6282
2022,산업대학,사립,기존,충남,청운대학교,공학계열,265,267,2012,261,97.75,7.54,95.0223,2.7276999999999987,11.8084,0.1242697766734756,7952545.4277
2022,산업대학,사립,기존,충남,청운대학교,예체능계열,320,323,1218,252,78.02,3.77,96.5783,-18.558300000000003,6.5565,0.0678879209926039,8161234.729799999
2022,산업대학,사립,기존,충남,청운대학교,인문사회계열,508,514,2973,474,92.22,5.78,92.8043,-0.5842999999999989,19.0746,0.2055357348743539,7025628.9501
2022,산업대학,사립,기존,충남,청운대학교,자연과학계열,110,111,1191,107,96.4,10.73,97.5208,-1.1207999999999885,3.3499,0.0343506205855571,8086169.63
2022,교육대학,국립,기존,충북,청주교육대학교,인문사회계열,286,287,1990,0,0.0,6.93,74.89,-74.89,49.9268,0.6666684470556816,3323823.0769
2022,대학교,사립,기존,충북,청주대학교,공학계열,868,868,3220,858,98.85,3.71,79.7671,19.082899999999995,26.2418,0.3289802437345723,8754289.9597
2022,대학교,사립,기존,충북,청주대학교,예체능계열,331,331,3039,331,100.0,9.18,88.7862,11.213800000000006,21.3945,0.2409665015509167,8631585.7241
2022,대학교,사립,기존,충북,청주대학교,인문사회계열,1105,1110,5009,1110,100.0,4.51,86.45,13.549999999999995,15.614,0.1806130711393869,7251282.4284
2022,대학교,사립,기존,충북,청주대학교,자연과학계열,348,348,2704,348,100.0,7.77,95.6538,4.346199999999996,6.3171,0.0660412863890404,8339846.856900001
2022,대학교,사립,기존,전남,초당대학교,공학계열,190,190,718,190,100.0,3.78,91.1233,8.8767,13.4241,0.1473179746563173,7345446.9833
2022,대학교,사립,기존,전남,초당대학교,예체능계열,30,30,100,30,100.0,3.33,99.8833,0.1166999999999944,0.2021,0.0020233612625934,6816277.0534
2022,대학교,사립,기존,전남,초당대학교,인문사회계열,242,242,740,242,100.0,3.06,74.2717,25.728300000000004,39.9611,0.5380393878152783,5760803.647299999
2022,대학교,사립,기존,전남,초당대학교,자연과학계열,290,290,1537,288,99.31,5.3,99.6,-0.289999999999992,0.4705,0.0047238955823293,6877806.615700001
2022,대학교,사립,기존,서울,총신대학교,예체능계열,54,54,137,54,100.0,2.54,95.101,4.899000000000001,15.7246,0.1653463160219135,9334493.209999999
2022,대학교,사립,기존,서울,총신대학교,인문사회계열,253,253,1063,253,100.0,4.2,94.2192,5.780799999999999,16.6669,0.1768949428566576,7143588.522499999
2022,대학교,사립,기존,서울,추계예술대학교,예체능계열,192,193,1755,193,100.0,9.09,95.101,4.899000000000001,15.7246,0.1653463160219135,9602286.838
2022,대학교,사립,기존,서울,추계예술대학교,인문사회계열,58,59,786,59,100.0,13.32,94.2192,5.780799999999999,16.6669,0.1768949428566576,7307010.1865
2022,교육대학,국립,기존,강원,춘천교육대학교,인문사회계열,321,321,1689,0,0.0,5.26,79.456,-79.456,44.4222,0.5590792388240031,3269603.7791999998
2022,대학교,국립,기존,대전,충남대학교,공학계열,1096,1097,9553,1096,99.91,8.71,99.845,0.0649999999999977,0.0919,0.000920426661325,4899340.2299999995
2022,대학교,국립,기존,대전,충남대학교,예체능계열,208,209,678,205,98.09,3.24,97.875,0.2150000000000034,0.3041,0.0031070242656449,4682638.889
2022,대학교,국립,기존,대전,충남대학교,인문사회계열,1114,1114,11798,1113,99.91,10.59,99.955,-0.0450000000000017,0.0636,0.0006362863288479,3461409.6468
2022,대학교,국립,기존,대전,충남대학교,자연과학계열,1180,1185,12438,1184,99.92,10.5,99.92,0.0,0.0,0.0,4289067.3703000005
2022,대학교,국립,기존,충북,충북대학교,공학계열,898,898,9086,898,100.0,10.12,99.9433,0.0567000000000064,0.0981,0.0009815565425596,4666339.052399999
2022,대학교,국립,기존,충북,충북대학교,예체능계열,63,63,442,63,100.0,7.02,99.3067,0.6932999999999936,1.2009,0.0120928396573443,4497002.6665
2022,대학교,국립,기존,충북,충북대학교,인문사회계열,895,896,10505,894,99.78,11.72,74.89,24.89,49.9268,0.6666684470556816,3582758.2489
2022,대학교,국립,기존,충북,충북대학교,자연과학계열,950,953,11571,953,100.0,12.14,99.8333,0.1667000000000058,0.2887,0.0028918206650486,4441999.217499999
2022,대학교,사립,기존,경기,칼빈대학교,인문사회계열,20,20,46,20,100.0,2.3,87.1306,12.8694,28.5856,0.3280776214096999,7350174.352
2022,대학교,사립,기존,경기,평택대학교,공학계열,218,219,1215,219,100.0,5.55,92.9489,7.051100000000005,25.2369,0.271513702690403,8425696.6
2022,대학교,사립,기존,경기,평택대학교,예체능계열,146,144,1579,140,97.22,10.97,87.5388,9.681200000000004,30.1419,0.3443261730798229,9197230.512
2022,대학교,사립,기존,경기,평택대학교,인문사회계열,335,335,2535,335,100.0,7.57,87.1306,12.8694,28.5856,0.3280776214096999,7159925.7535
2022,대학교,사립,기존,경기,평택대학교,자연과학계열,81,82,359,82,100.0,4.38,99.8037,0.1962999999999937,0.5437,0.0054476938229744,8294379.7433
2022,대학교,사립,기존,경북,포항공과대학교,공학계열,320,320,2260,319,99.69,7.06,83.78,15.909999999999997,21.0998,0.251847696347577,5890030.635
2022,대학교,국립,기존,경기,한경국립대학교,공학계열,560,564,3985,562,99.65,7.07,99.65,0.0,0.0,0.0,4174192.7188
2022,대학교,국립,기존,경기,한경국립대학교,예체능계열,55,55,305,55,100.0,5.55,100.0,0.0,0.0,0.0,4188322.6666
2022,대학교,국립,기존,경기,한경국립대학교,인문사회계열,162,163,1511,162,99.39,9.27,99.39,0.0,0.0,0.0,3663961.0
2022,대학교,국립,기존,경기,한경국립대학교,자연과학계열,304,306,2401,305,99.67,7.85,99.67,0.0,0.0,0.0,3981527.4545
2022,대학교,사립,기존,경기,한국공학대학교,공학계열,1241,1242,8406,1242,100.0,6.77,92.9489,7.051100000000005,25.2369,0.271513702690403,9584528.1612
2022,대학교,사립,기존,경기,한국공학대학교,인문사회계열,139,139,1597,139,100.0,11.49,87.1306,12.8694,28.5856,0.3280776214096999,8740821.112
2022,대학교,특별법법인,기존,대전,한국과학기술원,공학계열,611,457,2817,483,105.69,6.16,105.69,0.0,0.0,0.0,6979464.285699999
2022,대학교,국립,기존,충북,한국교원대학교,공학계열,20,20,266,20,100.0,13.3,99.9433,0.0567000000000064,0.0981,0.0009815565425596,3602000.0
2022,대학교,국립,기존,충북,한국교원대학교,예체능계열,57,57,227,57,100.0,3.98,99.3067,0.6932999999999936,1.2009,0.0120928396573443,3803333.3329999996
2022,대학교,국립,기존,충북,한국교원대학교,인문사회계열,309,309,2575,309,100.0,8.33,74.89,25.11,49.9268,0.6666684470556816,2876736.3636
2022,대학교,국립,기존,충북,한국교원대학교,자연과학계열,160,160,975,160,100.0,6.09,99.8333,0.1667000000000058,0.2887,0.0028918206650486,3511312.5
2022,대학교,사립,기존,충남,한국기술교육대학교,공학계열,688,688,4003,688,100.0,5.82,95.0223,4.977699999999999,11.8084,0.1242697766734756,4802551.0685
2022,대학교,사립,기존,충남,한국기술교육대학교,인문사회계열,148,148,888,148,100.0,6.0,92.8043,7.195700000000002,19.0746,0.2055357348743539,3404779.3049999997
2022,방송통신대학,국립,기존,서울,한국방송통신대학교,공학계열,3040,3040,1122,978,32.17,0.37,66.02,-33.849999999999994,47.8711,0.7250999697061496,1469650.7
2022,방송통신대학,국립,기존,서울,한국방송통신대학교,인문사회계열,40380,40380,6926,5874,14.55,0.17,38.1833,-23.6333,54.0269,1.4149353251290484,786481.72331
2022,방송통신대학,국립,기존,서울,한국방송통신대학교,자연과학계열,8130,8130,1847,1542,18.97,0.23,59.485,-40.515,57.2969,0.9632159367907877,731590.0
2022,대학교,사립,기존,서울,한국성서대학교,공학계열,35,35,236,35,100.0,6.74,93.6883,6.311700000000002,23.0924,0.2464811507947097,7827665.0
2022,대학교,사립,기존,서울,한국성서대학교,인문사회계열,143,144,607,144,100.0,4.22,94.2192,5.780799999999999,16.6669,0.1768949428566576,6970768.0
2022,대학교,사립,기존,서울,한국성서대학교,자연과학계열,45,45,734,45,100.0,16.31,97.6311,2.3688999999999965,10.8752,0.1113907351243609,8179665.0
2022,각종학교(대학),특별법국립,기존,서울,한국예술종합학교,공학계열,20,20,118,20,100.0,5.9,100.0,0.0,0.0,0.0,4816720.0
2022,각종학교(대학),특별법국립,기존,서울,한국예술종합학교,예체능계열,506,506,11529,482,95.26,22.78,95.26,0.0,0.0,0.0,4851206.6667
2022,각종학교(대학),특별법국립,기존,서울,한국예술종합학교,인문사회계열,32,32,643,31,96.88,20.09,96.88,0.0,0.0,0.0,4850200.0
2022,대학교,사립,기존,서울,한국외국어대학교,공학계열,284,286,2315,282,98.6,8.09,93.6883,4.911699999999996,23.0924,0.2464811507947097,8915992.8777
2022,대학교,사립,기존,서울,한국외국어대학교,인문사회계열,2835,2843,35280,2792,98.21,12.41,94.2192,3.990799999999993,16.6669,0.1768949428566576,7379582.0342
2022,대학교,사립,기존,서울,한국외국어대학교,자연과학계열,258,260,2389,254,97.69,9.19,97.6311,0.0588999999999941,10.8752,0.1113907351243609,8349043.1207
2022,대학교,국립,기존,서울,한국체육대학교,예체능계열,535,537,3049,536,99.81,5.68,72.8933,26.91670000000001,46.7857,0.6418381387589807,4168598.4249
2022,대학교,사립,기존,대전,한국침례신학대학교,예체능계열,55,55,39,16,29.09,0.71,87.3667,-58.27669999999999,28.578,0.3271040339168127,8045784.3967
2022,대학교,사립,기존,대전,한국침례신학대학교,인문사회계열,210,210,260,166,79.05,1.24,86.4762,-7.426200000000009,25.9273,0.2998200660991116,6116929.8135
2022,대학교,사립,기존,경기,한국항공대학교,공학계열,610,618,5997,617,99.84,9.7,92.9489,6.891100000000009,25.2369,0.271513702690403,9410669.8126
2022,대학교,사립,기존,경기,한국항공대학교,인문사회계열,106,106,1063,105,99.06,10.03,87.1306,11.9294,28.5856,0.3280776214096999,7236665.1434
2022,대학교,사립,기존,경기,한국항공대학교,자연과학계열,185,186,1976,186,100.0,10.62,99.8037,0.1962999999999937,0.5437,0.0054476938229744,8998027.3567
2022,대학교,사립,기존,대전,한남대학교,공학계열,731,731,3575,731,100.0,4.89,97.81,2.1899999999999977,2.6332,0.0269215826602596,8590165.5659
2022,대학교,사립,기존,대전,한남대학교,예체능계열,244,244,1368,244,100.0,5.61,87.3667,12.633300000000006,28.578,0.3271040339168127,8449529.6739
2022,대학교,사립,기존,대전,한남대학교,인문사회계열,1428,1428,6668,1427,99.93,4.67,86.4762,13.4538,25.9273,0.2998200660991116,6797273.264
2022,대학교,사립,기존,대전,한남대학교,자연과학계열,352,352,1808,352,100.0,5.14,98.3614,1.6385999999999967,2.0495,0.0208364256710457,7917873.799799999
2022,대학교,사립,기존,경북,한동대학교,인문사회계열,0,729,2989,729,100.0,4.1,89.8493,10.1507,20.8376,0.2319172213918194,6320225.0
2022,대학교,사립,기존,강원,한라대학교,공학계열,472,474,959,218,45.99,2.02,68.752,-22.761999999999997,28.5721,0.415582092157319,7975056.5361
2022,대학교,사립,기존,강원,한라대학교,예체능계열,116,118,352,83,70.34,2.98,86.888,-16.548000000000002,14.1858,0.1632653530982414,8031978.495999999
2022,대학교,사립,기존,강원,한라대학교,인문사회계열,295,297,922,201,67.68,3.1,85.9114,-18.231399999999997,14.57,0.1695933252164439,6418224.5022
2022,대학교,사립,기존,강원,한림대학교,공학계열,51,313,1087,313,100.0,3.47,68.752,31.248000000000005,28.5721,0.415582092157319,8800964.4806
2022,대학교,사립,기존,강원,한림대학교,예체능계열,50,50,220,50,100.0,4.4,86.888,13.111999999999997,14.1858,0.1632653530982414,8687647.0
2022,대학교,사립,기존,강원,한림대학교,인문사회계열,894,895,3939,895,100.0,4.4,85.9114,14.0886,14.57,0.1695933252164439,7236342.6677
2022,대학교,사립,기존,강원,한림대학교,자연과학계열,454,515,2828,515,100.0,5.49,92.242,7.757999999999996,11.6741,0.126559484833373,8527291.877
2022,대학교,사립,기존,충남,한서대학교,공학계열,494,493,2319,489,99.19,4.7,95.0223,4.167699999999996,11.8084,0.1242697766734756,8730890.029099999
2022,대학교,사립,기존,충남,한서대학교,예체능계열,315,315,1365,299,94.92,4.33,96.5783,-1.658299999999997,6.5565,0.0678879209926039,8385486.8201
2022,대학교,사립,기존,충남,한서대학교,인문사회계열,400,400,4195,375,93.75,10.49,92.8043,0.9457000000000022,19.0746,0.2055357348743539,7192987.519400001
2022,대학교,사립,기존,충남,한서대학교,자연과학계열,370,370,1830,332,89.73,4.95,97.5208,-7.79079999999999,3.3499,0.0343506205855571,8123223.5722
2022,대학교,사립,기존,서울,한성대학교,공학계열,504,504,3753,504,100.0,7.45,93.6883,6.311700000000002,23.0924,0.2464811507947097,8768827.9182
2022,대학교,사립,기존,서울,한성대학교,예체능계열,282,283,3691,283,100.0,13.04,95.101,4.899000000000001,15.7246,0.1653463160219135,9000205.2592
2022,대학교,사립,기존,서울,한성대학교,인문사회계열,672,674,5285,674,100.0,7.84,94.2192,5.780799999999999,16.6669,0.1768949428566576,6929109.3287
2022,대학교,사립,기존,경기,한세대학교,공학계열,47,47,562,47,100.0,11.96,92.9489,7.051100000000005,25.2369,0.271513702690403,9457653.465
2022,대학교,사립,기존,경기,한세대학교,예체능계열,183,183,2289,183,100.0,12.51,87.5388,12.461200000000003,30.1419,0.3443261730798229,10095622.021
2022,대학교,사립,기존,경기,한세대학교,인문사회계열,296,298,2723,298,100.0,9.14,87.1306,12.8694,28.5856,0.3280776214096999,7724254.7204
2022,대학교,사립,기존,경기,한세대학교,자연과학계열,40,40,458,40,100.0,11.45,99.8037,0.1962999999999937,0.5437,0.0054476938229744,8855625.0
2022,대학교,사립,기존,경기,한신대학교,공학계열,216,216,1818,215,99.54,8.42,92.9489,6.591100000000012,25.2369,0.271513702690403,8664905.3335
2022,대학교,사립,기존,경기,한신대학교,예체능계열,32,32,673,32,100.0,21.03,87.5388,12.461200000000003,30.1419,0.3443261730798229,8421620.0
2022,대학교,사립,기존,경기,한신대학교,인문사회계열,841,841,5450,841,100.0,6.48,87.1306,12.8694,28.5856,0.3280776214096999,7318036.6787
2022,대학교,사립,기존,경기,한신대학교,자연과학계열,82,82,391,82,100.0,4.77,99.8037,0.1962999999999937,0.5437,0.0054476938229744,7953270.0
2022,대학교,사립,기존,서울,한양대학교,공학계열,1205,1207,23427,1207,100.0,19.41,93.6883,6.311700000000002,23.0924,0.2464811507947097,9886809.9748
2022,대학교,사립,기존,서울,한양대학교,예체능계열,282,284,4269,283,99.65,15.03,95.101,4.549000000000007,15.7246,0.1653463160219135,10221140.977500001
2022,대학교,사립,기존,서울,한양대학교,인문사회계열,966,968,18221,966,99.79,18.82,94.2192,5.5708000000000055,16.6669,0.1768949428566576,7785873.2256
2022,대학교,사립,기존,서울,한양대학교,자연과학계열,453,458,9073,458,100.0,19.81,97.6311,2.3688999999999965,10.8752,0.1113907351243609,9004722.0955
2022,대학교,사립,기존,전북,한일장신대학교,예체능계열,75,75,134,75,100.0,1.79,96.7517,3.2483000000000004,2.4453,0.0252739745141429,7461399.9667
2022,대학교,사립,기존,전북,한일장신대학교,인문사회계열,92,92,153,91,98.91,1.66,92.272,6.637999999999991,7.5285,0.0815902982486561,5942602.783299999
2022,대학교,사립,기존,전북,한일장신대학교,자연과학계열,52,52,204,52,100.0,3.92,95.0367,4.963300000000004,6.0259,0.0634060315646481,7150600.0
2022,대학교,사립,기존,경기,협성대학교,공학계열,145,145,950,145,100.0,6.55,92.9489,7.051100000000005,25.2369,0.271513702690403,9064963.578
2022,대학교,사립,기존,경기,협성대학교,예체능계열,237,237,1553,159,67.09,6.55,87.5388,-20.44879999999999,30.1419,0.3443261730798229,8932144.9822
2022,대학교,사립,기존,경기,협성대학교,인문사회계열,547,549,3367,549,100.0,6.13,87.1306,12.8694,28.5856,0.3280776214096999,6984830.553
2022,대학교,사립,기존,경기,협성대학교,자연과학계열,75,75,506,75,100.0,6.75,99.8037,0.1962999999999937,0.5437,0.0054476938229744,8927765.47
2022,대학교,사립,기존,광주,호남대학교,공학계열,362,362,1212,267,73.76,3.35,77.605,-3.844999999999999,25.0371,0.3226222537207653,7187440.045700001
2022,대학교,사립,기존,광주,호남대학교,예체능계열,302,303,1440,272,89.77,4.75,96.6,-6.829999999999998,5.2974,0.0548385093167701,7116263.2773
2022,대학교,사립,기존,광주,호남대학교,인문사회계열,421,423,1772,327,77.3,4.19,91.715,-14.415000000000006,13.1112,0.1429558959821185,6169440.701199999
2022,대학교,사립,기존,광주,호남대학교,자연과학계열,477,478,3648,461,96.44,7.63,96.0133,0.4266999999999967,5.776,0.0601583322310554,7047684.2058
2022,대학교,사립,기존,광주,호남신학대학교,예체능계열,50,50,66,50,100.0,1.32,96.6,3.4000000000000057,5.2974,0.0548385093167701,8219966.62
2022,대학교,사립,기존,광주,호남신학대학교,인문사회계열,69,69,103,69,100.0,1.49,91.715,8.284999999999997,13.1112,0.1429558959821185,6059537.995
2022,대학교,사립,기존,충남,호서대학교,공학계열,1227,1228,5229,1227,99.92,4.26,95.0223,4.8977,11.8084,0.1242697766734756,8562796.841400001
2022,대학교,사립,기존,충남,호서대학교,예체능계열,390,391,3620,390,99.74,9.26,96.5783,3.161699999999996,6.5565,0.0678879209926039,8450587.001600001
2022,대학교,사립,기존,충남,호서대학교,인문사회계열,873,874,4786,869,99.43,5.48,92.8043,6.625700000000009,19.0746,0.2055357348743539,7180762.862000001
2022,대학교,사립,기존,충남,호서대학교,자연과학계열,391,391,2770,391,100.0,7.08,97.5208,2.479200000000006,3.3499,0.0343506205855571,8042013.218799999
2022,산업대학,사립,기존,전북,호원대학교,공학계열,185,186,638,131,70.43,3.43,72.715,-2.2849999999999966,18.3652,0.2525641201952829,7357384.1281
2022,산업대학,사립,기존,전북,호원대학교,예체능계열,492,492,7348,478,97.15,14.93,96.7517,0.3983000000000061,2.4453,0.0252739745141429,7355849.6809
2022,산업대학,사립,기존,전북,호원대학교,인문사회계열,170,173,695,155,89.6,4.02,92.272,-2.6720000000000117,7.5285,0.0815902982486561,6014201.2687
2022,산업대학,사립,기존,전북,호원대학교,자연과학계열,243,244,2546,225,92.21,10.43,95.0367,-2.8267000000000024,6.0259,0.0634060315646481,7404782.151800001
2022,대학교,사립,기존,서울,홍익대학교,공학계열,1335,1335,18625,1333,99.85,13.95,93.6883,6.161699999999996,23.0924,0.2464811507947097,9592294.287
2022,대학교,사립,기존,서울,홍익대학교,예체능계열,432,432,6509,431,99.77,15.07,95.101,4.668999999999997,15.7246,0.1653463160219135,9740720.0
2022,대학교,사립,기존,서울,홍익대학교,인문사회계열,626,627,13624,627,100.0,21.73,94.2192,5.780799999999999,16.6669,0.1768949428566576,7510320.0
2022,대학교,사립,기존,서울,홍익대학교,자연과학계열,28,28,422,28,100.0,15.07,97.6311,2.3688999999999965,10.8752,0.1113907351243609,7510320.0
2022,대학교,사립,기존,경기,화성의과학대학교,공학계열,52,54,174,6,11.11,3.22,92.9489,-81.8389,25.2369,0.271513702690403,7031550.0
2022,대학교,사립,기존,경기,화성의과학대학교,예체능계열,62,64,236,4,6.25,3.69,87.5388,-81.2888,30.1419,0.3443261730798229,7319160.0
2022,대학교,사립,기존,경기,화성의과학대학교,인문사회계열,92,95,361,17,17.89,3.8,87.1306,-69.2406,28.5856,0.3280776214096999,6860215.0
2022,대학교,사립,기존,경기,화성의과학대학교,자연과학계열,40,40,293,39,97.5,7.32,99.8037,-2.3037000000000063,0.5437,0.0054476938229744,8430750.0
2023,대학교,사립,기존,경남,가야대학교(김해),인문사회계열,118,121,363,71,58.68,3.0,90.545,-31.865,16.3906,0.1810215914738527,6285689.1713
2023,대학교,사립,기존,경남,가야대학교(김해),자연과학계열,342,345,2807,312,90.43,8.14,96.282,-5.85199999999999,4.8527,0.0504009056729191,7510269.5528
2023,대학교,사립,기존,경기,가천대학교,공학계열,1630,1630,25323,1630,100.0,15.54,95.1554,4.8446,20.1666,0.2119333217032349,9498716.345900001
2023,대학교,사립,기존,경기,가천대학교,예체능계열,360,361,6146,361,100.0,17.02,89.9348,10.065200000000004,26.694,0.2968150259966108,9407052.0164
2023,대학교,사립,기존,경기,가천대학교,인문사회계열,1356,1356,22642,1356,100.0,16.7,88.1507,11.8493,26.1003,0.296087268734111,7554649.974599999
2023,대학교,사립,기존,경기,가천대학교,자연과학계열,785,785,15193,785,100.0,19.35,99.978,0.0220000000000055,0.3837,0.0038378443257516,8922657.2178
2023,대학교,사립,기존,강원,가톨릭관동대학교,예체능계열,40,40,308,40,100.0,7.7,97.116,2.8840000000000003,4.1668,0.0429053914905885,8425735.2889
2023,대학교,사립,기존,강원,가톨릭관동대학교,인문사회계열,1315,1315,2783,665,50.57,2.12,75.1286,-24.55860000000001,20.5578,0.2736348075167113,6447164.3977
2023,대학교,사립,기존,강원,가톨릭관동대학교,자연과학계열,289,291,3038,290,99.66,10.44,97.574,2.0859999999999985,4.4505,0.0456115358599626,7854516.76
2023,대학교,사립,기존,충북,가톨릭꽃동네대학교,인문사회계열,30,32,120,30,93.75,3.75,80.6856,13.064400000000006,25.1147,0.3112661986773352,7015880.82
2023,대학교,사립,기존,충북,가톨릭꽃동네대학교,자연과학계열,78,78,708,77,98.72,9.08,93.6325,5.087500000000006,7.0292,0.0750722238538968,8202801.470000001
2023,대학교,사립,기존,경기,가톨릭대학교,공학계열,426,426,5021,426,100.0,11.79,95.1554,4.8446,20.1666,0.2119333217032349,8636128.5231
2023,대학교,사립,기존,경기,가톨릭대학교,예체능계열,45,45,134,45,100.0,2.98,89.9348,10.065200000000004,26.694,0.2968150259966108,9147100.0
2023,대학교,사립,기존,경기,가톨릭대학교,인문사회계열,789,790,10058,789,99.87,12.73,88.1507,11.719300000000004,26.1003,0.296087268734111,6477322.5715
2023,대학교,사립,기존,경기,가톨릭대학교,자연과학계열,314,314,5503,314,100.0,17.53,99.978,0.0220000000000055,0.3837,0.0038378443257516,7654238.948000001
2023,대학교,사립,기존,서울,가톨릭대학교 _제2캠퍼스,자연과학계열,173,173,5964,173,100.0,34.47,97.6156,2.3843999999999994,10.9674,0.1123529435868857,9181500.0
2023,대학교,사립,기존,서울,가톨릭대학교 _제3캠퍼스,인문사회계열,50,50,70,50,100.0,1.4,96.0782,3.9218000000000046,12.7882,0.1331019940007202,6707100.0
2023,대학교,사립,기존,서울,감리교신학대학교,인문사회계열,192,160,185,118,73.75,1.16,96.0782,-22.328199999999995,12.7882,0.1331019940007202,6279599.75
2023,대학교,사립,기존,경기,강남대학교,공학계열,447,447,3453,447,100.0,7.72,95.1554,4.8446,20.1666,0.2119333217032349,9140874.447900001
2023,대학교,사립,기존,경기,강남대학교,예체능계열,147,147,1478,148,100.68,10.05,89.9348,10.745200000000011,26.694,0.2968150259966108,9773847.301199999
2023,대학교,사립,기존,경기,강남대학교,인문사회계열,897,898,6821,897,99.89,7.6,88.1507,11.7393,26.1003,0.296087268734111,7289774.088500001
2023,대학교,사립,기존,서울,강서대학교,예체능계열,30,30,184,30,100.0,6.13,96.1652,3.834800000000001,12.8631,0.1337604455665875,8329527.498299999
2023,대학교,사립,기존,서울,강서대학교,인문사회계열,173,174,2247,174,100.0,12.91,96.0782,3.9218000000000046,12.7882,0.1331019940007202,6487835.2793
2023,대학교,국립,기존,강원,강원대학교,공학계열,758,758,6095,758,100.0,8.04,99.8325,0.1675000000000039,0.1938,0.001941251596424,4457172.4838
2023,대학교,국립,기존,강원,강원대학교,예체능계열,152,152,598,152,100.0,3.93,97.3267,2.6732999999999976,4.0557,0.041670990591482,4624889.696799999
2023,대학교,국립,기존,강원,강원대학교,인문사회계열,1078,1080,8616,1079,99.91,7.98,79.762,20.148,44.5896,0.559033123542539,3504016.7071999996
2023,대학교,국립,기존,강원,강원대학교,자연과학계열,1168,1172,9608,1172,100.0,8.2,99.9325,0.0674999999999954,0.135,0.0013509118655092,4236508.0345
2023,대학교,국립,기존,강원,강원대학교 _제2캠퍼스,공학계열,623,629,2500,627,99.68,3.97,99.8325,-0.1524999999999892,0.1938,0.001941251596424,4473097.386
2023,대학교,국립,기존,강원,강원대학교 _제2캠퍼스,예체능계열,147,148,475,147,99.32,3.21,97.3267,1.9932999999999907,4.0557,0.041670990591482,4616720.0
2023,대학교,국립,기존,강원,강원대학교 _제2캠퍼스,인문사회계열,226,230,1179,228,99.13,5.13,79.762,19.367999999999995,44.5896,0.559033123542539,3565585.4211999997
2023,대학교,국립,기존,강원,강원대학교 _제2캠퍼스,자연과학계열,373,377,2193,376,99.73,5.82,99.9325,-0.2025000000000005,0.135,0.0013509118655092,4266800.0
2023,대학교,사립,기존,서울,건국대학교,공학계열,1229,1248,22719,1226,98.24,18.2,93.6331,4.606899999999996,23.001,0.2456503095593332,9615578.0033
2023,대학교,사립,기존,서울,건국대학교,예체능계열,305,306,4509,306,100.0,14.74,96.1652,3.834800000000001,12.8631,0.1337604455665875,9507387.3809
2023,대학교,사립,기존,서울,건국대학교,인문사회계열,939,943,15206,936,99.26,16.13,96.0782,3.1818000000000097,12.7882,0.1331019940007202,7406855.6382
2023,대학교,사립,기존,서울,건국대학교,자연과학계열,527,529,10138,524,99.05,19.16,97.6156,1.4343999999999966,10.9674,0.1123529435868857,8611997.719
2023,대학교,사립,기존,충남,건양대학교,공학계열,175,180,768,146,81.11,4.27,85.1815,-4.0715,32.8546,0.3857011205484759,7466888.94
2023,대학교,사립,기존,충남,건양대학교,예체능계열,73,73,368,73,100.0,5.04,89.0075,10.992500000000009,28.4681,0.3198393393815128,7139887.0
2023,대학교,사립,기존,충남,건양대학교,인문사회계열,379,384,1968,379,98.7,5.12,85.6771,13.022900000000009,27.7394,0.3237667941608668,6218394.6082999995
2023,대학교,사립,기존,충남,건양대학교,자연과학계열,130,131,606,124,94.66,4.63,94.5208,0.1392000000000024,12.2743,0.1298581899433775,7249258.95
2023,대학교,사립,기존,대전,건양대학교 _제2캠퍼스,자연과학계열,574,575,6838,575,100.0,11.89,99.8814,0.1186000000000007,0.2191,0.0021936016115112,7573915.607799999
2023,대학교,사립,기존,경기,경기대학교,공학계열,895,897,7447,893,99.55,8.3,95.1554,4.394599999999997,20.1666,0.2119333217032349,8677932.0227
2023,대학교,사립,기존,경기,경기대학교,예체능계열,340,340,3509,339,99.71,10.32,89.9348,9.775199999999998,26.694,0.2968150259966108,8344889.3133000005
2023,대학교,사립,기존,경기,경기대학교,인문사회계열,1202,1203,11536,1198,99.58,9.59,88.1507,11.429299999999998,26.1003,0.296087268734111,6778169.8632
2023,대학교,사립,기존,경기,경기대학교,자연과학계열,161,161,1644,160,99.38,10.21,99.978,-0.597999999999999,0.3837,0.0038378443257516,7740670.0428
2023,대학교,사립,기존,서울,경기대학교 _제2캠퍼스,예체능계열,118,118,3637,118,100.0,30.82,96.1652,3.834800000000001,12.8631,0.1337604455665875,8697898.9826
2023,대학교,사립,기존,서울,경기대학교 _제2캠퍼스,인문사회계열,210,210,2550,208,99.05,12.14,96.0782,2.9718000000000018,12.7882,0.1331019940007202,6813704.331499999
2023,대학교,사립,기존,경남,경남대학교,공학계열,515,522,1699,384,73.56,3.25,76.225,-2.664999999999992,25.6276,0.3362099048868482,7781344.8198
2023,대학교,사립,기존,경남,경남대학교,예체능계열,247,248,1229,245,98.79,4.96,97.375,1.4150000000000065,4.4798,0.0460056482670089,7717796.255
2023,대학교,사립,기존,경남,경남대학교,인문사회계열,876,893,3709,778,87.12,4.15,90.545,-3.424999999999997,16.3906,0.1810215914738527,5967887.922900001
2023,대학교,사립,기존,경남,경남대학교,자연과학계열,422,426,2575,390,91.55,6.04,96.282,-4.731999999999999,4.8527,0.0504009056729191,6713197.6832
2023,대학교,사립,기존,강원,경동대학교,인문사회계열,1,2,7,1,50.0,3.5,75.1286,-25.12860000000001,20.5578,0.2736348075167113,6333495.1069
2023,대학교,사립,기존,강원,경동대학교 _제3캠퍼스,자연과학계열,867,874,4718,863,98.74,5.4,97.574,1.1659999999999968,4.4505,0.0456115358599626,8929337.9875
2023,대학교,사립,기존,경기,경동대학교 _제4캠퍼스,공학계열,208,212,1365,212,100.0,6.44,95.1554,4.8446,20.1666,0.2119333217032349,8421344.4806
2023,대학교,사립,기존,경기,경동대학교 _제4캠퍼스,예체능계열,125,126,805,126,100.0,6.39,89.9348,10.065200000000004,26.694,0.2968150259966108,8628353.155
2023,대학교,사립,기존,경기,경동대학교 _제4캠퍼스,인문사회계열,221,225,1474,225,100.0,6.55,88.1507,11.8493,26.1003,0.296087268734111,6942094.8775
2023,대학교,국립,기존,대구,경북대학교,공학계열,1562,1568,16439,1567,99.94,10.48,99.94,0.0,0.0,0.0,4688370.0997
2023,대학교,국립,기존,대구,경북대학교,예체능계열,258,259,1924,259,100.0,7.43,100.0,0.0,0.0,0.0,4751584.643099999
2023,대학교,국립,기존,대구,경북대학교,인문사회계열,1292,1294,17573,1293,99.92,13.58,49.96,49.96,70.6541,1.4142133706965572,3685997.8326
2023,대학교,국립,기존,대구,경북대학교,자연과학계열,1547,1558,24143,1557,99.94,15.5,99.94,0.0,0.0,0.0,4518346.509000001
2023,대학교,국립,기존,경남,경상국립대학교,공학계열,1413,1430,8242,1424,99.58,5.76,99.79,-0.2100000000000079,0.297,0.002976250125263,4376283.586200001
2023,대학교,국립,기존,경남,경상국립대학교,예체능계열,146,148,1068,145,97.97,7.22,97.04,0.9299999999999926,1.3152,0.013553173948887,4239314.2857
2023,대학교,국립,기존,경남,경상국립대학교,인문사회계열,1324,1329,8859,1327,99.85,6.67,65.6067,34.24329999999999,56.8353,0.8663032891457731,3362927.6851999997
2023,대학교,국립,기존,경남,경상국립대학교,자연과학계열,1377,1386,10136,1383,99.78,7.31,99.705,0.0750000000000028,0.1061,0.0010641392106714,4217432.2111
2023,대학교,사립,기존,부산,경성대학교,공학계열,648,653,3762,652,99.85,5.76,85.935,13.914999999999992,15.3111,0.1781707104206667,7650945.4236
2023,대학교,사립,기존,부산,경성대학교,예체능계열,562,565,3142,546,96.64,5.56,92.8333,3.8067000000000064,10.7321,0.1156061456395496,7519741.2529
2023,대학교,사립,기존,부산,경성대학교,인문사회계열,1165,1168,6661,1168,100.0,5.7,92.592,7.408000000000001,7.3657,0.0795500691204423,5636320.983
2023,대학교,사립,기존,부산,경성대학교,자연과학계열,390,396,4092,396,100.0,10.33,96.1633,3.836699999999993,4.464,0.0464210358837519,7042399.8188
2023,대학교,사립,기존,경북,경운대학교,공학계열,432,432,1438,421,97.45,3.33,87.8833,9.566699999999996,24.5001,0.2787799274719997,8434946.917
2023,대학교,사립,기존,경북,경운대학교,예체능계열,133,133,580,133,100.0,4.36,86.2392,13.760800000000003,22.8662,0.2651485635302739,8346643.403299999
2023,대학교,사립,기존,경북,경운대학교,인문사회계열,200,200,766,200,100.0,3.83,92.28,7.719999999999999,17.9891,0.1949403987863025,6482449.6208
2023,대학교,사립,기존,경북,경운대학교,자연과학계열,419,419,3158,419,100.0,7.54,92.7909,7.2091000000000065,10.8495,0.1169241811427629,8266151.0162
2023,교육대학,국립,기존,인천,경인교육대학교,인문사회계열,598,600,1794,0,0.0,2.99,0.0,0.0,0.0,0.0,3271700.0
2023,대학교,사립,기존,경북,경일대학교,공학계열,449,449,791,225,50.11,1.76,87.8833,-37.773300000000006,24.5001,0.2787799274719997,8063098.633300001
2023,대학교,사립,기존,경북,경일대학교,예체능계열,535,534,1635,364,68.16,3.06,86.2392,-18.0792,22.8662,0.2651485635302739,8240672.462
2023,대학교,사립,기존,경북,경일대학교,인문사회계열,345,345,521,140,40.58,1.51,92.28,-51.7,17.9891,0.1949403987863025,6011241.1915
2023,대학교,사립,기존,경북,경일대학교,자연과학계열,222,222,2167,207,93.24,9.76,92.7909,0.4491000000000014,10.8495,0.1169241811427629,8087560.359999999
2023,대학교,사립,기존,서울,경희대학교,공학계열,1067,1073,12465,1065,99.25,11.62,93.6331,5.616900000000001,23.001,0.2456503095593332,9062900.8118
2023,대학교,사립,기존,서울,경희대학교,예체능계열,857,860,12140,861,100.12,14.12,96.1652,3.954800000000006,12.8631,0.1337604455665875,9093880.5616
2023,대학교,사립,기존,서울,경희대학교,인문사회계열,1724,1729,24673,1727,99.88,14.27,96.0782,3.8018,12.7882,0.1331019940007202,7020760.193299999
2023,대학교,사립,기존,서울,경희대학교,자연과학계열,1182,1187,26166,1182,99.58,22.04,97.6156,1.9643999999999977,10.9674,0.1123529435868857,9144368.442
2023,대학교,사립,기존,대구,계명대학교,공학계열,1092,1094,7268,1093,99.91,6.64,99.91,0.0,0.0,0.0,8636768.3534
2023,대학교,사립,기존,대구,계명대학교,예체능계열,905,906,5376,906,100.0,5.93,100.0,0.0,0.0,0.0,9011425.9595
2023,대학교,사립,기존,대구,계명대학교,인문사회계열,2007,2020,13659,2019,99.95,6.76,99.95,0.0,0.0,0.0,6457470.102
2023,대학교,사립,기존,대구,계명대학교,자연과학계열,616,620,6044,620,100.0,9.75,100.0,0.0,0.0,0.0,8435864.7963
2023,대학교,사립,기존,서울,고려대학교,공학계열,958,956,10315,953,99.69,10.79,93.6331,6.056899999999999,23.001,0.2456503095593332,10263376.970199998
2023,대학교,사립,기존,서울,고려대학교,예체능계열,130,130,1093,130,100.0,8.41,96.1652,3.834800000000001,12.8631,0.1337604455665875,9756025.0
2023,대학교,사립,기존,서울,고려대학교,인문사회계열,1905,1901,17256,1901,100.0,9.08,96.0782,3.9218000000000046,12.7882,0.1331019940007202,7818372.1143000005
2023,대학교,사립,기존,서울,고려대학교,자연과학계열,891,892,11602,889,99.66,13.01,97.6156,2.044399999999996,10.9674,0.1123529435868857,9244785.5519
2023,대학교,사립,기존,부산,고신대학교,예체능계열,95,96,244,82,85.42,2.54,92.8333,-7.413299999999992,10.7321,0.1156061456395496,7094279.383400001
2023,대학교,사립,기존,부산,고신대학교,인문사회계열,360,363,1000,282,77.69,2.75,92.592,-14.902,7.3657,0.0795500691204423,6037009.5498
2023,대학교,사립,기존,부산,고신대학교,자연과학계열,406,409,3763,357,87.29,9.2,96.1633,-8.8733,4.464,0.0464210358837519,7019851.817300001
2023,교육대학,국립,기존,충남,공주교육대학교,인문사회계열,354,354,1407,0,0.0,3.97,50.0,-50.0,70.7107,1.414214,3495600.0
2023,대학교,사립,기존,광주,광신대학교,예체능계열,29,29,48,29,100.0,1.66,93.0462,6.953800000000001,10.9377,0.1175512809765471,7313600.0
2023,대학교,사립,기존,광주,광신대학교,인문사회계열,93,93,134,93,100.0,1.44,86.7113,13.288700000000006,16.964,0.1956377081187803,5881136.6667
2023,대학교,사립,기존,서울,광운대학교,공학계열,927,928,10994,926,99.78,11.85,93.6331,6.146900000000002,23.001,0.2456503095593332,9012613.2986
2023,대학교,사립,기존,서울,광운대학교,예체능계열,37,37,465,37,100.0,12.57,96.1652,3.834800000000001,12.8631,0.1337604455665875,8091060.0
2023,대학교,사립,기존,서울,광운대학교,인문사회계열,581,581,8771,581,100.0,15.1,96.0782,3.9218000000000046,12.7882,0.1331019940007202,7257474.812299999
2023,대학교,사립,기존,서울,광운대학교,자연과학계열,139,141,1745,141,100.0,12.38,97.6156,2.3843999999999994,10.9674,0.1123529435868857,8069300.0
2023,대학교,사립,기존,전남,광주가톨릭대학교,인문사회계열,40,40,14,13,32.5,0.35,67.905,-35.405,39.8765,0.5872395258081142,0.0
2023,대학교,특별법법인,기존,광주,광주과학기술원,자연과학계열,200,200,3861,214,107.0,19.3,107.0,0.0,0.0,0.0,2060000.0
2023,교육대학,국립,기존,광주,광주교육대학교,인문사회계열,326,327,1258,325,99.39,3.85,99.695,-0.3049999999999926,0.4313,0.004326194894428,3561568.8939000005
2023,대학교,사립,기존,광주,광주대학교,공학계열,50,240,713,154,64.17,2.97,81.3883,-17.2183,19.2724,0.2367957065081836,7148774.7744
2023,대학교,사립,기존,광주,광주대학교,예체능계열,0,205,819,205,100.0,4.0,93.0462,6.953800000000001,10.9377,0.1175512809765471,7180216.521600001
2023,대학교,사립,기존,광주,광주대학교,인문사회계열,56,494,1912,436,88.26,3.87,86.7113,1.5487000000000108,16.964,0.1956377081187803,6237843.4172
2023,대학교,사립,기존,광주,광주대학교,자연과학계열,245,395,2272,355,89.87,5.75,94.3,-4.429999999999993,5.5146,0.0584793213149522,7147299.8005
2023,대학교,사립,기존,광주,광주여자대학교,예체능계열,50,181,440,127,70.17,2.43,93.0462,-22.8762,10.9377,0.1175512809765471,7042364.784100001
2023,대학교,사립,기존,광주,광주여자대학교,인문사회계열,101,326,783,187,57.36,2.4,86.7113,-29.351299999999995,16.964,0.1956377081187803,5919095.5885
2023,대학교,사립,기존,광주,광주여자대학교,자연과학계열,295,366,1725,314,85.79,4.71,94.3,-8.509999999999991,5.5146,0.0584793213149522,6857260.337199999
2023,대학교,국립,기존,경북,국립경국대학교,공학계열,413,413,1688,360,87.17,4.09,93.495,-6.325000000000003,8.9449,0.0956724958553933,4207117.9364
2023,대학교,국립,기존,경북,국립경국대학교,예체능계열,85,85,266,74,87.06,3.13,87.06,0.0,0.0,0.0,4242776.6667
2023,대학교,국립,기존,경북,국립경국대학교,인문사회계열,477,477,2099,428,89.73,4.4,94.865,-5.134999999999991,7.262,0.076550888104148,3331591.5555
2023,대학교,국립,기존,경북,국립경국대학교,자연과학계열,395,395,1976,325,82.28,5.0,91.14,-8.86,12.5299,0.1374797015580425,3851895.9477
2023,대학교,사립,기존,서울,국민대학교,공학계열,606,949,7162,949,100.0,7.55,93.6331,6.366900000000001,23.001,0.2456503095593332,9143824.7236
2023,대학교,사립,기존,서울,국민대학교,예체능계열,351,561,6838,561,100.0,12.19,96.1652,3.834800000000001,12.8631,0.1337604455665875,9374498.059099998
2023,대학교,사립,기존,서울,국민대학교,인문사회계열,781,1148,11802,1148,100.0,10.28,96.0782,3.9218000000000046,12.7882,0.1331019940007202,7326064.474400001
2023,대학교,사립,기존,서울,국민대학교,자연과학계열,234,312,3213,312,100.0,10.3,97.6156,2.3843999999999994,10.9674,0.1123529435868857,8362875.9425
2023,대학교,사립,기존,충북,극동대학교,공학계열,288,291,522,117,40.21,1.79,74.26,-34.050000000000004,25.2688,0.3402747104767034,8485235.7983
2023,대학교,사립,기존,충북,극동대학교,예체능계열,186,187,1020,142,75.94,5.45,86.9238,-10.983800000000002,21.0525,0.2421948879363304,8240618.7101
2023,대학교,사립,기존,충북,극동대학교,인문사회계열,228,231,823,109,47.19,3.56,80.6856,-33.4956,25.1147,0.3112661986773352,6736302.555
2023,대학교,사립,기존,충북,극동대학교,자연과학계열,186,187,861,151,80.75,4.6,93.6325,-12.882499999999991,7.0292,0.0750722238538968,8047670.4794
2023,대학교,사립,기존,충남,금강대학교,인문사회계열,110,110,102,57,51.82,0.93,85.6771,-33.8571,27.7394,0.3237667941608668,6806381.411900001
2023,대학교,사립,기존,경북,김천대학교,공학계열,40,40,76,40,100.0,1.9,87.8833,12.116699999999994,24.5001,0.2787799274719997,7689825.0
2023,대학교,사립,기존,경북,김천대학교,인문사회계열,104,104,379,101,97.12,3.64,92.28,4.840000000000003,17.9891,0.1949403987863025,6874763.0873
2023,대학교,사립,기존,경북,김천대학교,자연과학계열,450,450,2351,368,81.78,5.22,92.7909,-11.010899999999992,10.8495,0.1169241811427629,7489188.985699999
2023,대학교,사립,기존,충남,나사렛대학교,예체능계열,246,247,1381,213,86.23,5.59,89.0075,-2.777499999999989,28.4681,0.3198393393815128,8389643.0023
2023,대학교,사립,기존,충남,나사렛대학교,인문사회계열,700,714,2665,480,67.23,3.73,85.6771,-18.447099999999992,27.7394,0.3237667941608668,7134917.1543
2023,대학교,사립,기존,충남,나사렛대학교,자연과학계열,165,166,1678,150,90.36,10.11,94.5208,-4.160799999999995,12.2743,0.1298581899433775,8475531.1346
2023,대학교,사립,기존,광주,남부대학교,공학계열,40,40,143,39,97.5,3.58,81.3883,16.1117,19.2724,0.2367957065081836,7251507.0811
2023,대학교,사립,기존,광주,남부대학교,예체능계열,75,76,178,76,100.0,2.34,93.0462,6.953800000000001,10.9377,0.1175512809765471,7284819.8951
2023,대학교,사립,기존,광주,남부대학교,인문사회계열,102,102,409,102,100.0,4.01,86.7113,13.288700000000006,16.964,0.1956377081187803,6148136.0199
2023,대학교,사립,기존,광주,남부대학교,자연과학계열,400,402,2534,388,96.52,6.3,94.3,2.219999999999999,5.5146,0.0584793213149522,6767320.8508
2023,대학교,사립,기존,충남,남서울대학교,공학계열,628,636,4109,636,100.0,6.46,85.1815,14.8185,32.8546,0.3857011205484759,8670463.4135
2023,대학교,사립,기존,충남,남서울대학교,예체능계열,412,412,3708,412,100.0,9.0,89.0075,10.992500000000009,28.4681,0.3198393393815128,8897407.322
2023,대학교,사립,기존,충남,남서울대학교,인문사회계열,864,876,6247,876,100.0,7.13,85.6771,14.322900000000004,27.7394,0.3237667941608668,7364686.961
2023,대학교,사립,기존,충남,남서울대학교,자연과학계열,283,283,6864,283,100.0,24.25,94.5208,5.479200000000006,12.2743,0.1298581899433775,9008426.7925
2023,대학교,사립,기존,경기,단국대학교,공학계열,832,838,9388,838,100.0,11.2,95.1554,4.8446,20.1666,0.2119333217032349,9560855.184700001
2023,대학교,사립,기존,경기,단국대학교,예체능계열,370,371,7662,370,99.73,20.65,89.9348,9.795200000000008,26.694,0.2968150259966108,9600862.198
2023,대학교,사립,기존,경기,단국대학교,인문사회계열,1013,1015,13178,1015,100.0,12.98,88.1507,11.8493,26.1003,0.296087268734111,7620512.951800001
2023,대학교,사립,기존,경기,단국대학교,자연과학계열,60,60,682,60,100.0,11.37,99.978,0.0220000000000055,0.3837,0.0038378443257516,8889928.5714
2023,대학교,사립,기존,충남,단국대학교 _제2캠퍼스,공학계열,285,285,2260,284,99.65,7.93,85.1815,14.468500000000006,32.8546,0.3857011205484759,9294699.2424
2023,대학교,사립,기존,충남,단국대학교 _제2캠퍼스,예체능계열,353,354,3645,354,100.0,10.3,89.0075,10.992500000000009,28.4681,0.3198393393815128,9039152.4244
2023,대학교,사립,기존,충남,단국대학교 _제2캠퍼스,인문사회계열,765,766,6278,766,100.0,8.2,85.6771,14.322900000000004,27.7394,0.3237667941608668,7251790.456900001
2023,대학교,사립,기존,충남,단국대학교 _제2캠퍼스,자연과학계열,952,953,8083,953,100.0,8.48,94.5208,5.479200000000006,12.2743,0.1298581899433775,9132177.689100001
2023,대학교,사립,기존,경북,대구가톨릭대학교,공학계열,523,523,2454,501,95.79,4.69,87.8833,7.906700000000001,24.5001,0.2787799274719997,8160420.195899999
2023,대학교,사립,기존,경북,대구가톨릭대학교,예체능계열,368,368,1587,361,98.1,4.31,86.2392,11.860799999999998,22.8662,0.2651485635302739,8953579.2979
2023,대학교,사립,기존,경북,대구가톨릭대학교,인문사회계열,998,998,5513,986,98.8,5.52,92.28,6.519999999999996,17.9891,0.1949403987863025,6106120.6006
2023,대학교,사립,기존,경북,대구가톨릭대학교,자연과학계열,605,605,6043,591,97.69,9.99,92.7909,4.899100000000004,10.8495,0.1169241811427629,8296465.2743
2023,대학교,특별법법인,기존,대구,대구경북과학기술원,자연과학계열,220,220,4123,213,96.82,18.74,96.82,0.0,0.0,0.0,3528000.0
2023,교육대학,국립,기존,대구,대구교육대학교,인문사회계열,383,384,1384,0,0.0,3.6,49.96,-49.96,70.6541,1.4142133706965572,3685600.0
2023,대학교,사립,기존,경북,대구대학교,공학계열,673,673,3001,630,93.61,4.46,87.8833,5.726699999999994,24.5001,0.2787799274719997,8377423.6683
2023,대학교,사립,기존,경북,대구대학교,예체능계열,466,466,2283,435,93.35,4.9,86.2392,7.110799999999998,22.8662,0.2651485635302739,8655019.3556
2023,대학교,사립,기존,경북,대구대학교,인문사회계열,1823,1795,9486,1772,98.72,5.28,92.28,6.439999999999998,17.9891,0.1949403987863025,6169983.1063
2023,대학교,사립,기존,경북,대구대학교,자연과학계열,888,888,5232,843,94.93,5.89,92.7909,2.1391000000000133,10.8495,0.1169241811427629,7821255.227599999
2023,대학교,사립,기존,경북,대구예술대학교,예체능계열,330,313,387,67,21.41,1.24,86.2392,-64.8292,22.8662,0.2651485635302739,8708729.1103
2023,대학교,사립,기존,경북,대구한의대학교,공학계열,200,204,715,193,94.61,3.5,87.8833,6.726699999999994,24.5001,0.2787799274719997,7897745.498299999
2023,대학교,사립,기존,경북,대구한의대학교,예체능계열,150,150,496,142,94.67,3.31,86.2392,8.430800000000005,22.8662,0.2651485635302739,7736779.8264
2023,대학교,사립,기존,경북,대구한의대학교,인문사회계열,368,368,1180,357,97.01,3.21,92.28,4.730000000000004,17.9891,0.1949403987863025,6064630.2414
2023,대학교,사립,기존,경북,대구한의대학교,자연과학계열,770,775,6395,765,98.71,8.25,92.7909,5.9191,10.8495,0.1169241811427629,7714431.2227
2023,대학교,사립,기존,경북,대신대학교,예체능계열,40,40,101,40,100.0,2.52,86.2392,13.760800000000003,22.8662,0.2651485635302739,7555880.0
2023,대학교,사립,기존,경북,대신대학교,인문사회계열,76,76,176,76,100.0,2.32,92.28,7.719999999999999,17.9891,0.1949403987863025,6250070.0
2023,대학교,사립,기존,세종,대전가톨릭대학교,인문사회계열,40,40,8,8,20.0,0.2,61.7333,-41.7333,39.9491,0.6471239995269976,6060000.0
2023,대학교,사립,기존,대전,대전대학교,공학계열,525,536,2886,530,98.88,5.38,99.7817,-0.9017000000000052,0.4482,0.0044918056116502,8250575.7142
2023,대학교,사립,기존,대전,대전대학교,예체능계열,210,210,1273,210,100.0,6.06,89.7067,10.293300000000002,24.78,0.2762335477729088,7935913.998899999
2023,대학교,사립,기존,대전,대전대학교,인문사회계열,755,772,4632,746,96.63,6.0,83.3643,13.265699999999995,30.2399,0.3627440043279917,6928805.7336
2023,대학교,사립,기존,대전,대전대학교,자연과학계열,367,369,4047,368,99.73,10.97,99.8814,-0.1513999999999953,0.2191,0.0021936016115112,7951576.285699999
2023,대학교,사립,기존,대전,대전신학대학교,인문사회계열,32,32,11,6,18.75,0.34,83.3643,-64.6143,30.2399,0.3627440043279917,6306593.0
2023,대학교,사립,기존,경기,대진대학교,공학계열,592,594,3895,593,99.83,6.56,95.1554,4.674599999999998,20.1666,0.2119333217032349,8565114.9297
2023,대학교,사립,기존,경기,대진대학교,예체능계열,258,258,2402,258,100.0,9.31,89.9348,10.065200000000004,26.694,0.2968150259966108,8552137.6265
2023,대학교,사립,기존,경기,대진대학교,인문사회계열,662,662,5097,661,99.85,7.7,88.1507,11.699299999999994,26.1003,0.296087268734111,6628611.1357
2023,대학교,사립,기존,경기,대진대학교,자연과학계열,191,193,1800,193,100.0,9.33,99.978,0.0220000000000055,0.3837,0.0038378443257516,7839720.4438
2023,대학교,사립,기존,서울,덕성여자대학교,공학계열,326,326,3828,326,100.0,11.74,93.6331,6.366900000000001,23.001,0.2456503095593332,8863598.888799999
2023,대학교,사립,기존,서울,덕성여자대학교,예체능계열,94,94,2300,94,100.0,24.47,96.1652,3.834800000000001,12.8631,0.1337604455665875,9006073.3667
2023,대학교,사립,기존,서울,덕성여자대학교,인문사회계열,620,621,10128,621,100.0,16.31,96.0782,3.9218000000000046,12.7882,0.1331019940007202,6581306.131899999
2023,대학교,사립,기존,서울,동국대학교,공학계열,889,891,14303,891,100.0,16.05,93.6331,6.366900000000001,23.001,0.2456503095593332,9671192.322
2023,대학교,사립,기존,서울,동국대학교,예체능계열,223,224,5891,223,99.55,26.3,96.1652,3.3847999999999985,12.8631,0.1337604455665875,9519799.7636
2023,대학교,사립,기존,서울,동국대학교,인문사회계열,1323,1323,25302,1323,100.0,19.12,96.0782,3.9218000000000046,12.7882,0.1331019940007202,7455353.1876
2023,대학교,사립,기존,서울,동국대학교,자연과학계열,343,342,7223,342,100.0,21.12,97.6156,2.3843999999999994,10.9674,0.1123529435868857,8974471.1573
2023,대학교,사립,기존,경북,동국대학교(WISE),공학계열,298,296,1437,296,100.0,4.85,87.8833,12.116699999999994,24.5001,0.2787799274719997,9351231.9581
2023,대학교,사립,기존,경북,동국대학교(WISE),예체능계열,160,160,638,160,100.0,3.99,86.2392,13.760800000000003,22.8662,0.2651485635302739,9231908.888700001
2023,대학교,사립,기존,경북,동국대학교(WISE),인문사회계열,911,902,3942,899,99.67,4.37,92.28,7.390000000000001,17.9891,0.1949403987863025,7353976.023
2023,대학교,사립,기존,경북,동국대학교(WISE),자연과학계열,385,385,5594,385,100.0,14.53,92.7909,7.2091000000000065,10.8495,0.1169241811427629,8814035.2036
2023,대학교,사립,기존,서울,동덕여자대학교,공학계열,0,110,913,110,100.0,8.3,93.6331,6.366900000000001,23.001,0.2456503095593332,8007366.6667
2023,대학교,사립,기존,서울,동덕여자대학교,예체능계열,238,583,10800,583,100.0,18.52,96.1652,3.834800000000001,12.8631,0.1337604455665875,9133231.445700001
2023,대학교,사립,기존,서울,동덕여자대학교,인문사회계열,3,626,6037,623,99.52,9.64,96.0782,3.4418000000000006,12.7882,0.1331019940007202,6480516.051200001
2023,대학교,사립,기존,서울,동덕여자대학교,자연과학계열,90,259,2600,259,100.0,10.04,97.6156,2.3843999999999994,10.9674,0.1123529435868857,8068573.699600001
2023,대학교,사립,기존,부산,동명대학교,공학계열,563,568,2024,433,76.23,3.56,85.935,-9.704999999999998,15.3111,0.1781707104206667,8019353.664399999
2023,대학교,사립,기존,부산,동명대학교,예체능계열,225,225,1448,214,95.11,6.44,92.8333,2.2767000000000053,10.7321,0.1156061456395496,7609227.5538
2023,대학교,사립,기존,부산,동명대학교,인문사회계열,582,585,2697,533,91.11,4.61,92.592,-1.481999999999999,7.3657,0.0795500691204423,6069711.8292
2023,대학교,사립,기존,부산,동명대학교,자연과학계열,248,249,2094,236,94.78,8.41,96.1633,-1.3833000000000055,4.464,0.0464210358837519,7777416.9213
2023,대학교,사립,기존,부산,동서대학교,공학계열,364,410,1769,280,68.29,4.31,85.935,-17.644999999999996,15.3111,0.1781707104206667,7694750.7507
2023,대학교,사립,기존,부산,동서대학교,예체능계열,660,661,2766,649,98.18,4.18,92.8333,5.346700000000013,10.7321,0.1156061456395496,7434123.3779
2023,대학교,사립,기존,부산,동서대학교,인문사회계열,750,768,3949,709,92.32,5.14,92.592,-0.2720000000000055,7.3657,0.0795500691204423,6007848.073299999
2023,대학교,사립,기존,부산,동서대학교,자연과학계열,320,294,2937,285,96.94,9.99,96.1633,0.7766999999999911,4.464,0.0464210358837519,7868951.759299999
2023,대학교,사립,기존,전남,동신대학교,공학계열,304,295,758,235,79.66,2.57,89.1867,-9.526700000000003,9.7099,0.1088716142653557,7461954.1494
2023,대학교,사립,기존,전남,동신대학교,예체능계열,177,177,424,163,92.09,2.4,97.3633,-5.273299999999992,4.5668,0.0469047372059081,7256346.3758000005
2023,대학교,사립,기존,전남,동신대학교,인문사회계열,400,400,1199,381,95.25,3.0,67.905,27.345,39.8765,0.5872395258081142,6033323.6499
2023,대학교,사립,기존,전남,동신대학교,자연과학계열,592,582,2971,549,94.33,5.1,98.16,-3.8299999999999983,2.5902,0.0263875305623471,7220324.209299999
2023,대학교,사립,기존,부산,동아대학교,공학계열,1305,1313,8296,1314,100.08,6.32,85.935,14.144999999999996,15.3111,0.1781707104206667,8078154.062700001
2023,대학교,사립,기존,부산,동아대학교,예체능계열,399,403,2418,403,100.0,6.0,92.8333,7.166700000000006,10.7321,0.1156061456395496,7985752.3823
2023,대학교,사립,기존,부산,동아대학교,인문사회계열,1620,1628,10331,1624,99.75,6.35,92.592,7.158000000000001,7.3657,0.0795500691204423,6222023.3991
2023,대학교,사립,기존,부산,동아대학교,자연과학계열,734,737,5385,734,99.59,7.31,96.1633,3.4266999999999967,4.464,0.0464210358837519,7326925.1059
2023,대학교,사립,기존,경북,동양대학교,공학계열,465,471,1764,471,100.0,3.75,87.8833,12.116699999999994,24.5001,0.2787799274719997,7732083.3765
2023,대학교,사립,기존,경북,동양대학교,예체능계열,199,200,1035,200,100.0,5.18,86.2392,13.760800000000003,22.8662,0.2651485635302739,8077178.845900001
2023,대학교,사립,기존,경북,동양대학교,인문사회계열,211,216,878,216,100.0,4.06,92.28,7.719999999999999,17.9891,0.1949403987863025,6028332.171800001
2023,대학교,사립,기존,경북,동양대학교,자연과학계열,115,115,713,115,100.0,6.2,92.7909,7.2091000000000065,10.8495,0.1169241811427629,7685802.4233
2023,대학교,사립,기존,부산,동의대학교,공학계열,1460,1432,4928,1381,96.44,3.44,85.935,10.504999999999995,15.3111,0.1781707104206667,7638686.5876
2023,대학교,사립,기존,부산,동의대학교,예체능계열,325,323,1687,314,97.21,5.22,92.8333,4.3767,10.7321,0.1156061456395496,7264170.181100001
2023,대학교,사립,기존,부산,동의대학교,인문사회계열,1350,1329,6754,1328,99.92,5.08,92.592,7.328000000000003,7.3657,0.0795500691204423,5682408.8137
2023,대학교,사립,기존,부산,동의대학교,자연과학계열,482,476,4460,473,99.37,9.37,96.1633,3.206699999999998,4.464,0.0464210358837519,6910060.658499999
2023,대학교,사립,기존,경기,루터대학교,인문사회계열,61,61,230,61,100.0,3.77,88.1507,11.8493,26.1003,0.296087268734111,6702729.075
2023,대학교,사립,기존,경기,명지대학교,공학계열,812,812,6630,811,99.88,8.17,95.1554,4.724599999999995,20.1666,0.2119333217032349,9666516.64
2023,대학교,사립,기존,경기,명지대학교,예체능계열,289,289,3377,289,100.0,11.69,89.9348,10.065200000000004,26.694,0.2968150259966108,9991003.1884
2023,대학교,사립,기존,경기,명지대학교,자연과학계열,163,163,1545,163,100.0,9.48,99.978,0.0220000000000055,0.3837,0.0038378443257516,8677192.7048
2023,대학교,사립,기존,대전,목원대학교,공학계열,273,274,1627,274,100.0,5.94,99.7817,0.2182999999999992,0.4482,0.0044918056116502,8301355.8282
2023,대학교,사립,기존,대전,목원대학교,예체능계열,715,715,4020,715,100.0,5.62,89.7067,10.293300000000002,24.78,0.2762335477729088,8360486.043
2023,대학교,사립,기존,대전,목원대학교,인문사회계열,677,684,3944,684,100.0,5.77,83.3643,16.6357,30.2399,0.3627440043279917,6817160.2433
2023,대학교,사립,기존,대전,목원대학교,자연과학계열,150,152,702,152,100.0,4.62,99.8814,0.1186000000000007,0.2191,0.0021936016115112,7552579.922900001
2023,대학교,사립,기존,전남,목포가톨릭대학교,인문사회계열,30,30,124,25,83.33,4.13,67.905,15.424999999999995,39.8765,0.5872395258081142,5935800.0
2023,대학교,사립,기존,전남,목포가톨릭대학교,자연과학계열,90,90,437,90,100.0,4.86,98.16,1.8400000000000036,2.5902,0.0263875305623471,7104800.0
2023,대학교,사립,기존,대전,배재대학교,공학계열,525,526,2621,525,99.81,4.98,99.7817,0.0283000000000015,0.4482,0.0044918056116502,8277859.7377
2023,대학교,사립,기존,대전,배재대학교,예체능계열,335,336,1944,333,99.11,5.79,89.7067,9.403300000000002,24.78,0.2762335477729088,8254137.851100001
2023,대학교,사립,기존,대전,배재대학교,인문사회계열,629,631,3631,611,96.83,5.75,83.3643,13.465699999999998,30.2399,0.3627440043279917,6729994.0758
2023,대학교,사립,기존,대전,배재대학교,자연과학계열,356,356,2498,354,99.44,7.02,99.8814,-0.4414000000000015,0.2191,0.0021936016115112,7565965.8229
2023,대학교,사립,기존,충남,백석대학교,공학계열,500,512,2710,512,100.0,5.29,85.1815,14.8185,32.8546,0.3857011205484759,8762283.7125
2023,대학교,사립,기존,충남,백석대학교,예체능계열,695,696,6917,696,100.0,9.94,89.0075,10.992500000000009,28.4681,0.3198393393815128,9283973.2588
2023,대학교,사립,기존,충남,백석대학교,인문사회계열,1232,1244,7034,1245,100.08,5.65,85.6771,14.402900000000002,27.7394,0.3237667941608668,7370613.7325
2023,대학교,사립,기존,충남,백석대학교,자연과학계열,463,464,3499,463,99.78,7.54,94.5208,5.259200000000007,12.2743,0.1298581899433775,8805300.0
2023,대학교,사립,기존,부산,부산가톨릭대학교,공학계열,60,55,310,46,83.64,5.64,85.935,-2.2950000000000017,15.3111,0.1781707104206667,7929015.5493
2023,대학교,사립,기존,부산,부산가톨릭대학교,인문사회계열,125,112,599,99,88.39,5.35,92.592,-4.201999999999998,7.3657,0.0795500691204423,6154262.3524
2023,대학교,사립,기존,부산,부산가톨릭대학교,자연과학계열,550,540,4180,532,98.52,7.74,96.1633,2.3566999999999894,4.464,0.0464210358837519,7298788.404999999
2023,교육대학,국립,기존,부산,부산교육대학교,인문사회계열,356,359,1455,0,0.0,4.05,75.0225,-75.0225,50.0156,0.6666746642673865,3107200.0
2023,대학교,국립,기존,부산,부산대학교,공학계열,1262,1555,16412,1553,99.87,10.55,99.6633,0.2066999999999978,0.475,0.0047660472811957,4760204.1177
2023,대학교,국립,기존,부산,부산대학교,예체능계열,315,316,1915,315,99.68,6.06,99.8933,-0.2132999999999896,0.1848,0.0018499739221749,4751333.333
2023,대학교,국립,기존,부산,부산대학교,인문사회계열,1330,1332,15068,1331,99.92,11.31,75.0225,24.897500000000008,50.0156,0.6666746642673865,3552716.0592
2023,대학교,국립,기존,부산,부산대학교,자연과학계열,1093,1096,12761,1093,99.73,11.64,99.91,-0.1799999999999926,0.1559,0.0015604043639275,4608177.5743
2023,대학교,사립,기존,부산,부산외국어대학교,공학계열,150,156,686,156,100.0,4.4,85.935,14.064999999999998,15.3111,0.1781707104206667,7897294.9478
2023,대학교,사립,기존,부산,부산외국어대학교,예체능계열,150,150,668,150,100.0,4.45,92.8333,7.166700000000006,10.7321,0.1156061456395496,6880964.818000001
2023,대학교,사립,기존,부산,부산외국어대학교,인문사회계열,1170,1202,5305,1197,99.58,4.41,92.592,6.988,7.3657,0.0795500691204423,6054354.3346
2023,대학교,사립,기존,경남,부산장신대학교,인문사회계열,32,32,53,32,100.0,1.66,90.545,9.454999999999998,16.3906,0.1810215914738527,6104227.5117
2023,대학교,사립,기존,서울,삼육대학교,공학계열,220,220,2793,220,100.0,12.7,93.6331,6.366900000000001,23.001,0.2456503095593332,8770773.9831
2023,대학교,사립,기존,서울,삼육대학교,예체능계열,151,151,2394,151,100.0,15.85,96.1652,3.834800000000001,12.8631,0.1337604455665875,9215430.879999999
2023,대학교,사립,기존,서울,삼육대학교,인문사회계열,343,343,4340,343,100.0,12.65,96.0782,3.9218000000000046,12.7882,0.1331019940007202,7409350.3354
2023,대학교,사립,기존,서울,삼육대학교,자연과학계열,423,423,5924,423,100.0,14.0,97.6156,2.3843999999999994,10.9674,0.1123529435868857,8434035.3061
2023,대학교,사립,기존,서울,상명대학교,공학계열,442,443,3849,442,99.77,8.69,93.6331,6.136899999999997,23.001,0.2456503095593332,8907479.5099
2023,대학교,사립,기존,서울,상명대학교,예체능계열,201,201,2920,201,100.0,14.53,96.1652,3.834800000000001,12.8631,0.1337604455665875,9403698.6191
2023,대학교,사립,기존,서울,상명대학교,인문사회계열,643,643,5816,643,100.0,9.05,96.0782,3.9218000000000046,12.7882,0.1331019940007202,7269195.7831
2023,대학교,사립,기존,서울,상명대학교,자연과학계열,93,93,813,93,100.0,8.74,97.6156,2.3843999999999994,10.9674,0.1123529435868857,8448554.9999
2023,대학교,사립,기존,강원,상지대학교,공학계열,200,209,858,176,84.21,4.11,86.79,-2.5800000000000125,17.55,0.2022122364327687,8341745.9013
2023,대학교,사립,기존,강원,상지대학교,예체능계열,390,394,1133,373,94.67,2.88,97.116,-2.445999999999998,4.1668,0.0429053914905885,8028785.0228
2023,대학교,사립,기존,강원,상지대학교,인문사회계열,708,728,2746,578,79.4,3.77,75.1286,4.2714,20.5578,0.2736348075167113,6675719.9082
2023,대학교,사립,기존,강원,상지대학교,자연과학계열,460,474,4337,425,89.66,9.15,97.574,-7.9140000000000015,4.4505,0.0456115358599626,7717274.0691
2023,대학교,사립,기존,서울,서강대학교,공학계열,415,421,10308,415,98.57,24.48,93.6331,4.936899999999994,23.001,0.2456503095593332,9927353.3333
2023,대학교,사립,기존,서울,서강대학교,인문사회계열,977,980,16767,972,99.18,17.11,96.0782,3.1018000000000114,12.7882,0.1331019940007202,7749999.864
2023,대학교,사립,기존,서울,서강대학교,자연과학계열,210,212,3145,212,100.0,14.83,97.6156,2.3843999999999994,10.9674,0.1123529435868857,9024405.0
2023,대학교,사립,기존,서울,서경대학교,공학계열,400,400,3121,400,100.0,7.8,93.6331,6.366900000000001,23.001,0.2456503095593332,8736269.0616
2023,대학교,사립,기존,서울,서경대학교,예체능계열,499,501,14561,501,100.0,29.06,96.1652,3.834800000000001,12.8631,0.1337604455665875,9125162.7721
2023,대학교,사립,기존,서울,서경대학교,인문사회계열,370,370,4030,370,100.0,10.89,96.0782,3.9218000000000046,12.7882,0.1331019940007202,7016831.5008000005
2023,대학교,사립,기존,서울,서경대학교,자연과학계열,40,40,248,40,100.0,6.2,97.6156,2.3843999999999994,10.9674,0.1123529435868857,8853033.3333
2023,대학교,국립,기존,서울,서울과학기술대학교,공학계열,1509,1513,19240,1512,99.93,12.72,66.23,33.7,47.659,0.7195983693190396,5494128.3050999995
2023,대학교,국립,기존,서울,서울과학기술대학교,예체능계열,268,268,2688,268,100.0,10.03,72.36,27.64,47.7094,0.6593338861249309,5567009.9999
2023,대학교,국립,기존,서울,서울과학기술대학교,인문사회계열,233,233,2821,233,100.0,12.11,38.0767,61.9233,54.0971,1.4207402427206135,4684437.853
2023,대학교,국립,기존,서울,서울과학기술대학교,자연과학계열,138,138,1862,138,100.0,13.49,58.62,41.38,58.5202,0.9982975093824634,5497893.0
2023,교육대학,국립,기존,서울,서울교육대학교,인문사회계열,355,356,1032,0,0.0,2.9,38.0767,-38.0767,54.0971,1.4207402427206135,3156400.0
2023,대학교,사립,기존,서울,서울기독대학교,예체능계열,58,58,168,45,77.59,2.9,96.1652,-18.575199999999995,12.8631,0.1337604455665875,8640110.9143
2023,대학교,사립,기존,서울,서울기독대학교,인문사회계열,78,78,301,72,92.31,3.86,96.0782,-3.768199999999993,12.7882,0.1331019940007202,6880208.2707
2023,대학교,국립대법인,기존,서울,서울대학교,공학계열,888,890,3824,890,100.0,4.3,100.0,0.0,0.0,0.0,6064307.7824
2023,대학교,국립대법인,기존,서울,서울대학교,예체능계열,285,287,2165,287,100.0,7.54,100.0,0.0,0.0,0.0,7539922.1784
2023,대학교,국립대법인,기존,서울,서울대학교,인문사회계열,1153,1152,6385,1015,88.11,5.54,88.11,0.0,0.0,0.0,5046714.8876
2023,대학교,국립대법인,기존,서울,서울대학교,자연과학계열,907,908,5191,846,93.17,5.72,93.17,0.0,0.0,0.0,6312731.3597
2023,대학교,공립,기존,서울,서울시립대학교,공학계열,648,649,9465,649,100.0,14.58,100.0,0.0,0.0,0.0,2737800.0
2023,대학교,공립,기존,서울,서울시립대학교,예체능계열,132,132,1718,132,100.0,13.02,100.0,0.0,0.0,0.0,2971550.0
2023,대학교,공립,기존,서울,서울시립대학교,인문사회계열,765,766,8872,766,100.0,11.58,100.0,0.0,0.0,0.0,2080800.0
2023,대학교,공립,기존,서울,서울시립대학교,자연과학계열,182,181,2858,181,100.0,15.79,100.0,0.0,0.0,0.0,2463264.7619
2023,대학교,사립,기존,경기,서울신학대학교,예체능계열,78,78,621,0,0.0,7.96,89.9348,-89.9348,26.694,0.2968150259966108,8832354.145
2023,대학교,사립,기존,경기,서울신학대학교,인문사회계열,342,342,1678,75,21.93,4.91,88.1507,-66.2207,26.1003,0.296087268734111,7051819.7447
2023,대학교,사립,기존,서울,서울여자대학교,공학계열,190,190,1919,190,100.0,10.1,93.6331,6.366900000000001,23.001,0.2456503095593332,8618609.8092
2023,대학교,사립,기존,서울,서울여자대학교,예체능계열,205,205,4489,205,100.0,21.9,96.1652,3.834800000000001,12.8631,0.1337604455665875,9700661.1305
2023,대학교,사립,기존,서울,서울여자대학교,인문사회계열,877,877,14345,878,100.11,16.36,96.0782,4.031800000000004,12.7882,0.1331019940007202,7368183.187900001
2023,대학교,사립,기존,서울,서울여자대학교,자연과학계열,398,398,5819,398,100.0,14.62,97.6156,2.3843999999999994,10.9674,0.1123529435868857,8540384.2063
2023,대학교,사립,기존,경기,서울장신대학교,예체능계열,19,19,18,5,26.32,0.95,89.9348,-63.6148,26.694,0.2968150259966108,10058620.0
2023,대학교,사립,기존,경기,서울장신대학교,인문사회계열,85,85,167,68,80.0,1.96,88.1507,-8.1507,26.1003,0.296087268734111,7484890.0
2023,대학교,사립,기존,서울,서울한영대학교,예체능계열,20,21,60,17,80.95,2.86,96.1652,-15.215199999999996,12.8631,0.1337604455665875,8474634.9833
2023,대학교,사립,기존,서울,서울한영대학교,인문사회계열,160,162,1004,159,98.15,6.2,96.0782,2.0718000000000103,12.7882,0.1331019940007202,6859945.0672
2023,대학교,사립,기존,충북,서원대학교,공학계열,300,306,1816,306,100.0,5.93,74.26,25.739999999999995,25.2688,0.3402747104767034,8196490.192399999
2023,대학교,사립,기존,충북,서원대학교,예체능계열,305,306,1828,306,100.0,5.97,86.9238,13.0762,21.0525,0.2421948879363304,7846819.4164
2023,대학교,사립,기존,충북,서원대학교,인문사회계열,687,695,4002,695,100.0,5.76,80.6856,19.314400000000006,25.1147,0.3112661986773352,6527212.7165
2023,대학교,사립,기존,충북,서원대학교,자연과학계열,330,333,2237,333,100.0,6.72,93.6325,6.367500000000007,7.0292,0.0750722238538968,7593953.451800001
2023,대학교,사립,기존,충남,선문대학교,공학계열,691,700,2736,0,0.0,3.91,85.1815,-85.1815,32.8546,0.3857011205484759,8505540.4702
2023,대학교,사립,기존,충남,선문대학교,예체능계열,231,231,1059,0,0.0,4.58,89.0075,-89.0075,28.4681,0.3198393393815128,8028918.1086
2023,대학교,사립,기존,충남,선문대학교,인문사회계열,788,792,3451,30,3.79,4.36,85.6771,-81.88709999999999,27.7394,0.3237667941608668,6965922.151099999
2023,대학교,사립,기존,충남,선문대학교,자연과학계열,343,345,2541,197,57.1,7.37,94.5208,-37.42079999999999,12.2743,0.1298581899433775,8239229.8806
2023,대학교,사립,기존,경기,성결대학교,공학계열,305,306,2635,306,100.0,8.61,95.1554,4.8446,20.1666,0.2119333217032349,8562478.5714
2023,대학교,사립,기존,경기,성결대학교,예체능계열,193,193,3028,192,99.48,15.69,89.9348,9.545200000000008,26.694,0.2968150259966108,9346624.9946
2023,대학교,사립,기존,경기,성결대학교,인문사회계열,730,731,5797,731,100.0,7.93,88.1507,11.8493,26.1003,0.296087268734111,6873909.504899999
2023,대학교,사립,기존,서울,성공회대학교,공학계열,139,139,754,139,100.0,5.42,93.6331,6.366900000000001,23.001,0.2456503095593332,7992547.5
2023,대학교,사립,기존,서울,성공회대학교,인문사회계열,363,363,2196,363,100.0,6.05,96.0782,3.9218000000000046,12.7882,0.1331019940007202,7282935.1515
2023,대학교,사립,기존,서울,성균관대학교,공학계열,1058,1069,21508,1065,99.63,20.12,93.6331,5.996899999999997,23.001,0.2456503095593332,9304646.517
2023,대학교,사립,기존,서울,성균관대학교,예체능계열,252,253,3479,253,100.0,13.75,96.1652,3.834800000000001,12.8631,0.1337604455665875,9566756.23
2023,대학교,사립,기존,서울,성균관대학교,인문사회계열,1499,1500,24830,1497,99.8,16.55,96.0782,3.7218000000000018,12.7882,0.1331019940007202,7463666.0782
2023,대학교,사립,기존,서울,성균관대학교,자연과학계열,526,527,13147,526,99.81,24.95,97.6156,2.1944000000000017,10.9674,0.1123529435868857,8856363.9684
2023,대학교,사립,기존,서울,성신여자대학교,공학계열,412,412,3570,409,99.27,8.67,93.6331,5.636899999999997,23.001,0.2456503095593332,8619105.8846
2023,대학교,사립,기존,서울,성신여자대학교,예체능계열,513,513,8370,513,100.0,16.32,96.1652,3.834800000000001,12.8631,0.1337604455665875,9974875.4945
2023,대학교,사립,기존,서울,성신여자대학교,인문사회계열,863,864,10600,861,99.65,12.27,96.0782,3.5718000000000103,12.7882,0.1331019940007202,7319715.1154
2023,대학교,사립,기존,서울,성신여자대학교,자연과학계열,407,407,3619,406,99.75,8.89,97.6156,2.1343999999999994,10.9674,0.1123529435868857,8573598.562199999
2023,대학교,사립,기존,충북,세명대학교,공학계열,320,320,1036,227,70.94,3.24,74.26,-3.3200000000000074,25.2688,0.3402747104767034,7951320.926100001
2023,대학교,사립,기존,충북,세명대학교,예체능계열,272,272,1216,262,96.32,4.47,86.9238,9.396199999999991,21.0525,0.2421948879363304,7805764.103499999
2023,대학교,사립,기존,충북,세명대학교,인문사회계열,571,571,2109,467,81.79,3.69,80.6856,1.1044000000000125,25.1147,0.3112661986773352,6300402.1941
2023,대학교,사립,기존,충북,세명대학교,자연과학계열,440,440,3448,401,91.14,7.84,93.6325,-2.4924999999999926,7.0292,0.0750722238538968,7605857.901899999
2023,대학교,사립,기존,서울,세종대학교,공학계열,1391,1391,20933,1391,100.0,15.05,93.6331,6.366900000000001,23.001,0.2456503095593332,8898619.59
2023,대학교,사립,기존,서울,세종대학교,예체능계열,225,226,4073,226,100.0,18.02,96.1652,3.834800000000001,12.8631,0.1337604455665875,9046442.1466
2023,대학교,사립,기존,서울,세종대학교,인문사회계열,578,578,13996,578,100.0,24.21,96.0782,3.9218000000000046,12.7882,0.1331019940007202,6594035.713400001
2023,대학교,사립,기존,서울,세종대학교,자연과학계열,166,166,2280,166,100.0,13.73,97.6156,2.3843999999999994,10.9674,0.1123529435868857,7714568.4743
2023,대학교,사립,기존,전남,세한대학교,공학계열,108,108,296,107,99.07,2.74,89.1867,9.883299999999991,9.7099,0.1088716142653557,7718890.2381
2023,대학교,사립,기존,전남,세한대학교,예체능계열,220,220,785,220,100.0,3.57,97.3633,2.6367000000000047,4.5668,0.0469047372059081,7021176.001800001
2023,대학교,사립,기존,전남,세한대학교,인문사회계열,301,301,808,301,100.0,2.68,67.905,32.095,39.8765,0.5872395258081142,5937898.6463
2023,대학교,사립,기존,전남,세한대학교,자연과학계열,188,188,1162,186,98.94,6.18,98.16,0.7800000000000011,2.5902,0.0263875305623471,6784397.035699999
2023,대학교,사립,기존,광주,송원대학교,공학계열,165,165,426,164,99.39,2.58,81.3883,18.0017,19.2724,0.2367957065081836,7011866.657199999
2023,대학교,사립,기존,광주,송원대학교,예체능계열,105,105,354,105,100.0,3.37,93.0462,6.953800000000001,10.9377,0.1175512809765471,6992126.667200001
2023,대학교,사립,기존,광주,송원대학교,인문사회계열,221,221,583,217,98.19,2.64,86.7113,11.478700000000003,16.964,0.1956377081187803,6037041.5067
2023,대학교,사립,기존,광주,송원대학교,자연과학계열,194,194,1493,193,99.48,7.7,94.3,5.180000000000007,5.5146,0.0584793213149522,6802051.080500001
2023,대학교,사립,기존,경기,수원가톨릭대학교,인문사회계열,90,90,30,30,33.33,0.33,88.1507,-54.8207,26.1003,0.296087268734111,5325000.0
2023,대학교,사립,기존,서울,숙명여자대학교,공학계열,453,456,4503,456,100.0,9.88,93.6331,6.366900000000001,23.001,0.2456503095593332,9485943.1818
2023,대학교,사립,기존,서울,숙명여자대학교,예체능계열,321,321,2962,321,100.0,9.23,96.1652,3.834800000000001,12.8631,0.1337604455665875,10226027.989599999
2023,대학교,사립,기존,서울,숙명여자대학교,인문사회계열,1103,1111,15121,1111,100.0,13.61,96.0782,3.9218000000000046,12.7882,0.1331019940007202,7670642.5254
2023,대학교,사립,기존,서울,숙명여자대학교,자연과학계열,303,304,3849,304,100.0,12.66,97.6156,2.3843999999999994,10.9674,0.1123529435868857,9034523.9742
2023,각종학교(대학),사립,기존,충북,순복음총회신학교,예체능계열,5,5,7,2,40.0,1.4,86.9238,-46.9238,21.0525,0.2421948879363304,7234285.709999999
2023,각종학교(대학),사립,기존,충북,순복음총회신학교,인문사회계열,53,53,43,16,30.19,0.81,80.6856,-50.4956,25.1147,0.3112661986773352,5676930.686
2023,대학교,사립,기존,충남,순천향대학교,공학계열,885,885,5553,885,100.0,6.27,85.1815,14.8185,32.8546,0.3857011205484759,8840640.9375
2023,대학교,사립,기존,충남,순천향대학교,예체능계열,146,146,2164,146,100.0,14.82,89.0075,10.992500000000009,28.4681,0.3198393393815128,8288314.285699999
2023,대학교,사립,기존,충남,순천향대학교,인문사회계열,824,826,5563,826,100.0,6.73,85.6771,14.322900000000004,27.7394,0.3237667941608668,7496940.0359
2023,대학교,사립,기존,충남,순천향대학교,자연과학계열,497,497,4475,497,100.0,9.0,94.5208,5.479200000000006,12.2743,0.1298581899433775,8379226.617300001
2023,대학교,사립,기존,서울,숭실대학교,공학계열,1224,1227,15057,1220,99.43,12.27,93.6331,5.796900000000008,23.001,0.2456503095593332,9318848.412899999
2023,대학교,사립,기존,서울,숭실대학교,예체능계열,87,87,3371,87,100.0,38.75,96.1652,3.834800000000001,12.8631,0.1337604455665875,9293699.9999
2023,대학교,사립,기존,서울,숭실대학교,인문사회계열,1168,1169,14723,1164,99.57,12.59,96.0782,3.491799999999998,12.7882,0.1331019940007202,7629418.0726
2023,대학교,사립,기존,서울,숭실대학교,자연과학계열,221,221,3328,218,98.64,15.06,97.6156,1.0244,10.9674,0.1123529435868857,8475300.0
2023,대학교,사립,기존,경북,신경주대학교,예체능계열,283,274,371,189,68.98,1.35,86.2392,-17.259199999999993,22.8662,0.2651485635302739,8436174.885
2023,대학교,사립,기존,경북,신경주대학교,인문사회계열,194,184,225,113,61.41,1.22,92.28,-30.870000000000005,17.9891,0.1949403987863025,6635040.6239
2023,대학교,사립,기존,경북,신경주대학교,자연과학계열,125,120,281,78,65.0,2.34,92.7909,-27.790899999999997,10.8495,0.1169241811427629,7309179.487299999
2023,대학교,사립,기존,부산,신라대학교,공학계열,420,421,1596,265,62.95,3.79,85.935,-22.985,15.3111,0.1781707104206667,8010356.3802000005
2023,대학교,사립,기존,부산,신라대학교,예체능계열,150,150,561,100,66.67,3.74,92.8333,-26.163299999999992,10.7321,0.1156061456395496,7656044.7221
2023,대학교,사립,기존,부산,신라대학교,인문사회계열,765,765,3893,665,86.93,5.09,92.592,-5.661999999999992,7.3657,0.0795500691204423,5934444.0519
2023,대학교,사립,기존,부산,신라대학교,자연과학계열,383,383,3249,347,90.6,8.48,96.1633,-5.563300000000012,4.464,0.0464210358837519,7294631.6367
2023,대학교,사립,기존,경기,신한대학교,공학계열,30,30,135,30,100.0,4.5,95.1554,4.8446,20.1666,0.2119333217032349,10340457.3325
2023,대학교,사립,기존,경기,신한대학교,자연과학계열,90,90,1489,90,100.0,16.54,99.978,0.0220000000000055,0.3837,0.0038378443257516,9743684.0
2023,대학교,사립,기존,경기,신한대학교 _제2캠퍼스,공학계열,200,200,2115,200,100.0,10.58,95.1554,4.8446,20.1666,0.2119333217032349,10303166.285699999
2023,대학교,사립,기존,경기,신한대학교 _제2캠퍼스,예체능계열,339,339,3300,339,100.0,9.73,89.9348,10.065200000000004,26.694,0.2968150259966108,10234567.6125
2023,대학교,사립,기존,경기,신한대학교 _제2캠퍼스,인문사회계열,449,449,5174,449,100.0,11.52,88.1507,11.8493,26.1003,0.296087268734111,8135300.9772
2023,대학교,사립,기존,경기,신한대학교 _제2캠퍼스,자연과학계열,297,297,4526,297,100.0,15.24,99.978,0.0220000000000055,0.3837,0.0038378443257516,9759599.592300002
2023,대학교,사립,기존,경기,아신대학교,인문사회계열,130,130,130,62,47.69,1.0,88.1507,-40.4607,26.1003,0.296087268734111,6709164.5026
2023,대학교,사립,기존,경기,아주대학교,공학계열,1068,1075,14542,1074,99.91,13.53,95.1554,4.754599999999996,20.1666,0.2119333217032349,9345808.6814
2023,대학교,사립,기존,경기,아주대학교,인문사회계열,561,564,9746,564,100.0,17.28,88.1507,11.8493,26.1003,0.296087268734111,7494709.7883
2023,대학교,사립,기존,경기,아주대학교,자연과학계열,297,299,9514,299,100.0,31.82,99.978,0.0220000000000055,0.3837,0.0038378443257516,8890357.6299
2023,대학교,사립,기존,경기,안양대학교,공학계열,348,349,3212,349,100.0,9.2,95.1554,4.8446,20.1666,0.2119333217032349,8801810.301800001
2023,대학교,사립,기존,경기,안양대학교,예체능계열,110,110,1908,110,100.0,17.35,89.9348,10.065200000000004,26.694,0.2968150259966108,8829910.7019
2023,대학교,사립,기존,경기,안양대학교,인문사회계열,421,422,4506,421,99.76,10.68,88.1507,11.609300000000005,26.1003,0.296087268734111,7115788.551700001
2023,대학교,사립,기존,경기,안양대학교,자연과학계열,103,103,914,103,100.0,8.87,99.978,0.0220000000000055,0.3837,0.0038378443257516,8316582.17
2023,대학교,사립,기존,인천,안양대학교 _제2캠퍼스,공학계열,58,60,284,58,96.67,4.73,98.335,-1.664999999999992,2.3547,0.0239456958356638,8874450.5217
2023,대학교,사립,기존,서울,연세대학교,공학계열,972,979,9131,973,99.39,9.33,93.6331,5.756900000000002,23.001,0.2456503095593332,10404184.8629
2023,대학교,사립,기존,서울,연세대학교,예체능계열,209,209,1460,209,100.0,6.99,96.1652,3.834800000000001,12.8631,0.1337604455665875,10377073.2157
2023,대학교,사립,기존,서울,연세대학교,인문사회계열,1611,1612,14570,1604,99.5,9.04,96.0782,3.4218000000000046,12.7882,0.1331019940007202,9168762.9264
2023,대학교,사립,기존,서울,연세대학교,자연과학계열,679,680,6671,680,100.0,9.81,97.6156,2.3843999999999994,10.9674,0.1123529435868857,9890386.9891
2023,대학교,사립,기존,강원,연세대학교(미래),공학계열,170,170,1199,170,100.0,7.05,86.79,13.209999999999994,17.55,0.2022122364327687,9868460.0
2023,대학교,사립,기존,강원,연세대학교(미래),예체능계열,55,54,618,54,100.0,11.44,97.116,2.8840000000000003,4.1668,0.0429053914905885,8851150.0
2023,대학교,사립,기존,강원,연세대학교(미래),인문사회계열,748,750,4600,750,100.0,6.13,75.1286,24.871399999999998,20.5578,0.2736348075167113,7815907.076199999
2023,대학교,사립,기존,강원,연세대학교(미래),자연과학계열,346,346,7411,346,100.0,21.42,97.574,2.426000000000002,4.4505,0.0456115358599626,8696892.771000002
2023,대학교,사립,기존,경북,영남대학교,공학계열,1628,1629,8914,1629,100.0,5.47,87.8833,12.116699999999994,24.5001,0.2787799274719997,8517627.452300001
2023,대학교,사립,기존,경북,영남대학교,예체능계열,374,376,1659,372,98.94,4.41,86.2392,12.7008,22.8662,0.2651485635302739,9250465.116600001
2023,대학교,사립,기존,경북,영남대학교,인문사회계열,1720,1721,11293,1718,99.83,6.56,92.28,7.549999999999997,17.9891,0.1949403987863025,6215905.616400001
2023,대학교,사립,기존,경북,영남대학교,자연과학계열,775,775,6640,775,100.0,8.57,92.7909,7.2091000000000065,10.8495,0.1169241811427629,8624152.302099999
2023,대학교,사립,기존,경북,영남신학대학교,인문사회계열,115,115,172,114,99.13,1.5,92.28,6.849999999999994,17.9891,0.1949403987863025,6372754.8333
2023,대학교,사립,기존,경남,영산대학교,공학계열,140,140,333,58,41.43,2.38,76.225,-34.794999999999995,25.6276,0.3362099048868482,7607864.4602
2023,대학교,사립,기존,경남,영산대학교,예체능계열,75,75,143,75,100.0,1.91,97.375,2.625,4.4798,0.0460056482670089,6747516.8
2023,대학교,사립,기존,경남,영산대학교,인문사회계열,125,125,403,125,100.0,3.22,90.545,9.454999999999998,16.3906,0.1810215914738527,5747047.1291000005
2023,대학교,사립,기존,경남,영산대학교,자연과학계열,175,175,1836,174,99.43,10.49,96.282,3.1480000000000103,4.8527,0.0504009056729191,7204843.133300001
2023,대학교,사립,기존,부산,영산대학교 _제2캠퍼스,예체능계열,375,375,1332,361,96.27,3.55,92.8333,3.436700000000002,10.7321,0.1156061456395496,7161196.2057
2023,대학교,사립,기존,부산,영산대학교 _제2캠퍼스,인문사회계열,256,256,918,231,90.23,3.59,92.592,-2.3619999999999948,7.3657,0.0795500691204423,5685550.4497
2023,대학교,사립,기존,부산,영산대학교 _제2캠퍼스,자연과학계열,185,185,704,182,98.38,3.81,96.1633,2.216699999999989,4.464,0.0464210358837519,7035073.5139
2023,대학교,사립,기존,전남,영산선학대학교,인문사회계열,50,50,2,2,4.0,0.04,67.905,-63.905,39.8765,0.5872395258081142,2060000.0
2023,대학교,사립,기존,전북,예수대학교,자연과학계열,115,115,791,115,100.0,6.88,97.765,2.2349999999999994,2.4032,0.024581394159464,7225614.2
2023,대학교,사립,기존,전북,예원예술대학교,예체능계열,142,147,444,115,78.23,3.02,91.15,-12.920000000000002,8.9371,0.0980482720789906,8219390.6278
2023,대학교,사립,기존,경기,예원예술대학교 _제2캠퍼스,예체능계열,89,89,494,81,91.01,5.55,89.9348,1.0752000000000097,26.694,0.2968150259966108,8482056.3249
2023,대학교,사립,기존,경기,용인대학교,예체능계열,782,744,5278,744,100.0,7.09,89.9348,10.065200000000004,26.694,0.2968150259966108,8589386.5339
2023,대학교,사립,기존,경기,용인대학교,인문사회계열,265,248,1998,248,100.0,8.06,88.1507,11.8493,26.1003,0.296087268734111,7421715.404700001
2023,대학교,사립,기존,경기,용인대학교,자연과학계열,140,138,1009,138,100.0,7.31,99.978,0.0220000000000055,0.3837,0.0038378443257516,8146831.9013
2023,대학교,사립,기존,전북,우석대학교,공학계열,227,237,721,177,74.68,3.04,88.4275,-13.747499999999988,10.5166,0.1189290661841621,7978770.039399999
2023,대학교,사립,기존,전북,우석대학교,예체능계열,275,280,826,230,82.14,2.95,91.15,-9.010000000000003,8.9371,0.0980482720789906,7581757.376999999
2023,대학교,사립,기존,전북,우석대학교,인문사회계열,555,570,2094,471,82.63,3.67,91.764,-9.134,6.9157,0.0753639771587986,6174829.469400001
2023,대학교,사립,기존,전북,우석대학교,자연과학계열,450,458,4191,428,93.45,9.15,97.765,-4.314999999999998,2.4032,0.024581394159464,7474295.579700001
2023,대학교,사립,기존,대전,우송대학교,공학계열,601,603,3532,603,100.0,5.86,99.7817,0.2182999999999992,0.4482,0.0044918056116502,7662368.702099999
2023,대학교,사립,기존,대전,우송대학교,예체능계열,210,210,1692,210,100.0,8.06,89.7067,10.293300000000002,24.78,0.2762335477729088,7832897.995
2023,대학교,사립,기존,대전,우송대학교,인문사회계열,668,672,4263,671,99.85,6.34,83.3643,16.485699999999994,30.2399,0.3627440043279917,7178382.853399999
2023,대학교,사립,기존,대전,우송대학교,자연과학계열,525,525,6980,525,100.0,13.3,99.8814,0.1186000000000007,0.2191,0.0021936016115112,7827367.4123
2023,대학교,특별법법인,기존,울산,울산과학기술원,공학계열,370,370,5565,371,100.27,15.04,100.27,0.0,0.0,0.0,6286622.222200001
2023,대학교,특별법법인,기존,울산,울산과학기술원,인문사회계열,30,30,505,30,100.0,16.83,100.0,0.0,0.0,0.0,5685533.3331
2023,대학교,사립,기존,울산,울산대학교,공학계열,1012,1059,4669,1057,99.81,4.41,99.81,0.0,0.0,0.0,8551358.7632
2023,대학교,사립,기존,울산,울산대학교,예체능계열,286,288,1078,277,96.18,3.74,96.18,0.0,0.0,0.0,9006919.3274
2023,대학교,사립,기존,울산,울산대학교,인문사회계열,897,963,3371,949,98.55,3.5,98.55,0.0,0.0,0.0,6169365.0942
2023,대학교,사립,기존,울산,울산대학교,자연과학계열,532,443,3443,447,100.9,7.77,100.9,0.0,0.0,0.0,8082630.732899999
2023,대학교,사립,기존,전북,원광대학교,공학계열,793,795,2766,726,91.32,3.48,88.4275,2.8924999999999983,10.5166,0.1189290661841621,8261697.1229
2023,대학교,사립,기존,전북,원광대학교,예체능계열,386,388,1944,383,98.71,5.01,91.15,7.559999999999988,8.9371,0.0980482720789906,7811127.790899999
2023,대학교,사립,기존,전북,원광대학교,인문사회계열,1042,1050,4798,1004,95.62,4.57,91.764,3.8560000000000088,6.9157,0.0753639771587986,6418968.6188
2023,대학교,사립,기존,전북,원광대학교,자연과학계열,826,828,5265,806,97.34,6.36,97.765,-0.4249999999999971,2.4032,0.024581394159464,7931645.109800001
2023,대학교,사립,기존,경북,위덕대학교,공학계열,30,25,70,25,100.0,2.8,87.8833,12.116699999999994,24.5001,0.2787799274719997,8211784.646
2023,대학교,사립,기존,경북,위덕대학교,예체능계열,90,75,203,75,100.0,2.71,86.2392,13.760800000000003,22.8662,0.2651485635302739,8680141.6833
2023,대학교,사립,기존,경북,위덕대학교,인문사회계열,320,284,600,283,99.65,2.11,92.28,7.370000000000003,17.9891,0.1949403987863025,6690155.2485
2023,대학교,사립,기존,경북,위덕대학교,자연과학계열,231,216,1029,193,89.35,4.76,92.7909,-3.440899999999999,10.8495,0.1169241811427629,8271146.1376
2023,대학교,사립,기존,충북,유원대학교,공학계열,125,125,234,70,56.0,1.87,74.26,-18.260000000000005,25.2688,0.3402747104767034,8220267.4846
2023,대학교,사립,기존,충북,유원대학교,예체능계열,60,60,157,60,100.0,2.62,86.9238,13.0762,21.0525,0.2421948879363304,8183830.6866999995
2023,대학교,사립,기존,충북,유원대학교,인문사회계열,420,420,1123,390,92.86,2.67,80.6856,12.174400000000006,25.1147,0.3112661986773352,6610638.6483
2023,대학교,사립,기존,충북,유원대학교,자연과학계열,270,270,2161,240,88.89,8.0,93.6325,-4.742499999999993,7.0292,0.0750722238538968,8256969.7883
2023,대학교,사립,기존,대전,을지대학교,자연과학계열,40,40,435,40,100.0,10.88,99.8814,0.1186000000000007,0.2191,0.0021936016115112,10033003.3331
2023,대학교,사립,기존,경기,을지대학교 _제2캠퍼스,예체능계열,67,67,695,67,100.0,10.37,89.9348,10.065200000000004,26.694,0.2968150259966108,9152434.32
2023,대학교,사립,기존,경기,을지대학교 _제2캠퍼스,인문사회계열,156,156,1303,156,100.0,8.35,88.1507,11.8493,26.1003,0.296087268734111,8208537.840000001
2023,대학교,사립,기존,경기,을지대학교 _제2캠퍼스,자연과학계열,686,686,6745,686,100.0,9.83,99.978,0.0220000000000055,0.3837,0.0038378443257516,9009712.329699999
2023,대학교,사립,기존,서울,이화여자대학교,공학계열,554,556,5818,126,22.66,10.46,93.6331,-70.9731,23.001,0.2456503095593332,9779742.8095
2023,대학교,사립,기존,서울,이화여자대학교,예체능계열,487,487,2917,162,33.26,5.99,96.1652,-62.9052,12.8631,0.1337604455665875,10339114.7046
2023,대학교,사립,기존,서울,이화여자대학교,인문사회계열,1297,1298,12807,618,47.61,9.87,96.0782,-48.4682,12.7882,0.1331019940007202,7792587.0852
2023,대학교,사립,기존,서울,이화여자대학교,자연과학계열,829,833,9029,357,42.86,10.84,97.6156,-54.7556,10.9674,0.1123529435868857,9318137.3997
2023,대학교,사립,기존,경남,인제대학교,공학계열,725,644,2212,579,89.91,3.43,76.225,13.685000000000002,25.6276,0.3362099048868482,7980644.8903
2023,대학교,사립,기존,경남,인제대학교,예체능계열,140,140,513,127,90.71,3.66,97.375,-6.665000000000006,4.4798,0.0460056482670089,7513880.3006
2023,대학교,사립,기존,경남,인제대학교,인문사회계열,396,396,1709,386,97.47,4.32,90.545,6.924999999999997,16.3906,0.1810215914738527,5895817.1405
2023,대학교,사립,기존,경남,인제대학교,자연과학계열,443,443,3490,443,100.0,7.88,96.282,3.718000000000004,4.8527,0.0504009056729191,7671029.549699999
2023,대학교,사립,기존,인천,인천가톨릭대학교,인문사회계열,12,12,10,9,75.0,0.83,87.46,-12.459999999999994,17.6211,0.2014761033615367,5270100.0
2023,대학교,사립,기존,인천,인천가톨릭대학교 _제2캠퍼스,예체능계열,105,105,731,105,100.0,6.96,95.6033,4.396699999999996,7.6153,0.0796552001866044,8522931.1315
2023,대학교,사립,기존,인천,인천가톨릭대학교 _제2캠퍼스,자연과학계열,48,48,375,48,100.0,7.81,99.9,0.0999999999999943,0.1414,0.0014154154154154,8815150.0
2023,대학교,국립대법인,기존,인천,인천대학교,공학계열,997,998,8920,997,99.9,8.94,99.9,0.0,0.0,0.0,5306574.6032
2023,대학교,국립대법인,기존,인천,인천대학교,예체능계열,284,285,3391,284,99.65,11.9,99.65,0.0,0.0,0.0,5003335.7143
2023,대학교,국립대법인,기존,인천,인천대학교,인문사회계열,975,977,10855,975,99.8,11.11,99.8,0.0,0.0,0.0,4275767.9643
2023,대학교,국립대법인,기존,인천,인천대학교,자연과학계열,236,236,1985,236,100.0,8.41,100.0,0.0,0.0,0.0,4649673.3333
2023,대학교,사립,기존,인천,인하대학교,공학계열,1536,1537,18704,1537,100.0,12.17,98.335,1.6650000000000065,2.3547,0.0239456958356638,8865232.7213
2023,대학교,사립,기존,인천,인하대학교,예체능계열,229,229,4088,229,100.0,17.85,95.6033,4.396699999999996,7.6153,0.0796552001866044,8788302.9549
2023,대학교,사립,기존,인천,인하대학교,인문사회계열,1240,1241,15933,1240,99.92,12.84,87.46,12.460000000000008,17.6211,0.2014761033615367,7140757.6154
2023,대학교,사립,기존,인천,인하대학교,자연과학계열,490,490,13879,489,99.8,28.32,99.9,-0.1000000000000085,0.1414,0.0014154154154154,8566799.591699999
2023,대학교,사립,기존,서울,장로회신학대학교,예체능계열,50,50,92,45,90.0,1.84,96.1652,-6.165199999999999,12.8631,0.1337604455665875,8918550.0
2023,대학교,사립,기존,서울,장로회신학대학교,인문사회계열,100,100,203,100,100.0,2.03,96.0782,3.9218000000000046,12.7882,0.1331019940007202,6324550.0
2023,대학교,국립,기존,광주,전남대학교,공학계열,893,894,5612,894,100.0,6.28,100.0,0.0,0.0,0.0,4425547.3805
2023,대학교,국립,기존,광주,전남대학교,예체능계열,212,213,917,211,99.06,4.31,99.06,0.0,0.0,0.0,4560547.618899999
2023,대학교,국립,기존,광주,전남대학교,인문사회계열,1105,1107,7929,1107,100.0,7.16,99.695,0.3050000000000068,0.4313,0.004326194894428,3530621.9717
2023,대학교,국립,기존,광주,전남대학교,자연과학계열,1187,1187,10220,1185,99.83,8.61,99.83,0.0,0.0,0.0,4310425.5612
2023,대학교,국립,기존,전남,전남대학교 _제2캠퍼스,공학계열,371,382,1797,377,98.69,4.7,93.2175,5.472499999999997,6.2853,0.0674261807064124,4445227.0131
2023,대학교,국립,기존,전남,전남대학교 _제2캠퍼스,인문사회계열,244,249,1396,248,99.6,5.61,97.1933,2.4067000000000007,3.5957,0.0369953484448002,3683881.6160999998
2023,대학교,국립,기존,전남,전남대학교 _제2캠퍼스,자연과학계열,187,192,833,189,98.44,4.34,91.63,6.810000000000002,11.1266,0.1214296627742006,4146822.8571
2023,대학교,국립,기존,전북,전북대학교,공학계열,1340,1346,8666,1343,99.78,6.44,97.015,2.765000000000001,3.9103,0.0403061382260475,4610351.6372
2023,대학교,국립,기존,전북,전북대학교,예체능계열,175,176,841,173,98.3,4.78,98.11,0.1899999999999977,0.2687,0.0027387626133931,4666828.571
2023,대학교,국립,기존,전북,전북대학교,인문사회계열,1125,1126,11746,1125,99.91,10.43,66.08,33.83,57.2324,0.8661077481840194,3396788.9909999995
2023,대학교,국립,기존,전북,전북대학교,자연과학계열,1208,1212,10270,1212,100.0,8.47,97.1,2.9000000000000057,4.1012,0.0422368692070031,4434490.6007
2023,교육대학,국립,기존,전북,전주교육대학교,인문사회계열,285,285,876,0,0.0,3.07,66.08,-66.08,57.2324,0.8661077481840194,3363000.0
2023,대학교,사립,기존,전북,전주대학교,공학계열,583,594,2331,521,87.71,3.92,88.4275,-0.7175000000000011,10.5166,0.1189290661841621,8233747.458
2023,대학교,사립,기존,전북,전주대학교,예체능계열,321,323,1239,305,94.43,3.84,91.15,3.280000000000001,8.9371,0.0980482720789906,7895991.7185
2023,대학교,사립,기존,전북,전주대학교,인문사회계열,1058,1070,4307,1012,94.58,4.03,91.764,2.8160000000000025,6.9157,0.0753639771587986,6563347.2249
2023,대학교,사립,기존,전북,전주대학교,자연과학계열,560,567,3468,556,98.06,6.12,97.765,0.2950000000000017,2.4032,0.024581394159464,7561820.089
2023,기술대학,사립,기존,서울,정석대학,공학계열,25,25,0,0,0.0,0.0,93.6331,-93.6331,23.001,0.2456503095593332,0.0
2023,기술대학,사립,기존,서울,정석대학,인문사회계열,0,25,11,11,44.0,0.44,96.0782,-52.0782,12.7882,0.1331019940007202,0.0
2023,대학교,사립,기존,제주,제주국제대학교,공학계열,130,130,34,7,5.38,0.26,5.38,0.0,0.0,0.0,6619315.251700001
2023,대학교,사립,기존,제주,제주국제대학교,예체능계열,100,100,66,23,23.0,0.66,23.0,0.0,0.0,0.0,6416281.3363
2023,대학교,사립,기존,제주,제주국제대학교,인문사회계열,140,140,39,3,2.14,0.28,2.14,0.0,0.0,0.0,6046847.771500001
2023,대학교,국립,기존,제주,제주대학교,공학계열,407,407,2098,407,100.0,5.15,100.0,0.0,0.0,0.0,4396723.9253
2023,대학교,국립,기존,제주,제주대학교,예체능계열,114,144,518,144,100.0,3.6,100.0,0.0,0.0,0.0,4279282.3033
2023,대학교,국립,기존,제주,제주대학교,인문사회계열,893,893,4770,893,100.0,5.34,100.0,0.0,0.0,0.0,3337737.6269
2023,대학교,국립,기존,제주,제주대학교,자연과학계열,731,731,6365,730,99.86,8.71,99.86,0.0,0.0,0.0,4202976.9812
2023,대학교,사립,기존,광주,조선대학교,공학계열,1493,1493,6737,1486,99.53,4.51,81.3883,18.1417,19.2724,0.2367957065081836,7956486.772400001
2023,대학교,사립,기존,광주,조선대학교,예체능계열,511,511,2040,511,100.0,3.99,93.0462,6.953800000000001,10.9377,0.1175512809765471,7660610.115099999
2023,대학교,사립,기존,광주,조선대학교,인문사회계열,1584,1584,7743,1567,98.93,4.89,86.7113,12.218700000000013,16.964,0.1956377081187803,6194613.6739
2023,대학교,사립,기존,광주,조선대학교,자연과학계열,779,778,7783,775,99.61,10.0,94.3,5.310000000000002,5.5146,0.0584793213149522,7556035.108
2023,대학교,사립,기존,충남,중부대학교,공학계열,285,283,1728,288,101.77,6.11,85.1815,16.588499999999996,32.8546,0.3857011205484759,7877488.5838
2023,대학교,사립,기존,충남,중부대학교,예체능계열,470,471,3742,469,99.58,7.94,89.0075,10.572500000000003,28.4681,0.3198393393815128,8049557.456200001
2023,대학교,사립,기존,충남,중부대학교,인문사회계열,710,717,3909,666,92.89,5.45,85.6771,7.212900000000005,27.7394,0.3237667941608668,6872869.2114
2023,대학교,사립,기존,충남,중부대학교,자연과학계열,235,239,1905,240,100.42,7.97,94.5208,5.899200000000008,12.2743,0.1298581899433775,7430537.0619
2023,대학교,사립,기존,서울,중앙대학교,공학계열,926,933,24028,933,100.0,25.75,93.6331,6.366900000000001,23.001,0.2456503095593332,9475354.7006
2023,대학교,사립,기존,서울,중앙대학교,예체능계열,30,126,3982,126,100.0,31.6,96.1652,3.834800000000001,12.8631,0.1337604455665875,9344610.0
2023,대학교,사립,기존,서울,중앙대학교,인문사회계열,1586,1590,33515,1590,100.0,21.08,96.0782,3.9218000000000046,12.7882,0.1331019940007202,7381507.4074
2023,대학교,사립,기존,서울,중앙대학교,자연과학계열,612,618,15158,617,99.84,24.53,97.6156,2.224400000000003,10.9674,0.1123529435868857,9230688.0561
2023,대학교,사립,기존,경기,중앙대학교 _제2캠퍼스,예체능계열,120,711,7662,711,100.0,10.78,89.9348,10.065200000000004,26.694,0.2968150259966108,9729359.533
2023,대학교,사립,기존,경기,중앙대학교 _제2캠퍼스,자연과학계열,325,326,2416,326,100.0,7.41,99.978,0.0220000000000055,0.3837,0.0038378443257516,8491900.0
2023,대학교,사립,기존,충북,중원대학교,공학계열,185,161,365,87,54.04,2.27,74.26,-20.22000000000001,25.2688,0.3402747104767034,8080260.8619
2023,대학교,사립,기존,충북,중원대학교,예체능계열,181,174,517,145,83.33,2.97,86.9238,-3.5938000000000017,21.0525,0.2421948879363304,7763567.868000001
2023,대학교,사립,기존,충북,중원대학교,인문사회계열,197,191,562,157,82.2,2.94,80.6856,1.514400000000009,25.1147,0.3112661986773352,6537522.103
2023,대학교,사립,기존,충북,중원대학교,자연과학계열,249,235,1053,212,90.21,4.48,93.6325,-3.4224999999999994,7.0292,0.0750722238538968,8069134.1912
2023,교육대학,국립,기존,경남,진주교육대학교,인문사회계열,319,287,1442,0,0.0,5.02,65.6067,-65.6067,56.8353,0.8663032891457731,3530769.9099
2023,대학교,사립,기존,경기,차의과학대학교,인문사회계열,394,394,1868,394,100.0,4.74,88.1507,11.8493,26.1003,0.296087268734111,7450283.3333
2023,대학교,사립,기존,경기,차의과학대학교,자연과학계열,110,110,1937,110,100.0,17.61,99.978,0.0220000000000055,0.3837,0.0038378443257516,7843679.7316
2023,대학교,사립,기존,경남,창신대학교,공학계열,55,55,256,55,100.0,4.65,76.225,23.77500000000001,25.6276,0.3362099048868482,7609356.2853
2023,대학교,사립,기존,경남,창신대학교,예체능계열,40,40,234,40,100.0,5.85,97.375,2.625,4.4798,0.0460056482670089,7269064.4947999995
2023,대학교,사립,기존,경남,창신대학교,인문사회계열,115,115,626,115,100.0,5.44,90.545,9.454999999999998,16.3906,0.1810215914738527,5842445.6301
2023,대학교,사립,기존,경남,창신대학교,자연과학계열,115,115,1453,115,100.0,12.63,96.282,3.718000000000004,4.8527,0.0504009056729191,6878807.6282
2023,산업대학,사립,기존,충남,청운대학교,공학계열,240,244,2140,244,100.0,8.77,85.1815,14.8185,32.8546,0.3857011205484759,7952545.4277
2023,산업대학,사립,기존,충남,청운대학교,예체능계열,290,295,1086,260,88.14,3.68,89.0075,-0.8674999999999926,28.4681,0.3198393393815128,8161234.729799999
2023,산업대학,사립,기존,충남,청운대학교,인문사회계열,498,506,2709,496,98.02,5.35,85.6771,12.3429,27.7394,0.3237667941608668,7025628.9501
2023,산업대학,사립,기존,충남,청운대학교,자연과학계열,105,106,1073,105,99.06,10.12,94.5208,4.539200000000008,12.2743,0.1298581899433775,8086169.63
2023,교육대학,국립,기존,충북,청주교육대학교,인문사회계열,286,287,1378,286,100.0,5.8,74.8925,25.1075,49.9285,0.6666688920786461,3323823.0769
2023,대학교,사립,기존,충북,청주대학교,공학계열,674,689,3429,687,99.71,4.98,74.26,25.44999999999999,25.2688,0.3402747104767034,8754289.9597
2023,대학교,사립,기존,충북,청주대학교,예체능계열,511,511,3965,510,99.8,7.76,86.9238,12.876199999999995,21.0525,0.2421948879363304,8631585.7241
2023,대학교,사립,기존,충북,청주대학교,인문사회계열,933,940,4998,925,98.4,5.32,80.6856,17.714400000000012,25.1147,0.3112661986773352,7251282.4284
2023,대학교,사립,기존,충북,청주대학교,자연과학계열,534,536,3611,535,99.81,6.74,93.6325,6.177500000000009,7.0292,0.0750722238538968,8339846.856900001
2023,대학교,사립,기존,전남,초당대학교,공학계열,177,179,596,159,88.83,3.33,89.1867,-0.3567000000000035,9.7099,0.1088716142653557,7345446.9833
2023,대학교,사립,기존,전남,초당대학교,예체능계열,30,30,84,30,100.0,2.8,97.3633,2.6367000000000047,4.5668,0.0469047372059081,6816277.0534
2023,대학교,사립,기존,전남,초당대학교,인문사회계열,196,196,539,181,92.35,2.75,67.905,24.444999999999997,39.8765,0.5872395258081142,5760803.647299999
2023,대학교,사립,기존,전남,초당대학교,자연과학계열,314,316,1635,314,99.37,5.17,98.16,1.210000000000008,2.5902,0.0263875305623471,6877806.615700001
2023,대학교,사립,기존,서울,총신대학교,예체능계열,54,54,116,54,100.0,2.15,96.1652,3.834800000000001,12.8631,0.1337604455665875,9334493.209999999
2023,대학교,사립,기존,서울,총신대학교,인문사회계열,253,254,1088,254,100.0,4.28,96.0782,3.9218000000000046,12.7882,0.1331019940007202,7143588.522499999
2023,대학교,사립,기존,서울,추계예술대학교,예체능계열,192,193,1693,193,100.0,8.77,96.1652,3.834800000000001,12.8631,0.1337604455665875,9602286.838
2023,대학교,사립,기존,서울,추계예술대학교,인문사회계열,58,58,809,58,100.0,13.95,96.0782,3.9218000000000046,12.7882,0.1331019940007202,7307010.1865
2023,교육대학,국립,기존,강원,춘천교육대학교,인문사회계열,321,321,1707,0,0.0,5.32,79.762,-79.762,44.5896,0.559033123542539,3269603.7791999998
2023,대학교,국립,기존,대전,충남대학교,공학계열,1083,1085,7760,1084,99.91,7.15,99.73,0.1799999999999926,0.2546,0.0025528928105885,4899340.2299999995
2023,대학교,국립,기존,대전,충남대학교,예체능계열,208,210,695,210,100.0,3.31,99.61,0.3900000000000005,0.5515,0.0055365927115751,4682638.889
2023,대학교,국립,기존,대전,충남대학교,인문사회계열,1114,1119,9238,1116,99.73,8.26,99.865,-0.1349999999999909,0.1909,0.0019115806338557,3461409.6468
2023,대학교,국립,기존,대전,충남대학교,자연과학계열,1179,1185,11100,1183,99.83,9.37,99.83,0.0,0.0,0.0,4289067.3703000005
2023,대학교,국립,기존,충북,충북대학교,공학계열,898,899,8008,896,99.67,8.91,99.86,-0.1899999999999977,0.1706,0.0017083917484478,4666339.052399999
2023,대학교,국립,기존,충북,충북대학교,예체능계열,63,63,406,63,100.0,6.44,98.9467,1.053299999999993,1.8244,0.0184382096623737,4497002.6665
2023,대학교,국립,기존,충북,충북대학교,인문사회계열,895,895,9526,894,99.89,10.64,74.8925,24.9975,49.9285,0.6666688920786461,3582758.2489
2023,대학교,국립,기존,충북,충북대학교,자연과학계열,950,951,10540,946,99.47,11.08,99.8233,-0.3533000000000044,0.306,0.0030654165911165,4441999.217499999
2023,대학교,사립,기존,경기,칼빈대학교,인문사회계열,60,60,121,60,100.0,2.02,88.1507,11.8493,26.1003,0.296087268734111,7350174.352
2023,대학교,사립,기존,경기,평택대학교,공학계열,218,220,1138,221,100.45,5.17,95.1554,5.294600000000003,20.1666,0.2119333217032349,8425696.6
2023,대학교,사립,기존,경기,평택대학교,예체능계열,158,158,1686,158,100.0,10.67,89.9348,10.065200000000004,26.694,0.2968150259966108,9197230.512
2023,대학교,사립,기존,경기,평택대학교,인문사회계열,348,353,2328,354,100.28,6.59,88.1507,12.1293,26.1003,0.296087268734111,7159925.7535
2023,대학교,사립,기존,경기,평택대학교,자연과학계열,81,82,430,82,100.0,5.24,99.978,0.0220000000000055,0.3837,0.0038378443257516,8294379.7433
2023,대학교,사립,기존,경북,포항공과대학교,공학계열,320,320,2193,317,99.06,6.85,87.8833,11.176699999999997,24.5001,0.2787799274719997,5890030.635
2023,대학교,국립,기존,경기,한경국립대학교,공학계열,610,613,3915,612,99.84,6.39,99.84,0.0,0.0,0.0,4174192.7188
2023,대학교,국립,기존,경기,한경국립대학교,예체능계열,112,113,653,113,100.0,5.78,100.0,0.0,0.0,0.0,4188322.6666
2023,대학교,국립,기존,경기,한경국립대학교,인문사회계열,230,231,1639,226,97.84,7.1,97.84,0.0,0.0,0.0,3663961.0
2023,대학교,국립,기존,경기,한경국립대학교,자연과학계열,319,321,2067,321,100.0,6.44,100.0,0.0,0.0,0.0,3981527.4545
2023,대학교,사립,기존,경기,한국공학대학교,공학계열,1240,1243,9071,1243,100.0,7.3,95.1554,4.8446,20.1666,0.2119333217032349,9584528.1612
2023,대학교,사립,기존,경기,한국공학대학교,인문사회계열,140,141,840,141,100.0,5.96,88.1507,11.8493,26.1003,0.296087268734111,8740821.112
2023,대학교,특별법법인,기존,대전,한국과학기술원,공학계열,611,454,2576,483,106.39,5.67,106.39,0.0,0.0,0.0,6979464.285699999
2023,대학교,국립,기존,충북,한국교원대학교,공학계열,20,20,63,20,100.0,3.15,99.86,0.1400000000000005,0.1706,0.0017083917484478,3602000.0
2023,대학교,국립,기존,충북,한국교원대학교,예체능계열,57,57,159,57,100.0,2.79,98.9467,1.053299999999993,1.8244,0.0184382096623737,3803333.3329999996
2023,대학교,국립,기존,충북,한국교원대학교,인문사회계열,309,310,2429,309,99.68,7.84,74.8925,24.78750000000001,49.9285,0.6666688920786461,2876736.3636
2023,대학교,국립,기존,충북,한국교원대학교,자연과학계열,160,160,876,160,100.0,5.48,99.8233,0.1766999999999967,0.306,0.0030654165911165,3511312.5
2023,대학교,사립,기존,충남,한국기술교육대학교,공학계열,688,688,4384,688,100.0,6.37,85.1815,14.8185,32.8546,0.3857011205484759,4802551.0685
2023,대학교,사립,기존,충남,한국기술교육대학교,인문사회계열,148,148,806,148,100.0,5.45,85.6771,14.322900000000004,27.7394,0.3237667941608668,3404779.3049999997
2023,방송통신대학,국립,기존,서울,한국방송통신대학교,공학계열,3040,3040,1222,989,32.53,0.4,66.23,-33.7,47.659,0.7195983693190396,1469650.7
2023,방송통신대학,국립,기존,서울,한국방송통신대학교,인문사회계열,39570,39570,7076,5632,14.23,0.18,38.0767,-23.8467,54.0971,1.4207402427206135,786481.72331
2023,방송통신대학,국립,기존,서울,한국방송통신대학교,자연과학계열,8130,8130,1735,1402,17.24,0.21,58.62,-41.38,58.5202,0.9982975093824634,731590.0
2023,대학교,사립,기존,서울,한국성서대학교,공학계열,35,35,269,35,100.0,7.69,93.6331,6.366900000000001,23.001,0.2456503095593332,7827665.0
2023,대학교,사립,기존,서울,한국성서대학교,인문사회계열,143,143,658,143,100.0,4.6,96.0782,3.9218000000000046,12.7882,0.1331019940007202,6970768.0
2023,대학교,사립,기존,서울,한국성서대학교,자연과학계열,45,45,885,45,100.0,19.67,97.6156,2.3843999999999994,10.9674,0.1123529435868857,8179665.0
2023,각종학교(대학),특별법국립,기존,서울,한국예술종합학교,공학계열,20,20,145,16,80.0,7.25,80.0,0.0,0.0,0.0,4816720.0
2023,각종학교(대학),특별법국립,기존,서울,한국예술종합학교,예체능계열,506,506,11899,487,96.25,23.52,96.25,0.0,0.0,0.0,4851206.6667
2023,각종학교(대학),특별법국립,기존,서울,한국예술종합학교,인문사회계열,32,32,679,31,96.88,21.22,96.88,0.0,0.0,0.0,4850200.0
2023,대학교,사립,기존,서울,한국외국어대학교,공학계열,313,314,2687,313,99.68,8.56,93.6331,6.046900000000008,23.001,0.2456503095593332,8915992.8777
2023,대학교,사립,기존,서울,한국외국어대학교,인문사회계열,2643,2697,35712,2696,99.96,13.24,96.0782,3.8817999999999984,12.7882,0.1331019940007202,7379582.0342
2023,대학교,사립,기존,서울,한국외국어대학교,자연과학계열,379,380,3770,380,100.0,9.92,97.6156,2.3843999999999994,10.9674,0.1123529435868857,8349043.1207
2023,대학교,국립,기존,서울,한국체육대학교,예체능계열,535,536,2775,535,99.81,5.18,72.36,27.450000000000003,47.7094,0.6593338861249309,4168598.4249
2023,대학교,사립,기존,대전,한국침례신학대학교,예체능계열,33,23,18,9,39.13,0.78,89.7067,-50.5767,24.78,0.2762335477729088,8045784.3967
2023,대학교,사립,기존,대전,한국침례신학대학교,인문사회계열,171,159,193,114,71.7,1.21,83.3643,-11.664299999999995,30.2399,0.3627440043279917,6116929.8135
2023,대학교,사립,기존,경기,한국항공대학교,공학계열,589,562,5716,575,102.31,10.17,95.1554,7.154600000000002,20.1666,0.2119333217032349,9410669.8126
2023,대학교,사립,기존,경기,한국항공대학교,인문사회계열,104,100,1126,103,103.0,11.26,88.1507,14.8493,26.1003,0.296087268734111,7236665.1434
2023,대학교,사립,기존,경기,한국항공대학교,자연과학계열,178,168,2273,167,99.4,13.53,99.978,-0.5779999999999887,0.3837,0.0038378443257516,8998027.3567
2023,대학교,사립,기존,대전,한남대학교,공학계열,681,687,3799,687,100.0,5.53,99.7817,0.2182999999999992,0.4482,0.0044918056116502,8590165.5659
2023,대학교,사립,기존,대전,한남대학교,예체능계열,249,249,1338,249,100.0,5.37,89.7067,10.293300000000002,24.78,0.2762335477729088,8449529.6739
2023,대학교,사립,기존,대전,한남대학교,인문사회계열,1435,1444,6836,1441,99.79,4.73,83.3643,16.425700000000006,30.2399,0.3627440043279917,6797273.264
2023,대학교,사립,기존,대전,한남대학교,자연과학계열,350,351,1786,351,100.0,5.09,99.8814,0.1186000000000007,0.2191,0.0021936016115112,7917873.799799999
2023,대학교,사립,기존,경북,한동대학교,인문사회계열,0,729,3546,729,100.0,4.86,92.28,7.719999999999999,17.9891,0.1949403987863025,6320225.0
2023,대학교,사립,기존,강원,한라대학교,공학계열,464,475,1264,299,62.95,2.66,86.79,-23.840000000000003,17.55,0.2022122364327687,7975056.5361
2023,대학교,사립,기존,강원,한라대학교,예체능계열,118,121,454,110,90.91,3.75,97.116,-6.206000000000003,4.1668,0.0429053914905885,8031978.495999999
2023,대학교,사립,기존,강원,한라대학교,인문사회계열,325,332,1167,255,76.81,3.52,75.1286,1.6813999999999965,20.5578,0.2736348075167113,6418224.5022
2023,대학교,사립,기존,강원,한림대학교,공학계열,313,314,1281,314,100.0,4.08,86.79,13.209999999999994,17.55,0.2022122364327687,8800964.4806
2023,대학교,사립,기존,강원,한림대학교,예체능계열,50,50,172,50,100.0,3.44,97.116,2.8840000000000003,4.1668,0.0429053914905885,8687647.0
2023,대학교,사립,기존,강원,한림대학교,인문사회계열,894,895,4704,896,100.11,5.26,75.1286,24.981399999999997,20.5578,0.2736348075167113,7236342.6677
2023,대학교,사립,기존,강원,한림대학교,자연과학계열,514,513,3694,512,99.81,7.2,97.574,2.236000000000004,4.4505,0.0456115358599626,8527291.877
2023,대학교,사립,기존,충남,한서대학교,공학계열,494,493,2193,485,98.38,4.45,85.1815,13.198499999999996,32.8546,0.3857011205484759,8730890.029099999
2023,대학교,사립,기존,충남,한서대학교,예체능계열,305,307,1359,289,94.14,4.43,89.0075,5.132500000000007,28.4681,0.3198393393815128,8385486.8201
2023,대학교,사립,기존,충남,한서대학교,인문사회계열,370,371,4212,323,87.06,11.35,85.6771,1.3829000000000065,27.7394,0.3237667941608668,7192987.519400001
2023,대학교,사립,기존,충남,한서대학교,자연과학계열,400,393,2827,364,92.62,7.19,94.5208,-1.9007999999999896,12.2743,0.1298581899433775,8123223.5722
2023,대학교,사립,기존,서울,한성대학교,공학계열,522,522,5542,522,100.0,10.62,93.6331,6.366900000000001,23.001,0.2456503095593332,8768827.9182
2023,대학교,사립,기존,서울,한성대학교,예체능계열,293,293,5055,293,100.0,17.25,96.1652,3.834800000000001,12.8631,0.1337604455665875,9000205.2592
2023,대학교,사립,기존,서울,한성대학교,인문사회계열,643,644,6774,644,100.0,10.52,96.0782,3.9218000000000046,12.7882,0.1331019940007202,6929109.3287
2023,대학교,사립,기존,경기,한세대학교,공학계열,47,47,474,47,100.0,10.09,95.1554,4.8446,20.1666,0.2119333217032349,9457653.465
2023,대학교,사립,기존,경기,한세대학교,예체능계열,183,183,1847,183,100.0,10.09,89.9348,10.065200000000004,26.694,0.2968150259966108,10095622.021
2023,대학교,사립,기존,경기,한세대학교,인문사회계열,296,299,2983,298,99.67,9.98,88.1507,11.5193,26.1003,0.296087268734111,7724254.7204
2023,대학교,사립,기존,경기,한세대학교,자연과학계열,40,40,420,40,100.0,10.5,99.978,0.0220000000000055,0.3837,0.0038378443257516,8855625.0
2023,대학교,사립,기존,경기,한신대학교,공학계열,216,216,1076,216,100.0,4.98,95.1554,4.8446,20.1666,0.2119333217032349,8664905.3335
2023,대학교,사립,기존,경기,한신대학교,예체능계열,0,32,347,32,100.0,10.84,89.9348,10.065200000000004,26.694,0.2968150259966108,8421620.0
2023,대학교,사립,기존,경기,한신대학교,인문사회계열,831,846,5331,845,99.88,6.3,88.1507,11.729299999999997,26.1003,0.296087268734111,7318036.6787
2023,대학교,사립,기존,경기,한신대학교,자연과학계열,82,68,288,69,101.47,4.24,99.978,1.4920000000000044,0.3837,0.0038378443257516,7953270.0
2023,대학교,사립,기존,서울,한양대학교,공학계열,1205,1209,25103,1209,100.0,20.76,93.6331,6.366900000000001,23.001,0.2456503095593332,9886809.9748
2023,대학교,사립,기존,서울,한양대학교,예체능계열,282,284,4554,283,99.65,16.04,96.1652,3.484800000000007,12.8631,0.1337604455665875,10221140.977500001
2023,대학교,사립,기존,서울,한양대학교,인문사회계열,966,968,19648,968,100.0,20.3,96.0782,3.9218000000000046,12.7882,0.1331019940007202,7785873.2256
2023,대학교,사립,기존,서울,한양대학교,자연과학계열,453,456,7943,456,100.0,17.42,97.6156,2.3843999999999994,10.9674,0.1123529435868857,9004722.0955
2023,대학교,사립,기존,전북,한일장신대학교,예체능계열,75,75,141,75,100.0,1.88,91.15,8.849999999999994,8.9371,0.0980482720789906,7461399.9667
2023,대학교,사립,기존,전북,한일장신대학교,인문사회계열,82,82,116,71,86.59,1.41,91.764,-5.173999999999992,6.9157,0.0753639771587986,5942602.783299999
2023,대학교,사립,기존,전북,한일장신대학교,자연과학계열,62,63,195,63,100.0,3.1,97.765,2.2349999999999994,2.4032,0.024581394159464,7150600.0
2023,대학교,사립,기존,경기,협성대학교,공학계열,155,156,1176,156,100.0,7.54,95.1554,4.8446,20.1666,0.2119333217032349,9064963.578
2023,대학교,사립,기존,경기,협성대학교,예체능계열,222,222,1551,212,95.5,6.99,89.9348,5.565200000000004,26.694,0.2968150259966108,8932144.9822
2023,대학교,사립,기존,경기,협성대학교,인문사회계열,547,549,4111,545,99.27,7.49,88.1507,11.119299999999996,26.1003,0.296087268734111,6984830.553
2023,대학교,사립,기존,경기,협성대학교,자연과학계열,80,81,739,81,100.0,9.12,99.978,0.0220000000000055,0.3837,0.0038378443257516,8927765.47
2023,대학교,사립,기존,광주,호남대학교,공학계열,331,308,981,184,59.74,3.19,81.3883,-21.6483,19.2724,0.2367957065081836,7187440.045700001
2023,대학교,사립,기존,광주,호남대학교,예체능계열,326,326,1311,281,86.2,4.02,93.0462,-6.846199999999996,10.9377,0.1175512809765471,7116263.2773
2023,대학교,사립,기존,광주,호남대학교,인문사회계열,420,411,1601,263,63.99,3.9,86.7113,-22.721299999999992,16.964,0.1956377081187803,6169440.701199999
2023,대학교,사립,기존,광주,호남대학교,자연과학계열,460,457,3237,432,94.53,7.08,94.3,0.2300000000000039,5.5146,0.0584793213149522,7047684.2058
2023,대학교,사립,기존,광주,호남신학대학교,예체능계열,50,50,65,44,88.0,1.3,93.0462,-5.046199999999999,10.9377,0.1175512809765471,8219966.62
2023,대학교,사립,기존,광주,호남신학대학교,인문사회계열,69,69,77,60,86.96,1.12,86.7113,0.2486999999999994,16.964,0.1956377081187803,6059537.995
2023,대학교,사립,기존,충남,호서대학교,공학계열,1199,1225,5342,1228,100.24,4.36,85.1815,15.058499999999997,32.8546,0.3857011205484759,8562796.841400001
2023,대학교,사립,기존,충남,호서대학교,예체능계열,405,406,3056,406,100.0,7.53,89.0075,10.992500000000009,28.4681,0.3198393393815128,8450587.001600001
2023,대학교,사립,기존,충남,호서대학교,인문사회계열,876,884,4527,883,99.89,5.12,85.6771,14.212900000000005,27.7394,0.3237667941608668,7180762.862000001
2023,대학교,사립,기존,충남,호서대학교,자연과학계열,401,403,2328,404,100.25,5.78,94.5208,5.729200000000006,12.2743,0.1298581899433775,8042013.218799999
2023,산업대학,사립,기존,전북,호원대학교,공학계열,90,96,365,96,100.0,3.8,88.4275,11.572500000000003,10.5166,0.1189290661841621,7357384.1281
2023,산업대학,사립,기존,전북,호원대학교,예체능계열,556,560,7132,523,93.39,12.74,91.15,2.239999999999995,8.9371,0.0980482720789906,7355849.6809
2023,산업대학,사립,기존,전북,호원대학교,인문사회계열,165,168,686,167,99.4,4.08,91.764,7.63600000000001,6.9157,0.0753639771587986,6014201.2687
2023,산업대학,사립,기존,전북,호원대학교,자연과학계열,261,265,2062,259,97.74,7.78,97.765,-0.0250000000000056,2.4032,0.024581394159464,7404782.151800001
2023,대학교,사립,기존,서울,홍익대학교,공학계열,1335,1336,21013,1336,100.0,15.73,93.6331,6.366900000000001,23.001,0.2456503095593332,9592294.287
2023,대학교,사립,기존,서울,홍익대학교,예체능계열,432,432,6679,432,100.0,15.46,96.1652,3.834800000000001,12.8631,0.1337604455665875,9740720.0
2023,대학교,사립,기존,서울,홍익대학교,인문사회계열,626,626,15612,625,99.84,24.94,96.0782,3.761800000000008,12.7882,0.1331019940007202,7510320.0
2023,대학교,사립,기존,서울,홍익대학교,자연과학계열,28,28,575,27,96.43,20.54,97.6156,-1.1855999999999938,10.9674,0.1123529435868857,7510320.0
2023,대학교,사립,기존,경기,화성의과학대학교,공학계열,52,54,244,39,72.22,4.52,95.1554,-22.9354,20.1666,0.2119333217032349,7031550.0
2023,대학교,사립,기존,경기,화성의과학대학교,예체능계열,62,64,395,23,35.94,6.17,89.9348,-53.9948,26.694,0.2968150259966108,7319160.0
2023,대학교,사립,기존,경기,화성의과학대학교,인문사회계열,92,95,385,45,47.37,4.05,88.1507,-40.7807,26.1003,0.296087268734111,6860215.0
2023,대학교,사립,기존,경기,화성의과학대학교,자연과학계열,40,41,421,41,100.0,10.27,99.978,0.0220000000000055,0.3837,0.0038378443257516,8430750.0
