기준연도,학교명,계열,재적학생수,중도탈락자수,중도탈락률(%)
2012,가야대학교 _제2캠퍼스,공학,248.0,24.0,9.67741935483871
2012,가야대학교 _제2캠퍼스,예체능,179.0,21.0,11.731843575418994
2012,가야대학교 _제2캠퍼스,인문사회,1456.0,99.0,6.799450549450549
2012,가야대학교 _제2캠퍼스,자연과학,451.0,8.0,1.7738359201773837
2012,가천대학교,공학,7579.0,254.0,3.351365615516559
2012,가천대학교,예체능,957.0,51.0,5.329153605015674
2012,가천대학교,의학,121.0,0.0,0.0
2012,가천대학교,인문사회,6444.0,171.0,2.653631284916201
2012,가천대학교,자연과학,2638.0,56.0,2.122820318423048
2012,가톨릭관동대학교,공학,2170.0,116.0,5.345622119815668
2012,가톨릭관동대학교,예체능,792.0,53.0,6.691919191919192
2012,가톨릭관동대학교,의학,245.0,0.0,0.0
2012,가톨릭관동대학교,인문사회,9440.0,451.0,4.777542372881356
2012,가톨릭관동대학교,자연과학,133.0,1.0,0.7518796992481203
2012,가톨릭꽃동네대학교,인문사회,457.0,12.0,2.62582056892779
2012,가톨릭꽃동네대학교,자연과학,194.0,0.0,0.0
2012,가톨릭대학교,공학,2220.0,97.0,4.36936936936937
2012,가톨릭대학교,예체능,282.0,11.0,3.900709219858156
2012,가톨릭대학교,인문사회,6171.0,159.0,2.5765678172095283
2012,가톨릭대학교,자연과학,937.0,34.0,3.628601921024546
2012,가톨릭대학교 _제2캠퍼스,의학,145.0,2.0,1.3793103448275863
2012,가톨릭대학교 _제2캠퍼스,자연과학,380.0,7.0,1.8421052631578945
2012,가톨릭대학교 _제3캠퍼스,인문사회,326.0,9.0,2.7607361963190185
2012,감리교신학대학교,인문사회,401.0,20.0,4.987531172069826
2012,강남대학교,공학,1781.0,95.0,5.3340819764177425
2012,강남대학교,예체능,929.0,43.0,4.628632938643703
2012,강남대학교,인문사회,5310.0,230.0,4.3314500941619585
2012,강남대학교,자연과학,107.0,3.0,2.803738317757009
2012,강서대학교,예체능,197.0,28.0,14.213197969543149
2012,강서대학교,인문사회,1230.0,73.0,5.934959349593496
2012,강원대학교,공학,7947.0,275.0,3.460425317729961
2012,강원대학교,예체능,1007.0,44.0,4.369414101290963
2012,강원대학교,의학,165.0,4.0,2.4242424242424243
2012,강원대학교,인문사회,8623.0,178.0,2.064246781862461
2012,강원대학교,자연과학,2821.0,87.0,3.084012761432116
2012,강원대학교 _제2캠퍼스,공학,5306.0,288.0,5.427817565020731
2012,강원대학교 _제2캠퍼스,예체능,569.0,14.0,2.460456942003515
2012,강원대학교 _제2캠퍼스,인문사회,2244.0,84.0,3.7433155080213902
2012,강원대학교 _제2캠퍼스,자연과학,616.0,13.0,2.1103896103896105
2012,건국대학교,공학,8858.0,256.0,2.8900428990742832
2012,건국대학교,예체능,1489.0,27.0,1.8132975151108126
2012,건국대학교,의학,374.0,8.0,2.13903743315508
2012,건국대학교,인문사회,10403.0,159.0,1.528405267711237
2012,건국대학교,자연과학,1578.0,31.0,1.964512040557668
2012,건국대학교(글로컬) _분교,공학,3155.0,95.0,3.011093502377179
2012,건국대학교(글로컬) _분교,예체능,650.0,20.0,3.076923076923077
2012,건국대학교(글로컬) _분교,의학,648.0,18.0,2.7777777777777777
2012,건국대학교(글로컬) _분교,인문사회,5196.0,203.0,3.9068514241724404
2012,건국대학교(글로컬) _분교,자연과학,1157.0,25.0,2.16076058772688
2012,건양대학교,공학,2838.0,157.0,5.5320648343904155
2012,건양대학교,예체능,617.0,45.0,7.293354943273905
2012,건양대학교,인문사회,4031.0,192.0,4.763086082857852
2012,건양대학교 _제2캠퍼스,공학,232.0,3.0,1.293103448275862
2012,건양대학교 _제2캠퍼스,의학,244.0,0.0,0.0
2012,건양대학교 _제2캠퍼스,자연과학,472.0,4.0,0.847457627118644
2012,경기대학교,공학,5904.0,188.0,3.1842818428184283
2012,경기대학교,예체능,638.0,23.0,3.605015673981191
2012,경기대학교,인문사회,7754.0,217.0,2.7985555842145993
2012,경기대학교,자연과학,872.0,23.0,2.637614678899083
2012,경기대학교 _제2캠퍼스,공학,176.0,14.0,7.954545454545454
2012,경기대학교 _제2캠퍼스,예체능,279.0,8.0,2.867383512544803
2012,경기대학교 _제2캠퍼스,인문사회,3005.0,109.0,3.6272878535773714
2012,경남과학기술대학교,공학,697.0,38.0,5.4519368723099
2012,경남과학기술대학교,예체능,95.0,7.0,7.368421052631578
2012,경남과학기술대학교,인문사회,355.0,12.0,3.3802816901408446
2012,경남과학기술대학교,자연과학,305.0,10.0,3.278688524590164
2012,경남대학교,공학,6137.0,505.0,8.228776275052956
2012,경남대학교,예체능,460.0,45.0,9.782608695652174
2012,경남대학교,인문사회,11652.0,751.0,6.445245451424649
2012,경남대학교,자연과학,905.0,43.0,4.751381215469613
2012,경동대학교,공학,949.0,98.0,10.326659641728135
2012,경동대학교,예체능,152.0,26.0,17.105263157894736
2012,경동대학교,인문사회,2367.0,272.0,11.49133924799324
2012,경동대학교,자연과학,655.0,18.0,2.7480916030534353
2012,경북대학교,공학,11815.0,255.0,2.158273381294964
2012,경북대학교,예체능,666.0,17.0,2.5525525525525525
2012,경북대학교,의학,275.0,2.0,0.7272727272727273
2012,경북대학교,인문사회,10965.0,187.0,1.7054263565891472
2012,경북대학교,자연과학,2465.0,49.0,1.9878296146044625
2012,경북대학교 _제2캠퍼스,공학,4181.0,249.0,5.955513035159052
2012,경북대학교 _제2캠퍼스,인문사회,630.0,23.0,3.650793650793651
2012,경북대학교 _제2캠퍼스,자연과학,690.0,28.0,4.057971014492753
2012,경상국립대학교,공학,9422.0,298.0,3.1628104436425386
2012,경상국립대학교,의학,249.0,1.0,0.4016064257028112
2012,경상국립대학교,인문사회,8573.0,193.0,2.2512539367782574
2012,경상국립대학교,자연과학,2321.0,62.0,2.6712623869021974
2012,경성대학교,공학,4636.0,245.0,5.284728213977567
2012,경성대학교,예체능,2757.0,156.0,5.658324265505985
2012,경성대학교,의학,185.0,19.0,10.27027027027027
2012,경성대학교,인문사회,9440.0,389.0,4.1207627118644075
2012,경성대학교,자연과학,1521.0,69.0,4.536489151873767
2012,경운대학교,공학,317.0,18.0,5.678233438485805
2012,경운대학교,예체능,88.0,8.0,9.090909090909092
2012,경운대학교,인문사회,336.0,12.0,3.571428571428571
2012,경운대학교,자연과학,240.0,7.0,2.9166666666666665
2012,경운대학교(산업대),공학,919.0,81.0,8.8139281828074
2012,경운대학교(산업대),예체능,382.0,69.0,18.06282722513089
2012,경운대학교(산업대),인문사회,1968.0,257.0,13.058943089430894
2012,경운대학교(산업대),자연과학,548.0,15.0,2.737226277372263
2012,경인교육대학교,인문사회,1491.0,23.0,1.5425888665325285
2012,경인교육대학교 _제2캠퍼스,인문사회,1556.0,12.0,0.7712082262210797
2012,경일대학교,공학,3661.0,278.0,7.593553673859602
2012,경일대학교,예체능,1056.0,74.0,7.007575757575757
2012,경일대학교,인문사회,2611.0,181.0,6.932209881271543
2012,경일대학교,자연과학,139.0,1.0,0.7194244604316548
2012,경희대학교,공학,9711.0,219.0,2.255174544331171
2012,경희대학교,예체능,1964.0,33.0,1.680244399185336
2012,경희대학교,의학,842.0,10.0,1.187648456057007
2012,경희대학교,인문사회,14534.0,247.0,1.6994633273703041
2012,경희대학교,자연과학,3012.0,59.0,1.9588313413014609
2012,계명대학교,공학,4986.0,196.0,3.931006819093462
2012,계명대학교,예체능,3300.0,130.0,3.939393939393939
2012,계명대학교,의학,314.0,0.0,0.0
2012,계명대학교,인문사회,14109.0,516.0,3.657240059536466
2012,계명대학교,자연과학,2095.0,38.0,1.8138424821002388
2012,고려대학교,공학,7988.0,219.0,2.741612418627942
2012,고려대학교,예체능,126.0,3.0,2.380952380952381
2012,고려대학교,의학,254.0,2.0,0.7874015748031495
2012,고려대학교,인문사회,14649.0,120.0,0.819168543927913
2012,고려대학교,자연과학,2299.0,45.0,1.9573727707699
2012,고려대학교(세종) _분교,공학,3009.0,94.0,3.1239614489863743
2012,고려대학교(세종) _분교,예체능,858.0,20.0,2.331002331002331
2012,고려대학교(세종) _분교,인문사회,4955.0,134.0,2.7043390514631684
2012,고려대학교(세종) _분교,자연과학,1097.0,36.0,3.2816773017319965
2012,고신대학교,공학,677.0,64.0,9.453471196454949
2012,고신대학교,예체능,531.0,69.0,12.994350282485875
2012,고신대학교,의학,307.0,0.0,0.0
2012,고신대학교,인문사회,2575.0,157.0,6.097087378640777
2012,고신대학교,자연과학,1032.0,34.0,3.2945736434108532
2012,공주교육대학교,인문사회,1871.0,15.0,0.8017103153393906
2012,광신대학교,예체능,102.0,13.0,12.745098039215685
2012,광신대학교,인문사회,507.0,49.0,9.664694280078894
2012,광운대학교,공학,6823.0,200.0,2.9312619082515026
2012,광운대학교,예체능,793.0,14.0,1.7654476670870116
2012,광운대학교,인문사회,3557.0,121.0,3.4017430418892323
2012,광운대학교,자연과학,648.0,23.0,3.5493827160493825
2012,광주가톨릭대학교,인문사회,134.0,4.0,2.9850746268656714
2012,광주과학기술원,공학,71.0,1.0,1.4084507042253522
2012,광주과학기술원,인문사회,203.0,5.0,2.4630541871921183
2012,광주과학기술원,자연과학,19.0,0.0,0.0
2012,광주교육대학교,인문사회,1688.0,14.0,0.8293838862559242
2012,광주대학교,공학,1430.0,126.0,8.811188811188812
2012,광주대학교,예체능,873.0,73.0,8.36197021764032
2012,광주대학교,의학,71.0,9.0,12.676056338028168
2012,광주대학교,인문사회,5305.0,436.0,8.2186616399623
2012,광주대학교,자연과학,665.0,37.0,5.56390977443609
2012,광주대학교(산업대),공학,28.0,10.0,35.714285714285715
2012,광주대학교(산업대),예체능,11.0,1.0,9.090909090909092
2012,광주대학교(산업대),인문사회,60.0,6.0,10.0
2012,광주대학교(산업대),자연과학,4.0,0.0,0.0
2012,광주여자대학교,공학,498.0,12.0,2.4096385542168677
2012,광주여자대학교,예체능,1060.0,60.0,5.660377358490567
2012,광주여자대학교,의학,118.0,8.0,6.779661016949152
2012,광주여자대학교,인문사회,1499.0,78.0,5.203468979319546
2012,광주여자대학교,자연과학,661.0,19.0,2.8744326777609683
2012,국립강릉원주대학교,공학,3397.0,164.0,4.827789225787459
2012,국립강릉원주대학교,예체능,577.0,33.0,5.719237435008666
2012,국립강릉원주대학교,의학,158.0,0.0,0.0
2012,국립강릉원주대학교,인문사회,3576.0,134.0,3.7472035794183443
2012,국립강릉원주대학교,자연과학,794.0,59.0,7.43073047858942
2012,국립강릉원주대학교 _제2캠퍼스,공학,1166.0,53.0,4.545454545454546
2012,국립강릉원주대학교 _제2캠퍼스,예체능,421.0,17.0,4.038004750593824
2012,국립강릉원주대학교 _제2캠퍼스,인문사회,175.0,2.0,1.1428571428571428
2012,국립강릉원주대학교 _제2캠퍼스,자연과학,328.0,2.0,0.6097560975609756
2012,국립경국대학교,공학,3977.0,191.0,4.802615036459643
2012,국립경국대학교,예체능,607.0,36.0,5.930807248764415
2012,국립경국대학교,의학,187.0,6.0,3.2085561497326207
2012,국립경국대학교,인문사회,3950.0,132.0,3.3417721518987342
2012,국립경국대학교,자연과학,1231.0,58.0,4.711616571892771
2012,국립공주대학교,공학,7765.0,425.0,5.473277527366387
2012,국립공주대학교,예체능,33.0,3.0,9.090909090909092
2012,국립공주대학교,인문사회,7076.0,164.0,2.317693612210288
2012,국립공주대학교,자연과학,1362.0,56.0,4.1116005873715125
2012,국립군산대학교,공학,6393.0,459.0,7.1797278273111225
2012,국립군산대학교,예체능,550.0,36.0,6.545454545454546
2012,국립군산대학교,인문사회,3109.0,180.0,5.7896429720167255
2012,국립군산대학교,자연과학,1010.0,58.0,5.742574257425743
2012,국립금오공과대학교,공학,7951.0,233.0,2.9304490001257704
2012,국립금오공과대학교,예체능,103.0,3.0,2.912621359223301
2012,국립금오공과대학교,인문사회,117.0,3.0,2.564102564102564
2012,국립금오공과대학교,자연과학,500.0,26.0,5.2
2012,국립목포대학교,공학,4547.0,203.0,4.464482076094128
2012,국립목포대학교,예체능,606.0,31.0,5.115511551155116
2012,국립목포대학교,인문사회,4333.0,144.0,3.323332564043388
2012,국립목포대학교,자연과학,1008.0,45.0,4.464285714285714
2012,국립목포해양대학교,공학,1336.0,84.0,6.287425149700598
2012,국립목포해양대학교,인문사회,213.0,6.0,2.8169014084507045
2012,국립부경대학교,공학,12398.0,376.0,3.032747217293112
2012,국립부경대학교,예체능,456.0,11.0,2.4122807017543857
2012,국립부경대학교,인문사회,7160.0,238.0,3.324022346368715
2012,국립부경대학교,자연과학,1283.0,50.0,3.897116134060795
2012,국립순천대학교,공학,3908.0,390.0,9.979529170931423
2012,국립순천대학교,예체능,818.0,47.0,5.745721271393643
2012,국립순천대학교,의학,94.0,8.0,8.51063829787234
2012,국립순천대학교,인문사회,4122.0,200.0,4.85201358563804
2012,국립순천대학교,자연과학,901.0,52.0,5.771365149833518
2012,국립창원대학교,공학,4979.0,194.0,3.89636473187387
2012,국립창원대학교,예체능,705.0,61.0,8.652482269503546
2012,국립창원대학교,인문사회,4742.0,121.0,2.551665963728385
2012,국립창원대학교,자연과학,1034.0,23.0,2.2243713733075436
2012,국립한국교통대학교,공학,3139.0,103.0,3.2812997769990444
2012,국립한국교통대학교,예체능,124.0,3.0,2.4193548387096775
2012,국립한국교통대학교,인문사회,1633.0,41.0,2.510716472749541
2012,국립한국교통대학교,자연과학,452.0,13.0,2.8761061946902653
2012,국립한국해양대학교,공학,3837.0,115.0,2.9971331769611678
2012,국립한국해양대학교,인문사회,2358.0,75.0,3.1806615776081424
2012,국립한밭대학교,공학,583.0,17.0,2.9159519725557463
2012,국립한밭대학교,예체능,86.0,5.0,5.813953488372093
2012,국립한밭대학교,인문사회,454.0,17.0,3.7444933920704844
2012,국민대학교,공학,6116.0,148.0,2.419882275997384
2012,국민대학교,예체능,2176.0,63.0,2.8952205882352944
2012,국민대학교,인문사회,7044.0,168.0,2.385008517887564
2012,국민대학교,자연과학,1175.0,32.0,2.723404255319149
2012,극동대학교,공학,788.0,28.0,3.5532994923857872
2012,극동대학교,예체능,1225.0,76.0,6.204081632653061
2012,극동대학교,인문사회,3078.0,131.0,4.256010396361273
2012,극동대학교,자연과학,423.0,7.0,1.6548463356973995
2012,금강대학교,인문사회,342.0,17.0,4.970760233918129
2012,김천대학교,공학,295.0,16.0,5.423728813559322
2012,김천대학교,예체능,99.0,12.0,12.121212121212121
2012,김천대학교,인문사회,1064.0,57.0,5.357142857142857
2012,김천대학교,자연과학,981.0,50.0,5.09683995922528
2012,나사렛대학교,공학,389.0,25.0,6.426735218508997
2012,나사렛대학교,예체능,558.0,32.0,5.734767025089606
2012,나사렛대학교,인문사회,4681.0,225.0,4.806665242469558
2012,나사렛대학교,자연과학,952.0,31.0,3.256302521008404
2012,남부대학교,공학,287.0,34.0,11.846689895470384
2012,남부대학교,예체능,522.0,44.0,8.42911877394636
2012,남부대학교,의학,135.0,15.0,11.11111111111111
2012,남부대학교,인문사회,1106.0,121.0,10.940325497287523
2012,남부대학교,자연과학,703.0,20.0,2.844950213371266
2012,남서울대학교,공학,572.0,45.0,7.8671328671328675
2012,남서울대학교,예체능,80.0,0.0,0.0
2012,남서울대학교,인문사회,1340.0,69.0,5.149253731343284
2012,남서울대학교,자연과학,104.0,2.0,1.9230769230769231
2012,남서울대학교(산업대),공학,2284.0,118.0,5.166374781085814
2012,남서울대학교(산업대),예체능,27.0,0.0,0.0
2012,남서울대학교(산업대),인문사회,4868.0,179.0,3.6770747740345113
2012,남서울대학교(산업대),자연과학,310.0,4.0,1.2903225806451613
2012,단국대학교,공학,6040.0,192.0,3.1788079470198674
2012,단국대학교,예체능,1223.0,49.0,4.006541291905151
2012,단국대학교,인문사회,7080.0,156.0,2.2033898305084745
2012,단국대학교,자연과학,727.0,18.0,2.4759284731774414
2012,단국대학교(천안) _분교,공학,4822.0,178.0,3.691414350891746
2012,단국대학교(천안) _분교,예체능,1201.0,44.0,3.6636136552872607
2012,단국대학교(천안) _분교,의학,481.0,2.0,0.4158004158004158
2012,단국대학교(천안) _분교,인문사회,6806.0,215.0,3.158977372906259
2012,단국대학교(천안) _분교,자연과학,1612.0,50.0,3.101736972704715
2012,대구가톨릭대학교,공학,3930.0,200.0,5.089058524173027
2012,대구가톨릭대학교,예체능,1097.0,67.0,6.107566089334549
2012,대구가톨릭대학교,의학,189.0,0.0,0.0
2012,대구가톨릭대학교,인문사회,6700.0,275.0,4.104477611940299
2012,대구가톨릭대학교,자연과학,1460.0,29.0,1.9863013698630139
2012,대구교육대학교,인문사회,2015.0,18.0,0.8933002481389578
2012,대구대학교,공학,7679.0,454.0,5.912228154707645
2012,대구대학교,예체능,903.0,53.0,5.869324473975636
2012,대구대학교,인문사회,12874.0,515.0,4.00031070374398
2012,대구대학교,자연과학,2139.0,65.0,3.0388031790556336
2012,대구예술대학교,공학,134.0,17.0,12.686567164179104
2012,대구예술대학교,예체능,1282.0,144.0,11.23244929797192
2012,대구예술대학교,인문사회,150.0,11.0,7.333333333333333
2012,대구예술대학교,자연과학,51.0,3.0,5.88235294117647
2012,대구외국어대학교,공학,3.0,0.0,0.0
2012,대구외국어대학교,인문사회,477.0,53.0,11.11111111111111
2012,대구한의대학교,공학,1264.0,126.0,9.968354430379748
2012,대구한의대학교,예체능,541.0,46.0,8.502772643253234
2012,대구한의대학교,의학,715.0,12.0,1.6783216783216783
2012,대구한의대학교,인문사회,2574.0,147.0,5.710955710955711
2012,대구한의대학교,자연과학,2268.0,70.0,3.0864197530864197
2012,대신대학교,예체능,161.0,15.0,9.316770186335404
2012,대신대학교,인문사회,451.0,27.0,5.986696230598669
2012,대전가톨릭대학교,인문사회,152.0,1.0,0.6578947368421052
2012,대전대학교,공학,2389.0,170.0,7.115948095437422
2012,대전대학교,예체능,864.0,91.0,10.532407407407407
2012,대전대학교,의학,341.0,7.0,2.0527859237536656
2012,대전대학교,인문사회,3518.0,190.0,5.400795906765207
2012,대전대학교,자연과학,994.0,35.0,3.5211267605633805
2012,대전신학교,인문사회,58.0,10.0,17.24137931034483
2012,대전신학대학교,인문사회,211.0,14.0,6.6350710900473935
2012,대진대학교,공학,3905.0,252.0,6.453265044814341
2012,대진대학교,예체능,483.0,55.0,11.387163561076605
2012,대진대학교,인문사회,4808.0,265.0,5.511647254575707
2012,대진대학교,자연과학,505.0,25.0,4.9504950495049505
2012,덕성여자대학교,공학,664.0,26.0,3.91566265060241
2012,덕성여자대학교,예체능,397.0,15.0,3.7783375314861463
2012,덕성여자대학교,인문사회,4361.0,115.0,2.637009860123825
2012,덕성여자대학교,자연과학,1352.0,36.0,2.6627218934911245
2012,동국대학교,공학,5734.0,168.0,2.929891873038019
2012,동국대학교,예체능,891.0,32.0,3.5914702581369253
2012,동국대학교,인문사회,9758.0,236.0,2.418528386964542
2012,동국대학교,자연과학,922.0,19.0,2.0607375271149677
2012,동국대학교(WISE) _분교,공학,1818.0,128.0,7.04070407040704
2012,동국대학교(WISE) _분교,예체능,852.0,47.0,5.516431924882629
2012,동국대학교(WISE) _분교,의학,441.0,5.0,1.1337868480725624
2012,동국대학교(WISE) _분교,인문사회,6570.0,313.0,4.764079147640792
2012,동국대학교(WISE) _분교,자연과학,1168.0,47.0,4.023972602739726
2012,동덕여자대학교,공학,692.0,23.0,3.3236994219653178
2012,동덕여자대학교,예체능,1650.0,59.0,3.5757575757575757
2012,동덕여자대학교,인문사회,4226.0,125.0,2.957879791765263
2012,동덕여자대학교,자연과학,674.0,10.0,1.483679525222552
2012,동명대학교,공학,3292.0,317.0,9.629404617253948
2012,동명대학교,예체능,2094.0,251.0,11.986628462273162
2012,동명대학교,인문사회,5465.0,475.0,8.69167429094236
2012,동명대학교,자연과학,240.0,11.0,4.583333333333333
2012,동명정보대학교,공학,81.0,18.0,22.22222222222222
2012,동명정보대학교,예체능,142.0,35.0,24.647887323943664
2012,동명정보대학교,인문사회,56.0,11.0,19.642857142857142
2012,동서대학교,공학,4003.0,327.0,8.168873344991257
2012,동서대학교,예체능,2502.0,174.0,6.954436450839328
2012,동서대학교,인문사회,6953.0,340.0,4.88997555012225
2012,동서대학교,자연과학,476.0,14.0,2.941176470588235
2012,동신대학교,공학,2038.0,130.0,6.378802747791953
2012,동신대학교,예체능,567.0,34.0,5.996472663139329
2012,동신대학교,의학,209.0,0.0,0.0
2012,동신대학교,인문사회,3383.0,299.0,8.838309193023944
2012,동신대학교,자연과학,1311.0,32.0,2.440884820747521
2012,동아대학교,공학,10793.0,314.0,2.909293060316872
2012,동아대학교,예체능,1522.0,67.0,4.402102496714849
2012,동아대학교,의학,103.0,1.0,0.9708737864077669
2012,동아대학교,인문사회,12113.0,278.0,2.2950548996945432
2012,동아대학교,자연과학,1467.0,29.0,1.9768234492160874
2012,동양대학교,공학,2884.0,244.0,8.460471567267684
2012,동양대학교,예체능,171.0,19.0,11.11111111111111
2012,동양대학교,인문사회,3356.0,204.0,6.0786650774731825
2012,동양대학교,자연과학,126.0,0.0,0.0
2012,동의대학교,공학,8162.0,433.0,5.3050722862043616
2012,동의대학교,예체능,1776.0,107.0,6.024774774774775
2012,동의대학교,의학,192.0,0.0,0.0
2012,동의대학교,인문사회,10881.0,455.0,4.1816009557945035
2012,동의대학교,자연과학,806.0,45.0,5.583126550868486
2012,디지털서울문화예술대학교,공학,591.0,46.0,7.7834179357022
2012,디지털서울문화예술대학교,예체능,1601.0,268.0,16.739537788881947
2012,디지털서울문화예술대학교,인문사회,2332.0,286.0,12.264150943396226
2012,루터대학교,예체능,80.0,11.0,13.750000000000002
2012,루터대학교,인문사회,448.0,51.0,11.383928571428571
2012,루터대학교,자연과학,29.0,5.0,17.24137931034483
2012,명지대학교,공학,7313.0,291.0,3.9792150964036646
2012,명지대학교,예체능,1877.0,75.0,3.9957378795950986
2012,명지대학교,인문사회,529.0,15.0,2.835538752362949
2012,명지대학교,자연과학,754.0,42.0,5.570291777188329
2012,명지대학교 _제2캠퍼스,인문사회,9583.0,391.0,4.080141917979756
2012,목원대학교,공학,3264.0,237.0,7.2610294117647065
2012,목원대학교,예체능,1882.0,102.0,5.419766206163656
2012,목원대학교,인문사회,6396.0,417.0,6.51969981238274
2012,목원대학교,자연과학,408.0,29.0,7.107843137254902
2012,목포가톨릭대학교,인문사회,166.0,4.0,2.4096385542168677
2012,목포가톨릭대학교,자연과학,437.0,10.0,2.2883295194508007
2012,배재대학교,공학,1150.0,79.0,6.869565217391305
2012,배재대학교,예체능,765.0,55.0,7.18954248366013
2012,배재대학교,인문사회,3181.0,269.0,8.456460232631247
2012,배재대학교,자연과학,506.0,45.0,8.893280632411066
2012,백석대학교,공학,2349.0,181.0,7.705406555981269
2012,백석대학교,예체능,1912.0,101.0,5.2824267782426775
2012,백석대학교,인문사회,9366.0,411.0,4.38821268417681
2012,백석대학교,자연과학,452.0,4.0,0.8849557522123894
2012,부산가톨릭대학교,공학,583.0,41.0,7.032590051457976
2012,부산가톨릭대학교,예체능,1.0,0.0,0.0
2012,부산가톨릭대학교,인문사회,2443.0,142.0,5.812525583299222
2012,부산가톨릭대학교,자연과학,1122.0,16.0,1.4260249554367201
2012,부산교육대학교,인문사회,1900.0,7.0,0.3684210526315789
2012,부산대학교,공학,11953.0,360.0,3.0117962017903457
2012,부산대학교,예체능,1500.0,66.0,4.3999999999999995
2012,부산대학교,의학,10.0,1.0,10.0
2012,부산대학교,인문사회,10902.0,199.0,1.8253531462117043
2012,부산대학교,자연과학,2679.0,73.0,2.7248973497573723
2012,부산디지털대학교,예체능,237.0,48.0,20.253164556962027
2012,부산디지털대학교,인문사회,2343.0,299.0,12.7614169867691
2012,부산외국어대학교,공학,429.0,27.0,6.293706293706294
2012,부산외국어대학교,예체능,723.0,48.0,6.639004149377594
2012,부산외국어대학교,인문사회,7916.0,371.0,4.686710459828196
2012,부산장신대학교,인문사회,349.0,15.0,4.297994269340974
2012,삼육대학교,공학,1549.0,67.0,4.325371207230471
2012,삼육대학교,예체능,1144.0,60.0,5.244755244755245
2012,삼육대학교,인문사회,2956.0,137.0,4.634641407307171
2012,삼육대학교,자연과학,1254.0,28.0,2.2328548644338118
2012,상명대학교,공학,1081.0,30.0,2.7752081406105455
2012,상명대학교,예체능,731.0,24.0,3.283173734610123
2012,상명대학교,인문사회,4703.0,85.0,1.807357006166277
2012,상명대학교(천안) _분교,공학,2283.0,99.0,4.336399474375821
2012,상명대학교(천안) _분교,예체능,2697.0,70.0,2.5954764553207266
2012,상명대학교(천안) _분교,인문사회,2500.0,91.0,3.64
2012,상명대학교(천안) _분교,자연과학,192.0,3.0,1.5625
2012,상지대학교,공학,2217.0,125.0,5.638249887235002
2012,상지대학교,예체능,1244.0,85.0,6.832797427652733
2012,상지대학교,의학,266.0,3.0,1.1278195488721803
2012,상지대학교,인문사회,3366.0,207.0,6.149732620320856
2012,상지대학교,자연과학,951.0,43.0,4.52155625657203
2012,서강대학교,공학,3108.0,66.0,2.1235521235521233
2012,서강대학교,예체능,30.0,0.0,0.0
2012,서강대학교,인문사회,6863.0,86.0,1.2530963135654962
2012,서강대학교,자연과학,763.0,20.0,2.621231979030144
2012,서경대학교,공학,2569.0,143.0,5.566368236667964
2012,서경대학교,예체능,1028.0,102.0,9.922178988326849
2012,서경대학교,인문사회,3359.0,169.0,5.031259303364097
2012,서경대학교,자연과학,4.0,0.0,0.0
2012,서남대학교,공학,87.0,4.0,4.597701149425287
2012,서남대학교,예체능,204.0,15.0,7.352941176470589
2012,서남대학교,의학,200.0,1.0,0.5
2012,서남대학교,인문사회,202.0,25.0,12.376237623762377
2012,서남대학교,자연과학,838.0,30.0,3.579952267303103
2012,서남대학교 _제2캠퍼스,공학,278.0,18.0,6.474820143884892
2012,서남대학교 _제2캠퍼스,예체능,142.0,10.0,7.042253521126761
2012,서남대학교 _제2캠퍼스,인문사회,1167.0,129.0,11.053984575835475
2012,서남대학교 _제2캠퍼스,자연과학,11.0,2.0,18.181818181818183
2012,서울과학기술대학교,공학,1678.0,55.0,3.2777115613825987
2012,서울과학기술대학교,예체능,192.0,3.0,1.5625
2012,서울과학기술대학교,인문사회,245.0,11.0,4.489795918367347
2012,서울과학기술대학교,자연과학,30.0,1.0,3.3333333333333335
2012,서울과학기술대학교(산업대),공학,6559.0,104.0,1.5856075621283734
2012,서울과학기술대학교(산업대),예체능,843.0,10.0,1.1862396204033214
2012,서울과학기술대학교(산업대),인문사회,1552.0,10.0,0.6443298969072164
2012,서울과학기술대학교(산업대),자연과학,51.0,2.0,3.9215686274509802
2012,서울교육대학교,인문사회,1888.0,25.0,1.3241525423728813
2012,서울기독대학교,예체능,245.0,21.0,8.571428571428571
2012,서울기독대학교,인문사회,652.0,41.0,6.288343558282208
2012,서울대학교,공학,5972.0,68.0,1.1386470194239784
2012,서울대학교,예체능,978.0,4.0,0.408997955010225
2012,서울대학교,의학,593.0,3.0,0.5059021922428331
2012,서울대학교,인문사회,8306.0,48.0,0.5778954972309175
2012,서울대학교,자연과학,2362.0,43.0,1.8204911092294667
2012,서울디지털대학교,공학,979.0,170.0,17.364657814096017
2012,서울디지털대학교,예체능,802.0,184.0,22.942643391521198
2012,서울디지털대학교,인문사회,10637.0,2138.0,20.099652157563224
2012,서울시립대학교,공학,6239.0,147.0,2.3561468184003846
2012,서울시립대학교,예체능,159.0,5.0,3.1446540880503147
2012,서울시립대학교,인문사회,1400.0,31.0,2.214285714285714
2012,서울시립대학교,자연과학,666.0,14.0,2.1021021021021022
2012,서울신학대학교,예체능,452.0,29.0,6.415929203539823
2012,서울신학대학교,인문사회,1542.0,65.0,4.215304798962387
2012,서울여자대학교,공학,1142.0,31.0,2.714535901926445
2012,서울여자대학교,예체능,873.0,23.0,2.6345933562428407
2012,서울여자대학교,인문사회,3622.0,90.0,2.484815019326339
2012,서울여자대학교,자연과학,473.0,19.0,4.0169133192389
2012,서울장신대학교,예체능,156.0,16.0,10.256410256410255
2012,서울장신대학교,인문사회,528.0,16.0,3.0303030303030303
2012,서울한영대학교,예체능,88.0,8.0,9.090909090909092
2012,서울한영대학교,인문사회,547.0,51.0,9.323583180987203
2012,서원대학교,공학,1413.0,104.0,7.360226468506724
2012,서원대학교,예체능,932.0,65.0,6.974248927038626
2012,서원대학교,인문사회,5971.0,316.0,5.2922458549656675
2012,서원대학교,자연과학,686.0,41.0,5.97667638483965
2012,선문대학교,공학,4165.0,314.0,7.539015606242497
2012,선문대학교,예체능,197.0,10.0,5.0761421319796955
2012,선문대학교,인문사회,7167.0,447.0,6.236919213059858
2012,선문대학교,자연과학,572.0,18.0,3.146853146853147
2012,성결대학교,공학,1518.0,66.0,4.3478260869565215
2012,성결대학교,예체능,331.0,29.0,8.761329305135952
2012,성결대학교,인문사회,2544.0,132.0,5.188679245283019
2012,성공회대학교,공학,485.0,24.0,4.948453608247423
2012,성공회대학교,인문사회,1294.0,62.0,4.7913446676970635
2012,성균관대학교,공학,7618.0,210.0,2.7566290364925177
2012,성균관대학교,예체능,1151.0,39.0,3.3883579496090355
2012,성균관대학교,의학,80.0,0.0,0.0
2012,성균관대학교,인문사회,12455.0,210.0,1.6860698514652752
2012,성균관대학교,자연과학,1539.0,32.0,2.079272254710851
2012,성신여자대학교,공학,929.0,33.0,3.552206673842842
2012,성신여자대학교,예체능,1219.0,36.0,2.9532403609515994
2012,성신여자대학교,인문사회,2432.0,68.0,2.7960526315789473
2012,성신여자대학교,자연과학,1376.0,44.0,3.1976744186046515
2012,세명대학교,공학,3347.0,187.0,5.587092919031969
2012,세명대학교,예체능,1122.0,88.0,7.8431372549019605
2012,세명대학교,의학,198.0,1.0,0.5050505050505051
2012,세명대학교,인문사회,5651.0,344.0,6.08741815607857
2012,세명대학교,자연과학,1673.0,66.0,3.945008965929468
2012,세종대학교,공학,6894.0,278.0,4.0324920220481575
2012,세종대학교,예체능,1584.0,56.0,3.535353535353535
2012,세종대학교,인문사회,5308.0,141.0,2.656367746797287
2012,세종대학교,자연과학,922.0,23.0,2.4945770065075923
2012,세한대학교,공학,325.0,19.0,5.846153846153846
2012,세한대학교,예체능,1310.0,85.0,6.488549618320611
2012,세한대학교,인문사회,2588.0,149.0,5.757341576506955
2012,세한대학교,자연과학,457.0,10.0,2.1881838074398248
2012,송원대학교,공학,139.0,32.0,23.021582733812952
2012,송원대학교,예체능,93.0,23.0,24.731182795698924
2012,송원대학교,인문사회,220.0,10.0,4.545454545454546
2012,송원대학교,자연과학,146.0,12.0,8.21917808219178
2012,수원가톨릭대학교,인문사회,247.0,2.0,0.8097165991902834
2012,수원대학교,공학,5384.0,261.0,4.847696879643388
2012,수원대학교,예체능,2305.0,159.0,6.898047722342733
2012,수원대학교,인문사회,4550.0,199.0,4.373626373626373
2012,수원대학교,자연과학,1103.0,46.0,4.170444242973708
2012,숙명여자대학교,공학,1051.0,39.0,3.7107516650808754
2012,숙명여자대학교,예체능,1322.0,34.0,2.5718608169440245
2012,숙명여자대학교,인문사회,8163.0,160.0,1.9600637020703173
2012,숙명여자대학교,자연과학,1173.0,54.0,4.603580562659847
2012,순복음총회신학교,인문사회,219.0,27.0,12.32876712328767
2012,순천향대학교,공학,5270.0,267.0,5.066413662239089
2012,순천향대학교,예체능,766.0,64.0,8.355091383812011
2012,순천향대학교,의학,669.0,23.0,3.43796711509716
2012,순천향대학교,인문사회,5043.0,203.0,4.025381717231807
2012,순천향대학교,자연과학,1174.0,54.0,4.599659284497445
2012,숭실대학교,공학,8715.0,225.0,2.5817555938037864
2012,숭실대학교,예체능,262.0,10.0,3.816793893129771
2012,숭실대학교,인문사회,7389.0,187.0,2.5307890106915685
2012,숭실대학교,자연과학,510.0,27.0,5.294117647058823
2012,신경주대학교,공학,988.0,137.0,13.866396761133604
2012,신경주대학교,예체능,273.0,48.0,17.582417582417584
2012,신경주대학교,의학,12.0,1.0,8.333333333333332
2012,신경주대학교,인문사회,3188.0,366.0,11.480552070263487
2012,신경주대학교,자연과학,163.0,5.0,3.067484662576687
2012,신라대학교,공학,2156.0,190.0,8.812615955473097
2012,신라대학교,예체능,1289.0,139.0,10.78355314197052
2012,신라대학교,인문사회,5505.0,303.0,5.5040871934604905
2012,신라대학교,자연과학,1089.0,49.0,4.499540863177227
2012,아신대학교,인문사회,482.0,32.0,6.639004149377594
2012,아주대학교,공학,7040.0,218.0,3.096590909090909
2012,아주대학교,예체능,2.0,0.0,0.0
2012,아주대학교,의학,148.0,2.0,1.3513513513513513
2012,아주대학교,인문사회,3125.0,85.0,2.7199999999999998
2012,아주대학교,자연과학,1567.0,37.0,2.361199744735163
2012,안양대학교,공학,1162.0,38.0,3.2702237521514634
2012,안양대학교,예체능,741.0,41.0,5.53306342780027
2012,안양대학교,인문사회,2951.0,122.0,4.134191799390037
2012,안양대학교,자연과학,206.0,3.0,1.4563106796116505
2012,안양대학교 _제2캠퍼스,공학,561.0,32.0,5.704099821746881
2012,안양대학교 _제2캠퍼스,인문사회,181.0,9.0,4.972375690607735
2012,연세대학교,공학,6469.0,102.0,1.5767506569794403
2012,연세대학교,예체능,752.0,14.0,1.8617021276595744
2012,연세대학교,의학,437.0,1.0,0.2288329519450801
2012,연세대학교,인문사회,11892.0,99.0,0.8324924318869829
2012,연세대학교,자연과학,1898.0,24.0,1.2644889357218125
2012,연세대학교(미래) _분교,공학,2504.0,83.0,3.3146964856230032
2012,연세대학교(미래) _분교,예체능,497.0,11.0,2.2132796780684103
2012,연세대학교(미래) _분교,의학,459.0,6.0,1.3071895424836601
2012,연세대학교(미래) _분교,인문사회,4272.0,114.0,2.6685393258426964
2012,연세대학교(미래) _분교,자연과학,2113.0,60.0,2.839564600094652
2012,영남대학교,공학,12411.0,389.0,3.1343163322858754
2012,영남대학교,예체능,1838.0,77.0,4.189336235038085
2012,영남대학교,의학,181.0,0.0,0.0
2012,영남대학교,인문사회,12966.0,297.0,2.2906062008329475
2012,영남대학교,자연과학,2161.0,57.0,2.6376677464136975
2012,영남신학대학교,인문사회,686.0,49.0,7.142857142857142
2012,영산대학교,공학,386.0,32.0,8.290155440414509
2012,영산대학교,예체능,10.0,1.0,10.0
2012,영산대학교,인문사회,1440.0,124.0,8.61111111111111
2012,영산대학교,자연과학,302.0,5.0,1.6556291390728477
2012,영산대학교 _제2캠퍼스,공학,142.0,22.0,15.492957746478872
2012,영산대학교 _제2캠퍼스,예체능,812.0,79.0,9.729064039408868
2012,영산대학교 _제2캠퍼스,인문사회,1620.0,142.0,8.765432098765432
2012,영산대학교(산업대),공학,21.0,9.0,42.857142857142854
2012,영산대학교(산업대),인문사회,216.0,30.0,13.88888888888889
2012,영산대학교(산업대) _제2캠퍼스,공학,3.0,1.0,33.33333333333333
2012,영산대학교(산업대) _제2캠퍼스,예체능,37.0,4.0,10.81081081081081
2012,영산대학교(산업대) _제2캠퍼스,인문사회,118.0,14.0,11.864406779661017
2012,예수대학교,인문사회,101.0,5.0,4.9504950495049505
2012,예수대학교,자연과학,543.0,3.0,0.5524861878453038
2012,예원예술대학교,공학,114.0,2.0,1.7543859649122806
2012,예원예술대학교,예체능,961.0,112.0,11.65452653485952
2012,예원예술대학교,인문사회,150.0,33.0,22.0
2012,용인대학교,공학,1018.0,46.0,4.518664047151278
2012,용인대학교,예체능,1149.0,73.0,6.353350739773717
2012,용인대학교,인문사회,1942.0,102.0,5.25231719876416
2012,용인대학교,자연과학,579.0,10.0,1.7271157167530224
2012,우석대학교,공학,2205.0,164.0,7.437641723356009
2012,우석대학교,예체능,878.0,77.0,8.769931662870158
2012,우석대학교,의학,515.0,20.0,3.8834951456310676
2012,우석대학교,인문사회,4380.0,245.0,5.5936073059360725
2012,우석대학교,자연과학,1075.0,48.0,4.465116279069767
2012,우송대학교,공학,2565.0,137.0,5.341130604288499
2012,우송대학교,예체능,1053.0,85.0,8.072174738841406
2012,우송대학교,인문사회,4922.0,243.0,4.9370174725721245
2012,우송대학교,자연과학,264.0,7.0,2.6515151515151514
2012,우송대학교(산업대),공학,370.0,110.0,29.72972972972973
2012,우송대학교(산업대),예체능,120.0,32.0,26.666666666666668
2012,우송대학교(산업대),인문사회,671.0,141.0,21.013412816691503
2012,울산과학기술원,공학,1459.0,17.0,1.1651816312542838
2012,울산과학기술원,예체능,89.0,2.0,2.247191011235955
2012,울산과학기술원,인문사회,337.0,4.0,1.1869436201780417
2012,울산과학기술원,자연과학,834.0,16.0,1.9184652278177456
2012,울산대학교,공학,7888.0,263.0,3.3341784989858017
2012,울산대학교,예체능,1864.0,102.0,5.472103004291846
2012,울산대학교,의학,156.0,0.0,0.0
2012,울산대학교,인문사회,4341.0,146.0,3.3632803501497355
2012,울산대학교,자연과학,1021.0,30.0,2.9382957884427032
2012,원광대학교,공학,6299.0,331.0,5.254802349579299
2012,원광대학교,예체능,1951.0,101.0,5.176832393644285
2012,원광대학교,의학,1074.0,4.0,0.37243947858473
2012,원광대학교,인문사회,9053.0,380.0,4.197503589970176
2012,원광대학교,자연과학,2888.0,104.0,3.6011080332409975
2012,원광디지털대학교,예체능,1251.0,128.0,10.23181454836131
2012,원광디지털대학교,인문사회,2192.0,240.0,10.948905109489052
2012,원광디지털대학교,자연과학,1406.0,167.0,11.877667140825036
2012,위덕대학교,공학,1299.0,206.0,15.858352578906851
2012,위덕대학교,예체능,193.0,48.0,24.870466321243523
2012,위덕대학교,인문사회,1444.0,149.0,10.318559556786704
2012,위덕대학교,자연과학,346.0,31.0,8.959537572254336
2012,유원대학교,공학,1138.0,83.0,7.293497363796134
2012,유원대학교,예체능,567.0,41.0,7.231040564373897
2012,유원대학교,인문사회,1731.0,117.0,6.759098786828423
2012,유원대학교,자연과학,332.0,12.0,3.614457831325301
2012,을지대학교,의학,184.0,1.0,0.5434782608695652
2012,을지대학교,인문사회,126.0,2.0,1.5873015873015872
2012,을지대학교,자연과학,289.0,10.0,3.4602076124567476
2012,을지대학교 _제2캠퍼스,공학,415.0,15.0,3.614457831325301
2012,을지대학교 _제2캠퍼스,예체능,220.0,13.0,5.909090909090909
2012,을지대학교 _제2캠퍼스,인문사회,430.0,15.0,3.488372093023256
2012,을지대학교 _제2캠퍼스,자연과학,463.0,17.0,3.6717062634989204
2012,이화여자대학교,공학,2706.0,102.0,3.7694013303769403
2012,이화여자대학교,예체능,1270.0,14.0,1.1023622047244095
2012,이화여자대학교,인문사회,8934.0,89.0,0.9961943138571748
2012,이화여자대학교,자연과학,2199.0,41.0,1.8644838562983175
2012,인제대학교,공학,4215.0,226.0,5.361803084223013
2012,인제대학교,예체능,1173.0,69.0,5.88235294117647
2012,인제대학교,인문사회,5052.0,217.0,4.295328582739509
2012,인제대학교,자연과학,889.0,24.0,2.699662542182227
2012,인제대학교 _제2캠퍼스,의학,398.0,1.0,0.25125628140703515
2012,인제대학교 _제2캠퍼스,자연과학,161.0,2.0,1.2422360248447204
2012,인천가톨릭대학교,인문사회,142.0,3.0,2.112676056338028
2012,인천가톨릭대학교 _제2캠퍼스,공학,339.0,15.0,4.424778761061947
2012,인천가톨릭대학교 _제2캠퍼스,예체능,265.0,8.0,3.018867924528302
2012,인천가톨릭대학교 _제2캠퍼스,인문사회,42.0,1.0,2.380952380952381
2012,인천대학교,공학,7113.0,234.0,3.2897511598481652
2012,인천대학교,예체능,454.0,4.0,0.881057268722467
2012,인천대학교,인문사회,5896.0,173.0,2.934192672998643
2012,인천대학교,자연과학,584.0,22.0,3.767123287671233
2012,인하대학교,공학,12667.0,240.0,1.8946869819215284
2012,인하대학교,예체능,655.0,16.0,2.4427480916030535
2012,인하대학교,의학,15.0,0.0,0.0
2012,인하대학교,인문사회,10654.0,156.0,1.464238783555472
2012,인하대학교,자연과학,1957.0,45.0,2.2994379151762905
2012,장로회신학대학교,예체능,273.0,12.0,4.395604395604396
2012,장로회신학대학교,인문사회,662.0,12.0,1.812688821752266
2012,전남대학교,공학,7628.0,253.0,3.3167278447823807
2012,전남대학교,예체능,976.0,23.0,2.3565573770491803
2012,전남대학교,의학,535.0,3.0,0.5607476635514018
2012,전남대학교,인문사회,9695.0,240.0,2.475502836513667
2012,전남대학교,자연과학,3472.0,106.0,3.052995391705069
2012,전남대학교 _제2캠퍼스,공학,3251.0,231.0,7.105505998154414
2012,전남대학교 _제2캠퍼스,예체능,2.0,2.0,100.0
2012,전남대학교 _제2캠퍼스,인문사회,1091.0,50.0,4.582951420714941
2012,전남대학교 _제2캠퍼스,자연과학,64.0,8.0,12.5
2012,전북대학교,공학,10929.0,286.0,2.616890840882057
2012,전북대학교,예체능,638.0,21.0,3.2915360501567394
2012,전북대학교,의학,215.0,1.0,0.46511627906976744
2012,전북대학교,인문사회,9603.0,184.0,1.9160678954493386
2012,전북대학교,자연과학,2918.0,71.0,2.433173406442769
2012,전주교육대학교,인문사회,1495.0,9.0,0.6020066889632106
2012,전주대학교,공학,3567.0,235.0,6.588169329969162
2012,전주대학교,예체능,1686.0,116.0,6.880189798339265
2012,전주대학교,인문사회,8796.0,475.0,5.400181900864029
2012,전주대학교,자연과학,585.0,29.0,4.957264957264957
2012,정석대학,공학,133.0,3.0,2.2556390977443606
2012,정석대학,인문사회,54.0,2.0,3.7037037037037033
2012,제주국제대학교,공학,120.0,24.0,20.0
2012,제주국제대학교,예체능,30.0,11.0,36.666666666666664
2012,제주국제대학교,인문사회,232.0,24.0,10.344827586206897
2012,제주대학교,공학,4621.0,195.0,4.219865829906946
2012,제주대학교,예체능,292.0,13.0,4.4520547945205475
2012,제주대학교,의학,205.0,1.0,0.4878048780487805
2012,제주대학교,인문사회,7112.0,167.0,2.3481439820022496
2012,제주대학교,자연과학,1102.0,59.0,5.353901996370237
2012,조선대학교,공학,10069.0,430.0,4.27053332009137
2012,조선대학교,예체능,3092.0,150.0,4.851228978007762
2012,조선대학교,의학,65.0,6.0,9.230769230769232
2012,조선대학교,인문사회,13225.0,416.0,3.145557655954631
2012,조선대학교,자연과학,1427.0,49.0,3.433777154870357
2012,중부대학교,공학,3301.0,148.0,4.483489851560133
2012,중부대학교,예체능,1497.0,95.0,6.346025384101536
2012,중부대학교,인문사회,4335.0,213.0,4.913494809688582
2012,중부대학교,자연과학,488.0,10.0,2.0491803278688523
2012,중앙대학교,공학,5497.0,138.0,2.510460251046025
2012,중앙대학교,예체능,546.0,11.0,2.0146520146520146
2012,중앙대학교,의학,281.0,4.0,1.4234875444839856
2012,중앙대학교,인문사회,10843.0,178.0,1.6416120999723325
2012,중앙대학교,자연과학,1091.0,22.0,2.016498625114574
2012,중앙대학교 _제2캠퍼스,공학,2024.0,55.0,2.717391304347826
2012,중앙대학교 _제2캠퍼스,예체능,3626.0,90.0,2.4820739106453393
2012,중앙대학교 _제2캠퍼스,인문사회,4620.0,98.0,2.1212121212121215
2012,중앙대학교 _제2캠퍼스,자연과학,206.0,4.0,1.9417475728155338
2012,중앙승가대학교,인문사회,91.0,7.0,7.6923076923076925
2012,중원대학교,공학,393.0,37.0,9.414758269720101
2012,중원대학교,예체능,39.0,2.0,5.128205128205128
2012,중원대학교,의학,74.0,4.0,5.405405405405405
2012,중원대학교,인문사회,682.0,72.0,10.557184750733137
2012,중원대학교,자연과학,58.0,2.0,3.4482758620689653
2012,진주교육대학교,인문사회,1678.0,13.0,0.7747318235995232
2012,진주산업대학교(산업대),공학,2078.0,179.0,8.61405197305101
2012,진주산업대학교(산업대),예체능,298.0,22.0,7.38255033557047
2012,진주산업대학교(산업대),인문사회,856.0,57.0,6.658878504672897
2012,진주산업대학교(산업대),자연과학,478.0,23.0,4.811715481171548
2012,차의과학대학교,공학,350.0,15.0,4.285714285714286
2012,차의과학대학교,자연과학,668.0,15.0,2.245508982035928
2012,청운대학교,공학,630.0,44.0,6.984126984126984
2012,청운대학교,예체능,18.0,2.0,11.11111111111111
2012,청운대학교,인문사회,1870.0,124.0,6.631016042780749
2012,청운대학교,자연과학,144.0,3.0,2.083333333333333
2012,청주교육대학교,인문사회,1532.0,5.0,0.3263707571801566
2012,청주대학교,공학,4368.0,216.0,4.945054945054945
2012,청주대학교,예체능,1301.0,36.0,2.7671022290545735
2012,청주대학교,의학,40.0,2.0,5.0
2012,청주대학교,인문사회,7512.0,244.0,3.2481363152289675
2012,청주대학교,자연과학,554.0,17.0,3.068592057761733
2012,초당대학교,공학,159.0,7.0,4.40251572327044
2012,초당대학교,예체능,101.0,10.0,9.900990099009901
2012,초당대학교,인문사회,339.0,38.0,11.209439528023598
2012,초당대학교,자연과학,288.0,13.0,4.513888888888888
2012,초당대학교(산업대),공학,508.0,21.0,4.133858267716536
2012,초당대학교(산업대),예체능,434.0,25.0,5.76036866359447
2012,초당대학교(산업대),인문사회,1368.0,59.0,4.312865497076023
2012,초당대학교(산업대),자연과학,577.0,9.0,1.559792027729636
2012,총신대학교,예체능,346.0,20.0,5.780346820809249
2012,총신대학교,인문사회,1881.0,59.0,3.1366294524189264
2012,추계예술대학교,예체능,698.0,33.0,4.7277936962750715
2012,추계예술대학교,인문사회,149.0,8.0,5.369127516778524
2012,춘천교육대학교,인문사회,1675.0,15.0,0.8955223880597015
2012,충남대학교,공학,8923.0,249.0,2.7905412977698085
2012,충남대학교,예체능,478.0,24.0,5.02092050209205
2012,충남대학교,의학,284.0,8.0,2.8169014084507045
2012,충남대학교,인문사회,9788.0,206.0,2.1046178994687375
2012,충남대학교,자연과학,3268.0,86.0,2.631578947368421
2012,충북대학교,공학,7899.0,224.0,2.8358020002531967
2012,충북대학교,예체능,290.0,7.0,2.413793103448276
2012,충북대학교,의학,513.0,8.0,1.5594541910331383
2012,충북대학교,인문사회,7330.0,139.0,1.8963165075034107
2012,충북대학교,자연과학,2564.0,84.0,3.2761310452418098
2012,칼빈대학교,예체능,89.0,13.0,14.606741573033707
2012,칼빈대학교,인문사회,102.0,9.0,8.823529411764707
2012,칼빈대학교,자연과학,33.0,5.0,15.151515151515152
2012,탐라대학교,공학,28.0,6.0,21.428571428571427
2012,탐라대학교,인문사회,370.0,96.0,25.945945945945947
2012,평택대학교,공학,953.0,68.0,7.135362014690451
2012,평택대학교,예체능,870.0,72.0,8.275862068965518
2012,평택대학교,인문사회,2240.0,139.0,6.205357142857143
2012,평택대학교,자연과학,187.0,6.0,3.2085561497326207
2012,포항공과대학교,공학,1114.0,10.0,0.8976660682226212
2012,포항공과대학교,인문사회,160.0,0.0,0.0
2012,포항공과대학교,자연과학,247.0,0.0,0.0
2012,한경국립대학교,공학,549.0,37.0,6.739526411657559
2012,한경국립대학교,예체능,59.0,4.0,6.779661016949152
2012,한경국립대학교,인문사회,267.0,9.0,3.3707865168539324
2012,한경국립대학교,자연과학,133.0,6.0,4.511278195488721
2012,한경대학교(산업대),공학,2362.0,154.0,6.519898391193904
2012,한경대학교(산업대),예체능,288.0,9.0,3.125
2012,한경대학교(산업대),인문사회,876.0,33.0,3.767123287671233
2012,한경대학교(산업대),자연과학,405.0,15.0,3.7037037037037033
2012,한국공학대학교,공학,740.0,42.0,5.675675675675676
2012,한국공학대학교,예체능,189.0,13.0,6.878306878306878
2012,한국과학기술원,공학,2906.0,32.0,1.1011699931176875
2012,한국과학기술원,자연과학,329.0,4.0,1.21580547112462
2012,한국교원대학교,인문사회,2785.0,45.0,1.615798922800718
2012,한국교통대학교(산업대),공학,1752.0,152.0,8.67579908675799
2012,한국교통대학교(산업대),예체능,56.0,2.0,3.571428571428571
2012,한국교통대학교(산업대),인문사회,669.0,47.0,7.025411061285501
2012,한국교통대학교(산업대),자연과학,216.0,12.0,5.555555555555555
2012,한국국제대학교,공학,1106.0,88.0,7.956600361663653
2012,한국국제대학교,예체능,464.0,62.0,13.36206896551724
2012,한국국제대학교,인문사회,931.0,104.0,11.170784103114931
2012,한국국제대학교,자연과학,402.0,11.0,2.736318407960199
2012,한국기술교육대학교,공학,4804.0,130.0,2.7060782681099087
2012,한국기술교육대학교,예체능,284.0,10.0,3.5211267605633805
2012,한국기술교육대학교,인문사회,1033.0,42.0,4.065827686350436
2012,한국방송통신대학교,공학,18155.0,4674.0,25.744973836408704
2012,한국방송통신대학교,예체능,6141.0,1477.0,24.051457417358737
2012,한국방송통신대학교,인문사회,213059.0,49254.0,23.117540211866196
2012,한국방송통신대학교,자연과학,11106.0,1759.0,15.838285611381236
2012,한국산업기술대학교(산업대),공학,1298.0,77.0,5.932203389830509
2012,한국산업기술대학교(산업대),예체능,854.0,65.0,7.611241217798595
2012,한국산업기술대학교(산업대),인문사회,76.0,4.0,5.263157894736842
2012,한국성서대학교,공학,184.0,20.0,10.869565217391305
2012,한국성서대학교,자연과학,121.0,1.0,0.8264462809917356
2012,한국예술종합학교,공학,116.0,1.0,0.8620689655172413
2012,한국예술종합학교,예체능,1921.0,31.0,1.6137428422696511
2012,한국예술종합학교,인문사회,158.0,2.0,1.2658227848101267
2012,한국외국어대학교,인문사회,9961.0,239.0,2.399357494227487
2012,한국외국어대학교(용인) _분교,공학,2469.0,102.0,4.131227217496963
2012,한국외국어대학교(용인) _분교,인문사회,5221.0,164.0,3.1411606971844472
2012,한국외국어대학교(용인) _분교,자연과학,701.0,25.0,3.566333808844508
2012,한국전통문화대학교(각종),공학,173.0,2.0,1.1560693641618496
2012,한국전통문화대학교(각종),예체능,172.0,4.0,2.3255813953488373
2012,한국전통문화대학교(각종),인문사회,173.0,1.0,0.5780346820809248
2012,한국체육대학교,공학,1.0,0.0,0.0
2012,한국체육대학교,예체능,1799.0,29.0,1.6120066703724294
2012,한국체육대학교,인문사회,181.0,0.0,0.0
2012,한국침례신학대학교,예체능,232.0,6.0,2.586206896551724
2012,한국침례신학대학교,인문사회,1743.0,84.0,4.819277108433735
2012,한국항공대학교,공학,4810.0,123.0,2.5571725571725574
2012,한국항공대학교,인문사회,1692.0,40.0,2.3640661938534278
2012,한남대학교,공학,4276.0,193.0,4.513564078578111
2012,한남대학교,예체능,1183.0,61.0,5.156382079459002
2012,한남대학교,인문사회,10279.0,456.0,4.436229205175601
2012,한남대학교,자연과학,1323.0,55.0,4.157218442932729
2012,한동대학교,공학,1725.0,41.0,2.3768115942028984
2012,한동대학교,인문사회,2776.0,50.0,1.8011527377521614
2012,한라대학교,공학,2783.0,212.0,7.617678763923823
2012,한라대학교,예체능,340.0,38.0,11.176470588235295
2012,한라대학교,인문사회,2693.0,159.0,5.904196063869291
2012,한려대학교,인문사회,83.0,15.0,18.072289156626507
2012,한려대학교,자연과학,303.0,17.0,5.6105610561056105
2012,한려대학교(산업대),공학,21.0,10.0,47.61904761904761
2012,한려대학교(산업대),예체능,37.0,18.0,48.64864864864865
2012,한려대학교(산업대),인문사회,104.0,15.0,14.423076923076922
2012,한려대학교(산업대),자연과학,378.0,12.0,3.1746031746031744
2012,한림대학교,공학,2054.0,103.0,5.0146056475170395
2012,한림대학교,예체능,422.0,29.0,6.872037914691943
2012,한림대학교,의학,301.0,0.0,0.0
2012,한림대학교,인문사회,6822.0,257.0,3.767223688068015
2012,한림대학교,자연과학,1732.0,68.0,3.9260969976905313
2012,한민학교,공학,10.0,2.0,20.0
2012,한민학교,예체능,59.0,5.0,8.47457627118644
2012,한민학교,인문사회,410.0,47.0,11.463414634146343
2012,한밭대학교(산업대),공학,2826.0,114.0,4.033970276008493
2012,한밭대학교(산업대),예체능,293.0,9.0,3.0716723549488054
2012,한밭대학교(산업대),인문사회,1394.0,65.0,4.66284074605452
2012,한북대학교,공학,161.0,15.0,9.316770186335404
2012,한북대학교,예체능,60.0,2.0,3.3333333333333335
2012,한북대학교,인문사회,1125.0,58.0,5.155555555555556
2012,한북대학교,자연과학,278.0,15.0,5.39568345323741
2012,한서대학교,공학,3821.0,203.0,5.31274535461921
2012,한서대학교,예체능,1023.0,84.0,8.211143695014663
2012,한서대학교,인문사회,2281.0,122.0,5.348531345900921
2012,한서대학교,자연과학,812.0,26.0,3.201970443349754
2012,한성대학교,공학,1327.0,61.0,4.596834966088922
2012,한성대학교,예체능,666.0,28.0,4.2042042042042045
2012,한성대학교,인문사회,2678.0,122.0,4.5556385362210605
2012,한성대학교,자연과학,386.0,12.0,3.1088082901554404
2012,한세대학교,공학,1016.0,44.0,4.330708661417323
2012,한세대학교,예체능,425.0,23.0,5.411764705882352
2012,한세대학교,인문사회,1847.0,80.0,4.331348132106118
2012,한세대학교,자연과학,53.0,1.0,1.8867924528301887
2012,한신대학교,공학,1301.0,73.0,5.611068408916219
2012,한신대학교,인문사회,5195.0,280.0,5.389797882579403
2012,한신대학교,자연과학,721.0,23.0,3.19001386962552
2012,한양대학교,공학,9316.0,229.0,2.458136539287248
2012,한양대학교,예체능,832.0,20.0,2.403846153846154
2012,한양대학교,의학,251.0,0.0,0.0
2012,한양대학교,인문사회,8049.0,135.0,1.6772269847185988
2012,한양대학교,자연과학,1308.0,44.0,3.3639143730886847
2012,한양대학교(ERICA) _분교,공학,6006.0,127.0,2.1145521145521142
2012,한양대학교(ERICA) _분교,예체능,938.0,13.0,1.3859275053304905
2012,한양대학교(ERICA) _분교,인문사회,5470.0,92.0,1.6819012797074957
2012,한양대학교(ERICA) _분교,자연과학,407.0,5.0,1.2285012285012284
2012,한일장신대학교,예체능,207.0,33.0,15.942028985507244
2012,한일장신대학교,인문사회,218.0,14.0,6.422018348623854
2012,한중대학교,공학,232.0,26.0,11.206896551724139
2012,한중대학교,예체능,84.0,13.0,15.476190476190476
2012,한중대학교,인문사회,407.0,71.0,17.444717444717444
2012,한중대학교,자연과학,514.0,19.0,3.6964980544747084
2012,협성대학교,공학,1004.0,83.0,8.266932270916334
2012,협성대학교,예체능,1072.0,79.0,7.369402985074627
2012,협성대학교,인문사회,3463.0,266.0,7.681201270574646
2012,협성대학교,자연과학,230.0,14.0,6.086956521739131
2012,호남대학교,공학,2504.0,212.0,8.466453674121405
2012,호남대학교,예체능,705.0,64.0,9.078014184397164
2012,호남대학교,인문사회,3787.0,311.0,8.212305254819118
2012,호남대학교,자연과학,1306.0,84.0,6.431852986217458
2012,호남신학대학교,예체능,250.0,16.0,6.4
2012,호남신학대학교,인문사회,224.0,16.0,7.142857142857142
2012,호서대학교,공학,4779.0,199.0,4.164051056706424
2012,호서대학교,예체능,2031.0,125.0,6.154603643525356
2012,호서대학교,인문사회,3910.0,211.0,5.396419437340153
2012,호서대학교,자연과학,784.0,19.0,2.423469387755102
2012,호원대학교,공학,678.0,60.0,8.849557522123893
2012,호원대학교,예체능,758.0,21.0,2.7704485488126647
2012,호원대학교,인문사회,2509.0,168.0,6.695894778796334
2012,호원대학교,자연과학,135.0,2.0,1.4814814814814816
2012,홍익대학교,공학,8131.0,230.0,2.8286803591194194
2012,홍익대학교,예체능,972.0,11.0,1.131687242798354
2012,홍익대학교,인문사회,6405.0,171.0,2.669789227166276
2012,홍익대학교(세종) _분교,공학,3873.0,196.0,5.0606764781822875
2012,홍익대학교(세종) _분교,예체능,2208.0,49.0,2.2192028985507246
2012,홍익대학교(세종) _분교,인문사회,1541.0,37.0,2.401038286826736
2012,화성의과학대학교,공학,227.0,10.0,4.405286343612335
2012,화성의과학대학교,예체능,196.0,12.0,6.122448979591836
2012,화성의과학대학교,인문사회,652.0,35.0,5.368098159509203
2012,화성의과학대학교,자연과학,104.0,2.0,1.9230769230769231
2013,가야대학교(김해),공학,394.0,29.0,7.3604060913705585
2013,가야대학교(김해),인문사회,1378.0,96.0,6.966618287373004
2013,가야대학교(김해),자연과학,593.0,6.0,1.0118043844856661
2013,가천대학교,공학,8325.0,251.0,3.015015015015015
2013,가천대학교,예체능,1293.0,73.0,5.645784996133024
2013,가천대학교,의학,115.0,1.0,0.8695652173913043
2013,가천대학교,인문사회,9623.0,298.0,3.096747376078146
2013,가천대학교,자연과학,3405.0,84.0,2.4669603524229076
2013,가톨릭관동대학교,공학,2263.0,128.0,5.656208572691118
2013,가톨릭관동대학교,예체능,995.0,70.0,7.035175879396985
2013,가톨릭관동대학교,의학,234.0,0.0,0.0
2013,가톨릭관동대학교,인문사회,10010.0,431.0,4.305694305694305
2013,가톨릭관동대학교,자연과학,341.0,4.0,1.1730205278592376
2013,가톨릭꽃동네대학교,인문사회,454.0,20.0,4.405286343612335
2013,가톨릭꽃동네대학교,자연과학,196.0,3.0,1.530612244897959
2013,가톨릭대학교,공학,2188.0,87.0,3.976234003656307
2013,가톨릭대학교,예체능,289.0,13.0,4.498269896193772
2013,가톨릭대학교,인문사회,6547.0,192.0,2.9326409042309454
2013,가톨릭대학교,자연과학,988.0,33.0,3.340080971659919
2013,가톨릭대학교 _제2캠퍼스,의학,88.0,1.0,1.1363636363636365
2013,가톨릭대학교 _제2캠퍼스,자연과학,413.0,6.0,1.4527845036319613
2013,가톨릭대학교 _제3캠퍼스,인문사회,337.0,14.0,4.154302670623145
2013,감리교신학대학교,인문사회,386.0,28.0,7.253886010362693
2013,강남대학교,공학,1679.0,109.0,6.491959499702203
2013,강남대학교,예체능,940.0,57.0,6.0638297872340425
2013,강남대학교,인문사회,7412.0,319.0,4.303831624392877
2013,강남대학교,자연과학,123.0,2.0,1.6260162601626018
2013,강서대학교,예체능,187.0,22.0,11.76470588235294
2013,강서대학교,인문사회,1408.0,83.0,5.894886363636364
2013,강원대학교,공학,7964.0,224.0,2.812656956303365
2013,강원대학교,예체능,1008.0,34.0,3.373015873015873
2013,강원대학교,의학,165.0,3.0,1.8181818181818181
2013,강원대학교,인문사회,8680.0,198.0,2.28110599078341
2013,강원대학교,자연과학,2884.0,100.0,3.467406380027739
2013,강원대학교 _제2캠퍼스,공학,5329.0,249.0,4.6725464439857385
2013,강원대학교 _제2캠퍼스,예체능,721.0,40.0,5.547850208044383
2013,강원대학교 _제2캠퍼스,인문사회,2614.0,98.0,3.7490436113236423
2013,강원대학교 _제2캠퍼스,자연과학,690.0,7.0,1.0144927536231882
2013,건국대학교,공학,8403.0,231.0,2.7490182077829344
2013,건국대학교,예체능,1510.0,30.0,1.9867549668874174
2013,건국대학교,의학,379.0,2.0,0.5277044854881267
2013,건국대학교,인문사회,10075.0,152.0,1.5086848635235732
2013,건국대학교,자연과학,1790.0,36.0,2.011173184357542
2013,건국대학교(글로컬) _분교,공학,3446.0,115.0,3.3372025536854326
2013,건국대학교(글로컬) _분교,예체능,925.0,50.0,5.405405405405405
2013,건국대학교(글로컬) _분교,의학,640.0,16.0,2.5
2013,건국대학교(글로컬) _분교,인문사회,5530.0,251.0,4.538878842676311
2013,건국대학교(글로컬) _분교,자연과학,820.0,25.0,3.048780487804878
2013,건양대학교,공학,2546.0,197.0,7.737627651217596
2013,건양대학교,예체능,503.0,26.0,5.168986083499006
2013,건양대학교,인문사회,3858.0,197.0,5.106272680145152
2013,건양대학교,자연과학,228.0,10.0,4.385964912280701
2013,건양대학교 _제2캠퍼스,공학,233.0,6.0,2.575107296137339
2013,건양대학교 _제2캠퍼스,의학,241.0,4.0,1.6597510373443984
2013,건양대학교 _제2캠퍼스,자연과학,1026.0,6.0,0.5847953216374269
2013,경기대학교,공학,6420.0,233.0,3.6292834890965735
2013,경기대학교,예체능,650.0,29.0,4.461538461538462
2013,경기대학교,인문사회,7596.0,216.0,2.843601895734597
2013,경기대학교,자연과학,917.0,27.0,2.9443838604143946
2013,경기대학교 _제2캠퍼스,공학,135.0,9.0,6.666666666666667
2013,경기대학교 _제2캠퍼스,예체능,281.0,7.0,2.491103202846975
2013,경기대학교 _제2캠퍼스,인문사회,3209.0,92.0,2.8669367404175756
2013,경남과학기술대학교,공학,1940.0,115.0,5.927835051546391
2013,경남과학기술대학교,예체능,273.0,16.0,5.86080586080586
2013,경남과학기술대학교,인문사회,995.0,63.0,6.331658291457286
2013,경남과학기술대학교,자연과학,662.0,15.0,2.2658610271903323
2013,경남대학교,공학,6097.0,370.0,6.0685583073642775
2013,경남대학교,예체능,301.0,22.0,7.308970099667775
2013,경남대학교,인문사회,11220.0,503.0,4.483065953654189
2013,경남대학교,자연과학,1014.0,37.0,3.648915187376726
2013,경동대학교,공학,932.0,68.0,7.296137339055794
2013,경동대학교,예체능,170.0,25.0,14.705882352941178
2013,경동대학교,인문사회,2125.0,159.0,7.482352941176471
2013,경동대학교,자연과학,858.0,23.0,2.6806526806526807
2013,경동대학교 _제2캠퍼스,공학,86.0,5.0,5.813953488372093
2013,경동대학교 _제2캠퍼스,예체능,40.0,4.0,10.0
2013,경동대학교 _제2캠퍼스,인문사회,179.0,6.0,3.35195530726257
2013,경동대학교 _제3캠퍼스,자연과학,341.0,10.0,2.932551319648094
2013,경북대학교,공학,15713.0,496.0,3.156621905428626
2013,경북대학교,예체능,673.0,24.0,3.566121842496285
2013,경북대학교,의학,270.0,4.0,1.4814814814814816
2013,경북대학교,인문사회,11411.0,207.0,1.814039085093331
2013,경북대학교,자연과학,3193.0,69.0,2.1609771374882554
2013,경상국립대학교,공학,9356.0,301.0,3.2171868319794785
2013,경상국립대학교,의학,257.0,2.0,0.7782101167315175
2013,경상국립대학교,인문사회,8550.0,186.0,2.175438596491228
2013,경상국립대학교,자연과학,2386.0,41.0,1.7183570829840737
2013,경성대학교,공학,4527.0,221.0,4.881820189971283
2013,경성대학교,예체능,2623.0,149.0,5.680518490278307
2013,경성대학교,의학,137.0,19.0,13.86861313868613
2013,경성대학교,인문사회,9270.0,381.0,4.110032362459546
2013,경성대학교,자연과학,1632.0,67.0,4.105392156862745
2013,경운대학교,공학,667.0,38.0,5.697151424287856
2013,경운대학교,예체능,172.0,23.0,13.372093023255813
2013,경운대학교,인문사회,628.0,26.0,4.140127388535031
2013,경운대학교,자연과학,558.0,18.0,3.225806451612903
2013,경운대학교(산업대),공학,1087.0,122.0,11.223551057957682
2013,경운대학교(산업대),예체능,304.0,73.0,24.013157894736842
2013,경운대학교(산업대),인문사회,1552.0,214.0,13.788659793814434
2013,경운대학교(산업대),자연과학,431.0,13.0,3.0162412993039442
2013,경인교육대학교,인문사회,1061.0,11.0,1.0367577756833177
2013,경인교육대학교 _제2캠퍼스,인문사회,1800.0,9.0,0.5
2013,경일대학교,공학,3708.0,311.0,8.387270765911541
2013,경일대학교,예체능,1171.0,63.0,5.3800170794193
2013,경일대학교,인문사회,2768.0,213.0,7.695086705202312
2013,경일대학교,자연과학,251.0,3.0,1.1952191235059761
2013,경희대학교,공학,9438.0,215.0,2.2780250052977324
2013,경희대학교,예체능,2013.0,41.0,2.0367610531544957
2013,경희대학교,의학,790.0,16.0,2.0253164556962027
2013,경희대학교,인문사회,14386.0,251.0,1.7447518420686778
2013,경희대학교,자연과학,3147.0,69.0,2.19256434699714
2013,계명대학교,공학,6105.0,272.0,4.455364455364455
2013,계명대학교,예체능,3325.0,175.0,5.263157894736842
2013,계명대학교,의학,312.0,3.0,0.9615384615384616
2013,계명대학교,인문사회,17883.0,713.0,3.9870267852150088
2013,계명대학교,자연과학,2525.0,59.0,2.3366336633663365
2013,고려대학교,공학,7908.0,198.0,2.503793626707132
2013,고려대학교,예체능,173.0,4.0,2.312138728323699
2013,고려대학교,의학,251.0,2.0,0.796812749003984
2013,고려대학교,인문사회,14309.0,141.0,0.9853938080928086
2013,고려대학교,자연과학,2378.0,51.0,2.144659377628259
2013,고려대학교(세종) _분교,공학,3006.0,104.0,3.4597471723220226
2013,고려대학교(세종) _분교,예체능,829.0,27.0,3.2569360675512664
2013,고려대학교(세종) _분교,인문사회,4983.0,121.0,2.4282560706401766
2013,고려대학교(세종) _분교,자연과학,1118.0,43.0,3.8461538461538463
2013,고신대학교,공학,671.0,57.0,8.49478390461997
2013,고신대학교,예체능,537.0,54.0,10.05586592178771
2013,고신대학교,의학,304.0,0.0,0.0
2013,고신대학교,인문사회,2825.0,176.0,6.230088495575221
2013,고신대학교,자연과학,1071.0,40.0,3.734827264239029
2013,공주교육대학교,인문사회,1739.0,8.0,0.46003450258769407
2013,광신대학교,예체능,111.0,17.0,15.315315315315313
2013,광신대학교,인문사회,438.0,26.0,5.93607305936073
2013,광운대학교,공학,6945.0,184.0,2.6493880489560833
2013,광운대학교,예체능,798.0,13.0,1.6290726817042605
2013,광운대학교,인문사회,4234.0,106.0,2.503542749173359
2013,광운대학교,자연과학,662.0,20.0,3.0211480362537766
2013,광주가톨릭대학교,인문사회,129.0,5.0,3.875968992248062
2013,광주과학기술원,공학,134.0,6.0,4.477611940298507
2013,광주과학기술원,인문사회,223.0,10.0,4.484304932735426
2013,광주과학기술원,자연과학,36.0,7.0,19.444444444444446
2013,광주교육대학교,인문사회,1597.0,9.0,0.5635566687539135
2013,광주대학교,공학,1483.0,161.0,10.856372218476062
2013,광주대학교,예체능,973.0,93.0,9.558067831449128
2013,광주대학교,의학,100.0,3.0,3.0
2013,광주대학교,인문사회,5230.0,478.0,9.139579349904398
2013,광주대학교,자연과학,844.0,57.0,6.753554502369669
2013,광주대학교(산업대),공학,38.0,37.0,97.36842105263158
2013,광주대학교(산업대),예체능,22.0,24.0,109.09090909090908
2013,광주대학교(산업대),인문사회,101.0,98.0,97.02970297029702
2013,광주대학교(산업대),자연과학,2.0,3.0,150.0
2013,광주여자대학교,공학,497.0,7.0,1.4084507042253522
2013,광주여자대학교,예체능,1041.0,56.0,5.379442843419788
2013,광주여자대학교,의학,105.0,9.0,8.571428571428571
2013,광주여자대학교,인문사회,1405.0,63.0,4.483985765124555
2013,광주여자대학교,자연과학,666.0,17.0,2.5525525525525525
2013,국립강릉원주대학교,공학,3432.0,158.0,4.603729603729604
2013,국립강릉원주대학교,예체능,583.0,38.0,6.518010291595197
2013,국립강릉원주대학교,의학,158.0,0.0,0.0
2013,국립강릉원주대학교,인문사회,3653.0,170.0,4.6537092800438
2013,국립강릉원주대학교,자연과학,764.0,46.0,6.020942408376963
2013,국립강릉원주대학교 _제2캠퍼스,공학,1842.0,99.0,5.374592833876222
2013,국립강릉원주대학교 _제2캠퍼스,예체능,415.0,23.0,5.542168674698795
2013,국립강릉원주대학교 _제2캠퍼스,인문사회,171.0,10.0,5.847953216374268
2013,국립강릉원주대학교 _제2캠퍼스,자연과학,345.0,3.0,0.8695652173913043
2013,국립경국대학교,공학,3959.0,172.0,4.344531447335186
2013,국립경국대학교,예체능,616.0,57.0,9.253246753246753
2013,국립경국대학교,의학,194.0,6.0,3.0927835051546393
2013,국립경국대학교,인문사회,4015.0,137.0,3.4122042341220427
2013,국립경국대학교,자연과학,1406.0,73.0,5.19203413940256
2013,국립공주대학교,공학,7517.0,345.0,4.5895969136623656
2013,국립공주대학교,예체능,1109.0,47.0,4.2380522993688015
2013,국립공주대학교,인문사회,7185.0,177.0,2.4634655532359084
2013,국립공주대학교,자연과학,1701.0,43.0,2.5279247501469726
2013,국립군산대학교,공학,6263.0,367.0,5.859811591888872
2013,국립군산대학교,예체능,532.0,32.0,6.015037593984962
2013,국립군산대학교,인문사회,3050.0,190.0,6.229508196721312
2013,국립군산대학교,자연과학,1095.0,76.0,6.940639269406393
2013,국립금오공과대학교,공학,8922.0,272.0,3.048643801838153
2013,국립금오공과대학교,예체능,186.0,6.0,3.225806451612903
2013,국립금오공과대학교,인문사회,583.0,21.0,3.6020583190394513
2013,국립금오공과대학교,자연과학,406.0,19.0,4.679802955665025
2013,국립목포대학교,공학,4539.0,270.0,5.948446794448117
2013,국립목포대학교,예체능,606.0,35.0,5.775577557755775
2013,국립목포대학교,인문사회,4282.0,154.0,3.596450256889304
2013,국립목포대학교,자연과학,1072.0,49.0,4.57089552238806
2013,국립목포해양대학교,공학,1321.0,100.0,7.57002271006813
2013,국립목포해양대학교,인문사회,325.0,8.0,2.4615384615384617
2013,국립부경대학교,공학,12581.0,370.0,2.940942691359987
2013,국립부경대학교,예체능,480.0,11.0,2.2916666666666665
2013,국립부경대학교,인문사회,7744.0,248.0,3.202479338842975
2013,국립부경대학교,자연과학,1344.0,60.0,4.464285714285714
2013,국립순천대학교,공학,3747.0,327.0,8.726981585268215
2013,국립순천대학교,예체능,814.0,45.0,5.528255528255528
2013,국립순천대학교,의학,137.0,10.0,7.2992700729927
2013,국립순천대학교,인문사회,4162.0,183.0,4.396924555502162
2013,국립순천대학교,자연과학,948.0,52.0,5.485232067510549
2013,국립창원대학교,공학,4934.0,173.0,3.5062829347385485
2013,국립창원대학교,예체능,692.0,56.0,8.092485549132949
2013,국립창원대학교,인문사회,5282.0,187.0,3.5403256342294585
2013,국립창원대학교,자연과학,1073.0,37.0,3.4482758620689653
2013,국립한국교통대학교,공학,5860.0,180.0,3.0716723549488054
2013,국립한국교통대학교,예체능,204.0,10.0,4.901960784313726
2013,국립한국교통대학교,인문사회,2485.0,59.0,2.374245472837022
2013,국립한국교통대학교,자연과학,650.0,17.0,2.6153846153846154
2013,국립한국해양대학교,공학,3759.0,130.0,3.4583665868582067
2013,국립한국해양대학교,인문사회,2573.0,71.0,2.759424795958026
2013,국립한밭대학교,공학,2501.0,66.0,2.638944422231108
2013,국립한밭대학교,예체능,265.0,5.0,1.8867924528301887
2013,국립한밭대학교,인문사회,1248.0,53.0,4.246794871794872
2013,국민대학교,공학,6197.0,150.0,2.4205260609972568
2013,국민대학교,예체능,2201.0,53.0,2.407996365288505
2013,국민대학교,인문사회,10257.0,296.0,2.8858340645412888
2013,국민대학교,자연과학,1209.0,31.0,2.564102564102564
2013,극동대학교,공학,942.0,61.0,6.475583864118896
2013,극동대학교,예체능,1083.0,118.0,10.895660203139428
2013,극동대학교,인문사회,2800.0,252.0,9.0
2013,극동대학교,자연과학,470.0,12.0,2.553191489361702
2013,금강대학교,인문사회,455.0,18.0,3.9560439560439558
2013,김천대학교,공학,353.0,10.0,2.8328611898017
2013,김천대학교,예체능,116.0,11.0,9.482758620689655
2013,김천대학교,인문사회,1370.0,72.0,5.255474452554744
2013,김천대학교,자연과학,1317.0,51.0,3.8724373576309796
2013,나사렛대학교,공학,433.0,45.0,10.392609699769054
2013,나사렛대학교,예체능,482.0,30.0,6.224066390041494
2013,나사렛대학교,인문사회,4701.0,209.0,4.44586258242927
2013,나사렛대학교,자연과학,1036.0,50.0,4.826254826254826
2013,남부대학교,공학,312.0,20.0,6.41025641025641
2013,남부대학교,예체능,480.0,49.0,10.208333333333334
2013,남부대학교,의학,138.0,14.0,10.144927536231885
2013,남부대학교,인문사회,1072.0,89.0,8.30223880597015
2013,남부대학교,자연과학,830.0,28.0,3.3734939759036147
2013,남서울대학교,공학,1137.0,55.0,4.8372911169744945
2013,남서울대학교,예체능,163.0,4.0,2.4539877300613497
2013,남서울대학교,인문사회,2844.0,106.0,3.727144866385373
2013,남서울대학교,자연과학,213.0,2.0,0.9389671361502347
2013,남서울대학교(산업대),공학,2342.0,116.0,4.953031596925705
2013,남서울대학교(산업대),예체능,395.0,10.0,2.5316455696202533
2013,남서울대학교(산업대),인문사회,6358.0,178.0,2.7996225228059135
2013,남서울대학교(산업대),자연과학,252.0,2.0,0.7936507936507936
2013,단국대학교,공학,6151.0,92.0,1.495691757437815
2013,단국대학교,예체능,1195.0,16.0,1.3389121338912133
2013,단국대학교,인문사회,7758.0,136.0,1.7530291312193864
2013,단국대학교,자연과학,651.0,9.0,1.3824884792626728
2013,단국대학교(천안) _분교,공학,4609.0,141.0,3.05923193751356
2013,단국대학교(천안) _분교,예체능,1155.0,39.0,3.3766233766233764
2013,단국대학교(천안) _분교,의학,483.0,1.0,0.2070393374741201
2013,단국대학교(천안) _분교,인문사회,7281.0,234.0,3.2138442521631645
2013,단국대학교(천안) _분교,자연과학,1820.0,64.0,3.5164835164835164
2013,대구가톨릭대학교,공학,5371.0,281.0,5.231800409607149
2013,대구가톨릭대학교,예체능,1009.0,65.0,6.442021803766106
2013,대구가톨릭대학교,의학,189.0,0.0,0.0
2013,대구가톨릭대학교,인문사회,9066.0,364.0,4.015001103022281
2013,대구가톨릭대학교,자연과학,1980.0,44.0,2.2222222222222223
2013,대구교육대학교,인문사회,1887.0,12.0,0.6359300476947536
2013,대구대학교,공학,8837.0,513.0,5.80513749009845
2013,대구대학교,예체능,1214.0,60.0,4.942339373970346
2013,대구대학교,인문사회,15021.0,553.0,3.6815125490979295
2013,대구대학교,자연과학,2467.0,93.0,3.769760843129307
2013,대구예술대학교,공학,154.0,22.0,14.285714285714285
2013,대구예술대학교,예체능,1476.0,152.0,10.29810298102981
2013,대구예술대학교,인문사회,96.0,17.0,17.708333333333336
2013,대구예술대학교,자연과학,70.0,4.0,5.714285714285714
2013,대구외국어대학교,인문사회,582.0,69.0,11.855670103092782
2013,대구한의대학교,공학,1216.0,119.0,9.786184210526317
2013,대구한의대학교,예체능,528.0,43.0,8.143939393939394
2013,대구한의대학교,의학,713.0,21.0,2.9453015427769986
2013,대구한의대학교,인문사회,2580.0,162.0,6.279069767441861
2013,대구한의대학교,자연과학,2277.0,80.0,3.513394817742644
2013,대신대학교,예체능,172.0,18.0,10.465116279069768
2013,대신대학교,인문사회,430.0,24.0,5.5813953488372094
2013,대전가톨릭대학교,인문사회,115.0,3.0,2.608695652173913
2013,대전대학교,공학,3491.0,270.0,7.734173589229447
2013,대전대학교,예체능,1268.0,100.0,7.886435331230284
2013,대전대학교,의학,367.0,5.0,1.3623978201634876
2013,대전대학교,인문사회,7025.0,466.0,6.633451957295374
2013,대전대학교,자연과학,1324.0,29.0,2.190332326283988
2013,대전신학교,인문사회,40.0,7.0,17.5
2013,대전신학대학교,인문사회,246.0,33.0,13.414634146341465
2013,대진대학교,공학,3845.0,207.0,5.383615084525357
2013,대진대학교,예체능,461.0,44.0,9.544468546637743
2013,대진대학교,인문사회,5145.0,237.0,4.606413994169096
2013,대진대학교,자연과학,505.0,24.0,4.752475247524752
2013,덕성여자대학교,공학,608.0,30.0,4.934210526315789
2013,덕성여자대학교,예체능,392.0,20.0,5.1020408163265305
2013,덕성여자대학교,인문사회,4481.0,110.0,2.454809194376255
2013,덕성여자대학교,자연과학,1401.0,46.0,3.283369022127052
2013,동국대학교,공학,5848.0,193.0,3.300273597811217
2013,동국대학교,예체능,845.0,15.0,1.7751479289940828
2013,동국대학교,인문사회,10679.0,219.0,2.0507538159003653
2013,동국대학교,자연과학,1022.0,29.0,2.8375733855185907
2013,동국대학교(WISE) _분교,공학,1799.0,117.0,6.5036131183991115
2013,동국대학교(WISE) _분교,예체능,874.0,56.0,6.407322654462242
2013,동국대학교(WISE) _분교,의학,421.0,1.0,0.23752969121140144
2013,동국대학교(WISE) _분교,인문사회,6787.0,362.0,5.333726241343745
2013,동국대학교(WISE) _분교,자연과학,1058.0,53.0,5.00945179584121
2013,동덕여자대학교,공학,796.0,39.0,4.899497487437186
2013,동덕여자대학교,예체능,1916.0,71.0,3.7056367432150314
2013,동덕여자대학교,인문사회,4864.0,150.0,3.083881578947368
2013,동덕여자대학교,자연과학,932.0,21.0,2.2532188841201717
2013,동명대학교,공학,4098.0,328.0,8.003904343582235
2013,동명대학교,예체능,2271.0,203.0,8.938793483047116
2013,동명대학교,인문사회,5720.0,394.0,6.8881118881118875
2013,동명대학교,자연과학,373.0,12.0,3.2171581769436997
2013,동명정보대학교,공학,156.0,52.0,33.33333333333333
2013,동명정보대학교,예체능,168.0,62.0,36.904761904761905
2013,동명정보대학교,인문사회,205.0,70.0,34.146341463414636
2013,동서대학교,공학,3899.0,283.0,7.258271351628623
2013,동서대학교,예체능,2451.0,165.0,6.731946144430845
2013,동서대학교,인문사회,6929.0,381.0,5.498628950786549
2013,동서대학교,자연과학,570.0,7.0,1.2280701754385965
2013,동신대학교,공학,2146.0,236.0,10.997204100652375
2013,동신대학교,예체능,611.0,67.0,10.965630114566286
2013,동신대학교,의학,215.0,1.0,0.46511627906976744
2013,동신대학교,인문사회,3873.0,439.0,11.334882520010328
2013,동신대학교,자연과학,1362.0,50.0,3.671071953010279
2013,동아대학교,공학,10992.0,326.0,2.965793304221252
2013,동아대학교,예체능,1556.0,65.0,4.177377892030849
2013,동아대학교,의학,102.0,2.0,1.9607843137254901
2013,동아대학교,인문사회,14837.0,403.0,2.71618251668127
2013,동아대학교,자연과학,1442.0,50.0,3.467406380027739
2013,동양대학교,공학,2791.0,217.0,7.774991042637048
2013,동양대학교,예체능,154.0,25.0,16.233766233766232
2013,동양대학교,인문사회,3437.0,244.0,7.099214431189991
2013,동양대학교,자연과학,196.0,2.0,1.0204081632653061
2013,동의대학교,공학,8013.0,424.0,5.2914014726070135
2013,동의대학교,예체능,1711.0,98.0,5.727644652250146
2013,동의대학교,의학,200.0,0.0,0.0
2013,동의대학교,인문사회,11598.0,544.0,4.6904638730815655
2013,동의대학교,자연과학,1492.0,54.0,3.6193029490616624
2013,디지털서울문화예술대학교,공학,85.0,8.0,9.411764705882353
2013,디지털서울문화예술대학교,예체능,1961.0,207.0,10.55583885772565
2013,디지털서울문화예술대학교,인문사회,2442.0,276.0,11.302211302211303
2013,루터대학교,예체능,60.0,11.0,18.333333333333332
2013,루터대학교,인문사회,425.0,47.0,11.058823529411764
2013,루터대학교,자연과학,24.0,5.0,20.833333333333336
2013,명지대학교,공학,7125.0,245.0,3.43859649122807
2013,명지대학교,예체능,1901.0,83.0,4.36612309310889
2013,명지대학교,인문사회,536.0,11.0,2.0522388059701493
2013,명지대학교,자연과학,709.0,31.0,4.372355430183357
2013,명지대학교 _제2캠퍼스,인문사회,9638.0,347.0,3.600332019091098
2013,목원대학교,공학,3580.0,202.0,5.64245810055866
2013,목원대학교,예체능,1520.0,72.0,4.736842105263158
2013,목원대학교,인문사회,6633.0,341.0,5.140961857379768
2013,목원대학교,자연과학,421.0,25.0,5.938242280285035
2013,목포가톨릭대학교,인문사회,173.0,5.0,2.8901734104046244
2013,목포가톨릭대학교,자연과학,432.0,7.0,1.6203703703703702
2013,배재대학교,공학,3389.0,316.0,9.324284449690175
2013,배재대학교,예체능,1014.0,108.0,10.650887573964498
2013,배재대학교,인문사회,6993.0,549.0,7.850707850707852
2013,배재대학교,자연과학,1188.0,100.0,8.417508417508419
2013,백석대학교,공학,2303.0,139.0,6.035605731654363
2013,백석대학교,예체능,1462.0,83.0,5.677154582763338
2013,백석대학교,인문사회,9465.0,432.0,4.56418383518225
2013,백석대학교,자연과학,583.0,17.0,2.9159519725557463
2013,부산가톨릭대학교,공학,583.0,41.0,7.032590051457976
2013,부산가톨릭대학교,인문사회,2458.0,122.0,4.963384865744508
2013,부산가톨릭대학교,자연과학,1287.0,31.0,2.4087024087024087
2013,부산교육대학교,인문사회,1772.0,11.0,0.6207674943566591
2013,부산대학교,공학,11921.0,237.0,1.9880882476302324
2013,부산대학교,예체능,1489.0,26.0,1.7461383478844863
2013,부산대학교,의학,7.0,0.0,0.0
2013,부산대학교,인문사회,10830.0,168.0,1.551246537396122
2013,부산대학교,자연과학,2777.0,51.0,1.8365142239827152
2013,부산디지털대학교,예체능,249.0,35.0,14.056224899598394
2013,부산디지털대학교,인문사회,2575.0,320.0,12.427184466019417
2013,부산외국어대학교,공학,420.0,27.0,6.428571428571428
2013,부산외국어대학교,예체능,634.0,55.0,8.675078864353312
2013,부산외국어대학교,인문사회,9968.0,438.0,4.39406099518459
2013,부산외국어대학교,자연과학,125.0,3.0,2.4
2013,부산장신대학교,인문사회,355.0,22.0,6.197183098591549
2013,삼육대학교,공학,1612.0,70.0,4.3424317617866
2013,삼육대학교,예체능,1135.0,59.0,5.1982378854625555
2013,삼육대학교,인문사회,3032.0,112.0,3.6939313984168867
2013,삼육대학교,자연과학,1333.0,30.0,2.250562640660165
2013,상명대학교,공학,1398.0,49.0,3.5050071530758222
2013,상명대학교,예체능,772.0,33.0,4.274611398963731
2013,상명대학교,인문사회,5335.0,142.0,2.661668228678538
2013,상명대학교,자연과학,248.0,6.0,2.4193548387096775
2013,상명대학교(천안) _분교,공학,2554.0,135.0,5.2858261550509
2013,상명대학교(천안) _분교,예체능,2680.0,87.0,3.2462686567164183
2013,상명대학교(천안) _분교,인문사회,2455.0,116.0,4.725050916496945
2013,상명대학교(천안) _분교,자연과학,253.0,5.0,1.9762845849802373
2013,상지대학교,공학,2626.0,164.0,6.245239908606245
2013,상지대학교,예체능,1205.0,117.0,9.709543568464731
2013,상지대학교,의학,254.0,0.0,0.0
2013,상지대학교,인문사회,6211.0,412.0,6.633392368378684
2013,상지대학교,자연과학,1009.0,49.0,4.856293359762141
2013,서강대학교,공학,3067.0,92.0,2.9996739484838604
2013,서강대학교,예체능,60.0,0.0,0.0
2013,서강대학교,인문사회,6817.0,86.0,1.2615520023470737
2013,서강대학교,자연과학,765.0,15.0,1.9607843137254901
2013,서경대학교,공학,3003.0,151.0,5.028305028305028
2013,서경대학교,예체능,1344.0,107.0,7.961309523809524
2013,서경대학교,인문사회,3594.0,174.0,4.841402337228715
2013,서경대학교,자연과학,2.0,0.0,0.0
2013,서남대학교,공학,58.0,40.0,68.96551724137932
2013,서남대학교,예체능,185.0,90.0,48.64864864864865
2013,서남대학교,의학,203.0,3.0,1.477832512315271
2013,서남대학교,인문사회,129.0,110.0,85.27131782945736
2013,서남대학교,자연과학,778.0,48.0,6.169665809768637
2013,서남대학교 _제2캠퍼스,공학,298.0,54.0,18.120805369127517
2013,서남대학교 _제2캠퍼스,예체능,134.0,42.0,31.343283582089555
2013,서남대학교 _제2캠퍼스,인문사회,1085.0,279.0,25.71428571428571
2013,서남대학교 _제2캠퍼스,자연과학,33.0,1.0,3.0303030303030303
2013,서울과학기술대학교,공학,3268.0,89.0,2.7233782129742963
2013,서울과학기술대학교,예체능,625.0,20.0,3.2
2013,서울과학기술대학교,인문사회,798.0,31.0,3.8847117794486214
2013,서울과학기술대학교,자연과학,42.0,1.0,2.380952380952381
2013,서울과학기술대학교(산업대),공학,7691.0,245.0,3.185541542062151
2013,서울과학기술대학교(산업대),예체능,1512.0,38.0,2.513227513227513
2013,서울과학기술대학교(산업대),인문사회,1530.0,63.0,4.117647058823529
2013,서울과학기술대학교(산업대),자연과학,3.0,0.0,0.0
2013,서울교육대학교,인문사회,1726.0,21.0,1.2166859791425262
2013,서울기독대학교,예체능,253.0,46.0,18.181818181818183
2013,서울기독대학교,인문사회,659.0,78.0,11.836115326251896
2013,서울대학교,공학,5960.0,63.0,1.0570469798657718
2013,서울대학교,예체능,1071.0,7.0,0.6535947712418301
2013,서울대학교,의학,601.0,2.0,0.33277870216306155
2013,서울대학교,인문사회,8484.0,50.0,0.5893446487505893
2013,서울대학교,자연과학,2232.0,32.0,1.4336917562724014
2013,서울디지털대학교,공학,999.0,144.0,14.414414414414415
2013,서울디지털대학교,예체능,1080.0,213.0,19.72222222222222
2013,서울디지털대학교,인문사회,10624.0,2045.0,19.24887048192771
2013,서울시립대학교,공학,6009.0,136.0,2.2632717590281244
2013,서울시립대학교,예체능,172.0,3.0,1.744186046511628
2013,서울시립대학교,인문사회,5709.0,88.0,1.5414258188824663
2013,서울시립대학교,자연과학,694.0,21.0,3.025936599423631
2013,서울신학대학교,예체능,449.0,30.0,6.6815144766147
2013,서울신학대학교,인문사회,2197.0,92.0,4.187528447883477
2013,서울여자대학교,공학,1458.0,43.0,2.9492455418381343
2013,서울여자대학교,예체능,902.0,31.0,3.436807095343681
2013,서울여자대학교,인문사회,5255.0,137.0,2.6070409134157946
2013,서울여자대학교,자연과학,820.0,24.0,2.9268292682926833
2013,서울장신대학교,예체능,150.0,11.0,7.333333333333333
2013,서울장신대학교,인문사회,518.0,10.0,1.9305019305019304
2013,서울한영대학교,예체능,91.0,11.0,12.087912087912088
2013,서울한영대학교,인문사회,643.0,47.0,7.309486780715396
2013,서원대학교,공학,1257.0,61.0,4.852824184566428
2013,서원대학교,예체능,863.0,55.0,6.373117033603708
2013,서원대학교,인문사회,6099.0,300.0,4.918839153959666
2013,서원대학교,자연과학,669.0,39.0,5.829596412556054
2013,선문대학교,공학,4146.0,285.0,6.874095513748191
2013,선문대학교,예체능,190.0,14.0,7.368421052631578
2013,선문대학교,인문사회,7448.0,462.0,6.203007518796992
2013,선문대학교,자연과학,633.0,12.0,1.8957345971563981
2013,성결대학교,공학,1977.0,120.0,6.0698027314112295
2013,성결대학교,예체능,536.0,53.0,9.888059701492537
2013,성결대학교,인문사회,4443.0,223.0,5.019131217645735
2013,성공회대학교,공학,467.0,17.0,3.640256959314775
2013,성공회대학교,인문사회,1757.0,79.0,4.496300512236767
2013,성균관대학교,공학,7969.0,182.0,2.2838499184339316
2013,성균관대학교,예체능,1160.0,23.0,1.9827586206896552
2013,성균관대학교,의학,83.0,0.0,0.0
2013,성균관대학교,인문사회,11988.0,189.0,1.5765765765765765
2013,성균관대학교,자연과학,1678.0,27.0,1.6090584028605484
2013,성신여자대학교,공학,894.0,33.0,3.691275167785235
2013,성신여자대학교,예체능,1311.0,26.0,1.9832189168573606
2013,성신여자대학교,인문사회,6236.0,175.0,2.8062860808210393
2013,성신여자대학교,자연과학,1742.0,67.0,3.8461538461538463
2013,세명대학교,공학,3393.0,255.0,7.515473032714412
2013,세명대학교,예체능,1120.0,88.0,7.857142857142857
2013,세명대학교,의학,196.0,0.0,0.0
2013,세명대학교,인문사회,5698.0,358.0,6.282906282906282
2013,세명대학교,자연과학,1740.0,52.0,2.9885057471264367
2013,세종대학교,공학,6894.0,229.0,3.3217290397447057
2013,세종대학교,예체능,1583.0,50.0,3.1585596967782688
2013,세종대학교,인문사회,5239.0,128.0,2.4432143538843287
2013,세종대학교,자연과학,918.0,25.0,2.7233115468409586
2013,세한대학교,공학,338.0,17.0,5.029585798816568
2013,세한대학교,예체능,1404.0,60.0,4.273504273504273
2013,세한대학교,인문사회,2896.0,157.0,5.421270718232044
2013,세한대학교,자연과학,481.0,6.0,1.2474012474012475
2013,송원대학교,공학,361.0,42.0,11.634349030470915
2013,송원대학교,예체능,189.0,27.0,14.285714285714285
2013,송원대학교,인문사회,603.0,48.0,7.960199004975125
2013,송원대학교,자연과학,294.0,31.0,10.54421768707483
2013,수원가톨릭대학교,인문사회,235.0,9.0,3.829787234042553
2013,수원대학교,공학,6512.0,304.0,4.668304668304668
2013,수원대학교,예체능,2281.0,151.0,6.619903551074089
2013,수원대학교,인문사회,4940.0,192.0,3.8866396761133606
2013,수원대학교,자연과학,1181.0,58.0,4.911092294665537
2013,숙명여자대학교,공학,1097.0,41.0,3.7374658158614404
2013,숙명여자대학교,예체능,1171.0,25.0,2.134927412467976
2013,숙명여자대학교,인문사회,8417.0,167.0,1.9840798384222407
2013,숙명여자대학교,자연과학,1277.0,45.0,3.523884103367267
2013,순복음총회신학교,예체능,35.0,14.0,40.0
2013,순복음총회신학교,인문사회,246.0,56.0,22.76422764227642
2013,순천향대학교,공학,5204.0,261.0,5.015372790161414
2013,순천향대학교,예체능,750.0,78.0,10.4
2013,순천향대학교,의학,700.0,17.0,2.4285714285714284
2013,순천향대학교,인문사회,6307.0,244.0,3.8687172982400506
2013,순천향대학교,자연과학,1382.0,46.0,3.3285094066570187
2013,숭실대학교,공학,8536.0,237.0,2.7764761012183694
2013,숭실대학교,예체능,266.0,19.0,7.142857142857142
2013,숭실대학교,인문사회,8425.0,244.0,2.8961424332344214
2013,숭실대학교,자연과학,493.0,33.0,6.693711967545639
2013,신경주대학교,공학,807.0,124.0,15.36555142503098
2013,신경주대학교,예체능,532.0,105.0,19.736842105263158
2013,신경주대학교,의학,19.0,1.0,5.263157894736842
2013,신경주대학교,인문사회,2627.0,330.0,12.561857632280168
2013,신경주대학교,자연과학,172.0,4.0,2.3255813953488373
2013,신라대학교,공학,2850.0,253.0,8.87719298245614
2013,신라대학교,예체능,1375.0,143.0,10.4
2013,신라대학교,인문사회,7688.0,404.0,5.254942767950052
2013,신라대학교,자연과학,1123.0,44.0,3.9180765805877114
2013,아신대학교,인문사회,842.0,65.0,7.719714964370546
2013,아주대학교,공학,7215.0,224.0,3.1046431046431047
2013,아주대학교,예체능,752.0,18.0,2.393617021276596
2013,아주대학교,의학,153.0,6.0,3.9215686274509802
2013,아주대학교,인문사회,4421.0,113.0,2.5559828093191586
2013,아주대학교,자연과학,987.0,23.0,2.330293819655522
2013,안양대학교,공학,1874.0,122.0,6.510138740661686
2013,안양대학교,예체능,813.0,75.0,9.22509225092251
2013,안양대학교,인문사회,3406.0,187.0,5.490311215502055
2013,안양대학교,자연과학,487.0,20.0,4.1067761806981515
2013,안양대학교 _제2캠퍼스,공학,529.0,28.0,5.293005671077505
2013,안양대학교 _제2캠퍼스,인문사회,228.0,16.0,7.017543859649122
2013,연세대학교,공학,6323.0,142.0,2.245769413253203
2013,연세대학교,예체능,717.0,19.0,2.6499302649930265
2013,연세대학교,의학,451.0,0.0,0.0
2013,연세대학교,인문사회,11779.0,115.0,0.976313778758808
2013,연세대학교,자연과학,2222.0,39.0,1.7551755175517552
2013,연세대학교(미래) _분교,공학,2488.0,93.0,3.7379421221864955
2013,연세대학교(미래) _분교,예체능,510.0,10.0,1.9607843137254901
2013,연세대학교(미래) _분교,의학,450.0,3.0,0.6666666666666667
2013,연세대학교(미래) _분교,인문사회,4296.0,139.0,3.235567970204842
2013,연세대학교(미래) _분교,자연과학,2075.0,68.0,3.2771084337349397
2013,영남대학교,공학,12521.0,410.0,3.2744988419455314
2013,영남대학교,예체능,1875.0,82.0,4.373333333333333
2013,영남대학교,의학,170.0,1.0,0.5882352941176471
2013,영남대학교,인문사회,15091.0,394.0,2.6108276456165926
2013,영남대학교,자연과학,2221.0,51.0,2.296262944619541
2013,영남신학대학교,인문사회,697.0,68.0,9.75609756097561
2013,영산대학교,공학,488.0,33.0,6.762295081967213
2013,영산대학교,예체능,3.0,3.0,100.0
2013,영산대학교,인문사회,2348.0,237.0,10.093696763202725
2013,영산대학교,자연과학,397.0,7.0,1.7632241813602016
2013,영산대학교 _제2캠퍼스,공학,153.0,15.0,9.803921568627452
2013,영산대학교 _제2캠퍼스,예체능,859.0,58.0,6.752037252619325
2013,영산대학교 _제2캠퍼스,인문사회,2261.0,190.0,8.403361344537815
2013,영산대학교(산업대),공학,9.0,4.0,44.44444444444444
2013,영산대학교(산업대),인문사회,109.0,24.0,22.018348623853214
2013,영산대학교(산업대) _제2캠퍼스,공학,2.0,1.0,50.0
2013,영산대학교(산업대) _제2캠퍼스,예체능,12.0,6.0,50.0
2013,영산대학교(산업대) _제2캠퍼스,인문사회,60.0,14.0,23.333333333333332
2013,예수대학교,인문사회,98.0,3.0,3.061224489795918
2013,예수대학교,자연과학,538.0,3.0,0.5576208178438662
2013,예원예술대학교,공학,151.0,9.0,5.960264900662252
2013,예원예술대학교,예체능,909.0,98.0,10.78107810781078
2013,예원예술대학교,인문사회,129.0,18.0,13.953488372093023
2013,용인대학교,공학,1063.0,65.0,6.114769520225776
2013,용인대학교,예체능,1656.0,80.0,4.830917874396135
2013,용인대학교,인문사회,2569.0,121.0,4.7100038925652
2013,용인대학교,자연과학,589.0,17.0,2.886247877758913
2013,우석대학교,공학,2205.0,177.0,8.027210884353742
2013,우석대학교,예체능,891.0,60.0,6.7340067340067336
2013,우석대학교,의학,513.0,23.0,4.483430799220272
2013,우석대학교,인문사회,4333.0,242.0,5.585045003461805
2013,우석대학교,자연과학,1543.0,52.0,3.3700583279325986
2013,우송대학교,공학,2650.0,208.0,7.849056603773585
2013,우송대학교,예체능,987.0,95.0,9.625126646403242
2013,우송대학교,인문사회,4389.0,262.0,5.9694691273638645
2013,우송대학교,자연과학,380.0,20.0,5.263157894736842
2013,우송대학교(산업대),공학,23.0,64.0,278.2608695652174
2013,우송대학교(산업대),예체능,6.0,22.0,366.66666666666663
2013,우송대학교(산업대),인문사회,48.0,118.0,245.83333333333334
2013,울산과학기술원,공학,1865.0,18.0,0.96514745308311
2013,울산과학기술원,예체능,143.0,0.0,0.0
2013,울산과학기술원,인문사회,426.0,6.0,1.4084507042253522
2013,울산과학기술원,자연과학,871.0,30.0,3.4443168771526977
2013,울산대학교,공학,7669.0,235.0,3.0642847828921633
2013,울산대학교,예체능,1688.0,80.0,4.739336492890995
2013,울산대학교,의학,158.0,0.0,0.0
2013,울산대학교,인문사회,5585.0,176.0,3.1512981199641894
2013,울산대학교,자연과학,1070.0,25.0,2.336448598130841
2013,원광대학교,공학,6933.0,319.0,4.601182749170634
2013,원광대학교,예체능,1808.0,68.0,3.761061946902655
2013,원광대학교,의학,1065.0,0.0,0.0
2013,원광대학교,인문사회,10559.0,355.0,3.362060801212236
2013,원광대학교,자연과학,2997.0,67.0,2.2355689022355687
2013,원광디지털대학교,예체능,1238.0,178.0,14.378029079159935
2013,원광디지털대학교,인문사회,2279.0,253.0,11.101360245721807
2013,원광디지털대학교,자연과학,1401.0,239.0,17.059243397573162
2013,위덕대학교,공학,1250.0,141.0,11.28
2013,위덕대학교,예체능,200.0,24.0,12.0
2013,위덕대학교,인문사회,1658.0,135.0,8.142340168878166
2013,위덕대학교,자연과학,407.0,21.0,5.159705159705159
2013,유원대학교,공학,1248.0,87.0,6.971153846153847
2013,유원대학교,예체능,914.0,106.0,11.597374179431071
2013,유원대학교,인문사회,1890.0,94.0,4.973544973544974
2013,유원대학교,자연과학,491.0,16.0,3.2586558044806515
2013,을지대학교,의학,199.0,1.0,0.5025125628140703
2013,을지대학교,인문사회,81.0,3.0,3.7037037037037033
2013,을지대학교,자연과학,659.0,15.0,2.2761760242792106
2013,을지대학교 _제2캠퍼스,공학,1052.0,38.0,3.6121673003802277
2013,을지대학교 _제2캠퍼스,예체능,205.0,14.0,6.829268292682928
2013,을지대학교 _제2캠퍼스,인문사회,672.0,26.0,3.869047619047619
2013,을지대학교 _제2캠퍼스,자연과학,1652.0,32.0,1.937046004842615
2013,이화여자대학교,공학,2742.0,120.0,4.3763676148796495
2013,이화여자대학교,예체능,1729.0,9.0,0.5205320994794679
2013,이화여자대학교,인문사회,9009.0,102.0,1.1322011322011323
2013,이화여자대학교,자연과학,2371.0,41.0,1.7292281737663433
2013,인제대학교,공학,4123.0,192.0,4.656803298569003
2013,인제대학교,예체능,1189.0,56.0,4.7098402018502945
2013,인제대학교,인문사회,4997.0,191.0,3.8222933760256153
2013,인제대학교,자연과학,1185.0,28.0,2.3628691983122363
2013,인제대학교 _제2캠퍼스,의학,403.0,2.0,0.49627791563275436
2013,인제대학교 _제2캠퍼스,자연과학,529.0,3.0,0.5671077504725899
2013,인천가톨릭대학교,인문사회,133.0,7.0,5.263157894736842
2013,인천가톨릭대학교 _제2캠퍼스,공학,368.0,27.0,7.336956521739131
2013,인천가톨릭대학교 _제2캠퍼스,예체능,298.0,13.0,4.3624161073825505
2013,인천가톨릭대학교 _제2캠퍼스,인문사회,68.0,2.0,2.941176470588235
2013,인천대학교,공학,9321.0,329.0,3.529664199120266
2013,인천대학교,예체능,1639.0,61.0,3.721781574130567
2013,인천대학교,인문사회,7863.0,241.0,3.064987918097418
2013,인천대학교,자연과학,645.0,20.0,3.10077519379845
2013,인하대학교,공학,12348.0,195.0,1.5792031098153545
2013,인하대학교,예체능,673.0,10.0,1.4858841010401187
2013,인하대학교,의학,5.0,0.0,0.0
2013,인하대학교,인문사회,10414.0,174.0,1.6708277318993663
2013,인하대학교,자연과학,1959.0,40.0,2.041858090862685
2013,장로회신학대학교,예체능,275.0,4.0,1.4545454545454546
2013,장로회신학대학교,인문사회,660.0,22.0,3.3333333333333335
2013,전남대학교,공학,7599.0,204.0,2.684563758389262
2013,전남대학교,예체능,967.0,31.0,3.205791106514995
2013,전남대학교,의학,514.0,4.0,0.7782101167315175
2013,전남대학교,인문사회,9756.0,208.0,2.132021320213202
2013,전남대학교,자연과학,3340.0,79.0,2.3652694610778444
2013,전남대학교 _제2캠퍼스,공학,3175.0,216.0,6.803149606299212
2013,전남대학교 _제2캠퍼스,인문사회,1069.0,58.0,5.425631431244153
2013,전남대학교 _제2캠퍼스,자연과학,37.0,7.0,18.91891891891892
2013,전북대학교,공학,11184.0,338.0,3.0221745350500715
2013,전북대학교,예체능,637.0,33.0,5.180533751962323
2013,전북대학교,의학,217.0,0.0,0.0
2013,전북대학교,인문사회,9480.0,249.0,2.626582278481013
2013,전북대학교,자연과학,2848.0,88.0,3.089887640449438
2013,전주교육대학교,인문사회,1377.0,13.0,0.944081336238199
2013,전주대학교,공학,3685.0,273.0,7.408412483039349
2013,전주대학교,예체능,1714.0,123.0,7.176196032672112
2013,전주대학교,인문사회,8781.0,485.0,5.523288919257488
2013,전주대학교,자연과학,664.0,3.0,0.4518072289156626
2013,정석대학,공학,118.0,1.0,0.847457627118644
2013,정석대학,인문사회,52.0,2.0,3.8461538461538463
2013,제주국제대학교,공학,256.0,40.0,15.625
2013,제주국제대학교,예체능,28.0,17.0,60.71428571428571
2013,제주국제대학교,인문사회,449.0,51.0,11.358574610244988
2013,제주국제대학교,자연과학,36.0,2.0,5.555555555555555
2013,제주대학교,공학,4716.0,224.0,4.749787955894826
2013,제주대학교,예체능,511.0,51.0,9.980430528375733
2013,제주대학교,의학,210.0,0.0,0.0
2013,제주대학교,인문사회,8305.0,198.0,2.384105960264901
2013,제주대학교,자연과학,1525.0,50.0,3.278688524590164
2013,조선대학교,공학,10153.0,447.0,4.402639613907219
2013,조선대학교,예체능,3063.0,118.0,3.852432255958211
2013,조선대학교,의학,33.0,1.0,3.0303030303030303
2013,조선대학교,인문사회,13270.0,390.0,2.93896006028636
2013,조선대학교,자연과학,1891.0,47.0,2.4854574299312535
2013,중부대학교,공학,3456.0,177.0,5.121527777777778
2013,중부대학교,예체능,1571.0,93.0,5.919796308084023
2013,중부대학교,인문사회,4687.0,199.0,4.2457862171965015
2013,중부대학교,자연과학,531.0,11.0,2.0715630885122414
2013,중앙대학교,공학,5251.0,132.0,2.5138068939249667
2013,중앙대학교,예체능,593.0,7.0,1.1804384485666104
2013,중앙대학교,의학,299.0,4.0,1.3377926421404682
2013,중앙대학교,인문사회,11661.0,232.0,1.9895377754909527
2013,중앙대학교,자연과학,1991.0,26.0,1.3058764439979909
2013,중앙대학교 _제2캠퍼스,공학,1893.0,51.0,2.694136291600634
2013,중앙대학교 _제2캠퍼스,예체능,3870.0,109.0,2.8165374677002584
2013,중앙대학교 _제2캠퍼스,인문사회,3939.0,112.0,2.8433612592028434
2013,중앙대학교 _제2캠퍼스,자연과학,154.0,7.0,4.545454545454546
2013,중앙승가대학교,인문사회,104.0,7.0,6.730769230769231
2013,중원대학교,공학,793.0,52.0,6.557377049180328
2013,중원대학교,예체능,185.0,16.0,8.64864864864865
2013,중원대학교,의학,93.0,10.0,10.75268817204301
2013,중원대학교,인문사회,964.0,89.0,9.232365145228217
2013,중원대학교,자연과학,125.0,2.0,1.6
2013,진주교육대학교,인문사회,1544.0,8.0,0.5181347150259068
2013,진주산업대학교(산업대),공학,1973.0,251.0,12.721743537759755
2013,진주산업대학교(산업대),예체능,274.0,31.0,11.313868613138686
2013,진주산업대학교(산업대),인문사회,761.0,94.0,12.352168199737187
2013,진주산업대학교(산업대),자연과학,458.0,30.0,6.550218340611353
2013,차의과학대학교,공학,459.0,23.0,5.010893246187364
2013,차의과학대학교,의학,49.0,1.0,2.0408163265306123
2013,차의과학대학교,인문사회,147.0,5.0,3.4013605442176873
2013,차의과학대학교,자연과학,799.0,14.0,1.7521902377972465
2013,창신대학교,공학,88.0,7.0,7.954545454545454
2013,창신대학교,예체능,76.0,3.0,3.9473684210526314
2013,창신대학교,인문사회,227.0,16.0,7.048458149779736
2013,창신대학교,자연과학,102.0,6.0,5.88235294117647
2013,청운대학교,공학,1650.0,123.0,7.454545454545454
2013,청운대학교,예체능,602.0,50.0,8.305647840531561
2013,청운대학교,인문사회,5361.0,366.0,6.827084499160605
2013,청운대학교,자연과학,460.0,17.0,3.6956521739130435
2013,청주교육대학교,인문사회,1417.0,10.0,0.7057163020465773
2013,청주대학교,공학,5375.0,199.0,3.7023255813953484
2013,청주대학교,예체능,1301.0,49.0,3.7663335895465027
2013,청주대학교,의학,82.0,7.0,8.536585365853659
2013,청주대학교,인문사회,10743.0,314.0,2.922833472959136
2013,청주대학교,자연과학,673.0,9.0,1.337295690936107
2013,초당대학교,공학,394.0,33.0,8.375634517766498
2013,초당대학교,예체능,211.0,22.0,10.42654028436019
2013,초당대학교,인문사회,647.0,50.0,7.727975270479134
2013,초당대학교,자연과학,545.0,37.0,6.7889908256880735
2013,초당대학교(산업대),공학,495.0,18.0,3.6363636363636362
2013,초당대학교(산업대),예체능,456.0,18.0,3.9473684210526314
2013,초당대학교(산업대),인문사회,1290.0,64.0,4.961240310077519
2013,초당대학교(산업대),자연과학,995.0,42.0,4.221105527638191
2013,총신대학교,예체능,331.0,17.0,5.13595166163142
2013,총신대학교,인문사회,2015.0,64.0,3.1761786600496276
2013,추계예술대학교,예체능,694.0,31.0,4.46685878962536
2013,추계예술대학교,인문사회,147.0,6.0,4.081632653061225
2013,춘천교육대학교,인문사회,1580.0,10.0,0.6329113924050633
2013,충남대학교,공학,8863.0,223.0,2.516078077400429
2013,충남대학교,예체능,528.0,24.0,4.545454545454546
2013,충남대학교,의학,244.0,2.0,0.819672131147541
2013,충남대학교,인문사회,9967.0,184.0,1.846092103943012
2013,충남대학교,자연과학,3655.0,111.0,3.036935704514364
2013,충북대학교,공학,8019.0,175.0,2.182316997131812
2013,충북대학교,예체능,246.0,2.0,0.8130081300813009
2013,충북대학교,의학,532.0,6.0,1.1278195488721803
2013,충북대학교,인문사회,7382.0,120.0,1.6255757247358438
2013,충북대학교,자연과학,2660.0,51.0,1.9172932330827068
2013,칼빈대학교,예체능,84.0,4.0,4.761904761904762
2013,칼빈대학교,인문사회,97.0,4.0,4.123711340206185
2013,칼빈대학교,자연과학,62.0,0.0,0.0
2013,탐라대학교,공학,37.0,2.0,5.405405405405405
2013,탐라대학교,인문사회,194.0,33.0,17.010309278350515
2013,평택대학교,공학,1003.0,62.0,6.181455633100698
2013,평택대학교,예체능,928.0,80.0,8.620689655172415
2013,평택대학교,인문사회,2815.0,195.0,6.927175843694494
2013,평택대학교,자연과학,285.0,18.0,6.315789473684211
2013,포항공과대학교,공학,1110.0,9.0,0.8108108108108109
2013,포항공과대학교,인문사회,172.0,0.0,0.0
2013,포항공과대학교,자연과학,253.0,3.0,1.185770750988142
2013,한경국립대학교,공학,1569.0,71.0,4.525175270873167
2013,한경국립대학교,예체능,117.0,3.0,2.564102564102564
2013,한경국립대학교,인문사회,553.0,21.0,3.79746835443038
2013,한경국립대학교,자연과학,256.0,12.0,4.6875
2013,한경대학교(산업대),공학,3366.0,156.0,4.634581105169341
2013,한경대학교(산업대),예체능,238.0,5.0,2.100840336134454
2013,한경대학교(산업대),인문사회,1273.0,43.0,3.377847604084839
2013,한경대학교(산업대),자연과학,447.0,19.0,4.250559284116331
2013,한국공학대학교,공학,1819.0,73.0,4.013194062671797
2013,한국공학대학교,예체능,734.0,26.0,3.5422343324250685
2013,한국공학대학교,인문사회,281.0,21.0,7.473309608540925
2013,한국과학기술원,공학,2989.0,40.0,1.3382402141184342
2013,한국과학기술원,인문사회,70.0,0.0,0.0
2013,한국과학기술원,자연과학,335.0,3.0,0.8955223880597015
2013,한국교원대학교,인문사회,2795.0,42.0,1.5026833631484795
2013,한국교통대학교(산업대),공학,1879.0,179.0,9.52634379989356
2013,한국교통대학교(산업대),예체능,21.0,1.0,4.761904761904762
2013,한국교통대학교(산업대),인문사회,558.0,68.0,12.186379928315413
2013,한국교통대학교(산업대),자연과학,59.0,3.0,5.084745762711865
2013,한국국제대학교,공학,1179.0,133.0,11.280746395250212
2013,한국국제대학교,예체능,667.0,69.0,10.344827586206897
2013,한국국제대학교,인문사회,2040.0,132.0,6.470588235294119
2013,한국국제대학교,자연과학,678.0,22.0,3.2448377581120944
2013,한국기술교육대학교,공학,4912.0,125.0,2.544788273615635
2013,한국기술교육대학교,예체능,287.0,8.0,2.7874564459930316
2013,한국기술교육대학교,인문사회,1012.0,31.0,3.0632411067193677
2013,한국방송통신대학교,공학,17293.0,4474.0,25.871740010408832
2013,한국방송통신대학교,예체능,5974.0,1587.0,26.56511550050218
2013,한국방송통신대학교,인문사회,204059.0,46994.0,23.029613984190846
2013,한국방송통신대학교,자연과학,11146.0,1637.0,14.686883186793468
2013,한국산업기술대학교(산업대),공학,4201.0,256.0,6.093787193525351
2013,한국산업기술대학교(산업대),예체능,1726.0,115.0,6.662804171494785
2013,한국산업기술대학교(산업대),인문사회,603.0,37.0,6.135986733001658
2013,한국성서대학교,공학,187.0,13.0,6.951871657754011
2013,한국성서대학교,자연과학,176.0,1.0,0.5681818181818182
2013,한국예술종합학교,공학,122.0,1.0,0.819672131147541
2013,한국예술종합학교,예체능,2004.0,21.0,1.0479041916167664
2013,한국예술종합학교,인문사회,148.0,3.0,2.027027027027027
2013,한국외국어대학교,인문사회,9897.0,252.0,2.5462261291300394
2013,한국외국어대학교(용인) _분교,공학,2409.0,102.0,4.2341220423412205
2013,한국외국어대학교(용인) _분교,인문사회,5560.0,222.0,3.9928057553956835
2013,한국외국어대학교(용인) _분교,자연과학,698.0,23.0,3.29512893982808
2013,한국전통문화대학교(일반),공학,229.0,5.0,2.1834061135371177
2013,한국전통문화대학교(일반),예체능,196.0,3.0,1.530612244897959
2013,한국전통문화대학교(일반),인문사회,220.0,4.0,1.8181818181818181
2013,한국체육대학교,공학,1.0,0.0,0.0
2013,한국체육대학교,예체능,1964.0,54.0,2.74949083503055
2013,한국체육대학교,인문사회,190.0,1.0,0.5263157894736842
2013,한국침례신학대학교,예체능,230.0,11.0,4.782608695652174
2013,한국침례신학대학교,인문사회,1767.0,83.0,4.697226938313525
2013,한국항공대학교,공학,4685.0,110.0,2.3479188900747063
2013,한국항공대학교,인문사회,1780.0,29.0,1.6292134831460674
2013,한남대학교,공학,4286.0,227.0,5.296313579094726
2013,한남대학교,예체능,1164.0,66.0,5.670103092783505
2013,한남대학교,인문사회,10304.0,420.0,4.076086956521739
2013,한남대학교,자연과학,1325.0,67.0,5.056603773584905
2013,한동대학교,공학,1832.0,48.0,2.6200873362445414
2013,한동대학교,인문사회,2769.0,52.0,1.8779342723004695
2013,한라대학교,공학,2787.0,175.0,6.279153211338357
2013,한라대학교,예체능,319.0,29.0,9.090909090909092
2013,한라대학교,인문사회,2760.0,163.0,5.905797101449275
2013,한려대학교,인문사회,117.0,41.0,35.04273504273504
2013,한려대학교,자연과학,461.0,49.0,10.629067245119305
2013,한려대학교(산업대),공학,2.0,0.0,0.0
2013,한려대학교(산업대),예체능,8.0,0.0,0.0
2013,한려대학교(산업대),인문사회,61.0,0.0,0.0
2013,한려대학교(산업대),자연과학,187.0,0.0,0.0
2013,한림대학교,공학,2006.0,104.0,5.18444666001994
2013,한림대학교,예체능,398.0,15.0,3.7688442211055273
2013,한림대학교,의학,292.0,0.0,0.0
2013,한림대학교,인문사회,6851.0,253.0,3.692891548679025
2013,한림대학교,자연과학,1800.0,65.0,3.6111111111111107
2013,한밭대학교(산업대),공학,5360.0,223.0,4.16044776119403
2013,한밭대학교(산업대),예체능,461.0,20.0,4.3383947939262475
2013,한밭대학교(산업대),인문사회,2322.0,63.0,2.7131782945736433
2013,한북대학교,공학,160.0,14.0,8.75
2013,한북대학교,예체능,83.0,3.0,3.614457831325301
2013,한북대학교,인문사회,1326.0,67.0,5.052790346907994
2013,한북대학교,자연과학,307.0,13.0,4.234527687296417
2013,한서대학교,공학,4061.0,196.0,4.82639743905442
2013,한서대학교,예체능,1010.0,65.0,6.435643564356436
2013,한서대학교,인문사회,2963.0,141.0,4.758690516368545
2013,한서대학교,자연과학,1277.0,62.0,4.85512920908379
2013,한성대학교,공학,2916.0,122.0,4.183813443072702
2013,한성대학교,예체능,1392.0,39.0,2.8017241379310347
2013,한성대학교,인문사회,5536.0,276.0,4.985549132947977
2013,한성대학교,자연과학,368.0,10.0,2.717391304347826
2013,한세대학교,공학,1048.0,61.0,5.820610687022901
2013,한세대학교,예체능,421.0,28.0,6.65083135391924
2013,한세대학교,인문사회,1829.0,81.0,4.428649535265173
2013,한세대학교,자연과학,79.0,0.0,0.0
2013,한신대학교,공학,1286.0,77.0,5.9875583203732505
2013,한신대학교,인문사회,5108.0,269.0,5.266249021143304
2013,한신대학교,자연과학,771.0,22.0,2.853437094682231
2013,한양대학교,공학,9239.0,231.0,2.500270592055417
2013,한양대학교,예체능,811.0,16.0,1.972872996300863
2013,한양대학교,의학,241.0,7.0,2.904564315352697
2013,한양대학교,인문사회,7742.0,125.0,1.6145698785843452
2013,한양대학교,자연과학,1496.0,34.0,2.272727272727273
2013,한양대학교(ERICA) _분교,공학,5796.0,121.0,2.087646652864044
2013,한양대학교(ERICA) _분교,예체능,1070.0,18.0,1.6822429906542056
2013,한양대학교(ERICA) _분교,인문사회,5322.0,103.0,1.9353626456219468
2013,한양대학교(ERICA) _분교,자연과학,512.0,9.0,1.7578125
2013,한일장신대학교,예체능,190.0,13.0,6.842105263157896
2013,한일장신대학교,인문사회,544.0,51.0,9.375
2013,한중대학교,공학,267.0,52.0,19.475655430711612
2013,한중대학교,예체능,186.0,30.0,16.129032258064516
2013,한중대학교,인문사회,985.0,132.0,13.401015228426397
2013,한중대학교,자연과학,520.0,34.0,6.538461538461539
2013,협성대학교,공학,1228.0,102.0,8.306188925081432
2013,협성대학교,예체능,858.0,62.0,7.226107226107226
2013,협성대학교,인문사회,3866.0,211.0,5.45783755819969
2013,협성대학교,자연과학,231.0,7.0,3.0303030303030303
2013,호남대학교,공학,2766.0,265.0,9.58062183658713
2013,호남대학교,예체능,643.0,52.0,8.087091757387247
2013,호남대학교,인문사회,3771.0,327.0,8.671439936356403
2013,호남대학교,자연과학,1422.0,84.0,5.9071729957805905
2013,호남신학대학교,예체능,250.0,14.0,5.6000000000000005
2013,호남신학대학교,인문사회,560.0,38.0,6.785714285714286
2013,호서대학교,공학,6495.0,342.0,5.265588914549654
2013,호서대학교,예체능,2187.0,134.0,6.127114769090078
2013,호서대학교,인문사회,5578.0,302.0,5.414126927214055
2013,호서대학교,자연과학,1251.0,47.0,3.7569944044764187
2013,호원대학교,공학,1181.0,79.0,6.689246401354784
2013,호원대학교,예체능,951.0,28.0,2.9442691903259726
2013,호원대학교,인문사회,3154.0,212.0,6.721623335447051
2013,호원대학교,자연과학,201.0,1.0,0.4975124378109453
2013,홍익대학교,공학,8035.0,205.0,2.551337896701929
2013,홍익대학교,예체능,993.0,16.0,1.6112789526686808
2013,홍익대학교,인문사회,6374.0,124.0,1.9454032005020396
2013,홍익대학교(세종) _분교,공학,3800.0,171.0,4.5
2013,홍익대학교(세종) _분교,예체능,2188.0,30.0,1.3711151736745886
2013,홍익대학교(세종) _분교,인문사회,1561.0,27.0,1.729660474055093
2013,화성의과학대학교,공학,238.0,31.0,13.025210084033615
2013,화성의과학대학교,예체능,216.0,20.0,9.25925925925926
2013,화성의과학대학교,인문사회,691.0,73.0,10.5643994211288
2013,화성의과학대학교,자연과학,153.0,6.0,3.9215686274509802
2014,가야대학교(김해),공학,349.0,39.0,11.174785100286533
2014,가야대학교(김해),인문사회,1215.0,98.0,8.065843621399177
2014,가야대학교(김해),자연과학,713.0,7.0,0.9817671809256662
2014,가천대학교,공학,5702.0,180.0,3.156787092248334
2014,가천대학교,예체능,1608.0,69.0,4.291044776119403
2014,가천대학교,의학,121.0,0.0,0.0
2014,가천대학교,인문사회,7585.0,208.0,2.7422544495715226
2014,가천대학교,자연과학,1828.0,65.0,3.555798687089715
2014,가톨릭관동대학교,공학,2343.0,211.0,9.00554844216816
2014,가톨릭관동대학교,예체능,1019.0,78.0,7.654563297350343
2014,가톨릭관동대학교,의학,231.0,1.0,0.4329004329004329
2014,가톨릭관동대학교,인문사회,10075.0,710.0,7.0471464019851116
2014,가톨릭관동대학교,자연과학,306.0,4.0,1.3071895424836601
2014,가톨릭꽃동네대학교,인문사회,441.0,16.0,3.6281179138321997
2014,가톨릭꽃동네대학교,자연과학,207.0,0.0,0.0
2014,가톨릭대학교,공학,2113.0,92.0,4.353999053478467
2014,가톨릭대학교,예체능,275.0,11.0,4.0
2014,가톨릭대학교,인문사회,6109.0,173.0,2.8318873792764774
2014,가톨릭대학교,자연과학,993.0,34.0,3.4239677744209467
2014,가톨릭대학교 _제2캠퍼스,의학,17.0,1.0,5.88235294117647
2014,가톨릭대학교 _제2캠퍼스,자연과학,409.0,11.0,2.689486552567237
2014,가톨릭대학교 _제3캠퍼스,인문사회,305.0,12.0,3.934426229508197
2014,감리교신학대학교,인문사회,389.0,20.0,5.141388174807198
2014,강남대학교,공학,1659.0,70.0,4.219409282700422
2014,강남대학교,예체능,893.0,50.0,5.599104143337066
2014,강남대학교,인문사회,4170.0,192.0,4.60431654676259
2014,강남대학교,자연과학,131.0,4.0,3.0534351145038165
2014,강서대학교,예체능,180.0,10.0,5.555555555555555
2014,강서대학교,인문사회,1218.0,80.0,6.568144499178982
2014,강원대학교,공학,7936.0,194.0,2.444556451612903
2014,강원대학교,예체능,974.0,42.0,4.312114989733059
2014,강원대학교,의학,179.0,2.0,1.1173184357541899
2014,강원대학교,인문사회,8745.0,164.0,1.87535734705546
2014,강원대학교,자연과학,3080.0,61.0,1.9805194805194806
2014,강원대학교 _제2캠퍼스,공학,5351.0,227.0,4.242197720052326
2014,강원대학교 _제2캠퍼스,예체능,825.0,35.0,4.242424242424243
2014,강원대학교 _제2캠퍼스,인문사회,2196.0,99.0,4.508196721311475
2014,강원대학교 _제2캠퍼스,자연과학,739.0,15.0,2.029769959404601
2014,건국대학교,공학,8112.0,231.0,2.8476331360946747
2014,건국대학교,예체능,1487.0,47.0,3.160726294552791
2014,건국대학교,의학,354.0,6.0,1.694915254237288
2014,건국대학교,인문사회,9060.0,195.0,2.152317880794702
2014,건국대학교,자연과학,1824.0,46.0,2.5219298245614032
2014,건국대학교(글로컬) _분교,공학,2336.0,133.0,5.693493150684931
2014,건국대학교(글로컬) _분교,예체능,1043.0,20.0,1.9175455417066156
2014,건국대학교(글로컬) _분교,의학,627.0,17.0,2.711323763955343
2014,건국대학교(글로컬) _분교,인문사회,4424.0,149.0,3.367992766726944
2014,건국대학교(글로컬) _분교,자연과학,664.0,54.0,8.132530120481928
2014,건양대학교,공학,2346.0,140.0,5.967604433077579
2014,건양대학교,예체능,542.0,22.0,4.059040590405904
2014,건양대학교,인문사회,3773.0,142.0,3.76358335542009
2014,건양대학교,자연과학,256.0,24.0,9.375
2014,건양대학교 _제2캠퍼스,공학,219.0,3.0,1.36986301369863
2014,건양대학교 _제2캠퍼스,의학,236.0,1.0,0.423728813559322
2014,건양대학교 _제2캠퍼스,자연과학,1172.0,17.0,1.4505119453924915
2014,경기대학교,공학,5909.0,235.0,3.9769842612963275
2014,경기대학교,예체능,657.0,22.0,3.34855403348554
2014,경기대학교,인문사회,7543.0,247.0,3.27455919395466
2014,경기대학교,자연과학,951.0,26.0,2.7339642481598316
2014,경기대학교 _제2캠퍼스,공학,123.0,9.0,7.317073170731707
2014,경기대학교 _제2캠퍼스,예체능,277.0,9.0,3.2490974729241873
2014,경기대학교 _제2캠퍼스,인문사회,3221.0,104.0,3.228810928283142
2014,경남과학기술대학교,공학,1533.0,90.0,5.870841487279844
2014,경남과학기술대학교,예체능,176.0,10.0,5.681818181818182
2014,경남과학기술대학교,인문사회,875.0,57.0,6.514285714285714
2014,경남과학기술대학교,자연과학,504.0,21.0,4.166666666666666
2014,경남대학교,공학,6109.0,308.0,5.041741692584711
2014,경남대학교,예체능,121.0,9.0,7.43801652892562
2014,경남대학교,인문사회,11033.0,440.0,3.988035892323031
2014,경남대학교,자연과학,1091.0,37.0,3.3913840513290556
2014,경동대학교,공학,974.0,69.0,7.084188911704311
2014,경동대학교,예체능,138.0,14.0,10.144927536231885
2014,경동대학교,인문사회,1973.0,209.0,10.593005575266092
2014,경동대학교,자연과학,1034.0,32.0,3.0947775628626695
2014,경동대학교 _제2캠퍼스,공학,74.0,3.0,4.054054054054054
2014,경동대학교 _제2캠퍼스,예체능,34.0,2.0,5.88235294117647
2014,경동대학교 _제2캠퍼스,인문사회,197.0,4.0,2.030456852791878
2014,경동대학교 _제3캠퍼스,자연과학,769.0,16.0,2.080624187256177
2014,경동대학교 _제4캠퍼스,공학,78.0,2.0,2.564102564102564
2014,경동대학교 _제4캠퍼스,예체능,64.0,11.0,17.1875
2014,경동대학교 _제4캠퍼스,인문사회,155.0,11.0,7.096774193548387
2014,경북대학교,공학,15610.0,537.0,3.4401024983984625
2014,경북대학교,예체능,674.0,19.0,2.8189910979228485
2014,경북대학교,의학,264.0,4.0,1.5151515151515151
2014,경북대학교,인문사회,11232.0,236.0,2.101139601139601
2014,경북대학교,자연과학,2571.0,68.0,2.64488525865422
2014,경상국립대학교,공학,9330.0,337.0,3.6120042872454445
2014,경상국립대학교,의학,257.0,3.0,1.1673151750972763
2014,경상국립대학교,인문사회,8550.0,221.0,2.584795321637427
2014,경상국립대학교,자연과학,2297.0,59.0,2.5685676969960816
2014,경성대학교,공학,4295.0,216.0,5.029103608847497
2014,경성대학교,예체능,2199.0,114.0,5.184174624829468
2014,경성대학교,의학,141.0,12.0,8.51063829787234
2014,경성대학교,인문사회,8966.0,367.0,4.0932411331697525
2014,경성대학교,자연과학,1704.0,69.0,4.049295774647888
2014,경운대학교,공학,1023.0,41.0,4.007820136852395
2014,경운대학교,예체능,253.0,27.0,10.67193675889328
2014,경운대학교,인문사회,931.0,70.0,7.518796992481203
2014,경운대학교,자연과학,825.0,26.0,3.151515151515152
2014,경운대학교(산업대),공학,554.0,61.0,11.010830324909747
2014,경운대학교(산업대),예체능,118.0,31.0,26.27118644067797
2014,경운대학교(산업대),인문사회,958.0,153.0,15.970772442588727
2014,경운대학교(산업대),자연과학,135.0,1.0,0.7407407407407408
2014,경인교육대학교,인문사회,655.0,12.0,1.8320610687022902
2014,경인교육대학교 _제2캠퍼스,인문사회,2068.0,8.0,0.3868471953578337
2014,경일대학교,공학,3613.0,295.0,8.164959867146415
2014,경일대학교,예체능,1235.0,79.0,6.396761133603239
2014,경일대학교,인문사회,2757.0,241.0,8.741385564018861
2014,경일대학교,자연과학,338.0,2.0,0.591715976331361
2014,경희대학교,공학,9338.0,237.0,2.538016705932748
2014,경희대학교,예체능,1880.0,39.0,2.074468085106383
2014,경희대학교,의학,777.0,12.0,1.5444015444015444
2014,경희대학교,인문사회,14540.0,294.0,2.0220082530949104
2014,경희대학교,자연과학,2911.0,64.0,2.198557196839574
2014,계명대학교,공학,4914.0,217.0,4.415954415954416
2014,계명대학교,예체능,3318.0,158.0,4.761904761904762
2014,계명대학교,의학,309.0,0.0,0.0
2014,계명대학교,인문사회,12871.0,497.0,3.8613938310931553
2014,계명대학교,자연과학,1432.0,36.0,2.5139664804469275
2014,고려대학교,공학,7769.0,218.0,2.8060239413051873
2014,고려대학교,예체능,220.0,4.0,1.8181818181818181
2014,고려대학교,의학,243.0,0.0,0.0
2014,고려대학교,인문사회,13984.0,157.0,1.1227116704805493
2014,고려대학교,자연과학,2753.0,77.0,2.7969487831456594
2014,고려대학교(세종) _분교,공학,2986.0,119.0,3.9852645679839247
2014,고려대학교(세종) _분교,예체능,696.0,17.0,2.442528735632184
2014,고려대학교(세종) _분교,인문사회,5471.0,159.0,2.9062328641930177
2014,고려대학교(세종) _분교,자연과학,1141.0,37.0,3.2427695004382118
2014,고신대학교,공학,653.0,48.0,7.3506891271056665
2014,고신대학교,예체능,520.0,37.0,7.115384615384615
2014,고신대학교,의학,322.0,1.0,0.3105590062111801
2014,고신대학교,인문사회,2736.0,141.0,5.1535087719298245
2014,고신대학교,자연과학,1061.0,41.0,3.8642789820923658
2014,공주교육대학교,인문사회,1664.0,9.0,0.5408653846153846
2014,광신대학교,예체능,122.0,12.0,9.836065573770492
2014,광신대학교,인문사회,453.0,31.0,6.843267108167771
2014,광운대학교,공학,6914.0,183.0,2.64680358692508
2014,광운대학교,예체능,777.0,14.0,1.8018018018018018
2014,광운대학교,인문사회,4155.0,134.0,3.2250300842358604
2014,광운대학교,자연과학,672.0,16.0,2.380952380952381
2014,광주가톨릭대학교,인문사회,139.0,6.0,4.316546762589928
2014,광주과학기술원,공학,116.0,3.0,2.586206896551724
2014,광주과학기술원,인문사회,282.0,7.0,2.4822695035460995
2014,광주과학기술원,자연과학,55.0,1.0,1.8181818181818181
2014,광주교육대학교,인문사회,1513.0,7.0,0.4626569729015202
2014,광주대학교,공학,1597.0,124.0,7.764558547276143
2014,광주대학교,예체능,1030.0,92.0,8.932038834951456
2014,광주대학교,의학,116.0,6.0,5.172413793103448
2014,광주대학교,인문사회,5375.0,430.0,8.0
2014,광주대학교,자연과학,948.0,49.0,5.168776371308017
2014,광주여자대학교,공학,487.0,15.0,3.0800821355236137
2014,광주여자대학교,예체능,1019.0,80.0,7.8508341511285575
2014,광주여자대학교,의학,101.0,6.0,5.9405940594059405
2014,광주여자대학교,인문사회,1543.0,68.0,4.4069993519118595
2014,광주여자대학교,자연과학,709.0,27.0,3.80818053596615
2014,국립강릉원주대학교,공학,3359.0,166.0,4.941947008038106
2014,국립강릉원주대학교,예체능,648.0,34.0,5.246913580246913
2014,국립강릉원주대학교,의학,157.0,0.0,0.0
2014,국립강릉원주대학교,인문사회,3589.0,155.0,4.318751741432154
2014,국립강릉원주대학교,자연과학,770.0,44.0,5.714285714285714
2014,국립강릉원주대학교 _제2캠퍼스,공학,1829.0,74.0,4.0459267359212685
2014,국립강릉원주대학교 _제2캠퍼스,예체능,334.0,29.0,8.682634730538922
2014,국립강릉원주대학교 _제2캠퍼스,인문사회,264.0,6.0,2.272727272727273
2014,국립강릉원주대학교 _제2캠퍼스,자연과학,260.0,0.0,0.0
2014,국립경국대학교,공학,3911.0,173.0,4.423421119918179
2014,국립경국대학교,예체능,600.0,36.0,6.0
2014,국립경국대학교,의학,202.0,7.0,3.4653465346534658
2014,국립경국대학교,인문사회,3978.0,146.0,3.6701860231272
2014,국립경국대학교,자연과학,1411.0,53.0,3.7562012756909993
2014,국립공주대학교,공학,7507.0,337.0,4.489143466098308
2014,국립공주대학교,예체능,554.0,16.0,2.888086642599278
2014,국립공주대학교,인문사회,7165.0,202.0,2.819260293091417
2014,국립공주대학교,자연과학,1206.0,57.0,4.72636815920398
2014,국립군산대학교,공학,6155.0,324.0,5.264012997562957
2014,국립군산대학교,예체능,517.0,41.0,7.930367504835589
2014,국립군산대학교,인문사회,3048.0,161.0,5.282152230971128
2014,국립군산대학교,자연과학,1106.0,48.0,4.3399638336347195
2014,국립금오공과대학교,공학,8207.0,276.0,3.3629828195442912
2014,국립금오공과대학교,예체능,270.0,5.0,1.8518518518518516
2014,국립금오공과대학교,인문사회,333.0,14.0,4.2042042042042045
2014,국립금오공과대학교,자연과학,274.0,24.0,8.75912408759124
2014,국립목포대학교,공학,4513.0,229.0,5.074230002215821
2014,국립목포대학교,예체능,605.0,46.0,7.6033057851239665
2014,국립목포대학교,인문사회,4229.0,183.0,4.327264128635611
2014,국립목포대학교,자연과학,1112.0,46.0,4.136690647482014
2014,국립목포해양대학교,공학,1280.0,112.0,8.75
2014,국립목포해양대학교,인문사회,443.0,8.0,1.805869074492099
2014,국립부경대학교,공학,12232.0,331.0,2.7060170045781557
2014,국립부경대학교,예체능,474.0,7.0,1.4767932489451476
2014,국립부경대학교,인문사회,7612.0,220.0,2.8901734104046244
2014,국립부경대학교,자연과학,1353.0,43.0,3.1781226903178124
2014,국립순천대학교,공학,3701.0,280.0,7.565522831667117
2014,국립순천대학교,예체능,794.0,45.0,5.6675062972292185
2014,국립순천대학교,의학,127.0,8.0,6.299212598425196
2014,국립순천대학교,인문사회,4222.0,214.0,5.068687825675036
2014,국립순천대학교,자연과학,1022.0,42.0,4.10958904109589
2014,국립창원대학교,공학,4478.0,163.0,3.6400178651183563
2014,국립창원대학교,예체능,702.0,52.0,7.4074074074074066
2014,국립창원대학교,인문사회,5043.0,168.0,3.331350386674598
2014,국립창원대학교,자연과학,1096.0,53.0,4.835766423357665
2014,국립한국교통대학교,공학,5377.0,194.0,3.607959828900874
2014,국립한국교통대학교,예체능,220.0,17.0,7.727272727272727
2014,국립한국교통대학교,인문사회,2349.0,86.0,3.6611323967645806
2014,국립한국교통대학교,자연과학,649.0,9.0,1.386748844375963
2014,국립한국해양대학교,공학,3722.0,93.0,2.4986566362170874
2014,국립한국해양대학교,인문사회,2626.0,85.0,3.2368621477532367
2014,국립한밭대학교,공학,2806.0,61.0,2.1739130434782608
2014,국립한밭대학교,예체능,215.0,11.0,5.116279069767442
2014,국립한밭대학교,인문사회,1267.0,54.0,4.262036306235202
2014,국민대학교,공학,5652.0,138.0,2.4416135881104037
2014,국민대학교,예체능,2233.0,68.0,3.045230631437528
2014,국민대학교,인문사회,6941.0,234.0,3.37127215098689
2014,국민대학교,자연과학,1426.0,59.0,4.137447405329593
2014,극동대학교,공학,1132.0,49.0,4.328621908127209
2014,극동대학교,예체능,890.0,67.0,7.528089887640449
2014,극동대학교,인문사회,2482.0,151.0,6.083803384367446
2014,극동대학교,자연과학,486.0,7.0,1.440329218106996
2014,금강대학교,인문사회,565.0,18.0,3.185840707964602
2014,김천대학교,공학,327.0,16.0,4.892966360856269
2014,김천대학교,예체능,114.0,6.0,5.263157894736842
2014,김천대학교,인문사회,1443.0,64.0,4.435204435204435
2014,김천대학교,자연과학,1488.0,39.0,2.620967741935484
2014,나사렛대학교,공학,476.0,28.0,5.88235294117647
2014,나사렛대학교,예체능,454.0,36.0,7.929515418502203
2014,나사렛대학교,인문사회,4035.0,165.0,4.089219330855019
2014,나사렛대학교,자연과학,1008.0,39.0,3.869047619047619
2014,남부대학교,공학,314.0,38.0,12.101910828025478
2014,남부대학교,예체능,436.0,54.0,12.385321100917432
2014,남부대학교,의학,127.0,20.0,15.748031496062993
2014,남부대학교,인문사회,1019.0,78.0,7.654563297350343
2014,남부대학교,자연과학,945.0,25.0,2.6455026455026456
2014,남서울대학교,공학,1679.0,63.0,3.7522334723049435
2014,남서울대학교,예체능,247.0,5.0,2.0242914979757085
2014,남서울대학교,인문사회,3803.0,135.0,3.549829082303445
2014,남서울대학교,자연과학,325.0,4.0,1.2307692307692308
2014,남서울대학교(산업대),공학,1670.0,206.0,12.335329341317365
2014,남서울대학교(산업대),예체능,281.0,36.0,12.811387900355871
2014,남서울대학교(산업대),인문사회,3455.0,406.0,11.75108538350217
2014,남서울대학교(산업대),자연과학,162.0,6.0,3.7037037037037033
2014,단국대학교,공학,6314.0,120.0,1.9005384859043395
2014,단국대학교,예체능,1109.0,23.0,2.0739404869251574
2014,단국대학교,인문사회,7489.0,139.0,1.856055548137268
2014,단국대학교,자연과학,564.0,5.0,0.8865248226950355
2014,단국대학교 _제2캠퍼스,공학,3841.0,129.0,3.358500390523301
2014,단국대학교 _제2캠퍼스,예체능,967.0,36.0,3.722854188210962
2014,단국대학교 _제2캠퍼스,의학,469.0,6.0,1.279317697228145
2014,단국대학교 _제2캠퍼스,인문사회,3884.0,142.0,3.6560247167868174
2014,단국대학교 _제2캠퍼스,자연과학,1609.0,57.0,3.5425730267246736
2014,대구가톨릭대학교,공학,3470.0,149.0,4.293948126801152
2014,대구가톨릭대학교,예체능,1005.0,61.0,6.069651741293533
2014,대구가톨릭대학교,의학,188.0,1.0,0.5319148936170213
2014,대구가톨릭대학교,인문사회,6462.0,261.0,4.03899721448468
2014,대구가톨릭대학교,자연과학,1194.0,26.0,2.1775544388609713
2014,대구경북과학기술원,자연과학,168.0,4.0,2.380952380952381
2014,대구교육대학교,인문사회,1774.0,8.0,0.4509582863585118
2014,대구대학교,공학,7934.0,424.0,5.344088732039324
2014,대구대학교,예체능,1230.0,66.0,5.365853658536586
2014,대구대학교,인문사회,13428.0,506.0,3.7682454572535002
2014,대구대학교,자연과학,2483.0,100.0,4.027386226339106
2014,대구예술대학교,공학,171.0,17.0,9.941520467836257
2014,대구예술대학교,예체능,1568.0,142.0,9.056122448979592
2014,대구예술대학교,인문사회,57.0,5.0,8.771929824561402
2014,대구예술대학교,자연과학,94.0,6.0,6.382978723404255
2014,대구외국어대학교,인문사회,390.0,25.0,6.41025641025641
2014,대구한의대학교,공학,1231.0,90.0,7.311129163281885
2014,대구한의대학교,예체능,553.0,38.0,6.871609403254973
2014,대구한의대학교,의학,703.0,22.0,3.1294452347083923
2014,대구한의대학교,인문사회,2684.0,210.0,7.824143070044709
2014,대구한의대학교,자연과학,2251.0,75.0,3.3318525099955574
2014,대신대학교,예체능,170.0,7.0,4.117647058823529
2014,대신대학교,인문사회,406.0,20.0,4.926108374384237
2014,대전가톨릭대학교,인문사회,107.0,9.0,8.411214953271028
2014,대전대학교,공학,3521.0,219.0,6.219823913660892
2014,대전대학교,예체능,1289.0,122.0,9.464701318851823
2014,대전대학교,의학,402.0,6.0,1.4925373134328357
2014,대전대학교,인문사회,6404.0,358.0,5.590256089943786
2014,대전대학교,자연과학,1313.0,47.0,3.57958872810358
2014,대전신학교,인문사회,20.0,1.0,5.0
2014,대전신학대학교,인문사회,255.0,19.0,7.450980392156863
2014,대진대학교,공학,3857.0,206.0,5.340938553279751
2014,대진대학교,예체능,673.0,49.0,7.280832095096583
2014,대진대학교,인문사회,5023.0,217.0,4.320127413896078
2014,대진대학교,자연과학,527.0,27.0,5.1233396584440225
2014,덕성여자대학교,공학,544.0,27.0,4.963235294117647
2014,덕성여자대학교,예체능,433.0,14.0,3.233256351039261
2014,덕성여자대학교,인문사회,4362.0,122.0,2.796882164144888
2014,덕성여자대학교,자연과학,1422.0,37.0,2.60196905766526
2014,동국대학교,공학,5483.0,166.0,3.027539668064928
2014,동국대학교,예체능,674.0,28.0,4.154302670623145
2014,동국대학교,인문사회,8566.0,198.0,2.311463927153864
2014,동국대학교,자연과학,1097.0,31.0,2.8258887876025525
2014,동국대학교(WISE) _분교,공학,1791.0,94.0,5.248464544946957
2014,동국대학교(WISE) _분교,예체능,565.0,26.0,4.601769911504425
2014,동국대학교(WISE) _분교,의학,415.0,1.0,0.24096385542168677
2014,동국대학교(WISE) _분교,인문사회,4368.0,222.0,5.082417582417582
2014,동국대학교(WISE) _분교,자연과학,851.0,35.0,4.112808460634548
2014,동덕여자대학교,공학,473.0,18.0,3.8054968287526427
2014,동덕여자대학교,예체능,1867.0,64.0,3.4279592929833957
2014,동덕여자대학교,인문사회,3665.0,129.0,3.519781718963165
2014,동덕여자대학교,자연과학,814.0,15.0,1.8427518427518428
2014,동명대학교,공학,4082.0,293.0,7.177853993140618
2014,동명대학교,예체능,2224.0,186.0,8.363309352517986
2014,동명대학교,인문사회,5909.0,364.0,6.16009477068878
2014,동명대학교,자연과학,495.0,18.0,3.6363636363636362
2014,동명정보대학교,공학,69.0,56.0,81.15942028985508
2014,동명정보대학교,예체능,40.0,35.0,87.5
2014,동명정보대학교,인문사회,48.0,36.0,75.0
2014,동서대학교,공학,3804.0,239.0,6.2828601472134595
2014,동서대학교,예체능,2378.0,139.0,5.84524810765349
2014,동서대학교,인문사회,6959.0,291.0,4.181635292427073
2014,동서대학교,자연과학,626.0,11.0,1.7571884984025559
2014,동신대학교,공학,2179.0,161.0,7.388710417622763
2014,동신대학교,예체능,596.0,51.0,8.557046979865772
2014,동신대학교,의학,219.0,1.0,0.45662100456621
2014,동신대학교,인문사회,3312.0,238.0,7.185990338164252
2014,동신대학교,자연과학,1333.0,50.0,3.7509377344336086
2014,동아대학교,공학,10955.0,319.0,2.9119123687813784
2014,동아대학교,예체능,1578.0,75.0,4.752851711026616
2014,동아대학교,의학,98.0,1.0,1.0204081632653061
2014,동아대학교,인문사회,9661.0,252.0,2.6084256288168928
2014,동아대학교,자연과학,1440.0,34.0,2.361111111111111
2014,동양대학교,공학,2722.0,213.0,7.825128581925054
2014,동양대학교,예체능,175.0,27.0,15.428571428571427
2014,동양대학교,인문사회,3548.0,298.0,8.399098083427283
2014,동양대학교,자연과학,247.0,4.0,1.6194331983805668
2014,동의대학교,공학,5626.0,267.0,4.745822964806257
2014,동의대학교,예체능,844.0,54.0,6.398104265402843
2014,동의대학교,의학,194.0,1.0,0.5154639175257731
2014,동의대학교,인문사회,10574.0,445.0,4.208435785889918
2014,동의대학교,자연과학,1135.0,23.0,2.026431718061674
2014,디지털서울문화예술대학교,공학,427.0,80.0,18.735362997658083
2014,디지털서울문화예술대학교,예체능,2067.0,369.0,17.851959361393323
2014,디지털서울문화예술대학교,인문사회,1948.0,364.0,18.68583162217659
2014,루터대학교,예체능,31.0,2.0,6.451612903225806
2014,루터대학교,인문사회,419.0,30.0,7.159904534606206
2014,루터대학교,자연과학,3.0,1.0,33.33333333333333
2014,명지대학교,공학,7016.0,179.0,2.5513112884834666
2014,명지대학교,예체능,1900.0,48.0,2.526315789473684
2014,명지대학교,인문사회,531.0,11.0,2.0715630885122414
2014,명지대학교,자연과학,694.0,18.0,2.5936599423631126
2014,명지대학교 _제2캠퍼스,인문사회,9573.0,205.0,2.141439465162436
2014,목원대학교,공학,3664.0,217.0,5.922489082969432
2014,목원대학교,예체능,1750.0,69.0,3.942857142857143
2014,목원대학교,인문사회,6504.0,357.0,5.488929889298893
2014,목원대학교,자연과학,140.0,2.0,1.4285714285714286
2014,목포가톨릭대학교,인문사회,171.0,9.0,5.263157894736842
2014,목포가톨릭대학교,자연과학,436.0,4.0,0.9174311926605505
2014,배재대학교,공학,3400.0,238.0,7.000000000000001
2014,배재대학교,예체능,944.0,71.0,7.521186440677965
2014,배재대학교,인문사회,6312.0,373.0,5.909378960709759
2014,배재대학교,자연과학,1290.0,72.0,5.5813953488372094
2014,백석대학교,공학,2221.0,154.0,6.933813597478614
2014,백석대학교,예체능,1608.0,88.0,5.472636815920398
2014,백석대학교,인문사회,8915.0,406.0,4.554122265844083
2014,백석대학교,자연과학,654.0,12.0,1.834862385321101
2014,부산가톨릭대학교,공학,585.0,31.0,5.299145299145299
2014,부산가톨릭대학교,인문사회,2431.0,103.0,4.236939531057178
2014,부산가톨릭대학교,자연과학,1409.0,36.0,2.55500354861604
2014,부산교육대학교,인문사회,1671.0,11.0,0.6582884500299222
2014,부산대학교,공학,12152.0,314.0,2.5839368005266623
2014,부산대학교,예체능,1530.0,30.0,1.9607843137254901
2014,부산대학교,의학,6.0,1.0,16.666666666666664
2014,부산대학교,인문사회,10726.0,179.0,1.6688420660078314
2014,부산대학교,자연과학,2954.0,55.0,1.8618821936357481
2014,부산디지털대학교,예체능,222.0,48.0,21.62162162162162
2014,부산디지털대학교,인문사회,2807.0,314.0,11.186319914499466
2014,부산외국어대학교,공학,433.0,28.0,6.466512702078522
2014,부산외국어대학교,예체능,609.0,50.0,8.210180623973727
2014,부산외국어대학교,인문사회,8304.0,407.0,4.901252408477842
2014,부산외국어대학교,자연과학,203.0,7.0,3.4482758620689653
2014,부산장신대학교,인문사회,344.0,14.0,4.069767441860465
2014,삼육대학교,공학,1697.0,72.0,4.242781378903948
2014,삼육대학교,예체능,1150.0,44.0,3.826086956521739
2014,삼육대학교,인문사회,2994.0,124.0,4.141616566466266
2014,삼육대학교,자연과학,1414.0,26.0,1.8387553041018387
2014,상명대학교,공학,1824.0,52.0,2.850877192982456
2014,상명대학교,예체능,806.0,46.0,5.707196029776675
2014,상명대학교,인문사회,5560.0,181.0,3.2553956834532376
2014,상명대학교,자연과학,257.0,2.0,0.7782101167315175
2014,상명대학교(천안) _분교,공학,2254.0,82.0,3.6379769299023956
2014,상명대학교(천안) _분교,예체능,2668.0,89.0,3.335832083958021
2014,상명대학교(천안) _분교,인문사회,2470.0,103.0,4.17004048582996
2014,상명대학교(천안) _분교,자연과학,49.0,3.0,6.122448979591836
2014,상지대학교,공학,2160.0,161.0,7.453703703703704
2014,상지대학교,예체능,911.0,79.0,8.67178924259056
2014,상지대학교,의학,249.0,0.0,0.0
2014,상지대학교,인문사회,4146.0,267.0,6.439942112879884
2014,상지대학교,자연과학,1053.0,37.0,3.513770180436847
2014,서강대학교,공학,3008.0,100.0,3.324468085106383
2014,서강대학교,예체능,90.0,0.0,0.0
2014,서강대학교,인문사회,6574.0,87.0,1.3233951931852754
2014,서강대학교,자연과학,785.0,20.0,2.547770700636943
2014,서경대학교,공학,2495.0,125.0,5.01002004008016
2014,서경대학교,예체능,777.0,75.0,9.652509652509652
2014,서경대학교,인문사회,3614.0,179.0,4.952960708356391
2014,서남대학교,공학,28.0,2.0,7.142857142857142
2014,서남대학교,예체능,157.0,29.0,18.471337579617835
2014,서남대학교,의학,210.0,0.0,0.0
2014,서남대학교,인문사회,51.0,12.0,23.52941176470588
2014,서남대학교,자연과학,702.0,39.0,5.555555555555555
2014,서남대학교 _제2캠퍼스,공학,275.0,36.0,13.090909090909092
2014,서남대학교 _제2캠퍼스,예체능,144.0,22.0,15.277777777777779
2014,서남대학교 _제2캠퍼스,인문사회,844.0,151.0,17.890995260663505
2014,서남대학교 _제2캠퍼스,자연과학,37.0,3.0,8.108108108108109
2014,서울과학기술대학교,공학,4721.0,104.0,2.2029231095106967
2014,서울과학기술대학교,예체능,862.0,18.0,2.088167053364269
2014,서울과학기술대학교,인문사회,896.0,32.0,3.571428571428571
2014,서울과학기술대학교,자연과학,33.0,1.0,3.0303030303030303
2014,서울과학기술대학교(산업대),공학,3989.0,156.0,3.910754575081474
2014,서울과학기술대학교(산업대),예체능,802.0,22.0,2.7431421446384037
2014,서울과학기술대학교(산업대),인문사회,694.0,21.0,3.025936599423631
2014,서울과학기술대학교(산업대),자연과학,2.0,1.0,50.0
2014,서울교육대학교,인문사회,1645.0,20.0,1.21580547112462
2014,서울기독대학교,예체능,223.0,15.0,6.726457399103139
2014,서울기독대학교,인문사회,508.0,40.0,7.874015748031496
2014,서울대학교,공학,5924.0,79.0,1.3335584064821067
2014,서울대학교,예체능,1057.0,8.0,0.7568590350047304
2014,서울대학교,의학,590.0,0.0,0.0
2014,서울대학교,인문사회,8474.0,58.0,0.6844465423648808
2014,서울대학교,자연과학,2004.0,38.0,1.8962075848303395
2014,서울디지털대학교,공학,958.0,166.0,17.32776617954071
2014,서울디지털대학교,예체능,1285.0,226.0,17.587548638132297
2014,서울디지털대학교,인문사회,9552.0,1791.0,18.75
2014,서울시립대학교,공학,6071.0,164.0,2.7013671553286116
2014,서울시립대학교,예체능,173.0,4.0,2.312138728323699
2014,서울시립대학교,인문사회,5081.0,103.0,2.027160007872466
2014,서울시립대학교,자연과학,712.0,20.0,2.8089887640449436
2014,서울신학대학교,예체능,428.0,31.0,7.242990654205607
2014,서울신학대학교,인문사회,1514.0,45.0,2.97225891677675
2014,서울여자대학교,공학,1432.0,43.0,3.0027932960893855
2014,서울여자대학교,예체능,926.0,30.0,3.2397408207343417
2014,서울여자대학교,인문사회,4727.0,110.0,2.3270573302305904
2014,서울여자대학교,자연과학,804.0,22.0,2.736318407960199
2014,서울장신대학교,예체능,156.0,6.0,3.8461538461538463
2014,서울장신대학교,인문사회,507.0,13.0,2.564102564102564
2014,서울한영대학교,예체능,82.0,12.0,14.634146341463413
2014,서울한영대학교,인문사회,474.0,37.0,7.805907172995781
2014,서원대학교,공학,1105.0,61.0,5.520361990950226
2014,서원대학교,예체능,841.0,63.0,7.491082045184304
2014,서원대학교,인문사회,6113.0,283.0,4.6294781612956
2014,서원대학교,자연과학,663.0,43.0,6.485671191553545
2014,선문대학교,공학,4178.0,274.0,6.55816179990426
2014,선문대학교,예체능,205.0,14.0,6.829268292682928
2014,선문대학교,인문사회,7000.0,350.0,5.0
2014,선문대학교,자연과학,695.0,18.0,2.5899280575539567
2014,성결대학교,공학,1979.0,115.0,5.811015664477009
2014,성결대학교,예체능,502.0,32.0,6.374501992031872
2014,성결대학교,인문사회,3414.0,194.0,5.682483889865261
2014,성공회대학교,공학,685.0,32.0,4.671532846715328
2014,성공회대학교,인문사회,1738.0,66.0,3.79746835443038
2014,성균관대학교,공학,7234.0,137.0,1.8938346696157036
2014,성균관대학교,예체능,1173.0,27.0,2.3017902813299234
2014,성균관대학교,의학,83.0,0.0,0.0
2014,성균관대학교,인문사회,11582.0,158.0,1.3641858055603524
2014,성균관대학교,자연과학,1722.0,19.0,1.1033681765389083
2014,성신여자대학교,공학,854.0,27.0,3.161592505854801
2014,성신여자대학교,예체능,1397.0,29.0,2.0758768790264854
2014,성신여자대학교,인문사회,5079.0,162.0,3.1896042528056703
2014,성신여자대학교,자연과학,1035.0,35.0,3.3816425120772946
2014,세명대학교,공학,3271.0,187.0,5.716906144909814
2014,세명대학교,예체능,1094.0,57.0,5.210237659963437
2014,세명대학교,의학,197.0,0.0,0.0
2014,세명대학교,인문사회,5597.0,293.0,5.234947293192782
2014,세명대학교,자연과학,1762.0,71.0,4.029511918274688
2014,세종대학교,공학,6827.0,213.0,3.1199648454665296
2014,세종대학교,예체능,1254.0,50.0,3.9872408293460926
2014,세종대학교,인문사회,5145.0,131.0,2.546161321671526
2014,세종대학교,자연과학,1024.0,33.0,3.22265625
2014,세한대학교,공학,299.0,68.0,22.74247491638796
2014,세한대학교,예체능,920.0,95.0,10.326086956521738
2014,세한대학교,인문사회,2951.0,382.0,12.944764486614707
2014,세한대학교,자연과학,510.0,24.0,4.705882352941177
2014,세한대학교 _제2캠퍼스,공학,92.0,23.0,25.0
2014,세한대학교 _제2캠퍼스,예체능,485.0,103.0,21.237113402061855
2014,세한대학교 _제2캠퍼스,인문사회,40.0,8.0,20.0
2014,송원대학교,공학,430.0,45.0,10.465116279069768
2014,송원대학교,예체능,240.0,42.0,17.5
2014,송원대학교,인문사회,651.0,45.0,6.912442396313365
2014,송원대학교,자연과학,352.0,14.0,3.977272727272727
2014,수원가톨릭대학교,인문사회,217.0,10.0,4.6082949308755765
2014,수원대학교,공학,5018.0,205.0,4.0852929453965725
2014,수원대학교,예체능,2226.0,141.0,6.334231805929918
2014,수원대학교,인문사회,4627.0,168.0,3.6308623298033282
2014,수원대학교,자연과학,1248.0,48.0,3.8461538461538463
2014,숙명여자대학교,공학,1157.0,49.0,4.235090751944685
2014,숙명여자대학교,예체능,1020.0,24.0,2.3529411764705883
2014,숙명여자대학교,인문사회,7917.0,152.0,1.9199191612984716
2014,숙명여자대학교,자연과학,1385.0,34.0,2.454873646209386
2014,순복음총회신학교,예체능,47.0,19.0,40.42553191489361
2014,순복음총회신학교,인문사회,30.0,18.0,60.0
2014,순천향대학교,공학,5126.0,247.0,4.81857198595396
2014,순천향대학교,예체능,722.0,46.0,6.3711911357340725
2014,순천향대학교,의학,729.0,23.0,3.155006858710562
2014,순천향대학교,인문사회,4916.0,207.0,4.2107404393816115
2014,순천향대학교,자연과학,1142.0,42.0,3.677758318739054
2014,숭실대학교,공학,8191.0,169.0,2.06324014161885
2014,숭실대학교,예체능,248.0,7.0,2.82258064516129
2014,숭실대학교,인문사회,7970.0,192.0,2.409033877038896
2014,숭실대학교,자연과학,496.0,27.0,5.443548387096774
2014,신경주대학교,공학,645.0,127.0,19.689922480620154
2014,신경주대학교,예체능,409.0,70.0,17.114914425427873
2014,신경주대학교,인문사회,1330.0,191.0,14.360902255639097
2014,신경주대학교,자연과학,212.0,6.0,2.8301886792452833
2014,신라대학교,공학,2435.0,200.0,8.213552361396303
2014,신라대학교,예체능,1362.0,120.0,8.81057268722467
2014,신라대학교,인문사회,5257.0,281.0,5.345253947118128
2014,신라대학교,자연과학,1126.0,46.0,4.085257548845471
2014,신한대학교,공학,416.0,17.0,4.086538461538462
2014,신한대학교,인문사회,276.0,9.0,3.260869565217391
2014,신한대학교,자연과학,205.0,3.0,1.4634146341463417
2014,신한대학교 _제2캠퍼스,공학,184.0,5.0,2.717391304347826
2014,신한대학교 _제2캠퍼스,예체능,227.0,9.0,3.9647577092511015
2014,신한대학교 _제2캠퍼스,인문사회,895.0,26.0,2.905027932960894
2014,신한대학교 _제2캠퍼스,자연과학,334.0,5.0,1.4970059880239521
2014,아신대학교,인문사회,484.0,34.0,7.024793388429752
2014,아주대학교,공학,7092.0,215.0,3.0315848843767625
2014,아주대학교,예체능,739.0,21.0,2.841677943166441
2014,아주대학교,의학,161.0,2.0,1.2422360248447204
2014,아주대학교,인문사회,4384.0,99.0,2.258211678832117
2014,아주대학교,자연과학,1021.0,11.0,1.0773751224289911
2014,안양대학교,공학,1713.0,84.0,4.903677758318739
2014,안양대학교,예체능,863.0,53.0,6.1413673232908454
2014,안양대학교,인문사회,3059.0,129.0,4.217064400130761
2014,안양대학교,자연과학,477.0,15.0,3.1446540880503147
2014,안양대학교 _제2캠퍼스,공학,468.0,30.0,6.41025641025641
2014,안양대학교 _제2캠퍼스,인문사회,301.0,18.0,5.980066445182724
2014,연세대학교,공학,6274.0,128.0,2.0401657634682815
2014,연세대학교,예체능,650.0,12.0,1.8461538461538463
2014,연세대학교,의학,442.0,2.0,0.4524886877828055
2014,연세대학교,인문사회,11544.0,77.0,0.667013167013167
2014,연세대학교,자연과학,2184.0,29.0,1.3278388278388278
2014,연세대학교(미래) _분교,공학,2548.0,102.0,4.003139717425432
2014,연세대학교(미래) _분교,예체능,541.0,12.0,2.2181146025878005
2014,연세대학교(미래) _분교,의학,457.0,3.0,0.6564551422319475
2014,연세대학교(미래) _분교,인문사회,4269.0,155.0,3.6308268915436868
2014,연세대학교(미래) _분교,자연과학,2009.0,77.0,3.8327526132404177
2014,영남대학교,공학,12256.0,343.0,2.7986292428198434
2014,영남대학교,예체능,1904.0,68.0,3.571428571428571
2014,영남대학교,의학,160.0,0.0,0.0
2014,영남대학교,인문사회,12386.0,338.0,2.7288874535766188
2014,영남대학교,자연과학,2300.0,61.0,2.6521739130434785
2014,영남신학대학교,인문사회,636.0,40.0,6.289308176100629
2014,영산대학교,공학,627.0,41.0,6.539074960127592
2014,영산대학교,예체능,7.0,0.0,0.0
2014,영산대학교,인문사회,1524.0,113.0,7.414698162729659
2014,영산대학교,자연과학,510.0,10.0,1.9607843137254901
2014,영산대학교 _제2캠퍼스,공학,160.0,11.0,6.875000000000001
2014,영산대학교 _제2캠퍼스,예체능,914.0,75.0,8.205689277899344
2014,영산대학교 _제2캠퍼스,인문사회,2263.0,171.0,7.556341140079541
2014,영산대학교(산업대),공학,3.0,1.0,33.33333333333333
2014,영산대학교(산업대),인문사회,49.0,13.0,26.53061224489796
2014,영산대학교(산업대) _제2캠퍼스,예체능,2.0,0.0,0.0
2014,영산대학교(산업대) _제2캠퍼스,인문사회,28.0,6.0,21.428571428571427
2014,예수대학교,인문사회,85.0,2.0,2.3529411764705883
2014,예수대학교,자연과학,552.0,3.0,0.5434782608695652
2014,예원예술대학교,예체능,412.0,65.0,15.776699029126215
2014,예원예술대학교,인문사회,115.0,27.0,23.47826086956522
2014,예원예술대학교 _제2캠퍼스,공학,153.0,7.0,4.57516339869281
2014,예원예술대학교 _제2캠퍼스,예체능,486.0,43.0,8.847736625514404
2014,용인대학교,공학,962.0,48.0,4.98960498960499
2014,용인대학교,예체능,1541.0,85.0,5.515898767034393
2014,용인대학교,인문사회,2184.0,108.0,4.945054945054945
2014,용인대학교,자연과학,585.0,16.0,2.735042735042735
2014,우석대학교,공학,2320.0,182.0,7.844827586206897
2014,우석대학교,예체능,878.0,86.0,9.79498861047836
2014,우석대학교,의학,536.0,37.0,6.902985074626866
2014,우석대학교,인문사회,4299.0,304.0,7.0714119562689
2014,우석대학교,자연과학,1017.0,62.0,6.096361848574238
2014,우송대학교,공학,2750.0,134.0,4.872727272727273
2014,우송대학교,예체능,1006.0,69.0,6.858846918489066
2014,우송대학교,인문사회,4067.0,184.0,4.52421932628473
2014,우송대학교,자연과학,492.0,11.0,2.2357723577235773
2014,우송대학교(산업대),공학,6.0,3.0,50.0
2014,우송대학교(산업대),예체능,2.0,1.0,50.0
2014,우송대학교(산업대),인문사회,12.0,7.0,58.333333333333336
2014,울산과학기술원,공학,2194.0,27.0,1.2306289881494985
2014,울산과학기술원,예체능,156.0,1.0,0.641025641025641
2014,울산과학기술원,인문사회,457.0,7.0,1.5317286652078774
2014,울산과학기술원,자연과학,983.0,31.0,3.1536113936927768
2014,울산대학교,공학,8670.0,258.0,2.975778546712803
2014,울산대학교,예체능,736.0,28.0,3.804347826086957
2014,울산대학교,의학,161.0,0.0,0.0
2014,울산대학교,인문사회,6166.0,180.0,2.9192345118391176
2014,울산대학교,자연과학,1718.0,58.0,3.3760186263096625
2014,원광대학교,공학,7205.0,351.0,4.871616932685635
2014,원광대학교,예체능,1633.0,100.0,6.12369871402327
2014,원광대학교,의학,1077.0,2.0,0.18570102135561745
2014,원광대학교,인문사회,7641.0,227.0,2.970815338306504
2014,원광대학교,자연과학,3117.0,116.0,3.721527109400064
2014,원광디지털대학교,예체능,1194.0,165.0,13.819095477386934
2014,원광디지털대학교,인문사회,2178.0,259.0,11.891643709825528
2014,원광디지털대학교,자연과학,1370.0,202.0,14.744525547445257
2014,위덕대학교,공학,999.0,116.0,11.611611611611613
2014,위덕대학교,예체능,153.0,24.0,15.686274509803921
2014,위덕대학교,인문사회,1450.0,90.0,6.206896551724138
2014,위덕대학교,자연과학,452.0,16.0,3.5398230088495577
2014,유원대학교,공학,1347.0,104.0,7.720861172976985
2014,유원대학교,예체능,852.0,84.0,9.859154929577464
2014,유원대학교,인문사회,2007.0,127.0,6.327852516193324
2014,유원대학교,자연과학,515.0,23.0,4.466019417475728
2014,을지대학교,의학,197.0,2.0,1.015228426395939
2014,을지대학교,인문사회,42.0,1.0,2.380952380952381
2014,을지대학교,자연과학,328.0,6.0,1.8292682926829267
2014,을지대학교 _제2캠퍼스,공학,411.0,12.0,2.9197080291970803
2014,을지대학교 _제2캠퍼스,예체능,165.0,17.0,10.303030303030303
2014,을지대학교 _제2캠퍼스,인문사회,624.0,18.0,2.8846153846153846
2014,을지대학교 _제2캠퍼스,자연과학,1135.0,22.0,1.9383259911894273
2014,이화여자대학교,공학,2785.0,150.0,5.385996409335727
2014,이화여자대학교,예체능,1026.0,11.0,1.0721247563352825
2014,이화여자대학교,인문사회,9046.0,96.0,1.0612425381384036
2014,이화여자대학교,자연과학,2520.0,38.0,1.507936507936508
2014,인제대학교,공학,4013.0,229.0,5.706454024420633
2014,인제대학교,예체능,1213.0,68.0,5.605935696619951
2014,인제대학교,인문사회,5023.0,168.0,3.344614772048576
2014,인제대학교,자연과학,953.0,18.0,1.888772298006296
2014,인제대학교 _제2캠퍼스,의학,418.0,1.0,0.23923444976076555
2014,인제대학교 _제2캠퍼스,자연과학,365.0,9.0,2.4657534246575343
2014,인천가톨릭대학교,인문사회,123.0,7.0,5.691056910569105
2014,인천가톨릭대학교 _제2캠퍼스,공학,342.0,23.0,6.725146198830409
2014,인천가톨릭대학교 _제2캠퍼스,예체능,271.0,10.0,3.6900369003690034
2014,인천가톨릭대학교 _제2캠퍼스,인문사회,87.0,4.0,4.597701149425287
2014,인천가톨릭대학교 _제2캠퍼스,자연과학,38.0,4.0,10.526315789473683
2014,인천대학교,공학,7028.0,290.0,4.126351735913489
2014,인천대학교,예체능,926.0,66.0,7.127429805615551
2014,인천대학교,인문사회,6581.0,225.0,3.4189332928126426
2014,인천대학교,자연과학,652.0,26.0,3.9877300613496933
2014,인하대학교,공학,11497.0,205.0,1.7830738453509611
2014,인하대학교,예체능,358.0,14.0,3.910614525139665
2014,인하대학교,의학,2.0,0.0,0.0
2014,인하대학교,인문사회,10946.0,131.0,1.1967842134112918
2014,인하대학교,자연과학,1943.0,40.0,2.058672156459084
2014,장로회신학대학교,예체능,281.0,16.0,5.6939501779359425
2014,장로회신학대학교,인문사회,650.0,12.0,1.8461538461538463
2014,전남대학교,공학,7453.0,223.0,2.992083724674628
2014,전남대학교,예체능,952.0,29.0,3.046218487394958
2014,전남대학교,의학,493.0,3.0,0.6085192697768762
2014,전남대학교,인문사회,9233.0,207.0,2.241958193436586
2014,전남대학교,자연과학,3409.0,63.0,1.8480492813141685
2014,전남대학교 _제2캠퍼스,공학,3175.0,205.0,6.456692913385827
2014,전남대학교 _제2캠퍼스,인문사회,1033.0,55.0,5.324298160696999
2014,전남대학교 _제2캠퍼스,자연과학,16.0,2.0,12.5
2014,전북대학교,공학,11480.0,345.0,3.005226480836237
2014,전북대학교,예체능,642.0,22.0,3.4267912772585665
2014,전북대학교,의학,218.0,0.0,0.0
2014,전북대학교,인문사회,9485.0,250.0,2.635740643120717
2014,전북대학교,자연과학,2680.0,74.0,2.7611940298507465
2014,전주교육대학교,인문사회,1283.0,9.0,0.7014809041309431
2014,전주대학교,공학,3725.0,240.0,6.442953020134229
2014,전주대학교,예체능,1780.0,129.0,7.247191011235955
2014,전주대학교,의학,119.0,16.0,13.445378151260504
2014,전주대학교,인문사회,8398.0,437.0,5.203619909502263
2014,전주대학교,자연과학,809.0,31.0,3.8318912237330034
2014,정석대학,공학,113.0,2.0,1.7699115044247788
2014,정석대학,인문사회,49.0,3.0,6.122448979591836
2014,제주국제대학교,공학,183.0,32.0,17.48633879781421
2014,제주국제대학교,예체능,21.0,7.0,33.33333333333333
2014,제주국제대학교,인문사회,359.0,35.0,9.749303621169917
2014,제주국제대학교,자연과학,36.0,9.0,25.0
2014,제주대학교,공학,4519.0,210.0,4.647045806594379
2014,제주대학교,예체능,696.0,35.0,5.028735632183908
2014,제주대학교,의학,211.0,3.0,1.4218009478672986
2014,제주대학교,인문사회,6201.0,170.0,2.7414933075310435
2014,제주대학교,자연과학,1565.0,45.0,2.8753993610223643
2014,조선대학교,공학,10515.0,477.0,4.536376604850214
2014,조선대학교,예체능,2736.0,135.0,4.934210526315789
2014,조선대학교,의학,19.0,0.0,0.0
2014,조선대학교,인문사회,13657.0,473.0,3.4634253496375487
2014,조선대학교,자연과학,1490.0,56.0,3.7583892617449663
2014,중부대학교,공학,3503.0,192.0,5.481016271767057
2014,중부대학교,예체능,1559.0,89.0,5.708787684413085
2014,중부대학교,인문사회,4531.0,216.0,4.767159567424409
2014,중부대학교,자연과학,572.0,10.0,1.7482517482517483
2014,중앙대학교,공학,5335.0,193.0,3.617619493908154
2014,중앙대학교,예체능,621.0,2.0,0.322061191626409
2014,중앙대학교,의학,314.0,4.0,1.2738853503184715
2014,중앙대학교,인문사회,12054.0,238.0,1.9744483159117305
2014,중앙대학교,자연과학,2041.0,34.0,1.6658500734933857
2014,중앙대학교 _제2캠퍼스,공학,1751.0,43.0,2.455739577384352
2014,중앙대학교 _제2캠퍼스,예체능,4151.0,87.0,2.0958805107203085
2014,중앙대학교 _제2캠퍼스,인문사회,3092.0,76.0,2.457956015523933
2014,중앙대학교 _제2캠퍼스,자연과학,92.0,6.0,6.521739130434782
2014,중앙승가대학교,인문사회,109.0,1.0,0.9174311926605505
2014,중원대학교,공학,538.0,34.0,6.319702602230483
2014,중원대학교,예체능,128.0,3.0,2.34375
2014,중원대학교,의학,114.0,9.0,7.894736842105263
2014,중원대학교,인문사회,805.0,59.0,7.329192546583851
2014,중원대학교,자연과학,398.0,15.0,3.7688442211055273
2014,진주교육대학교,인문사회,1469.0,5.0,0.3403675970047651
2014,진주산업대학교(산업대),공학,831.0,126.0,15.162454873646208
2014,진주산업대학교(산업대),예체능,142.0,23.0,16.19718309859155
2014,진주산업대학교(산업대),인문사회,220.0,31.0,14.09090909090909
2014,진주산업대학교(산업대),자연과학,163.0,30.0,18.404907975460123
2014,차의과학대학교,공학,553.0,27.0,4.882459312839059
2014,차의과학대학교,의학,102.0,0.0,0.0
2014,차의과학대학교,인문사회,290.0,17.0,5.862068965517241
2014,차의과학대학교,자연과학,938.0,14.0,1.4925373134328357
2014,창신대학교,공학,164.0,6.0,3.6585365853658534
2014,창신대학교,예체능,154.0,13.0,8.441558441558442
2014,창신대학교,인문사회,383.0,35.0,9.138381201044385
2014,창신대학교,자연과학,194.0,6.0,3.0927835051546393
2014,청운대학교,공학,897.0,77.0,8.58416945373467
2014,청운대학교,예체능,635.0,59.0,9.291338582677165
2014,청운대학교,인문사회,4131.0,297.0,7.18954248366013
2014,청운대학교,자연과학,487.0,16.0,3.285420944558522
2014,청주교육대학교,인문사회,1331.0,11.0,0.8264462809917356
2014,청주대학교,공학,5317.0,196.0,3.6862892608613884
2014,청주대학교,예체능,1296.0,54.0,4.166666666666666
2014,청주대학교,의학,149.0,6.0,4.026845637583892
2014,청주대학교,인문사회,10101.0,321.0,3.1779031779031777
2014,청주대학교,자연과학,1032.0,31.0,3.003875968992248
2014,초당대학교,공학,583.0,36.0,6.174957118353345
2014,초당대학교,예체능,333.0,43.0,12.912912912912914
2014,초당대학교,인문사회,622.0,67.0,10.77170418006431
2014,초당대학교,자연과학,817.0,39.0,4.773561811505508
2014,초당대학교(산업대),공학,260.0,10.0,3.8461538461538463
2014,초당대학교(산업대),예체능,343.0,7.0,2.0408163265306123
2014,초당대학교(산업대),인문사회,956.0,65.0,6.7991631799163175
2014,초당대학교(산업대),자연과학,751.0,22.0,2.929427430093209
2014,총신대학교,예체능,359.0,19.0,5.2924791086350975
2014,총신대학교,인문사회,1826.0,58.0,3.1763417305585984
2014,총신대학교,자연과학,16.0,2.0,12.5
2014,추계예술대학교,예체능,698.0,29.0,4.154727793696275
2014,추계예술대학교,인문사회,146.0,9.0,6.164383561643835
2014,춘천교육대학교,인문사회,1493.0,7.0,0.46885465505693236
2014,충남대학교,공학,8833.0,215.0,2.434054115249632
2014,충남대학교,예체능,569.0,15.0,2.6362038664323375
2014,충남대학교,의학,274.0,3.0,1.094890510948905
2014,충남대학교,인문사회,9503.0,191.0,2.0098916131747866
2014,충남대학교,자연과학,3828.0,110.0,2.8735632183908044
2014,충북대학교,공학,7949.0,160.0,2.0128318027424834
2014,충북대학교,예체능,205.0,5.0,2.4390243902439024
2014,충북대학교,의학,555.0,5.0,0.9009009009009009
2014,충북대학교,인문사회,7198.0,158.0,2.1950541817171434
2014,충북대학교,자연과학,2834.0,74.0,2.611150317572336
2014,칼빈대학교,예체능,92.0,16.0,17.391304347826086
2014,칼빈대학교,인문사회,92.0,9.0,9.782608695652174
2014,칼빈대학교,자연과학,94.0,0.0,0.0
2014,탐라대학교,공학,19.0,3.0,15.789473684210526
2014,탐라대학교,인문사회,92.0,23.0,25.0
2014,평택대학교,공학,1035.0,47.0,4.541062801932367
2014,평택대학교,예체능,935.0,46.0,4.919786096256685
2014,평택대학교,인문사회,2651.0,129.0,4.8660882685778954
2014,평택대학교,자연과학,285.0,7.0,2.456140350877193
2014,포항공과대학교,공학,1094.0,3.0,0.2742230347349177
2014,포항공과대학교,인문사회,182.0,2.0,1.098901098901099
2014,포항공과대학교,자연과학,251.0,3.0,1.1952191235059761
2014,한경국립대학교,공학,1490.0,52.0,3.48993288590604
2014,한경국립대학교,예체능,175.0,4.0,2.2857142857142856
2014,한경국립대학교,인문사회,586.0,23.0,3.9249146757679183
2014,한경국립대학교,자연과학,389.0,10.0,2.570694087403599
2014,한경대학교(산업대),공학,1909.0,93.0,4.871660555264536
2014,한경대학교(산업대),예체능,167.0,10.0,5.9880239520958085
2014,한경대학교(산업대),인문사회,719.0,29.0,4.033379694019471
2014,한경대학교(산업대),자연과학,200.0,15.0,7.5
2014,한국공학대학교,공학,1445.0,77.0,5.328719723183391
2014,한국공학대학교,예체능,808.0,26.0,3.217821782178218
2014,한국공학대학교,인문사회,471.0,22.0,4.670912951167728
2014,한국과학기술원,공학,2914.0,33.0,1.1324639670555936
2014,한국과학기술원,인문사회,50.0,0.0,0.0
2014,한국과학기술원,자연과학,339.0,7.0,2.0648967551622417
2014,한국교원대학교,인문사회,2810.0,48.0,1.708185053380783
2014,한국교통대학교(산업대),공학,463.0,48.0,10.367170626349893
2014,한국교통대학교(산업대),예체능,8.0,2.0,25.0
2014,한국교통대학교(산업대),인문사회,40.0,5.0,12.5
2014,한국교통대학교(산업대),자연과학,12.0,1.0,8.333333333333332
2014,한국국제대학교,공학,1141.0,138.0,12.094653812445223
2014,한국국제대학교,예체능,252.0,41.0,16.26984126984127
2014,한국국제대학교,인문사회,1331.0,120.0,9.015777610818933
2014,한국국제대학교,자연과학,444.0,32.0,7.207207207207207
2014,한국기술교육대학교,공학,5027.0,117.0,2.327431867913268
2014,한국기술교육대학교,예체능,294.0,16.0,5.442176870748299
2014,한국기술교육대학교,인문사회,994.0,25.0,2.5150905432595576
2014,한국방송통신대학교,공학,16704.0,4544.0,27.203065134099617
2014,한국방송통신대학교,예체능,5628.0,1586.0,28.18052594171997
2014,한국방송통신대학교,인문사회,188561.0,47045.0,24.94948584277767
2014,한국방송통신대학교,자연과학,9676.0,1629.0,16.83546920214965
2014,한국산업기술대학교(산업대),공학,1514.0,68.0,4.491413474240423
2014,한국산업기술대학교(산업대),예체능,681.0,46.0,6.7547723935389135
2014,한국산업기술대학교(산업대),인문사회,48.0,1.0,2.083333333333333
2014,한국성서대학교,공학,201.0,14.0,6.965174129353234
2014,한국성서대학교,자연과학,208.0,6.0,2.8846153846153846
2014,한국예술종합학교,공학,137.0,5.0,3.64963503649635
2014,한국예술종합학교,예체능,2072.0,43.0,2.0752895752895753
2014,한국예술종합학교,인문사회,141.0,4.0,2.8368794326241136
2014,한국외국어대학교,공학,2328.0,99.0,4.252577319587629
2014,한국외국어대학교,인문사회,15206.0,361.0,2.3740628699197686
2014,한국외국어대학교,자연과학,698.0,29.0,4.154727793696275
2014,한국전통문화대학교(일반),공학,229.0,2.0,0.8733624454148471
2014,한국전통문화대학교(일반),예체능,203.0,4.0,1.9704433497536946
2014,한국전통문화대학교(일반),인문사회,216.0,2.0,0.9259259259259258
2014,한국체육대학교,예체능,1980.0,44.0,2.2222222222222223
2014,한국체육대학교,인문사회,185.0,3.0,1.6216216216216217
2014,한국침례신학대학교,예체능,213.0,16.0,7.511737089201878
2014,한국침례신학대학교,인문사회,1747.0,108.0,6.18202633085289
2014,한국항공대학교,공학,4698.0,96.0,2.0434227330779056
2014,한국항공대학교,인문사회,1800.0,39.0,2.166666666666667
2014,한남대학교,공학,4235.0,249.0,5.879574970484061
2014,한남대학교,예체능,1176.0,75.0,6.377551020408164
2014,한남대학교,인문사회,10168.0,530.0,5.212431156569631
2014,한남대학교,자연과학,1281.0,60.0,4.683840749414521
2014,한동대학교,공학,1895.0,36.0,1.8997361477572559
2014,한동대학교,인문사회,2781.0,54.0,1.9417475728155338
2014,한라대학교,공학,2791.0,147.0,5.266929415979935
2014,한라대학교,예체능,317.0,18.0,5.678233438485805
2014,한라대학교,인문사회,2713.0,191.0,7.040176925912274
2014,한려대학교,인문사회,140.0,32.0,22.857142857142858
2014,한려대학교,자연과학,551.0,39.0,7.078039927404718
2014,한림대학교,공학,1970.0,88.0,4.467005076142132
2014,한림대학교,예체능,361.0,20.0,5.540166204986149
2014,한림대학교,의학,299.0,1.0,0.33444816053511706
2014,한림대학교,인문사회,6751.0,231.0,3.4217153014368242
2014,한림대학교,자연과학,1782.0,61.0,3.423120089786756
2014,한밭대학교(산업대),공학,2715.0,118.0,4.346224677716391
2014,한밭대학교(산업대),예체능,170.0,2.0,1.1764705882352942
2014,한밭대학교(산업대),인문사회,1097.0,32.0,2.917046490428441
2014,한북대학교,인문사회,240.0,4.0,1.6666666666666667
2014,한서대학교,공학,4100.0,258.0,6.2926829268292686
2014,한서대학교,예체능,1020.0,73.0,7.156862745098039
2014,한서대학교,인문사회,2403.0,125.0,5.201831044527673
2014,한서대학교,자연과학,1257.0,56.0,4.455051710421639
2014,한성대학교,공학,1466.0,81.0,5.525238744884038
2014,한성대학교,예체능,1094.0,32.0,2.9250457038391224
2014,한성대학교,인문사회,3051.0,123.0,4.031465093411996
2014,한성대학교,자연과학,178.0,6.0,3.3707865168539324
2014,한세대학교,공학,1053.0,60.0,5.698005698005698
2014,한세대학교,예체능,443.0,22.0,4.966139954853273
2014,한세대학교,인문사회,1789.0,94.0,5.254332029066518
2014,한세대학교,자연과학,105.0,0.0,0.0
2014,한신대학교,공학,1274.0,56.0,4.395604395604396
2014,한신대학교,인문사회,5153.0,234.0,4.541044052008539
2014,한신대학교,자연과학,725.0,45.0,6.206896551724138
2014,한양대학교,공학,9094.0,216.0,2.3751924345722455
2014,한양대학교,예체능,806.0,14.0,1.7369727047146404
2014,한양대학교,의학,225.0,1.0,0.4444444444444444
2014,한양대학교,인문사회,7526.0,122.0,1.6210470369386127
2014,한양대학교,자연과학,1544.0,41.0,2.655440414507772
2014,한양대학교(ERICA) _분교,공학,5589.0,94.0,1.6818751118268027
2014,한양대학교(ERICA) _분교,예체능,1229.0,17.0,1.3832384052074858
2014,한양대학교(ERICA) _분교,인문사회,5321.0,96.0,1.8041721480924637
2014,한양대학교(ERICA) _분교,자연과학,542.0,8.0,1.4760147601476015
2014,한일장신대학교,예체능,171.0,20.0,11.695906432748536
2014,한일장신대학교,인문사회,137.0,13.0,9.48905109489051
2014,한일장신대학교,자연과학,41.0,1.0,2.4390243902439024
2014,한중대학교,공학,181.0,35.0,19.337016574585636
2014,한중대학교,예체능,180.0,44.0,24.444444444444443
2014,한중대학교,인문사회,617.0,100.0,16.207455429497568
2014,한중대학교,자연과학,506.0,14.0,2.766798418972332
2014,협성대학교,공학,750.0,47.0,6.266666666666667
2014,협성대학교,예체능,854.0,59.0,6.908665105386416
2014,협성대학교,인문사회,3241.0,192.0,5.924097500771367
2014,협성대학교,자연과학,233.0,7.0,3.004291845493562
2014,호남대학교,공학,2215.0,167.0,7.539503386004514
2014,호남대학교,예체능,60.0,4.0,6.666666666666667
2014,호남대학교,인문사회,3771.0,225.0,5.966587112171838
2014,호남대학교,자연과학,1473.0,53.0,3.5980991174473864
2014,호남신학대학교,예체능,265.0,21.0,7.9245283018867925
2014,호남신학대학교,인문사회,480.0,24.0,5.0
2014,호서대학교,공학,4598.0,199.0,4.327968682035667
2014,호서대학교,예체능,2297.0,113.0,4.919460165433174
2014,호서대학교,인문사회,5591.0,287.0,5.13324986585584
2014,호서대학교,자연과학,1366.0,38.0,2.781844802342606
2014,호원대학교,공학,871.0,82.0,9.414466130884042
2014,호원대학교,예체능,1094.0,56.0,5.118829981718465
2014,호원대학교,인문사회,2605.0,204.0,7.8310940499040305
2014,호원대학교,자연과학,273.0,3.0,1.098901098901099
2014,홍익대학교,공학,7840.0,194.0,2.4744897959183674
2014,홍익대학교,예체능,1000.0,10.0,1.0
2014,홍익대학교,인문사회,6309.0,132.0,2.0922491678554445
2014,홍익대학교(세종) _분교,공학,3750.0,163.0,4.346666666666667
2014,홍익대학교(세종) _분교,예체능,2428.0,58.0,2.3887973640856672
2014,홍익대학교(세종) _분교,인문사회,1833.0,31.0,1.691216584833606
2014,화성의과학대학교,공학,242.0,27.0,11.15702479338843
2014,화성의과학대학교,예체능,213.0,27.0,12.676056338028168
2014,화성의과학대학교,인문사회,714.0,79.0,11.064425770308123
2014,화성의과학대학교,자연과학,171.0,0.0,0.0
2015,가야대학교(김해),공학,326.0,26.0,7.975460122699387
2015,가야대학교(김해),인문사회,1211.0,99.0,8.175061932287365
2015,가야대학교(김해),자연과학,824.0,12.0,1.4563106796116505
2015,가천대학교,공학,8077.0,285.0,3.528537823449301
2015,가천대학교,예체능,2152.0,108.0,5.018587360594796
2015,가천대학교,의학,118.0,0.0,0.0
2015,가천대학교,인문사회,10650.0,343.0,3.220657276995305
2015,가천대학교,자연과학,3268.0,80.0,2.4479804161566707
2015,가톨릭관동대학교,공학,1997.0,249.0,12.468703054581873
2015,가톨릭관동대학교,예체능,977.0,121.0,12.384851586489253
2015,가톨릭관동대학교,의학,227.0,0.0,0.0
2015,가톨릭관동대학교,인문사회,8671.0,1023.0,11.797947180256026
2015,가톨릭관동대학교,자연과학,339.0,6.0,1.7699115044247788
2015,가톨릭꽃동네대학교,인문사회,433.0,27.0,6.235565819861432
2015,가톨릭꽃동네대학교,자연과학,200.0,3.0,1.5
2015,가톨릭대학교,공학,2074.0,85.0,4.098360655737705
2015,가톨릭대학교,예체능,276.0,21.0,7.608695652173914
2015,가톨릭대학교,인문사회,6301.0,175.0,2.7773369306459292
2015,가톨릭대학교,자연과학,984.0,38.0,3.861788617886179
2015,가톨릭대학교 _제2캠퍼스,의학,6.0,0.0,0.0
2015,가톨릭대학교 _제2캠퍼스,자연과학,467.0,10.0,2.141327623126338
2015,가톨릭대학교 _제3캠퍼스,인문사회,281.0,8.0,2.8469750889679712
2015,감리교신학대학교,인문사회,377.0,39.0,10.344827586206897
2015,강남대학교,공학,1667.0,79.0,4.739052189562088
2015,강남대학교,예체능,855.0,51.0,5.964912280701754
2015,강남대학교,인문사회,7305.0,380.0,5.201916495550993
2015,강남대학교,자연과학,133.0,7.0,5.263157894736842
2015,강서대학교,예체능,174.0,13.0,7.471264367816093
2015,강서대학교,인문사회,1537.0,122.0,7.937540663630449
2015,강원대학교,공학,7700.0,288.0,3.74025974025974
2015,강원대학교,예체능,1059.0,50.0,4.721435316336167
2015,강원대학교,의학,185.0,1.0,0.5405405405405406
2015,강원대학교,인문사회,8769.0,267.0,3.0448169688676017
2015,강원대학교,자연과학,2957.0,90.0,3.043625295908015
2015,강원대학교 _제2캠퍼스,공학,5223.0,294.0,5.6289488799540495
2015,강원대학교 _제2캠퍼스,예체능,912.0,32.0,3.508771929824561
2015,강원대학교 _제2캠퍼스,인문사회,2432.0,115.0,4.728618421052631
2015,강원대학교 _제2캠퍼스,자연과학,740.0,19.0,2.5675675675675675
2015,건국대학교,공학,8179.0,247.0,3.019929086685414
2015,건국대학교,예체능,1167.0,16.0,1.371036846615253
2015,건국대학교,의학,370.0,1.0,0.2702702702702703
2015,건국대학교,인문사회,8717.0,161.0,1.8469656992084433
2015,건국대학교,자연과학,1902.0,50.0,2.6288117770767614
2015,건국대학교(글로컬) _분교,공학,3207.0,119.0,3.7106329903336457
2015,건국대학교(글로컬) _분교,예체능,1151.0,36.0,3.127715030408341
2015,건국대학교(글로컬) _분교,의학,614.0,28.0,4.5602605863192185
2015,건국대학교(글로컬) _분교,인문사회,5253.0,163.0,3.1029887683228634
2015,건국대학교(글로컬) _분교,자연과학,493.0,11.0,2.231237322515213
2015,건양대학교,공학,1455.0,87.0,5.979381443298969
2015,건양대학교,예체능,323.0,15.0,4.643962848297214
2015,건양대학교,인문사회,3657.0,167.0,4.566584632212196
2015,건양대학교,자연과학,263.0,15.0,5.7034220532319395
2015,건양대학교 _제2캠퍼스,공학,920.0,54.0,5.869565217391305
2015,건양대학교 _제2캠퍼스,예체능,194.0,7.0,3.608247422680412
2015,건양대학교 _제2캠퍼스,의학,239.0,4.0,1.6736401673640167
2015,건양대학교 _제2캠퍼스,인문사회,57.0,2.0,3.508771929824561
2015,건양대학교 _제2캠퍼스,자연과학,1269.0,18.0,1.4184397163120568
2015,경기대학교,공학,6126.0,220.0,3.591250408096637
2015,경기대학교,예체능,655.0,32.0,4.885496183206107
2015,경기대학교,인문사회,7830.0,260.0,3.3205619412515963
2015,경기대학교,자연과학,945.0,29.0,3.068783068783069
2015,경기대학교 _제2캠퍼스,공학,124.0,5.0,4.032258064516129
2015,경기대학교 _제2캠퍼스,예체능,258.0,10.0,3.875968992248062
2015,경기대학교 _제2캠퍼스,인문사회,2563.0,104.0,4.057744830277019
2015,경남과학기술대학교,공학,2851.0,160.0,5.612065941774816
2015,경남과학기술대학교,예체능,396.0,21.0,5.303030303030303
2015,경남과학기술대학교,인문사회,1466.0,96.0,6.548431105047749
2015,경남과학기술대학교,자연과학,999.0,38.0,3.8038038038038042
2015,경남대학교,공학,6147.0,275.0,4.473727021311209
2015,경남대학교,인문사회,10581.0,524.0,4.952272942065967
2015,경남대학교,자연과학,1122.0,31.0,2.7629233511586455
2015,경동대학교,공학,962.0,98.0,10.187110187110187
2015,경동대학교,예체능,140.0,9.0,6.428571428571428
2015,경동대학교,인문사회,1722.0,211.0,12.253193960511034
2015,경동대학교,자연과학,1147.0,41.0,3.5745422842197034
2015,경동대학교 _제2캠퍼스,공학,64.0,1.0,1.5625
2015,경동대학교 _제2캠퍼스,예체능,27.0,0.0,0.0
2015,경동대학교 _제2캠퍼스,인문사회,195.0,0.0,0.0
2015,경동대학교 _제3캠퍼스,자연과학,1146.0,13.0,1.1343804537521813
2015,경동대학교 _제4캠퍼스,공학,214.0,11.0,5.14018691588785
2015,경동대학교 _제4캠퍼스,예체능,119.0,25.0,21.008403361344538
2015,경동대학교 _제4캠퍼스,인문사회,323.0,19.0,5.88235294117647
2015,경북대학교,공학,15490.0,422.0,2.724338282763073
2015,경북대학교,예체능,667.0,11.0,1.6491754122938531
2015,경북대학교,의학,261.0,3.0,1.1494252873563218
2015,경북대학교,인문사회,10781.0,210.0,1.947871254985623
2015,경북대학교,자연과학,3252.0,67.0,2.060270602706027
2015,경상국립대학교,공학,9311.0,262.0,2.813876060573515
2015,경상국립대학교,의학,433.0,13.0,3.0023094688221708
2015,경상국립대학교,인문사회,8578.0,272.0,3.170902308230357
2015,경상국립대학교,자연과학,2040.0,40.0,1.9607843137254901
2015,경성대학교,공학,4071.0,209.0,5.133873741095553
2015,경성대학교,예체능,2923.0,139.0,4.755388299692098
2015,경성대학교,의학,149.0,6.0,4.026845637583892
2015,경성대학교,인문사회,8820.0,367.0,4.160997732426304
2015,경성대학교,자연과학,1631.0,57.0,3.494788473329246
2015,경운대학교,공학,1399.0,85.0,6.075768406004289
2015,경운대학교,예체능,617.0,78.0,12.641815235008103
2015,경운대학교,인문사회,1208.0,84.0,6.95364238410596
2015,경운대학교,자연과학,1111.0,30.0,2.7002700270027002
2015,경운대학교(산업대),공학,481.0,59.0,12.266112266112266
2015,경운대학교(산업대),예체능,97.0,17.0,17.525773195876287
2015,경운대학교(산업대),인문사회,564.0,116.0,20.56737588652482
2015,경운대학교(산업대),자연과학,129.0,8.0,6.2015503875969
2015,경인교육대학교,인문사회,1300.0,13.0,1.0
2015,경인교육대학교 _제2캠퍼스,인문사회,1362.0,1.0,0.07342143906020558
2015,경일대학교,공학,3655.0,232.0,6.3474692202462375
2015,경일대학교,예체능,1202.0,54.0,4.492512479201332
2015,경일대학교,인문사회,2667.0,240.0,8.998875140607424
2015,경일대학교,자연과학,425.0,3.0,0.7058823529411765
2015,경희대학교,공학,9276.0,249.0,2.684346701164295
2015,경희대학교,예체능,2067.0,46.0,2.2254475084663765
2015,경희대학교,의학,767.0,9.0,1.1734028683181226
2015,경희대학교,인문사회,14809.0,325.0,2.1946113849686
2015,경희대학교,자연과학,3262.0,90.0,2.7590435315757205
2015,계명대학교,공학,6348.0,264.0,4.158790170132325
2015,계명대학교,예체능,3568.0,170.0,4.76457399103139
2015,계명대학교,의학,306.0,1.0,0.32679738562091504
2015,계명대학교,인문사회,17229.0,711.0,4.126763015845377
2015,계명대학교,자연과학,2604.0,57.0,2.1889400921658986
2015,고려대학교,공학,7788.0,193.0,2.478171545968156
2015,고려대학교,예체능,272.0,5.0,1.8382352941176472
2015,고려대학교,의학,288.0,0.0,0.0
2015,고려대학교,인문사회,13445.0,133.0,0.9892153216809222
2015,고려대학교,자연과학,3161.0,74.0,2.341031319202784
2015,고려대학교(세종) _분교,공학,2941.0,89.0,3.026181570894254
2015,고려대학교(세종) _분교,예체능,547.0,12.0,2.1937842778793417
2015,고려대학교(세종) _분교,인문사회,5547.0,171.0,3.0827474310438077
2015,고려대학교(세종) _분교,자연과학,1126.0,27.0,2.3978685612788633
2015,고신대학교,공학,615.0,42.0,6.829268292682928
2015,고신대학교,예체능,516.0,53.0,10.271317829457365
2015,고신대학교,의학,321.0,1.0,0.3115264797507788
2015,고신대학교,인문사회,2695.0,153.0,5.6771799628942485
2015,고신대학교,자연과학,1056.0,31.0,2.9356060606060606
2015,공주교육대학교,인문사회,1570.0,7.0,0.445859872611465
2015,광신대학교,예체능,129.0,12.0,9.30232558139535
2015,광신대학교,인문사회,469.0,33.0,7.036247334754798
2015,광운대학교,공학,6488.0,183.0,2.8205918618988903
2015,광운대학교,예체능,734.0,20.0,2.7247956403269753
2015,광운대학교,인문사회,3865.0,152.0,3.9327296248382924
2015,광운대학교,자연과학,645.0,24.0,3.7209302325581395
2015,광주가톨릭대학교,인문사회,138.0,8.0,5.797101449275362
2015,광주과학기술원,공학,137.0,2.0,1.4598540145985401
2015,광주과학기술원,인문사회,388.0,9.0,2.3195876288659796
2015,광주과학기술원,자연과학,53.0,0.0,0.0
2015,광주교육대학교,인문사회,1446.0,10.0,0.6915629322268326
2015,광주대학교,공학,1641.0,147.0,8.957952468007313
2015,광주대학교,예체능,1038.0,95.0,9.152215799614643
2015,광주대학교,의학,98.0,7.0,7.142857142857142
2015,광주대학교,인문사회,5120.0,406.0,7.9296875
2015,광주대학교,자연과학,1000.0,65.0,6.5
2015,광주여자대학교,공학,493.0,18.0,3.6511156186612577
2015,광주여자대학교,예체능,930.0,54.0,5.806451612903226
2015,광주여자대학교,의학,113.0,10.0,8.849557522123893
2015,광주여자대학교,인문사회,1516.0,56.0,3.6939313984168867
2015,광주여자대학교,자연과학,705.0,23.0,3.2624113475177303
2015,국립강릉원주대학교,공학,3306.0,153.0,4.627949183303085
2015,국립강릉원주대학교,예체능,716.0,51.0,7.12290502793296
2015,국립강릉원주대학교,의학,168.0,1.0,0.5952380952380952
2015,국립강릉원주대학교,인문사회,3484.0,182.0,5.223880597014925
2015,국립강릉원주대학교,자연과학,748.0,46.0,6.149732620320856
2015,국립강릉원주대학교 _제2캠퍼스,공학,1822.0,95.0,5.214050493962678
2015,국립강릉원주대학교 _제2캠퍼스,예체능,239.0,25.0,10.460251046025103
2015,국립강릉원주대학교 _제2캠퍼스,인문사회,364.0,15.0,4.1208791208791204
2015,국립강릉원주대학교 _제2캠퍼스,자연과학,347.0,1.0,0.2881844380403458
2015,국립경국대학교,공학,3828.0,167.0,4.3625914315569485
2015,국립경국대학교,예체능,598.0,23.0,3.8461538461538463
2015,국립경국대학교,의학,199.0,8.0,4.0201005025125625
2015,국립경국대학교,인문사회,3864.0,170.0,4.399585921325052
2015,국립경국대학교,자연과학,1425.0,81.0,5.684210526315789
2015,국립공주대학교,공학,7483.0,386.0,5.158358946946412
2015,국립공주대학교,예체능,1072.0,52.0,4.850746268656716
2015,국립공주대학교,인문사회,7149.0,163.0,2.2800391663169677
2015,국립공주대학교,자연과학,1514.0,44.0,2.906208718626156
2015,국립군산대학교,공학,6144.0,407.0,6.624348958333333
2015,국립군산대학교,예체능,509.0,40.0,7.858546168958743
2015,국립군산대학교,인문사회,3054.0,183.0,5.992141453831041
2015,국립군산대학교,자연과학,1044.0,47.0,4.501915708812261
2015,국립금오공과대학교,공학,8321.0,305.0,3.665424828746545
2015,국립금오공과대학교,예체능,265.0,5.0,1.8867924528301887
2015,국립금오공과대학교,인문사회,739.0,39.0,5.2774018944519625
2015,국립금오공과대학교,자연과학,252.0,18.0,7.142857142857142
2015,국립목포대학교,공학,4504.0,274.0,6.08348134991119
2015,국립목포대학교,예체능,572.0,42.0,7.3426573426573425
2015,국립목포대학교,인문사회,4106.0,219.0,5.333658061373599
2015,국립목포대학교,자연과학,1114.0,50.0,4.488330341113106
2015,국립목포해양대학교,공학,1430.0,99.0,6.923076923076923
2015,국립목포해양대학교,인문사회,448.0,7.0,1.5625
2015,국립부경대학교,공학,12141.0,371.0,3.0557614694012027
2015,국립부경대학교,예체능,452.0,20.0,4.424778761061947
2015,국립부경대학교,인문사회,7502.0,207.0,2.759264196214343
2015,국립부경대학교,자연과학,1366.0,43.0,3.1478770131771596
2015,국립순천대학교,공학,3637.0,256.0,7.0387682155622775
2015,국립순천대학교,예체능,791.0,37.0,4.677623261694058
2015,국립순천대학교,의학,125.0,5.0,4.0
2015,국립순천대학교,인문사회,4180.0,195.0,4.6650717703349285
2015,국립순천대학교,자연과학,916.0,25.0,2.7292576419213974
2015,국립창원대학교,공학,4844.0,151.0,3.1172584640792733
2015,국립창원대학교,예체능,688.0,37.0,5.377906976744186
2015,국립창원대학교,인문사회,4392.0,171.0,3.8934426229508197
2015,국립창원대학교,자연과학,1052.0,34.0,3.2319391634980987
2015,국립한국교통대학교,공학,7135.0,305.0,4.274702172389628
2015,국립한국교통대학교,예체능,232.0,13.0,5.603448275862069
2015,국립한국교통대학교,인문사회,2992.0,112.0,3.7433155080213902
2015,국립한국교통대학교,자연과학,596.0,10.0,1.6778523489932886
2015,국립한국해양대학교,공학,3657.0,91.0,2.488378452283292
2015,국립한국해양대학교,인문사회,2653.0,91.0,3.430079155672823
2015,국립한밭대학교,공학,5282.0,192.0,3.63498674744415
2015,국립한밭대학교,예체능,511.0,24.0,4.6966731898238745
2015,국립한밭대학교,인문사회,2463.0,99.0,4.019488428745433
2015,국민대학교,공학,6435.0,142.0,2.2066822066822067
2015,국민대학교,예체능,2098.0,30.0,1.4299332697807436
2015,국민대학교,인문사회,10153.0,235.0,2.3145868216290753
2015,국민대학교,자연과학,1435.0,36.0,2.508710801393728
2015,극동대학교,공학,1305.0,60.0,4.597701149425287
2015,극동대학교,예체능,730.0,87.0,11.917808219178081
2015,극동대학교,인문사회,2328.0,150.0,6.443298969072164
2015,극동대학교,자연과학,489.0,15.0,3.067484662576687
2015,금강대학교,인문사회,628.0,24.0,3.821656050955414
2015,김천대학교,공학,289.0,18.0,6.228373702422145
2015,김천대학교,예체능,113.0,14.0,12.389380530973451
2015,김천대학교,인문사회,1527.0,75.0,4.911591355599214
2015,김천대학교,자연과학,1577.0,71.0,4.502219403931516
2015,나사렛대학교,공학,441.0,24.0,5.442176870748299
2015,나사렛대학교,예체능,402.0,21.0,5.223880597014925
2015,나사렛대학교,인문사회,4434.0,206.0,4.645917907081642
2015,나사렛대학교,자연과학,1033.0,40.0,3.8722168441432716
2015,남부대학교,공학,293.0,30.0,10.238907849829351
2015,남부대학교,예체능,478.0,53.0,11.08786610878661
2015,남부대학교,의학,100.0,7.0,7.000000000000001
2015,남부대학교,인문사회,979.0,58.0,5.9244126659857
2015,남부대학교,자연과학,1023.0,40.0,3.9100684261974585
2015,남서울대학교,공학,1882.0,76.0,4.038257173219979
2015,남서울대학교,예체능,667.0,17.0,2.548725637181409
2015,남서울대학교,인문사회,5343.0,169.0,3.1630170316301705
2015,남서울대학교,자연과학,473.0,8.0,1.6913319238900635
2015,남서울대학교(산업대),공학,1081.0,42.0,3.885291396854764
2015,남서울대학교(산업대),예체능,190.0,9.0,4.736842105263158
2015,남서울대학교(산업대),인문사회,2694.0,88.0,3.2665181885671863
2015,남서울대학교(산업대),자연과학,62.0,1.0,1.6129032258064515
2015,단국대학교,공학,6362.0,189.0,2.9707639107198993
2015,단국대학교,예체능,959.0,29.0,3.023983315954119
2015,단국대학교,인문사회,7253.0,168.0,2.316282917413484
2015,단국대학교,자연과학,454.0,14.0,3.0837004405286343
2015,단국대학교 _제2캠퍼스,공학,3987.0,149.0,3.7371457236017056
2015,단국대학교 _제2캠퍼스,예체능,949.0,35.0,3.68809272918862
2015,단국대학교 _제2캠퍼스,의학,470.0,0.0,0.0
2015,단국대학교 _제2캠퍼스,인문사회,6440.0,174.0,2.701863354037267
2015,단국대학교 _제2캠퍼스,자연과학,2215.0,63.0,2.8442437923250563
2015,대구가톨릭대학교,공학,5943.0,303.0,5.098435133770822
2015,대구가톨릭대학교,예체능,1020.0,54.0,5.294117647058823
2015,대구가톨릭대학교,의학,181.0,0.0,0.0
2015,대구가톨릭대학교,인문사회,8638.0,398.0,4.6075480435285945
2015,대구가톨릭대학교,자연과학,1872.0,47.0,2.5106837606837606
2015,대구경북과학기술원,자연과학,367.0,6.0,1.6348773841961852
2015,대구교육대학교,인문사회,1716.0,12.0,0.6993006993006993
2015,대구대학교,공학,8367.0,453.0,5.414126927214055
2015,대구대학교,예체능,1183.0,44.0,3.7193575655114115
2015,대구대학교,인문사회,14951.0,688.0,4.601698883017858
2015,대구대학교,자연과학,2478.0,117.0,4.721549636803874
2015,대구예술대학교,공학,199.0,21.0,10.552763819095476
2015,대구예술대학교,예체능,1567.0,233.0,14.86917677089981
2015,대구예술대학교,인문사회,31.0,16.0,51.61290322580645
2015,대구예술대학교,자연과학,99.0,7.0,7.07070707070707
2015,대구외국어대학교,인문사회,492.0,77.0,15.650406504065039
2015,대구한의대학교,공학,1373.0,95.0,6.919155134741442
2015,대구한의대학교,예체능,573.0,49.0,8.55148342059337
2015,대구한의대학교,의학,705.0,23.0,3.2624113475177303
2015,대구한의대학교,인문사회,2758.0,172.0,6.236403190717912
2015,대구한의대학교,자연과학,2299.0,87.0,3.784254023488473
2015,대신대학교,예체능,174.0,45.0,25.862068965517242
2015,대신대학교,인문사회,402.0,66.0,16.417910447761194
2015,대전가톨릭대학교,인문사회,105.0,5.0,4.761904761904762
2015,대전대학교,공학,3516.0,199.0,5.6598407281001135
2015,대전대학교,예체능,1265.0,72.0,5.691699604743083
2015,대전대학교,의학,431.0,11.0,2.5522041763341066
2015,대전대학교,인문사회,6455.0,349.0,5.406661502711076
2015,대전대학교,자연과학,1325.0,30.0,2.2641509433962264
2015,대전신학교,인문사회,11.0,0.0,0.0
2015,대전신학대학교,인문사회,242.0,24.0,9.917355371900827
2015,대진대학교,공학,3821.0,245.0,6.411934048678357
2015,대진대학교,예체능,553.0,42.0,7.59493670886076
2015,대진대학교,인문사회,5415.0,299.0,5.521698984302863
2015,대진대학교,자연과학,581.0,22.0,3.7865748709122204
2015,덕성여자대학교,공학,482.0,27.0,5.601659751037345
2015,덕성여자대학교,예체능,445.0,19.0,4.269662921348314
2015,덕성여자대학교,인문사회,4152.0,138.0,3.3236994219653178
2015,덕성여자대학교,자연과학,1330.0,31.0,2.330827067669173
2015,동국대학교,공학,5711.0,200.0,3.502013657853266
2015,동국대학교,예체능,798.0,34.0,4.260651629072681
2015,동국대학교,인문사회,10119.0,300.0,2.964719833975689
2015,동국대학교,자연과학,1114.0,30.0,2.6929982046678633
2015,동국대학교(WISE) _분교,공학,2169.0,131.0,6.039649608114338
2015,동국대학교(WISE) _분교,예체능,820.0,33.0,4.024390243902439
2015,동국대학교(WISE) _분교,의학,385.0,0.0,0.0
2015,동국대학교(WISE) _분교,인문사회,6486.0,345.0,5.319148936170213
2015,동국대학교(WISE) _분교,자연과학,772.0,25.0,3.2383419689119166
2015,동덕여자대학교,공학,791.0,43.0,5.436156763590392
2015,동덕여자대학교,예체능,1839.0,64.0,3.4801522566612286
2015,동덕여자대학교,인문사회,4704.0,192.0,4.081632653061225
2015,동덕여자대학교,자연과학,970.0,20.0,2.0618556701030926
2015,동명대학교,공학,3998.0,275.0,6.878439219609805
2015,동명대학교,예체능,2148.0,191.0,8.891992551210429
2015,동명대학교,인문사회,5863.0,332.0,5.662630052873956
2015,동명대학교,자연과학,616.0,22.0,3.571428571428571
2015,동서대학교,공학,3615.0,181.0,5.006915629322268
2015,동서대학교,예체능,2252.0,139.0,6.172291296625223
2015,동서대학교,인문사회,7161.0,297.0,4.147465437788019
2015,동서대학교,자연과학,645.0,20.0,3.10077519379845
2015,동신대학교,공학,2457.0,167.0,6.796906796906797
2015,동신대학교,예체능,595.0,58.0,9.747899159663866
2015,동신대학교,의학,229.0,0.0,0.0
2015,동신대학교,인문사회,3601.0,261.0,7.247986670369341
2015,동신대학교,자연과학,1316.0,38.0,2.8875379939209727
2015,동아대학교,공학,10623.0,286.0,2.6922714863974395
2015,동아대학교,예체능,1638.0,73.0,4.456654456654457
2015,동아대학교,의학,127.0,1.0,0.7874015748031495
2015,동아대학교,인문사회,13443.0,459.0,3.4144164249051547
2015,동아대학교,자연과학,1379.0,39.0,2.8281363306744014
2015,동양대학교,공학,2610.0,194.0,7.432950191570881
2015,동양대학교,예체능,187.0,12.0,6.417112299465241
2015,동양대학교,인문사회,3447.0,301.0,8.732230925442414
2015,동양대학교,자연과학,283.0,7.0,2.4734982332155475
2015,동의대학교,공학,7550.0,383.0,5.072847682119205
2015,동의대학교,예체능,1698.0,84.0,4.946996466431095
2015,동의대학교,의학,207.0,0.0,0.0
2015,동의대학교,인문사회,10081.0,497.0,4.93006646166055
2015,동의대학교,자연과학,1657.0,44.0,2.655401327700664
2015,디지털서울문화예술대학교,공학,400.0,85.0,21.25
2015,디지털서울문화예술대학교,예체능,2245.0,380.0,16.926503340757236
2015,디지털서울문화예술대학교,인문사회,1861.0,443.0,23.804406233207953
2015,루터대학교,예체능,10.0,3.0,30.0
2015,루터대학교,인문사회,392.0,29.0,7.3979591836734695
2015,루터대학교,자연과학,1.0,1.0,100.0
2015,명지대학교,공학,6810.0,185.0,2.7165932452276063
2015,명지대학교,예체능,1841.0,48.0,2.6072786529060292
2015,명지대학교,인문사회,529.0,15.0,2.835538752362949
2015,명지대학교,자연과학,686.0,12.0,1.749271137026239
2015,명지대학교 _제2캠퍼스,인문사회,9317.0,180.0,1.9319523451754856
2015,목원대학교,공학,3407.0,216.0,6.339888464925155
2015,목원대학교,예체능,1692.0,82.0,4.846335697399527
2015,목원대학교,인문사회,6197.0,339.0,5.4703888978538
2015,목원대학교,자연과학,139.0,11.0,7.913669064748201
2015,목포가톨릭대학교,인문사회,166.0,8.0,4.819277108433735
2015,목포가톨릭대학교,자연과학,441.0,3.0,0.6802721088435374
2015,배재대학교,공학,3366.0,240.0,7.130124777183601
2015,배재대학교,예체능,891.0,73.0,8.19304152637486
2015,배재대학교,인문사회,5815.0,390.0,6.706792777300086
2015,배재대학교,자연과학,1327.0,81.0,6.103993971363979
2015,백석대학교,공학,2116.0,147.0,6.9470699432892244
2015,백석대학교,예체능,1510.0,82.0,5.430463576158941
2015,백석대학교,인문사회,8553.0,360.0,4.209049456331112
2015,백석대학교,자연과학,737.0,6.0,0.8141112618724559
2015,부산가톨릭대학교,공학,576.0,51.0,8.854166666666668
2015,부산가톨릭대학교,인문사회,2346.0,113.0,4.816709292412617
2015,부산가톨릭대학교,자연과학,1525.0,33.0,2.1639344262295084
2015,부산교육대학교,인문사회,1617.0,5.0,0.30921459492888065
2015,부산대학교,공학,11811.0,337.0,2.8532723732114134
2015,부산대학교,예체능,1784.0,35.0,1.961883408071749
2015,부산대학교,의학,3.0,0.0,0.0
2015,부산대학교,인문사회,10686.0,185.0,1.7312371326969869
2015,부산대학교,자연과학,2948.0,86.0,2.9172320217096335
2015,부산디지털대학교,예체능,161.0,28.0,17.391304347826086
2015,부산디지털대학교,인문사회,2607.0,427.0,16.37897967011891
2015,부산외국어대학교,공학,548.0,30.0,5.474452554744526
2015,부산외국어대학교,예체능,608.0,54.0,8.881578947368421
2015,부산외국어대학교,인문사회,9902.0,512.0,5.170672591395677
2015,부산외국어대학교,자연과학,255.0,12.0,4.705882352941177
2015,부산장신대학교,인문사회,334.0,25.0,7.48502994011976
2015,삼육대학교,공학,1736.0,86.0,4.953917050691245
2015,삼육대학교,예체능,1157.0,43.0,3.7165082108902334
2015,삼육대학교,인문사회,2864.0,131.0,4.574022346368714
2015,삼육대학교,자연과학,1408.0,32.0,2.272727272727273
2015,상명대학교,공학,1748.0,67.0,3.8329519450800915
2015,상명대학교,예체능,949.0,27.0,2.845100105374078
2015,상명대학교,인문사회,5517.0,205.0,3.7157875657059996
2015,상명대학교,자연과학,268.0,10.0,3.731343283582089
2015,상명대학교(천안) _분교,공학,2437.0,95.0,3.8982355354944604
2015,상명대학교(천안) _분교,예체능,2642.0,84.0,3.1794095382286147
2015,상명대학교(천안) _분교,인문사회,2484.0,97.0,3.9049919484702094
2015,상명대학교(천안) _분교,자연과학,241.0,3.0,1.2448132780082988
2015,상지대학교,공학,2483.0,206.0,8.296415626258558
2015,상지대학교,예체능,1084.0,88.0,8.118081180811808
2015,상지대학교,의학,242.0,1.0,0.4132231404958678
2015,상지대학교,인문사회,5610.0,416.0,7.415329768270945
2015,상지대학교,자연과학,1121.0,48.0,4.281891168599464
2015,서강대학교,공학,2951.0,88.0,2.982039986445273
2015,서강대학교,예체능,122.0,0.0,0.0
2015,서강대학교,인문사회,6361.0,102.0,1.6035214588901119
2015,서강대학교,자연과학,782.0,18.0,2.3017902813299234
2015,서경대학교,공학,2955.0,160.0,5.414551607445008
2015,서경대학교,예체능,1174.0,73.0,6.218057921635435
2015,서경대학교,인문사회,3769.0,172.0,4.563544706818785
2015,서남대학교,공학,19.0,2.0,10.526315789473683
2015,서남대학교,예체능,146.0,29.0,19.863013698630137
2015,서남대학교,의학,201.0,3.0,1.4925373134328357
2015,서남대학교,인문사회,48.0,15.0,31.25
2015,서남대학교,자연과학,672.0,30.0,4.464285714285714
2015,서남대학교 _제2캠퍼스,공학,279.0,39.0,13.978494623655912
2015,서남대학교 _제2캠퍼스,예체능,155.0,45.0,29.03225806451613
2015,서남대학교 _제2캠퍼스,인문사회,650.0,115.0,17.692307692307693
2015,서남대학교 _제2캠퍼스,자연과학,37.0,2.0,5.405405405405405
2015,서울과학기술대학교,공학,6486.0,131.0,2.0197348134443414
2015,서울과학기술대학교,예체능,638.0,3.0,0.4702194357366771
2015,서울과학기술대학교,인문사회,1548.0,54.0,3.488372093023256
2015,서울과학기술대학교,자연과학,33.0,1.0,3.0303030303030303
2015,서울과학기술대학교(산업대),공학,4097.0,177.0,4.320234317793507
2015,서울과학기술대학교(산업대),예체능,358.0,22.0,6.145251396648044
2015,서울과학기술대학교(산업대),인문사회,830.0,37.0,4.457831325301205
2015,서울과학기술대학교(산업대),자연과학,1.0,1.0,100.0
2015,서울교육대학교,인문사회,1600.0,10.0,0.625
2015,서울기독대학교,예체능,227.0,27.0,11.894273127753303
2015,서울기독대학교,인문사회,592.0,76.0,12.837837837837837
2015,서울대학교,공학,5922.0,93.0,1.5704154002026343
2015,서울대학교,예체능,1077.0,9.0,0.8356545961002786
2015,서울대학교,의학,646.0,7.0,1.08359133126935
2015,서울대학교,인문사회,8328.0,60.0,0.7204610951008645
2015,서울대학교,자연과학,1920.0,36.0,1.875
2015,서울디지털대학교,공학,872.0,149.0,17.087155963302752
2015,서울디지털대학교,예체능,1521.0,245.0,16.10782380013149
2015,서울디지털대학교,인문사회,8898.0,1579.0,17.745560800179817
2015,서울시립대학교,공학,6066.0,151.0,2.4892845367622813
2015,서울시립대학교,예체능,165.0,6.0,3.6363636363636362
2015,서울시립대학교,인문사회,5680.0,113.0,1.98943661971831
2015,서울시립대학교,자연과학,715.0,25.0,3.4965034965034967
2015,서울신학대학교,예체능,444.0,18.0,4.054054054054054
2015,서울신학대학교,인문사회,2137.0,90.0,4.211511464670098
2015,서울여자대학교,공학,1444.0,57.0,3.9473684210526314
2015,서울여자대학교,예체능,948.0,22.0,2.320675105485232
2015,서울여자대학교,인문사회,4975.0,116.0,2.3316582914572863
2015,서울여자대학교,자연과학,787.0,35.0,4.447268106734435
2015,서울장신대학교,예체능,160.0,11.0,6.875000000000001
2015,서울장신대학교,인문사회,519.0,12.0,2.312138728323699
2015,서울한영대학교,예체능,72.0,11.0,15.277777777777779
2015,서울한영대학교,인문사회,715.0,51.0,7.1328671328671325
2015,서원대학교,공학,1179.0,63.0,5.343511450381679
2015,서원대학교,예체능,755.0,60.0,7.9470198675496695
2015,서원대학교,인문사회,5978.0,247.0,4.1318166610906655
2015,서원대학교,자연과학,662.0,28.0,4.229607250755287
2015,선문대학교,공학,4115.0,209.0,5.078979343863913
2015,선문대학교,예체능,206.0,7.0,3.3980582524271843
2015,선문대학교,인문사회,7137.0,339.0,4.7498949138293405
2015,선문대학교,자연과학,726.0,8.0,1.1019283746556474
2015,성결대학교,공학,1928.0,104.0,5.394190871369295
2015,성결대학교,예체능,506.0,24.0,4.743083003952568
2015,성결대학교,인문사회,4437.0,219.0,4.935767410412441
2015,성공회대학교,공학,690.0,32.0,4.63768115942029
2015,성공회대학교,인문사회,1695.0,78.0,4.601769911504425
2015,성균관대학교,공학,7636.0,150.0,1.964379256155055
2015,성균관대학교,예체능,1206.0,30.0,2.4875621890547266
2015,성균관대학교,의학,108.0,0.0,0.0
2015,성균관대학교,인문사회,11318.0,146.0,1.289980561936738
2015,성균관대학교,자연과학,1796.0,21.0,1.1692650334075725
2015,성신여자대학교,공학,852.0,47.0,5.516431924882629
2015,성신여자대학교,예체능,1437.0,37.0,2.5748086290883787
2015,성신여자대학교,인문사회,5841.0,204.0,3.4925526450950177
2015,성신여자대학교,자연과학,1653.0,65.0,3.9322444041137325
2015,세명대학교,공학,3134.0,186.0,5.93490746649649
2015,세명대학교,예체능,1142.0,84.0,7.355516637478108
2015,세명대학교,의학,187.0,0.0,0.0
2015,세명대학교,인문사회,5534.0,336.0,6.071557643657391
2015,세명대학교,자연과학,1814.0,51.0,2.811466372657111
2015,세종대학교,공학,6847.0,223.0,3.256900832481379
2015,세종대학교,예체능,1536.0,48.0,3.125
2015,세종대학교,인문사회,5115.0,147.0,2.873900293255132
2015,세종대학교,자연과학,917.0,30.0,3.271537622682661
2015,세한대학교,공학,191.0,40.0,20.94240837696335
2015,세한대학교,예체능,799.0,218.0,27.284105131414265
2015,세한대학교,인문사회,2557.0,406.0,15.877982010168164
2015,세한대학교,자연과학,573.0,12.0,2.094240837696335
2015,세한대학교 _제2캠퍼스,공학,214.0,9.0,4.205607476635514
2015,세한대학교 _제2캠퍼스,예체능,675.0,122.0,18.074074074074073
2015,세한대학교 _제2캠퍼스,인문사회,255.0,9.0,3.5294117647058822
2015,송원대학교,공학,739.0,85.0,11.502029769959405
2015,송원대학교,예체능,404.0,45.0,11.138613861386139
2015,송원대학교,인문사회,1213.0,86.0,7.089859851607584
2015,송원대학교,자연과학,614.0,27.0,4.397394136807818
2015,수원가톨릭대학교,인문사회,206.0,6.0,2.912621359223301
2015,수원대학교,공학,5859.0,311.0,5.3080730500085345
2015,수원대학교,예체능,2144.0,147.0,6.856343283582089
2015,수원대학교,인문사회,4745.0,206.0,4.34141201264489
2015,수원대학교,자연과학,1206.0,57.0,4.72636815920398
2015,숙명여자대학교,공학,1254.0,45.0,3.588516746411483
2015,숙명여자대학교,예체능,895.0,17.0,1.899441340782123
2015,숙명여자대학교,인문사회,7793.0,187.0,2.3995893750802
2015,숙명여자대학교,자연과학,1428.0,33.0,2.3109243697478994
2015,순복음총회신학교,예체능,54.0,10.0,18.51851851851852
2015,순복음총회신학교,인문사회,244.0,6.0,2.459016393442623
2015,순천향대학교,공학,4923.0,215.0,4.367255738370912
2015,순천향대학교,예체능,723.0,45.0,6.224066390041494
2015,순천향대학교,의학,778.0,20.0,2.570694087403599
2015,순천향대학교,인문사회,6037.0,235.0,3.892661918171277
2015,순천향대학교,자연과학,1332.0,31.0,2.3273273273273274
2015,숭실대학교,공학,8007.0,212.0,2.6476832771325087
2015,숭실대학교,예체능,40.0,3.0,7.5
2015,숭실대학교,인문사회,7636.0,230.0,3.0120481927710845
2015,숭실대학교,자연과학,496.0,19.0,3.8306451612903225
2015,신경주대학교,공학,585.0,94.0,16.068376068376068
2015,신경주대학교,예체능,404.0,87.0,21.534653465346533
2015,신경주대학교,인문사회,1783.0,269.0,15.086932136848008
2015,신경주대학교,자연과학,194.0,4.0,2.0618556701030926
2015,신라대학교,공학,2663.0,234.0,8.787082238077357
2015,신라대학교,예체능,1345.0,143.0,10.63197026022305
2015,신라대학교,인문사회,7367.0,433.0,5.877562101262386
2015,신라대학교,자연과학,1183.0,41.0,3.4657650042265424
2015,신한대학교,공학,490.0,28.0,5.714285714285714
2015,신한대학교,인문사회,155.0,7.0,4.516129032258064
2015,신한대학교,자연과학,212.0,7.0,3.30188679245283
2015,신한대학교 _제2캠퍼스,공학,377.0,17.0,4.509283819628647
2015,신한대학교 _제2캠퍼스,예체능,461.0,17.0,3.68763557483731
2015,신한대학교 _제2캠퍼스,인문사회,1460.0,54.0,3.6986301369863015
2015,신한대학교 _제2캠퍼스,자연과학,393.0,13.0,3.307888040712468
2015,아신대학교,인문사회,912.0,39.0,4.276315789473684
2015,아주대학교,공학,7027.0,204.0,2.9030880888003416
2015,아주대학교,예체능,733.0,25.0,3.4106412005457027
2015,아주대학교,의학,179.0,3.0,1.675977653631285
2015,아주대학교,인문사회,4191.0,98.0,2.338344070627535
2015,아주대학교,자연과학,1059.0,26.0,2.4551463644948064
2015,안양대학교,공학,1752.0,106.0,6.050228310502283
2015,안양대학교,예체능,845.0,60.0,7.100591715976331
2015,안양대학교,인문사회,3356.0,190.0,5.66150178784267
2015,안양대학교,자연과학,494.0,27.0,5.465587044534413
2015,안양대학교 _제2캠퍼스,공학,428.0,28.0,6.5420560747663545
2015,안양대학교 _제2캠퍼스,인문사회,300.0,15.0,5.0
2015,연세대학교,공학,6213.0,150.0,2.4142926122646067
2015,연세대학교,예체능,602.0,7.0,1.1627906976744187
2015,연세대학교,의학,548.0,4.0,0.7299270072992701
2015,연세대학교,인문사회,11345.0,95.0,0.8373732921992068
2015,연세대학교,자연과학,2344.0,39.0,1.6638225255972698
2015,연세대학교(미래) _분교,공학,2531.0,78.0,3.081785855393125
2015,연세대학교(미래) _분교,예체능,518.0,20.0,3.861003861003861
2015,연세대학교(미래) _분교,의학,456.0,3.0,0.6578947368421052
2015,연세대학교(미래) _분교,인문사회,4119.0,121.0,2.937606215100753
2015,연세대학교(미래) _분교,자연과학,1990.0,65.0,3.2663316582914574
2015,영남대학교,공학,12230.0,418.0,3.4178250204415375
2015,영남대학교,예체능,1875.0,65.0,3.4666666666666663
2015,영남대학교,의학,196.0,0.0,0.0
2015,영남대학교,인문사회,14013.0,442.0,3.154213944194676
2015,영남대학교,자연과학,2265.0,62.0,2.7373068432671084
2015,영남신학대학교,인문사회,577.0,56.0,9.705372616984402
2015,영산대학교,공학,758.0,62.0,8.179419525065963
2015,영산대학교,예체능,6.0,0.0,0.0
2015,영산대학교,인문사회,1935.0,155.0,8.010335917312661
2015,영산대학교,자연과학,591.0,5.0,0.8460236886632826
2015,영산대학교 _제2캠퍼스,공학,220.0,22.0,10.0
2015,영산대학교 _제2캠퍼스,예체능,980.0,71.0,7.244897959183673
2015,영산대학교 _제2캠퍼스,인문사회,2687.0,237.0,8.820245627093412
2015,영산대학교(산업대),공학,2.0,2.0,100.0
2015,영산대학교(산업대),인문사회,17.0,10.0,58.82352941176471
2015,영산대학교(산업대) _제2캠퍼스,예체능,1.0,0.0,0.0
2015,영산대학교(산업대) _제2캠퍼스,인문사회,15.0,13.0,86.66666666666667
2015,예수대학교,인문사회,82.0,4.0,4.878048780487805
2015,예수대학교,자연과학,543.0,7.0,1.289134438305709
2015,예원예술대학교,예체능,463.0,69.0,14.902807775377969
2015,예원예술대학교,인문사회,96.0,21.0,21.875
2015,예원예술대학교 _제2캠퍼스,공학,154.0,2.0,1.2987012987012987
2015,예원예술대학교 _제2캠퍼스,예체능,488.0,41.0,8.401639344262295
2015,용인대학교,공학,921.0,54.0,5.863192182410423
2015,용인대학교,예체능,1840.0,88.0,4.782608695652174
2015,용인대학교,인문사회,2681.0,131.0,4.886236478925774
2015,용인대학교,자연과학,577.0,14.0,2.4263431542461005
2015,우석대학교,공학,2295.0,195.0,8.49673202614379
2015,우석대학교,예체능,799.0,86.0,10.763454317897372
2015,우석대학교,의학,443.0,18.0,4.063205417607223
2015,우석대학교,인문사회,4124.0,267.0,6.474296799224054
2015,우석대학교,자연과학,1563.0,50.0,3.198976327575176
2015,우송대학교,공학,2732.0,173.0,6.332357247437774
2015,우송대학교,예체능,669.0,44.0,6.576980568011958
2015,우송대학교,인문사회,5730.0,335.0,5.846422338568935
2015,우송대학교,자연과학,883.0,38.0,4.303510758776897
2015,우송대학교(산업대),공학,2.0,0.0,0.0
2015,울산과학기술원,공학,2348.0,15.0,0.6388415672913117
2015,울산과학기술원,예체능,175.0,1.0,0.5714285714285714
2015,울산과학기술원,인문사회,494.0,4.0,0.8097165991902834
2015,울산과학기술원,자연과학,1129.0,23.0,2.0372010628875112
2015,울산대학교,공학,8229.0,261.0,3.1717098067808966
2015,울산대학교,예체능,743.0,37.0,4.979811574697174
2015,울산대학교,의학,164.0,0.0,0.0
2015,울산대학교,인문사회,6974.0,286.0,4.100946372239748
2015,울산대학교,자연과학,1729.0,78.0,4.511278195488721
2015,원광대학교,공학,7504.0,308.0,4.104477611940299
2015,원광대학교,예체능,1423.0,88.0,6.184118060435699
2015,원광대학교,의학,1085.0,1.0,0.09216589861751152
2015,원광대학교,인문사회,9895.0,395.0,3.9919151086407276
2015,원광대학교,자연과학,3111.0,83.0,2.667952426872388
2015,원광디지털대학교,예체능,1173.0,152.0,12.958226768968457
2015,원광디지털대학교,인문사회,2323.0,379.0,16.31510977184675
2015,원광디지털대학교,자연과학,1379.0,231.0,16.751269035532996
2015,위덕대학교,공학,822.0,93.0,11.313868613138686
2015,위덕대학교,예체능,118.0,20.0,16.94915254237288
2015,위덕대학교,인문사회,1532.0,90.0,5.87467362924282
2015,위덕대학교,자연과학,566.0,18.0,3.180212014134275
2015,유원대학교,공학,1442.0,156.0,10.818307905686545
2015,유원대학교,예체능,753.0,99.0,13.147410358565736
2015,유원대학교,인문사회,2130.0,210.0,9.859154929577464
2015,유원대학교,자연과학,515.0,22.0,4.271844660194175
2015,을지대학교,의학,201.0,0.0,0.0
2015,을지대학교,인문사회,19.0,1.0,5.263157894736842
2015,을지대학교,자연과학,657.0,11.0,1.67427701674277
2015,을지대학교 _제2캠퍼스,공학,1101.0,33.0,2.997275204359673
2015,을지대학교 _제2캠퍼스,예체능,168.0,16.0,9.523809523809524
2015,을지대학교 _제2캠퍼스,인문사회,663.0,34.0,5.128205128205128
2015,을지대학교 _제2캠퍼스,자연과학,1605.0,36.0,2.2429906542056073
2015,이화여자대학교,공학,2685.0,152.0,5.661080074487896
2015,이화여자대학교,예체능,1701.0,18.0,1.0582010582010581
2015,이화여자대학교,인문사회,8436.0,125.0,1.4817449027975345
2015,이화여자대학교,자연과학,2438.0,51.0,2.0918785890073828
2015,인제대학교,공학,3611.0,183.0,5.067848241484353
2015,인제대학교,예체능,1110.0,62.0,5.585585585585585
2015,인제대학교,인문사회,4897.0,205.0,4.186236471308965
2015,인제대학교,자연과학,1502.0,34.0,2.263648468708389
2015,인제대학교 _제2캠퍼스,의학,414.0,1.0,0.24154589371980675
2015,인제대학교 _제2캠퍼스,자연과학,519.0,3.0,0.5780346820809248
2015,인천가톨릭대학교,인문사회,119.0,9.0,7.563025210084033
2015,인천가톨릭대학교 _제2캠퍼스,공학,322.0,18.0,5.590062111801243
2015,인천가톨릭대학교 _제2캠퍼스,예체능,238.0,18.0,7.563025210084033
2015,인천가톨릭대학교 _제2캠퍼스,인문사회,101.0,6.0,5.9405940594059405
2015,인천가톨릭대학교 _제2캠퍼스,자연과학,77.0,3.0,3.896103896103896
2015,인천대학교,공학,8169.0,303.0,3.7091443261109074
2015,인천대학교,예체능,1387.0,74.0,5.335255948089401
2015,인천대학교,인문사회,7274.0,269.0,3.698102832004399
2015,인천대학교,자연과학,686.0,29.0,4.227405247813411
2015,인하대학교,공학,11591.0,230.0,1.984298162367354
2015,인하대학교,예체능,344.0,7.0,2.0348837209302326
2015,인하대학교,의학,2.0,0.0,0.0
2015,인하대학교,인문사회,10461.0,169.0,1.6155243284580825
2015,인하대학교,자연과학,1916.0,37.0,1.9311064718162838
2015,장로회신학대학교,예체능,282.0,5.0,1.773049645390071
2015,장로회신학대학교,인문사회,627.0,17.0,2.711323763955343
2015,전남대학교,공학,7592.0,242.0,3.1875658587987354
2015,전남대학교,예체능,935.0,23.0,2.4598930481283423
2015,전남대학교,의학,534.0,3.0,0.5617977528089888
2015,전남대학교,인문사회,9319.0,214.0,2.2963837321601033
2015,전남대학교,자연과학,3384.0,71.0,2.0981087470449173
2015,전남대학교 _제2캠퍼스,공학,3096.0,203.0,6.556847545219638
2015,전남대학교 _제2캠퍼스,인문사회,1015.0,51.0,5.024630541871921
2015,전남대학교 _제2캠퍼스,자연과학,9.0,2.0,22.22222222222222
2015,전북대학교,공학,11581.0,344.0,2.9703825230981784
2015,전북대학교,예체능,644.0,20.0,3.1055900621118013
2015,전북대학교,의학,218.0,2.0,0.9174311926605505
2015,전북대학교,인문사회,9341.0,265.0,2.8369553580987046
2015,전북대학교,자연과학,2633.0,63.0,2.392707937713635
2015,전주교육대학교,인문사회,1235.0,7.0,0.5668016194331984
2015,전주대학교,공학,3751.0,308.0,8.211143695014663
2015,전주대학교,예체능,1533.0,66.0,4.305283757338552
2015,전주대학교,의학,106.0,10.0,9.433962264150944
2015,전주대학교,인문사회,8422.0,285.0,3.3839943006411777
2015,전주대학교,자연과학,824.0,30.0,3.640776699029126
2015,정석대학,공학,77.0,2.0,2.5974025974025974
2015,정석대학,인문사회,45.0,3.0,6.666666666666667
2015,제주국제대학교,공학,464.0,75.0,16.163793103448278
2015,제주국제대학교,예체능,62.0,5.0,8.064516129032258
2015,제주국제대학교,인문사회,756.0,89.0,11.772486772486772
2015,제주국제대학교,자연과학,57.0,7.0,12.280701754385964
2015,제주대학교,공학,4447.0,181.0,4.070159658196538
2015,제주대학교,예체능,696.0,50.0,7.183908045977011
2015,제주대학교,의학,206.0,2.0,0.9708737864077669
2015,제주대학교,인문사회,8254.0,322.0,3.9011388417736854
2015,제주대학교,자연과학,1604.0,61.0,3.802992518703242
2015,조선대학교,공학,10186.0,463.0,4.545454545454546
2015,조선대학교,예체능,2435.0,121.0,4.9691991786447645
2015,조선대학교,의학,13.0,0.0,0.0
2015,조선대학교,인문사회,13086.0,550.0,4.202965000764176
2015,조선대학교,자연과학,1981.0,49.0,2.4734982332155475
2015,중부대학교,공학,3614.0,257.0,7.111234089651355
2015,중부대학교,예체능,1586.0,103.0,6.494325346784363
2015,중부대학교,인문사회,4720.0,292.0,6.186440677966102
2015,중부대학교,자연과학,633.0,13.0,2.0537124802527646
2015,중앙대학교,공학,5338.0,133.0,2.4915698763581866
2015,중앙대학교,예체능,663.0,14.0,2.1116138763197587
2015,중앙대학교,의학,353.0,3.0,0.84985835694051
2015,중앙대학교,인문사회,12534.0,249.0,1.9865964576352324
2015,중앙대학교,자연과학,2785.0,48.0,1.7235188509874326
2015,중앙대학교 _제2캠퍼스,공학,1606.0,36.0,2.2415940224159403
2015,중앙대학교 _제2캠퍼스,예체능,4224.0,93.0,2.2017045454545454
2015,중앙대학교 _제2캠퍼스,인문사회,2329.0,57.0,2.4474023185916702
2015,중앙대학교 _제2캠퍼스,자연과학,50.0,4.0,8.0
2015,중앙승가대학교,인문사회,106.0,7.0,6.60377358490566
2015,중원대학교,공학,1275.0,101.0,7.92156862745098
2015,중원대학교,예체능,293.0,11.0,3.754266211604096
2015,중원대학교,의학,109.0,11.0,10.091743119266056
2015,중원대학교,인문사회,1394.0,98.0,7.030129124820659
2015,중원대학교,자연과학,404.0,8.0,1.9801980198019802
2015,진주교육대학교,인문사회,1398.0,9.0,0.6437768240343348
2015,진주산업대학교(산업대),공학,719.0,95.0,13.212795549374132
2015,진주산업대학교(산업대),예체능,113.0,9.0,7.964601769911504
2015,진주산업대학교(산업대),인문사회,252.0,33.0,13.095238095238097
2015,진주산업대학교(산업대),자연과학,143.0,13.0,9.090909090909092
2015,차의과학대학교,공학,406.0,19.0,4.679802955665025
2015,차의과학대학교,예체능,33.0,3.0,9.090909090909092
2015,차의과학대학교,의학,156.0,8.0,5.128205128205128
2015,차의과학대학교,인문사회,421.0,25.0,5.938242280285035
2015,차의과학대학교,자연과학,1206.0,21.0,1.7412935323383085
2015,창신대학교,공학,173.0,5.0,2.8901734104046244
2015,창신대학교,예체능,239.0,20.0,8.368200836820083
2015,창신대학교,인문사회,664.0,49.0,7.379518072289157
2015,창신대학교,자연과학,318.0,4.0,1.257861635220126
2015,청운대학교,공학,1753.0,139.0,7.9292641186537365
2015,청운대학교,예체능,773.0,73.0,9.44372574385511
2015,청운대학교,인문사회,5158.0,389.0,7.541682822799535
2015,청운대학교,자연과학,541.0,24.0,4.436229205175601
2015,청주교육대학교,인문사회,1285.0,9.0,0.7003891050583658
2015,청주대학교,공학,5223.0,280.0,5.360903695194333
2015,청주대학교,예체능,1306.0,76.0,5.819295558958652
2015,청주대학교,의학,205.0,6.0,2.9268292682926833
2015,청주대학교,인문사회,9453.0,355.0,3.755421559293346
2015,청주대학교,자연과학,1095.0,31.0,2.8310502283105023
2015,초당대학교,공학,738.0,48.0,6.504065040650407
2015,초당대학교,예체능,441.0,76.0,17.233560090702948
2015,초당대학교,인문사회,942.0,55.0,5.83864118895966
2015,초당대학교,자연과학,1088.0,23.0,2.1139705882352944
2015,초당대학교(산업대),공학,315.0,178.0,56.507936507936506
2015,초당대학교(산업대),예체능,287.0,227.0,79.09407665505228
2015,초당대학교(산업대),인문사회,715.0,494.0,69.0909090909091
2015,초당대학교(산업대),자연과학,466.0,226.0,48.497854077253216
2015,총신대학교,예체능,372.0,21.0,5.64516129032258
2015,총신대학교,인문사회,2064.0,69.0,3.343023255813953
2015,총신대학교,자연과학,38.0,0.0,0.0
2015,추계예술대학교,예체능,685.0,23.0,3.3576642335766427
2015,추계예술대학교,인문사회,140.0,2.0,1.4285714285714286
2015,춘천교육대학교,인문사회,1444.0,12.0,0.8310249307479225
2015,충남대학교,공학,8774.0,239.0,2.7239571461135172
2015,충남대학교,예체능,594.0,19.0,3.1986531986531985
2015,충남대학교,의학,311.0,3.0,0.964630225080386
2015,충남대학교,인문사회,9636.0,224.0,2.3246160232461603
2015,충남대학교,자연과학,3954.0,122.0,3.0854830551340413
2015,충북대학교,공학,8151.0,204.0,2.50276039749724
2015,충북대학교,예체능,148.0,11.0,7.4324324324324325
2015,충북대학교,의학,568.0,1.0,0.17605633802816903
2015,충북대학교,인문사회,7391.0,142.0,1.9212555811121634
2015,충북대학교,자연과학,2898.0,68.0,2.346445824706694
2015,칼빈대학교,예체능,72.0,6.0,8.333333333333332
2015,칼빈대학교,인문사회,78.0,7.0,8.974358974358974
2015,칼빈대학교,자연과학,100.0,1.0,1.0
2015,탐라대학교,공학,4.0,2.0,50.0
2015,탐라대학교,인문사회,12.0,6.0,50.0
2015,평택대학교,공학,1060.0,63.0,5.943396226415095
2015,평택대학교,예체능,990.0,71.0,7.171717171717172
2015,평택대학교,인문사회,2697.0,155.0,5.747126436781609
2015,평택대학교,자연과학,297.0,18.0,6.0606060606060606
2015,포항공과대학교,공학,1137.0,3.0,0.2638522427440633
2015,포항공과대학교,인문사회,183.0,2.0,1.092896174863388
2015,포항공과대학교,자연과학,248.0,2.0,0.8064516129032258
2015,한경국립대학교,공학,3233.0,122.0,3.7735849056603774
2015,한경국립대학교,예체능,235.0,10.0,4.25531914893617
2015,한경국립대학교,인문사회,1192.0,74.0,6.208053691275168
2015,한경국립대학교,자연과학,516.0,21.0,4.069767441860465
2015,한경대학교(산업대),공학,1804.0,115.0,6.3747228381374725
2015,한경대학교(산업대),예체능,106.0,9.0,8.49056603773585
2015,한경대학교(산업대),인문사회,672.0,36.0,5.357142857142857
2015,한경대학교(산업대),자연과학,171.0,11.0,6.432748538011696
2015,한국공학대학교,공학,4223.0,188.0,4.4518115084063465
2015,한국공학대학교,예체능,1557.0,66.0,4.238921001926782
2015,한국공학대학교,인문사회,649.0,24.0,3.697996918335902
2015,한국과학기술원,공학,2870.0,38.0,1.32404181184669
2015,한국과학기술원,인문사회,41.0,1.0,2.4390243902439024
2015,한국과학기술원,자연과학,324.0,6.0,1.8518518518518516
2015,한국교원대학교,인문사회,2760.0,30.0,1.0869565217391304
2015,한국교통대학교(산업대),공학,516.0,56.0,10.852713178294573
2015,한국교통대학교(산업대),예체능,7.0,0.0,0.0
2015,한국교통대학교(산업대),인문사회,154.0,21.0,13.636363636363635
2015,한국교통대학교(산업대),자연과학,8.0,1.0,12.5
2015,한국국제대학교,공학,1175.0,87.0,7.404255319148937
2015,한국국제대학교,예체능,539.0,57.0,10.575139146567718
2015,한국국제대학교,인문사회,1854.0,92.0,4.962243797195254
2015,한국국제대학교,자연과학,758.0,36.0,4.749340369393139
2015,한국기술교육대학교,공학,5202.0,132.0,2.5374855824682814
2015,한국기술교육대학교,예체능,288.0,11.0,3.8194444444444446
2015,한국기술교육대학교,인문사회,980.0,32.0,3.2653061224489797
2015,한국방송통신대학교,공학,16451.0,6276.0,38.14965655583247
2015,한국방송통신대학교,예체능,5089.0,2292.0,45.03831794065632
2015,한국방송통신대학교,인문사회,176638.0,62066.0,35.13739965352868
2015,한국방송통신대학교,자연과학,9775.0,2168.0,22.179028132992325
2015,한국산업기술대학교(산업대),공학,2014.0,132.0,6.554121151936444
2015,한국산업기술대학교(산업대),예체능,899.0,61.0,6.7853170189099
2015,한국산업기술대학교(산업대),인문사회,281.0,17.0,6.049822064056939
2015,한국성서대학교,공학,183.0,13.0,7.103825136612022
2015,한국성서대학교,인문사회,105.0,6.0,5.714285714285714
2015,한국성서대학교,자연과학,218.0,6.0,2.7522935779816518
2015,한국예술종합학교,공학,130.0,3.0,2.307692307692308
2015,한국예술종합학교,예체능,2085.0,34.0,1.630695443645084
2015,한국예술종합학교,인문사회,142.0,3.0,2.112676056338028
2015,한국외국어대학교,공학,2260.0,96.0,4.2477876106194685
2015,한국외국어대학교,인문사회,14806.0,377.0,2.5462650276914767
2015,한국외국어대학교,자연과학,703.0,31.0,4.409672830725462
2015,한국전통문화대학교(일반),공학,233.0,5.0,2.1459227467811157
2015,한국전통문화대학교(일반),예체능,202.0,9.0,4.455445544554455
2015,한국전통문화대학교(일반),인문사회,217.0,4.0,1.8433179723502304
2015,한국체육대학교,예체능,1983.0,46.0,2.319717599596571
2015,한국체육대학교,인문사회,191.0,1.0,0.5235602094240838
2015,한국침례신학대학교,예체능,187.0,16.0,8.55614973262032
2015,한국침례신학대학교,인문사회,1756.0,74.0,4.214123006833713
2015,한국항공대학교,공학,4515.0,102.0,2.259136212624585
2015,한국항공대학교,인문사회,1665.0,32.0,1.921921921921922
2015,한남대학교,공학,4194.0,223.0,5.3171196948020985
2015,한남대학교,예체능,1054.0,53.0,5.028462998102467
2015,한남대학교,인문사회,10265.0,459.0,4.471505114466634
2015,한남대학교,자연과학,1254.0,59.0,4.704944178628389
2015,한동대학교,공학,2048.0,25.0,1.220703125
2015,한동대학교,인문사회,2662.0,33.0,1.2396694214876034
2015,한라대학교,공학,2863.0,167.0,5.833042263360111
2015,한라대학교,예체능,334.0,28.0,8.383233532934131
2015,한라대학교,인문사회,2605.0,161.0,6.18042226487524
2015,한려대학교,공학,36.0,6.0,16.666666666666664
2015,한려대학교,예체능,14.0,2.0,14.285714285714285
2015,한려대학교,인문사회,155.0,30.0,19.35483870967742
2015,한려대학교,자연과학,496.0,37.0,7.459677419354839
2015,한림대학교,공학,2224.0,93.0,4.181654676258993
2015,한림대학교,예체능,325.0,28.0,8.615384615384615
2015,한림대학교,의학,299.0,0.0,0.0
2015,한림대학교,인문사회,6628.0,265.0,3.9981894990947495
2015,한림대학교,자연과학,1759.0,64.0,3.6384309266628763
2015,한밭대학교(산업대),공학,2855.0,176.0,6.164623467600701
2015,한밭대학교(산업대),예체능,206.0,19.0,9.223300970873787
2015,한밭대학교(산업대),인문사회,1252.0,53.0,4.233226837060703
2015,한북대학교,공학,96.0,34.0,35.41666666666667
2015,한북대학교,예체능,60.0,16.0,26.666666666666668
2015,한북대학교,인문사회,848.0,170.0,20.047169811320757
2015,한북대학교,자연과학,177.0,17.0,9.6045197740113
2015,한서대학교,공학,3818.0,175.0,4.583551597695128
2015,한서대학교,예체능,1153.0,87.0,7.545533391153512
2015,한서대학교,인문사회,2633.0,129.0,4.899354348651728
2015,한서대학교,자연과학,1208.0,41.0,3.3940397350993377
2015,한성대학교,공학,2852.0,145.0,5.084151472650771
2015,한성대학교,예체능,1240.0,35.0,2.82258064516129
2015,한성대학교,인문사회,5117.0,277.0,5.413328121946453
2015,한성대학교,자연과학,397.0,14.0,3.5264483627204033
2015,한세대학교,공학,1014.0,51.0,5.029585798816568
2015,한세대학교,예체능,449.0,41.0,9.131403118040089
2015,한세대학교,인문사회,1675.0,68.0,4.059701492537314
2015,한세대학교,자연과학,109.0,5.0,4.587155963302752
2015,한신대학교,공학,1297.0,50.0,3.855050115651504
2015,한신대학교,인문사회,5051.0,250.0,4.949514947535142
2015,한신대학교,자연과학,674.0,20.0,2.967359050445104
2015,한양대학교,공학,8833.0,221.0,2.501981206837994
2015,한양대학교,예체능,794.0,14.0,1.7632241813602016
2015,한양대학교,의학,275.0,4.0,1.4545454545454546
2015,한양대학교,인문사회,7159.0,115.0,1.6063696046933928
2015,한양대학교,자연과학,1547.0,33.0,2.1331609566903684
2015,한양대학교(ERICA) _분교,공학,5183.0,116.0,2.2380860505498745
2015,한양대학교(ERICA) _분교,예체능,1387.0,25.0,1.802451333813987
2015,한양대학교(ERICA) _분교,인문사회,5116.0,96.0,1.8764659890539486
2015,한양대학교(ERICA) _분교,자연과학,539.0,15.0,2.782931354359926
2015,한일장신대학교,예체능,149.0,8.0,5.369127516778524
2015,한일장신대학교,인문사회,479.0,32.0,6.6805845511482245
2015,한일장신대학교,자연과학,99.0,1.0,1.0101010101010102
2015,한중대학교,공학,239.0,44.0,18.410041841004183
2015,한중대학교,예체능,73.0,17.0,23.28767123287671
2015,한중대학교,인문사회,671.0,120.0,17.883755588673623
2015,한중대학교,자연과학,498.0,29.0,5.8232931726907635
2015,협성대학교,공학,1114.0,76.0,6.822262118491921
2015,협성대학교,예체능,807.0,48.0,5.947955390334572
2015,협성대학교,인문사회,3738.0,172.0,4.601391118245051
2015,협성대학교,자연과학,241.0,8.0,3.319502074688797
2015,호남대학교,공학,2647.0,217.0,8.19795995466566
2015,호남대학교,예체능,578.0,38.0,6.5743944636678195
2015,호남대학교,인문사회,3785.0,259.0,6.842800528401585
2015,호남대학교,자연과학,1534.0,72.0,4.69361147327249
2015,호남신학대학교,예체능,270.0,15.0,5.555555555555555
2015,호남신학대학교,인문사회,555.0,36.0,6.486486486486487
2015,호서대학교,공학,6506.0,350.0,5.379649554257608
2015,호서대학교,예체능,2305.0,139.0,6.030368763557484
2015,호서대학교,인문사회,5548.0,295.0,5.317231434751261
2015,호서대학교,자연과학,1504.0,47.0,3.125
2015,호원대학교,공학,1298.0,124.0,9.553158705701078
2015,호원대학교,예체능,1351.0,58.0,4.293116210214656
2015,호원대학교,인문사회,2934.0,316.0,10.770279481935924
2015,호원대학교,자연과학,352.0,2.0,0.5681818181818182
2015,홍익대학교,공학,7655.0,196.0,2.5604180274330504
2015,홍익대학교,예체능,1010.0,13.0,1.2871287128712872
2015,홍익대학교,인문사회,6115.0,151.0,2.4693376941946035
2015,홍익대학교(세종) _분교,공학,3681.0,128.0,3.4773159467535995
2015,홍익대학교(세종) _분교,예체능,2334.0,49.0,2.0994001713796058
2015,홍익대학교(세종) _분교,인문사회,1790.0,47.0,2.6256983240223466
2015,화성의과학대학교,공학,250.0,13.0,5.2
2015,화성의과학대학교,예체능,209.0,18.0,8.61244019138756
2015,화성의과학대학교,인문사회,704.0,44.0,6.25
2015,화성의과학대학교,자연과학,184.0,4.0,2.1739130434782608
2016,가야대학교(김해),공학,336.0,23.0,6.845238095238096
2016,가야대학교(김해),인문사회,1127.0,78.0,6.921029281277728
2016,가야대학교(김해),자연과학,904.0,12.0,1.3274336283185841
2016,가천대학교,공학,7667.0,248.0,3.2346419720881703
2016,가천대학교,예체능,2498.0,106.0,4.2433947157726175
2016,가천대학교,의학,119.0,1.0,0.8403361344537815
2016,가천대학교,인문사회,10516.0,351.0,3.3377710155952833
2016,가천대학교,자연과학,3197.0,82.0,2.564904598060682
2016,가톨릭관동대학교,공학,2247.0,111.0,4.939919893190922
2016,가톨릭관동대학교,예체능,868.0,54.0,6.221198156682028
2016,가톨릭관동대학교,의학,216.0,0.0,0.0
2016,가톨릭관동대학교,인문사회,8484.0,297.0,3.500707213578501
2016,가톨릭관동대학교,자연과학,371.0,2.0,0.5390835579514826
2016,가톨릭꽃동네대학교,인문사회,403.0,11.0,2.729528535980149
2016,가톨릭꽃동네대학교,자연과학,194.0,1.0,0.5154639175257731
2016,가톨릭대학교,공학,2046.0,90.0,4.398826979472141
2016,가톨릭대학교,예체능,275.0,9.0,3.272727272727273
2016,가톨릭대학교,인문사회,6226.0,192.0,3.0838419530999035
2016,가톨릭대학교,자연과학,980.0,36.0,3.6734693877551026
2016,가톨릭대학교 _제2캠퍼스,의학,2.0,0.0,0.0
2016,가톨릭대학교 _제2캠퍼스,자연과학,513.0,5.0,0.9746588693957114
2016,가톨릭대학교 _제3캠퍼스,인문사회,290.0,12.0,4.137931034482759
2016,감리교신학대학교,인문사회,343.0,24.0,6.997084548104956
2016,강남대학교,공학,1664.0,86.0,5.168269230769231
2016,강남대학교,예체능,806.0,70.0,8.6848635235732
2016,강남대학교,인문사회,7051.0,360.0,5.105658771805418
2016,강남대학교,자연과학,139.0,11.0,7.913669064748201
2016,강서대학교,예체능,177.0,13.0,7.344632768361582
2016,강서대학교,인문사회,1460.0,82.0,5.616438356164384
2016,강서대학교,자연과학,44.0,2.0,4.545454545454546
2016,강원대학교,공학,7336.0,228.0,3.1079607415485277
2016,강원대학교,예체능,984.0,40.0,4.0650406504065035
2016,강원대학교,의학,186.0,1.0,0.5376344086021506
2016,강원대학교,인문사회,8527.0,175.0,2.0523044447050545
2016,강원대학교,자연과학,2951.0,62.0,2.1009827177228058
2016,강원대학교 _제2캠퍼스,공학,4977.0,197.0,3.9582077556761104
2016,강원대학교 _제2캠퍼스,예체능,935.0,26.0,2.7807486631016043
2016,강원대학교 _제2캠퍼스,인문사회,2291.0,89.0,3.884766477520733
2016,강원대학교 _제2캠퍼스,자연과학,784.0,25.0,3.188775510204082
2016,건국대학교,공학,7692.0,227.0,2.951118044721789
2016,건국대학교,예체능,1222.0,24.0,1.9639934533551555
2016,건국대학교,의학,365.0,1.0,0.273972602739726
2016,건국대학교,인문사회,8328.0,186.0,2.23342939481268
2016,건국대학교,자연과학,2056.0,65.0,3.1614785992217898
2016,건국대학교(글로컬) _분교,공학,3092.0,129.0,4.172056921086675
2016,건국대학교(글로컬) _분교,예체능,1254.0,46.0,3.6682615629984054
2016,건국대학교(글로컬) _분교,의학,582.0,30.0,5.154639175257731
2016,건국대학교(글로컬) _분교,인문사회,5153.0,243.0,4.715699592470406
2016,건국대학교(글로컬) _분교,자연과학,413.0,14.0,3.389830508474576
2016,건양대학교,공학,1350.0,45.0,3.3333333333333335
2016,건양대학교,예체능,377.0,16.0,4.244031830238726
2016,건양대학교,의학,33.0,0.0,0.0
2016,건양대학교,인문사회,3393.0,177.0,5.216622458001768
2016,건양대학교,자연과학,248.0,13.0,5.241935483870968
2016,건양대학교 _제2캠퍼스,공학,810.0,38.0,4.691358024691358
2016,건양대학교 _제2캠퍼스,예체능,246.0,9.0,3.6585365853658534
2016,건양대학교 _제2캠퍼스,의학,252.0,5.0,1.984126984126984
2016,건양대학교 _제2캠퍼스,인문사회,113.0,6.0,5.3097345132743365
2016,건양대학교 _제2캠퍼스,자연과학,1315.0,23.0,1.7490494296577948
2016,경기대학교,공학,5842.0,227.0,3.8856555973981513
2016,경기대학교,예체능,631.0,29.0,4.595879556259905
2016,경기대학교,인문사회,7859.0,268.0,3.4101030665479066
2016,경기대학교,자연과학,924.0,26.0,2.813852813852814
2016,경기대학교 _제2캠퍼스,공학,122.0,4.0,3.278688524590164
2016,경기대학교 _제2캠퍼스,예체능,271.0,15.0,5.535055350553505
2016,경기대학교 _제2캠퍼스,인문사회,2203.0,94.0,4.266908760780754
2016,경기대학교 _제2캠퍼스,자연과학,53.0,7.0,13.20754716981132
2016,경남과학기술대학교,공학,2995.0,156.0,5.208681135225376
2016,경남과학기술대학교,예체능,412.0,22.0,5.339805825242718
2016,경남과학기술대학교,인문사회,1504.0,106.0,7.047872340425531
2016,경남과학기술대학교,자연과학,1081.0,37.0,3.4227567067530065
2016,경남대학교,공학,6084.0,390.0,6.41025641025641
2016,경남대학교,인문사회,9763.0,537.0,5.500358496363822
2016,경남대학교,자연과학,1069.0,42.0,3.9289055191768005
2016,경동대학교,공학,992.0,89.0,8.971774193548388
2016,경동대학교,예체능,179.0,18.0,10.05586592178771
2016,경동대학교,인문사회,1901.0,214.0,11.257233035244608
2016,경동대학교,자연과학,1001.0,47.0,4.695304695304695
2016,경동대학교 _제3캠퍼스,공학,43.0,4.0,9.30232558139535
2016,경동대학교 _제3캠퍼스,자연과학,1636.0,34.0,2.078239608801956
2016,경동대학교 _제4캠퍼스,공학,313.0,15.0,4.792332268370607
2016,경동대학교 _제4캠퍼스,예체능,164.0,12.0,7.317073170731707
2016,경동대학교 _제4캠퍼스,인문사회,487.0,25.0,5.133470225872689
2016,경북대학교,공학,15139.0,481.0,3.1772243873439456
2016,경북대학교,예체능,674.0,22.0,3.2640949554896146
2016,경북대학교,의학,261.0,2.0,0.7662835249042145
2016,경북대학교,인문사회,10564.0,215.0,2.0352139341158653
2016,경북대학교,자연과학,3416.0,83.0,2.429742388758782
2016,경상국립대학교,공학,9182.0,310.0,3.376170768895666
2016,경상국립대학교,의학,433.0,8.0,1.8475750577367205
2016,경상국립대학교,인문사회,8354.0,218.0,2.6095283696432845
2016,경상국립대학교,자연과학,2017.0,53.0,2.627664848785325
2016,경성대학교,공학,4013.0,213.0,5.3077498131074
2016,경성대학교,예체능,2861.0,159.0,5.557497378538972
2016,경성대학교,의학,139.0,11.0,7.913669064748201
2016,경성대학교,인문사회,8296.0,407.0,4.905978784956606
2016,경성대학교,자연과학,1540.0,65.0,4.220779220779221
2016,경운대학교,공학,1610.0,116.0,7.204968944099378
2016,경운대학교,예체능,700.0,88.0,12.571428571428573
2016,경운대학교,인문사회,1363.0,119.0,8.730741012472487
2016,경운대학교,자연과학,1251.0,30.0,2.3980815347721824
2016,경운대학교(산업대),공학,287.0,31.0,10.801393728222997
2016,경운대학교(산업대),예체능,44.0,5.0,11.363636363636363
2016,경운대학교(산업대),인문사회,287.0,55.0,19.16376306620209
2016,경운대학교(산업대),자연과학,57.0,6.0,10.526315789473683
2016,경인교육대학교,인문사회,1332.0,3.0,0.22522522522522523
2016,경인교육대학교 _제2캠퍼스,인문사회,1360.0,3.0,0.22058823529411764
2016,경일대학교,공학,3727.0,315.0,8.451837939361418
2016,경일대학교,예체능,1186.0,69.0,5.81787521079258
2016,경일대학교,인문사회,2549.0,191.0,7.493134562573559
2016,경일대학교,자연과학,472.0,5.0,1.059322033898305
2016,경희대학교,공학,8843.0,251.0,2.8384032568132986
2016,경희대학교,예체능,2422.0,51.0,2.1056977704376547
2016,경희대학교,의학,765.0,6.0,0.7843137254901961
2016,경희대학교,인문사회,14972.0,310.0,2.070531659096981
2016,경희대학교,자연과학,3438.0,110.0,3.1995346131471787
2016,계명대학교,공학,6177.0,228.0,3.6911121903836817
2016,계명대학교,예체능,3631.0,155.0,4.268796474800331
2016,계명대학교,의학,314.0,2.0,0.6369426751592357
2016,계명대학교,인문사회,16658.0,748.0,4.4903349741865775
2016,계명대학교,자연과학,2542.0,69.0,2.7143981117230527
2016,고려대학교,공학,7819.0,241.0,3.0822355799974424
2016,고려대학교,예체능,299.0,2.0,0.6688963210702341
2016,고려대학교,의학,347.0,2.0,0.5763688760806917
2016,고려대학교,인문사회,13918.0,162.0,1.163960339129185
2016,고려대학교,자연과학,3322.0,92.0,2.7694160144491273
2016,고려대학교(세종) _분교,공학,2879.0,158.0,5.488016672455713
2016,고려대학교(세종) _분교,예체능,390.0,13.0,3.3333333333333335
2016,고려대학교(세종) _분교,인문사회,5569.0,164.0,2.944873406356617
2016,고려대학교(세종) _분교,자연과학,1085.0,58.0,5.345622119815668
2016,고신대학교,공학,577.0,59.0,10.22530329289428
2016,고신대학교,예체능,466.0,53.0,11.373390557939913
2016,고신대학교,의학,322.0,3.0,0.9316770186335404
2016,고신대학교,인문사회,2736.0,218.0,7.9678362573099415
2016,고신대학교,자연과학,1038.0,48.0,4.624277456647398
2016,공주교육대학교,인문사회,1555.0,11.0,0.707395498392283
2016,광신대학교,예체능,133.0,22.0,16.541353383458645
2016,광신대학교,인문사회,483.0,39.0,8.074534161490684
2016,광운대학교,공학,6312.0,181.0,2.867553865652725
2016,광운대학교,예체능,725.0,20.0,2.7586206896551726
2016,광운대학교,인문사회,3773.0,125.0,3.3130135170951496
2016,광운대학교,자연과학,620.0,24.0,3.870967741935484
2016,광주가톨릭대학교,인문사회,132.0,12.0,9.090909090909092
2016,광주과학기술원,공학,194.0,0.0,0.0
2016,광주과학기술원,인문사회,417.0,0.0,0.0
2016,광주과학기술원,자연과학,56.0,0.0,0.0
2016,광주교육대학교,인문사회,1432.0,7.0,0.4888268156424581
2016,광주대학교,공학,1677.0,126.0,7.5134168157423975
2016,광주대학교,예체능,982.0,81.0,8.24847250509165
2016,광주대학교,의학,69.0,6.0,8.695652173913043
2016,광주대학교,인문사회,4904.0,354.0,7.218597063621533
2016,광주대학교,자연과학,1021.0,53.0,5.190989226248776
2016,광주여자대학교,공학,479.0,12.0,2.5052192066805845
2016,광주여자대학교,예체능,853.0,46.0,5.3927315357561545
2016,광주여자대학교,의학,110.0,9.0,8.181818181818182
2016,광주여자대학교,인문사회,1507.0,71.0,4.71134704711347
2016,광주여자대학교,자연과학,718.0,21.0,2.9247910863509747
2016,국립강릉원주대학교,공학,3295.0,182.0,5.523520485584219
2016,국립강릉원주대학교,예체능,757.0,30.0,3.963011889035667
2016,국립강릉원주대학교,의학,166.0,0.0,0.0
2016,국립강릉원주대학교,인문사회,3275.0,154.0,4.702290076335878
2016,국립강릉원주대학교,자연과학,733.0,42.0,5.729877216916781
2016,국립강릉원주대학교 _제2캠퍼스,공학,1793.0,86.0,4.796430563301729
2016,국립강릉원주대학교 _제2캠퍼스,예체능,145.0,10.0,6.896551724137931
2016,국립강릉원주대학교 _제2캠퍼스,인문사회,453.0,10.0,2.207505518763797
2016,국립강릉원주대학교 _제2캠퍼스,자연과학,342.0,1.0,0.29239766081871343
2016,국립경국대학교,공학,3646.0,212.0,5.814591332967636
2016,국립경국대학교,예체능,581.0,38.0,6.540447504302927
2016,국립경국대학교,의학,190.0,9.0,4.736842105263158
2016,국립경국대학교,인문사회,3768.0,254.0,6.740976645435244
2016,국립경국대학교,자연과학,1427.0,76.0,5.325858444288718
2016,국립공주대학교,공학,7255.0,322.0,4.438318401102688
2016,국립공주대학교,예체능,1020.0,37.0,3.6274509803921573
2016,국립공주대학교,인문사회,6960.0,186.0,2.6724137931034484
2016,국립공주대학교,자연과학,1458.0,51.0,3.4979423868312756
2016,국립군산대학교,공학,6158.0,418.0,6.78791815524521
2016,국립군산대학교,예체능,485.0,37.0,7.628865979381444
2016,국립군산대학교,인문사회,2980.0,172.0,5.771812080536913
2016,국립군산대학교,자연과학,937.0,42.0,4.482390608324439
2016,국립금오공과대학교,공학,8058.0,278.0,3.449987589972698
2016,국립금오공과대학교,예체능,257.0,7.0,2.7237354085603114
2016,국립금오공과대학교,인문사회,608.0,27.0,4.440789473684211
2016,국립금오공과대학교,자연과학,226.0,17.0,7.52212389380531
2016,국립목포대학교,공학,4393.0,297.0,6.76075574778056
2016,국립목포대학교,예체능,565.0,46.0,8.141592920353983
2016,국립목포대학교,인문사회,3951.0,193.0,4.884839281194634
2016,국립목포대학교,자연과학,1150.0,47.0,4.08695652173913
2016,국립목포해양대학교,공학,1616.0,149.0,9.22029702970297
2016,국립목포해양대학교,인문사회,443.0,12.0,2.708803611738149
2016,국립부경대학교,공학,11745.0,395.0,3.3631332481907195
2016,국립부경대학교,예체능,456.0,12.0,2.631578947368421
2016,국립부경대학교,인문사회,7255.0,254.0,3.5010337698139216
2016,국립부경대학교,자연과학,1377.0,44.0,3.195352214960058
2016,국립순천대학교,공학,3523.0,225.0,6.386602327561737
2016,국립순천대학교,예체능,764.0,41.0,5.366492146596859
2016,국립순천대학교,의학,127.0,4.0,3.149606299212598
2016,국립순천대학교,인문사회,3963.0,161.0,4.06257885440323
2016,국립순천대학교,자연과학,975.0,21.0,2.1538461538461537
2016,국립창원대학교,공학,4865.0,171.0,3.5149023638232273
2016,국립창원대학교,예체능,689.0,33.0,4.78955007256894
2016,국립창원대학교,인문사회,4315.0,165.0,3.8238702201622248
2016,국립창원대학교,자연과학,982.0,28.0,2.8513238289205702
2016,국립한국교통대학교,공학,7442.0,324.0,4.353668368718087
2016,국립한국교통대학교,예체능,251.0,13.0,5.179282868525896
2016,국립한국교통대학교,인문사회,3116.0,130.0,4.17201540436457
2016,국립한국교통대학교,자연과학,591.0,16.0,2.707275803722504
2016,국립한국해양대학교,공학,3585.0,154.0,4.295676429567643
2016,국립한국해양대학교,인문사회,2582.0,110.0,4.260263361735089
2016,국립한밭대학교,공학,6403.0,304.0,4.747774480712167
2016,국립한밭대학교,예체능,313.0,26.0,8.30670926517572
2016,국립한밭대학교,인문사회,2779.0,170.0,6.117308384310903
2016,국민대학교,공학,6534.0,115.0,1.7600244872972146
2016,국민대학교,예체능,1994.0,25.0,1.2537612838515546
2016,국민대학교,인문사회,9848.0,231.0,2.345653939886271
2016,국민대학교,자연과학,1490.0,39.0,2.61744966442953
2016,극동대학교,공학,1393.0,75.0,5.384063173007897
2016,극동대학교,예체능,569.0,43.0,7.5571177504393665
2016,극동대학교,인문사회,2159.0,175.0,8.10560444650301
2016,극동대학교,자연과학,476.0,8.0,1.680672268907563
2016,금강대학교,공학,20.0,1.0,5.0
2016,금강대학교,인문사회,627.0,33.0,5.263157894736842
2016,김천대학교,공학,246.0,15.0,6.097560975609756
2016,김천대학교,예체능,110.0,15.0,13.636363636363635
2016,김천대학교,인문사회,1550.0,94.0,6.064516129032258
2016,김천대학교,자연과학,1572.0,69.0,4.3893129770992365
2016,나사렛대학교,공학,346.0,14.0,4.046242774566474
2016,나사렛대학교,예체능,421.0,29.0,6.88836104513064
2016,나사렛대학교,인문사회,4293.0,221.0,5.147915210808293
2016,나사렛대학교,자연과학,1047.0,38.0,3.629417382999045
2016,남부대학교,공학,261.0,27.0,10.344827586206897
2016,남부대학교,예체능,476.0,57.0,11.974789915966387
2016,남부대학교,의학,74.0,12.0,16.216216216216218
2016,남부대학교,인문사회,996.0,74.0,7.429718875502007
2016,남부대학교,자연과학,1055.0,25.0,2.3696682464454977
2016,남서울대학교,공학,2663.0,106.0,3.9804731505820508
2016,남서울대학교,예체능,395.0,11.0,2.7848101265822782
2016,남서울대학교,인문사회,5989.0,244.0,4.074135915845717
2016,남서울대학교,자연과학,573.0,13.0,2.2687609075043627
2016,남서울대학교(산업대),공학,735.0,17.0,2.312925170068027
2016,남서울대학교(산업대),예체능,133.0,4.0,3.007518796992481
2016,남서울대학교(산업대),인문사회,1706.0,38.0,2.2274325908558033
2016,남서울대학교(산업대),자연과학,31.0,1.0,3.225806451612903
2016,단국대학교,공학,6129.0,151.0,2.463697177353565
2016,단국대학교,예체능,959.0,28.0,2.9197080291970803
2016,단국대학교,인문사회,6939.0,189.0,2.7237354085603114
2016,단국대학교,자연과학,341.0,10.0,2.932551319648094
2016,단국대학교 _제2캠퍼스,공학,3410.0,113.0,3.3137829912023458
2016,단국대학교 _제2캠퍼스,예체능,899.0,38.0,4.226918798665183
2016,단국대학교 _제2캠퍼스,의학,451.0,0.0,0.0
2016,단국대학교 _제2캠퍼스,인문사회,5781.0,172.0,2.975263795191143
2016,단국대학교 _제2캠퍼스,자연과학,2271.0,70.0,3.0823425803610744
2016,대구가톨릭대학교,공학,5921.0,311.0,5.252491133254518
2016,대구가톨릭대학교,예체능,1038.0,61.0,5.8766859344894025
2016,대구가톨릭대학교,의학,174.0,0.0,0.0
2016,대구가톨릭대학교,인문사회,8331.0,313.0,3.7570519745528745
2016,대구가톨릭대학교,자연과학,1804.0,57.0,3.159645232815964
2016,대구경북과학기술원,자연과학,562.0,9.0,1.601423487544484
2016,대구교육대학교,인문사회,1718.0,6.0,0.3492433061699651
2016,대구대학교,공학,7997.0,442.0,5.527072652244592
2016,대구대학교,예체능,1401.0,79.0,5.638829407566024
2016,대구대학교,인문사회,14279.0,614.0,4.300021009874641
2016,대구대학교,자연과학,2316.0,96.0,4.145077720207254
2016,대구예술대학교,공학,207.0,20.0,9.66183574879227
2016,대구예술대학교,예체능,1538.0,183.0,11.898569570871262
2016,대구예술대학교,인문사회,12.0,2.0,16.666666666666664
2016,대구예술대학교,자연과학,96.0,9.0,9.375
2016,대구외국어대학교,인문사회,469.0,75.0,15.991471215351813
2016,대구한의대학교,공학,1418.0,106.0,7.475317348377997
2016,대구한의대학교,예체능,601.0,60.0,9.983361064891847
2016,대구한의대학교,의학,698.0,15.0,2.148997134670487
2016,대구한의대학교,인문사회,2867.0,183.0,6.382978723404255
2016,대구한의대학교,자연과학,2289.0,80.0,3.494975972040192
2016,대신대학교,예체능,160.0,16.0,10.0
2016,대신대학교,인문사회,342.0,42.0,12.280701754385964
2016,대전가톨릭대학교,인문사회,95.0,3.0,3.1578947368421053
2016,대전대학교,공학,3437.0,192.0,5.586267093395403
2016,대전대학교,예체능,1354.0,80.0,5.908419497784342
2016,대전대학교,의학,458.0,8.0,1.7467248908296942
2016,대전대학교,인문사회,6124.0,273.0,4.4578706727629
2016,대전대학교,자연과학,1348.0,33.0,2.4480712166172105
2016,대전신학대학교,인문사회,224.0,19.0,8.482142857142858
2016,대진대학교,공학,3754.0,246.0,6.553010122535961
2016,대진대학교,예체능,484.0,49.0,10.12396694214876
2016,대진대학교,인문사회,4907.0,287.0,5.848787446504993
2016,대진대학교,자연과학,596.0,34.0,5.704697986577181
2016,덕성여자대학교,공학,450.0,28.0,6.222222222222222
2016,덕성여자대학교,예체능,472.0,15.0,3.1779661016949152
2016,덕성여자대학교,인문사회,3976.0,104.0,2.61569416498994
2016,덕성여자대학교,자연과학,1313.0,40.0,3.0464584920030466
2016,동국대학교,공학,5666.0,172.0,3.0356512530885986
2016,동국대학교,예체능,802.0,37.0,4.613466334164588
2016,동국대학교,인문사회,9950.0,295.0,2.964824120603015
2016,동국대학교,자연과학,1140.0,41.0,3.5964912280701755
2016,동국대학교(WISE) _분교,공학,2185.0,132.0,6.0411899313501145
2016,동국대학교(WISE) _분교,예체능,660.0,36.0,5.454545454545454
2016,동국대학교(WISE) _분교,의학,365.0,1.0,0.273972602739726
2016,동국대학교(WISE) _분교,인문사회,6279.0,309.0,4.921165790731008
2016,동국대학교(WISE) _분교,자연과학,742.0,31.0,4.177897574123989
2016,동덕여자대학교,공학,685.0,25.0,3.64963503649635
2016,동덕여자대학교,예체능,1782.0,45.0,2.525252525252525
2016,동덕여자대학교,인문사회,4121.0,171.0,4.149478281970396
2016,동덕여자대학교,자연과학,884.0,21.0,2.3755656108597285
2016,동명대학교,공학,3861.0,273.0,7.07070707070707
2016,동명대학교,예체능,2033.0,152.0,7.476635514018691
2016,동명대학교,인문사회,5530.0,325.0,5.877034358047016
2016,동명대학교,자연과학,604.0,19.0,3.145695364238411
2016,동서대학교,공학,3456.0,219.0,6.336805555555555
2016,동서대학교,예체능,2169.0,97.0,4.472106961733518
2016,동서대학교,인문사회,6898.0,305.0,4.421571469991302
2016,동서대학교,자연과학,640.0,7.0,1.09375
2016,동신대학교,공학,2398.0,123.0,5.129274395329441
2016,동신대학교,예체능,579.0,44.0,7.599309153713299
2016,동신대학교,의학,227.0,0.0,0.0
2016,동신대학교,인문사회,3401.0,219.0,6.439282563951779
2016,동신대학교,자연과학,1282.0,22.0,1.71606864274571
2016,동아대학교,공학,10102.0,304.0,3.009305088101366
2016,동아대학교,예체능,1775.0,82.0,4.619718309859155
2016,동아대학교,의학,155.0,0.0,0.0
2016,동아대학교,인문사회,12870.0,419.0,3.2556332556332555
2016,동아대학교,자연과학,1351.0,45.0,3.3308660251665434
2016,동양대학교,공학,2342.0,225.0,9.607173356105893
2016,동양대학교,예체능,382.0,55.0,14.397905759162304
2016,동양대학교,인문사회,3153.0,316.0,10.02220107833809
2016,동양대학교,자연과학,301.0,5.0,1.6611295681063125
2016,동의대학교,공학,7445.0,371.0,4.983210208193419
2016,동의대학교,예체능,1729.0,83.0,4.8004626951995375
2016,동의대학교,의학,201.0,0.0,0.0
2016,동의대학교,인문사회,9745.0,470.0,4.822986146741919
2016,동의대학교,자연과학,1643.0,53.0,3.225806451612903
2016,디지털서울문화예술대학교,공학,408.0,88.0,21.568627450980394
2016,디지털서울문화예술대학교,예체능,2317.0,389.0,16.788951230038844
2016,디지털서울문화예술대학교,인문사회,1751.0,282.0,16.105082809822957
2016,루터대학교,인문사회,388.0,28.0,7.216494845360824
2016,명지대학교,공학,6430.0,157.0,2.4416796267496115
2016,명지대학교,예체능,1777.0,69.0,3.8829487900956665
2016,명지대학교,인문사회,585.0,21.0,3.5897435897435894
2016,명지대학교,자연과학,552.0,12.0,2.1739130434782608
2016,명지대학교 _제2캠퍼스,공학,60.0,3.0,5.0
2016,명지대학교 _제2캠퍼스,예체능,40.0,3.0,7.5
2016,명지대학교 _제2캠퍼스,인문사회,8700.0,204.0,2.344827586206897
2016,목원대학교,공학,3323.0,203.0,6.108937706891363
2016,목원대학교,예체능,1637.0,79.0,4.825901038485034
2016,목원대학교,인문사회,5864.0,340.0,5.798090040927694
2016,목원대학교,자연과학,118.0,14.0,11.864406779661017
2016,목포가톨릭대학교,인문사회,171.0,7.0,4.093567251461988
2016,목포가톨릭대학교,자연과학,454.0,9.0,1.9823788546255507
2016,배재대학교,공학,3363.0,209.0,6.214689265536723
2016,배재대학교,예체능,665.0,46.0,6.917293233082707
2016,배재대학교,인문사회,5517.0,393.0,7.123436650353453
2016,배재대학교,자연과학,1299.0,87.0,6.697459584295612
2016,백석대학교,공학,2013.0,104.0,5.16641828117238
2016,백석대학교,예체능,1467.0,57.0,3.885480572597137
2016,백석대학교,인문사회,8222.0,417.0,5.071758696180978
2016,백석대학교,자연과학,744.0,13.0,1.747311827956989
2016,부산가톨릭대학교,공학,541.0,38.0,7.024029574861368
2016,부산가톨릭대학교,인문사회,2275.0,120.0,5.274725274725275
2016,부산가톨릭대학교,자연과학,1529.0,28.0,1.831262262916939
2016,부산교육대학교,인문사회,1607.0,9.0,0.5600497822028625
2016,부산대학교,공학,11385.0,327.0,2.8722002635046113
2016,부산대학교,예체능,1793.0,41.0,2.286670384829894
2016,부산대학교,의학,1.0,0.0,0.0
2016,부산대학교,인문사회,10427.0,201.0,1.927687733768102
2016,부산대학교,자연과학,3018.0,68.0,2.253147779986746
2016,부산디지털대학교,예체능,194.0,17.0,8.762886597938143
2016,부산디지털대학교,인문사회,2399.0,306.0,12.755314714464362
2016,부산외국어대학교,공학,609.0,30.0,4.926108374384237
2016,부산외국어대학교,예체능,365.0,30.0,8.21917808219178
2016,부산외국어대학교,인문사회,9599.0,592.0,6.167309094697364
2016,부산외국어대학교,자연과학,132.0,11.0,8.333333333333332
2016,부산장신대학교,인문사회,348.0,18.0,5.172413793103448
2016,삼육대학교,공학,1795.0,108.0,6.016713091922005
2016,삼육대학교,예체능,1132.0,54.0,4.770318021201414
2016,삼육대학교,인문사회,2752.0,112.0,4.069767441860465
2016,삼육대학교,자연과학,1381.0,39.0,2.8240405503258508
2016,상명대학교,공학,1691.0,63.0,3.7256061502069784
2016,상명대학교,예체능,1044.0,48.0,4.597701149425287
2016,상명대학교,인문사회,5410.0,164.0,3.031423290203327
2016,상명대학교,자연과학,273.0,8.0,2.93040293040293
2016,상명대학교 _제2캠퍼스,공학,2230.0,92.0,4.125560538116592
2016,상명대학교 _제2캠퍼스,예체능,2785.0,76.0,2.7289048473967683
2016,상명대학교 _제2캠퍼스,인문사회,2479.0,100.0,4.033884630899556
2016,상명대학교 _제2캠퍼스,자연과학,254.0,3.0,1.1811023622047243
2016,상지대학교,공학,2382.0,203.0,8.522250209907641
2016,상지대학교,예체능,1031.0,94.0,9.117361784675072
2016,상지대학교,의학,237.0,0.0,0.0
2016,상지대학교,인문사회,5192.0,411.0,7.916024653312789
2016,상지대학교,자연과학,1172.0,62.0,5.290102389078498
2016,서강대학교,공학,2991.0,94.0,3.142761618187897
2016,서강대학교,예체능,148.0,2.0,1.3513513513513513
2016,서강대학교,인문사회,6381.0,99.0,1.5514809590973202
2016,서강대학교,자연과학,723.0,18.0,2.4896265560165975
2016,서경대학교,공학,2858.0,153.0,5.353393981805459
2016,서경대학교,예체능,1242.0,69.0,5.555555555555555
2016,서경대학교,인문사회,3779.0,220.0,5.8216459380788566
2016,서남대학교,공학,21.0,4.0,19.047619047619047
2016,서남대학교,예체능,127.0,20.0,15.748031496062993
2016,서남대학교,의학,197.0,0.0,0.0
2016,서남대학교,인문사회,33.0,4.0,12.121212121212121
2016,서남대학교,자연과학,688.0,30.0,4.3604651162790695
2016,서남대학교 _제2캠퍼스,공학,264.0,49.0,18.560606060606062
2016,서남대학교 _제2캠퍼스,예체능,155.0,26.0,16.7741935483871
2016,서남대학교 _제2캠퍼스,인문사회,499.0,89.0,17.835671342685373
2016,서남대학교 _제2캠퍼스,자연과학,78.0,10.0,12.82051282051282
2016,서울과학기술대학교,공학,7811.0,133.0,1.7027269235693254
2016,서울과학기술대학교,예체능,770.0,13.0,1.6883116883116882
2016,서울과학기술대학교,인문사회,1827.0,62.0,3.393541324575807
2016,서울과학기술대학교,자연과학,33.0,0.0,0.0
2016,서울과학기술대학교(산업대),공학,2651.0,157.0,5.922293474160694
2016,서울과학기술대학교(산업대),예체능,188.0,26.0,13.829787234042554
2016,서울과학기술대학교(산업대),인문사회,562.0,45.0,8.007117437722421
2016,서울교육대학교,인문사회,1605.0,11.0,0.6853582554517134
2016,서울기독대학교,예체능,217.0,24.0,11.059907834101383
2016,서울기독대학교,인문사회,514.0,44.0,8.560311284046692
2016,서울대학교,공학,5899.0,98.0,1.6612985251737582
2016,서울대학교,예체능,1089.0,6.0,0.5509641873278237
2016,서울대학교,의학,697.0,1.0,0.1434720229555237
2016,서울대학교,인문사회,8228.0,66.0,0.8021390374331552
2016,서울대학교,자연과학,1922.0,32.0,1.664932362122789
2016,서울디지털대학교,공학,810.0,161.0,19.876543209876544
2016,서울디지털대학교,예체능,1750.0,374.0,21.37142857142857
2016,서울디지털대학교,인문사회,8799.0,1734.0,19.706784861916127
2016,서울시립대학교,공학,5973.0,158.0,2.6452368993805457
2016,서울시립대학교,예체능,163.0,5.0,3.067484662576687
2016,서울시립대학교,인문사회,5446.0,104.0,1.9096584649283876
2016,서울시립대학교,자연과학,716.0,14.0,1.9553072625698324
2016,서울신학대학교,예체능,461.0,19.0,4.121475054229935
2016,서울신학대학교,인문사회,2064.0,91.0,4.408914728682171
2016,서울여자대학교,공학,1490.0,41.0,2.7516778523489935
2016,서울여자대학교,예체능,973.0,20.0,2.055498458376156
2016,서울여자대학교,인문사회,4690.0,126.0,2.6865671641791042
2016,서울여자대학교,자연과학,678.0,25.0,3.687315634218289
2016,서울장신대학교,예체능,150.0,11.0,7.333333333333333
2016,서울장신대학교,인문사회,511.0,18.0,3.522504892367906
2016,서울한영대학교,예체능,70.0,9.0,12.857142857142856
2016,서울한영대학교,인문사회,753.0,54.0,7.171314741035857
2016,서원대학교,공학,1268.0,76.0,5.993690851735016
2016,서원대학교,예체능,686.0,62.0,9.037900874635568
2016,서원대학교,인문사회,5803.0,286.0,4.9284852662416
2016,서원대학교,자연과학,662.0,40.0,6.042296072507553
2016,선문대학교,공학,3980.0,183.0,4.597989949748744
2016,선문대학교,예체능,215.0,10.0,4.651162790697675
2016,선문대학교,인문사회,6773.0,331.0,4.887051528126384
2016,선문대학교,자연과학,760.0,13.0,1.710526315789474
2016,성결대학교,공학,1883.0,101.0,5.363781200212427
2016,성결대학교,예체능,481.0,24.0,4.98960498960499
2016,성결대학교,인문사회,4340.0,227.0,5.2304147465437785
2016,성공회대학교,공학,690.0,36.0,5.217391304347826
2016,성공회대학교,인문사회,1616.0,82.0,5.074257425742575
2016,성균관대학교,공학,7468.0,151.0,2.021960364220675
2016,성균관대학교,예체능,1189.0,29.0,2.4390243902439024
2016,성균관대학교,의학,127.0,0.0,0.0
2016,성균관대학교,인문사회,11255.0,157.0,1.3949355841848068
2016,성균관대학교,자연과학,1809.0,22.0,1.2161415146489774
2016,성신여자대학교,공학,816.0,45.0,5.514705882352941
2016,성신여자대학교,예체능,1445.0,30.0,2.0761245674740483
2016,성신여자대학교,인문사회,5500.0,211.0,3.8363636363636364
2016,성신여자대학교,자연과학,1603.0,62.0,3.8677479725514665
2016,세명대학교,공학,2950.0,184.0,6.237288135593221
2016,세명대학교,예체능,1148.0,79.0,6.881533101045297
2016,세명대학교,의학,169.0,0.0,0.0
2016,세명대학교,인문사회,5189.0,331.0,6.378878396608209
2016,세명대학교,자연과학,1873.0,55.0,2.936465563267485
2016,세종대학교,공학,6902.0,226.0,3.2744132135612865
2016,세종대학교,예체능,1567.0,75.0,4.786215698787492
2016,세종대학교,인문사회,5162.0,166.0,3.2158078264238665
2016,세종대학교,자연과학,878.0,26.0,2.9612756264236904
2016,세한대학교,공학,497.0,71.0,14.285714285714285
2016,세한대학교,예체능,1287.0,227.0,17.63791763791764
2016,세한대학교,인문사회,2656.0,384.0,14.457831325301203
2016,세한대학교,자연과학,637.0,37.0,5.808477237048666
2016,송원대학교,공학,876.0,118.0,13.470319634703195
2016,송원대학교,예체능,450.0,44.0,9.777777777777779
2016,송원대학교,인문사회,1313.0,126.0,9.596344249809597
2016,송원대학교,자연과학,642.0,32.0,4.984423676012461
2016,수원가톨릭대학교,인문사회,198.0,8.0,4.040404040404041
2016,수원대학교,공학,5547.0,301.0,5.426356589147287
2016,수원대학교,예체능,2090.0,135.0,6.4593301435406705
2016,수원대학교,인문사회,4602.0,180.0,3.911342894393742
2016,수원대학교,자연과학,1162.0,53.0,4.561101549053356
2016,숙명여자대학교,공학,1571.0,64.0,4.073838319541693
2016,숙명여자대학교,예체능,868.0,15.0,1.7281105990783412
2016,숙명여자대학교,인문사회,7522.0,185.0,2.4594522733315607
2016,숙명여자대학교,자연과학,1420.0,43.0,3.028169014084507
2016,순복음총회신학교,예체능,65.0,14.0,21.53846153846154
2016,순복음총회신학교,인문사회,285.0,53.0,18.596491228070175
2016,순천향대학교,공학,4828.0,206.0,4.266777133388567
2016,순천향대학교,예체능,691.0,37.0,5.354558610709118
2016,순천향대학교,의학,801.0,18.0,2.247191011235955
2016,순천향대학교,인문사회,5927.0,263.0,4.4373207356166695
2016,순천향대학교,자연과학,1272.0,51.0,4.009433962264151
2016,숭실대학교,공학,7877.0,213.0,2.704075155516059
2016,숭실대학교,예체능,83.0,1.0,1.2048192771084338
2016,숭실대학교,인문사회,7523.0,237.0,3.1503389605210685
2016,숭실대학교,자연과학,491.0,31.0,6.313645621181263
2016,신경주대학교,공학,492.0,80.0,16.260162601626014
2016,신경주대학교,예체능,244.0,36.0,14.754098360655737
2016,신경주대학교,인문사회,1442.0,215.0,14.909847434119278
2016,신경주대학교,자연과학,190.0,5.0,2.631578947368421
2016,신라대학교,공학,2644.0,201.0,7.602118003025718
2016,신라대학교,예체능,1261.0,103.0,8.16812053925456
2016,신라대학교,인문사회,7060.0,429.0,6.076487252124646
2016,신라대학교,자연과학,1109.0,57.0,5.139765554553652
2016,신한대학교,공학,795.0,55.0,6.918238993710692
2016,신한대학교,인문사회,244.0,24.0,9.836065573770492
2016,신한대학교,자연과학,343.0,9.0,2.623906705539359
2016,신한대학교 _제2캠퍼스,공학,649.0,26.0,4.006163328197227
2016,신한대학교 _제2캠퍼스,예체능,761.0,57.0,7.490144546649145
2016,신한대학교 _제2캠퍼스,인문사회,2314.0,116.0,5.012964563526361
2016,신한대학교 _제2캠퍼스,자연과학,630.0,25.0,3.968253968253968
2016,아신대학교,인문사회,950.0,61.0,6.421052631578947
2016,아주대학교,공학,6904.0,200.0,2.8968713789107765
2016,아주대학교,예체능,690.0,14.0,2.0289855072463765
2016,아주대학교,의학,193.0,1.0,0.5181347150259068
2016,아주대학교,인문사회,3956.0,113.0,2.8564206268958543
2016,아주대학교,자연과학,1074.0,32.0,2.97951582867784
2016,안양대학교,공학,1600.0,84.0,5.25
2016,안양대학교,예체능,822.0,59.0,7.177615571776156
2016,안양대학교,인문사회,3045.0,178.0,5.845648604269294
2016,안양대학교,자연과학,511.0,25.0,4.892367906066536
2016,안양대학교 _제2캠퍼스,공학,371.0,30.0,8.086253369272237
2016,안양대학교 _제2캠퍼스,인문사회,312.0,15.0,4.807692307692308
2016,연세대학교,공학,6190.0,141.0,2.2778675282714054
2016,연세대학교,예체능,601.0,15.0,2.4958402662229617
2016,연세대학교,의학,600.0,0.0,0.0
2016,연세대학교,인문사회,11151.0,98.0,0.8788449466415568
2016,연세대학교,자연과학,2387.0,38.0,1.5919564306661083
2016,연세대학교(미래) _분교,공학,2519.0,86.0,3.4140531957125844
2016,연세대학교(미래) _분교,예체능,511.0,15.0,2.935420743639922
2016,연세대학교(미래) _분교,의학,438.0,3.0,0.684931506849315
2016,연세대학교(미래) _분교,인문사회,4046.0,158.0,3.9050914483440433
2016,연세대학교(미래) _분교,자연과학,1934.0,53.0,2.7404343329886243
2016,영남대학교,공학,11530.0,423.0,3.668690372940156
2016,영남대학교,예체능,1933.0,59.0,3.0522503879979306
2016,영남대학교,의학,217.0,0.0,0.0
2016,영남대학교,인문사회,13385.0,466.0,3.481509152035861
2016,영남대학교,자연과학,2342.0,57.0,2.433817250213493
2016,영남신학대학교,인문사회,522.0,54.0,10.344827586206897
2016,영산대학교,공학,862.0,64.0,7.424593967517401
2016,영산대학교,예체능,8.0,0.0,0.0
2016,영산대학교,인문사회,1766.0,165.0,9.343148357870895
2016,영산대학교,자연과학,598.0,9.0,1.5050167224080269
2016,영산대학교 _제2캠퍼스,공학,227.0,24.0,10.572687224669604
2016,영산대학교 _제2캠퍼스,예체능,979.0,73.0,7.456588355464761
2016,영산대학교 _제2캠퍼스,인문사회,2625.0,240.0,9.142857142857142
2016,예수대학교,인문사회,90.0,2.0,2.2222222222222223
2016,예수대학교,자연과학,531.0,7.0,1.3182674199623352
2016,예원예술대학교,예체능,518.0,69.0,13.320463320463322
2016,예원예술대학교,인문사회,94.0,19.0,20.212765957446805
2016,예원예술대학교 _제2캠퍼스,공학,172.0,12.0,6.976744186046512
2016,예원예술대학교 _제2캠퍼스,예체능,481.0,35.0,7.276507276507277
2016,용인대학교,공학,902.0,51.0,5.65410199556541
2016,용인대학교,예체능,1849.0,130.0,7.030827474310438
2016,용인대학교,인문사회,2696.0,138.0,5.118694362017804
2016,용인대학교,자연과학,592.0,22.0,3.7162162162162162
2016,우석대학교,공학,2296.0,175.0,7.621951219512195
2016,우석대학교,예체능,784.0,97.0,12.372448979591837
2016,우석대학교,의학,361.0,34.0,9.418282548476455
2016,우석대학교,인문사회,4052.0,281.0,6.934846989141165
2016,우석대학교,자연과학,1499.0,48.0,3.2021347565043365
2016,우송대학교,공학,2937.0,139.0,4.732720463057541
2016,우송대학교,예체능,995.0,50.0,5.025125628140704
2016,우송대학교,인문사회,4990.0,243.0,4.869739478957916
2016,우송대학교,자연과학,919.0,44.0,4.787812840043525
2016,우송대학교(산업대),공학,2.0,1.0,50.0
2016,울산과학기술원,공학,2513.0,35.0,1.392757660167131
2016,울산과학기술원,예체능,195.0,1.0,0.5128205128205128
2016,울산과학기술원,인문사회,489.0,4.0,0.81799591002045
2016,울산과학기술원,자연과학,850.0,18.0,2.1176470588235294
2016,울산대학교,공학,7844.0,278.0,3.5441101478837327
2016,울산대학교,예체능,749.0,37.0,4.939919893190922
2016,울산대학교,의학,162.0,0.0,0.0
2016,울산대학교,인문사회,6735.0,222.0,3.2962138084632517
2016,울산대학교,자연과학,1689.0,56.0,3.315571343990527
2016,원광대학교,공학,7753.0,566.0,7.300399845221205
2016,원광대학교,예체능,1257.0,100.0,7.955449482895784
2016,원광대학교,의학,1091.0,0.0,0.0
2016,원광대학교,인문사회,9310.0,573.0,6.154672395273899
2016,원광대학교,자연과학,3127.0,104.0,3.3258714422769424
2016,원광디지털대학교,예체능,1252.0,162.0,12.939297124600637
2016,원광디지털대학교,인문사회,2581.0,346.0,13.405656722200698
2016,원광디지털대학교,자연과학,1358.0,188.0,13.843888070692195
2016,위덕대학교,공학,788.0,74.0,9.390862944162437
2016,위덕대학교,예체능,51.0,22.0,43.13725490196079
2016,위덕대학교,인문사회,1571.0,114.0,7.2565245066836415
2016,위덕대학교,자연과학,664.0,23.0,3.463855421686747
2016,유원대학교,공학,1381.0,148.0,10.716871832005793
2016,유원대학교,예체능,556.0,35.0,6.294964028776978
2016,유원대학교,인문사회,2191.0,164.0,7.485166590597901
2016,유원대학교,자연과학,537.0,34.0,6.33147113594041
2016,을지대학교,의학,186.0,0.0,0.0
2016,을지대학교,인문사회,6.0,1.0,16.666666666666664
2016,을지대학교,자연과학,654.0,13.0,1.9877675840978593
2016,을지대학교 _제2캠퍼스,공학,1045.0,36.0,3.4449760765550237
2016,을지대학교 _제2캠퍼스,예체능,154.0,13.0,8.441558441558442
2016,을지대학교 _제2캠퍼스,인문사회,622.0,33.0,5.305466237942122
2016,을지대학교 _제2캠퍼스,자연과학,1596.0,45.0,2.819548872180451
2016,이화여자대학교,공학,2776.0,149.0,5.367435158501441
2016,이화여자대학교,예체능,1725.0,18.0,1.0434782608695654
2016,이화여자대학교,인문사회,8223.0,134.0,1.6295755806883132
2016,이화여자대학교,자연과학,2414.0,48.0,1.9884009942004972
2016,인제대학교,공학,3465.0,160.0,4.617604617604617
2016,인제대학교,예체능,1060.0,90.0,8.49056603773585
2016,인제대학교,인문사회,4756.0,195.0,4.100084104289318
2016,인제대학교,자연과학,1521.0,49.0,3.2215647600262987
2016,인제대학교 _제2캠퍼스,의학,425.0,1.0,0.2352941176470588
2016,인제대학교 _제2캠퍼스,자연과학,514.0,9.0,1.7509727626459144
2016,인천가톨릭대학교,인문사회,112.0,8.0,7.142857142857142
2016,인천가톨릭대학교 _제2캠퍼스,공학,289.0,11.0,3.8062283737024223
2016,인천가톨릭대학교 _제2캠퍼스,예체능,222.0,9.0,4.054054054054054
2016,인천가톨릭대학교 _제2캠퍼스,인문사회,106.0,12.0,11.320754716981133
2016,인천가톨릭대학교 _제2캠퍼스,자연과학,119.0,2.0,1.680672268907563
2016,인천대학교,공학,7790.0,268.0,3.4403080872913994
2016,인천대학교,예체능,1381.0,69.0,4.996379435191891
2016,인천대학교,인문사회,7181.0,263.0,3.662442556746971
2016,인천대학교,자연과학,685.0,28.0,4.087591240875913
2016,인하대학교,공학,11437.0,179.0,1.5650957418903557
2016,인하대학교,예체능,336.0,12.0,3.571428571428571
2016,인하대학교,의학,2.0,1.0,50.0
2016,인하대학교,인문사회,10129.0,147.0,1.4512785072563925
2016,인하대학교,자연과학,1889.0,43.0,2.2763366860772893
2016,장로회신학대학교,예체능,278.0,11.0,3.9568345323741005
2016,장로회신학대학교,인문사회,624.0,14.0,2.2435897435897436
2016,전남대학교,공학,7546.0,226.0,2.9949642194540154
2016,전남대학교,예체능,944.0,26.0,2.754237288135593
2016,전남대학교,의학,593.0,1.0,0.16863406408094433
2016,전남대학교,인문사회,9092.0,248.0,2.727672679278487
2016,전남대학교,자연과학,3320.0,81.0,2.4397590361445785
2016,전남대학교 _제2캠퍼스,공학,2979.0,165.0,5.53877139979859
2016,전남대학교 _제2캠퍼스,인문사회,973.0,52.0,5.344295991778006
2016,전남대학교 _제2캠퍼스,자연과학,5.0,1.0,20.0
2016,전북대학교,공학,11329.0,361.0,3.1865124900697324
2016,전북대학교,예체능,631.0,25.0,3.9619651347068143
2016,전북대학교,의학,213.0,0.0,0.0
2016,전북대학교,인문사회,9023.0,290.0,3.214008644574975
2016,전북대학교,자연과학,2581.0,81.0,3.1383184812088336
2016,전주교육대학교,인문사회,1221.0,10.0,0.819000819000819
2016,전주대학교,공학,3721.0,249.0,6.6917495296963185
2016,전주대학교,예체능,1455.0,112.0,7.697594501718213
2016,전주대학교,의학,69.0,7.0,10.144927536231885
2016,전주대학교,인문사회,8225.0,484.0,5.8844984802431615
2016,전주대학교,자연과학,856.0,28.0,3.2710280373831773
2016,정석대학,공학,49.0,1.0,2.0408163265306123
2016,정석대학,인문사회,49.0,0.0,0.0
2016,제주국제대학교,공학,624.0,83.0,13.301282051282051
2016,제주국제대학교,예체능,167.0,30.0,17.964071856287426
2016,제주국제대학교,인문사회,873.0,118.0,13.516609392898053
2016,제주국제대학교,자연과학,92.0,10.0,10.869565217391305
2016,제주대학교,공학,4670.0,179.0,3.8329764453961452
2016,제주대학교,예체능,491.0,30.0,6.109979633401222
2016,제주대학교,의학,207.0,1.0,0.4830917874396135
2016,제주대학교,인문사회,8023.0,356.0,4.437242926586065
2016,제주대학교,자연과학,1612.0,70.0,4.3424317617866
2016,조선대학교,공학,10170.0,435.0,4.277286135693215
2016,조선대학교,예체능,2312.0,118.0,5.103806228373702
2016,조선대학교,의학,5.0,0.0,0.0
2016,조선대학교,인문사회,12587.0,532.0,4.226582982442202
2016,조선대학교,자연과학,2025.0,53.0,2.617283950617284
2016,중부대학교,공학,3667.0,204.0,5.563130624488683
2016,중부대학교,예체능,1586.0,122.0,7.6923076923076925
2016,중부대학교,인문사회,4508.0,322.0,7.142857142857142
2016,중부대학교,자연과학,651.0,27.0,4.147465437788019
2016,중앙대학교,공학,5269.0,146.0,2.770924274055798
2016,중앙대학교,예체능,654.0,21.0,3.211009174311927
2016,중앙대학교,의학,395.0,5.0,1.2658227848101267
2016,중앙대학교,인문사회,12781.0,338.0,2.644550504655348
2016,중앙대학교,자연과학,2758.0,39.0,1.4140681653372007
2016,중앙대학교 _제2캠퍼스,공학,1525.0,41.0,2.6885245901639343
2016,중앙대학교 _제2캠퍼스,예체능,4158.0,90.0,2.1645021645021645
2016,중앙대학교 _제2캠퍼스,인문사회,1632.0,70.0,4.28921568627451
2016,중앙대학교 _제2캠퍼스,자연과학,23.0,0.0,0.0
2016,중앙승가대학교,인문사회,108.0,6.0,5.555555555555555
2016,중원대학교,공학,1381.0,113.0,8.182476466328747
2016,중원대학교,예체능,340.0,18.0,5.294117647058823
2016,중원대학교,의학,82.0,10.0,12.195121951219512
2016,중원대학교,인문사회,1432.0,142.0,9.916201117318437
2016,중원대학교,자연과학,551.0,15.0,2.722323049001815
2016,진주교육대학교,인문사회,1381.0,6.0,0.4344677769732078
2016,진주산업대학교(산업대),공학,345.0,186.0,53.91304347826087
2016,진주산업대학교(산업대),예체능,43.0,26.0,60.46511627906976
2016,진주산업대학교(산업대),인문사회,114.0,63.0,55.26315789473685
2016,진주산업대학교(산업대),자연과학,55.0,25.0,45.45454545454545
2016,차의과학대학교,공학,454.0,35.0,7.709251101321586
2016,차의과학대학교,예체능,72.0,8.0,11.11111111111111
2016,차의과학대학교,의학,203.0,9.0,4.433497536945813
2016,차의과학대학교,인문사회,533.0,9.0,1.6885553470919326
2016,차의과학대학교,자연과학,1261.0,48.0,3.8065027755749403
2016,창신대학교,공학,228.0,20.0,8.771929824561402
2016,창신대학교,예체능,295.0,30.0,10.16949152542373
2016,창신대학교,인문사회,868.0,50.0,5.76036866359447
2016,창신대학교,자연과학,457.0,3.0,0.6564551422319475
2016,청운대학교,공학,1567.0,133.0,8.487555839183154
2016,청운대학교,예체능,897.0,93.0,10.367892976588628
2016,청운대학교,인문사회,5187.0,334.0,6.439174860227492
2016,청운대학교,자연과학,553.0,23.0,4.159132007233273
2016,청주교육대학교,인문사회,1267.0,4.0,0.31570639305445936
2016,청주대학교,공학,5191.0,197.0,3.79502985937199
2016,청주대학교,예체능,1308.0,48.0,3.669724770642202
2016,청주대학교,의학,209.0,15.0,7.177033492822966
2016,청주대학교,인문사회,9117.0,313.0,3.433146868487441
2016,청주대학교,자연과학,1186.0,23.0,1.93929173693086
2016,초당대학교,공학,862.0,90.0,10.440835266821345
2016,초당대학교,예체능,449.0,116.0,25.83518930957684
2016,초당대학교,인문사회,951.0,135.0,14.195583596214512
2016,초당대학교,자연과학,1191.0,80.0,6.717044500419815
2016,초당대학교(산업대),공학,103.0,27.0,26.21359223300971
2016,초당대학교(산업대),예체능,38.0,9.0,23.684210526315788
2016,초당대학교(산업대),인문사회,145.0,45.0,31.03448275862069
2016,초당대학교(산업대),자연과학,127.0,19.0,14.960629921259844
2016,총신대학교,예체능,338.0,18.0,5.325443786982249
2016,총신대학교,인문사회,2018.0,77.0,3.8156590683845395
2016,총신대학교,자연과학,65.0,0.0,0.0
2016,추계예술대학교,예체능,686.0,29.0,4.227405247813411
2016,추계예술대학교,인문사회,150.0,13.0,8.666666666666668
2016,춘천교육대학교,인문사회,1425.0,10.0,0.7017543859649122
2016,충남대학교,공학,8511.0,215.0,2.5261426389378454
2016,충남대학교,예체능,615.0,16.0,2.6016260162601625
2016,충남대학교,의학,332.0,2.0,0.6024096385542169
2016,충남대학교,인문사회,9464.0,204.0,2.1555367709213864
2016,충남대학교,자연과학,3998.0,102.0,2.5512756378189096
2016,충북대학교,공학,8021.0,231.0,2.879940157087645
2016,충북대학교,예체능,119.0,8.0,6.722689075630252
2016,충북대학교,의학,559.0,2.0,0.35778175313059035
2016,충북대학교,인문사회,7310.0,147.0,2.0109439124487003
2016,충북대학교,자연과학,2765.0,76.0,2.748643761301989
2016,칼빈대학교,예체능,67.0,5.0,7.462686567164178
2016,칼빈대학교,인문사회,85.0,6.0,7.0588235294117645
2016,칼빈대학교,자연과학,100.0,3.0,3.0
2016,평택대학교,공학,1024.0,75.0,7.32421875
2016,평택대학교,예체능,985.0,74.0,7.5126903553299496
2016,평택대학교,인문사회,2544.0,188.0,7.3899371069182385
2016,평택대학교,자연과학,309.0,17.0,5.501618122977346
2016,포항공과대학교,공학,1138.0,9.0,0.7908611599297013
2016,포항공과대학교,인문사회,175.0,0.0,0.0
2016,포항공과대학교,자연과학,239.0,0.0,0.0
2016,한경국립대학교,공학,4080.0,181.0,4.436274509803922
2016,한경국립대학교,예체능,337.0,22.0,6.528189910979229
2016,한경국립대학교,인문사회,1421.0,78.0,5.489092188599578
2016,한경국립대학교,자연과학,393.0,20.0,5.089058524173027
2016,한경대학교(산업대),공학,1228.0,76.0,6.188925081433225
2016,한경대학교(산업대),예체능,48.0,8.0,16.666666666666664
2016,한경대학교(산업대),인문사회,454.0,31.0,6.828193832599119
2016,한경대학교(산업대),자연과학,96.0,6.0,6.25
2016,한국공학대학교,공학,5090.0,252.0,4.950884086444008
2016,한국공학대학교,예체능,1926.0,107.0,5.555555555555555
2016,한국공학대학교,인문사회,826.0,58.0,7.021791767554479
2016,한국과학기술원,공학,2918.0,42.0,1.439342015078821
2016,한국과학기술원,인문사회,39.0,0.0,0.0
2016,한국과학기술원,자연과학,301.0,1.0,0.33222591362126247
2016,한국교원대학교,인문사회,2766.0,22.0,0.7953723788864787
2016,한국교통대학교(산업대),공학,50.0,41.0,82.0
2016,한국교통대학교(산업대),예체능,2.0,2.0,100.0
2016,한국교통대학교(산업대),인문사회,21.0,19.0,90.47619047619048
2016,한국국제대학교,공학,1229.0,144.0,11.716842961757527
2016,한국국제대학교,예체능,514.0,78.0,15.17509727626459
2016,한국국제대학교,인문사회,1783.0,145.0,8.132361189007291
2016,한국국제대학교,자연과학,686.0,25.0,3.6443148688046647
2016,한국기술교육대학교,공학,5519.0,172.0,3.1165066135169415
2016,한국기술교육대학교,인문사회,976.0,43.0,4.405737704918033
2016,한국방송통신대학교,공학,14512.0,3886.0,26.77783902976847
2016,한국방송통신대학교,예체능,4123.0,1181.0,28.64419112296871
2016,한국방송통신대학교,인문사회,150340.0,34536.0,22.97193029133963
2016,한국방송통신대학교,자연과학,8940.0,1469.0,16.431767337807607
2016,한국산업기술대학교(산업대),공학,1215.0,92.0,7.572016460905349
2016,한국산업기술대학교(산업대),예체능,557.0,68.0,12.208258527827647
2016,한국산업기술대학교(산업대),인문사회,146.0,12.0,8.21917808219178
2016,한국성서대학교,공학,177.0,11.0,6.214689265536723
2016,한국성서대학교,인문사회,206.0,9.0,4.368932038834951
2016,한국성서대학교,자연과학,226.0,6.0,2.6548672566371683
2016,한국예술종합학교,공학,121.0,5.0,4.132231404958678
2016,한국예술종합학교,예체능,2088.0,50.0,2.3946360153256707
2016,한국예술종합학교,인문사회,134.0,4.0,2.9850746268656714
2016,한국외국어대학교,공학,2255.0,81.0,3.5920177383592016
2016,한국외국어대학교,인문사회,14401.0,384.0,2.6664814943406707
2016,한국외국어대학교,자연과학,730.0,25.0,3.4246575342465753
2016,한국전통문화대학교(일반),공학,227.0,5.0,2.2026431718061676
2016,한국전통문화대학교(일반),예체능,199.0,2.0,1.0050251256281406
2016,한국전통문화대학교(일반),인문사회,214.0,5.0,2.336448598130841
2016,한국체육대학교,예체능,1981.0,51.0,2.5744573447753663
2016,한국체육대학교,인문사회,190.0,2.0,1.0526315789473684
2016,한국침례신학대학교,예체능,191.0,20.0,10.471204188481675
2016,한국침례신학대학교,인문사회,1720.0,91.0,5.290697674418605
2016,한국항공대학교,공학,5036.0,115.0,2.283558379666402
2016,한국항공대학교,인문사회,1079.0,31.0,2.873030583873957
2016,한남대학교,공학,4154.0,191.0,4.597977852672123
2016,한남대학교,예체능,849.0,43.0,5.064782096584216
2016,한남대학교,인문사회,10233.0,384.0,3.7525652301377894
2016,한남대학교,자연과학,1236.0,45.0,3.640776699029126
2016,한동대학교,공학,1826.0,24.0,1.3143483023001095
2016,한동대학교,예체능,366.0,5.0,1.366120218579235
2016,한동대학교,인문사회,2514.0,33.0,1.3126491646778042
2016,한라대학교,공학,2804.0,161.0,5.741797432239657
2016,한라대학교,예체능,292.0,23.0,7.876712328767123
2016,한라대학교,인문사회,2495.0,134.0,5.370741482965932
2016,한려대학교,공학,52.0,13.0,25.0
2016,한려대학교,예체능,39.0,10.0,25.64102564102564
2016,한려대학교,인문사회,159.0,33.0,20.754716981132077
2016,한려대학교,자연과학,487.0,25.0,5.133470225872689
2016,한림대학교,공학,2181.0,113.0,5.181109582760202
2016,한림대학교,예체능,457.0,21.0,4.595185995623632
2016,한림대학교,의학,298.0,0.0,0.0
2016,한림대학교,인문사회,6690.0,284.0,4.245142002989537
2016,한림대학교,자연과학,1383.0,40.0,2.8922631959508314
2016,한밭대학교(산업대),공학,1990.0,167.0,8.391959798994975
2016,한밭대학교(산업대),예체능,133.0,19.0,14.285714285714285
2016,한밭대학교(산업대),인문사회,877.0,66.0,7.525655644241732
2016,한북대학교,공학,41.0,12.0,29.268292682926827
2016,한북대학교,예체능,31.0,10.0,32.25806451612903
2016,한북대학교,인문사회,451.0,133.0,29.490022172949004
2016,한북대학교,자연과학,98.0,25.0,25.510204081632654
2016,한서대학교,공학,3924.0,191.0,4.867482161060142
2016,한서대학교,예체능,1199.0,69.0,5.754795663052543
2016,한서대학교,인문사회,2487.0,115.0,4.624045034177724
2016,한서대학교,자연과학,1180.0,52.0,4.406779661016949
2016,한성대학교,공학,2512.0,98.0,3.901273885350318
2016,한성대학교,예체능,1216.0,39.0,3.2072368421052633
2016,한성대학교,인문사회,4966.0,227.0,4.571083366894886
2016,한성대학교,자연과학,391.0,11.0,2.813299232736573
2016,한세대학교,공학,1023.0,52.0,5.083088954056696
2016,한세대학교,예체능,452.0,28.0,6.1946902654867255
2016,한세대학교,인문사회,1631.0,64.0,3.9239730226854688
2016,한세대학교,자연과학,115.0,3.0,2.608695652173913
2016,한신대학교,공학,1283.0,66.0,5.144193296960249
2016,한신대학교,인문사회,4769.0,260.0,5.45187670371147
2016,한신대학교,자연과학,583.0,24.0,4.1166380789022305
2016,한양대학교,공학,9303.0,234.0,2.5153176394711383
2016,한양대학교,예체능,803.0,16.0,1.9925280199252802
2016,한양대학교,의학,315.0,2.0,0.6349206349206349
2016,한양대학교,인문사회,7571.0,99.0,1.3076211861048739
2016,한양대학교,자연과학,1639.0,28.0,1.7083587553386212
2016,한양대학교(ERICA) _분교,공학,5152.0,79.0,1.5333850931677018
2016,한양대학교(ERICA) _분교,예체능,1613.0,22.0,1.3639181649101055
2016,한양대학교(ERICA) _분교,인문사회,5360.0,101.0,1.8843283582089552
2016,한양대학교(ERICA) _분교,자연과학,554.0,7.0,1.263537906137184
2016,한일장신대학교,예체능,142.0,5.0,3.5211267605633805
2016,한일장신대학교,인문사회,492.0,50.0,10.16260162601626
2016,한일장신대학교,자연과학,151.0,4.0,2.6490066225165565
2016,한중대학교,공학,215.0,42.0,19.53488372093023
2016,한중대학교,예체능,61.0,32.0,52.459016393442624
2016,한중대학교,인문사회,461.0,75.0,16.268980477223426
2016,한중대학교,자연과학,472.0,9.0,1.9067796610169492
2016,협성대학교,공학,1087.0,70.0,6.439742410303588
2016,협성대학교,예체능,831.0,38.0,4.57280385078219
2016,협성대학교,인문사회,3654.0,160.0,4.378762999452655
2016,협성대학교,자연과학,238.0,11.0,4.621848739495799
2016,호남대학교,공학,2466.0,73.0,2.9602595296025953
2016,호남대학교,예체능,557.0,38.0,6.822262118491921
2016,호남대학교,인문사회,3690.0,255.0,6.910569105691057
2016,호남대학교,자연과학,1616.0,70.0,4.3316831683168315
2016,호남신학대학교,예체능,285.0,19.0,6.666666666666667
2016,호남신학대학교,인문사회,531.0,41.0,7.721280602636535
2016,호서대학교,공학,6468.0,310.0,4.79282622139765
2016,호서대학교,예체능,2259.0,147.0,6.507304116865869
2016,호서대학교,인문사회,5109.0,284.0,5.55881777255823
2016,호서대학교,자연과학,1588.0,51.0,3.211586901763224
2016,호원대학교,공학,1333.0,137.0,10.277569392348088
2016,호원대학교,예체능,1511.0,112.0,7.412309728656519
2016,호원대학교,인문사회,2724.0,331.0,12.151248164464024
2016,호원대학교,자연과학,426.0,8.0,1.8779342723004695
2016,홍익대학교,공학,7498.0,187.0,2.49399839957322
2016,홍익대학교,예체능,1048.0,22.0,2.099236641221374
2016,홍익대학교,인문사회,6004.0,141.0,2.3484343770819454
2016,홍익대학교 _제2캠퍼스,공학,3563.0,160.0,4.490597810833568
2016,홍익대학교 _제2캠퍼스,예체능,2290.0,62.0,2.7074235807860263
2016,홍익대학교 _제2캠퍼스,인문사회,1729.0,38.0,2.197802197802198
2016,화성의과학대학교,공학,225.0,18.0,8.0
2016,화성의과학대학교,예체능,182.0,27.0,14.835164835164836
2016,화성의과학대학교,인문사회,649.0,69.0,10.631741140215716
2016,화성의과학대학교,자연과학,197.0,4.0,2.030456852791878
2017,가야대학교(김해),공학,333.0,34.0,10.21021021021021
2017,가야대학교(김해),예체능,200.0,35.0,17.5
2017,가야대학교(김해),인문사회,1056.0,61.0,5.776515151515151
2017,가야대학교(김해),자연과학,937.0,10.0,1.0672358591248665
2017,가천대학교,공학,7372.0,238.0,3.228431904503527
2017,가천대학교,예체능,2761.0,131.0,4.744657732705542
2017,가천대학교,의학,163.0,2.0,1.2269938650306749
2017,가천대학교,인문사회,10248.0,318.0,3.1030444964871196
2017,가천대학교,자연과학,3100.0,61.0,1.9677419354838708
2017,가톨릭관동대학교,공학,2294.0,188.0,8.195292066259809
2017,가톨릭관동대학교,예체능,765.0,83.0,10.84967320261438
2017,가톨릭관동대학교,의학,214.0,1.0,0.46728971962616817
2017,가톨릭관동대학교,인문사회,7836.0,635.0,8.103624298111281
2017,가톨릭관동대학교,자연과학,395.0,13.0,3.2911392405063293
2017,가톨릭꽃동네대학교,인문사회,401.0,8.0,1.99501246882793
2017,가톨릭꽃동네대학교,자연과학,202.0,1.0,0.49504950495049505
2017,가톨릭대학교,공학,2016.0,82.0,4.067460317460317
2017,가톨릭대학교,예체능,274.0,10.0,3.64963503649635
2017,가톨릭대학교,인문사회,6025.0,157.0,2.6058091286307055
2017,가톨릭대학교,자연과학,991.0,30.0,3.027245206861756
2017,가톨릭대학교 _제2캠퍼스,의학,100.0,4.0,4.0
2017,가톨릭대학교 _제2캠퍼스,자연과학,510.0,6.0,1.1764705882352942
2017,가톨릭대학교 _제3캠퍼스,인문사회,272.0,17.0,6.25
2017,감리교신학대학교,인문사회,338.0,14.0,4.142011834319527
2017,강남대학교,공학,1679.0,53.0,3.156640857653365
2017,강남대학교,예체능,726.0,27.0,3.71900826446281
2017,강남대학교,인문사회,6557.0,192.0,2.9281683696812566
2017,강남대학교,자연과학,108.0,1.0,0.9259259259259258
2017,강서대학교,예체능,172.0,14.0,8.13953488372093
2017,강서대학교,인문사회,1199.0,67.0,5.587989991659716
2017,강서대학교,자연과학,141.0,6.0,4.25531914893617
2017,강원대학교,공학,7092.0,255.0,3.5956006768189512
2017,강원대학교,예체능,894.0,31.0,3.467561521252797
2017,강원대학교,의학,178.0,2.0,1.1235955056179776
2017,강원대학교,인문사회,8480.0,238.0,2.806603773584906
2017,강원대학교,자연과학,2945.0,78.0,2.6485568760611207
2017,강원대학교 _제2캠퍼스,공학,4850.0,216.0,4.453608247422681
2017,강원대학교 _제2캠퍼스,예체능,879.0,35.0,3.981797497155859
2017,강원대학교 _제2캠퍼스,인문사회,2221.0,88.0,3.9621791985592076
2017,강원대학교 _제2캠퍼스,자연과학,841.0,30.0,3.56718192627824
2017,건국대학교,공학,8191.0,277.0,3.3817604688072276
2017,건국대학교,예체능,1234.0,28.0,2.2690437601296596
2017,건국대학교,의학,347.0,2.0,0.5763688760806917
2017,건국대학교,인문사회,8023.0,174.0,2.16876480119656
2017,건국대학교,자연과학,2025.0,49.0,2.419753086419753
2017,건국대학교(글로컬) _분교,공학,2481.0,122.0,4.9173720274083035
2017,건국대학교(글로컬) _분교,예체능,1419.0,81.0,5.708245243128964
2017,건국대학교(글로컬) _분교,의학,465.0,19.0,4.086021505376344
2017,건국대학교(글로컬) _분교,인문사회,4817.0,226.0,4.691716836205107
2017,건국대학교(글로컬) _분교,자연과학,625.0,23.0,3.6799999999999997
2017,건양대학교,공학,1305.0,74.0,5.670498084291188
2017,건양대학교,예체능,434.0,29.0,6.682027649769585
2017,건양대학교,의학,66.0,3.0,4.545454545454546
2017,건양대학교,인문사회,3128.0,197.0,6.297953964194374
2017,건양대학교,자연과학,335.0,22.0,6.567164179104477
2017,건양대학교 _제2캠퍼스,공학,842.0,43.0,5.10688836104513
2017,건양대학교 _제2캠퍼스,예체능,278.0,14.0,5.0359712230215825
2017,건양대학교 _제2캠퍼스,의학,250.0,1.0,0.4
2017,건양대학교 _제2캠퍼스,인문사회,155.0,3.0,1.935483870967742
2017,건양대학교 _제2캠퍼스,자연과학,1339.0,25.0,1.8670649738610903
2017,경기대학교,공학,5673.0,221.0,3.895646042658205
2017,경기대학교,예체능,623.0,29.0,4.654895666131622
2017,경기대학교,인문사회,8014.0,300.0,3.7434489643124533
2017,경기대학교,자연과학,914.0,36.0,3.938730853391685
2017,경기대학교 _제2캠퍼스,공학,117.0,4.0,3.418803418803419
2017,경기대학교 _제2캠퍼스,예체능,282.0,12.0,4.25531914893617
2017,경기대학교 _제2캠퍼스,인문사회,1956.0,105.0,5.368098159509203
2017,경기대학교 _제2캠퍼스,자연과학,103.0,29.0,28.155339805825243
2017,경남과학기술대학교,공학,3127.0,177.0,5.660377358490567
2017,경남과학기술대학교,예체능,437.0,23.0,5.263157894736842
2017,경남과학기술대학교,인문사회,1490.0,99.0,6.644295302013423
2017,경남과학기술대학교,자연과학,1135.0,47.0,4.140969162995595
2017,경남대학교,공학,6102.0,364.0,5.965257292690921
2017,경남대학교,인문사회,9488.0,588.0,6.197301854974705
2017,경남대학교,자연과학,1001.0,31.0,3.096903096903097
2017,경동대학교,공학,941.0,95.0,10.095642933049948
2017,경동대학교,예체능,185.0,23.0,12.432432432432433
2017,경동대학교,인문사회,1851.0,299.0,16.15343057806591
2017,경동대학교,자연과학,743.0,59.0,7.94078061911171
2017,경동대학교 _제3캠퍼스,공학,101.0,11.0,10.891089108910892
2017,경동대학교 _제3캠퍼스,인문사회,75.0,8.0,10.666666666666668
2017,경동대학교 _제3캠퍼스,자연과학,2014.0,46.0,2.284011916583913
2017,경동대학교 _제4캠퍼스,공학,391.0,27.0,6.905370843989769
2017,경동대학교 _제4캠퍼스,예체능,202.0,17.0,8.415841584158416
2017,경동대학교 _제4캠퍼스,인문사회,623.0,22.0,3.5313001605136436
2017,경북대학교,공학,14639.0,421.0,2.8758794999658446
2017,경북대학교,예체능,784.0,20.0,2.5510204081632653
2017,경북대학교,의학,413.0,4.0,0.9685230024213075
2017,경북대학교,인문사회,10358.0,239.0,2.307395250048272
2017,경북대학교,자연과학,3541.0,93.0,2.626376729737362
2017,경상국립대학교,공학,8986.0,391.0,4.351212997996884
2017,경상국립대학교,의학,498.0,8.0,1.6064257028112447
2017,경상국립대학교,인문사회,8134.0,302.0,3.712810425374969
2017,경상국립대학교,자연과학,1915.0,59.0,3.0809399477806787
2017,경성대학교,공학,3932.0,223.0,5.671414038657172
2017,경성대학교,예체능,2768.0,127.0,4.588150289017341
2017,경성대학교,의학,140.0,11.0,7.857142857142857
2017,경성대학교,인문사회,7705.0,374.0,4.853990914990266
2017,경성대학교,자연과학,1308.0,54.0,4.128440366972478
2017,경운대학교,공학,1939.0,163.0,8.406395048994327
2017,경운대학교,예체능,726.0,120.0,16.528925619834713
2017,경운대학교,인문사회,1273.0,122.0,9.583660644147683
2017,경운대학교,자연과학,1319.0,30.0,2.2744503411675514
2017,경운대학교(산업대),공학,89.0,40.0,44.9438202247191
2017,경운대학교(산업대),예체능,14.0,11.0,78.57142857142857
2017,경운대학교(산업대),인문사회,135.0,93.0,68.88888888888889
2017,경운대학교(산업대),자연과학,10.0,5.0,50.0
2017,경인교육대학교,인문사회,1334.0,12.0,0.8995502248875562
2017,경인교육대학교 _제2캠퍼스,인문사회,1358.0,5.0,0.3681885125184094
2017,경일대학교,공학,3981.0,295.0,7.410198442602361
2017,경일대학교,예체능,1148.0,79.0,6.881533101045297
2017,경일대학교,인문사회,2287.0,205.0,8.963707914298208
2017,경일대학교,자연과학,480.0,6.0,1.25
2017,경희대학교,공학,8773.0,266.0,3.0320300923287355
2017,경희대학교,예체능,2430.0,70.0,2.880658436213992
2017,경희대학교,의학,934.0,7.0,0.7494646680942184
2017,경희대학교,인문사회,14885.0,320.0,2.1498152502519314
2017,경희대학교,자연과학,3423.0,109.0,3.1843412211510373
2017,계명대학교,공학,5985.0,257.0,4.29406850459482
2017,계명대학교,예체능,3380.0,142.0,4.201183431952662
2017,계명대학교,의학,315.0,0.0,0.0
2017,계명대학교,인문사회,15735.0,671.0,4.264378773435017
2017,계명대학교,자연과학,2528.0,73.0,2.8876582278481013
2017,고려대학교,공학,8004.0,245.0,3.0609695152423786
2017,고려대학교,예체능,319.0,4.0,1.2539184952978055
2017,고려대학교,의학,407.0,1.0,0.2457002457002457
2017,고려대학교,인문사회,14265.0,159.0,1.1146161934805467
2017,고려대학교,자연과학,3367.0,75.0,2.2275022275022276
2017,고려대학교(세종) _분교,공학,2849.0,102.0,3.5802035802035803
2017,고려대학교(세종) _분교,예체능,154.0,16.0,10.38961038961039
2017,고려대학교(세종) _분교,인문사회,5216.0,170.0,3.25920245398773
2017,고려대학교(세종) _분교,자연과학,1004.0,28.0,2.788844621513944
2017,고신대학교,공학,537.0,52.0,9.683426443202979
2017,고신대학교,예체능,427.0,44.0,10.304449648711945
2017,고신대학교,의학,322.0,0.0,0.0
2017,고신대학교,인문사회,2665.0,200.0,7.5046904315197
2017,고신대학교,자연과학,995.0,35.0,3.5175879396984926
2017,공주교육대학교,인문사회,1548.0,25.0,1.614987080103359
2017,광신대학교,예체능,135.0,16.0,11.851851851851853
2017,광신대학교,인문사회,498.0,38.0,7.630522088353414
2017,광운대학교,공학,6215.0,220.0,3.5398230088495577
2017,광운대학교,예체능,693.0,25.0,3.6075036075036073
2017,광운대학교,인문사회,3571.0,134.0,3.7524502940352846
2017,광운대학교,자연과학,581.0,21.0,3.614457831325301
2017,광주가톨릭대학교,인문사회,132.0,7.0,5.303030303030303
2017,광주과학기술원,공학,315.0,10.0,3.1746031746031744
2017,광주과학기술원,인문사회,423.0,11.0,2.6004728132387704
2017,광주과학기술원,자연과학,96.0,1.0,1.0416666666666665
2017,광주교육대학교,인문사회,1418.0,14.0,0.9873060648801129
2017,광주대학교,공학,1769.0,139.0,7.857546636517807
2017,광주대학교,예체능,928.0,92.0,9.913793103448276
2017,광주대학교,의학,44.0,2.0,4.545454545454546
2017,광주대학교,인문사회,4719.0,316.0,6.696333969061241
2017,광주대학교,자연과학,928.0,42.0,4.525862068965517
2017,광주여자대학교,공학,466.0,7.0,1.502145922746781
2017,광주여자대학교,예체능,798.0,32.0,4.010025062656641
2017,광주여자대학교,의학,118.0,14.0,11.864406779661017
2017,광주여자대학교,인문사회,1469.0,75.0,5.105513955071477
2017,광주여자대학교,자연과학,732.0,11.0,1.5027322404371584
2017,국립강릉원주대학교,공학,3248.0,187.0,5.7573891625615765
2017,국립강릉원주대학교,예체능,850.0,44.0,5.176470588235294
2017,국립강릉원주대학교,의학,163.0,0.0,0.0
2017,국립강릉원주대학교,인문사회,3052.0,169.0,5.53735255570118
2017,국립강릉원주대학교,자연과학,708.0,42.0,5.932203389830509
2017,국립강릉원주대학교 _제2캠퍼스,공학,1778.0,107.0,6.017997750281215
2017,국립강릉원주대학교 _제2캠퍼스,인문사회,648.0,28.0,4.320987654320987
2017,국립강릉원주대학교 _제2캠퍼스,자연과학,354.0,4.0,1.1299435028248588
2017,국립경국대학교,공학,3393.0,186.0,5.4818744473916885
2017,국립경국대학교,예체능,521.0,39.0,7.485604606525912
2017,국립경국대학교,의학,178.0,8.0,4.49438202247191
2017,국립경국대학교,인문사회,3403.0,230.0,6.758742286218043
2017,국립경국대학교,자연과학,1378.0,70.0,5.079825834542816
2017,국립공주대학교,공학,7026.0,343.0,4.881867349843438
2017,국립공주대학교,예체능,999.0,39.0,3.903903903903904
2017,국립공주대학교,인문사회,6743.0,185.0,2.743585940975827
2017,국립공주대학교,자연과학,1376.0,53.0,3.8517441860465116
2017,국립군산대학교,공학,6067.0,460.0,7.5820009889566515
2017,국립군산대학교,예체능,573.0,43.0,7.504363001745201
2017,국립군산대학교,인문사회,2912.0,218.0,7.486263736263736
2017,국립군산대학교,자연과학,727.0,50.0,6.87757909215956
2017,국립금오공과대학교,공학,7811.0,273.0,3.4950710536422993
2017,국립금오공과대학교,예체능,158.0,4.0,2.5316455696202533
2017,국립금오공과대학교,인문사회,570.0,31.0,5.43859649122807
2017,국립금오공과대학교,자연과학,217.0,12.0,5.529953917050691
2017,국립목포대학교,공학,4190.0,314.0,7.494033412887828
2017,국립목포대학교,예체능,543.0,41.0,7.550644567219153
2017,국립목포대학교,인문사회,3877.0,229.0,5.90662883672943
2017,국립목포대학교,자연과학,1175.0,67.0,5.702127659574468
2017,국립목포해양대학교,공학,1721.0,91.0,5.287623474723998
2017,국립목포해양대학교,인문사회,459.0,13.0,2.832244008714597
2017,국립부경대학교,공학,11390.0,364.0,3.195785776997366
2017,국립부경대학교,예체능,456.0,16.0,3.508771929824561
2017,국립부경대학교,인문사회,7189.0,224.0,3.11587147030185
2017,국립부경대학교,자연과학,1367.0,56.0,4.09656181419166
2017,국립순천대학교,공학,3236.0,235.0,7.262051915945612
2017,국립순천대학교,예체능,732.0,44.0,6.0109289617486334
2017,국립순천대학교,의학,129.0,11.0,8.527131782945736
2017,국립순천대학교,인문사회,3347.0,175.0,5.228562892142217
2017,국립순천대학교,자연과학,1116.0,38.0,3.405017921146954
2017,국립창원대학교,공학,4876.0,187.0,3.8351107465135357
2017,국립창원대학교,예체능,682.0,35.0,5.131964809384164
2017,국립창원대학교,인문사회,4161.0,132.0,3.172314347512617
2017,국립창원대학교,자연과학,919.0,44.0,4.787812840043525
2017,국립한국교통대학교,공학,7457.0,186.0,2.4943006571007107
2017,국립한국교통대학교,예체능,245.0,10.0,4.081632653061225
2017,국립한국교통대학교,인문사회,3127.0,64.0,2.0466901183242725
2017,국립한국교통대학교,자연과학,551.0,9.0,1.6333938294010888
2017,국립한국해양대학교,공학,3374.0,131.0,3.882631890930646
2017,국립한국해양대학교,인문사회,2521.0,125.0,4.958349861166203
2017,국립한밭대학교,공학,7052.0,358.0,5.076574021554169
2017,국립한밭대학교,예체능,333.0,18.0,5.405405405405405
2017,국립한밭대학교,의학,20.0,0.0,0.0
2017,국립한밭대학교,인문사회,2937.0,139.0,4.732720463057541
2017,국민대학교,공학,6658.0,150.0,2.2529288074496843
2017,국민대학교,예체능,2165.0,52.0,2.401847575057737
2017,국민대학교,인문사회,9840.0,305.0,3.0995934959349594
2017,국민대학교,자연과학,1520.0,42.0,2.763157894736842
2017,극동대학교,공학,1522.0,76.0,4.993429697766097
2017,극동대학교,예체능,609.0,52.0,8.538587848932677
2017,극동대학교,인문사회,1735.0,121.0,6.9740634005763695
2017,극동대학교,자연과학,497.0,15.0,3.0181086519114686
2017,금강대학교,인문사회,746.0,65.0,8.713136729222521
2017,김천대학교,공학,224.0,19.0,8.482142857142858
2017,김천대학교,예체능,99.0,27.0,27.27272727272727
2017,김천대학교,인문사회,1430.0,117.0,8.181818181818182
2017,김천대학교,자연과학,1514.0,64.0,4.227212681638045
2017,나사렛대학교,공학,365.0,18.0,4.931506849315069
2017,나사렛대학교,예체능,323.0,21.0,6.5015479876160995
2017,나사렛대학교,인문사회,4103.0,166.0,4.045820131611016
2017,나사렛대학교,자연과학,1195.0,39.0,3.2635983263598325
2017,남부대학교,공학,253.0,34.0,13.438735177865613
2017,남부대학교,예체능,433.0,67.0,15.473441108545035
2017,남부대학교,의학,37.0,7.0,18.91891891891892
2017,남부대학교,인문사회,968.0,82.0,8.47107438016529
2017,남부대학교,자연과학,1122.0,40.0,3.5650623885918007
2017,남서울대학교,공학,2989.0,121.0,4.048176647708264
2017,남서울대학교,예체능,422.0,9.0,2.132701421800948
2017,남서울대학교,인문사회,6335.0,271.0,4.277821625887925
2017,남서울대학교,자연과학,639.0,15.0,2.3474178403755865
2017,남서울대학교(산업대),공학,479.0,342.0,71.39874739039665
2017,남서울대학교(산업대),예체능,95.0,72.0,75.78947368421053
2017,남서울대학교(산업대),인문사회,1091.0,793.0,72.68560953253895
2017,남서울대학교(산업대),자연과학,11.0,6.0,54.54545454545454
2017,단국대학교,공학,6173.0,202.0,3.2723149198120844
2017,단국대학교,예체능,943.0,40.0,4.241781548250265
2017,단국대학교,인문사회,6736.0,202.0,2.998812351543943
2017,단국대학교,자연과학,302.0,9.0,2.980132450331126
2017,단국대학교 _제2캠퍼스,공학,2999.0,125.0,4.168056018672891
2017,단국대학교 _제2캠퍼스,예체능,936.0,54.0,5.769230769230769
2017,단국대학교 _제2캠퍼스,의학,441.0,0.0,0.0
2017,단국대학교 _제2캠퍼스,인문사회,5340.0,217.0,4.063670411985019
2017,단국대학교 _제2캠퍼스,자연과학,2317.0,67.0,2.8916702632714717
2017,대구가톨릭대학교,공학,5822.0,291.0,4.99828237718997
2017,대구가톨릭대학교,예체능,1020.0,54.0,5.294117647058823
2017,대구가톨릭대학교,의학,181.0,0.0,0.0
2017,대구가톨릭대학교,인문사회,7795.0,358.0,4.592687620269404
2017,대구가톨릭대학교,자연과학,1632.0,30.0,1.8382352941176472
2017,대구경북과학기술원,자연과학,756.0,16.0,2.1164021164021163
2017,대구교육대학교,인문사회,1690.0,10.0,0.591715976331361
2017,대구대학교,공학,7446.0,442.0,5.93607305936073
2017,대구대학교,예체능,1405.0,91.0,6.476868327402135
2017,대구대학교,인문사회,13472.0,694.0,5.151425178147268
2017,대구대학교,자연과학,2208.0,79.0,3.5778985507246377
2017,대구예술대학교,공학,210.0,23.0,10.952380952380953
2017,대구예술대학교,예체능,1507.0,183.0,12.143331121433311
2017,대구예술대학교,인문사회,9.0,4.0,44.44444444444444
2017,대구예술대학교,자연과학,94.0,11.0,11.702127659574469
2017,대구한의대학교,공학,1372.0,96.0,6.997084548104956
2017,대구한의대학교,예체능,576.0,42.0,7.291666666666667
2017,대구한의대학교,의학,671.0,17.0,2.533532041728763
2017,대구한의대학교,인문사회,2486.0,208.0,8.3668543845535
2017,대구한의대학교,자연과학,2302.0,83.0,3.6055603822762814
2017,대신대학교,예체능,181.0,16.0,8.83977900552486
2017,대신대학교,인문사회,359.0,23.0,6.406685236768802
2017,대전가톨릭대학교,인문사회,91.0,4.0,4.395604395604396
2017,대전대학교,공학,3509.0,176.0,5.015673981191222
2017,대전대학교,예체능,1301.0,69.0,5.303612605687932
2017,대전대학교,의학,471.0,8.0,1.6985138004246285
2017,대전대학교,인문사회,5815.0,313.0,5.382631126397248
2017,대전대학교,자연과학,1397.0,43.0,3.0780243378668573
2017,대전신학대학교,인문사회,173.0,23.0,13.294797687861271
2017,대진대학교,공학,3898.0,249.0,6.387891226269882
2017,대진대학교,예체능,456.0,39.0,8.552631578947368
2017,대진대학교,인문사회,4357.0,258.0,5.921505623135185
2017,대진대학교,자연과학,603.0,31.0,5.140961857379768
2017,덕성여자대학교,공학,440.0,17.0,3.8636363636363633
2017,덕성여자대학교,예체능,481.0,9.0,1.8711018711018712
2017,덕성여자대학교,인문사회,3877.0,107.0,2.75986587567707
2017,덕성여자대학교,자연과학,1313.0,29.0,2.208682406702209
2017,동국대학교,공학,5735.0,224.0,3.905841325196164
2017,동국대학교,예체능,811.0,24.0,2.9593094944512948
2017,동국대학교,인문사회,9848.0,292.0,2.965069049553209
2017,동국대학교,자연과학,1140.0,29.0,2.543859649122807
2017,동국대학교(WISE) _분교,공학,2186.0,157.0,7.182067703568161
2017,동국대학교(WISE) _분교,예체능,510.0,33.0,6.470588235294119
2017,동국대학교(WISE) _분교,의학,327.0,1.0,0.3058103975535168
2017,동국대학교(WISE) _분교,인문사회,6059.0,303.0,5.000825218682952
2017,동국대학교(WISE) _분교,자연과학,765.0,29.0,3.7908496732026142
2017,동덕여자대학교,공학,658.0,23.0,3.4954407294832825
2017,동덕여자대학교,예체능,1726.0,54.0,3.1286210892236386
2017,동덕여자대학교,인문사회,3938.0,149.0,3.783646521076689
2017,동덕여자대학교,자연과학,884.0,24.0,2.7149321266968327
2017,동명대학교,공학,3835.0,235.0,6.127770534550195
2017,동명대학교,예체능,1726.0,110.0,6.373117033603708
2017,동명대학교,인문사회,5230.0,302.0,5.774378585086042
2017,동명대학교,자연과학,568.0,28.0,4.929577464788732
2017,동서대학교,공학,3178.0,226.0,7.11139081183134
2017,동서대학교,예체능,2069.0,111.0,5.364910584823587
2017,동서대학교,인문사회,6685.0,321.0,4.8017950635751685
2017,동서대학교,자연과학,652.0,12.0,1.8404907975460123
2017,동신대학교,공학,2459.0,177.0,7.19804798698658
2017,동신대학교,예체능,542.0,60.0,11.07011070110701
2017,동신대학교,의학,223.0,1.0,0.4484304932735426
2017,동신대학교,인문사회,3217.0,217.0,6.745414982903326
2017,동신대학교,자연과학,1233.0,28.0,2.2708840227088403
2017,동아대학교,공학,9388.0,373.0,3.9731572219855136
2017,동아대학교,예체능,1863.0,86.0,4.616210413311863
2017,동아대학교,의학,182.0,2.0,1.098901098901099
2017,동아대학교,인문사회,12384.0,473.0,3.8194444444444446
2017,동아대학교,자연과학,1347.0,44.0,3.2665181885671863
2017,동양대학교,공학,2123.0,183.0,8.61987753179463
2017,동양대학교,예체능,571.0,63.0,11.033274956217163
2017,동양대학교,인문사회,2869.0,218.0,7.598466364586964
2017,동양대학교,자연과학,317.0,1.0,0.31545741324921134
2017,동의대학교,공학,7321.0,374.0,5.108591722442289
2017,동의대학교,예체능,1910.0,123.0,6.439790575916231
2017,동의대학교,의학,197.0,1.0,0.5076142131979695
2017,동의대학교,인문사회,9707.0,446.0,4.594622437416297
2017,동의대학교,자연과학,1687.0,50.0,2.9638411381149967
2017,디지털서울문화예술대학교,공학,357.0,73.0,20.448179271708682
2017,디지털서울문화예술대학교,예체능,2261.0,445.0,19.68155683325962
2017,디지털서울문화예술대학교,인문사회,1695.0,333.0,19.646017699115045
2017,루터대학교,인문사회,355.0,32.0,9.014084507042254
2017,명지대학교,공학,6363.0,193.0,3.0331604589030334
2017,명지대학교,예체능,1697.0,71.0,4.183853859752505
2017,명지대학교,인문사회,555.0,14.0,2.5225225225225225
2017,명지대학교,자연과학,537.0,21.0,3.910614525139665
2017,명지대학교 _제2캠퍼스,공학,120.0,5.0,4.166666666666666
2017,명지대학교 _제2캠퍼스,예체능,80.0,5.0,6.25
2017,명지대학교 _제2캠퍼스,인문사회,8333.0,278.0,3.336133445337813
2017,목원대학교,공학,3169.0,216.0,6.816030293467971
2017,목원대학교,예체능,1335.0,82.0,6.142322097378277
2017,목원대학교,인문사회,5556.0,328.0,5.903527717782577
2017,목원대학교,자연과학,102.0,10.0,9.803921568627452
2017,목포가톨릭대학교,인문사회,170.0,9.0,5.294117647058823
2017,목포가톨릭대학교,자연과학,447.0,7.0,1.5659955257270695
2017,배재대학교,공학,3391.0,170.0,5.013270421704512
2017,배재대학교,예체능,643.0,47.0,7.309486780715396
2017,배재대학교,인문사회,5164.0,322.0,6.235476374903176
2017,배재대학교,자연과학,1252.0,71.0,5.6709265175718855
2017,백석대학교,공학,1971.0,91.0,4.616945712836124
2017,백석대학교,예체능,1491.0,62.0,4.158283031522468
2017,백석대학교,인문사회,6793.0,292.0,4.298542617400265
2017,백석대학교,자연과학,755.0,13.0,1.7218543046357615
2017,부산가톨릭대학교,공학,541.0,46.0,8.502772643253234
2017,부산가톨릭대학교,인문사회,2187.0,130.0,5.944215820759031
2017,부산가톨릭대학교,자연과학,1521.0,37.0,2.4326101249178174
2017,부산교육대학교,인문사회,1594.0,11.0,0.6900878293601004
2017,부산대학교,공학,11013.0,333.0,3.0236992645055842
2017,부산대학교,예체능,1821.0,44.0,2.416254805052169
2017,부산대학교,의학,115.0,0.0,0.0
2017,부산대학교,인문사회,10277.0,213.0,2.0725892770263696
2017,부산대학교,자연과학,2969.0,91.0,3.06500505220613
2017,부산디지털대학교,인문사회,2220.0,325.0,14.63963963963964
2017,부산외국어대학교,공학,1010.0,43.0,4.257425742574258
2017,부산외국어대학교,예체능,516.0,40.0,7.751937984496124
2017,부산외국어대학교,인문사회,8497.0,552.0,6.496410497822761
2017,부산외국어대학교,자연과학,54.0,6.0,11.11111111111111
2017,부산장신대학교,인문사회,328.0,25.0,7.621951219512195
2017,삼육대학교,공학,1875.0,91.0,4.8533333333333335
2017,삼육대학교,예체능,1097.0,48.0,4.375569735642662
2017,삼육대학교,인문사회,2676.0,119.0,4.44693572496263
2017,삼육대학교,자연과학,1322.0,21.0,1.588502269288956
2017,상명대학교,공학,1976.0,56.0,2.834008097165992
2017,상명대학교,예체능,1103.0,33.0,2.9918404351767904
2017,상명대학교,인문사회,5379.0,189.0,3.5136642498605686
2017,상명대학교,자연과학,546.0,18.0,3.296703296703297
2017,상명대학교 _제2캠퍼스,공학,2376.0,101.0,4.250841750841751
2017,상명대학교 _제2캠퍼스,예체능,2729.0,104.0,3.810919750824478
2017,상명대학교 _제2캠퍼스,인문사회,2212.0,106.0,4.792043399638336
2017,상명대학교 _제2캠퍼스,자연과학,252.0,3.0,1.1904761904761905
2017,상지대학교,공학,2202.0,147.0,6.67574931880109
2017,상지대학교,예체능,1016.0,82.0,8.070866141732283
2017,상지대학교,의학,225.0,0.0,0.0
2017,상지대학교,인문사회,4745.0,390.0,8.21917808219178
2017,상지대학교,자연과학,1167.0,59.0,5.055698371893745
2017,서강대학교,공학,3026.0,111.0,3.668208856576338
2017,서강대학교,예체능,164.0,1.0,0.6097560975609756
2017,서강대학교,인문사회,6439.0,131.0,2.034477403323497
2017,서강대학교,자연과학,704.0,22.0,3.125
2017,서경대학교,공학,2832.0,140.0,4.943502824858757
2017,서경대학교,예체능,1275.0,57.0,4.470588235294118
2017,서경대학교,인문사회,3609.0,208.0,5.763369354391798
2017,서울과학기술대학교,공학,8862.0,193.0,2.177837959828481
2017,서울과학기술대학교,예체능,843.0,8.0,0.9489916963226572
2017,서울과학기술대학교,인문사회,1753.0,56.0,3.194523673702225
2017,서울과학기술대학교,자연과학,31.0,0.0,0.0
2017,서울과학기술대학교(산업대),공학,1414.0,476.0,33.663366336633665
2017,서울과학기술대학교(산업대),예체능,83.0,20.0,24.096385542168676
2017,서울과학기술대학교(산업대),인문사회,334.0,114.0,34.13173652694611
2017,서울교육대학교,인문사회,1592.0,16.0,1.0050251256281406
2017,서울기독대학교,예체능,209.0,19.0,9.090909090909092
2017,서울기독대학교,인문사회,503.0,28.0,5.566600397614314
2017,서울대학교,공학,5923.0,78.0,1.3169002194833699
2017,서울대학교,예체능,1075.0,7.0,0.6511627906976745
2017,서울대학교,의학,771.0,2.0,0.25940337224383914
2017,서울대학교,인문사회,8260.0,62.0,0.7506053268765133
2017,서울대학교,자연과학,1889.0,35.0,1.8528321863419799
2017,서울디지털대학교,공학,873.0,181.0,20.73310423825888
2017,서울디지털대학교,예체능,1885.0,442.0,23.448275862068964
2017,서울디지털대학교,인문사회,8756.0,1810.0,20.67153951576062
2017,서울시립대학교,공학,5891.0,145.0,2.461381768799864
2017,서울시립대학교,예체능,170.0,5.0,2.941176470588235
2017,서울시립대학교,인문사회,5328.0,86.0,1.6141141141141142
2017,서울시립대학교,자연과학,716.0,22.0,3.072625698324022
2017,서울신학대학교,예체능,490.0,25.0,5.1020408163265305
2017,서울신학대학교,인문사회,2060.0,89.0,4.320388349514563
2017,서울여자대학교,공학,1572.0,60.0,3.816793893129771
2017,서울여자대학교,예체능,948.0,28.0,2.9535864978902953
2017,서울여자대학교,인문사회,4357.0,153.0,3.511590543952261
2017,서울여자대학교,자연과학,610.0,17.0,2.7868852459016393
2017,서울장신대학교,예체능,144.0,11.0,7.638888888888889
2017,서울장신대학교,인문사회,504.0,18.0,3.571428571428571
2017,서울한영대학교,예체능,70.0,4.0,5.714285714285714
2017,서울한영대학교,인문사회,764.0,48.0,6.282722513089005
2017,서울한영대학교,자연과학,26.0,0.0,0.0
2017,서원대학교,공학,1164.0,67.0,5.756013745704467
2017,서원대학교,예체능,623.0,63.0,10.112359550561797
2017,서원대학교,인문사회,5533.0,290.0,5.2412795951563345
2017,서원대학교,자연과학,842.0,54.0,6.413301662707839
2017,선문대학교,공학,4064.0,242.0,5.9547244094488185
2017,선문대학교,예체능,215.0,17.0,7.906976744186046
2017,선문대학교,인문사회,6121.0,330.0,5.391275935304689
2017,선문대학교,자연과학,815.0,25.0,3.067484662576687
2017,성결대학교,공학,1828.0,99.0,5.415754923413567
2017,성결대학교,예체능,491.0,21.0,4.276985743380855
2017,성결대학교,인문사회,4273.0,219.0,5.125204774163351
2017,성공회대학교,공학,657.0,46.0,7.00152207001522
2017,성공회대학교,인문사회,1606.0,108.0,6.724782067247821
2017,성균관대학교,공학,7364.0,127.0,1.7246061922868008
2017,성균관대학교,예체능,1184.0,29.0,2.449324324324324
2017,성균관대학교,의학,147.0,0.0,0.0
2017,성균관대학교,인문사회,11234.0,172.0,1.5310664055545664
2017,성균관대학교,자연과학,1824.0,21.0,1.151315789473684
2017,성신여자대학교,공학,986.0,33.0,3.3468559837728193
2017,성신여자대학교,예체능,1443.0,40.0,2.772002772002772
2017,성신여자대학교,인문사회,5027.0,152.0,3.023672170280485
2017,성신여자대학교,자연과학,1594.0,51.0,3.1994981179422837
2017,세명대학교,공학,2906.0,165.0,5.677907777013076
2017,세명대학교,예체능,1169.0,64.0,5.474764756201882
2017,세명대학교,의학,167.0,1.0,0.5988023952095809
2017,세명대학교,인문사회,4829.0,313.0,6.481673224270034
2017,세명대학교,자연과학,1965.0,63.0,3.2061068702290076
2017,세종대학교,공학,7111.0,257.0,3.614118970608916
2017,세종대학교,예체능,1526.0,69.0,4.521625163826998
2017,세종대학교,인문사회,5316.0,159.0,2.9909706546275396
2017,세종대학교,자연과학,823.0,29.0,3.523693803159174
2017,세한대학교,공학,584.0,46.0,7.876712328767123
2017,세한대학교,예체능,1246.0,128.0,10.272873194221509
2017,세한대학교,인문사회,2386.0,192.0,8.046940486169321
2017,세한대학교,자연과학,698.0,20.0,2.865329512893983
2017,송원대학교,공학,955.0,112.0,11.727748691099476
2017,송원대학교,예체능,471.0,68.0,14.437367303609342
2017,송원대학교,인문사회,1310.0,136.0,10.381679389312977
2017,송원대학교,자연과학,680.0,40.0,5.88235294117647
2017,수원가톨릭대학교,인문사회,179.0,3.0,1.675977653631285
2017,수원대학교,공학,5343.0,276.0,5.165637282425604
2017,수원대학교,예체능,1919.0,115.0,5.992704533611256
2017,수원대학교,인문사회,4440.0,226.0,5.09009009009009
2017,수원대학교,자연과학,1102.0,35.0,3.176043557168784
2017,숙명여자대학교,공학,1500.0,60.0,4.0
2017,숙명여자대학교,예체능,862.0,20.0,2.320185614849188
2017,숙명여자대학교,인문사회,7103.0,171.0,2.4074334788117695
2017,숙명여자대학교,자연과학,1449.0,42.0,2.898550724637681
2017,순복음총회신학교,예체능,50.0,24.0,48.0
2017,순복음총회신학교,인문사회,212.0,60.0,28.30188679245283
2017,순천향대학교,공학,4903.0,216.0,4.405466041199266
2017,순천향대학교,예체능,645.0,47.0,7.286821705426356
2017,순천향대학교,의학,824.0,21.0,2.5485436893203883
2017,순천향대학교,인문사회,5724.0,253.0,4.419986023759609
2017,순천향대학교,자연과학,1126.0,36.0,3.197158081705151
2017,숭실대학교,공학,7733.0,250.0,3.232897969740075
2017,숭실대학교,예체능,127.0,1.0,0.7874015748031495
2017,숭실대학교,인문사회,7648.0,273.0,3.569560669456067
2017,숭실대학교,자연과학,478.0,20.0,4.184100418410042
2017,신경주대학교,공학,303.0,72.0,23.762376237623762
2017,신경주대학교,예체능,301.0,65.0,21.59468438538206
2017,신경주대학교,인문사회,1284.0,228.0,17.75700934579439
2017,신경주대학교,자연과학,209.0,10.0,4.784688995215311
2017,신라대학교,공학,2763.0,181.0,6.550850524791893
2017,신라대학교,예체능,1230.0,133.0,10.8130081300813
2017,신라대학교,인문사회,6696.0,465.0,6.944444444444445
2017,신라대학교,자연과학,1004.0,51.0,5.079681274900398
2017,신한대학교,공학,1025.0,33.0,3.2195121951219514
2017,신한대학교,인문사회,320.0,22.0,6.875000000000001
2017,신한대학교,자연과학,480.0,9.0,1.875
2017,신한대학교 _제2캠퍼스,공학,844.0,47.0,5.568720379146919
2017,신한대학교 _제2캠퍼스,예체능,972.0,61.0,6.275720164609054
2017,신한대학교 _제2캠퍼스,인문사회,2924.0,135.0,4.6169630642954855
2017,신한대학교 _제2캠퍼스,자연과학,851.0,23.0,2.7027027027027026
2017,아신대학교,인문사회,948.0,65.0,6.856540084388185
2017,아주대학교,공학,6896.0,220.0,3.1902552204176335
2017,아주대학교,예체능,681.0,9.0,1.3215859030837005
2017,아주대학교,의학,230.0,0.0,0.0
2017,아주대학교,인문사회,3806.0,87.0,2.2858644245927486
2017,아주대학교,자연과학,1084.0,30.0,2.7675276752767526
2017,안양대학교,공학,1664.0,102.0,6.129807692307692
2017,안양대학교,예체능,837.0,50.0,5.973715651135006
2017,안양대학교,인문사회,3055.0,172.0,5.630114566284779
2017,안양대학교,자연과학,538.0,19.0,3.5315985130111525
2017,안양대학교 _제2캠퍼스,공학,355.0,25.0,7.042253521126761
2017,안양대학교 _제2캠퍼스,인문사회,281.0,18.0,6.405693950177936
2017,연세대학교,공학,6146.0,134.0,2.1802798568174424
2017,연세대학교,예체능,541.0,10.0,1.8484288354898337
2017,연세대학교,의학,674.0,2.0,0.2967359050445104
2017,연세대학교,인문사회,11015.0,95.0,0.8624602814344077
2017,연세대학교,자연과학,2434.0,36.0,1.4790468364831553
2017,연세대학교(미래) _분교,공학,2453.0,107.0,4.362005707297187
2017,연세대학교(미래) _분교,예체능,523.0,17.0,3.2504780114722758
2017,연세대학교(미래) _분교,의학,435.0,2.0,0.45977011494252873
2017,연세대학교(미래) _분교,인문사회,3900.0,131.0,3.3589743589743595
2017,연세대학교(미래) _분교,자연과학,1857.0,49.0,2.6386645126548194
2017,영남대학교,공학,11156.0,407.0,3.648261025457153
2017,영남대학교,예체능,2045.0,71.0,3.4718826405867973
2017,영남대학교,의학,264.0,0.0,0.0
2017,영남대학교,인문사회,13004.0,443.0,3.406644109504768
2017,영남대학교,자연과학,2457.0,65.0,2.6455026455026456
2017,영남신학대학교,인문사회,519.0,40.0,7.7071290944123305
2017,영산대학교,공학,1127.0,93.0,8.251996450754215
2017,영산대학교,인문사회,1582.0,176.0,11.125158027812896
2017,영산대학교,자연과학,616.0,10.0,1.6233766233766231
2017,영산대학교 _제2캠퍼스,공학,191.0,20.0,10.471204188481675
2017,영산대학교 _제2캠퍼스,예체능,924.0,95.0,10.281385281385282
2017,영산대학교 _제2캠퍼스,인문사회,2379.0,202.0,8.490962589323244
2017,예수대학교,인문사회,89.0,5.0,5.617977528089887
2017,예수대학교,자연과학,534.0,8.0,1.4981273408239701
2017,예원예술대학교,예체능,657.0,62.0,9.43683409436834
2017,예원예술대학교,인문사회,59.0,14.0,23.728813559322035
2017,예원예술대학교 _제2캠퍼스,공학,183.0,17.0,9.289617486338798
2017,예원예술대학교 _제2캠퍼스,예체능,415.0,54.0,13.012048192771083
2017,용인대학교,공학,851.0,49.0,5.7579318448883665
2017,용인대학교,예체능,1826.0,109.0,5.969331872946331
2017,용인대학교,인문사회,2688.0,158.0,5.877976190476191
2017,용인대학교,자연과학,557.0,21.0,3.7701974865350087
2017,우석대학교,공학,2419.0,200.0,8.26787928896238
2017,우석대학교,예체능,741.0,82.0,11.06612685560054
2017,우석대학교,의학,268.0,25.0,9.328358208955224
2017,우석대학교,인문사회,3821.0,258.0,6.752159120649044
2017,우석대학교,자연과학,1436.0,56.0,3.8997214484679668
2017,우송대학교,공학,2887.0,122.0,4.225839972289574
2017,우송대학교,예체능,1005.0,66.0,6.567164179104477
2017,우송대학교,인문사회,4854.0,266.0,5.480016481252576
2017,우송대학교,자연과학,961.0,41.0,4.266389177939646
2017,우송대학교(산업대),공학,1.0,1.0,100.0
2017,울산과학기술원,공학,2380.0,36.0,1.5126050420168067
2017,울산과학기술원,예체능,183.0,3.0,1.639344262295082
2017,울산과학기술원,인문사회,431.0,3.0,0.6960556844547563
2017,울산과학기술원,자연과학,806.0,18.0,2.2332506203473943
2017,울산대학교,공학,7438.0,271.0,3.6434525410056464
2017,울산대학교,예체능,734.0,37.0,5.040871934604905
2017,울산대학교,의학,163.0,0.0,0.0
2017,울산대학교,인문사회,6855.0,279.0,4.070021881838074
2017,울산대학교,자연과학,1778.0,48.0,2.699662542182227
2017,원광대학교,공학,7513.0,441.0,5.869825635565021
2017,원광대학교,예체능,1092.0,83.0,7.6007326007326
2017,원광대학교,의학,1077.0,2.0,0.18570102135561745
2017,원광대학교,인문사회,8668.0,513.0,5.918320258421781
2017,원광대학교,자연과학,3290.0,109.0,3.31306990881459
2017,원광디지털대학교,예체능,1355.0,135.0,9.96309963099631
2017,원광디지털대학교,인문사회,2865.0,418.0,14.589877835951134
2017,원광디지털대학교,자연과학,1172.0,148.0,12.627986348122866
2017,위덕대학교,공학,840.0,91.0,10.833333333333334
2017,위덕대학교,예체능,2.0,1.0,50.0
2017,위덕대학교,인문사회,1566.0,99.0,6.321839080459771
2017,위덕대학교,자연과학,761.0,38.0,4.993429697766097
2017,유원대학교,공학,1265.0,131.0,10.355731225296443
2017,유원대학교,예체능,387.0,54.0,13.953488372093023
2017,유원대학교,인문사회,2180.0,194.0,8.89908256880734
2017,유원대학교,자연과학,615.0,31.0,5.040650406504065
2017,을지대학교,의학,184.0,0.0,0.0
2017,을지대학교,인문사회,1.0,0.0,0.0
2017,을지대학교,자연과학,645.0,6.0,0.9302325581395349
2017,을지대학교 _제2캠퍼스,공학,1087.0,44.0,4.04783808647654
2017,을지대학교 _제2캠퍼스,예체능,153.0,8.0,5.228758169934641
2017,을지대학교 _제2캠퍼스,인문사회,643.0,29.0,4.5101088646967336
2017,을지대학교 _제2캠퍼스,자연과학,1610.0,30.0,1.8633540372670807
2017,이화여자대학교,공학,2716.0,119.0,4.381443298969072
2017,이화여자대학교,예체능,1718.0,14.0,0.8149010477299184
2017,이화여자대학교,의학,74.0,0.0,0.0
2017,이화여자대학교,인문사회,8597.0,112.0,1.3027800395486797
2017,이화여자대학교,자연과학,2519.0,57.0,2.262802699483922
2017,인제대학교,공학,3352.0,200.0,5.966587112171838
2017,인제대학교,예체능,857.0,39.0,4.550758459743291
2017,인제대학교,인문사회,4452.0,210.0,4.716981132075472
2017,인제대학교,자연과학,1640.0,55.0,3.353658536585366
2017,인제대학교 _제2캠퍼스,의학,437.0,2.0,0.4576659038901602
2017,인제대학교 _제2캠퍼스,자연과학,489.0,6.0,1.2269938650306749
2017,인천가톨릭대학교,인문사회,111.0,3.0,2.7027027027027026
2017,인천가톨릭대학교 _제2캠퍼스,공학,247.0,10.0,4.048582995951417
2017,인천가톨릭대학교 _제2캠퍼스,예체능,177.0,14.0,7.909604519774012
2017,인천가톨릭대학교 _제2캠퍼스,인문사회,101.0,6.0,5.9405940594059405
2017,인천가톨릭대학교 _제2캠퍼스,자연과학,165.0,1.0,0.6060606060606061
2017,인천대학교,공학,7466.0,241.0,3.22796678274846
2017,인천대학교,예체능,1362.0,72.0,5.286343612334802
2017,인천대학교,인문사회,7137.0,291.0,4.0773434216057165
2017,인천대학교,자연과학,651.0,30.0,4.6082949308755765
2017,인하대학교,공학,11485.0,220.0,1.915542011319112
2017,인하대학교,예체능,181.0,6.0,3.314917127071823
2017,인하대학교,의학,48.0,0.0,0.0
2017,인하대학교,인문사회,9817.0,181.0,1.8437404502393808
2017,인하대학교,자연과학,1878.0,32.0,1.703940362087327
2017,장로회신학대학교,예체능,287.0,11.0,3.8327526132404177
2017,장로회신학대학교,인문사회,636.0,14.0,2.20125786163522
2017,전남대학교,공학,7372.0,214.0,2.9028757460661967
2017,전남대학교,예체능,945.0,27.0,2.857142857142857
2017,전남대학교,의학,671.0,1.0,0.14903129657228018
2017,전남대학교,인문사회,8865.0,253.0,2.8539199097574732
2017,전남대학교,자연과학,3317.0,74.0,2.2309315646668675
2017,전남대학교 _제2캠퍼스,공학,2892.0,151.0,5.2213001383125865
2017,전남대학교 _제2캠퍼스,인문사회,972.0,41.0,4.218106995884774
2017,전남대학교 _제2캠퍼스,자연과학,1.0,0.0,0.0
2017,전북대학교,공학,10957.0,430.0,3.924431870037419
2017,전북대학교,예체능,607.0,29.0,4.7775947281713345
2017,전북대학교,의학,346.0,2.0,0.5780346820809248
2017,전북대학교,인문사회,8733.0,276.0,3.160425970456888
2017,전북대학교,자연과학,2429.0,80.0,3.2935364347468092
2017,전주교육대학교,인문사회,1217.0,11.0,0.903861955628595
2017,전주대학교,공학,3707.0,161.0,4.343134610196925
2017,전주대학교,예체능,1291.0,75.0,5.809450038729667
2017,전주대학교,의학,45.0,6.0,13.333333333333334
2017,전주대학교,인문사회,8011.0,387.0,4.830857570840095
2017,전주대학교,자연과학,894.0,37.0,4.138702460850112
2017,정석대학,공학,51.0,2.0,3.9215686274509802
2017,정석대학,인문사회,46.0,2.0,4.3478260869565215
2017,제주국제대학교,공학,662.0,58.0,8.761329305135952
2017,제주국제대학교,예체능,211.0,33.0,15.639810426540285
2017,제주국제대학교,인문사회,832.0,94.0,11.298076923076923
2017,제주국제대학교,자연과학,101.0,16.0,15.841584158415841
2017,제주대학교,공학,4494.0,194.0,4.316866933689364
2017,제주대학교,예체능,563.0,33.0,5.86145648312611
2017,제주대학교,의학,208.0,2.0,0.9615384615384616
2017,제주대학교,인문사회,7955.0,313.0,3.93463230672533
2017,제주대학교,자연과학,1612.0,47.0,2.915632754342432
2017,조선대학교,공학,10156.0,409.0,4.0271760535643955
2017,조선대학교,예체능,2182.0,157.0,7.195233730522456
2017,조선대학교,의학,194.0,2.0,1.0309278350515463
2017,조선대학교,인문사회,12126.0,636.0,5.244928253339931
2017,조선대학교,자연과학,1981.0,67.0,3.382130237253912
2017,중부대학교,공학,3469.0,221.0,6.370712020755261
2017,중부대학교,예체능,2208.0,134.0,6.068840579710145
2017,중부대학교,인문사회,4614.0,321.0,6.957087126137841
2017,중부대학교,자연과학,729.0,31.0,4.252400548696845
2017,중앙대학교,공학,5403.0,149.0,2.7577271885989263
2017,중앙대학교,예체능,667.0,24.0,3.598200899550225
2017,중앙대학교,의학,470.0,7.0,1.4893617021276597
2017,중앙대학교,인문사회,13302.0,367.0,2.758983611486994
2017,중앙대학교,자연과학,2854.0,55.0,1.9271198318149965
2017,중앙대학교 _제2캠퍼스,공학,1347.0,47.0,3.4892353377876764
2017,중앙대학교 _제2캠퍼스,예체능,3997.0,99.0,2.476857643232424
2017,중앙대학교 _제2캠퍼스,인문사회,1078.0,49.0,4.545454545454546
2017,중앙대학교 _제2캠퍼스,자연과학,14.0,2.0,14.285714285714285
2017,중앙승가대학교,예체능,13.0,1.0,7.6923076923076925
2017,중앙승가대학교,인문사회,114.0,6.0,5.263157894736842
2017,중원대학교,공학,1492.0,109.0,7.30563002680965
2017,중원대학교,예체능,372.0,35.0,9.408602150537634
2017,중원대학교,의학,44.0,7.0,15.909090909090908
2017,중원대학교,인문사회,1442.0,171.0,11.85852981969487
2017,중원대학교,자연과학,677.0,30.0,4.431314623338257
2017,진주교육대학교,인문사회,1398.0,11.0,0.7868383404864091
2017,차의과학대학교,공학,485.0,41.0,8.45360824742268
2017,차의과학대학교,예체능,113.0,12.0,10.619469026548673
2017,차의과학대학교,의학,256.0,5.0,1.953125
2017,차의과학대학교,인문사회,566.0,33.0,5.830388692579505
2017,차의과학대학교,자연과학,1289.0,50.0,3.8789759503491075
2017,창신대학교,공학,267.0,25.0,9.363295880149813
2017,창신대학교,예체능,304.0,33.0,10.855263157894738
2017,창신대학교,인문사회,922.0,85.0,9.219088937093275
2017,창신대학교,자연과학,524.0,7.0,1.3358778625954197
2017,청운대학교,공학,1509.0,105.0,6.958250497017893
2017,청운대학교,예체능,1129.0,94.0,8.325952170062003
2017,청운대학교,인문사회,4648.0,275.0,5.916523235800344
2017,청운대학교,자연과학,556.0,11.0,1.9784172661870503
2017,청주교육대학교,인문사회,1262.0,14.0,1.109350237717908
2017,청주대학교,공학,5083.0,244.0,4.800314774739327
2017,청주대학교,예체능,1365.0,78.0,5.714285714285714
2017,청주대학교,의학,203.0,8.0,3.9408866995073892
2017,청주대학교,인문사회,8425.0,329.0,3.9050445103857565
2017,청주대학교,자연과학,1244.0,29.0,2.3311897106109325
2017,초당대학교,공학,915.0,48.0,5.245901639344262
2017,초당대학교,예체능,375.0,46.0,12.266666666666666
2017,초당대학교,인문사회,952.0,63.0,6.61764705882353
2017,초당대학교,자연과학,1126.0,27.0,2.3978685612788633
2017,초당대학교(산업대),공학,33.0,11.0,33.33333333333333
2017,초당대학교(산업대),예체능,19.0,17.0,89.47368421052632
2017,초당대학교(산업대),인문사회,69.0,46.0,66.66666666666666
2017,초당대학교(산업대),자연과학,39.0,16.0,41.02564102564102
2017,총신대학교,예체능,329.0,15.0,4.5592705167173255
2017,총신대학교,인문사회,1941.0,71.0,3.657908294693457
2017,총신대학교,자연과학,86.0,4.0,4.651162790697675
2017,추계예술대학교,예체능,694.0,41.0,5.9077809798270895
2017,추계예술대학교,인문사회,147.0,9.0,6.122448979591836
2017,춘천교육대학교,인문사회,1428.0,10.0,0.700280112044818
2017,충남대학교,공학,8256.0,258.0,3.125
2017,충남대학교,예체능,595.0,21.0,3.5294117647058822
2017,충남대학교,의학,457.0,1.0,0.2188183807439825
2017,충남대학교,인문사회,9119.0,233.0,2.555104726395438
2017,충남대학교,자연과학,3929.0,114.0,2.9015016543649783
2017,충북대학교,공학,8038.0,223.0,2.7743219706394626
2017,충북대학교,예체능,107.0,3.0,2.803738317757009
2017,충북대학교,의학,541.0,8.0,1.478743068391867
2017,충북대학교,인문사회,7191.0,193.0,2.6839104436100683
2017,충북대학교,자연과학,2664.0,82.0,3.078078078078078
2017,칼빈대학교,예체능,68.0,4.0,5.88235294117647
2017,칼빈대학교,인문사회,110.0,6.0,5.454545454545454
2017,칼빈대학교,자연과학,85.0,1.0,1.1764705882352942
2017,평택대학교,공학,1166.0,75.0,6.432246998284734
2017,평택대학교,예체능,937.0,76.0,8.110992529348986
2017,평택대학교,인문사회,2396.0,139.0,5.801335559265442
2017,평택대학교,자연과학,317.0,12.0,3.7854889589905363
2017,포항공과대학교,공학,1159.0,8.0,0.6902502157031924
2017,포항공과대학교,인문사회,163.0,1.0,0.6134969325153374
2017,포항공과대학교,자연과학,222.0,5.0,2.2522522522522523
2017,한경국립대학교,공학,4557.0,208.0,4.5644064077243796
2017,한경국립대학교,예체능,330.0,22.0,6.666666666666667
2017,한경국립대학교,인문사회,1541.0,69.0,4.477611940298507
2017,한경국립대학교,자연과학,422.0,14.0,3.3175355450236967
2017,한경대학교(산업대),공학,683.0,417.0,61.05417276720352
2017,한경대학교(산업대),예체능,23.0,16.0,69.56521739130434
2017,한경대학교(산업대),인문사회,286.0,189.0,66.08391608391608
2017,한경대학교(산업대),자연과학,49.0,19.0,38.775510204081634
2017,한국공학대학교,공학,5684.0,263.0,4.627023223082336
2017,한국공학대학교,예체능,2132.0,119.0,5.581613508442777
2017,한국공학대학교,인문사회,889.0,47.0,5.286839145106861
2017,한국과학기술원,공학,2954.0,38.0,1.2863913337846988
2017,한국과학기술원,인문사회,35.0,1.0,2.857142857142857
2017,한국과학기술원,자연과학,286.0,1.0,0.34965034965034963
2017,한국교원대학교,인문사회,2766.0,37.0,1.3376717281272594
2017,한국교통대학교(산업대),공학,2.0,2.0,100.0
2017,한국국제대학교,공학,1275.0,145.0,11.372549019607844
2017,한국국제대학교,예체능,490.0,88.0,17.959183673469386
2017,한국국제대학교,인문사회,1565.0,133.0,8.498402555910543
2017,한국국제대학교,자연과학,606.0,24.0,3.9603960396039604
2017,한국기술교육대학교,공학,5455.0,195.0,3.5747021081576533
2017,한국기술교육대학교,예체능,62.0,0.0,0.0
2017,한국기술교육대학교,인문사회,941.0,37.0,3.9319872476089266
2017,한국방송통신대학교,공학,14011.0,3546.0,25.30868603240311
2017,한국방송통신대학교,예체능,3838.0,1005.0,26.18551328817092
2017,한국방송통신대학교,인문사회,125582.0,29480.0,23.47470178847287
2017,한국방송통신대학교,자연과학,8785.0,1362.0,15.503699487763233
2017,한국산업기술대학교(산업대),공학,552.0,51.0,9.239130434782608
2017,한국산업기술대학교(산업대),예체능,275.0,32.0,11.636363636363637
2017,한국산업기술대학교(산업대),인문사회,59.0,2.0,3.389830508474576
2017,한국성서대학교,공학,190.0,14.0,7.368421052631578
2017,한국성서대학교,인문사회,321.0,12.0,3.7383177570093453
2017,한국성서대학교,자연과학,228.0,15.0,6.578947368421052
2017,한국예술종합학교,공학,111.0,4.0,3.6036036036036037
2017,한국예술종합학교,예체능,2085.0,51.0,2.446043165467626
2017,한국예술종합학교,인문사회,144.0,4.0,2.7777777777777777
2017,한국외국어대학교,공학,2241.0,89.0,3.971441320838911
2017,한국외국어대학교,인문사회,14351.0,394.0,2.7454532785171764
2017,한국외국어대학교,자연과학,759.0,34.0,4.479578392621871
2017,한국전통문화대학교,공학,224.0,6.0,2.6785714285714284
2017,한국전통문화대학교,예체능,175.0,7.0,4.0
2017,한국전통문화대학교,인문사회,298.0,5.0,1.6778523489932886
2017,한국체육대학교,예체능,1986.0,48.0,2.416918429003021
2017,한국체육대학교,인문사회,198.0,0.0,0.0
2017,한국침례신학대학교,예체능,170.0,20.0,11.76470588235294
2017,한국침례신학대학교,인문사회,1668.0,104.0,6.235011990407674
2017,한국항공대학교,공학,5156.0,128.0,2.482544608223429
2017,한국항공대학교,인문사회,905.0,30.0,3.314917127071823
2017,한남대학교,공학,4011.0,198.0,4.93642483171279
2017,한남대학교,예체능,759.0,32.0,4.216073781291173
2017,한남대학교,인문사회,9224.0,406.0,4.401561144839549
2017,한남대학교,자연과학,1170.0,48.0,4.102564102564102
2017,한동대학교,공학,1877.0,27.0,1.4384656366542354
2017,한동대학교,예체능,372.0,1.0,0.2688172043010753
2017,한동대학교,인문사회,2257.0,36.0,1.595037660611431
2017,한라대학교,공학,2332.0,125.0,5.3602058319039445
2017,한라대학교,예체능,468.0,31.0,6.623931623931624
2017,한라대학교,인문사회,2830.0,181.0,6.395759717314488
2017,한려대학교,공학,36.0,24.0,66.66666666666666
2017,한려대학교,예체능,41.0,6.0,14.634146341463413
2017,한려대학교,인문사회,107.0,43.0,40.18691588785047
2017,한려대학교,자연과학,463.0,44.0,9.503239740820735
2017,한림대학교,공학,2202.0,104.0,4.72297910990009
2017,한림대학교,예체능,436.0,26.0,5.963302752293578
2017,한림대학교,의학,298.0,1.0,0.33557046979865773
2017,한림대학교,인문사회,6455.0,244.0,3.78001549186677
2017,한림대학교,자연과학,1358.0,45.0,3.313696612665685
2017,한밭대학교(산업대),공학,1234.0,934.0,75.68881685575364
2017,한밭대학교(산업대),예체능,87.0,73.0,83.9080459770115
2017,한밭대학교(산업대),인문사회,623.0,538.0,86.35634028892456
2017,한북대학교,공학,12.0,3.0,25.0
2017,한북대학교,예체능,9.0,2.0,22.22222222222222
2017,한북대학교,인문사회,77.0,43.0,55.84415584415584
2017,한북대학교,자연과학,5.0,1.0,20.0
2017,한서대학교,공학,4059.0,178.0,4.3853165804385315
2017,한서대학교,예체능,1221.0,70.0,5.733005733005733
2017,한서대학교,인문사회,2298.0,113.0,4.917319408181027
2017,한서대학교,자연과학,1107.0,50.0,4.5167118337850045
2017,한성대학교,공학,2595.0,122.0,4.701348747591522
2017,한성대학교,예체능,1129.0,39.0,3.454384410983171
2017,한성대학교,인문사회,4210.0,170.0,4.038004750593824
2017,한성대학교,자연과학,314.0,8.0,2.547770700636943
2017,한세대학교,공학,852.0,36.0,4.225352112676056
2017,한세대학교,예체능,479.0,26.0,5.427974947807933
2017,한세대학교,인문사회,1982.0,101.0,5.095862764883956
2017,한세대학교,자연과학,128.0,3.0,2.34375
2017,한신대학교,공학,1279.0,73.0,5.7075840500390935
2017,한신대학교,인문사회,4677.0,250.0,5.345306820611503
2017,한신대학교,자연과학,577.0,27.0,4.679376083188909
2017,한양대학교,공학,9235.0,217.0,2.349756361667569
2017,한양대학교,예체능,793.0,12.0,1.5132408575031526
2017,한양대학교,의학,371.0,2.0,0.5390835579514826
2017,한양대학교,인문사회,7427.0,122.0,1.642655177056685
2017,한양대학교,자연과학,1691.0,36.0,2.1289178001182734
2017,한양대학교(ERICA) _분교,공학,5060.0,112.0,2.2134387351778657
2017,한양대학교(ERICA) _분교,예체능,1584.0,34.0,2.146464646464646
2017,한양대학교(ERICA) _분교,인문사회,5116.0,107.0,2.09147771696638
2017,한양대학교(ERICA) _분교,자연과학,530.0,17.0,3.207547169811321
2017,한일장신대학교,예체능,136.0,12.0,8.823529411764707
2017,한일장신대학교,인문사회,504.0,39.0,7.738095238095238
2017,한일장신대학교,자연과학,209.0,6.0,2.8708133971291865
2017,협성대학교,공학,1184.0,92.0,7.77027027027027
2017,협성대학교,예체능,820.0,61.0,7.439024390243902
2017,협성대학교,인문사회,3506.0,205.0,5.847119224187107
2017,협성대학교,자연과학,236.0,8.0,3.389830508474576
2017,호남대학교,공학,2514.0,189.0,7.517899761336516
2017,호남대학교,예체능,511.0,20.0,3.9138943248532287
2017,호남대학교,인문사회,3366.0,229.0,6.803327391562686
2017,호남대학교,자연과학,1607.0,67.0,4.169259489732421
2017,호남신학대학교,예체능,295.0,27.0,9.152542372881356
2017,호남신학대학교,인문사회,503.0,28.0,5.566600397614314
2017,호서대학교,공학,6575.0,325.0,4.942965779467681
2017,호서대학교,예체능,1839.0,117.0,6.36215334420881
2017,호서대학교,인문사회,5141.0,295.0,5.738183232834079
2017,호서대학교,자연과학,1555.0,48.0,3.0868167202572345
2017,호원대학교,공학,1366.0,139.0,10.175695461200586
2017,호원대학교,예체능,1582.0,152.0,9.608091024020228
2017,호원대학교,인문사회,2512.0,290.0,11.544585987261147
2017,호원대학교,자연과학,473.0,6.0,1.2684989429175475
2017,홍익대학교,공학,7350.0,221.0,3.006802721088435
2017,홍익대학교,예체능,1079.0,17.0,1.5755329008341055
2017,홍익대학교,인문사회,5832.0,158.0,2.709190672153635
2017,홍익대학교 _제2캠퍼스,공학,3419.0,174.0,5.089207370576192
2017,홍익대학교 _제2캠퍼스,예체능,2338.0,60.0,2.5662959794696323
2017,홍익대학교 _제2캠퍼스,인문사회,1872.0,55.0,2.938034188034188
2017,화성의과학대학교,공학,187.0,21.0,11.229946524064172
2017,화성의과학대학교,예체능,169.0,25.0,14.792899408284024
2017,화성의과학대학교,인문사회,613.0,56.0,9.135399673735726
2017,화성의과학대학교,자연과학,197.0,4.0,2.030456852791878
2018,가야대학교(김해),공학,320.0,28.0,8.75
2018,가야대학교(김해),예체능,173.0,30.0,17.341040462427745
2018,가야대학교(김해),인문사회,1019.0,84.0,8.243375858684985
2018,가야대학교(김해),자연과학,1010.0,25.0,2.4752475247524752
2018,가천대학교,공학,6747.0,232.0,3.4385652882762714
2018,가천대학교,예체능,2719.0,105.0,3.861713865391688
2018,가천대학교,의학,191.0,0.0,0.0
2018,가천대학교,인문사회,9041.0,280.0,3.0970025439663753
2018,가천대학교,자연과학,1635.0,47.0,2.874617737003058
2018,가톨릭관동대학교,공학,2059.0,121.0,5.876639145216124
2018,가톨릭관동대학교,예체능,549.0,39.0,7.103825136612022
2018,가톨릭관동대학교,의학,221.0,1.0,0.4524886877828055
2018,가톨릭관동대학교,인문사회,4283.0,226.0,5.276675227644175
2018,가톨릭관동대학교,자연과학,584.0,15.0,2.5684931506849313
2018,가톨릭꽃동네대학교,인문사회,404.0,10.0,2.4752475247524752
2018,가톨릭꽃동네대학교,자연과학,191.0,1.0,0.5235602094240838
2018,가톨릭대학교,공학,2051.0,101.0,4.92442710872745
2018,가톨릭대학교,예체능,260.0,11.0,4.230769230769231
2018,가톨릭대학교,인문사회,5966.0,183.0,3.0673818303721085
2018,가톨릭대학교,자연과학,946.0,38.0,4.0169133192389
2018,가톨릭대학교 _제2캠퍼스,의학,193.0,0.0,0.0
2018,가톨릭대학교 _제2캠퍼스,자연과학,520.0,7.0,1.3461538461538463
2018,가톨릭대학교 _제3캠퍼스,인문사회,268.0,14.0,5.223880597014925
2018,감리교신학대학교,인문사회,344.0,17.0,4.941860465116279
2018,강남대학교,공학,1760.0,98.0,5.568181818181818
2018,강남대학교,예체능,671.0,54.0,8.047690014903129
2018,강남대학교,인문사회,3724.0,231.0,6.203007518796992
2018,강남대학교,자연과학,74.0,13.0,17.56756756756757
2018,강서대학교,예체능,168.0,18.0,10.714285714285714
2018,강서대학교,인문사회,1026.0,83.0,8.089668615984404
2018,강서대학교,자연과학,213.0,13.0,6.103286384976526
2018,강원대학교,공학,5397.0,238.0,4.409857328145266
2018,강원대학교,예체능,838.0,42.0,5.011933174224343
2018,강원대학교,의학,185.0,0.0,0.0
2018,강원대학교,인문사회,8480.0,305.0,3.5966981132075473
2018,강원대학교,자연과학,2607.0,99.0,3.79746835443038
2018,강원대학교 _제2캠퍼스,공학,4620.0,203.0,4.393939393939394
2018,강원대학교 _제2캠퍼스,예체능,840.0,32.0,3.8095238095238098
2018,강원대학교 _제2캠퍼스,인문사회,2053.0,89.0,4.335119337554798
2018,강원대학교 _제2캠퍼스,자연과학,407.0,27.0,6.6339066339066335
2018,건국대학교,공학,8329.0,279.0,3.3497418657702003
2018,건국대학교,예체능,942.0,21.0,2.229299363057325
2018,건국대학교,의학,350.0,1.0,0.2857142857142857
2018,건국대학교,인문사회,7070.0,150.0,2.1216407355021216
2018,건국대학교,자연과학,2038.0,53.0,2.600588812561335
2018,건국대학교(글로컬) _분교,공학,2448.0,112.0,4.57516339869281
2018,건국대학교(글로컬) _분교,예체능,1309.0,73.0,5.576776165011459
2018,건국대학교(글로컬) _분교,의학,422.0,20.0,4.739336492890995
2018,건국대학교(글로컬) _분교,인문사회,4052.0,218.0,5.380059230009872
2018,건국대학교(글로컬) _분교,자연과학,631.0,32.0,5.071315372424722
2018,건양대학교,공학,641.0,18.0,2.80811232449298
2018,건양대학교,예체능,279.0,14.0,5.017921146953405
2018,건양대학교,인문사회,1740.0,76.0,4.3678160919540225
2018,건양대학교,자연과학,361.0,25.0,6.9252077562326875
2018,건양대학교 _제2캠퍼스,공학,1132.0,80.0,7.06713780918728
2018,건양대학교 _제2캠퍼스,예체능,275.0,10.0,3.6363636363636362
2018,건양대학교 _제2캠퍼스,의학,245.0,0.0,0.0
2018,건양대학교 _제2캠퍼스,인문사회,198.0,6.0,3.0303030303030303
2018,건양대학교 _제2캠퍼스,자연과학,1323.0,25.0,1.889644746787604
2018,경기대학교,공학,3391.0,126.0,3.715718077263344
2018,경기대학교,예체능,580.0,17.0,2.9310344827586206
2018,경기대학교,인문사회,7128.0,263.0,3.6896745230078563
2018,경기대학교,자연과학,913.0,36.0,3.943044906900329
2018,경기대학교 _제2캠퍼스,인문사회,414.0,10.0,2.4154589371980677
2018,경남과학기술대학교,공학,2405.0,145.0,6.029106029106029
2018,경남과학기술대학교,예체능,407.0,26.0,6.388206388206388
2018,경남과학기술대학교,인문사회,1480.0,138.0,9.324324324324325
2018,경남과학기술대학교,자연과학,1017.0,47.0,4.621435594886923
2018,경남대학교,공학,6012.0,331.0,5.505655355954757
2018,경남대학교,인문사회,6534.0,322.0,4.928068564432201
2018,경남대학교,자연과학,1091.0,44.0,4.032997250229148
2018,경동대학교,공학,632.0,54.0,8.544303797468354
2018,경동대학교,예체능,160.0,8.0,5.0
2018,경동대학교,인문사회,1690.0,158.0,9.349112426035502
2018,경동대학교,자연과학,457.0,39.0,8.533916849015318
2018,경동대학교 _제3캠퍼스,공학,128.0,7.0,5.46875
2018,경동대학교 _제3캠퍼스,인문사회,129.0,6.0,4.651162790697675
2018,경동대학교 _제3캠퍼스,자연과학,429.0,13.0,3.0303030303030303
2018,경동대학교 _제4캠퍼스,공학,568.0,39.0,6.866197183098592
2018,경동대학교 _제4캠퍼스,예체능,244.0,27.0,11.065573770491802
2018,경동대학교 _제4캠퍼스,인문사회,785.0,34.0,4.3312101910828025
2018,경북대학교,공학,13898.0,565.0,4.065333141459202
2018,경북대학교,예체능,739.0,23.0,3.1123139377537212
2018,경북대학교,의학,575.0,1.0,0.17391304347826086
2018,경북대학교,인문사회,9888.0,265.0,2.6800161812297736
2018,경북대학교,자연과학,3551.0,86.0,2.421852999155168
2018,경상국립대학교,공학,8816.0,370.0,4.196914700544465
2018,경상국립대학교,의학,564.0,5.0,0.8865248226950355
2018,경상국립대학교,인문사회,7881.0,307.0,3.895444740515163
2018,경상국립대학교,자연과학,1810.0,66.0,3.6464088397790055
2018,경성대학교,공학,4363.0,251.0,5.75292230116892
2018,경성대학교,예체능,2284.0,97.0,4.246935201401051
2018,경성대학교,의학,112.0,6.0,5.357142857142857
2018,경성대학교,인문사회,7599.0,458.0,6.027108830109225
2018,경성대학교,자연과학,1188.0,46.0,3.872053872053872
2018,경운대학교,공학,2132.0,209.0,9.803001876172608
2018,경운대학교,예체능,468.0,83.0,17.735042735042736
2018,경운대학교,인문사회,781.0,73.0,9.346991037131883
2018,경운대학교,자연과학,1352.0,39.0,2.8846153846153846
2018,경인교육대학교,인문사회,1330.0,9.0,0.6766917293233082
2018,경인교육대학교 _제2캠퍼스,인문사회,1386.0,6.0,0.4329004329004329
2018,경일대학교,공학,2844.0,241.0,8.473980309423347
2018,경일대학교,예체능,326.0,35.0,10.736196319018406
2018,경일대학교,인문사회,1581.0,148.0,9.361163820366857
2018,경희대학교,공학,8016.0,226.0,2.81936127744511
2018,경희대학교,예체능,2240.0,55.0,2.455357142857143
2018,경희대학교,의학,1126.0,9.0,0.7992895204262878
2018,경희대학교,인문사회,15068.0,309.0,2.050703477568357
2018,경희대학교,자연과학,3233.0,98.0,3.0312403340550573
2018,계명대학교,공학,5882.0,260.0,4.420265215912955
2018,계명대학교,예체능,3437.0,159.0,4.626127436718068
2018,계명대학교,의학,317.0,1.0,0.31545741324921134
2018,계명대학교,인문사회,12826.0,595.0,4.639014501793232
2018,계명대학교,자연과학,2440.0,62.0,2.540983606557377
2018,고려대학교,공학,8060.0,283.0,3.511166253101737
2018,고려대학교,예체능,345.0,4.0,1.1594202898550725
2018,고려대학교,의학,463.0,6.0,1.2958963282937366
2018,고려대학교,인문사회,14309.0,163.0,1.1391431965895589
2018,고려대학교,자연과학,3392.0,85.0,2.5058962264150946
2018,고려대학교(세종) _분교,공학,2933.0,125.0,4.261847937265598
2018,고려대학교(세종) _분교,예체능,78.0,13.0,16.666666666666664
2018,고려대학교(세종) _분교,인문사회,4699.0,163.0,3.468823153862524
2018,고려대학교(세종) _분교,자연과학,920.0,39.0,4.239130434782608
2018,고신대학교,공학,442.0,48.0,10.85972850678733
2018,고신대학교,예체능,375.0,50.0,13.333333333333334
2018,고신대학교,의학,324.0,0.0,0.0
2018,고신대학교,인문사회,2297.0,152.0,6.617326948193296
2018,고신대학교,자연과학,965.0,37.0,3.83419689119171
2018,공주교육대학교,인문사회,1522.0,16.0,1.0512483574244416
2018,광신대학교,예체능,139.0,21.0,15.107913669064748
2018,광신대학교,인문사회,482.0,33.0,6.846473029045644
2018,광운대학교,공학,6048.0,217.0,3.587962962962963
2018,광운대학교,예체능,402.0,9.0,2.2388059701492535
2018,광운대학교,인문사회,2395.0,104.0,4.3423799582463465
2018,광운대학교,자연과학,568.0,21.0,3.697183098591549
2018,광주가톨릭대학교,인문사회,126.0,10.0,7.936507936507936
2018,광주과학기술원,공학,386.0,4.0,1.0362694300518136
2018,광주과학기술원,인문사회,420.0,9.0,2.142857142857143
2018,광주과학기술원,자연과학,95.0,1.0,1.0526315789473684
2018,광주교육대학교,인문사회,1408.0,12.0,0.8522727272727272
2018,광주대학교,공학,1931.0,142.0,7.35370274469187
2018,광주대학교,예체능,947.0,85.0,8.97571277719113
2018,광주대학교,의학,8.0,2.0,25.0
2018,광주대학교,인문사회,4644.0,330.0,7.10594315245478
2018,광주대학교,자연과학,847.0,34.0,4.014167650531287
2018,광주여자대학교,공학,463.0,16.0,3.455723542116631
2018,광주여자대학교,예체능,736.0,64.0,8.695652173913043
2018,광주여자대학교,의학,112.0,17.0,15.178571428571427
2018,광주여자대학교,인문사회,1455.0,86.0,5.910652920962199
2018,광주여자대학교,자연과학,737.0,11.0,1.4925373134328357
2018,국립강릉원주대학교,공학,3184.0,142.0,4.459798994974874
2018,국립강릉원주대학교,예체능,846.0,47.0,5.555555555555555
2018,국립강릉원주대학교,의학,171.0,1.0,0.5847953216374269
2018,국립강릉원주대학교,인문사회,3011.0,211.0,7.0076386582530725
2018,국립강릉원주대학교,자연과학,724.0,49.0,6.767955801104971
2018,국립강릉원주대학교 _제2캠퍼스,공학,1752.0,88.0,5.0228310502283104
2018,국립강릉원주대학교 _제2캠퍼스,인문사회,441.0,20.0,4.535147392290249
2018,국립경국대학교,공학,3345.0,163.0,4.872944693572497
2018,국립경국대학교,예체능,508.0,37.0,7.283464566929133
2018,국립경국대학교,의학,184.0,4.0,2.1739130434782608
2018,국립경국대학교,인문사회,3318.0,164.0,4.942736588306208
2018,국립경국대학교,자연과학,1410.0,65.0,4.609929078014184
2018,국립공주대학교,공학,6817.0,353.0,5.178230893354848
2018,국립공주대학교,예체능,455.0,24.0,5.274725274725275
2018,국립공주대학교,인문사회,6541.0,214.0,3.2716709983183
2018,국립공주대학교,자연과학,992.0,43.0,4.334677419354839
2018,국립군산대학교,공학,5973.0,436.0,7.299514481834923
2018,국립군산대학교,예체능,555.0,29.0,5.225225225225225
2018,국립군산대학교,인문사회,2789.0,191.0,6.848332735747579
2018,국립군산대학교,자연과학,631.0,39.0,6.180665610142631
2018,국립금오공과대학교,공학,6290.0,256.0,4.069952305246423
2018,국립금오공과대학교,예체능,114.0,8.0,7.017543859649122
2018,국립금오공과대학교,인문사회,480.0,25.0,5.208333333333334
2018,국립금오공과대학교,자연과학,209.0,5.0,2.3923444976076556
2018,국립목포대학교,공학,3910.0,223.0,5.703324808184143
2018,국립목포대학교,예체능,532.0,33.0,6.203007518796992
2018,국립목포대학교,인문사회,3696.0,225.0,6.087662337662338
2018,국립목포대학교,자연과학,1204.0,69.0,5.730897009966777
2018,국립목포해양대학교,공학,1897.0,122.0,6.43120716921455
2018,국립목포해양대학교,인문사회,459.0,21.0,4.57516339869281
2018,국립부경대학교,공학,11203.0,437.0,3.9007408729804514
2018,국립부경대학교,예체능,455.0,19.0,4.175824175824175
2018,국립부경대학교,인문사회,7157.0,215.0,3.004051977085371
2018,국립부경대학교,자연과학,1324.0,55.0,4.1540785498489425
2018,국립순천대학교,공학,3167.0,216.0,6.820334701610357
2018,국립순천대학교,예체능,695.0,32.0,4.60431654676259
2018,국립순천대학교,의학,122.0,11.0,9.01639344262295
2018,국립순천대학교,인문사회,3229.0,181.0,5.605450603902137
2018,국립순천대학교,자연과학,1118.0,49.0,4.382826475849732
2018,국립창원대학교,공학,4847.0,210.0,4.3325768516608205
2018,국립창원대학교,예체능,664.0,49.0,7.379518072289157
2018,국립창원대학교,인문사회,3816.0,174.0,4.559748427672956
2018,국립창원대학교,자연과학,858.0,36.0,4.195804195804196
2018,국립한국교통대학교,공학,5451.0,265.0,4.861493303980921
2018,국립한국교통대학교,예체능,247.0,7.0,2.834008097165992
2018,국립한국교통대학교,인문사회,2656.0,130.0,4.894578313253012
2018,국립한국교통대학교,자연과학,355.0,9.0,2.535211267605634
2018,국립한국해양대학교,공학,3243.0,147.0,4.532839962997224
2018,국립한국해양대학교,인문사회,2520.0,146.0,5.7936507936507935
2018,국립한밭대학교,공학,3854.0,461.0,11.961598339387649
2018,국립한밭대학교,예체능,208.0,23.0,11.057692307692307
2018,국립한밭대학교,의학,19.0,1.0,5.263157894736842
2018,국립한밭대학교,인문사회,1814.0,205.0,11.300992282249172
2018,국민대학교,공학,4631.0,108.0,2.332109695530123
2018,국민대학교,예체능,2181.0,54.0,2.4759284731774414
2018,국민대학교,인문사회,8621.0,252.0,2.923094768588331
2018,국민대학교,자연과학,1034.0,33.0,3.1914893617021276
2018,극동대학교,공학,1349.0,78.0,5.782060785767236
2018,극동대학교,예체능,752.0,64.0,8.51063829787234
2018,극동대학교,인문사회,1098.0,93.0,8.469945355191257
2018,극동대학교,자연과학,450.0,16.0,3.5555555555555554
2018,금강대학교,인문사회,719.0,80.0,11.126564673157164
2018,김천대학교,공학,344.0,25.0,7.267441860465117
2018,김천대학교,예체능,55.0,12.0,21.818181818181817
2018,김천대학교,인문사회,1214.0,145.0,11.943986820428336
2018,김천대학교,자연과학,1483.0,74.0,4.989885367498315
2018,나사렛대학교,공학,371.0,28.0,7.547169811320755
2018,나사렛대학교,예체능,263.0,31.0,11.787072243346007
2018,나사렛대학교,인문사회,3604.0,194.0,5.382907880133185
2018,나사렛대학교,자연과학,994.0,34.0,3.420523138832998
2018,남부대학교,공학,310.0,35.0,11.29032258064516
2018,남부대학교,예체능,410.0,55.0,13.414634146341465
2018,남부대학교,의학,11.0,7.0,63.63636363636363
2018,남부대학교,인문사회,931.0,69.0,7.411385606874328
2018,남부대학교,자연과학,1149.0,33.0,2.8720626631853787
2018,남서울대학교,공학,3282.0,168.0,5.118829981718465
2018,남서울대학교,예체능,88.0,9.0,10.227272727272728
2018,남서울대학교,인문사회,2885.0,172.0,5.961871750433276
2018,남서울대학교,자연과학,29.0,1.0,3.4482758620689653
2018,단국대학교,공학,5859.0,181.0,3.0892643795869605
2018,단국대학교,예체능,736.0,37.0,5.0271739130434785
2018,단국대학교,인문사회,6640.0,180.0,2.710843373493976
2018,단국대학교,자연과학,272.0,10.0,3.6764705882352944
2018,단국대학교 _제2캠퍼스,공학,1749.0,99.0,5.660377358490567
2018,단국대학교 _제2캠퍼스,예체능,1059.0,53.0,5.004721435316336
2018,단국대학교 _제2캠퍼스,의학,430.0,0.0,0.0
2018,단국대학교 _제2캠퍼스,인문사회,3183.0,146.0,4.586867734841345
2018,단국대학교 _제2캠퍼스,자연과학,1830.0,69.0,3.7704918032786887
2018,대구가톨릭대학교,공학,5469.0,331.0,6.052294752239898
2018,대구가톨릭대학교,예체능,1038.0,54.0,5.202312138728324
2018,대구가톨릭대학교,의학,175.0,0.0,0.0
2018,대구가톨릭대학교,인문사회,6901.0,337.0,4.883350239095783
2018,대구가톨릭대학교,자연과학,1532.0,45.0,2.93733681462141
2018,대구경북과학기술원,자연과학,851.0,19.0,2.2326674500587544
2018,대구교육대학교,인문사회,1687.0,18.0,1.066982809721399
2018,대구대학교,공학,6409.0,446.0,6.95896395693556
2018,대구대학교,예체능,1417.0,79.0,5.575158786167961
2018,대구대학교,인문사회,10801.0,513.0,4.749560225905008
2018,대구대학교,자연과학,1808.0,68.0,3.761061946902655
2018,대구예술대학교,공학,207.0,25.0,12.077294685990339
2018,대구예술대학교,예체능,1403.0,191.0,13.613684960798288
2018,대구예술대학교,인문사회,3.0,2.0,66.66666666666666
2018,대구예술대학교,자연과학,80.0,7.0,8.75
2018,대구한의대학교,공학,1359.0,144.0,10.596026490066226
2018,대구한의대학교,예체능,624.0,63.0,10.096153846153847
2018,대구한의대학교,의학,696.0,21.0,3.0172413793103448
2018,대구한의대학교,인문사회,2199.0,189.0,8.594815825375171
2018,대구한의대학교,자연과학,2515.0,128.0,5.0894632206759445
2018,대신대학교,예체능,188.0,29.0,15.425531914893616
2018,대신대학교,인문사회,439.0,14.0,3.189066059225513
2018,대전가톨릭대학교,인문사회,72.0,6.0,8.333333333333332
2018,대전대학교,공학,2732.0,149.0,5.453879941434846
2018,대전대학교,예체능,1284.0,89.0,6.931464174454828
2018,대전대학교,의학,474.0,12.0,2.5316455696202533
2018,대전대학교,인문사회,4442.0,272.0,6.123367852318776
2018,대전대학교,자연과학,870.0,18.0,2.0689655172413794
2018,대전신학대학교,인문사회,137.0,11.0,8.02919708029197
2018,대진대학교,공학,3556.0,246.0,6.917885264341956
2018,대진대학교,예체능,198.0,14.0,7.07070707070707
2018,대진대학교,인문사회,3574.0,169.0,4.7285954113038615
2018,대진대학교,자연과학,603.0,44.0,7.2968490878938645
2018,덕성여자대학교,공학,418.0,25.0,5.980861244019139
2018,덕성여자대학교,예체능,480.0,16.0,3.3333333333333335
2018,덕성여자대학교,인문사회,3821.0,128.0,3.3499084009421614
2018,덕성여자대학교,자연과학,1393.0,42.0,3.015075376884422
2018,동국대학교,공학,5382.0,167.0,3.102935711631364
2018,동국대학교,예체능,845.0,28.0,3.3136094674556213
2018,동국대학교,인문사회,9415.0,204.0,2.166755177907594
2018,동국대학교,자연과학,1181.0,28.0,2.3708721422523285
2018,동국대학교(WISE) _분교,공학,999.0,53.0,5.305305305305305
2018,동국대학교(WISE) _분교,예체능,155.0,10.0,6.451612903225806
2018,동국대학교(WISE) _분교,의학,311.0,1.0,0.3215434083601286
2018,동국대학교(WISE) _분교,인문사회,2510.0,157.0,6.254980079681275
2018,동국대학교(WISE) _분교,자연과학,688.0,23.0,3.343023255813953
2018,동덕여자대학교,공학,688.0,35.0,5.087209302325581
2018,동덕여자대학교,예체능,1479.0,38.0,2.5693035835023665
2018,동덕여자대학교,인문사회,2607.0,106.0,4.065976217874952
2018,동덕여자대학교,자연과학,844.0,26.0,3.080568720379147
2018,동명대학교,공학,4047.0,208.0,5.139609587348653
2018,동명대학교,예체능,1137.0,71.0,6.244503078276165
2018,동명대학교,인문사회,4468.0,302.0,6.7591763652641
2018,동명대학교,자연과학,579.0,20.0,3.454231433506045
2018,동서대학교,공학,2968.0,209.0,7.041778975741241
2018,동서대학교,예체능,1639.0,128.0,7.809640024405125
2018,동서대학교,인문사회,6403.0,392.0,6.122130251444635
2018,동서대학교,자연과학,679.0,9.0,1.3254786450662739
2018,동신대학교,공학,2356.0,186.0,7.894736842105263
2018,동신대학교,예체능,542.0,62.0,11.439114391143912
2018,동신대학교,의학,206.0,0.0,0.0
2018,동신대학교,인문사회,2055.0,204.0,9.927007299270073
2018,동신대학교,자연과학,1206.0,41.0,3.399668325041459
2018,동아대학교,공학,8166.0,332.0,4.065638011266226
2018,동아대학교,예체능,742.0,67.0,9.029649595687331
2018,동아대학교,의학,203.0,0.0,0.0
2018,동아대학교,인문사회,8309.0,300.0,3.6105427849320013
2018,동아대학교,자연과학,993.0,35.0,3.5246727089627394
2018,동양대학교,공학,2040.0,181.0,8.872549019607844
2018,동양대학교,예체능,856.0,88.0,10.2803738317757
2018,동양대학교,인문사회,2476.0,223.0,9.006462035541194
2018,동양대학교,자연과학,328.0,5.0,1.524390243902439
2018,동의대학교,공학,6879.0,306.0,4.448320976886175
2018,동의대학교,예체능,1971.0,114.0,5.78386605783866
2018,동의대학교,의학,185.0,0.0,0.0
2018,동의대학교,인문사회,7422.0,367.0,4.9447588251145245
2018,동의대학교,자연과학,1304.0,35.0,2.6840490797546015
2018,디지털서울문화예술대학교,공학,356.0,48.0,13.48314606741573
2018,디지털서울문화예술대학교,예체능,2297.0,444.0,19.329560296038313
2018,디지털서울문화예술대학교,인문사회,1519.0,297.0,19.552337063857802
2018,루터대학교,인문사회,438.0,30.0,6.8493150684931505
2018,명지대학교,공학,6195.0,225.0,3.631961259079903
2018,명지대학교,예체능,1587.0,61.0,3.843730308758664
2018,명지대학교,인문사회,530.0,25.0,4.716981132075472
2018,명지대학교,자연과학,501.0,12.0,2.3952095808383236
2018,명지대학교 _제2캠퍼스,공학,186.0,15.0,8.064516129032258
2018,명지대학교 _제2캠퍼스,예체능,129.0,8.0,6.2015503875969
2018,명지대학교 _제2캠퍼스,인문사회,8010.0,279.0,3.48314606741573
2018,목원대학교,공학,3000.0,195.0,6.5
2018,목원대학교,예체능,1312.0,88.0,6.707317073170732
2018,목원대학교,인문사회,5281.0,368.0,6.968377201287634
2018,목원대학교,자연과학,97.0,11.0,11.34020618556701
2018,목포가톨릭대학교,인문사회,152.0,4.0,2.631578947368421
2018,목포가톨릭대학교,자연과학,434.0,7.0,1.6129032258064515
2018,배재대학교,공학,3337.0,233.0,6.982319448606534
2018,배재대학교,예체능,656.0,30.0,4.573170731707317
2018,배재대학교,인문사회,4791.0,348.0,7.263619286161553
2018,배재대학교,자연과학,1275.0,82.0,6.431372549019608
2018,백석대학교,공학,2004.0,130.0,6.487025948103792
2018,백석대학교,예체능,1534.0,63.0,4.106910039113429
2018,백석대학교,인문사회,6622.0,301.0,4.545454545454546
2018,백석대학교,자연과학,889.0,16.0,1.799775028121485
2018,부산가톨릭대학교,공학,548.0,34.0,6.204379562043796
2018,부산가톨릭대학교,인문사회,2114.0,117.0,5.534531693472091
2018,부산가톨릭대학교,자연과학,1448.0,36.0,2.4861878453038675
2018,부산교육대학교,인문사회,1589.0,13.0,0.8181246066708621
2018,부산대학교,공학,11166.0,373.0,3.340497940175533
2018,부산대학교,예체능,1846.0,42.0,2.275189599133261
2018,부산대학교,의학,242.0,0.0,0.0
2018,부산대학교,인문사회,10105.0,207.0,2.0484908461157842
2018,부산대학교,자연과학,2932.0,87.0,2.9672578444747613
2018,부산디지털대학교,인문사회,2324.0,369.0,15.877796901893287
2018,부산외국어대학교,공학,1300.0,65.0,5.0
2018,부산외국어대학교,예체능,447.0,40.0,8.94854586129754
2018,부산외국어대학교,인문사회,4616.0,305.0,6.607452339688042
2018,부산외국어대학교,자연과학,15.0,9.0,60.0
2018,부산장신대학교,인문사회,331.0,24.0,7.250755287009064
2018,삼육대학교,공학,2004.0,95.0,4.740518962075848
2018,삼육대학교,예체능,1110.0,61.0,5.495495495495495
2018,삼육대학교,인문사회,2695.0,137.0,5.083487940630798
2018,삼육대학교,자연과학,1312.0,30.0,2.2865853658536586
2018,상명대학교,공학,783.0,23.0,2.937420178799489
2018,상명대학교,예체능,309.0,14.0,4.53074433656958
2018,상명대학교,인문사회,2639.0,88.0,3.3345964380447137
2018,상명대학교,자연과학,246.0,9.0,3.6585365853658534
2018,상명대학교 _제2캠퍼스,공학,2161.0,88.0,4.072188801480796
2018,상명대학교 _제2캠퍼스,예체능,2382.0,82.0,3.4424853064651555
2018,상명대학교 _제2캠퍼스,인문사회,1305.0,75.0,5.747126436781609
2018,상명대학교 _제2캠퍼스,자연과학,14.0,0.0,0.0
2018,상지대학교,공학,1463.0,128.0,8.749145591250855
2018,상지대학교,예체능,964.0,77.0,7.987551867219916
2018,상지대학교,의학,224.0,1.0,0.4464285714285714
2018,상지대학교,인문사회,3977.0,379.0,9.529796328891123
2018,상지대학교,자연과학,962.0,39.0,4.054054054054054
2018,서강대학교,공학,3044.0,118.0,3.8764783180026283
2018,서강대학교,예체능,171.0,0.0,0.0
2018,서강대학교,인문사회,6638.0,130.0,1.9584212112081951
2018,서강대학교,자연과학,709.0,27.0,3.80818053596615
2018,서경대학교,공학,2263.0,119.0,5.2585064074237735
2018,서경대학교,예체능,1186.0,49.0,4.1315345699831365
2018,서경대학교,인문사회,3448.0,178.0,5.162412993039443
2018,서울과학기술대학교,공학,9268.0,271.0,2.9240397065170476
2018,서울과학기술대학교,예체능,906.0,13.0,1.434878587196468
2018,서울과학기술대학교,인문사회,1460.0,65.0,4.4520547945205475
2018,서울과학기술대학교,자연과학,28.0,1.0,3.571428571428571
2018,서울교육대학교,인문사회,1601.0,11.0,0.6870705808869456
2018,서울기독대학교,예체능,221.0,30.0,13.574660633484163
2018,서울기독대학교,인문사회,432.0,34.0,7.87037037037037
2018,서울대학교,공학,5949.0,111.0,1.8658598083711546
2018,서울대학교,예체능,1065.0,10.0,0.9389671361502347
2018,서울대학교,의학,838.0,3.0,0.35799522673031026
2018,서울대학교,인문사회,8324.0,60.0,0.7208073041806823
2018,서울대학교,자연과학,1947.0,50.0,2.5680534155110424
2018,서울디지털대학교,공학,914.0,208.0,22.75711159737418
2018,서울디지털대학교,예체능,1877.0,423.0,22.535961640916355
2018,서울디지털대학교,인문사회,8401.0,1682.0,20.021426020711818
2018,서울시립대학교,공학,5823.0,150.0,2.575991756826378
2018,서울시립대학교,예체능,171.0,6.0,3.508771929824561
2018,서울시립대학교,인문사회,5240.0,76.0,1.450381679389313
2018,서울시립대학교,자연과학,691.0,23.0,3.3285094066570187
2018,서울신학대학교,예체능,501.0,28.0,5.588822355289421
2018,서울신학대학교,인문사회,1491.0,59.0,3.9570757880617036
2018,서울여자대학교,공학,1458.0,60.0,4.11522633744856
2018,서울여자대학교,예체능,887.0,31.0,3.494926719278467
2018,서울여자대학교,인문사회,3831.0,135.0,3.523884103367267
2018,서울여자대학교,자연과학,411.0,3.0,0.7299270072992701
2018,서울장신대학교,예체능,136.0,7.0,5.147058823529411
2018,서울장신대학교,인문사회,495.0,9.0,1.8181818181818181
2018,서울한영대학교,예체능,74.0,7.0,9.45945945945946
2018,서울한영대학교,인문사회,699.0,44.0,6.294706723891273
2018,서울한영대학교,자연과학,54.0,1.0,1.8518518518518516
2018,서원대학교,공학,1186.0,81.0,6.829679595278246
2018,서원대학교,예체능,530.0,55.0,10.377358490566039
2018,서원대학교,인문사회,5085.0,245.0,4.818092428711897
2018,서원대학교,자연과학,859.0,46.0,5.355064027939465
2018,선문대학교,공학,2675.0,159.0,5.94392523364486
2018,선문대학교,예체능,302.0,14.0,4.635761589403973
2018,선문대학교,인문사회,5345.0,295.0,5.519176800748363
2018,선문대학교,자연과학,795.0,18.0,2.2641509433962264
2018,성결대학교,공학,1282.0,62.0,4.83619344773791
2018,성결대학교,예체능,300.0,13.0,4.333333333333334
2018,성결대학교,인문사회,3210.0,148.0,4.610591900311527
2018,성공회대학교,공학,519.0,20.0,3.8535645472061653
2018,성공회대학교,인문사회,1257.0,52.0,4.136833731105807
2018,성균관대학교,공학,6253.0,148.0,2.366863905325444
2018,성균관대학교,예체능,1190.0,29.0,2.4369747899159666
2018,성균관대학교,의학,165.0,0.0,0.0
2018,성균관대학교,인문사회,11205.0,171.0,1.5261044176706828
2018,성균관대학교,자연과학,1845.0,32.0,1.7344173441734418
2018,성신여자대학교,공학,1193.0,39.0,3.269069572506287
2018,성신여자대학교,예체능,1460.0,45.0,3.0821917808219177
2018,성신여자대학교,인문사회,2984.0,108.0,3.6193029490616624
2018,성신여자대학교,자연과학,1093.0,38.0,3.476669716376944
2018,세명대학교,공학,1667.0,102.0,6.11877624475105
2018,세명대학교,예체능,1171.0,91.0,7.771135781383433
2018,세명대학교,의학,168.0,1.0,0.5952380952380952
2018,세명대학교,인문사회,4003.0,291.0,7.2695478391206585
2018,세명대학교,자연과학,2034.0,70.0,3.44149459193707
2018,세종대학교,공학,6749.0,282.0,4.1783967995258555
2018,세종대학교,예체능,1509.0,86.0,5.699138502319417
2018,세종대학교,인문사회,5317.0,248.0,4.664284370885838
2018,세종대학교,자연과학,713.0,35.0,4.908835904628331
2018,세한대학교,공학,735.0,50.0,6.802721088435375
2018,세한대학교,예체능,844.0,88.0,10.42654028436019
2018,세한대학교,인문사회,2180.0,244.0,11.192660550458717
2018,세한대학교,자연과학,780.0,20.0,2.564102564102564
2018,송원대학교,공학,982.0,148.0,15.071283095723015
2018,송원대학교,예체능,423.0,58.0,13.711583924349883
2018,송원대학교,인문사회,1371.0,171.0,12.472647702407002
2018,송원대학교,자연과학,689.0,63.0,9.143686502177069
2018,수원가톨릭대학교,인문사회,176.0,5.0,2.840909090909091
2018,수원대학교,공학,4725.0,246.0,5.2063492063492065
2018,수원대학교,예체능,1502.0,106.0,7.057256990679095
2018,수원대학교,인문사회,3826.0,211.0,5.514898065865133
2018,수원대학교,자연과학,688.0,38.0,5.523255813953488
2018,숙명여자대학교,공학,1712.0,66.0,3.8551401869158877
2018,숙명여자대학교,예체능,830.0,19.0,2.289156626506024
2018,숙명여자대학교,인문사회,6676.0,136.0,2.037147992810066
2018,숙명여자대학교,자연과학,1428.0,47.0,3.2913165266106446
2018,순복음총회신학교,예체능,10.0,7.0,70.0
2018,순복음총회신학교,인문사회,101.0,28.0,27.722772277227726
2018,순천향대학교,공학,4742.0,224.0,4.723745255166596
2018,순천향대학교,예체능,554.0,48.0,8.664259927797833
2018,순천향대학교,의학,844.0,16.0,1.8957345971563981
2018,순천향대학교,인문사회,3269.0,161.0,4.925053533190578
2018,순천향대학교,자연과학,865.0,36.0,4.161849710982659
2018,숭실대학교,공학,7737.0,173.0,2.2360087889362803
2018,숭실대학교,예체능,173.0,0.0,0.0
2018,숭실대학교,인문사회,7571.0,207.0,2.734117025492009
2018,숭실대학교,자연과학,475.0,23.0,4.842105263157895
2018,신경주대학교,공학,143.0,48.0,33.56643356643357
2018,신경주대학교,예체능,211.0,57.0,27.014218009478675
2018,신경주대학교,인문사회,166.0,76.0,45.78313253012048
2018,신라대학교,공학,2740.0,218.0,7.9562043795620445
2018,신라대학교,예체능,956.0,93.0,9.728033472803348
2018,신라대학교,인문사회,4379.0,276.0,6.302808860470427
2018,신라대학교,자연과학,909.0,41.0,4.51045104510451
2018,신한대학교,공학,1026.0,60.0,5.847953216374268
2018,신한대학교,인문사회,352.0,25.0,7.1022727272727275
2018,신한대학교,자연과학,499.0,5.0,1.002004008016032
2018,신한대학교 _제2캠퍼스,공학,709.0,41.0,5.782792665726375
2018,신한대학교 _제2캠퍼스,예체능,753.0,60.0,7.968127490039841
2018,신한대학교 _제2캠퍼스,인문사회,2936.0,157.0,5.347411444141689
2018,아신대학교,인문사회,566.0,52.0,9.187279151943462
2018,아주대학교,공학,6745.0,193.0,2.8613787991104522
2018,아주대학교,예체능,650.0,17.0,2.6153846153846154
2018,아주대학교,의학,261.0,1.0,0.38314176245210724
2018,아주대학교,인문사회,3880.0,102.0,2.6288659793814433
2018,아주대학교,자연과학,1108.0,21.0,1.895306859205776
2018,안양대학교,공학,931.0,39.0,4.189044038668099
2018,안양대학교,예체능,809.0,67.0,8.281829419035846
2018,안양대학교,인문사회,2318.0,139.0,5.996548748921484
2018,안양대학교,자연과학,277.0,8.0,2.888086642599278
2018,안양대학교 _제2캠퍼스,공학,328.0,18.0,5.487804878048781
2018,안양대학교 _제2캠퍼스,인문사회,141.0,10.0,7.092198581560284
2018,연세대학교,공학,6064.0,127.0,2.0943271767810026
2018,연세대학교,예체능,520.0,9.0,1.7307692307692308
2018,연세대학교,의학,747.0,0.0,0.0
2018,연세대학교,인문사회,8358.0,67.0,0.8016271835367312
2018,연세대학교,자연과학,2508.0,44.0,1.7543859649122806
2018,연세대학교(미래) _분교,공학,2371.0,101.0,4.259805989034163
2018,연세대학교(미래) _분교,예체능,520.0,10.0,1.9230769230769231
2018,연세대학교(미래) _분교,의학,446.0,1.0,0.2242152466367713
2018,연세대학교(미래) _분교,인문사회,3747.0,156.0,4.1633306645316255
2018,연세대학교(미래) _분교,자연과학,1614.0,60.0,3.717472118959108
2018,영남대학교,공학,5151.0,214.0,4.154533100368861
2018,영남대학교,예체능,2094.0,99.0,4.7277936962750715
2018,영남대학교,의학,306.0,0.0,0.0
2018,영남대학교,인문사회,10935.0,385.0,3.5208047553726565
2018,영남대학교,자연과학,2013.0,63.0,3.129657228017884
2018,영남신학대학교,인문사회,523.0,45.0,8.604206500956023
2018,영산대학교,공학,1228.0,135.0,10.993485342019543
2018,영산대학교,인문사회,941.0,123.0,13.071200850159407
2018,영산대학교,자연과학,636.0,17.0,2.6729559748427674
2018,영산대학교 _제2캠퍼스,공학,170.0,22.0,12.941176470588237
2018,영산대학교 _제2캠퍼스,예체능,1061.0,93.0,8.765315739868049
2018,영산대학교 _제2캠퍼스,인문사회,2414.0,262.0,10.853355426677712
2018,예수대학교,인문사회,84.0,4.0,4.761904761904762
2018,예수대학교,자연과학,566.0,8.0,1.4134275618374559
2018,예원예술대학교,예체능,797.0,91.0,11.417816813048933
2018,예원예술대학교,인문사회,40.0,7.0,17.5
2018,예원예술대학교 _제2캠퍼스,공학,207.0,24.0,11.594202898550725
2018,예원예술대학교 _제2캠퍼스,예체능,344.0,29.0,8.430232558139535
2018,용인대학교,공학,842.0,53.0,6.294536817102138
2018,용인대학교,예체능,1568.0,79.0,5.038265306122449
2018,용인대학교,인문사회,2264.0,148.0,6.5371024734982335
2018,용인대학교,자연과학,549.0,29.0,5.2823315118397085
2018,우석대학교,공학,2397.0,210.0,8.760951188986233
2018,우석대학교,예체능,708.0,87.0,12.288135593220339
2018,우석대학교,의학,197.0,12.0,6.091370558375635
2018,우석대학교,인문사회,3634.0,270.0,7.429829389102917
2018,우석대학교,자연과학,1259.0,42.0,3.3359809372517866
2018,우송대학교,공학,2910.0,152.0,5.223367697594502
2018,우송대학교,예체능,1003.0,62.0,6.181455633100698
2018,우송대학교,인문사회,4539.0,228.0,5.023132848645076
2018,우송대학교,자연과학,1153.0,32.0,2.7753686036426712
2018,울산과학기술원,공학,2203.0,25.0,1.1348161597821154
2018,울산과학기술원,예체능,163.0,3.0,1.8404907975460123
2018,울산과학기술원,인문사회,373.0,4.0,1.0723860589812333
2018,울산과학기술원,자연과학,724.0,25.0,3.4530386740331496
2018,울산대학교,공학,7249.0,295.0,4.0695268312870745
2018,울산대학교,예체능,744.0,33.0,4.435483870967742
2018,울산대학교,의학,168.0,0.0,0.0
2018,울산대학교,인문사회,6628.0,267.0,4.028364514182257
2018,울산대학교,자연과학,1784.0,71.0,3.9798206278026904
2018,원광대학교,공학,4344.0,262.0,6.031307550644567
2018,원광대학교,예체능,777.0,64.0,8.236808236808237
2018,원광대학교,의학,1148.0,4.0,0.34843205574912894
2018,원광대학교,인문사회,5962.0,426.0,7.145253270714526
2018,원광대학교,자연과학,2945.0,112.0,3.8030560271646854
2018,원광디지털대학교,예체능,1495.0,153.0,10.234113712374581
2018,원광디지털대학교,인문사회,3175.0,451.0,14.204724409448819
2018,원광디지털대학교,자연과학,1145.0,150.0,13.100436681222707
2018,위덕대학교,공학,485.0,66.0,13.608247422680412
2018,위덕대학교,예체능,24.0,0.0,0.0
2018,위덕대학교,인문사회,857.0,59.0,6.884480746791131
2018,위덕대학교,자연과학,457.0,35.0,7.658643326039387
2018,유원대학교,공학,1238.0,103.0,8.319870759289175
2018,유원대학교,예체능,413.0,65.0,15.738498789346247
2018,유원대학교,인문사회,2087.0,209.0,10.014374700527071
2018,유원대학교,자연과학,589.0,48.0,8.149405772495756
2018,을지대학교,의학,187.0,2.0,1.06951871657754
2018,을지대학교,자연과학,315.0,10.0,3.1746031746031744
2018,을지대학교 _제2캠퍼스,공학,106.0,11.0,10.377358490566039
2018,을지대학교 _제2캠퍼스,예체능,5.0,0.0,0.0
2018,을지대학교 _제2캠퍼스,인문사회,183.0,6.0,3.278688524590164
2018,을지대학교 _제2캠퍼스,자연과학,96.0,3.0,3.125
2018,이화여자대학교,공학,2294.0,104.0,4.533565823888405
2018,이화여자대학교,예체능,1018.0,14.0,1.37524557956778
2018,이화여자대학교,의학,152.0,0.0,0.0
2018,이화여자대학교,인문사회,8851.0,161.0,1.8190035024291042
2018,이화여자대학교,자연과학,2177.0,37.0,1.6995865870463942
2018,인제대학교,공학,2105.0,119.0,5.653206650831353
2018,인제대학교,예체능,470.0,21.0,4.468085106382979
2018,인제대학교,인문사회,2966.0,156.0,5.259608900876602
2018,인제대학교,자연과학,819.0,25.0,3.0525030525030523
2018,인제대학교 _제2캠퍼스,의학,424.0,2.0,0.4716981132075472
2018,인제대학교 _제2캠퍼스,자연과학,392.0,2.0,0.5102040816326531
2018,인천가톨릭대학교,인문사회,109.0,11.0,10.091743119266056
2018,인천가톨릭대학교 _제2캠퍼스,공학,221.0,14.0,6.334841628959276
2018,인천가톨릭대학교 _제2캠퍼스,예체능,156.0,13.0,8.333333333333332
2018,인천가톨릭대학교 _제2캠퍼스,인문사회,100.0,9.0,9.0
2018,인천가톨릭대학교 _제2캠퍼스,자연과학,176.0,4.0,2.272727272727273
2018,인천대학교,공학,6324.0,225.0,3.557874762808349
2018,인천대학교,예체능,976.0,37.0,3.790983606557377
2018,인천대학교,인문사회,5358.0,165.0,3.0795072788353863
2018,인천대학교,자연과학,639.0,21.0,3.286384976525822
2018,인하대학교,공학,11390.0,239.0,2.0983318700614575
2018,인하대학교,예체능,405.0,8.0,1.9753086419753085
2018,인하대학교,의학,97.0,0.0,0.0
2018,인하대학교,인문사회,9794.0,174.0,1.7765979170920974
2018,인하대학교,자연과학,1888.0,45.0,2.3834745762711864
2018,장로회신학대학교,예체능,264.0,15.0,5.681818181818182
2018,장로회신학대학교,인문사회,634.0,24.0,3.7854889589905363
2018,전남대학교,공학,7317.0,241.0,3.293699603662703
2018,전남대학교,예체능,952.0,33.0,3.466386554621849
2018,전남대학교,의학,736.0,6.0,0.8152173913043478
2018,전남대학교,인문사회,8857.0,291.0,3.285536863497798
2018,전남대학교,자연과학,3306.0,94.0,2.8433151845130067
2018,전남대학교 _제2캠퍼스,공학,2862.0,160.0,5.590496156533892
2018,전남대학교 _제2캠퍼스,인문사회,964.0,51.0,5.29045643153527
2018,전남대학교 _제2캠퍼스,자연과학,1.0,0.0,0.0
2018,전북대학교,공학,10708.0,383.0,3.576765035487486
2018,전북대학교,예체능,584.0,21.0,3.595890410958904
2018,전북대학교,의학,646.0,0.0,0.0
2018,전북대학교,인문사회,8673.0,353.0,4.070102617318113
2018,전북대학교,자연과학,2373.0,93.0,3.919089759797725
2018,전주교육대학교,인문사회,1212.0,10.0,0.825082508250825
2018,전주대학교,공학,3565.0,218.0,6.115007012622721
2018,전주대학교,예체능,753.0,60.0,7.968127490039841
2018,전주대학교,의학,23.0,7.0,30.434782608695656
2018,전주대학교,인문사회,6797.0,361.0,5.311166691187289
2018,전주대학교,자연과학,951.0,26.0,2.7339642481598316
2018,정석대학,공학,51.0,0.0,0.0
2018,정석대학,인문사회,43.0,4.0,9.30232558139535
2018,제주국제대학교,공학,255.0,19.0,7.450980392156863
2018,제주국제대학교,예체능,61.0,13.0,21.311475409836063
2018,제주국제대학교,인문사회,510.0,62.0,12.156862745098039
2018,제주국제대학교,자연과학,160.0,23.0,14.374999999999998
2018,제주대학교,공학,4455.0,327.0,7.34006734006734
2018,제주대학교,예체능,614.0,46.0,7.491856677524431
2018,제주대학교,의학,200.0,0.0,0.0
2018,제주대학교,인문사회,5420.0,407.0,7.509225092250922
2018,제주대학교,자연과학,1613.0,103.0,6.385616862988221
2018,조선대학교,공학,10057.0,524.0,5.2103012826886745
2018,조선대학교,예체능,2054.0,113.0,5.501460564751704
2018,조선대학교,의학,395.0,1.0,0.25316455696202533
2018,조선대학교,인문사회,11307.0,560.0,4.952684177942867
2018,조선대학교,자연과학,1876.0,58.0,3.091684434968017
2018,중부대학교,공학,1481.0,100.0,6.75219446320054
2018,중부대학교,예체능,1215.0,73.0,6.008230452674898
2018,중부대학교,인문사회,3237.0,188.0,5.807846771702193
2018,중부대학교,자연과학,599.0,28.0,4.674457429048414
2018,중앙대학교,공학,5697.0,142.0,2.492539933298227
2018,중앙대학교,예체능,680.0,25.0,3.6764705882352944
2018,중앙대학교,의학,541.0,4.0,0.7393715341959335
2018,중앙대학교,인문사회,13597.0,291.0,2.140177980436861
2018,중앙대학교,자연과학,2414.0,58.0,2.4026512013256007
2018,중앙대학교 _제2캠퍼스,공학,1204.0,29.0,2.408637873754153
2018,중앙대학교 _제2캠퍼스,예체능,3877.0,111.0,2.8630384317771473
2018,중앙대학교 _제2캠퍼스,인문사회,634.0,38.0,5.993690851735016
2018,중앙대학교 _제2캠퍼스,자연과학,9.0,1.0,11.11111111111111
2018,중앙승가대학교,예체능,25.0,3.0,12.0
2018,중앙승가대학교,인문사회,99.0,8.0,8.080808080808081
2018,중원대학교,공학,1898.0,166.0,8.74604847207587
2018,중원대학교,예체능,150.0,11.0,7.333333333333333
2018,중원대학교,인문사회,459.0,81.0,17.647058823529413
2018,중원대학교,자연과학,583.0,13.0,2.2298456260720414
2018,진주교육대학교,인문사회,1384.0,13.0,0.9393063583815029
2018,차의과학대학교,공학,495.0,27.0,5.454545454545454
2018,차의과학대학교,의학,298.0,11.0,3.691275167785235
2018,차의과학대학교,인문사회,1000.0,57.0,5.7
2018,차의과학대학교,자연과학,1019.0,21.0,2.060843964671246
2018,창신대학교,공학,175.0,18.0,10.285714285714285
2018,창신대학교,인문사회,282.0,12.0,4.25531914893617
2018,창신대학교,자연과학,99.0,6.0,6.0606060606060606
2018,청운대학교,공학,1115.0,73.0,6.547085201793721
2018,청운대학교,예체능,181.0,13.0,7.18232044198895
2018,청운대학교,인문사회,935.0,90.0,9.62566844919786
2018,청운대학교,자연과학,575.0,15.0,2.608695652173913
2018,청주교육대학교,인문사회,1255.0,14.0,1.1155378486055778
2018,청주대학교,공학,4881.0,252.0,5.162876459741856
2018,청주대학교,예체능,1399.0,62.0,4.431736954967834
2018,청주대학교,의학,187.0,8.0,4.27807486631016
2018,청주대학교,인문사회,7460.0,328.0,4.396782841823057
2018,청주대학교,자연과학,1147.0,27.0,2.353966870095902
2018,초당대학교,공학,1014.0,66.0,6.508875739644971
2018,초당대학교,예체능,407.0,77.0,18.91891891891892
2018,초당대학교,인문사회,670.0,53.0,7.91044776119403
2018,초당대학교,자연과학,1060.0,54.0,5.09433962264151
2018,총신대학교,예체능,308.0,15.0,4.870129870129871
2018,총신대학교,인문사회,1715.0,77.0,4.489795918367347
2018,총신대학교,자연과학,65.0,2.0,3.076923076923077
2018,추계예술대학교,예체능,665.0,40.0,6.015037593984962
2018,추계예술대학교,인문사회,138.0,11.0,7.971014492753622
2018,춘천교육대학교,인문사회,1414.0,25.0,1.768033946251768
2018,충남대학교,공학,8077.0,288.0,3.56568032685403
2018,충남대학교,예체능,581.0,22.0,3.7865748709122204
2018,충남대학교,의학,618.0,9.0,1.4563106796116505
2018,충남대학교,인문사회,8634.0,270.0,3.127171646977067
2018,충남대학교,자연과학,3735.0,140.0,3.748326639892905
2018,충북대학교,공학,7811.0,246.0,3.149404685699654
2018,충북대학교,예체능,83.0,3.0,3.614457831325301
2018,충북대학교,의학,517.0,6.0,1.160541586073501
2018,충북대학교,인문사회,6826.0,192.0,2.8127746850278346
2018,충북대학교,자연과학,2570.0,102.0,3.968871595330739
2018,칼빈대학교,예체능,68.0,4.0,5.88235294117647
2018,칼빈대학교,인문사회,235.0,3.0,1.276595744680851
2018,칼빈대학교,자연과학,57.0,0.0,0.0
2018,평택대학교,공학,1135.0,59.0,5.1982378854625555
2018,평택대학교,예체능,561.0,37.0,6.59536541889483
2018,평택대학교,인문사회,1732.0,99.0,5.715935334872979
2018,평택대학교,자연과학,130.0,7.0,5.384615384615385
2018,포항공과대학교,공학,983.0,2.0,0.20345879959308238
2018,포항공과대학교,인문사회,131.0,2.0,1.5267175572519083
2018,포항공과대학교,자연과학,169.0,3.0,1.7751479289940828
2018,한경국립대학교,공학,4747.0,300.0,6.319780914261639
2018,한경국립대학교,예체능,353.0,24.0,6.79886685552408
2018,한경국립대학교,인문사회,1772.0,99.0,5.586907449209932
2018,한경국립대학교,자연과학,460.0,29.0,6.304347826086956
2018,한국공학대학교,공학,1288.0,96.0,7.453416149068323
2018,한국공학대학교,예체능,1529.0,109.0,7.128842380640942
2018,한국공학대학교,인문사회,942.0,51.0,5.414012738853503
2018,한국과학기술원,공학,3037.0,49.0,1.6134343101745143
2018,한국과학기술원,인문사회,44.0,0.0,0.0
2018,한국과학기술원,자연과학,275.0,8.0,2.909090909090909
2018,한국교원대학교,인문사회,2752.0,54.0,1.9622093023255813
2018,한국국제대학교,공학,1184.0,169.0,14.27364864864865
2018,한국국제대학교,예체능,255.0,41.0,16.07843137254902
2018,한국국제대학교,인문사회,694.0,55.0,7.92507204610951
2018,한국국제대학교,자연과학,264.0,14.0,5.303030303030303
2018,한국기술교육대학교,공학,5464.0,208.0,3.806734992679356
2018,한국기술교육대학교,예체능,37.0,2.0,5.405405405405405
2018,한국기술교육대학교,인문사회,946.0,70.0,7.399577167019028
2018,한국방송통신대학교,공학,14286.0,3447.0,24.12851742965141
2018,한국방송통신대학교,예체능,3703.0,1112.0,30.029705644072376
2018,한국방송통신대학교,인문사회,121808.0,28307.0,23.23903191908577
2018,한국방송통신대학교,자연과학,13265.0,2491.0,18.778741047870334
2018,한국성서대학교,공학,190.0,15.0,7.894736842105263
2018,한국성서대학교,인문사회,422.0,24.0,5.687203791469194
2018,한국성서대학교,자연과학,229.0,11.0,4.8034934497816595
2018,한국예술종합학교,공학,114.0,9.0,7.894736842105263
2018,한국예술종합학교,예체능,2092.0,62.0,2.9636711281070744
2018,한국예술종합학교,인문사회,135.0,3.0,2.2222222222222223
2018,한국외국어대학교,공학,2232.0,116.0,5.197132616487455
2018,한국외국어대학교,인문사회,14308.0,441.0,3.0821917808219177
2018,한국외국어대학교,자연과학,806.0,29.0,3.598014888337469
2018,한국전통문화대학교,공학,222.0,8.0,3.6036036036036037
2018,한국전통문화대학교,예체능,170.0,5.0,2.941176470588235
2018,한국전통문화대학교,인문사회,297.0,5.0,1.6835016835016834
2018,한국체육대학교,공학,34.0,2.0,5.88235294117647
2018,한국체육대학교,예체능,2014.0,62.0,3.0784508440913605
2018,한국체육대학교,인문사회,206.0,1.0,0.48543689320388345
2018,한국침례신학대학교,예체능,169.0,14.0,8.284023668639055
2018,한국침례신학대학교,인문사회,1548.0,91.0,5.8785529715762275
2018,한국항공대학교,공학,4999.0,150.0,3.000600120024005
2018,한국항공대학교,인문사회,813.0,23.0,2.8290282902829027
2018,한남대학교,공학,3989.0,188.0,4.7129606417648535
2018,한남대학교,예체능,767.0,32.0,4.172099087353325
2018,한남대학교,인문사회,8229.0,349.0,4.241098553894762
2018,한남대학교,자연과학,1138.0,40.0,3.5149384885764503
2018,한동대학교,공학,1853.0,43.0,2.3205612520237455
2018,한동대학교,예체능,383.0,4.0,1.0443864229765014
2018,한동대학교,인문사회,2127.0,52.0,2.444757874941232
2018,한라대학교,공학,2825.0,153.0,5.415929203539823
2018,한라대학교,예체능,424.0,36.0,8.49056603773585
2018,한라대학교,인문사회,2256.0,158.0,7.00354609929078
2018,한려대학교,공학,32.0,4.0,12.5
2018,한려대학교,예체능,51.0,16.0,31.372549019607842
2018,한려대학교,인문사회,63.0,14.0,22.22222222222222
2018,한려대학교,자연과학,430.0,36.0,8.372093023255815
2018,한림대학교,공학,1750.0,68.0,3.8857142857142852
2018,한림대학교,예체능,417.0,19.0,4.556354916067146
2018,한림대학교,의학,300.0,0.0,0.0
2018,한림대학교,인문사회,5955.0,243.0,4.080604534005038
2018,한림대학교,자연과학,812.0,10.0,1.2315270935960592
2018,한북대학교,공학,6.0,4.0,66.66666666666666
2018,한북대학교,예체능,2.0,4.0,200.0
2018,한북대학교,인문사회,17.0,17.0,100.0
2018,한북대학교,자연과학,2.0,2.0,100.0
2018,한서대학교,공학,3726.0,205.0,5.501878690284488
2018,한서대학교,예체능,1136.0,84.0,7.394366197183098
2018,한서대학교,인문사회,2114.0,121.0,5.723746452223273
2018,한서대학교,자연과학,1184.0,39.0,3.2939189189189184
2018,한성대학교,공학,1238.0,48.0,3.877221324717286
2018,한성대학교,예체능,672.0,35.0,5.208333333333334
2018,한성대학교,인문사회,2415.0,108.0,4.472049689440994
2018,한성대학교,자연과학,112.0,3.0,2.6785714285714284
2018,한세대학교,공학,851.0,43.0,5.052878965922444
2018,한세대학교,예체능,480.0,31.0,6.458333333333334
2018,한세대학교,인문사회,1929.0,101.0,5.235873509590461
2018,한세대학교,자연과학,141.0,0.0,0.0
2018,한신대학교,공학,1269.0,59.0,4.649330181245075
2018,한신대학교,인문사회,4635.0,255.0,5.501618122977346
2018,한신대학교,자연과학,542.0,22.0,4.059040590405904
2018,한양대학교,공학,9388.0,272.0,2.8973157221985515
2018,한양대학교,예체능,779.0,17.0,2.1822849807445444
2018,한양대학교,의학,431.0,0.0,0.0
2018,한양대학교,인문사회,7419.0,145.0,1.9544412993664915
2018,한양대학교,자연과학,1785.0,42.0,2.3529411764705883
2018,한양대학교(ERICA) _분교,공학,5125.0,110.0,2.1463414634146343
2018,한양대학교(ERICA) _분교,예체능,1525.0,26.0,1.7049180327868854
2018,한양대학교(ERICA) _분교,인문사회,4952.0,127.0,2.5646203554119547
2018,한양대학교(ERICA) _분교,자연과학,517.0,7.0,1.3539651837524178
2018,한일장신대학교,예체능,136.0,20.0,14.705882352941178
2018,한일장신대학교,인문사회,207.0,34.0,16.425120772946862
2018,한일장신대학교,자연과학,241.0,0.0,0.0
2018,협성대학교,공학,1341.0,101.0,7.531692766592095
2018,협성대학교,예체능,754.0,64.0,8.488063660477453
2018,협성대학교,인문사회,2818.0,175.0,6.210078069552875
2018,협성대학교,자연과학,244.0,10.0,4.098360655737705
2018,호남대학교,공학,2220.0,115.0,5.18018018018018
2018,호남대학교,예체능,515.0,37.0,7.184466019417475
2018,호남대학교,인문사회,3186.0,233.0,7.31324544883867
2018,호남대학교,자연과학,1599.0,87.0,5.440900562851782
2018,호남신학대학교,예체능,297.0,23.0,7.744107744107744
2018,호남신학대학교,인문사회,433.0,35.0,8.083140877598153
2018,호서대학교,공학,6179.0,304.0,4.91988994983007
2018,호서대학교,예체능,1420.0,103.0,7.253521126760563
2018,호서대학교,인문사회,4256.0,243.0,5.709586466165414
2018,호서대학교,자연과학,375.0,12.0,3.2
2018,호원대학교,공학,1025.0,116.0,11.317073170731708
2018,호원대학교,예체능,1165.0,97.0,8.326180257510728
2018,호원대학교,인문사회,1381.0,170.0,12.309920347574222
2018,호원대학교,자연과학,292.0,5.0,1.7123287671232876
2018,홍익대학교,공학,7290.0,258.0,3.539094650205761
2018,홍익대학교,예체능,1207.0,25.0,2.071251035625518
2018,홍익대학교,인문사회,5719.0,169.0,2.955062073789124
2018,홍익대학교 _제2캠퍼스,공학,3248.0,160.0,4.926108374384237
2018,홍익대학교 _제2캠퍼스,예체능,2338.0,63.0,2.694610778443114
2018,홍익대학교 _제2캠퍼스,인문사회,1873.0,71.0,3.7907100907634814
2018,화성의과학대학교,공학,152.0,26.0,17.105263157894736
2018,화성의과학대학교,예체능,136.0,17.0,12.5
2018,화성의과학대학교,인문사회,571.0,72.0,12.609457092819614
2018,화성의과학대학교,자연과학,209.0,8.0,3.827751196172249
2020,가야대학교(김해),공학,243.0,28.0,11.522633744855968
2020,가야대학교(김해),인문사회,824.0,76.0,9.223300970873787
2020,가야대학교(김해),자연과학,1089.0,36.0,3.3057851239669422
2020,가천대학교,공학,7377.0,274.0,3.7142469838687813
2020,가천대학교,예체능,2595.0,115.0,4.431599229287091
2020,가천대학교,의학,256.0,3.0,1.171875
2020,가천대학교,인문사회,9097.0,374.0,4.111245465538089
2020,가천대학교,자연과학,3238.0,86.0,2.655960469425571
2020,가톨릭관동대학교,공학,2602.0,187.0,7.186779400461184
2020,가톨릭관동대학교,예체능,836.0,63.0,7.535885167464115
2020,가톨릭관동대학교,의학,236.0,0.0,0.0
2020,가톨릭관동대학교,인문사회,6513.0,543.0,8.337171810225701
2020,가톨릭관동대학교,자연과학,937.0,46.0,4.909284951974386
2020,가톨릭꽃동네대학교,인문사회,370.0,11.0,2.9729729729729732
2020,가톨릭꽃동네대학교,자연과학,214.0,2.0,0.9345794392523363
2020,가톨릭대학교,공학,1929.0,84.0,4.354587869362364
2020,가톨릭대학교,예체능,235.0,13.0,5.531914893617021
2020,가톨릭대학교,인문사회,5831.0,152.0,2.60675698850969
2020,가톨릭대학교,자연과학,1068.0,44.0,4.119850187265917
2020,가톨릭대학교 _제2캠퍼스,의학,383.0,1.0,0.26109660574412535
2020,가톨릭대학교 _제2캠퍼스,자연과학,577.0,5.0,0.8665511265164645
2020,가톨릭대학교 _제3캠퍼스,인문사회,307.0,8.0,2.6058631921824107
2020,감리교신학대학교,인문사회,327.0,25.0,7.64525993883792
2020,강남대학교,공학,1820.0,118.0,6.4835164835164845
2020,강남대학교,예체능,500.0,41.0,8.200000000000001
2020,강남대학교,인문사회,4411.0,271.0,6.143731580140558
2020,강남대학교,자연과학,16.0,1.0,6.25
2020,강서대학교,예체능,168.0,21.0,12.5
2020,강서대학교,인문사회,1110.0,73.0,6.576576576576576
2020,강서대학교,자연과학,330.0,10.0,3.0303030303030303
2020,강원대학교,공학,6720.0,247.0,3.675595238095238
2020,강원대학교,예체능,753.0,22.0,2.921646746347941
2020,강원대학교,의학,177.0,1.0,0.5649717514124294
2020,강원대학교,인문사회,8303.0,262.0,3.155485968926894
2020,강원대학교,자연과학,2931.0,82.0,2.7976799727055615
2020,강원대학교 _제2캠퍼스,공학,4381.0,266.0,6.071673133987674
2020,강원대학교 _제2캠퍼스,예체능,772.0,29.0,3.756476683937824
2020,강원대학교 _제2캠퍼스,인문사회,1748.0,148.0,8.466819221967963
2020,강원대학교 _제2캠퍼스,자연과학,986.0,34.0,3.4482758620689653
2020,건국대학교,공학,9576.0,300.0,3.132832080200501
2020,건국대학교,예체능,904.0,17.0,1.8805309734513276
2020,건국대학교,의학,331.0,1.0,0.3021148036253776
2020,건국대학교,인문사회,7602.0,190.0,2.4993422783478034
2020,건국대학교,자연과학,2066.0,60.0,2.904162633107454
2020,건국대학교(글로컬) _분교,공학,2285.0,83.0,3.6323851203501096
2020,건국대학교(글로컬) _분교,예체능,1512.0,48.0,3.1746031746031744
2020,건국대학교(글로컬) _분교,의학,410.0,17.0,4.146341463414634
2020,건국대학교(글로컬) _분교,인문사회,3730.0,149.0,3.9946380697050943
2020,건국대학교(글로컬) _분교,자연과학,817.0,31.0,3.7943696450428397
2020,건양대학교,공학,987.0,43.0,4.356636271529888
2020,건양대학교,예체능,416.0,15.0,3.6057692307692304
2020,건양대학교,의학,153.0,13.0,8.49673202614379
2020,건양대학교,인문사회,2269.0,94.0,4.142794182459234
2020,건양대학교,자연과학,398.0,16.0,4.0201005025125625
2020,건양대학교 _제2캠퍼스,공학,1054.0,61.0,5.787476280834915
2020,건양대학교 _제2캠퍼스,예체능,239.0,16.0,6.694560669456067
2020,건양대학교 _제2캠퍼스,의학,226.0,0.0,0.0
2020,건양대학교 _제2캠퍼스,인문사회,194.0,7.0,3.608247422680412
2020,건양대학교 _제2캠퍼스,자연과학,1385.0,19.0,1.371841155234657
2020,경기대학교,공학,4448.0,170.0,3.8219424460431655
2020,경기대학교,예체능,759.0,35.0,4.61133069828722
2020,경기대학교,인문사회,8043.0,301.0,3.742384682332463
2020,경기대학교,자연과학,866.0,29.0,3.348729792147806
2020,경기대학교 _제2캠퍼스,예체능,456.0,18.0,3.9473684210526314
2020,경기대학교 _제2캠퍼스,인문사회,1650.0,57.0,3.4545454545454546
2020,경기대학교 _제2캠퍼스,자연과학,23.0,1.0,4.3478260869565215
2020,경남과학기술대학교,공학,2876.0,166.0,5.771905424200279
2020,경남과학기술대학교,예체능,373.0,23.0,6.166219839142091
2020,경남과학기술대학교,인문사회,1669.0,106.0,6.351108448172559
2020,경남과학기술대학교,자연과학,954.0,36.0,3.7735849056603774
2020,경남대학교,공학,5822.0,304.0,5.221573342493988
2020,경남대학교,인문사회,7959.0,465.0,5.842442517904259
2020,경남대학교,자연과학,1220.0,40.0,3.278688524590164
2020,경동대학교,공학,267.0,21.0,7.865168539325842
2020,경동대학교,예체능,60.0,10.0,16.666666666666664
2020,경동대학교,인문사회,1089.0,98.0,8.999081726354454
2020,경동대학교,자연과학,143.0,21.0,14.685314685314685
2020,경동대학교 _제3캠퍼스,공학,179.0,9.0,5.027932960893855
2020,경동대학교 _제3캠퍼스,인문사회,294.0,9.0,3.061224489795918
2020,경동대학교 _제3캠퍼스,자연과학,2593.0,45.0,1.7354415734670268
2020,경동대학교 _제4캠퍼스,공학,1095.0,54.0,4.931506849315069
2020,경동대학교 _제4캠퍼스,예체능,356.0,27.0,7.584269662921349
2020,경동대학교 _제4캠퍼스,인문사회,1033.0,32.0,3.0977734753146176
2020,경북대학교,공학,13439.0,608.0,4.524146141826028
2020,경북대학교,예체능,708.0,14.0,1.977401129943503
2020,경북대학교,의학,921.0,1.0,0.10857763300760044
2020,경북대학교,인문사회,9647.0,228.0,2.363429045299057
2020,경북대학교,자연과학,3774.0,135.0,3.5771065182829886
2020,경상국립대학교,공학,8550.0,381.0,4.456140350877193
2020,경상국립대학교,의학,698.0,8.0,1.146131805157593
2020,경상국립대학교,인문사회,7573.0,306.0,4.040670804172719
2020,경상국립대학교,자연과학,1725.0,56.0,3.246376811594203
2020,경성대학교,공학,4492.0,271.0,6.032947462154943
2020,경성대학교,예체능,2319.0,118.0,5.088400172488142
2020,경성대학교,의학,58.0,5.0,8.620689655172415
2020,경성대학교,인문사회,7689.0,366.0,4.760046820132658
2020,경성대학교,자연과학,1123.0,32.0,2.8495102404274264
2020,경운대학교,공학,2394.0,226.0,9.440267335004176
2020,경운대학교,예체능,400.0,59.0,14.75
2020,경운대학교,인문사회,902.0,123.0,13.636363636363635
2020,경운대학교,자연과학,1421.0,20.0,1.4074595355383532
2020,경인교육대학교,인문사회,1313.0,19.0,1.4470677837014472
2020,경인교육대학교 _제2캠퍼스,인문사회,1420.0,3.0,0.21126760563380279
2020,경일대학교,공학,4838.0,308.0,6.366267052501033
2020,경일대학교,예체능,1044.0,38.0,3.6398467432950192
2020,경일대학교,인문사회,1936.0,158.0,8.16115702479339
2020,경일대학교,자연과학,588.0,8.0,1.3605442176870748
2020,경희대학교,공학,8719.0,345.0,3.956875788507856
2020,경희대학교,예체능,2431.0,68.0,2.797202797202797
2020,경희대학교,의학,1491.0,15.0,1.0060362173038229
2020,경희대학교,인문사회,14772.0,408.0,2.761982128350934
2020,경희대학교,자연과학,3351.0,116.0,3.461653237839451
2020,계명대학교,공학,5985.0,316.0,5.279866332497911
2020,계명대학교,예체능,3449.0,138.0,4.001159756451146
2020,계명대학교,의학,297.0,1.0,0.33670033670033667
2020,계명대학교,인문사회,12656.0,590.0,4.661820480404551
2020,계명대학교,자연과학,2408.0,71.0,2.948504983388704
2020,고려대학교,공학,8094.0,385.0,4.7566098344452685
2020,고려대학교,예체능,356.0,6.0,1.6853932584269662
2020,고려대학교,의학,461.0,1.0,0.21691973969631237
2020,고려대학교,인문사회,14011.0,208.0,1.484547855256584
2020,고려대학교,자연과학,3267.0,113.0,3.458830731558004
2020,고려대학교(세종) _분교,공학,3087.0,159.0,5.150631681243926
2020,고려대학교(세종) _분교,예체능,9.0,1.0,11.11111111111111
2020,고려대학교(세종) _분교,인문사회,4464.0,196.0,4.390681003584229
2020,고려대학교(세종) _분교,자연과학,787.0,41.0,5.209656925031767
2020,고신대학교,공학,416.0,56.0,13.461538461538462
2020,고신대학교,예체능,338.0,35.0,10.355029585798817
2020,고신대학교,의학,313.0,0.0,0.0
2020,고신대학교,인문사회,2454.0,169.0,6.8867155664221675
2020,고신대학교,자연과학,982.0,35.0,3.5641547861507124
2020,공주교육대학교,인문사회,1490.0,38.0,2.5503355704697985
2020,광신대학교,예체능,139.0,17.0,12.23021582733813
2020,광신대학교,인문사회,394.0,37.0,9.390862944162437
2020,광운대학교,공학,5863.0,205.0,3.4965034965034967
2020,광운대학교,예체능,474.0,22.0,4.641350210970464
2020,광운대학교,인문사회,3930.0,185.0,4.707379134860051
2020,광운대학교,자연과학,529.0,18.0,3.402646502835539
2020,광주가톨릭대학교,인문사회,129.0,5.0,3.875968992248062
2020,광주과학기술원,공학,595.0,10.0,1.680672268907563
2020,광주과학기술원,인문사회,253.0,15.0,5.928853754940711
2020,광주과학기술원,자연과학,117.0,1.0,0.8547008547008548
2020,광주교육대학교,인문사회,1389.0,32.0,2.3038156947444204
2020,광주대학교,공학,2034.0,163.0,8.013765978367749
2020,광주대학교,예체능,785.0,84.0,10.70063694267516
2020,광주대학교,의학,1.0,1.0,100.0
2020,광주대학교,인문사회,4308.0,322.0,7.474466109563603
2020,광주대학교,자연과학,743.0,33.0,4.441453566621804
2020,광주여자대학교,공학,500.0,8.0,1.6
2020,광주여자대학교,예체능,733.0,41.0,5.5934515688949515
2020,광주여자대학교,의학,33.0,10.0,30.303030303030305
2020,광주여자대학교,인문사회,1472.0,96.0,6.521739130434782
2020,광주여자대학교,자연과학,827.0,21.0,2.539298669891173
2020,국립강릉원주대학교,공학,3089.0,168.0,5.438653285853027
2020,국립강릉원주대학교,예체능,789.0,46.0,5.830164765525982
2020,국립강릉원주대학교,의학,157.0,1.0,0.6369426751592357
2020,국립강릉원주대학교,인문사회,2856.0,201.0,7.03781512605042
2020,국립강릉원주대학교,자연과학,699.0,44.0,6.294706723891273
2020,국립강릉원주대학교 _제2캠퍼스,공학,1731.0,72.0,4.15944540727903
2020,국립강릉원주대학교 _제2캠퍼스,인문사회,772.0,28.0,3.6269430051813467
2020,국립강릉원주대학교 _제2캠퍼스,자연과학,368.0,4.0,1.0869565217391304
2020,국립경국대학교,공학,2992.0,165.0,5.514705882352941
2020,국립경국대학교,예체능,458.0,29.0,6.331877729257641
2020,국립경국대학교,의학,167.0,7.0,4.191616766467066
2020,국립경국대학교,인문사회,3015.0,175.0,5.804311774461028
2020,국립경국대학교,자연과학,1324.0,44.0,3.3232628398791544
2020,국립공주대학교,공학,6470.0,328.0,5.069551777434312
2020,국립공주대학교,예체능,958.0,36.0,3.7578288100208765
2020,국립공주대학교,인문사회,6126.0,240.0,3.9177277179236047
2020,국립공주대학교,자연과학,1244.0,56.0,4.501607717041801
2020,국립군산대학교,공학,5763.0,362.0,6.281450633350685
2020,국립군산대학교,예체능,530.0,23.0,4.339622641509433
2020,국립군산대학교,인문사회,2796.0,186.0,6.652360515021459
2020,국립군산대학교,자연과학,589.0,34.0,5.772495755517826
2020,국립금오공과대학교,공학,6877.0,263.0,3.8243420095972076
2020,국립금오공과대학교,예체능,106.0,8.0,7.547169811320755
2020,국립금오공과대학교,인문사회,425.0,11.0,2.588235294117647
2020,국립금오공과대학교,자연과학,188.0,6.0,3.1914893617021276
2020,국립목포대학교,공학,3937.0,221.0,5.613411226822454
2020,국립목포대학교,예체능,501.0,33.0,6.58682634730539
2020,국립목포대학교,인문사회,3428.0,219.0,6.388564760793465
2020,국립목포대학교,자연과학,1152.0,53.0,4.600694444444445
2020,국립목포해양대학교,공학,1829.0,127.0,6.943685073810825
2020,국립목포해양대학교,인문사회,321.0,6.0,1.8691588785046727
2020,국립부경대학교,공학,10687.0,422.0,3.9487227472630297
2020,국립부경대학교,예체능,475.0,18.0,3.7894736842105265
2020,국립부경대학교,인문사회,6823.0,284.0,4.162391909717133
2020,국립부경대학교,자연과학,1305.0,52.0,3.984674329501916
2020,국립순천대학교,공학,2993.0,203.0,6.782492482459071
2020,국립순천대학교,예체능,657.0,35.0,5.32724505327245
2020,국립순천대학교,의학,122.0,3.0,2.459016393442623
2020,국립순천대학교,인문사회,3023.0,180.0,5.954349983460139
2020,국립순천대학교,자연과학,1066.0,27.0,2.5328330206378986
2020,국립창원대학교,공학,4711.0,205.0,4.3515177244746335
2020,국립창원대학교,예체능,621.0,43.0,6.924315619967794
2020,국립창원대학교,인문사회,3708.0,175.0,4.719525350593312
2020,국립창원대학교,자연과학,807.0,42.0,5.204460966542751
2020,국립한국교통대학교,공학,6848.0,348.0,5.081775700934579
2020,국립한국교통대학교,예체능,257.0,12.0,4.669260700389105
2020,국립한국교통대학교,인문사회,2944.0,150.0,5.095108695652174
2020,국립한국교통대학교,자연과학,531.0,8.0,1.5065913370998116
2020,국립한국해양대학교,공학,3086.0,128.0,4.1477640959170445
2020,국립한국해양대학교,인문사회,2383.0,97.0,4.070499370541334
2020,국립한밭대학교,공학,6040.0,303.0,5.016556291390729
2020,국립한밭대학교,예체능,314.0,16.0,5.095541401273886
2020,국립한밭대학교,의학,19.0,2.0,10.526315789473683
2020,국립한밭대학교,인문사회,2706.0,150.0,5.543237250554324
2020,국민대학교,공학,7158.0,182.0,2.5426096675048897
2020,국민대학교,예체능,2226.0,57.0,2.560646900269542
2020,국민대학교,인문사회,9867.0,366.0,3.709334144116753
2020,국민대학교,자연과학,1586.0,68.0,4.287515762925599
2020,극동대학교,공학,1527.0,65.0,4.256712508185986
2020,극동대학교,예체능,1051.0,58.0,5.518553758325404
2020,극동대학교,인문사회,1147.0,67.0,5.841325196163906
2020,극동대학교,자연과학,628.0,22.0,3.5031847133757963
2020,금강대학교,인문사회,489.0,49.0,10.020449897750511
2020,김천대학교,공학,568.0,80.0,14.084507042253522
2020,김천대학교,예체능,75.0,16.0,21.333333333333336
2020,김천대학교,인문사회,809.0,124.0,15.327564894932014
2020,김천대학교,자연과학,1308.0,48.0,3.669724770642202
2020,나사렛대학교,공학,322.0,24.0,7.453416149068323
2020,나사렛대학교,예체능,247.0,23.0,9.31174089068826
2020,나사렛대학교,인문사회,3627.0,198.0,5.459057071960298
2020,나사렛대학교,자연과학,1432.0,51.0,3.56145251396648
2020,남부대학교,공학,373.0,43.0,11.528150134048257
2020,남부대학교,예체능,251.0,20.0,7.968127490039841
2020,남부대학교,의학,2.0,1.0,50.0
2020,남부대학교,인문사회,938.0,81.0,8.635394456289978
2020,남부대학교,자연과학,1256.0,34.0,2.7070063694267517
2020,남서울대학교,공학,3711.0,194.0,5.227701428186473
2020,남서울대학교,예체능,521.0,31.0,5.950095969289827
2020,남서울대학교,인문사회,5674.0,342.0,6.027493831512161
2020,남서울대학교,자연과학,800.0,17.0,2.125
2020,단국대학교,공학,6434.0,215.0,3.3416226297792977
2020,단국대학교,예체능,1207.0,38.0,3.1483015741507874
2020,단국대학교,인문사회,6606.0,211.0,3.19406600060551
2020,단국대학교,자연과학,262.0,11.0,4.198473282442748
2020,단국대학교 _제2캠퍼스,공학,2742.0,135.0,4.923413566739606
2020,단국대학교 _제2캠퍼스,예체능,1094.0,53.0,4.844606946983546
2020,단국대학교 _제2캠퍼스,의학,445.0,3.0,0.6741573033707865
2020,단국대학교 _제2캠퍼스,인문사회,4912.0,231.0,4.702768729641694
2020,단국대학교 _제2캠퍼스,자연과학,2322.0,81.0,3.488372093023256
2020,대구가톨릭대학교,공학,5186.0,327.0,6.305437716930197
2020,대구가톨릭대학교,예체능,946.0,61.0,6.4482029598308666
2020,대구가톨릭대학교,의학,174.0,0.0,0.0
2020,대구가톨릭대학교,인문사회,7226.0,417.0,5.770827567118738
2020,대구가톨릭대학교,자연과학,1603.0,34.0,2.1210230817217717
2020,대구경북과학기술원,자연과학,952.0,33.0,3.466386554621849
2020,대구교육대학교,인문사회,1658.0,40.0,2.4125452352231602
2020,대구대학교,공학,6836.0,404.0,5.90988882387361
2020,대구대학교,예체능,1373.0,86.0,6.263656227239621
2020,대구대학교,인문사회,12378.0,719.0,5.808692842139279
2020,대구대학교,자연과학,1791.0,76.0,4.243439419318816
2020,대구예술대학교,공학,179.0,23.0,12.849162011173185
2020,대구예술대학교,예체능,1267.0,145.0,11.444356748224152
2020,대구예술대학교,인문사회,2.0,1.0,50.0
2020,대구한의대학교,공학,1310.0,80.0,6.106870229007633
2020,대구한의대학교,예체능,589.0,44.0,7.470288624787775
2020,대구한의대학교,의학,713.0,15.0,2.1037868162692845
2020,대구한의대학교,인문사회,1843.0,133.0,7.216494845360824
2020,대구한의대학교,자연과학,2624.0,164.0,6.25
2020,대신대학교,예체능,206.0,43.0,20.87378640776699
2020,대신대학교,인문사회,449.0,76.0,16.926503340757236
2020,대전가톨릭대학교,인문사회,58.0,6.0,10.344827586206897
2020,대전대학교,공학,3699.0,221.0,5.974587726412544
2020,대전대학교,예체능,1217.0,65.0,5.341002465078061
2020,대전대학교,의학,308.0,1.0,0.3246753246753247
2020,대전대학교,인문사회,5347.0,398.0,7.443426220310455
2020,대전대학교,자연과학,1432.0,53.0,3.7011173184357546
2020,대전신학대학교,인문사회,102.0,8.0,7.8431372549019605
2020,대진대학교,공학,3321.0,172.0,5.1791629027401385
2020,대진대학교,예체능,400.0,22.0,5.5
2020,대진대학교,인문사회,4193.0,227.0,5.413784879561173
2020,대진대학교,자연과학,656.0,27.0,4.115853658536586
2020,덕성여자대학교,공학,421.0,29.0,6.88836104513064
2020,덕성여자대학교,예체능,461.0,5.0,1.0845986984815619
2020,덕성여자대학교,인문사회,3195.0,72.0,2.2535211267605635
2020,덕성여자대학교,자연과학,1667.0,44.0,2.6394721055788843
2020,동국대학교,공학,5673.0,187.0,3.2963158822492513
2020,동국대학교,예체능,875.0,17.0,1.9428571428571426
2020,동국대학교,인문사회,9891.0,240.0,2.426448286320898
2020,동국대학교,자연과학,1219.0,40.0,3.281378178835111
2020,동국대학교(WISE) _분교,공학,2097.0,123.0,5.865522174535051
2020,동국대학교(WISE) _분교,예체능,438.0,24.0,5.47945205479452
2020,동국대학교(WISE) _분교,의학,352.0,3.0,0.8522727272727272
2020,동국대학교(WISE) _분교,인문사회,5601.0,353.0,6.302445991787181
2020,동국대학교(WISE) _분교,자연과학,984.0,32.0,3.2520325203252036
2020,동덕여자대학교,공학,665.0,17.0,2.556390977443609
2020,동덕여자대학교,예체능,1567.0,46.0,2.935545628589662
2020,동덕여자대학교,인문사회,3663.0,151.0,4.122304122304123
2020,동덕여자대학교,자연과학,848.0,15.0,1.7688679245283019
2020,동명대학교,공학,4208.0,246.0,5.846007604562738
2020,동명대학교,예체능,980.0,77.0,7.857142857142857
2020,동명대학교,인문사회,4638.0,287.0,6.188012074169901
2020,동명대학교,자연과학,634.0,38.0,5.993690851735016
2020,동서대학교,공학,2803.0,179.0,6.386014983945773
2020,동서대학교,예체능,1871.0,94.0,5.024051309460182
2020,동서대학교,인문사회,5694.0,365.0,6.41025641025641
2020,동서대학교,자연과학,791.0,13.0,1.643489254108723
2020,동신대학교,공학,2348.0,151.0,6.431005110732538
2020,동신대학교,예체능,554.0,50.0,9.025270758122744
2020,동신대학교,의학,196.0,1.0,0.5102040816326531
2020,동신대학교,인문사회,2730.0,184.0,6.73992673992674
2020,동신대학교,자연과학,1198.0,36.0,3.005008347245409
2020,동아대학교,공학,8801.0,351.0,3.9881831610044314
2020,동아대학교,예체능,1973.0,96.0,4.86568677141409
2020,동아대학교,의학,199.0,0.0,0.0
2020,동아대학교,인문사회,10204.0,380.0,3.724029792238338
2020,동아대학교,자연과학,1312.0,61.0,4.649390243902439
2020,동양대학교,공학,2009.0,168.0,8.362369337979095
2020,동양대학교,예체능,1282.0,99.0,7.722308892355695
2020,동양대학교,인문사회,1950.0,174.0,8.923076923076923
2020,동양대학교,자연과학,330.0,8.0,2.4242424242424243
2020,동의대학교,공학,7526.0,412.0,5.474355567366463
2020,동의대학교,예체능,1951.0,111.0,5.689390056381343
2020,동의대학교,의학,199.0,1.0,0.5025125628140703
2020,동의대학교,인문사회,8311.0,441.0,5.30622067139935
2020,동의대학교,자연과학,1654.0,42.0,2.539298669891173
2020,디지털서울문화예술대학교,공학,783.0,143.0,18.26309067688378
2020,디지털서울문화예술대학교,예체능,1928.0,364.0,18.87966804979253
2020,디지털서울문화예술대학교,인문사회,1057.0,203.0,19.205298013245034
2020,명지대학교,공학,5807.0,241.0,4.15016359566041
2020,명지대학교,예체능,1431.0,64.0,4.472396925227113
2020,명지대학교,인문사회,513.0,14.0,2.729044834307992
2020,명지대학교,자연과학,452.0,20.0,4.424778761061947
2020,명지대학교 _제2캠퍼스,공학,341.0,7.0,2.0527859237536656
2020,명지대학교 _제2캠퍼스,예체능,234.0,8.0,3.418803418803419
2020,명지대학교 _제2캠퍼스,인문사회,8176.0,306.0,3.7426614481409
2020,목원대학교,공학,3011.0,171.0,5.679176353370973
2020,목원대학교,예체능,1267.0,71.0,5.6037884767166535
2020,목원대학교,인문사회,4792.0,298.0,6.218697829716194
2020,목원대학교,자연과학,80.0,7.0,8.75
2020,목포가톨릭대학교,인문사회,151.0,8.0,5.298013245033113
2020,목포가톨릭대학교,자연과학,416.0,7.0,1.6826923076923077
2020,배재대학교,공학,3397.0,193.0,5.681483662054754
2020,배재대학교,예체능,698.0,47.0,6.73352435530086
2020,배재대학교,인문사회,4547.0,296.0,6.50978667253134
2020,배재대학교,자연과학,1276.0,61.0,4.7805642633228835
2020,백석대학교,공학,1983.0,95.0,4.790721129601614
2020,백석대학교,예체능,1590.0,59.0,3.710691823899371
2020,백석대학교,인문사회,6406.0,260.0,4.058694973462379
2020,백석대학교,자연과학,1008.0,19.0,1.8849206349206349
2020,부산가톨릭대학교,공학,524.0,41.0,7.8244274809160315
2020,부산가톨릭대학교,인문사회,1933.0,119.0,6.156233833419556
2020,부산가톨릭대학교,자연과학,1514.0,40.0,2.642007926023778
2020,부산교육대학교,인문사회,1568.0,23.0,1.4668367346938775
2020,부산대학교,공학,10713.0,412.0,3.8457948287127786
2020,부산대학교,예체능,1742.0,43.0,2.4684270952927667
2020,부산대학교,의학,491.0,0.0,0.0
2020,부산대학교,인문사회,9365.0,246.0,2.626801922050187
2020,부산대학교,자연과학,2940.0,94.0,3.197278911564626
2020,부산디지털대학교,인문사회,1137.0,162.0,14.24802110817942
2020,부산외국어대학교,공학,1790.0,113.0,6.312849162011173
2020,부산외국어대학교,예체능,250.0,27.0,10.8
2020,부산외국어대학교,인문사회,6985.0,435.0,6.227630637079455
2020,부산장신대학교,인문사회,277.0,22.0,7.9422382671480145
2020,삼육대학교,공학,2099.0,72.0,3.430204859456884
2020,삼육대학교,예체능,1054.0,43.0,4.0796963946869065
2020,삼육대학교,인문사회,2718.0,103.0,3.7895511405445177
2020,삼육대학교,자연과학,1254.0,28.0,2.2328548644338118
2020,상명대학교,공학,2323.0,83.0,3.572965992251399
2020,상명대학교,예체능,1267.0,32.0,2.525651144435675
2020,상명대학교,인문사회,4812.0,201.0,4.177057356608479
2020,상명대학교,자연과학,478.0,24.0,5.02092050209205
2020,상명대학교 _제2캠퍼스,공학,2301.0,98.0,4.259017818339853
2020,상명대학교 _제2캠퍼스,예체능,2704.0,98.0,3.6242603550295858
2020,상명대학교 _제2캠퍼스,인문사회,1997.0,99.0,4.957436154231347
2020,상명대학교 _제2캠퍼스,자연과학,296.0,3.0,1.0135135135135136
2020,상지대학교,공학,1989.0,150.0,7.541478129713424
2020,상지대학교,예체능,1074.0,56.0,5.21415270018622
2020,상지대학교,의학,222.0,1.0,0.45045045045045046
2020,상지대학교,인문사회,3817.0,264.0,6.9164265129683
2020,상지대학교,자연과학,1206.0,50.0,4.1459369817578775
2020,서강대학교,공학,3161.0,148.0,4.682062638405568
2020,서강대학교,예체능,192.0,1.0,0.5208333333333333
2020,서강대학교,인문사회,7062.0,181.0,2.563013310676862
2020,서강대학교,자연과학,700.0,17.0,2.4285714285714284
2020,서경대학교,공학,2732.0,138.0,5.051244509516837
2020,서경대학교,예체능,1541.0,73.0,4.737183646982479
2020,서경대학교,인문사회,3146.0,158.0,5.022250476795931
2020,서울과학기술대학교,공학,9107.0,275.0,3.0196552102778083
2020,서울과학기술대학교,예체능,905.0,13.0,1.4364640883977902
2020,서울과학기술대학교,인문사회,1467.0,53.0,3.6128152692569873
2020,서울교육대학교,인문사회,1606.0,28.0,1.7434620174346203
2020,서울기독대학교,예체능,174.0,21.0,12.068965517241379
2020,서울기독대학교,인문사회,411.0,43.0,10.46228710462287
2020,서울기독대학교,자연과학,21.0,2.0,9.523809523809524
2020,서울대학교,공학,6091.0,138.0,2.2656378263011
2020,서울대학교,예체능,1051.0,7.0,0.6660323501427212
2020,서울대학교,의학,826.0,3.0,0.36319612590799033
2020,서울대학교,인문사회,8331.0,66.0,0.7922218221101909
2020,서울대학교,자연과학,2045.0,49.0,2.3960880195599024
2020,서울디지털대학교,공학,1222.0,210.0,17.18494271685761
2020,서울디지털대학교,예체능,473.0,106.0,22.41014799154334
2020,서울디지털대학교,인문사회,8716.0,1389.0,15.936209270307481
2020,서울시립대학교,공학,5683.0,175.0,3.079359493225409
2020,서울시립대학교,예체능,169.0,5.0,2.9585798816568047
2020,서울시립대학교,인문사회,5192.0,120.0,2.311248073959938
2020,서울시립대학교,자연과학,696.0,27.0,3.8793103448275863
2020,서울신학대학교,예체능,491.0,29.0,5.906313645621181
2020,서울신학대학교,인문사회,2021.0,96.0,4.75012370113805
2020,서울여자대학교,공학,1880.0,73.0,3.882978723404255
2020,서울여자대학교,예체능,932.0,30.0,3.2188841201716736
2020,서울여자대학교,인문사회,3920.0,211.0,5.38265306122449
2020,서울여자대학교,자연과학,387.0,14.0,3.6175710594315245
2020,서울장신대학교,예체능,115.0,13.0,11.304347826086957
2020,서울장신대학교,인문사회,484.0,23.0,4.75206611570248
2020,서울한영대학교,예체능,82.0,10.0,12.195121951219512
2020,서울한영대학교,인문사회,705.0,57.0,8.085106382978724
2020,서울한영대학교,자연과학,101.0,5.0,4.9504950495049505
2020,서원대학교,공학,1421.0,74.0,5.207600281491907
2020,서원대학교,예체능,503.0,42.0,8.34990059642147
2020,서원대학교,인문사회,4288.0,208.0,4.850746268656716
2020,서원대학교,자연과학,692.0,22.0,3.1791907514450863
2020,선문대학교,공학,4743.0,287.0,6.051022559561459
2020,선문대학교,예체능,382.0,19.0,4.973821989528796
2020,선문대학교,인문사회,5400.0,332.0,6.148148148148149
2020,선문대학교,자연과학,731.0,18.0,2.462380300957592
2020,성결대학교,공학,1837.0,76.0,4.137180185084377
2020,성결대학교,예체능,554.0,35.0,6.31768953068592
2020,성결대학교,인문사회,3519.0,156.0,4.433077578857629
2020,성공회대학교,공학,371.0,22.0,5.929919137466308
2020,성공회대학교,인문사회,997.0,59.0,5.917753259779338
2020,성균관대학교,공학,7439.0,224.0,3.0111574136308645
2020,성균관대학교,예체능,1254.0,34.0,2.711323763955343
2020,성균관대학교,의학,169.0,0.0,0.0
2020,성균관대학교,인문사회,10668.0,251.0,2.352830896137983
2020,성균관대학교,자연과학,1920.0,66.0,3.4375000000000004
2020,성신여자대학교,공학,1699.0,46.0,2.707474985285462
2020,성신여자대학교,예체능,1484.0,29.0,1.954177897574124
2020,성신여자대학교,인문사회,4411.0,172.0,3.899342552709136
2020,성신여자대학교,자연과학,1651.0,46.0,2.786190187764991
2020,세명대학교,공학,3135.0,182.0,5.8054226475279105
2020,세명대학교,예체능,1125.0,71.0,6.311111111111112
2020,세명대학교,의학,180.0,0.0,0.0
2020,세명대학교,인문사회,3925.0,273.0,6.955414012738853
2020,세명대학교,자연과학,2014.0,68.0,3.3763654419066533
2020,세종대학교,공학,7129.0,349.0,4.895497264693505
2020,세종대학교,예체능,1431.0,71.0,4.96156533892383
2020,세종대학교,인문사회,5077.0,238.0,4.687807760488477
2020,세종대학교,자연과학,612.0,34.0,5.555555555555555
2020,세한대학교,공학,1032.0,108.0,10.465116279069768
2020,세한대학교,예체능,918.0,114.0,12.418300653594772
2020,세한대학교,인문사회,1752.0,198.0,11.301369863013697
2020,세한대학교,자연과학,744.0,25.0,3.3602150537634405
2020,송원대학교,공학,1121.0,143.0,12.756467439785906
2020,송원대학교,예체능,439.0,24.0,5.466970387243736
2020,송원대학교,인문사회,1375.0,81.0,5.890909090909091
2020,송원대학교,자연과학,667.0,14.0,2.0989505247376314
2020,수원가톨릭대학교,인문사회,174.0,6.0,3.4482758620689653
2020,수원대학교,공학,4406.0,251.0,5.696777122106219
2020,수원대학교,예체능,1823.0,127.0,6.966538672517827
2020,수원대학교,인문사회,3629.0,215.0,5.924497106640948
2020,수원대학교,자연과학,977.0,33.0,3.3776867963152504
2020,숙명여자대학교,공학,2128.0,88.0,4.135338345864661
2020,숙명여자대학교,예체능,779.0,14.0,1.797175866495507
2020,숙명여자대학교,인문사회,6305.0,110.0,1.7446471054718478
2020,숙명여자대학교,자연과학,1356.0,61.0,4.498525073746313
2020,순복음총회신학교,예체능,34.0,2.0,5.88235294117647
2020,순복음총회신학교,인문사회,124.0,17.0,13.709677419354838
2020,순천향대학교,공학,5262.0,222.0,4.218928164196123
2020,순천향대학교,예체능,617.0,46.0,7.455429497568882
2020,순천향대학교,의학,838.0,26.0,3.1026252983293556
2020,순천향대학교,인문사회,5148.0,214.0,4.156954156954157
2020,순천향대학교,자연과학,961.0,20.0,2.081165452653486
2020,숭실대학교,공학,7707.0,218.0,2.8285973790060983
2020,숭실대학교,예체능,240.0,1.0,0.4166666666666667
2020,숭실대학교,인문사회,8200.0,264.0,3.2195121951219514
2020,숭실대학교,자연과학,471.0,22.0,4.670912951167728
2020,신경주대학교,공학,160.0,32.0,20.0
2020,신경주대학교,예체능,297.0,74.0,24.915824915824917
2020,신경주대학교,인문사회,478.0,94.0,19.665271966527197
2020,신경주대학교,자연과학,222.0,18.0,8.108108108108109
2020,신라대학교,공학,3114.0,220.0,7.064868336544637
2020,신라대학교,예체능,1169.0,116.0,9.92301112061591
2020,신라대학교,인문사회,5665.0,349.0,6.160635481023831
2020,신라대학교,자연과학,880.0,25.0,2.840909090909091
2020,신한대학교,공학,947.0,37.0,3.907074973600845
2020,신한대학교,인문사회,381.0,21.0,5.511811023622047
2020,신한대학교,자연과학,540.0,4.0,0.7407407407407408
2020,신한대학교 _제2캠퍼스,공학,810.0,35.0,4.320987654320987
2020,신한대학교 _제2캠퍼스,예체능,906.0,64.0,7.06401766004415
2020,신한대학교 _제2캠퍼스,인문사회,2969.0,121.0,4.075446278208151
2020,신한대학교 _제2캠퍼스,자연과학,740.0,28.0,3.783783783783784
2020,아신대학교,인문사회,838.0,99.0,11.813842482100238
2020,아주대학교,공학,6602.0,218.0,3.3020296879733415
2020,아주대학교,예체능,653.0,17.0,2.6033690658499236
2020,아주대학교,의학,269.0,3.0,1.1152416356877324
2020,아주대학교,인문사회,3971.0,137.0,3.4500125912868294
2020,아주대학교,자연과학,1064.0,35.0,3.289473684210526
2020,안양대학교,공학,1586.0,56.0,3.5308953341740232
2020,안양대학교,예체능,771.0,64.0,8.300907911802852
2020,안양대학교,인문사회,2441.0,111.0,4.547316673494469
2020,안양대학교,자연과학,433.0,17.0,3.9260969976905313
2020,안양대학교 _제2캠퍼스,공학,289.0,25.0,8.650519031141869
2020,안양대학교 _제2캠퍼스,인문사회,198.0,15.0,7.575757575757576
2020,연세대학교,공학,6351.0,157.0,2.4720516454101715
2020,연세대학교,예체능,512.0,4.0,0.78125
2020,연세대학교,의학,762.0,0.0,0.0
2020,연세대학교,인문사회,11225.0,99.0,0.8819599109131403
2020,연세대학교,자연과학,2623.0,35.0,1.3343499809378574
2020,연세대학교(미래) _분교,공학,2277.0,99.0,4.3478260869565215
2020,연세대학교(미래) _분교,예체능,532.0,9.0,1.6917293233082706
2020,연세대학교(미래) _분교,의학,426.0,1.0,0.2347417840375587
2020,연세대학교(미래) _분교,인문사회,3676.0,99.0,2.693144722524483
2020,연세대학교(미래) _분교,자연과학,1769.0,59.0,3.335217637083098
2020,영남대학교,공학,10225.0,413.0,4.039119804400978
2020,영남대학교,예체능,2060.0,93.0,4.514563106796117
2020,영남대학교,의학,313.0,1.0,0.3194888178913738
2020,영남대학교,인문사회,10491.0,421.0,4.012963492517396
2020,영남대학교,자연과학,2455.0,87.0,3.5437881873727086
2020,영남신학대학교,인문사회,575.0,56.0,9.73913043478261
2020,영산대학교,공학,1173.0,165.0,14.066496163682865
2020,영산대학교,인문사회,1027.0,123.0,11.976630963972736
2020,영산대학교,자연과학,686.0,16.0,2.3323615160349855
2020,영산대학교 _제2캠퍼스,공학,196.0,24.0,12.244897959183673
2020,영산대학교 _제2캠퍼스,예체능,1235.0,113.0,9.149797570850202
2020,영산대학교 _제2캠퍼스,인문사회,2437.0,220.0,9.027492819039804
2020,예수대학교,인문사회,78.0,5.0,6.41025641025641
2020,예수대학교,자연과학,537.0,7.0,1.303538175046555
2020,예원예술대학교,예체능,1253.0,131.0,10.45490822027135
2020,예원예술대학교,인문사회,15.0,3.0,20.0
2020,예원예술대학교 _제2캠퍼스,공학,184.0,21.0,11.41304347826087
2020,예원예술대학교 _제2캠퍼스,예체능,335.0,41.0,12.238805970149254
2020,용인대학교,공학,846.0,60.0,7.092198581560284
2020,용인대학교,예체능,1615.0,161.0,9.969040247678018
2020,용인대학교,인문사회,2267.0,177.0,7.807675341861491
2020,용인대학교,자연과학,515.0,23.0,4.466019417475728
2020,우석대학교,공학,2757.0,199.0,7.217990569459558
2020,우석대학교,예체능,696.0,72.0,10.344827586206897
2020,우석대학교,의학,146.0,1.0,0.684931506849315
2020,우석대학교,인문사회,3483.0,249.0,7.14900947459087
2020,우석대학교,자연과학,1290.0,38.0,2.945736434108527
2020,우송대학교,공학,2894.0,111.0,3.835521769177609
2020,우송대학교,예체능,933.0,46.0,4.930332261521972
2020,우송대학교,인문사회,4507.0,240.0,5.325049922343021
2020,우송대학교,자연과학,979.0,32.0,3.268641470888662
2020,울산과학기술원,공학,1802.0,35.0,1.9422863485016646
2020,울산과학기술원,예체능,110.0,2.0,1.8181818181818181
2020,울산과학기술원,인문사회,313.0,5.0,1.5974440894568689
2020,울산과학기술원,자연과학,607.0,31.0,5.107084019769357
2020,울산대학교,공학,7042.0,301.0,4.274353876739562
2020,울산대학교,예체능,718.0,37.0,5.153203342618385
2020,울산대학교,의학,163.0,0.0,0.0
2020,울산대학교,인문사회,6564.0,304.0,4.631322364411944
2020,울산대학교,자연과학,1735.0,75.0,4.322766570605188
2020,원광대학교,공학,7199.0,424.0,5.88970690373663
2020,원광대학교,예체능,1045.0,72.0,6.889952153110047
2020,원광대학교,의학,1172.0,6.0,0.5119453924914675
2020,원광대학교,인문사회,7680.0,531.0,6.9140625
2020,원광대학교,자연과학,3184.0,158.0,4.9623115577889445
2020,원광디지털대학교,예체능,1685.0,174.0,10.326409495548962
2020,원광디지털대학교,인문사회,3514.0,478.0,13.602731929425158
2020,원광디지털대학교,자연과학,1221.0,165.0,13.513513513513514
2020,위덕대학교,공학,838.0,170.0,20.286396181384248
2020,위덕대학교,예체능,15.0,8.0,53.333333333333336
2020,위덕대학교,인문사회,1508.0,180.0,11.936339522546419
2020,위덕대학교,자연과학,736.0,56.0,7.608695652173914
2020,유원대학교,공학,1298.0,120.0,9.244992295839753
2020,유원대학교,예체능,572.0,75.0,13.111888111888112
2020,유원대학교,인문사회,1817.0,172.0,9.466152999449642
2020,유원대학교,자연과학,455.0,21.0,4.615384615384616
2020,을지대학교,의학,193.0,0.0,0.0
2020,을지대학교,자연과학,620.0,17.0,2.741935483870968
2020,을지대학교 _제2캠퍼스,공학,986.0,40.0,4.056795131845842
2020,을지대학교 _제2캠퍼스,예체능,231.0,11.0,4.761904761904762
2020,을지대학교 _제2캠퍼스,인문사회,617.0,21.0,3.403565640194489
2020,을지대학교 _제2캠퍼스,자연과학,1537.0,31.0,2.0169160702667535
2020,이화여자대학교,공학,2931.0,108.0,3.68474923234391
2020,이화여자대학교,예체능,1542.0,24.0,1.556420233463035
2020,이화여자대학교,의학,307.0,0.0,0.0
2020,이화여자대학교,인문사회,9248.0,195.0,2.1085640138408306
2020,이화여자대학교,자연과학,2916.0,52.0,1.7832647462277091
2020,인제대학교,공학,3250.0,189.0,5.815384615384615
2020,인제대학교,예체능,449.0,30.0,6.6815144766147
2020,인제대학교,의학,413.0,1.0,0.24213075060532688
2020,인제대학교,인문사회,3807.0,243.0,6.382978723404255
2020,인제대학교,자연과학,2033.0,56.0,2.754549926217413
2020,인천가톨릭대학교,인문사회,90.0,4.0,4.444444444444445
2020,인천가톨릭대학교 _제2캠퍼스,공학,157.0,1.0,0.6369426751592357
2020,인천가톨릭대학교 _제2캠퍼스,예체능,210.0,16.0,7.6190476190476195
2020,인천가톨릭대학교 _제2캠퍼스,인문사회,100.0,4.0,4.0
2020,인천가톨릭대학교 _제2캠퍼스,자연과학,191.0,4.0,2.094240837696335
2020,인천대학교,공학,6319.0,266.0,4.209526823864536
2020,인천대학교,예체능,1439.0,72.0,5.003474635163308
2020,인천대학교,인문사회,6387.0,243.0,3.80460310004697
2020,인천대학교,자연과학,645.0,32.0,4.961240310077519
2020,인하대학교,공학,11173.0,331.0,2.9624988812315403
2020,인하대학교,예체능,550.0,7.0,1.2727272727272727
2020,인하대학교,의학,201.0,1.0,0.4975124378109453
2020,인하대학교,인문사회,9281.0,257.0,2.7690981575261286
2020,인하대학교,자연과학,1876.0,56.0,2.9850746268656714
2020,장로회신학대학교,예체능,265.0,13.0,4.905660377358491
2020,장로회신학대학교,인문사회,628.0,13.0,2.0700636942675157
2020,전남대학교,공학,6848.0,302.0,4.410046728971963
2020,전남대학교,예체능,945.0,45.0,4.761904761904762
2020,전남대학교,의학,733.0,3.0,0.4092769440654843
2020,전남대학교,인문사회,8606.0,287.0,3.334882640018592
2020,전남대학교,자연과학,3242.0,98.0,3.0228254164096238
2020,전남대학교 _제2캠퍼스,공학,2720.0,162.0,5.955882352941176
2020,전남대학교 _제2캠퍼스,인문사회,752.0,48.0,6.382978723404255
2020,전북대학교,공학,10604.0,423.0,3.989060731799321
2020,전북대학교,예체능,566.0,19.0,3.356890459363958
2020,전북대학교,의학,911.0,1.0,0.10976948408342481
2020,전북대학교,인문사회,8571.0,321.0,3.7451872593629685
2020,전북대학교,자연과학,2419.0,103.0,4.257957833815626
2020,전주교육대학교,인문사회,1214.0,12.0,0.9884678747940692
2020,전주대학교,공학,3803.0,196.0,5.153825926899816
2020,전주대학교,예체능,1032.0,48.0,4.651162790697675
2020,전주대학교,의학,5.0,2.0,40.0
2020,전주대학교,인문사회,7719.0,429.0,5.557714729887291
2020,전주대학교,자연과학,1028.0,36.0,3.501945525291829
2020,정석대학,공학,20.0,0.0,0.0
2020,정석대학,인문사회,40.0,0.0,0.0
2020,제주국제대학교,공학,601.0,83.0,13.810316139767053
2020,제주국제대학교,예체능,51.0,16.0,31.372549019607842
2020,제주국제대학교,인문사회,477.0,74.0,15.513626834381553
2020,제주국제대학교,자연과학,60.0,4.0,6.666666666666667
2020,제주대학교,공학,4051.0,250.0,6.171315724512466
2020,제주대학교,예체능,684.0,40.0,5.847953216374268
2020,제주대학교,의학,210.0,2.0,0.9523809523809524
2020,제주대학교,인문사회,6735.0,316.0,4.691907943578323
2020,제주대학교,자연과학,1642.0,74.0,4.506699147381242
2020,조선대학교,공학,9881.0,478.0,4.837567047869649
2020,조선대학교,예체능,1656.0,76.0,4.5893719806763285
2020,조선대학교,의학,796.0,2.0,0.25125628140703515
2020,조선대학교,인문사회,10841.0,539.0,4.971866064016234
2020,조선대학교,자연과학,1921.0,64.0,3.331598125976054
2020,중부대학교,공학,3544.0,207.0,5.840857787810384
2020,중부대학교,예체능,1770.0,108.0,6.101694915254238
2020,중부대학교,인문사회,4000.0,268.0,6.7
2020,중부대학교,자연과학,1621.0,58.0,3.5780382479950648
2020,중앙대학교,공학,5991.0,221.0,3.6888666332832583
2020,중앙대학교,예체능,654.0,11.0,1.6819571865443423
2020,중앙대학교,의학,557.0,2.0,0.3590664272890485
2020,중앙대학교,인문사회,13915.0,370.0,2.65900107797341
2020,중앙대학교,자연과학,2843.0,70.0,2.4621878297572986
2020,중앙대학교 _제2캠퍼스,공학,1283.0,65.0,5.066250974279034
2020,중앙대학교 _제2캠퍼스,예체능,3895.0,104.0,2.670089858793325
2020,중앙대학교 _제2캠퍼스,인문사회,162.0,27.0,16.666666666666664
2020,중앙대학교 _제2캠퍼스,자연과학,5.0,1.0,20.0
2020,중앙승가대학교,예체능,26.0,0.0,0.0
2020,중앙승가대학교,인문사회,90.0,5.0,5.555555555555555
2020,중원대학교,공학,2304.0,234.0,10.15625
2020,중원대학교,예체능,589.0,88.0,14.94057724957555
2020,중원대학교,인문사회,1169.0,191.0,16.33875106928999
2020,중원대학교,자연과학,687.0,20.0,2.911208151382824
2020,진주교육대학교,인문사회,1371.0,24.0,1.75054704595186
2020,차의과학대학교,공학,454.0,24.0,5.286343612334802
2020,차의과학대학교,예체능,125.0,4.0,3.2
2020,차의과학대학교,의학,310.0,11.0,3.5483870967741935
2020,차의과학대학교,인문사회,881.0,31.0,3.5187287173666286
2020,차의과학대학교,자연과학,991.0,24.0,2.4217961654894045
2020,창신대학교,공학,550.0,56.0,10.181818181818182
2020,창신대학교,예체능,315.0,25.0,7.936507936507936
2020,창신대학교,인문사회,847.0,42.0,4.958677685950414
2020,창신대학교,자연과학,609.0,7.0,1.1494252873563218
2020,청운대학교,공학,1347.0,76.0,5.642167780252413
2020,청운대학교,예체능,941.0,89.0,9.458023379383635
2020,청운대학교,인문사회,3434.0,276.0,8.03727431566686
2020,청운대학교,자연과학,526.0,26.0,4.942965779467681
2020,청주교육대학교,인문사회,1234.0,28.0,2.2690437601296596
2020,청주대학교,공학,5015.0,228.0,4.546360917248255
2020,청주대학교,예체능,1206.0,37.0,3.067993366500829
2020,청주대학교,의학,118.0,6.0,5.084745762711865
2020,청주대학교,인문사회,6562.0,324.0,4.9375190490704055
2020,청주대학교,자연과학,1450.0,28.0,1.9310344827586208
2020,초당대학교,공학,1256.0,117.0,9.315286624203821
2020,초당대학교,예체능,276.0,51.0,18.478260869565215
2020,초당대학교,인문사회,823.0,111.0,13.487241798298907
2020,초당대학교,자연과학,802.0,41.0,5.112219451371571
2020,총신대학교,예체능,328.0,17.0,5.182926829268292
2020,총신대학교,인문사회,1625.0,72.0,4.43076923076923
2020,총신대학교,자연과학,69.0,4.0,5.797101449275362
2020,추계예술대학교,예체능,646.0,35.0,5.41795665634675
2020,추계예술대학교,인문사회,133.0,9.0,6.7669172932330826
2020,춘천교육대학교,인문사회,1365.0,25.0,1.8315018315018317
2020,충남대학교,공학,7679.0,286.0,3.7244432868863133
2020,충남대학교,예체능,551.0,14.0,2.540834845735027
2020,충남대학교,의학,844.0,8.0,0.9478672985781991
2020,충남대학교,인문사회,8643.0,270.0,3.123915307185005
2020,충남대학교,자연과학,3560.0,129.0,3.6235955056179776
2020,충북대학교,공학,8151.0,295.0,3.6191878297141455
2020,충북대학교,예체능,63.0,2.0,3.1746031746031744
2020,충북대학교,의학,460.0,6.0,1.3043478260869565
2020,충북대학교,인문사회,6615.0,236.0,3.567649281934996
2020,충북대학교,자연과학,2352.0,88.0,3.741496598639456
2020,칼빈대학교,예체능,64.0,3.0,4.6875
2020,칼빈대학교,인문사회,339.0,55.0,16.224188790560472
2020,칼빈대학교,자연과학,20.0,0.0,0.0
2020,평택대학교,공학,1291.0,62.0,4.802478698683191
2020,평택대학교,예체능,880.0,73.0,8.295454545454547
2020,평택대학교,인문사회,2115.0,198.0,9.361702127659575
2020,평택대학교,자연과학,297.0,15.0,5.05050505050505
2020,포항공과대학교,공학,788.0,8.0,1.015228426395939
2020,포항공과대학교,인문사회,87.0,1.0,1.1494252873563218
2020,포항공과대학교,자연과학,107.0,1.0,0.9345794392523363
2020,한경국립대학교,공학,4167.0,245.0,5.87952963762899
2020,한경국립대학교,예체능,335.0,17.0,5.074626865671641
2020,한경국립대학교,인문사회,1292.0,96.0,7.430340557275541
2020,한경국립대학교,자연과학,411.0,18.0,4.37956204379562
2020,한국공학대학교,공학,6284.0,290.0,4.614894971355824
2020,한국공학대학교,예체능,2276.0,122.0,5.360281195079086
2020,한국공학대학교,인문사회,920.0,51.0,5.543478260869565
2020,한국과학기술원,공학,3143.0,66.0,2.099904549793191
2020,한국과학기술원,인문사회,65.0,3.0,4.615384615384616
2020,한국과학기술원,자연과학,237.0,3.0,1.2658227848101267
2020,한국교원대학교,인문사회,2692.0,57.0,2.1173848439821694
2020,한국국제대학교,공학,671.0,210.0,31.296572280178836
2020,한국국제대학교,예체능,267.0,72.0,26.96629213483146
2020,한국국제대학교,인문사회,814.0,101.0,12.407862407862408
2020,한국국제대학교,자연과학,454.0,29.0,6.387665198237885
2020,한국기술교육대학교,공학,5231.0,170.0,3.2498566239724718
2020,한국기술교육대학교,예체능,8.0,1.0,12.5
2020,한국기술교육대학교,인문사회,939.0,50.0,5.324813631522897
2020,한국방송통신대학교,공학,15293.0,3727.0,24.370627084286927
2020,한국방송통신대학교,예체능,3821.0,1057.0,27.662915467155198
2020,한국방송통신대학교,인문사회,102222.0,23807.0,23.289507151102505
2020,한국방송통신대학교,자연과학,11304.0,2156.0,19.072894550601557
2020,한국성서대학교,공학,203.0,11.0,5.41871921182266
2020,한국성서대학교,인문사회,435.0,12.0,2.7586206896551726
2020,한국성서대학교,자연과학,229.0,4.0,1.7467248908296942
2020,한국예술종합학교,공학,115.0,3.0,2.608695652173913
2020,한국예술종합학교,예체능,2094.0,40.0,1.9102196752626552
2020,한국예술종합학교,인문사회,125.0,0.0,0.0
2020,한국외국어대학교,공학,2194.0,123.0,5.60619872379216
2020,한국외국어대학교,인문사회,14059.0,502.0,3.570666476989828
2020,한국외국어대학교,자연과학,854.0,49.0,5.737704918032787
2020,한국전통문화대학교,공학,213.0,4.0,1.8779342723004695
2020,한국전통문화대학교,예체능,191.0,3.0,1.5706806282722512
2020,한국전통문화대학교,인문사회,288.0,9.0,3.125
2020,한국체육대학교,공학,100.0,2.0,2.0
2020,한국체육대학교,예체능,2025.0,47.0,2.3209876543209877
2020,한국체육대학교,인문사회,198.0,1.0,0.5050505050505051
2020,한국침례신학대학교,예체능,174.0,25.0,14.367816091954023
2020,한국침례신학대학교,인문사회,1319.0,74.0,5.610310841546626
2020,한국항공대학교,공학,5052.0,173.0,3.424386381631037
2020,한국항공대학교,인문사회,668.0,32.0,4.790419161676647
2020,한남대학교,공학,3946.0,207.0,5.245818550430816
2020,한남대학교,예체능,828.0,40.0,4.830917874396135
2020,한남대학교,인문사회,8111.0,383.0,4.721982492910862
2020,한남대학교,자연과학,1099.0,44.0,4.003639672429482
2020,한동대학교,공학,1933.0,61.0,3.1557165028453182
2020,한동대학교,예체능,382.0,7.0,1.832460732984293
2020,한동대학교,인문사회,1974.0,47.0,2.380952380952381
2020,한라대학교,공학,2774.0,134.0,4.830569574621485
2020,한라대학교,예체능,356.0,30.0,8.426966292134832
2020,한라대학교,인문사회,2108.0,129.0,6.11954459203036
2020,한려대학교,공학,5.0,0.0,0.0
2020,한려대학교,예체능,62.0,9.0,14.516129032258066
2020,한려대학교,인문사회,27.0,7.0,25.925925925925924
2020,한려대학교,자연과학,336.0,26.0,7.738095238095238
2020,한림대학교,공학,1876.0,95.0,5.063965884861407
2020,한림대학교,예체능,394.0,27.0,6.852791878172589
2020,한림대학교,의학,330.0,1.0,0.30303030303030304
2020,한림대학교,인문사회,5125.0,230.0,4.48780487804878
2020,한림대학교,자연과학,1286.0,40.0,3.1104199066874028
2020,한서대학교,공학,4010.0,207.0,5.16209476309227
2020,한서대학교,예체능,1006.0,59.0,5.864811133200795
2020,한서대학교,인문사회,1940.0,124.0,6.391752577319587
2020,한서대학교,자연과학,1090.0,46.0,4.220183486238533
2020,한성대학교,공학,2078.0,63.0,3.031761308950914
2020,한성대학교,예체능,952.0,36.0,3.7815126050420167
2020,한성대학교,인문사회,1645.0,72.0,4.376899696048632
2020,한성대학교,자연과학,28.0,3.0,10.714285714285714
2020,한세대학교,공학,829.0,47.0,5.669481302774427
2020,한세대학교,예체능,452.0,30.0,6.637168141592921
2020,한세대학교,인문사회,1739.0,93.0,5.347901092581943
2020,한세대학교,자연과학,182.0,1.0,0.5494505494505495
2020,한신대학교,공학,1346.0,39.0,2.8974739970282317
2020,한신대학교,인문사회,4786.0,221.0,4.617634768073549
2020,한신대학교,자연과학,501.0,22.0,4.39121756487026
2020,한양대학교,공학,9609.0,349.0,3.632011655739411
2020,한양대학교,예체능,747.0,12.0,1.6064257028112447
2020,한양대학교,의학,440.0,2.0,0.45454545454545453
2020,한양대학교,인문사회,7392.0,178.0,2.408008658008658
2020,한양대학교,자연과학,1767.0,67.0,3.7917374080362194
2020,한양대학교(ERICA) _분교,공학,5482.0,162.0,2.9551258664720903
2020,한양대학교(ERICA) _분교,예체능,1436.0,32.0,2.2284122562674096
2020,한양대학교(ERICA) _분교,인문사회,4808.0,123.0,2.5582362728785357
2020,한양대학교(ERICA) _분교,자연과학,527.0,16.0,3.0360531309297913
2020,한일장신대학교,예체능,120.0,18.0,15.0
2020,한일장신대학교,인문사회,555.0,74.0,13.333333333333334
2020,한일장신대학교,자연과학,391.0,28.0,7.161125319693094
2020,협성대학교,공학,1537.0,100.0,6.506180871828236
2020,협성대학교,예체능,637.0,36.0,5.651491365777081
2020,협성대학교,인문사회,3212.0,199.0,6.195516811955168
2020,협성대학교,자연과학,238.0,12.0,5.042016806722689
2020,호남대학교,공학,2791.0,175.0,6.27015406664278
2020,호남대학교,예체능,754.0,45.0,5.968169761273209
2020,호남대학교,인문사회,3287.0,241.0,7.3319135990264686
2020,호남대학교,자연과학,1390.0,59.0,4.244604316546763
2020,호남신학대학교,예체능,319.0,31.0,9.717868338557993
2020,호남신학대학교,인문사회,419.0,18.0,4.295942720763723
2020,호서대학교,공학,6953.0,312.0,4.487271681288652
2020,호서대학교,예체능,1269.0,72.0,5.673758865248227
2020,호서대학교,인문사회,5303.0,280.0,5.2800301716009805
2020,호서대학교,자연과학,1186.0,34.0,2.866779089376054
2020,호원대학교,공학,1085.0,190.0,17.51152073732719
2020,호원대학교,예체능,1900.0,185.0,9.736842105263158
2020,호원대학교,인문사회,1617.0,226.0,13.976499690785404
2020,호원대학교,자연과학,522.0,15.0,2.8735632183908044
2020,홍익대학교,공학,7632.0,264.0,3.459119496855346
2020,홍익대학교,예체능,1615.0,43.0,2.6625386996904026
2020,홍익대학교,인문사회,5609.0,195.0,3.4765555357461224
2020,홍익대학교 _제2캠퍼스,공학,3112.0,158.0,5.077120822622108
2020,홍익대학교 _제2캠퍼스,예체능,2484.0,76.0,3.059581320450886
2020,홍익대학교 _제2캠퍼스,인문사회,1746.0,71.0,4.0664375715922105
2020,화성의과학대학교,공학,106.0,20.0,18.867924528301888
2020,화성의과학대학교,예체능,92.0,19.0,20.652173913043477
2020,화성의과학대학교,인문사회,454.0,87.0,19.162995594713657
2020,화성의과학대학교,자연과학,213.0,5.0,2.3474178403755865
2021,가야대학교(김해),공학,188.0,23.0,12.23404255319149
2021,가야대학교(김해),인문사회,912.0,126.0,13.815789473684212
2021,가야대학교(김해),자연과학,1125.0,39.0,3.4666666666666663
2021,가천대학교,공학,7469.0,275.0,3.6818851251840945
2021,가천대학교,예체능,2588.0,107.0,4.134466769706337
2021,가천대학교,의학,265.0,0.0,0.0
2021,가천대학교,인문사회,9405.0,365.0,3.880914407230197
2021,가천대학교,자연과학,3297.0,97.0,2.9420685471640886
2021,가톨릭관동대학교,공학,2439.0,158.0,6.478064780647806
2021,가톨릭관동대학교,예체능,893.0,58.0,6.4949608062709965
2021,가톨릭관동대학교,의학,244.0,0.0,0.0
2021,가톨릭관동대학교,인문사회,5811.0,355.0,6.109103424539667
2021,가톨릭관동대학교,자연과학,1065.0,25.0,2.3474178403755865
2021,가톨릭꽃동네대학교,인문사회,327.0,6.0,1.834862385321101
2021,가톨릭꽃동네대학교,자연과학,240.0,7.0,2.9166666666666665
2021,가톨릭대학교,공학,2019.0,75.0,3.7147102526002973
2021,가톨릭대학교,예체능,226.0,7.0,3.0973451327433628
2021,가톨릭대학교,인문사회,5634.0,142.0,2.5204117855875046
2021,가톨릭대학교,자연과학,970.0,32.0,3.2989690721649487
2021,가톨릭대학교 _제2캠퍼스,의학,370.0,1.0,0.2702702702702703
2021,가톨릭대학교 _제2캠퍼스,자연과학,594.0,8.0,1.3468013468013467
2021,가톨릭대학교 _제3캠퍼스,인문사회,306.0,10.0,3.2679738562091507
2021,감리교신학대학교,인문사회,312.0,3.0,0.9615384615384616
2021,강남대학교,공학,1884.0,96.0,5.095541401273886
2021,강남대학교,예체능,460.0,42.0,9.130434782608695
2021,강남대학교,인문사회,4359.0,186.0,4.267033723331039
2021,강남대학교,자연과학,3.0,0.0,0.0
2021,강서대학교,예체능,152.0,28.0,18.421052631578945
2021,강서대학교,인문사회,1447.0,171.0,11.817553559087768
2021,강서대학교,자연과학,355.0,15.0,4.225352112676056
2021,강원대학교,공학,6617.0,475.0,7.178479673568082
2021,강원대학교,예체능,712.0,44.0,6.179775280898876
2021,강원대학교,의학,180.0,1.0,0.5555555555555556
2021,강원대학교,인문사회,8048.0,428.0,5.318091451292246
2021,강원대학교,자연과학,2920.0,156.0,5.342465753424658
2021,강원대학교 _제2캠퍼스,공학,4269.0,233.0,5.457952682126962
2021,강원대학교 _제2캠퍼스,예체능,775.0,41.0,5.290322580645161
2021,강원대학교 _제2캠퍼스,인문사회,1623.0,96.0,5.914972273567468
2021,강원대학교 _제2캠퍼스,자연과학,982.0,33.0,3.360488798370672
2021,건국대학교,공학,9685.0,388.0,4.006195147134744
2021,건국대학교,예체능,870.0,8.0,0.9195402298850575
2021,건국대학교,의학,331.0,0.0,0.0
2021,건국대학교,인문사회,7359.0,153.0,2.079086832450061
2021,건국대학교,자연과학,2076.0,71.0,3.420038535645472
2021,건국대학교(글로컬) _분교,공학,2523.0,91.0,3.6068172810146653
2021,건국대학교(글로컬) _분교,예체능,1743.0,54.0,3.098106712564544
2021,건국대학교(글로컬) _분교,의학,377.0,17.0,4.509283819628647
2021,건국대학교(글로컬) _분교,인문사회,3458.0,147.0,4.251012145748987
2021,건국대학교(글로컬) _분교,자연과학,815.0,39.0,4.785276073619632
2021,건양대학교,공학,940.0,40.0,4.25531914893617
2021,건양대학교,예체능,386.0,21.0,5.4404145077720205
2021,건양대학교,의학,155.0,10.0,6.451612903225806
2021,건양대학교,인문사회,2051.0,112.0,5.460750853242321
2021,건양대학교,자연과학,399.0,24.0,6.015037593984962
2021,건양대학교 _제2캠퍼스,공학,982.0,68.0,6.924643584521386
2021,건양대학교 _제2캠퍼스,예체능,251.0,14.0,5.577689243027888
2021,건양대학교 _제2캠퍼스,의학,240.0,0.0,0.0
2021,건양대학교 _제2캠퍼스,인문사회,186.0,6.0,3.225806451612903
2021,건양대학교 _제2캠퍼스,자연과학,1382.0,25.0,1.808972503617945
2021,경기대학교,공학,4402.0,154.0,3.498409813721036
2021,경기대학교,예체능,706.0,37.0,5.240793201133145
2021,경기대학교,인문사회,7837.0,278.0,3.547275743269108
2021,경기대학교,자연과학,829.0,33.0,3.9806996381182147
2021,경기대학교 _제2캠퍼스,예체능,456.0,16.0,3.508771929824561
2021,경기대학교 _제2캠퍼스,인문사회,1742.0,63.0,3.6165327210103326
2021,경기대학교 _제2캠퍼스,자연과학,2.0,0.0,0.0
2021,경남과학기술대학교,공학,2984.0,145.0,4.859249329758713
2021,경남과학기술대학교,예체능,305.0,18.0,5.901639344262295
2021,경남과학기술대학교,인문사회,1694.0,77.0,4.545454545454546
2021,경남과학기술대학교,자연과학,929.0,27.0,2.906350914962325
2021,경남대학교,공학,5552.0,365.0,6.574207492795389
2021,경남대학교,인문사회,7561.0,470.0,6.216108980293612
2021,경남대학교,자연과학,1181.0,39.0,3.302286198137172
2021,경동대학교,공학,103.0,17.0,16.50485436893204
2021,경동대학교,예체능,14.0,3.0,21.428571428571427
2021,경동대학교,인문사회,734.0,134.0,18.256130790190735
2021,경동대학교,자연과학,95.0,14.0,14.736842105263156
2021,경동대학교 _제3캠퍼스,공학,152.0,2.0,1.3157894736842104
2021,경동대학교 _제3캠퍼스,인문사회,290.0,12.0,4.137931034482759
2021,경동대학교 _제3캠퍼스,자연과학,2628.0,58.0,2.207001522070015
2021,경동대학교 _제4캠퍼스,공학,1343.0,62.0,4.616530156366344
2021,경동대학교 _제4캠퍼스,예체능,410.0,34.0,8.292682926829269
2021,경동대학교 _제4캠퍼스,인문사회,1117.0,44.0,3.9391226499552374
2021,경북대학교,공학,12957.0,697.0,5.379331635409431
2021,경북대학교,예체능,705.0,17.0,2.4113475177304964
2021,경북대학교,의학,931.0,2.0,0.21482277121374865
2021,경북대학교,인문사회,9374.0,255.0,2.72029016428419
2021,경북대학교,자연과학,3710.0,147.0,3.9622641509433962
2021,경상국립대학교,공학,8209.0,423.0,5.152880984285541
2021,경상국립대학교,의학,693.0,14.0,2.0202020202020203
2021,경상국립대학교,인문사회,7300.0,312.0,4.273972602739726
2021,경상국립대학교,자연과학,1779.0,76.0,4.2720629567172566
2021,경성대학교,공학,4298.0,246.0,5.723592368543509
2021,경성대학교,예체능,2252.0,122.0,5.41740674955595
2021,경성대학교,인문사회,7423.0,518.0,6.978310656068974
2021,경성대학교,자연과학,1192.0,32.0,2.684563758389262
2021,경운대학교,공학,2527.0,321.0,12.702809655718243
2021,경운대학교,예체능,317.0,56.0,17.665615141955836
2021,경운대학교,인문사회,775.0,111.0,14.32258064516129
2021,경운대학교,자연과학,1500.0,28.0,1.866666666666667
2021,경인교육대학교,인문사회,1322.0,31.0,2.344931921331316
2021,경인교육대학교 _제2캠퍼스,인문사회,1361.0,5.0,0.36737692872887584
2021,경일대학교,공학,4672.0,407.0,8.711472602739725
2021,경일대학교,예체능,1190.0,67.0,5.630252100840337
2021,경일대학교,인문사회,1870.0,172.0,9.197860962566844
2021,경일대학교,자연과학,622.0,5.0,0.8038585209003215
2021,경희대학교,공학,9074.0,370.0,4.077584306810668
2021,경희대학교,예체능,3191.0,60.0,1.880288310874334
2021,경희대학교,의학,1505.0,15.0,0.9966777408637874
2021,경희대학교,인문사회,13950.0,361.0,2.5878136200716844
2021,경희대학교,자연과학,3314.0,119.0,3.590826795413397
2021,계명대학교,공학,5986.0,303.0,5.061810892081524
2021,계명대학교,예체능,3468.0,162.0,4.671280276816609
2021,계명대학교,의학,299.0,0.0,0.0
2021,계명대학교,인문사회,12517.0,595.0,4.753535192138692
2021,계명대학교,자연과학,2427.0,80.0,3.296250515039143
2021,고려대학교,공학,7979.0,449.0,5.627271587918285
2021,고려대학교,예체능,336.0,5.0,1.488095238095238
2021,고려대학교,의학,444.0,3.0,0.6756756756756757
2021,고려대학교,인문사회,13633.0,192.0,1.4083473923567813
2021,고려대학교,자연과학,3205.0,154.0,4.804992199687987
2021,고려대학교(세종) _분교,공학,3133.0,155.0,4.947334822853495
2021,고려대학교(세종) _분교,예체능,2.0,3.0,150.0
2021,고려대학교(세종) _분교,인문사회,4173.0,194.0,4.648933620896237
2021,고려대학교(세종) _분교,자연과학,726.0,38.0,5.234159779614325
2021,고신대학교,공학,341.0,49.0,14.369501466275661
2021,고신대학교,예체능,341.0,64.0,18.7683284457478
2021,고신대학교,의학,311.0,1.0,0.3215434083601286
2021,고신대학교,인문사회,2316.0,216.0,9.32642487046632
2021,고신대학교,자연과학,964.0,62.0,6.431535269709543
2021,공주교육대학교,인문사회,1493.0,73.0,4.8894842598794375
2021,광신대학교,예체능,139.0,17.0,12.23021582733813
2021,광신대학교,인문사회,320.0,33.0,10.3125
2021,광운대학교,공학,5819.0,261.0,4.485306753737755
2021,광운대학교,예체능,308.0,12.0,3.896103896103896
2021,광운대학교,인문사회,4213.0,174.0,4.130073581770709
2021,광운대학교,자연과학,524.0,32.0,6.106870229007633
2021,광주가톨릭대학교,인문사회,128.0,8.0,6.25
2021,광주과학기술원,공학,615.0,14.0,2.2764227642276422
2021,광주과학기술원,인문사회,282.0,44.0,15.602836879432624
2021,광주과학기술원,자연과학,99.0,1.0,1.0101010101010102
2021,광주교육대학교,인문사회,1359.0,31.0,2.2810890360559237
2021,광주대학교,공학,1954.0,241.0,12.33367451381781
2021,광주대학교,예체능,792.0,100.0,12.626262626262626
2021,광주대학교,인문사회,3962.0,333.0,8.40484603735487
2021,광주대학교,자연과학,865.0,29.0,3.352601156069364
2021,광주여자대학교,공학,609.0,16.0,2.6272577996715927
2021,광주여자대학교,예체능,727.0,64.0,8.803301237964236
2021,광주여자대학교,의학,15.0,4.0,26.666666666666668
2021,광주여자대학교,인문사회,1293.0,74.0,5.723124516627997
2021,광주여자대학교,자연과학,898.0,24.0,2.6726057906458798
2021,국립강릉원주대학교,공학,2926.0,172.0,5.878332194121668
2021,국립강릉원주대학교,예체능,759.0,49.0,6.455862977602108
2021,국립강릉원주대학교,의학,159.0,1.0,0.628930817610063
2021,국립강릉원주대학교,인문사회,2790.0,136.0,4.874551971326166
2021,국립강릉원주대학교,자연과학,652.0,56.0,8.588957055214724
2021,국립강릉원주대학교 _제2캠퍼스,공학,1692.0,81.0,4.787234042553192
2021,국립강릉원주대학교 _제2캠퍼스,인문사회,784.0,29.0,3.6989795918367347
2021,국립강릉원주대학교 _제2캠퍼스,자연과학,385.0,8.0,2.0779220779220777
2021,국립경국대학교,공학,2810.0,164.0,5.8362989323843415
2021,국립경국대학교,예체능,397.0,24.0,6.045340050377834
2021,국립경국대학교,의학,152.0,8.0,5.263157894736842
2021,국립경국대학교,인문사회,2787.0,171.0,6.135629709364909
2021,국립경국대학교,자연과학,1209.0,60.0,4.962779156327544
2021,국립공주대학교,공학,6358.0,355.0,5.58351682919157
2021,국립공주대학교,예체능,960.0,42.0,4.375
2021,국립공주대학교,인문사회,5932.0,209.0,3.523263654753878
2021,국립공주대학교,자연과학,1247.0,45.0,3.608660785886127
2021,국립군산대학교,공학,5564.0,428.0,7.6923076923076925
2021,국립군산대학교,예체능,544.0,41.0,7.536764705882352
2021,국립군산대학교,인문사회,2676.0,191.0,7.137518684603886
2021,국립군산대학교,자연과학,578.0,38.0,6.5743944636678195
2021,국립금오공과대학교,공학,6693.0,330.0,4.930524428507396
2021,국립금오공과대학교,예체능,100.0,1.0,1.0
2021,국립금오공과대학교,인문사회,404.0,23.0,5.693069306930694
2021,국립금오공과대학교,자연과학,185.0,18.0,9.72972972972973
2021,국립목포대학교,공학,3778.0,352.0,9.317098994176813
2021,국립목포대학교,예체능,473.0,65.0,13.742071881606766
2021,국립목포대학교,인문사회,3077.0,349.0,11.342216444588885
2021,국립목포대학교,자연과학,961.0,67.0,6.971904266389179
2021,국립목포해양대학교,공학,1801.0,95.0,5.274847307051638
2021,국립목포해양대학교,인문사회,229.0,9.0,3.9301310043668125
2021,국립부경대학교,공학,10288.0,426.0,4.140746500777605
2021,국립부경대학교,예체능,475.0,14.0,2.9473684210526314
2021,국립부경대학교,인문사회,6449.0,259.0,4.016126531245154
2021,국립부경대학교,자연과학,1242.0,61.0,4.911433172302738
2021,국립순천대학교,공학,2702.0,180.0,6.661732050333087
2021,국립순천대학교,예체능,590.0,36.0,6.101694915254238
2021,국립순천대학교,의학,95.0,6.0,6.315789473684211
2021,국립순천대학교,인문사회,3314.0,202.0,6.095353047676523
2021,국립순천대학교,자연과학,1629.0,51.0,3.1307550644567224
2021,국립창원대학교,공학,4488.0,212.0,4.723707664884135
2021,국립창원대학교,예체능,606.0,32.0,5.2805280528052805
2021,국립창원대학교,인문사회,3643.0,185.0,5.078232226187208
2021,국립창원대학교,자연과학,796.0,38.0,4.773869346733668
2021,국립한국교통대학교,공학,6656.0,326.0,4.897836538461538
2021,국립한국교통대학교,예체능,268.0,21.0,7.835820895522389
2021,국립한국교통대학교,인문사회,2872.0,148.0,5.153203342618385
2021,국립한국교통대학교,자연과학,551.0,14.0,2.540834845735027
2021,국립한국해양대학교,공학,3220.0,151.0,4.6894409937888195
2021,국립한국해양대학교,인문사회,2259.0,102.0,4.51527224435591
2021,국립한밭대학교,공학,6099.0,321.0,5.263157894736842
2021,국립한밭대학교,예체능,341.0,21.0,6.158357771260997
2021,국립한밭대학교,의학,1.0,0.0,0.0
2021,국립한밭대학교,인문사회,2628.0,191.0,7.267884322678843
2021,국민대학교,공학,7153.0,215.0,3.005731860757724
2021,국민대학교,예체능,2216.0,52.0,2.3465703971119134
2021,국민대학교,인문사회,9500.0,317.0,3.336842105263158
2021,국민대학교,자연과학,1575.0,69.0,4.380952380952381
2021,극동대학교,공학,1303.0,94.0,7.214121258633923
2021,극동대학교,예체능,1027.0,80.0,7.789678675754626
2021,극동대학교,인문사회,926.0,64.0,6.911447084233262
2021,극동대학교,자연과학,637.0,17.0,2.6687598116169546
2021,금강대학교,인문사회,343.0,42.0,12.244897959183673
2021,김천대학교,공학,557.0,74.0,13.285457809694792
2021,김천대학교,예체능,72.0,11.0,15.277777777777779
2021,김천대학교,인문사회,591.0,88.0,14.890016920473773
2021,김천대학교,자연과학,1322.0,60.0,4.53857791225416
2021,나사렛대학교,공학,260.0,13.0,5.0
2021,나사렛대학교,예체능,242.0,22.0,9.090909090909092
2021,나사렛대학교,인문사회,3631.0,189.0,5.205177637014597
2021,나사렛대학교,자연과학,1343.0,57.0,4.244229337304542
2021,남부대학교,공학,396.0,74.0,18.68686868686869
2021,남부대학교,예체능,180.0,15.0,8.333333333333332
2021,남부대학교,의학,1.0,0.0,0.0
2021,남부대학교,인문사회,947.0,90.0,9.503695881731785
2021,남부대학교,자연과학,1336.0,45.0,3.3682634730538923
2021,남서울대학교,공학,3638.0,199.0,5.470038482682793
2021,남서울대학교,예체능,499.0,28.0,5.61122244488978
2021,남서울대학교,인문사회,5454.0,325.0,5.958929226255958
2021,남서울대학교,자연과학,910.0,24.0,2.6373626373626373
2021,단국대학교,공학,6324.0,224.0,3.542061986084757
2021,단국대학교,예체능,1298.0,42.0,3.2357473035439135
2021,단국대학교,인문사회,6391.0,197.0,3.082459708965733
2021,단국대학교,자연과학,260.0,8.0,3.076923076923077
2021,단국대학교 _제2캠퍼스,공학,2792.0,118.0,4.226361031518625
2021,단국대학교 _제2캠퍼스,예체능,1033.0,55.0,5.324298160696999
2021,단국대학교 _제2캠퍼스,의학,415.0,0.0,0.0
2021,단국대학교 _제2캠퍼스,인문사회,4800.0,187.0,3.895833333333333
2021,단국대학교 _제2캠퍼스,자연과학,2231.0,80.0,3.585835948005379
2021,대구가톨릭대학교,공학,4902.0,330.0,6.731946144430845
2021,대구가톨릭대학교,예체능,911.0,68.0,7.4643249176728865
2021,대구가톨릭대학교,의학,174.0,0.0,0.0
2021,대구가톨릭대학교,인문사회,6551.0,394.0,6.0143489543581135
2021,대구가톨릭대학교,자연과학,1632.0,37.0,2.267156862745098
2021,대구경북과학기술원,자연과학,994.0,32.0,3.2193158953722336
2021,대구교육대학교,인문사회,1622.0,45.0,2.7743526510480887
2021,대구대학교,공학,6389.0,434.0,6.792925340428862
2021,대구대학교,예체능,1378.0,79.0,5.732946298984035
2021,대구대학교,인문사회,11796.0,666.0,5.645981688708036
2021,대구대학교,자연과학,1812.0,57.0,3.145695364238411
2021,대구예술대학교,공학,140.0,31.0,22.142857142857142
2021,대구예술대학교,예체능,1045.0,118.0,11.291866028708133
2021,대구예술대학교,인문사회,40.0,7.0,17.5
2021,대구한의대학교,공학,1254.0,112.0,8.931419457735247
2021,대구한의대학교,예체능,566.0,50.0,8.8339222614841
2021,대구한의대학교,의학,691.0,20.0,2.894356005788712
2021,대구한의대학교,인문사회,1740.0,151.0,8.67816091954023
2021,대구한의대학교,자연과학,2663.0,195.0,7.32256853173113
2021,대신대학교,예체능,193.0,13.0,6.7357512953367875
2021,대신대학교,인문사회,383.0,14.0,3.6553524804177546
2021,대전가톨릭대학교,인문사회,48.0,1.0,2.083333333333333
2021,대전대학교,공학,3516.0,207.0,5.887372013651877
2021,대전대학교,예체능,1319.0,76.0,5.761940864291129
2021,대전대학교,의학,325.0,1.0,0.3076923076923077
2021,대전대학교,인문사회,4950.0,320.0,6.4646464646464645
2021,대전대학교,자연과학,1406.0,40.0,2.844950213371266
2021,대전신학대학교,인문사회,89.0,7.0,7.865168539325842
2021,대진대학교,공학,2943.0,148.0,5.028882093102276
2021,대진대학교,예체능,459.0,17.0,3.7037037037037033
2021,대진대학교,인문사회,4161.0,217.0,5.215092525835136
2021,대진대학교,자연과학,658.0,27.0,4.103343465045593
2021,덕성여자대학교,공학,468.0,20.0,4.273504273504273
2021,덕성여자대학교,예체능,443.0,5.0,1.1286681715575622
2021,덕성여자대학교,인문사회,3119.0,55.0,1.7633857005450466
2021,덕성여자대학교,자연과학,1581.0,76.0,4.80708412397217
2021,동국대학교,공학,5597.0,186.0,3.3232088618902984
2021,동국대학교,예체능,852.0,15.0,1.7605633802816902
2021,동국대학교,인문사회,9733.0,210.0,2.1576081372649747
2021,동국대학교,자연과학,1220.0,52.0,4.2622950819672125
2021,동국대학교(WISE) _분교,공학,2076.0,149.0,7.1772639691714835
2021,동국대학교(WISE) _분교,예체능,427.0,26.0,6.0889929742388755
2021,동국대학교(WISE) _분교,의학,399.0,0.0,0.0
2021,동국대학교(WISE) _분교,인문사회,5411.0,302.0,5.581223433746072
2021,동국대학교(WISE) _분교,자연과학,1012.0,47.0,4.644268774703558
2021,동덕여자대학교,공학,646.0,22.0,3.4055727554179565
2021,동덕여자대학교,예체능,1547.0,38.0,2.4563671622495153
2021,동덕여자대학교,인문사회,3560.0,115.0,3.2303370786516856
2021,동덕여자대학교,자연과학,833.0,20.0,2.4009603841536618
2021,동명대학교,공학,4060.0,384.0,9.458128078817735
2021,동명대학교,예체능,927.0,52.0,5.609492988133765
2021,동명대학교,인문사회,4512.0,422.0,9.352836879432624
2021,동명대학교,자연과학,658.0,53.0,8.054711246200608
2021,동서대학교,공학,2614.0,162.0,6.197398622800306
2021,동서대학교,예체능,2018.0,89.0,4.410307234886026
2021,동서대학교,인문사회,5146.0,339.0,6.587640886125145
2021,동서대학교,자연과학,848.0,22.0,2.5943396226415096
2021,동신대학교,공학,2286.0,299.0,13.079615048118983
2021,동신대학교,예체능,581.0,54.0,9.294320137693632
2021,동신대학교,의학,186.0,0.0,0.0
2021,동신대학교,인문사회,2553.0,267.0,10.45828437132785
2021,동신대학교,자연과학,1207.0,49.0,4.059652029826015
2021,동아대학교,공학,8692.0,375.0,4.314312011044639
2021,동아대학교,예체능,1903.0,101.0,5.307409353652128
2021,동아대학교,의학,191.0,0.0,0.0
2021,동아대학교,인문사회,9996.0,369.0,3.6914765906362543
2021,동아대학교,자연과학,1322.0,37.0,2.798789712556732
2021,동양대학교,공학,1851.0,128.0,6.915180983252296
2021,동양대학교,예체능,1347.0,129.0,9.57683741648107
2021,동양대학교,인문사회,1647.0,123.0,7.468123861566485
2021,동양대학교,자연과학,327.0,2.0,0.6116207951070336
2021,동의대학교,공학,7366.0,474.0,6.434971490632637
2021,동의대학교,예체능,1772.0,132.0,7.44920993227991
2021,동의대학교,의학,188.0,1.0,0.5319148936170213
2021,동의대학교,인문사회,8166.0,472.0,5.780063678667647
2021,동의대학교,자연과학,1700.0,67.0,3.9411764705882355
2021,디지털서울문화예술대학교,공학,800.0,130.0,16.25
2021,디지털서울문화예술대학교,예체능,1708.0,298.0,17.447306791569087
2021,디지털서울문화예술대학교,인문사회,853.0,156.0,18.2883939038687
2021,명지대학교,공학,5656.0,223.0,3.942715700141443
2021,명지대학교,예체능,1372.0,66.0,4.810495626822157
2021,명지대학교,인문사회,537.0,17.0,3.165735567970205
2021,명지대학교,자연과학,444.0,19.0,4.2792792792792795
2021,명지대학교 _제2캠퍼스,공학,431.0,9.0,2.088167053364269
2021,명지대학교 _제2캠퍼스,예체능,314.0,17.0,5.414012738853503
2021,명지대학교 _제2캠퍼스,인문사회,8348.0,302.0,3.6176329659798756
2021,목원대학교,공학,2712.0,148.0,5.457227138643068
2021,목원대학교,예체능,1253.0,63.0,5.027932960893855
2021,목원대학교,인문사회,4529.0,278.0,6.1382203576948555
2021,목원대학교,자연과학,140.0,15.0,10.714285714285714
2021,목포가톨릭대학교,인문사회,142.0,4.0,2.8169014084507045
2021,목포가톨릭대학교,자연과학,428.0,13.0,3.0373831775700935
2021,배재대학교,공학,3332.0,225.0,6.752701080432173
2021,배재대학교,예체능,705.0,53.0,7.5177304964539005
2021,배재대학교,인문사회,3895.0,329.0,8.446726572528883
2021,배재대학교,자연과학,1286.0,92.0,7.153965785381026
2021,백석대학교,공학,1946.0,105.0,5.39568345323741
2021,백석대학교,예체능,1562.0,65.0,4.161331626120359
2021,백석대학교,인문사회,6182.0,305.0,4.933678421222906
2021,백석대학교,자연과학,1088.0,16.0,1.4705882352941175
2021,부산가톨릭대학교,공학,456.0,31.0,6.798245614035088
2021,부산가톨릭대학교,인문사회,1772.0,147.0,8.295711060948081
2021,부산가톨릭대학교,자연과학,1536.0,34.0,2.213541666666667
2021,부산교육대학교,인문사회,1543.0,29.0,1.8794556059624108
2021,부산대학교,공학,10691.0,561.0,5.247404358806473
2021,부산대학교,예체능,1735.0,61.0,3.515850144092219
2021,부산대학교,의학,503.0,0.0,0.0
2021,부산대학교,인문사회,9064.0,232.0,2.559576345984113
2021,부산대학교,자연과학,2910.0,116.0,3.9862542955326457
2021,부산디지털대학교,인문사회,943.0,121.0,12.83138918345705
2021,부산외국어대학교,공학,1439.0,95.0,6.60180681028492
2021,부산외국어대학교,예체능,237.0,27.0,11.39240506329114
2021,부산외국어대학교,인문사회,6959.0,409.0,5.877281218565885
2021,부산외국어대학교,자연과학,38.0,1.0,2.631578947368421
2021,부산장신대학교,인문사회,233.0,21.0,9.012875536480687
2021,삼육대학교,공학,2155.0,96.0,4.454756380510441
2021,삼육대학교,예체능,1003.0,59.0,5.88235294117647
2021,삼육대학교,인문사회,2660.0,119.0,4.473684210526316
2021,삼육대학교,자연과학,1237.0,19.0,1.5359741309620047
2021,상명대학교,공학,2366.0,85.0,3.592561284868977
2021,상명대학교,예체능,1299.0,70.0,5.388760585065435
2021,상명대학교,인문사회,4698.0,378.0,8.045977011494253
2021,상명대학교,자연과학,456.0,37.0,8.114035087719298
2021,상명대학교 _제2캠퍼스,공학,2189.0,82.0,3.746002740977615
2021,상명대학교 _제2캠퍼스,예체능,2660.0,89.0,3.3458646616541357
2021,상명대학교 _제2캠퍼스,인문사회,1993.0,108.0,5.4189663823381835
2021,상명대학교 _제2캠퍼스,자연과학,305.0,5.0,1.639344262295082
2021,상지대학교,공학,1850.0,134.0,7.243243243243243
2021,상지대학교,예체능,1200.0,81.0,6.75
2021,상지대학교,의학,217.0,0.0,0.0
2021,상지대학교,인문사회,3927.0,274.0,6.977336389101095
2021,상지대학교,자연과학,1365.0,65.0,4.761904761904762
2021,서강대학교,공학,3147.0,204.0,6.48236415633937
2021,서강대학교,예체능,206.0,2.0,0.9708737864077669
2021,서강대학교,인문사회,6897.0,158.0,2.290851094678846
2021,서강대학교,자연과학,696.0,28.0,4.022988505747127
2021,서경대학교,공학,2848.0,134.0,4.705056179775281
2021,서경대학교,예체능,1564.0,55.0,3.5166240409207163
2021,서경대학교,인문사회,3024.0,135.0,4.464285714285714
2021,서울과학기술대학교,공학,8816.0,363.0,4.117513611615245
2021,서울과학기술대학교,예체능,870.0,19.0,2.1839080459770113
2021,서울과학기술대학교,인문사회,1444.0,45.0,3.1163434903047094
2021,서울교육대학교,인문사회,1593.0,53.0,3.327055869428751
2021,서울기독대학교,예체능,153.0,17.0,11.11111111111111
2021,서울기독대학교,인문사회,359.0,40.0,11.142061281337048
2021,서울기독대학교,자연과학,28.0,3.0,10.714285714285714
2021,서울대학교,공학,6122.0,187.0,3.0545573342045085
2021,서울대학교,예체능,1109.0,6.0,0.5410279531109108
2021,서울대학교,의학,827.0,5.0,0.6045949214026602
2021,서울대학교,인문사회,8302.0,79.0,0.9515779330281859
2021,서울대학교,자연과학,1991.0,53.0,2.6619789050728278
2021,서울디지털대학교,공학,1624.0,276.0,16.995073891625616
2021,서울디지털대학교,예체능,1554.0,312.0,20.077220077220076
2021,서울디지털대학교,인문사회,7461.0,1281.0,17.16928025733816
2021,서울시립대학교,공학,5579.0,228.0,4.086753898548126
2021,서울시립대학교,예체능,157.0,7.0,4.45859872611465
2021,서울시립대학교,인문사회,5165.0,101.0,1.9554695062923524
2021,서울시립대학교,자연과학,698.0,31.0,4.441260744985674
2021,서울신학대학교,공학,39.0,2.0,5.128205128205128
2021,서울신학대학교,예체능,482.0,38.0,7.883817427385892
2021,서울신학대학교,인문사회,1998.0,106.0,5.305305305305305
2021,서울여자대학교,공학,1907.0,58.0,3.0414263240692185
2021,서울여자대학교,예체능,869.0,18.0,2.0713463751438432
2021,서울여자대학교,인문사회,3836.0,156.0,4.066736183524505
2021,서울여자대학교,자연과학,311.0,8.0,2.572347266881029
2021,서울장신대학교,예체능,92.0,10.0,10.869565217391305
2021,서울장신대학교,인문사회,425.0,20.0,4.705882352941177
2021,서울한영대학교,예체능,63.0,9.0,14.285714285714285
2021,서울한영대학교,인문사회,701.0,45.0,6.419400855920114
2021,서울한영대학교,자연과학,115.0,4.0,3.4782608695652173
2021,서원대학교,공학,1325.0,77.0,5.811320754716981
2021,서원대학교,예체능,477.0,36.0,7.547169811320755
2021,서원대학교,인문사회,3887.0,210.0,5.402624131721121
2021,서원대학교,자연과학,695.0,49.0,7.0503597122302155
2021,선문대학교,공학,4889.0,271.0,5.543055839640008
2021,선문대학교,예체능,378.0,21.0,5.555555555555555
2021,선문대학교,인문사회,5583.0,338.0,6.054092781658606
2021,선문대학교,자연과학,672.0,15.0,2.232142857142857
2021,성결대학교,공학,1852.0,73.0,3.941684665226782
2021,성결대학교,예체능,572.0,38.0,6.643356643356643
2021,성결대학교,인문사회,3677.0,187.0,5.0856676638564045
2021,성공회대학교,공학,382.0,12.0,3.1413612565445024
2021,성공회대학교,인문사회,958.0,39.0,4.07098121085595
2021,성균관대학교,공학,7234.0,259.0,3.580315178324579
2021,성균관대학교,예체능,1243.0,19.0,1.5285599356395816
2021,성균관대학교,의학,167.0,0.0,0.0
2021,성균관대학교,인문사회,10251.0,160.0,1.5608233343088478
2021,성균관대학교,자연과학,1936.0,49.0,2.53099173553719
2021,성신여자대학교,공학,1856.0,55.0,2.9633620689655173
2021,성신여자대학교,예체능,1529.0,52.0,3.4009156311314586
2021,성신여자대학교,인문사회,4220.0,153.0,3.625592417061611
2021,성신여자대학교,자연과학,1729.0,86.0,4.973973395026027
2021,세명대학교,공학,2884.0,185.0,6.414701803051318
2021,세명대학교,예체능,1104.0,96.0,8.695652173913043
2021,세명대학교,의학,184.0,0.0,0.0
2021,세명대학교,인문사회,3436.0,253.0,7.363213038416763
2021,세명대학교,자연과학,2034.0,75.0,3.687315634218289
2021,세종대학교,공학,6928.0,390.0,5.62933025404157
2021,세종대학교,예체능,1344.0,91.0,6.770833333333333
2021,세종대학교,인문사회,4868.0,248.0,5.094494658997535
2021,세종대학교,자연과학,595.0,37.0,6.218487394957983
2021,세한대학교,공학,1088.0,144.0,13.23529411764706
2021,세한대학교,예체능,807.0,129.0,15.985130111524162
2021,세한대학교,인문사회,1408.0,170.0,12.073863636363637
2021,세한대학교,자연과학,748.0,36.0,4.81283422459893
2021,송원대학교,공학,1077.0,206.0,19.127205199628598
2021,송원대학교,예체능,410.0,55.0,13.414634146341465
2021,송원대학교,인문사회,1292.0,167.0,12.925696594427244
2021,송원대학교,자연과학,709.0,38.0,5.359661495063469
2021,수원가톨릭대학교,인문사회,181.0,9.0,4.972375690607735
2021,수원대학교,공학,4319.0,181.0,4.190784903912943
2021,수원대학교,예체능,1769.0,116.0,6.557377049180328
2021,수원대학교,인문사회,3544.0,185.0,5.220090293453724
2021,수원대학교,자연과학,872.0,31.0,3.555045871559633
2021,숙명여자대학교,공학,2211.0,103.0,4.658525554047943
2021,숙명여자대학교,예체능,744.0,19.0,2.553763440860215
2021,숙명여자대학교,인문사회,6214.0,138.0,2.2207917605407146
2021,숙명여자대학교,자연과학,1344.0,64.0,4.761904761904762
2021,순복음총회신학교,예체능,34.0,17.0,50.0
2021,순복음총회신학교,인문사회,165.0,51.0,30.909090909090907
2021,순천향대학교,공학,5264.0,264.0,5.015197568389058
2021,순천향대학교,예체능,570.0,39.0,6.842105263157896
2021,순천향대학교,의학,825.0,21.0,2.5454545454545454
2021,순천향대학교,인문사회,4946.0,216.0,4.367165386170643
2021,순천향대학교,자연과학,938.0,12.0,1.279317697228145
2021,숭실대학교,공학,7354.0,224.0,3.0459613815610553
2021,숭실대학교,예체능,248.0,4.0,1.6129032258064515
2021,숭실대학교,인문사회,8116.0,237.0,2.920157713159192
2021,숭실대학교,자연과학,468.0,28.0,5.982905982905983
2021,신경주대학교,공학,101.0,30.0,29.7029702970297
2021,신경주대학교,예체능,154.0,20.0,12.987012987012985
2021,신경주대학교,인문사회,304.0,52.0,17.105263157894736
2021,신경주대학교,자연과학,209.0,12.0,5.741626794258373
2021,신라대학교,공학,3093.0,351.0,11.348205625606207
2021,신라대학교,예체능,1064.0,114.0,10.714285714285714
2021,신라대학교,인문사회,5111.0,456.0,8.921933085501859
2021,신라대학교,자연과학,849.0,51.0,6.007067137809187
2021,신한대학교,공학,926.0,54.0,5.831533477321814
2021,신한대학교,인문사회,393.0,30.0,7.633587786259542
2021,신한대학교,자연과학,545.0,6.0,1.1009174311926606
2021,신한대학교 _제2캠퍼스,공학,825.0,33.0,4.0
2021,신한대학교 _제2캠퍼스,예체능,912.0,53.0,5.81140350877193
2021,신한대학교 _제2캠퍼스,인문사회,2954.0,128.0,4.333107650643195
2021,신한대학교 _제2캠퍼스,자연과학,766.0,24.0,3.1331592689295036
2021,아신대학교,인문사회,629.0,57.0,9.062003179650238
2021,아주대학교,공학,6600.0,272.0,4.121212121212121
2021,아주대학교,예체능,660.0,15.0,2.272727272727273
2021,아주대학교,의학,268.0,5.0,1.8656716417910446
2021,아주대학교,인문사회,4000.0,119.0,2.9749999999999996
2021,아주대학교,자연과학,1054.0,24.0,2.2770398481973433
2021,안양대학교,공학,1640.0,74.0,4.512195121951219
2021,안양대학교,예체능,721.0,62.0,8.599167822468793
2021,안양대학교,인문사회,2431.0,137.0,5.635540929658577
2021,안양대학교,자연과학,417.0,17.0,4.07673860911271
2021,안양대학교 _제2캠퍼스,공학,256.0,15.0,5.859375
2021,안양대학교 _제2캠퍼스,인문사회,154.0,11.0,7.142857142857142
2021,연세대학교,공학,6479.0,211.0,3.256675412872357
2021,연세대학교,예체능,519.0,4.0,0.7707129094412332
2021,연세대학교,의학,771.0,1.0,0.12970168612191957
2021,연세대학교,인문사회,11756.0,101.0,0.8591357604627423
2021,연세대학교,자연과학,2683.0,55.0,2.049944092433843
2021,연세대학교(미래) _분교,공학,2064.0,57.0,2.761627906976744
2021,연세대학교(미래) _분교,예체능,519.0,13.0,2.5048169556840074
2021,연세대학교(미래) _분교,의학,443.0,0.0,0.0
2021,연세대학교(미래) _분교,인문사회,3368.0,81.0,2.4049881235154396
2021,연세대학교(미래) _분교,자연과학,1523.0,51.0,3.34865397242285
2021,영남대학교,공학,10394.0,441.0,4.242832403309602
2021,영남대학교,예체능,1985.0,80.0,4.030226700251889
2021,영남대학교,의학,312.0,0.0,0.0
2021,영남대학교,인문사회,10992.0,436.0,3.9665211062590973
2021,영남대학교,자연과학,2283.0,71.0,3.1099430573806397
2021,영남신학대학교,인문사회,557.0,59.0,10.59245960502693
2021,영산대학교,공학,917.0,110.0,11.995637949836423
2021,영산대학교,인문사회,852.0,95.0,11.150234741784038
2021,영산대학교,자연과학,709.0,6.0,0.846262341325811
2021,영산대학교 _제2캠퍼스,공학,247.0,29.0,11.740890688259109
2021,영산대학교 _제2캠퍼스,예체능,1200.0,120.0,10.0
2021,영산대학교 _제2캠퍼스,인문사회,1899.0,213.0,11.216429699842022
2021,예수대학교,인문사회,71.0,7.0,9.859154929577464
2021,예수대학교,자연과학,522.0,6.0,1.1494252873563218
2021,예원예술대학교,예체능,1263.0,157.0,12.430720506730006
2021,예원예술대학교,인문사회,10.0,1.0,10.0
2021,예원예술대학교 _제2캠퍼스,공학,182.0,23.0,12.637362637362637
2021,예원예술대학교 _제2캠퍼스,예체능,329.0,22.0,6.68693009118541
2021,용인대학교,공학,762.0,49.0,6.4304461942257225
2021,용인대학교,예체능,1469.0,114.0,7.760381211708646
2021,용인대학교,인문사회,2181.0,141.0,6.464924346629987
2021,용인대학교,자연과학,447.0,12.0,2.684563758389262
2021,우석대학교,공학,2398.0,230.0,9.591326105087573
2021,우석대학교,예체능,644.0,63.0,9.782608695652174
2021,우석대학교,의학,140.0,0.0,0.0
2021,우석대학교,인문사회,3192.0,260.0,8.145363408521304
2021,우석대학교,자연과학,1381.0,45.0,3.258508327299059
2021,우송대학교,공학,2890.0,148.0,5.1211072664359865
2021,우송대학교,예체능,881.0,39.0,4.426787741203178
2021,우송대학교,인문사회,4065.0,192.0,4.723247232472325
2021,우송대학교,자연과학,990.0,37.0,3.737373737373737
2021,울산과학기술원,공학,1581.0,29.0,1.8342820999367486
2021,울산과학기술원,예체능,82.0,5.0,6.097560975609756
2021,울산과학기술원,인문사회,292.0,4.0,1.36986301369863
2021,울산과학기술원,자연과학,242.0,13.0,5.371900826446281
2021,울산대학교,공학,6952.0,320.0,4.602991944764097
2021,울산대학교,예체능,701.0,34.0,4.850213980028531
2021,울산대학교,의학,164.0,1.0,0.6097560975609756
2021,울산대학교,인문사회,6387.0,300.0,4.697040864255519
2021,울산대학교,자연과학,1669.0,64.0,3.834631515877771
2021,원광대학교,공학,6900.0,499.0,7.231884057971015
2021,원광대학교,예체능,991.0,65.0,6.559031281533804
2021,원광대학교,의학,1171.0,3.0,0.25619128949615716
2021,원광대학교,인문사회,7175.0,507.0,7.066202090592334
2021,원광대학교,자연과학,3061.0,148.0,4.835021234890559
2021,원광디지털대학교,예체능,1582.0,254.0,16.055625790139064
2021,원광디지털대학교,인문사회,3643.0,644.0,17.677738127916555
2021,원광디지털대학교,자연과학,1186.0,208.0,17.537942664418214
2021,위덕대학교,공학,710.0,126.0,17.74647887323944
2021,위덕대학교,예체능,11.0,1.0,9.090909090909092
2021,위덕대학교,인문사회,1369.0,156.0,11.39517896274653
2021,위덕대학교,자연과학,796.0,64.0,8.040201005025125
2021,유원대학교,공학,1190.0,123.0,10.336134453781511
2021,유원대학교,예체능,541.0,63.0,11.645101663585953
2021,유원대학교,인문사회,1684.0,143.0,8.491686460807601
2021,유원대학교,자연과학,448.0,20.0,4.464285714285714
2021,을지대학교,의학,202.0,0.0,0.0
2021,을지대학교,자연과학,98.0,4.0,4.081632653061225
2021,을지대학교 _제2캠퍼스,공학,960.0,45.0,4.6875
2021,을지대학교 _제2캠퍼스,예체능,243.0,7.0,2.880658436213992
2021,을지대학교 _제2캠퍼스,인문사회,601.0,20.0,3.3277870216306153
2021,을지대학교 _제2캠퍼스,자연과학,1487.0,31.0,2.0847343644922667
2021,을지대학교 _제3캠퍼스,자연과학,552.0,8.0,1.4492753623188406
2021,이화여자대학교,공학,3043.0,125.0,4.107788366743345
2021,이화여자대학교,예체능,1491.0,21.0,1.4084507042253522
2021,이화여자대학교,의학,304.0,0.0,0.0
2021,이화여자대학교,인문사회,9319.0,214.0,2.2963837321601033
2021,이화여자대학교,자연과학,2964.0,68.0,2.2941970310391366
2021,인제대학교,공학,3051.0,232.0,7.604064241232384
2021,인제대학교,예체능,348.0,32.0,9.195402298850574
2021,인제대학교,의학,410.0,0.0,0.0
2021,인제대학교,인문사회,3378.0,221.0,6.542332741267022
2021,인제대학교,자연과학,1997.0,77.0,3.85578367551327
2021,인천가톨릭대학교,인문사회,93.0,9.0,9.67741935483871
2021,인천가톨릭대학교 _제2캠퍼스,공학,125.0,0.0,0.0
2021,인천가톨릭대학교 _제2캠퍼스,예체능,264.0,17.0,6.4393939393939394
2021,인천가톨릭대학교 _제2캠퍼스,인문사회,94.0,4.0,4.25531914893617
2021,인천가톨릭대학교 _제2캠퍼스,자연과학,202.0,6.0,2.9702970297029703
2021,인천대학교,공학,6123.0,220.0,3.593009962436714
2021,인천대학교,예체능,1440.0,45.0,3.125
2021,인천대학교,인문사회,6256.0,214.0,3.420716112531969
2021,인천대학교,자연과학,628.0,38.0,6.050955414012739
2021,인하대학교,공학,10995.0,360.0,3.2742155525238745
2021,인하대학교,예체능,643.0,7.0,1.088646967340591
2021,인하대학교,의학,208.0,0.0,0.0
2021,인하대학교,인문사회,8728.0,253.0,2.8987167736022
2021,인하대학교,자연과학,1864.0,48.0,2.575107296137339
2021,장로회신학대학교,예체능,259.0,16.0,6.177606177606178
2021,장로회신학대학교,인문사회,599.0,16.0,2.671118530884808
2021,전남대학교,공학,6482.0,283.0,4.365936439370564
2021,전남대학교,예체능,925.0,30.0,3.2432432432432434
2021,전남대학교,의학,716.0,3.0,0.41899441340782123
2021,전남대학교,인문사회,8284.0,252.0,3.042008691453404
2021,전남대학교,자연과학,3201.0,108.0,3.373945641986879
2021,전남대학교 _제2캠퍼스,공학,2553.0,190.0,7.442224833529182
2021,전남대학교 _제2캠퍼스,인문사회,781.0,58.0,7.426376440460948
2021,전남대학교 _제2캠퍼스,자연과학,30.0,0.0,0.0
2021,전북대학교,공학,10465.0,467.0,4.4624940277114185
2021,전북대학교,예체능,553.0,17.0,3.074141048824593
2021,전북대학교,의학,939.0,1.0,0.10649627263045794
2021,전북대학교,인문사회,8422.0,379.0,4.500118736642128
2021,전북대학교,자연과학,2388.0,113.0,4.731993299832496
2021,전주교육대학교,인문사회,1200.0,27.0,2.25
2021,전주대학교,공학,3785.0,214.0,5.653896961690885
2021,전주대학교,예체능,1002.0,64.0,6.387225548902195
2021,전주대학교,의학,2.0,1.0,50.0
2021,전주대학교,인문사회,7587.0,443.0,5.838935020429682
2021,전주대학교,자연과학,1025.0,36.0,3.51219512195122
2021,정석대학,공학,11.0,0.0,0.0
2021,정석대학,인문사회,51.0,0.0,0.0
2021,제주국제대학교,공학,546.0,105.0,19.230769230769234
2021,제주국제대학교,예체능,26.0,10.0,38.46153846153847
2021,제주국제대학교,인문사회,321.0,60.0,18.69158878504673
2021,제주국제대학교,자연과학,39.0,12.0,30.76923076923077
2021,제주대학교,공학,3897.0,237.0,6.081601231716705
2021,제주대학교,예체능,685.0,40.0,5.839416058394161
2021,제주대학교,의학,230.0,1.0,0.43478260869565216
2021,제주대학교,인문사회,6476.0,288.0,4.4471896232242125
2021,제주대학교,자연과학,1649.0,77.0,4.66949666464524
2021,조선대학교,공학,9516.0,495.0,5.201765447667087
2021,조선대학교,예체능,1624.0,69.0,4.248768472906404
2021,조선대학교,의학,826.0,1.0,0.12106537530266344
2021,조선대학교,인문사회,10256.0,535.0,5.216458658346334
2021,조선대학교,자연과학,1876.0,80.0,4.264392324093817
2021,중부대학교,공학,3567.0,276.0,7.737594617325485
2021,중부대학교,예체능,1770.0,160.0,9.03954802259887
2021,중부대학교,인문사회,3748.0,347.0,9.258271077908217
2021,중부대학교,자연과학,1049.0,62.0,5.910390848427073
2021,중앙대학교,공학,6026.0,302.0,5.011616329239961
2021,중앙대학교,예체능,637.0,29.0,4.552590266875981
2021,중앙대학교,의학,552.0,6.0,1.0869565217391304
2021,중앙대학교,인문사회,13972.0,309.0,2.2115659891210995
2021,중앙대학교,자연과학,2796.0,101.0,3.612303290414878
2021,중앙대학교 _제2캠퍼스,공학,1230.0,81.0,6.585365853658537
2021,중앙대학교 _제2캠퍼스,예체능,4033.0,129.0,3.1986114554921894
2021,중앙대학교 _제2캠퍼스,인문사회,99.0,15.0,15.151515151515152
2021,중앙대학교 _제2캠퍼스,자연과학,5.0,0.0,0.0
2021,중앙승가대학교,예체능,22.0,0.0,0.0
2021,중앙승가대학교,인문사회,86.0,6.0,6.976744186046512
2021,중원대학교,공학,2172.0,269.0,12.384898710865562
2021,중원대학교,예체능,303.0,43.0,14.19141914191419
2021,중원대학교,인문사회,994.0,156.0,15.694164989939638
2021,중원대학교,자연과학,892.0,86.0,9.641255605381167
2021,진주교육대학교,인문사회,1356.0,22.0,1.6224188790560472
2021,차의과학대학교,공학,441.0,36.0,8.16326530612245
2021,차의과학대학교,예체능,143.0,10.0,6.993006993006993
2021,차의과학대학교,의학,310.0,15.0,4.838709677419355
2021,차의과학대학교,인문사회,662.0,35.0,5.287009063444108
2021,차의과학대학교,자연과학,1147.0,35.0,3.051438535309503
2021,창신대학교,공학,562.0,70.0,12.455516014234876
2021,창신대학교,예체능,295.0,34.0,11.525423728813559
2021,창신대학교,인문사회,808.0,59.0,7.301980198019802
2021,창신대학교,자연과학,631.0,22.0,3.4865293185419968
2021,청운대학교,공학,1302.0,76.0,5.837173579109063
2021,청운대학교,예체능,865.0,97.0,11.213872832369942
2021,청운대학교,인문사회,3036.0,199.0,6.55467720685112
2021,청운대학교,자연과학,496.0,17.0,3.4274193548387095
2021,청주교육대학교,인문사회,1216.0,24.0,1.9736842105263157
2021,청주대학교,공학,5031.0,210.0,4.174120453190221
2021,청주대학교,예체능,1171.0,33.0,2.818104184457728
2021,청주대학교,의학,72.0,7.0,9.722222222222223
2021,청주대학교,인문사회,6261.0,336.0,5.366554863440345
2021,청주대학교,자연과학,1590.0,36.0,2.2641509433962264
2021,초당대학교,공학,1314.0,195.0,14.840182648401825
2021,초당대학교,예체능,229.0,45.0,19.65065502183406
2021,초당대학교,인문사회,854.0,160.0,18.735362997658083
2021,초당대학교,자연과학,817.0,32.0,3.9167686658506726
2021,총신대학교,예체능,318.0,23.0,7.232704402515723
2021,총신대학교,인문사회,1571.0,57.0,3.6282622533418207
2021,총신대학교,자연과학,65.0,4.0,6.153846153846154
2021,추계예술대학교,예체능,642.0,31.0,4.8286604361370715
2021,추계예술대학교,인문사회,129.0,9.0,6.976744186046512
2021,춘천교육대학교,인문사회,1344.0,30.0,2.232142857142857
2021,충남대학교,공학,7562.0,334.0,4.416820946839461
2021,충남대학교,예체능,554.0,15.0,2.707581227436823
2021,충남대학교,의학,863.0,7.0,0.8111239860950173
2021,충남대학교,인문사회,8487.0,263.0,3.098857075527277
2021,충남대학교,자연과학,3491.0,175.0,5.012890289315383
2021,충북대학교,공학,7779.0,307.0,3.946522689291683
2021,충북대학교,예체능,55.0,4.0,7.2727272727272725
2021,충북대학교,의학,480.0,4.0,0.8333333333333334
2021,충북대학교,인문사회,6416.0,224.0,3.4912718204488775
2021,충북대학교,자연과학,2339.0,91.0,3.890551517742625
2021,칼빈대학교,예체능,58.0,8.0,13.793103448275861
2021,칼빈대학교,인문사회,335.0,38.0,11.343283582089553
2021,평택대학교,공학,1280.0,70.0,5.46875
2021,평택대학교,예체능,882.0,59.0,6.6893424036281175
2021,평택대학교,인문사회,1908.0,148.0,7.756813417190776
2021,평택대학교,자연과학,288.0,9.0,3.125
2021,포항공과대학교,공학,784.0,9.0,1.1479591836734695
2021,포항공과대학교,인문사회,83.0,1.0,1.2048192771084338
2021,포항공과대학교,자연과학,96.0,1.0,1.0416666666666665
2021,한경국립대학교,공학,4017.0,232.0,5.775454319143639
2021,한경국립대학교,예체능,325.0,21.0,6.461538461538462
2021,한경국립대학교,인문사회,1209.0,79.0,6.5343258891646
2021,한경국립대학교,자연과학,386.0,22.0,5.699481865284974
2021,한국공학대학교,공학,6311.0,286.0,4.531769925526858
2021,한국공학대학교,예체능,2281.0,114.0,4.9978079789565975
2021,한국공학대학교,인문사회,933.0,36.0,3.858520900321544
2021,한국과학기술원,공학,3163.0,36.0,1.138159974707556
2021,한국과학기술원,인문사회,64.0,1.0,1.5625
2021,한국과학기술원,자연과학,226.0,7.0,3.0973451327433628
2021,한국교원대학교,인문사회,2649.0,61.0,2.3027557568893924
2021,한국기술교육대학교,공학,5095.0,182.0,3.5721295387634937
2021,한국기술교육대학교,예체능,2.0,1.0,50.0
2021,한국기술교육대학교,인문사회,915.0,56.0,6.120218579234972
2021,한국방송통신대학교,공학,16552.0,3650.0,22.051715804736588
2021,한국방송통신대학교,예체능,5382.0,1150.0,21.367521367521366
2021,한국방송통신대학교,인문사회,97226.0,20858.0,21.453109250611977
2021,한국방송통신대학교,자연과학,11712.0,1960.0,16.73497267759563
2021,한국성서대학교,공학,204.0,10.0,4.901960784313726
2021,한국성서대학교,인문사회,439.0,14.0,3.189066059225513
2021,한국성서대학교,자연과학,236.0,0.0,0.0
2021,한국예술종합학교,공학,114.0,1.0,0.8771929824561403
2021,한국예술종합학교,예체능,2104.0,32.0,1.520912547528517
2021,한국예술종합학교,인문사회,138.0,4.0,2.898550724637681
2021,한국외국어대학교,공학,2343.0,103.0,4.396073410157917
2021,한국외국어대학교,인문사회,13319.0,469.0,3.5212853817854195
2021,한국외국어대학교,자연과학,882.0,50.0,5.6689342403628125
2021,한국전통문화대학교,공학,217.0,5.0,2.3041474654377883
2021,한국전통문화대학교,예체능,194.0,4.0,2.0618556701030926
2021,한국전통문화대학교,인문사회,284.0,9.0,3.169014084507042
2021,한국체육대학교,공학,132.0,1.0,0.7575757575757576
2021,한국체육대학교,예체능,1959.0,49.0,2.501276161306789
2021,한국체육대학교,인문사회,198.0,2.0,1.0101010101010102
2021,한국침례신학대학교,예체능,141.0,16.0,11.347517730496454
2021,한국침례신학대학교,인문사회,1163.0,59.0,5.073086844368014
2021,한국항공대학교,공학,4962.0,148.0,2.9826682789197907
2021,한국항공대학교,인문사회,605.0,24.0,3.9669421487603307
2021,한남대학교,공학,3859.0,261.0,6.763410209898938
2021,한남대학교,예체능,840.0,35.0,4.166666666666666
2021,한남대학교,인문사회,7850.0,486.0,6.19108280254777
2021,한남대학교,자연과학,1045.0,60.0,5.741626794258373
2021,한동대학교,공학,1871.0,61.0,3.260288615713522
2021,한동대학교,예체능,352.0,13.0,3.6931818181818183
2021,한동대학교,인문사회,1659.0,35.0,2.109704641350211
2021,한라대학교,공학,2389.0,95.0,3.976559229803265
2021,한라대학교,예체능,341.0,18.0,5.278592375366569
2021,한라대학교,인문사회,1800.0,103.0,5.722222222222222
2021,한림대학교,공학,1842.0,84.0,4.5602605863192185
2021,한림대학교,예체능,371.0,29.0,7.816711590296496
2021,한림대학교,의학,334.0,2.0,0.5988023952095809
2021,한림대학교,인문사회,4981.0,244.0,4.898614735996787
2021,한림대학교,자연과학,1237.0,45.0,3.637833468067906
2021,한서대학교,공학,3975.0,247.0,6.213836477987422
2021,한서대학교,예체능,988.0,90.0,9.109311740890687
2021,한서대학교,인문사회,1853.0,130.0,7.015650296815974
2021,한서대학교,자연과학,1122.0,81.0,7.219251336898395
2021,한성대학교,공학,2296.0,58.0,2.5261324041811846
2021,한성대학교,예체능,977.0,28.0,2.865916069600819
2021,한성대학교,인문사회,1337.0,43.0,3.2161555721765147
2021,한성대학교,자연과학,6.0,0.0,0.0
2021,한세대학교,공학,854.0,53.0,6.206088992974239
2021,한세대학교,예체능,447.0,34.0,7.606263982102908
2021,한세대학교,인문사회,1647.0,82.0,4.978749241044323
2021,한세대학교,자연과학,194.0,3.0,1.5463917525773196
2021,한신대학교,공학,1362.0,72.0,5.286343612334802
2021,한신대학교,예체능,21.0,2.0,9.523809523809524
2021,한신대학교,인문사회,5028.0,263.0,5.230708035003977
2021,한신대학교,자연과학,468.0,26.0,5.555555555555555
2021,한양대학교,공학,9536.0,406.0,4.257550335570469
2021,한양대학교,예체능,759.0,18.0,2.371541501976284
2021,한양대학교,의학,456.0,3.0,0.6578947368421052
2021,한양대학교,인문사회,7335.0,202.0,2.7539195637355145
2021,한양대학교,자연과학,1728.0,83.0,4.8032407407407405
2021,한양대학교(ERICA) _분교,공학,5705.0,156.0,2.7344434706397895
2021,한양대학교(ERICA) _분교,예체능,1450.0,26.0,1.7931034482758619
2021,한양대학교(ERICA) _분교,인문사회,4669.0,115.0,2.4630541871921183
2021,한양대학교(ERICA) _분교,자연과학,511.0,17.0,3.326810176125244
2021,한일장신대학교,예체능,100.0,14.0,14.000000000000002
2021,한일장신대학교,인문사회,513.0,70.0,13.64522417153996
2021,한일장신대학교,자연과학,428.0,15.0,3.5046728971962615
2021,협성대학교,공학,1545.0,93.0,6.019417475728155
2021,협성대학교,예체능,646.0,52.0,8.04953560371517
2021,협성대학교,인문사회,3057.0,160.0,5.233889434085705
2021,협성대학교,자연과학,226.0,14.0,6.1946902654867255
2021,호남대학교,공학,2712.0,190.0,7.005899705014749
2021,호남대학교,예체능,687.0,43.0,6.259097525473072
2021,호남대학교,인문사회,3007.0,234.0,7.781842367808448
2021,호남대학교,자연과학,1078.0,25.0,2.3191094619666046
2021,호남신학대학교,예체능,315.0,26.0,8.253968253968253
2021,호남신학대학교,인문사회,413.0,32.0,7.74818401937046
2021,호서대학교,공학,7222.0,326.0,4.513985045693714
2021,호서대학교,예체능,1108.0,63.0,5.6859205776173285
2021,호서대학교,인문사회,5042.0,284.0,5.632685442284808
2021,호서대학교,자연과학,1136.0,31.0,2.7288732394366195
2021,호원대학교,공학,924.0,121.0,13.095238095238097
2021,호원대학교,예체능,1901.0,225.0,11.835875854813256
2021,호원대학교,인문사회,1420.0,173.0,12.183098591549296
2021,호원대학교,자연과학,543.0,9.0,1.6574585635359116
2021,홍익대학교,공학,7697.0,329.0,4.274392620501494
2021,홍익대학교,예체능,1785.0,51.0,2.857142857142857
2021,홍익대학교,인문사회,5522.0,196.0,3.5494386091995658
2021,홍익대학교 _제2캠퍼스,공학,3107.0,199.0,6.404892178950757
2021,홍익대학교 _제2캠퍼스,예체능,2483.0,88.0,3.5440998791784133
2021,홍익대학교 _제2캠퍼스,인문사회,1606.0,61.0,3.7982565379825655
2021,화성의과학대학교,공학,91.0,27.0,29.67032967032967
2021,화성의과학대학교,예체능,76.0,27.0,35.526315789473685
2021,화성의과학대학교,인문사회,336.0,114.0,33.92857142857143
2021,화성의과학대학교,자연과학,216.0,8.0,3.7037037037037033
2022,가야대학교(김해),공학,117.0,27.0,23.076923076923077
2022,가야대학교(김해),인문사회,531.0,60.0,11.299435028248588
2022,가야대학교(김해),자연과학,1187.0,57.0,4.802021903959562
2022,가천대학교,공학,7911.0,321.0,4.057641259006447
2022,가천대학교,예체능,2600.0,112.0,4.3076923076923075
2022,가천대학교,의학,275.0,0.0,0.0
2022,가천대학교,인문사회,9370.0,332.0,3.543223052294557
2022,가천대학교,자연과학,3249.0,86.0,2.646968297937827
2022,가톨릭관동대학교,공학,2212.0,172.0,7.775768535262206
2022,가톨릭관동대학교,예체능,807.0,74.0,9.169764560099132
2022,가톨릭관동대학교,의학,245.0,1.0,0.40816326530612246
2022,가톨릭관동대학교,인문사회,5250.0,429.0,8.17142857142857
2022,가톨릭관동대학교,자연과학,1166.0,32.0,2.7444253859348198
2022,가톨릭꽃동네대학교,인문사회,272.0,19.0,6.985294117647059
2022,가톨릭꽃동네대학교,자연과학,273.0,5.0,1.8315018315018317
2022,가톨릭대학교,공학,1988.0,80.0,4.0241448692152915
2022,가톨릭대학교,예체능,226.0,11.0,4.867256637168142
2022,가톨릭대학교,인문사회,5407.0,153.0,2.8296652487516183
2022,가톨릭대학교,자연과학,977.0,42.0,4.298874104401229
2022,가톨릭대학교 _제2캠퍼스,의학,386.0,0.0,0.0
2022,가톨릭대학교 _제2캠퍼스,자연과학,582.0,15.0,2.5773195876288657
2022,가톨릭대학교 _제3캠퍼스,인문사회,306.0,6.0,1.9607843137254901
2022,강남대학교,공학,1650.0,70.0,4.242424242424243
2022,강남대학교,예체능,476.0,39.0,8.193277310924369
2022,강남대학교,인문사회,4079.0,193.0,4.731551850943859
2022,강남대학교,자연과학,2.0,0.0,0.0
2022,강서대학교,예체능,138.0,17.0,12.318840579710146
2022,강서대학교,인문사회,1385.0,98.0,7.075812274368232
2022,강서대학교,자연과학,357.0,15.0,4.201680672268908
2022,강원대학교,공학,6394.0,210.0,3.2843290584923364
2022,강원대학교,예체능,667.0,18.0,2.6986506746626686
2022,강원대학교,의학,179.0,1.0,0.5586592178770949
2022,강원대학교,인문사회,7636.0,231.0,3.0251440544787846
2022,강원대학교,자연과학,2830.0,72.0,2.544169611307421
2022,강원대학교 _제2캠퍼스,공학,4191.0,322.0,7.6831305177761875
2022,강원대학교 _제2캠퍼스,예체능,736.0,40.0,5.434782608695652
2022,강원대학교 _제2캠퍼스,인문사회,1557.0,135.0,8.670520231213873
2022,강원대학교 _제2캠퍼스,자연과학,977.0,50.0,5.117707267144319
2022,건국대학교,공학,9550.0,321.0,3.361256544502618
2022,건국대학교,예체능,820.0,8.0,0.975609756097561
2022,건국대학교,의학,336.0,0.0,0.0
2022,건국대학교,인문사회,7110.0,182.0,2.559774964838256
2022,건국대학교,자연과학,2027.0,70.0,3.4533793783917117
2022,건국대학교(글로컬) _분교,공학,2447.0,87.0,3.555373927257867
2022,건국대학교(글로컬) _분교,예체능,1858.0,61.0,3.2831001076426265
2022,건국대학교(글로컬) _분교,의학,302.0,8.0,2.6490066225165565
2022,건국대학교(글로컬) _분교,인문사회,3149.0,158.0,5.017465862178469
2022,건국대학교(글로컬) _분교,자연과학,944.0,41.0,4.343220338983051
2022,건양대학교,공학,911.0,75.0,8.232711306256862
2022,건양대학교,예체능,368.0,21.0,5.706521739130435
2022,건양대학교,의학,147.0,14.0,9.523809523809524
2022,건양대학교,인문사회,1867.0,110.0,5.891805034815212
2022,건양대학교,자연과학,390.0,26.0,6.666666666666667
2022,건양대학교 _제2캠퍼스,공학,928.0,70.0,7.543103448275862
2022,건양대학교 _제2캠퍼스,예체능,233.0,18.0,7.725321888412018
2022,건양대학교 _제2캠퍼스,의학,230.0,0.0,0.0
2022,건양대학교 _제2캠퍼스,인문사회,196.0,10.0,5.1020408163265305
2022,건양대학교 _제2캠퍼스,자연과학,1400.0,30.0,2.142857142857143
2022,경기대학교,공학,4430.0,169.0,3.8148984198645595
2022,경기대학교,예체능,645.0,30.0,4.651162790697675
2022,경기대학교,인문사회,7425.0,300.0,4.040404040404041
2022,경기대학교,자연과학,786.0,32.0,4.071246819338422
2022,경기대학교 _제2캠퍼스,예체능,460.0,21.0,4.565217391304348
2022,경기대학교 _제2캠퍼스,인문사회,1790.0,86.0,4.804469273743017
2022,경남과학기술대학교,공학,2440.0,121.0,4.9590163934426235
2022,경남과학기술대학교,예체능,203.0,10.0,4.926108374384237
2022,경남과학기술대학교,인문사회,1357.0,72.0,5.305821665438467
2022,경남과학기술대학교,자연과학,721.0,27.0,3.744798890429958
2022,경남대학교,공학,4713.0,318.0,6.74729471674093
2022,경남대학교,예체능,243.0,17.0,6.995884773662551
2022,경남대학교,인문사회,6797.0,428.0,6.29689568927468
2022,경남대학교,자연과학,1235.0,56.0,4.534412955465587
2022,경동대학교,공학,42.0,8.0,19.047619047619047
2022,경동대학교,예체능,5.0,3.0,60.0
2022,경동대학교,인문사회,545.0,89.0,16.3302752293578
2022,경동대학교,자연과학,58.0,16.0,27.586206896551722
2022,경동대학교 _제3캠퍼스,공학,141.0,13.0,9.219858156028367
2022,경동대학교 _제3캠퍼스,인문사회,310.0,33.0,10.64516129032258
2022,경동대학교 _제3캠퍼스,자연과학,2620.0,81.0,3.091603053435114
2022,경동대학교 _제4캠퍼스,공학,1411.0,80.0,5.669737774627923
2022,경동대학교 _제4캠퍼스,예체능,421.0,37.0,8.788598574821853
2022,경동대학교 _제4캠퍼스,인문사회,1016.0,58.0,5.708661417322835
2022,경북대학교,공학,12482.0,600.0,4.806921967633392
2022,경북대학교,예체능,683.0,28.0,4.099560761346998
2022,경북대학교,의학,918.0,1.0,0.10893246187363835
2022,경북대학교,인문사회,8818.0,310.0,3.5155364028124287
2022,경북대학교,자연과학,3689.0,106.0,2.8734074274871237
2022,경상국립대학교,공학,8391.0,446.0,5.315218686688119
2022,경상국립대학교,예체능,28.0,1.0,3.571428571428571
2022,경상국립대학교,의학,693.0,9.0,1.2987012987012987
2022,경상국립대학교,인문사회,7471.0,343.0,4.591085530718779
2022,경상국립대학교,자연과학,1967.0,83.0,4.219623792577529
2022,경성대학교,공학,3781.0,227.0,6.003702724147051
2022,경성대학교,예체능,2461.0,135.0,5.485574969524584
2022,경성대학교,인문사회,7110.0,418.0,5.8790436005625875
2022,경성대학교,자연과학,1296.0,42.0,3.2407407407407405
2022,경운대학교,공학,2441.0,411.0,16.837361736993035
2022,경운대학교,예체능,218.0,39.0,17.889908256880734
2022,경운대학교,인문사회,634.0,71.0,11.198738170347003
2022,경운대학교,자연과학,1516.0,36.0,2.3746701846965697
2022,경인교육대학교,인문사회,1313.0,63.0,4.798172124904799
2022,경인교육대학교 _제2캠퍼스,인문사회,1306.0,8.0,0.6125574272588056
2022,경일대학교,공학,4193.0,413.0,9.84974958263773
2022,경일대학교,예체능,1445.0,84.0,5.813148788927336
2022,경일대학교,인문사회,993.0,76.0,7.653575025176234
2022,경일대학교,자연과학,724.0,18.0,2.4861878453038675
2022,경희대학교,공학,8898.0,359.0,4.034614520116881
2022,경희대학교,예체능,3205.0,80.0,2.49609984399376
2022,경희대학교,의학,1496.0,4.0,0.267379679144385
2022,경희대학교,인문사회,13531.0,411.0,3.037469514448304
2022,경희대학교,자연과학,3276.0,128.0,3.907203907203907
2022,계명대학교,공학,6007.0,325.0,5.4103545863159646
2022,계명대학교,예체능,3661.0,188.0,5.135208959300738
2022,계명대학교,의학,312.0,0.0,0.0
2022,계명대학교,인문사회,12731.0,619.0,4.862147513942346
2022,계명대학교,자연과학,2392.0,107.0,4.473244147157191
2022,고려대학교,공학,7888.0,451.0,5.717545638945233
2022,고려대학교,예체능,325.0,2.0,0.6153846153846154
2022,고려대학교,의학,434.0,0.0,0.0
2022,고려대학교,인문사회,13237.0,260.0,1.9641912820125407
2022,고려대학교,자연과학,3095.0,142.0,4.588045234248788
2022,고려대학교(세종) _분교,공학,3056.0,184.0,6.020942408376963
2022,고려대학교(세종) _분교,인문사회,3902.0,188.0,4.818042029728344
2022,고려대학교(세종) _분교,자연과학,675.0,43.0,6.37037037037037
2022,고신대학교,공학,292.0,65.0,22.26027397260274
2022,고신대학교,예체능,290.0,52.0,17.93103448275862
2022,고신대학교,의학,304.0,0.0,0.0
2022,고신대학교,인문사회,2144.0,231.0,10.774253731343283
2022,고신대학교,자연과학,987.0,41.0,4.154002026342452
2022,공주교육대학교,인문사회,1434.0,43.0,2.9986052998605297
2022,광신대학교,예체능,130.0,12.0,9.230769230769232
2022,광신대학교,인문사회,263.0,27.0,10.26615969581749
2022,광운대학교,공학,5631.0,220.0,3.906943704492985
2022,광운대학교,예체능,123.0,5.0,4.0650406504065035
2022,광운대학교,인문사회,4378.0,183.0,4.179990863407949
2022,광운대학교,자연과학,510.0,24.0,4.705882352941177
2022,광주가톨릭대학교,인문사회,114.0,10.0,8.771929824561402
2022,광주과학기술원,공학,614.0,20.0,3.257328990228013
2022,광주과학기술원,인문사회,307.0,27.0,8.794788273615636
2022,광주과학기술원,자연과학,88.0,1.0,1.1363636363636365
2022,광주교육대학교,인문사회,1337.0,36.0,2.692595362752431
2022,광주대학교,공학,1762.0,274.0,15.550510783200908
2022,광주대학교,예체능,749.0,95.0,12.683578104138851
2022,광주대학교,인문사회,3634.0,411.0,11.309851403412218
2022,광주대학교,자연과학,976.0,42.0,4.30327868852459
2022,광주여자대학교,공학,716.0,69.0,9.636871508379889
2022,광주여자대학교,예체능,578.0,49.0,8.477508650519031
2022,광주여자대학교,인문사회,1202.0,126.0,10.482529118136439
2022,광주여자대학교,자연과학,994.0,21.0,2.112676056338028
2022,국립강릉원주대학교,공학,2836.0,156.0,5.500705218617771
2022,국립강릉원주대학교,예체능,714.0,42.0,5.88235294117647
2022,국립강릉원주대학교,의학,160.0,0.0,0.0
2022,국립강릉원주대학교,인문사회,2697.0,188.0,6.970708194289951
2022,국립강릉원주대학교,자연과학,633.0,47.0,7.424960505529225
2022,국립강릉원주대학교 _제2캠퍼스,공학,1666.0,83.0,4.981992797118847
2022,국립강릉원주대학교 _제2캠퍼스,인문사회,774.0,32.0,4.1343669250646
2022,국립강릉원주대학교 _제2캠퍼스,자연과학,397.0,13.0,3.27455919395466
2022,국립경국대학교,공학,2594.0,175.0,6.746337702390131
2022,국립경국대학교,예체능,389.0,28.0,7.197943444730077
2022,국립경국대학교,의학,142.0,6.0,4.225352112676056
2022,국립경국대학교,인문사회,2622.0,165.0,6.292906178489703
2022,국립경국대학교,자연과학,1135.0,80.0,7.048458149779736
2022,국립공주대학교,공학,6188.0,148.0,2.391725921137686
2022,국립공주대학교,예체능,951.0,28.0,2.9442691903259726
2022,국립공주대학교,인문사회,5824.0,228.0,3.9148351648351647
2022,국립공주대학교,자연과학,1235.0,51.0,4.129554655870446
2022,국립군산대학교,공학,5153.0,253.0,4.909761304094702
2022,국립군산대학교,예체능,525.0,30.0,5.714285714285714
2022,국립군산대학교,인문사회,2562.0,150.0,5.85480093676815
2022,국립군산대학교,자연과학,583.0,26.0,4.459691252144083
2022,국립금오공과대학교,공학,6419.0,305.0,4.75151892818196
2022,국립금오공과대학교,예체능,97.0,5.0,5.154639175257731
2022,국립금오공과대학교,인문사회,403.0,29.0,7.196029776674938
2022,국립목포대학교,공학,3543.0,223.0,6.294101044312729
2022,국립목포대학교,예체능,430.0,33.0,7.674418604651163
2022,국립목포대학교,인문사회,2899.0,228.0,7.864780958951363
2022,국립목포대학교,자연과학,943.0,53.0,5.620360551431601
2022,국립목포해양대학교,공학,1830.0,140.0,7.650273224043716
2022,국립목포해양대학교,인문사회,140.0,6.0,4.285714285714286
2022,국립부경대학교,공학,10625.0,495.0,4.658823529411764
2022,국립부경대학교,예체능,475.0,10.0,2.1052631578947367
2022,국립부경대학교,인문사회,6261.0,274.0,4.376297716019805
2022,국립부경대학교,자연과학,931.0,36.0,3.866809881847476
2022,국립순천대학교,공학,2579.0,200.0,7.754943776657619
2022,국립순천대학교,예체능,591.0,27.0,4.568527918781726
2022,국립순천대학교,의학,68.0,8.0,11.76470588235294
2022,국립순천대학교,인문사회,3200.0,223.0,6.96875
2022,국립순천대학교,자연과학,1453.0,60.0,4.129387474191328
2022,국립창원대학교,공학,4222.0,222.0,5.258171482709616
2022,국립창원대학교,예체능,591.0,31.0,5.245346869712352
2022,국립창원대학교,인문사회,3764.0,188.0,4.994686503719448
2022,국립창원대학교,자연과학,788.0,43.0,5.456852791878172
2022,국립한국교통대학교,공학,6493.0,391.0,6.021869705837055
2022,국립한국교통대학교,예체능,288.0,16.0,5.555555555555555
2022,국립한국교통대학교,의학,18.0,1.0,5.555555555555555
2022,국립한국교통대학교,인문사회,2758.0,198.0,7.179115300942712
2022,국립한국교통대학교,자연과학,548.0,13.0,2.3722627737226274
2022,국립한국해양대학교,공학,3392.0,165.0,4.86438679245283
2022,국립한국해양대학교,인문사회,2074.0,99.0,4.7733847637415625
2022,국립한밭대학교,공학,6070.0,294.0,4.843492586490939
2022,국립한밭대학교,예체능,359.0,19.0,5.2924791086350975
2022,국립한밭대학교,인문사회,2611.0,176.0,6.74071237073918
2022,국민대학교,공학,7003.0,192.0,2.741682136227331
2022,국민대학교,예체능,2191.0,45.0,2.0538566864445458
2022,국민대학교,인문사회,9112.0,327.0,3.5886742756804217
2022,국민대학교,자연과학,1526.0,54.0,3.5386631716906947
2022,극동대학교,공학,1215.0,74.0,6.090534979423869
2022,극동대학교,예체능,965.0,85.0,8.808290155440414
2022,극동대학교,인문사회,746.0,70.0,9.383378016085791
2022,극동대학교,자연과학,634.0,21.0,3.3123028391167195
2022,금강대학교,인문사회,264.0,40.0,15.151515151515152
2022,김천대학교,공학,478.0,98.0,20.502092050209207
2022,김천대학교,예체능,116.0,24.0,20.689655172413794
2022,김천대학교,인문사회,431.0,72.0,16.70533642691415
2022,김천대학교,자연과학,1261.0,104.0,8.24742268041237
2022,나사렛대학교,공학,228.0,18.0,7.894736842105263
2022,나사렛대학교,예체능,255.0,26.0,10.196078431372548
2022,나사렛대학교,인문사회,3540.0,212.0,5.988700564971752
2022,나사렛대학교,자연과학,1338.0,74.0,5.5306427503736915
2022,남부대학교,공학,326.0,36.0,11.042944785276074
2022,남부대학교,예체능,144.0,21.0,14.583333333333334
2022,남부대학교,의학,1.0,0.0,0.0
2022,남부대학교,인문사회,919.0,134.0,14.58106637649619
2022,남부대학교,자연과학,1349.0,32.0,2.3721275018532246
2022,남서울대학교,공학,3576.0,200.0,5.592841163310962
2022,남서울대학교,예체능,567.0,35.0,6.172839506172839
2022,남서울대학교,인문사회,5286.0,350.0,6.621263715474838
2022,남서울대학교,자연과학,1000.0,23.0,2.3
2022,단국대학교,공학,6266.0,203.0,3.2397063517395472
2022,단국대학교,예체능,1406.0,50.0,3.556187766714083
2022,단국대학교,인문사회,6199.0,187.0,3.016615583158574
2022,단국대학교,자연과학,262.0,11.0,4.198473282442748
2022,단국대학교 _제2캠퍼스,공학,2870.0,131.0,4.564459930313588
2022,단국대학교 _제2캠퍼스,예체능,946.0,56.0,5.9196617336152215
2022,단국대학교 _제2캠퍼스,의학,410.0,0.0,0.0
2022,단국대학교 _제2캠퍼스,인문사회,4911.0,207.0,4.215027489309713
2022,단국대학교 _제2캠퍼스,자연과학,2203.0,87.0,3.9491602360417613
2022,대구가톨릭대학교,공학,4363.0,334.0,7.655283062113225
2022,대구가톨릭대학교,예체능,1101.0,64.0,5.812897366030881
2022,대구가톨릭대학교,의학,175.0,0.0,0.0
2022,대구가톨릭대학교,인문사회,5126.0,388.0,7.569254779555208
2022,대구가톨릭대학교,자연과학,1817.0,57.0,3.137039075399009
2022,대구경북과학기술원,자연과학,1052.0,29.0,2.7566539923954374
2022,대구교육대학교,인문사회,1606.0,42.0,2.6151930261519305
2022,대구대학교,공학,5132.0,383.0,7.462977396726423
2022,대구대학교,예체능,1396.0,76.0,5.444126074498568
2022,대구대학교,인문사회,10571.0,725.0,6.858386150789897
2022,대구대학교,자연과학,1797.0,76.0,4.22927100723428
2022,대구예술대학교,공학,182.0,33.0,18.13186813186813
2022,대구예술대학교,예체능,768.0,109.0,14.192708333333334
2022,대구예술대학교,인문사회,27.0,7.0,25.925925925925924
2022,대구한의대학교,공학,1096.0,86.0,7.846715328467154
2022,대구한의대학교,예체능,514.0,43.0,8.365758754863812
2022,대구한의대학교,의학,705.0,18.0,2.553191489361702
2022,대구한의대학교,인문사회,1619.0,115.0,7.103150092649783
2022,대구한의대학교,자연과학,2662.0,185.0,6.949661908339594
2022,대신대학교,예체능,186.0,13.0,6.989247311827956
2022,대신대학교,인문사회,417.0,37.0,8.872901678657074
2022,대전가톨릭대학교,인문사회,50.0,3.0,6.0
2022,대전대학교,공학,3370.0,224.0,6.646884272997032
2022,대전대학교,예체능,1300.0,75.0,5.769230769230769
2022,대전대학교,의학,318.0,2.0,0.628930817610063
2022,대전대학교,인문사회,4685.0,317.0,6.766275346851653
2022,대전대학교,자연과학,1445.0,56.0,3.875432525951557
2022,대전신학대학교,인문사회,71.0,10.0,14.084507042253522
2022,대진대학교,공학,2927.0,143.0,4.885548343013324
2022,대진대학교,예체능,574.0,28.0,4.878048780487805
2022,대진대학교,인문사회,3837.0,210.0,5.473025801407349
2022,대진대학교,자연과학,670.0,13.0,1.9402985074626864
2022,덕성여자대학교,공학,532.0,33.0,6.203007518796992
2022,덕성여자대학교,예체능,416.0,9.0,2.1634615384615383
2022,덕성여자대학교,인문사회,2934.0,64.0,2.1813224267212
2022,덕성여자대학교,자연과학,1554.0,69.0,4.440154440154441
2022,동국대학교,공학,5427.0,203.0,3.740556476874885
2022,동국대학교,예체능,865.0,19.0,2.1965317919075145
2022,동국대학교,인문사회,9478.0,214.0,2.2578603080818738
2022,동국대학교,자연과학,1219.0,53.0,4.3478260869565215
2022,동국대학교(WISE) _분교,공학,1946.0,121.0,6.217882836587873
2022,동국대학교(WISE) _분교,예체능,423.0,27.0,6.382978723404255
2022,동국대학교(WISE) _분교,의학,477.0,2.0,0.41928721174004197
2022,동국대학교(WISE) _분교,인문사회,5176.0,320.0,6.182380216383308
2022,동국대학교(WISE) _분교,자연과학,1076.0,61.0,5.669144981412639
2022,동덕여자대학교,공학,616.0,28.0,4.545454545454546
2022,동덕여자대학교,예체능,1499.0,42.0,2.801867911941294
2022,동덕여자대학교,인문사회,3424.0,126.0,3.6799065420560746
2022,동덕여자대학교,자연과학,855.0,31.0,3.625730994152047
2022,동명대학교,공학,3567.0,477.0,13.372582001682085
2022,동명대학교,예체능,949.0,98.0,10.326659641728135
2022,동명대학교,인문사회,4019.0,443.0,11.022642448370242
2022,동명대학교,자연과학,682.0,47.0,6.89149560117302
2022,동서대학교,공학,2654.0,152.0,5.727204220045215
2022,동서대학교,예체능,2601.0,107.0,4.1138023836985775
2022,동서대학교,인문사회,4731.0,291.0,6.150919467343057
2022,동서대학교,자연과학,854.0,40.0,4.683840749414521
2022,동신대학교,공학,1986.0,301.0,15.15609264853978
2022,동신대학교,예체능,593.0,76.0,12.816188870151771
2022,동신대학교,의학,184.0,1.0,0.5434782608695652
2022,동신대학교,인문사회,2416.0,302.0,12.5
2022,동신대학교,자연과학,1418.0,61.0,4.301833568406206
2022,동아대학교,공학,8655.0,385.0,4.448295782784518
2022,동아대학교,예체능,1843.0,94.0,5.100379815518177
2022,동아대학교,의학,192.0,0.0,0.0
2022,동아대학교,인문사회,9705.0,356.0,3.6682122617207624
2022,동아대학교,자연과학,1367.0,37.0,2.7066569129480618
2022,동양대학교,공학,1822.0,151.0,8.287596048298573
2022,동양대학교,예체능,1376.0,139.0,10.101744186046512
2022,동양대학교,인문사회,1520.0,153.0,10.06578947368421
2022,동양대학교,자연과학,333.0,9.0,2.7027027027027026
2022,동의대학교,공학,7130.0,429.0,6.016830294530155
2022,동의대학교,예체능,1695.0,124.0,7.315634218289086
2022,동의대학교,의학,191.0,1.0,0.5235602094240838
2022,동의대학교,인문사회,7962.0,534.0,6.706857573474001
2022,동의대학교,자연과학,1669.0,64.0,3.834631515877771
2022,디지털서울문화예술대학교,공학,846.0,133.0,15.721040189125295
2022,디지털서울문화예술대학교,예체능,1608.0,271.0,16.85323383084577
2022,디지털서울문화예술대학교,인문사회,602.0,97.0,16.11295681063123
2022,명지대학교,공학,5594.0,243.0,4.343939935645334
2022,명지대학교,예체능,1333.0,81.0,6.0765191297824455
2022,명지대학교,인문사회,569.0,24.0,4.21792618629174
2022,명지대학교,자연과학,434.0,20.0,4.6082949308755765
2022,명지대학교 _제2캠퍼스,공학,482.0,13.0,2.6970954356846475
2022,명지대학교 _제2캠퍼스,예체능,368.0,12.0,3.260869565217391
2022,명지대학교 _제2캠퍼스,인문사회,8189.0,358.0,4.3717181585053115
2022,목원대학교,공학,2596.0,159.0,6.1248073959938365
2022,목원대학교,예체능,1554.0,95.0,6.113256113256113
2022,목원대학교,인문사회,4350.0,319.0,7.333333333333333
2022,목원대학교,자연과학,180.0,11.0,6.111111111111111
2022,목포가톨릭대학교,인문사회,139.0,4.0,2.877697841726619
2022,목포가톨릭대학교,자연과학,427.0,10.0,2.3419203747072603
2022,배재대학교,공학,3249.0,251.0,7.725453985841797
2022,배재대학교,예체능,831.0,63.0,7.581227436823104
2022,배재대학교,인문사회,3617.0,341.0,9.427702515897153
2022,배재대학교,자연과학,1176.0,87.0,7.3979591836734695
2022,백석대학교,공학,1874.0,106.0,5.656350053361793
2022,백석대학교,예체능,1622.0,69.0,4.254007398273736
2022,백석대학교,인문사회,6014.0,327.0,5.437312936481543
2022,백석대학교,자연과학,1097.0,24.0,2.187784867821331
2022,부산가톨릭대학교,공학,396.0,42.0,10.606060606060606
2022,부산가톨릭대학교,인문사회,1589.0,113.0,7.11139081183134
2022,부산가톨릭대학교,자연과학,1539.0,43.0,2.7940220922677064
2022,부산교육대학교,인문사회,1520.0,39.0,2.5657894736842106
2022,부산대학교,공학,10255.0,508.0,4.953681131155534
2022,부산대학교,예체능,1663.0,55.0,3.307276007215875
2022,부산대학교,의학,500.0,0.0,0.0
2022,부산대학교,인문사회,8789.0,281.0,3.197178291045625
2022,부산대학교,자연과학,2909.0,111.0,3.815744242007563
2022,부산디지털대학교,인문사회,807.0,92.0,11.400247831474598
2022,부산외국어대학교,공학,1187.0,67.0,5.644481887110362
2022,부산외국어대학교,예체능,296.0,18.0,6.081081081081082
2022,부산외국어대학교,인문사회,6759.0,372.0,5.503772747447847
2022,부산외국어대학교,자연과학,74.0,6.0,8.108108108108109
2022,부산장신대학교,인문사회,180.0,26.0,14.444444444444443
2022,삼육대학교,공학,1960.0,68.0,3.4693877551020407
2022,삼육대학교,예체능,969.0,44.0,4.540763673890609
2022,삼육대학교,인문사회,2491.0,82.0,3.2918506623845842
2022,삼육대학교,자연과학,1320.0,42.0,3.1818181818181817
2022,상명대학교,공학,2375.0,82.0,3.4526315789473685
2022,상명대학교,예체능,1270.0,44.0,3.4645669291338583
2022,상명대학교,인문사회,4343.0,199.0,4.582086115588304
2022,상명대학교,자연과학,394.0,15.0,3.807106598984772
2022,상명대학교 _제2캠퍼스,공학,2087.0,92.0,4.408241494968855
2022,상명대학교 _제2캠퍼스,예체능,2716.0,87.0,3.2032400589101617
2022,상명대학교 _제2캠퍼스,인문사회,1931.0,96.0,4.971517348524081
2022,상명대학교 _제2캠퍼스,자연과학,304.0,3.0,0.9868421052631579
2022,상지대학교,공학,1759.0,101.0,5.741898806139853
2022,상지대학교,예체능,1295.0,105.0,8.108108108108109
2022,상지대학교,의학,218.0,0.0,0.0
2022,상지대학교,인문사회,3699.0,314.0,8.488780751554474
2022,상지대학교,자연과학,1249.0,51.0,4.083266613290633
2022,서강대학교,공학,3120.0,141.0,4.519230769230769
2022,서강대학교,예체능,232.0,4.0,1.7241379310344827
2022,서강대학교,인문사회,6540.0,219.0,3.3486238532110093
2022,서강대학교,자연과학,675.0,26.0,3.851851851851852
2022,서경대학교,공학,2854.0,112.0,3.9243167484232657
2022,서경대학교,예체능,1608.0,69.0,4.291044776119403
2022,서경대학교,인문사회,2765.0,131.0,4.737793851717902
2022,서울과학기술대학교,공학,8536.0,336.0,3.936269915651359
2022,서울과학기술대학교,예체능,860.0,19.0,2.2093023255813953
2022,서울과학기술대학교,인문사회,1413.0,59.0,4.175513092710545
2022,서울교육대학교,인문사회,1538.0,83.0,5.396618985695708
2022,서울기독대학교,예체능,102.0,12.0,11.76470588235294
2022,서울기독대학교,인문사회,310.0,19.0,6.129032258064516
2022,서울기독대학교,자연과학,30.0,1.0,3.3333333333333335
2022,서울대학교,공학,6141.0,192.0,3.126526624328285
2022,서울대학교,예체능,1104.0,9.0,0.8152173913043478
2022,서울대학교,의학,803.0,4.0,0.49813200498132004
2022,서울대학교,인문사회,8160.0,98.0,1.200980392156863
2022,서울대학교,자연과학,2098.0,55.0,2.621544327931363
2022,서울디지털대학교,공학,1812.0,232.0,12.803532008830022
2022,서울디지털대학교,예체능,1639.0,235.0,14.338010982306285
2022,서울디지털대학교,인문사회,6970.0,951.0,13.644189383070302
2022,서울시립대학교,공학,5392.0,179.0,3.31973293768546
2022,서울시립대학교,예체능,150.0,4.0,2.666666666666667
2022,서울시립대학교,인문사회,5111.0,122.0,2.3870084132263747
2022,서울시립대학교,자연과학,667.0,22.0,3.2983508245877062
2022,서울신학대학교,공학,75.0,6.0,8.0
2022,서울신학대학교,예체능,448.0,39.0,8.705357142857142
2022,서울신학대학교,인문사회,1902.0,101.0,5.310199789695059
2022,서울여자대학교,공학,1914.0,82.0,4.284221525600835
2022,서울여자대학교,예체능,848.0,26.0,3.0660377358490565
2022,서울여자대학교,인문사회,3790.0,156.0,4.116094986807388
2022,서울여자대학교,자연과학,278.0,16.0,5.755395683453238
2022,서울장신대학교,예체능,70.0,18.0,25.71428571428571
2022,서울장신대학교,인문사회,383.0,18.0,4.699738903394255
2022,서울한영대학교,예체능,68.0,14.0,20.588235294117645
2022,서울한영대학교,인문사회,665.0,78.0,11.729323308270677
2022,서울한영대학교,자연과학,132.0,9.0,6.8181818181818175
2022,서원대학교,공학,1371.0,89.0,6.491611962071481
2022,서원대학교,예체능,495.0,31.0,6.262626262626263
2022,서원대학교,인문사회,3969.0,216.0,5.442176870748299
2022,서원대학교,자연과학,696.0,45.0,6.4655172413793105
2022,선문대학교,공학,4836.0,335.0,6.927212572373863
2022,선문대학교,예체능,333.0,16.0,4.804804804804805
2022,선문대학교,인문사회,5542.0,404.0,7.289787080476362
2022,선문대학교,자연과학,700.0,19.0,2.7142857142857144
2022,성결대학교,공학,1872.0,98.0,5.235042735042735
2022,성결대학교,예체능,544.0,42.0,7.720588235294118
2022,성결대학교,인문사회,3633.0,174.0,4.789430222956235
2022,성공회대학교,공학,392.0,18.0,4.591836734693878
2022,성공회대학교,인문사회,951.0,30.0,3.1545741324921135
2022,성균관대학교,공학,6952.0,199.0,2.8624856156501726
2022,성균관대학교,예체능,1218.0,32.0,2.6272577996715927
2022,성균관대학교,의학,169.0,0.0,0.0
2022,성균관대학교,인문사회,9968.0,203.0,2.0365168539325844
2022,성균관대학교,자연과학,1948.0,52.0,2.6694045174537986
2022,성신여자대학교,공학,1821.0,70.0,3.844041735310269
2022,성신여자대학교,예체능,1468.0,48.0,3.2697547683923704
2022,성신여자대학교,인문사회,4070.0,159.0,3.9066339066339064
2022,성신여자대학교,자연과학,1728.0,67.0,3.877314814814815
2022,세명대학교,공학,2683.0,202.0,7.528885575847931
2022,세명대학교,예체능,1167.0,99.0,8.483290488431876
2022,세명대학교,의학,179.0,0.0,0.0
2022,세명대학교,인문사회,3042.0,286.0,9.401709401709402
2022,세명대학교,자연과학,1975.0,92.0,4.658227848101266
2022,세종대학교,공학,6904.0,349.0,5.055040556199305
2022,세종대학교,예체능,1273.0,49.0,3.8491751767478397
2022,세종대학교,인문사회,4713.0,209.0,4.434542754084447
2022,세종대학교,자연과학,595.0,36.0,6.050420168067227
2022,세한대학교,공학,1062.0,0.0,0.0
2022,세한대학교,예체능,708.0,12.0,1.694915254237288
2022,세한대학교,인문사회,1068.0,85.0,7.9588014981273405
2022,세한대학교,자연과학,730.0,38.0,5.205479452054795
2022,송원대학교,공학,999.0,167.0,16.716716716716718
2022,송원대학교,예체능,366.0,35.0,9.562841530054644
2022,송원대학교,인문사회,1278.0,137.0,10.719874804381847
2022,송원대학교,자연과학,747.0,29.0,3.8821954484605086
2022,수원가톨릭대학교,인문사회,171.0,9.0,5.263157894736842
2022,수원대학교,공학,4338.0,230.0,5.301982480405717
2022,수원대학교,예체능,1818.0,135.0,7.425742574257425
2022,수원대학교,인문사회,3446.0,200.0,5.803830528148578
2022,수원대학교,자연과학,788.0,38.0,4.822335025380711
2022,숙명여자대학교,공학,2132.0,118.0,5.534709193245779
2022,숙명여자대학교,예체능,744.0,10.0,1.3440860215053763
2022,숙명여자대학교,인문사회,6128.0,147.0,2.3988250652741514
2022,숙명여자대학교,자연과학,1385.0,76.0,5.487364620938628
2022,순복음총회신학교,예체능,14.0,5.0,35.714285714285715
2022,순복음총회신학교,인문사회,136.0,45.0,33.088235294117645
2022,순천향대학교,공학,5176.0,289.0,5.583462132921175
2022,순천향대학교,예체능,535.0,43.0,8.037383177570094
2022,순천향대학교,의학,843.0,32.0,3.795966785290629
2022,순천향대학교,인문사회,4859.0,287.0,5.906565136859436
2022,순천향대학교,자연과학,953.0,30.0,3.147953830010493
2022,숭실대학교,공학,7374.0,244.0,3.308923243829672
2022,숭실대학교,예체능,270.0,3.0,1.1111111111111112
2022,숭실대학교,인문사회,8286.0,258.0,3.113685734974656
2022,숭실대학교,자연과학,441.0,22.0,4.988662131519274
2022,신경주대학교,공학,82.0,29.0,35.36585365853659
2022,신경주대학교,예체능,146.0,28.0,19.17808219178082
2022,신경주대학교,인문사회,256.0,53.0,20.703125
2022,신경주대학교,자연과학,203.0,5.0,2.4630541871921183
2022,신라대학교,공학,2701.0,310.0,11.477230655312846
2022,신라대학교,예체능,892.0,95.0,10.650224215246636
2022,신라대학교,인문사회,4299.0,418.0,9.723191439869737
2022,신라대학교,자연과학,808.0,41.0,5.074257425742575
2022,신한대학교,공학,903.0,59.0,6.533776301218161
2022,신한대학교,인문사회,374.0,22.0,5.88235294117647
2022,신한대학교,자연과학,542.0,15.0,2.7675276752767526
2022,신한대학교 _제2캠퍼스,공학,798.0,36.0,4.511278195488721
2022,신한대학교 _제2캠퍼스,예체능,856.0,89.0,10.397196261682243
2022,신한대학교 _제2캠퍼스,인문사회,2925.0,136.0,4.64957264957265
2022,신한대학교 _제2캠퍼스,자연과학,760.0,29.0,3.8157894736842106
2022,아신대학교,인문사회,463.0,53.0,11.447084233261338
2022,아주대학교,공학,6316.0,237.0,3.752374920835972
2022,아주대학교,예체능,666.0,15.0,2.2522522522522523
2022,아주대학교,의학,270.0,2.0,0.7407407407407408
2022,아주대학교,인문사회,4032.0,133.0,3.298611111111111
2022,아주대학교,자연과학,1088.0,28.0,2.5735294117647056
2022,안양대학교,공학,1665.0,63.0,3.783783783783784
2022,안양대학교,예체능,717.0,33.0,4.602510460251046
2022,안양대학교,인문사회,2353.0,122.0,5.184870378240544
2022,안양대학교,자연과학,414.0,20.0,4.830917874396135
2022,안양대학교 _제2캠퍼스,공학,223.0,18.0,8.071748878923767
2022,안양대학교 _제2캠퍼스,예체능,47.0,10.0,21.27659574468085
2022,안양대학교 _제2캠퍼스,인문사회,109.0,7.0,6.422018348623854
2022,연세대학교,공학,6421.0,172.0,2.678710481233453
2022,연세대학교,예체능,515.0,5.0,0.9708737864077669
2022,연세대학교,의학,780.0,4.0,0.5128205128205128
2022,연세대학교,인문사회,11675.0,158.0,1.3533190578158458
2022,연세대학교,자연과학,2696.0,71.0,2.6335311572700295
2022,연세대학교(미래) _분교,공학,2063.0,87.0,4.217159476490548
2022,연세대학교(미래) _분교,예체능,480.0,13.0,2.7083333333333335
2022,연세대학교(미래) _분교,의학,432.0,1.0,0.23148148148148145
2022,연세대학교(미래) _분교,인문사회,3159.0,100.0,3.165558721114277
2022,연세대학교(미래) _분교,자연과학,1415.0,44.0,3.109540636042403
2022,영남대학교,공학,10457.0,477.0,4.561537725925217
2022,영남대학교,예체능,1961.0,86.0,4.385517593064763
2022,영남대학교,의학,305.0,0.0,0.0
2022,영남대학교,인문사회,10577.0,473.0,4.47196747660017
2022,영남대학교,자연과학,2278.0,109.0,4.784899034240562
2022,영남신학대학교,인문사회,501.0,40.0,7.984031936127744
2022,영산대학교,공학,743.0,91.0,12.24764468371467
2022,영산대학교,인문사회,752.0,75.0,9.97340425531915
2022,영산대학교,자연과학,742.0,16.0,2.15633423180593
2022,영산대학교 _제2캠퍼스,공학,311.0,27.0,8.681672025723474
2022,영산대학교 _제2캠퍼스,예체능,1113.0,109.0,9.793351302785265
2022,영산대학교 _제2캠퍼스,인문사회,1357.0,161.0,11.864406779661017
2022,예수대학교,인문사회,46.0,5.0,10.869565217391305
2022,예수대학교,자연과학,547.0,7.0,1.2797074954296161
2022,예원예술대학교,예체능,1212.0,123.0,10.14851485148515
2022,예원예술대학교,인문사회,5.0,0.0,0.0
2022,예원예술대학교 _제2캠퍼스,공학,143.0,24.0,16.783216783216783
2022,예원예술대학교 _제2캠퍼스,예체능,345.0,32.0,9.27536231884058
2022,용인대학교,공학,732.0,54.0,7.377049180327869
2022,용인대학교,예체능,1461.0,105.0,7.186858316221765
2022,용인대학교,인문사회,2062.0,132.0,6.401551891367604
2022,용인대학교,자연과학,394.0,15.0,3.807106598984772
2022,우석대학교,공학,2069.0,232.0,11.213146447559208
2022,우석대학교,예체능,728.0,74.0,10.164835164835164
2022,우석대학교,의학,144.0,1.0,0.6944444444444444
2022,우석대학교,인문사회,3075.0,266.0,8.65040650406504
2022,우석대학교,자연과학,1512.0,53.0,3.505291005291005
2022,우송대학교,공학,2912.0,123.0,4.223901098901099
2022,우송대학교,예체능,859.0,41.0,4.772991850989523
2022,우송대학교,인문사회,3925.0,192.0,4.89171974522293
2022,우송대학교,자연과학,1270.0,44.0,3.4645669291338583
2022,울산과학기술원,공학,1466.0,31.0,2.1145975443383356
2022,울산과학기술원,예체능,55.0,1.0,1.8181818181818181
2022,울산과학기술원,인문사회,203.0,1.0,0.49261083743842365
2022,울산과학기술원,자연과학,179.0,7.0,3.910614525139665
2022,울산대학교,공학,6733.0,300.0,4.455666122085251
2022,울산대학교,예체능,726.0,36.0,4.958677685950414
2022,울산대학교,의학,162.0,1.0,0.6172839506172839
2022,울산대학교,인문사회,6171.0,330.0,5.347593582887701
2022,울산대학교,자연과학,1662.0,74.0,4.452466907340553
2022,원광대학교,공학,6168.0,464.0,7.522697795071336
2022,원광대학교,예체능,867.0,72.0,8.304498269896193
2022,원광대학교,의학,1129.0,2.0,0.1771479185119575
2022,원광대학교,인문사회,6452.0,494.0,7.656540607563546
2022,원광대학교,자연과학,3040.0,126.0,4.144736842105263
2022,원광디지털대학교,예체능,1593.0,208.0,13.0571249215317
2022,원광디지털대학교,인문사회,3941.0,606.0,15.376807916772393
2022,원광디지털대학교,자연과학,1177.0,180.0,15.293118096856414
2022,위덕대학교,공학,563.0,110.0,19.538188277087034
2022,위덕대학교,예체능,12.0,4.0,33.33333333333333
2022,위덕대학교,인문사회,1293.0,176.0,13.611755607115237
2022,위덕대학교,자연과학,811.0,58.0,7.151664611590629
2022,유원대학교,공학,1093.0,139.0,12.717291857273558
2022,유원대학교,예체능,484.0,69.0,14.256198347107437
2022,유원대학교,인문사회,1542.0,234.0,15.17509727626459
2022,유원대학교,자연과학,500.0,32.0,6.4
2022,을지대학교,의학,200.0,0.0,0.0
2022,을지대학교,자연과학,102.0,1.0,0.9803921568627451
2022,을지대학교 _제2캠퍼스,공학,896.0,44.0,4.910714285714286
2022,을지대학교 _제2캠퍼스,예체능,226.0,18.0,7.964601769911504
2022,을지대학교 _제2캠퍼스,인문사회,573.0,21.0,3.664921465968586
2022,을지대학교 _제2캠퍼스,자연과학,1419.0,37.0,2.6074700493305145
2022,을지대학교 _제3캠퍼스,자연과학,614.0,11.0,1.7915309446254073
2022,이화여자대학교,공학,3103.0,114.0,3.6738640025781506
2022,이화여자대학교,예체능,1461.0,19.0,1.3004791238877482
2022,이화여자대학교,의학,307.0,0.0,0.0
2022,이화여자대학교,인문사회,8989.0,212.0,2.358438091000111
2022,이화여자대학교,자연과학,3029.0,87.0,2.872235061076263
2022,인제대학교,공학,2834.0,243.0,8.574453069865914
2022,인제대학교,예체능,287.0,32.0,11.149825783972126
2022,인제대학교,의학,419.0,0.0,0.0
2022,인제대학교,인문사회,2921.0,225.0,7.702841492639507
2022,인제대학교,자연과학,2128.0,63.0,2.9605263157894735
2022,인천가톨릭대학교,인문사회,75.0,7.0,9.333333333333334
2022,인천가톨릭대학교 _제2캠퍼스,공학,81.0,1.0,1.2345679012345678
2022,인천가톨릭대학교 _제2캠퍼스,예체능,324.0,26.0,8.024691358024691
2022,인천가톨릭대학교 _제2캠퍼스,인문사회,101.0,5.0,4.9504950495049505
2022,인천가톨릭대학교 _제2캠퍼스,자연과학,205.0,3.0,1.4634146341463417
2022,인천대학교,공학,6129.0,231.0,3.768967205090553
2022,인천대학교,예체능,1480.0,55.0,3.7162162162162162
2022,인천대학교,인문사회,6214.0,218.0,3.5082072738976504
2022,인천대학교,자연과학,613.0,18.0,2.936378466557912
2022,인하대학교,공학,10657.0,358.0,3.359294360514216
2022,인하대학교,예체능,696.0,11.0,1.5804597701149428
2022,인하대학교,의학,213.0,0.0,0.0
2022,인하대학교,인문사회,8415.0,231.0,2.7450980392156863
2022,인하대학교,자연과학,1838.0,60.0,3.264417845484222
2022,장로회신학대학교,예체능,250.0,19.0,7.6
2022,장로회신학대학교,인문사회,566.0,16.0,2.8268551236749118
2022,전남대학교,공학,6223.0,307.0,4.9333119074401415
2022,전남대학교,예체능,910.0,31.0,3.4065934065934065
2022,전남대학교,의학,692.0,1.0,0.1445086705202312
2022,전남대학교,인문사회,8016.0,270.0,3.3682634730538923
2022,전남대학교,자연과학,3234.0,144.0,4.452690166975881
2022,전남대학교 _제2캠퍼스,공학,2429.0,202.0,8.316179497735694
2022,전남대학교 _제2캠퍼스,인문사회,819.0,59.0,7.203907203907203
2022,전남대학교 _제2캠퍼스,자연과학,63.0,8.0,12.698412698412698
2022,전북대학교,공학,10297.0,470.0,4.564436243566087
2022,전북대학교,예체능,522.0,19.0,3.6398467432950192
2022,전북대학교,의학,922.0,3.0,0.32537960954446854
2022,전북대학교,인문사회,8150.0,317.0,3.8895705521472395
2022,전북대학교,자연과학,2435.0,96.0,3.942505133470226
2022,전주교육대학교,인문사회,1169.0,43.0,3.6783575705731395
2022,전주대학교,공학,3750.0,251.0,6.693333333333333
2022,전주대학교,예체능,945.0,66.0,6.984126984126984
2022,전주대학교,의학,1.0,1.0,100.0
2022,전주대학교,인문사회,7261.0,546.0,7.519625395950971
2022,전주대학교,자연과학,1033.0,38.0,3.6786060019361084
2022,정석대학,공학,1.0,1.0,100.0
2022,정석대학,인문사회,45.0,1.0,2.2222222222222223
2022,제주국제대학교,공학,446.0,92.0,20.62780269058296
2022,제주국제대학교,예체능,7.0,2.0,28.57142857142857
2022,제주국제대학교,인문사회,205.0,40.0,19.51219512195122
2022,제주국제대학교,자연과학,13.0,10.0,76.92307692307693
2022,제주대학교,공학,3748.0,210.0,5.602988260405549
2022,제주대학교,예체능,683.0,57.0,8.345534407027818
2022,제주대학교,의학,262.0,3.0,1.1450381679389312
2022,제주대학교,인문사회,6242.0,298.0,4.774110861903236
2022,제주대학교,자연과학,1707.0,81.0,4.745166959578207
2022,조선대학교,공학,9100.0,446.0,4.9010989010989015
2022,조선대학교,예체능,1590.0,84.0,5.283018867924529
2022,조선대학교,의학,803.0,2.0,0.24906600249066002
2022,조선대학교,인문사회,9914.0,544.0,5.487189832560016
2022,조선대학교,자연과학,1862.0,66.0,3.544575725026853
2022,중부대학교,공학,3391.0,265.0,7.814803892657034
2022,중부대학교,예체능,1312.0,85.0,6.478658536585366
2022,중부대학교,인문사회,3361.0,305.0,9.074680154715859
2022,중부대학교,자연과학,990.0,64.0,6.4646464646464645
2022,중앙대학교,공학,5938.0,238.0,4.008083529808016
2022,중앙대학교,예체능,607.0,28.0,4.612850082372323
2022,중앙대학교,의학,552.0,4.0,0.7246376811594203
2022,중앙대학교,인문사회,13794.0,405.0,2.93605915615485
2022,중앙대학교,자연과학,2714.0,122.0,4.495210022107591
2022,중앙대학교 _제2캠퍼스,공학,1238.0,57.0,4.604200323101777
2022,중앙대학교 _제2캠퍼스,예체능,4178.0,145.0,3.4705600765916707
2022,중앙대학교 _제2캠퍼스,인문사회,38.0,19.0,50.0
2022,중앙대학교 _제2캠퍼스,자연과학,2.0,1.0,50.0
2022,중앙승가대학교,예체능,21.0,3.0,14.285714285714285
2022,중앙승가대학교,인문사회,71.0,12.0,16.901408450704224
2022,중원대학교,공학,2194.0,305.0,13.901549680948039
2022,중원대학교,예체능,277.0,35.0,12.63537906137184
2022,중원대학교,인문사회,822.0,145.0,17.63990267639903
2022,중원대학교,자연과학,872.0,70.0,8.027522935779817
2022,진주교육대학교,인문사회,1332.0,25.0,1.8768768768768769
2022,차의과학대학교,공학,430.0,30.0,6.976744186046512
2022,차의과학대학교,예체능,159.0,11.0,6.918238993710692
2022,차의과학대학교,의학,295.0,14.0,4.745762711864407
2022,차의과학대학교,인문사회,636.0,50.0,7.861635220125786
2022,차의과학대학교,자연과학,1138.0,50.0,4.393673110720562
2022,창신대학교,공학,499.0,79.0,15.831663326653306
2022,창신대학교,예체능,249.0,36.0,14.457831325301203
2022,창신대학교,인문사회,708.0,70.0,9.887005649717514
2022,창신대학교,자연과학,641.0,24.0,3.74414976599064
2022,청운대학교,공학,1266.0,85.0,6.714060031595577
2022,청운대학교,예체능,801.0,119.0,14.856429463171036
2022,청운대학교,인문사회,2840.0,227.0,7.992957746478874
2022,청운대학교,자연과학,513.0,19.0,3.7037037037037033
2022,청주교육대학교,인문사회,1206.0,44.0,3.6484245439469323
2022,청주대학교,공학,5021.0,245.0,4.879506074487154
2022,청주대학교,예체능,1175.0,52.0,4.425531914893617
2022,청주대학교,의학,41.0,2.0,4.878048780487805
2022,청주대학교,인문사회,5964.0,290.0,4.862508383635144
2022,청주대학교,자연과학,1655.0,49.0,2.9607250755287007
2022,초당대학교,공학,1295.0,246.0,18.996138996138995
2022,초당대학교,예체능,166.0,32.0,19.27710843373494
2022,초당대학교,인문사회,808.0,198.0,24.504950495049506
2022,초당대학교,자연과학,868.0,31.0,3.571428571428571
2022,총신대학교,예체능,298.0,16.0,5.369127516778524
2022,총신대학교,인문사회,1471.0,47.0,3.195105370496261
2022,총신대학교,자연과학,51.0,0.0,0.0
2022,추계예술대학교,예체능,631.0,37.0,5.863708399366086
2022,추계예술대학교,인문사회,122.0,2.0,1.639344262295082
2022,춘천교육대학교,인문사회,1330.0,52.0,3.909774436090226
2022,충남대학교,공학,7476.0,348.0,4.654895666131622
2022,충남대학교,예체능,552.0,20.0,3.6231884057971016
2022,충남대학교,의학,848.0,7.0,0.8254716981132075
2022,충남대학교,인문사회,8197.0,301.0,3.6720751494449186
2022,충남대학교,자연과학,3441.0,173.0,5.027608253414705
2022,충북대학교,공학,7421.0,299.0,4.0291065894084355
2022,충북대학교,예체능,55.0,2.0,3.6363636363636362
2022,충북대학교,의학,500.0,2.0,0.4
2022,충북대학교,인문사회,6339.0,259.0,4.085817952358417
2022,충북대학교,자연과학,2434.0,109.0,4.47822514379622
2022,칼빈대학교,예체능,44.0,4.0,9.090909090909092
2022,칼빈대학교,인문사회,219.0,22.0,10.045662100456621
2022,평택대학교,공학,1279.0,83.0,6.489444878811572
2022,평택대학교,예체능,856.0,111.0,12.967289719626168
2022,평택대학교,인문사회,1775.0,150.0,8.450704225352112
2022,평택대학교,자연과학,259.0,24.0,9.266409266409266
2022,포항공과대학교,공학,766.0,11.0,1.4360313315926894
2022,포항공과대학교,인문사회,78.0,0.0,0.0
2022,포항공과대학교,자연과학,96.0,0.0,0.0
2022,한경국립대학교,공학,3986.0,233.0,5.845459106874059
2022,한경국립대학교,예체능,317.0,15.0,4.73186119873817
2022,한경국립대학교,인문사회,1210.0,84.0,6.9421487603305785
2022,한경국립대학교,자연과학,384.0,26.0,6.770833333333333
2022,한국공학대학교,공학,7126.0,345.0,4.8414257648049395
2022,한국공학대학교,예체능,1483.0,70.0,4.720161834120027
2022,한국공학대학교,인문사회,1019.0,61.0,5.986261040235525
2022,한국과학기술원,공학,3226.0,55.0,1.7048977061376318
2022,한국과학기술원,인문사회,66.0,0.0,0.0
2022,한국과학기술원,자연과학,230.0,4.0,1.7391304347826086
2022,한국교원대학교,인문사회,2596.0,66.0,2.5423728813559325
2022,한국기술교육대학교,공학,4993.0,203.0,4.065691968756259
2022,한국기술교육대학교,인문사회,894.0,63.0,7.046979865771812
2022,한국방송통신대학교,공학,17716.0,3609.0,20.37141566945134
2022,한국방송통신대학교,예체능,6170.0,1450.0,23.500810372771475
2022,한국방송통신대학교,인문사회,89617.0,18644.0,20.804088509992525
2022,한국방송통신대학교,자연과학,11776.0,2195.0,18.63960597826087
2022,한국성서대학교,공학,214.0,10.0,4.672897196261682
2022,한국성서대학교,인문사회,419.0,21.0,5.011933174224343
2022,한국성서대학교,자연과학,243.0,3.0,1.2345679012345678
2022,한국예술종합학교,공학,119.0,4.0,3.361344537815126
2022,한국예술종합학교,예체능,2144.0,44.0,2.0522388059701493
2022,한국예술종합학교,인문사회,147.0,3.0,2.0408163265306123
2022,한국외국어대학교,공학,2300.0,140.0,6.086956521739131
2022,한국외국어대학교,인문사회,12849.0,510.0,3.9691804809712816
2022,한국외국어대학교,자연과학,871.0,50.0,5.7405281285878305
2022,한국전통문화대학교,공학,194.0,0.0,0.0
2022,한국전통문화대학교,예체능,194.0,0.0,0.0
2022,한국전통문화대학교,인문사회,279.0,0.0,0.0
2022,한국체육대학교,공학,158.0,4.0,2.5316455696202533
2022,한국체육대학교,예체능,1886.0,41.0,2.1739130434782608
2022,한국체육대학교,인문사회,194.0,4.0,2.0618556701030926
2022,한국침례신학대학교,예체능,117.0,15.0,12.82051282051282
2022,한국침례신학대학교,인문사회,1047.0,52.0,4.966571155682904
2022,한국항공대학교,공학,5027.0,187.0,3.7199124726477026
2022,한국항공대학교,인문사회,613.0,22.0,3.588907014681892
2022,한남대학교,공학,3807.0,229.0,6.015235093249278
2022,한남대학교,예체능,800.0,35.0,4.375
2022,한남대학교,인문사회,8040.0,427.0,5.310945273631841
2022,한남대학교,자연과학,1043.0,67.0,6.423777564717162
2022,한동대학교,공학,1815.0,64.0,3.5261707988980713
2022,한동대학교,예체능,350.0,9.0,2.571428571428571
2022,한동대학교,인문사회,1599.0,50.0,3.1269543464665412
2022,한라대학교,공학,725.0,54.0,7.448275862068964
2022,한라대학교,예체능,238.0,16.0,6.722689075630252
2022,한라대학교,인문사회,1141.0,62.0,5.433829973707274
2022,한림대학교,공학,935.0,57.0,6.096256684491978
2022,한림대학교,예체능,341.0,14.0,4.105571847507331
2022,한림대학교,의학,326.0,1.0,0.3067484662576687
2022,한림대학교,인문사회,4779.0,230.0,4.812722326846621
2022,한림대학교,자연과학,1223.0,39.0,3.188879803761243
2022,한서대학교,공학,3992.0,289.0,7.239478957915832
2022,한서대학교,예체능,932.0,62.0,6.652360515021459
2022,한서대학교,인문사회,1747.0,109.0,6.239267315397825
2022,한서대학교,자연과학,1051.0,48.0,4.567078972407232
2022,한성대학교,공학,2444.0,96.0,3.927986906710311
2022,한성대학교,예체능,1043.0,30.0,2.876318312559923
2022,한성대학교,인문사회,1202.0,52.0,4.326123128119801
2022,한성대학교,자연과학,1.0,0.0,0.0
2022,한세대학교,공학,843.0,46.0,5.456702253855279
2022,한세대학교,예체능,437.0,27.0,6.178489702517163
2022,한세대학교,인문사회,1645.0,102.0,6.2006079027355625
2022,한세대학교,자연과학,208.0,2.0,0.9615384615384616
2022,한신대학교,공학,1381.0,66.0,4.779145546705286
2022,한신대학교,예체능,36.0,2.0,5.555555555555555
2022,한신대학교,인문사회,4985.0,321.0,6.439317953861584
2022,한신대학교,자연과학,453.0,30.0,6.622516556291391
2022,한양대학교,공학,9289.0,391.0,4.2092797933039074
2022,한양대학교,예체능,712.0,21.0,2.9494382022471908
2022,한양대학교,의학,443.0,3.0,0.6772009029345373
2022,한양대학교,인문사회,7223.0,228.0,3.156583137200609
2022,한양대학교,자연과학,1717.0,58.0,3.37798485730926
2022,한양대학교(ERICA) _분교,공학,5955.0,165.0,2.770780856423174
2022,한양대학교(ERICA) _분교,예체능,1423.0,27.0,1.8973998594518624
2022,한양대학교(ERICA) _분교,인문사회,4584.0,121.0,2.6396160558464223
2022,한양대학교(ERICA) _분교,자연과학,537.0,21.0,3.910614525139665
2022,한일장신대학교,예체능,86.0,27.0,31.3953488372093
2022,한일장신대학교,인문사회,431.0,63.0,14.617169373549885
2022,한일장신대학교,자연과학,506.0,23.0,4.545454545454546
2022,협성대학교,공학,1532.0,84.0,5.483028720626632
2022,협성대학교,예체능,664.0,64.0,9.63855421686747
2022,협성대학교,인문사회,2934.0,186.0,6.339468302658487
2022,협성대학교,자연과학,211.0,5.0,2.3696682464454977
2022,호남대학교,공학,2612.0,230.0,8.805513016845328
2022,호남대학교,예체능,671.0,63.0,9.38897168405365
2022,호남대학교,인문사회,2860.0,219.0,7.657342657342657
2022,호남대학교,자연과학,1162.0,27.0,2.323580034423408
2022,호남신학대학교,예체능,333.0,23.0,6.906906906906906
2022,호남신학대학교,인문사회,424.0,17.0,4.009433962264151
2022,호서대학교,공학,7202.0,390.0,5.415162454873646
2022,호서대학교,예체능,1168.0,61.0,5.222602739726027
2022,호서대학교,인문사회,4798.0,321.0,6.690287619841601
2022,호서대학교,자연과학,1118.0,34.0,3.041144901610018
2022,호원대학교,공학,854.0,131.0,15.339578454332553
2022,호원대학교,예체능,1919.0,161.0,8.389786347055757
2022,호원대학교,인문사회,1193.0,231.0,19.362950544844928
2022,호원대학교,자연과학,600.0,18.0,3.0
2022,홍익대학교,공학,7527.0,294.0,3.9059386209645277
2022,홍익대학교,예체능,1889.0,41.0,2.170460561143462
2022,홍익대학교,인문사회,5238.0,200.0,3.8182512409316534
2022,홍익대학교 _제2캠퍼스,공학,2988.0,180.0,6.024096385542169
2022,홍익대학교 _제2캠퍼스,예체능,2470.0,74.0,2.9959514170040484
2022,홍익대학교 _제2캠퍼스,인문사회,1442.0,55.0,3.814147018030513
2022,화성의과학대학교,공학,74.0,13.0,17.56756756756757
2022,화성의과학대학교,예체능,42.0,2.0,4.761904761904762
2022,화성의과학대학교,인문사회,199.0,26.0,13.06532663316583
2022,화성의과학대학교,자연과학,208.0,4.0,1.9230769230769231
2023,가톨릭관동대학교,공학,1698.0,154.0,9.069493521790342
2023,가톨릭관동대학교,예체능,574.0,49.0,8.536585365853659
2023,가톨릭관동대학교,의학,242.0,1.0,0.4132231404958678
2023,가톨릭관동대학교,인문사회,4189.0,422.0,10.074003342086417
2023,가톨릭관동대학교,자연과학,1179.0,60.0,5.089058524173027
2023,가톨릭꽃동네대학교,인문사회,244.0,16.0,6.557377049180328
2023,가톨릭꽃동네대학교,자연과학,310.0,13.0,4.193548387096775
2023,가톨릭대학교,공학,1966.0,70.0,3.560528992878942
2023,가톨릭대학교,예체능,234.0,18.0,7.6923076923076925
2023,가톨릭대학교,인문사회,5421.0,145.0,2.6747832503228186
2023,가톨릭대학교,자연과학,1045.0,46.0,4.401913875598086
2023,가톨릭대학교 _제2캠퍼스,의학,379.0,0.0,0.0
2023,가톨릭대학교 _제2캠퍼스,자연과학,587.0,13.0,2.2146507666098807
2023,가톨릭대학교 _제3캠퍼스,인문사회,312.0,16.0,5.128205128205128
2023,강남대학교,공학,1340.0,47.0,3.5074626865671643
2023,강남대학교,예체능,548.0,54.0,9.854014598540147
2023,강남대학교,인문사회,4141.0,196.0,4.733156242453513
2023,강서대학교,예체능,147.0,11.0,7.482993197278912
2023,강서대학교,인문사회,1505.0,91.0,6.046511627906977
2023,강서대학교,자연과학,366.0,11.0,3.0054644808743167
2023,강원대학교,공학,6514.0,198.0,3.039607000307031
2023,강원대학교,예체능,682.0,13.0,1.906158357771261
2023,강원대학교,의학,208.0,1.0,0.4807692307692308
2023,강원대학교,인문사회,7723.0,250.0,3.2370840347015406
2023,강원대학교,자연과학,2832.0,87.0,3.0720338983050848
2023,강원대학교 _제2캠퍼스,공학,4069.0,219.0,5.382157778323912
2023,강원대학교 _제2캠퍼스,예체능,713.0,35.0,4.908835904628331
2023,강원대학교 _제2캠퍼스,인문사회,1424.0,94.0,6.601123595505618
2023,강원대학교 _제2캠퍼스,자연과학,958.0,37.0,3.8622129436325676
2023,건국대학교,공학,9637.0,288.0,2.988481892705199
2023,건국대학교,예체능,847.0,9.0,1.062573789846517
2023,건국대학교,의학,340.0,0.0,0.0
2023,건국대학교,인문사회,6947.0,198.0,2.8501511443788687
2023,건국대학교,자연과학,2070.0,66.0,3.1884057971014492
2023,건국대학교(글로컬) _분교,공학,2380.0,80.0,3.361344537815126
2023,건국대학교(글로컬) _분교,예체능,1928.0,53.0,2.7489626556016598
2023,건국대학교(글로컬) _분교,의학,225.0,2.0,0.8888888888888888
2023,건국대학교(글로컬) _분교,인문사회,2936.0,138.0,4.700272479564033
2023,건국대학교(글로컬) _분교,자연과학,1121.0,49.0,4.371097234611954
2023,건양대학교,공학,866.0,70.0,8.083140877598153
2023,건양대학교,예체능,358.0,28.0,7.82122905027933
2023,건양대학교,의학,152.0,6.0,3.9473684210526314
2023,건양대학교,인문사회,1780.0,132.0,7.415730337078652
2023,건양대학교,자연과학,400.0,25.0,6.25
2023,건양대학교 _제2캠퍼스,공학,917.0,68.0,7.415485278080698
2023,건양대학교 _제2캠퍼스,예체능,232.0,25.0,10.775862068965516
2023,건양대학교 _제2캠퍼스,의학,233.0,0.0,0.0
2023,건양대학교 _제2캠퍼스,인문사회,217.0,16.0,7.373271889400922
2023,건양대학교 _제2캠퍼스,자연과학,1394.0,43.0,3.084648493543759
2023,경기대학교,공학,4426.0,147.0,3.321283325802079
2023,경기대학교,예체능,625.0,16.0,2.56
2023,경기대학교,인문사회,7495.0,275.0,3.6691127418278855
2023,경기대학교,자연과학,780.0,26.0,3.3333333333333335
2023,경기대학교 _제2캠퍼스,예체능,496.0,19.0,3.8306451612903225
2023,경기대학교 _제2캠퍼스,인문사회,1816.0,73.0,4.0198237885462555
2023,경남과학기술대학교,공학,1920.0,102.0,5.3125
2023,경남과학기술대학교,예체능,115.0,8.0,6.956521739130435
2023,경남과학기술대학교,인문사회,1041.0,70.0,6.724303554274735
2023,경남과학기술대학교,자연과학,493.0,22.0,4.462474645030426
2023,경남대학교,공학,4062.0,338.0,8.321024126046282
2023,경남대학교,예체능,493.0,28.0,5.679513184584178
2023,경남대학교,인문사회,5918.0,401.0,6.775937816830011
2023,경남대학교,자연과학,1166.0,48.0,4.1166380789022305
2023,경동대학교,공학,31.0,4.0,12.903225806451612
2023,경동대학교,예체능,1.0,1.0,100.0
2023,경동대학교,인문사회,650.0,48.0,7.384615384615385
2023,경동대학교,자연과학,28.0,15.0,53.57142857142857
2023,경동대학교 _제3캠퍼스,공학,130.0,8.0,6.153846153846154
2023,경동대학교 _제3캠퍼스,인문사회,267.0,38.0,14.232209737827715
2023,경동대학교 _제3캠퍼스,자연과학,2668.0,80.0,2.998500749625187
2023,경동대학교 _제4캠퍼스,공학,1427.0,111.0,7.778556412053258
2023,경동대학교 _제4캠퍼스,예체능,421.0,26.0,6.175771971496437
2023,경동대학교 _제4캠퍼스,인문사회,912.0,67.0,7.346491228070176
2023,경북대학교,공학,12466.0,541.0,4.339804267607893
2023,경북대학교,예체능,957.0,39.0,4.075235109717868
2023,경북대학교,의학,927.0,4.0,0.4314994606256742
2023,경북대학교,인문사회,8801.0,294.0,3.3405294852857628
2023,경북대학교,자연과학,3823.0,139.0,3.635888046037144
2023,경상국립대학교,공학,8729.0,496.0,5.682208729522282
2023,경상국립대학교,예체능,55.0,2.0,3.6363636363636362
2023,경상국립대학교,의학,691.0,15.0,2.170767004341534
2023,경상국립대학교,인문사회,7599.0,373.0,4.908540597447033
2023,경상국립대학교,자연과학,2222.0,123.0,5.535553555355536
2023,경성대학교,공학,3665.0,215.0,5.866302864938609
2023,경성대학교,예체능,2384.0,174.0,7.298657718120806
2023,경성대학교,인문사회,7109.0,454.0,6.386270924180616
2023,경성대학교,자연과학,1298.0,42.0,3.2357473035439135
2023,경운대학교,공학,2126.0,286.0,13.452492944496708
2023,경운대학교,예체능,11.0,11.0,100.0
2023,경운대학교,인문사회,750.0,138.0,18.4
2023,경운대학교,자연과학,1692.0,64.0,3.7825059101654848
2023,경인교육대학교,인문사회,1283.0,86.0,6.703039750584567
2023,경인교육대학교 _제2캠퍼스,인문사회,1293.0,16.0,1.237432327919567
2023,경일대학교,공학,2693.0,198.0,7.352395098403268
2023,경일대학교,예체능,2433.0,190.0,7.809288943690916
2023,경일대학교,인문사회,1034.0,75.0,7.253384912959381
2023,경일대학교,자연과학,798.0,14.0,1.7543859649122806
2023,경희대학교,공학,8822.0,338.0,3.8313307639990932
2023,경희대학교,예체능,3220.0,79.0,2.453416149068323
2023,경희대학교,의학,1529.0,7.0,0.45781556572923476
2023,경희대학교,인문사회,13046.0,408.0,3.1273953702284225
2023,경희대학교,자연과학,3211.0,118.0,3.674867642478979
2023,계명대학교,공학,6381.0,295.0,4.623099827613227
2023,계명대학교,예체능,3330.0,173.0,5.195195195195195
2023,계명대학교,의학,325.0,0.0,0.0
2023,계명대학교,인문사회,12500.0,597.0,4.776
2023,계명대학교,자연과학,2407.0,80.0,3.3236393851267136
2023,고려대학교,공학,7811.0,386.0,4.941748815772629
2023,고려대학교,예체능,329.0,7.0,2.127659574468085
2023,고려대학교,의학,437.0,0.0,0.0
2023,고려대학교,인문사회,13000.0,264.0,2.0307692307692307
2023,고려대학교,자연과학,3048.0,140.0,4.593175853018373
2023,고려대학교(세종) _분교,공학,3019.0,177.0,5.862868499503147
2023,고려대학교(세종) _분교,인문사회,3729.0,195.0,5.229283990345937
2023,고려대학교(세종) _분교,자연과학,673.0,43.0,6.389301634472511
2023,고신대학교,공학,234.0,30.0,12.82051282051282
2023,고신대학교,예체능,280.0,57.0,20.357142857142858
2023,고신대학교,의학,306.0,0.0,0.0
2023,고신대학교,인문사회,1879.0,229.0,12.187333688131986
2023,고신대학교,자연과학,997.0,52.0,5.2156469408224675
2023,공주교육대학교,인문사회,1419.0,57.0,4.0169133192389
2023,광신대학교,예체능,124.0,17.0,13.709677419354838
2023,광신대학교,인문사회,258.0,27.0,10.465116279069768
2023,광운대학교,공학,5495.0,208.0,3.7852593266606007
2023,광운대학교,예체능,18.0,2.0,11.11111111111111
2023,광운대학교,인문사회,4308.0,269.0,6.244196843082637
2023,광운대학교,자연과학,494.0,23.0,4.65587044534413
2023,광주가톨릭대학교,인문사회,103.0,4.0,3.8834951456310676
2023,광주과학기술원,공학,659.0,16.0,2.4279210925644916
2023,광주과학기술원,인문사회,306.0,21.0,6.862745098039216
2023,광주과학기술원,자연과학,85.0,2.0,2.3529411764705883
2023,광주교육대학교,인문사회,1335.0,47.0,3.5205992509363293
2023,광주대학교,공학,1455.0,168.0,11.54639175257732
2023,광주대학교,예체능,706.0,75.0,10.623229461756374
2023,광주대학교,인문사회,3207.0,366.0,11.412535079513564
2023,광주대학교,자연과학,1046.0,28.0,2.676864244741874
2023,광주여자대학교,공학,593.0,50.0,8.431703204047219
2023,광주여자대학교,예체능,514.0,79.0,15.369649805447471
2023,광주여자대학교,인문사회,1040.0,136.0,13.076923076923078
2023,광주여자대학교,자연과학,1058.0,36.0,3.402646502835539
2023,국립강릉원주대학교,공학,2861.0,173.0,6.046836770360014
2023,국립강릉원주대학교,예체능,704.0,37.0,5.255681818181818
2023,국립강릉원주대학교,의학,156.0,1.0,0.641025641025641
2023,국립강릉원주대학교,인문사회,2415.0,159.0,6.583850931677018
2023,국립강릉원주대학교,자연과학,451.0,27.0,5.986696230598669
2023,국립강릉원주대학교 _제2캠퍼스,공학,1684.0,101.0,5.997624703087886
2023,국립강릉원주대학교 _제2캠퍼스,인문사회,764.0,33.0,4.319371727748691
2023,국립강릉원주대학교 _제2캠퍼스,자연과학,396.0,13.0,3.2828282828282833
2023,국립경국대학교,공학,2331.0,166.0,7.121407121407121
2023,국립경국대학교,예체능,366.0,33.0,9.01639344262295
2023,국립경국대학교,의학,139.0,5.0,3.597122302158273
2023,국립경국대학교,인문사회,2524.0,182.0,7.210776545166403
2023,국립경국대학교,자연과학,1011.0,59.0,5.835806132542038
2023,국립공주대학교,공학,5805.0,317.0,5.460809646856159
2023,국립공주대학교,예체능,1023.0,45.0,4.398826979472141
2023,국립공주대학교,인문사회,5810.0,215.0,3.7005163511187606
2023,국립공주대학교,자연과학,1249.0,75.0,6.00480384307446
2023,국립군산대학교,공학,4872.0,398.0,8.169129720853858
2023,국립군산대학교,예체능,511.0,28.0,5.47945205479452
2023,국립군산대학교,인문사회,2001.0,178.0,8.895552223888057
2023,국립군산대학교,자연과학,541.0,27.0,4.990757855822551
2023,국립금오공과대학교,공학,6081.0,294.0,4.834731129748397
2023,국립금오공과대학교,예체능,260.0,10.0,3.8461538461538463
2023,국립금오공과대학교,인문사회,370.0,24.0,6.486486486486487
2023,국립목포대학교,공학,3333.0,249.0,7.470747074707471
2023,국립목포대학교,예체능,413.0,33.0,7.990314769975787
2023,국립목포대학교,인문사회,2737.0,210.0,7.672634271099745
2023,국립목포대학교,자연과학,926.0,50.0,5.399568034557236
2023,국립목포해양대학교,공학,1761.0,176.0,9.994321408290743
2023,국립목포해양대학교,인문사회,127.0,6.0,4.724409448818897
2023,국립부경대학교,공학,10277.0,428.0,4.1646394862313905
2023,국립부경대학교,예체능,466.0,21.0,4.506437768240343
2023,국립부경대학교,인문사회,6143.0,262.0,4.265017092625753
2023,국립부경대학교,자연과학,946.0,40.0,4.2283298097251585
2023,국립순천대학교,공학,2621.0,208.0,7.93590232735597
2023,국립순천대학교,예체능,587.0,42.0,7.155025553662692
2023,국립순천대학교,의학,39.0,5.0,12.82051282051282
2023,국립순천대학교,인문사회,3118.0,216.0,6.927517639512508
2023,국립순천대학교,자연과학,1509.0,75.0,4.970178926441352
2023,국립창원대학교,공학,4091.0,205.0,5.010999755560987
2023,국립창원대학교,예체능,578.0,37.0,6.401384083044983
2023,국립창원대학교,인문사회,3714.0,221.0,5.9504577275175015
2023,국립창원대학교,자연과학,775.0,42.0,5.419354838709677
2023,국립한국교통대학교,공학,6150.0,363.0,5.902439024390244
2023,국립한국교통대학교,예체능,309.0,29.0,9.385113268608414
2023,국립한국교통대학교,의학,39.0,0.0,0.0
2023,국립한국교통대학교,인문사회,2663.0,180.0,6.759294029290275
2023,국립한국교통대학교,자연과학,553.0,18.0,3.25497287522604
2023,국립한국해양대학교,공학,3335.0,152.0,4.557721139430285
2023,국립한국해양대학교,인문사회,1945.0,101.0,5.19280205655527
2023,국립한밭대학교,공학,6169.0,371.0,6.013940671097422
2023,국립한밭대학교,예체능,372.0,10.0,2.6881720430107525
2023,국립한밭대학교,인문사회,2626.0,158.0,6.016755521706017
2023,국민대학교,공학,6933.0,217.0,3.1299581710659163
2023,국민대학교,예체능,2206.0,38.0,1.7225747960108795
2023,국민대학교,인문사회,8852.0,368.0,4.1572525982828745
2023,국민대학교,자연과학,1548.0,54.0,3.488372093023256
2023,극동대학교,공학,1117.0,91.0,8.146821844225604
2023,극동대학교,예체능,874.0,83.0,9.496567505720824
2023,극동대학교,인문사회,628.0,88.0,14.012738853503185
2023,극동대학교,자연과학,604.0,27.0,4.470198675496689
2023,금강대학교,인문사회,196.0,32.0,16.3265306122449
2023,김천대학교,공학,330.0,65.0,19.696969696969695
2023,김천대학교,예체능,112.0,23.0,20.535714285714285
2023,김천대학교,인문사회,349.0,66.0,18.911174785100286
2023,김천대학교,자연과학,1206.0,77.0,6.384742951907131
2023,나사렛대학교,공학,152.0,24.0,15.789473684210526
2023,나사렛대학교,예체능,228.0,47.0,20.614035087719298
2023,나사렛대학교,인문사회,3546.0,309.0,8.714043993231812
2023,나사렛대학교,자연과학,1188.0,100.0,8.417508417508419
2023,남부대학교,공학,301.0,53.0,17.60797342192691
2023,남부대학교,예체능,124.0,14.0,11.29032258064516
2023,남부대학교,인문사회,754.0,94.0,12.46684350132626
2023,남부대학교,자연과학,1332.0,35.0,2.6276276276276276
2023,남서울대학교,공학,2580.0,154.0,5.9689922480620154
2023,남서울대학교,예체능,1490.0,93.0,6.241610738255034
2023,남서울대학교,인문사회,5014.0,286.0,5.704028719585161
2023,남서울대학교,자연과학,1053.0,33.0,3.133903133903134
2023,단국대학교,공학,6331.0,205.0,3.238035065550466
2023,단국대학교,예체능,1439.0,47.0,3.2661570535093816
2023,단국대학교,인문사회,6044.0,233.0,3.85506287227002
2023,단국대학교,자연과학,248.0,9.0,3.6290322580645165
2023,단국대학교 _제2캠퍼스,공학,2995.0,145.0,4.841402337228715
2023,단국대학교 _제2캠퍼스,예체능,843.0,45.0,5.338078291814947
2023,단국대학교 _제2캠퍼스,의학,416.0,3.0,0.7211538461538461
2023,단국대학교 _제2캠퍼스,인문사회,5044.0,274.0,5.432196669310072
2023,단국대학교 _제2캠퍼스,자연과학,2169.0,89.0,4.103273397879207
2023,대구가톨릭대학교,공학,3700.0,252.0,6.8108108108108105
2023,대구가톨릭대학교,예체능,1254.0,100.0,7.974481658692185
2023,대구가톨릭대학교,의학,169.0,0.0,0.0
2023,대구가톨릭대학교,인문사회,4895.0,402.0,8.212461695607763
2023,대구가톨릭대학교,자연과학,1882.0,64.0,3.4006376195536663
2023,대구경북과학기술원,자연과학,1073.0,41.0,3.8210624417520966
2023,대구교육대학교,인문사회,1602.0,55.0,3.4332084893882646
2023,대구대학교,공학,4399.0,377.0,8.570129574903387
2023,대구대학교,예체능,1203.0,75.0,6.234413965087282
2023,대구대학교,인문사회,10017.0,701.0,6.998103224518319
2023,대구대학교,자연과학,2295.0,150.0,6.535947712418301
2023,대구예술대학교,공학,95.0,47.0,49.473684210526315
2023,대구예술대학교,예체능,552.0,94.0,17.02898550724638
2023,대구예술대학교,인문사회,15.0,6.0,40.0
2023,대구한의대학교,공학,1023.0,108.0,10.557184750733137
2023,대구한의대학교,예체능,467.0,48.0,10.278372591006423
2023,대구한의대학교,의학,693.0,33.0,4.761904761904762
2023,대구한의대학교,인문사회,1593.0,205.0,12.868801004394225
2023,대구한의대학교,자연과학,2614.0,182.0,6.962509563886764
2023,대신대학교,예체능,181.0,11.0,6.077348066298343
2023,대신대학교,인문사회,419.0,20.0,4.77326968973747
2023,대전가톨릭대학교,인문사회,51.0,4.0,7.8431372549019605
2023,대전대학교,공학,3117.0,241.0,7.731793391081168
2023,대전대학교,예체능,1280.0,86.0,6.71875
2023,대전대학교,의학,315.0,0.0,0.0
2023,대전대학교,인문사회,4271.0,300.0,7.024116132053384
2023,대전대학교,자연과학,1453.0,59.0,4.0605643496214725
2023,대전신학대학교,인문사회,54.0,5.0,9.25925925925926
2023,대진대학교,공학,2677.0,175.0,6.5371684721703405
2023,대진대학교,예체능,1099.0,69.0,6.278434940855323
2023,대진대학교,인문사회,3701.0,235.0,6.3496352337206154
2023,대진대학교,자연과학,656.0,24.0,3.6585365853658534
2023,덕성여자대학교,공학,580.0,19.0,3.2758620689655173
2023,덕성여자대학교,예체능,416.0,8.0,1.9230769230769231
2023,덕성여자대학교,인문사회,2792.0,81.0,2.9011461318051577
2023,덕성여자대학교,자연과학,1554.0,108.0,6.94980694980695
2023,동국대학교,공학,5357.0,172.0,3.210752286727646
2023,동국대학교,예체능,872.0,14.0,1.6055045871559634
2023,동국대학교,인문사회,9323.0,327.0,3.5074546819693233
2023,동국대학교,자연과학,1203.0,37.0,3.0756442227763925
2023,동국대학교(WISE) _분교,공학,1824.0,149.0,8.168859649122808
2023,동국대학교(WISE) _분교,예체능,442.0,34.0,7.6923076923076925
2023,동국대학교(WISE) _분교,의학,549.0,0.0,0.0
2023,동국대학교(WISE) _분교,인문사회,4835.0,374.0,7.735263702171665
2023,동국대학교(WISE) _분교,자연과학,1172.0,45.0,3.839590443686007
2023,동덕여자대학교,공학,576.0,34.0,5.902777777777778
2023,동덕여자대학교,예체능,1595.0,80.0,5.015673981191222
2023,동덕여자대학교,인문사회,3876.0,206.0,5.314757481940145
2023,동덕여자대학교,자연과학,864.0,41.0,4.74537037037037
2023,동명대학교,공학,2996.0,311.0,10.380507343124165
2023,동명대학교,예체능,1021.0,81.0,7.933398628795299
2023,동명대학교,인문사회,3580.0,391.0,10.921787709497206
2023,동명대학교,자연과학,708.0,44.0,6.214689265536723
2023,동서대학교,공학,2607.0,196.0,7.5182201764480245
2023,동서대학교,예체능,2478.0,151.0,6.09362389023406
2023,동서대학교,인문사회,4319.0,358.0,8.288955776800186
2023,동서대학교,자연과학,905.0,25.0,2.7624309392265194
2023,동신대학교,공학,1577.0,198.0,12.555485098287889
2023,동신대학교,예체능,596.0,85.0,14.261744966442953
2023,동신대학교,의학,176.0,1.0,0.5681818181818182
2023,동신대학교,인문사회,2183.0,270.0,12.368300503893725
2023,동신대학교,자연과학,1441.0,58.0,4.02498265093685
2023,동아대학교,공학,8778.0,357.0,4.0669856459330145
2023,동아대학교,예체능,1783.0,99.0,5.552439708356703
2023,동아대학교,의학,205.0,1.0,0.4878048780487805
2023,동아대학교,인문사회,9388.0,410.0,4.367277375372816
2023,동아대학교,자연과학,1398.0,54.0,3.862660944206009
2023,동양대학교,공학,1839.0,198.0,10.766721044045676
2023,동양대학교,예체능,1402.0,165.0,11.768901569186877
2023,동양대학교,인문사회,1405.0,172.0,12.241992882562277
2023,동양대학교,자연과학,384.0,8.0,2.083333333333333
2023,동의대학교,공학,6765.0,482.0,7.12490761271249
2023,동의대학교,예체능,1632.0,124.0,7.598039215686274
2023,동의대학교,의학,199.0,2.0,1.0050251256281406
2023,동의대학교,인문사회,7845.0,566.0,7.21478648820905
2023,동의대학교,자연과학,1649.0,80.0,4.851425106124925
2023,디지털서울문화예술대학교,공학,925.0,155.0,16.756756756756758
2023,디지털서울문화예술대학교,예체능,1436.0,223.0,15.529247910863509
2023,디지털서울문화예술대학교,인문사회,509.0,96.0,18.860510805500983
2023,루터대학교,인문사회,335.0,44.0,13.134328358208954
2023,명지대학교,공학,5469.0,202.0,3.693545437922838
2023,명지대학교,예체능,1250.0,58.0,4.64
2023,명지대학교,인문사회,560.0,22.0,3.9285714285714284
2023,명지대학교,자연과학,428.0,18.0,4.205607476635514
2023,명지대학교 _제2캠퍼스,공학,499.0,12.0,2.404809619238477
2023,명지대학교 _제2캠퍼스,예체능,368.0,11.0,2.989130434782609
2023,명지대학교 _제2캠퍼스,인문사회,7999.0,348.0,4.350543817977247
2023,목원대학교,공학,2336.0,168.0,7.191780821917808
2023,목원대학교,예체능,1518.0,95.0,6.258234519104085
2023,목원대학교,인문사회,3978.0,302.0,7.59175465057818
2023,목원대학교,자연과학,387.0,31.0,8.010335917312661
2023,목포가톨릭대학교,인문사회,134.0,8.0,5.970149253731343
2023,목포가톨릭대학교,자연과학,433.0,8.0,1.8475750577367205
2023,배재대학교,공학,3113.0,254.0,8.159331834243496
2023,배재대학교,예체능,964.0,59.0,6.1203319502074685
2023,배재대학교,인문사회,3452.0,313.0,9.06720741599073
2023,배재대학교,자연과학,1184.0,65.0,5.489864864864865
2023,백석대학교,공학,1797.0,106.0,5.898720089037284
2023,백석대학교,예체능,1613.0,80.0,4.959702417854929
2023,백석대학교,인문사회,5828.0,352.0,6.039807824296499
2023,백석대학교,자연과학,1109.0,40.0,3.606853020739405
2023,부산가톨릭대학교,공학,348.0,29.0,8.333333333333332
2023,부산가톨릭대학교,인문사회,1477.0,93.0,6.296547054840894
2023,부산가톨릭대학교,자연과학,1474.0,45.0,3.0529172320217097
2023,부산교육대학교,인문사회,1499.0,67.0,4.469646430953969
2023,부산대학교,공학,10130.0,439.0,4.333662388943731
2023,부산대학교,예체능,1648.0,49.0,2.9733009708737863
2023,부산대학교,의학,498.0,0.0,0.0
2023,부산대학교,인문사회,8708.0,273.0,3.135048231511254
2023,부산대학교,자연과학,2938.0,98.0,3.3356024506466984
2023,부산디지털대학교,인문사회,1201.0,93.0,7.743547044129892
2023,부산외국어대학교,공학,1049.0,94.0,8.960915157292659
2023,부산외국어대학교,예체능,419.0,37.0,8.83054892601432
2023,부산외국어대학교,인문사회,6719.0,480.0,7.14392022622414
2023,부산외국어대학교,자연과학,133.0,6.0,4.511278195488721
2023,부산장신대학교,인문사회,158.0,17.0,10.759493670886076
2023,삼육대학교,공학,1868.0,77.0,4.122055674518201
2023,삼육대학교,예체능,926.0,42.0,4.535637149028078
2023,삼육대학교,인문사회,2409.0,96.0,3.9850560398505603
2023,삼육대학교,자연과학,1370.0,52.0,3.795620437956204
2023,상명대학교,공학,2407.0,96.0,3.9883672621520567
2023,상명대학교,예체능,1297.0,46.0,3.546646106399383
2023,상명대학교,인문사회,4063.0,194.0,4.77479694806793
2023,상명대학교,자연과학,359.0,20.0,5.571030640668524
2023,상명대학교 _제2캠퍼스,공학,1968.0,80.0,4.0650406504065035
2023,상명대학교 _제2캠퍼스,예체능,2711.0,94.0,3.467355219476208
2023,상명대학교 _제2캠퍼스,인문사회,1862.0,109.0,5.853920515574651
2023,상명대학교 _제2캠퍼스,자연과학,299.0,5.0,1.6722408026755853
2023,상지대학교,공학,1786.0,116.0,6.4949608062709965
2023,상지대학교,예체능,1404.0,129.0,9.18803418803419
2023,상지대학교,의학,223.0,2.0,0.8968609865470852
2023,상지대학교,인문사회,3462.0,335.0,9.676487579433852
2023,상지대학교,자연과학,1243.0,83.0,6.6773934030571205
2023,서강대학교,공학,3154.0,124.0,3.9315155358275207
2023,서강대학교,예체능,249.0,4.0,1.6064257028112447
2023,서강대학교,인문사회,6717.0,226.0,3.364597290457049
2023,서강대학교,자연과학,674.0,24.0,3.5608308605341246
2023,서경대학교,공학,2919.0,150.0,5.138746145940391
2023,서경대학교,예체능,1693.0,76.0,4.48907265209687
2023,서경대학교,인문사회,2457.0,108.0,4.395604395604396
2023,서울과학기술대학교,공학,8785.0,336.0,3.824701195219123
2023,서울과학기술대학교,예체능,875.0,16.0,1.8285714285714287
2023,서울과학기술대학교,인문사회,1863.0,73.0,3.9184111647879765
2023,서울교육대학교,인문사회,1497.0,96.0,6.4128256513026045
2023,서울기독대학교,예체능,96.0,14.0,14.583333333333334
2023,서울기독대학교,인문사회,312.0,33.0,10.576923076923077
2023,서울기독대학교,자연과학,34.0,6.0,17.647058823529413
2023,서울대학교,공학,6089.0,183.0,3.0054196091312204
2023,서울대학교,예체능,1033.0,3.0,0.29041626331074544
2023,서울대학교,의학,823.0,1.0,0.12150668286755771
2023,서울대학교,인문사회,8177.0,118.0,1.4430720313073253
2023,서울대학교,자연과학,2329.0,65.0,2.7908973808501503
2023,서울디지털대학교,공학,1933.0,357.0,18.468701500258668
2023,서울디지털대학교,예체능,1555.0,364.0,23.408360128617364
2023,서울디지털대학교,인문사회,6363.0,1271.0,19.974854628319974
2023,서울시립대학교,공학,5202.0,140.0,2.691272587466359
2023,서울시립대학교,예체능,347.0,7.0,2.0172910662824206
2023,서울시립대학교,인문사회,5002.0,137.0,2.73890443822471
2023,서울시립대학교,자연과학,658.0,25.0,3.7993920972644375
2023,서울신학대학교,공학,113.0,7.0,6.1946902654867255
2023,서울신학대학교,예체능,414.0,35.0,8.454106280193237
2023,서울신학대학교,인문사회,1845.0,96.0,5.203252032520325
2023,서울여자대학교,공학,1930.0,77.0,3.989637305699482
2023,서울여자대학교,예체능,844.0,21.0,2.4881516587677726
2023,서울여자대학교,인문사회,3808.0,187.0,4.910714285714286
2023,서울여자대학교,자연과학,281.0,20.0,7.11743772241993
2023,서울장신대학교,예체능,63.0,8.0,12.698412698412698
2023,서울장신대학교,인문사회,294.0,44.0,14.965986394557824
2023,서울한영대학교,예체능,64.0,23.0,35.9375
2023,서울한영대학교,인문사회,610.0,62.0,10.163934426229508
2023,서울한영대학교,자연과학,135.0,11.0,8.148148148148149
2023,서원대학교,공학,1273.0,100.0,7.855459544383346
2023,서원대학교,예체능,602.0,52.0,8.637873754152823
2023,서원대학교,인문사회,4040.0,219.0,5.420792079207921
2023,서원대학교,자연과학,659.0,51.0,7.7389984825493165
2023,선문대학교,공학,4535.0,377.0,8.313120176405734
2023,선문대학교,예체능,338.0,13.0,3.8461538461538463
2023,선문대학교,인문사회,5244.0,421.0,8.028222730739893
2023,선문대학교,자연과학,692.0,23.0,3.3236994219653178
2023,성결대학교,공학,1855.0,79.0,4.258760107816712
2023,성결대학교,예체능,572.0,56.0,9.79020979020979
2023,성결대학교,인문사회,3646.0,178.0,4.882062534284147
2023,성공회대학교,공학,322.0,6.0,1.8633540372670807
2023,성공회대학교,인문사회,435.0,26.0,5.977011494252873
2023,성균관대학교,공학,6960.0,174.0,2.5
2023,성균관대학교,예체능,1225.0,20.0,1.6326530612244898
2023,성균관대학교,의학,185.0,0.0,0.0
2023,성균관대학교,인문사회,9935.0,213.0,2.143935581278309
2023,성균관대학교,자연과학,2030.0,59.0,2.9064039408866997
2023,성신여자대학교,공학,1812.0,73.0,4.028697571743929
2023,성신여자대학교,예체능,1472.0,62.0,4.211956521739131
2023,성신여자대학교,인문사회,4126.0,168.0,4.07174018419777
2023,성신여자대학교,자연과학,1801.0,89.0,4.941699056079956
2023,세명대학교,공학,2410.0,197.0,8.174273858921161
2023,세명대학교,예체능,1139.0,104.0,9.13081650570676
2023,세명대학교,의학,181.0,1.0,0.5524861878453038
2023,세명대학교,인문사회,2545.0,225.0,8.840864440078585
2023,세명대학교,자연과학,1912.0,93.0,4.864016736401674
2023,세종대학교,공학,6962.0,306.0,4.395288710140764
2023,세종대학교,예체능,1277.0,63.0,4.9334377447141735
2023,세종대학교,인문사회,4731.0,238.0,5.030648911435215
2023,세종대학교,자연과학,633.0,26.0,4.107424960505529
2023,세한대학교,공학,814.0,97.0,11.916461916461916
2023,세한대학교,예체능,511.0,51.0,9.980430528375733
2023,세한대학교,인문사회,758.0,84.0,11.081794195250659
2023,세한대학교,자연과학,747.0,50.0,6.693440428380187
2023,송원대학교,공학,828.0,137.0,16.545893719806763
2023,송원대학교,예체능,321.0,65.0,20.24922118380062
2023,송원대학교,인문사회,1102.0,161.0,14.609800362976408
2023,송원대학교,자연과학,759.0,60.0,7.905138339920949
2023,수원가톨릭대학교,인문사회,169.0,6.0,3.5502958579881656
2023,수원대학교,공학,4354.0,251.0,5.764813964170877
2023,수원대학교,예체능,1796.0,128.0,7.126948775055679
2023,수원대학교,인문사회,3396.0,198.0,5.830388692579505
2023,수원대학교,자연과학,766.0,33.0,4.308093994778068
2023,숙명여자대학교,공학,2110.0,81.0,3.838862559241706
2023,숙명여자대학교,예체능,745.0,22.0,2.953020134228188
2023,숙명여자대학교,인문사회,6190.0,226.0,3.6510500807754442
2023,숙명여자대학교,자연과학,1477.0,69.0,4.671631685849696
2023,순복음총회신학교,예체능,24.0,10.0,41.66666666666667
2023,순복음총회신학교,인문사회,108.0,36.0,33.33333333333333
2023,순천향대학교,공학,5030.0,297.0,5.904572564612326
2023,순천향대학교,예체능,570.0,44.0,7.719298245614035
2023,순천향대학교,의학,843.0,18.0,2.135231316725979
2023,순천향대학교,인문사회,4768.0,291.0,6.103187919463087
2023,순천향대학교,자연과학,969.0,26.0,2.683178534571723
2023,숭실대학교,공학,7400.0,228.0,3.081081081081081
2023,숭실대학교,예체능,281.0,8.0,2.8469750889679712
2023,숭실대학교,인문사회,8287.0,278.0,3.354651864365874
2023,숭실대학교,자연과학,435.0,16.0,3.67816091954023
2023,신경주대학교,공학,65.0,25.0,38.46153846153847
2023,신경주대학교,예체능,112.0,52.0,46.42857142857143
2023,신경주대학교,인문사회,251.0,59.0,23.50597609561753
2023,신경주대학교,자연과학,154.0,19.0,12.337662337662337
2023,신라대학교,공학,2456.0,192.0,7.81758957654723
2023,신라대학교,예체능,762.0,94.0,12.335958005249344
2023,신라대학교,인문사회,3852.0,297.0,7.710280373831775
2023,신라대학교,자연과학,774.0,36.0,4.651162790697675
2023,신한대학교,공학,703.0,34.0,4.836415362731152
2023,신한대학교,인문사회,317.0,19.0,5.993690851735016
2023,신한대학교,자연과학,538.0,9.0,1.6728624535315983
2023,신한대학교 _제2캠퍼스,공학,907.0,50.0,5.512679162072767
2023,신한대학교 _제2캠퍼스,예체능,737.0,81.0,10.990502035278155
2023,신한대학교 _제2캠퍼스,의학,29.0,1.0,3.4482758620689653
2023,신한대학교 _제2캠퍼스,인문사회,2743.0,158.0,5.760116660590595
2023,신한대학교 _제2캠퍼스,자연과학,712.0,26.0,3.651685393258427
2023,아신대학교,인문사회,327.0,46.0,14.067278287461773
2023,아주대학교,공학,6170.0,215.0,3.4846029173419772
2023,아주대학교,의학,278.0,2.0,0.7194244604316548
2023,아주대학교,인문사회,3989.0,117.0,2.9330659313111056
2023,아주대학교,자연과학,1077.0,30.0,2.785515320334262
2023,안양대학교,공학,1660.0,83.0,5.0
2023,안양대학교,예체능,756.0,55.0,7.2751322751322745
2023,안양대학교,인문사회,2274.0,130.0,5.716798592788039
2023,안양대학교,자연과학,418.0,19.0,4.545454545454546
2023,안양대학교 _제2캠퍼스,공학,182.0,17.0,9.340659340659341
2023,안양대학교 _제2캠퍼스,예체능,91.0,11.0,12.087912087912088
2023,안양대학교 _제2캠퍼스,인문사회,73.0,13.0,17.80821917808219
2023,연세대학교,공학,6607.0,171.0,2.58816406841229
2023,연세대학교,예체능,505.0,4.0,0.7920792079207921
2023,연세대학교,의학,769.0,1.0,0.13003901170351106
2023,연세대학교,인문사회,11656.0,167.0,1.4327385037748799
2023,연세대학교,자연과학,2724.0,52.0,1.908957415565345
2023,연세대학교(미래) _분교,공학,2019.0,74.0,3.665180782565627
2023,연세대학교(미래) _분교,예체능,428.0,19.0,4.439252336448598
2023,연세대학교(미래) _분교,의학,415.0,3.0,0.7228915662650602
2023,연세대학교(미래) _분교,인문사회,3023.0,113.0,3.738008600727754
2023,연세대학교(미래) _분교,자연과학,1364.0,46.0,3.3724340175953076
2023,영남대학교,공학,10466.0,482.0,4.605388878272501
2023,영남대학교,예체능,1903.0,120.0,6.305832895428271
2023,영남대학교,의학,302.0,0.0,0.0
2023,영남대학교,인문사회,10220.0,461.0,4.510763209393347
2023,영남대학교,자연과학,2255.0,90.0,3.9911308203991127
2023,영남신학대학교,인문사회,484.0,50.0,10.330578512396695
2023,영산대학교(양산) _제2캠퍼스,공학,625.0,87.0,13.919999999999998
2023,영산대학교(양산) _제2캠퍼스,인문사회,663.0,85.0,12.82051282051282
2023,영산대학교(양산) _제2캠퍼스,자연과학,748.0,17.0,2.272727272727273
2023,영산대학교(해운대),공학,247.0,31.0,12.550607287449392
2023,영산대학교(해운대),예체능,1096.0,141.0,12.864963503649635
2023,영산대학교(해운대),인문사회,1689.0,255.0,15.097690941385435
2023,예수대학교,인문사회,28.0,0.0,0.0
2023,예수대학교,자연과학,539.0,10.0,1.855287569573284
2023,예원예술대학교,예체능,983.0,134.0,13.631739572736521
2023,예원예술대학교,인문사회,1.0,0.0,0.0
2023,예원예술대학교 _제2캠퍼스,공학,116.0,17.0,14.655172413793101
2023,예원예술대학교 _제2캠퍼스,예체능,333.0,26.0,7.807807807807808
2023,용인대학교,공학,678.0,45.0,6.637168141592921
2023,용인대학교,예체능,1464.0,96.0,6.557377049180328
2023,용인대학교,인문사회,1929.0,130.0,6.739243131156039
2023,용인대학교,자연과학,317.0,8.0,2.5236593059936907
2023,우석대학교,공학,1619.0,191.0,11.79740580605312
2023,우석대학교,예체능,757.0,105.0,13.870541611624834
2023,우석대학교,의학,139.0,0.0,0.0
2023,우석대학교,인문사회,2790.0,303.0,10.86021505376344
2023,우석대학교,자연과학,1660.0,58.0,3.493975903614458
2023,우송대학교,공학,3021.0,145.0,4.799735187024164
2023,우송대학교,예체능,934.0,48.0,5.139186295503212
2023,우송대학교,인문사회,4238.0,275.0,6.488909863142991
2023,우송대학교,자연과학,1234.0,43.0,3.4846029173419772
2023,울산과학기술원,공학,1397.0,23.0,1.6463851109520402
2023,울산과학기술원,예체능,42.0,3.0,7.142857142857142
2023,울산과학기술원,인문사회,175.0,2.0,1.1428571428571428
2023,울산과학기술원,자연과학,171.0,4.0,2.3391812865497075
2023,울산대학교,공학,6714.0,308.0,4.587429252308609
2023,울산대학교,예체능,732.0,43.0,5.8743169398907105
2023,울산대학교,의학,164.0,3.0,1.8292682926829267
2023,울산대학교,인문사회,5892.0,340.0,5.770536320434488
2023,울산대학교,자연과학,1544.0,79.0,5.116580310880829
2023,원광대학교,공학,6054.0,470.0,7.763462173769408
2023,원광대학교,예체능,424.0,42.0,9.90566037735849
2023,원광대학교,의학,1090.0,5.0,0.45871559633027525
2023,원광대학교,인문사회,6005.0,446.0,7.427144046627811
2023,원광대학교,자연과학,3074.0,138.0,4.489264801561483
2023,원광디지털대학교,예체능,1631.0,184.0,11.281422440220723
2023,원광디지털대학교,인문사회,4211.0,614.0,14.580859653289005
2023,원광디지털대학교,자연과학,510.0,42.0,8.235294117647058
2023,위덕대학교,공학,423.0,125.0,29.550827423167846
2023,위덕대학교,예체능,11.0,1.0,9.090909090909092
2023,위덕대학교,인문사회,1056.0,187.0,17.708333333333336
2023,위덕대학교,자연과학,774.0,54.0,6.976744186046512
2023,유원대학교,공학,735.0,139.0,18.911564625850342
2023,유원대학교,예체능,467.0,87.0,18.629550321199144
2023,유원대학교,인문사회,1647.0,371.0,22.525804493017606
2023,유원대학교,자연과학,530.0,30.0,5.660377358490567
2023,을지대학교,의학,195.0,0.0,0.0
2023,을지대학교,인문사회,3.0,0.0,0.0
2023,을지대학교,자연과학,108.0,0.0,0.0
2023,을지대학교 _제2캠퍼스,공학,970.0,40.0,4.123711340206185
2023,을지대학교 _제2캠퍼스,예체능,248.0,17.0,6.854838709677419
2023,을지대학교 _제2캠퍼스,인문사회,634.0,39.0,6.151419558359621
2023,을지대학교 _제2캠퍼스,자연과학,1431.0,47.0,3.284416491963662
2023,을지대학교 _제3캠퍼스,자연과학,688.0,13.0,1.88953488372093
2023,이화여자대학교,공학,3224.0,86.0,2.6674937965260543
2023,이화여자대학교,예체능,1470.0,16.0,1.0884353741496597
2023,이화여자대학교,의학,290.0,0.0,0.0
2023,이화여자대학교,인문사회,8914.0,240.0,2.692393986986762
2023,이화여자대학교,자연과학,3108.0,72.0,2.3166023166023164
2023,인제대학교,공학,2520.0,235.0,9.325396825396826
2023,인제대학교,예체능,134.0,16.0,11.940298507462686
2023,인제대학교,의학,421.0,1.0,0.23752969121140144
2023,인제대학교,인문사회,2533.0,210.0,8.290564547966838
2023,인제대학교,자연과학,2109.0,67.0,3.176861071597914
2023,인천가톨릭대학교,인문사회,65.0,2.0,3.076923076923077
2023,인천가톨릭대학교 _제2캠퍼스,공학,41.0,2.0,4.878048780487805
2023,인천가톨릭대학교 _제2캠퍼스,예체능,371.0,41.0,11.05121293800539
2023,인천가톨릭대학교 _제2캠퍼스,인문사회,104.0,13.0,12.5
2023,인천가톨릭대학교 _제2캠퍼스,자연과학,209.0,4.0,1.9138755980861244
2023,인천대학교,공학,6119.0,250.0,4.085634907664651
2023,인천대학교,예체능,1484.0,71.0,4.784366576819407
2023,인천대학교,인문사회,6239.0,265.0,4.247475556980286
2023,인천대학교,자연과학,624.0,29.0,4.647435897435898
2023,인하대학교,공학,10470.0,288.0,2.7507163323782233
2023,인하대학교,예체능,770.0,19.0,2.4675324675324677
2023,인하대학교,의학,225.0,0.0,0.0
2023,인하대학교,인문사회,8229.0,232.0,2.819297606027464
2023,인하대학교,자연과학,1840.0,54.0,2.9347826086956523
2023,장로회신학대학교,예체능,237.0,34.0,14.345991561181433
2023,장로회신학대학교,인문사회,554.0,13.0,2.3465703971119134
2023,전남대학교,공학,5959.0,225.0,3.7758013089444535
2023,전남대학교,예체능,911.0,31.0,3.4028540065861685
2023,전남대학교,의학,697.0,4.0,0.5738880918220948
2023,전남대학교,인문사회,7753.0,282.0,3.637301689668515
2023,전남대학교,자연과학,3245.0,143.0,4.406779661016949
2023,전남대학교 _제2캠퍼스,공학,2287.0,173.0,7.564494971578487
2023,전남대학교 _제2캠퍼스,예체능,18.0,3.0,16.666666666666664
2023,전남대학교 _제2캠퍼스,인문사회,836.0,67.0,8.014354066985646
2023,전남대학교 _제2캠퍼스,자연과학,92.0,5.0,5.434782608695652
2023,전북대학교,공학,10179.0,475.0,4.666470183711563
2023,전북대학교,예체능,514.0,29.0,5.642023346303502
2023,전북대학교,의학,905.0,0.0,0.0
2023,전북대학교,인문사회,8018.0,318.0,3.966076328261412
2023,전북대학교,자연과학,2488.0,131.0,5.265273311897106
2023,전주교육대학교,인문사회,1152.0,57.0,4.947916666666666
2023,전주대학교,공학,3527.0,236.0,6.691239013325773
2023,전주대학교,예체능,914.0,58.0,6.3457330415754925
2023,전주대학교,인문사회,6774.0,462.0,6.8201948627103635
2023,전주대학교,자연과학,1052.0,42.0,3.9923954372623576
2023,정석대학,인문사회,29.0,4.0,13.793103448275861
2023,제주국제대학교,공학,293.0,73.0,24.914675767918087
2023,제주국제대학교,예체능,34.0,5.0,14.705882352941178
2023,제주국제대학교,인문사회,124.0,50.0,40.32258064516129
2023,제주국제대학교,자연과학,3.0,3.0,100.0
2023,제주대학교,공학,3700.0,191.0,5.162162162162162
2023,제주대학교,예체능,674.0,51.0,7.566765578635016
2023,제주대학교,의학,302.0,2.0,0.6622516556291391
2023,제주대학교,인문사회,6068.0,284.0,4.680290046143705
2023,제주대학교,자연과학,1746.0,96.0,5.498281786941581
2023,조선대학교,공학,8904.0,353.0,3.9645103324348603
2023,조선대학교,예체능,1582.0,56.0,3.5398230088495577
2023,조선대학교,의학,801.0,0.0,0.0
2023,조선대학교,인문사회,9750.0,405.0,4.153846153846154
2023,조선대학교,자연과학,1875.0,71.0,3.7866666666666666
2023,중부대학교,공학,2978.0,204.0,6.850235057085293
2023,중부대학교,예체능,1381.0,113.0,8.182476466328747
2023,중부대학교,인문사회,3064.0,238.0,7.7676240208877285
2023,중부대학교,자연과학,950.0,40.0,4.2105263157894735
2023,중앙대학교,공학,6028.0,261.0,4.329794293297943
2023,중앙대학교,예체능,581.0,20.0,3.4423407917383817
2023,중앙대학교,의학,563.0,7.0,1.2433392539964476
2023,중앙대학교,인문사회,13614.0,570.0,4.1868664609960335
2023,중앙대학교,자연과학,2760.0,126.0,4.565217391304348
2023,중앙대학교 _제2캠퍼스,공학,1237.0,66.0,5.335489086499596
2023,중앙대학교 _제2캠퍼스,예체능,4191.0,177.0,4.223335719398712
2023,중앙대학교 _제2캠퍼스,인문사회,22.0,6.0,27.27272727272727
2023,중앙대학교 _제2캠퍼스,자연과학,2.0,0.0,0.0
2023,중앙승가대학교,예체능,19.0,1.0,5.263157894736842
2023,중앙승가대학교,인문사회,47.0,2.0,4.25531914893617
2023,중원대학교,공학,1755.0,209.0,11.908831908831909
2023,중원대학교,예체능,227.0,47.0,20.704845814977972
2023,중원대학교,인문사회,653.0,110.0,16.84532924961715
2023,중원대학교,자연과학,974.0,58.0,5.95482546201232
2023,진주교육대학교,인문사회,1287.0,35.0,2.7195027195027195
2023,차의과학대학교,공학,354.0,17.0,4.80225988700565
2023,차의과학대학교,예체능,117.0,3.0,2.564102564102564
2023,차의과학대학교,의학,254.0,12.0,4.724409448818897
2023,차의과학대학교,인문사회,526.0,12.0,2.2813688212927756
2023,차의과학대학교,자연과학,1047.0,37.0,3.5339063992359123
2023,창신대학교,공학,418.0,72.0,17.22488038277512
2023,창신대학교,예체능,247.0,36.0,14.5748987854251
2023,창신대학교,인문사회,667.0,65.0,9.745127436281859
2023,창신대학교,자연과학,630.0,23.0,3.650793650793651
2023,청운대학교,공학,1291.0,88.0,6.816421378776143
2023,청운대학교,예체능,712.0,67.0,9.410112359550562
2023,청운대학교,인문사회,2633.0,240.0,9.115077857956704
2023,청운대학교,자연과학,499.0,24.0,4.809619238476954
2023,청주교육대학교,인문사회,1189.0,57.0,4.79394449116905
2023,청주대학교,공학,4411.0,204.0,4.624801632282929
2023,청주대학교,예체능,1801.0,82.0,4.553026096612993
2023,청주대학교,의학,26.0,5.0,19.230769230769234
2023,청주대학교,인문사회,5744.0,296.0,5.153203342618385
2023,청주대학교,자연과학,1651.0,58.0,3.513022410660206
2023,초당대학교,공학,1089.0,181.0,16.62075298438935
2023,초당대학교,예체능,141.0,20.0,14.184397163120568
2023,초당대학교,인문사회,764.0,200.0,26.17801047120419
2023,초당대학교,자연과학,938.0,44.0,4.690831556503198
2023,총신대학교,예체능,283.0,21.0,7.420494699646643
2023,총신대학교,인문사회,1406.0,48.0,3.4139402560455197
2023,총신대학교,자연과학,44.0,0.0,0.0
2023,추계예술대학교,예체능,632.0,38.0,6.012658227848101
2023,추계예술대학교,인문사회,129.0,3.0,2.3255813953488373
2023,춘천교육대학교,인문사회,1302.0,48.0,3.686635944700461
2023,충남대학교,공학,7447.0,297.0,3.9881831610044314
2023,충남대학교,예체능,537.0,28.0,5.21415270018622
2023,충남대학교,의학,822.0,10.0,1.2165450121654502
2023,충남대학교,인문사회,8096.0,316.0,3.903162055335968
2023,충남대학교,자연과학,3503.0,158.0,4.510419640308307
2023,충북대학교,공학,7151.0,339.0,4.740595720878199
2023,충북대학교,예체능,51.0,4.0,7.8431372549019605
2023,충북대학교,의학,518.0,8.0,1.5444015444015444
2023,충북대학교,인문사회,6119.0,257.0,4.200032685079261
2023,충북대학교,자연과학,2557.0,122.0,4.77121626906531
2023,칼빈대학교,예체능,31.0,4.0,12.903225806451612
2023,칼빈대학교,인문사회,359.0,49.0,13.649025069637883
2023,평택대학교,공학,1198.0,64.0,5.342237061769616
2023,평택대학교,예체능,845.0,60.0,7.100591715976331
2023,평택대학교,인문사회,1593.0,90.0,5.649717514124294
2023,평택대학교,자연과학,215.0,12.0,5.5813953488372094
2023,포항공과대학교,공학,840.0,8.0,0.9523809523809524
2023,포항공과대학교,인문사회,79.0,0.0,0.0
2023,포항공과대학교,자연과학,98.0,2.0,2.0408163265306123
2023,한경국립대학교,공학,4039.0,228.0,5.644961624164397
2023,한경국립대학교,예체능,346.0,21.0,6.069364161849711
2023,한경국립대학교,인문사회,1259.0,77.0,6.115965051628276
2023,한경국립대학교,자연과학,375.0,18.0,4.8
2023,한국공학대학교,공학,7187.0,423.0,5.885626826213997
2023,한국공학대학교,예체능,1485.0,87.0,5.858585858585859
2023,한국공학대학교,인문사회,1021.0,93.0,9.10871694417238
2023,한국과학기술원,공학,3323.0,46.0,1.3842913030394222
2023,한국과학기술원,인문사회,71.0,0.0,0.0
2023,한국과학기술원,자연과학,244.0,7.0,2.8688524590163933
2023,한국교원대학교,인문사회,2558.0,77.0,3.0101641907740424
2023,한국기술교육대학교,공학,4908.0,171.0,3.4841075794621026
2023,한국기술교육대학교,인문사회,841.0,69.0,8.204518430439952
2023,한국방송통신대학교,공학,18589.0,3867.0,20.802625208456615
2023,한국방송통신대학교,예체능,6298.0,1591.0,25.261987932677037
2023,한국방송통신대학교,인문사회,79551.0,17411.0,21.886588477831832
2023,한국방송통신대학교,자연과학,10693.0,2157.0,20.172075189376226
2023,한국성서대학교,공학,215.0,12.0,5.5813953488372094
2023,한국성서대학교,인문사회,419.0,23.0,5.4892601431980905
2023,한국성서대학교,자연과학,247.0,9.0,3.643724696356275
2023,한국예술종합학교,공학,123.0,3.0,2.4390243902439024
2023,한국예술종합학교,예체능,2163.0,40.0,1.8492834026814609
2023,한국예술종합학교,인문사회,152.0,1.0,0.6578947368421052
2023,한국외국어대학교,공학,2301.0,120.0,5.215123859191656
2023,한국외국어대학교,인문사회,12414.0,520.0,4.188819075237634
2023,한국외국어대학교,자연과학,884.0,53.0,5.995475113122172
2023,한국전통문화대학교,공학,204.0,6.0,2.941176470588235
2023,한국전통문화대학교,예체능,188.0,9.0,4.787234042553192
2023,한국전통문화대학교,인문사회,261.0,7.0,2.681992337164751
2023,한국체육대학교,공학,176.0,3.0,1.7045454545454544
2023,한국체육대학교,예체능,1848.0,30.0,1.6233766233766231
2023,한국체육대학교,인문사회,188.0,1.0,0.5319148936170213
2023,한국침례신학대학교,예체능,89.0,13.0,14.606741573033707
2023,한국침례신학대학교,인문사회,918.0,42.0,4.57516339869281
2023,한국항공대학교,공학,4957.0,200.0,4.03469840629413
2023,한국항공대학교,인문사회,590.0,20.0,3.389830508474576
2023,한남대학교,공학,3693.0,214.0,5.794746818304901
2023,한남대학교,예체능,979.0,46.0,4.698672114402451
2023,한남대학교,인문사회,7893.0,417.0,5.283162295705055
2023,한남대학교,자연과학,856.0,35.0,4.0887850467289715
2023,한동대학교,공학,1784.0,55.0,3.0829596412556053
2023,한동대학교,예체능,419.0,7.0,1.6706443914081146
2023,한동대학교,인문사회,1541.0,38.0,2.4659312134977287
2023,한라대학교,공학,2062.0,148.0,7.177497575169737
2023,한라대학교,예체능,250.0,19.0,7.6
2023,한라대학교,인문사회,1538.0,174.0,11.31339401820546
2023,한림대학교,공학,858.0,58.0,6.75990675990676
2023,한림대학교,예체능,331.0,20.0,6.042296072507553
2023,한림대학교,의학,323.0,2.0,0.6191950464396285
2023,한림대학교,인문사회,4651.0,224.0,4.816168565899806
2023,한림대학교,자연과학,1215.0,36.0,2.9629629629629632
2023,한서대학교,공학,3875.0,210.0,5.419354838709677
2023,한서대학교,예체능,954.0,85.0,8.90985324947589
2023,한서대학교,인문사회,1658.0,117.0,7.056694813027745
2023,한서대학교,자연과학,974.0,62.0,6.365503080082135
2023,한성대학교,공학,2536.0,78.0,3.0757097791798107
2023,한성대학교,예체능,1074.0,44.0,4.0968342644320295
2023,한성대학교,인문사회,1127.0,50.0,4.436557231588288
2023,한성대학교,자연과학,1.0,0.0,0.0
2023,한세대학교,공학,855.0,53.0,6.1988304093567255
2023,한세대학교,예체능,426.0,39.0,9.15492957746479
2023,한세대학교,인문사회,1626.0,115.0,7.072570725707257
2023,한세대학교,자연과학,221.0,9.0,4.072398190045249
2023,한신대학교,공학,1188.0,54.0,4.545454545454546
2023,한신대학교,예체능,43.0,1.0,2.3255813953488373
2023,한신대학교,인문사회,4459.0,251.0,5.629064812738282
2023,한신대학교,자연과학,346.0,23.0,6.6473988439306355
2023,한양대학교,공학,9314.0,384.0,4.12282585355379
2023,한양대학교,예체능,663.0,7.0,1.0558069381598794
2023,한양대학교,의학,437.0,0.0,0.0
2023,한양대학교,인문사회,7165.0,258.0,3.600837404047453
2023,한양대학교,자연과학,1753.0,71.0,4.050199657729606
2023,한양대학교(ERICA) _분교,공학,6011.0,170.0,2.828148394609882
2023,한양대학교(ERICA) _분교,예체능,1476.0,41.0,2.7777777777777777
2023,한양대학교(ERICA) _분교,인문사회,4719.0,150.0,3.178639542275906
2023,한양대학교(ERICA) _분교,자연과학,408.0,16.0,3.9215686274509802
2023,한일장신대학교,예체능,86.0,13.0,15.11627906976744
2023,한일장신대학교,인문사회,349.0,47.0,13.46704871060172
2023,한일장신대학교,자연과학,519.0,32.0,6.165703275529865
2023,협성대학교,공학,1564.0,84.0,5.3708439897698215
2023,협성대학교,예체능,682.0,58.0,8.504398826979472
2023,협성대학교,인문사회,2748.0,162.0,5.895196506550218
2023,협성대학교,자연과학,204.0,10.0,4.901960784313726
2023,호남대학교,공학,2268.0,166.0,7.319223985890652
2023,호남대학교,예체능,686.0,44.0,6.41399416909621
2023,호남대학교,인문사회,2646.0,213.0,8.049886621315192
2023,호남대학교,자연과학,1168.0,32.0,2.73972602739726
2023,호남신학대학교,예체능,343.0,17.0,4.956268221574344
2023,호남신학대학교,인문사회,391.0,24.0,6.138107416879795
2023,호서대학교,공학,7147.0,459.0,6.422275080453336
2023,호서대학교,예체능,1278.0,74.0,5.790297339593114
2023,호서대학교,인문사회,4617.0,292.0,6.324453108078839
2023,호서대학교,자연과학,1225.0,41.0,3.346938775510204
2023,호원대학교,공학,685.0,114.0,16.642335766423358
2023,호원대학교,예체능,1955.0,163.0,8.337595907928389
2023,호원대학교,인문사회,1022.0,189.0,18.493150684931507
2023,호원대학교,자연과학,598.0,16.0,2.6755852842809364
2023,홍익대학교,공학,7315.0,282.0,3.855092276144908
2023,홍익대학교,예체능,1965.0,45.0,2.2900763358778624
2023,홍익대학교,인문사회,5076.0,213.0,4.196217494089835
2023,홍익대학교 _제2캠퍼스,공학,2888.0,156.0,5.401662049861495
2023,홍익대학교 _제2캠퍼스,예체능,2484.0,63.0,2.536231884057971
2023,홍익대학교 _제2캠퍼스,인문사회,1345.0,52.0,3.866171003717472
2023,화성의과학대학교,공학,85.0,23.0,27.058823529411764
2023,화성의과학대학교,예체능,43.0,7.0,16.27906976744186
2023,화성의과학대학교,인문사회,183.0,45.0,24.59016393442623
2023,화성의과학대학교,자연과학,201.0,5.0,2.4875621890547266
